2024-10-07 23:19:51,084  root       handle_request DEBUG    Handling: '01402', header '7E0', ECU '7E0'
2024-10-07 23:19:51,085  root       handle_request DEBUG    Description: PIDS_C, PID ELM_PIDS_C (01402)
2024-10-07 23:19:51,086  root       handle_response DEBUG    Processing: '<header>7EA</header><size>06</size><data>41 40 44 CC 00 21</data><pos_answer>7A 1C 80 00</pos_answer>'
2024-10-07 23:19:51,086  root       handle_response DEBUG    Write: '7EA 06 41 40 44 CC 00 21 \r7E8 06 41 40 7A 1C 80 00 \r\r>'
2024-10-07 23:19:51,086  root       run        DEBUG    Received '01421'
2024-10-07 23:19:51,087  root       handle_request DEBUG    Handling: '01421', header '7E0', ECU '7E0'
2024-10-07 23:19:51,087  root       handle_request DEBUG    Description: Control module voltage, PID CONTROL_MODULE_VOLTAGE (01421)
2024-10-07 23:19:51,087  root       handle_response DEBUG    Processing: '<pos_answer>39 D6</pos_answer>'
2024-10-07 23:19:51,087  root       handle_response DEBUG    Write: '7E8 04 41 42 39 D6 \r\r>'
2024-10-07 23:19:51,088  root       run        DEBUG    Received '01431'
2024-10-07 23:19:51,088  root       handle_request DEBUG    Handling: '01431', header '7E0', ECU '7E0'
2024-10-07 23:19:51,089  root       handle_request INFO     Unknown ELM command: '01431', header=7E0
2024-10-07 23:19:51,089  root       handle_response DEBUG    Processing: '<writeln>?</writeln>'
2024-10-07 23:19:51,089  root       handle_response DEBUG    Write: '?\r\r>'
2024-10-07 23:19:51,090  root       run        DEBUG    Received '01441'
2024-10-07 23:19:51,090  root       handle_request DEBUG    Handling: '01441', header '7E0', ECU '7E0'
2024-10-07 23:19:51,091  root       handle_request INFO     Unknown ELM command: '01441', header=7E0
2024-10-07 23:19:51,091  root       handle_response DEBUG    Processing: '<writeln>?</writeln>'
2024-10-07 23:19:51,092  root       handle_response DEBUG    Write: '?\r\r>'
2024-10-07 23:19:51,092  root       run        DEBUG    Received '01451'
2024-10-07 23:19:51,092  root       handle_request DEBUG    Handling: '01451', header '7E0', ECU '7E0'
2024-10-07 23:19:51,093  root       handle_request INFO     Unknown ELM command: '01451', header=7E0
2024-10-07 23:19:51,093  root       handle_response DEBUG    Processing: '<writeln>?</writeln>'
2024-10-07 23:19:51,094  root       handle_response DEBUG    Write: '?\r\r>'
2024-10-07 23:19:51,094  root       run        DEBUG    Received '01471'
2024-10-07 23:19:51,095  root       handle_request DEBUG    Handling: '01471', header '7E0', ECU '7E0'
2024-10-07 23:19:51,095  root       handle_request INFO     Unknown ELM command: '01471', header=7E0
2024-10-07 23:19:51,096  root       handle_response DEBUG    Processing: '<writeln>?</writeln>'
2024-10-07 23:19:51,096  root       handle_response DEBUG    Write: '?\r\r>'
2024-10-07 23:19:51,097  root       run        DEBUG    Received '014C1'
2024-10-07 23:19:51,097  root       handle_request DEBUG    Handling: '014C1', header '7E0', ECU '7E0'
2024-10-07 23:19:51,097  root       handle_request DEBUG    Description: Commanded throttle actuator, PID THROTTLE_ACTUATOR (014C1)
2024-10-07 23:19:51,098  root       handle_response DEBUG    Processing: '<pos_answer>00</pos_answer>'
2024-10-07 23:19:51,098  root       handle_response DEBUG    Write: '7E8 03 41 4C 00 \r\r>'
2024-10-07 23:19:51,099  root       run        DEBUG    Received '014D1'
2024-10-07 23:19:51,100  root       handle_request DEBUG    Handling: '014D1', header '7E0', ECU '7E0'
2024-10-07 23:19:51,100  root       handle_request DEBUG    Description: Time run with MIL on, PID RUN_TIME_MIL (014D1)
2024-10-07 23:19:51,100  root       handle_response DEBUG    Processing: '<pos_answer>00 00</pos_answer>'
2024-10-07 23:19:51,101  root       handle_response DEBUG    Write: '7E8 04 41 4D 00 00 \r\r>'
2024-10-07 23:19:51,102  root       run        DEBUG    Received '014E1'
2024-10-07 23:19:51,102  root       handle_request DEBUG    Handling: '014E1', header '7E0', ECU '7E0'
2024-10-07 23:19:51,103  root       handle_request DEBUG    Description: Time since trouble codes cleared, PID TIME_SINCE_DTC_CLEARED (014E1)
2024-10-07 23:19:51,103  root       handle_response DEBUG    Processing: '<pos_answer>4C 69</pos_answer>'
2024-10-07 23:19:51,103  root       handle_response DEBUG    Write: '7E8 04 41 4E 4C 69 \r\r>'
2024-10-07 23:19:51,104  root       run        DEBUG    Received '01511'
2024-10-07 23:19:51,104  root       handle_request DEBUG    Handling: '01511', header '7E0', ECU '7E0'
2024-10-07 23:19:51,104  root       handle_request DEBUG    Description: Fuel Type, PID FUEL_TYPE (01511)
2024-10-07 23:19:51,105  root       handle_response DEBUG    Processing: '<pos_answer>01</pos_answer>'
2024-10-07 23:19:51,105  root       handle_response DEBUG    Write: '7E8 03 41 51 01 \r\r>'
2024-10-07 23:19:52,430  root       run        DEBUG    Received '01011'
2024-10-07 23:19:52,431  root       handle_request DEBUG    Handling: '01011', header '7E0', ECU '7E0'
2024-10-07 23:19:52,432  root       handle_request INFO     Unknown ELM command: '01011', header=7E0
2024-10-07 23:19:52,433  root       handle_response DEBUG    Processing: '<writeln>?</writeln>'
2024-10-07 23:19:52,434  root       handle_response DEBUG    Write: '?\r\r>'
2024-10-07 23:19:52,440  root       run        DEBUG    Received '01031'
2024-10-07 23:19:52,441  root       handle_request DEBUG    Handling: '01031', header '7E0', ECU '7E0'
2024-10-07 23:19:52,441  root       handle_request DEBUG    Description: Fuel System Status, PID FUEL_STATUS (01031)
2024-10-07 23:19:52,441  root       handle_response DEBUG    Processing: '<pos_answer>00 00</pos_answer>'
2024-10-07 23:19:52,441  root       handle_response DEBUG    Write: '7E8 04 41 03 00 00 \r\r>'
2024-10-07 23:19:52,442  root       run        DEBUG    Received '01041'
2024-10-07 23:19:52,442  root       handle_request DEBUG    Handling: '01041', header '7E0', ECU '7E0'
2024-10-07 23:19:52,442  root       handle_request DEBUG    Description: Calculated Engine Load, PID ENGINE_LOAD (01041)
2024-10-07 23:19:52,442  root       handle_response DEBUG    Processing: '<pos_answer>00</pos_answer>'
2024-10-07 23:19:52,442  root       handle_response DEBUG    Write: '7E8 03 41 04 00 \r\r>'
2024-10-07 23:19:52,443  root       run        DEBUG    Received '01051'
2024-10-07 23:19:52,443  root       handle_request DEBUG    Handling: '01051', header '7E0', ECU '7E0'
2024-10-07 23:19:52,444  root       handle_request DEBUG    Description: Engine Coolant Temperature, PID COOLANT_TEMP (01051)
2024-10-07 23:19:52,444  root       handle_response DEBUG    Processing: '<pos_answer>7B</pos_answer>'
2024-10-07 23:19:52,444  root       handle_response DEBUG    Write: '7E8 03 41 05 7B \r\r>'
2024-10-07 23:19:52,445  root       run        DEBUG    Received '01061'
2024-10-07 23:19:52,445  root       handle_request DEBUG    Handling: '01061', header '7E0', ECU '7E0'
2024-10-07 23:19:52,446  root       handle_request INFO     Unknown ELM command: '01061', header=7E0
2024-10-07 23:19:52,446  root       handle_response DEBUG    Processing: '<writeln>?</writeln>'
2024-10-07 23:19:52,446  root       handle_response DEBUG    Write: '?\r\r>'
2024-10-07 23:19:52,447  root       run        DEBUG    Received '01071'
2024-10-07 23:19:52,447  root       handle_request DEBUG    Handling: '01071', header '7E0', ECU '7E0'
2024-10-07 23:19:52,448  root       handle_request INFO     Unknown ELM command: '01071', header=7E0
2024-10-07 23:19:52,449  root       handle_response DEBUG    Processing: '<writeln>?</writeln>'
2024-10-07 23:19:52,449  root       handle_response DEBUG    Write: '?\r\r>'
2024-10-07 23:19:52,450  root       run        DEBUG    Received '010B1'
2024-10-07 23:19:52,450  root       handle_request DEBUG    Handling: '010B1', header '7E0', ECU '7E0'
2024-10-07 23:19:52,451  root       handle_request DEBUG    Description: Intake Manifold Pressure, PID INTAKE_PRESSURE (010B1)
2024-10-07 23:19:52,451  root       handle_response DEBUG    Processing: '<pos_answer>73</pos_answer>'
2024-10-07 23:19:52,452  root       handle_response DEBUG    Write: '7E8 03 41 0B 73 \r\r>'
2024-10-07 23:19:52,453  root       run        DEBUG    Received '010C2'
2024-10-07 23:19:52,453  root       handle_request DEBUG    Handling: '010C2', header '7E0', ECU '7E0'
2024-10-07 23:19:52,453  root       handle_request DEBUG    Description: Engine RPM, PID RPM (010C2)
2024-10-07 23:19:52,453  root       handle_response DEBUG    Processing: '<pos_answer>39 D0</pos_answer> <header>7EA</header><size>04</size><data>41 0C 39 D0</data>'
2024-10-07 23:19:52,454  root       handle_response DEBUG    Write: '7E8 04 41 0C 39 D0 \r7EA 04 41 0C 39 D0 \r\r>'
2024-10-07 23:19:52,455  root       run        DEBUG    Received '010D2'
2024-10-07 23:19:52,455  root       handle_request DEBUG    Handling: '010D2', header '7E0', ECU '7E0'
2024-10-07 23:19:52,456  root       handle_request DEBUG    Description: Vehicle Speed, PID SPEED (010D2)
2024-10-07 23:19:52,456  root       handle_response DEBUG    Processing: '<pos_answer>64</pos_answer> <header>7EA</header><size>03</size><data>41 0D 64</data>'
2024-10-07 23:19:52,456  root       handle_response DEBUG    Write: '7E8 03 41 0D 64 \r7EA 03 41 0D 64 \r\r>'
2024-10-07 23:19:52,457  root       run        DEBUG    Received '010E1'
2024-10-07 23:19:52,457  root       handle_request DEBUG    Handling: '010E1', header '7E0', ECU '7E0'
2024-10-07 23:19:52,458  root       handle_request INFO     Unknown ELM command: '010E1', header=7E0
2024-10-07 23:19:52,458  root       handle_response DEBUG    Processing: '<writeln>?</writeln>'
2024-10-07 23:19:52,459  root       handle_response DEBUG    Write: '?\r\r>'
2024-10-07 23:19:52,459  root       run        DEBUG    Received '010F1'
2024-10-07 23:19:52,460  root       handle_request DEBUG    Handling: '010F1', header '7E0', ECU '7E0'
2024-10-07 23:19:52,460  root       handle_request DEBUG    Description: Intake Air Temp, PID INTAKE_TEMP (010F1)
2024-10-07 23:19:52,460  root       handle_response DEBUG    Processing: '<pos_answer>44</pos_answer>'
2024-10-07 23:19:52,460  root       handle_response DEBUG    Write: '7E8 03 41 0F 44 \r\r>'
2024-10-07 23:19:52,461  root       run        DEBUG    Received '01101'
2024-10-07 23:19:52,462  root       handle_request DEBUG    Handling: '01101', header '7E0', ECU '7E0'
2024-10-07 23:19:52,462  root       handle_request DEBUG    Description: Air Flow Rate (MAF), PID MAF (01101)
2024-10-07 23:19:52,462  root       handle_response DEBUG    Processing: '<pos_answer>05 1F</pos_answer>'
2024-10-07 23:19:52,462  root       handle_response DEBUG    Write: '7E8 04 41 10 05 1F \r\r>'
2024-10-07 23:19:52,463  root       run        DEBUG    Received '01111'
2024-10-07 23:19:52,463  root       handle_request DEBUG    Handling: '01111', header '7E0', ECU '7E0'
2024-10-07 23:19:52,464  root       handle_request DEBUG    Description: Throttle Position, PID THROTTLE_POS (01111)
2024-10-07 23:19:52,464  root       handle_response DEBUG    Processing: '<pos_answer>FF</pos_answer>'
2024-10-07 23:19:52,464  root       handle_response DEBUG    Write: '7E8 03 41 11 FF \r\r>'
2024-10-07 23:19:52,465  root       run        DEBUG    Received '01131'
2024-10-07 23:19:52,466  root       handle_request DEBUG    Handling: '01131', header '7E0', ECU '7E0'
2024-10-07 23:19:52,466  root       handle_request INFO     Unknown ELM command: '01131', header=7E0
2024-10-07 23:19:52,467  root       handle_response DEBUG    Processing: '<writeln>?</writeln>'
2024-10-07 23:19:52,467  root       handle_response DEBUG    Write: '?\r\r>'
2024-10-07 23:19:52,468  root       run        DEBUG    Received '01151'
2024-10-07 23:19:52,468  root       handle_request DEBUG    Handling: '01151', header '7E0', ECU '7E0'
2024-10-07 23:19:52,469  root       handle_request INFO     Unknown ELM command: '01151', header=7E0
2024-10-07 23:19:52,469  root       handle_response DEBUG    Processing: '<writeln>?</writeln>'
2024-10-07 23:19:52,469  root       handle_response DEBUG    Write: '?\r\r>'
2024-10-07 23:19:52,470  root       run        DEBUG    Received '011C1'
2024-10-07 23:19:52,470  root       handle_request DEBUG    Handling: '011C1', header '7E0', ECU '7E0'
2024-10-07 23:19:52,470  root       handle_request DEBUG    Description: OBD Standards Compliance, PID OBD_COMPLIANCE (011C1)
2024-10-07 23:19:52,470  root       handle_response DEBUG    Processing: '<pos_answer>06</pos_answer>'
2024-10-07 23:19:52,471  root       handle_response DEBUG    Write: '7E8 03 41 1C 06 \r\r>'
2024-10-07 23:19:52,471  root       run        DEBUG    Received '011F1'
2024-10-07 23:19:52,472  root       handle_request DEBUG    Handling: '011F1', header '7E0', ECU '7E0'
2024-10-07 23:19:52,472  root       handle_request DEBUG    Description: Engine Run Time, PID RUN_TIME (011F1)
2024-10-07 23:19:52,472  root       handle_response DEBUG    Processing: '<pos_answer>00 8C</pos_answer>'
2024-10-07 23:19:52,472  root       handle_response DEBUG    Write: '7E8 04 41 1F 00 8C \r\r>'
2024-10-07 23:19:52,473  root       run        DEBUG    Received '01202'
2024-10-07 23:19:52,473  root       handle_request DEBUG    Handling: '01202', header '7E0', ECU '7E0'
2024-10-07 23:19:52,474  root       handle_request DEBUG    Description: PIDS_B, PID ELM_PIDS_B (01202)
2024-10-07 23:19:52,474  root       handle_response DEBUG    Processing: '<header>7EA</header><size>06</size><data>41 20 80 01 A0 01</data><pos_answer>90 15 B0 15</pos_answer>'
2024-10-07 23:19:52,474  root       handle_response DEBUG    Write: '7EA 06 41 20 80 01 A0 01 \r7E8 06 41 20 90 15 B0 15 \r\r>'
2024-10-07 23:19:52,475  root       run        DEBUG    Received '01211'
2024-10-07 23:19:52,475  root       handle_request DEBUG    Handling: '01211', header '7E0', ECU '7E0'
2024-10-07 23:19:52,475  root       handle_request DEBUG    Description: Distance Traveled with MIL on, PID DISTANCE_W_MIL (01211)
2024-10-07 23:19:52,475  root       handle_response DEBUG    Processing: '<pos_answer>00 00</pos_answer>'
2024-10-07 23:19:52,476  root       handle_response DEBUG    Write: '7E8 04 41 21 00 00 \r\r>'
2024-10-07 23:19:52,476  root       run        DEBUG    Received '01241'
2024-10-07 23:19:52,477  root       handle_request DEBUG    Handling: '01241', header '7E0', ECU '7E0'
2024-10-07 23:19:52,477  root       handle_request INFO     Unknown ELM command: '01241', header=7E0
2024-10-07 23:19:52,478  root       handle_response DEBUG    Processing: '<writeln>?</writeln>'
2024-10-07 23:19:52,478  root       handle_response DEBUG    Write: '?\r\r>'
2024-10-07 23:19:52,479  root       run        DEBUG    Received '012C1'
2024-10-07 23:19:52,479  root       handle_request DEBUG    Handling: '012C1', header '7E0', ECU '7E0'
2024-10-07 23:19:52,479  root       handle_request DEBUG    Description: Commanded EGR, PID COMMANDED_EGR (012C1)
2024-10-07 23:19:52,479  root       handle_response DEBUG    Processing: '<pos_answer>0D</pos_answer>'
2024-10-07 23:19:52,480  root       handle_response DEBUG    Write: '7E8 03 41 2C 0D \r\r>'
2024-10-07 23:19:52,481  root       run        DEBUG    Received '012E1'
2024-10-07 23:19:52,481  root       handle_request DEBUG    Handling: '012E1', header '7E0', ECU '7E0'
2024-10-07 23:19:52,481  root       handle_request INFO     Unknown ELM command: '012E1', header=7E0
2024-10-07 23:19:52,482  root       handle_response DEBUG    Processing: '<writeln>?</writeln>'
2024-10-07 23:19:52,482  root       handle_response DEBUG    Write: '?\r\r>'
2024-10-07 23:19:52,483  root       run        DEBUG    Received '01301'
2024-10-07 23:19:52,483  root       handle_request DEBUG    Handling: '01301', header '7E0', ECU '7E0'
2024-10-07 23:19:52,483  root       handle_request INFO     Unknown ELM command: '01301', header=7E0
2024-10-07 23:19:52,484  root       handle_response DEBUG    Processing: '<writeln>?</writeln>'
2024-10-07 23:19:52,484  root       handle_response DEBUG    Write: '?\r\r>'
2024-10-07 23:19:52,485  root       run        DEBUG    Received '01311'
2024-10-07 23:19:52,485  root       handle_request DEBUG    Handling: '01311', header '7E0', ECU '7E0'
2024-10-07 23:19:52,485  root       handle_request DEBUG    Description: Distance traveled since codes cleared, PID DISTANCE_SINCE_DTC_CLEAR (01311)
2024-10-07 23:19:52,485  root       handle_response DEBUG    Processing: '<pos_answer>C8 1F</pos_answer>'
2024-10-07 23:19:52,486  root       handle_response DEBUG    Write: '7E8 04 41 31 C8 1F \r\r>'
2024-10-07 23:19:52,486  root       run        DEBUG    Received '01331'
2024-10-07 23:19:52,487  root       handle_request DEBUG    Handling: '01331', header '7E0', ECU '7E0'
2024-10-07 23:19:52,487  root       handle_request DEBUG    Description: Barometric Pressure, PID BAROMETRIC_PRESSURE (01331)
2024-10-07 23:19:52,487  root       handle_response DEBUG    Processing: '<pos_answer>65</pos_answer>'
2024-10-07 23:19:52,487  root       handle_response DEBUG    Write: '7E8 03 41 33 65 \r\r>'
2024-10-07 23:19:52,488  root       run        DEBUG    Received '01341'
2024-10-07 23:19:52,489  root       handle_request DEBUG    Handling: '01341', header '7E0', ECU '7E0'
2024-10-07 23:19:52,489  root       handle_request INFO     Unknown ELM command: '01341', header=7E0
2024-10-07 23:19:52,489  root       handle_response DEBUG    Processing: '<writeln>?</writeln>'
2024-10-07 23:19:52,490  root       handle_response DEBUG    Write: '?\r\r>'
2024-10-07 23:19:52,490  root       run        DEBUG    Received '013C1'
2024-10-07 23:19:52,491  root       handle_request DEBUG    Handling: '013C1', header '7E0', ECU '7E0'
2024-10-07 23:19:52,491  root       handle_request DEBUG    Description: Catalyst Temperature: Bank 1 - Sensor 1, PID CATALYST_TEMP_B1S1 (013C1)
2024-10-07 23:19:52,491  root       handle_response DEBUG    Processing: '<pos_answer>04 44</pos_answer>'
2024-10-07 23:19:52,491  root       handle_response DEBUG    Write: '7E8 04 41 3C 04 44 \r\r>'
2024-10-07 23:19:52,493  root       run        DEBUG    Received '013E1'
2024-10-07 23:19:52,494  root       handle_request DEBUG    Handling: '013E1', header '7E0', ECU '7E0'
2024-10-07 23:19:52,494  root       handle_request INFO     Unknown ELM command: '013E1', header=7E0
2024-10-07 23:19:52,494  root       handle_response DEBUG    Processing: '<writeln>?</writeln>'
2024-10-07 23:19:52,494  root       handle_response DEBUG    Write: '?\r\r>'
2024-10-07 23:19:52,495  root       run        DEBUG    Received '01402'
2024-10-07 23:19:52,495  root       handle_request DEBUG    Handling: '01402', header '7E0', ECU '7E0'
2024-10-07 23:19:52,495  root       handle_request DEBUG    Description: PIDS_C, PID ELM_PIDS_C (01402)
2024-10-07 23:19:52,496  root       handle_response DEBUG    Processing: '<header>7EA</header><size>06</size><data>41 40 44 CC 00 21</data><pos_answer>7A 1C 80 00</pos_answer>'
2024-10-07 23:19:52,496  root       handle_response DEBUG    Write: '7EA 06 41 40 44 CC 00 21 \r7E8 06 41 40 7A 1C 80 00 \r\r>'
2024-10-07 23:19:52,497  root       run        DEBUG    Received '01421'
2024-10-07 23:19:52,497  root       handle_request DEBUG    Handling: '01421', header '7E0', ECU '7E0'
2024-10-07 23:19:52,497  root       handle_request DEBUG    Description: Control module voltage, PID CONTROL_MODULE_VOLTAGE (01421)
2024-10-07 23:19:52,497  root       handle_response DEBUG    Processing: '<pos_answer>39 D6</pos_answer>'
2024-10-07 23:19:52,498  root       handle_response DEBUG    Write: '7E8 04 41 42 39 D6 \r\r>'
2024-10-07 23:19:52,498  root       run        DEBUG    Received '01431'
2024-10-07 23:19:52,499  root       handle_request DEBUG    Handling: '01431', header '7E0', ECU '7E0'
2024-10-07 23:19:52,499  root       handle_request INFO     Unknown ELM command: '01431', header=7E0
2024-10-07 23:19:52,500  root       handle_response DEBUG    Processing: '<writeln>?</writeln>'
2024-10-07 23:19:52,500  root       handle_response DEBUG    Write: '?\r\r>'
2024-10-07 23:19:52,501  root       run        DEBUG    Received '01441'
2024-10-07 23:19:52,502  root       handle_request DEBUG    Handling: '01441', header '7E0', ECU '7E0'
2024-10-07 23:19:52,502  root       handle_request INFO     Unknown ELM command: '01441', header=7E0
2024-10-07 23:19:52,502  root       handle_response DEBUG    Processing: '<writeln>?</writeln>'
2024-10-07 23:19:52,503  root       handle_response DEBUG    Write: '?\r\r>'
2024-10-07 23:19:52,503  root       run        DEBUG    Received '01451'
2024-10-07 23:19:52,503  root       handle_request DEBUG    Handling: '01451', header '7E0', ECU '7E0'
2024-10-07 23:19:52,504  root       handle_request INFO     Unknown ELM command: '01451', header=7E0
2024-10-07 23:19:52,504  root       handle_response DEBUG    Processing: '<writeln>?</writeln>'
2024-10-07 23:19:52,504  root       handle_response DEBUG    Write: '?\r\r>'
2024-10-07 23:19:52,505  root       run        DEBUG    Received '01471'
2024-10-07 23:19:52,505  root       handle_request DEBUG    Handling: '01471', header '7E0', ECU '7E0'
2024-10-07 23:19:52,506  root       handle_request INFO     Unknown ELM command: '01471', header=7E0
2024-10-07 23:19:52,506  root       handle_response DEBUG    Processing: '<writeln>?</writeln>'
2024-10-07 23:19:52,506  root       handle_response DEBUG    Write: '?\r\r>'
2024-10-07 23:19:52,506  root       run        DEBUG    Received '014C1'
2024-10-07 23:19:52,506  root       handle_request DEBUG    Handling: '014C1', header '7E0', ECU '7E0'
2024-10-07 23:19:52,507  root       handle_request DEBUG    Description: Commanded throttle actuator, PID THROTTLE_ACTUATOR (014C1)
2024-10-07 23:19:52,507  root       handle_response DEBUG    Processing: '<pos_answer>00</pos_answer>'
2024-10-07 23:19:52,507  root       handle_response DEBUG    Write: '7E8 03 41 4C 00 \r\r>'
2024-10-07 23:19:52,507  root       run        DEBUG    Received '014D1'
2024-10-07 23:19:52,508  root       handle_request DEBUG    Handling: '014D1', header '7E0', ECU '7E0'
2024-10-07 23:19:52,508  root       handle_request DEBUG    Description: Time run with MIL on, PID RUN_TIME_MIL (014D1)
2024-10-07 23:19:52,508  root       handle_response DEBUG    Processing: '<pos_answer>00 00</pos_answer>'
2024-10-07 23:19:52,508  root       handle_response DEBUG    Write: '7E8 04 41 4D 00 00 \r\r>'
2024-10-07 23:19:52,508  root       run        DEBUG    Received '014E1'
2024-10-07 23:19:52,509  root       handle_request DEBUG    Handling: '014E1', header '7E0', ECU '7E0'
2024-10-07 23:19:52,509  root       handle_request DEBUG    Description: Time since trouble codes cleared, PID TIME_SINCE_DTC_CLEARED (014E1)
2024-10-07 23:19:52,509  root       handle_response DEBUG    Processing: '<pos_answer>4C 69</pos_answer>'
2024-10-07 23:19:52,509  root       handle_response DEBUG    Write: '7E8 04 41 4E 4C 69 \r\r>'
2024-10-07 23:19:52,510  root       run        DEBUG    Received '01511'
2024-10-07 23:19:52,510  root       handle_request DEBUG    Handling: '01511', header '7E0', ECU '7E0'
2024-10-07 23:19:52,510  root       handle_request DEBUG    Description: Fuel Type, PID FUEL_TYPE (01511)
2024-10-07 23:19:52,510  root       handle_response DEBUG    Processing: '<pos_answer>01</pos_answer>'
2024-10-07 23:19:52,511  root       handle_response DEBUG    Write: '7E8 03 41 51 01 \r\r>'
2024-10-07 23:19:52,762  root       run        DEBUG    Received '01011'
2024-10-07 23:19:52,762  root       handle_request DEBUG    Handling: '01011', header '7E0', ECU '7E0'
2024-10-07 23:19:52,764  root       handle_request INFO     Unknown ELM command: '01011', header=7E0
2024-10-07 23:19:52,764  root       handle_response DEBUG    Processing: '<writeln>?</writeln>'
2024-10-07 23:19:52,765  root       handle_response DEBUG    Write: '?\r\r>'
2024-10-07 23:19:52,773  root       run        DEBUG    Received '01031'
2024-10-07 23:19:52,773  root       handle_request DEBUG    Handling: '01031', header '7E0', ECU '7E0'
2024-10-07 23:19:52,774  root       handle_request DEBUG    Description: Fuel System Status, PID FUEL_STATUS (01031)
2024-10-07 23:19:52,774  root       handle_response DEBUG    Processing: '<pos_answer>00 00</pos_answer>'
2024-10-07 23:19:52,775  root       handle_response DEBUG    Write: '7E8 04 41 03 00 00 \r\r>'
2024-10-07 23:19:52,776  root       run        DEBUG    Received '01041'
2024-10-07 23:19:52,777  root       handle_request DEBUG    Handling: '01041', header '7E0', ECU '7E0'
2024-10-07 23:19:52,777  root       handle_request DEBUG    Description: Calculated Engine Load, PID ENGINE_LOAD (01041)
2024-10-07 23:19:52,777  root       handle_response DEBUG    Processing: '<pos_answer>00</pos_answer>'
2024-10-07 23:19:52,778  root       handle_response DEBUG    Write: '7E8 03 41 04 00 \r\r>'
2024-10-07 23:19:52,780  root       run        DEBUG    Received '01051'
2024-10-07 23:19:52,781  root       handle_request DEBUG    Handling: '01051', header '7E0', ECU '7E0'
2024-10-07 23:19:52,781  root       handle_request DEBUG    Description: Engine Coolant Temperature, PID COOLANT_TEMP (01051)
2024-10-07 23:19:52,782  root       handle_response DEBUG    Processing: '<pos_answer>7B</pos_answer>'
2024-10-07 23:19:52,783  root       handle_response DEBUG    Write: '7E8 03 41 05 7B \r\r>'
2024-10-07 23:19:52,785  root       run        DEBUG    Received '01061'
2024-10-07 23:19:52,785  root       handle_request DEBUG    Handling: '01061', header '7E0', ECU '7E0'
2024-10-07 23:19:52,786  root       handle_request INFO     Unknown ELM command: '01061', header=7E0
2024-10-07 23:19:52,787  root       handle_response DEBUG    Processing: '<writeln>?</writeln>'
2024-10-07 23:19:52,788  root       handle_response DEBUG    Write: '?\r\r>'
2024-10-07 23:19:52,789  root       run        DEBUG    Received '01071'
2024-10-07 23:19:52,790  root       handle_request DEBUG    Handling: '01071', header '7E0', ECU '7E0'
2024-10-07 23:19:52,791  root       handle_request INFO     Unknown ELM command: '01071', header=7E0
2024-10-07 23:19:52,792  root       handle_response DEBUG    Processing: '<writeln>?</writeln>'
2024-10-07 23:19:52,792  root       handle_response DEBUG    Write: '?\r\r>'
2024-10-07 23:19:52,793  root       run        DEBUG    Received '010B1'
2024-10-07 23:19:52,794  root       handle_request DEBUG    Handling: '010B1', header '7E0', ECU '7E0'
2024-10-07 23:19:52,794  root       handle_request DEBUG    Description: Intake Manifold Pressure, PID INTAKE_PRESSURE (010B1)
2024-10-07 23:19:52,794  root       handle_response DEBUG    Processing: '<pos_answer>73</pos_answer>'
2024-10-07 23:19:52,795  root       handle_response DEBUG    Write: '7E8 03 41 0B 73 \r\r>'
2024-10-07 23:19:52,797  root       run        DEBUG    Received '010C2'
2024-10-07 23:19:52,797  root       handle_request DEBUG    Handling: '010C2', header '7E0', ECU '7E0'
2024-10-07 23:19:52,798  root       handle_request DEBUG    Description: Engine RPM, PID RPM (010C2)
2024-10-07 23:19:52,798  root       handle_response DEBUG    Processing: '<pos_answer>3A 20</pos_answer> <header>7EA</header><size>04</size><data>41 0C 3A 20</data>'
2024-10-07 23:19:52,798  root       handle_response DEBUG    Write: '7E8 04 41 0C 3A 20 \r7EA 04 41 0C 3A 20 \r\r>'
2024-10-07 23:19:52,800  root       run        DEBUG    Received '010D2'
2024-10-07 23:19:52,800  root       handle_request DEBUG    Handling: '010D2', header '7E0', ECU '7E0'
2024-10-07 23:19:52,801  root       handle_request DEBUG    Description: Vehicle Speed, PID SPEED (010D2)
2024-10-07 23:19:52,801  root       handle_response DEBUG    Processing: '<pos_answer>60</pos_answer> <header>7EA</header><size>03</size><data>41 0D 60</data>'
2024-10-07 23:19:52,802  root       handle_response DEBUG    Write: '7E8 03 41 0D 60 \r7EA 03 41 0D 60 \r\r>'
2024-10-07 23:19:52,803  root       run        DEBUG    Received '010E1'
2024-10-07 23:19:52,804  root       handle_request DEBUG    Handling: '010E1', header '7E0', ECU '7E0'
2024-10-07 23:19:52,806  root       handle_request INFO     Unknown ELM command: '010E1', header=7E0
2024-10-07 23:19:52,806  root       handle_response DEBUG    Processing: '<writeln>?</writeln>'
2024-10-07 23:19:52,807  root       handle_response DEBUG    Write: '?\r\r>'
2024-10-07 23:19:52,808  root       run        DEBUG    Received '010F1'
2024-10-07 23:19:52,809  root       handle_request DEBUG    Handling: '010F1', header '7E0', ECU '7E0'
2024-10-07 23:19:52,809  root       handle_request DEBUG    Description: Intake Air Temp, PID INTAKE_TEMP (010F1)
2024-10-07 23:19:52,810  root       handle_response DEBUG    Processing: '<pos_answer>44</pos_answer>'
2024-10-07 23:19:52,811  root       handle_response DEBUG    Write: '7E8 03 41 0F 44 \r\r>'
2024-10-07 23:19:52,813  root       run        DEBUG    Received '01101'
2024-10-07 23:19:52,813  root       handle_request DEBUG    Handling: '01101', header '7E0', ECU '7E0'
2024-10-07 23:19:52,814  root       handle_request DEBUG    Description: Air Flow Rate (MAF), PID MAF (01101)
2024-10-07 23:19:52,814  root       handle_response DEBUG    Processing: '<pos_answer>05 1F</pos_answer>'
2024-10-07 23:19:52,815  root       handle_response DEBUG    Write: '7E8 04 41 10 05 1F \r\r>'
2024-10-07 23:19:52,817  root       run        DEBUG    Received '01111'
2024-10-07 23:19:52,818  root       handle_request DEBUG    Handling: '01111', header '7E0', ECU '7E0'
2024-10-07 23:19:52,818  root       handle_request DEBUG    Description: Throttle Position, PID THROTTLE_POS (01111)
2024-10-07 23:19:52,819  root       handle_response DEBUG    Processing: '<pos_answer>FF</pos_answer>'
2024-10-07 23:19:52,819  root       handle_response DEBUG    Write: '7E8 03 41 11 FF \r\r>'
2024-10-07 23:19:52,821  root       run        DEBUG    Received '01131'
2024-10-07 23:19:52,821  root       handle_request DEBUG    Handling: '01131', header '7E0', ECU '7E0'
2024-10-07 23:19:52,823  root       handle_request INFO     Unknown ELM command: '01131', header=7E0
2024-10-07 23:19:52,823  root       handle_response DEBUG    Processing: '<writeln>?</writeln>'
2024-10-07 23:19:52,824  root       handle_response DEBUG    Write: '?\r\r>'
2024-10-07 23:19:52,825  root       run        DEBUG    Received '01151'
2024-10-07 23:19:52,825  root       handle_request DEBUG    Handling: '01151', header '7E0', ECU '7E0'
2024-10-07 23:19:52,826  root       handle_request INFO     Unknown ELM command: '01151', header=7E0
2024-10-07 23:19:52,827  root       handle_response DEBUG    Processing: '<writeln>?</writeln>'
2024-10-07 23:19:52,827  root       handle_response DEBUG    Write: '?\r\r>'
2024-10-07 23:19:52,828  root       run        DEBUG    Received '011C1'
2024-10-07 23:19:52,828  root       handle_request DEBUG    Handling: '011C1', header '7E0', ECU '7E0'
2024-10-07 23:19:52,828  root       handle_request DEBUG    Description: OBD Standards Compliance, PID OBD_COMPLIANCE (011C1)
2024-10-07 23:19:52,828  root       handle_response DEBUG    Processing: '<pos_answer>06</pos_answer>'
2024-10-07 23:19:52,829  root       handle_response DEBUG    Write: '7E8 03 41 1C 06 \r\r>'
2024-10-07 23:19:52,830  root       run        DEBUG    Received '011F1'
2024-10-07 23:19:52,830  root       handle_request DEBUG    Handling: '011F1', header '7E0', ECU '7E0'
2024-10-07 23:19:52,830  root       handle_request DEBUG    Description: Engine Run Time, PID RUN_TIME (011F1)
2024-10-07 23:19:52,831  root       handle_response DEBUG    Processing: '<pos_answer>00 8C</pos_answer>'
2024-10-07 23:19:52,831  root       handle_response DEBUG    Write: '7E8 04 41 1F 00 8C \r\r>'
2024-10-07 23:19:52,832  root       run        DEBUG    Received '01202'
2024-10-07 23:19:52,832  root       handle_request DEBUG    Handling: '01202', header '7E0', ECU '7E0'
2024-10-07 23:19:52,832  root       handle_request DEBUG    Description: PIDS_B, PID ELM_PIDS_B (01202)
2024-10-07 23:19:52,832  root       handle_response DEBUG    Processing: '<header>7EA</header><size>06</size><data>41 20 80 01 A0 01</data><pos_answer>90 15 B0 15</pos_answer>'
2024-10-07 23:19:52,833  root       handle_response DEBUG    Write: '7EA 06 41 20 80 01 A0 01 \r7E8 06 41 20 90 15 B0 15 \r\r>'
2024-10-07 23:19:52,833  root       run        DEBUG    Received '01211'
2024-10-07 23:19:52,833  root       handle_request DEBUG    Handling: '01211', header '7E0', ECU '7E0'
2024-10-07 23:19:52,834  root       handle_request DEBUG    Description: Distance Traveled with MIL on, PID DISTANCE_W_MIL (01211)
2024-10-07 23:19:52,834  root       handle_response DEBUG    Processing: '<pos_answer>00 00</pos_answer>'
2024-10-07 23:19:52,834  root       handle_response DEBUG    Write: '7E8 04 41 21 00 00 \r\r>'
2024-10-07 23:19:52,835  root       run        DEBUG    Received '01241'
2024-10-07 23:19:52,835  root       handle_request DEBUG    Handling: '01241', header '7E0', ECU '7E0'
2024-10-07 23:19:52,836  root       handle_request INFO     Unknown ELM command: '01241', header=7E0
2024-10-07 23:19:52,836  root       handle_response DEBUG    Processing: '<writeln>?</writeln>'
2024-10-07 23:19:52,836  root       handle_response DEBUG    Write: '?\r\r>'
2024-10-07 23:19:52,837  root       run        DEBUG    Received '012C1'
2024-10-07 23:19:52,837  root       handle_request DEBUG    Handling: '012C1', header '7E0', ECU '7E0'
2024-10-07 23:19:52,837  root       handle_request DEBUG    Description: Commanded EGR, PID COMMANDED_EGR (012C1)
2024-10-07 23:19:52,837  root       handle_response DEBUG    Processing: '<pos_answer>0D</pos_answer>'
2024-10-07 23:19:52,838  root       handle_response DEBUG    Write: '7E8 03 41 2C 0D \r\r>'
2024-10-07 23:19:52,838  root       run        DEBUG    Received '012E1'
2024-10-07 23:19:52,839  root       handle_request DEBUG    Handling: '012E1', header '7E0', ECU '7E0'
2024-10-07 23:19:52,839  root       handle_request INFO     Unknown ELM command: '012E1', header=7E0
2024-10-07 23:19:52,839  root       handle_response DEBUG    Processing: '<writeln>?</writeln>'
2024-10-07 23:19:52,840  root       handle_response DEBUG    Write: '?\r\r>'
2024-10-07 23:19:52,840  root       run        DEBUG    Received '01301'
2024-10-07 23:19:52,840  root       handle_request DEBUG    Handling: '01301', header '7E0', ECU '7E0'
2024-10-07 23:19:52,841  root       handle_request INFO     Unknown ELM command: '01301', header=7E0
2024-10-07 23:19:52,841  root       handle_response DEBUG    Processing: '<writeln>?</writeln>'
2024-10-07 23:19:52,841  root       handle_response DEBUG    Write: '?\r\r>'
2024-10-07 23:19:52,842  root       run        DEBUG    Received '01311'
2024-10-07 23:19:52,842  root       handle_request DEBUG    Handling: '01311', header '7E0', ECU '7E0'
2024-10-07 23:19:52,842  root       handle_request DEBUG    Description: Distance traveled since codes cleared, PID DISTANCE_SINCE_DTC_CLEAR (01311)
2024-10-07 23:19:52,842  root       handle_response DEBUG    Processing: '<pos_answer>C8 1F</pos_answer>'
2024-10-07 23:19:52,843  root       handle_response DEBUG    Write: '7E8 04 41 31 C8 1F \r\r>'
2024-10-07 23:19:52,843  root       run        DEBUG    Received '01331'
2024-10-07 23:19:52,843  root       handle_request DEBUG    Handling: '01331', header '7E0', ECU '7E0'
2024-10-07 23:19:52,844  root       handle_request DEBUG    Description: Barometric Pressure, PID BAROMETRIC_PRESSURE (01331)
2024-10-07 23:19:52,844  root       handle_response DEBUG    Processing: '<pos_answer>65</pos_answer>'
2024-10-07 23:19:52,844  root       handle_response DEBUG    Write: '7E8 03 41 33 65 \r\r>'
2024-10-07 23:19:52,845  root       run        DEBUG    Received '01341'
2024-10-07 23:19:52,845  root       handle_request DEBUG    Handling: '01341', header '7E0', ECU '7E0'
2024-10-07 23:19:52,846  root       handle_request INFO     Unknown ELM command: '01341', header=7E0
2024-10-07 23:19:52,846  root       handle_response DEBUG    Processing: '<writeln>?</writeln>'
2024-10-07 23:19:52,846  root       handle_response DEBUG    Write: '?\r\r>'
2024-10-07 23:19:52,847  root       run        DEBUG    Received '013C1'
2024-10-07 23:19:52,847  root       handle_request DEBUG    Handling: '013C1', header '7E0', ECU '7E0'
2024-10-07 23:19:52,847  root       handle_request DEBUG    Description: Catalyst Temperature: Bank 1 - Sensor 1, PID CATALYST_TEMP_B1S1 (013C1)
2024-10-07 23:19:52,847  root       handle_response DEBUG    Processing: '<pos_answer>04 44</pos_answer>'
2024-10-07 23:19:52,847  root       handle_response DEBUG    Write: '7E8 04 41 3C 04 44 \r\r>'
2024-10-07 23:19:52,850  root       run        DEBUG    Received '013E1'
2024-10-07 23:19:52,850  root       handle_request DEBUG    Handling: '013E1', header '7E0', ECU '7E0'
2024-10-07 23:19:52,850  root       handle_request INFO     Unknown ELM command: '013E1', header=7E0
2024-10-07 23:19:52,850  root       handle_response DEBUG    Processing: '<writeln>?</writeln>'
2024-10-07 23:19:52,850  root       handle_response DEBUG    Write: '?\r\r>'
2024-10-07 23:19:52,851  root       run        DEBUG    Received '01402'
2024-10-07 23:19:52,851  root       handle_request DEBUG    Handling: '01402', header '7E0', ECU '7E0'
2024-10-07 23:19:52,851  root       handle_request DEBUG    Description: PIDS_C, PID ELM_PIDS_C (01402)
2024-10-07 23:19:52,851  root       handle_response DEBUG    Processing: '<header>7EA</header><size>06</size><data>41 40 44 CC 00 21</data><pos_answer>7A 1C 80 00</pos_answer>'
2024-10-07 23:19:52,852  root       handle_response DEBUG    Write: '7EA 06 41 40 44 CC 00 21 \r7E8 06 41 40 7A 1C 80 00 \r\r>'
2024-10-07 23:19:52,852  root       run        DEBUG    Received '01421'
2024-10-07 23:19:52,852  root       handle_request DEBUG    Handling: '01421', header '7E0', ECU '7E0'
2024-10-07 23:19:52,852  root       handle_request DEBUG    Description: Control module voltage, PID CONTROL_MODULE_VOLTAGE (01421)
2024-10-07 23:19:52,853  root       handle_response DEBUG    Processing: '<pos_answer>39 D6</pos_answer>'
2024-10-07 23:19:52,853  root       handle_response DEBUG    Write: '7E8 04 41 42 39 D6 \r\r>'
2024-10-07 23:19:52,853  root       run        DEBUG    Received '01431'
2024-10-07 23:19:52,854  root       handle_request DEBUG    Handling: '01431', header '7E0', ECU '7E0'
2024-10-07 23:19:52,854  root       handle_request INFO     Unknown ELM command: '01431', header=7E0
2024-10-07 23:19:52,854  root       handle_response DEBUG    Processing: '<writeln>?</writeln>'
2024-10-07 23:19:52,854  root       handle_response DEBUG    Write: '?\r\r>'
2024-10-07 23:19:52,855  root       run        DEBUG    Received '01441'
2024-10-07 23:19:52,855  root       handle_request DEBUG    Handling: '01441', header '7E0', ECU '7E0'
2024-10-07 23:19:52,855  root       handle_request INFO     Unknown ELM command: '01441', header=7E0
2024-10-07 23:19:52,856  root       handle_response DEBUG    Processing: '<writeln>?</writeln>'
2024-10-07 23:19:52,856  root       handle_response DEBUG    Write: '?\r\r>'
2024-10-07 23:19:52,856  root       run        DEBUG    Received '01451'
2024-10-07 23:19:52,857  root       handle_request DEBUG    Handling: '01451', header '7E0', ECU '7E0'
2024-10-07 23:19:52,857  root       handle_request INFO     Unknown ELM command: '01451', header=7E0
2024-10-07 23:19:52,857  root       handle_response DEBUG    Processing: '<writeln>?</writeln>'
2024-10-07 23:19:52,858  root       handle_response DEBUG    Write: '?\r\r>'
2024-10-07 23:19:52,858  root       run        DEBUG    Received '01471'
2024-10-07 23:19:52,858  root       handle_request DEBUG    Handling: '01471', header '7E0', ECU '7E0'
2024-10-07 23:19:52,859  root       handle_request INFO     Unknown ELM command: '01471', header=7E0
2024-10-07 23:19:52,859  root       handle_response DEBUG    Processing: '<writeln>?</writeln>'
2024-10-07 23:19:52,859  root       handle_response DEBUG    Write: '?\r\r>'
2024-10-07 23:19:52,860  root       run        DEBUG    Received '014C1'
2024-10-07 23:19:52,860  root       handle_request DEBUG    Handling: '014C1', header '7E0', ECU '7E0'
2024-10-07 23:19:52,860  root       handle_request DEBUG    Description: Commanded throttle actuator, PID THROTTLE_ACTUATOR (014C1)
2024-10-07 23:19:52,860  root       handle_response DEBUG    Processing: '<pos_answer>00</pos_answer>'
2024-10-07 23:19:52,861  root       handle_response DEBUG    Write: '7E8 03 41 4C 00 \r\r>'
2024-10-07 23:19:52,862  root       run        DEBUG    Received '014D1'
2024-10-07 23:19:52,862  root       handle_request DEBUG    Handling: '014D1', header '7E0', ECU '7E0'
2024-10-07 23:19:52,863  root       handle_request DEBUG    Description: Time run with MIL on, PID RUN_TIME_MIL (014D1)
2024-10-07 23:19:52,863  root       handle_response DEBUG    Processing: '<pos_answer>00 00</pos_answer>'
2024-10-07 23:19:52,863  root       handle_response DEBUG    Write: '7E8 04 41 4D 00 00 \r\r>'
2024-10-07 23:19:52,864  root       run        DEBUG    Received '014E1'
2024-10-07 23:19:52,864  root       handle_request DEBUG    Handling: '014E1', header '7E0', ECU '7E0'
2024-10-07 23:19:52,865  root       handle_request DEBUG    Description: Time since trouble codes cleared, PID TIME_SINCE_DTC_CLEARED (014E1)
2024-10-07 23:19:52,865  root       handle_response DEBUG    Processing: '<pos_answer>4C 69</pos_answer>'
2024-10-07 23:19:52,865  root       handle_response DEBUG    Write: '7E8 04 41 4E 4C 69 \r\r>'
2024-10-07 23:19:52,866  root       run        DEBUG    Received '01511'
2024-10-07 23:19:52,866  root       handle_request DEBUG    Handling: '01511', header '7E0', ECU '7E0'
2024-10-07 23:19:52,866  root       handle_request DEBUG    Description: Fuel Type, PID FUEL_TYPE (01511)
2024-10-07 23:19:52,867  root       handle_response DEBUG    Processing: '<pos_answer>01</pos_answer>'
2024-10-07 23:19:52,867  root       handle_response DEBUG    Write: '7E8 03 41 51 01 \r\r>'
2024-10-07 23:19:54,185  root       run        DEBUG    Received '01011'
2024-10-07 23:19:54,185  root       handle_request DEBUG    Handling: '01011', header '7E0', ECU '7E0'
2024-10-07 23:19:54,186  root       handle_request INFO     Unknown ELM command: '01011', header=7E0
2024-10-07 23:19:54,186  root       handle_response DEBUG    Processing: '<writeln>?</writeln>'
2024-10-07 23:19:54,186  root       handle_response DEBUG    Write: '?\r\r>'
2024-10-07 23:19:54,189  root       run        DEBUG    Received '01031'
2024-10-07 23:19:54,189  root       handle_request DEBUG    Handling: '01031', header '7E0', ECU '7E0'
2024-10-07 23:19:54,189  root       handle_request DEBUG    Description: Fuel System Status, PID FUEL_STATUS (01031)
2024-10-07 23:19:54,189  root       handle_response DEBUG    Processing: '<pos_answer>00 00</pos_answer>'
2024-10-07 23:19:54,189  root       handle_response DEBUG    Write: '7E8 04 41 03 00 00 \r\r>'
2024-10-07 23:19:54,190  root       run        DEBUG    Received '01041'
2024-10-07 23:19:54,190  root       handle_request DEBUG    Handling: '01041', header '7E0', ECU '7E0'
2024-10-07 23:19:54,190  root       handle_request DEBUG    Description: Calculated Engine Load, PID ENGINE_LOAD (01041)
2024-10-07 23:19:54,190  root       handle_response DEBUG    Processing: '<pos_answer>00</pos_answer>'
2024-10-07 23:19:54,190  root       handle_response DEBUG    Write: '7E8 03 41 04 00 \r\r>'
2024-10-07 23:19:54,191  root       run        DEBUG    Received '01051'
2024-10-07 23:19:54,191  root       handle_request DEBUG    Handling: '01051', header '7E0', ECU '7E0'
2024-10-07 23:19:54,191  root       handle_request DEBUG    Description: Engine Coolant Temperature, PID COOLANT_TEMP (01051)
2024-10-07 23:19:54,191  root       handle_response DEBUG    Processing: '<pos_answer>7B</pos_answer>'
2024-10-07 23:19:54,191  root       handle_response DEBUG    Write: '7E8 03 41 05 7B \r\r>'
2024-10-07 23:19:54,192  root       run        DEBUG    Received '01061'
2024-10-07 23:19:54,192  root       handle_request DEBUG    Handling: '01061', header '7E0', ECU '7E0'
2024-10-07 23:19:54,192  root       handle_request INFO     Unknown ELM command: '01061', header=7E0
2024-10-07 23:19:54,192  root       handle_response DEBUG    Processing: '<writeln>?</writeln>'
2024-10-07 23:19:54,193  root       handle_response DEBUG    Write: '?\r\r>'
2024-10-07 23:19:54,193  root       run        DEBUG    Received '01071'
2024-10-07 23:19:54,193  root       handle_request DEBUG    Handling: '01071', header '7E0', ECU '7E0'
2024-10-07 23:19:54,194  root       handle_request INFO     Unknown ELM command: '01071', header=7E0
2024-10-07 23:19:54,194  root       handle_response DEBUG    Processing: '<writeln>?</writeln>'
2024-10-07 23:19:54,194  root       handle_response DEBUG    Write: '?\r\r>'
2024-10-07 23:19:54,194  root       run        DEBUG    Received '010B1'
2024-10-07 23:19:54,195  root       handle_request DEBUG    Handling: '010B1', header '7E0', ECU '7E0'
2024-10-07 23:19:54,195  root       handle_request DEBUG    Description: Intake Manifold Pressure, PID INTAKE_PRESSURE (010B1)
2024-10-07 23:19:54,195  root       handle_response DEBUG    Processing: '<pos_answer>73</pos_answer>'
2024-10-07 23:19:54,195  root       handle_response DEBUG    Write: '7E8 03 41 0B 73 \r\r>'
2024-10-07 23:19:54,196  root       run        DEBUG    Received '010C2'
2024-10-07 23:19:54,196  root       handle_request DEBUG    Handling: '010C2', header '7E0', ECU '7E0'
2024-10-07 23:19:54,196  root       handle_request DEBUG    Description: Engine RPM, PID RPM (010C2)
2024-10-07 23:19:54,196  root       handle_response DEBUG    Processing: '<pos_answer>3A 70</pos_answer> <header>7EA</header><size>04</size><data>41 0C 3A 70</data>'
2024-10-07 23:19:54,196  root       handle_response DEBUG    Write: '7E8 04 41 0C 3A 70 \r7EA 04 41 0C 3A 70 \r\r>'
2024-10-07 23:19:54,197  root       run        DEBUG    Received '010D2'
2024-10-07 23:19:54,197  root       handle_request DEBUG    Handling: '010D2', header '7E0', ECU '7E0'
2024-10-07 23:19:54,197  root       handle_request DEBUG    Description: Vehicle Speed, PID SPEED (010D2)
2024-10-07 23:19:54,197  root       handle_response DEBUG    Processing: '<pos_answer>5C</pos_answer> <header>7EA</header><size>03</size><data>41 0D 5C</data>'
2024-10-07 23:19:54,197  root       handle_response DEBUG    Write: '7E8 03 41 0D 5C \r7EA 03 41 0D 5C \r\r>'
2024-10-07 23:19:54,198  root       run        DEBUG    Received '010E1'
2024-10-07 23:19:54,198  root       handle_request DEBUG    Handling: '010E1', header '7E0', ECU '7E0'
2024-10-07 23:19:54,198  root       handle_request INFO     Unknown ELM command: '010E1', header=7E0
2024-10-07 23:19:54,199  root       handle_response DEBUG    Processing: '<writeln>?</writeln>'
2024-10-07 23:19:54,199  root       handle_response DEBUG    Write: '?\r\r>'
2024-10-07 23:19:54,199  root       run        DEBUG    Received '010F1'
2024-10-07 23:19:54,199  root       handle_request DEBUG    Handling: '010F1', header '7E0', ECU '7E0'
2024-10-07 23:19:54,199  root       handle_request DEBUG    Description: Intake Air Temp, PID INTAKE_TEMP (010F1)
2024-10-07 23:19:54,200  root       handle_response DEBUG    Processing: '<pos_answer>44</pos_answer>'
2024-10-07 23:19:54,200  root       handle_response DEBUG    Write: '7E8 03 41 0F 44 \r\r>'
2024-10-07 23:19:54,200  root       run        DEBUG    Received '01101'
2024-10-07 23:19:54,201  root       handle_request DEBUG    Handling: '01101', header '7E0', ECU '7E0'
2024-10-07 23:19:54,201  root       handle_request DEBUG    Description: Air Flow Rate (MAF), PID MAF (01101)
2024-10-07 23:19:54,201  root       handle_response DEBUG    Processing: '<pos_answer>05 1F</pos_answer>'
2024-10-07 23:19:54,201  root       handle_response DEBUG    Write: '7E8 04 41 10 05 1F \r\r>'
2024-10-07 23:19:54,202  root       run        DEBUG    Received '01111'
2024-10-07 23:19:54,202  root       handle_request DEBUG    Handling: '01111', header '7E0', ECU '7E0'
2024-10-07 23:19:54,203  root       handle_request DEBUG    Description: Throttle Position, PID THROTTLE_POS (01111)
2024-10-07 23:19:54,203  root       handle_response DEBUG    Processing: '<pos_answer>FF</pos_answer>'
2024-10-07 23:19:54,203  root       handle_response DEBUG    Write: '7E8 03 41 11 FF \r\r>'
2024-10-07 23:19:54,204  root       run        DEBUG    Received '01131'
2024-10-07 23:19:54,204  root       handle_request DEBUG    Handling: '01131', header '7E0', ECU '7E0'
2024-10-07 23:19:54,205  root       handle_request INFO     Unknown ELM command: '01131', header=7E0
2024-10-07 23:19:54,206  root       handle_response DEBUG    Processing: '<writeln>?</writeln>'
2024-10-07 23:19:54,206  root       handle_response DEBUG    Write: '?\r\r>'
2024-10-07 23:19:54,207  root       run        DEBUG    Received '01151'
2024-10-07 23:19:54,207  root       handle_request DEBUG    Handling: '01151', header '7E0', ECU '7E0'
2024-10-07 23:19:54,207  root       handle_request INFO     Unknown ELM command: '01151', header=7E0
2024-10-07 23:19:54,208  root       handle_response DEBUG    Processing: '<writeln>?</writeln>'
2024-10-07 23:19:54,208  root       handle_response DEBUG    Write: '?\r\r>'
2024-10-07 23:19:54,208  root       run        DEBUG    Received '011C1'
2024-10-07 23:19:54,208  root       handle_request DEBUG    Handling: '011C1', header '7E0', ECU '7E0'
2024-10-07 23:19:54,209  root       handle_request DEBUG    Description: OBD Standards Compliance, PID OBD_COMPLIANCE (011C1)
2024-10-07 23:19:54,209  root       handle_response DEBUG    Processing: '<pos_answer>06</pos_answer>'
2024-10-07 23:19:54,209  root       handle_response DEBUG    Write: '7E8 03 41 1C 06 \r\r>'
2024-10-07 23:19:54,209  root       run        DEBUG    Received '011F1'
2024-10-07 23:19:54,210  root       handle_request DEBUG    Handling: '011F1', header '7E0', ECU '7E0'
2024-10-07 23:19:54,210  root       handle_request DEBUG    Description: Engine Run Time, PID RUN_TIME (011F1)
2024-10-07 23:19:54,210  root       handle_response DEBUG    Processing: '<pos_answer>00 8C</pos_answer>'
2024-10-07 23:19:54,210  root       handle_response DEBUG    Write: '7E8 04 41 1F 00 8C \r\r>'
2024-10-07 23:19:54,210  root       run        DEBUG    Received '01202'
2024-10-07 23:19:54,211  root       handle_request DEBUG    Handling: '01202', header '7E0', ECU '7E0'
2024-10-07 23:19:54,211  root       handle_request DEBUG    Description: PIDS_B, PID ELM_PIDS_B (01202)
2024-10-07 23:19:54,211  root       handle_response DEBUG    Processing: '<header>7EA</header><size>06</size><data>41 20 80 01 A0 01</data><pos_answer>90 15 B0 15</pos_answer>'
2024-10-07 23:19:54,211  root       handle_response DEBUG    Write: '7EA 06 41 20 80 01 A0 01 \r7E8 06 41 20 90 15 B0 15 \r\r>'
2024-10-07 23:19:54,212  root       run        DEBUG    Received '01211'
2024-10-07 23:19:54,212  root       handle_request DEBUG    Handling: '01211', header '7E0', ECU '7E0'
2024-10-07 23:19:54,212  root       handle_request DEBUG    Description: Distance Traveled with MIL on, PID DISTANCE_W_MIL (01211)
2024-10-07 23:19:54,212  root       handle_response DEBUG    Processing: '<pos_answer>00 00</pos_answer>'
2024-10-07 23:19:54,212  root       handle_response DEBUG    Write: '7E8 04 41 21 00 00 \r\r>'
2024-10-07 23:19:54,213  root       run        DEBUG    Received '01241'
2024-10-07 23:19:54,213  root       handle_request DEBUG    Handling: '01241', header '7E0', ECU '7E0'
2024-10-07 23:19:54,214  root       handle_request INFO     Unknown ELM command: '01241', header=7E0
2024-10-07 23:19:54,214  root       handle_response DEBUG    Processing: '<writeln>?</writeln>'
2024-10-07 23:19:54,214  root       handle_response DEBUG    Write: '?\r\r>'
2024-10-07 23:19:54,215  root       run        DEBUG    Received '012C1'
2024-10-07 23:19:54,215  root       handle_request DEBUG    Handling: '012C1', header '7E0', ECU '7E0'
2024-10-07 23:19:54,215  root       handle_request DEBUG    Description: Commanded EGR, PID COMMANDED_EGR (012C1)
2024-10-07 23:19:54,215  root       handle_response DEBUG    Processing: '<pos_answer>0D</pos_answer>'
2024-10-07 23:19:54,215  root       handle_response DEBUG    Write: '7E8 03 41 2C 0D \r\r>'
2024-10-07 23:19:54,216  root       run        DEBUG    Received '012E1'
2024-10-07 23:19:54,216  root       handle_request DEBUG    Handling: '012E1', header '7E0', ECU '7E0'
2024-10-07 23:19:54,217  root       handle_request INFO     Unknown ELM command: '012E1', header=7E0
2024-10-07 23:19:54,217  root       handle_response DEBUG    Processing: '<writeln>?</writeln>'
2024-10-07 23:19:54,217  root       handle_response DEBUG    Write: '?\r\r>'
2024-10-07 23:19:54,218  root       run        DEBUG    Received '01301'
2024-10-07 23:19:54,218  root       handle_request DEBUG    Handling: '01301', header '7E0', ECU '7E0'
2024-10-07 23:19:54,218  root       handle_request INFO     Unknown ELM command: '01301', header=7E0
2024-10-07 23:19:54,219  root       handle_response DEBUG    Processing: '<writeln>?</writeln>'
2024-10-07 23:19:54,219  root       handle_response DEBUG    Write: '?\r\r>'
2024-10-07 23:19:54,219  root       run        DEBUG    Received '01311'
2024-10-07 23:19:54,219  root       handle_request DEBUG    Handling: '01311', header '7E0', ECU '7E0'
2024-10-07 23:19:54,219  root       handle_request DEBUG    Description: Distance traveled since codes cleared, PID DISTANCE_SINCE_DTC_CLEAR (01311)
2024-10-07 23:19:54,220  root       handle_response DEBUG    Processing: '<pos_answer>C8 1F</pos_answer>'
2024-10-07 23:19:54,220  root       handle_response DEBUG    Write: '7E8 04 41 31 C8 1F \r\r>'
2024-10-07 23:19:54,220  root       run        DEBUG    Received '01331'
2024-10-07 23:19:54,220  root       handle_request DEBUG    Handling: '01331', header '7E0', ECU '7E0'
2024-10-07 23:19:54,221  root       handle_request DEBUG    Description: Barometric Pressure, PID BAROMETRIC_PRESSURE (01331)
2024-10-07 23:19:54,221  root       handle_response DEBUG    Processing: '<pos_answer>65</pos_answer>'
2024-10-07 23:19:54,221  root       handle_response DEBUG    Write: '7E8 03 41 33 65 \r\r>'
2024-10-07 23:19:54,222  root       run        DEBUG    Received '01341'
2024-10-07 23:19:54,222  root       handle_request DEBUG    Handling: '01341', header '7E0', ECU '7E0'
2024-10-07 23:19:54,222  root       handle_request INFO     Unknown ELM command: '01341', header=7E0
2024-10-07 23:19:54,222  root       handle_response DEBUG    Processing: '<writeln>?</writeln>'
2024-10-07 23:19:54,222  root       handle_response DEBUG    Write: '?\r\r>'
2024-10-07 23:19:54,223  root       run        DEBUG    Received '013C1'
2024-10-07 23:19:54,223  root       handle_request DEBUG    Handling: '013C1', header '7E0', ECU '7E0'
2024-10-07 23:19:54,223  root       handle_request DEBUG    Description: Catalyst Temperature: Bank 1 - Sensor 1, PID CATALYST_TEMP_B1S1 (013C1)
2024-10-07 23:19:54,223  root       handle_response DEBUG    Processing: '<pos_answer>04 44</pos_answer>'
2024-10-07 23:19:54,223  root       handle_response DEBUG    Write: '7E8 04 41 3C 04 44 \r\r>'
2024-10-07 23:19:54,225  root       run        DEBUG    Received '013E1'
2024-10-07 23:19:54,225  root       handle_request DEBUG    Handling: '013E1', header '7E0', ECU '7E0'
2024-10-07 23:19:54,226  root       handle_request INFO     Unknown ELM command: '013E1', header=7E0
2024-10-07 23:19:54,226  root       handle_response DEBUG    Processing: '<writeln>?</writeln>'
2024-10-07 23:19:54,226  root       handle_response DEBUG    Write: '?\r\r>'
2024-10-07 23:19:54,227  root       run        DEBUG    Received '01402'
2024-10-07 23:19:54,227  root       handle_request DEBUG    Handling: '01402', header '7E0', ECU '7E0'
2024-10-07 23:19:54,227  root       handle_request DEBUG    Description: PIDS_C, PID ELM_PIDS_C (01402)
2024-10-07 23:19:54,227  root       handle_response DEBUG    Processing: '<header>7EA</header><size>06</size><data>41 40 44 CC 00 21</data><pos_answer>7A 1C 80 00</pos_answer>'
2024-10-07 23:19:54,227  root       handle_response DEBUG    Write: '7EA 06 41 40 44 CC 00 21 \r7E8 06 41 40 7A 1C 80 00 \r\r>'
2024-10-07 23:19:54,228  root       run        DEBUG    Received '01421'
2024-10-07 23:19:54,228  root       handle_request DEBUG    Handling: '01421', header '7E0', ECU '7E0'
2024-10-07 23:19:54,228  root       handle_request DEBUG    Description: Control module voltage, PID CONTROL_MODULE_VOLTAGE (01421)
2024-10-07 23:19:54,229  root       handle_response DEBUG    Processing: '<pos_answer>39 D6</pos_answer>'
2024-10-07 23:19:54,229  root       handle_response DEBUG    Write: '7E8 04 41 42 39 D6 \r\r>'
2024-10-07 23:19:54,229  root       run        DEBUG    Received '01431'
2024-10-07 23:19:54,230  root       handle_request DEBUG    Handling: '01431', header '7E0', ECU '7E0'
2024-10-07 23:19:54,230  root       handle_request INFO     Unknown ELM command: '01431', header=7E0
2024-10-07 23:19:54,230  root       handle_response DEBUG    Processing: '<writeln>?</writeln>'
2024-10-07 23:19:54,230  root       handle_response DEBUG    Write: '?\r\r>'
2024-10-07 23:19:54,231  root       run        DEBUG    Received '01441'
2024-10-07 23:19:54,231  root       handle_request DEBUG    Handling: '01441', header '7E0', ECU '7E0'
2024-10-07 23:19:54,232  root       handle_request INFO     Unknown ELM command: '01441', header=7E0
2024-10-07 23:19:54,232  root       handle_response DEBUG    Processing: '<writeln>?</writeln>'
2024-10-07 23:19:54,232  root       handle_response DEBUG    Write: '?\r\r>'
2024-10-07 23:19:54,232  root       run        DEBUG    Received '01451'
2024-10-07 23:19:54,233  root       handle_request DEBUG    Handling: '01451', header '7E0', ECU '7E0'
2024-10-07 23:19:54,234  root       handle_request INFO     Unknown ELM command: '01451', header=7E0
2024-10-07 23:19:54,234  root       handle_response DEBUG    Processing: '<writeln>?</writeln>'
2024-10-07 23:19:54,234  root       handle_response DEBUG    Write: '?\r\r>'
2024-10-07 23:19:54,235  root       run        DEBUG    Received '01471'
2024-10-07 23:19:54,235  root       handle_request DEBUG    Handling: '01471', header '7E0', ECU '7E0'
2024-10-07 23:19:54,236  root       handle_request INFO     Unknown ELM command: '01471', header=7E0
2024-10-07 23:19:54,237  root       handle_response DEBUG    Processing: '<writeln>?</writeln>'
2024-10-07 23:19:54,237  root       handle_response DEBUG    Write: '?\r\r>'
2024-10-07 23:19:54,238  root       run        DEBUG    Received '014C1'
2024-10-07 23:19:54,239  root       handle_request DEBUG    Handling: '014C1', header '7E0', ECU '7E0'
2024-10-07 23:19:54,239  root       handle_request DEBUG    Description: Commanded throttle actuator, PID THROTTLE_ACTUATOR (014C1)
2024-10-07 23:19:54,239  root       handle_response DEBUG    Processing: '<pos_answer>00</pos_answer>'
2024-10-07 23:19:54,239  root       handle_response DEBUG    Write: '7E8 03 41 4C 00 \r\r>'
2024-10-07 23:19:54,240  root       run        DEBUG    Received '014D1'
2024-10-07 23:19:54,241  root       handle_request DEBUG    Handling: '014D1', header '7E0', ECU '7E0'
2024-10-07 23:19:54,241  root       handle_request DEBUG    Description: Time run with MIL on, PID RUN_TIME_MIL (014D1)
2024-10-07 23:19:54,241  root       handle_response DEBUG    Processing: '<pos_answer>00 00</pos_answer>'
2024-10-07 23:19:54,241  root       handle_response DEBUG    Write: '7E8 04 41 4D 00 00 \r\r>'
2024-10-07 23:19:54,242  root       run        DEBUG    Received '014E1'
2024-10-07 23:19:54,242  root       handle_request DEBUG    Handling: '014E1', header '7E0', ECU '7E0'
2024-10-07 23:19:54,243  root       handle_request DEBUG    Description: Time since trouble codes cleared, PID TIME_SINCE_DTC_CLEARED (014E1)
2024-10-07 23:19:54,243  root       handle_response DEBUG    Processing: '<pos_answer>4C 69</pos_answer>'
2024-10-07 23:19:54,243  root       handle_response DEBUG    Write: '7E8 04 41 4E 4C 69 \r\r>'
2024-10-07 23:19:54,244  root       run        DEBUG    Received '01511'
2024-10-07 23:19:54,244  root       handle_request DEBUG    Handling: '01511', header '7E0', ECU '7E0'
2024-10-07 23:19:54,245  root       handle_request DEBUG    Description: Fuel Type, PID FUEL_TYPE (01511)
2024-10-07 23:19:54,245  root       handle_response DEBUG    Processing: '<pos_answer>01</pos_answer>'
2024-10-07 23:19:54,245  root       handle_response DEBUG    Write: '7E8 03 41 51 01 \r\r>'
2024-10-07 23:19:54,497  root       run        DEBUG    Received '01011'
2024-10-07 23:19:54,497  root       handle_request DEBUG    Handling: '01011', header '7E0', ECU '7E0'
2024-10-07 23:19:54,499  root       handle_request INFO     Unknown ELM command: '01011', header=7E0
2024-10-07 23:19:54,499  root       handle_response DEBUG    Processing: '<writeln>?</writeln>'
2024-10-07 23:19:54,500  root       handle_response DEBUG    Write: '?\r\r>'
2024-10-07 23:19:54,507  root       run        DEBUG    Received '01031'
2024-10-07 23:19:54,508  root       handle_request DEBUG    Handling: '01031', header '7E0', ECU '7E0'
2024-10-07 23:19:54,508  root       handle_request DEBUG    Description: Fuel System Status, PID FUEL_STATUS (01031)
2024-10-07 23:19:54,508  root       handle_response DEBUG    Processing: '<pos_answer>00 00</pos_answer>'
2024-10-07 23:19:54,509  root       handle_response DEBUG    Write: '7E8 04 41 03 00 00 \r\r>'
2024-10-07 23:19:54,510  root       run        DEBUG    Received '01041'
2024-10-07 23:19:54,511  root       handle_request DEBUG    Handling: '01041', header '7E0', ECU '7E0'
2024-10-07 23:19:54,511  root       handle_request DEBUG    Description: Calculated Engine Load, PID ENGINE_LOAD (01041)
2024-10-07 23:19:54,512  root       handle_response DEBUG    Processing: '<pos_answer>00</pos_answer>'
2024-10-07 23:19:54,512  root       handle_response DEBUG    Write: '7E8 03 41 04 00 \r\r>'
2024-10-07 23:19:54,514  root       run        DEBUG    Received '01051'
2024-10-07 23:19:54,515  root       handle_request DEBUG    Handling: '01051', header '7E0', ECU '7E0'
2024-10-07 23:19:54,515  root       handle_request DEBUG    Description: Engine Coolant Temperature, PID COOLANT_TEMP (01051)
2024-10-07 23:19:54,515  root       handle_response DEBUG    Processing: '<pos_answer>7B</pos_answer>'
2024-10-07 23:19:54,516  root       handle_response DEBUG    Write: '7E8 03 41 05 7B \r\r>'
2024-10-07 23:19:54,518  root       run        DEBUG    Received '01061'
2024-10-07 23:19:54,519  root       handle_request DEBUG    Handling: '01061', header '7E0', ECU '7E0'
2024-10-07 23:19:54,521  root       handle_request INFO     Unknown ELM command: '01061', header=7E0
2024-10-07 23:19:54,521  root       handle_response DEBUG    Processing: '<writeln>?</writeln>'
2024-10-07 23:19:54,522  root       handle_response DEBUG    Write: '?\r\r>'
2024-10-07 23:19:54,524  root       run        DEBUG    Received '01071'
2024-10-07 23:19:54,524  root       handle_request DEBUG    Handling: '01071', header '7E0', ECU '7E0'
2024-10-07 23:19:54,526  root       handle_request INFO     Unknown ELM command: '01071', header=7E0
2024-10-07 23:19:54,526  root       handle_response DEBUG    Processing: '<writeln>?</writeln>'
2024-10-07 23:19:54,527  root       handle_response DEBUG    Write: '?\r\r>'
2024-10-07 23:19:54,528  root       run        DEBUG    Received '010B1'
2024-10-07 23:19:54,528  root       handle_request DEBUG    Handling: '010B1', header '7E0', ECU '7E0'
2024-10-07 23:19:54,529  root       handle_request DEBUG    Description: Intake Manifold Pressure, PID INTAKE_PRESSURE (010B1)
2024-10-07 23:19:54,529  root       handle_response DEBUG    Processing: '<pos_answer>73</pos_answer>'
2024-10-07 23:19:54,530  root       handle_response DEBUG    Write: '7E8 03 41 0B 73 \r\r>'
2024-10-07 23:19:54,531  root       run        DEBUG    Received '010C2'
2024-10-07 23:19:54,532  root       handle_request DEBUG    Handling: '010C2', header '7E0', ECU '7E0'
2024-10-07 23:19:54,532  root       handle_request DEBUG    Description: Engine RPM, PID RPM (010C2)
2024-10-07 23:19:54,533  root       handle_response DEBUG    Processing: '<pos_answer>3A C0</pos_answer> <header>7EA</header><size>04</size><data>41 0C 3A C0</data>'
2024-10-07 23:19:54,533  root       handle_response DEBUG    Write: '7E8 04 41 0C 3A C0 \r7EA 04 41 0C 3A C0 \r\r>'
2024-10-07 23:19:54,535  root       run        DEBUG    Received '010D2'
2024-10-07 23:19:54,535  root       handle_request DEBUG    Handling: '010D2', header '7E0', ECU '7E0'
2024-10-07 23:19:54,536  root       handle_request DEBUG    Description: Vehicle Speed, PID SPEED (010D2)
2024-10-07 23:19:54,536  root       handle_response DEBUG    Processing: '<pos_answer>58</pos_answer> <header>7EA</header><size>03</size><data>41 0D 58</data>'
2024-10-07 23:19:54,537  root       handle_response DEBUG    Write: '7E8 03 41 0D 58 \r7EA 03 41 0D 58 \r\r>'
2024-10-07 23:19:54,538  root       run        DEBUG    Received '010E1'
2024-10-07 23:19:54,538  root       handle_request DEBUG    Handling: '010E1', header '7E0', ECU '7E0'
2024-10-07 23:19:54,540  root       handle_request INFO     Unknown ELM command: '010E1', header=7E0
2024-10-07 23:19:54,540  root       handle_response DEBUG    Processing: '<writeln>?</writeln>'
2024-10-07 23:19:54,540  root       handle_response DEBUG    Write: '?\r\r>'
2024-10-07 23:19:54,542  root       run        DEBUG    Received '010F1'
2024-10-07 23:19:54,542  root       handle_request DEBUG    Handling: '010F1', header '7E0', ECU '7E0'
2024-10-07 23:19:54,543  root       handle_request DEBUG    Description: Intake Air Temp, PID INTAKE_TEMP (010F1)
2024-10-07 23:19:54,543  root       handle_response DEBUG    Processing: '<pos_answer>44</pos_answer>'
2024-10-07 23:19:54,543  root       handle_response DEBUG    Write: '7E8 03 41 0F 44 \r\r>'
2024-10-07 23:19:54,545  root       run        DEBUG    Received '01101'
2024-10-07 23:19:54,546  root       handle_request DEBUG    Handling: '01101', header '7E0', ECU '7E0'
2024-10-07 23:19:54,546  root       handle_request DEBUG    Description: Air Flow Rate (MAF), PID MAF (01101)
2024-10-07 23:19:54,546  root       handle_response DEBUG    Processing: '<pos_answer>05 1F</pos_answer>'
2024-10-07 23:19:54,547  root       handle_response DEBUG    Write: '7E8 04 41 10 05 1F \r\r>'
2024-10-07 23:19:54,549  root       run        DEBUG    Received '01111'
2024-10-07 23:19:54,549  root       handle_request DEBUG    Handling: '01111', header '7E0', ECU '7E0'
2024-10-07 23:19:54,550  root       handle_request DEBUG    Description: Throttle Position, PID THROTTLE_POS (01111)
2024-10-07 23:19:54,550  root       handle_response DEBUG    Processing: '<pos_answer>FF</pos_answer>'
2024-10-07 23:19:54,551  root       handle_response DEBUG    Write: '7E8 03 41 11 FF \r\r>'
2024-10-07 23:19:54,552  root       run        DEBUG    Received '01131'
2024-10-07 23:19:54,553  root       handle_request DEBUG    Handling: '01131', header '7E0', ECU '7E0'
2024-10-07 23:19:54,554  root       handle_request INFO     Unknown ELM command: '01131', header=7E0
2024-10-07 23:19:54,554  root       handle_response DEBUG    Processing: '<writeln>?</writeln>'
2024-10-07 23:19:54,555  root       handle_response DEBUG    Write: '?\r\r>'
2024-10-07 23:19:54,556  root       run        DEBUG    Received '01151'
2024-10-07 23:19:54,556  root       handle_request DEBUG    Handling: '01151', header '7E0', ECU '7E0'
2024-10-07 23:19:54,557  root       handle_request INFO     Unknown ELM command: '01151', header=7E0
2024-10-07 23:19:54,557  root       handle_response DEBUG    Processing: '<writeln>?</writeln>'
2024-10-07 23:19:54,557  root       handle_response DEBUG    Write: '?\r\r>'
2024-10-07 23:19:54,558  root       run        DEBUG    Received '011C1'
2024-10-07 23:19:54,558  root       handle_request DEBUG    Handling: '011C1', header '7E0', ECU '7E0'
2024-10-07 23:19:54,558  root       handle_request DEBUG    Description: OBD Standards Compliance, PID OBD_COMPLIANCE (011C1)
2024-10-07 23:19:54,559  root       handle_response DEBUG    Processing: '<pos_answer>06</pos_answer>'
2024-10-07 23:19:54,559  root       handle_response DEBUG    Write: '7E8 03 41 1C 06 \r\r>'
2024-10-07 23:19:54,560  root       run        DEBUG    Received '011F1'
2024-10-07 23:19:54,560  root       handle_request DEBUG    Handling: '011F1', header '7E0', ECU '7E0'
2024-10-07 23:19:54,560  root       handle_request DEBUG    Description: Engine Run Time, PID RUN_TIME (011F1)
2024-10-07 23:19:54,561  root       handle_response DEBUG    Processing: '<pos_answer>00 8C</pos_answer>'
2024-10-07 23:19:54,561  root       handle_response DEBUG    Write: '7E8 04 41 1F 00 8C \r\r>'
2024-10-07 23:19:54,562  root       run        DEBUG    Received '01202'
2024-10-07 23:19:54,562  root       handle_request DEBUG    Handling: '01202', header '7E0', ECU '7E0'
2024-10-07 23:19:54,562  root       handle_request DEBUG    Description: PIDS_B, PID ELM_PIDS_B (01202)
2024-10-07 23:19:54,562  root       handle_response DEBUG    Processing: '<header>7EA</header><size>06</size><data>41 20 80 01 A0 01</data><pos_answer>90 15 B0 15</pos_answer>'
2024-10-07 23:19:54,563  root       handle_response DEBUG    Write: '7EA 06 41 20 80 01 A0 01 \r7E8 06 41 20 90 15 B0 15 \r\r>'
2024-10-07 23:19:54,563  root       run        DEBUG    Received '01211'
2024-10-07 23:19:54,564  root       handle_request DEBUG    Handling: '01211', header '7E0', ECU '7E0'
2024-10-07 23:19:54,564  root       handle_request DEBUG    Description: Distance Traveled with MIL on, PID DISTANCE_W_MIL (01211)
2024-10-07 23:19:54,564  root       handle_response DEBUG    Processing: '<pos_answer>00 00</pos_answer>'
2024-10-07 23:19:54,564  root       handle_response DEBUG    Write: '7E8 04 41 21 00 00 \r\r>'
2024-10-07 23:19:54,565  root       run        DEBUG    Received '01241'
2024-10-07 23:19:54,565  root       handle_request DEBUG    Handling: '01241', header '7E0', ECU '7E0'
2024-10-07 23:19:54,566  root       handle_request INFO     Unknown ELM command: '01241', header=7E0
2024-10-07 23:19:54,566  root       handle_response DEBUG    Processing: '<writeln>?</writeln>'
2024-10-07 23:19:54,566  root       handle_response DEBUG    Write: '?\r\r>'
2024-10-07 23:19:54,567  root       run        DEBUG    Received '012C1'
2024-10-07 23:19:54,567  root       handle_request DEBUG    Handling: '012C1', header '7E0', ECU '7E0'
2024-10-07 23:19:54,567  root       handle_request DEBUG    Description: Commanded EGR, PID COMMANDED_EGR (012C1)
2024-10-07 23:19:54,567  root       handle_response DEBUG    Processing: '<pos_answer>0D</pos_answer>'
2024-10-07 23:19:54,567  root       handle_response DEBUG    Write: '7E8 03 41 2C 0D \r\r>'
2024-10-07 23:19:54,568  root       run        DEBUG    Received '012E1'
2024-10-07 23:19:54,568  root       handle_request DEBUG    Handling: '012E1', header '7E0', ECU '7E0'
2024-10-07 23:19:54,569  root       handle_request INFO     Unknown ELM command: '012E1', header=7E0
2024-10-07 23:19:54,569  root       handle_response DEBUG    Processing: '<writeln>?</writeln>'
2024-10-07 23:19:54,569  root       handle_response DEBUG    Write: '?\r\r>'
2024-10-07 23:19:54,570  root       run        DEBUG    Received '01301'
2024-10-07 23:19:54,570  root       handle_request DEBUG    Handling: '01301', header '7E0', ECU '7E0'
2024-10-07 23:19:54,571  root       handle_request INFO     Unknown ELM command: '01301', header=7E0
2024-10-07 23:19:54,571  root       handle_response DEBUG    Processing: '<writeln>?</writeln>'
2024-10-07 23:19:54,571  root       handle_response DEBUG    Write: '?\r\r>'
2024-10-07 23:19:54,572  root       run        DEBUG    Received '01311'
2024-10-07 23:19:54,572  root       handle_request DEBUG    Handling: '01311', header '7E0', ECU '7E0'
2024-10-07 23:19:54,572  root       handle_request DEBUG    Description: Distance traveled since codes cleared, PID DISTANCE_SINCE_DTC_CLEAR (01311)
2024-10-07 23:19:54,572  root       handle_response DEBUG    Processing: '<pos_answer>C8 1F</pos_answer>'
2024-10-07 23:19:54,572  root       handle_response DEBUG    Write: '7E8 04 41 31 C8 1F \r\r>'
2024-10-07 23:19:54,573  root       run        DEBUG    Received '01331'
2024-10-07 23:19:54,573  root       handle_request DEBUG    Handling: '01331', header '7E0', ECU '7E0'
2024-10-07 23:19:54,573  root       handle_request DEBUG    Description: Barometric Pressure, PID BAROMETRIC_PRESSURE (01331)
2024-10-07 23:19:54,573  root       handle_response DEBUG    Processing: '<pos_answer>65</pos_answer>'
2024-10-07 23:19:54,573  root       handle_response DEBUG    Write: '7E8 03 41 33 65 \r\r>'
2024-10-07 23:19:54,574  root       run        DEBUG    Received '01341'
2024-10-07 23:19:54,574  root       handle_request DEBUG    Handling: '01341', header '7E0', ECU '7E0'
2024-10-07 23:19:54,575  root       handle_request INFO     Unknown ELM command: '01341', header=7E0
2024-10-07 23:19:54,575  root       handle_response DEBUG    Processing: '<writeln>?</writeln>'
2024-10-07 23:19:54,575  root       handle_response DEBUG    Write: '?\r\r>'
2024-10-07 23:19:54,575  root       run        DEBUG    Received '013C1'
2024-10-07 23:19:54,575  root       handle_request DEBUG    Handling: '013C1', header '7E0', ECU '7E0'
2024-10-07 23:19:54,576  root       handle_request DEBUG    Description: Catalyst Temperature: Bank 1 - Sensor 1, PID CATALYST_TEMP_B1S1 (013C1)
2024-10-07 23:19:54,576  root       handle_response DEBUG    Processing: '<pos_answer>04 44</pos_answer>'
2024-10-07 23:19:54,576  root       handle_response DEBUG    Write: '7E8 04 41 3C 04 44 \r\r>'
2024-10-07 23:19:54,578  root       run        DEBUG    Received '013E1'
2024-10-07 23:19:54,578  root       handle_request DEBUG    Handling: '013E1', header '7E0', ECU '7E0'
2024-10-07 23:19:54,579  root       handle_request INFO     Unknown ELM command: '013E1', header=7E0
2024-10-07 23:19:54,579  root       handle_response DEBUG    Processing: '<writeln>?</writeln>'
2024-10-07 23:19:54,579  root       handle_response DEBUG    Write: '?\r\r>'
2024-10-07 23:19:54,580  root       run        DEBUG    Received '01402'
2024-10-07 23:19:54,580  root       handle_request DEBUG    Handling: '01402', header '7E0', ECU '7E0'
2024-10-07 23:19:54,580  root       handle_request DEBUG    Description: PIDS_C, PID ELM_PIDS_C (01402)
2024-10-07 23:19:54,580  root       handle_response DEBUG    Processing: '<header>7EA</header><size>06</size><data>41 40 44 CC 00 21</data><pos_answer>7A 1C 80 00</pos_answer>'
2024-10-07 23:19:54,580  root       handle_response DEBUG    Write: '7EA 06 41 40 44 CC 00 21 \r7E8 06 41 40 7A 1C 80 00 \r\r>'
2024-10-07 23:19:54,581  root       run        DEBUG    Received '01421'
2024-10-07 23:19:54,581  root       handle_request DEBUG    Handling: '01421', header '7E0', ECU '7E0'
2024-10-07 23:19:54,581  root       handle_request DEBUG    Description: Control module voltage, PID CONTROL_MODULE_VOLTAGE (01421)
2024-10-07 23:19:54,581  root       handle_response DEBUG    Processing: '<pos_answer>39 D6</pos_answer>'
2024-10-07 23:19:54,582  root       handle_response DEBUG    Write: '7E8 04 41 42 39 D6 \r\r>'
2024-10-07 23:19:54,582  root       run        DEBUG    Received '01431'
2024-10-07 23:19:54,582  root       handle_request DEBUG    Handling: '01431', header '7E0', ECU '7E0'
2024-10-07 23:19:54,583  root       handle_request INFO     Unknown ELM command: '01431', header=7E0
2024-10-07 23:19:54,583  root       handle_response DEBUG    Processing: '<writeln>?</writeln>'
2024-10-07 23:19:54,583  root       handle_response DEBUG    Write: '?\r\r>'
2024-10-07 23:19:54,584  root       run        DEBUG    Received '01441'
2024-10-07 23:19:54,584  root       handle_request DEBUG    Handling: '01441', header '7E0', ECU '7E0'
2024-10-07 23:19:54,585  root       handle_request INFO     Unknown ELM command: '01441', header=7E0
2024-10-07 23:19:54,585  root       handle_response DEBUG    Processing: '<writeln>?</writeln>'
2024-10-07 23:19:54,585  root       handle_response DEBUG    Write: '?\r\r>'
2024-10-07 23:19:54,585  root       run        DEBUG    Received '01451'
2024-10-07 23:19:54,586  root       handle_request DEBUG    Handling: '01451', header '7E0', ECU '7E0'
2024-10-07 23:19:54,586  root       handle_request INFO     Unknown ELM command: '01451', header=7E0
2024-10-07 23:19:54,586  root       handle_response DEBUG    Processing: '<writeln>?</writeln>'
2024-10-07 23:19:54,587  root       handle_response DEBUG    Write: '?\r\r>'
2024-10-07 23:19:54,587  root       run        DEBUG    Received '01471'
2024-10-07 23:19:54,587  root       handle_request DEBUG    Handling: '01471', header '7E0', ECU '7E0'
2024-10-07 23:19:54,589  root       handle_request INFO     Unknown ELM command: '01471', header=7E0
2024-10-07 23:19:54,589  root       handle_response DEBUG    Processing: '<writeln>?</writeln>'
2024-10-07 23:19:54,589  root       handle_response DEBUG    Write: '?\r\r>'
2024-10-07 23:19:54,591  root       run        DEBUG    Received '014C1'
2024-10-07 23:19:54,591  root       handle_request DEBUG    Handling: '014C1', header '7E0', ECU '7E0'
2024-10-07 23:19:54,591  root       handle_request DEBUG    Description: Commanded throttle actuator, PID THROTTLE_ACTUATOR (014C1)
2024-10-07 23:19:54,591  root       handle_response DEBUG    Processing: '<pos_answer>00</pos_answer>'
2024-10-07 23:19:54,592  root       handle_response DEBUG    Write: '7E8 03 41 4C 00 \r\r>'
2024-10-07 23:19:54,593  root       run        DEBUG    Received '014D1'
2024-10-07 23:19:54,593  root       handle_request DEBUG    Handling: '014D1', header '7E0', ECU '7E0'
2024-10-07 23:19:54,593  root       handle_request DEBUG    Description: Time run with MIL on, PID RUN_TIME_MIL (014D1)
2024-10-07 23:19:54,593  root       handle_response DEBUG    Processing: '<pos_answer>00 00</pos_answer>'
2024-10-07 23:19:54,594  root       handle_response DEBUG    Write: '7E8 04 41 4D 00 00 \r\r>'
2024-10-07 23:19:54,594  root       run        DEBUG    Received '014E1'
2024-10-07 23:19:54,595  root       handle_request DEBUG    Handling: '014E1', header '7E0', ECU '7E0'
2024-10-07 23:19:54,595  root       handle_request DEBUG    Description: Time since trouble codes cleared, PID TIME_SINCE_DTC_CLEARED (014E1)
2024-10-07 23:19:54,595  root       handle_response DEBUG    Processing: '<pos_answer>4C 69</pos_answer>'
2024-10-07 23:19:54,595  root       handle_response DEBUG    Write: '7E8 04 41 4E 4C 69 \r\r>'
2024-10-07 23:19:54,596  root       run        DEBUG    Received '01511'
2024-10-07 23:19:54,596  root       handle_request DEBUG    Handling: '01511', header '7E0', ECU '7E0'
2024-10-07 23:19:54,597  root       handle_request DEBUG    Description: Fuel Type, PID FUEL_TYPE (01511)
2024-10-07 23:19:54,597  root       handle_response DEBUG    Processing: '<pos_answer>01</pos_answer>'
2024-10-07 23:19:54,597  root       handle_response DEBUG    Write: '7E8 03 41 51 01 \r\r>'
2024-10-07 23:19:55,914  root       run        DEBUG    Received '01011'
2024-10-07 23:19:55,914  root       handle_request DEBUG    Handling: '01011', header '7E0', ECU '7E0'
2024-10-07 23:19:55,914  root       handle_request INFO     Unknown ELM command: '01011', header=7E0
2024-10-07 23:19:55,914  root       handle_response DEBUG    Processing: '<writeln>?</writeln>'
2024-10-07 23:19:55,915  root       handle_response DEBUG    Write: '?\r\r>'
2024-10-07 23:19:55,917  root       run        DEBUG    Received '01031'
2024-10-07 23:19:55,917  root       handle_request DEBUG    Handling: '01031', header '7E0', ECU '7E0'
2024-10-07 23:19:55,917  root       handle_request DEBUG    Description: Fuel System Status, PID FUEL_STATUS (01031)
2024-10-07 23:19:55,917  root       handle_response DEBUG    Processing: '<pos_answer>00 00</pos_answer>'
2024-10-07 23:19:55,917  root       handle_response DEBUG    Write: '7E8 04 41 03 00 00 \r\r>'
2024-10-07 23:19:55,918  root       run        DEBUG    Received '01041'
2024-10-07 23:19:55,918  root       handle_request DEBUG    Handling: '01041', header '7E0', ECU '7E0'
2024-10-07 23:19:55,918  root       handle_request DEBUG    Description: Calculated Engine Load, PID ENGINE_LOAD (01041)
2024-10-07 23:19:55,918  root       handle_response DEBUG    Processing: '<pos_answer>00</pos_answer>'
2024-10-07 23:19:55,918  root       handle_response DEBUG    Write: '7E8 03 41 04 00 \r\r>'
2024-10-07 23:19:55,919  root       run        DEBUG    Received '01051'
2024-10-07 23:19:55,919  root       handle_request DEBUG    Handling: '01051', header '7E0', ECU '7E0'
2024-10-07 23:19:55,919  root       handle_request DEBUG    Description: Engine Coolant Temperature, PID COOLANT_TEMP (01051)
2024-10-07 23:19:55,919  root       handle_response DEBUG    Processing: '<pos_answer>7B</pos_answer>'
2024-10-07 23:19:55,919  root       handle_response DEBUG    Write: '7E8 03 41 05 7B \r\r>'
2024-10-07 23:19:55,920  root       run        DEBUG    Received '01061'
2024-10-07 23:19:55,920  root       handle_request DEBUG    Handling: '01061', header '7E0', ECU '7E0'
2024-10-07 23:19:55,920  root       handle_request INFO     Unknown ELM command: '01061', header=7E0
2024-10-07 23:19:55,920  root       handle_response DEBUG    Processing: '<writeln>?</writeln>'
2024-10-07 23:19:55,921  root       handle_response DEBUG    Write: '?\r\r>'
2024-10-07 23:19:55,921  root       run        DEBUG    Received '01071'
2024-10-07 23:19:55,921  root       handle_request DEBUG    Handling: '01071', header '7E0', ECU '7E0'
2024-10-07 23:19:55,921  root       handle_request INFO     Unknown ELM command: '01071', header=7E0
2024-10-07 23:19:55,922  root       handle_response DEBUG    Processing: '<writeln>?</writeln>'
2024-10-07 23:19:55,922  root       handle_response DEBUG    Write: '?\r\r>'
2024-10-07 23:19:55,922  root       run        DEBUG    Received '010B1'
2024-10-07 23:19:55,922  root       handle_request DEBUG    Handling: '010B1', header '7E0', ECU '7E0'
2024-10-07 23:19:55,922  root       handle_request DEBUG    Description: Intake Manifold Pressure, PID INTAKE_PRESSURE (010B1)
2024-10-07 23:19:55,922  root       handle_response DEBUG    Processing: '<pos_answer>73</pos_answer>'
2024-10-07 23:19:55,923  root       handle_response DEBUG    Write: '7E8 03 41 0B 73 \r\r>'
2024-10-07 23:19:55,923  root       run        DEBUG    Received '010C2'
2024-10-07 23:19:55,923  root       handle_request DEBUG    Handling: '010C2', header '7E0', ECU '7E0'
2024-10-07 23:19:55,923  root       handle_request DEBUG    Description: Engine RPM, PID RPM (010C2)
2024-10-07 23:19:55,923  root       handle_response DEBUG    Processing: '<pos_answer>3B 10</pos_answer> <header>7EA</header><size>04</size><data>41 0C 3B 10</data>'
2024-10-07 23:19:55,924  root       handle_response DEBUG    Write: '7E8 04 41 0C 3B 10 \r7EA 04 41 0C 3B 10 \r\r>'
2024-10-07 23:19:55,924  root       run        DEBUG    Received '010D2'
2024-10-07 23:19:55,924  root       handle_request DEBUG    Handling: '010D2', header '7E0', ECU '7E0'
2024-10-07 23:19:55,924  root       handle_request DEBUG    Description: Vehicle Speed, PID SPEED (010D2)
2024-10-07 23:19:55,924  root       handle_response DEBUG    Processing: '<pos_answer>54</pos_answer> <header>7EA</header><size>03</size><data>41 0D 54</data>'
2024-10-07 23:19:55,925  root       handle_response DEBUG    Write: '7E8 03 41 0D 54 \r7EA 03 41 0D 54 \r\r>'
2024-10-07 23:19:55,925  root       run        DEBUG    Received '010E1'
2024-10-07 23:19:55,925  root       handle_request DEBUG    Handling: '010E1', header '7E0', ECU '7E0'
2024-10-07 23:19:55,926  root       handle_request INFO     Unknown ELM command: '010E1', header=7E0
2024-10-07 23:19:55,926  root       handle_response DEBUG    Processing: '<writeln>?</writeln>'
2024-10-07 23:19:55,926  root       handle_response DEBUG    Write: '?\r\r>'
2024-10-07 23:19:55,927  root       run        DEBUG    Received '010F1'
2024-10-07 23:19:55,927  root       handle_request DEBUG    Handling: '010F1', header '7E0', ECU '7E0'
2024-10-07 23:19:55,927  root       handle_request DEBUG    Description: Intake Air Temp, PID INTAKE_TEMP (010F1)
2024-10-07 23:19:55,927  root       handle_response DEBUG    Processing: '<pos_answer>44</pos_answer>'
2024-10-07 23:19:55,928  root       handle_response DEBUG    Write: '7E8 03 41 0F 44 \r\r>'
2024-10-07 23:19:55,928  root       run        DEBUG    Received '01101'
2024-10-07 23:19:55,929  root       handle_request DEBUG    Handling: '01101', header '7E0', ECU '7E0'
2024-10-07 23:19:55,929  root       handle_request DEBUG    Description: Air Flow Rate (MAF), PID MAF (01101)
2024-10-07 23:19:55,929  root       handle_response DEBUG    Processing: '<pos_answer>05 1F</pos_answer>'
2024-10-07 23:19:55,929  root       handle_response DEBUG    Write: '7E8 04 41 10 05 1F \r\r>'
2024-10-07 23:19:55,930  root       run        DEBUG    Received '01111'
2024-10-07 23:19:55,930  root       handle_request DEBUG    Handling: '01111', header '7E0', ECU '7E0'
2024-10-07 23:19:55,931  root       handle_request DEBUG    Description: Throttle Position, PID THROTTLE_POS (01111)
2024-10-07 23:19:55,931  root       handle_response DEBUG    Processing: '<pos_answer>FF</pos_answer>'
2024-10-07 23:19:55,931  root       handle_response DEBUG    Write: '7E8 03 41 11 FF \r\r>'
2024-10-07 23:19:55,932  root       run        DEBUG    Received '01131'
2024-10-07 23:19:55,932  root       handle_request DEBUG    Handling: '01131', header '7E0', ECU '7E0'
2024-10-07 23:19:55,933  root       handle_request INFO     Unknown ELM command: '01131', header=7E0
2024-10-07 23:19:55,933  root       handle_response DEBUG    Processing: '<writeln>?</writeln>'
2024-10-07 23:19:55,934  root       handle_response DEBUG    Write: '?\r\r>'
2024-10-07 23:19:55,934  root       run        DEBUG    Received '01151'
2024-10-07 23:19:55,935  root       handle_request DEBUG    Handling: '01151', header '7E0', ECU '7E0'
2024-10-07 23:19:55,936  root       handle_request INFO     Unknown ELM command: '01151', header=7E0
2024-10-07 23:19:55,936  root       handle_response DEBUG    Processing: '<writeln>?</writeln>'
2024-10-07 23:19:55,936  root       handle_response DEBUG    Write: '?\r\r>'
2024-10-07 23:19:55,937  root       run        DEBUG    Received '011C1'
2024-10-07 23:19:55,937  root       handle_request DEBUG    Handling: '011C1', header '7E0', ECU '7E0'
2024-10-07 23:19:55,937  root       handle_request DEBUG    Description: OBD Standards Compliance, PID OBD_COMPLIANCE (011C1)
2024-10-07 23:19:55,937  root       handle_response DEBUG    Processing: '<pos_answer>06</pos_answer>'
2024-10-07 23:19:55,938  root       handle_response DEBUG    Write: '7E8 03 41 1C 06 \r\r>'
2024-10-07 23:19:55,938  root       run        DEBUG    Received '011F1'
2024-10-07 23:19:55,938  root       handle_request DEBUG    Handling: '011F1', header '7E0', ECU '7E0'
2024-10-07 23:19:55,939  root       handle_request DEBUG    Description: Engine Run Time, PID RUN_TIME (011F1)
2024-10-07 23:19:55,939  root       handle_response DEBUG    Processing: '<pos_answer>00 8C</pos_answer>'
2024-10-07 23:19:55,939  root       handle_response DEBUG    Write: '7E8 04 41 1F 00 8C \r\r>'
2024-10-07 23:19:55,939  root       run        DEBUG    Received '01202'
2024-10-07 23:19:55,940  root       handle_request DEBUG    Handling: '01202', header '7E0', ECU '7E0'
2024-10-07 23:19:55,940  root       handle_request DEBUG    Description: PIDS_B, PID ELM_PIDS_B (01202)
2024-10-07 23:19:55,940  root       handle_response DEBUG    Processing: '<header>7EA</header><size>06</size><data>41 20 80 01 A0 01</data><pos_answer>90 15 B0 15</pos_answer>'
2024-10-07 23:19:55,940  root       handle_response DEBUG    Write: '7EA 06 41 20 80 01 A0 01 \r7E8 06 41 20 90 15 B0 15 \r\r>'
2024-10-07 23:19:55,941  root       run        DEBUG    Received '01211'
2024-10-07 23:19:55,941  root       handle_request DEBUG    Handling: '01211', header '7E0', ECU '7E0'
2024-10-07 23:19:55,941  root       handle_request DEBUG    Description: Distance Traveled with MIL on, PID DISTANCE_W_MIL (01211)
2024-10-07 23:19:55,941  root       handle_response DEBUG    Processing: '<pos_answer>00 00</pos_answer>'
2024-10-07 23:19:55,941  root       handle_response DEBUG    Write: '7E8 04 41 21 00 00 \r\r>'
2024-10-07 23:19:55,942  root       run        DEBUG    Received '01241'
2024-10-07 23:19:55,942  root       handle_request DEBUG    Handling: '01241', header '7E0', ECU '7E0'
2024-10-07 23:19:55,942  root       handle_request INFO     Unknown ELM command: '01241', header=7E0
2024-10-07 23:19:55,943  root       handle_response DEBUG    Processing: '<writeln>?</writeln>'
2024-10-07 23:19:55,943  root       handle_response DEBUG    Write: '?\r\r>'
2024-10-07 23:19:55,943  root       run        DEBUG    Received '012C1'
2024-10-07 23:19:55,943  root       handle_request DEBUG    Handling: '012C1', header '7E0', ECU '7E0'
2024-10-07 23:19:55,944  root       handle_request DEBUG    Description: Commanded EGR, PID COMMANDED_EGR (012C1)
2024-10-07 23:19:55,944  root       handle_response DEBUG    Processing: '<pos_answer>0D</pos_answer>'
2024-10-07 23:19:55,944  root       handle_response DEBUG    Write: '7E8 03 41 2C 0D \r\r>'
2024-10-07 23:19:55,945  root       run        DEBUG    Received '012E1'
2024-10-07 23:19:55,945  root       handle_request DEBUG    Handling: '012E1', header '7E0', ECU '7E0'
2024-10-07 23:19:55,945  root       handle_request INFO     Unknown ELM command: '012E1', header=7E0
2024-10-07 23:19:55,945  root       handle_response DEBUG    Processing: '<writeln>?</writeln>'
2024-10-07 23:19:55,946  root       handle_response DEBUG    Write: '?\r\r>'
2024-10-07 23:19:55,946  root       run        DEBUG    Received '01301'
2024-10-07 23:19:55,946  root       handle_request DEBUG    Handling: '01301', header '7E0', ECU '7E0'
2024-10-07 23:19:55,947  root       handle_request INFO     Unknown ELM command: '01301', header=7E0
2024-10-07 23:19:55,947  root       handle_response DEBUG    Processing: '<writeln>?</writeln>'
2024-10-07 23:19:55,947  root       handle_response DEBUG    Write: '?\r\r>'
2024-10-07 23:19:55,948  root       run        DEBUG    Received '01311'
2024-10-07 23:19:55,948  root       handle_request DEBUG    Handling: '01311', header '7E0', ECU '7E0'
2024-10-07 23:19:55,948  root       handle_request DEBUG    Description: Distance traveled since codes cleared, PID DISTANCE_SINCE_DTC_CLEAR (01311)
2024-10-07 23:19:55,948  root       handle_response DEBUG    Processing: '<pos_answer>C8 1F</pos_answer>'
2024-10-07 23:19:55,948  root       handle_response DEBUG    Write: '7E8 04 41 31 C8 1F \r\r>'
2024-10-07 23:19:55,949  root       run        DEBUG    Received '01331'
2024-10-07 23:19:55,949  root       handle_request DEBUG    Handling: '01331', header '7E0', ECU '7E0'
2024-10-07 23:19:55,949  root       handle_request DEBUG    Description: Barometric Pressure, PID BAROMETRIC_PRESSURE (01331)
2024-10-07 23:19:55,949  root       handle_response DEBUG    Processing: '<pos_answer>65</pos_answer>'
2024-10-07 23:19:55,950  root       handle_response DEBUG    Write: '7E8 03 41 33 65 \r\r>'
2024-10-07 23:19:55,950  root       run        DEBUG    Received '01341'
2024-10-07 23:19:55,950  root       handle_request DEBUG    Handling: '01341', header '7E0', ECU '7E0'
2024-10-07 23:19:55,951  root       handle_request INFO     Unknown ELM command: '01341', header=7E0
2024-10-07 23:19:55,951  root       handle_response DEBUG    Processing: '<writeln>?</writeln>'
2024-10-07 23:19:55,951  root       handle_response DEBUG    Write: '?\r\r>'
2024-10-07 23:19:55,952  root       run        DEBUG    Received '013C1'
2024-10-07 23:19:55,952  root       handle_request DEBUG    Handling: '013C1', header '7E0', ECU '7E0'
2024-10-07 23:19:55,952  root       handle_request DEBUG    Description: Catalyst Temperature: Bank 1 - Sensor 1, PID CATALYST_TEMP_B1S1 (013C1)
2024-10-07 23:19:55,952  root       handle_response DEBUG    Processing: '<pos_answer>04 44</pos_answer>'
2024-10-07 23:19:55,952  root       handle_response DEBUG    Write: '7E8 04 41 3C 04 44 \r\r>'
2024-10-07 23:19:55,954  root       run        DEBUG    Received '013E1'
2024-10-07 23:19:55,954  root       handle_request DEBUG    Handling: '013E1', header '7E0', ECU '7E0'
2024-10-07 23:19:55,955  root       handle_request INFO     Unknown ELM command: '013E1', header=7E0
2024-10-07 23:19:55,955  root       handle_response DEBUG    Processing: '<writeln>?</writeln>'
2024-10-07 23:19:55,955  root       handle_response DEBUG    Write: '?\r\r>'
2024-10-07 23:19:55,955  root       run        DEBUG    Received '01402'
2024-10-07 23:19:55,956  root       handle_request DEBUG    Handling: '01402', header '7E0', ECU '7E0'
2024-10-07 23:19:55,956  root       handle_request DEBUG    Description: PIDS_C, PID ELM_PIDS_C (01402)
2024-10-07 23:19:55,956  root       handle_response DEBUG    Processing: '<header>7EA</header><size>06</size><data>41 40 44 CC 00 21</data><pos_answer>7A 1C 80 00</pos_answer>'
2024-10-07 23:19:55,956  root       handle_response DEBUG    Write: '7EA 06 41 40 44 CC 00 21 \r7E8 06 41 40 7A 1C 80 00 \r\r>'
2024-10-07 23:19:55,957  root       run        DEBUG    Received '01421'
2024-10-07 23:19:55,957  root       handle_request DEBUG    Handling: '01421', header '7E0', ECU '7E0'
2024-10-07 23:19:55,957  root       handle_request DEBUG    Description: Control module voltage, PID CONTROL_MODULE_VOLTAGE (01421)
2024-10-07 23:19:55,957  root       handle_response DEBUG    Processing: '<pos_answer>39 D6</pos_answer>'
2024-10-07 23:19:55,958  root       handle_response DEBUG    Write: '7E8 04 41 42 39 D6 \r\r>'
2024-10-07 23:19:55,959  root       run        DEBUG    Received '01431'
2024-10-07 23:19:55,959  root       handle_request DEBUG    Handling: '01431', header '7E0', ECU '7E0'
2024-10-07 23:19:55,960  root       handle_request INFO     Unknown ELM command: '01431', header=7E0
2024-10-07 23:19:55,960  root       handle_response DEBUG    Processing: '<writeln>?</writeln>'
2024-10-07 23:19:55,960  root       handle_response DEBUG    Write: '?\r\r>'
2024-10-07 23:19:55,961  root       run        DEBUG    Received '01441'
2024-10-07 23:19:55,961  root       handle_request DEBUG    Handling: '01441', header '7E0', ECU '7E0'
2024-10-07 23:19:55,962  root       handle_request INFO     Unknown ELM command: '01441', header=7E0
2024-10-07 23:19:55,962  root       handle_response DEBUG    Processing: '<writeln>?</writeln>'
2024-10-07 23:19:55,963  root       handle_response DEBUG    Write: '?\r\r>'
2024-10-07 23:19:55,963  root       run        DEBUG    Received '01451'
2024-10-07 23:19:55,963  root       handle_request DEBUG    Handling: '01451', header '7E0', ECU '7E0'
2024-10-07 23:19:55,964  root       handle_request INFO     Unknown ELM command: '01451', header=7E0
2024-10-07 23:19:55,964  root       handle_response DEBUG    Processing: '<writeln>?</writeln>'
2024-10-07 23:19:55,964  root       handle_response DEBUG    Write: '?\r\r>'
2024-10-07 23:19:55,964  root       run        DEBUG    Received '01471'
2024-10-07 23:19:55,965  root       handle_request DEBUG    Handling: '01471', header '7E0', ECU '7E0'
2024-10-07 23:19:55,965  root       handle_request INFO     Unknown ELM command: '01471', header=7E0
2024-10-07 23:19:55,965  root       handle_response DEBUG    Processing: '<writeln>?</writeln>'
2024-10-07 23:19:55,965  root       handle_response DEBUG    Write: '?\r\r>'
2024-10-07 23:19:55,966  root       run        DEBUG    Received '014C1'
2024-10-07 23:19:55,966  root       handle_request DEBUG    Handling: '014C1', header '7E0', ECU '7E0'
2024-10-07 23:19:55,966  root       handle_request DEBUG    Description: Commanded throttle actuator, PID THROTTLE_ACTUATOR (014C1)
2024-10-07 23:19:55,966  root       handle_response DEBUG    Processing: '<pos_answer>00</pos_answer>'
2024-10-07 23:19:55,967  root       handle_response DEBUG    Write: '7E8 03 41 4C 00 \r\r>'
2024-10-07 23:19:55,967  root       run        DEBUG    Received '014D1'
2024-10-07 23:19:55,967  root       handle_request DEBUG    Handling: '014D1', header '7E0', ECU '7E0'
2024-10-07 23:19:55,968  root       handle_request DEBUG    Description: Time run with MIL on, PID RUN_TIME_MIL (014D1)
2024-10-07 23:19:55,968  root       handle_response DEBUG    Processing: '<pos_answer>00 00</pos_answer>'
2024-10-07 23:19:55,968  root       handle_response DEBUG    Write: '7E8 04 41 4D 00 00 \r\r>'
2024-10-07 23:19:55,968  root       run        DEBUG    Received '014E1'
2024-10-07 23:19:55,969  root       handle_request DEBUG    Handling: '014E1', header '7E0', ECU '7E0'
2024-10-07 23:19:55,969  root       handle_request DEBUG    Description: Time since trouble codes cleared, PID TIME_SINCE_DTC_CLEARED (014E1)
2024-10-07 23:19:55,969  root       handle_response DEBUG    Processing: '<pos_answer>4C 69</pos_answer>'
2024-10-07 23:19:55,969  root       handle_response DEBUG    Write: '7E8 04 41 4E 4C 69 \r\r>'
2024-10-07 23:19:55,970  root       run        DEBUG    Received '01511'
2024-10-07 23:19:55,970  root       handle_request DEBUG    Handling: '01511', header '7E0', ECU '7E0'
2024-10-07 23:19:55,970  root       handle_request DEBUG    Description: Fuel Type, PID FUEL_TYPE (01511)
2024-10-07 23:19:55,970  root       handle_response DEBUG    Processing: '<pos_answer>01</pos_answer>'
2024-10-07 23:19:55,970  root       handle_response DEBUG    Write: '7E8 03 41 51 01 \r\r>'
2024-10-07 23:19:56,222  root       run        DEBUG    Received '01011'
2024-10-07 23:19:56,222  root       handle_request DEBUG    Handling: '01011', header '7E0', ECU '7E0'
2024-10-07 23:19:56,224  root       handle_request INFO     Unknown ELM command: '01011', header=7E0
2024-10-07 23:19:56,224  root       handle_response DEBUG    Processing: '<writeln>?</writeln>'
2024-10-07 23:19:56,225  root       handle_response DEBUG    Write: '?\r\r>'
2024-10-07 23:19:56,232  root       run        DEBUG    Received '01031'
2024-10-07 23:19:56,232  root       handle_request DEBUG    Handling: '01031', header '7E0', ECU '7E0'
2024-10-07 23:19:56,232  root       handle_request DEBUG    Description: Fuel System Status, PID FUEL_STATUS (01031)
2024-10-07 23:19:56,232  root       handle_response DEBUG    Processing: '<pos_answer>00 00</pos_answer>'
2024-10-07 23:19:56,232  root       handle_response DEBUG    Write: '7E8 04 41 03 00 00 \r\r>'
2024-10-07 23:19:56,233  root       run        DEBUG    Received '01041'
2024-10-07 23:19:56,233  root       handle_request DEBUG    Handling: '01041', header '7E0', ECU '7E0'
2024-10-07 23:19:56,233  root       handle_request DEBUG    Description: Calculated Engine Load, PID ENGINE_LOAD (01041)
2024-10-07 23:19:56,234  root       handle_response DEBUG    Processing: '<pos_answer>00</pos_answer>'
2024-10-07 23:19:56,234  root       handle_response DEBUG    Write: '7E8 03 41 04 00 \r\r>'
2024-10-07 23:19:56,234  root       run        DEBUG    Received '01051'
2024-10-07 23:19:56,235  root       handle_request DEBUG    Handling: '01051', header '7E0', ECU '7E0'
2024-10-07 23:19:56,235  root       handle_request DEBUG    Description: Engine Coolant Temperature, PID COOLANT_TEMP (01051)
2024-10-07 23:19:56,235  root       handle_response DEBUG    Processing: '<pos_answer>7B</pos_answer>'
2024-10-07 23:19:56,235  root       handle_response DEBUG    Write: '7E8 03 41 05 7B \r\r>'
2024-10-07 23:19:56,236  root       run        DEBUG    Received '01061'
2024-10-07 23:19:56,236  root       handle_request DEBUG    Handling: '01061', header '7E0', ECU '7E0'
2024-10-07 23:19:56,237  root       handle_request INFO     Unknown ELM command: '01061', header=7E0
2024-10-07 23:19:56,237  root       handle_response DEBUG    Processing: '<writeln>?</writeln>'
2024-10-07 23:19:56,237  root       handle_response DEBUG    Write: '?\r\r>'
2024-10-07 23:19:56,238  root       run        DEBUG    Received '01071'
2024-10-07 23:19:56,238  root       handle_request DEBUG    Handling: '01071', header '7E0', ECU '7E0'
2024-10-07 23:19:56,239  root       handle_request INFO     Unknown ELM command: '01071', header=7E0
2024-10-07 23:19:56,239  root       handle_response DEBUG    Processing: '<writeln>?</writeln>'
2024-10-07 23:19:56,239  root       handle_response DEBUG    Write: '?\r\r>'
2024-10-07 23:19:56,240  root       run        DEBUG    Received '010B1'
2024-10-07 23:19:56,240  root       handle_request DEBUG    Handling: '010B1', header '7E0', ECU '7E0'
2024-10-07 23:19:56,241  root       handle_request DEBUG    Description: Intake Manifold Pressure, PID INTAKE_PRESSURE (010B1)
2024-10-07 23:19:56,241  root       handle_response DEBUG    Processing: '<pos_answer>73</pos_answer>'
2024-10-07 23:19:56,241  root       handle_response DEBUG    Write: '7E8 03 41 0B 73 \r\r>'
2024-10-07 23:19:56,243  root       run        DEBUG    Received '010C2'
2024-10-07 23:19:56,243  root       handle_request DEBUG    Handling: '010C2', header '7E0', ECU '7E0'
2024-10-07 23:19:56,243  root       handle_request DEBUG    Description: Engine RPM, PID RPM (010C2)
2024-10-07 23:19:56,243  root       handle_response DEBUG    Processing: '<pos_answer>3B 60</pos_answer> <header>7EA</header><size>04</size><data>41 0C 3B 60</data>'
2024-10-07 23:19:56,244  root       handle_response DEBUG    Write: '7E8 04 41 0C 3B 60 \r7EA 04 41 0C 3B 60 \r\r>'
2024-10-07 23:19:56,245  root       run        DEBUG    Received '010D2'
2024-10-07 23:19:56,245  root       handle_request DEBUG    Handling: '010D2', header '7E0', ECU '7E0'
2024-10-07 23:19:56,245  root       handle_request DEBUG    Description: Vehicle Speed, PID SPEED (010D2)
2024-10-07 23:19:56,245  root       handle_response DEBUG    Processing: '<pos_answer>50</pos_answer> <header>7EA</header><size>03</size><data>41 0D 50</data>'
2024-10-07 23:19:56,246  root       handle_response DEBUG    Write: '7E8 03 41 0D 50 \r7EA 03 41 0D 50 \r\r>'
2024-10-07 23:19:56,246  root       run        DEBUG    Received '010E1'
2024-10-07 23:19:56,247  root       handle_request DEBUG    Handling: '010E1', header '7E0', ECU '7E0'
2024-10-07 23:19:56,247  root       handle_request INFO     Unknown ELM command: '010E1', header=7E0
2024-10-07 23:19:56,247  root       handle_response DEBUG    Processing: '<writeln>?</writeln>'
2024-10-07 23:19:56,248  root       handle_response DEBUG    Write: '?\r\r>'
2024-10-07 23:19:56,248  root       run        DEBUG    Received '010F1'
2024-10-07 23:19:56,248  root       handle_request DEBUG    Handling: '010F1', header '7E0', ECU '7E0'
2024-10-07 23:19:56,249  root       handle_request DEBUG    Description: Intake Air Temp, PID INTAKE_TEMP (010F1)
2024-10-07 23:19:56,249  root       handle_response DEBUG    Processing: '<pos_answer>44</pos_answer>'
2024-10-07 23:19:56,249  root       handle_response DEBUG    Write: '7E8 03 41 0F 44 \r\r>'
2024-10-07 23:19:56,250  root       run        DEBUG    Received '01101'
2024-10-07 23:19:56,250  root       handle_request DEBUG    Handling: '01101', header '7E0', ECU '7E0'
2024-10-07 23:19:56,250  root       handle_request DEBUG    Description: Air Flow Rate (MAF), PID MAF (01101)
2024-10-07 23:19:56,251  root       handle_response DEBUG    Processing: '<pos_answer>05 1F</pos_answer>'
2024-10-07 23:19:56,251  root       handle_response DEBUG    Write: '7E8 04 41 10 05 1F \r\r>'
2024-10-07 23:19:56,252  root       run        DEBUG    Received '01111'
2024-10-07 23:19:56,252  root       handle_request DEBUG    Handling: '01111', header '7E0', ECU '7E0'
2024-10-07 23:19:56,252  root       handle_request DEBUG    Description: Throttle Position, PID THROTTLE_POS (01111)
2024-10-07 23:19:56,252  root       handle_response DEBUG    Processing: '<pos_answer>FF</pos_answer>'
2024-10-07 23:19:56,253  root       handle_response DEBUG    Write: '7E8 03 41 11 FF \r\r>'
2024-10-07 23:19:56,253  root       run        DEBUG    Received '01131'
2024-10-07 23:19:56,254  root       handle_request DEBUG    Handling: '01131', header '7E0', ECU '7E0'
2024-10-07 23:19:56,254  root       handle_request INFO     Unknown ELM command: '01131', header=7E0
2024-10-07 23:19:56,255  root       handle_response DEBUG    Processing: '<writeln>?</writeln>'
2024-10-07 23:19:56,255  root       handle_response DEBUG    Write: '?\r\r>'
2024-10-07 23:19:56,255  root       run        DEBUG    Received '01151'
2024-10-07 23:19:56,256  root       handle_request DEBUG    Handling: '01151', header '7E0', ECU '7E0'
2024-10-07 23:19:56,256  root       handle_request INFO     Unknown ELM command: '01151', header=7E0
2024-10-07 23:19:56,256  root       handle_response DEBUG    Processing: '<writeln>?</writeln>'
2024-10-07 23:19:56,257  root       handle_response DEBUG    Write: '?\r\r>'
2024-10-07 23:19:56,257  root       run        DEBUG    Received '011C1'
2024-10-07 23:19:56,258  root       handle_request DEBUG    Handling: '011C1', header '7E0', ECU '7E0'
2024-10-07 23:19:56,258  root       handle_request DEBUG    Description: OBD Standards Compliance, PID OBD_COMPLIANCE (011C1)
2024-10-07 23:19:56,258  root       handle_response DEBUG    Processing: '<pos_answer>06</pos_answer>'
2024-10-07 23:19:56,258  root       handle_response DEBUG    Write: '7E8 03 41 1C 06 \r\r>'
2024-10-07 23:19:56,259  root       run        DEBUG    Received '011F1'
2024-10-07 23:19:56,259  root       handle_request DEBUG    Handling: '011F1', header '7E0', ECU '7E0'
2024-10-07 23:19:56,260  root       handle_request DEBUG    Description: Engine Run Time, PID RUN_TIME (011F1)
2024-10-07 23:19:56,260  root       handle_response DEBUG    Processing: '<pos_answer>00 8C</pos_answer>'
2024-10-07 23:19:56,260  root       handle_response DEBUG    Write: '7E8 04 41 1F 00 8C \r\r>'
2024-10-07 23:19:56,261  root       run        DEBUG    Received '01202'
2024-10-07 23:19:56,261  root       handle_request DEBUG    Handling: '01202', header '7E0', ECU '7E0'
2024-10-07 23:19:56,261  root       handle_request DEBUG    Description: PIDS_B, PID ELM_PIDS_B (01202)
2024-10-07 23:19:56,261  root       handle_response DEBUG    Processing: '<header>7EA</header><size>06</size><data>41 20 80 01 A0 01</data><pos_answer>90 15 B0 15</pos_answer>'
2024-10-07 23:19:56,262  root       handle_response DEBUG    Write: '7EA 06 41 20 80 01 A0 01 \r7E8 06 41 20 90 15 B0 15 \r\r>'
2024-10-07 23:19:56,263  root       run        DEBUG    Received '01211'
2024-10-07 23:19:56,263  root       handle_request DEBUG    Handling: '01211', header '7E0', ECU '7E0'
2024-10-07 23:19:56,263  root       handle_request DEBUG    Description: Distance Traveled with MIL on, PID DISTANCE_W_MIL (01211)
2024-10-07 23:19:56,263  root       handle_response DEBUG    Processing: '<pos_answer>00 00</pos_answer>'
2024-10-07 23:19:56,264  root       handle_response DEBUG    Write: '7E8 04 41 21 00 00 \r\r>'
2024-10-07 23:19:56,264  root       run        DEBUG    Received '01241'
2024-10-07 23:19:56,264  root       handle_request DEBUG    Handling: '01241', header '7E0', ECU '7E0'
2024-10-07 23:19:56,265  root       handle_request INFO     Unknown ELM command: '01241', header=7E0
2024-10-07 23:19:56,265  root       handle_response DEBUG    Processing: '<writeln>?</writeln>'
2024-10-07 23:19:56,266  root       handle_response DEBUG    Write: '?\r\r>'
2024-10-07 23:19:56,266  root       run        DEBUG    Received '012C1'
2024-10-07 23:19:56,266  root       handle_request DEBUG    Handling: '012C1', header '7E0', ECU '7E0'
2024-10-07 23:19:56,267  root       handle_request DEBUG    Description: Commanded EGR, PID COMMANDED_EGR (012C1)
2024-10-07 23:19:56,267  root       handle_response DEBUG    Processing: '<pos_answer>0D</pos_answer>'
2024-10-07 23:19:56,267  root       handle_response DEBUG    Write: '7E8 03 41 2C 0D \r\r>'
2024-10-07 23:19:56,268  root       run        DEBUG    Received '012E1'
2024-10-07 23:19:56,268  root       handle_request DEBUG    Handling: '012E1', header '7E0', ECU '7E0'
2024-10-07 23:19:56,269  root       handle_request INFO     Unknown ELM command: '012E1', header=7E0
2024-10-07 23:19:56,269  root       handle_response DEBUG    Processing: '<writeln>?</writeln>'
2024-10-07 23:19:56,269  root       handle_response DEBUG    Write: '?\r\r>'
2024-10-07 23:19:56,270  root       run        DEBUG    Received '01301'
2024-10-07 23:19:56,270  root       handle_request DEBUG    Handling: '01301', header '7E0', ECU '7E0'
2024-10-07 23:19:56,271  root       handle_request INFO     Unknown ELM command: '01301', header=7E0
2024-10-07 23:19:56,271  root       handle_response DEBUG    Processing: '<writeln>?</writeln>'
2024-10-07 23:19:56,272  root       handle_response DEBUG    Write: '?\r\r>'
2024-10-07 23:19:56,272  root       run        DEBUG    Received '01311'
2024-10-07 23:19:56,273  root       handle_request DEBUG    Handling: '01311', header '7E0', ECU '7E0'
2024-10-07 23:19:56,273  root       handle_request DEBUG    Description: Distance traveled since codes cleared, PID DISTANCE_SINCE_DTC_CLEAR (01311)
2024-10-07 23:19:56,273  root       handle_response DEBUG    Processing: '<pos_answer>C8 1F</pos_answer>'
2024-10-07 23:19:56,274  root       handle_response DEBUG    Write: '7E8 04 41 31 C8 1F \r\r>'
2024-10-07 23:19:56,275  root       run        DEBUG    Received '01331'
2024-10-07 23:19:56,275  root       handle_request DEBUG    Handling: '01331', header '7E0', ECU '7E0'
2024-10-07 23:19:56,275  root       handle_request DEBUG    Description: Barometric Pressure, PID BAROMETRIC_PRESSURE (01331)
2024-10-07 23:19:56,275  root       handle_response DEBUG    Processing: '<pos_answer>65</pos_answer>'
2024-10-07 23:19:56,276  root       handle_response DEBUG    Write: '7E8 03 41 33 65 \r\r>'
2024-10-07 23:19:56,277  root       run        DEBUG    Received '01341'
2024-10-07 23:19:56,277  root       handle_request DEBUG    Handling: '01341', header '7E0', ECU '7E0'
2024-10-07 23:19:56,278  root       handle_request INFO     Unknown ELM command: '01341', header=7E0
2024-10-07 23:19:56,278  root       handle_response DEBUG    Processing: '<writeln>?</writeln>'
2024-10-07 23:19:56,278  root       handle_response DEBUG    Write: '?\r\r>'
2024-10-07 23:19:56,279  root       run        DEBUG    Received '013C1'
2024-10-07 23:19:56,279  root       handle_request DEBUG    Handling: '013C1', header '7E0', ECU '7E0'
2024-10-07 23:19:56,280  root       handle_request DEBUG    Description: Catalyst Temperature: Bank 1 - Sensor 1, PID CATALYST_TEMP_B1S1 (013C1)
2024-10-07 23:19:56,280  root       handle_response DEBUG    Processing: '<pos_answer>04 44</pos_answer>'
2024-10-07 23:19:56,280  root       handle_response DEBUG    Write: '7E8 04 41 3C 04 44 \r\r>'
2024-10-07 23:19:56,284  root       run        DEBUG    Received '013E1'
2024-10-07 23:19:56,284  root       handle_request DEBUG    Handling: '013E1', header '7E0', ECU '7E0'
2024-10-07 23:19:56,286  root       handle_request INFO     Unknown ELM command: '013E1', header=7E0
2024-10-07 23:19:56,286  root       handle_response DEBUG    Processing: '<writeln>?</writeln>'
2024-10-07 23:19:56,286  root       handle_response DEBUG    Write: '?\r\r>'
2024-10-07 23:19:56,287  root       run        DEBUG    Received '01402'
2024-10-07 23:19:56,287  root       handle_request DEBUG    Handling: '01402', header '7E0', ECU '7E0'
2024-10-07 23:19:56,288  root       handle_request DEBUG    Description: PIDS_C, PID ELM_PIDS_C (01402)
2024-10-07 23:19:56,288  root       handle_response DEBUG    Processing: '<header>7EA</header><size>06</size><data>41 40 44 CC 00 21</data><pos_answer>7A 1C 80 00</pos_answer>'
2024-10-07 23:19:56,289  root       handle_response DEBUG    Write: '7EA 06 41 40 44 CC 00 21 \r7E8 06 41 40 7A 1C 80 00 \r\r>'
2024-10-07 23:19:56,289  root       run        DEBUG    Received '01421'
2024-10-07 23:19:56,290  root       handle_request DEBUG    Handling: '01421', header '7E0', ECU '7E0'
2024-10-07 23:19:56,290  root       handle_request DEBUG    Description: Control module voltage, PID CONTROL_MODULE_VOLTAGE (01421)
2024-10-07 23:19:56,290  root       handle_response DEBUG    Processing: '<pos_answer>39 D6</pos_answer>'
2024-10-07 23:19:56,291  root       handle_response DEBUG    Write: '7E8 04 41 42 39 D6 \r\r>'
2024-10-07 23:19:56,291  root       run        DEBUG    Received '01431'
2024-10-07 23:19:56,292  root       handle_request DEBUG    Handling: '01431', header '7E0', ECU '7E0'
2024-10-07 23:19:56,292  root       handle_request INFO     Unknown ELM command: '01431', header=7E0
2024-10-07 23:19:56,293  root       handle_response DEBUG    Processing: '<writeln>?</writeln>'
2024-10-07 23:19:56,293  root       handle_response DEBUG    Write: '?\r\r>'
2024-10-07 23:19:56,294  root       run        DEBUG    Received '01441'
2024-10-07 23:19:56,294  root       handle_request DEBUG    Handling: '01441', header '7E0', ECU '7E0'
2024-10-07 23:19:56,295  root       handle_request INFO     Unknown ELM command: '01441', header=7E0
2024-10-07 23:19:56,295  root       handle_response DEBUG    Processing: '<writeln>?</writeln>'
2024-10-07 23:19:56,295  root       handle_response DEBUG    Write: '?\r\r>'
2024-10-07 23:19:56,296  root       run        DEBUG    Received '01451'
2024-10-07 23:19:56,296  root       handle_request DEBUG    Handling: '01451', header '7E0', ECU '7E0'
2024-10-07 23:19:56,297  root       handle_request INFO     Unknown ELM command: '01451', header=7E0
2024-10-07 23:19:56,297  root       handle_response DEBUG    Processing: '<writeln>?</writeln>'
2024-10-07 23:19:56,298  root       handle_response DEBUG    Write: '?\r\r>'
2024-10-07 23:19:56,298  root       run        DEBUG    Received '01471'
2024-10-07 23:19:56,299  root       handle_request DEBUG    Handling: '01471', header '7E0', ECU '7E0'
2024-10-07 23:19:56,299  root       handle_request INFO     Unknown ELM command: '01471', header=7E0
2024-10-07 23:19:56,299  root       handle_response DEBUG    Processing: '<writeln>?</writeln>'
2024-10-07 23:19:56,300  root       handle_response DEBUG    Write: '?\r\r>'
2024-10-07 23:19:56,300  root       run        DEBUG    Received '014C1'
2024-10-07 23:19:56,301  root       handle_request DEBUG    Handling: '014C1', header '7E0', ECU '7E0'
2024-10-07 23:19:56,301  root       handle_request DEBUG    Description: Commanded throttle actuator, PID THROTTLE_ACTUATOR (014C1)
2024-10-07 23:19:56,301  root       handle_response DEBUG    Processing: '<pos_answer>00</pos_answer>'
2024-10-07 23:19:56,302  root       handle_response DEBUG    Write: '7E8 03 41 4C 00 \r\r>'
2024-10-07 23:19:56,303  root       run        DEBUG    Received '014D1'
2024-10-07 23:19:56,303  root       handle_request DEBUG    Handling: '014D1', header '7E0', ECU '7E0'
2024-10-07 23:19:56,303  root       handle_request DEBUG    Description: Time run with MIL on, PID RUN_TIME_MIL (014D1)
2024-10-07 23:19:56,304  root       handle_response DEBUG    Processing: '<pos_answer>00 00</pos_answer>'
2024-10-07 23:19:56,304  root       handle_response DEBUG    Write: '7E8 04 41 4D 00 00 \r\r>'
2024-10-07 23:19:56,305  root       run        DEBUG    Received '014E1'
2024-10-07 23:19:56,305  root       handle_request DEBUG    Handling: '014E1', header '7E0', ECU '7E0'
2024-10-07 23:19:56,306  root       handle_request DEBUG    Description: Time since trouble codes cleared, PID TIME_SINCE_DTC_CLEARED (014E1)
2024-10-07 23:19:56,306  root       handle_response DEBUG    Processing: '<pos_answer>4C 69</pos_answer>'
2024-10-07 23:19:56,306  root       handle_response DEBUG    Write: '7E8 04 41 4E 4C 69 \r\r>'
2024-10-07 23:19:56,307  root       run        DEBUG    Received '01511'
2024-10-07 23:19:56,307  root       handle_request DEBUG    Handling: '01511', header '7E0', ECU '7E0'
2024-10-07 23:19:56,307  root       handle_request DEBUG    Description: Fuel Type, PID FUEL_TYPE (01511)
2024-10-07 23:19:56,307  root       handle_response DEBUG    Processing: '<pos_answer>01</pos_answer>'
2024-10-07 23:19:56,307  root       handle_response DEBUG    Write: '7E8 03 41 51 01 \r\r>'
2024-10-07 23:19:57,631  root       run        DEBUG    Received '01011'
2024-10-07 23:19:57,632  root       handle_request DEBUG    Handling: '01011', header '7E0', ECU '7E0'
2024-10-07 23:19:57,634  root       handle_request INFO     Unknown ELM command: '01011', header=7E0
2024-10-07 23:19:57,635  root       handle_response DEBUG    Processing: '<writeln>?</writeln>'
2024-10-07 23:19:57,636  root       handle_response DEBUG    Write: '?\r\r>'
2024-10-07 23:19:57,643  root       run        DEBUG    Received '01031'
2024-10-07 23:19:57,643  root       handle_request DEBUG    Handling: '01031', header '7E0', ECU '7E0'
2024-10-07 23:19:57,644  root       handle_request DEBUG    Description: Fuel System Status, PID FUEL_STATUS (01031)
2024-10-07 23:19:57,644  root       handle_response DEBUG    Processing: '<pos_answer>00 00</pos_answer>'
2024-10-07 23:19:57,645  root       handle_response DEBUG    Write: '7E8 04 41 03 00 00 \r\r>'
2024-10-07 23:19:57,646  root       run        DEBUG    Received '01041'
2024-10-07 23:19:57,647  root       handle_request DEBUG    Handling: '01041', header '7E0', ECU '7E0'
2024-10-07 23:19:57,647  root       handle_request DEBUG    Description: Calculated Engine Load, PID ENGINE_LOAD (01041)
2024-10-07 23:19:57,647  root       handle_response DEBUG    Processing: '<pos_answer>00</pos_answer>'
2024-10-07 23:19:57,648  root       handle_response DEBUG    Write: '7E8 03 41 04 00 \r\r>'
2024-10-07 23:19:57,650  root       run        DEBUG    Received '01051'
2024-10-07 23:19:57,650  root       handle_request DEBUG    Handling: '01051', header '7E0', ECU '7E0'
2024-10-07 23:19:57,650  root       handle_request DEBUG    Description: Engine Coolant Temperature, PID COOLANT_TEMP (01051)
2024-10-07 23:19:57,651  root       handle_response DEBUG    Processing: '<pos_answer>7B</pos_answer>'
2024-10-07 23:19:57,651  root       handle_response DEBUG    Write: '7E8 03 41 05 7B \r\r>'
2024-10-07 23:19:57,653  root       run        DEBUG    Received '01061'
2024-10-07 23:19:57,654  root       handle_request DEBUG    Handling: '01061', header '7E0', ECU '7E0'
2024-10-07 23:19:57,655  root       handle_request INFO     Unknown ELM command: '01061', header=7E0
2024-10-07 23:19:57,655  root       handle_response DEBUG    Processing: '<writeln>?</writeln>'
2024-10-07 23:19:57,656  root       handle_response DEBUG    Write: '?\r\r>'
2024-10-07 23:19:57,657  root       run        DEBUG    Received '01071'
2024-10-07 23:19:57,658  root       handle_request DEBUG    Handling: '01071', header '7E0', ECU '7E0'
2024-10-07 23:19:57,660  root       handle_request INFO     Unknown ELM command: '01071', header=7E0
2024-10-07 23:19:57,660  root       handle_response DEBUG    Processing: '<writeln>?</writeln>'
2024-10-07 23:19:57,661  root       handle_response DEBUG    Write: '?\r\r>'
2024-10-07 23:19:57,662  root       run        DEBUG    Received '010B1'
2024-10-07 23:19:57,662  root       handle_request DEBUG    Handling: '010B1', header '7E0', ECU '7E0'
2024-10-07 23:19:57,663  root       handle_request DEBUG    Description: Intake Manifold Pressure, PID INTAKE_PRESSURE (010B1)
2024-10-07 23:19:57,663  root       handle_response DEBUG    Processing: '<pos_answer>73</pos_answer>'
2024-10-07 23:19:57,663  root       handle_response DEBUG    Write: '7E8 03 41 0B 73 \r\r>'
2024-10-07 23:19:57,665  root       run        DEBUG    Received '010C2'
2024-10-07 23:19:57,666  root       handle_request DEBUG    Handling: '010C2', header '7E0', ECU '7E0'
2024-10-07 23:19:57,666  root       handle_request DEBUG    Description: Engine RPM, PID RPM (010C2)
2024-10-07 23:19:57,666  root       handle_response DEBUG    Processing: '<pos_answer>3B B0</pos_answer> <header>7EA</header><size>04</size><data>41 0C 3B B0</data>'
2024-10-07 23:19:57,667  root       handle_response DEBUG    Write: '7E8 04 41 0C 3B B0 \r7EA 04 41 0C 3B B0 \r\r>'
2024-10-07 23:19:57,668  root       run        DEBUG    Received '010D2'
2024-10-07 23:19:57,668  root       handle_request DEBUG    Handling: '010D2', header '7E0', ECU '7E0'
2024-10-07 23:19:57,669  root       handle_request DEBUG    Description: Vehicle Speed, PID SPEED (010D2)
2024-10-07 23:19:57,669  root       handle_response DEBUG    Processing: '<pos_answer>4C</pos_answer> <header>7EA</header><size>03</size><data>41 0D 4C</data>'
2024-10-07 23:19:57,669  root       handle_response DEBUG    Write: '7E8 03 41 0D 4C \r7EA 03 41 0D 4C \r\r>'
2024-10-07 23:19:57,670  root       run        DEBUG    Received '010E1'
2024-10-07 23:19:57,670  root       handle_request DEBUG    Handling: '010E1', header '7E0', ECU '7E0'
2024-10-07 23:19:57,671  root       handle_request INFO     Unknown ELM command: '010E1', header=7E0
2024-10-07 23:19:57,671  root       handle_response DEBUG    Processing: '<writeln>?</writeln>'
2024-10-07 23:19:57,672  root       handle_response DEBUG    Write: '?\r\r>'
2024-10-07 23:19:57,672  root       run        DEBUG    Received '010F1'
2024-10-07 23:19:57,673  root       handle_request DEBUG    Handling: '010F1', header '7E0', ECU '7E0'
2024-10-07 23:19:57,673  root       handle_request DEBUG    Description: Intake Air Temp, PID INTAKE_TEMP (010F1)
2024-10-07 23:19:57,673  root       handle_response DEBUG    Processing: '<pos_answer>44</pos_answer>'
2024-10-07 23:19:57,673  root       handle_response DEBUG    Write: '7E8 03 41 0F 44 \r\r>'
2024-10-07 23:19:57,674  root       run        DEBUG    Received '01101'
2024-10-07 23:19:57,674  root       handle_request DEBUG    Handling: '01101', header '7E0', ECU '7E0'
2024-10-07 23:19:57,674  root       handle_request DEBUG    Description: Air Flow Rate (MAF), PID MAF (01101)
2024-10-07 23:19:57,675  root       handle_response DEBUG    Processing: '<pos_answer>05 1F</pos_answer>'
2024-10-07 23:19:57,675  root       handle_response DEBUG    Write: '7E8 04 41 10 05 1F \r\r>'
2024-10-07 23:19:57,676  root       run        DEBUG    Received '01111'
2024-10-07 23:19:57,676  root       handle_request DEBUG    Handling: '01111', header '7E0', ECU '7E0'
2024-10-07 23:19:57,676  root       handle_request DEBUG    Description: Throttle Position, PID THROTTLE_POS (01111)
2024-10-07 23:19:57,676  root       handle_response DEBUG    Processing: '<pos_answer>FF</pos_answer>'
2024-10-07 23:19:57,677  root       handle_response DEBUG    Write: '7E8 03 41 11 FF \r\r>'
2024-10-07 23:19:57,678  root       run        DEBUG    Received '01131'
2024-10-07 23:19:57,678  root       handle_request DEBUG    Handling: '01131', header '7E0', ECU '7E0'
2024-10-07 23:19:57,679  root       handle_request INFO     Unknown ELM command: '01131', header=7E0
2024-10-07 23:19:57,679  root       handle_response DEBUG    Processing: '<writeln>?</writeln>'
2024-10-07 23:19:57,679  root       handle_response DEBUG    Write: '?\r\r>'
2024-10-07 23:19:57,680  root       run        DEBUG    Received '01151'
2024-10-07 23:19:57,680  root       handle_request DEBUG    Handling: '01151', header '7E0', ECU '7E0'
2024-10-07 23:19:57,681  root       handle_request INFO     Unknown ELM command: '01151', header=7E0
2024-10-07 23:19:57,681  root       handle_response DEBUG    Processing: '<writeln>?</writeln>'
2024-10-07 23:19:57,681  root       handle_response DEBUG    Write: '?\r\r>'
2024-10-07 23:19:57,682  root       run        DEBUG    Received '011C1'
2024-10-07 23:19:57,682  root       handle_request DEBUG    Handling: '011C1', header '7E0', ECU '7E0'
2024-10-07 23:19:57,682  root       handle_request DEBUG    Description: OBD Standards Compliance, PID OBD_COMPLIANCE (011C1)
2024-10-07 23:19:57,682  root       handle_response DEBUG    Processing: '<pos_answer>06</pos_answer>'
2024-10-07 23:19:57,682  root       handle_response DEBUG    Write: '7E8 03 41 1C 06 \r\r>'
2024-10-07 23:19:57,683  root       run        DEBUG    Received '011F1'
2024-10-07 23:19:57,683  root       handle_request DEBUG    Handling: '011F1', header '7E0', ECU '7E0'
2024-10-07 23:19:57,683  root       handle_request DEBUG    Description: Engine Run Time, PID RUN_TIME (011F1)
2024-10-07 23:19:57,683  root       handle_response DEBUG    Processing: '<pos_answer>00 8C</pos_answer>'
2024-10-07 23:19:57,683  root       handle_response DEBUG    Write: '7E8 04 41 1F 00 8C \r\r>'
2024-10-07 23:19:57,684  root       run        DEBUG    Received '01202'
2024-10-07 23:19:57,684  root       handle_request DEBUG    Handling: '01202', header '7E0', ECU '7E0'
2024-10-07 23:19:57,684  root       handle_request DEBUG    Description: PIDS_B, PID ELM_PIDS_B (01202)
2024-10-07 23:19:57,684  root       handle_response DEBUG    Processing: '<header>7EA</header><size>06</size><data>41 20 80 01 A0 01</data><pos_answer>90 15 B0 15</pos_answer>'
2024-10-07 23:19:57,684  root       handle_response DEBUG    Write: '7EA 06 41 20 80 01 A0 01 \r7E8 06 41 20 90 15 B0 15 \r\r>'
2024-10-07 23:19:57,685  root       run        DEBUG    Received '01211'
2024-10-07 23:19:57,685  root       handle_request DEBUG    Handling: '01211', header '7E0', ECU '7E0'
2024-10-07 23:19:57,685  root       handle_request DEBUG    Description: Distance Traveled with MIL on, PID DISTANCE_W_MIL (01211)
2024-10-07 23:19:57,685  root       handle_response DEBUG    Processing: '<pos_answer>00 00</pos_answer>'
2024-10-07 23:19:57,686  root       handle_response DEBUG    Write: '7E8 04 41 21 00 00 \r\r>'
2024-10-07 23:19:57,686  root       run        DEBUG    Received '01241'
2024-10-07 23:19:57,686  root       handle_request DEBUG    Handling: '01241', header '7E0', ECU '7E0'
2024-10-07 23:19:57,687  root       handle_request INFO     Unknown ELM command: '01241', header=7E0
2024-10-07 23:19:57,687  root       handle_response DEBUG    Processing: '<writeln>?</writeln>'
2024-10-07 23:19:57,687  root       handle_response DEBUG    Write: '?\r\r>'
2024-10-07 23:19:57,688  root       run        DEBUG    Received '012C1'
2024-10-07 23:19:57,688  root       handle_request DEBUG    Handling: '012C1', header '7E0', ECU '7E0'
2024-10-07 23:19:57,688  root       handle_request DEBUG    Description: Commanded EGR, PID COMMANDED_EGR (012C1)
2024-10-07 23:19:57,688  root       handle_response DEBUG    Processing: '<pos_answer>0D</pos_answer>'
2024-10-07 23:19:57,688  root       handle_response DEBUG    Write: '7E8 03 41 2C 0D \r\r>'
2024-10-07 23:19:57,689  root       run        DEBUG    Received '012E1'
2024-10-07 23:19:57,689  root       handle_request DEBUG    Handling: '012E1', header '7E0', ECU '7E0'
2024-10-07 23:19:57,690  root       handle_request INFO     Unknown ELM command: '012E1', header=7E0
2024-10-07 23:19:57,690  root       handle_response DEBUG    Processing: '<writeln>?</writeln>'
2024-10-07 23:19:57,690  root       handle_response DEBUG    Write: '?\r\r>'
2024-10-07 23:19:57,690  root       run        DEBUG    Received '01301'
2024-10-07 23:19:57,691  root       handle_request DEBUG    Handling: '01301', header '7E0', ECU '7E0'
2024-10-07 23:19:57,691  root       handle_request INFO     Unknown ELM command: '01301', header=7E0
2024-10-07 23:19:57,691  root       handle_response DEBUG    Processing: '<writeln>?</writeln>'
2024-10-07 23:19:57,692  root       handle_response DEBUG    Write: '?\r\r>'
2024-10-07 23:19:57,692  root       run        DEBUG    Received '01311'
2024-10-07 23:19:57,692  root       handle_request DEBUG    Handling: '01311', header '7E0', ECU '7E0'
2024-10-07 23:19:57,693  root       handle_request DEBUG    Description: Distance traveled since codes cleared, PID DISTANCE_SINCE_DTC_CLEAR (01311)
2024-10-07 23:19:57,693  root       handle_response DEBUG    Processing: '<pos_answer>C8 1F</pos_answer>'
2024-10-07 23:19:57,693  root       handle_response DEBUG    Write: '7E8 04 41 31 C8 1F \r\r>'
2024-10-07 23:19:57,694  root       run        DEBUG    Received '01331'
2024-10-07 23:19:57,694  root       handle_request DEBUG    Handling: '01331', header '7E0', ECU '7E0'
2024-10-07 23:19:57,694  root       handle_request DEBUG    Description: Barometric Pressure, PID BAROMETRIC_PRESSURE (01331)
2024-10-07 23:19:57,694  root       handle_response DEBUG    Processing: '<pos_answer>65</pos_answer>'
2024-10-07 23:19:57,694  root       handle_response DEBUG    Write: '7E8 03 41 33 65 \r\r>'
2024-10-07 23:19:57,695  root       run        DEBUG    Received '01341'
2024-10-07 23:19:57,695  root       handle_request DEBUG    Handling: '01341', header '7E0', ECU '7E0'
2024-10-07 23:19:57,696  root       handle_request INFO     Unknown ELM command: '01341', header=7E0
2024-10-07 23:19:57,696  root       handle_response DEBUG    Processing: '<writeln>?</writeln>'
2024-10-07 23:19:57,696  root       handle_response DEBUG    Write: '?\r\r>'
2024-10-07 23:19:57,697  root       run        DEBUG    Received '013C1'
2024-10-07 23:19:57,697  root       handle_request DEBUG    Handling: '013C1', header '7E0', ECU '7E0'
2024-10-07 23:19:57,697  root       handle_request DEBUG    Description: Catalyst Temperature: Bank 1 - Sensor 1, PID CATALYST_TEMP_B1S1 (013C1)
2024-10-07 23:19:57,697  root       handle_response DEBUG    Processing: '<pos_answer>04 44</pos_answer>'
2024-10-07 23:19:57,698  root       handle_response DEBUG    Write: '7E8 04 41 3C 04 44 \r\r>'
2024-10-07 23:19:57,700  root       run        DEBUG    Received '013E1'
2024-10-07 23:19:57,700  root       handle_request DEBUG    Handling: '013E1', header '7E0', ECU '7E0'
2024-10-07 23:19:57,700  root       handle_request INFO     Unknown ELM command: '013E1', header=7E0
2024-10-07 23:19:57,700  root       handle_response DEBUG    Processing: '<writeln>?</writeln>'
2024-10-07 23:19:57,701  root       handle_response DEBUG    Write: '?\r\r>'
2024-10-07 23:19:57,702  root       run        DEBUG    Received '01402'
2024-10-07 23:19:57,702  root       handle_request DEBUG    Handling: '01402', header '7E0', ECU '7E0'
2024-10-07 23:19:57,702  root       handle_request DEBUG    Description: PIDS_C, PID ELM_PIDS_C (01402)
2024-10-07 23:19:57,702  root       handle_response DEBUG    Processing: '<header>7EA</header><size>06</size><data>41 40 44 CC 00 21</data><pos_answer>7A 1C 80 00</pos_answer>'
2024-10-07 23:19:57,702  root       handle_response DEBUG    Write: '7EA 06 41 40 44 CC 00 21 \r7E8 06 41 40 7A 1C 80 00 \r\r>'
2024-10-07 23:19:57,703  root       run        DEBUG    Received '01421'
2024-10-07 23:19:57,704  root       handle_request DEBUG    Handling: '01421', header '7E0', ECU '7E0'
2024-10-07 23:19:57,704  root       handle_request DEBUG    Description: Control module voltage, PID CONTROL_MODULE_VOLTAGE (01421)
2024-10-07 23:19:57,704  root       handle_response DEBUG    Processing: '<pos_answer>39 D6</pos_answer>'
2024-10-07 23:19:57,704  root       handle_response DEBUG    Write: '7E8 04 41 42 39 D6 \r\r>'
2024-10-07 23:19:57,705  root       run        DEBUG    Received '01431'
2024-10-07 23:19:57,706  root       handle_request DEBUG    Handling: '01431', header '7E0', ECU '7E0'
2024-10-07 23:19:57,706  root       handle_request INFO     Unknown ELM command: '01431', header=7E0
2024-10-07 23:19:57,706  root       handle_response DEBUG    Processing: '<writeln>?</writeln>'
2024-10-07 23:19:57,707  root       handle_response DEBUG    Write: '?\r\r>'
2024-10-07 23:19:57,707  root       run        DEBUG    Received '01441'
2024-10-07 23:19:57,707  root       handle_request DEBUG    Handling: '01441', header '7E0', ECU '7E0'
2024-10-07 23:19:57,708  root       handle_request INFO     Unknown ELM command: '01441', header=7E0
2024-10-07 23:19:57,708  root       handle_response DEBUG    Processing: '<writeln>?</writeln>'
2024-10-07 23:19:57,708  root       handle_response DEBUG    Write: '?\r\r>'
2024-10-07 23:19:57,709  root       run        DEBUG    Received '01451'
2024-10-07 23:19:57,709  root       handle_request DEBUG    Handling: '01451', header '7E0', ECU '7E0'
2024-10-07 23:19:57,710  root       handle_request INFO     Unknown ELM command: '01451', header=7E0
2024-10-07 23:19:57,710  root       handle_response DEBUG    Processing: '<writeln>?</writeln>'
2024-10-07 23:19:57,710  root       handle_response DEBUG    Write: '?\r\r>'
2024-10-07 23:19:57,711  root       run        DEBUG    Received '01471'
2024-10-07 23:19:57,711  root       handle_request DEBUG    Handling: '01471', header '7E0', ECU '7E0'
2024-10-07 23:19:57,711  root       handle_request INFO     Unknown ELM command: '01471', header=7E0
2024-10-07 23:19:57,711  root       handle_response DEBUG    Processing: '<writeln>?</writeln>'
2024-10-07 23:19:57,712  root       handle_response DEBUG    Write: '?\r\r>'
2024-10-07 23:19:57,712  root       run        DEBUG    Received '014C1'
2024-10-07 23:19:57,712  root       handle_request DEBUG    Handling: '014C1', header '7E0', ECU '7E0'
2024-10-07 23:19:57,713  root       handle_request DEBUG    Description: Commanded throttle actuator, PID THROTTLE_ACTUATOR (014C1)
2024-10-07 23:19:57,713  root       handle_response DEBUG    Processing: '<pos_answer>00</pos_answer>'
2024-10-07 23:19:57,713  root       handle_response DEBUG    Write: '7E8 03 41 4C 00 \r\r>'
2024-10-07 23:19:57,714  root       run        DEBUG    Received '014D1'
2024-10-07 23:19:57,714  root       handle_request DEBUG    Handling: '014D1', header '7E0', ECU '7E0'
2024-10-07 23:19:57,714  root       handle_request DEBUG    Description: Time run with MIL on, PID RUN_TIME_MIL (014D1)
2024-10-07 23:19:57,714  root       handle_response DEBUG    Processing: '<pos_answer>00 00</pos_answer>'
2024-10-07 23:19:57,715  root       handle_response DEBUG    Write: '7E8 04 41 4D 00 00 \r\r>'
2024-10-07 23:19:57,715  root       run        DEBUG    Received '014E1'
2024-10-07 23:19:57,715  root       handle_request DEBUG    Handling: '014E1', header '7E0', ECU '7E0'
2024-10-07 23:19:57,716  root       handle_request DEBUG    Description: Time since trouble codes cleared, PID TIME_SINCE_DTC_CLEARED (014E1)
2024-10-07 23:19:57,716  root       handle_response DEBUG    Processing: '<pos_answer>4C 69</pos_answer>'
2024-10-07 23:19:57,716  root       handle_response DEBUG    Write: '7E8 04 41 4E 4C 69 \r\r>'
2024-10-07 23:19:57,716  root       run        DEBUG    Received '01511'
2024-10-07 23:19:57,717  root       handle_request DEBUG    Handling: '01511', header '7E0', ECU '7E0'
2024-10-07 23:19:57,717  root       handle_request DEBUG    Description: Fuel Type, PID FUEL_TYPE (01511)
2024-10-07 23:19:57,717  root       handle_response DEBUG    Processing: '<pos_answer>01</pos_answer>'
2024-10-07 23:19:57,717  root       handle_response DEBUG    Write: '7E8 03 41 51 01 \r\r>'
2024-10-07 23:19:57,969  root       run        DEBUG    Received '01011'
2024-10-07 23:19:57,969  root       handle_request DEBUG    Handling: '01011', header '7E0', ECU '7E0'
2024-10-07 23:19:57,971  root       handle_request INFO     Unknown ELM command: '01011', header=7E0
2024-10-07 23:19:57,971  root       handle_response DEBUG    Processing: '<writeln>?</writeln>'
2024-10-07 23:19:57,972  root       handle_response DEBUG    Write: '?\r\r>'
2024-10-07 23:19:57,979  root       run        DEBUG    Received '01031'
2024-10-07 23:19:57,979  root       handle_request DEBUG    Handling: '01031', header '7E0', ECU '7E0'
2024-10-07 23:19:57,980  root       handle_request DEBUG    Description: Fuel System Status, PID FUEL_STATUS (01031)
2024-10-07 23:19:57,980  root       handle_response DEBUG    Processing: '<pos_answer>00 00</pos_answer>'
2024-10-07 23:19:57,981  root       handle_response DEBUG    Write: '7E8 04 41 03 00 00 \r\r>'
2024-10-07 23:19:57,982  root       run        DEBUG    Received '01041'
2024-10-07 23:19:57,983  root       handle_request DEBUG    Handling: '01041', header '7E0', ECU '7E0'
2024-10-07 23:19:57,983  root       handle_request DEBUG    Description: Calculated Engine Load, PID ENGINE_LOAD (01041)
2024-10-07 23:19:57,984  root       handle_response DEBUG    Processing: '<pos_answer>00</pos_answer>'
2024-10-07 23:19:57,984  root       handle_response DEBUG    Write: '7E8 03 41 04 00 \r\r>'
2024-10-07 23:19:57,986  root       run        DEBUG    Received '01051'
2024-10-07 23:19:57,986  root       handle_request DEBUG    Handling: '01051', header '7E0', ECU '7E0'
2024-10-07 23:19:57,987  root       handle_request DEBUG    Description: Engine Coolant Temperature, PID COOLANT_TEMP (01051)
2024-10-07 23:19:57,987  root       handle_response DEBUG    Processing: '<pos_answer>7B</pos_answer>'
2024-10-07 23:19:57,987  root       handle_response DEBUG    Write: '7E8 03 41 05 7B \r\r>'
2024-10-07 23:19:57,989  root       run        DEBUG    Received '01061'
2024-10-07 23:19:57,990  root       handle_request DEBUG    Handling: '01061', header '7E0', ECU '7E0'
2024-10-07 23:19:57,991  root       handle_request INFO     Unknown ELM command: '01061', header=7E0
2024-10-07 23:19:57,992  root       handle_response DEBUG    Processing: '<writeln>?</writeln>'
2024-10-07 23:19:57,992  root       handle_response DEBUG    Write: '?\r\r>'
2024-10-07 23:19:57,994  root       run        DEBUG    Received '01071'
2024-10-07 23:19:57,994  root       handle_request DEBUG    Handling: '01071', header '7E0', ECU '7E0'
2024-10-07 23:19:57,995  root       handle_request INFO     Unknown ELM command: '01071', header=7E0
2024-10-07 23:19:57,996  root       handle_response DEBUG    Processing: '<writeln>?</writeln>'
2024-10-07 23:19:57,996  root       handle_response DEBUG    Write: '?\r\r>'
2024-10-07 23:19:57,997  root       run        DEBUG    Received '010B1'
2024-10-07 23:19:57,998  root       handle_request DEBUG    Handling: '010B1', header '7E0', ECU '7E0'
2024-10-07 23:19:57,998  root       handle_request DEBUG    Description: Intake Manifold Pressure, PID INTAKE_PRESSURE (010B1)
2024-10-07 23:19:57,998  root       handle_response DEBUG    Processing: '<pos_answer>73</pos_answer>'
2024-10-07 23:19:57,999  root       handle_response DEBUG    Write: '7E8 03 41 0B 73 \r\r>'
2024-10-07 23:19:58,000  root       run        DEBUG    Received '010C2'
2024-10-07 23:19:58,001  root       handle_request DEBUG    Handling: '010C2', header '7E0', ECU '7E0'
2024-10-07 23:19:58,001  root       handle_request DEBUG    Description: Engine RPM, PID RPM (010C2)
2024-10-07 23:19:58,002  root       handle_response DEBUG    Processing: '<pos_answer>3C 00</pos_answer> <header>7EA</header><size>04</size><data>41 0C 3C 00</data>'
2024-10-07 23:19:58,002  root       handle_response DEBUG    Write: '7E8 04 41 0C 3C 00 \r7EA 04 41 0C 3C 00 \r\r>'
2024-10-07 23:19:58,003  root       run        DEBUG    Received '010D2'
2024-10-07 23:19:58,004  root       handle_request DEBUG    Handling: '010D2', header '7E0', ECU '7E0'
2024-10-07 23:19:58,004  root       handle_request DEBUG    Description: Vehicle Speed, PID SPEED (010D2)
2024-10-07 23:19:58,004  root       handle_response DEBUG    Processing: '<pos_answer>48</pos_answer> <header>7EA</header><size>03</size><data>41 0D 48</data>'
2024-10-07 23:19:58,004  root       handle_response DEBUG    Write: '7E8 03 41 0D 48 \r7EA 03 41 0D 48 \r\r>'
2024-10-07 23:19:58,005  root       run        DEBUG    Received '010E1'
2024-10-07 23:19:58,006  root       handle_request DEBUG    Handling: '010E1', header '7E0', ECU '7E0'
2024-10-07 23:19:58,006  root       handle_request INFO     Unknown ELM command: '010E1', header=7E0
2024-10-07 23:19:58,007  root       handle_response DEBUG    Processing: '<writeln>?</writeln>'
2024-10-07 23:19:58,007  root       handle_response DEBUG    Write: '?\r\r>'
2024-10-07 23:19:58,008  root       run        DEBUG    Received '010F1'
2024-10-07 23:19:58,008  root       handle_request DEBUG    Handling: '010F1', header '7E0', ECU '7E0'
2024-10-07 23:19:58,008  root       handle_request DEBUG    Description: Intake Air Temp, PID INTAKE_TEMP (010F1)
2024-10-07 23:19:58,008  root       handle_response DEBUG    Processing: '<pos_answer>44</pos_answer>'
2024-10-07 23:19:58,009  root       handle_response DEBUG    Write: '7E8 03 41 0F 44 \r\r>'
2024-10-07 23:19:58,009  root       run        DEBUG    Received '01101'
2024-10-07 23:19:58,009  root       handle_request DEBUG    Handling: '01101', header '7E0', ECU '7E0'
2024-10-07 23:19:58,010  root       handle_request DEBUG    Description: Air Flow Rate (MAF), PID MAF (01101)
2024-10-07 23:19:58,010  root       handle_response DEBUG    Processing: '<pos_answer>05 1F</pos_answer>'
2024-10-07 23:19:58,010  root       handle_response DEBUG    Write: '7E8 04 41 10 05 1F \r\r>'
2024-10-07 23:19:58,011  root       run        DEBUG    Received '01111'
2024-10-07 23:19:58,011  root       handle_request DEBUG    Handling: '01111', header '7E0', ECU '7E0'
2024-10-07 23:19:58,011  root       handle_request DEBUG    Description: Throttle Position, PID THROTTLE_POS (01111)
2024-10-07 23:19:58,011  root       handle_response DEBUG    Processing: '<pos_answer>FF</pos_answer>'
2024-10-07 23:19:58,012  root       handle_response DEBUG    Write: '7E8 03 41 11 FF \r\r>'
2024-10-07 23:19:58,013  root       run        DEBUG    Received '01131'
2024-10-07 23:19:58,013  root       handle_request DEBUG    Handling: '01131', header '7E0', ECU '7E0'
2024-10-07 23:19:58,013  root       handle_request INFO     Unknown ELM command: '01131', header=7E0
2024-10-07 23:19:58,014  root       handle_response DEBUG    Processing: '<writeln>?</writeln>'
2024-10-07 23:19:58,014  root       handle_response DEBUG    Write: '?\r\r>'
2024-10-07 23:19:58,015  root       run        DEBUG    Received '01151'
2024-10-07 23:19:58,015  root       handle_request DEBUG    Handling: '01151', header '7E0', ECU '7E0'
2024-10-07 23:19:58,015  root       handle_request INFO     Unknown ELM command: '01151', header=7E0
2024-10-07 23:19:58,015  root       handle_response DEBUG    Processing: '<writeln>?</writeln>'
2024-10-07 23:19:58,016  root       handle_response DEBUG    Write: '?\r\r>'
2024-10-07 23:19:58,016  root       run        DEBUG    Received '011C1'
2024-10-07 23:19:58,016  root       handle_request DEBUG    Handling: '011C1', header '7E0', ECU '7E0'
2024-10-07 23:19:58,016  root       handle_request DEBUG    Description: OBD Standards Compliance, PID OBD_COMPLIANCE (011C1)
2024-10-07 23:19:58,016  root       handle_response DEBUG    Processing: '<pos_answer>06</pos_answer>'
2024-10-07 23:19:58,017  root       handle_response DEBUG    Write: '7E8 03 41 1C 06 \r\r>'
2024-10-07 23:19:58,017  root       run        DEBUG    Received '011F1'
2024-10-07 23:19:58,017  root       handle_request DEBUG    Handling: '011F1', header '7E0', ECU '7E0'
2024-10-07 23:19:58,017  root       handle_request DEBUG    Description: Engine Run Time, PID RUN_TIME (011F1)
2024-10-07 23:19:58,017  root       handle_response DEBUG    Processing: '<pos_answer>00 8C</pos_answer>'
2024-10-07 23:19:58,018  root       handle_response DEBUG    Write: '7E8 04 41 1F 00 8C \r\r>'
2024-10-07 23:19:58,018  root       run        DEBUG    Received '01202'
2024-10-07 23:19:58,018  root       handle_request DEBUG    Handling: '01202', header '7E0', ECU '7E0'
2024-10-07 23:19:58,018  root       handle_request DEBUG    Description: PIDS_B, PID ELM_PIDS_B (01202)
2024-10-07 23:19:58,019  root       handle_response DEBUG    Processing: '<header>7EA</header><size>06</size><data>41 20 80 01 A0 01</data><pos_answer>90 15 B0 15</pos_answer>'
2024-10-07 23:19:58,019  root       handle_response DEBUG    Write: '7EA 06 41 20 80 01 A0 01 \r7E8 06 41 20 90 15 B0 15 \r\r>'
2024-10-07 23:19:58,019  root       run        DEBUG    Received '01211'
2024-10-07 23:19:58,019  root       handle_request DEBUG    Handling: '01211', header '7E0', ECU '7E0'
2024-10-07 23:19:58,019  root       handle_request DEBUG    Description: Distance Traveled with MIL on, PID DISTANCE_W_MIL (01211)
2024-10-07 23:19:58,019  root       handle_response DEBUG    Processing: '<pos_answer>00 00</pos_answer>'
2024-10-07 23:19:58,020  root       handle_response DEBUG    Write: '7E8 04 41 21 00 00 \r\r>'
2024-10-07 23:19:58,020  root       run        DEBUG    Received '01241'
2024-10-07 23:19:58,020  root       handle_request DEBUG    Handling: '01241', header '7E0', ECU '7E0'
2024-10-07 23:19:58,020  root       handle_request INFO     Unknown ELM command: '01241', header=7E0
2024-10-07 23:19:58,021  root       handle_response DEBUG    Processing: '<writeln>?</writeln>'
2024-10-07 23:19:58,021  root       handle_response DEBUG    Write: '?\r\r>'
2024-10-07 23:19:58,021  root       run        DEBUG    Received '012C1'
2024-10-07 23:19:58,021  root       handle_request DEBUG    Handling: '012C1', header '7E0', ECU '7E0'
2024-10-07 23:19:58,022  root       handle_request DEBUG    Description: Commanded EGR, PID COMMANDED_EGR (012C1)
2024-10-07 23:19:58,022  root       handle_response DEBUG    Processing: '<pos_answer>0D</pos_answer>'
2024-10-07 23:19:58,022  root       handle_response DEBUG    Write: '7E8 03 41 2C 0D \r\r>'
2024-10-07 23:19:58,022  root       run        DEBUG    Received '012E1'
2024-10-07 23:19:58,023  root       handle_request DEBUG    Handling: '012E1', header '7E0', ECU '7E0'
2024-10-07 23:19:58,023  root       handle_request INFO     Unknown ELM command: '012E1', header=7E0
2024-10-07 23:19:58,023  root       handle_response DEBUG    Processing: '<writeln>?</writeln>'
2024-10-07 23:19:58,023  root       handle_response DEBUG    Write: '?\r\r>'
2024-10-07 23:19:58,024  root       run        DEBUG    Received '01301'
2024-10-07 23:19:58,024  root       handle_request DEBUG    Handling: '01301', header '7E0', ECU '7E0'
2024-10-07 23:19:58,025  root       handle_request INFO     Unknown ELM command: '01301', header=7E0
2024-10-07 23:19:58,025  root       handle_response DEBUG    Processing: '<writeln>?</writeln>'
2024-10-07 23:19:58,025  root       handle_response DEBUG    Write: '?\r\r>'
2024-10-07 23:19:58,026  root       run        DEBUG    Received '01311'
2024-10-07 23:19:58,026  root       handle_request DEBUG    Handling: '01311', header '7E0', ECU '7E0'
2024-10-07 23:19:58,026  root       handle_request DEBUG    Description: Distance traveled since codes cleared, PID DISTANCE_SINCE_DTC_CLEAR (01311)
2024-10-07 23:19:58,027  root       handle_response DEBUG    Processing: '<pos_answer>C8 1F</pos_answer>'
2024-10-07 23:19:58,027  root       handle_response DEBUG    Write: '7E8 04 41 31 C8 1F \r\r>'
2024-10-07 23:19:58,028  root       run        DEBUG    Received '01331'
2024-10-07 23:19:58,028  root       handle_request DEBUG    Handling: '01331', header '7E0', ECU '7E0'
2024-10-07 23:19:58,028  root       handle_request DEBUG    Description: Barometric Pressure, PID BAROMETRIC_PRESSURE (01331)
2024-10-07 23:19:58,028  root       handle_response DEBUG    Processing: '<pos_answer>65</pos_answer>'
2024-10-07 23:19:58,028  root       handle_response DEBUG    Write: '7E8 03 41 33 65 \r\r>'
2024-10-07 23:19:58,029  root       run        DEBUG    Received '01341'
2024-10-07 23:19:58,029  root       handle_request DEBUG    Handling: '01341', header '7E0', ECU '7E0'
2024-10-07 23:19:58,030  root       handle_request INFO     Unknown ELM command: '01341', header=7E0
2024-10-07 23:19:58,030  root       handle_response DEBUG    Processing: '<writeln>?</writeln>'
2024-10-07 23:19:58,030  root       handle_response DEBUG    Write: '?\r\r>'
2024-10-07 23:19:58,031  root       run        DEBUG    Received '013C1'
2024-10-07 23:19:58,031  root       handle_request DEBUG    Handling: '013C1', header '7E0', ECU '7E0'
2024-10-07 23:19:58,031  root       handle_request DEBUG    Description: Catalyst Temperature: Bank 1 - Sensor 1, PID CATALYST_TEMP_B1S1 (013C1)
2024-10-07 23:19:58,031  root       handle_response DEBUG    Processing: '<pos_answer>04 44</pos_answer>'
2024-10-07 23:19:58,031  root       handle_response DEBUG    Write: '7E8 04 41 3C 04 44 \r\r>'
2024-10-07 23:19:58,033  root       run        DEBUG    Received '013E1'
2024-10-07 23:19:58,033  root       handle_request DEBUG    Handling: '013E1', header '7E0', ECU '7E0'
2024-10-07 23:19:58,034  root       handle_request INFO     Unknown ELM command: '013E1', header=7E0
2024-10-07 23:19:58,034  root       handle_response DEBUG    Processing: '<writeln>?</writeln>'
2024-10-07 23:19:58,034  root       handle_response DEBUG    Write: '?\r\r>'
2024-10-07 23:19:58,035  root       run        DEBUG    Received '01402'
2024-10-07 23:19:58,035  root       handle_request DEBUG    Handling: '01402', header '7E0', ECU '7E0'
2024-10-07 23:19:58,035  root       handle_request DEBUG    Description: PIDS_C, PID ELM_PIDS_C (01402)
2024-10-07 23:19:58,035  root       handle_response DEBUG    Processing: '<header>7EA</header><size>06</size><data>41 40 44 CC 00 21</data><pos_answer>7A 1C 80 00</pos_answer>'
2024-10-07 23:19:58,036  root       handle_response DEBUG    Write: '7EA 06 41 40 44 CC 00 21 \r7E8 06 41 40 7A 1C 80 00 \r\r>'
2024-10-07 23:19:58,036  root       run        DEBUG    Received '01421'
2024-10-07 23:19:58,036  root       handle_request DEBUG    Handling: '01421', header '7E0', ECU '7E0'
2024-10-07 23:19:58,037  root       handle_request DEBUG    Description: Control module voltage, PID CONTROL_MODULE_VOLTAGE (01421)
2024-10-07 23:19:58,037  root       handle_response DEBUG    Processing: '<pos_answer>39 D6</pos_answer>'
2024-10-07 23:19:58,037  root       handle_response DEBUG    Write: '7E8 04 41 42 39 D6 \r\r>'
2024-10-07 23:19:58,038  root       run        DEBUG    Received '01431'
2024-10-07 23:19:58,038  root       handle_request DEBUG    Handling: '01431', header '7E0', ECU '7E0'
2024-10-07 23:19:58,038  root       handle_request INFO     Unknown ELM command: '01431', header=7E0
2024-10-07 23:19:58,038  root       handle_response DEBUG    Processing: '<writeln>?</writeln>'
2024-10-07 23:19:58,038  root       handle_response DEBUG    Write: '?\r\r>'
2024-10-07 23:19:58,039  root       run        DEBUG    Received '01441'
2024-10-07 23:19:58,039  root       handle_request DEBUG    Handling: '01441', header '7E0', ECU '7E0'
2024-10-07 23:19:58,039  root       handle_request INFO     Unknown ELM command: '01441', header=7E0
2024-10-07 23:19:58,040  root       handle_response DEBUG    Processing: '<writeln>?</writeln>'
2024-10-07 23:19:58,040  root       handle_response DEBUG    Write: '?\r\r>'
2024-10-07 23:19:58,040  root       run        DEBUG    Received '01451'
2024-10-07 23:19:58,041  root       handle_request DEBUG    Handling: '01451', header '7E0', ECU '7E0'
2024-10-07 23:19:58,041  root       handle_request INFO     Unknown ELM command: '01451', header=7E0
2024-10-07 23:19:58,041  root       handle_response DEBUG    Processing: '<writeln>?</writeln>'
2024-10-07 23:19:58,042  root       handle_response DEBUG    Write: '?\r\r>'
2024-10-07 23:19:58,042  root       run        DEBUG    Received '01471'
2024-10-07 23:19:58,042  root       handle_request DEBUG    Handling: '01471', header '7E0', ECU '7E0'
2024-10-07 23:19:58,043  root       handle_request INFO     Unknown ELM command: '01471', header=7E0
2024-10-07 23:19:58,043  root       handle_response DEBUG    Processing: '<writeln>?</writeln>'
2024-10-07 23:19:58,043  root       handle_response DEBUG    Write: '?\r\r>'
2024-10-07 23:19:58,044  root       run        DEBUG    Received '014C1'
2024-10-07 23:19:58,044  root       handle_request DEBUG    Handling: '014C1', header '7E0', ECU '7E0'
2024-10-07 23:19:58,044  root       handle_request DEBUG    Description: Commanded throttle actuator, PID THROTTLE_ACTUATOR (014C1)
2024-10-07 23:19:58,044  root       handle_response DEBUG    Processing: '<pos_answer>00</pos_answer>'
2024-10-07 23:19:58,044  root       handle_response DEBUG    Write: '7E8 03 41 4C 00 \r\r>'
2024-10-07 23:19:58,045  root       run        DEBUG    Received '014D1'
2024-10-07 23:19:58,045  root       handle_request DEBUG    Handling: '014D1', header '7E0', ECU '7E0'
2024-10-07 23:19:58,046  root       handle_request DEBUG    Description: Time run with MIL on, PID RUN_TIME_MIL (014D1)
2024-10-07 23:19:58,046  root       handle_response DEBUG    Processing: '<pos_answer>00 00</pos_answer>'
2024-10-07 23:19:58,046  root       handle_response DEBUG    Write: '7E8 04 41 4D 00 00 \r\r>'
2024-10-07 23:19:58,047  root       run        DEBUG    Received '014E1'
2024-10-07 23:19:58,047  root       handle_request DEBUG    Handling: '014E1', header '7E0', ECU '7E0'
2024-10-07 23:19:58,047  root       handle_request DEBUG    Description: Time since trouble codes cleared, PID TIME_SINCE_DTC_CLEARED (014E1)
2024-10-07 23:19:58,048  root       handle_response DEBUG    Processing: '<pos_answer>4C 69</pos_answer>'
2024-10-07 23:19:58,048  root       handle_response DEBUG    Write: '7E8 04 41 4E 4C 69 \r\r>'
2024-10-07 23:19:58,049  root       run        DEBUG    Received '01511'
2024-10-07 23:19:58,049  root       handle_request DEBUG    Handling: '01511', header '7E0', ECU '7E0'
2024-10-07 23:19:58,049  root       handle_request DEBUG    Description: Fuel Type, PID FUEL_TYPE (01511)
2024-10-07 23:19:58,049  root       handle_response DEBUG    Processing: '<pos_answer>01</pos_answer>'
2024-10-07 23:19:58,050  root       handle_response DEBUG    Write: '7E8 03 41 51 01 \r\r>'
2024-10-07 23:19:59,361  root       run        DEBUG    Received '01011'
2024-10-07 23:19:59,362  root       handle_request DEBUG    Handling: '01011', header '7E0', ECU '7E0'
2024-10-07 23:19:59,363  root       handle_request INFO     Unknown ELM command: '01011', header=7E0
2024-10-07 23:19:59,364  root       handle_response DEBUG    Processing: '<writeln>?</writeln>'
2024-10-07 23:19:59,364  root       handle_response DEBUG    Write: '?\r\r>'
2024-10-07 23:19:59,371  root       run        DEBUG    Received '01031'
2024-10-07 23:19:59,371  root       handle_request DEBUG    Handling: '01031', header '7E0', ECU '7E0'
2024-10-07 23:19:59,371  root       handle_request DEBUG    Description: Fuel System Status, PID FUEL_STATUS (01031)
2024-10-07 23:19:59,371  root       handle_response DEBUG    Processing: '<pos_answer>00 00</pos_answer>'
2024-10-07 23:19:59,371  root       handle_response DEBUG    Write: '7E8 04 41 03 00 00 \r\r>'
2024-10-07 23:19:59,372  root       run        DEBUG    Received '01041'
2024-10-07 23:19:59,372  root       handle_request DEBUG    Handling: '01041', header '7E0', ECU '7E0'
2024-10-07 23:19:59,372  root       handle_request DEBUG    Description: Calculated Engine Load, PID ENGINE_LOAD (01041)
2024-10-07 23:19:59,372  root       handle_response DEBUG    Processing: '<pos_answer>00</pos_answer>'
2024-10-07 23:19:59,372  root       handle_response DEBUG    Write: '7E8 03 41 04 00 \r\r>'
2024-10-07 23:19:59,373  root       run        DEBUG    Received '01051'
2024-10-07 23:19:59,374  root       handle_request DEBUG    Handling: '01051', header '7E0', ECU '7E0'
2024-10-07 23:19:59,374  root       handle_request DEBUG    Description: Engine Coolant Temperature, PID COOLANT_TEMP (01051)
2024-10-07 23:19:59,374  root       handle_response DEBUG    Processing: '<pos_answer>7B</pos_answer>'
2024-10-07 23:19:59,374  root       handle_response DEBUG    Write: '7E8 03 41 05 7B \r\r>'
2024-10-07 23:19:59,375  root       run        DEBUG    Received '01061'
2024-10-07 23:19:59,375  root       handle_request DEBUG    Handling: '01061', header '7E0', ECU '7E0'
2024-10-07 23:19:59,375  root       handle_request INFO     Unknown ELM command: '01061', header=7E0
2024-10-07 23:19:59,376  root       handle_response DEBUG    Processing: '<writeln>?</writeln>'
2024-10-07 23:19:59,376  root       handle_response DEBUG    Write: '?\r\r>'
2024-10-07 23:19:59,376  root       run        DEBUG    Received '01071'
2024-10-07 23:19:59,376  root       handle_request DEBUG    Handling: '01071', header '7E0', ECU '7E0'
2024-10-07 23:19:59,377  root       handle_request INFO     Unknown ELM command: '01071', header=7E0
2024-10-07 23:19:59,377  root       handle_response DEBUG    Processing: '<writeln>?</writeln>'
2024-10-07 23:19:59,377  root       handle_response DEBUG    Write: '?\r\r>'
2024-10-07 23:19:59,378  root       run        DEBUG    Received '010B1'
2024-10-07 23:19:59,379  root       handle_request DEBUG    Handling: '010B1', header '7E0', ECU '7E0'
2024-10-07 23:19:59,379  root       handle_request DEBUG    Description: Intake Manifold Pressure, PID INTAKE_PRESSURE (010B1)
2024-10-07 23:19:59,379  root       handle_response DEBUG    Processing: '<pos_answer>73</pos_answer>'
2024-10-07 23:19:59,379  root       handle_response DEBUG    Write: '7E8 03 41 0B 73 \r\r>'
2024-10-07 23:19:59,380  root       run        DEBUG    Received '010C2'
2024-10-07 23:19:59,381  root       handle_request DEBUG    Handling: '010C2', header '7E0', ECU '7E0'
2024-10-07 23:19:59,381  root       handle_request DEBUG    Description: Engine RPM, PID RPM (010C2)
2024-10-07 23:19:59,381  root       handle_response DEBUG    Processing: '<pos_answer>3C 50</pos_answer> <header>7EA</header><size>04</size><data>41 0C 3C 50</data>'
2024-10-07 23:19:59,382  root       handle_response DEBUG    Write: '7E8 04 41 0C 3C 50 \r7EA 04 41 0C 3C 50 \r\r>'
2024-10-07 23:19:59,383  root       run        DEBUG    Received '010D2'
2024-10-07 23:19:59,383  root       handle_request DEBUG    Handling: '010D2', header '7E0', ECU '7E0'
2024-10-07 23:19:59,383  root       handle_request DEBUG    Description: Vehicle Speed, PID SPEED (010D2)
2024-10-07 23:19:59,384  root       handle_response DEBUG    Processing: '<pos_answer>44</pos_answer> <header>7EA</header><size>03</size><data>41 0D 44</data>'
2024-10-07 23:19:59,384  root       handle_response DEBUG    Write: '7E8 03 41 0D 44 \r7EA 03 41 0D 44 \r\r>'
2024-10-07 23:19:59,385  root       run        DEBUG    Received '010E1'
2024-10-07 23:19:59,385  root       handle_request DEBUG    Handling: '010E1', header '7E0', ECU '7E0'
2024-10-07 23:19:59,386  root       handle_request INFO     Unknown ELM command: '010E1', header=7E0
2024-10-07 23:19:59,386  root       handle_response DEBUG    Processing: '<writeln>?</writeln>'
2024-10-07 23:19:59,386  root       handle_response DEBUG    Write: '?\r\r>'
2024-10-07 23:19:59,387  root       run        DEBUG    Received '010F1'
2024-10-07 23:19:59,387  root       handle_request DEBUG    Handling: '010F1', header '7E0', ECU '7E0'
2024-10-07 23:19:59,387  root       handle_request DEBUG    Description: Intake Air Temp, PID INTAKE_TEMP (010F1)
2024-10-07 23:19:59,387  root       handle_response DEBUG    Processing: '<pos_answer>44</pos_answer>'
2024-10-07 23:19:59,387  root       handle_response DEBUG    Write: '7E8 03 41 0F 44 \r\r>'
2024-10-07 23:19:59,388  root       run        DEBUG    Received '01101'
2024-10-07 23:19:59,388  root       handle_request DEBUG    Handling: '01101', header '7E0', ECU '7E0'
2024-10-07 23:19:59,388  root       handle_request DEBUG    Description: Air Flow Rate (MAF), PID MAF (01101)
2024-10-07 23:19:59,388  root       handle_response DEBUG    Processing: '<pos_answer>05 1F</pos_answer>'
2024-10-07 23:19:59,389  root       handle_response DEBUG    Write: '7E8 04 41 10 05 1F \r\r>'
2024-10-07 23:19:59,389  root       run        DEBUG    Received '01111'
2024-10-07 23:19:59,389  root       handle_request DEBUG    Handling: '01111', header '7E0', ECU '7E0'
2024-10-07 23:19:59,390  root       handle_request DEBUG    Description: Throttle Position, PID THROTTLE_POS (01111)
2024-10-07 23:19:59,390  root       handle_response DEBUG    Processing: '<pos_answer>FF</pos_answer>'
2024-10-07 23:19:59,390  root       handle_response DEBUG    Write: '7E8 03 41 11 FF \r\r>'
2024-10-07 23:19:59,390  root       run        DEBUG    Received '01131'
2024-10-07 23:19:59,391  root       handle_request DEBUG    Handling: '01131', header '7E0', ECU '7E0'
2024-10-07 23:19:59,391  root       handle_request INFO     Unknown ELM command: '01131', header=7E0
2024-10-07 23:19:59,391  root       handle_response DEBUG    Processing: '<writeln>?</writeln>'
2024-10-07 23:19:59,392  root       handle_response DEBUG    Write: '?\r\r>'
2024-10-07 23:19:59,392  root       run        DEBUG    Received '01151'
2024-10-07 23:19:59,393  root       handle_request DEBUG    Handling: '01151', header '7E0', ECU '7E0'
2024-10-07 23:19:59,394  root       handle_request INFO     Unknown ELM command: '01151', header=7E0
2024-10-07 23:19:59,394  root       handle_response DEBUG    Processing: '<writeln>?</writeln>'
2024-10-07 23:19:59,394  root       handle_response DEBUG    Write: '?\r\r>'
2024-10-07 23:19:59,395  root       run        DEBUG    Received '011C1'
2024-10-07 23:19:59,395  root       handle_request DEBUG    Handling: '011C1', header '7E0', ECU '7E0'
2024-10-07 23:19:59,395  root       handle_request DEBUG    Description: OBD Standards Compliance, PID OBD_COMPLIANCE (011C1)
2024-10-07 23:19:59,395  root       handle_response DEBUG    Processing: '<pos_answer>06</pos_answer>'
2024-10-07 23:19:59,395  root       handle_response DEBUG    Write: '7E8 03 41 1C 06 \r\r>'
2024-10-07 23:19:59,396  root       run        DEBUG    Received '011F1'
2024-10-07 23:19:59,396  root       handle_request DEBUG    Handling: '011F1', header '7E0', ECU '7E0'
2024-10-07 23:19:59,396  root       handle_request DEBUG    Description: Engine Run Time, PID RUN_TIME (011F1)
2024-10-07 23:19:59,396  root       handle_response DEBUG    Processing: '<pos_answer>00 8C</pos_answer>'
2024-10-07 23:19:59,396  root       handle_response DEBUG    Write: '7E8 04 41 1F 00 8C \r\r>'
2024-10-07 23:19:59,397  root       run        DEBUG    Received '01202'
2024-10-07 23:19:59,397  root       handle_request DEBUG    Handling: '01202', header '7E0', ECU '7E0'
2024-10-07 23:19:59,397  root       handle_request DEBUG    Description: PIDS_B, PID ELM_PIDS_B (01202)
2024-10-07 23:19:59,398  root       handle_response DEBUG    Processing: '<header>7EA</header><size>06</size><data>41 20 80 01 A0 01</data><pos_answer>90 15 B0 15</pos_answer>'
2024-10-07 23:19:59,398  root       handle_response DEBUG    Write: '7EA 06 41 20 80 01 A0 01 \r7E8 06 41 20 90 15 B0 15 \r\r>'
2024-10-07 23:19:59,398  root       run        DEBUG    Received '01211'
2024-10-07 23:19:59,399  root       handle_request DEBUG    Handling: '01211', header '7E0', ECU '7E0'
2024-10-07 23:19:59,399  root       handle_request DEBUG    Description: Distance Traveled with MIL on, PID DISTANCE_W_MIL (01211)
2024-10-07 23:19:59,399  root       handle_response DEBUG    Processing: '<pos_answer>00 00</pos_answer>'
2024-10-07 23:19:59,399  root       handle_response DEBUG    Write: '7E8 04 41 21 00 00 \r\r>'
2024-10-07 23:19:59,400  root       run        DEBUG    Received '01241'
2024-10-07 23:19:59,400  root       handle_request DEBUG    Handling: '01241', header '7E0', ECU '7E0'
2024-10-07 23:19:59,400  root       handle_request INFO     Unknown ELM command: '01241', header=7E0
2024-10-07 23:19:59,400  root       handle_response DEBUG    Processing: '<writeln>?</writeln>'
2024-10-07 23:19:59,400  root       handle_response DEBUG    Write: '?\r\r>'
2024-10-07 23:19:59,401  root       run        DEBUG    Received '012C1'
2024-10-07 23:19:59,401  root       handle_request DEBUG    Handling: '012C1', header '7E0', ECU '7E0'
2024-10-07 23:19:59,401  root       handle_request DEBUG    Description: Commanded EGR, PID COMMANDED_EGR (012C1)
2024-10-07 23:19:59,401  root       handle_response DEBUG    Processing: '<pos_answer>0D</pos_answer>'
2024-10-07 23:19:59,402  root       handle_response DEBUG    Write: '7E8 03 41 2C 0D \r\r>'
2024-10-07 23:19:59,402  root       run        DEBUG    Received '012E1'
2024-10-07 23:19:59,403  root       handle_request DEBUG    Handling: '012E1', header '7E0', ECU '7E0'
2024-10-07 23:19:59,403  root       handle_request INFO     Unknown ELM command: '012E1', header=7E0
2024-10-07 23:19:59,403  root       handle_response DEBUG    Processing: '<writeln>?</writeln>'
2024-10-07 23:19:59,403  root       handle_response DEBUG    Write: '?\r\r>'
2024-10-07 23:19:59,404  root       run        DEBUG    Received '01301'
2024-10-07 23:19:59,404  root       handle_request DEBUG    Handling: '01301', header '7E0', ECU '7E0'
2024-10-07 23:19:59,404  root       handle_request INFO     Unknown ELM command: '01301', header=7E0
2024-10-07 23:19:59,405  root       handle_response DEBUG    Processing: '<writeln>?</writeln>'
2024-10-07 23:19:59,405  root       handle_response DEBUG    Write: '?\r\r>'
2024-10-07 23:19:59,405  root       run        DEBUG    Received '01311'
2024-10-07 23:19:59,406  root       handle_request DEBUG    Handling: '01311', header '7E0', ECU '7E0'
2024-10-07 23:19:59,406  root       handle_request DEBUG    Description: Distance traveled since codes cleared, PID DISTANCE_SINCE_DTC_CLEAR (01311)
2024-10-07 23:19:59,406  root       handle_response DEBUG    Processing: '<pos_answer>C8 1F</pos_answer>'
2024-10-07 23:19:59,406  root       handle_response DEBUG    Write: '7E8 04 41 31 C8 1F \r\r>'
2024-10-07 23:19:59,407  root       run        DEBUG    Received '01331'
2024-10-07 23:19:59,407  root       handle_request DEBUG    Handling: '01331', header '7E0', ECU '7E0'
2024-10-07 23:19:59,407  root       handle_request DEBUG    Description: Barometric Pressure, PID BAROMETRIC_PRESSURE (01331)
2024-10-07 23:19:59,407  root       handle_response DEBUG    Processing: '<pos_answer>65</pos_answer>'
2024-10-07 23:19:59,407  root       handle_response DEBUG    Write: '7E8 03 41 33 65 \r\r>'
2024-10-07 23:19:59,408  root       run        DEBUG    Received '01341'
2024-10-07 23:19:59,408  root       handle_request DEBUG    Handling: '01341', header '7E0', ECU '7E0'
2024-10-07 23:19:59,409  root       handle_request INFO     Unknown ELM command: '01341', header=7E0
2024-10-07 23:19:59,409  root       handle_response DEBUG    Processing: '<writeln>?</writeln>'
2024-10-07 23:19:59,409  root       handle_response DEBUG    Write: '?\r\r>'
2024-10-07 23:19:59,410  root       run        DEBUG    Received '013C1'
2024-10-07 23:19:59,410  root       handle_request DEBUG    Handling: '013C1', header '7E0', ECU '7E0'
2024-10-07 23:19:59,410  root       handle_request DEBUG    Description: Catalyst Temperature: Bank 1 - Sensor 1, PID CATALYST_TEMP_B1S1 (013C1)
2024-10-07 23:19:59,410  root       handle_response DEBUG    Processing: '<pos_answer>04 44</pos_answer>'
2024-10-07 23:19:59,410  root       handle_response DEBUG    Write: '7E8 04 41 3C 04 44 \r\r>'
2024-10-07 23:19:59,412  root       run        DEBUG    Received '013E1'
2024-10-07 23:19:59,412  root       handle_request DEBUG    Handling: '013E1', header '7E0', ECU '7E0'
2024-10-07 23:19:59,413  root       handle_request INFO     Unknown ELM command: '013E1', header=7E0
2024-10-07 23:19:59,413  root       handle_response DEBUG    Processing: '<writeln>?</writeln>'
2024-10-07 23:19:59,413  root       handle_response DEBUG    Write: '?\r\r>'
2024-10-07 23:19:59,414  root       run        DEBUG    Received '01402'
2024-10-07 23:19:59,414  root       handle_request DEBUG    Handling: '01402', header '7E0', ECU '7E0'
2024-10-07 23:19:59,414  root       handle_request DEBUG    Description: PIDS_C, PID ELM_PIDS_C (01402)
2024-10-07 23:19:59,414  root       handle_response DEBUG    Processing: '<header>7EA</header><size>06</size><data>41 40 44 CC 00 21</data><pos_answer>7A 1C 80 00</pos_answer>'
2024-10-07 23:19:59,414  root       handle_response DEBUG    Write: '7EA 06 41 40 44 CC 00 21 \r7E8 06 41 40 7A 1C 80 00 \r\r>'
2024-10-07 23:19:59,415  root       run        DEBUG    Received '01421'
2024-10-07 23:19:59,415  root       handle_request DEBUG    Handling: '01421', header '7E0', ECU '7E0'
2024-10-07 23:19:59,415  root       handle_request DEBUG    Description: Control module voltage, PID CONTROL_MODULE_VOLTAGE (01421)
2024-10-07 23:19:59,415  root       handle_response DEBUG    Processing: '<pos_answer>39 D6</pos_answer>'
2024-10-07 23:19:59,416  root       handle_response DEBUG    Write: '7E8 04 41 42 39 D6 \r\r>'
2024-10-07 23:19:59,416  root       run        DEBUG    Received '01431'
2024-10-07 23:19:59,416  root       handle_request DEBUG    Handling: '01431', header '7E0', ECU '7E0'
2024-10-07 23:19:59,417  root       handle_request INFO     Unknown ELM command: '01431', header=7E0
2024-10-07 23:19:59,417  root       handle_response DEBUG    Processing: '<writeln>?</writeln>'
2024-10-07 23:19:59,417  root       handle_response DEBUG    Write: '?\r\r>'
2024-10-07 23:19:59,418  root       run        DEBUG    Received '01441'
2024-10-07 23:19:59,418  root       handle_request DEBUG    Handling: '01441', header '7E0', ECU '7E0'
2024-10-07 23:19:59,418  root       handle_request INFO     Unknown ELM command: '01441', header=7E0
2024-10-07 23:19:59,418  root       handle_response DEBUG    Processing: '<writeln>?</writeln>'
2024-10-07 23:19:59,419  root       handle_response DEBUG    Write: '?\r\r>'
2024-10-07 23:19:59,419  root       run        DEBUG    Received '01451'
2024-10-07 23:19:59,419  root       handle_request DEBUG    Handling: '01451', header '7E0', ECU '7E0'
2024-10-07 23:19:59,420  root       handle_request INFO     Unknown ELM command: '01451', header=7E0
2024-10-07 23:19:59,420  root       handle_response DEBUG    Processing: '<writeln>?</writeln>'
2024-10-07 23:19:59,420  root       handle_response DEBUG    Write: '?\r\r>'
2024-10-07 23:19:59,421  root       run        DEBUG    Received '01471'
2024-10-07 23:19:59,421  root       handle_request DEBUG    Handling: '01471', header '7E0', ECU '7E0'
2024-10-07 23:19:59,421  root       handle_request INFO     Unknown ELM command: '01471', header=7E0
2024-10-07 23:19:59,421  root       handle_response DEBUG    Processing: '<writeln>?</writeln>'
2024-10-07 23:19:59,422  root       handle_response DEBUG    Write: '?\r\r>'
2024-10-07 23:19:59,422  root       run        DEBUG    Received '014C1'
2024-10-07 23:19:59,422  root       handle_request DEBUG    Handling: '014C1', header '7E0', ECU '7E0'
2024-10-07 23:19:59,422  root       handle_request DEBUG    Description: Commanded throttle actuator, PID THROTTLE_ACTUATOR (014C1)
2024-10-07 23:19:59,423  root       handle_response DEBUG    Processing: '<pos_answer>00</pos_answer>'
2024-10-07 23:19:59,423  root       handle_response DEBUG    Write: '7E8 03 41 4C 00 \r\r>'
2024-10-07 23:19:59,424  root       run        DEBUG    Received '014D1'
2024-10-07 23:19:59,424  root       handle_request DEBUG    Handling: '014D1', header '7E0', ECU '7E0'
2024-10-07 23:19:59,424  root       handle_request DEBUG    Description: Time run with MIL on, PID RUN_TIME_MIL (014D1)
2024-10-07 23:19:59,424  root       handle_response DEBUG    Processing: '<pos_answer>00 00</pos_answer>'
2024-10-07 23:19:59,424  root       handle_response DEBUG    Write: '7E8 04 41 4D 00 00 \r\r>'
2024-10-07 23:19:59,425  root       run        DEBUG    Received '014E1'
2024-10-07 23:19:59,425  root       handle_request DEBUG    Handling: '014E1', header '7E0', ECU '7E0'
2024-10-07 23:19:59,425  root       handle_request DEBUG    Description: Time since trouble codes cleared, PID TIME_SINCE_DTC_CLEARED (014E1)
2024-10-07 23:19:59,425  root       handle_response DEBUG    Processing: '<pos_answer>4C 69</pos_answer>'
2024-10-07 23:19:59,426  root       handle_response DEBUG    Write: '7E8 04 41 4E 4C 69 \r\r>'
2024-10-07 23:19:59,426  root       run        DEBUG    Received '01511'
2024-10-07 23:19:59,427  root       handle_request DEBUG    Handling: '01511', header '7E0', ECU '7E0'
2024-10-07 23:19:59,427  root       handle_request DEBUG    Description: Fuel Type, PID FUEL_TYPE (01511)
2024-10-07 23:19:59,427  root       handle_response DEBUG    Processing: '<pos_answer>01</pos_answer>'
2024-10-07 23:19:59,428  root       handle_response DEBUG    Write: '7E8 03 41 51 01 \r\r>'
2024-10-07 23:19:59,679  root       run        DEBUG    Received '01011'
2024-10-07 23:19:59,680  root       handle_request DEBUG    Handling: '01011', header '7E0', ECU '7E0'
2024-10-07 23:19:59,681  root       handle_request INFO     Unknown ELM command: '01011', header=7E0
2024-10-07 23:19:59,682  root       handle_response DEBUG    Processing: '<writeln>?</writeln>'
2024-10-07 23:19:59,682  root       handle_response DEBUG    Write: '?\r\r>'
2024-10-07 23:19:59,690  root       run        DEBUG    Received '01031'
2024-10-07 23:19:59,691  root       handle_request DEBUG    Handling: '01031', header '7E0', ECU '7E0'
2024-10-07 23:19:59,691  root       handle_request DEBUG    Description: Fuel System Status, PID FUEL_STATUS (01031)
2024-10-07 23:19:59,692  root       handle_response DEBUG    Processing: '<pos_answer>00 00</pos_answer>'
2024-10-07 23:19:59,692  root       handle_response DEBUG    Write: '7E8 04 41 03 00 00 \r\r>'
2024-10-07 23:19:59,694  root       run        DEBUG    Received '01041'
2024-10-07 23:19:59,695  root       handle_request DEBUG    Handling: '01041', header '7E0', ECU '7E0'
2024-10-07 23:19:59,696  root       handle_request DEBUG    Description: Calculated Engine Load, PID ENGINE_LOAD (01041)
2024-10-07 23:19:59,696  root       handle_response DEBUG    Processing: '<pos_answer>00</pos_answer>'
2024-10-07 23:19:59,697  root       handle_response DEBUG    Write: '7E8 03 41 04 00 \r\r>'
2024-10-07 23:19:59,699  root       run        DEBUG    Received '01051'
2024-10-07 23:19:59,699  root       handle_request DEBUG    Handling: '01051', header '7E0', ECU '7E0'
2024-10-07 23:19:59,700  root       handle_request DEBUG    Description: Engine Coolant Temperature, PID COOLANT_TEMP (01051)
2024-10-07 23:19:59,700  root       handle_response DEBUG    Processing: '<pos_answer>7B</pos_answer>'
2024-10-07 23:19:59,701  root       handle_response DEBUG    Write: '7E8 03 41 05 7B \r\r>'
2024-10-07 23:19:59,703  root       run        DEBUG    Received '01061'
2024-10-07 23:19:59,704  root       handle_request DEBUG    Handling: '01061', header '7E0', ECU '7E0'
2024-10-07 23:19:59,706  root       handle_request INFO     Unknown ELM command: '01061', header=7E0
2024-10-07 23:19:59,707  root       handle_response DEBUG    Processing: '<writeln>?</writeln>'
2024-10-07 23:19:59,708  root       handle_response DEBUG    Write: '?\r\r>'
2024-10-07 23:19:59,709  root       run        DEBUG    Received '01071'
2024-10-07 23:19:59,710  root       handle_request DEBUG    Handling: '01071', header '7E0', ECU '7E0'
2024-10-07 23:19:59,711  root       handle_request INFO     Unknown ELM command: '01071', header=7E0
2024-10-07 23:19:59,711  root       handle_response DEBUG    Processing: '<writeln>?</writeln>'
2024-10-07 23:19:59,712  root       handle_response DEBUG    Write: '?\r\r>'
2024-10-07 23:19:59,713  root       run        DEBUG    Received '010B1'
2024-10-07 23:19:59,714  root       handle_request DEBUG    Handling: '010B1', header '7E0', ECU '7E0'
2024-10-07 23:19:59,714  root       handle_request DEBUG    Description: Intake Manifold Pressure, PID INTAKE_PRESSURE (010B1)
2024-10-07 23:19:59,714  root       handle_response DEBUG    Processing: '<pos_answer>73</pos_answer>'
2024-10-07 23:19:59,715  root       handle_response DEBUG    Write: '7E8 03 41 0B 73 \r\r>'
2024-10-07 23:19:59,717  root       run        DEBUG    Received '010C2'
2024-10-07 23:19:59,717  root       handle_request DEBUG    Handling: '010C2', header '7E0', ECU '7E0'
2024-10-07 23:19:59,718  root       handle_request DEBUG    Description: Engine RPM, PID RPM (010C2)
2024-10-07 23:19:59,718  root       handle_response DEBUG    Processing: '<pos_answer>3C A0</pos_answer> <header>7EA</header><size>04</size><data>41 0C 3C A0</data>'
2024-10-07 23:19:59,719  root       handle_response DEBUG    Write: '7E8 04 41 0C 3C A0 \r7EA 04 41 0C 3C A0 \r\r>'
2024-10-07 23:19:59,720  root       run        DEBUG    Received '010D2'
2024-10-07 23:19:59,721  root       handle_request DEBUG    Handling: '010D2', header '7E0', ECU '7E0'
2024-10-07 23:19:59,721  root       handle_request DEBUG    Description: Vehicle Speed, PID SPEED (010D2)
2024-10-07 23:19:59,722  root       handle_response DEBUG    Processing: '<pos_answer>40</pos_answer> <header>7EA</header><size>03</size><data>41 0D 40</data>'
2024-10-07 23:19:59,723  root       handle_response DEBUG    Write: '7E8 03 41 0D 40 \r7EA 03 41 0D 40 \r\r>'
2024-10-07 23:19:59,724  root       run        DEBUG    Received '010E1'
2024-10-07 23:19:59,725  root       handle_request DEBUG    Handling: '010E1', header '7E0', ECU '7E0'
2024-10-07 23:19:59,726  root       handle_request INFO     Unknown ELM command: '010E1', header=7E0
2024-10-07 23:19:59,727  root       handle_response DEBUG    Processing: '<writeln>?</writeln>'
2024-10-07 23:19:59,728  root       handle_response DEBUG    Write: '?\r\r>'
2024-10-07 23:19:59,729  root       run        DEBUG    Received '010F1'
2024-10-07 23:19:59,730  root       handle_request DEBUG    Handling: '010F1', header '7E0', ECU '7E0'
2024-10-07 23:19:59,730  root       handle_request DEBUG    Description: Intake Air Temp, PID INTAKE_TEMP (010F1)
2024-10-07 23:19:59,731  root       handle_response DEBUG    Processing: '<pos_answer>44</pos_answer>'
2024-10-07 23:19:59,731  root       handle_response DEBUG    Write: '7E8 03 41 0F 44 \r\r>'
2024-10-07 23:19:59,733  root       run        DEBUG    Received '01101'
2024-10-07 23:19:59,733  root       handle_request DEBUG    Handling: '01101', header '7E0', ECU '7E0'
2024-10-07 23:19:59,734  root       handle_request DEBUG    Description: Air Flow Rate (MAF), PID MAF (01101)
2024-10-07 23:19:59,734  root       handle_response DEBUG    Processing: '<pos_answer>05 1F</pos_answer>'
2024-10-07 23:19:59,735  root       handle_response DEBUG    Write: '7E8 04 41 10 05 1F \r\r>'
2024-10-07 23:19:59,736  root       run        DEBUG    Received '01111'
2024-10-07 23:19:59,736  root       handle_request DEBUG    Handling: '01111', header '7E0', ECU '7E0'
2024-10-07 23:19:59,736  root       handle_request DEBUG    Description: Throttle Position, PID THROTTLE_POS (01111)
2024-10-07 23:19:59,737  root       handle_response DEBUG    Processing: '<pos_answer>FF</pos_answer>'
2024-10-07 23:19:59,737  root       handle_response DEBUG    Write: '7E8 03 41 11 FF \r\r>'
2024-10-07 23:19:59,738  root       run        DEBUG    Received '01131'
2024-10-07 23:19:59,738  root       handle_request DEBUG    Handling: '01131', header '7E0', ECU '7E0'
2024-10-07 23:19:59,738  root       handle_request INFO     Unknown ELM command: '01131', header=7E0
2024-10-07 23:19:59,739  root       handle_response DEBUG    Processing: '<writeln>?</writeln>'
2024-10-07 23:19:59,739  root       handle_response DEBUG    Write: '?\r\r>'
2024-10-07 23:19:59,740  root       run        DEBUG    Received '01151'
2024-10-07 23:19:59,740  root       handle_request DEBUG    Handling: '01151', header '7E0', ECU '7E0'
2024-10-07 23:19:59,740  root       handle_request INFO     Unknown ELM command: '01151', header=7E0
2024-10-07 23:19:59,741  root       handle_response DEBUG    Processing: '<writeln>?</writeln>'
2024-10-07 23:19:59,741  root       handle_response DEBUG    Write: '?\r\r>'
2024-10-07 23:19:59,741  root       run        DEBUG    Received '011C1'
2024-10-07 23:19:59,742  root       handle_request DEBUG    Handling: '011C1', header '7E0', ECU '7E0'
2024-10-07 23:19:59,742  root       handle_request DEBUG    Description: OBD Standards Compliance, PID OBD_COMPLIANCE (011C1)
2024-10-07 23:19:59,742  root       handle_response DEBUG    Processing: '<pos_answer>06</pos_answer>'
2024-10-07 23:19:59,742  root       handle_response DEBUG    Write: '7E8 03 41 1C 06 \r\r>'
2024-10-07 23:19:59,743  root       run        DEBUG    Received '011F1'
2024-10-07 23:19:59,743  root       handle_request DEBUG    Handling: '011F1', header '7E0', ECU '7E0'
2024-10-07 23:19:59,743  root       handle_request DEBUG    Description: Engine Run Time, PID RUN_TIME (011F1)
2024-10-07 23:19:59,743  root       handle_response DEBUG    Processing: '<pos_answer>00 8C</pos_answer>'
2024-10-07 23:19:59,743  root       handle_response DEBUG    Write: '7E8 04 41 1F 00 8C \r\r>'
2024-10-07 23:19:59,744  root       run        DEBUG    Received '01202'
2024-10-07 23:19:59,744  root       handle_request DEBUG    Handling: '01202', header '7E0', ECU '7E0'
2024-10-07 23:19:59,744  root       handle_request DEBUG    Description: PIDS_B, PID ELM_PIDS_B (01202)
2024-10-07 23:19:59,744  root       handle_response DEBUG    Processing: '<header>7EA</header><size>06</size><data>41 20 80 01 A0 01</data><pos_answer>90 15 B0 15</pos_answer>'
2024-10-07 23:19:59,745  root       handle_response DEBUG    Write: '7EA 06 41 20 80 01 A0 01 \r7E8 06 41 20 90 15 B0 15 \r\r>'
2024-10-07 23:19:59,745  root       run        DEBUG    Received '01211'
2024-10-07 23:19:59,745  root       handle_request DEBUG    Handling: '01211', header '7E0', ECU '7E0'
2024-10-07 23:19:59,746  root       handle_request DEBUG    Description: Distance Traveled with MIL on, PID DISTANCE_W_MIL (01211)
2024-10-07 23:19:59,746  root       handle_response DEBUG    Processing: '<pos_answer>00 00</pos_answer>'
2024-10-07 23:19:59,746  root       handle_response DEBUG    Write: '7E8 04 41 21 00 00 \r\r>'
2024-10-07 23:19:59,747  root       run        DEBUG    Received '01241'
2024-10-07 23:19:59,747  root       handle_request DEBUG    Handling: '01241', header '7E0', ECU '7E0'
2024-10-07 23:19:59,747  root       handle_request INFO     Unknown ELM command: '01241', header=7E0
2024-10-07 23:19:59,747  root       handle_response DEBUG    Processing: '<writeln>?</writeln>'
2024-10-07 23:19:59,747  root       handle_response DEBUG    Write: '?\r\r>'
2024-10-07 23:19:59,748  root       run        DEBUG    Received '012C1'
2024-10-07 23:19:59,748  root       handle_request DEBUG    Handling: '012C1', header '7E0', ECU '7E0'
2024-10-07 23:19:59,748  root       handle_request DEBUG    Description: Commanded EGR, PID COMMANDED_EGR (012C1)
2024-10-07 23:19:59,748  root       handle_response DEBUG    Processing: '<pos_answer>0D</pos_answer>'
2024-10-07 23:19:59,748  root       handle_response DEBUG    Write: '7E8 03 41 2C 0D \r\r>'
2024-10-07 23:19:59,749  root       run        DEBUG    Received '012E1'
2024-10-07 23:19:59,749  root       handle_request DEBUG    Handling: '012E1', header '7E0', ECU '7E0'
2024-10-07 23:19:59,750  root       handle_request INFO     Unknown ELM command: '012E1', header=7E0
2024-10-07 23:19:59,750  root       handle_response DEBUG    Processing: '<writeln>?</writeln>'
2024-10-07 23:19:59,750  root       handle_response DEBUG    Write: '?\r\r>'
2024-10-07 23:19:59,750  root       run        DEBUG    Received '01301'
2024-10-07 23:19:59,751  root       handle_request DEBUG    Handling: '01301', header '7E0', ECU '7E0'
2024-10-07 23:19:59,751  root       handle_request INFO     Unknown ELM command: '01301', header=7E0
2024-10-07 23:19:59,751  root       handle_response DEBUG    Processing: '<writeln>?</writeln>'
2024-10-07 23:19:59,751  root       handle_response DEBUG    Write: '?\r\r>'
2024-10-07 23:19:59,752  root       run        DEBUG    Received '01311'
2024-10-07 23:19:59,752  root       handle_request DEBUG    Handling: '01311', header '7E0', ECU '7E0'
2024-10-07 23:19:59,752  root       handle_request DEBUG    Description: Distance traveled since codes cleared, PID DISTANCE_SINCE_DTC_CLEAR (01311)
2024-10-07 23:19:59,752  root       handle_response DEBUG    Processing: '<pos_answer>C8 1F</pos_answer>'
2024-10-07 23:19:59,752  root       handle_response DEBUG    Write: '7E8 04 41 31 C8 1F \r\r>'
2024-10-07 23:19:59,753  root       run        DEBUG    Received '01331'
2024-10-07 23:19:59,753  root       handle_request DEBUG    Handling: '01331', header '7E0', ECU '7E0'
2024-10-07 23:19:59,753  root       handle_request DEBUG    Description: Barometric Pressure, PID BAROMETRIC_PRESSURE (01331)
2024-10-07 23:19:59,753  root       handle_response DEBUG    Processing: '<pos_answer>65</pos_answer>'
2024-10-07 23:19:59,754  root       handle_response DEBUG    Write: '7E8 03 41 33 65 \r\r>'
2024-10-07 23:19:59,754  root       run        DEBUG    Received '01341'
2024-10-07 23:19:59,754  root       handle_request DEBUG    Handling: '01341', header '7E0', ECU '7E0'
2024-10-07 23:19:59,755  root       handle_request INFO     Unknown ELM command: '01341', header=7E0
2024-10-07 23:19:59,755  root       handle_response DEBUG    Processing: '<writeln>?</writeln>'
2024-10-07 23:19:59,755  root       handle_response DEBUG    Write: '?\r\r>'
2024-10-07 23:19:59,755  root       run        DEBUG    Received '013C1'
2024-10-07 23:19:59,756  root       handle_request DEBUG    Handling: '013C1', header '7E0', ECU '7E0'
2024-10-07 23:19:59,756  root       handle_request DEBUG    Description: Catalyst Temperature: Bank 1 - Sensor 1, PID CATALYST_TEMP_B1S1 (013C1)
2024-10-07 23:19:59,756  root       handle_response DEBUG    Processing: '<pos_answer>04 44</pos_answer>'
2024-10-07 23:19:59,756  root       handle_response DEBUG    Write: '7E8 04 41 3C 04 44 \r\r>'
2024-10-07 23:19:59,758  root       run        DEBUG    Received '013E1'
2024-10-07 23:19:59,758  root       handle_request DEBUG    Handling: '013E1', header '7E0', ECU '7E0'
2024-10-07 23:19:59,759  root       handle_request INFO     Unknown ELM command: '013E1', header=7E0
2024-10-07 23:19:59,759  root       handle_response DEBUG    Processing: '<writeln>?</writeln>'
2024-10-07 23:19:59,759  root       handle_response DEBUG    Write: '?\r\r>'
2024-10-07 23:19:59,759  root       run        DEBUG    Received '01402'
2024-10-07 23:19:59,759  root       handle_request DEBUG    Handling: '01402', header '7E0', ECU '7E0'
2024-10-07 23:19:59,760  root       handle_request DEBUG    Description: PIDS_C, PID ELM_PIDS_C (01402)
2024-10-07 23:19:59,760  root       handle_response DEBUG    Processing: '<header>7EA</header><size>06</size><data>41 40 44 CC 00 21</data><pos_answer>7A 1C 80 00</pos_answer>'
2024-10-07 23:19:59,760  root       handle_response DEBUG    Write: '7EA 06 41 40 44 CC 00 21 \r7E8 06 41 40 7A 1C 80 00 \r\r>'
2024-10-07 23:19:59,760  root       run        DEBUG    Received '01421'
2024-10-07 23:19:59,761  root       handle_request DEBUG    Handling: '01421', header '7E0', ECU '7E0'
2024-10-07 23:19:59,761  root       handle_request DEBUG    Description: Control module voltage, PID CONTROL_MODULE_VOLTAGE (01421)
2024-10-07 23:19:59,761  root       handle_response DEBUG    Processing: '<pos_answer>39 D6</pos_answer>'
2024-10-07 23:19:59,761  root       handle_response DEBUG    Write: '7E8 04 41 42 39 D6 \r\r>'
2024-10-07 23:19:59,762  root       run        DEBUG    Received '01431'
2024-10-07 23:19:59,762  root       handle_request DEBUG    Handling: '01431', header '7E0', ECU '7E0'
2024-10-07 23:19:59,762  root       handle_request INFO     Unknown ELM command: '01431', header=7E0
2024-10-07 23:19:59,762  root       handle_response DEBUG    Processing: '<writeln>?</writeln>'
2024-10-07 23:19:59,762  root       handle_response DEBUG    Write: '?\r\r>'
2024-10-07 23:19:59,763  root       run        DEBUG    Received '01441'
2024-10-07 23:19:59,763  root       handle_request DEBUG    Handling: '01441', header '7E0', ECU '7E0'
2024-10-07 23:19:59,763  root       handle_request INFO     Unknown ELM command: '01441', header=7E0
2024-10-07 23:19:59,764  root       handle_response DEBUG    Processing: '<writeln>?</writeln>'
2024-10-07 23:19:59,764  root       handle_response DEBUG    Write: '?\r\r>'
2024-10-07 23:19:59,764  root       run        DEBUG    Received '01451'
2024-10-07 23:19:59,764  root       handle_request DEBUG    Handling: '01451', header '7E0', ECU '7E0'
2024-10-07 23:19:59,765  root       handle_request INFO     Unknown ELM command: '01451', header=7E0
2024-10-07 23:19:59,765  root       handle_response DEBUG    Processing: '<writeln>?</writeln>'
2024-10-07 23:19:59,765  root       handle_response DEBUG    Write: '?\r\r>'
2024-10-07 23:19:59,766  root       run        DEBUG    Received '01471'
2024-10-07 23:19:59,766  root       handle_request DEBUG    Handling: '01471', header '7E0', ECU '7E0'
2024-10-07 23:19:59,766  root       handle_request INFO     Unknown ELM command: '01471', header=7E0
2024-10-07 23:19:59,766  root       handle_response DEBUG    Processing: '<writeln>?</writeln>'
2024-10-07 23:19:59,767  root       handle_response DEBUG    Write: '?\r\r>'
2024-10-07 23:19:59,767  root       run        DEBUG    Received '014C1'
2024-10-07 23:19:59,767  root       handle_request DEBUG    Handling: '014C1', header '7E0', ECU '7E0'
2024-10-07 23:19:59,767  root       handle_request DEBUG    Description: Commanded throttle actuator, PID THROTTLE_ACTUATOR (014C1)
2024-10-07 23:19:59,768  root       handle_response DEBUG    Processing: '<pos_answer>00</pos_answer>'
2024-10-07 23:19:59,768  root       handle_response DEBUG    Write: '7E8 03 41 4C 00 \r\r>'
2024-10-07 23:19:59,768  root       run        DEBUG    Received '014D1'
2024-10-07 23:19:59,768  root       handle_request DEBUG    Handling: '014D1', header '7E0', ECU '7E0'
2024-10-07 23:19:59,769  root       handle_request DEBUG    Description: Time run with MIL on, PID RUN_TIME_MIL (014D1)
2024-10-07 23:19:59,769  root       handle_response DEBUG    Processing: '<pos_answer>00 00</pos_answer>'
2024-10-07 23:19:59,769  root       handle_response DEBUG    Write: '7E8 04 41 4D 00 00 \r\r>'
2024-10-07 23:19:59,770  root       run        DEBUG    Received '014E1'
2024-10-07 23:19:59,770  root       handle_request DEBUG    Handling: '014E1', header '7E0', ECU '7E0'
2024-10-07 23:19:59,770  root       handle_request DEBUG    Description: Time since trouble codes cleared, PID TIME_SINCE_DTC_CLEARED (014E1)
2024-10-07 23:19:59,770  root       handle_response DEBUG    Processing: '<pos_answer>4C 69</pos_answer>'
2024-10-07 23:19:59,770  root       handle_response DEBUG    Write: '7E8 04 41 4E 4C 69 \r\r>'
2024-10-07 23:19:59,771  root       run        DEBUG    Received '01511'
2024-10-07 23:19:59,771  root       handle_request DEBUG    Handling: '01511', header '7E0', ECU '7E0'
2024-10-07 23:19:59,772  root       handle_request DEBUG    Description: Fuel Type, PID FUEL_TYPE (01511)
2024-10-07 23:19:59,772  root       handle_response DEBUG    Processing: '<pos_answer>01</pos_answer>'
2024-10-07 23:19:59,772  root       handle_response DEBUG    Write: '7E8 03 41 51 01 \r\r>'
2024-10-07 23:20:01,082  root       run        DEBUG    Received '01011'
2024-10-07 23:20:01,082  root       handle_request DEBUG    Handling: '01011', header '7E0', ECU '7E0'
2024-10-07 23:20:01,084  root       handle_request INFO     Unknown ELM command: '01011', header=7E0
2024-10-07 23:20:01,084  root       handle_response DEBUG    Processing: '<writeln>?</writeln>'
2024-10-07 23:20:01,085  root       handle_response DEBUG    Write: '?\r\r>'
2024-10-07 23:20:01,091  root       run        DEBUG    Received '01031'
2024-10-07 23:20:01,091  root       handle_request DEBUG    Handling: '01031', header '7E0', ECU '7E0'
2024-10-07 23:20:01,091  root       handle_request DEBUG    Description: Fuel System Status, PID FUEL_STATUS (01031)
2024-10-07 23:20:01,091  root       handle_response DEBUG    Processing: '<pos_answer>00 00</pos_answer>'
2024-10-07 23:20:01,091  root       handle_response DEBUG    Write: '7E8 04 41 03 00 00 \r\r>'
2024-10-07 23:20:01,092  root       run        DEBUG    Received '01041'
2024-10-07 23:20:01,092  root       handle_request DEBUG    Handling: '01041', header '7E0', ECU '7E0'
2024-10-07 23:20:01,092  root       handle_request DEBUG    Description: Calculated Engine Load, PID ENGINE_LOAD (01041)
2024-10-07 23:20:01,092  root       handle_response DEBUG    Processing: '<pos_answer>00</pos_answer>'
2024-10-07 23:20:01,093  root       handle_response DEBUG    Write: '7E8 03 41 04 00 \r\r>'
2024-10-07 23:20:01,093  root       run        DEBUG    Received '01051'
2024-10-07 23:20:01,093  root       handle_request DEBUG    Handling: '01051', header '7E0', ECU '7E0'
2024-10-07 23:20:01,094  root       handle_request DEBUG    Description: Engine Coolant Temperature, PID COOLANT_TEMP (01051)
2024-10-07 23:20:01,094  root       handle_response DEBUG    Processing: '<pos_answer>7B</pos_answer>'
2024-10-07 23:20:01,094  root       handle_response DEBUG    Write: '7E8 03 41 05 7B \r\r>'
2024-10-07 23:20:01,095  root       run        DEBUG    Received '01061'
2024-10-07 23:20:01,095  root       handle_request DEBUG    Handling: '01061', header '7E0', ECU '7E0'
2024-10-07 23:20:01,095  root       handle_request INFO     Unknown ELM command: '01061', header=7E0
2024-10-07 23:20:01,096  root       handle_response DEBUG    Processing: '<writeln>?</writeln>'
2024-10-07 23:20:01,096  root       handle_response DEBUG    Write: '?\r\r>'
2024-10-07 23:20:01,096  root       run        DEBUG    Received '01071'
2024-10-07 23:20:01,097  root       handle_request DEBUG    Handling: '01071', header '7E0', ECU '7E0'
2024-10-07 23:20:01,097  root       handle_request INFO     Unknown ELM command: '01071', header=7E0
2024-10-07 23:20:01,097  root       handle_response DEBUG    Processing: '<writeln>?</writeln>'
2024-10-07 23:20:01,098  root       handle_response DEBUG    Write: '?\r\r>'
2024-10-07 23:20:01,098  root       run        DEBUG    Received '010B1'
2024-10-07 23:20:01,099  root       handle_request DEBUG    Handling: '010B1', header '7E0', ECU '7E0'
2024-10-07 23:20:01,099  root       handle_request DEBUG    Description: Intake Manifold Pressure, PID INTAKE_PRESSURE (010B1)
2024-10-07 23:20:01,099  root       handle_response DEBUG    Processing: '<pos_answer>73</pos_answer>'
2024-10-07 23:20:01,099  root       handle_response DEBUG    Write: '7E8 03 41 0B 73 \r\r>'
2024-10-07 23:20:01,100  root       run        DEBUG    Received '010C2'
2024-10-07 23:20:01,101  root       handle_request DEBUG    Handling: '010C2', header '7E0', ECU '7E0'
2024-10-07 23:20:01,101  root       handle_request DEBUG    Description: Engine RPM, PID RPM (010C2)
2024-10-07 23:20:01,101  root       handle_response DEBUG    Processing: '<pos_answer>3C F0</pos_answer> <header>7EA</header><size>04</size><data>41 0C 3C F0</data>'
2024-10-07 23:20:01,101  root       handle_response DEBUG    Write: '7E8 04 41 0C 3C F0 \r7EA 04 41 0C 3C F0 \r\r>'
2024-10-07 23:20:01,102  root       run        DEBUG    Received '010D2'
2024-10-07 23:20:01,103  root       handle_request DEBUG    Handling: '010D2', header '7E0', ECU '7E0'
2024-10-07 23:20:01,103  root       handle_request DEBUG    Description: Vehicle Speed, PID SPEED (010D2)
2024-10-07 23:20:01,103  root       handle_response DEBUG    Processing: '<pos_answer>3C</pos_answer> <header>7EA</header><size>03</size><data>41 0D 3C</data>'
2024-10-07 23:20:01,103  root       handle_response DEBUG    Write: '7E8 03 41 0D 3C \r7EA 03 41 0D 3C \r\r>'
2024-10-07 23:20:01,104  root       run        DEBUG    Received '010E1'
2024-10-07 23:20:01,104  root       handle_request DEBUG    Handling: '010E1', header '7E0', ECU '7E0'
2024-10-07 23:20:01,105  root       handle_request INFO     Unknown ELM command: '010E1', header=7E0
2024-10-07 23:20:01,105  root       handle_response DEBUG    Processing: '<writeln>?</writeln>'
2024-10-07 23:20:01,106  root       handle_response DEBUG    Write: '?\r\r>'
2024-10-07 23:20:01,106  root       run        DEBUG    Received '010F1'
2024-10-07 23:20:01,106  root       handle_request DEBUG    Handling: '010F1', header '7E0', ECU '7E0'
2024-10-07 23:20:01,107  root       handle_request DEBUG    Description: Intake Air Temp, PID INTAKE_TEMP (010F1)
2024-10-07 23:20:01,107  root       handle_response DEBUG    Processing: '<pos_answer>44</pos_answer>'
2024-10-07 23:20:01,107  root       handle_response DEBUG    Write: '7E8 03 41 0F 44 \r\r>'
2024-10-07 23:20:01,108  root       run        DEBUG    Received '01101'
2024-10-07 23:20:01,108  root       handle_request DEBUG    Handling: '01101', header '7E0', ECU '7E0'
2024-10-07 23:20:01,108  root       handle_request DEBUG    Description: Air Flow Rate (MAF), PID MAF (01101)
2024-10-07 23:20:01,109  root       handle_response DEBUG    Processing: '<pos_answer>05 1F</pos_answer>'
2024-10-07 23:20:01,109  root       handle_response DEBUG    Write: '7E8 04 41 10 05 1F \r\r>'
2024-10-07 23:20:01,110  root       run        DEBUG    Received '01111'
2024-10-07 23:20:01,110  root       handle_request DEBUG    Handling: '01111', header '7E0', ECU '7E0'
2024-10-07 23:20:01,110  root       handle_request DEBUG    Description: Throttle Position, PID THROTTLE_POS (01111)
2024-10-07 23:20:01,110  root       handle_response DEBUG    Processing: '<pos_answer>FF</pos_answer>'
2024-10-07 23:20:01,111  root       handle_response DEBUG    Write: '7E8 03 41 11 FF \r\r>'
2024-10-07 23:20:01,111  root       run        DEBUG    Received '01131'
2024-10-07 23:20:01,111  root       handle_request DEBUG    Handling: '01131', header '7E0', ECU '7E0'
2024-10-07 23:20:01,112  root       handle_request INFO     Unknown ELM command: '01131', header=7E0
2024-10-07 23:20:01,112  root       handle_response DEBUG    Processing: '<writeln>?</writeln>'
2024-10-07 23:20:01,112  root       handle_response DEBUG    Write: '?\r\r>'
2024-10-07 23:20:01,113  root       run        DEBUG    Received '01151'
2024-10-07 23:20:01,113  root       handle_request DEBUG    Handling: '01151', header '7E0', ECU '7E0'
2024-10-07 23:20:01,114  root       handle_request INFO     Unknown ELM command: '01151', header=7E0
2024-10-07 23:20:01,114  root       handle_response DEBUG    Processing: '<writeln>?</writeln>'
2024-10-07 23:20:01,114  root       handle_response DEBUG    Write: '?\r\r>'
2024-10-07 23:20:01,115  root       run        DEBUG    Received '011C1'
2024-10-07 23:20:01,115  root       handle_request DEBUG    Handling: '011C1', header '7E0', ECU '7E0'
2024-10-07 23:20:01,115  root       handle_request DEBUG    Description: OBD Standards Compliance, PID OBD_COMPLIANCE (011C1)
2024-10-07 23:20:01,115  root       handle_response DEBUG    Processing: '<pos_answer>06</pos_answer>'
2024-10-07 23:20:01,115  root       handle_response DEBUG    Write: '7E8 03 41 1C 06 \r\r>'
2024-10-07 23:20:01,116  root       run        DEBUG    Received '011F1'
2024-10-07 23:20:01,116  root       handle_request DEBUG    Handling: '011F1', header '7E0', ECU '7E0'
2024-10-07 23:20:01,116  root       handle_request DEBUG    Description: Engine Run Time, PID RUN_TIME (011F1)
2024-10-07 23:20:01,117  root       handle_response DEBUG    Processing: '<pos_answer>00 8C</pos_answer>'
2024-10-07 23:20:01,117  root       handle_response DEBUG    Write: '7E8 04 41 1F 00 8C \r\r>'
2024-10-07 23:20:01,118  root       run        DEBUG    Received '01202'
2024-10-07 23:20:01,118  root       handle_request DEBUG    Handling: '01202', header '7E0', ECU '7E0'
2024-10-07 23:20:01,118  root       handle_request DEBUG    Description: PIDS_B, PID ELM_PIDS_B (01202)
2024-10-07 23:20:01,118  root       handle_response DEBUG    Processing: '<header>7EA</header><size>06</size><data>41 20 80 01 A0 01</data><pos_answer>90 15 B0 15</pos_answer>'
2024-10-07 23:20:01,118  root       handle_response DEBUG    Write: '7EA 06 41 20 80 01 A0 01 \r7E8 06 41 20 90 15 B0 15 \r\r>'
2024-10-07 23:20:01,119  root       run        DEBUG    Received '01211'
2024-10-07 23:20:01,119  root       handle_request DEBUG    Handling: '01211', header '7E0', ECU '7E0'
2024-10-07 23:20:01,119  root       handle_request DEBUG    Description: Distance Traveled with MIL on, PID DISTANCE_W_MIL (01211)
2024-10-07 23:20:01,119  root       handle_response DEBUG    Processing: '<pos_answer>00 00</pos_answer>'
2024-10-07 23:20:01,120  root       handle_response DEBUG    Write: '7E8 04 41 21 00 00 \r\r>'
2024-10-07 23:20:01,120  root       run        DEBUG    Received '01241'
2024-10-07 23:20:01,121  root       handle_request DEBUG    Handling: '01241', header '7E0', ECU '7E0'
2024-10-07 23:20:01,121  root       handle_request INFO     Unknown ELM command: '01241', header=7E0
2024-10-07 23:20:01,121  root       handle_response DEBUG    Processing: '<writeln>?</writeln>'
2024-10-07 23:20:01,122  root       handle_response DEBUG    Write: '?\r\r>'
2024-10-07 23:20:01,122  root       run        DEBUG    Received '012C1'
2024-10-07 23:20:01,122  root       handle_request DEBUG    Handling: '012C1', header '7E0', ECU '7E0'
2024-10-07 23:20:01,123  root       handle_request DEBUG    Description: Commanded EGR, PID COMMANDED_EGR (012C1)
2024-10-07 23:20:01,123  root       handle_response DEBUG    Processing: '<pos_answer>0D</pos_answer>'
2024-10-07 23:20:01,123  root       handle_response DEBUG    Write: '7E8 03 41 2C 0D \r\r>'
2024-10-07 23:20:01,124  root       run        DEBUG    Received '012E1'
2024-10-07 23:20:01,124  root       handle_request DEBUG    Handling: '012E1', header '7E0', ECU '7E0'
2024-10-07 23:20:01,125  root       handle_request INFO     Unknown ELM command: '012E1', header=7E0
2024-10-07 23:20:01,125  root       handle_response DEBUG    Processing: '<writeln>?</writeln>'
2024-10-07 23:20:01,125  root       handle_response DEBUG    Write: '?\r\r>'
2024-10-07 23:20:01,126  root       run        DEBUG    Received '01301'
2024-10-07 23:20:01,126  root       handle_request DEBUG    Handling: '01301', header '7E0', ECU '7E0'
2024-10-07 23:20:01,127  root       handle_request INFO     Unknown ELM command: '01301', header=7E0
2024-10-07 23:20:01,127  root       handle_response DEBUG    Processing: '<writeln>?</writeln>'
2024-10-07 23:20:01,127  root       handle_response DEBUG    Write: '?\r\r>'
2024-10-07 23:20:01,127  root       run        DEBUG    Received '01311'
2024-10-07 23:20:01,128  root       handle_request DEBUG    Handling: '01311', header '7E0', ECU '7E0'
2024-10-07 23:20:01,128  root       handle_request DEBUG    Description: Distance traveled since codes cleared, PID DISTANCE_SINCE_DTC_CLEAR (01311)
2024-10-07 23:20:01,128  root       handle_response DEBUG    Processing: '<pos_answer>C8 1F</pos_answer>'
2024-10-07 23:20:01,128  root       handle_response DEBUG    Write: '7E8 04 41 31 C8 1F \r\r>'
2024-10-07 23:20:01,129  root       run        DEBUG    Received '01331'
2024-10-07 23:20:01,129  root       handle_request DEBUG    Handling: '01331', header '7E0', ECU '7E0'
2024-10-07 23:20:01,129  root       handle_request DEBUG    Description: Barometric Pressure, PID BAROMETRIC_PRESSURE (01331)
2024-10-07 23:20:01,129  root       handle_response DEBUG    Processing: '<pos_answer>65</pos_answer>'
2024-10-07 23:20:01,129  root       handle_response DEBUG    Write: '7E8 03 41 33 65 \r\r>'
2024-10-07 23:20:01,130  root       run        DEBUG    Received '01341'
2024-10-07 23:20:01,130  root       handle_request DEBUG    Handling: '01341', header '7E0', ECU '7E0'
2024-10-07 23:20:01,131  root       handle_request INFO     Unknown ELM command: '01341', header=7E0
2024-10-07 23:20:01,131  root       handle_response DEBUG    Processing: '<writeln>?</writeln>'
2024-10-07 23:20:01,131  root       handle_response DEBUG    Write: '?\r\r>'
2024-10-07 23:20:01,132  root       run        DEBUG    Received '013C1'
2024-10-07 23:20:01,132  root       handle_request DEBUG    Handling: '013C1', header '7E0', ECU '7E0'
2024-10-07 23:20:01,132  root       handle_request DEBUG    Description: Catalyst Temperature: Bank 1 - Sensor 1, PID CATALYST_TEMP_B1S1 (013C1)
2024-10-07 23:20:01,132  root       handle_response DEBUG    Processing: '<pos_answer>04 44</pos_answer>'
2024-10-07 23:20:01,132  root       handle_response DEBUG    Write: '7E8 04 41 3C 04 44 \r\r>'
2024-10-07 23:20:01,135  root       run        DEBUG    Received '013E1'
2024-10-07 23:20:01,135  root       handle_request DEBUG    Handling: '013E1', header '7E0', ECU '7E0'
2024-10-07 23:20:01,135  root       handle_request INFO     Unknown ELM command: '013E1', header=7E0
2024-10-07 23:20:01,136  root       handle_response DEBUG    Processing: '<writeln>?</writeln>'
2024-10-07 23:20:01,136  root       handle_response DEBUG    Write: '?\r\r>'
2024-10-07 23:20:01,136  root       run        DEBUG    Received '01402'
2024-10-07 23:20:01,137  root       handle_request DEBUG    Handling: '01402', header '7E0', ECU '7E0'
2024-10-07 23:20:01,137  root       handle_request DEBUG    Description: PIDS_C, PID ELM_PIDS_C (01402)
2024-10-07 23:20:01,137  root       handle_response DEBUG    Processing: '<header>7EA</header><size>06</size><data>41 40 44 CC 00 21</data><pos_answer>7A 1C 80 00</pos_answer>'
2024-10-07 23:20:01,137  root       handle_response DEBUG    Write: '7EA 06 41 40 44 CC 00 21 \r7E8 06 41 40 7A 1C 80 00 \r\r>'
2024-10-07 23:20:01,138  root       run        DEBUG    Received '01421'
2024-10-07 23:20:01,138  root       handle_request DEBUG    Handling: '01421', header '7E0', ECU '7E0'
2024-10-07 23:20:01,139  root       handle_request DEBUG    Description: Control module voltage, PID CONTROL_MODULE_VOLTAGE (01421)
2024-10-07 23:20:01,139  root       handle_response DEBUG    Processing: '<pos_answer>39 D6</pos_answer>'
2024-10-07 23:20:01,139  root       handle_response DEBUG    Write: '7E8 04 41 42 39 D6 \r\r>'
2024-10-07 23:20:01,140  root       run        DEBUG    Received '01431'
2024-10-07 23:20:01,140  root       handle_request DEBUG    Handling: '01431', header '7E0', ECU '7E0'
2024-10-07 23:20:01,140  root       handle_request INFO     Unknown ELM command: '01431', header=7E0
2024-10-07 23:20:01,140  root       handle_response DEBUG    Processing: '<writeln>?</writeln>'
2024-10-07 23:20:01,141  root       handle_response DEBUG    Write: '?\r\r>'
2024-10-07 23:20:01,141  root       run        DEBUG    Received '01441'
2024-10-07 23:20:01,141  root       handle_request DEBUG    Handling: '01441', header '7E0', ECU '7E0'
2024-10-07 23:20:01,142  root       handle_request INFO     Unknown ELM command: '01441', header=7E0
2024-10-07 23:20:01,142  root       handle_response DEBUG    Processing: '<writeln>?</writeln>'
2024-10-07 23:20:01,142  root       handle_response DEBUG    Write: '?\r\r>'
2024-10-07 23:20:01,143  root       run        DEBUG    Received '01451'
2024-10-07 23:20:01,143  root       handle_request DEBUG    Handling: '01451', header '7E0', ECU '7E0'
2024-10-07 23:20:01,144  root       handle_request INFO     Unknown ELM command: '01451', header=7E0
2024-10-07 23:20:01,144  root       handle_response DEBUG    Processing: '<writeln>?</writeln>'
2024-10-07 23:20:01,144  root       handle_response DEBUG    Write: '?\r\r>'
2024-10-07 23:20:01,145  root       run        DEBUG    Received '01471'
2024-10-07 23:20:01,145  root       handle_request DEBUG    Handling: '01471', header '7E0', ECU '7E0'
2024-10-07 23:20:01,145  root       handle_request INFO     Unknown ELM command: '01471', header=7E0
2024-10-07 23:20:01,146  root       handle_response DEBUG    Processing: '<writeln>?</writeln>'
2024-10-07 23:20:01,146  root       handle_response DEBUG    Write: '?\r\r>'
2024-10-07 23:20:01,147  root       run        DEBUG    Received '014C1'
2024-10-07 23:20:01,147  root       handle_request DEBUG    Handling: '014C1', header '7E0', ECU '7E0'
2024-10-07 23:20:01,147  root       handle_request DEBUG    Description: Commanded throttle actuator, PID THROTTLE_ACTUATOR (014C1)
2024-10-07 23:20:01,147  root       handle_response DEBUG    Processing: '<pos_answer>00</pos_answer>'
2024-10-07 23:20:01,148  root       handle_response DEBUG    Write: '7E8 03 41 4C 00 \r\r>'
2024-10-07 23:20:01,149  root       run        DEBUG    Received '014D1'
2024-10-07 23:20:01,149  root       handle_request DEBUG    Handling: '014D1', header '7E0', ECU '7E0'
2024-10-07 23:20:01,149  root       handle_request DEBUG    Description: Time run with MIL on, PID RUN_TIME_MIL (014D1)
2024-10-07 23:20:01,150  root       handle_response DEBUG    Processing: '<pos_answer>00 00</pos_answer>'
2024-10-07 23:20:01,150  root       handle_response DEBUG    Write: '7E8 04 41 4D 00 00 \r\r>'
2024-10-07 23:20:01,150  root       run        DEBUG    Received '014E1'
2024-10-07 23:20:01,151  root       handle_request DEBUG    Handling: '014E1', header '7E0', ECU '7E0'
2024-10-07 23:20:01,151  root       handle_request DEBUG    Description: Time since trouble codes cleared, PID TIME_SINCE_DTC_CLEARED (014E1)
2024-10-07 23:20:01,151  root       handle_response DEBUG    Processing: '<pos_answer>4C 69</pos_answer>'
2024-10-07 23:20:01,151  root       handle_response DEBUG    Write: '7E8 04 41 4E 4C 69 \r\r>'
2024-10-07 23:20:01,152  root       run        DEBUG    Received '01511'
2024-10-07 23:20:01,152  root       handle_request DEBUG    Handling: '01511', header '7E0', ECU '7E0'
2024-10-07 23:20:01,152  root       handle_request DEBUG    Description: Fuel Type, PID FUEL_TYPE (01511)
2024-10-07 23:20:01,152  root       handle_response DEBUG    Processing: '<pos_answer>01</pos_answer>'
2024-10-07 23:20:01,153  root       handle_response DEBUG    Write: '7E8 03 41 51 01 \r\r>'
2024-10-07 23:20:01,404  root       run        DEBUG    Received '01011'
2024-10-07 23:20:01,405  root       handle_request DEBUG    Handling: '01011', header '7E0', ECU '7E0'
2024-10-07 23:20:01,407  root       handle_request INFO     Unknown ELM command: '01011', header=7E0
2024-10-07 23:20:01,407  root       handle_response DEBUG    Processing: '<writeln>?</writeln>'
2024-10-07 23:20:01,408  root       handle_response DEBUG    Write: '?\r\r>'
2024-10-07 23:20:01,415  root       run        DEBUG    Received '01031'
2024-10-07 23:20:01,416  root       handle_request DEBUG    Handling: '01031', header '7E0', ECU '7E0'
2024-10-07 23:20:01,416  root       handle_request DEBUG    Description: Fuel System Status, PID FUEL_STATUS (01031)
2024-10-07 23:20:01,416  root       handle_response DEBUG    Processing: '<pos_answer>00 00</pos_answer>'
2024-10-07 23:20:01,417  root       handle_response DEBUG    Write: '7E8 04 41 03 00 00 \r\r>'
2024-10-07 23:20:01,418  root       run        DEBUG    Received '01041'
2024-10-07 23:20:01,419  root       handle_request DEBUG    Handling: '01041', header '7E0', ECU '7E0'
2024-10-07 23:20:01,419  root       handle_request DEBUG    Description: Calculated Engine Load, PID ENGINE_LOAD (01041)
2024-10-07 23:20:01,419  root       handle_response DEBUG    Processing: '<pos_answer>00</pos_answer>'
2024-10-07 23:20:01,420  root       handle_response DEBUG    Write: '7E8 03 41 04 00 \r\r>'
2024-10-07 23:20:01,422  root       run        DEBUG    Received '01051'
2024-10-07 23:20:01,422  root       handle_request DEBUG    Handling: '01051', header '7E0', ECU '7E0'
2024-10-07 23:20:01,423  root       handle_request DEBUG    Description: Engine Coolant Temperature, PID COOLANT_TEMP (01051)
2024-10-07 23:20:01,423  root       handle_response DEBUG    Processing: '<pos_answer>7B</pos_answer>'
2024-10-07 23:20:01,424  root       handle_response DEBUG    Write: '7E8 03 41 05 7B \r\r>'
2024-10-07 23:20:01,426  root       run        DEBUG    Received '01061'
2024-10-07 23:20:01,426  root       handle_request DEBUG    Handling: '01061', header '7E0', ECU '7E0'
2024-10-07 23:20:01,427  root       handle_request INFO     Unknown ELM command: '01061', header=7E0
2024-10-07 23:20:01,428  root       handle_response DEBUG    Processing: '<writeln>?</writeln>'
2024-10-07 23:20:01,428  root       handle_response DEBUG    Write: '?\r\r>'
2024-10-07 23:20:01,430  root       run        DEBUG    Received '01071'
2024-10-07 23:20:01,430  root       handle_request DEBUG    Handling: '01071', header '7E0', ECU '7E0'
2024-10-07 23:20:01,432  root       handle_request INFO     Unknown ELM command: '01071', header=7E0
2024-10-07 23:20:01,432  root       handle_response DEBUG    Processing: '<writeln>?</writeln>'
2024-10-07 23:20:01,432  root       handle_response DEBUG    Write: '?\r\r>'
2024-10-07 23:20:01,434  root       run        DEBUG    Received '010B1'
2024-10-07 23:20:01,434  root       handle_request DEBUG    Handling: '010B1', header '7E0', ECU '7E0'
2024-10-07 23:20:01,435  root       handle_request DEBUG    Description: Intake Manifold Pressure, PID INTAKE_PRESSURE (010B1)
2024-10-07 23:20:01,435  root       handle_response DEBUG    Processing: '<pos_answer>73</pos_answer>'
2024-10-07 23:20:01,435  root       handle_response DEBUG    Write: '7E8 03 41 0B 73 \r\r>'
2024-10-07 23:20:01,437  root       run        DEBUG    Received '010C2'
2024-10-07 23:20:01,437  root       handle_request DEBUG    Handling: '010C2', header '7E0', ECU '7E0'
2024-10-07 23:20:01,438  root       handle_request DEBUG    Description: Engine RPM, PID RPM (010C2)
2024-10-07 23:20:01,438  root       handle_response DEBUG    Processing: '<pos_answer>3D 40</pos_answer> <header>7EA</header><size>04</size><data>41 0C 3D 40</data>'
2024-10-07 23:20:01,439  root       handle_response DEBUG    Write: '7E8 04 41 0C 3D 40 \r7EA 04 41 0C 3D 40 \r\r>'
2024-10-07 23:20:01,440  root       run        DEBUG    Received '010D2'
2024-10-07 23:20:01,441  root       handle_request DEBUG    Handling: '010D2', header '7E0', ECU '7E0'
2024-10-07 23:20:01,441  root       handle_request DEBUG    Description: Vehicle Speed, PID SPEED (010D2)
2024-10-07 23:20:01,442  root       handle_response DEBUG    Processing: '<pos_answer>38</pos_answer> <header>7EA</header><size>03</size><data>41 0D 38</data>'
2024-10-07 23:20:01,442  root       handle_response DEBUG    Write: '7E8 03 41 0D 38 \r7EA 03 41 0D 38 \r\r>'
2024-10-07 23:20:01,444  root       run        DEBUG    Received '010E1'
2024-10-07 23:20:01,444  root       handle_request DEBUG    Handling: '010E1', header '7E0', ECU '7E0'
2024-10-07 23:20:01,445  root       handle_request INFO     Unknown ELM command: '010E1', header=7E0
2024-10-07 23:20:01,446  root       handle_response DEBUG    Processing: '<writeln>?</writeln>'
2024-10-07 23:20:01,446  root       handle_response DEBUG    Write: '?\r\r>'
2024-10-07 23:20:01,448  root       run        DEBUG    Received '010F1'
2024-10-07 23:20:01,448  root       handle_request DEBUG    Handling: '010F1', header '7E0', ECU '7E0'
2024-10-07 23:20:01,449  root       handle_request DEBUG    Description: Intake Air Temp, PID INTAKE_TEMP (010F1)
2024-10-07 23:20:01,449  root       handle_response DEBUG    Processing: '<pos_answer>44</pos_answer>'
2024-10-07 23:20:01,450  root       handle_response DEBUG    Write: '7E8 03 41 0F 44 \r\r>'
2024-10-07 23:20:01,451  root       run        DEBUG    Received '01101'
2024-10-07 23:20:01,452  root       handle_request DEBUG    Handling: '01101', header '7E0', ECU '7E0'
2024-10-07 23:20:01,452  root       handle_request DEBUG    Description: Air Flow Rate (MAF), PID MAF (01101)
2024-10-07 23:20:01,452  root       handle_response DEBUG    Processing: '<pos_answer>05 1F</pos_answer>'
2024-10-07 23:20:01,453  root       handle_response DEBUG    Write: '7E8 04 41 10 05 1F \r\r>'
2024-10-07 23:20:01,455  root       run        DEBUG    Received '01111'
2024-10-07 23:20:01,456  root       handle_request DEBUG    Handling: '01111', header '7E0', ECU '7E0'
2024-10-07 23:20:01,456  root       handle_request DEBUG    Description: Throttle Position, PID THROTTLE_POS (01111)
2024-10-07 23:20:01,457  root       handle_response DEBUG    Processing: '<pos_answer>FF</pos_answer>'
2024-10-07 23:20:01,457  root       handle_response DEBUG    Write: '7E8 03 41 11 FF \r\r>'
2024-10-07 23:20:01,459  root       run        DEBUG    Received '01131'
2024-10-07 23:20:01,459  root       handle_request DEBUG    Handling: '01131', header '7E0', ECU '7E0'
2024-10-07 23:20:01,461  root       handle_request INFO     Unknown ELM command: '01131', header=7E0
2024-10-07 23:20:01,461  root       handle_response DEBUG    Processing: '<writeln>?</writeln>'
2024-10-07 23:20:01,461  root       handle_response DEBUG    Write: '?\r\r>'
2024-10-07 23:20:01,463  root       run        DEBUG    Received '01151'
2024-10-07 23:20:01,463  root       handle_request DEBUG    Handling: '01151', header '7E0', ECU '7E0'
2024-10-07 23:20:01,464  root       handle_request INFO     Unknown ELM command: '01151', header=7E0
2024-10-07 23:20:01,465  root       handle_response DEBUG    Processing: '<writeln>?</writeln>'
2024-10-07 23:20:01,465  root       handle_response DEBUG    Write: '?\r\r>'
2024-10-07 23:20:01,466  root       run        DEBUG    Received '011C1'
2024-10-07 23:20:01,466  root       handle_request DEBUG    Handling: '011C1', header '7E0', ECU '7E0'
2024-10-07 23:20:01,466  root       handle_request DEBUG    Description: OBD Standards Compliance, PID OBD_COMPLIANCE (011C1)
2024-10-07 23:20:01,467  root       handle_response DEBUG    Processing: '<pos_answer>06</pos_answer>'
2024-10-07 23:20:01,467  root       handle_response DEBUG    Write: '7E8 03 41 1C 06 \r\r>'
2024-10-07 23:20:01,468  root       run        DEBUG    Received '011F1'
2024-10-07 23:20:01,468  root       handle_request DEBUG    Handling: '011F1', header '7E0', ECU '7E0'
2024-10-07 23:20:01,468  root       handle_request DEBUG    Description: Engine Run Time, PID RUN_TIME (011F1)
2024-10-07 23:20:01,468  root       handle_response DEBUG    Processing: '<pos_answer>00 8C</pos_answer>'
2024-10-07 23:20:01,469  root       handle_response DEBUG    Write: '7E8 04 41 1F 00 8C \r\r>'
2024-10-07 23:20:01,470  root       run        DEBUG    Received '01202'
2024-10-07 23:20:01,470  root       handle_request DEBUG    Handling: '01202', header '7E0', ECU '7E0'
2024-10-07 23:20:01,470  root       handle_request DEBUG    Description: PIDS_B, PID ELM_PIDS_B (01202)
2024-10-07 23:20:01,470  root       handle_response DEBUG    Processing: '<header>7EA</header><size>06</size><data>41 20 80 01 A0 01</data><pos_answer>90 15 B0 15</pos_answer>'
2024-10-07 23:20:01,471  root       handle_response DEBUG    Write: '7EA 06 41 20 80 01 A0 01 \r7E8 06 41 20 90 15 B0 15 \r\r>'
2024-10-07 23:20:01,471  root       run        DEBUG    Received '01211'
2024-10-07 23:20:01,472  root       handle_request DEBUG    Handling: '01211', header '7E0', ECU '7E0'
2024-10-07 23:20:01,472  root       handle_request DEBUG    Description: Distance Traveled with MIL on, PID DISTANCE_W_MIL (01211)
2024-10-07 23:20:01,472  root       handle_response DEBUG    Processing: '<pos_answer>00 00</pos_answer>'
2024-10-07 23:20:01,472  root       handle_response DEBUG    Write: '7E8 04 41 21 00 00 \r\r>'
2024-10-07 23:20:01,473  root       run        DEBUG    Received '01241'
2024-10-07 23:20:01,473  root       handle_request DEBUG    Handling: '01241', header '7E0', ECU '7E0'
2024-10-07 23:20:01,474  root       handle_request INFO     Unknown ELM command: '01241', header=7E0
2024-10-07 23:20:01,474  root       handle_response DEBUG    Processing: '<writeln>?</writeln>'
2024-10-07 23:20:01,474  root       handle_response DEBUG    Write: '?\r\r>'
2024-10-07 23:20:01,475  root       run        DEBUG    Received '012C1'
2024-10-07 23:20:01,475  root       handle_request DEBUG    Handling: '012C1', header '7E0', ECU '7E0'
2024-10-07 23:20:01,475  root       handle_request DEBUG    Description: Commanded EGR, PID COMMANDED_EGR (012C1)
2024-10-07 23:20:01,475  root       handle_response DEBUG    Processing: '<pos_answer>0D</pos_answer>'
2024-10-07 23:20:01,476  root       handle_response DEBUG    Write: '7E8 03 41 2C 0D \r\r>'
2024-10-07 23:20:01,476  root       run        DEBUG    Received '012E1'
2024-10-07 23:20:01,477  root       handle_request DEBUG    Handling: '012E1', header '7E0', ECU '7E0'
2024-10-07 23:20:01,477  root       handle_request INFO     Unknown ELM command: '012E1', header=7E0
2024-10-07 23:20:01,477  root       handle_response DEBUG    Processing: '<writeln>?</writeln>'
2024-10-07 23:20:01,477  root       handle_response DEBUG    Write: '?\r\r>'
2024-10-07 23:20:01,478  root       run        DEBUG    Received '01301'
2024-10-07 23:20:01,478  root       handle_request DEBUG    Handling: '01301', header '7E0', ECU '7E0'
2024-10-07 23:20:01,478  root       handle_request INFO     Unknown ELM command: '01301', header=7E0
2024-10-07 23:20:01,479  root       handle_response DEBUG    Processing: '<writeln>?</writeln>'
2024-10-07 23:20:01,479  root       handle_response DEBUG    Write: '?\r\r>'
2024-10-07 23:20:01,479  root       run        DEBUG    Received '01311'
2024-10-07 23:20:01,479  root       handle_request DEBUG    Handling: '01311', header '7E0', ECU '7E0'
2024-10-07 23:20:01,480  root       handle_request DEBUG    Description: Distance traveled since codes cleared, PID DISTANCE_SINCE_DTC_CLEAR (01311)
2024-10-07 23:20:01,480  root       handle_response DEBUG    Processing: '<pos_answer>C8 1F</pos_answer>'
2024-10-07 23:20:01,480  root       handle_response DEBUG    Write: '7E8 04 41 31 C8 1F \r\r>'
2024-10-07 23:20:01,480  root       run        DEBUG    Received '01331'
2024-10-07 23:20:01,481  root       handle_request DEBUG    Handling: '01331', header '7E0', ECU '7E0'
2024-10-07 23:20:01,481  root       handle_request DEBUG    Description: Barometric Pressure, PID BAROMETRIC_PRESSURE (01331)
2024-10-07 23:20:01,481  root       handle_response DEBUG    Processing: '<pos_answer>65</pos_answer>'
2024-10-07 23:20:01,481  root       handle_response DEBUG    Write: '7E8 03 41 33 65 \r\r>'
2024-10-07 23:20:01,482  root       run        DEBUG    Received '01341'
2024-10-07 23:20:01,482  root       handle_request DEBUG    Handling: '01341', header '7E0', ECU '7E0'
2024-10-07 23:20:01,482  root       handle_request INFO     Unknown ELM command: '01341', header=7E0
2024-10-07 23:20:01,482  root       handle_response DEBUG    Processing: '<writeln>?</writeln>'
2024-10-07 23:20:01,482  root       handle_response DEBUG    Write: '?\r\r>'
2024-10-07 23:20:01,483  root       run        DEBUG    Received '013C1'
2024-10-07 23:20:01,483  root       handle_request DEBUG    Handling: '013C1', header '7E0', ECU '7E0'
2024-10-07 23:20:01,483  root       handle_request DEBUG    Description: Catalyst Temperature: Bank 1 - Sensor 1, PID CATALYST_TEMP_B1S1 (013C1)
2024-10-07 23:20:01,483  root       handle_response DEBUG    Processing: '<pos_answer>04 44</pos_answer>'
2024-10-07 23:20:01,483  root       handle_response DEBUG    Write: '7E8 04 41 3C 04 44 \r\r>'
2024-10-07 23:20:01,485  root       run        DEBUG    Received '013E1'
2024-10-07 23:20:01,485  root       handle_request DEBUG    Handling: '013E1', header '7E0', ECU '7E0'
2024-10-07 23:20:01,486  root       handle_request INFO     Unknown ELM command: '013E1', header=7E0
2024-10-07 23:20:01,486  root       handle_response DEBUG    Processing: '<writeln>?</writeln>'
2024-10-07 23:20:01,486  root       handle_response DEBUG    Write: '?\r\r>'
2024-10-07 23:20:01,486  root       run        DEBUG    Received '01402'
2024-10-07 23:20:01,487  root       handle_request DEBUG    Handling: '01402', header '7E0', ECU '7E0'
2024-10-07 23:20:01,487  root       handle_request DEBUG    Description: PIDS_C, PID ELM_PIDS_C (01402)
2024-10-07 23:20:01,487  root       handle_response DEBUG    Processing: '<header>7EA</header><size>06</size><data>41 40 44 CC 00 21</data><pos_answer>7A 1C 80 00</pos_answer>'
2024-10-07 23:20:01,487  root       handle_response DEBUG    Write: '7EA 06 41 40 44 CC 00 21 \r7E8 06 41 40 7A 1C 80 00 \r\r>'
2024-10-07 23:20:01,488  root       run        DEBUG    Received '01421'
2024-10-07 23:20:01,488  root       handle_request DEBUG    Handling: '01421', header '7E0', ECU '7E0'
2024-10-07 23:20:01,488  root       handle_request DEBUG    Description: Control module voltage, PID CONTROL_MODULE_VOLTAGE (01421)
2024-10-07 23:20:01,488  root       handle_response DEBUG    Processing: '<pos_answer>39 D6</pos_answer>'
2024-10-07 23:20:01,488  root       handle_response DEBUG    Write: '7E8 04 41 42 39 D6 \r\r>'
2024-10-07 23:20:01,489  root       run        DEBUG    Received '01431'
2024-10-07 23:20:01,489  root       handle_request DEBUG    Handling: '01431', header '7E0', ECU '7E0'
2024-10-07 23:20:01,489  root       handle_request INFO     Unknown ELM command: '01431', header=7E0
2024-10-07 23:20:01,489  root       handle_response DEBUG    Processing: '<writeln>?</writeln>'
2024-10-07 23:20:01,490  root       handle_response DEBUG    Write: '?\r\r>'
2024-10-07 23:20:01,490  root       run        DEBUG    Received '01441'
2024-10-07 23:20:01,490  root       handle_request DEBUG    Handling: '01441', header '7E0', ECU '7E0'
2024-10-07 23:20:01,491  root       handle_request INFO     Unknown ELM command: '01441', header=7E0
2024-10-07 23:20:01,491  root       handle_response DEBUG    Processing: '<writeln>?</writeln>'
2024-10-07 23:20:01,491  root       handle_response DEBUG    Write: '?\r\r>'
2024-10-07 23:20:01,491  root       run        DEBUG    Received '01451'
2024-10-07 23:20:01,491  root       handle_request DEBUG    Handling: '01451', header '7E0', ECU '7E0'
2024-10-07 23:20:01,492  root       handle_request INFO     Unknown ELM command: '01451', header=7E0
2024-10-07 23:20:01,492  root       handle_response DEBUG    Processing: '<writeln>?</writeln>'
2024-10-07 23:20:01,492  root       handle_response DEBUG    Write: '?\r\r>'
2024-10-07 23:20:01,492  root       run        DEBUG    Received '01471'
2024-10-07 23:20:01,493  root       handle_request DEBUG    Handling: '01471', header '7E0', ECU '7E0'
2024-10-07 23:20:01,493  root       handle_request INFO     Unknown ELM command: '01471', header=7E0
2024-10-07 23:20:01,493  root       handle_response DEBUG    Processing: '<writeln>?</writeln>'
2024-10-07 23:20:01,493  root       handle_response DEBUG    Write: '?\r\r>'
2024-10-07 23:20:01,494  root       run        DEBUG    Received '014C1'
2024-10-07 23:20:01,494  root       handle_request DEBUG    Handling: '014C1', header '7E0', ECU '7E0'
2024-10-07 23:20:01,494  root       handle_request DEBUG    Description: Commanded throttle actuator, PID THROTTLE_ACTUATOR (014C1)
2024-10-07 23:20:01,495  root       handle_response DEBUG    Processing: '<pos_answer>00</pos_answer>'
2024-10-07 23:20:01,495  root       handle_response DEBUG    Write: '7E8 03 41 4C 00 \r\r>'
2024-10-07 23:20:01,496  root       run        DEBUG    Received '014D1'
2024-10-07 23:20:01,496  root       handle_request DEBUG    Handling: '014D1', header '7E0', ECU '7E0'
2024-10-07 23:20:01,496  root       handle_request DEBUG    Description: Time run with MIL on, PID RUN_TIME_MIL (014D1)
2024-10-07 23:20:01,496  root       handle_response DEBUG    Processing: '<pos_answer>00 00</pos_answer>'
2024-10-07 23:20:01,497  root       handle_response DEBUG    Write: '7E8 04 41 4D 00 00 \r\r>'
2024-10-07 23:20:01,497  root       run        DEBUG    Received '014E1'
2024-10-07 23:20:01,497  root       handle_request DEBUG    Handling: '014E1', header '7E0', ECU '7E0'
2024-10-07 23:20:01,498  root       handle_request DEBUG    Description: Time since trouble codes cleared, PID TIME_SINCE_DTC_CLEARED (014E1)
2024-10-07 23:20:01,498  root       handle_response DEBUG    Processing: '<pos_answer>4C 69</pos_answer>'
2024-10-07 23:20:01,498  root       handle_response DEBUG    Write: '7E8 04 41 4E 4C 69 \r\r>'
2024-10-07 23:20:01,499  root       run        DEBUG    Received '01511'
2024-10-07 23:20:01,499  root       handle_request DEBUG    Handling: '01511', header '7E0', ECU '7E0'
2024-10-07 23:20:01,499  root       handle_request DEBUG    Description: Fuel Type, PID FUEL_TYPE (01511)
2024-10-07 23:20:01,499  root       handle_response DEBUG    Processing: '<pos_answer>01</pos_answer>'
2024-10-07 23:20:01,499  root       handle_response DEBUG    Write: '7E8 03 41 51 01 \r\r>'
2024-10-07 23:20:02,819  root       run        DEBUG    Received '01011'
2024-10-07 23:20:02,820  root       handle_request DEBUG    Handling: '01011', header '7E0', ECU '7E0'
2024-10-07 23:20:02,820  root       handle_request INFO     Unknown ELM command: '01011', header=7E0
2024-10-07 23:20:02,821  root       handle_response DEBUG    Processing: '<writeln>?</writeln>'
2024-10-07 23:20:02,821  root       handle_response DEBUG    Write: '?\r\r>'
2024-10-07 23:20:02,823  root       run        DEBUG    Received '01031'
2024-10-07 23:20:02,823  root       handle_request DEBUG    Handling: '01031', header '7E0', ECU '7E0'
2024-10-07 23:20:02,823  root       handle_request DEBUG    Description: Fuel System Status, PID FUEL_STATUS (01031)
2024-10-07 23:20:02,824  root       handle_response DEBUG    Processing: '<pos_answer>00 00</pos_answer>'
2024-10-07 23:20:02,824  root       handle_response DEBUG    Write: '7E8 04 41 03 00 00 \r\r>'
2024-10-07 23:20:02,824  root       run        DEBUG    Received '01041'
2024-10-07 23:20:02,824  root       handle_request DEBUG    Handling: '01041', header '7E0', ECU '7E0'
2024-10-07 23:20:02,825  root       handle_request DEBUG    Description: Calculated Engine Load, PID ENGINE_LOAD (01041)
2024-10-07 23:20:02,825  root       handle_response DEBUG    Processing: '<pos_answer>00</pos_answer>'
2024-10-07 23:20:02,825  root       handle_response DEBUG    Write: '7E8 03 41 04 00 \r\r>'
2024-10-07 23:20:02,826  root       run        DEBUG    Received '01051'
2024-10-07 23:20:02,826  root       handle_request DEBUG    Handling: '01051', header '7E0', ECU '7E0'
2024-10-07 23:20:02,826  root       handle_request DEBUG    Description: Engine Coolant Temperature, PID COOLANT_TEMP (01051)
2024-10-07 23:20:02,826  root       handle_response DEBUG    Processing: '<pos_answer>7B</pos_answer>'
2024-10-07 23:20:02,826  root       handle_response DEBUG    Write: '7E8 03 41 05 7B \r\r>'
2024-10-07 23:20:02,827  root       run        DEBUG    Received '01061'
2024-10-07 23:20:02,827  root       handle_request DEBUG    Handling: '01061', header '7E0', ECU '7E0'
2024-10-07 23:20:02,827  root       handle_request INFO     Unknown ELM command: '01061', header=7E0
2024-10-07 23:20:02,827  root       handle_response DEBUG    Processing: '<writeln>?</writeln>'
2024-10-07 23:20:02,828  root       handle_response DEBUG    Write: '?\r\r>'
2024-10-07 23:20:02,828  root       run        DEBUG    Received '01071'
2024-10-07 23:20:02,828  root       handle_request DEBUG    Handling: '01071', header '7E0', ECU '7E0'
2024-10-07 23:20:02,829  root       handle_request INFO     Unknown ELM command: '01071', header=7E0
2024-10-07 23:20:02,829  root       handle_response DEBUG    Processing: '<writeln>?</writeln>'
2024-10-07 23:20:02,829  root       handle_response DEBUG    Write: '?\r\r>'
2024-10-07 23:20:02,830  root       run        DEBUG    Received '010B1'
2024-10-07 23:20:02,830  root       handle_request DEBUG    Handling: '010B1', header '7E0', ECU '7E0'
2024-10-07 23:20:02,830  root       handle_request DEBUG    Description: Intake Manifold Pressure, PID INTAKE_PRESSURE (010B1)
2024-10-07 23:20:02,830  root       handle_response DEBUG    Processing: '<pos_answer>73</pos_answer>'
2024-10-07 23:20:02,830  root       handle_response DEBUG    Write: '7E8 03 41 0B 73 \r\r>'
2024-10-07 23:20:02,831  root       run        DEBUG    Received '010C2'
2024-10-07 23:20:02,831  root       handle_request DEBUG    Handling: '010C2', header '7E0', ECU '7E0'
2024-10-07 23:20:02,831  root       handle_request DEBUG    Description: Engine RPM, PID RPM (010C2)
2024-10-07 23:20:02,831  root       handle_response DEBUG    Processing: '<pos_answer>3D 90</pos_answer> <header>7EA</header><size>04</size><data>41 0C 3D 90</data>'
2024-10-07 23:20:02,831  root       handle_response DEBUG    Write: '7E8 04 41 0C 3D 90 \r7EA 04 41 0C 3D 90 \r\r>'
2024-10-07 23:20:02,832  root       run        DEBUG    Received '010D2'
2024-10-07 23:20:02,832  root       handle_request DEBUG    Handling: '010D2', header '7E0', ECU '7E0'
2024-10-07 23:20:02,832  root       handle_request DEBUG    Description: Vehicle Speed, PID SPEED (010D2)
2024-10-07 23:20:02,832  root       handle_response DEBUG    Processing: '<pos_answer>34</pos_answer> <header>7EA</header><size>03</size><data>41 0D 34</data>'
2024-10-07 23:20:02,833  root       handle_response DEBUG    Write: '7E8 03 41 0D 34 \r7EA 03 41 0D 34 \r\r>'
2024-10-07 23:20:02,833  root       run        DEBUG    Received '010E1'
2024-10-07 23:20:02,833  root       handle_request DEBUG    Handling: '010E1', header '7E0', ECU '7E0'
2024-10-07 23:20:02,834  root       handle_request INFO     Unknown ELM command: '010E1', header=7E0
2024-10-07 23:20:02,834  root       handle_response DEBUG    Processing: '<writeln>?</writeln>'
2024-10-07 23:20:02,834  root       handle_response DEBUG    Write: '?\r\r>'
2024-10-07 23:20:02,835  root       run        DEBUG    Received '010F1'
2024-10-07 23:20:02,835  root       handle_request DEBUG    Handling: '010F1', header '7E0', ECU '7E0'
2024-10-07 23:20:02,835  root       handle_request DEBUG    Description: Intake Air Temp, PID INTAKE_TEMP (010F1)
2024-10-07 23:20:02,835  root       handle_response DEBUG    Processing: '<pos_answer>44</pos_answer>'
2024-10-07 23:20:02,836  root       handle_response DEBUG    Write: '7E8 03 41 0F 44 \r\r>'
2024-10-07 23:20:02,837  root       run        DEBUG    Received '01101'
2024-10-07 23:20:02,837  root       handle_request DEBUG    Handling: '01101', header '7E0', ECU '7E0'
2024-10-07 23:20:02,838  root       handle_request DEBUG    Description: Air Flow Rate (MAF), PID MAF (01101)
2024-10-07 23:20:02,838  root       handle_response DEBUG    Processing: '<pos_answer>05 1F</pos_answer>'
2024-10-07 23:20:02,838  root       handle_response DEBUG    Write: '7E8 04 41 10 05 1F \r\r>'
2024-10-07 23:20:02,839  root       run        DEBUG    Received '01111'
2024-10-07 23:20:02,839  root       handle_request DEBUG    Handling: '01111', header '7E0', ECU '7E0'
2024-10-07 23:20:02,839  root       handle_request DEBUG    Description: Throttle Position, PID THROTTLE_POS (01111)
2024-10-07 23:20:02,840  root       handle_response DEBUG    Processing: '<pos_answer>FF</pos_answer>'
2024-10-07 23:20:02,840  root       handle_response DEBUG    Write: '7E8 03 41 11 FF \r\r>'
2024-10-07 23:20:02,841  root       run        DEBUG    Received '01131'
2024-10-07 23:20:02,841  root       handle_request DEBUG    Handling: '01131', header '7E0', ECU '7E0'
2024-10-07 23:20:02,841  root       handle_request INFO     Unknown ELM command: '01131', header=7E0
2024-10-07 23:20:02,842  root       handle_response DEBUG    Processing: '<writeln>?</writeln>'
2024-10-07 23:20:02,842  root       handle_response DEBUG    Write: '?\r\r>'
2024-10-07 23:20:02,843  root       run        DEBUG    Received '01151'
2024-10-07 23:20:02,843  root       handle_request DEBUG    Handling: '01151', header '7E0', ECU '7E0'
2024-10-07 23:20:02,843  root       handle_request INFO     Unknown ELM command: '01151', header=7E0
2024-10-07 23:20:02,843  root       handle_response DEBUG    Processing: '<writeln>?</writeln>'
2024-10-07 23:20:02,843  root       handle_response DEBUG    Write: '?\r\r>'
2024-10-07 23:20:02,844  root       run        DEBUG    Received '011C1'
2024-10-07 23:20:02,844  root       handle_request DEBUG    Handling: '011C1', header '7E0', ECU '7E0'
2024-10-07 23:20:02,844  root       handle_request DEBUG    Description: OBD Standards Compliance, PID OBD_COMPLIANCE (011C1)
2024-10-07 23:20:02,844  root       handle_response DEBUG    Processing: '<pos_answer>06</pos_answer>'
2024-10-07 23:20:02,845  root       handle_response DEBUG    Write: '7E8 03 41 1C 06 \r\r>'
2024-10-07 23:20:02,845  root       run        DEBUG    Received '011F1'
2024-10-07 23:20:02,846  root       handle_request DEBUG    Handling: '011F1', header '7E0', ECU '7E0'
2024-10-07 23:20:02,846  root       handle_request DEBUG    Description: Engine Run Time, PID RUN_TIME (011F1)
2024-10-07 23:20:02,846  root       handle_response DEBUG    Processing: '<pos_answer>00 8C</pos_answer>'
2024-10-07 23:20:02,846  root       handle_response DEBUG    Write: '7E8 04 41 1F 00 8C \r\r>'
2024-10-07 23:20:02,847  root       run        DEBUG    Received '01202'
2024-10-07 23:20:02,847  root       handle_request DEBUG    Handling: '01202', header '7E0', ECU '7E0'
2024-10-07 23:20:02,847  root       handle_request DEBUG    Description: PIDS_B, PID ELM_PIDS_B (01202)
2024-10-07 23:20:02,847  root       handle_response DEBUG    Processing: '<header>7EA</header><size>06</size><data>41 20 80 01 A0 01</data><pos_answer>90 15 B0 15</pos_answer>'
2024-10-07 23:20:02,847  root       handle_response DEBUG    Write: '7EA 06 41 20 80 01 A0 01 \r7E8 06 41 20 90 15 B0 15 \r\r>'
2024-10-07 23:20:02,848  root       run        DEBUG    Received '01211'
2024-10-07 23:20:02,848  root       handle_request DEBUG    Handling: '01211', header '7E0', ECU '7E0'
2024-10-07 23:20:02,848  root       handle_request DEBUG    Description: Distance Traveled with MIL on, PID DISTANCE_W_MIL (01211)
2024-10-07 23:20:02,848  root       handle_response DEBUG    Processing: '<pos_answer>00 00</pos_answer>'
2024-10-07 23:20:02,848  root       handle_response DEBUG    Write: '7E8 04 41 21 00 00 \r\r>'
2024-10-07 23:20:02,849  root       run        DEBUG    Received '01241'
2024-10-07 23:20:02,849  root       handle_request DEBUG    Handling: '01241', header '7E0', ECU '7E0'
2024-10-07 23:20:02,850  root       handle_request INFO     Unknown ELM command: '01241', header=7E0
2024-10-07 23:20:02,850  root       handle_response DEBUG    Processing: '<writeln>?</writeln>'
2024-10-07 23:20:02,850  root       handle_response DEBUG    Write: '?\r\r>'
2024-10-07 23:20:02,850  root       run        DEBUG    Received '012C1'
2024-10-07 23:20:02,851  root       handle_request DEBUG    Handling: '012C1', header '7E0', ECU '7E0'
2024-10-07 23:20:02,851  root       handle_request DEBUG    Description: Commanded EGR, PID COMMANDED_EGR (012C1)
2024-10-07 23:20:02,851  root       handle_response DEBUG    Processing: '<pos_answer>0D</pos_answer>'
2024-10-07 23:20:02,851  root       handle_response DEBUG    Write: '7E8 03 41 2C 0D \r\r>'
2024-10-07 23:20:02,852  root       run        DEBUG    Received '012E1'
2024-10-07 23:20:02,852  root       handle_request DEBUG    Handling: '012E1', header '7E0', ECU '7E0'
2024-10-07 23:20:02,852  root       handle_request INFO     Unknown ELM command: '012E1', header=7E0
2024-10-07 23:20:02,852  root       handle_response DEBUG    Processing: '<writeln>?</writeln>'
2024-10-07 23:20:02,853  root       handle_response DEBUG    Write: '?\r\r>'
2024-10-07 23:20:02,853  root       run        DEBUG    Received '01301'
2024-10-07 23:20:02,853  root       handle_request DEBUG    Handling: '01301', header '7E0', ECU '7E0'
2024-10-07 23:20:02,854  root       handle_request INFO     Unknown ELM command: '01301', header=7E0
2024-10-07 23:20:02,854  root       handle_response DEBUG    Processing: '<writeln>?</writeln>'
2024-10-07 23:20:02,854  root       handle_response DEBUG    Write: '?\r\r>'
2024-10-07 23:20:02,855  root       run        DEBUG    Received '01311'
2024-10-07 23:20:02,855  root       handle_request DEBUG    Handling: '01311', header '7E0', ECU '7E0'
2024-10-07 23:20:02,855  root       handle_request DEBUG    Description: Distance traveled since codes cleared, PID DISTANCE_SINCE_DTC_CLEAR (01311)
2024-10-07 23:20:02,855  root       handle_response DEBUG    Processing: '<pos_answer>C8 1F</pos_answer>'
2024-10-07 23:20:02,855  root       handle_response DEBUG    Write: '7E8 04 41 31 C8 1F \r\r>'
2024-10-07 23:20:02,856  root       run        DEBUG    Received '01331'
2024-10-07 23:20:02,856  root       handle_request DEBUG    Handling: '01331', header '7E0', ECU '7E0'
2024-10-07 23:20:02,856  root       handle_request DEBUG    Description: Barometric Pressure, PID BAROMETRIC_PRESSURE (01331)
2024-10-07 23:20:02,856  root       handle_response DEBUG    Processing: '<pos_answer>65</pos_answer>'
2024-10-07 23:20:02,857  root       handle_response DEBUG    Write: '7E8 03 41 33 65 \r\r>'
2024-10-07 23:20:02,857  root       run        DEBUG    Received '01341'
2024-10-07 23:20:02,858  root       handle_request DEBUG    Handling: '01341', header '7E0', ECU '7E0'
2024-10-07 23:20:02,858  root       handle_request INFO     Unknown ELM command: '01341', header=7E0
2024-10-07 23:20:02,858  root       handle_response DEBUG    Processing: '<writeln>?</writeln>'
2024-10-07 23:20:02,858  root       handle_response DEBUG    Write: '?\r\r>'
2024-10-07 23:20:02,859  root       run        DEBUG    Received '013C1'
2024-10-07 23:20:02,859  root       handle_request DEBUG    Handling: '013C1', header '7E0', ECU '7E0'
2024-10-07 23:20:02,859  root       handle_request DEBUG    Description: Catalyst Temperature: Bank 1 - Sensor 1, PID CATALYST_TEMP_B1S1 (013C1)
2024-10-07 23:20:02,859  root       handle_response DEBUG    Processing: '<pos_answer>04 44</pos_answer>'
2024-10-07 23:20:02,859  root       handle_response DEBUG    Write: '7E8 04 41 3C 04 44 \r\r>'
2024-10-07 23:20:02,861  root       run        DEBUG    Received '013E1'
2024-10-07 23:20:02,862  root       handle_request DEBUG    Handling: '013E1', header '7E0', ECU '7E0'
2024-10-07 23:20:02,862  root       handle_request INFO     Unknown ELM command: '013E1', header=7E0
2024-10-07 23:20:02,862  root       handle_response DEBUG    Processing: '<writeln>?</writeln>'
2024-10-07 23:20:02,862  root       handle_response DEBUG    Write: '?\r\r>'
2024-10-07 23:20:02,863  root       run        DEBUG    Received '01402'
2024-10-07 23:20:02,863  root       handle_request DEBUG    Handling: '01402', header '7E0', ECU '7E0'
2024-10-07 23:20:02,863  root       handle_request DEBUG    Description: PIDS_C, PID ELM_PIDS_C (01402)
2024-10-07 23:20:02,863  root       handle_response DEBUG    Processing: '<header>7EA</header><size>06</size><data>41 40 44 CC 00 21</data><pos_answer>7A 1C 80 00</pos_answer>'
2024-10-07 23:20:02,864  root       handle_response DEBUG    Write: '7EA 06 41 40 44 CC 00 21 \r7E8 06 41 40 7A 1C 80 00 \r\r>'
2024-10-07 23:20:02,864  root       run        DEBUG    Received '01421'
2024-10-07 23:20:02,865  root       handle_request DEBUG    Handling: '01421', header '7E0', ECU '7E0'
2024-10-07 23:20:02,865  root       handle_request DEBUG    Description: Control module voltage, PID CONTROL_MODULE_VOLTAGE (01421)
2024-10-07 23:20:02,865  root       handle_response DEBUG    Processing: '<pos_answer>39 D6</pos_answer>'
2024-10-07 23:20:02,866  root       handle_response DEBUG    Write: '7E8 04 41 42 39 D6 \r\r>'
2024-10-07 23:20:02,867  root       run        DEBUG    Received '01431'
2024-10-07 23:20:02,867  root       handle_request DEBUG    Handling: '01431', header '7E0', ECU '7E0'
2024-10-07 23:20:02,867  root       handle_request INFO     Unknown ELM command: '01431', header=7E0
2024-10-07 23:20:02,868  root       handle_response DEBUG    Processing: '<writeln>?</writeln>'
2024-10-07 23:20:02,868  root       handle_response DEBUG    Write: '?\r\r>'
2024-10-07 23:20:02,869  root       run        DEBUG    Received '01441'
2024-10-07 23:20:02,869  root       handle_request DEBUG    Handling: '01441', header '7E0', ECU '7E0'
2024-10-07 23:20:02,870  root       handle_request INFO     Unknown ELM command: '01441', header=7E0
2024-10-07 23:20:02,870  root       handle_response DEBUG    Processing: '<writeln>?</writeln>'
2024-10-07 23:20:02,870  root       handle_response DEBUG    Write: '?\r\r>'
2024-10-07 23:20:02,871  root       run        DEBUG    Received '01451'
2024-10-07 23:20:02,871  root       handle_request DEBUG    Handling: '01451', header '7E0', ECU '7E0'
2024-10-07 23:20:02,871  root       handle_request INFO     Unknown ELM command: '01451', header=7E0
2024-10-07 23:20:02,872  root       handle_response DEBUG    Processing: '<writeln>?</writeln>'
2024-10-07 23:20:02,872  root       handle_response DEBUG    Write: '?\r\r>'
2024-10-07 23:20:02,872  root       run        DEBUG    Received '01471'
2024-10-07 23:20:02,872  root       handle_request DEBUG    Handling: '01471', header '7E0', ECU '7E0'
2024-10-07 23:20:02,873  root       handle_request INFO     Unknown ELM command: '01471', header=7E0
2024-10-07 23:20:02,873  root       handle_response DEBUG    Processing: '<writeln>?</writeln>'
2024-10-07 23:20:02,873  root       handle_response DEBUG    Write: '?\r\r>'
2024-10-07 23:20:02,874  root       run        DEBUG    Received '014C1'
2024-10-07 23:20:02,874  root       handle_request DEBUG    Handling: '014C1', header '7E0', ECU '7E0'
2024-10-07 23:20:02,874  root       handle_request DEBUG    Description: Commanded throttle actuator, PID THROTTLE_ACTUATOR (014C1)
2024-10-07 23:20:02,874  root       handle_response DEBUG    Processing: '<pos_answer>00</pos_answer>'
2024-10-07 23:20:02,875  root       handle_response DEBUG    Write: '7E8 03 41 4C 00 \r\r>'
2024-10-07 23:20:02,875  root       run        DEBUG    Received '014D1'
2024-10-07 23:20:02,876  root       handle_request DEBUG    Handling: '014D1', header '7E0', ECU '7E0'
2024-10-07 23:20:02,876  root       handle_request DEBUG    Description: Time run with MIL on, PID RUN_TIME_MIL (014D1)
2024-10-07 23:20:02,876  root       handle_response DEBUG    Processing: '<pos_answer>00 00</pos_answer>'
2024-10-07 23:20:02,876  root       handle_response DEBUG    Write: '7E8 04 41 4D 00 00 \r\r>'
2024-10-07 23:20:02,877  root       run        DEBUG    Received '014E1'
2024-10-07 23:20:02,877  root       handle_request DEBUG    Handling: '014E1', header '7E0', ECU '7E0'
2024-10-07 23:20:02,877  root       handle_request DEBUG    Description: Time since trouble codes cleared, PID TIME_SINCE_DTC_CLEARED (014E1)
2024-10-07 23:20:02,877  root       handle_response DEBUG    Processing: '<pos_answer>4C 69</pos_answer>'
2024-10-07 23:20:02,877  root       handle_response DEBUG    Write: '7E8 04 41 4E 4C 69 \r\r>'
2024-10-07 23:20:02,878  root       run        DEBUG    Received '01511'
2024-10-07 23:20:02,878  root       handle_request DEBUG    Handling: '01511', header '7E0', ECU '7E0'
2024-10-07 23:20:02,878  root       handle_request DEBUG    Description: Fuel Type, PID FUEL_TYPE (01511)
2024-10-07 23:20:02,879  root       handle_response DEBUG    Processing: '<pos_answer>01</pos_answer>'
2024-10-07 23:20:02,879  root       handle_response DEBUG    Write: '7E8 03 41 51 01 \r\r>'
2024-10-07 23:20:03,130  root       run        DEBUG    Received '01011'
2024-10-07 23:20:03,131  root       handle_request DEBUG    Handling: '01011', header '7E0', ECU '7E0'
2024-10-07 23:20:03,132  root       handle_request INFO     Unknown ELM command: '01011', header=7E0
2024-10-07 23:20:03,133  root       handle_response DEBUG    Processing: '<writeln>?</writeln>'
2024-10-07 23:20:03,133  root       handle_response DEBUG    Write: '?\r\r>'
2024-10-07 23:20:03,141  root       run        DEBUG    Received '01031'
2024-10-07 23:20:03,141  root       handle_request DEBUG    Handling: '01031', header '7E0', ECU '7E0'
2024-10-07 23:20:03,142  root       handle_request DEBUG    Description: Fuel System Status, PID FUEL_STATUS (01031)
2024-10-07 23:20:03,142  root       handle_response DEBUG    Processing: '<pos_answer>00 00</pos_answer>'
2024-10-07 23:20:03,143  root       handle_response DEBUG    Write: '7E8 04 41 03 00 00 \r\r>'
2024-10-07 23:20:03,145  root       run        DEBUG    Received '01041'
2024-10-07 23:20:03,145  root       handle_request DEBUG    Handling: '01041', header '7E0', ECU '7E0'
2024-10-07 23:20:03,146  root       handle_request DEBUG    Description: Calculated Engine Load, PID ENGINE_LOAD (01041)
2024-10-07 23:20:03,146  root       handle_response DEBUG    Processing: '<pos_answer>00</pos_answer>'
2024-10-07 23:20:03,146  root       handle_response DEBUG    Write: '7E8 03 41 04 00 \r\r>'
2024-10-07 23:20:03,148  root       run        DEBUG    Received '01051'
2024-10-07 23:20:03,149  root       handle_request DEBUG    Handling: '01051', header '7E0', ECU '7E0'
2024-10-07 23:20:03,149  root       handle_request DEBUG    Description: Engine Coolant Temperature, PID COOLANT_TEMP (01051)
2024-10-07 23:20:03,149  root       handle_response DEBUG    Processing: '<pos_answer>7B</pos_answer>'
2024-10-07 23:20:03,150  root       handle_response DEBUG    Write: '7E8 03 41 05 7B \r\r>'
2024-10-07 23:20:03,152  root       run        DEBUG    Received '01061'
2024-10-07 23:20:03,152  root       handle_request DEBUG    Handling: '01061', header '7E0', ECU '7E0'
2024-10-07 23:20:03,154  root       handle_request INFO     Unknown ELM command: '01061', header=7E0
2024-10-07 23:20:03,154  root       handle_response DEBUG    Processing: '<writeln>?</writeln>'
2024-10-07 23:20:03,155  root       handle_response DEBUG    Write: '?\r\r>'
2024-10-07 23:20:03,156  root       run        DEBUG    Received '01071'
2024-10-07 23:20:03,157  root       handle_request DEBUG    Handling: '01071', header '7E0', ECU '7E0'
2024-10-07 23:20:03,158  root       handle_request INFO     Unknown ELM command: '01071', header=7E0
2024-10-07 23:20:03,158  root       handle_response DEBUG    Processing: '<writeln>?</writeln>'
2024-10-07 23:20:03,159  root       handle_response DEBUG    Write: '?\r\r>'
2024-10-07 23:20:03,160  root       run        DEBUG    Received '010B1'
2024-10-07 23:20:03,161  root       handle_request DEBUG    Handling: '010B1', header '7E0', ECU '7E0'
2024-10-07 23:20:03,161  root       handle_request DEBUG    Description: Intake Manifold Pressure, PID INTAKE_PRESSURE (010B1)
2024-10-07 23:20:03,162  root       handle_response DEBUG    Processing: '<pos_answer>73</pos_answer>'
2024-10-07 23:20:03,162  root       handle_response DEBUG    Write: '7E8 03 41 0B 73 \r\r>'
2024-10-07 23:20:03,164  root       run        DEBUG    Received '010C2'
2024-10-07 23:20:03,164  root       handle_request DEBUG    Handling: '010C2', header '7E0', ECU '7E0'
2024-10-07 23:20:03,165  root       handle_request DEBUG    Description: Engine RPM, PID RPM (010C2)
2024-10-07 23:20:03,165  root       handle_response DEBUG    Processing: '<pos_answer>3D E0</pos_answer> <header>7EA</header><size>04</size><data>41 0C 3D E0</data>'
2024-10-07 23:20:03,165  root       handle_response DEBUG    Write: '7E8 04 41 0C 3D E0 \r7EA 04 41 0C 3D E0 \r\r>'
2024-10-07 23:20:03,167  root       run        DEBUG    Received '010D2'
2024-10-07 23:20:03,167  root       handle_request DEBUG    Handling: '010D2', header '7E0', ECU '7E0'
2024-10-07 23:20:03,168  root       handle_request DEBUG    Description: Vehicle Speed, PID SPEED (010D2)
2024-10-07 23:20:03,168  root       handle_response DEBUG    Processing: '<pos_answer>30</pos_answer> <header>7EA</header><size>03</size><data>41 0D 30</data>'
2024-10-07 23:20:03,169  root       handle_response DEBUG    Write: '7E8 03 41 0D 30 \r7EA 03 41 0D 30 \r\r>'
2024-10-07 23:20:03,170  root       run        DEBUG    Received '010E1'
2024-10-07 23:20:03,171  root       handle_request DEBUG    Handling: '010E1', header '7E0', ECU '7E0'
2024-10-07 23:20:03,172  root       handle_request INFO     Unknown ELM command: '010E1', header=7E0
2024-10-07 23:20:03,172  root       handle_response DEBUG    Processing: '<writeln>?</writeln>'
2024-10-07 23:20:03,173  root       handle_response DEBUG    Write: '?\r\r>'
2024-10-07 23:20:03,174  root       run        DEBUG    Received '010F1'
2024-10-07 23:20:03,174  root       handle_request DEBUG    Handling: '010F1', header '7E0', ECU '7E0'
2024-10-07 23:20:03,175  root       handle_request DEBUG    Description: Intake Air Temp, PID INTAKE_TEMP (010F1)
2024-10-07 23:20:03,175  root       handle_response DEBUG    Processing: '<pos_answer>44</pos_answer>'
2024-10-07 23:20:03,176  root       handle_response DEBUG    Write: '7E8 03 41 0F 44 \r\r>'
2024-10-07 23:20:03,177  root       run        DEBUG    Received '01101'
2024-10-07 23:20:03,178  root       handle_request DEBUG    Handling: '01101', header '7E0', ECU '7E0'
2024-10-07 23:20:03,178  root       handle_request DEBUG    Description: Air Flow Rate (MAF), PID MAF (01101)
2024-10-07 23:20:03,178  root       handle_response DEBUG    Processing: '<pos_answer>05 1F</pos_answer>'
2024-10-07 23:20:03,179  root       handle_response DEBUG    Write: '7E8 04 41 10 05 1F \r\r>'
2024-10-07 23:20:03,180  root       run        DEBUG    Received '01111'
2024-10-07 23:20:03,180  root       handle_request DEBUG    Handling: '01111', header '7E0', ECU '7E0'
2024-10-07 23:20:03,181  root       handle_request DEBUG    Description: Throttle Position, PID THROTTLE_POS (01111)
2024-10-07 23:20:03,181  root       handle_response DEBUG    Processing: '<pos_answer>FF</pos_answer>'
2024-10-07 23:20:03,181  root       handle_response DEBUG    Write: '7E8 03 41 11 FF \r\r>'
2024-10-07 23:20:03,183  root       run        DEBUG    Received '01131'
2024-10-07 23:20:03,183  root       handle_request DEBUG    Handling: '01131', header '7E0', ECU '7E0'
2024-10-07 23:20:03,183  root       handle_request INFO     Unknown ELM command: '01131', header=7E0
2024-10-07 23:20:03,184  root       handle_response DEBUG    Processing: '<writeln>?</writeln>'
2024-10-07 23:20:03,184  root       handle_response DEBUG    Write: '?\r\r>'
2024-10-07 23:20:03,184  root       run        DEBUG    Received '01151'
2024-10-07 23:20:03,185  root       handle_request DEBUG    Handling: '01151', header '7E0', ECU '7E0'
2024-10-07 23:20:03,185  root       handle_request INFO     Unknown ELM command: '01151', header=7E0
2024-10-07 23:20:03,185  root       handle_response DEBUG    Processing: '<writeln>?</writeln>'
2024-10-07 23:20:03,186  root       handle_response DEBUG    Write: '?\r\r>'
2024-10-07 23:20:03,186  root       run        DEBUG    Received '011C1'
2024-10-07 23:20:03,186  root       handle_request DEBUG    Handling: '011C1', header '7E0', ECU '7E0'
2024-10-07 23:20:03,186  root       handle_request DEBUG    Description: OBD Standards Compliance, PID OBD_COMPLIANCE (011C1)
2024-10-07 23:20:03,187  root       handle_response DEBUG    Processing: '<pos_answer>06</pos_answer>'
2024-10-07 23:20:03,187  root       handle_response DEBUG    Write: '7E8 03 41 1C 06 \r\r>'
2024-10-07 23:20:03,187  root       run        DEBUG    Received '011F1'
2024-10-07 23:20:03,188  root       handle_request DEBUG    Handling: '011F1', header '7E0', ECU '7E0'
2024-10-07 23:20:03,188  root       handle_request DEBUG    Description: Engine Run Time, PID RUN_TIME (011F1)
2024-10-07 23:20:03,188  root       handle_response DEBUG    Processing: '<pos_answer>00 8C</pos_answer>'
2024-10-07 23:20:03,188  root       handle_response DEBUG    Write: '7E8 04 41 1F 00 8C \r\r>'
2024-10-07 23:20:03,189  root       run        DEBUG    Received '01202'
2024-10-07 23:20:03,189  root       handle_request DEBUG    Handling: '01202', header '7E0', ECU '7E0'
2024-10-07 23:20:03,189  root       handle_request DEBUG    Description: PIDS_B, PID ELM_PIDS_B (01202)
2024-10-07 23:20:03,189  root       handle_response DEBUG    Processing: '<header>7EA</header><size>06</size><data>41 20 80 01 A0 01</data><pos_answer>90 15 B0 15</pos_answer>'
2024-10-07 23:20:03,190  root       handle_response DEBUG    Write: '7EA 06 41 20 80 01 A0 01 \r7E8 06 41 20 90 15 B0 15 \r\r>'
2024-10-07 23:20:03,190  root       run        DEBUG    Received '01211'
2024-10-07 23:20:03,190  root       handle_request DEBUG    Handling: '01211', header '7E0', ECU '7E0'
2024-10-07 23:20:03,190  root       handle_request DEBUG    Description: Distance Traveled with MIL on, PID DISTANCE_W_MIL (01211)
2024-10-07 23:20:03,190  root       handle_response DEBUG    Processing: '<pos_answer>00 00</pos_answer>'
2024-10-07 23:20:03,191  root       handle_response DEBUG    Write: '7E8 04 41 21 00 00 \r\r>'
2024-10-07 23:20:03,191  root       run        DEBUG    Received '01241'
2024-10-07 23:20:03,191  root       handle_request DEBUG    Handling: '01241', header '7E0', ECU '7E0'
2024-10-07 23:20:03,192  root       handle_request INFO     Unknown ELM command: '01241', header=7E0
2024-10-07 23:20:03,192  root       handle_response DEBUG    Processing: '<writeln>?</writeln>'
2024-10-07 23:20:03,192  root       handle_response DEBUG    Write: '?\r\r>'
2024-10-07 23:20:03,193  root       run        DEBUG    Received '012C1'
2024-10-07 23:20:03,193  root       handle_request DEBUG    Handling: '012C1', header '7E0', ECU '7E0'
2024-10-07 23:20:03,193  root       handle_request DEBUG    Description: Commanded EGR, PID COMMANDED_EGR (012C1)
2024-10-07 23:20:03,193  root       handle_response DEBUG    Processing: '<pos_answer>0D</pos_answer>'
2024-10-07 23:20:03,193  root       handle_response DEBUG    Write: '7E8 03 41 2C 0D \r\r>'
2024-10-07 23:20:03,194  root       run        DEBUG    Received '012E1'
2024-10-07 23:20:03,194  root       handle_request DEBUG    Handling: '012E1', header '7E0', ECU '7E0'
2024-10-07 23:20:03,194  root       handle_request INFO     Unknown ELM command: '012E1', header=7E0
2024-10-07 23:20:03,195  root       handle_response DEBUG    Processing: '<writeln>?</writeln>'
2024-10-07 23:20:03,195  root       handle_response DEBUG    Write: '?\r\r>'
2024-10-07 23:20:03,195  root       run        DEBUG    Received '01301'
2024-10-07 23:20:03,195  root       handle_request DEBUG    Handling: '01301', header '7E0', ECU '7E0'
2024-10-07 23:20:03,196  root       handle_request INFO     Unknown ELM command: '01301', header=7E0
2024-10-07 23:20:03,196  root       handle_response DEBUG    Processing: '<writeln>?</writeln>'
2024-10-07 23:20:03,196  root       handle_response DEBUG    Write: '?\r\r>'
2024-10-07 23:20:03,197  root       run        DEBUG    Received '01311'
2024-10-07 23:20:03,197  root       handle_request DEBUG    Handling: '01311', header '7E0', ECU '7E0'
2024-10-07 23:20:03,197  root       handle_request DEBUG    Description: Distance traveled since codes cleared, PID DISTANCE_SINCE_DTC_CLEAR (01311)
2024-10-07 23:20:03,197  root       handle_response DEBUG    Processing: '<pos_answer>C8 1F</pos_answer>'
2024-10-07 23:20:03,197  root       handle_response DEBUG    Write: '7E8 04 41 31 C8 1F \r\r>'
2024-10-07 23:20:03,198  root       run        DEBUG    Received '01331'
2024-10-07 23:20:03,198  root       handle_request DEBUG    Handling: '01331', header '7E0', ECU '7E0'
2024-10-07 23:20:03,198  root       handle_request DEBUG    Description: Barometric Pressure, PID BAROMETRIC_PRESSURE (01331)
2024-10-07 23:20:03,198  root       handle_response DEBUG    Processing: '<pos_answer>65</pos_answer>'
2024-10-07 23:20:03,198  root       handle_response DEBUG    Write: '7E8 03 41 33 65 \r\r>'
2024-10-07 23:20:03,199  root       run        DEBUG    Received '01341'
2024-10-07 23:20:03,199  root       handle_request DEBUG    Handling: '01341', header '7E0', ECU '7E0'
2024-10-07 23:20:03,199  root       handle_request INFO     Unknown ELM command: '01341', header=7E0
2024-10-07 23:20:03,199  root       handle_response DEBUG    Processing: '<writeln>?</writeln>'
2024-10-07 23:20:03,200  root       handle_response DEBUG    Write: '?\r\r>'
2024-10-07 23:20:03,200  root       run        DEBUG    Received '013C1'
2024-10-07 23:20:03,200  root       handle_request DEBUG    Handling: '013C1', header '7E0', ECU '7E0'
2024-10-07 23:20:03,200  root       handle_request DEBUG    Description: Catalyst Temperature: Bank 1 - Sensor 1, PID CATALYST_TEMP_B1S1 (013C1)
2024-10-07 23:20:03,200  root       handle_response DEBUG    Processing: '<pos_answer>04 44</pos_answer>'
2024-10-07 23:20:03,201  root       handle_response DEBUG    Write: '7E8 04 41 3C 04 44 \r\r>'
2024-10-07 23:20:03,203  root       run        DEBUG    Received '013E1'
2024-10-07 23:20:03,204  root       handle_request DEBUG    Handling: '013E1', header '7E0', ECU '7E0'
2024-10-07 23:20:03,204  root       handle_request INFO     Unknown ELM command: '013E1', header=7E0
2024-10-07 23:20:03,204  root       handle_response DEBUG    Processing: '<writeln>?</writeln>'
2024-10-07 23:20:03,204  root       handle_response DEBUG    Write: '?\r\r>'
2024-10-07 23:20:03,205  root       run        DEBUG    Received '01402'
2024-10-07 23:20:03,205  root       handle_request DEBUG    Handling: '01402', header '7E0', ECU '7E0'
2024-10-07 23:20:03,205  root       handle_request DEBUG    Description: PIDS_C, PID ELM_PIDS_C (01402)
2024-10-07 23:20:03,205  root       handle_response DEBUG    Processing: '<header>7EA</header><size>06</size><data>41 40 44 CC 00 21</data><pos_answer>7A 1C 80 00</pos_answer>'
2024-10-07 23:20:03,205  root       handle_response DEBUG    Write: '7EA 06 41 40 44 CC 00 21 \r7E8 06 41 40 7A 1C 80 00 \r\r>'
2024-10-07 23:20:03,206  root       run        DEBUG    Received '01421'
2024-10-07 23:20:03,206  root       handle_request DEBUG    Handling: '01421', header '7E0', ECU '7E0'
2024-10-07 23:20:03,206  root       handle_request DEBUG    Description: Control module voltage, PID CONTROL_MODULE_VOLTAGE (01421)
2024-10-07 23:20:03,206  root       handle_response DEBUG    Processing: '<pos_answer>39 D6</pos_answer>'
2024-10-07 23:20:03,207  root       handle_response DEBUG    Write: '7E8 04 41 42 39 D6 \r\r>'
2024-10-07 23:20:03,207  root       run        DEBUG    Received '01431'
2024-10-07 23:20:03,207  root       handle_request DEBUG    Handling: '01431', header '7E0', ECU '7E0'
2024-10-07 23:20:03,208  root       handle_request INFO     Unknown ELM command: '01431', header=7E0
2024-10-07 23:20:03,208  root       handle_response DEBUG    Processing: '<writeln>?</writeln>'
2024-10-07 23:20:03,208  root       handle_response DEBUG    Write: '?\r\r>'
2024-10-07 23:20:03,209  root       run        DEBUG    Received '01441'
2024-10-07 23:20:03,209  root       handle_request DEBUG    Handling: '01441', header '7E0', ECU '7E0'
2024-10-07 23:20:03,209  root       handle_request INFO     Unknown ELM command: '01441', header=7E0
2024-10-07 23:20:03,209  root       handle_response DEBUG    Processing: '<writeln>?</writeln>'
2024-10-07 23:20:03,209  root       handle_response DEBUG    Write: '?\r\r>'
2024-10-07 23:20:03,210  root       run        DEBUG    Received '01451'
2024-10-07 23:20:03,210  root       handle_request DEBUG    Handling: '01451', header '7E0', ECU '7E0'
2024-10-07 23:20:03,210  root       handle_request INFO     Unknown ELM command: '01451', header=7E0
2024-10-07 23:20:03,211  root       handle_response DEBUG    Processing: '<writeln>?</writeln>'
2024-10-07 23:20:03,211  root       handle_response DEBUG    Write: '?\r\r>'
2024-10-07 23:20:03,211  root       run        DEBUG    Received '01471'
2024-10-07 23:20:03,211  root       handle_request DEBUG    Handling: '01471', header '7E0', ECU '7E0'
2024-10-07 23:20:03,212  root       handle_request INFO     Unknown ELM command: '01471', header=7E0
2024-10-07 23:20:03,212  root       handle_response DEBUG    Processing: '<writeln>?</writeln>'
2024-10-07 23:20:03,212  root       handle_response DEBUG    Write: '?\r\r>'
2024-10-07 23:20:03,213  root       run        DEBUG    Received '014C1'
2024-10-07 23:20:03,213  root       handle_request DEBUG    Handling: '014C1', header '7E0', ECU '7E0'
2024-10-07 23:20:03,213  root       handle_request DEBUG    Description: Commanded throttle actuator, PID THROTTLE_ACTUATOR (014C1)
2024-10-07 23:20:03,213  root       handle_response DEBUG    Processing: '<pos_answer>00</pos_answer>'
2024-10-07 23:20:03,213  root       handle_response DEBUG    Write: '7E8 03 41 4C 00 \r\r>'
2024-10-07 23:20:03,214  root       run        DEBUG    Received '014D1'
2024-10-07 23:20:03,214  root       handle_request DEBUG    Handling: '014D1', header '7E0', ECU '7E0'
2024-10-07 23:20:03,214  root       handle_request DEBUG    Description: Time run with MIL on, PID RUN_TIME_MIL (014D1)
2024-10-07 23:20:03,214  root       handle_response DEBUG    Processing: '<pos_answer>00 00</pos_answer>'
2024-10-07 23:20:03,215  root       handle_response DEBUG    Write: '7E8 04 41 4D 00 00 \r\r>'
2024-10-07 23:20:03,215  root       run        DEBUG    Received '014E1'
2024-10-07 23:20:03,215  root       handle_request DEBUG    Handling: '014E1', header '7E0', ECU '7E0'
2024-10-07 23:20:03,216  root       handle_request DEBUG    Description: Time since trouble codes cleared, PID TIME_SINCE_DTC_CLEARED (014E1)
2024-10-07 23:20:03,216  root       handle_response DEBUG    Processing: '<pos_answer>4C 69</pos_answer>'
2024-10-07 23:20:03,216  root       handle_response DEBUG    Write: '7E8 04 41 4E 4C 69 \r\r>'
2024-10-07 23:20:03,217  root       run        DEBUG    Received '01511'
2024-10-07 23:20:03,217  root       handle_request DEBUG    Handling: '01511', header '7E0', ECU '7E0'
2024-10-07 23:20:03,217  root       handle_request DEBUG    Description: Fuel Type, PID FUEL_TYPE (01511)
2024-10-07 23:20:03,217  root       handle_response DEBUG    Processing: '<pos_answer>01</pos_answer>'
2024-10-07 23:20:03,218  root       handle_response DEBUG    Write: '7E8 03 41 51 01 \r\r>'
2024-10-07 23:20:04,535  root       run        DEBUG    Received '01011'
2024-10-07 23:20:04,535  root       handle_request DEBUG    Handling: '01011', header '7E0', ECU '7E0'
2024-10-07 23:20:04,536  root       handle_request INFO     Unknown ELM command: '01011', header=7E0
2024-10-07 23:20:04,536  root       handle_response DEBUG    Processing: '<writeln>?</writeln>'
2024-10-07 23:20:04,536  root       handle_response DEBUG    Write: '?\r\r>'
2024-10-07 23:20:04,541  root       run        DEBUG    Received '01031'
2024-10-07 23:20:04,542  root       handle_request DEBUG    Handling: '01031', header '7E0', ECU '7E0'
2024-10-07 23:20:04,542  root       handle_request DEBUG    Description: Fuel System Status, PID FUEL_STATUS (01031)
2024-10-07 23:20:04,542  root       handle_response DEBUG    Processing: '<pos_answer>00 00</pos_answer>'
2024-10-07 23:20:04,543  root       handle_response DEBUG    Write: '7E8 04 41 03 00 00 \r\r>'
2024-10-07 23:20:04,544  root       run        DEBUG    Received '01041'
2024-10-07 23:20:04,544  root       handle_request DEBUG    Handling: '01041', header '7E0', ECU '7E0'
2024-10-07 23:20:04,545  root       handle_request DEBUG    Description: Calculated Engine Load, PID ENGINE_LOAD (01041)
2024-10-07 23:20:04,545  root       handle_response DEBUG    Processing: '<pos_answer>00</pos_answer>'
2024-10-07 23:20:04,545  root       handle_response DEBUG    Write: '7E8 03 41 04 00 \r\r>'
2024-10-07 23:20:04,547  root       run        DEBUG    Received '01051'
2024-10-07 23:20:04,547  root       handle_request DEBUG    Handling: '01051', header '7E0', ECU '7E0'
2024-10-07 23:20:04,548  root       handle_request DEBUG    Description: Engine Coolant Temperature, PID COOLANT_TEMP (01051)
2024-10-07 23:20:04,548  root       handle_response DEBUG    Processing: '<pos_answer>7B</pos_answer>'
2024-10-07 23:20:04,549  root       handle_response DEBUG    Write: '7E8 03 41 05 7B \r\r>'
2024-10-07 23:20:04,550  root       run        DEBUG    Received '01061'
2024-10-07 23:20:04,551  root       handle_request DEBUG    Handling: '01061', header '7E0', ECU '7E0'
2024-10-07 23:20:04,552  root       handle_request INFO     Unknown ELM command: '01061', header=7E0
2024-10-07 23:20:04,553  root       handle_response DEBUG    Processing: '<writeln>?</writeln>'
2024-10-07 23:20:04,553  root       handle_response DEBUG    Write: '?\r\r>'
2024-10-07 23:20:04,555  root       run        DEBUG    Received '01071'
2024-10-07 23:20:04,555  root       handle_request DEBUG    Handling: '01071', header '7E0', ECU '7E0'
2024-10-07 23:20:04,557  root       handle_request INFO     Unknown ELM command: '01071', header=7E0
2024-10-07 23:20:04,557  root       handle_response DEBUG    Processing: '<writeln>?</writeln>'
2024-10-07 23:20:04,558  root       handle_response DEBUG    Write: '?\r\r>'
2024-10-07 23:20:04,559  root       run        DEBUG    Received '010B1'
2024-10-07 23:20:04,560  root       handle_request DEBUG    Handling: '010B1', header '7E0', ECU '7E0'
2024-10-07 23:20:04,560  root       handle_request DEBUG    Description: Intake Manifold Pressure, PID INTAKE_PRESSURE (010B1)
2024-10-07 23:20:04,560  root       handle_response DEBUG    Processing: '<pos_answer>73</pos_answer>'
2024-10-07 23:20:04,561  root       handle_response DEBUG    Write: '7E8 03 41 0B 73 \r\r>'
2024-10-07 23:20:04,564  root       run        DEBUG    Received '010C2'
2024-10-07 23:20:04,564  root       handle_request DEBUG    Handling: '010C2', header '7E0', ECU '7E0'
2024-10-07 23:20:04,565  root       handle_request DEBUG    Description: Engine RPM, PID RPM (010C2)
2024-10-07 23:20:04,565  root       handle_response DEBUG    Processing: '<pos_answer>3E 30</pos_answer> <header>7EA</header><size>04</size><data>41 0C 3E 30</data>'
2024-10-07 23:20:04,566  root       handle_response DEBUG    Write: '7E8 04 41 0C 3E 30 \r7EA 04 41 0C 3E 30 \r\r>'
2024-10-07 23:20:04,567  root       run        DEBUG    Received '010D2'
2024-10-07 23:20:04,567  root       handle_request DEBUG    Handling: '010D2', header '7E0', ECU '7E0'
2024-10-07 23:20:04,568  root       handle_request DEBUG    Description: Vehicle Speed, PID SPEED (010D2)
2024-10-07 23:20:04,569  root       handle_response DEBUG    Processing: '<pos_answer>2C</pos_answer> <header>7EA</header><size>03</size><data>41 0D 2C</data>'
2024-10-07 23:20:04,569  root       handle_response DEBUG    Write: '7E8 03 41 0D 2C \r7EA 03 41 0D 2C \r\r>'
2024-10-07 23:20:04,571  root       run        DEBUG    Received '010E1'
2024-10-07 23:20:04,571  root       handle_request DEBUG    Handling: '010E1', header '7E0', ECU '7E0'
2024-10-07 23:20:04,573  root       handle_request INFO     Unknown ELM command: '010E1', header=7E0
2024-10-07 23:20:04,573  root       handle_response DEBUG    Processing: '<writeln>?</writeln>'
2024-10-07 23:20:04,574  root       handle_response DEBUG    Write: '?\r\r>'
2024-10-07 23:20:04,575  root       run        DEBUG    Received '010F1'
2024-10-07 23:20:04,575  root       handle_request DEBUG    Handling: '010F1', header '7E0', ECU '7E0'
2024-10-07 23:20:04,576  root       handle_request DEBUG    Description: Intake Air Temp, PID INTAKE_TEMP (010F1)
2024-10-07 23:20:04,576  root       handle_response DEBUG    Processing: '<pos_answer>44</pos_answer>'
2024-10-07 23:20:04,577  root       handle_response DEBUG    Write: '7E8 03 41 0F 44 \r\r>'
2024-10-07 23:20:04,578  root       run        DEBUG    Received '01101'
2024-10-07 23:20:04,579  root       handle_request DEBUG    Handling: '01101', header '7E0', ECU '7E0'
2024-10-07 23:20:04,579  root       handle_request DEBUG    Description: Air Flow Rate (MAF), PID MAF (01101)
2024-10-07 23:20:04,579  root       handle_response DEBUG    Processing: '<pos_answer>05 1F</pos_answer>'
2024-10-07 23:20:04,580  root       handle_response DEBUG    Write: '7E8 04 41 10 05 1F \r\r>'
2024-10-07 23:20:04,581  root       run        DEBUG    Received '01111'
2024-10-07 23:20:04,582  root       handle_request DEBUG    Handling: '01111', header '7E0', ECU '7E0'
2024-10-07 23:20:04,582  root       handle_request DEBUG    Description: Throttle Position, PID THROTTLE_POS (01111)
2024-10-07 23:20:04,582  root       handle_response DEBUG    Processing: '<pos_answer>FF</pos_answer>'
2024-10-07 23:20:04,583  root       handle_response DEBUG    Write: '7E8 03 41 11 FF \r\r>'
2024-10-07 23:20:04,584  root       run        DEBUG    Received '01131'
2024-10-07 23:20:04,585  root       handle_request DEBUG    Handling: '01131', header '7E0', ECU '7E0'
2024-10-07 23:20:04,587  root       handle_request INFO     Unknown ELM command: '01131', header=7E0
2024-10-07 23:20:04,587  root       handle_response DEBUG    Processing: '<writeln>?</writeln>'
2024-10-07 23:20:04,587  root       handle_response DEBUG    Write: '?\r\r>'
2024-10-07 23:20:04,589  root       run        DEBUG    Received '01151'
2024-10-07 23:20:04,589  root       handle_request DEBUG    Handling: '01151', header '7E0', ECU '7E0'
2024-10-07 23:20:04,590  root       handle_request INFO     Unknown ELM command: '01151', header=7E0
2024-10-07 23:20:04,591  root       handle_response DEBUG    Processing: '<writeln>?</writeln>'
2024-10-07 23:20:04,591  root       handle_response DEBUG    Write: '?\r\r>'
2024-10-07 23:20:04,592  root       run        DEBUG    Received '011C1'
2024-10-07 23:20:04,592  root       handle_request DEBUG    Handling: '011C1', header '7E0', ECU '7E0'
2024-10-07 23:20:04,593  root       handle_request DEBUG    Description: OBD Standards Compliance, PID OBD_COMPLIANCE (011C1)
2024-10-07 23:20:04,593  root       handle_response DEBUG    Processing: '<pos_answer>06</pos_answer>'
2024-10-07 23:20:04,593  root       handle_response DEBUG    Write: '7E8 03 41 1C 06 \r\r>'
2024-10-07 23:20:04,594  root       run        DEBUG    Received '011F1'
2024-10-07 23:20:04,595  root       handle_request DEBUG    Handling: '011F1', header '7E0', ECU '7E0'
2024-10-07 23:20:04,595  root       handle_request DEBUG    Description: Engine Run Time, PID RUN_TIME (011F1)
2024-10-07 23:20:04,595  root       handle_response DEBUG    Processing: '<pos_answer>00 8C</pos_answer>'
2024-10-07 23:20:04,596  root       handle_response DEBUG    Write: '7E8 04 41 1F 00 8C \r\r>'
2024-10-07 23:20:04,597  root       run        DEBUG    Received '01202'
2024-10-07 23:20:04,597  root       handle_request DEBUG    Handling: '01202', header '7E0', ECU '7E0'
2024-10-07 23:20:04,598  root       handle_request DEBUG    Description: PIDS_B, PID ELM_PIDS_B (01202)
2024-10-07 23:20:04,598  root       handle_response DEBUG    Processing: '<header>7EA</header><size>06</size><data>41 20 80 01 A0 01</data><pos_answer>90 15 B0 15</pos_answer>'
2024-10-07 23:20:04,598  root       handle_response DEBUG    Write: '7EA 06 41 20 80 01 A0 01 \r7E8 06 41 20 90 15 B0 15 \r\r>'
2024-10-07 23:20:04,599  root       run        DEBUG    Received '01211'
2024-10-07 23:20:04,599  root       handle_request DEBUG    Handling: '01211', header '7E0', ECU '7E0'
2024-10-07 23:20:04,599  root       handle_request DEBUG    Description: Distance Traveled with MIL on, PID DISTANCE_W_MIL (01211)
2024-10-07 23:20:04,599  root       handle_response DEBUG    Processing: '<pos_answer>00 00</pos_answer>'
2024-10-07 23:20:04,600  root       handle_response DEBUG    Write: '7E8 04 41 21 00 00 \r\r>'
2024-10-07 23:20:04,600  root       run        DEBUG    Received '01241'
2024-10-07 23:20:04,600  root       handle_request DEBUG    Handling: '01241', header '7E0', ECU '7E0'
2024-10-07 23:20:04,601  root       handle_request INFO     Unknown ELM command: '01241', header=7E0
2024-10-07 23:20:04,601  root       handle_response DEBUG    Processing: '<writeln>?</writeln>'
2024-10-07 23:20:04,601  root       handle_response DEBUG    Write: '?\r\r>'
2024-10-07 23:20:04,602  root       run        DEBUG    Received '012C1'
2024-10-07 23:20:04,602  root       handle_request DEBUG    Handling: '012C1', header '7E0', ECU '7E0'
2024-10-07 23:20:04,602  root       handle_request DEBUG    Description: Commanded EGR, PID COMMANDED_EGR (012C1)
2024-10-07 23:20:04,602  root       handle_response DEBUG    Processing: '<pos_answer>0D</pos_answer>'
2024-10-07 23:20:04,603  root       handle_response DEBUG    Write: '7E8 03 41 2C 0D \r\r>'
2024-10-07 23:20:04,603  root       run        DEBUG    Received '012E1'
2024-10-07 23:20:04,604  root       handle_request DEBUG    Handling: '012E1', header '7E0', ECU '7E0'
2024-10-07 23:20:04,604  root       handle_request INFO     Unknown ELM command: '012E1', header=7E0
2024-10-07 23:20:04,604  root       handle_response DEBUG    Processing: '<writeln>?</writeln>'
2024-10-07 23:20:04,604  root       handle_response DEBUG    Write: '?\r\r>'
2024-10-07 23:20:04,605  root       run        DEBUG    Received '01301'
2024-10-07 23:20:04,605  root       handle_request DEBUG    Handling: '01301', header '7E0', ECU '7E0'
2024-10-07 23:20:04,605  root       handle_request INFO     Unknown ELM command: '01301', header=7E0
2024-10-07 23:20:04,606  root       handle_response DEBUG    Processing: '<writeln>?</writeln>'
2024-10-07 23:20:04,606  root       handle_response DEBUG    Write: '?\r\r>'
2024-10-07 23:20:04,606  root       run        DEBUG    Received '01311'
2024-10-07 23:20:04,606  root       handle_request DEBUG    Handling: '01311', header '7E0', ECU '7E0'
2024-10-07 23:20:04,606  root       handle_request DEBUG    Description: Distance traveled since codes cleared, PID DISTANCE_SINCE_DTC_CLEAR (01311)
2024-10-07 23:20:04,607  root       handle_response DEBUG    Processing: '<pos_answer>C8 1F</pos_answer>'
2024-10-07 23:20:04,607  root       handle_response DEBUG    Write: '7E8 04 41 31 C8 1F \r\r>'
2024-10-07 23:20:04,607  root       run        DEBUG    Received '01331'
2024-10-07 23:20:04,607  root       handle_request DEBUG    Handling: '01331', header '7E0', ECU '7E0'
2024-10-07 23:20:04,608  root       handle_request DEBUG    Description: Barometric Pressure, PID BAROMETRIC_PRESSURE (01331)
2024-10-07 23:20:04,608  root       handle_response DEBUG    Processing: '<pos_answer>65</pos_answer>'
2024-10-07 23:20:04,608  root       handle_response DEBUG    Write: '7E8 03 41 33 65 \r\r>'
2024-10-07 23:20:04,608  root       run        DEBUG    Received '01341'
2024-10-07 23:20:04,608  root       handle_request DEBUG    Handling: '01341', header '7E0', ECU '7E0'
2024-10-07 23:20:04,609  root       handle_request INFO     Unknown ELM command: '01341', header=7E0
2024-10-07 23:20:04,609  root       handle_response DEBUG    Processing: '<writeln>?</writeln>'
2024-10-07 23:20:04,609  root       handle_response DEBUG    Write: '?\r\r>'
2024-10-07 23:20:04,610  root       run        DEBUG    Received '013C1'
2024-10-07 23:20:04,610  root       handle_request DEBUG    Handling: '013C1', header '7E0', ECU '7E0'
2024-10-07 23:20:04,610  root       handle_request DEBUG    Description: Catalyst Temperature: Bank 1 - Sensor 1, PID CATALYST_TEMP_B1S1 (013C1)
2024-10-07 23:20:04,610  root       handle_response DEBUG    Processing: '<pos_answer>04 44</pos_answer>'
2024-10-07 23:20:04,610  root       handle_response DEBUG    Write: '7E8 04 41 3C 04 44 \r\r>'
2024-10-07 23:20:04,612  root       run        DEBUG    Received '013E1'
2024-10-07 23:20:04,612  root       handle_request DEBUG    Handling: '013E1', header '7E0', ECU '7E0'
2024-10-07 23:20:04,613  root       handle_request INFO     Unknown ELM command: '013E1', header=7E0
2024-10-07 23:20:04,613  root       handle_response DEBUG    Processing: '<writeln>?</writeln>'
2024-10-07 23:20:04,613  root       handle_response DEBUG    Write: '?\r\r>'
2024-10-07 23:20:04,614  root       run        DEBUG    Received '01402'
2024-10-07 23:20:04,614  root       handle_request DEBUG    Handling: '01402', header '7E0', ECU '7E0'
2024-10-07 23:20:04,614  root       handle_request DEBUG    Description: PIDS_C, PID ELM_PIDS_C (01402)
2024-10-07 23:20:04,614  root       handle_response DEBUG    Processing: '<header>7EA</header><size>06</size><data>41 40 44 CC 00 21</data><pos_answer>7A 1C 80 00</pos_answer>'
2024-10-07 23:20:04,614  root       handle_response DEBUG    Write: '7EA 06 41 40 44 CC 00 21 \r7E8 06 41 40 7A 1C 80 00 \r\r>'
2024-10-07 23:20:04,615  root       run        DEBUG    Received '01421'
2024-10-07 23:20:04,615  root       handle_request DEBUG    Handling: '01421', header '7E0', ECU '7E0'
2024-10-07 23:20:04,615  root       handle_request DEBUG    Description: Control module voltage, PID CONTROL_MODULE_VOLTAGE (01421)
2024-10-07 23:20:04,615  root       handle_response DEBUG    Processing: '<pos_answer>39 D6</pos_answer>'
2024-10-07 23:20:04,616  root       handle_response DEBUG    Write: '7E8 04 41 42 39 D6 \r\r>'
2024-10-07 23:20:04,616  root       run        DEBUG    Received '01431'
2024-10-07 23:20:04,616  root       handle_request DEBUG    Handling: '01431', header '7E0', ECU '7E0'
2024-10-07 23:20:04,617  root       handle_request INFO     Unknown ELM command: '01431', header=7E0
2024-10-07 23:20:04,617  root       handle_response DEBUG    Processing: '<writeln>?</writeln>'
2024-10-07 23:20:04,617  root       handle_response DEBUG    Write: '?\r\r>'
2024-10-07 23:20:04,618  root       run        DEBUG    Received '01441'
2024-10-07 23:20:04,618  root       handle_request DEBUG    Handling: '01441', header '7E0', ECU '7E0'
2024-10-07 23:20:04,618  root       handle_request INFO     Unknown ELM command: '01441', header=7E0
2024-10-07 23:20:04,618  root       handle_response DEBUG    Processing: '<writeln>?</writeln>'
2024-10-07 23:20:04,619  root       handle_response DEBUG    Write: '?\r\r>'
2024-10-07 23:20:04,619  root       run        DEBUG    Received '01451'
2024-10-07 23:20:04,619  root       handle_request DEBUG    Handling: '01451', header '7E0', ECU '7E0'
2024-10-07 23:20:04,620  root       handle_request INFO     Unknown ELM command: '01451', header=7E0
2024-10-07 23:20:04,620  root       handle_response DEBUG    Processing: '<writeln>?</writeln>'
2024-10-07 23:20:04,620  root       handle_response DEBUG    Write: '?\r\r>'
2024-10-07 23:20:04,621  root       run        DEBUG    Received '01471'
2024-10-07 23:20:04,621  root       handle_request DEBUG    Handling: '01471', header '7E0', ECU '7E0'
2024-10-07 23:20:04,621  root       handle_request INFO     Unknown ELM command: '01471', header=7E0
2024-10-07 23:20:04,621  root       handle_response DEBUG    Processing: '<writeln>?</writeln>'
2024-10-07 23:20:04,622  root       handle_response DEBUG    Write: '?\r\r>'
2024-10-07 23:20:04,622  root       run        DEBUG    Received '014C1'
2024-10-07 23:20:04,622  root       handle_request DEBUG    Handling: '014C1', header '7E0', ECU '7E0'
2024-10-07 23:20:04,622  root       handle_request DEBUG    Description: Commanded throttle actuator, PID THROTTLE_ACTUATOR (014C1)
2024-10-07 23:20:04,623  root       handle_response DEBUG    Processing: '<pos_answer>00</pos_answer>'
2024-10-07 23:20:04,623  root       handle_response DEBUG    Write: '7E8 03 41 4C 00 \r\r>'
2024-10-07 23:20:04,623  root       run        DEBUG    Received '014D1'
2024-10-07 23:20:04,624  root       handle_request DEBUG    Handling: '014D1', header '7E0', ECU '7E0'
2024-10-07 23:20:04,624  root       handle_request DEBUG    Description: Time run with MIL on, PID RUN_TIME_MIL (014D1)
2024-10-07 23:20:04,624  root       handle_response DEBUG    Processing: '<pos_answer>00 00</pos_answer>'
2024-10-07 23:20:04,624  root       handle_response DEBUG    Write: '7E8 04 41 4D 00 00 \r\r>'
2024-10-07 23:20:04,625  root       run        DEBUG    Received '014E1'
2024-10-07 23:20:04,625  root       handle_request DEBUG    Handling: '014E1', header '7E0', ECU '7E0'
2024-10-07 23:20:04,625  root       handle_request DEBUG    Description: Time since trouble codes cleared, PID TIME_SINCE_DTC_CLEARED (014E1)
2024-10-07 23:20:04,625  root       handle_response DEBUG    Processing: '<pos_answer>4C 69</pos_answer>'
2024-10-07 23:20:04,625  root       handle_response DEBUG    Write: '7E8 04 41 4E 4C 69 \r\r>'
2024-10-07 23:20:04,626  root       run        DEBUG    Received '01511'
2024-10-07 23:20:04,626  root       handle_request DEBUG    Handling: '01511', header '7E0', ECU '7E0'
2024-10-07 23:20:04,626  root       handle_request DEBUG    Description: Fuel Type, PID FUEL_TYPE (01511)
2024-10-07 23:20:04,626  root       handle_response DEBUG    Processing: '<pos_answer>01</pos_answer>'
2024-10-07 23:20:04,627  root       handle_response DEBUG    Write: '7E8 03 41 51 01 \r\r>'
2024-10-07 23:20:04,878  root       run        DEBUG    Received '01011'
2024-10-07 23:20:04,879  root       handle_request DEBUG    Handling: '01011', header '7E0', ECU '7E0'
2024-10-07 23:20:04,881  root       handle_request INFO     Unknown ELM command: '01011', header=7E0
2024-10-07 23:20:04,881  root       handle_response DEBUG    Processing: '<writeln>?</writeln>'
2024-10-07 23:20:04,882  root       handle_response DEBUG    Write: '?\r\r>'
2024-10-07 23:20:04,891  root       run        DEBUG    Received '01031'
2024-10-07 23:20:04,891  root       handle_request DEBUG    Handling: '01031', header '7E0', ECU '7E0'
2024-10-07 23:20:04,892  root       handle_request DEBUG    Description: Fuel System Status, PID FUEL_STATUS (01031)
2024-10-07 23:20:04,892  root       handle_response DEBUG    Processing: '<pos_answer>00 00</pos_answer>'
2024-10-07 23:20:04,893  root       handle_response DEBUG    Write: '7E8 04 41 03 00 00 \r\r>'
2024-10-07 23:20:04,895  root       run        DEBUG    Received '01041'
2024-10-07 23:20:04,895  root       handle_request DEBUG    Handling: '01041', header '7E0', ECU '7E0'
2024-10-07 23:20:04,896  root       handle_request DEBUG    Description: Calculated Engine Load, PID ENGINE_LOAD (01041)
2024-10-07 23:20:04,896  root       handle_response DEBUG    Processing: '<pos_answer>00</pos_answer>'
2024-10-07 23:20:04,897  root       handle_response DEBUG    Write: '7E8 03 41 04 00 \r\r>'
2024-10-07 23:20:04,899  root       run        DEBUG    Received '01051'
2024-10-07 23:20:04,899  root       handle_request DEBUG    Handling: '01051', header '7E0', ECU '7E0'
2024-10-07 23:20:04,900  root       handle_request DEBUG    Description: Engine Coolant Temperature, PID COOLANT_TEMP (01051)
2024-10-07 23:20:04,900  root       handle_response DEBUG    Processing: '<pos_answer>7B</pos_answer>'
2024-10-07 23:20:04,901  root       handle_response DEBUG    Write: '7E8 03 41 05 7B \r\r>'
2024-10-07 23:20:04,903  root       run        DEBUG    Received '01061'
2024-10-07 23:20:04,903  root       handle_request DEBUG    Handling: '01061', header '7E0', ECU '7E0'
2024-10-07 23:20:04,905  root       handle_request INFO     Unknown ELM command: '01061', header=7E0
2024-10-07 23:20:04,905  root       handle_response DEBUG    Processing: '<writeln>?</writeln>'
2024-10-07 23:20:04,906  root       handle_response DEBUG    Write: '?\r\r>'
2024-10-07 23:20:04,908  root       run        DEBUG    Received '01071'
2024-10-07 23:20:04,908  root       handle_request DEBUG    Handling: '01071', header '7E0', ECU '7E0'
2024-10-07 23:20:04,910  root       handle_request INFO     Unknown ELM command: '01071', header=7E0
2024-10-07 23:20:04,910  root       handle_response DEBUG    Processing: '<writeln>?</writeln>'
2024-10-07 23:20:04,911  root       handle_response DEBUG    Write: '?\r\r>'
2024-10-07 23:20:04,912  root       run        DEBUG    Received '010B1'
2024-10-07 23:20:04,912  root       handle_request DEBUG    Handling: '010B1', header '7E0', ECU '7E0'
2024-10-07 23:20:04,913  root       handle_request DEBUG    Description: Intake Manifold Pressure, PID INTAKE_PRESSURE (010B1)
2024-10-07 23:20:04,913  root       handle_response DEBUG    Processing: '<pos_answer>73</pos_answer>'
2024-10-07 23:20:04,914  root       handle_response DEBUG    Write: '7E8 03 41 0B 73 \r\r>'
2024-10-07 23:20:04,915  root       run        DEBUG    Received '010C2'
2024-10-07 23:20:04,916  root       handle_request DEBUG    Handling: '010C2', header '7E0', ECU '7E0'
2024-10-07 23:20:04,916  root       handle_request DEBUG    Description: Engine RPM, PID RPM (010C2)
2024-10-07 23:20:04,917  root       handle_response DEBUG    Processing: '<pos_answer>3E 80</pos_answer> <header>7EA</header><size>04</size><data>41 0C 3E 80</data>'
2024-10-07 23:20:04,917  root       handle_response DEBUG    Write: '7E8 04 41 0C 3E 80 \r7EA 04 41 0C 3E 80 \r\r>'
2024-10-07 23:20:04,919  root       run        DEBUG    Received '010D2'
2024-10-07 23:20:04,920  root       handle_request DEBUG    Handling: '010D2', header '7E0', ECU '7E0'
2024-10-07 23:20:04,920  root       handle_request DEBUG    Description: Vehicle Speed, PID SPEED (010D2)
2024-10-07 23:20:04,921  root       handle_response DEBUG    Processing: '<pos_answer>28</pos_answer> <header>7EA</header><size>03</size><data>41 0D 28</data>'
2024-10-07 23:20:04,921  root       handle_response DEBUG    Write: '7E8 03 41 0D 28 \r7EA 03 41 0D 28 \r\r>'
2024-10-07 23:20:04,923  root       run        DEBUG    Received '010E1'
2024-10-07 23:20:04,924  root       handle_request DEBUG    Handling: '010E1', header '7E0', ECU '7E0'
2024-10-07 23:20:04,925  root       handle_request INFO     Unknown ELM command: '010E1', header=7E0
2024-10-07 23:20:04,925  root       handle_response DEBUG    Processing: '<writeln>?</writeln>'
2024-10-07 23:20:04,926  root       handle_response DEBUG    Write: '?\r\r>'
2024-10-07 23:20:04,928  root       run        DEBUG    Received '010F1'
2024-10-07 23:20:04,928  root       handle_request DEBUG    Handling: '010F1', header '7E0', ECU '7E0'
2024-10-07 23:20:04,929  root       handle_request DEBUG    Description: Intake Air Temp, PID INTAKE_TEMP (010F1)
2024-10-07 23:20:04,929  root       handle_response DEBUG    Processing: '<pos_answer>44</pos_answer>'
2024-10-07 23:20:04,930  root       handle_response DEBUG    Write: '7E8 03 41 0F 44 \r\r>'
2024-10-07 23:20:04,932  root       run        DEBUG    Received '01101'
2024-10-07 23:20:04,932  root       handle_request DEBUG    Handling: '01101', header '7E0', ECU '7E0'
2024-10-07 23:20:04,933  root       handle_request DEBUG    Description: Air Flow Rate (MAF), PID MAF (01101)
2024-10-07 23:20:04,933  root       handle_response DEBUG    Processing: '<pos_answer>05 1F</pos_answer>'
2024-10-07 23:20:04,934  root       handle_response DEBUG    Write: '7E8 04 41 10 05 1F \r\r>'
2024-10-07 23:20:04,936  root       run        DEBUG    Received '01111'
2024-10-07 23:20:04,936  root       handle_request DEBUG    Handling: '01111', header '7E0', ECU '7E0'
2024-10-07 23:20:04,937  root       handle_request DEBUG    Description: Throttle Position, PID THROTTLE_POS (01111)
2024-10-07 23:20:04,937  root       handle_response DEBUG    Processing: '<pos_answer>FF</pos_answer>'
2024-10-07 23:20:04,938  root       handle_response DEBUG    Write: '7E8 03 41 11 FF \r\r>'
2024-10-07 23:20:04,939  root       run        DEBUG    Received '01131'
2024-10-07 23:20:04,940  root       handle_request DEBUG    Handling: '01131', header '7E0', ECU '7E0'
2024-10-07 23:20:04,941  root       handle_request INFO     Unknown ELM command: '01131', header=7E0
2024-10-07 23:20:04,942  root       handle_response DEBUG    Processing: '<writeln>?</writeln>'
2024-10-07 23:20:04,942  root       handle_response DEBUG    Write: '?\r\r>'
2024-10-07 23:20:04,943  root       run        DEBUG    Received '01151'
2024-10-07 23:20:04,944  root       handle_request DEBUG    Handling: '01151', header '7E0', ECU '7E0'
2024-10-07 23:20:04,945  root       handle_request INFO     Unknown ELM command: '01151', header=7E0
2024-10-07 23:20:04,946  root       handle_response DEBUG    Processing: '<writeln>?</writeln>'
2024-10-07 23:20:04,946  root       handle_response DEBUG    Write: '?\r\r>'
2024-10-07 23:20:04,948  root       run        DEBUG    Received '011C1'
2024-10-07 23:20:04,948  root       handle_request DEBUG    Handling: '011C1', header '7E0', ECU '7E0'
2024-10-07 23:20:04,949  root       handle_request DEBUG    Description: OBD Standards Compliance, PID OBD_COMPLIANCE (011C1)
2024-10-07 23:20:04,949  root       handle_response DEBUG    Processing: '<pos_answer>06</pos_answer>'
2024-10-07 23:20:04,950  root       handle_response DEBUG    Write: '7E8 03 41 1C 06 \r\r>'
2024-10-07 23:20:04,951  root       run        DEBUG    Received '011F1'
2024-10-07 23:20:04,952  root       handle_request DEBUG    Handling: '011F1', header '7E0', ECU '7E0'
2024-10-07 23:20:04,953  root       handle_request DEBUG    Description: Engine Run Time, PID RUN_TIME (011F1)
2024-10-07 23:20:04,953  root       handle_response DEBUG    Processing: '<pos_answer>00 8C</pos_answer>'
2024-10-07 23:20:04,954  root       handle_response DEBUG    Write: '7E8 04 41 1F 00 8C \r\r>'
2024-10-07 23:20:04,955  root       run        DEBUG    Received '01202'
2024-10-07 23:20:04,956  root       handle_request DEBUG    Handling: '01202', header '7E0', ECU '7E0'
2024-10-07 23:20:04,956  root       handle_request DEBUG    Description: PIDS_B, PID ELM_PIDS_B (01202)
2024-10-07 23:20:04,957  root       handle_response DEBUG    Processing: '<header>7EA</header><size>06</size><data>41 20 80 01 A0 01</data><pos_answer>90 15 B0 15</pos_answer>'
2024-10-07 23:20:04,957  root       handle_response DEBUG    Write: '7EA 06 41 20 80 01 A0 01 \r7E8 06 41 20 90 15 B0 15 \r\r>'
2024-10-07 23:20:04,959  root       run        DEBUG    Received '01211'
2024-10-07 23:20:04,959  root       handle_request DEBUG    Handling: '01211', header '7E0', ECU '7E0'
2024-10-07 23:20:04,959  root       handle_request DEBUG    Description: Distance Traveled with MIL on, PID DISTANCE_W_MIL (01211)
2024-10-07 23:20:04,960  root       handle_response DEBUG    Processing: '<pos_answer>00 00</pos_answer>'
2024-10-07 23:20:04,960  root       handle_response DEBUG    Write: '7E8 04 41 21 00 00 \r\r>'
2024-10-07 23:20:04,962  root       run        DEBUG    Received '01241'
2024-10-07 23:20:04,962  root       handle_request DEBUG    Handling: '01241', header '7E0', ECU '7E0'
2024-10-07 23:20:04,963  root       handle_request INFO     Unknown ELM command: '01241', header=7E0
2024-10-07 23:20:04,964  root       handle_response DEBUG    Processing: '<writeln>?</writeln>'
2024-10-07 23:20:04,964  root       handle_response DEBUG    Write: '?\r\r>'
2024-10-07 23:20:04,965  root       run        DEBUG    Received '012C1'
2024-10-07 23:20:04,966  root       handle_request DEBUG    Handling: '012C1', header '7E0', ECU '7E0'
2024-10-07 23:20:04,966  root       handle_request DEBUG    Description: Commanded EGR, PID COMMANDED_EGR (012C1)
2024-10-07 23:20:04,967  root       handle_response DEBUG    Processing: '<pos_answer>0D</pos_answer>'
2024-10-07 23:20:04,967  root       handle_response DEBUG    Write: '7E8 03 41 2C 0D \r\r>'
2024-10-07 23:20:04,969  root       run        DEBUG    Received '012E1'
2024-10-07 23:20:04,970  root       handle_request DEBUG    Handling: '012E1', header '7E0', ECU '7E0'
2024-10-07 23:20:04,971  root       handle_request INFO     Unknown ELM command: '012E1', header=7E0
2024-10-07 23:20:04,972  root       handle_response DEBUG    Processing: '<writeln>?</writeln>'
2024-10-07 23:20:04,972  root       handle_response DEBUG    Write: '?\r\r>'
2024-10-07 23:20:04,974  root       run        DEBUG    Received '01301'
2024-10-07 23:20:04,974  root       handle_request DEBUG    Handling: '01301', header '7E0', ECU '7E0'
2024-10-07 23:20:04,975  root       handle_request INFO     Unknown ELM command: '01301', header=7E0
2024-10-07 23:20:04,976  root       handle_response DEBUG    Processing: '<writeln>?</writeln>'
2024-10-07 23:20:04,976  root       handle_response DEBUG    Write: '?\r\r>'
2024-10-07 23:20:04,978  root       run        DEBUG    Received '01311'
2024-10-07 23:20:04,978  root       handle_request DEBUG    Handling: '01311', header '7E0', ECU '7E0'
2024-10-07 23:20:04,979  root       handle_request DEBUG    Description: Distance traveled since codes cleared, PID DISTANCE_SINCE_DTC_CLEAR (01311)
2024-10-07 23:20:04,979  root       handle_response DEBUG    Processing: '<pos_answer>C8 1F</pos_answer>'
2024-10-07 23:20:04,980  root       handle_response DEBUG    Write: '7E8 04 41 31 C8 1F \r\r>'
2024-10-07 23:20:04,981  root       run        DEBUG    Received '01331'
2024-10-07 23:20:04,982  root       handle_request DEBUG    Handling: '01331', header '7E0', ECU '7E0'
2024-10-07 23:20:04,982  root       handle_request DEBUG    Description: Barometric Pressure, PID BAROMETRIC_PRESSURE (01331)
2024-10-07 23:20:04,982  root       handle_response DEBUG    Processing: '<pos_answer>65</pos_answer>'
2024-10-07 23:20:04,983  root       handle_response DEBUG    Write: '7E8 03 41 33 65 \r\r>'
2024-10-07 23:20:04,985  root       run        DEBUG    Received '01341'
2024-10-07 23:20:04,985  root       handle_request DEBUG    Handling: '01341', header '7E0', ECU '7E0'
2024-10-07 23:20:04,987  root       handle_request INFO     Unknown ELM command: '01341', header=7E0
2024-10-07 23:20:04,987  root       handle_response DEBUG    Processing: '<writeln>?</writeln>'
2024-10-07 23:20:04,987  root       handle_response DEBUG    Write: '?\r\r>'
2024-10-07 23:20:04,989  root       run        DEBUG    Received '013C1'
2024-10-07 23:20:04,989  root       handle_request DEBUG    Handling: '013C1', header '7E0', ECU '7E0'
2024-10-07 23:20:04,990  root       handle_request DEBUG    Description: Catalyst Temperature: Bank 1 - Sensor 1, PID CATALYST_TEMP_B1S1 (013C1)
2024-10-07 23:20:04,990  root       handle_response DEBUG    Processing: '<pos_answer>04 44</pos_answer>'
2024-10-07 23:20:04,991  root       handle_response DEBUG    Write: '7E8 04 41 3C 04 44 \r\r>'
2024-10-07 23:20:04,998  root       run        DEBUG    Received '013E1'
2024-10-07 23:20:04,999  root       handle_request DEBUG    Handling: '013E1', header '7E0', ECU '7E0'
2024-10-07 23:20:04,999  root       handle_request INFO     Unknown ELM command: '013E1', header=7E0
2024-10-07 23:20:05,000  root       handle_response DEBUG    Processing: '<writeln>?</writeln>'
2024-10-07 23:20:05,000  root       handle_response DEBUG    Write: '?\r\r>'
2024-10-07 23:20:05,001  root       run        DEBUG    Received '01402'
2024-10-07 23:20:05,002  root       handle_request DEBUG    Handling: '01402', header '7E0', ECU '7E0'
2024-10-07 23:20:05,002  root       handle_request DEBUG    Description: PIDS_C, PID ELM_PIDS_C (01402)
2024-10-07 23:20:05,002  root       handle_response DEBUG    Processing: '<header>7EA</header><size>06</size><data>41 40 44 CC 00 21</data><pos_answer>7A 1C 80 00</pos_answer>'
2024-10-07 23:20:05,003  root       handle_response DEBUG    Write: '7EA 06 41 40 44 CC 00 21 \r7E8 06 41 40 7A 1C 80 00 \r\r>'
2024-10-07 23:20:05,004  root       run        DEBUG    Received '01421'
2024-10-07 23:20:05,004  root       handle_request DEBUG    Handling: '01421', header '7E0', ECU '7E0'
2024-10-07 23:20:05,004  root       handle_request DEBUG    Description: Control module voltage, PID CONTROL_MODULE_VOLTAGE (01421)
2024-10-07 23:20:05,004  root       handle_response DEBUG    Processing: '<pos_answer>39 D6</pos_answer>'
2024-10-07 23:20:05,005  root       handle_response DEBUG    Write: '7E8 04 41 42 39 D6 \r\r>'
2024-10-07 23:20:05,006  root       run        DEBUG    Received '01431'
2024-10-07 23:20:05,006  root       handle_request DEBUG    Handling: '01431', header '7E0', ECU '7E0'
2024-10-07 23:20:05,006  root       handle_request INFO     Unknown ELM command: '01431', header=7E0
2024-10-07 23:20:05,007  root       handle_response DEBUG    Processing: '<writeln>?</writeln>'
2024-10-07 23:20:05,007  root       handle_response DEBUG    Write: '?\r\r>'
2024-10-07 23:20:05,007  root       run        DEBUG    Received '01441'
2024-10-07 23:20:05,008  root       handle_request DEBUG    Handling: '01441', header '7E0', ECU '7E0'
2024-10-07 23:20:05,008  root       handle_request INFO     Unknown ELM command: '01441', header=7E0
2024-10-07 23:20:05,008  root       handle_response DEBUG    Processing: '<writeln>?</writeln>'
2024-10-07 23:20:05,008  root       handle_response DEBUG    Write: '?\r\r>'
2024-10-07 23:20:05,009  root       run        DEBUG    Received '01451'
2024-10-07 23:20:05,009  root       handle_request DEBUG    Handling: '01451', header '7E0', ECU '7E0'
2024-10-07 23:20:05,010  root       handle_request INFO     Unknown ELM command: '01451', header=7E0
2024-10-07 23:20:05,010  root       handle_response DEBUG    Processing: '<writeln>?</writeln>'
2024-10-07 23:20:05,010  root       handle_response DEBUG    Write: '?\r\r>'
2024-10-07 23:20:05,011  root       run        DEBUG    Received '01471'
2024-10-07 23:20:05,011  root       handle_request DEBUG    Handling: '01471', header '7E0', ECU '7E0'
2024-10-07 23:20:05,012  root       handle_request INFO     Unknown ELM command: '01471', header=7E0
2024-10-07 23:20:05,012  root       handle_response DEBUG    Processing: '<writeln>?</writeln>'
2024-10-07 23:20:05,012  root       handle_response DEBUG    Write: '?\r\r>'
2024-10-07 23:20:05,013  root       run        DEBUG    Received '014C1'
2024-10-07 23:20:05,013  root       handle_request DEBUG    Handling: '014C1', header '7E0', ECU '7E0'
2024-10-07 23:20:05,013  root       handle_request DEBUG    Description: Commanded throttle actuator, PID THROTTLE_ACTUATOR (014C1)
2024-10-07 23:20:05,013  root       handle_response DEBUG    Processing: '<pos_answer>00</pos_answer>'
2024-10-07 23:20:05,014  root       handle_response DEBUG    Write: '7E8 03 41 4C 00 \r\r>'
2024-10-07 23:20:05,014  root       run        DEBUG    Received '014D1'
2024-10-07 23:20:05,015  root       handle_request DEBUG    Handling: '014D1', header '7E0', ECU '7E0'
2024-10-07 23:20:05,015  root       handle_request DEBUG    Description: Time run with MIL on, PID RUN_TIME_MIL (014D1)
2024-10-07 23:20:05,015  root       handle_response DEBUG    Processing: '<pos_answer>00 00</pos_answer>'
2024-10-07 23:20:05,015  root       handle_response DEBUG    Write: '7E8 04 41 4D 00 00 \r\r>'
2024-10-07 23:20:05,016  root       run        DEBUG    Received '014E1'
2024-10-07 23:20:05,016  root       handle_request DEBUG    Handling: '014E1', header '7E0', ECU '7E0'
2024-10-07 23:20:05,016  root       handle_request DEBUG    Description: Time since trouble codes cleared, PID TIME_SINCE_DTC_CLEARED (014E1)
2024-10-07 23:20:05,016  root       handle_response DEBUG    Processing: '<pos_answer>4C 69</pos_answer>'
2024-10-07 23:20:05,017  root       handle_response DEBUG    Write: '7E8 04 41 4E 4C 69 \r\r>'
2024-10-07 23:20:05,017  root       run        DEBUG    Received '01511'
2024-10-07 23:20:05,017  root       handle_request DEBUG    Handling: '01511', header '7E0', ECU '7E0'
2024-10-07 23:20:05,018  root       handle_request DEBUG    Description: Fuel Type, PID FUEL_TYPE (01511)
2024-10-07 23:20:05,018  root       handle_response DEBUG    Processing: '<pos_answer>01</pos_answer>'
2024-10-07 23:20:05,018  root       handle_response DEBUG    Write: '7E8 03 41 51 01 \r\r>'
2024-10-07 23:21:01,826  root       run        DEBUG    Received 'ATZ'
2024-10-07 23:21:01,826  root       handle_request DEBUG    Handling: 'ATZ', header '7E0', ECU '7E0'
2024-10-07 23:21:01,827  root       handle_request DEBUG    Description: AT RESET, PID AT_RESET (ATZ)
2024-10-07 23:21:01,827  root       reset      DEBUG    Resetting counters and sleeping for 0.5 seconds
2024-10-07 23:21:02,328  root       <module>   DEBUG    Reset and sleep 0.5 seconds
2024-10-07 23:21:02,328  root       handle_response DEBUG    Processing: '<writeln></writeln><writeln></writeln><writeln>ELM327 v1.5</writeln>'
2024-10-07 23:21:02,329  root       handle_response DEBUG    Write: '\r\rELM327 v1.5\r\r>'
2024-10-07 23:21:02,828  root       run        DEBUG    Received 'ATE0'
2024-10-07 23:21:02,828  root       handle_request DEBUG    Handling: 'ATE0', header '7E0', ECU '7E0'
2024-10-07 23:21:02,829  root       handle_request DEBUG    Description: AT ECHO, PID AT_ECHO (ATE0)
2024-10-07 23:21:02,830  root       <module>   DEBUG    set ECHO ON/OFF : False
2024-10-07 23:21:02,830  root       handle_response DEBUG    Processing: '<writeln>OK</writeln>'
2024-10-07 23:21:02,830  root       handle_response DEBUG    Write: 'OK\r\r>'
2024-10-07 23:21:02,832  root       run        DEBUG    Received 'ATH1'
2024-10-07 23:21:02,832  root       handle_request DEBUG    Handling: 'ATH1', header '7E0', ECU '7E0'
2024-10-07 23:21:02,833  root       handle_request DEBUG    Description: AT HEADERS, PID AT_USE_HEADERS (ATH1)
2024-10-07 23:21:02,833  root       <module>   DEBUG    set HEADERS ON/OFF : True
2024-10-07 23:21:02,834  root       handle_response DEBUG    Processing: '<writeln>OK</writeln>'
2024-10-07 23:21:02,834  root       handle_response DEBUG    Write: 'OK\r\r>'
2024-10-07 23:21:02,835  root       run        DEBUG    Received 'ATL0'
2024-10-07 23:21:02,836  root       handle_request DEBUG    Handling: 'ATL0', header '7E0', ECU '7E0'
2024-10-07 23:21:02,837  root       handle_request DEBUG    Description: AT LINEFEEDS, PID AT_LINEFEEDS (ATL0)
2024-10-07 23:21:02,837  root       <module>   DEBUG    set LINEFEEDS ON/OFF : False
2024-10-07 23:21:02,838  root       handle_response DEBUG    Processing: '<writeln>OK</writeln>'
2024-10-07 23:21:02,838  root       handle_response DEBUG    Write: 'OK\r\r>'
2024-10-07 23:21:02,839  root       run        DEBUG    Received 'AT RV'
2024-10-07 23:21:02,840  root       handle_request DEBUG    Handling: 'ATRV', header '7E0', ECU '7E0'
2024-10-07 23:21:02,840  root       handle_request DEBUG    Description: AT read volt, PID AT_R_VOLT (ATRV)
2024-10-07 23:21:02,841  root       <module>   DEBUG    Volt = 13.1
2024-10-07 23:21:02,841  root       handle_response DEBUG    Processing: '<string>13.1</string><writeln>V</writeln>'
2024-10-07 23:21:02,842  root       handle_response DEBUG    Write: '13.1V\r\r>'
2024-10-07 23:21:02,843  root       run        DEBUG    Received 'ATSP0'
2024-10-07 23:21:02,843  root       handle_request DEBUG    Handling: 'ATSP0', header '7E0', ECU '7E0'
2024-10-07 23:21:02,845  root       handle_request DEBUG    Description: AT PROTO, PID AT_PROTO (ATSP0)
2024-10-07 23:21:02,846  root       <module>   DEBUG    set PROTO 0
2024-10-07 23:21:02,846  root       handle_response DEBUG    Processing: '<writeln>OK</writeln>'
2024-10-07 23:21:02,847  root       handle_response DEBUG    Write: 'OK\r\r>'
2024-10-07 23:21:03,843  root       run        DEBUG    Received '0100'
2024-10-07 23:21:03,844  root       handle_request DEBUG    Handling: '0100', header '7E0', ECU '7E0'
2024-10-07 23:21:03,844  root       handle_request DEBUG    UDS P3 timer expired: running stop() method for ECU task "Default ECU Task module", ECU="7E0".
2024-10-07 23:21:03,845  root       handle_request DEBUG    Description: PIDS_A, PID ELM_PIDS_A (0100)
2024-10-07 23:21:03,845  root       handle_response DEBUG    Processing: '<string>SEARCHING...</string><exec>time.sleep(3)</exec><writeln></writeln><header>7EA</header><size>06</size><data>41 00 98 3A 80 13</data><pos_answer>BE 3F A8 13</pos_answer>'
2024-10-07 23:21:03,846  root       handle_response DEBUG    Write: 'SEARCHING...'
2024-10-07 23:21:06,846  root       handle_response DEBUG    Evaluated command: time.sleep(3) -> None
2024-10-07 23:21:06,847  root       handle_response DEBUG    Write: '\r7EA 06 41 00 98 3A 80 13 \r7E8 06 41 00 BE 3F A8 13 \r\r>'
2024-10-07 23:21:06,849  root       run        DEBUG    Received 'ATDPN'
2024-10-07 23:21:06,849  root       handle_request DEBUG    Handling: 'ATDPN', header '7E0', ECU '7E0'
2024-10-07 23:21:06,850  root       handle_request DEBUG    Description: AT Display Protocol Number, PID AT_DESCRIBE_PROTO_N (ATDPN)
2024-10-07 23:21:07,351  root       handle_response DEBUG    Processing: '<writeln>A6</writeln>'
2024-10-07 23:21:07,352  root       handle_response DEBUG    Write: 'A6\r\r>'
2024-10-07 23:21:07,354  root       run        DEBUG    Received '0100'
2024-10-07 23:21:07,354  root       handle_request DEBUG    Handling: '0100', header '7E0', ECU '7E0'
2024-10-07 23:21:07,355  root       handle_request DEBUG    Description: PIDS_A, PID ELM_PIDS_A (0100)
2024-10-07 23:21:07,355  root       handle_response DEBUG    Processing: '<header>7EA</header><size>06</size><data>41 00 98 3A 80 13</data><pos_answer>BE 3F A8 13</pos_answer>'
2024-10-07 23:21:07,356  root       handle_response DEBUG    Write: '7EA 06 41 00 98 3A 80 13 \r7E8 06 41 00 BE 3F A8 13 \r\r>'
2024-10-07 23:21:07,358  root       run        DEBUG    Received '0120'
2024-10-07 23:21:07,359  root       handle_request DEBUG    Handling: '0120', header '7E0', ECU '7E0'
2024-10-07 23:21:07,359  root       handle_request DEBUG    Description: PIDS_B, PID ELM_PIDS_B (0120)
2024-10-07 23:21:07,360  root       handle_response DEBUG    Processing: '<header>7EA</header><size>06</size><data>41 20 80 01 A0 01</data><pos_answer>90 15 B0 15</pos_answer>'
2024-10-07 23:21:07,360  root       handle_response DEBUG    Write: '7EA 06 41 20 80 01 A0 01 \r7E8 06 41 20 90 15 B0 15 \r\r>'
2024-10-07 23:21:07,362  root       run        DEBUG    Received '0140'
2024-10-07 23:21:07,362  root       handle_request DEBUG    Handling: '0140', header '7E0', ECU '7E0'
2024-10-07 23:21:07,363  root       handle_request DEBUG    Description: PIDS_C, PID ELM_PIDS_C (0140)
2024-10-07 23:21:07,363  root       handle_response DEBUG    Processing: '<header>7EA</header><size>06</size><data>41 40 44 CC 00 21</data><pos_answer>7A 1C 80 00</pos_answer>'
2024-10-07 23:21:07,364  root       handle_response DEBUG    Write: '7EA 06 41 40 44 CC 00 21 \r7E8 06 41 40 7A 1C 80 00 \r\r>'
2024-10-07 23:21:07,365  root       run        DEBUG    Received '0600'
2024-10-07 23:21:07,366  root       handle_request DEBUG    Handling: '0600', header '7E0', ECU '7E0'
2024-10-07 23:21:07,366  root       handle_request DEBUG    Description: MIDS_A, PID ELM_MIDS_A (0600)
2024-10-07 23:21:07,367  root       handle_response DEBUG    Processing: '<pos_answer>C0 00 00 01</pos_answer>'
2024-10-07 23:21:07,367  root       handle_response DEBUG    Write: '7E8 05 46 C0 00 00 01 \r\r>'
2024-10-07 23:21:07,369  root       run        DEBUG    Received '0900'
2024-10-07 23:21:07,369  root       handle_request DEBUG    Handling: '0900', header '7E0', ECU '7E0'
2024-10-07 23:21:07,371  root       handle_request DEBUG    Description: PIDS_9A, PID ELM_PIDS_9A (0900)
2024-10-07 23:21:07,371  root       handle_response DEBUG    Processing: '<pos_answer>FF FF FF FF</pos_answer>'
2024-10-07 23:21:07,372  root       handle_response DEBUG    Write: '7E8 06 49 00 FF FF FF FF \r\r>'
2024-10-07 23:21:07,374  root       run        DEBUG    Received '01002'
2024-10-07 23:21:07,374  root       handle_request DEBUG    Handling: '01002', header '7E0', ECU '7E0'
2024-10-07 23:21:07,375  root       handle_request DEBUG    Description: PIDS_A, PID ELM_PIDS_A (01002)
2024-10-07 23:21:07,375  root       handle_response DEBUG    Processing: '<header>7EA</header><size>06</size><data>41 00 98 3A 80 13</data><pos_answer>BE 3F A8 13</pos_answer>'
2024-10-07 23:21:07,375  root       handle_response DEBUG    Write: '7EA 06 41 00 98 3A 80 13 \r7E8 06 41 00 BE 3F A8 13 \r\r>'
2024-10-07 23:21:07,377  root       run        DEBUG    Received '01202'
2024-10-07 23:21:07,378  root       handle_request DEBUG    Handling: '01202', header '7E0', ECU '7E0'
2024-10-07 23:21:07,378  root       handle_request DEBUG    Description: PIDS_B, PID ELM_PIDS_B (01202)
2024-10-07 23:21:07,378  root       handle_response DEBUG    Processing: '<header>7EA</header><size>06</size><data>41 20 80 01 A0 01</data><pos_answer>90 15 B0 15</pos_answer>'
2024-10-07 23:21:07,379  root       handle_response DEBUG    Write: '7EA 06 41 20 80 01 A0 01 \r7E8 06 41 20 90 15 B0 15 \r\r>'
2024-10-07 23:21:07,381  root       run        DEBUG    Received '01402'
2024-10-07 23:21:07,381  root       handle_request DEBUG    Handling: '01402', header '7E0', ECU '7E0'
2024-10-07 23:21:07,382  root       handle_request DEBUG    Description: PIDS_C, PID ELM_PIDS_C (01402)
2024-10-07 23:21:07,382  root       handle_response DEBUG    Processing: '<header>7EA</header><size>06</size><data>41 40 44 CC 00 21</data><pos_answer>7A 1C 80 00</pos_answer>'
2024-10-07 23:21:07,383  root       handle_response DEBUG    Write: '7EA 06 41 40 44 CC 00 21 \r7E8 06 41 40 7A 1C 80 00 \r\r>'
2024-10-07 23:21:07,384  root       run        DEBUG    Received '0600'
2024-10-07 23:21:07,384  root       handle_request DEBUG    Handling: '0600', header '7E0', ECU '7E0'
2024-10-07 23:21:07,385  root       handle_request DEBUG    Description: MIDS_A, PID ELM_MIDS_A (0600)
2024-10-07 23:21:07,385  root       handle_response DEBUG    Processing: '<pos_answer>C0 00 00 01</pos_answer>'
2024-10-07 23:21:07,386  root       handle_response DEBUG    Write: '7E8 05 46 C0 00 00 01 \r\r>'
2024-10-07 23:21:07,390  root       run        DEBUG    Received 'ATZ'
2024-10-07 23:21:07,391  root       handle_request DEBUG    Handling: 'ATZ', header '7E0', ECU '7E0'
2024-10-07 23:21:07,392  root       handle_request DEBUG    Description: AT RESET, PID AT_RESET (ATZ)
2024-10-07 23:21:07,393  root       reset      DEBUG    Resetting counters and sleeping for 0.5 seconds
2024-10-07 23:21:07,894  root       <module>   DEBUG    Reset and sleep 0.5 seconds
2024-10-07 23:21:07,894  root       handle_response DEBUG    Processing: '<writeln></writeln><writeln></writeln><writeln>ELM327 v1.5</writeln>'
2024-10-07 23:21:07,895  root       handle_response DEBUG    Write: '\r\rELM327 v1.5\r\r>'
2024-10-07 23:21:08,391  root       run        DEBUG    Received 'ATE0'
2024-10-07 23:21:08,391  root       handle_request DEBUG    Handling: 'ATE0', header '7E0', ECU '7E0'
2024-10-07 23:21:08,392  root       handle_request DEBUG    Description: AT ECHO, PID AT_ECHO (ATE0)
2024-10-07 23:21:08,392  root       <module>   DEBUG    set ECHO ON/OFF : False
2024-10-07 23:21:08,392  root       handle_response DEBUG    Processing: '<writeln>OK</writeln>'
2024-10-07 23:21:08,393  root       handle_response DEBUG    Write: 'OK\r\r>'
2024-10-07 23:21:08,393  root       run        DEBUG    Received 'ATH1'
2024-10-07 23:21:08,394  root       handle_request DEBUG    Handling: 'ATH1', header '7E0', ECU '7E0'
2024-10-07 23:21:08,394  root       handle_request DEBUG    Description: AT HEADERS, PID AT_USE_HEADERS (ATH1)
2024-10-07 23:21:08,395  root       <module>   DEBUG    set HEADERS ON/OFF : True
2024-10-07 23:21:08,395  root       handle_response DEBUG    Processing: '<writeln>OK</writeln>'
2024-10-07 23:21:08,395  root       handle_response DEBUG    Write: 'OK\r\r>'
2024-10-07 23:21:08,396  root       run        DEBUG    Received 'ATL0'
2024-10-07 23:21:08,396  root       handle_request DEBUG    Handling: 'ATL0', header '7E0', ECU '7E0'
2024-10-07 23:21:08,396  root       handle_request DEBUG    Description: AT LINEFEEDS, PID AT_LINEFEEDS (ATL0)
2024-10-07 23:21:08,397  root       <module>   DEBUG    set LINEFEEDS ON/OFF : False
2024-10-07 23:21:08,397  root       handle_response DEBUG    Processing: '<writeln>OK</writeln>'
2024-10-07 23:21:08,397  root       handle_response DEBUG    Write: 'OK\r\r>'
2024-10-07 23:21:08,398  root       run        DEBUG    Received 'AT RV'
2024-10-07 23:21:08,398  root       handle_request DEBUG    Handling: 'ATRV', header '7E0', ECU '7E0'
2024-10-07 23:21:08,399  root       handle_request DEBUG    Description: AT read volt, PID AT_R_VOLT (ATRV)
2024-10-07 23:21:08,399  root       <module>   DEBUG    Volt = 13.2
2024-10-07 23:21:08,399  root       handle_response DEBUG    Processing: '<string>13.2</string><writeln>V</writeln>'
2024-10-07 23:21:08,400  root       handle_response DEBUG    Write: '13.2V\r\r>'
2024-10-07 23:21:08,400  root       run        DEBUG    Received 'ATSP0'
2024-10-07 23:21:08,400  root       handle_request DEBUG    Handling: 'ATSP0', header '7E0', ECU '7E0'
2024-10-07 23:21:08,401  root       handle_request DEBUG    Description: AT PROTO, PID AT_PROTO (ATSP0)
2024-10-07 23:21:08,402  root       <module>   DEBUG    set PROTO 0
2024-10-07 23:21:08,402  root       handle_response DEBUG    Processing: '<writeln>OK</writeln>'
2024-10-07 23:21:08,402  root       handle_response DEBUG    Write: 'OK\r\r>'
2024-10-07 23:21:09,401  root       run        DEBUG    Received '0100'
2024-10-07 23:21:09,401  root       handle_request DEBUG    Handling: '0100', header '7E0', ECU '7E0'
2024-10-07 23:21:09,402  root       handle_request DEBUG    Description: PIDS_A, PID ELM_PIDS_A (0100)
2024-10-07 23:21:09,402  root       handle_response DEBUG    Processing: '<string>SEARCHING...</string><exec>time.sleep(3)</exec><writeln></writeln><header>7EA</header><size>06</size><data>41 00 98 3A 80 13</data><pos_answer>BE 3F A8 13</pos_answer>'
2024-10-07 23:21:09,403  root       handle_response DEBUG    Write: 'SEARCHING...'
2024-10-07 23:21:12,404  root       handle_response DEBUG    Evaluated command: time.sleep(3) -> None
2024-10-07 23:21:12,404  root       handle_response DEBUG    Write: '\r7EA 06 41 00 98 3A 80 13 \r7E8 06 41 00 BE 3F A8 13 \r\r>'
2024-10-07 23:21:12,406  root       run        DEBUG    Received 'ATDPN'
2024-10-07 23:21:12,406  root       handle_request DEBUG    Handling: 'ATDPN', header '7E0', ECU '7E0'
2024-10-07 23:21:12,407  root       handle_request DEBUG    Description: AT Display Protocol Number, PID AT_DESCRIBE_PROTO_N (ATDPN)
2024-10-07 23:21:12,908  root       handle_response DEBUG    Processing: '<writeln>A6</writeln>'
2024-10-07 23:21:12,909  root       handle_response DEBUG    Write: 'A6\r\r>'
2024-10-07 23:21:12,911  root       run        DEBUG    Received '0100'
2024-10-07 23:21:12,911  root       handle_request DEBUG    Handling: '0100', header '7E0', ECU '7E0'
2024-10-07 23:21:12,912  root       handle_request DEBUG    Description: PIDS_A, PID ELM_PIDS_A (0100)
2024-10-07 23:21:12,912  root       handle_response DEBUG    Processing: '<header>7EA</header><size>06</size><data>41 00 98 3A 80 13</data><pos_answer>BE 3F A8 13</pos_answer>'
2024-10-07 23:21:12,913  root       handle_response DEBUG    Write: '7EA 06 41 00 98 3A 80 13 \r7E8 06 41 00 BE 3F A8 13 \r\r>'
2024-10-07 23:21:12,915  root       run        DEBUG    Received '0120'
2024-10-07 23:21:12,915  root       handle_request DEBUG    Handling: '0120', header '7E0', ECU '7E0'
2024-10-07 23:21:12,916  root       handle_request DEBUG    Description: PIDS_B, PID ELM_PIDS_B (0120)
2024-10-07 23:21:12,916  root       handle_response DEBUG    Processing: '<header>7EA</header><size>06</size><data>41 20 80 01 A0 01</data><pos_answer>90 15 B0 15</pos_answer>'
2024-10-07 23:21:12,917  root       handle_response DEBUG    Write: '7EA 06 41 20 80 01 A0 01 \r7E8 06 41 20 90 15 B0 15 \r\r>'
2024-10-07 23:21:12,918  root       run        DEBUG    Received '0140'
2024-10-07 23:21:12,919  root       handle_request DEBUG    Handling: '0140', header '7E0', ECU '7E0'
2024-10-07 23:21:12,919  root       handle_request DEBUG    Description: PIDS_C, PID ELM_PIDS_C (0140)
2024-10-07 23:21:12,920  root       handle_response DEBUG    Processing: '<header>7EA</header><size>06</size><data>41 40 44 CC 00 21</data><pos_answer>7A 1C 80 00</pos_answer>'
2024-10-07 23:21:12,920  root       handle_response DEBUG    Write: '7EA 06 41 40 44 CC 00 21 \r7E8 06 41 40 7A 1C 80 00 \r\r>'
2024-10-07 23:21:12,922  root       run        DEBUG    Received '0600'
2024-10-07 23:21:12,922  root       handle_request DEBUG    Handling: '0600', header '7E0', ECU '7E0'
2024-10-07 23:21:12,923  root       handle_request DEBUG    Description: MIDS_A, PID ELM_MIDS_A (0600)
2024-10-07 23:21:12,923  root       handle_response DEBUG    Processing: '<pos_answer>C0 00 00 01</pos_answer>'
2024-10-07 23:21:12,924  root       handle_response DEBUG    Write: '7E8 05 46 C0 00 00 01 \r\r>'
2024-10-07 23:21:12,925  root       run        DEBUG    Received '0900'
2024-10-07 23:21:12,925  root       handle_request DEBUG    Handling: '0900', header '7E0', ECU '7E0'
2024-10-07 23:21:12,926  root       handle_request DEBUG    Description: PIDS_9A, PID ELM_PIDS_9A (0900)
2024-10-07 23:21:12,926  root       handle_response DEBUG    Processing: '<pos_answer>FF FF FF FF</pos_answer>'
2024-10-07 23:21:12,927  root       handle_response DEBUG    Write: '7E8 06 49 00 FF FF FF FF \r\r>'
2024-10-07 23:21:12,943  root       run        DEBUG    Received '0101'
2024-10-07 23:21:12,944  root       handle_request DEBUG    Handling: '0101', header '7E0', ECU '7E0'
2024-10-07 23:21:12,946  root       handle_request INFO     Unknown request: '0101', header=7E0
2024-10-07 23:21:12,946  root       handle_response DEBUG    Processing: '<writeln>NO DATA</writeln>'
2024-10-07 23:21:12,947  root       handle_response DEBUG    Write: 'NO DATA\r\r>'
2024-10-07 23:21:12,957  root       run        DEBUG    Received '0103'
2024-10-07 23:21:12,958  root       handle_request DEBUG    Handling: '0103', header '7E0', ECU '7E0'
2024-10-07 23:21:12,958  root       handle_request DEBUG    Description: Fuel System Status, PID FUEL_STATUS (0103)
2024-10-07 23:21:12,958  root       handle_response DEBUG    Processing: '<pos_answer>00 00</pos_answer>'
2024-10-07 23:21:12,959  root       handle_response DEBUG    Write: '7E8 04 41 03 00 00 \r\r>'
2024-10-07 23:21:12,961  root       run        DEBUG    Received '0104'
2024-10-07 23:21:12,961  root       handle_request DEBUG    Handling: '0104', header '7E0', ECU '7E0'
2024-10-07 23:21:12,962  root       handle_request DEBUG    Description: Calculated Engine Load, PID ENGINE_LOAD (0104)
2024-10-07 23:21:12,962  root       handle_response DEBUG    Processing: '<pos_answer>00</pos_answer>'
2024-10-07 23:21:12,963  root       handle_response DEBUG    Write: '7E8 03 41 04 00 \r\r>'
2024-10-07 23:21:12,964  root       run        DEBUG    Received '0105'
2024-10-07 23:21:12,965  root       handle_request DEBUG    Handling: '0105', header '7E0', ECU '7E0'
2024-10-07 23:21:12,965  root       handle_request DEBUG    Description: Engine Coolant Temperature, PID COOLANT_TEMP (0105)
2024-10-07 23:21:12,966  root       handle_response DEBUG    Processing: '<pos_answer>7B</pos_answer>'
2024-10-07 23:21:12,966  root       handle_response DEBUG    Write: '7E8 03 41 05 7B \r\r>'
2024-10-07 23:21:12,968  root       run        DEBUG    Received '0106'
2024-10-07 23:21:12,969  root       handle_request DEBUG    Handling: '0106', header '7E0', ECU '7E0'
2024-10-07 23:21:12,971  root       handle_request INFO     Unknown request: '0106', header=7E0
2024-10-07 23:21:12,971  root       handle_response DEBUG    Processing: '<writeln>NO DATA</writeln>'
2024-10-07 23:21:12,972  root       handle_response DEBUG    Write: 'NO DATA\r\r>'
2024-10-07 23:21:12,973  root       run        DEBUG    Received '0107'
2024-10-07 23:21:12,974  root       handle_request DEBUG    Handling: '0107', header '7E0', ECU '7E0'
2024-10-07 23:21:12,976  root       handle_request INFO     Unknown request: '0107', header=7E0
2024-10-07 23:21:12,976  root       handle_response DEBUG    Processing: '<writeln>NO DATA</writeln>'
2024-10-07 23:21:12,976  root       handle_response DEBUG    Write: 'NO DATA\r\r>'
2024-10-07 23:21:12,978  root       run        DEBUG    Received '010B'
2024-10-07 23:21:12,978  root       handle_request DEBUG    Handling: '010B', header '7E0', ECU '7E0'
2024-10-07 23:21:12,979  root       handle_request DEBUG    Description: Intake Manifold Pressure, PID INTAKE_PRESSURE (010B)
2024-10-07 23:21:12,979  root       handle_response DEBUG    Processing: '<pos_answer>73</pos_answer>'
2024-10-07 23:21:12,980  root       handle_response DEBUG    Write: '7E8 03 41 0B 73 \r\r>'
2024-10-07 23:21:12,982  root       run        DEBUG    Received '010C'
2024-10-07 23:21:12,983  root       handle_request DEBUG    Handling: '010C', header '7E0', ECU '7E0'
2024-10-07 23:21:12,983  root       handle_request DEBUG    Description: Engine RPM, PID RPM (010C)
2024-10-07 23:21:12,984  root       handle_response DEBUG    Processing: '<pos_answer>3E D0</pos_answer> <header>7EA</header><size>04</size><data>41 0C 3E D0</data>'
2024-10-07 23:21:12,985  root       handle_response DEBUG    Write: '7E8 04 41 0C 3E D0 \r7EA 04 41 0C 3E D0 \r\r>'
2024-10-07 23:21:12,986  root       run        DEBUG    Received '010D'
2024-10-07 23:21:12,986  root       handle_request DEBUG    Handling: '010D', header '7E0', ECU '7E0'
2024-10-07 23:21:12,987  root       handle_request DEBUG    Description: Vehicle Speed, PID SPEED (010D)
2024-10-07 23:21:12,987  root       handle_response DEBUG    Processing: '<pos_answer>24</pos_answer> <header>7EA</header><size>03</size><data>41 0D 24</data>'
2024-10-07 23:21:12,988  root       handle_response DEBUG    Write: '7E8 03 41 0D 24 \r7EA 03 41 0D 24 \r\r>'
2024-10-07 23:21:12,989  root       run        DEBUG    Received '010E'
2024-10-07 23:21:12,989  root       handle_request DEBUG    Handling: '010E', header '7E0', ECU '7E0'
2024-10-07 23:21:12,990  root       handle_request INFO     Unknown request: '010E', header=7E0
2024-10-07 23:21:12,990  root       handle_response DEBUG    Processing: '<writeln>NO DATA</writeln>'
2024-10-07 23:21:12,990  root       handle_response DEBUG    Write: 'NO DATA\r\r>'
2024-10-07 23:21:12,991  root       run        DEBUG    Received '010F'
2024-10-07 23:21:12,991  root       handle_request DEBUG    Handling: '010F', header '7E0', ECU '7E0'
2024-10-07 23:21:12,992  root       handle_request DEBUG    Description: Intake Air Temp, PID INTAKE_TEMP (010F)
2024-10-07 23:21:12,992  root       handle_response DEBUG    Processing: '<pos_answer>44</pos_answer>'
2024-10-07 23:21:12,992  root       handle_response DEBUG    Write: '7E8 03 41 0F 44 \r\r>'
2024-10-07 23:21:12,993  root       run        DEBUG    Received '0110'
2024-10-07 23:21:12,993  root       handle_request DEBUG    Handling: '0110', header '7E0', ECU '7E0'
2024-10-07 23:21:12,994  root       handle_request DEBUG    Description: Air Flow Rate (MAF), PID MAF (0110)
2024-10-07 23:21:12,994  root       handle_response DEBUG    Processing: '<pos_answer>05 1F</pos_answer>'
2024-10-07 23:21:12,994  root       handle_response DEBUG    Write: '7E8 04 41 10 05 1F \r\r>'
2024-10-07 23:21:12,995  root       run        DEBUG    Received '0111'
2024-10-07 23:21:12,995  root       handle_request DEBUG    Handling: '0111', header '7E0', ECU '7E0'
2024-10-07 23:21:12,995  root       handle_request DEBUG    Description: Throttle Position, PID THROTTLE_POS (0111)
2024-10-07 23:21:12,995  root       handle_response DEBUG    Processing: '<pos_answer>FF</pos_answer>'
2024-10-07 23:21:12,996  root       handle_response DEBUG    Write: '7E8 03 41 11 FF \r\r>'
2024-10-07 23:21:12,996  root       run        DEBUG    Received '0113'
2024-10-07 23:21:12,996  root       handle_request DEBUG    Handling: '0113', header '7E0', ECU '7E0'
2024-10-07 23:21:12,997  root       handle_request INFO     Unknown request: '0113', header=7E0
2024-10-07 23:21:12,997  root       handle_response DEBUG    Processing: '<writeln>NO DATA</writeln>'
2024-10-07 23:21:12,997  root       handle_response DEBUG    Write: 'NO DATA\r\r>'
2024-10-07 23:21:12,998  root       run        DEBUG    Received '0115'
2024-10-07 23:21:12,998  root       handle_request DEBUG    Handling: '0115', header '7E0', ECU '7E0'
2024-10-07 23:21:12,998  root       handle_request INFO     Unknown request: '0115', header=7E0
2024-10-07 23:21:12,999  root       handle_response DEBUG    Processing: '<writeln>NO DATA</writeln>'
2024-10-07 23:21:12,999  root       handle_response DEBUG    Write: 'NO DATA\r\r>'
2024-10-07 23:21:12,999  root       run        DEBUG    Received '011C'
2024-10-07 23:21:12,999  root       handle_request DEBUG    Handling: '011C', header '7E0', ECU '7E0'
2024-10-07 23:21:12,999  root       handle_request DEBUG    Description: OBD Standards Compliance, PID OBD_COMPLIANCE (011C)
2024-10-07 23:21:13,000  root       handle_response DEBUG    Processing: '<pos_answer>06</pos_answer>'
2024-10-07 23:21:13,000  root       handle_response DEBUG    Write: '7E8 03 41 1C 06 \r\r>'
2024-10-07 23:21:13,000  root       run        DEBUG    Received '011F'
2024-10-07 23:21:13,000  root       handle_request DEBUG    Handling: '011F', header '7E0', ECU '7E0'
2024-10-07 23:21:13,000  root       handle_request DEBUG    Description: Engine Run Time, PID RUN_TIME (011F)
2024-10-07 23:21:13,001  root       handle_response DEBUG    Processing: '<pos_answer>00 8C</pos_answer>'
2024-10-07 23:21:13,001  root       handle_response DEBUG    Write: '7E8 04 41 1F 00 8C \r\r>'
2024-10-07 23:21:13,001  root       run        DEBUG    Received '01202'
2024-10-07 23:21:13,001  root       handle_request DEBUG    Handling: '01202', header '7E0', ECU '7E0'
2024-10-07 23:21:13,002  root       handle_request DEBUG    Description: PIDS_B, PID ELM_PIDS_B (01202)
2024-10-07 23:21:13,002  root       handle_response DEBUG    Processing: '<header>7EA</header><size>06</size><data>41 20 80 01 A0 01</data><pos_answer>90 15 B0 15</pos_answer>'
2024-10-07 23:21:13,002  root       handle_response DEBUG    Write: '7EA 06 41 20 80 01 A0 01 \r7E8 06 41 20 90 15 B0 15 \r\r>'
2024-10-07 23:21:13,002  root       run        DEBUG    Received '0121'
2024-10-07 23:21:13,003  root       handle_request DEBUG    Handling: '0121', header '7E0', ECU '7E0'
2024-10-07 23:21:13,003  root       handle_request DEBUG    Description: Distance Traveled with MIL on, PID DISTANCE_W_MIL (0121)
2024-10-07 23:21:13,003  root       handle_response DEBUG    Processing: '<pos_answer>00 00</pos_answer>'
2024-10-07 23:21:13,003  root       handle_response DEBUG    Write: '7E8 04 41 21 00 00 \r\r>'
2024-10-07 23:21:13,003  root       run        DEBUG    Received '0124'
2024-10-07 23:21:13,004  root       handle_request DEBUG    Handling: '0124', header '7E0', ECU '7E0'
2024-10-07 23:21:13,004  root       handle_request INFO     Unknown request: '0124', header=7E0
2024-10-07 23:21:13,004  root       handle_response DEBUG    Processing: '<writeln>NO DATA</writeln>'
2024-10-07 23:21:13,004  root       handle_response DEBUG    Write: 'NO DATA\r\r>'
2024-10-07 23:21:13,005  root       run        DEBUG    Received '012C'
2024-10-07 23:21:13,005  root       handle_request DEBUG    Handling: '012C', header '7E0', ECU '7E0'
2024-10-07 23:21:13,006  root       handle_request DEBUG    Description: Commanded EGR, PID COMMANDED_EGR (012C)
2024-10-07 23:21:13,006  root       handle_response DEBUG    Processing: '<pos_answer>0D</pos_answer>'
2024-10-07 23:21:13,006  root       handle_response DEBUG    Write: '7E8 03 41 2C 0D \r\r>'
2024-10-07 23:21:13,007  root       run        DEBUG    Received '012E'
2024-10-07 23:21:13,007  root       handle_request DEBUG    Handling: '012E', header '7E0', ECU '7E0'
2024-10-07 23:21:13,007  root       handle_request INFO     Unknown request: '012E', header=7E0
2024-10-07 23:21:13,007  root       handle_response DEBUG    Processing: '<writeln>NO DATA</writeln>'
2024-10-07 23:21:13,008  root       handle_response DEBUG    Write: 'NO DATA\r\r>'
2024-10-07 23:21:13,008  root       run        DEBUG    Received '0130'
2024-10-07 23:21:13,008  root       handle_request DEBUG    Handling: '0130', header '7E0', ECU '7E0'
2024-10-07 23:21:13,009  root       handle_request INFO     Unknown request: '0130', header=7E0
2024-10-07 23:21:13,009  root       handle_response DEBUG    Processing: '<writeln>NO DATA</writeln>'
2024-10-07 23:21:13,009  root       handle_response DEBUG    Write: 'NO DATA\r\r>'
2024-10-07 23:21:13,010  root       run        DEBUG    Received '0131'
2024-10-07 23:21:13,010  root       handle_request DEBUG    Handling: '0131', header '7E0', ECU '7E0'
2024-10-07 23:21:13,010  root       handle_request DEBUG    Description: Distance traveled since codes cleared, PID DISTANCE_SINCE_DTC_CLEAR (0131)
2024-10-07 23:21:13,011  root       handle_response DEBUG    Processing: '<pos_answer>C8 1F</pos_answer>'
2024-10-07 23:21:13,011  root       handle_response DEBUG    Write: '7E8 04 41 31 C8 1F \r\r>'
2024-10-07 23:21:13,011  root       run        DEBUG    Received '0133'
2024-10-07 23:21:13,012  root       handle_request DEBUG    Handling: '0133', header '7E0', ECU '7E0'
2024-10-07 23:21:13,012  root       handle_request DEBUG    Description: Barometric Pressure, PID BAROMETRIC_PRESSURE (0133)
2024-10-07 23:21:13,012  root       handle_response DEBUG    Processing: '<pos_answer>65</pos_answer>'
2024-10-07 23:21:13,012  root       handle_response DEBUG    Write: '7E8 03 41 33 65 \r\r>'
2024-10-07 23:21:13,013  root       run        DEBUG    Received '0134'
2024-10-07 23:21:13,014  root       handle_request DEBUG    Handling: '0134', header '7E0', ECU '7E0'
2024-10-07 23:21:13,014  root       handle_request INFO     Unknown request: '0134', header=7E0
2024-10-07 23:21:13,014  root       handle_response DEBUG    Processing: '<writeln>NO DATA</writeln>'
2024-10-07 23:21:13,015  root       handle_response DEBUG    Write: 'NO DATA\r\r>'
2024-10-07 23:21:13,015  root       run        DEBUG    Received '013C'
2024-10-07 23:21:13,015  root       handle_request DEBUG    Handling: '013C', header '7E0', ECU '7E0'
2024-10-07 23:21:13,016  root       handle_request DEBUG    Description: Catalyst Temperature: Bank 1 - Sensor 1, PID CATALYST_TEMP_B1S1 (013C)
2024-10-07 23:21:13,016  root       handle_response DEBUG    Processing: '<pos_answer>04 44</pos_answer>'
2024-10-07 23:21:13,016  root       handle_response DEBUG    Write: '7E8 04 41 3C 04 44 \r\r>'
2024-10-07 23:21:13,020  root       run        DEBUG    Received '013E'
2024-10-07 23:21:13,021  root       handle_request DEBUG    Handling: '013E', header '7E0', ECU '7E0'
2024-10-07 23:21:13,021  root       handle_request INFO     Unknown request: '013E', header=7E0
2024-10-07 23:21:13,021  root       handle_response DEBUG    Processing: '<writeln>NO DATA</writeln>'
2024-10-07 23:21:13,022  root       handle_response DEBUG    Write: 'NO DATA\r\r>'
2024-10-07 23:21:13,022  root       run        DEBUG    Received '01402'
2024-10-07 23:21:13,022  root       handle_request DEBUG    Handling: '01402', header '7E0', ECU '7E0'
2024-10-07 23:21:13,023  root       handle_request DEBUG    Description: PIDS_C, PID ELM_PIDS_C (01402)
2024-10-07 23:21:13,023  root       handle_response DEBUG    Processing: '<header>7EA</header><size>06</size><data>41 40 44 CC 00 21</data><pos_answer>7A 1C 80 00</pos_answer>'
2024-10-07 23:21:13,023  root       handle_response DEBUG    Write: '7EA 06 41 40 44 CC 00 21 \r7E8 06 41 40 7A 1C 80 00 \r\r>'
2024-10-07 23:21:13,023  root       run        DEBUG    Received '0142'
2024-10-07 23:21:13,024  root       handle_request DEBUG    Handling: '0142', header '7E0', ECU '7E0'
2024-10-07 23:21:13,024  root       handle_request DEBUG    Description: Control module voltage, PID CONTROL_MODULE_VOLTAGE (0142)
2024-10-07 23:21:13,024  root       handle_response DEBUG    Processing: '<pos_answer>39 D6</pos_answer>'
2024-10-07 23:21:13,024  root       handle_response DEBUG    Write: '7E8 04 41 42 39 D6 \r\r>'
2024-10-07 23:21:13,025  root       run        DEBUG    Received '0143'
2024-10-07 23:21:13,025  root       handle_request DEBUG    Handling: '0143', header '7E0', ECU '7E0'
2024-10-07 23:21:13,025  root       handle_request INFO     Unknown request: '0143', header=7E0
2024-10-07 23:21:13,026  root       handle_response DEBUG    Processing: '<writeln>NO DATA</writeln>'
2024-10-07 23:21:13,026  root       handle_response DEBUG    Write: 'NO DATA\r\r>'
2024-10-07 23:21:13,026  root       run        DEBUG    Received '0144'
2024-10-07 23:21:13,026  root       handle_request DEBUG    Handling: '0144', header '7E0', ECU '7E0'
2024-10-07 23:21:13,027  root       handle_request INFO     Unknown request: '0144', header=7E0
2024-10-07 23:21:13,027  root       handle_response DEBUG    Processing: '<writeln>NO DATA</writeln>'
2024-10-07 23:21:13,027  root       handle_response DEBUG    Write: 'NO DATA\r\r>'
2024-10-07 23:21:13,028  root       run        DEBUG    Received '0145'
2024-10-07 23:21:13,028  root       handle_request DEBUG    Handling: '0145', header '7E0', ECU '7E0'
2024-10-07 23:21:13,029  root       handle_request INFO     Unknown request: '0145', header=7E0
2024-10-07 23:21:13,029  root       handle_response DEBUG    Processing: '<writeln>NO DATA</writeln>'
2024-10-07 23:21:13,029  root       handle_response DEBUG    Write: 'NO DATA\r\r>'
2024-10-07 23:21:13,030  root       run        DEBUG    Received '0147'
2024-10-07 23:21:13,030  root       handle_request DEBUG    Handling: '0147', header '7E0', ECU '7E0'
2024-10-07 23:21:13,031  root       handle_request INFO     Unknown request: '0147', header=7E0
2024-10-07 23:21:13,031  root       handle_response DEBUG    Processing: '<writeln>NO DATA</writeln>'
2024-10-07 23:21:13,031  root       handle_response DEBUG    Write: 'NO DATA\r\r>'
2024-10-07 23:21:13,032  root       run        DEBUG    Received '014C'
2024-10-07 23:21:13,032  root       handle_request DEBUG    Handling: '014C', header '7E0', ECU '7E0'
2024-10-07 23:21:13,032  root       handle_request DEBUG    Description: Commanded throttle actuator, PID THROTTLE_ACTUATOR (014C)
2024-10-07 23:21:13,033  root       handle_response DEBUG    Processing: '<pos_answer>00</pos_answer>'
2024-10-07 23:21:13,033  root       handle_response DEBUG    Write: '7E8 03 41 4C 00 \r\r>'
2024-10-07 23:21:13,034  root       run        DEBUG    Received '014D'
2024-10-07 23:21:13,034  root       handle_request DEBUG    Handling: '014D', header '7E0', ECU '7E0'
2024-10-07 23:21:13,034  root       handle_request DEBUG    Description: Time run with MIL on, PID RUN_TIME_MIL (014D)
2024-10-07 23:21:13,034  root       handle_response DEBUG    Processing: '<pos_answer>00 00</pos_answer>'
2024-10-07 23:21:13,035  root       handle_response DEBUG    Write: '7E8 04 41 4D 00 00 \r\r>'
2024-10-07 23:21:13,035  root       run        DEBUG    Received '014E'
2024-10-07 23:21:13,036  root       handle_request DEBUG    Handling: '014E', header '7E0', ECU '7E0'
2024-10-07 23:21:13,036  root       handle_request DEBUG    Description: Time since trouble codes cleared, PID TIME_SINCE_DTC_CLEARED (014E)
2024-10-07 23:21:13,036  root       handle_response DEBUG    Processing: '<pos_answer>4C 69</pos_answer>'
2024-10-07 23:21:13,037  root       handle_response DEBUG    Write: '7E8 04 41 4E 4C 69 \r\r>'
2024-10-07 23:21:13,038  root       run        DEBUG    Received '0151'
2024-10-07 23:21:13,038  root       handle_request DEBUG    Handling: '0151', header '7E0', ECU '7E0'
2024-10-07 23:21:13,038  root       handle_request DEBUG    Description: Fuel Type, PID FUEL_TYPE (0151)
2024-10-07 23:21:13,039  root       handle_response DEBUG    Processing: '<pos_answer>01</pos_answer>'
2024-10-07 23:21:13,039  root       handle_response DEBUG    Write: '7E8 03 41 51 01 \r\r>'
2024-10-07 23:21:13,291  root       run        DEBUG    Received '01011'
2024-10-07 23:21:13,292  root       handle_request DEBUG    Handling: '01011', header '7E0', ECU '7E0'
2024-10-07 23:21:13,294  root       handle_request INFO     Unknown ELM command: '01011', header=7E0
2024-10-07 23:21:13,294  root       handle_response DEBUG    Processing: '<writeln>?</writeln>'
2024-10-07 23:21:13,295  root       handle_response DEBUG    Write: '?\r\r>'
2024-10-07 23:21:13,303  root       run        DEBUG    Received '01031'
2024-10-07 23:21:13,303  root       handle_request DEBUG    Handling: '01031', header '7E0', ECU '7E0'
2024-10-07 23:21:13,304  root       handle_request DEBUG    Description: Fuel System Status, PID FUEL_STATUS (01031)
2024-10-07 23:21:13,304  root       handle_response DEBUG    Processing: '<pos_answer>00 00</pos_answer>'
2024-10-07 23:21:13,304  root       handle_response DEBUG    Write: '7E8 04 41 03 00 00 \r\r>'
2024-10-07 23:21:13,306  root       run        DEBUG    Received '01041'
2024-10-07 23:21:13,306  root       handle_request DEBUG    Handling: '01041', header '7E0', ECU '7E0'
2024-10-07 23:21:13,307  root       handle_request DEBUG    Description: Calculated Engine Load, PID ENGINE_LOAD (01041)
2024-10-07 23:21:13,307  root       handle_response DEBUG    Processing: '<pos_answer>00</pos_answer>'
2024-10-07 23:21:13,308  root       handle_response DEBUG    Write: '7E8 03 41 04 00 \r\r>'
2024-10-07 23:21:13,309  root       run        DEBUG    Received '01051'
2024-10-07 23:21:13,310  root       handle_request DEBUG    Handling: '01051', header '7E0', ECU '7E0'
2024-10-07 23:21:13,310  root       handle_request DEBUG    Description: Engine Coolant Temperature, PID COOLANT_TEMP (01051)
2024-10-07 23:21:13,311  root       handle_response DEBUG    Processing: '<pos_answer>7B</pos_answer>'
2024-10-07 23:21:13,311  root       handle_response DEBUG    Write: '7E8 03 41 05 7B \r\r>'
2024-10-07 23:21:13,313  root       run        DEBUG    Received '01061'
2024-10-07 23:21:13,313  root       handle_request DEBUG    Handling: '01061', header '7E0', ECU '7E0'
2024-10-07 23:21:13,315  root       handle_request INFO     Unknown ELM command: '01061', header=7E0
2024-10-07 23:21:13,315  root       handle_response DEBUG    Processing: '<writeln>?</writeln>'
2024-10-07 23:21:13,315  root       handle_response DEBUG    Write: '?\r\r>'
2024-10-07 23:21:13,317  root       run        DEBUG    Received '01071'
2024-10-07 23:21:13,318  root       handle_request DEBUG    Handling: '01071', header '7E0', ECU '7E0'
2024-10-07 23:21:13,319  root       handle_request INFO     Unknown ELM command: '01071', header=7E0
2024-10-07 23:21:13,320  root       handle_response DEBUG    Processing: '<writeln>?</writeln>'
2024-10-07 23:21:13,320  root       handle_response DEBUG    Write: '?\r\r>'
2024-10-07 23:21:13,322  root       run        DEBUG    Received '010B1'
2024-10-07 23:21:13,322  root       handle_request DEBUG    Handling: '010B1', header '7E0', ECU '7E0'
2024-10-07 23:21:13,323  root       handle_request DEBUG    Description: Intake Manifold Pressure, PID INTAKE_PRESSURE (010B1)
2024-10-07 23:21:13,323  root       handle_response DEBUG    Processing: '<pos_answer>73</pos_answer>'
2024-10-07 23:21:13,323  root       handle_response DEBUG    Write: '7E8 03 41 0B 73 \r\r>'
2024-10-07 23:21:13,325  root       run        DEBUG    Received '010C2'
2024-10-07 23:21:13,326  root       handle_request DEBUG    Handling: '010C2', header '7E0', ECU '7E0'
2024-10-07 23:21:13,326  root       handle_request DEBUG    Description: Engine RPM, PID RPM (010C2)
2024-10-07 23:21:13,326  root       handle_response DEBUG    Processing: '<pos_answer>3F 20</pos_answer> <header>7EA</header><size>04</size><data>41 0C 3F 20</data>'
2024-10-07 23:21:13,327  root       handle_response DEBUG    Write: '7E8 04 41 0C 3F 20 \r7EA 04 41 0C 3F 20 \r\r>'
2024-10-07 23:21:13,328  root       run        DEBUG    Received '010D2'
2024-10-07 23:21:13,329  root       handle_request DEBUG    Handling: '010D2', header '7E0', ECU '7E0'
2024-10-07 23:21:13,329  root       handle_request DEBUG    Description: Vehicle Speed, PID SPEED (010D2)
2024-10-07 23:21:13,330  root       handle_response DEBUG    Processing: '<pos_answer>20</pos_answer> <header>7EA</header><size>03</size><data>41 0D 20</data>'
2024-10-07 23:21:13,330  root       handle_response DEBUG    Write: '7E8 03 41 0D 20 \r7EA 03 41 0D 20 \r\r>'
2024-10-07 23:21:13,332  root       run        DEBUG    Received '010E1'
2024-10-07 23:21:13,332  root       handle_request DEBUG    Handling: '010E1', header '7E0', ECU '7E0'
2024-10-07 23:21:13,333  root       handle_request INFO     Unknown ELM command: '010E1', header=7E0
2024-10-07 23:21:13,334  root       handle_response DEBUG    Processing: '<writeln>?</writeln>'
2024-10-07 23:21:13,334  root       handle_response DEBUG    Write: '?\r\r>'
2024-10-07 23:21:13,336  root       run        DEBUG    Received '010F1'
2024-10-07 23:21:13,336  root       handle_request DEBUG    Handling: '010F1', header '7E0', ECU '7E0'
2024-10-07 23:21:13,336  root       handle_request DEBUG    Description: Intake Air Temp, PID INTAKE_TEMP (010F1)
2024-10-07 23:21:13,337  root       handle_response DEBUG    Processing: '<pos_answer>44</pos_answer>'
2024-10-07 23:21:13,338  root       handle_response DEBUG    Write: '7E8 03 41 0F 44 \r\r>'
2024-10-07 23:21:13,339  root       run        DEBUG    Received '01101'
2024-10-07 23:21:13,340  root       handle_request DEBUG    Handling: '01101', header '7E0', ECU '7E0'
2024-10-07 23:21:13,340  root       handle_request DEBUG    Description: Air Flow Rate (MAF), PID MAF (01101)
2024-10-07 23:21:13,340  root       handle_response DEBUG    Processing: '<pos_answer>05 1F</pos_answer>'
2024-10-07 23:21:13,341  root       handle_response DEBUG    Write: '7E8 04 41 10 05 1F \r\r>'
2024-10-07 23:21:13,343  root       run        DEBUG    Received '01111'
2024-10-07 23:21:13,343  root       handle_request DEBUG    Handling: '01111', header '7E0', ECU '7E0'
2024-10-07 23:21:13,344  root       handle_request DEBUG    Description: Throttle Position, PID THROTTLE_POS (01111)
2024-10-07 23:21:13,344  root       handle_response DEBUG    Processing: '<pos_answer>FF</pos_answer>'
2024-10-07 23:21:13,345  root       handle_response DEBUG    Write: '7E8 03 41 11 FF \r\r>'
2024-10-07 23:21:13,346  root       run        DEBUG    Received '01131'
2024-10-07 23:21:13,347  root       handle_request DEBUG    Handling: '01131', header '7E0', ECU '7E0'
2024-10-07 23:21:13,348  root       handle_request INFO     Unknown ELM command: '01131', header=7E0
2024-10-07 23:21:13,348  root       handle_response DEBUG    Processing: '<writeln>?</writeln>'
2024-10-07 23:21:13,349  root       handle_response DEBUG    Write: '?\r\r>'
2024-10-07 23:21:13,350  root       run        DEBUG    Received '01151'
2024-10-07 23:21:13,350  root       handle_request DEBUG    Handling: '01151', header '7E0', ECU '7E0'
2024-10-07 23:21:13,351  root       handle_request INFO     Unknown ELM command: '01151', header=7E0
2024-10-07 23:21:13,352  root       handle_response DEBUG    Processing: '<writeln>?</writeln>'
2024-10-07 23:21:13,352  root       handle_response DEBUG    Write: '?\r\r>'
2024-10-07 23:21:13,353  root       run        DEBUG    Received '011C1'
2024-10-07 23:21:13,354  root       handle_request DEBUG    Handling: '011C1', header '7E0', ECU '7E0'
2024-10-07 23:21:13,354  root       handle_request DEBUG    Description: OBD Standards Compliance, PID OBD_COMPLIANCE (011C1)
2024-10-07 23:21:13,355  root       handle_response DEBUG    Processing: '<pos_answer>06</pos_answer>'
2024-10-07 23:21:13,355  root       handle_response DEBUG    Write: '7E8 03 41 1C 06 \r\r>'
2024-10-07 23:21:13,357  root       run        DEBUG    Received '011F1'
2024-10-07 23:21:13,357  root       handle_request DEBUG    Handling: '011F1', header '7E0', ECU '7E0'
2024-10-07 23:21:13,358  root       handle_request DEBUG    Description: Engine Run Time, PID RUN_TIME (011F1)
2024-10-07 23:21:13,358  root       handle_response DEBUG    Processing: '<pos_answer>00 8C</pos_answer>'
2024-10-07 23:21:13,358  root       handle_response DEBUG    Write: '7E8 04 41 1F 00 8C \r\r>'
2024-10-07 23:21:13,360  root       run        DEBUG    Received '01202'
2024-10-07 23:21:13,360  root       handle_request DEBUG    Handling: '01202', header '7E0', ECU '7E0'
2024-10-07 23:21:13,361  root       handle_request DEBUG    Description: PIDS_B, PID ELM_PIDS_B (01202)
2024-10-07 23:21:13,361  root       handle_response DEBUG    Processing: '<header>7EA</header><size>06</size><data>41 20 80 01 A0 01</data><pos_answer>90 15 B0 15</pos_answer>'
2024-10-07 23:21:13,362  root       handle_response DEBUG    Write: '7EA 06 41 20 80 01 A0 01 \r7E8 06 41 20 90 15 B0 15 \r\r>'
2024-10-07 23:21:13,363  root       run        DEBUG    Received '01211'
2024-10-07 23:21:13,363  root       handle_request DEBUG    Handling: '01211', header '7E0', ECU '7E0'
2024-10-07 23:21:13,364  root       handle_request DEBUG    Description: Distance Traveled with MIL on, PID DISTANCE_W_MIL (01211)
2024-10-07 23:21:13,364  root       handle_response DEBUG    Processing: '<pos_answer>00 00</pos_answer>'
2024-10-07 23:21:13,365  root       handle_response DEBUG    Write: '7E8 04 41 21 00 00 \r\r>'
2024-10-07 23:21:13,366  root       run        DEBUG    Received '01241'
2024-10-07 23:21:13,366  root       handle_request DEBUG    Handling: '01241', header '7E0', ECU '7E0'
2024-10-07 23:21:13,368  root       handle_request INFO     Unknown ELM command: '01241', header=7E0
2024-10-07 23:21:13,368  root       handle_response DEBUG    Processing: '<writeln>?</writeln>'
2024-10-07 23:21:13,368  root       handle_response DEBUG    Write: '?\r\r>'
2024-10-07 23:21:13,369  root       run        DEBUG    Received '012C1'
2024-10-07 23:21:13,370  root       handle_request DEBUG    Handling: '012C1', header '7E0', ECU '7E0'
2024-10-07 23:21:13,370  root       handle_request DEBUG    Description: Commanded EGR, PID COMMANDED_EGR (012C1)
2024-10-07 23:21:13,370  root       handle_response DEBUG    Processing: '<pos_answer>0D</pos_answer>'
2024-10-07 23:21:13,371  root       handle_response DEBUG    Write: '7E8 03 41 2C 0D \r\r>'
2024-10-07 23:21:13,372  root       run        DEBUG    Received '012E1'
2024-10-07 23:21:13,372  root       handle_request DEBUG    Handling: '012E1', header '7E0', ECU '7E0'
2024-10-07 23:21:13,373  root       handle_request INFO     Unknown ELM command: '012E1', header=7E0
2024-10-07 23:21:13,374  root       handle_response DEBUG    Processing: '<writeln>?</writeln>'
2024-10-07 23:21:13,374  root       handle_response DEBUG    Write: '?\r\r>'
2024-10-07 23:21:13,375  root       run        DEBUG    Received '01301'
2024-10-07 23:21:13,375  root       handle_request DEBUG    Handling: '01301', header '7E0', ECU '7E0'
2024-10-07 23:21:13,376  root       handle_request INFO     Unknown ELM command: '01301', header=7E0
2024-10-07 23:21:13,376  root       handle_response DEBUG    Processing: '<writeln>?</writeln>'
2024-10-07 23:21:13,376  root       handle_response DEBUG    Write: '?\r\r>'
2024-10-07 23:21:13,377  root       run        DEBUG    Received '01311'
2024-10-07 23:21:13,377  root       handle_request DEBUG    Handling: '01311', header '7E0', ECU '7E0'
2024-10-07 23:21:13,377  root       handle_request DEBUG    Description: Distance traveled since codes cleared, PID DISTANCE_SINCE_DTC_CLEAR (01311)
2024-10-07 23:21:13,377  root       handle_response DEBUG    Processing: '<pos_answer>C8 1F</pos_answer>'
2024-10-07 23:21:13,378  root       handle_response DEBUG    Write: '7E8 04 41 31 C8 1F \r\r>'
2024-10-07 23:21:13,378  root       run        DEBUG    Received '01331'
2024-10-07 23:21:13,379  root       handle_request DEBUG    Handling: '01331', header '7E0', ECU '7E0'
2024-10-07 23:21:13,379  root       handle_request DEBUG    Description: Barometric Pressure, PID BAROMETRIC_PRESSURE (01331)
2024-10-07 23:21:13,379  root       handle_response DEBUG    Processing: '<pos_answer>65</pos_answer>'
2024-10-07 23:21:13,379  root       handle_response DEBUG    Write: '7E8 03 41 33 65 \r\r>'
2024-10-07 23:21:13,380  root       run        DEBUG    Received '01341'
2024-10-07 23:21:13,380  root       handle_request DEBUG    Handling: '01341', header '7E0', ECU '7E0'
2024-10-07 23:21:13,381  root       handle_request INFO     Unknown ELM command: '01341', header=7E0
2024-10-07 23:21:13,381  root       handle_response DEBUG    Processing: '<writeln>?</writeln>'
2024-10-07 23:21:13,382  root       handle_response DEBUG    Write: '?\r\r>'
2024-10-07 23:21:13,382  root       run        DEBUG    Received '013C1'
2024-10-07 23:21:13,383  root       handle_request DEBUG    Handling: '013C1', header '7E0', ECU '7E0'
2024-10-07 23:21:13,383  root       handle_request DEBUG    Description: Catalyst Temperature: Bank 1 - Sensor 1, PID CATALYST_TEMP_B1S1 (013C1)
2024-10-07 23:21:13,383  root       handle_response DEBUG    Processing: '<pos_answer>04 44</pos_answer>'
2024-10-07 23:21:13,383  root       handle_response DEBUG    Write: '7E8 04 41 3C 04 44 \r\r>'
2024-10-07 23:21:13,386  root       run        DEBUG    Received '013E1'
2024-10-07 23:21:13,386  root       handle_request DEBUG    Handling: '013E1', header '7E0', ECU '7E0'
2024-10-07 23:21:13,387  root       handle_request INFO     Unknown ELM command: '013E1', header=7E0
2024-10-07 23:21:13,387  root       handle_response DEBUG    Processing: '<writeln>?</writeln>'
2024-10-07 23:21:13,387  root       handle_response DEBUG    Write: '?\r\r>'
2024-10-07 23:21:13,388  root       run        DEBUG    Received '01402'
2024-10-07 23:21:13,388  root       handle_request DEBUG    Handling: '01402', header '7E0', ECU '7E0'
2024-10-07 23:21:13,389  root       handle_request DEBUG    Description: PIDS_C, PID ELM_PIDS_C (01402)
2024-10-07 23:21:13,389  root       handle_response DEBUG    Processing: '<header>7EA</header><size>06</size><data>41 40 44 CC 00 21</data><pos_answer>7A 1C 80 00</pos_answer>'
2024-10-07 23:21:13,389  root       handle_response DEBUG    Write: '7EA 06 41 40 44 CC 00 21 \r7E8 06 41 40 7A 1C 80 00 \r\r>'
2024-10-07 23:21:13,390  root       run        DEBUG    Received '01421'
2024-10-07 23:21:13,390  root       handle_request DEBUG    Handling: '01421', header '7E0', ECU '7E0'
2024-10-07 23:21:13,391  root       handle_request DEBUG    Description: Control module voltage, PID CONTROL_MODULE_VOLTAGE (01421)
2024-10-07 23:21:13,391  root       handle_response DEBUG    Processing: '<pos_answer>39 D6</pos_answer>'
2024-10-07 23:21:13,391  root       handle_response DEBUG    Write: '7E8 04 41 42 39 D6 \r\r>'
2024-10-07 23:21:13,392  root       run        DEBUG    Received '01431'
2024-10-07 23:21:13,392  root       handle_request DEBUG    Handling: '01431', header '7E0', ECU '7E0'
2024-10-07 23:21:13,393  root       handle_request INFO     Unknown ELM command: '01431', header=7E0
2024-10-07 23:21:13,394  root       handle_response DEBUG    Processing: '<writeln>?</writeln>'
2024-10-07 23:21:13,394  root       handle_response DEBUG    Write: '?\r\r>'
2024-10-07 23:21:13,395  root       run        DEBUG    Received '01441'
2024-10-07 23:21:13,395  root       handle_request DEBUG    Handling: '01441', header '7E0', ECU '7E0'
2024-10-07 23:21:13,396  root       handle_request INFO     Unknown ELM command: '01441', header=7E0
2024-10-07 23:21:13,397  root       handle_response DEBUG    Processing: '<writeln>?</writeln>'
2024-10-07 23:21:13,397  root       handle_response DEBUG    Write: '?\r\r>'
2024-10-07 23:21:13,397  root       run        DEBUG    Received '01451'
2024-10-07 23:21:13,398  root       handle_request DEBUG    Handling: '01451', header '7E0', ECU '7E0'
2024-10-07 23:21:13,398  root       handle_request INFO     Unknown ELM command: '01451', header=7E0
2024-10-07 23:21:13,398  root       handle_response DEBUG    Processing: '<writeln>?</writeln>'
2024-10-07 23:21:13,399  root       handle_response DEBUG    Write: '?\r\r>'
2024-10-07 23:21:13,399  root       run        DEBUG    Received '01471'
2024-10-07 23:21:13,400  root       handle_request DEBUG    Handling: '01471', header '7E0', ECU '7E0'
2024-10-07 23:21:13,400  root       handle_request INFO     Unknown ELM command: '01471', header=7E0
2024-10-07 23:21:13,401  root       handle_response DEBUG    Processing: '<writeln>?</writeln>'
2024-10-07 23:21:13,401  root       handle_response DEBUG    Write: '?\r\r>'
2024-10-07 23:21:13,402  root       run        DEBUG    Received '014C1'
2024-10-07 23:21:13,402  root       handle_request DEBUG    Handling: '014C1', header '7E0', ECU '7E0'
2024-10-07 23:21:13,403  root       handle_request DEBUG    Description: Commanded throttle actuator, PID THROTTLE_ACTUATOR (014C1)
2024-10-07 23:21:13,403  root       handle_response DEBUG    Processing: '<pos_answer>00</pos_answer>'
2024-10-07 23:21:13,403  root       handle_response DEBUG    Write: '7E8 03 41 4C 00 \r\r>'
2024-10-07 23:21:13,404  root       run        DEBUG    Received '014D1'
2024-10-07 23:21:13,404  root       handle_request DEBUG    Handling: '014D1', header '7E0', ECU '7E0'
2024-10-07 23:21:13,404  root       handle_request DEBUG    Description: Time run with MIL on, PID RUN_TIME_MIL (014D1)
2024-10-07 23:21:13,405  root       handle_response DEBUG    Processing: '<pos_answer>00 00</pos_answer>'
2024-10-07 23:21:13,405  root       handle_response DEBUG    Write: '7E8 04 41 4D 00 00 \r\r>'
2024-10-07 23:21:13,405  root       run        DEBUG    Received '014E1'
2024-10-07 23:21:13,406  root       handle_request DEBUG    Handling: '014E1', header '7E0', ECU '7E0'
2024-10-07 23:21:13,406  root       handle_request DEBUG    Description: Time since trouble codes cleared, PID TIME_SINCE_DTC_CLEARED (014E1)
2024-10-07 23:21:13,406  root       handle_response DEBUG    Processing: '<pos_answer>4C 69</pos_answer>'
2024-10-07 23:21:13,406  root       handle_response DEBUG    Write: '7E8 04 41 4E 4C 69 \r\r>'
2024-10-07 23:21:13,407  root       run        DEBUG    Received '01511'
2024-10-07 23:21:13,407  root       handle_request DEBUG    Handling: '01511', header '7E0', ECU '7E0'
2024-10-07 23:21:13,407  root       handle_request DEBUG    Description: Fuel Type, PID FUEL_TYPE (01511)
2024-10-07 23:21:13,407  root       handle_response DEBUG    Processing: '<pos_answer>01</pos_answer>'
2024-10-07 23:21:13,408  root       handle_response DEBUG    Write: '7E8 03 41 51 01 \r\r>'
2024-10-07 23:21:14,731  root       run        DEBUG    Received '01011'
2024-10-07 23:21:14,731  root       handle_request DEBUG    Handling: '01011', header '7E0', ECU '7E0'
2024-10-07 23:21:14,732  root       handle_request INFO     Unknown ELM command: '01011', header=7E0
2024-10-07 23:21:14,732  root       handle_response DEBUG    Processing: '<writeln>?</writeln>'
2024-10-07 23:21:14,732  root       handle_response DEBUG    Write: '?\r\r>'
2024-10-07 23:21:14,735  root       run        DEBUG    Received '01031'
2024-10-07 23:21:14,735  root       handle_request DEBUG    Handling: '01031', header '7E0', ECU '7E0'
2024-10-07 23:21:14,735  root       handle_request DEBUG    Description: Fuel System Status, PID FUEL_STATUS (01031)
2024-10-07 23:21:14,735  root       handle_response DEBUG    Processing: '<pos_answer>00 00</pos_answer>'
2024-10-07 23:21:14,736  root       handle_response DEBUG    Write: '7E8 04 41 03 00 00 \r\r>'
2024-10-07 23:21:14,736  root       run        DEBUG    Received '01041'
2024-10-07 23:21:14,737  root       handle_request DEBUG    Handling: '01041', header '7E0', ECU '7E0'
2024-10-07 23:21:14,737  root       handle_request DEBUG    Description: Calculated Engine Load, PID ENGINE_LOAD (01041)
2024-10-07 23:21:14,737  root       handle_response DEBUG    Processing: '<pos_answer>00</pos_answer>'
2024-10-07 23:21:14,737  root       handle_response DEBUG    Write: '7E8 03 41 04 00 \r\r>'
2024-10-07 23:21:14,738  root       run        DEBUG    Received '01051'
2024-10-07 23:21:14,738  root       handle_request DEBUG    Handling: '01051', header '7E0', ECU '7E0'
2024-10-07 23:21:14,738  root       handle_request DEBUG    Description: Engine Coolant Temperature, PID COOLANT_TEMP (01051)
2024-10-07 23:21:14,738  root       handle_response DEBUG    Processing: '<pos_answer>7B</pos_answer>'
2024-10-07 23:21:14,739  root       handle_response DEBUG    Write: '7E8 03 41 05 7B \r\r>'
2024-10-07 23:21:14,739  root       run        DEBUG    Received '01061'
2024-10-07 23:21:14,740  root       handle_request DEBUG    Handling: '01061', header '7E0', ECU '7E0'
2024-10-07 23:21:14,740  root       handle_request INFO     Unknown ELM command: '01061', header=7E0
2024-10-07 23:21:14,740  root       handle_response DEBUG    Processing: '<writeln>?</writeln>'
2024-10-07 23:21:14,741  root       handle_response DEBUG    Write: '?\r\r>'
2024-10-07 23:21:14,741  root       run        DEBUG    Received '01071'
2024-10-07 23:21:14,741  root       handle_request DEBUG    Handling: '01071', header '7E0', ECU '7E0'
2024-10-07 23:21:14,742  root       handle_request INFO     Unknown ELM command: '01071', header=7E0
2024-10-07 23:21:14,742  root       handle_response DEBUG    Processing: '<writeln>?</writeln>'
2024-10-07 23:21:14,743  root       handle_response DEBUG    Write: '?\r\r>'
2024-10-07 23:21:14,743  root       run        DEBUG    Received '010B1'
2024-10-07 23:21:14,743  root       handle_request DEBUG    Handling: '010B1', header '7E0', ECU '7E0'
2024-10-07 23:21:14,744  root       handle_request DEBUG    Description: Intake Manifold Pressure, PID INTAKE_PRESSURE (010B1)
2024-10-07 23:21:14,744  root       handle_response DEBUG    Processing: '<pos_answer>73</pos_answer>'
2024-10-07 23:21:14,744  root       handle_response DEBUG    Write: '7E8 03 41 0B 73 \r\r>'
2024-10-07 23:21:14,745  root       run        DEBUG    Received '010C2'
2024-10-07 23:21:14,745  root       handle_request DEBUG    Handling: '010C2', header '7E0', ECU '7E0'
2024-10-07 23:21:14,745  root       handle_request DEBUG    Description: Engine RPM, PID RPM (010C2)
2024-10-07 23:21:14,746  root       handle_response DEBUG    Processing: '<pos_answer>3F 70</pos_answer> <header>7EA</header><size>04</size><data>41 0C 3F 70</data>'
2024-10-07 23:21:14,746  root       handle_response DEBUG    Write: '7E8 04 41 0C 3F 70 \r7EA 04 41 0C 3F 70 \r\r>'
2024-10-07 23:21:14,747  root       run        DEBUG    Received '010D2'
2024-10-07 23:21:14,747  root       handle_request DEBUG    Handling: '010D2', header '7E0', ECU '7E0'
2024-10-07 23:21:14,747  root       handle_request DEBUG    Description: Vehicle Speed, PID SPEED (010D2)
2024-10-07 23:21:14,748  root       handle_response DEBUG    Processing: '<pos_answer>1C</pos_answer> <header>7EA</header><size>03</size><data>41 0D 1C</data>'
2024-10-07 23:21:14,748  root       handle_response DEBUG    Write: '7E8 03 41 0D 1C \r7EA 03 41 0D 1C \r\r>'
2024-10-07 23:21:14,749  root       run        DEBUG    Received '010E1'
2024-10-07 23:21:14,749  root       handle_request DEBUG    Handling: '010E1', header '7E0', ECU '7E0'
2024-10-07 23:21:14,750  root       handle_request INFO     Unknown ELM command: '010E1', header=7E0
2024-10-07 23:21:14,751  root       handle_response DEBUG    Processing: '<writeln>?</writeln>'
2024-10-07 23:21:14,751  root       handle_response DEBUG    Write: '?\r\r>'
2024-10-07 23:21:14,752  root       run        DEBUG    Received '010F1'
2024-10-07 23:21:14,752  root       handle_request DEBUG    Handling: '010F1', header '7E0', ECU '7E0'
2024-10-07 23:21:14,752  root       handle_request DEBUG    Description: Intake Air Temp, PID INTAKE_TEMP (010F1)
2024-10-07 23:21:14,753  root       handle_response DEBUG    Processing: '<pos_answer>44</pos_answer>'
2024-10-07 23:21:14,753  root       handle_response DEBUG    Write: '7E8 03 41 0F 44 \r\r>'
2024-10-07 23:21:14,754  root       run        DEBUG    Received '01101'
2024-10-07 23:21:14,754  root       handle_request DEBUG    Handling: '01101', header '7E0', ECU '7E0'
2024-10-07 23:21:14,755  root       handle_request DEBUG    Description: Air Flow Rate (MAF), PID MAF (01101)
2024-10-07 23:21:14,755  root       handle_response DEBUG    Processing: '<pos_answer>05 1F</pos_answer>'
2024-10-07 23:21:14,755  root       handle_response DEBUG    Write: '7E8 04 41 10 05 1F \r\r>'
2024-10-07 23:21:14,756  root       run        DEBUG    Received '01111'
2024-10-07 23:21:14,756  root       handle_request DEBUG    Handling: '01111', header '7E0', ECU '7E0'
2024-10-07 23:21:14,757  root       handle_request DEBUG    Description: Throttle Position, PID THROTTLE_POS (01111)
2024-10-07 23:21:14,757  root       handle_response DEBUG    Processing: '<pos_answer>FF</pos_answer>'
2024-10-07 23:21:14,757  root       handle_response DEBUG    Write: '7E8 03 41 11 FF \r\r>'
2024-10-07 23:21:14,758  root       run        DEBUG    Received '01131'
2024-10-07 23:21:14,758  root       handle_request DEBUG    Handling: '01131', header '7E0', ECU '7E0'
2024-10-07 23:21:14,759  root       handle_request INFO     Unknown ELM command: '01131', header=7E0
2024-10-07 23:21:14,759  root       handle_response DEBUG    Processing: '<writeln>?</writeln>'
2024-10-07 23:21:14,759  root       handle_response DEBUG    Write: '?\r\r>'
2024-10-07 23:21:14,760  root       run        DEBUG    Received '01151'
2024-10-07 23:21:14,760  root       handle_request DEBUG    Handling: '01151', header '7E0', ECU '7E0'
2024-10-07 23:21:14,761  root       handle_request INFO     Unknown ELM command: '01151', header=7E0
2024-10-07 23:21:14,761  root       handle_response DEBUG    Processing: '<writeln>?</writeln>'
2024-10-07 23:21:14,761  root       handle_response DEBUG    Write: '?\r\r>'
2024-10-07 23:21:14,762  root       run        DEBUG    Received '011C1'
2024-10-07 23:21:14,762  root       handle_request DEBUG    Handling: '011C1', header '7E0', ECU '7E0'
2024-10-07 23:21:14,762  root       handle_request DEBUG    Description: OBD Standards Compliance, PID OBD_COMPLIANCE (011C1)
2024-10-07 23:21:14,763  root       handle_response DEBUG    Processing: '<pos_answer>06</pos_answer>'
2024-10-07 23:21:14,763  root       handle_response DEBUG    Write: '7E8 03 41 1C 06 \r\r>'
2024-10-07 23:21:14,764  root       run        DEBUG    Received '011F1'
2024-10-07 23:21:14,764  root       handle_request DEBUG    Handling: '011F1', header '7E0', ECU '7E0'
2024-10-07 23:21:14,764  root       handle_request DEBUG    Description: Engine Run Time, PID RUN_TIME (011F1)
2024-10-07 23:21:14,764  root       handle_response DEBUG    Processing: '<pos_answer>00 8C</pos_answer>'
2024-10-07 23:21:14,764  root       handle_response DEBUG    Write: '7E8 04 41 1F 00 8C \r\r>'
2024-10-07 23:21:14,765  root       run        DEBUG    Received '01202'
2024-10-07 23:21:14,766  root       handle_request DEBUG    Handling: '01202', header '7E0', ECU '7E0'
2024-10-07 23:21:14,766  root       handle_request DEBUG    Description: PIDS_B, PID ELM_PIDS_B (01202)
2024-10-07 23:21:14,766  root       handle_response DEBUG    Processing: '<header>7EA</header><size>06</size><data>41 20 80 01 A0 01</data><pos_answer>90 15 B0 15</pos_answer>'
2024-10-07 23:21:14,766  root       handle_response DEBUG    Write: '7EA 06 41 20 80 01 A0 01 \r7E8 06 41 20 90 15 B0 15 \r\r>'
2024-10-07 23:21:14,767  root       run        DEBUG    Received '01211'
2024-10-07 23:21:14,767  root       handle_request DEBUG    Handling: '01211', header '7E0', ECU '7E0'
2024-10-07 23:21:14,768  root       handle_request DEBUG    Description: Distance Traveled with MIL on, PID DISTANCE_W_MIL (01211)
2024-10-07 23:21:14,768  root       handle_response DEBUG    Processing: '<pos_answer>00 00</pos_answer>'
2024-10-07 23:21:14,768  root       handle_response DEBUG    Write: '7E8 04 41 21 00 00 \r\r>'
2024-10-07 23:21:14,769  root       run        DEBUG    Received '01241'
2024-10-07 23:21:14,769  root       handle_request DEBUG    Handling: '01241', header '7E0', ECU '7E0'
2024-10-07 23:21:14,770  root       handle_request INFO     Unknown ELM command: '01241', header=7E0
2024-10-07 23:21:14,770  root       handle_response DEBUG    Processing: '<writeln>?</writeln>'
2024-10-07 23:21:14,770  root       handle_response DEBUG    Write: '?\r\r>'
2024-10-07 23:21:14,771  root       run        DEBUG    Received '012C1'
2024-10-07 23:21:14,771  root       handle_request DEBUG    Handling: '012C1', header '7E0', ECU '7E0'
2024-10-07 23:21:14,771  root       handle_request DEBUG    Description: Commanded EGR, PID COMMANDED_EGR (012C1)
2024-10-07 23:21:14,772  root       handle_response DEBUG    Processing: '<pos_answer>0D</pos_answer>'
2024-10-07 23:21:14,772  root       handle_response DEBUG    Write: '7E8 03 41 2C 0D \r\r>'
2024-10-07 23:21:14,773  root       run        DEBUG    Received '012E1'
2024-10-07 23:21:14,773  root       handle_request DEBUG    Handling: '012E1', header '7E0', ECU '7E0'
2024-10-07 23:21:14,774  root       handle_request INFO     Unknown ELM command: '012E1', header=7E0
2024-10-07 23:21:14,774  root       handle_response DEBUG    Processing: '<writeln>?</writeln>'
2024-10-07 23:21:14,774  root       handle_response DEBUG    Write: '?\r\r>'
2024-10-07 23:21:14,775  root       run        DEBUG    Received '01301'
2024-10-07 23:21:14,776  root       handle_request DEBUG    Handling: '01301', header '7E0', ECU '7E0'
2024-10-07 23:21:14,776  root       handle_request INFO     Unknown ELM command: '01301', header=7E0
2024-10-07 23:21:14,776  root       handle_response DEBUG    Processing: '<writeln>?</writeln>'
2024-10-07 23:21:14,777  root       handle_response DEBUG    Write: '?\r\r>'
2024-10-07 23:21:14,778  root       run        DEBUG    Received '01311'
2024-10-07 23:21:14,778  root       handle_request DEBUG    Handling: '01311', header '7E0', ECU '7E0'
2024-10-07 23:21:14,778  root       handle_request DEBUG    Description: Distance traveled since codes cleared, PID DISTANCE_SINCE_DTC_CLEAR (01311)
2024-10-07 23:21:14,778  root       handle_response DEBUG    Processing: '<pos_answer>C8 1F</pos_answer>'
2024-10-07 23:21:14,778  root       handle_response DEBUG    Write: '7E8 04 41 31 C8 1F \r\r>'
2024-10-07 23:21:14,780  root       run        DEBUG    Received '01331'
2024-10-07 23:21:14,780  root       handle_request DEBUG    Handling: '01331', header '7E0', ECU '7E0'
2024-10-07 23:21:14,780  root       handle_request DEBUG    Description: Barometric Pressure, PID BAROMETRIC_PRESSURE (01331)
2024-10-07 23:21:14,780  root       handle_response DEBUG    Processing: '<pos_answer>65</pos_answer>'
2024-10-07 23:21:14,781  root       handle_response DEBUG    Write: '7E8 03 41 33 65 \r\r>'
2024-10-07 23:21:14,782  root       run        DEBUG    Received '01341'
2024-10-07 23:21:14,782  root       handle_request DEBUG    Handling: '01341', header '7E0', ECU '7E0'
2024-10-07 23:21:14,783  root       handle_request INFO     Unknown ELM command: '01341', header=7E0
2024-10-07 23:21:14,783  root       handle_response DEBUG    Processing: '<writeln>?</writeln>'
2024-10-07 23:21:14,784  root       handle_response DEBUG    Write: '?\r\r>'
2024-10-07 23:21:14,784  root       run        DEBUG    Received '013C1'
2024-10-07 23:21:14,785  root       handle_request DEBUG    Handling: '013C1', header '7E0', ECU '7E0'
2024-10-07 23:21:14,785  root       handle_request DEBUG    Description: Catalyst Temperature: Bank 1 - Sensor 1, PID CATALYST_TEMP_B1S1 (013C1)
2024-10-07 23:21:14,785  root       handle_response DEBUG    Processing: '<pos_answer>04 44</pos_answer>'
2024-10-07 23:21:14,785  root       handle_response DEBUG    Write: '7E8 04 41 3C 04 44 \r\r>'
2024-10-07 23:21:14,788  root       run        DEBUG    Received '013E1'
2024-10-07 23:21:14,788  root       handle_request DEBUG    Handling: '013E1', header '7E0', ECU '7E0'
2024-10-07 23:21:14,789  root       handle_request INFO     Unknown ELM command: '013E1', header=7E0
2024-10-07 23:21:14,789  root       handle_response DEBUG    Processing: '<writeln>?</writeln>'
2024-10-07 23:21:14,790  root       handle_response DEBUG    Write: '?\r\r>'
2024-10-07 23:21:14,790  root       run        DEBUG    Received '01402'
2024-10-07 23:21:14,790  root       handle_request DEBUG    Handling: '01402', header '7E0', ECU '7E0'
2024-10-07 23:21:14,791  root       handle_request DEBUG    Description: PIDS_C, PID ELM_PIDS_C (01402)
2024-10-07 23:21:14,791  root       handle_response DEBUG    Processing: '<header>7EA</header><size>06</size><data>41 40 44 CC 00 21</data><pos_answer>7A 1C 80 00</pos_answer>'
2024-10-07 23:21:14,791  root       handle_response DEBUG    Write: '7EA 06 41 40 44 CC 00 21 \r7E8 06 41 40 7A 1C 80 00 \r\r>'
2024-10-07 23:21:14,792  root       run        DEBUG    Received '01421'
2024-10-07 23:21:14,792  root       handle_request DEBUG    Handling: '01421', header '7E0', ECU '7E0'
2024-10-07 23:21:14,792  root       handle_request DEBUG    Description: Control module voltage, PID CONTROL_MODULE_VOLTAGE (01421)
2024-10-07 23:21:14,793  root       handle_response DEBUG    Processing: '<pos_answer>39 D6</pos_answer>'
2024-10-07 23:21:14,793  root       handle_response DEBUG    Write: '7E8 04 41 42 39 D6 \r\r>'
2024-10-07 23:21:14,794  root       run        DEBUG    Received '01431'
2024-10-07 23:21:14,794  root       handle_request DEBUG    Handling: '01431', header '7E0', ECU '7E0'
2024-10-07 23:21:14,795  root       handle_request INFO     Unknown ELM command: '01431', header=7E0
2024-10-07 23:21:14,795  root       handle_response DEBUG    Processing: '<writeln>?</writeln>'
2024-10-07 23:21:14,795  root       handle_response DEBUG    Write: '?\r\r>'
2024-10-07 23:21:14,796  root       run        DEBUG    Received '01441'
2024-10-07 23:21:14,796  root       handle_request DEBUG    Handling: '01441', header '7E0', ECU '7E0'
2024-10-07 23:21:14,797  root       handle_request INFO     Unknown ELM command: '01441', header=7E0
2024-10-07 23:21:14,797  root       handle_response DEBUG    Processing: '<writeln>?</writeln>'
2024-10-07 23:21:14,797  root       handle_response DEBUG    Write: '?\r\r>'
2024-10-07 23:21:14,798  root       run        DEBUG    Received '01451'
2024-10-07 23:21:14,798  root       handle_request DEBUG    Handling: '01451', header '7E0', ECU '7E0'
2024-10-07 23:21:14,799  root       handle_request INFO     Unknown ELM command: '01451', header=7E0
2024-10-07 23:21:14,799  root       handle_response DEBUG    Processing: '<writeln>?</writeln>'
2024-10-07 23:21:14,799  root       handle_response DEBUG    Write: '?\r\r>'
2024-10-07 23:21:14,800  root       run        DEBUG    Received '01471'
2024-10-07 23:21:14,800  root       handle_request DEBUG    Handling: '01471', header '7E0', ECU '7E0'
2024-10-07 23:21:14,801  root       handle_request INFO     Unknown ELM command: '01471', header=7E0
2024-10-07 23:21:14,801  root       handle_response DEBUG    Processing: '<writeln>?</writeln>'
2024-10-07 23:21:14,801  root       handle_response DEBUG    Write: '?\r\r>'
2024-10-07 23:21:14,802  root       run        DEBUG    Received '014C1'
2024-10-07 23:21:14,802  root       handle_request DEBUG    Handling: '014C1', header '7E0', ECU '7E0'
2024-10-07 23:21:14,802  root       handle_request DEBUG    Description: Commanded throttle actuator, PID THROTTLE_ACTUATOR (014C1)
2024-10-07 23:21:14,802  root       handle_response DEBUG    Processing: '<pos_answer>00</pos_answer>'
2024-10-07 23:21:14,803  root       handle_response DEBUG    Write: '7E8 03 41 4C 00 \r\r>'
2024-10-07 23:21:14,804  root       run        DEBUG    Received '014D1'
2024-10-07 23:21:14,804  root       handle_request DEBUG    Handling: '014D1', header '7E0', ECU '7E0'
2024-10-07 23:21:14,804  root       handle_request DEBUG    Description: Time run with MIL on, PID RUN_TIME_MIL (014D1)
2024-10-07 23:21:14,804  root       handle_response DEBUG    Processing: '<pos_answer>00 00</pos_answer>'
2024-10-07 23:21:14,805  root       handle_response DEBUG    Write: '7E8 04 41 4D 00 00 \r\r>'
2024-10-07 23:21:14,806  root       run        DEBUG    Received '014E1'
2024-10-07 23:21:14,806  root       handle_request DEBUG    Handling: '014E1', header '7E0', ECU '7E0'
2024-10-07 23:21:14,806  root       handle_request DEBUG    Description: Time since trouble codes cleared, PID TIME_SINCE_DTC_CLEARED (014E1)
2024-10-07 23:21:14,806  root       handle_response DEBUG    Processing: '<pos_answer>4C 69</pos_answer>'
2024-10-07 23:21:14,807  root       handle_response DEBUG    Write: '7E8 04 41 4E 4C 69 \r\r>'
2024-10-07 23:21:14,808  root       run        DEBUG    Received '01511'
2024-10-07 23:21:14,808  root       handle_request DEBUG    Handling: '01511', header '7E0', ECU '7E0'
2024-10-07 23:21:14,808  root       handle_request DEBUG    Description: Fuel Type, PID FUEL_TYPE (01511)
2024-10-07 23:21:14,808  root       handle_response DEBUG    Processing: '<pos_answer>01</pos_answer>'
2024-10-07 23:21:14,809  root       handle_response DEBUG    Write: '7E8 03 41 51 01 \r\r>'
2024-10-07 23:21:15,060  root       run        DEBUG    Received '01011'
2024-10-07 23:21:15,061  root       handle_request DEBUG    Handling: '01011', header '7E0', ECU '7E0'
2024-10-07 23:21:15,062  root       handle_request INFO     Unknown ELM command: '01011', header=7E0
2024-10-07 23:21:15,063  root       handle_response DEBUG    Processing: '<writeln>?</writeln>'
2024-10-07 23:21:15,063  root       handle_response DEBUG    Write: '?\r\r>'
2024-10-07 23:21:15,071  root       run        DEBUG    Received '01031'
2024-10-07 23:21:15,072  root       handle_request DEBUG    Handling: '01031', header '7E0', ECU '7E0'
2024-10-07 23:21:15,072  root       handle_request DEBUG    Description: Fuel System Status, PID FUEL_STATUS (01031)
2024-10-07 23:21:15,072  root       handle_response DEBUG    Processing: '<pos_answer>00 00</pos_answer>'
2024-10-07 23:21:15,073  root       handle_response DEBUG    Write: '7E8 04 41 03 00 00 \r\r>'
2024-10-07 23:21:15,075  root       run        DEBUG    Received '01041'
2024-10-07 23:21:15,075  root       handle_request DEBUG    Handling: '01041', header '7E0', ECU '7E0'
2024-10-07 23:21:15,075  root       handle_request DEBUG    Description: Calculated Engine Load, PID ENGINE_LOAD (01041)
2024-10-07 23:21:15,076  root       handle_response DEBUG    Processing: '<pos_answer>00</pos_answer>'
2024-10-07 23:21:15,077  root       handle_response DEBUG    Write: '7E8 03 41 04 00 \r\r>'
2024-10-07 23:21:15,078  root       run        DEBUG    Received '01051'
2024-10-07 23:21:15,079  root       handle_request DEBUG    Handling: '01051', header '7E0', ECU '7E0'
2024-10-07 23:21:15,079  root       handle_request DEBUG    Description: Engine Coolant Temperature, PID COOLANT_TEMP (01051)
2024-10-07 23:21:15,080  root       handle_response DEBUG    Processing: '<pos_answer>7B</pos_answer>'
2024-10-07 23:21:15,080  root       handle_response DEBUG    Write: '7E8 03 41 05 7B \r\r>'
2024-10-07 23:21:15,082  root       run        DEBUG    Received '01061'
2024-10-07 23:21:15,083  root       handle_request DEBUG    Handling: '01061', header '7E0', ECU '7E0'
2024-10-07 23:21:15,084  root       handle_request INFO     Unknown ELM command: '01061', header=7E0
2024-10-07 23:21:15,085  root       handle_response DEBUG    Processing: '<writeln>?</writeln>'
2024-10-07 23:21:15,085  root       handle_response DEBUG    Write: '?\r\r>'
2024-10-07 23:21:15,087  root       run        DEBUG    Received '01071'
2024-10-07 23:21:15,088  root       handle_request DEBUG    Handling: '01071', header '7E0', ECU '7E0'
2024-10-07 23:21:15,089  root       handle_request INFO     Unknown ELM command: '01071', header=7E0
2024-10-07 23:21:15,089  root       handle_response DEBUG    Processing: '<writeln>?</writeln>'
2024-10-07 23:21:15,090  root       handle_response DEBUG    Write: '?\r\r>'
2024-10-07 23:21:15,091  root       run        DEBUG    Received '010B1'
2024-10-07 23:21:15,092  root       handle_request DEBUG    Handling: '010B1', header '7E0', ECU '7E0'
2024-10-07 23:21:15,092  root       handle_request DEBUG    Description: Intake Manifold Pressure, PID INTAKE_PRESSURE (010B1)
2024-10-07 23:21:15,093  root       handle_response DEBUG    Processing: '<pos_answer>73</pos_answer>'
2024-10-07 23:21:15,093  root       handle_response DEBUG    Write: '7E8 03 41 0B 73 \r\r>'
2024-10-07 23:21:15,095  root       run        DEBUG    Received '010C2'
2024-10-07 23:21:15,096  root       handle_request DEBUG    Handling: '010C2', header '7E0', ECU '7E0'
2024-10-07 23:21:15,096  root       handle_request DEBUG    Description: Engine RPM, PID RPM (010C2)
2024-10-07 23:21:15,096  root       handle_response DEBUG    Processing: '<pos_answer>3F C0</pos_answer> <header>7EA</header><size>04</size><data>41 0C 3F C0</data>'
2024-10-07 23:21:15,097  root       handle_response DEBUG    Write: '7E8 04 41 0C 3F C0 \r7EA 04 41 0C 3F C0 \r\r>'
2024-10-07 23:21:15,099  root       run        DEBUG    Received '010D2'
2024-10-07 23:21:15,099  root       handle_request DEBUG    Handling: '010D2', header '7E0', ECU '7E0'
2024-10-07 23:21:15,100  root       handle_request DEBUG    Description: Vehicle Speed, PID SPEED (010D2)
2024-10-07 23:21:15,100  root       handle_response DEBUG    Processing: '<pos_answer>18</pos_answer> <header>7EA</header><size>03</size><data>41 0D 18</data>'
2024-10-07 23:21:15,101  root       handle_response DEBUG    Write: '7E8 03 41 0D 18 \r7EA 03 41 0D 18 \r\r>'
2024-10-07 23:21:15,102  root       run        DEBUG    Received '010E1'
2024-10-07 23:21:15,103  root       handle_request DEBUG    Handling: '010E1', header '7E0', ECU '7E0'
2024-10-07 23:21:15,104  root       handle_request INFO     Unknown ELM command: '010E1', header=7E0
2024-10-07 23:21:15,104  root       handle_response DEBUG    Processing: '<writeln>?</writeln>'
2024-10-07 23:21:15,105  root       handle_response DEBUG    Write: '?\r\r>'
2024-10-07 23:21:15,106  root       run        DEBUG    Received '010F1'
2024-10-07 23:21:15,107  root       handle_request DEBUG    Handling: '010F1', header '7E0', ECU '7E0'
2024-10-07 23:21:15,107  root       handle_request DEBUG    Description: Intake Air Temp, PID INTAKE_TEMP (010F1)
2024-10-07 23:21:15,108  root       handle_response DEBUG    Processing: '<pos_answer>44</pos_answer>'
2024-10-07 23:21:15,108  root       handle_response DEBUG    Write: '7E8 03 41 0F 44 \r\r>'
2024-10-07 23:21:15,110  root       run        DEBUG    Received '01101'
2024-10-07 23:21:15,111  root       handle_request DEBUG    Handling: '01101', header '7E0', ECU '7E0'
2024-10-07 23:21:15,111  root       handle_request DEBUG    Description: Air Flow Rate (MAF), PID MAF (01101)
2024-10-07 23:21:15,112  root       handle_response DEBUG    Processing: '<pos_answer>05 1F</pos_answer>'
2024-10-07 23:21:15,112  root       handle_response DEBUG    Write: '7E8 04 41 10 05 1F \r\r>'
2024-10-07 23:21:15,114  root       run        DEBUG    Received '01111'
2024-10-07 23:21:15,115  root       handle_request DEBUG    Handling: '01111', header '7E0', ECU '7E0'
2024-10-07 23:21:15,115  root       handle_request DEBUG    Description: Throttle Position, PID THROTTLE_POS (01111)
2024-10-07 23:21:15,115  root       handle_response DEBUG    Processing: '<pos_answer>FF</pos_answer>'
2024-10-07 23:21:15,116  root       handle_response DEBUG    Write: '7E8 03 41 11 FF \r\r>'
2024-10-07 23:21:15,118  root       run        DEBUG    Received '01131'
2024-10-07 23:21:15,118  root       handle_request DEBUG    Handling: '01131', header '7E0', ECU '7E0'
2024-10-07 23:21:15,120  root       handle_request INFO     Unknown ELM command: '01131', header=7E0
2024-10-07 23:21:15,120  root       handle_response DEBUG    Processing: '<writeln>?</writeln>'
2024-10-07 23:21:15,120  root       handle_response DEBUG    Write: '?\r\r>'
2024-10-07 23:21:15,122  root       run        DEBUG    Received '01151'
2024-10-07 23:21:15,122  root       handle_request DEBUG    Handling: '01151', header '7E0', ECU '7E0'
2024-10-07 23:21:15,123  root       handle_request INFO     Unknown ELM command: '01151', header=7E0
2024-10-07 23:21:15,124  root       handle_response DEBUG    Processing: '<writeln>?</writeln>'
2024-10-07 23:21:15,124  root       handle_response DEBUG    Write: '?\r\r>'
2024-10-07 23:21:15,125  root       run        DEBUG    Received '011C1'
2024-10-07 23:21:15,126  root       handle_request DEBUG    Handling: '011C1', header '7E0', ECU '7E0'
2024-10-07 23:21:15,126  root       handle_request DEBUG    Description: OBD Standards Compliance, PID OBD_COMPLIANCE (011C1)
2024-10-07 23:21:15,126  root       handle_response DEBUG    Processing: '<pos_answer>06</pos_answer>'
2024-10-07 23:21:15,127  root       handle_response DEBUG    Write: '7E8 03 41 1C 06 \r\r>'
2024-10-07 23:21:15,128  root       run        DEBUG    Received '011F1'
2024-10-07 23:21:15,128  root       handle_request DEBUG    Handling: '011F1', header '7E0', ECU '7E0'
2024-10-07 23:21:15,129  root       handle_request DEBUG    Description: Engine Run Time, PID RUN_TIME (011F1)
2024-10-07 23:21:15,129  root       handle_response DEBUG    Processing: '<pos_answer>00 8C</pos_answer>'
2024-10-07 23:21:15,129  root       handle_response DEBUG    Write: '7E8 04 41 1F 00 8C \r\r>'
2024-10-07 23:21:15,131  root       run        DEBUG    Received '01202'
2024-10-07 23:21:15,131  root       handle_request DEBUG    Handling: '01202', header '7E0', ECU '7E0'
2024-10-07 23:21:15,131  root       handle_request DEBUG    Description: PIDS_B, PID ELM_PIDS_B (01202)
2024-10-07 23:21:15,131  root       handle_response DEBUG    Processing: '<header>7EA</header><size>06</size><data>41 20 80 01 A0 01</data><pos_answer>90 15 B0 15</pos_answer>'
2024-10-07 23:21:15,132  root       handle_response DEBUG    Write: '7EA 06 41 20 80 01 A0 01 \r7E8 06 41 20 90 15 B0 15 \r\r>'
2024-10-07 23:21:15,132  root       run        DEBUG    Received '01211'
2024-10-07 23:21:15,133  root       handle_request DEBUG    Handling: '01211', header '7E0', ECU '7E0'
2024-10-07 23:21:15,133  root       handle_request DEBUG    Description: Distance Traveled with MIL on, PID DISTANCE_W_MIL (01211)
2024-10-07 23:21:15,133  root       handle_response DEBUG    Processing: '<pos_answer>00 00</pos_answer>'
2024-10-07 23:21:15,133  root       handle_response DEBUG    Write: '7E8 04 41 21 00 00 \r\r>'
2024-10-07 23:21:15,134  root       run        DEBUG    Received '01241'
2024-10-07 23:21:15,134  root       handle_request DEBUG    Handling: '01241', header '7E0', ECU '7E0'
2024-10-07 23:21:15,135  root       handle_request INFO     Unknown ELM command: '01241', header=7E0
2024-10-07 23:21:15,135  root       handle_response DEBUG    Processing: '<writeln>?</writeln>'
2024-10-07 23:21:15,135  root       handle_response DEBUG    Write: '?\r\r>'
2024-10-07 23:21:15,136  root       run        DEBUG    Received '012C1'
2024-10-07 23:21:15,136  root       handle_request DEBUG    Handling: '012C1', header '7E0', ECU '7E0'
2024-10-07 23:21:15,136  root       handle_request DEBUG    Description: Commanded EGR, PID COMMANDED_EGR (012C1)
2024-10-07 23:21:15,136  root       handle_response DEBUG    Processing: '<pos_answer>0D</pos_answer>'
2024-10-07 23:21:15,137  root       handle_response DEBUG    Write: '7E8 03 41 2C 0D \r\r>'
2024-10-07 23:21:15,137  root       run        DEBUG    Received '012E1'
2024-10-07 23:21:15,138  root       handle_request DEBUG    Handling: '012E1', header '7E0', ECU '7E0'
2024-10-07 23:21:15,138  root       handle_request INFO     Unknown ELM command: '012E1', header=7E0
2024-10-07 23:21:15,138  root       handle_response DEBUG    Processing: '<writeln>?</writeln>'
2024-10-07 23:21:15,138  root       handle_response DEBUG    Write: '?\r\r>'
2024-10-07 23:21:15,139  root       run        DEBUG    Received '01301'
2024-10-07 23:21:15,139  root       handle_request DEBUG    Handling: '01301', header '7E0', ECU '7E0'
2024-10-07 23:21:15,140  root       handle_request INFO     Unknown ELM command: '01301', header=7E0
2024-10-07 23:21:15,140  root       handle_response DEBUG    Processing: '<writeln>?</writeln>'
2024-10-07 23:21:15,140  root       handle_response DEBUG    Write: '?\r\r>'
2024-10-07 23:21:15,140  root       run        DEBUG    Received '01311'
2024-10-07 23:21:15,140  root       handle_request DEBUG    Handling: '01311', header '7E0', ECU '7E0'
2024-10-07 23:21:15,141  root       handle_request DEBUG    Description: Distance traveled since codes cleared, PID DISTANCE_SINCE_DTC_CLEAR (01311)
2024-10-07 23:21:15,141  root       handle_response DEBUG    Processing: '<pos_answer>C8 1F</pos_answer>'
2024-10-07 23:21:15,141  root       handle_response DEBUG    Write: '7E8 04 41 31 C8 1F \r\r>'
2024-10-07 23:21:15,142  root       run        DEBUG    Received '01331'
2024-10-07 23:21:15,142  root       handle_request DEBUG    Handling: '01331', header '7E0', ECU '7E0'
2024-10-07 23:21:15,142  root       handle_request DEBUG    Description: Barometric Pressure, PID BAROMETRIC_PRESSURE (01331)
2024-10-07 23:21:15,142  root       handle_response DEBUG    Processing: '<pos_answer>65</pos_answer>'
2024-10-07 23:21:15,142  root       handle_response DEBUG    Write: '7E8 03 41 33 65 \r\r>'
2024-10-07 23:21:15,143  root       run        DEBUG    Received '01341'
2024-10-07 23:21:15,143  root       handle_request DEBUG    Handling: '01341', header '7E0', ECU '7E0'
2024-10-07 23:21:15,143  root       handle_request INFO     Unknown ELM command: '01341', header=7E0
2024-10-07 23:21:15,144  root       handle_response DEBUG    Processing: '<writeln>?</writeln>'
2024-10-07 23:21:15,144  root       handle_response DEBUG    Write: '?\r\r>'
2024-10-07 23:21:15,144  root       run        DEBUG    Received '013C1'
2024-10-07 23:21:15,144  root       handle_request DEBUG    Handling: '013C1', header '7E0', ECU '7E0'
2024-10-07 23:21:15,145  root       handle_request DEBUG    Description: Catalyst Temperature: Bank 1 - Sensor 1, PID CATALYST_TEMP_B1S1 (013C1)
2024-10-07 23:21:15,145  root       handle_response DEBUG    Processing: '<pos_answer>04 44</pos_answer>'
2024-10-07 23:21:15,145  root       handle_response DEBUG    Write: '7E8 04 41 3C 04 44 \r\r>'
2024-10-07 23:21:15,147  root       run        DEBUG    Received '013E1'
2024-10-07 23:21:15,147  root       handle_request DEBUG    Handling: '013E1', header '7E0', ECU '7E0'
2024-10-07 23:21:15,147  root       handle_request INFO     Unknown ELM command: '013E1', header=7E0
2024-10-07 23:21:15,148  root       handle_response DEBUG    Processing: '<writeln>?</writeln>'
2024-10-07 23:21:15,148  root       handle_response DEBUG    Write: '?\r\r>'
2024-10-07 23:21:15,149  root       run        DEBUG    Received '01402'
2024-10-07 23:21:15,149  root       handle_request DEBUG    Handling: '01402', header '7E0', ECU '7E0'
2024-10-07 23:21:15,149  root       handle_request DEBUG    Description: PIDS_C, PID ELM_PIDS_C (01402)
2024-10-07 23:21:15,149  root       handle_response DEBUG    Processing: '<header>7EA</header><size>06</size><data>41 40 44 CC 00 21</data><pos_answer>7A 1C 80 00</pos_answer>'
2024-10-07 23:21:15,150  root       handle_response DEBUG    Write: '7EA 06 41 40 44 CC 00 21 \r7E8 06 41 40 7A 1C 80 00 \r\r>'
2024-10-07 23:21:15,150  root       run        DEBUG    Received '01421'
2024-10-07 23:21:15,151  root       handle_request DEBUG    Handling: '01421', header '7E0', ECU '7E0'
2024-10-07 23:21:15,151  root       handle_request DEBUG    Description: Control module voltage, PID CONTROL_MODULE_VOLTAGE (01421)
2024-10-07 23:21:15,151  root       handle_response DEBUG    Processing: '<pos_answer>39 D6</pos_answer>'
2024-10-07 23:21:15,151  root       handle_response DEBUG    Write: '7E8 04 41 42 39 D6 \r\r>'
2024-10-07 23:21:15,152  root       run        DEBUG    Received '01431'
2024-10-07 23:21:15,152  root       handle_request DEBUG    Handling: '01431', header '7E0', ECU '7E0'
2024-10-07 23:21:15,153  root       handle_request INFO     Unknown ELM command: '01431', header=7E0
2024-10-07 23:21:15,153  root       handle_response DEBUG    Processing: '<writeln>?</writeln>'
2024-10-07 23:21:15,153  root       handle_response DEBUG    Write: '?\r\r>'
2024-10-07 23:21:15,154  root       run        DEBUG    Received '01441'
2024-10-07 23:21:15,154  root       handle_request DEBUG    Handling: '01441', header '7E0', ECU '7E0'
2024-10-07 23:21:15,154  root       handle_request INFO     Unknown ELM command: '01441', header=7E0
2024-10-07 23:21:15,154  root       handle_response DEBUG    Processing: '<writeln>?</writeln>'
2024-10-07 23:21:15,154  root       handle_response DEBUG    Write: '?\r\r>'
2024-10-07 23:21:15,155  root       run        DEBUG    Received '01451'
2024-10-07 23:21:15,155  root       handle_request DEBUG    Handling: '01451', header '7E0', ECU '7E0'
2024-10-07 23:21:15,155  root       handle_request INFO     Unknown ELM command: '01451', header=7E0
2024-10-07 23:21:15,156  root       handle_response DEBUG    Processing: '<writeln>?</writeln>'
2024-10-07 23:21:15,156  root       handle_response DEBUG    Write: '?\r\r>'
2024-10-07 23:21:15,156  root       run        DEBUG    Received '01471'
2024-10-07 23:21:15,156  root       handle_request DEBUG    Handling: '01471', header '7E0', ECU '7E0'
2024-10-07 23:21:15,157  root       handle_request INFO     Unknown ELM command: '01471', header=7E0
2024-10-07 23:21:15,157  root       handle_response DEBUG    Processing: '<writeln>?</writeln>'
2024-10-07 23:21:15,157  root       handle_response DEBUG    Write: '?\r\r>'
2024-10-07 23:21:15,158  root       run        DEBUG    Received '014C1'
2024-10-07 23:21:15,158  root       handle_request DEBUG    Handling: '014C1', header '7E0', ECU '7E0'
2024-10-07 23:21:15,158  root       handle_request DEBUG    Description: Commanded throttle actuator, PID THROTTLE_ACTUATOR (014C1)
2024-10-07 23:21:15,159  root       handle_response DEBUG    Processing: '<pos_answer>00</pos_answer>'
2024-10-07 23:21:15,159  root       handle_response DEBUG    Write: '7E8 03 41 4C 00 \r\r>'
2024-10-07 23:21:15,160  root       run        DEBUG    Received '014D1'
2024-10-07 23:21:15,160  root       handle_request DEBUG    Handling: '014D1', header '7E0', ECU '7E0'
2024-10-07 23:21:15,160  root       handle_request DEBUG    Description: Time run with MIL on, PID RUN_TIME_MIL (014D1)
2024-10-07 23:21:15,161  root       handle_response DEBUG    Processing: '<pos_answer>00 00</pos_answer>'
2024-10-07 23:21:15,161  root       handle_response DEBUG    Write: '7E8 04 41 4D 00 00 \r\r>'
2024-10-07 23:21:15,162  root       run        DEBUG    Received '014E1'
2024-10-07 23:21:15,162  root       handle_request DEBUG    Handling: '014E1', header '7E0', ECU '7E0'
2024-10-07 23:21:15,163  root       handle_request DEBUG    Description: Time since trouble codes cleared, PID TIME_SINCE_DTC_CLEARED (014E1)
2024-10-07 23:21:15,163  root       handle_response DEBUG    Processing: '<pos_answer>4C 69</pos_answer>'
2024-10-07 23:21:15,163  root       handle_response DEBUG    Write: '7E8 04 41 4E 4C 69 \r\r>'
2024-10-07 23:21:15,164  root       run        DEBUG    Received '01511'
2024-10-07 23:21:15,164  root       handle_request DEBUG    Handling: '01511', header '7E0', ECU '7E0'
2024-10-07 23:21:15,164  root       handle_request DEBUG    Description: Fuel Type, PID FUEL_TYPE (01511)
2024-10-07 23:21:15,165  root       handle_response DEBUG    Processing: '<pos_answer>01</pos_answer>'
2024-10-07 23:21:15,165  root       handle_response DEBUG    Write: '7E8 03 41 51 01 \r\r>'
2024-10-07 23:21:16,480  root       run        DEBUG    Received '01011'
2024-10-07 23:21:16,481  root       handle_request DEBUG    Handling: '01011', header '7E0', ECU '7E0'
2024-10-07 23:21:16,482  root       handle_request INFO     Unknown ELM command: '01011', header=7E0
2024-10-07 23:21:16,482  root       handle_response DEBUG    Processing: '<writeln>?</writeln>'
2024-10-07 23:21:16,483  root       handle_response DEBUG    Write: '?\r\r>'
2024-10-07 23:21:16,490  root       run        DEBUG    Received '01031'
2024-10-07 23:21:16,490  root       handle_request DEBUG    Handling: '01031', header '7E0', ECU '7E0'
2024-10-07 23:21:16,490  root       handle_request DEBUG    Description: Fuel System Status, PID FUEL_STATUS (01031)
2024-10-07 23:21:16,491  root       handle_response DEBUG    Processing: '<pos_answer>00 00</pos_answer>'
2024-10-07 23:21:16,491  root       handle_response DEBUG    Write: '7E8 04 41 03 00 00 \r\r>'
2024-10-07 23:21:16,493  root       run        DEBUG    Received '01041'
2024-10-07 23:21:16,493  root       handle_request DEBUG    Handling: '01041', header '7E0', ECU '7E0'
2024-10-07 23:21:16,494  root       handle_request DEBUG    Description: Calculated Engine Load, PID ENGINE_LOAD (01041)
2024-10-07 23:21:16,494  root       handle_response DEBUG    Processing: '<pos_answer>00</pos_answer>'
2024-10-07 23:21:16,495  root       handle_response DEBUG    Write: '7E8 03 41 04 00 \r\r>'
2024-10-07 23:21:16,496  root       run        DEBUG    Received '01051'
2024-10-07 23:21:16,497  root       handle_request DEBUG    Handling: '01051', header '7E0', ECU '7E0'
2024-10-07 23:21:16,497  root       handle_request DEBUG    Description: Engine Coolant Temperature, PID COOLANT_TEMP (01051)
2024-10-07 23:21:16,497  root       handle_response DEBUG    Processing: '<pos_answer>7B</pos_answer>'
2024-10-07 23:21:16,498  root       handle_response DEBUG    Write: '7E8 03 41 05 7B \r\r>'
2024-10-07 23:21:16,499  root       run        DEBUG    Received '01061'
2024-10-07 23:21:16,500  root       handle_request DEBUG    Handling: '01061', header '7E0', ECU '7E0'
2024-10-07 23:21:16,501  root       handle_request INFO     Unknown ELM command: '01061', header=7E0
2024-10-07 23:21:16,501  root       handle_response DEBUG    Processing: '<writeln>?</writeln>'
2024-10-07 23:21:16,502  root       handle_response DEBUG    Write: '?\r\r>'
2024-10-07 23:21:16,503  root       run        DEBUG    Received '01071'
2024-10-07 23:21:16,504  root       handle_request DEBUG    Handling: '01071', header '7E0', ECU '7E0'
2024-10-07 23:21:16,505  root       handle_request INFO     Unknown ELM command: '01071', header=7E0
2024-10-07 23:21:16,505  root       handle_response DEBUG    Processing: '<writeln>?</writeln>'
2024-10-07 23:21:16,506  root       handle_response DEBUG    Write: '?\r\r>'
2024-10-07 23:21:16,507  root       run        DEBUG    Received '010B1'
2024-10-07 23:21:16,508  root       handle_request DEBUG    Handling: '010B1', header '7E0', ECU '7E0'
2024-10-07 23:21:16,508  root       handle_request DEBUG    Description: Intake Manifold Pressure, PID INTAKE_PRESSURE (010B1)
2024-10-07 23:21:16,509  root       handle_response DEBUG    Processing: '<pos_answer>73</pos_answer>'
2024-10-07 23:21:16,509  root       handle_response DEBUG    Write: '7E8 03 41 0B 73 \r\r>'
2024-10-07 23:21:16,511  root       run        DEBUG    Received '010C2'
2024-10-07 23:21:16,511  root       handle_request DEBUG    Handling: '010C2', header '7E0', ECU '7E0'
2024-10-07 23:21:16,512  root       handle_request DEBUG    Description: Engine RPM, PID RPM (010C2)
2024-10-07 23:21:16,512  root       handle_response DEBUG    Processing: '<pos_answer>40 10</pos_answer> <header>7EA</header><size>04</size><data>41 0C 40 10</data>'
2024-10-07 23:21:16,513  root       handle_response DEBUG    Write: '7E8 04 41 0C 40 10 \r7EA 04 41 0C 40 10 \r\r>'
2024-10-07 23:21:16,514  root       run        DEBUG    Received '010D2'
2024-10-07 23:21:16,514  root       handle_request DEBUG    Handling: '010D2', header '7E0', ECU '7E0'
2024-10-07 23:21:16,515  root       handle_request DEBUG    Description: Vehicle Speed, PID SPEED (010D2)
2024-10-07 23:21:16,515  root       handle_response DEBUG    Processing: '<pos_answer>14</pos_answer> <header>7EA</header><size>03</size><data>41 0D 14</data>'
2024-10-07 23:21:16,515  root       handle_response DEBUG    Write: '7E8 03 41 0D 14 \r7EA 03 41 0D 14 \r\r>'
2024-10-07 23:21:16,516  root       run        DEBUG    Received '010E1'
2024-10-07 23:21:16,517  root       handle_request DEBUG    Handling: '010E1', header '7E0', ECU '7E0'
2024-10-07 23:21:16,517  root       handle_request INFO     Unknown ELM command: '010E1', header=7E0
2024-10-07 23:21:16,518  root       handle_response DEBUG    Processing: '<writeln>?</writeln>'
2024-10-07 23:21:16,518  root       handle_response DEBUG    Write: '?\r\r>'
2024-10-07 23:21:16,519  root       run        DEBUG    Received '010F1'
2024-10-07 23:21:16,519  root       handle_request DEBUG    Handling: '010F1', header '7E0', ECU '7E0'
2024-10-07 23:21:16,519  root       handle_request DEBUG    Description: Intake Air Temp, PID INTAKE_TEMP (010F1)
2024-10-07 23:21:16,519  root       handle_response DEBUG    Processing: '<pos_answer>44</pos_answer>'
2024-10-07 23:21:16,520  root       handle_response DEBUG    Write: '7E8 03 41 0F 44 \r\r>'
2024-10-07 23:21:16,520  root       run        DEBUG    Received '01101'
2024-10-07 23:21:16,521  root       handle_request DEBUG    Handling: '01101', header '7E0', ECU '7E0'
2024-10-07 23:21:16,521  root       handle_request DEBUG    Description: Air Flow Rate (MAF), PID MAF (01101)
2024-10-07 23:21:16,521  root       handle_response DEBUG    Processing: '<pos_answer>05 1F</pos_answer>'
2024-10-07 23:21:16,521  root       handle_response DEBUG    Write: '7E8 04 41 10 05 1F \r\r>'
2024-10-07 23:21:16,522  root       run        DEBUG    Received '01111'
2024-10-07 23:21:16,522  root       handle_request DEBUG    Handling: '01111', header '7E0', ECU '7E0'
2024-10-07 23:21:16,523  root       handle_request DEBUG    Description: Throttle Position, PID THROTTLE_POS (01111)
2024-10-07 23:21:16,523  root       handle_response DEBUG    Processing: '<pos_answer>FF</pos_answer>'
2024-10-07 23:21:16,523  root       handle_response DEBUG    Write: '7E8 03 41 11 FF \r\r>'
2024-10-07 23:21:16,524  root       run        DEBUG    Received '01131'
2024-10-07 23:21:16,524  root       handle_request DEBUG    Handling: '01131', header '7E0', ECU '7E0'
2024-10-07 23:21:16,524  root       handle_request INFO     Unknown ELM command: '01131', header=7E0
2024-10-07 23:21:16,525  root       handle_response DEBUG    Processing: '<writeln>?</writeln>'
2024-10-07 23:21:16,525  root       handle_response DEBUG    Write: '?\r\r>'
2024-10-07 23:21:16,525  root       run        DEBUG    Received '01151'
2024-10-07 23:21:16,525  root       handle_request DEBUG    Handling: '01151', header '7E0', ECU '7E0'
2024-10-07 23:21:16,526  root       handle_request INFO     Unknown ELM command: '01151', header=7E0
2024-10-07 23:21:16,526  root       handle_response DEBUG    Processing: '<writeln>?</writeln>'
2024-10-07 23:21:16,526  root       handle_response DEBUG    Write: '?\r\r>'
2024-10-07 23:21:16,527  root       run        DEBUG    Received '011C1'
2024-10-07 23:21:16,527  root       handle_request DEBUG    Handling: '011C1', header '7E0', ECU '7E0'
2024-10-07 23:21:16,527  root       handle_request DEBUG    Description: OBD Standards Compliance, PID OBD_COMPLIANCE (011C1)
2024-10-07 23:21:16,527  root       handle_response DEBUG    Processing: '<pos_answer>06</pos_answer>'
2024-10-07 23:21:16,527  root       handle_response DEBUG    Write: '7E8 03 41 1C 06 \r\r>'
2024-10-07 23:21:16,528  root       run        DEBUG    Received '011F1'
2024-10-07 23:21:16,528  root       handle_request DEBUG    Handling: '011F1', header '7E0', ECU '7E0'
2024-10-07 23:21:16,528  root       handle_request DEBUG    Description: Engine Run Time, PID RUN_TIME (011F1)
2024-10-07 23:21:16,528  root       handle_response DEBUG    Processing: '<pos_answer>00 8C</pos_answer>'
2024-10-07 23:21:16,528  root       handle_response DEBUG    Write: '7E8 04 41 1F 00 8C \r\r>'
2024-10-07 23:21:16,529  root       run        DEBUG    Received '01202'
2024-10-07 23:21:16,529  root       handle_request DEBUG    Handling: '01202', header '7E0', ECU '7E0'
2024-10-07 23:21:16,529  root       handle_request DEBUG    Description: PIDS_B, PID ELM_PIDS_B (01202)
2024-10-07 23:21:16,529  root       handle_response DEBUG    Processing: '<header>7EA</header><size>06</size><data>41 20 80 01 A0 01</data><pos_answer>90 15 B0 15</pos_answer>'
2024-10-07 23:21:16,530  root       handle_response DEBUG    Write: '7EA 06 41 20 80 01 A0 01 \r7E8 06 41 20 90 15 B0 15 \r\r>'
2024-10-07 23:21:16,530  root       run        DEBUG    Received '01211'
2024-10-07 23:21:16,530  root       handle_request DEBUG    Handling: '01211', header '7E0', ECU '7E0'
2024-10-07 23:21:16,530  root       handle_request DEBUG    Description: Distance Traveled with MIL on, PID DISTANCE_W_MIL (01211)
2024-10-07 23:21:16,531  root       handle_response DEBUG    Processing: '<pos_answer>00 00</pos_answer>'
2024-10-07 23:21:16,531  root       handle_response DEBUG    Write: '7E8 04 41 21 00 00 \r\r>'
2024-10-07 23:21:16,531  root       run        DEBUG    Received '01241'
2024-10-07 23:21:16,531  root       handle_request DEBUG    Handling: '01241', header '7E0', ECU '7E0'
2024-10-07 23:21:16,532  root       handle_request INFO     Unknown ELM command: '01241', header=7E0
2024-10-07 23:21:16,532  root       handle_response DEBUG    Processing: '<writeln>?</writeln>'
2024-10-07 23:21:16,532  root       handle_response DEBUG    Write: '?\r\r>'
2024-10-07 23:21:16,533  root       run        DEBUG    Received '012C1'
2024-10-07 23:21:16,533  root       handle_request DEBUG    Handling: '012C1', header '7E0', ECU '7E0'
2024-10-07 23:21:16,533  root       handle_request DEBUG    Description: Commanded EGR, PID COMMANDED_EGR (012C1)
2024-10-07 23:21:16,533  root       handle_response DEBUG    Processing: '<pos_answer>0D</pos_answer>'
2024-10-07 23:21:16,533  root       handle_response DEBUG    Write: '7E8 03 41 2C 0D \r\r>'
2024-10-07 23:21:16,534  root       run        DEBUG    Received '012E1'
2024-10-07 23:21:16,534  root       handle_request DEBUG    Handling: '012E1', header '7E0', ECU '7E0'
2024-10-07 23:21:16,534  root       handle_request INFO     Unknown ELM command: '012E1', header=7E0
2024-10-07 23:21:16,534  root       handle_response DEBUG    Processing: '<writeln>?</writeln>'
2024-10-07 23:21:16,535  root       handle_response DEBUG    Write: '?\r\r>'
2024-10-07 23:21:16,535  root       run        DEBUG    Received '01301'
2024-10-07 23:21:16,535  root       handle_request DEBUG    Handling: '01301', header '7E0', ECU '7E0'
2024-10-07 23:21:16,536  root       handle_request INFO     Unknown ELM command: '01301', header=7E0
2024-10-07 23:21:16,536  root       handle_response DEBUG    Processing: '<writeln>?</writeln>'
2024-10-07 23:21:16,536  root       handle_response DEBUG    Write: '?\r\r>'
2024-10-07 23:21:16,537  root       run        DEBUG    Received '01311'
2024-10-07 23:21:16,537  root       handle_request DEBUG    Handling: '01311', header '7E0', ECU '7E0'
2024-10-07 23:21:16,537  root       handle_request DEBUG    Description: Distance traveled since codes cleared, PID DISTANCE_SINCE_DTC_CLEAR (01311)
2024-10-07 23:21:16,537  root       handle_response DEBUG    Processing: '<pos_answer>C8 1F</pos_answer>'
2024-10-07 23:21:16,537  root       handle_response DEBUG    Write: '7E8 04 41 31 C8 1F \r\r>'
2024-10-07 23:21:16,538  root       run        DEBUG    Received '01331'
2024-10-07 23:21:16,538  root       handle_request DEBUG    Handling: '01331', header '7E0', ECU '7E0'
2024-10-07 23:21:16,538  root       handle_request DEBUG    Description: Barometric Pressure, PID BAROMETRIC_PRESSURE (01331)
2024-10-07 23:21:16,538  root       handle_response DEBUG    Processing: '<pos_answer>65</pos_answer>'
2024-10-07 23:21:16,538  root       handle_response DEBUG    Write: '7E8 03 41 33 65 \r\r>'
2024-10-07 23:21:16,539  root       run        DEBUG    Received '01341'
2024-10-07 23:21:16,539  root       handle_request DEBUG    Handling: '01341', header '7E0', ECU '7E0'
2024-10-07 23:21:16,539  root       handle_request INFO     Unknown ELM command: '01341', header=7E0
2024-10-07 23:21:16,539  root       handle_response DEBUG    Processing: '<writeln>?</writeln>'
2024-10-07 23:21:16,540  root       handle_response DEBUG    Write: '?\r\r>'
2024-10-07 23:21:16,540  root       run        DEBUG    Received '013C1'
2024-10-07 23:21:16,540  root       handle_request DEBUG    Handling: '013C1', header '7E0', ECU '7E0'
2024-10-07 23:21:16,540  root       handle_request DEBUG    Description: Catalyst Temperature: Bank 1 - Sensor 1, PID CATALYST_TEMP_B1S1 (013C1)
2024-10-07 23:21:16,541  root       handle_response DEBUG    Processing: '<pos_answer>04 44</pos_answer>'
2024-10-07 23:21:16,541  root       handle_response DEBUG    Write: '7E8 04 41 3C 04 44 \r\r>'
2024-10-07 23:21:16,542  root       run        DEBUG    Received '013E1'
2024-10-07 23:21:16,542  root       handle_request DEBUG    Handling: '013E1', header '7E0', ECU '7E0'
2024-10-07 23:21:16,543  root       handle_request INFO     Unknown ELM command: '013E1', header=7E0
2024-10-07 23:21:16,543  root       handle_response DEBUG    Processing: '<writeln>?</writeln>'
2024-10-07 23:21:16,543  root       handle_response DEBUG    Write: '?\r\r>'
2024-10-07 23:21:16,544  root       run        DEBUG    Received '01402'
2024-10-07 23:21:16,544  root       handle_request DEBUG    Handling: '01402', header '7E0', ECU '7E0'
2024-10-07 23:21:16,544  root       handle_request DEBUG    Description: PIDS_C, PID ELM_PIDS_C (01402)
2024-10-07 23:21:16,544  root       handle_response DEBUG    Processing: '<header>7EA</header><size>06</size><data>41 40 44 CC 00 21</data><pos_answer>7A 1C 80 00</pos_answer>'
2024-10-07 23:21:16,545  root       handle_response DEBUG    Write: '7EA 06 41 40 44 CC 00 21 \r7E8 06 41 40 7A 1C 80 00 \r\r>'
2024-10-07 23:21:16,545  root       run        DEBUG    Received '01421'
2024-10-07 23:21:16,545  root       handle_request DEBUG    Handling: '01421', header '7E0', ECU '7E0'
2024-10-07 23:21:16,546  root       handle_request DEBUG    Description: Control module voltage, PID CONTROL_MODULE_VOLTAGE (01421)
2024-10-07 23:21:16,546  root       handle_response DEBUG    Processing: '<pos_answer>39 D6</pos_answer>'
2024-10-07 23:21:16,546  root       handle_response DEBUG    Write: '7E8 04 41 42 39 D6 \r\r>'
2024-10-07 23:21:16,547  root       run        DEBUG    Received '01431'
2024-10-07 23:21:16,547  root       handle_request DEBUG    Handling: '01431', header '7E0', ECU '7E0'
2024-10-07 23:21:16,547  root       handle_request INFO     Unknown ELM command: '01431', header=7E0
2024-10-07 23:21:16,547  root       handle_response DEBUG    Processing: '<writeln>?</writeln>'
2024-10-07 23:21:16,548  root       handle_response DEBUG    Write: '?\r\r>'
2024-10-07 23:21:16,548  root       run        DEBUG    Received '01441'
2024-10-07 23:21:16,549  root       handle_request DEBUG    Handling: '01441', header '7E0', ECU '7E0'
2024-10-07 23:21:16,549  root       handle_request INFO     Unknown ELM command: '01441', header=7E0
2024-10-07 23:21:16,550  root       handle_response DEBUG    Processing: '<writeln>?</writeln>'
2024-10-07 23:21:16,550  root       handle_response DEBUG    Write: '?\r\r>'
2024-10-07 23:21:16,551  root       run        DEBUG    Received '01451'
2024-10-07 23:21:16,551  root       handle_request DEBUG    Handling: '01451', header '7E0', ECU '7E0'
2024-10-07 23:21:16,552  root       handle_request INFO     Unknown ELM command: '01451', header=7E0
2024-10-07 23:21:16,552  root       handle_response DEBUG    Processing: '<writeln>?</writeln>'
2024-10-07 23:21:16,552  root       handle_response DEBUG    Write: '?\r\r>'
2024-10-07 23:21:16,553  root       run        DEBUG    Received '01471'
2024-10-07 23:21:16,553  root       handle_request DEBUG    Handling: '01471', header '7E0', ECU '7E0'
2024-10-07 23:21:16,554  root       handle_request INFO     Unknown ELM command: '01471', header=7E0
2024-10-07 23:21:16,554  root       handle_response DEBUG    Processing: '<writeln>?</writeln>'
2024-10-07 23:21:16,554  root       handle_response DEBUG    Write: '?\r\r>'
2024-10-07 23:21:16,555  root       run        DEBUG    Received '014C1'
2024-10-07 23:21:16,555  root       handle_request DEBUG    Handling: '014C1', header '7E0', ECU '7E0'
2024-10-07 23:21:16,555  root       handle_request DEBUG    Description: Commanded throttle actuator, PID THROTTLE_ACTUATOR (014C1)
2024-10-07 23:21:16,555  root       handle_response DEBUG    Processing: '<pos_answer>00</pos_answer>'
2024-10-07 23:21:16,555  root       handle_response DEBUG    Write: '7E8 03 41 4C 00 \r\r>'
2024-10-07 23:21:16,556  root       run        DEBUG    Received '014D1'
2024-10-07 23:21:16,556  root       handle_request DEBUG    Handling: '014D1', header '7E0', ECU '7E0'
2024-10-07 23:21:16,556  root       handle_request DEBUG    Description: Time run with MIL on, PID RUN_TIME_MIL (014D1)
2024-10-07 23:21:16,556  root       handle_response DEBUG    Processing: '<pos_answer>00 00</pos_answer>'
2024-10-07 23:21:16,557  root       handle_response DEBUG    Write: '7E8 04 41 4D 00 00 \r\r>'
2024-10-07 23:21:16,557  root       run        DEBUG    Received '014E1'
2024-10-07 23:21:16,557  root       handle_request DEBUG    Handling: '014E1', header '7E0', ECU '7E0'
2024-10-07 23:21:16,558  root       handle_request DEBUG    Description: Time since trouble codes cleared, PID TIME_SINCE_DTC_CLEARED (014E1)
2024-10-07 23:21:16,558  root       handle_response DEBUG    Processing: '<pos_answer>4C 69</pos_answer>'
2024-10-07 23:21:16,558  root       handle_response DEBUG    Write: '7E8 04 41 4E 4C 69 \r\r>'
2024-10-07 23:21:16,559  root       run        DEBUG    Received '01511'
2024-10-07 23:21:16,559  root       handle_request DEBUG    Handling: '01511', header '7E0', ECU '7E0'
2024-10-07 23:21:16,559  root       handle_request DEBUG    Description: Fuel Type, PID FUEL_TYPE (01511)
2024-10-07 23:21:16,559  root       handle_response DEBUG    Processing: '<pos_answer>01</pos_answer>'
2024-10-07 23:21:16,559  root       handle_response DEBUG    Write: '7E8 03 41 51 01 \r\r>'
2024-10-07 23:21:16,811  root       run        DEBUG    Received '01011'
2024-10-07 23:21:16,811  root       handle_request DEBUG    Handling: '01011', header '7E0', ECU '7E0'
2024-10-07 23:21:16,813  root       handle_request INFO     Unknown ELM command: '01011', header=7E0
2024-10-07 23:21:16,813  root       handle_response DEBUG    Processing: '<writeln>?</writeln>'
2024-10-07 23:21:16,814  root       handle_response DEBUG    Write: '?\r\r>'
2024-10-07 23:21:16,822  root       run        DEBUG    Received '01031'
2024-10-07 23:21:16,822  root       handle_request DEBUG    Handling: '01031', header '7E0', ECU '7E0'
2024-10-07 23:21:16,823  root       handle_request DEBUG    Description: Fuel System Status, PID FUEL_STATUS (01031)
2024-10-07 23:21:16,823  root       handle_response DEBUG    Processing: '<pos_answer>00 00</pos_answer>'
2024-10-07 23:21:16,824  root       handle_response DEBUG    Write: '7E8 04 41 03 00 00 \r\r>'
2024-10-07 23:21:16,826  root       run        DEBUG    Received '01041'
2024-10-07 23:21:16,826  root       handle_request DEBUG    Handling: '01041', header '7E0', ECU '7E0'
2024-10-07 23:21:16,827  root       handle_request DEBUG    Description: Calculated Engine Load, PID ENGINE_LOAD (01041)
2024-10-07 23:21:16,827  root       handle_response DEBUG    Processing: '<pos_answer>00</pos_answer>'
2024-10-07 23:21:16,828  root       handle_response DEBUG    Write: '7E8 03 41 04 00 \r\r>'
2024-10-07 23:21:16,830  root       run        DEBUG    Received '01051'
2024-10-07 23:21:16,831  root       handle_request DEBUG    Handling: '01051', header '7E0', ECU '7E0'
2024-10-07 23:21:16,831  root       handle_request DEBUG    Description: Engine Coolant Temperature, PID COOLANT_TEMP (01051)
2024-10-07 23:21:16,832  root       handle_response DEBUG    Processing: '<pos_answer>7B</pos_answer>'
2024-10-07 23:21:16,832  root       handle_response DEBUG    Write: '7E8 03 41 05 7B \r\r>'
2024-10-07 23:21:16,834  root       run        DEBUG    Received '01061'
2024-10-07 23:21:16,835  root       handle_request DEBUG    Handling: '01061', header '7E0', ECU '7E0'
2024-10-07 23:21:16,836  root       handle_request INFO     Unknown ELM command: '01061', header=7E0
2024-10-07 23:21:16,837  root       handle_response DEBUG    Processing: '<writeln>?</writeln>'
2024-10-07 23:21:16,837  root       handle_response DEBUG    Write: '?\r\r>'
2024-10-07 23:21:16,839  root       run        DEBUG    Received '01071'
2024-10-07 23:21:16,839  root       handle_request DEBUG    Handling: '01071', header '7E0', ECU '7E0'
2024-10-07 23:21:16,841  root       handle_request INFO     Unknown ELM command: '01071', header=7E0
2024-10-07 23:21:16,841  root       handle_response DEBUG    Processing: '<writeln>?</writeln>'
2024-10-07 23:21:16,842  root       handle_response DEBUG    Write: '?\r\r>'
2024-10-07 23:21:16,843  root       run        DEBUG    Received '010B1'
2024-10-07 23:21:16,843  root       handle_request DEBUG    Handling: '010B1', header '7E0', ECU '7E0'
2024-10-07 23:21:16,844  root       handle_request DEBUG    Description: Intake Manifold Pressure, PID INTAKE_PRESSURE (010B1)
2024-10-07 23:21:16,844  root       handle_response DEBUG    Processing: '<pos_answer>73</pos_answer>'
2024-10-07 23:21:16,845  root       handle_response DEBUG    Write: '7E8 03 41 0B 73 \r\r>'
2024-10-07 23:21:16,847  root       run        DEBUG    Received '010C2'
2024-10-07 23:21:16,847  root       handle_request DEBUG    Handling: '010C2', header '7E0', ECU '7E0'
2024-10-07 23:21:16,848  root       handle_request DEBUG    Description: Engine RPM, PID RPM (010C2)
2024-10-07 23:21:16,848  root       handle_response DEBUG    Processing: '<pos_answer>40 60</pos_answer> <header>7EA</header><size>04</size><data>41 0C 40 60</data>'
2024-10-07 23:21:16,849  root       handle_response DEBUG    Write: '7E8 04 41 0C 40 60 \r7EA 04 41 0C 40 60 \r\r>'
2024-10-07 23:21:16,850  root       run        DEBUG    Received '010D2'
2024-10-07 23:21:16,851  root       handle_request DEBUG    Handling: '010D2', header '7E0', ECU '7E0'
2024-10-07 23:21:16,851  root       handle_request DEBUG    Description: Vehicle Speed, PID SPEED (010D2)
2024-10-07 23:21:16,852  root       handle_response DEBUG    Processing: '<pos_answer>10</pos_answer> <header>7EA</header><size>03</size><data>41 0D 10</data>'
2024-10-07 23:21:16,853  root       handle_response DEBUG    Write: '7E8 03 41 0D 10 \r7EA 03 41 0D 10 \r\r>'
2024-10-07 23:21:16,854  root       run        DEBUG    Received '010E1'
2024-10-07 23:21:16,855  root       handle_request DEBUG    Handling: '010E1', header '7E0', ECU '7E0'
2024-10-07 23:21:16,856  root       handle_request INFO     Unknown ELM command: '010E1', header=7E0
2024-10-07 23:21:16,856  root       handle_response DEBUG    Processing: '<writeln>?</writeln>'
2024-10-07 23:21:16,857  root       handle_response DEBUG    Write: '?\r\r>'
2024-10-07 23:21:16,859  root       run        DEBUG    Received '010F1'
2024-10-07 23:21:16,859  root       handle_request DEBUG    Handling: '010F1', header '7E0', ECU '7E0'
2024-10-07 23:21:16,860  root       handle_request DEBUG    Description: Intake Air Temp, PID INTAKE_TEMP (010F1)
2024-10-07 23:21:16,860  root       handle_response DEBUG    Processing: '<pos_answer>44</pos_answer>'
2024-10-07 23:21:16,861  root       handle_response DEBUG    Write: '7E8 03 41 0F 44 \r\r>'
2024-10-07 23:21:16,863  root       run        DEBUG    Received '01101'
2024-10-07 23:21:16,863  root       handle_request DEBUG    Handling: '01101', header '7E0', ECU '7E0'
2024-10-07 23:21:16,864  root       handle_request DEBUG    Description: Air Flow Rate (MAF), PID MAF (01101)
2024-10-07 23:21:16,865  root       handle_response DEBUG    Processing: '<pos_answer>05 1F</pos_answer>'
2024-10-07 23:21:16,865  root       handle_response DEBUG    Write: '7E8 04 41 10 05 1F \r\r>'
2024-10-07 23:21:16,867  root       run        DEBUG    Received '01111'
2024-10-07 23:21:16,867  root       handle_request DEBUG    Handling: '01111', header '7E0', ECU '7E0'
2024-10-07 23:21:16,868  root       handle_request DEBUG    Description: Throttle Position, PID THROTTLE_POS (01111)
2024-10-07 23:21:16,868  root       handle_response DEBUG    Processing: '<pos_answer>FF</pos_answer>'
2024-10-07 23:21:16,869  root       handle_response DEBUG    Write: '7E8 03 41 11 FF \r\r>'
2024-10-07 23:21:16,871  root       run        DEBUG    Received '01131'
2024-10-07 23:21:16,871  root       handle_request DEBUG    Handling: '01131', header '7E0', ECU '7E0'
2024-10-07 23:21:16,872  root       handle_request INFO     Unknown ELM command: '01131', header=7E0
2024-10-07 23:21:16,873  root       handle_response DEBUG    Processing: '<writeln>?</writeln>'
2024-10-07 23:21:16,873  root       handle_response DEBUG    Write: '?\r\r>'
2024-10-07 23:21:16,875  root       run        DEBUG    Received '01151'
2024-10-07 23:21:16,875  root       handle_request DEBUG    Handling: '01151', header '7E0', ECU '7E0'
2024-10-07 23:21:16,876  root       handle_request INFO     Unknown ELM command: '01151', header=7E0
2024-10-07 23:21:16,877  root       handle_response DEBUG    Processing: '<writeln>?</writeln>'
2024-10-07 23:21:16,877  root       handle_response DEBUG    Write: '?\r\r>'
2024-10-07 23:21:16,879  root       run        DEBUG    Received '011C1'
2024-10-07 23:21:16,879  root       handle_request DEBUG    Handling: '011C1', header '7E0', ECU '7E0'
2024-10-07 23:21:16,880  root       handle_request DEBUG    Description: OBD Standards Compliance, PID OBD_COMPLIANCE (011C1)
2024-10-07 23:21:16,880  root       handle_response DEBUG    Processing: '<pos_answer>06</pos_answer>'
2024-10-07 23:21:16,881  root       handle_response DEBUG    Write: '7E8 03 41 1C 06 \r\r>'
2024-10-07 23:21:16,883  root       run        DEBUG    Received '011F1'
2024-10-07 23:21:16,883  root       handle_request DEBUG    Handling: '011F1', header '7E0', ECU '7E0'
2024-10-07 23:21:16,884  root       handle_request DEBUG    Description: Engine Run Time, PID RUN_TIME (011F1)
2024-10-07 23:21:16,884  root       handle_response DEBUG    Processing: '<pos_answer>00 8C</pos_answer>'
2024-10-07 23:21:16,885  root       handle_response DEBUG    Write: '7E8 04 41 1F 00 8C \r\r>'
2024-10-07 23:21:16,886  root       run        DEBUG    Received '01202'
2024-10-07 23:21:16,887  root       handle_request DEBUG    Handling: '01202', header '7E0', ECU '7E0'
2024-10-07 23:21:16,887  root       handle_request DEBUG    Description: PIDS_B, PID ELM_PIDS_B (01202)
2024-10-07 23:21:16,887  root       handle_response DEBUG    Processing: '<header>7EA</header><size>06</size><data>41 20 80 01 A0 01</data><pos_answer>90 15 B0 15</pos_answer>'
2024-10-07 23:21:16,888  root       handle_response DEBUG    Write: '7EA 06 41 20 80 01 A0 01 \r7E8 06 41 20 90 15 B0 15 \r\r>'
2024-10-07 23:21:16,889  root       run        DEBUG    Received '01211'
2024-10-07 23:21:16,889  root       handle_request DEBUG    Handling: '01211', header '7E0', ECU '7E0'
2024-10-07 23:21:16,889  root       handle_request DEBUG    Description: Distance Traveled with MIL on, PID DISTANCE_W_MIL (01211)
2024-10-07 23:21:16,889  root       handle_response DEBUG    Processing: '<pos_answer>00 00</pos_answer>'
2024-10-07 23:21:16,890  root       handle_response DEBUG    Write: '7E8 04 41 21 00 00 \r\r>'
2024-10-07 23:21:16,891  root       run        DEBUG    Received '01241'
2024-10-07 23:21:16,891  root       handle_request DEBUG    Handling: '01241', header '7E0', ECU '7E0'
2024-10-07 23:21:16,891  root       handle_request INFO     Unknown ELM command: '01241', header=7E0
2024-10-07 23:21:16,892  root       handle_response DEBUG    Processing: '<writeln>?</writeln>'
2024-10-07 23:21:16,892  root       handle_response DEBUG    Write: '?\r\r>'
2024-10-07 23:21:16,893  root       run        DEBUG    Received '012C1'
2024-10-07 23:21:16,893  root       handle_request DEBUG    Handling: '012C1', header '7E0', ECU '7E0'
2024-10-07 23:21:16,893  root       handle_request DEBUG    Description: Commanded EGR, PID COMMANDED_EGR (012C1)
2024-10-07 23:21:16,893  root       handle_response DEBUG    Processing: '<pos_answer>0D</pos_answer>'
2024-10-07 23:21:16,894  root       handle_response DEBUG    Write: '7E8 03 41 2C 0D \r\r>'
2024-10-07 23:21:16,895  root       run        DEBUG    Received '012E1'
2024-10-07 23:21:16,895  root       handle_request DEBUG    Handling: '012E1', header '7E0', ECU '7E0'
2024-10-07 23:21:16,895  root       handle_request INFO     Unknown ELM command: '012E1', header=7E0
2024-10-07 23:21:16,896  root       handle_response DEBUG    Processing: '<writeln>?</writeln>'
2024-10-07 23:21:16,896  root       handle_response DEBUG    Write: '?\r\r>'
2024-10-07 23:21:16,897  root       run        DEBUG    Received '01301'
2024-10-07 23:21:16,897  root       handle_request DEBUG    Handling: '01301', header '7E0', ECU '7E0'
2024-10-07 23:21:16,898  root       handle_request INFO     Unknown ELM command: '01301', header=7E0
2024-10-07 23:21:16,898  root       handle_response DEBUG    Processing: '<writeln>?</writeln>'
2024-10-07 23:21:16,898  root       handle_response DEBUG    Write: '?\r\r>'
2024-10-07 23:21:16,899  root       run        DEBUG    Received '01311'
2024-10-07 23:21:16,899  root       handle_request DEBUG    Handling: '01311', header '7E0', ECU '7E0'
2024-10-07 23:21:16,900  root       handle_request DEBUG    Description: Distance traveled since codes cleared, PID DISTANCE_SINCE_DTC_CLEAR (01311)
2024-10-07 23:21:16,900  root       handle_response DEBUG    Processing: '<pos_answer>C8 1F</pos_answer>'
2024-10-07 23:21:16,900  root       handle_response DEBUG    Write: '7E8 04 41 31 C8 1F \r\r>'
2024-10-07 23:21:16,900  root       run        DEBUG    Received '01331'
2024-10-07 23:21:16,901  root       handle_request DEBUG    Handling: '01331', header '7E0', ECU '7E0'
2024-10-07 23:21:16,901  root       handle_request DEBUG    Description: Barometric Pressure, PID BAROMETRIC_PRESSURE (01331)
2024-10-07 23:21:16,901  root       handle_response DEBUG    Processing: '<pos_answer>65</pos_answer>'
2024-10-07 23:21:16,901  root       handle_response DEBUG    Write: '7E8 03 41 33 65 \r\r>'
2024-10-07 23:21:16,902  root       run        DEBUG    Received '01341'
2024-10-07 23:21:16,902  root       handle_request DEBUG    Handling: '01341', header '7E0', ECU '7E0'
2024-10-07 23:21:16,903  root       handle_request INFO     Unknown ELM command: '01341', header=7E0
2024-10-07 23:21:16,903  root       handle_response DEBUG    Processing: '<writeln>?</writeln>'
2024-10-07 23:21:16,903  root       handle_response DEBUG    Write: '?\r\r>'
2024-10-07 23:21:16,904  root       run        DEBUG    Received '013C1'
2024-10-07 23:21:16,904  root       handle_request DEBUG    Handling: '013C1', header '7E0', ECU '7E0'
2024-10-07 23:21:16,904  root       handle_request DEBUG    Description: Catalyst Temperature: Bank 1 - Sensor 1, PID CATALYST_TEMP_B1S1 (013C1)
2024-10-07 23:21:16,904  root       handle_response DEBUG    Processing: '<pos_answer>04 44</pos_answer>'
2024-10-07 23:21:16,905  root       handle_response DEBUG    Write: '7E8 04 41 3C 04 44 \r\r>'
2024-10-07 23:21:16,907  root       run        DEBUG    Received '013E1'
2024-10-07 23:21:16,907  root       handle_request DEBUG    Handling: '013E1', header '7E0', ECU '7E0'
2024-10-07 23:21:16,908  root       handle_request INFO     Unknown ELM command: '013E1', header=7E0
2024-10-07 23:21:16,909  root       handle_response DEBUG    Processing: '<writeln>?</writeln>'
2024-10-07 23:21:16,909  root       handle_response DEBUG    Write: '?\r\r>'
2024-10-07 23:21:16,910  root       run        DEBUG    Received '01402'
2024-10-07 23:21:16,910  root       handle_request DEBUG    Handling: '01402', header '7E0', ECU '7E0'
2024-10-07 23:21:16,910  root       handle_request DEBUG    Description: PIDS_C, PID ELM_PIDS_C (01402)
2024-10-07 23:21:16,910  root       handle_response DEBUG    Processing: '<header>7EA</header><size>06</size><data>41 40 44 CC 00 21</data><pos_answer>7A 1C 80 00</pos_answer>'
2024-10-07 23:21:16,910  root       handle_response DEBUG    Write: '7EA 06 41 40 44 CC 00 21 \r7E8 06 41 40 7A 1C 80 00 \r\r>'
2024-10-07 23:21:16,911  root       run        DEBUG    Received '01421'
2024-10-07 23:21:16,911  root       handle_request DEBUG    Handling: '01421', header '7E0', ECU '7E0'
2024-10-07 23:21:16,911  root       handle_request DEBUG    Description: Control module voltage, PID CONTROL_MODULE_VOLTAGE (01421)
2024-10-07 23:21:16,911  root       handle_response DEBUG    Processing: '<pos_answer>39 D6</pos_answer>'
2024-10-07 23:21:16,912  root       handle_response DEBUG    Write: '7E8 04 41 42 39 D6 \r\r>'
2024-10-07 23:21:16,913  root       run        DEBUG    Received '01431'
2024-10-07 23:21:16,913  root       handle_request DEBUG    Handling: '01431', header '7E0', ECU '7E0'
2024-10-07 23:21:16,913  root       handle_request INFO     Unknown ELM command: '01431', header=7E0
2024-10-07 23:21:16,913  root       handle_response DEBUG    Processing: '<writeln>?</writeln>'
2024-10-07 23:21:16,914  root       handle_response DEBUG    Write: '?\r\r>'
2024-10-07 23:21:16,914  root       run        DEBUG    Received '01441'
2024-10-07 23:21:16,914  root       handle_request DEBUG    Handling: '01441', header '7E0', ECU '7E0'
2024-10-07 23:21:16,914  root       handle_request INFO     Unknown ELM command: '01441', header=7E0
2024-10-07 23:21:16,915  root       handle_response DEBUG    Processing: '<writeln>?</writeln>'
2024-10-07 23:21:16,915  root       handle_response DEBUG    Write: '?\r\r>'
2024-10-07 23:21:16,915  root       run        DEBUG    Received '01451'
2024-10-07 23:21:16,916  root       handle_request DEBUG    Handling: '01451', header '7E0', ECU '7E0'
2024-10-07 23:21:16,916  root       handle_request INFO     Unknown ELM command: '01451', header=7E0
2024-10-07 23:21:16,916  root       handle_response DEBUG    Processing: '<writeln>?</writeln>'
2024-10-07 23:21:16,917  root       handle_response DEBUG    Write: '?\r\r>'
2024-10-07 23:21:16,918  root       run        DEBUG    Received '01471'
2024-10-07 23:21:16,918  root       handle_request DEBUG    Handling: '01471', header '7E0', ECU '7E0'
2024-10-07 23:21:16,919  root       handle_request INFO     Unknown ELM command: '01471', header=7E0
2024-10-07 23:21:16,920  root       handle_response DEBUG    Processing: '<writeln>?</writeln>'
2024-10-07 23:21:16,920  root       handle_response DEBUG    Write: '?\r\r>'
2024-10-07 23:21:16,921  root       run        DEBUG    Received '014C1'
2024-10-07 23:21:16,921  root       handle_request DEBUG    Handling: '014C1', header '7E0', ECU '7E0'
2024-10-07 23:21:16,922  root       handle_request DEBUG    Description: Commanded throttle actuator, PID THROTTLE_ACTUATOR (014C1)
2024-10-07 23:21:16,922  root       handle_response DEBUG    Processing: '<pos_answer>00</pos_answer>'
2024-10-07 23:21:16,922  root       handle_response DEBUG    Write: '7E8 03 41 4C 00 \r\r>'
2024-10-07 23:21:16,923  root       run        DEBUG    Received '014D1'
2024-10-07 23:21:16,923  root       handle_request DEBUG    Handling: '014D1', header '7E0', ECU '7E0'
2024-10-07 23:21:16,924  root       handle_request DEBUG    Description: Time run with MIL on, PID RUN_TIME_MIL (014D1)
2024-10-07 23:21:16,924  root       handle_response DEBUG    Processing: '<pos_answer>00 00</pos_answer>'
2024-10-07 23:21:16,924  root       handle_response DEBUG    Write: '7E8 04 41 4D 00 00 \r\r>'
2024-10-07 23:21:16,925  root       run        DEBUG    Received '014E1'
2024-10-07 23:21:16,925  root       handle_request DEBUG    Handling: '014E1', header '7E0', ECU '7E0'
2024-10-07 23:21:16,925  root       handle_request DEBUG    Description: Time since trouble codes cleared, PID TIME_SINCE_DTC_CLEARED (014E1)
2024-10-07 23:21:16,925  root       handle_response DEBUG    Processing: '<pos_answer>4C 69</pos_answer>'
2024-10-07 23:21:16,926  root       handle_response DEBUG    Write: '7E8 04 41 4E 4C 69 \r\r>'
2024-10-07 23:21:16,926  root       run        DEBUG    Received '01511'
2024-10-07 23:21:16,926  root       handle_request DEBUG    Handling: '01511', header '7E0', ECU '7E0'
2024-10-07 23:21:16,926  root       handle_request DEBUG    Description: Fuel Type, PID FUEL_TYPE (01511)
2024-10-07 23:21:16,927  root       handle_response DEBUG    Processing: '<pos_answer>01</pos_answer>'
2024-10-07 23:21:16,927  root       handle_response DEBUG    Write: '7E8 03 41 51 01 \r\r>'
2024-10-07 23:21:18,244  root       run        DEBUG    Received '01011'
2024-10-07 23:21:18,244  root       handle_request DEBUG    Handling: '01011', header '7E0', ECU '7E0'
2024-10-07 23:21:18,245  root       handle_request INFO     Unknown ELM command: '01011', header=7E0
2024-10-07 23:21:18,245  root       handle_response DEBUG    Processing: '<writeln>?</writeln>'
2024-10-07 23:21:18,245  root       handle_response DEBUG    Write: '?\r\r>'
2024-10-07 23:21:18,248  root       run        DEBUG    Received '01031'
2024-10-07 23:21:18,248  root       handle_request DEBUG    Handling: '01031', header '7E0', ECU '7E0'
2024-10-07 23:21:18,248  root       handle_request DEBUG    Description: Fuel System Status, PID FUEL_STATUS (01031)
2024-10-07 23:21:18,249  root       handle_response DEBUG    Processing: '<pos_answer>00 00</pos_answer>'
2024-10-07 23:21:18,249  root       handle_response DEBUG    Write: '7E8 04 41 03 00 00 \r\r>'
2024-10-07 23:21:18,250  root       run        DEBUG    Received '01041'
2024-10-07 23:21:18,250  root       handle_request DEBUG    Handling: '01041', header '7E0', ECU '7E0'
2024-10-07 23:21:18,250  root       handle_request DEBUG    Description: Calculated Engine Load, PID ENGINE_LOAD (01041)
2024-10-07 23:21:18,250  root       handle_response DEBUG    Processing: '<pos_answer>00</pos_answer>'
2024-10-07 23:21:18,251  root       handle_response DEBUG    Write: '7E8 03 41 04 00 \r\r>'
2024-10-07 23:21:18,252  root       run        DEBUG    Received '01051'
2024-10-07 23:21:18,252  root       handle_request DEBUG    Handling: '01051', header '7E0', ECU '7E0'
2024-10-07 23:21:18,252  root       handle_request DEBUG    Description: Engine Coolant Temperature, PID COOLANT_TEMP (01051)
2024-10-07 23:21:18,252  root       handle_response DEBUG    Processing: '<pos_answer>7B</pos_answer>'
2024-10-07 23:21:18,252  root       handle_response DEBUG    Write: '7E8 03 41 05 7B \r\r>'
2024-10-07 23:21:18,253  root       run        DEBUG    Received '01061'
2024-10-07 23:21:18,254  root       handle_request DEBUG    Handling: '01061', header '7E0', ECU '7E0'
2024-10-07 23:21:18,254  root       handle_request INFO     Unknown ELM command: '01061', header=7E0
2024-10-07 23:21:18,254  root       handle_response DEBUG    Processing: '<writeln>?</writeln>'
2024-10-07 23:21:18,255  root       handle_response DEBUG    Write: '?\r\r>'
2024-10-07 23:21:18,256  root       run        DEBUG    Received '01071'
2024-10-07 23:21:18,256  root       handle_request DEBUG    Handling: '01071', header '7E0', ECU '7E0'
2024-10-07 23:21:18,257  root       handle_request INFO     Unknown ELM command: '01071', header=7E0
2024-10-07 23:21:18,257  root       handle_response DEBUG    Processing: '<writeln>?</writeln>'
2024-10-07 23:21:18,257  root       handle_response DEBUG    Write: '?\r\r>'
2024-10-07 23:21:18,258  root       run        DEBUG    Received '010B1'
2024-10-07 23:21:18,259  root       handle_request DEBUG    Handling: '010B1', header '7E0', ECU '7E0'
2024-10-07 23:21:18,259  root       handle_request DEBUG    Description: Intake Manifold Pressure, PID INTAKE_PRESSURE (010B1)
2024-10-07 23:21:18,259  root       handle_response DEBUG    Processing: '<pos_answer>73</pos_answer>'
2024-10-07 23:21:18,260  root       handle_response DEBUG    Write: '7E8 03 41 0B 73 \r\r>'
2024-10-07 23:21:18,261  root       run        DEBUG    Received '010C2'
2024-10-07 23:21:18,262  root       handle_request DEBUG    Handling: '010C2', header '7E0', ECU '7E0'
2024-10-07 23:21:18,262  root       handle_request DEBUG    Description: Engine RPM, PID RPM (010C2)
2024-10-07 23:21:18,263  root       handle_response DEBUG    Processing: '<pos_answer>40 B0</pos_answer> <header>7EA</header><size>04</size><data>41 0C 40 B0</data>'
2024-10-07 23:21:18,263  root       handle_response DEBUG    Write: '7E8 04 41 0C 40 B0 \r7EA 04 41 0C 40 B0 \r\r>'
2024-10-07 23:21:18,265  root       run        DEBUG    Received '010D2'
2024-10-07 23:21:18,265  root       handle_request DEBUG    Handling: '010D2', header '7E0', ECU '7E0'
2024-10-07 23:21:18,266  root       handle_request DEBUG    Description: Vehicle Speed, PID SPEED (010D2)
2024-10-07 23:21:18,266  root       handle_response DEBUG    Processing: '<pos_answer>0C</pos_answer> <header>7EA</header><size>03</size><data>41 0D 0C</data>'
2024-10-07 23:21:18,267  root       handle_response DEBUG    Write: '7E8 03 41 0D 0C \r7EA 03 41 0D 0C \r\r>'
2024-10-07 23:21:18,268  root       run        DEBUG    Received '010E1'
2024-10-07 23:21:18,269  root       handle_request DEBUG    Handling: '010E1', header '7E0', ECU '7E0'
2024-10-07 23:21:18,270  root       handle_request INFO     Unknown ELM command: '010E1', header=7E0
2024-10-07 23:21:18,271  root       handle_response DEBUG    Processing: '<writeln>?</writeln>'
2024-10-07 23:21:18,271  root       handle_response DEBUG    Write: '?\r\r>'
2024-10-07 23:21:18,272  root       run        DEBUG    Received '010F1'
2024-10-07 23:21:18,273  root       handle_request DEBUG    Handling: '010F1', header '7E0', ECU '7E0'
2024-10-07 23:21:18,273  root       handle_request DEBUG    Description: Intake Air Temp, PID INTAKE_TEMP (010F1)
2024-10-07 23:21:18,274  root       handle_response DEBUG    Processing: '<pos_answer>44</pos_answer>'
2024-10-07 23:21:18,275  root       handle_response DEBUG    Write: '7E8 03 41 0F 44 \r\r>'
2024-10-07 23:21:18,276  root       run        DEBUG    Received '01101'
2024-10-07 23:21:18,277  root       handle_request DEBUG    Handling: '01101', header '7E0', ECU '7E0'
2024-10-07 23:21:18,277  root       handle_request DEBUG    Description: Air Flow Rate (MAF), PID MAF (01101)
2024-10-07 23:21:18,277  root       handle_response DEBUG    Processing: '<pos_answer>05 1F</pos_answer>'
2024-10-07 23:21:18,278  root       handle_response DEBUG    Write: '7E8 04 41 10 05 1F \r\r>'
2024-10-07 23:21:18,280  root       run        DEBUG    Received '01111'
2024-10-07 23:21:18,280  root       handle_request DEBUG    Handling: '01111', header '7E0', ECU '7E0'
2024-10-07 23:21:18,280  root       handle_request DEBUG    Description: Throttle Position, PID THROTTLE_POS (01111)
2024-10-07 23:21:18,281  root       handle_response DEBUG    Processing: '<pos_answer>FF</pos_answer>'
2024-10-07 23:21:18,282  root       handle_response DEBUG    Write: '7E8 03 41 11 FF \r\r>'
2024-10-07 23:21:18,283  root       run        DEBUG    Received '01131'
2024-10-07 23:21:18,284  root       handle_request DEBUG    Handling: '01131', header '7E0', ECU '7E0'
2024-10-07 23:21:18,285  root       handle_request INFO     Unknown ELM command: '01131', header=7E0
2024-10-07 23:21:18,286  root       handle_response DEBUG    Processing: '<writeln>?</writeln>'
2024-10-07 23:21:18,286  root       handle_response DEBUG    Write: '?\r\r>'
2024-10-07 23:21:18,288  root       run        DEBUG    Received '01151'
2024-10-07 23:21:18,289  root       handle_request DEBUG    Handling: '01151', header '7E0', ECU '7E0'
2024-10-07 23:21:18,290  root       handle_request INFO     Unknown ELM command: '01151', header=7E0
2024-10-07 23:21:18,290  root       handle_response DEBUG    Processing: '<writeln>?</writeln>'
2024-10-07 23:21:18,291  root       handle_response DEBUG    Write: '?\r\r>'
2024-10-07 23:21:18,292  root       run        DEBUG    Received '011C1'
2024-10-07 23:21:18,293  root       handle_request DEBUG    Handling: '011C1', header '7E0', ECU '7E0'
2024-10-07 23:21:18,293  root       handle_request DEBUG    Description: OBD Standards Compliance, PID OBD_COMPLIANCE (011C1)
2024-10-07 23:21:18,294  root       handle_response DEBUG    Processing: '<pos_answer>06</pos_answer>'
2024-10-07 23:21:18,294  root       handle_response DEBUG    Write: '7E8 03 41 1C 06 \r\r>'
2024-10-07 23:21:18,296  root       run        DEBUG    Received '011F1'
2024-10-07 23:21:18,296  root       handle_request DEBUG    Handling: '011F1', header '7E0', ECU '7E0'
2024-10-07 23:21:18,297  root       handle_request DEBUG    Description: Engine Run Time, PID RUN_TIME (011F1)
2024-10-07 23:21:18,297  root       handle_response DEBUG    Processing: '<pos_answer>00 8C</pos_answer>'
2024-10-07 23:21:18,298  root       handle_response DEBUG    Write: '7E8 04 41 1F 00 8C \r\r>'
2024-10-07 23:21:18,299  root       run        DEBUG    Received '01202'
2024-10-07 23:21:18,300  root       handle_request DEBUG    Handling: '01202', header '7E0', ECU '7E0'
2024-10-07 23:21:18,300  root       handle_request DEBUG    Description: PIDS_B, PID ELM_PIDS_B (01202)
2024-10-07 23:21:18,301  root       handle_response DEBUG    Processing: '<header>7EA</header><size>06</size><data>41 20 80 01 A0 01</data><pos_answer>90 15 B0 15</pos_answer>'
2024-10-07 23:21:18,301  root       handle_response DEBUG    Write: '7EA 06 41 20 80 01 A0 01 \r7E8 06 41 20 90 15 B0 15 \r\r>'
2024-10-07 23:21:18,303  root       run        DEBUG    Received '01211'
2024-10-07 23:21:18,303  root       handle_request DEBUG    Handling: '01211', header '7E0', ECU '7E0'
2024-10-07 23:21:18,304  root       handle_request DEBUG    Description: Distance Traveled with MIL on, PID DISTANCE_W_MIL (01211)
2024-10-07 23:21:18,304  root       handle_response DEBUG    Processing: '<pos_answer>00 00</pos_answer>'
2024-10-07 23:21:18,305  root       handle_response DEBUG    Write: '7E8 04 41 21 00 00 \r\r>'
2024-10-07 23:21:18,306  root       run        DEBUG    Received '01241'
2024-10-07 23:21:18,306  root       handle_request DEBUG    Handling: '01241', header '7E0', ECU '7E0'
2024-10-07 23:21:18,307  root       handle_request INFO     Unknown ELM command: '01241', header=7E0
2024-10-07 23:21:18,307  root       handle_response DEBUG    Processing: '<writeln>?</writeln>'
2024-10-07 23:21:18,308  root       handle_response DEBUG    Write: '?\r\r>'
2024-10-07 23:21:18,309  root       run        DEBUG    Received '012C1'
2024-10-07 23:21:18,309  root       handle_request DEBUG    Handling: '012C1', header '7E0', ECU '7E0'
2024-10-07 23:21:18,310  root       handle_request DEBUG    Description: Commanded EGR, PID COMMANDED_EGR (012C1)
2024-10-07 23:21:18,310  root       handle_response DEBUG    Processing: '<pos_answer>0D</pos_answer>'
2024-10-07 23:21:18,310  root       handle_response DEBUG    Write: '7E8 03 41 2C 0D \r\r>'
2024-10-07 23:21:18,311  root       run        DEBUG    Received '012E1'
2024-10-07 23:21:18,311  root       handle_request DEBUG    Handling: '012E1', header '7E0', ECU '7E0'
2024-10-07 23:21:18,312  root       handle_request INFO     Unknown ELM command: '012E1', header=7E0
2024-10-07 23:21:18,312  root       handle_response DEBUG    Processing: '<writeln>?</writeln>'
2024-10-07 23:21:18,312  root       handle_response DEBUG    Write: '?\r\r>'
2024-10-07 23:21:18,313  root       run        DEBUG    Received '01301'
2024-10-07 23:21:18,313  root       handle_request DEBUG    Handling: '01301', header '7E0', ECU '7E0'
2024-10-07 23:21:18,314  root       handle_request INFO     Unknown ELM command: '01301', header=7E0
2024-10-07 23:21:18,314  root       handle_response DEBUG    Processing: '<writeln>?</writeln>'
2024-10-07 23:21:18,314  root       handle_response DEBUG    Write: '?\r\r>'
2024-10-07 23:21:18,315  root       run        DEBUG    Received '01311'
2024-10-07 23:21:18,315  root       handle_request DEBUG    Handling: '01311', header '7E0', ECU '7E0'
2024-10-07 23:21:18,315  root       handle_request DEBUG    Description: Distance traveled since codes cleared, PID DISTANCE_SINCE_DTC_CLEAR (01311)
2024-10-07 23:21:18,315  root       handle_response DEBUG    Processing: '<pos_answer>C8 1F</pos_answer>'
2024-10-07 23:21:18,316  root       handle_response DEBUG    Write: '7E8 04 41 31 C8 1F \r\r>'
2024-10-07 23:21:18,316  root       run        DEBUG    Received '01331'
2024-10-07 23:21:18,316  root       handle_request DEBUG    Handling: '01331', header '7E0', ECU '7E0'
2024-10-07 23:21:18,317  root       handle_request DEBUG    Description: Barometric Pressure, PID BAROMETRIC_PRESSURE (01331)
2024-10-07 23:21:18,317  root       handle_response DEBUG    Processing: '<pos_answer>65</pos_answer>'
2024-10-07 23:21:18,317  root       handle_response DEBUG    Write: '7E8 03 41 33 65 \r\r>'
2024-10-07 23:21:18,318  root       run        DEBUG    Received '01341'
2024-10-07 23:21:18,318  root       handle_request DEBUG    Handling: '01341', header '7E0', ECU '7E0'
2024-10-07 23:21:18,319  root       handle_request INFO     Unknown ELM command: '01341', header=7E0
2024-10-07 23:21:18,319  root       handle_response DEBUG    Processing: '<writeln>?</writeln>'
2024-10-07 23:21:18,319  root       handle_response DEBUG    Write: '?\r\r>'
2024-10-07 23:21:18,319  root       run        DEBUG    Received '013C1'
2024-10-07 23:21:18,320  root       handle_request DEBUG    Handling: '013C1', header '7E0', ECU '7E0'
2024-10-07 23:21:18,320  root       handle_request DEBUG    Description: Catalyst Temperature: Bank 1 - Sensor 1, PID CATALYST_TEMP_B1S1 (013C1)
2024-10-07 23:21:18,320  root       handle_response DEBUG    Processing: '<pos_answer>04 44</pos_answer>'
2024-10-07 23:21:18,320  root       handle_response DEBUG    Write: '7E8 04 41 3C 04 44 \r\r>'
2024-10-07 23:21:18,322  root       run        DEBUG    Received '013E1'
2024-10-07 23:21:18,322  root       handle_request DEBUG    Handling: '013E1', header '7E0', ECU '7E0'
2024-10-07 23:21:18,323  root       handle_request INFO     Unknown ELM command: '013E1', header=7E0
2024-10-07 23:21:18,323  root       handle_response DEBUG    Processing: '<writeln>?</writeln>'
2024-10-07 23:21:18,323  root       handle_response DEBUG    Write: '?\r\r>'
2024-10-07 23:21:18,323  root       run        DEBUG    Received '01402'
2024-10-07 23:21:18,323  root       handle_request DEBUG    Handling: '01402', header '7E0', ECU '7E0'
2024-10-07 23:21:18,324  root       handle_request DEBUG    Description: PIDS_C, PID ELM_PIDS_C (01402)
2024-10-07 23:21:18,324  root       handle_response DEBUG    Processing: '<header>7EA</header><size>06</size><data>41 40 44 CC 00 21</data><pos_answer>7A 1C 80 00</pos_answer>'
2024-10-07 23:21:18,324  root       handle_response DEBUG    Write: '7EA 06 41 40 44 CC 00 21 \r7E8 06 41 40 7A 1C 80 00 \r\r>'
2024-10-07 23:21:18,325  root       run        DEBUG    Received '01421'
2024-10-07 23:21:18,325  root       handle_request DEBUG    Handling: '01421', header '7E0', ECU '7E0'
2024-10-07 23:21:18,325  root       handle_request DEBUG    Description: Control module voltage, PID CONTROL_MODULE_VOLTAGE (01421)
2024-10-07 23:21:18,325  root       handle_response DEBUG    Processing: '<pos_answer>39 D6</pos_answer>'
2024-10-07 23:21:18,325  root       handle_response DEBUG    Write: '7E8 04 41 42 39 D6 \r\r>'
2024-10-07 23:21:18,326  root       run        DEBUG    Received '01431'
2024-10-07 23:21:18,326  root       handle_request DEBUG    Handling: '01431', header '7E0', ECU '7E0'
2024-10-07 23:21:18,327  root       handle_request INFO     Unknown ELM command: '01431', header=7E0
2024-10-07 23:21:18,327  root       handle_response DEBUG    Processing: '<writeln>?</writeln>'
2024-10-07 23:21:18,327  root       handle_response DEBUG    Write: '?\r\r>'
2024-10-07 23:21:18,327  root       run        DEBUG    Received '01441'
2024-10-07 23:21:18,327  root       handle_request DEBUG    Handling: '01441', header '7E0', ECU '7E0'
2024-10-07 23:21:18,328  root       handle_request INFO     Unknown ELM command: '01441', header=7E0
2024-10-07 23:21:18,328  root       handle_response DEBUG    Processing: '<writeln>?</writeln>'
2024-10-07 23:21:18,329  root       handle_response DEBUG    Write: '?\r\r>'
2024-10-07 23:21:18,329  root       run        DEBUG    Received '01451'
2024-10-07 23:21:18,329  root       handle_request DEBUG    Handling: '01451', header '7E0', ECU '7E0'
2024-10-07 23:21:18,330  root       handle_request INFO     Unknown ELM command: '01451', header=7E0
2024-10-07 23:21:18,330  root       handle_response DEBUG    Processing: '<writeln>?</writeln>'
2024-10-07 23:21:18,330  root       handle_response DEBUG    Write: '?\r\r>'
2024-10-07 23:21:18,330  root       run        DEBUG    Received '01471'
2024-10-07 23:21:18,330  root       handle_request DEBUG    Handling: '01471', header '7E0', ECU '7E0'
2024-10-07 23:21:18,331  root       handle_request INFO     Unknown ELM command: '01471', header=7E0
2024-10-07 23:21:18,331  root       handle_response DEBUG    Processing: '<writeln>?</writeln>'
2024-10-07 23:21:18,331  root       handle_response DEBUG    Write: '?\r\r>'
2024-10-07 23:21:18,332  root       run        DEBUG    Received '014C1'
2024-10-07 23:21:18,332  root       handle_request DEBUG    Handling: '014C1', header '7E0', ECU '7E0'
2024-10-07 23:21:18,332  root       handle_request DEBUG    Description: Commanded throttle actuator, PID THROTTLE_ACTUATOR (014C1)
2024-10-07 23:21:18,332  root       handle_response DEBUG    Processing: '<pos_answer>00</pos_answer>'
2024-10-07 23:21:18,333  root       handle_response DEBUG    Write: '7E8 03 41 4C 00 \r\r>'
2024-10-07 23:21:18,333  root       run        DEBUG    Received '014D1'
2024-10-07 23:21:18,333  root       handle_request DEBUG    Handling: '014D1', header '7E0', ECU '7E0'
2024-10-07 23:21:18,334  root       handle_request DEBUG    Description: Time run with MIL on, PID RUN_TIME_MIL (014D1)
2024-10-07 23:21:18,334  root       handle_response DEBUG    Processing: '<pos_answer>00 00</pos_answer>'
2024-10-07 23:21:18,334  root       handle_response DEBUG    Write: '7E8 04 41 4D 00 00 \r\r>'
2024-10-07 23:21:18,335  root       run        DEBUG    Received '014E1'
2024-10-07 23:21:18,335  root       handle_request DEBUG    Handling: '014E1', header '7E0', ECU '7E0'
2024-10-07 23:21:18,335  root       handle_request DEBUG    Description: Time since trouble codes cleared, PID TIME_SINCE_DTC_CLEARED (014E1)
2024-10-07 23:21:18,335  root       handle_response DEBUG    Processing: '<pos_answer>4C 69</pos_answer>'
2024-10-07 23:21:18,335  root       handle_response DEBUG    Write: '7E8 04 41 4E 4C 69 \r\r>'
2024-10-07 23:21:18,336  root       run        DEBUG    Received '01511'
2024-10-07 23:21:18,336  root       handle_request DEBUG    Handling: '01511', header '7E0', ECU '7E0'
2024-10-07 23:21:18,336  root       handle_request DEBUG    Description: Fuel Type, PID FUEL_TYPE (01511)
2024-10-07 23:21:18,336  root       handle_response DEBUG    Processing: '<pos_answer>01</pos_answer>'
2024-10-07 23:21:18,337  root       handle_response DEBUG    Write: '7E8 03 41 51 01 \r\r>'
2024-10-07 23:21:18,588  root       run        DEBUG    Received '01011'
2024-10-07 23:21:18,589  root       handle_request DEBUG    Handling: '01011', header '7E0', ECU '7E0'
2024-10-07 23:21:18,590  root       handle_request INFO     Unknown ELM command: '01011', header=7E0
2024-10-07 23:21:18,591  root       handle_response DEBUG    Processing: '<writeln>?</writeln>'
2024-10-07 23:21:18,592  root       handle_response DEBUG    Write: '?\r\r>'
2024-10-07 23:21:18,599  root       run        DEBUG    Received '01031'
2024-10-07 23:21:18,600  root       handle_request DEBUG    Handling: '01031', header '7E0', ECU '7E0'
2024-10-07 23:21:18,600  root       handle_request DEBUG    Description: Fuel System Status, PID FUEL_STATUS (01031)
2024-10-07 23:21:18,601  root       handle_response DEBUG    Processing: '<pos_answer>00 00</pos_answer>'
2024-10-07 23:21:18,601  root       handle_response DEBUG    Write: '7E8 04 41 03 00 00 \r\r>'
2024-10-07 23:21:18,603  root       run        DEBUG    Received '01041'
2024-10-07 23:21:18,604  root       handle_request DEBUG    Handling: '01041', header '7E0', ECU '7E0'
2024-10-07 23:21:18,604  root       handle_request DEBUG    Description: Calculated Engine Load, PID ENGINE_LOAD (01041)
2024-10-07 23:21:18,604  root       handle_response DEBUG    Processing: '<pos_answer>00</pos_answer>'
2024-10-07 23:21:18,605  root       handle_response DEBUG    Write: '7E8 03 41 04 00 \r\r>'
2024-10-07 23:21:18,607  root       run        DEBUG    Received '01051'
2024-10-07 23:21:18,607  root       handle_request DEBUG    Handling: '01051', header '7E0', ECU '7E0'
2024-10-07 23:21:18,608  root       handle_request DEBUG    Description: Engine Coolant Temperature, PID COOLANT_TEMP (01051)
2024-10-07 23:21:18,608  root       handle_response DEBUG    Processing: '<pos_answer>7B</pos_answer>'
2024-10-07 23:21:18,609  root       handle_response DEBUG    Write: '7E8 03 41 05 7B \r\r>'
2024-10-07 23:21:18,611  root       run        DEBUG    Received '01061'
2024-10-07 23:21:18,611  root       handle_request DEBUG    Handling: '01061', header '7E0', ECU '7E0'
2024-10-07 23:21:18,612  root       handle_request INFO     Unknown ELM command: '01061', header=7E0
2024-10-07 23:21:18,613  root       handle_response DEBUG    Processing: '<writeln>?</writeln>'
2024-10-07 23:21:18,613  root       handle_response DEBUG    Write: '?\r\r>'
2024-10-07 23:21:18,615  root       run        DEBUG    Received '01071'
2024-10-07 23:21:18,616  root       handle_request DEBUG    Handling: '01071', header '7E0', ECU '7E0'
2024-10-07 23:21:18,617  root       handle_request INFO     Unknown ELM command: '01071', header=7E0
2024-10-07 23:21:18,618  root       handle_response DEBUG    Processing: '<writeln>?</writeln>'
2024-10-07 23:21:18,618  root       handle_response DEBUG    Write: '?\r\r>'
2024-10-07 23:21:18,619  root       run        DEBUG    Received '010B1'
2024-10-07 23:21:18,620  root       handle_request DEBUG    Handling: '010B1', header '7E0', ECU '7E0'
2024-10-07 23:21:18,620  root       handle_request DEBUG    Description: Intake Manifold Pressure, PID INTAKE_PRESSURE (010B1)
2024-10-07 23:21:18,621  root       handle_response DEBUG    Processing: '<pos_answer>73</pos_answer>'
2024-10-07 23:21:18,621  root       handle_response DEBUG    Write: '7E8 03 41 0B 73 \r\r>'
2024-10-07 23:21:18,623  root       run        DEBUG    Received '010C2'
2024-10-07 23:21:18,623  root       handle_request DEBUG    Handling: '010C2', header '7E0', ECU '7E0'
2024-10-07 23:21:18,624  root       handle_request DEBUG    Description: Engine RPM, PID RPM (010C2)
2024-10-07 23:21:18,624  root       handle_response DEBUG    Processing: '<pos_answer>41 00</pos_answer> <header>7EA</header><size>04</size><data>41 0C 41 00</data>'
2024-10-07 23:21:18,625  root       handle_response DEBUG    Write: '7E8 04 41 0C 41 00 \r7EA 04 41 0C 41 00 \r\r>'
2024-10-07 23:21:18,626  root       run        DEBUG    Received '010D2'
2024-10-07 23:21:18,626  root       handle_request DEBUG    Handling: '010D2', header '7E0', ECU '7E0'
2024-10-07 23:21:18,627  root       handle_request DEBUG    Description: Vehicle Speed, PID SPEED (010D2)
2024-10-07 23:21:18,627  root       handle_response DEBUG    Processing: '<pos_answer>08</pos_answer> <header>7EA</header><size>03</size><data>41 0D 08</data>'
2024-10-07 23:21:18,628  root       handle_response DEBUG    Write: '7E8 03 41 0D 08 \r7EA 03 41 0D 08 \r\r>'
2024-10-07 23:21:18,630  root       run        DEBUG    Received '010E1'
2024-10-07 23:21:18,630  root       handle_request DEBUG    Handling: '010E1', header '7E0', ECU '7E0'
2024-10-07 23:21:18,631  root       handle_request INFO     Unknown ELM command: '010E1', header=7E0
2024-10-07 23:21:18,632  root       handle_response DEBUG    Processing: '<writeln>?</writeln>'
2024-10-07 23:21:18,632  root       handle_response DEBUG    Write: '?\r\r>'
2024-10-07 23:21:18,633  root       run        DEBUG    Received '010F1'
2024-10-07 23:21:18,634  root       handle_request DEBUG    Handling: '010F1', header '7E0', ECU '7E0'
2024-10-07 23:21:18,634  root       handle_request DEBUG    Description: Intake Air Temp, PID INTAKE_TEMP (010F1)
2024-10-07 23:21:18,635  root       handle_response DEBUG    Processing: '<pos_answer>44</pos_answer>'
2024-10-07 23:21:18,635  root       handle_response DEBUG    Write: '7E8 03 41 0F 44 \r\r>'
2024-10-07 23:21:18,637  root       run        DEBUG    Received '01101'
2024-10-07 23:21:18,638  root       handle_request DEBUG    Handling: '01101', header '7E0', ECU '7E0'
2024-10-07 23:21:18,638  root       handle_request DEBUG    Description: Air Flow Rate (MAF), PID MAF (01101)
2024-10-07 23:21:18,639  root       handle_response DEBUG    Processing: '<pos_answer>05 1F</pos_answer>'
2024-10-07 23:21:18,639  root       handle_response DEBUG    Write: '7E8 04 41 10 05 1F \r\r>'
2024-10-07 23:21:18,641  root       run        DEBUG    Received '01111'
2024-10-07 23:21:18,642  root       handle_request DEBUG    Handling: '01111', header '7E0', ECU '7E0'
2024-10-07 23:21:18,642  root       handle_request DEBUG    Description: Throttle Position, PID THROTTLE_POS (01111)
2024-10-07 23:21:18,643  root       handle_response DEBUG    Processing: '<pos_answer>FF</pos_answer>'
2024-10-07 23:21:18,643  root       handle_response DEBUG    Write: '7E8 03 41 11 FF \r\r>'
2024-10-07 23:21:18,645  root       run        DEBUG    Received '01131'
2024-10-07 23:21:18,645  root       handle_request DEBUG    Handling: '01131', header '7E0', ECU '7E0'
2024-10-07 23:21:18,646  root       handle_request INFO     Unknown ELM command: '01131', header=7E0
2024-10-07 23:21:18,647  root       handle_response DEBUG    Processing: '<writeln>?</writeln>'
2024-10-07 23:21:18,647  root       handle_response DEBUG    Write: '?\r\r>'
2024-10-07 23:21:18,648  root       run        DEBUG    Received '01151'
2024-10-07 23:21:18,649  root       handle_request DEBUG    Handling: '01151', header '7E0', ECU '7E0'
2024-10-07 23:21:18,650  root       handle_request INFO     Unknown ELM command: '01151', header=7E0
2024-10-07 23:21:18,651  root       handle_response DEBUG    Processing: '<writeln>?</writeln>'
2024-10-07 23:21:18,651  root       handle_response DEBUG    Write: '?\r\r>'
2024-10-07 23:21:18,653  root       run        DEBUG    Received '011C1'
2024-10-07 23:21:18,653  root       handle_request DEBUG    Handling: '011C1', header '7E0', ECU '7E0'
2024-10-07 23:21:18,653  root       handle_request DEBUG    Description: OBD Standards Compliance, PID OBD_COMPLIANCE (011C1)
2024-10-07 23:21:18,653  root       handle_response DEBUG    Processing: '<pos_answer>06</pos_answer>'
2024-10-07 23:21:18,654  root       handle_response DEBUG    Write: '7E8 03 41 1C 06 \r\r>'
2024-10-07 23:21:18,654  root       run        DEBUG    Received '011F1'
2024-10-07 23:21:18,655  root       handle_request DEBUG    Handling: '011F1', header '7E0', ECU '7E0'
2024-10-07 23:21:18,655  root       handle_request DEBUG    Description: Engine Run Time, PID RUN_TIME (011F1)
2024-10-07 23:21:18,655  root       handle_response DEBUG    Processing: '<pos_answer>00 8C</pos_answer>'
2024-10-07 23:21:18,656  root       handle_response DEBUG    Write: '7E8 04 41 1F 00 8C \r\r>'
2024-10-07 23:21:18,656  root       run        DEBUG    Received '01202'
2024-10-07 23:21:18,657  root       handle_request DEBUG    Handling: '01202', header '7E0', ECU '7E0'
2024-10-07 23:21:18,657  root       handle_request DEBUG    Description: PIDS_B, PID ELM_PIDS_B (01202)
2024-10-07 23:21:18,657  root       handle_response DEBUG    Processing: '<header>7EA</header><size>06</size><data>41 20 80 01 A0 01</data><pos_answer>90 15 B0 15</pos_answer>'
2024-10-07 23:21:18,658  root       handle_response DEBUG    Write: '7EA 06 41 20 80 01 A0 01 \r7E8 06 41 20 90 15 B0 15 \r\r>'
2024-10-07 23:21:18,658  root       run        DEBUG    Received '01211'
2024-10-07 23:21:18,658  root       handle_request DEBUG    Handling: '01211', header '7E0', ECU '7E0'
2024-10-07 23:21:18,659  root       handle_request DEBUG    Description: Distance Traveled with MIL on, PID DISTANCE_W_MIL (01211)
2024-10-07 23:21:18,659  root       handle_response DEBUG    Processing: '<pos_answer>00 00</pos_answer>'
2024-10-07 23:21:18,659  root       handle_response DEBUG    Write: '7E8 04 41 21 00 00 \r\r>'
2024-10-07 23:21:18,660  root       run        DEBUG    Received '01241'
2024-10-07 23:21:18,660  root       handle_request DEBUG    Handling: '01241', header '7E0', ECU '7E0'
2024-10-07 23:21:18,661  root       handle_request INFO     Unknown ELM command: '01241', header=7E0
2024-10-07 23:21:18,661  root       handle_response DEBUG    Processing: '<writeln>?</writeln>'
2024-10-07 23:21:18,661  root       handle_response DEBUG    Write: '?\r\r>'
2024-10-07 23:21:18,662  root       run        DEBUG    Received '012C1'
2024-10-07 23:21:18,662  root       handle_request DEBUG    Handling: '012C1', header '7E0', ECU '7E0'
2024-10-07 23:21:18,662  root       handle_request DEBUG    Description: Commanded EGR, PID COMMANDED_EGR (012C1)
2024-10-07 23:21:18,662  root       handle_response DEBUG    Processing: '<pos_answer>0D</pos_answer>'
2024-10-07 23:21:18,663  root       handle_response DEBUG    Write: '7E8 03 41 2C 0D \r\r>'
2024-10-07 23:21:18,664  root       run        DEBUG    Received '012E1'
2024-10-07 23:21:18,664  root       handle_request DEBUG    Handling: '012E1', header '7E0', ECU '7E0'
2024-10-07 23:21:18,664  root       handle_request INFO     Unknown ELM command: '012E1', header=7E0
2024-10-07 23:21:18,665  root       handle_response DEBUG    Processing: '<writeln>?</writeln>'
2024-10-07 23:21:18,665  root       handle_response DEBUG    Write: '?\r\r>'
2024-10-07 23:21:18,665  root       run        DEBUG    Received '01301'
2024-10-07 23:21:18,666  root       handle_request DEBUG    Handling: '01301', header '7E0', ECU '7E0'
2024-10-07 23:21:18,666  root       handle_request INFO     Unknown ELM command: '01301', header=7E0
2024-10-07 23:21:18,666  root       handle_response DEBUG    Processing: '<writeln>?</writeln>'
2024-10-07 23:21:18,667  root       handle_response DEBUG    Write: '?\r\r>'
2024-10-07 23:21:18,667  root       run        DEBUG    Received '01311'
2024-10-07 23:21:18,667  root       handle_request DEBUG    Handling: '01311', header '7E0', ECU '7E0'
2024-10-07 23:21:18,667  root       handle_request DEBUG    Description: Distance traveled since codes cleared, PID DISTANCE_SINCE_DTC_CLEAR (01311)
2024-10-07 23:21:18,668  root       handle_response DEBUG    Processing: '<pos_answer>C8 1F</pos_answer>'
2024-10-07 23:21:18,668  root       handle_response DEBUG    Write: '7E8 04 41 31 C8 1F \r\r>'
2024-10-07 23:21:18,668  root       run        DEBUG    Received '01331'
2024-10-07 23:21:18,668  root       handle_request DEBUG    Handling: '01331', header '7E0', ECU '7E0'
2024-10-07 23:21:18,669  root       handle_request DEBUG    Description: Barometric Pressure, PID BAROMETRIC_PRESSURE (01331)
2024-10-07 23:21:18,669  root       handle_response DEBUG    Processing: '<pos_answer>65</pos_answer>'
2024-10-07 23:21:18,669  root       handle_response DEBUG    Write: '7E8 03 41 33 65 \r\r>'
2024-10-07 23:21:18,670  root       run        DEBUG    Received '01341'
2024-10-07 23:21:18,670  root       handle_request DEBUG    Handling: '01341', header '7E0', ECU '7E0'
2024-10-07 23:21:18,670  root       handle_request INFO     Unknown ELM command: '01341', header=7E0
2024-10-07 23:21:18,670  root       handle_response DEBUG    Processing: '<writeln>?</writeln>'
2024-10-07 23:21:18,670  root       handle_response DEBUG    Write: '?\r\r>'
2024-10-07 23:21:18,671  root       run        DEBUG    Received '013C1'
2024-10-07 23:21:18,671  root       handle_request DEBUG    Handling: '013C1', header '7E0', ECU '7E0'
2024-10-07 23:21:18,671  root       handle_request DEBUG    Description: Catalyst Temperature: Bank 1 - Sensor 1, PID CATALYST_TEMP_B1S1 (013C1)
2024-10-07 23:21:18,671  root       handle_response DEBUG    Processing: '<pos_answer>04 44</pos_answer>'
2024-10-07 23:21:18,671  root       handle_response DEBUG    Write: '7E8 04 41 3C 04 44 \r\r>'
2024-10-07 23:21:18,673  root       run        DEBUG    Received '013E1'
2024-10-07 23:21:18,673  root       handle_request DEBUG    Handling: '013E1', header '7E0', ECU '7E0'
2024-10-07 23:21:18,674  root       handle_request INFO     Unknown ELM command: '013E1', header=7E0
2024-10-07 23:21:18,674  root       handle_response DEBUG    Processing: '<writeln>?</writeln>'
2024-10-07 23:21:18,674  root       handle_response DEBUG    Write: '?\r\r>'
2024-10-07 23:21:18,675  root       run        DEBUG    Received '01402'
2024-10-07 23:21:18,675  root       handle_request DEBUG    Handling: '01402', header '7E0', ECU '7E0'
2024-10-07 23:21:18,675  root       handle_request DEBUG    Description: PIDS_C, PID ELM_PIDS_C (01402)
2024-10-07 23:21:18,675  root       handle_response DEBUG    Processing: '<header>7EA</header><size>06</size><data>41 40 44 CC 00 21</data><pos_answer>7A 1C 80 00</pos_answer>'
2024-10-07 23:21:18,675  root       handle_response DEBUG    Write: '7EA 06 41 40 44 CC 00 21 \r7E8 06 41 40 7A 1C 80 00 \r\r>'
2024-10-07 23:21:18,676  root       run        DEBUG    Received '01421'
2024-10-07 23:21:18,676  root       handle_request DEBUG    Handling: '01421', header '7E0', ECU '7E0'
2024-10-07 23:21:18,676  root       handle_request DEBUG    Description: Control module voltage, PID CONTROL_MODULE_VOLTAGE (01421)
2024-10-07 23:21:18,676  root       handle_response DEBUG    Processing: '<pos_answer>39 D6</pos_answer>'
2024-10-07 23:21:18,677  root       handle_response DEBUG    Write: '7E8 04 41 42 39 D6 \r\r>'
2024-10-07 23:21:18,677  root       run        DEBUG    Received '01431'
2024-10-07 23:21:18,677  root       handle_request DEBUG    Handling: '01431', header '7E0', ECU '7E0'
2024-10-07 23:21:18,678  root       handle_request INFO     Unknown ELM command: '01431', header=7E0
2024-10-07 23:21:18,678  root       handle_response DEBUG    Processing: '<writeln>?</writeln>'
2024-10-07 23:21:18,678  root       handle_response DEBUG    Write: '?\r\r>'
2024-10-07 23:21:18,679  root       run        DEBUG    Received '01441'
2024-10-07 23:21:18,679  root       handle_request DEBUG    Handling: '01441', header '7E0', ECU '7E0'
2024-10-07 23:21:18,680  root       handle_request INFO     Unknown ELM command: '01441', header=7E0
2024-10-07 23:21:18,680  root       handle_response DEBUG    Processing: '<writeln>?</writeln>'
2024-10-07 23:21:18,680  root       handle_response DEBUG    Write: '?\r\r>'
2024-10-07 23:21:18,681  root       run        DEBUG    Received '01451'
2024-10-07 23:21:18,681  root       handle_request DEBUG    Handling: '01451', header '7E0', ECU '7E0'
2024-10-07 23:21:18,682  root       handle_request INFO     Unknown ELM command: '01451', header=7E0
2024-10-07 23:21:18,682  root       handle_response DEBUG    Processing: '<writeln>?</writeln>'
2024-10-07 23:21:18,682  root       handle_response DEBUG    Write: '?\r\r>'
2024-10-07 23:21:18,683  root       run        DEBUG    Received '01471'
2024-10-07 23:21:18,683  root       handle_request DEBUG    Handling: '01471', header '7E0', ECU '7E0'
2024-10-07 23:21:18,684  root       handle_request INFO     Unknown ELM command: '01471', header=7E0
2024-10-07 23:21:18,684  root       handle_response DEBUG    Processing: '<writeln>?</writeln>'
2024-10-07 23:21:18,684  root       handle_response DEBUG    Write: '?\r\r>'
2024-10-07 23:21:18,685  root       run        DEBUG    Received '014C1'
2024-10-07 23:21:18,685  root       handle_request DEBUG    Handling: '014C1', header '7E0', ECU '7E0'
2024-10-07 23:21:18,685  root       handle_request DEBUG    Description: Commanded throttle actuator, PID THROTTLE_ACTUATOR (014C1)
2024-10-07 23:21:18,686  root       handle_response DEBUG    Processing: '<pos_answer>00</pos_answer>'
2024-10-07 23:21:18,686  root       handle_response DEBUG    Write: '7E8 03 41 4C 00 \r\r>'
2024-10-07 23:21:18,687  root       run        DEBUG    Received '014D1'
2024-10-07 23:21:18,687  root       handle_request DEBUG    Handling: '014D1', header '7E0', ECU '7E0'
2024-10-07 23:21:18,687  root       handle_request DEBUG    Description: Time run with MIL on, PID RUN_TIME_MIL (014D1)
2024-10-07 23:21:18,687  root       handle_response DEBUG    Processing: '<pos_answer>00 00</pos_answer>'
2024-10-07 23:21:18,688  root       handle_response DEBUG    Write: '7E8 04 41 4D 00 00 \r\r>'
2024-10-07 23:21:18,689  root       run        DEBUG    Received '014E1'
2024-10-07 23:21:18,689  root       handle_request DEBUG    Handling: '014E1', header '7E0', ECU '7E0'
2024-10-07 23:21:18,690  root       handle_request DEBUG    Description: Time since trouble codes cleared, PID TIME_SINCE_DTC_CLEARED (014E1)
2024-10-07 23:21:18,690  root       handle_response DEBUG    Processing: '<pos_answer>4C 69</pos_answer>'
2024-10-07 23:21:18,691  root       handle_response DEBUG    Write: '7E8 04 41 4E 4C 69 \r\r>'
2024-10-07 23:21:18,692  root       run        DEBUG    Received '01511'
2024-10-07 23:21:18,692  root       handle_request DEBUG    Handling: '01511', header '7E0', ECU '7E0'
2024-10-07 23:21:18,693  root       handle_request DEBUG    Description: Fuel Type, PID FUEL_TYPE (01511)
2024-10-07 23:21:18,693  root       handle_response DEBUG    Processing: '<pos_answer>01</pos_answer>'
2024-10-07 23:21:18,693  root       handle_response DEBUG    Write: '7E8 03 41 51 01 \r\r>'
2024-10-07 23:24:34,903  root       run        DEBUG    Received 'ATZ'
2024-10-07 23:24:34,904  root       handle_request DEBUG    Handling: 'ATZ', header '7E0', ECU '7E0'
2024-10-07 23:24:34,904  root       handle_request DEBUG    Description: AT RESET, PID AT_RESET (ATZ)
2024-10-07 23:24:34,904  root       reset      DEBUG    Resetting counters and sleeping for 0.5 seconds
2024-10-07 23:24:35,405  root       <module>   DEBUG    Reset and sleep 0.5 seconds
2024-10-07 23:24:35,405  root       handle_response DEBUG    Processing: '<writeln></writeln><writeln></writeln><writeln>ELM327 v1.5</writeln>'
2024-10-07 23:24:35,405  root       handle_response DEBUG    Write: '\r\rELM327 v1.5\r\r>'
2024-10-07 23:24:35,904  root       run        DEBUG    Received 'ATE0'
2024-10-07 23:24:35,905  root       handle_request DEBUG    Handling: 'ATE0', header '7E0', ECU '7E0'
2024-10-07 23:24:35,906  root       handle_request DEBUG    Description: AT ECHO, PID AT_ECHO (ATE0)
2024-10-07 23:24:35,907  root       <module>   DEBUG    set ECHO ON/OFF : False
2024-10-07 23:24:35,907  root       handle_response DEBUG    Processing: '<writeln>OK</writeln>'
2024-10-07 23:24:35,907  root       handle_response DEBUG    Write: 'OK\r\r>'
2024-10-07 23:24:35,908  root       run        DEBUG    Received 'ATH1'
2024-10-07 23:24:35,909  root       handle_request DEBUG    Handling: 'ATH1', header '7E0', ECU '7E0'
2024-10-07 23:24:35,910  root       handle_request DEBUG    Description: AT HEADERS, PID AT_USE_HEADERS (ATH1)
2024-10-07 23:24:35,911  root       <module>   DEBUG    set HEADERS ON/OFF : True
2024-10-07 23:24:35,911  root       handle_response DEBUG    Processing: '<writeln>OK</writeln>'
2024-10-07 23:24:35,911  root       handle_response DEBUG    Write: 'OK\r\r>'
2024-10-07 23:24:35,912  root       run        DEBUG    Received 'ATL0'
2024-10-07 23:24:35,913  root       handle_request DEBUG    Handling: 'ATL0', header '7E0', ECU '7E0'
2024-10-07 23:24:35,914  root       handle_request DEBUG    Description: AT LINEFEEDS, PID AT_LINEFEEDS (ATL0)
2024-10-07 23:24:35,914  root       <module>   DEBUG    set LINEFEEDS ON/OFF : False
2024-10-07 23:24:35,915  root       handle_response DEBUG    Processing: '<writeln>OK</writeln>'
2024-10-07 23:24:35,915  root       handle_response DEBUG    Write: 'OK\r\r>'
2024-10-07 23:24:35,916  root       run        DEBUG    Received 'AT RV'
2024-10-07 23:24:35,917  root       handle_request DEBUG    Handling: 'ATRV', header '7E0', ECU '7E0'
2024-10-07 23:24:35,918  root       handle_request DEBUG    Description: AT read volt, PID AT_R_VOLT (ATRV)
2024-10-07 23:24:35,918  root       <module>   DEBUG    Volt = 13.3
2024-10-07 23:24:35,919  root       handle_response DEBUG    Processing: '<string>13.3</string><writeln>V</writeln>'
2024-10-07 23:24:35,919  root       handle_response DEBUG    Write: '13.3V\r\r>'
2024-10-07 23:24:35,920  root       run        DEBUG    Received 'ATSP0'
2024-10-07 23:24:35,920  root       handle_request DEBUG    Handling: 'ATSP0', header '7E0', ECU '7E0'
2024-10-07 23:24:35,921  root       handle_request DEBUG    Description: AT PROTO, PID AT_PROTO (ATSP0)
2024-10-07 23:24:35,922  root       <module>   DEBUG    set PROTO 0
2024-10-07 23:24:35,922  root       handle_response DEBUG    Processing: '<writeln>OK</writeln>'
2024-10-07 23:24:35,923  root       handle_response DEBUG    Write: 'OK\r\r>'
2024-10-07 23:24:36,921  root       run        DEBUG    Received '0100'
2024-10-07 23:24:36,921  root       handle_request DEBUG    Handling: '0100', header '7E0', ECU '7E0'
2024-10-07 23:24:36,922  root       handle_request DEBUG    UDS P3 timer expired: running stop() method for ECU task "Default ECU Task module", ECU="7E0".
2024-10-07 23:24:36,922  root       handle_request DEBUG    Description: PIDS_A, PID ELM_PIDS_A (0100)
2024-10-07 23:24:36,922  root       handle_response DEBUG    Processing: '<string>SEARCHING...</string><exec>time.sleep(3)</exec><writeln></writeln><header>7EA</header><size>06</size><data>41 00 98 3A 80 13</data><pos_answer>BE 3F A8 13</pos_answer>'
2024-10-07 23:24:36,923  root       handle_response DEBUG    Write: 'SEARCHING...'
2024-10-07 23:24:39,924  root       handle_response DEBUG    Evaluated command: time.sleep(3) -> None
2024-10-07 23:24:39,925  root       handle_response DEBUG    Write: '\r7EA 06 41 00 98 3A 80 13 \r7E8 06 41 00 BE 3F A8 13 \r\r>'
2024-10-07 23:24:39,926  root       run        DEBUG    Received 'ATDPN'
2024-10-07 23:24:39,926  root       handle_request DEBUG    Handling: 'ATDPN', header '7E0', ECU '7E0'
2024-10-07 23:24:39,927  root       handle_request DEBUG    Description: AT Display Protocol Number, PID AT_DESCRIBE_PROTO_N (ATDPN)
2024-10-07 23:24:40,428  root       handle_response DEBUG    Processing: '<writeln>A6</writeln>'
2024-10-07 23:24:40,429  root       handle_response DEBUG    Write: 'A6\r\r>'
2024-10-07 23:24:40,431  root       run        DEBUG    Received '0100'
2024-10-07 23:24:40,431  root       handle_request DEBUG    Handling: '0100', header '7E0', ECU '7E0'
2024-10-07 23:24:40,432  root       handle_request DEBUG    Description: PIDS_A, PID ELM_PIDS_A (0100)
2024-10-07 23:24:40,432  root       handle_response DEBUG    Processing: '<header>7EA</header><size>06</size><data>41 00 98 3A 80 13</data><pos_answer>BE 3F A8 13</pos_answer>'
2024-10-07 23:24:40,433  root       handle_response DEBUG    Write: '7EA 06 41 00 98 3A 80 13 \r7E8 06 41 00 BE 3F A8 13 \r\r>'
2024-10-07 23:24:40,434  root       run        DEBUG    Received '0120'
2024-10-07 23:24:40,435  root       handle_request DEBUG    Handling: '0120', header '7E0', ECU '7E0'
2024-10-07 23:24:40,435  root       handle_request DEBUG    Description: PIDS_B, PID ELM_PIDS_B (0120)
2024-10-07 23:24:40,436  root       handle_response DEBUG    Processing: '<header>7EA</header><size>06</size><data>41 20 80 01 A0 01</data><pos_answer>90 15 B0 15</pos_answer>'
2024-10-07 23:24:40,436  root       handle_response DEBUG    Write: '7EA 06 41 20 80 01 A0 01 \r7E8 06 41 20 90 15 B0 15 \r\r>'
2024-10-07 23:24:40,438  root       run        DEBUG    Received '0140'
2024-10-07 23:24:40,438  root       handle_request DEBUG    Handling: '0140', header '7E0', ECU '7E0'
2024-10-07 23:24:40,439  root       handle_request DEBUG    Description: PIDS_C, PID ELM_PIDS_C (0140)
2024-10-07 23:24:40,439  root       handle_response DEBUG    Processing: '<header>7EA</header><size>06</size><data>41 40 44 CC 00 21</data><pos_answer>7A 1C 80 00</pos_answer>'
2024-10-07 23:24:40,440  root       handle_response DEBUG    Write: '7EA 06 41 40 44 CC 00 21 \r7E8 06 41 40 7A 1C 80 00 \r\r>'
2024-10-07 23:24:40,441  root       run        DEBUG    Received '0600'
2024-10-07 23:24:40,442  root       handle_request DEBUG    Handling: '0600', header '7E0', ECU '7E0'
2024-10-07 23:24:40,442  root       handle_request DEBUG    Description: MIDS_A, PID ELM_MIDS_A (0600)
2024-10-07 23:24:40,442  root       handle_response DEBUG    Processing: '<pos_answer>C0 00 00 01</pos_answer>'
2024-10-07 23:24:40,443  root       handle_response DEBUG    Write: '7E8 05 46 C0 00 00 01 \r\r>'
2024-10-07 23:24:40,444  root       run        DEBUG    Received '0900'
2024-10-07 23:24:40,445  root       handle_request DEBUG    Handling: '0900', header '7E0', ECU '7E0'
2024-10-07 23:24:40,445  root       handle_request DEBUG    Description: PIDS_9A, PID ELM_PIDS_9A (0900)
2024-10-07 23:24:40,446  root       handle_response DEBUG    Processing: '<pos_answer>FF FF FF FF</pos_answer>'
2024-10-07 23:24:40,446  root       handle_response DEBUG    Write: '7E8 06 49 00 FF FF FF FF \r\r>'
2024-10-07 23:24:40,448  root       run        DEBUG    Received '01002'
2024-10-07 23:24:40,448  root       handle_request DEBUG    Handling: '01002', header '7E0', ECU '7E0'
2024-10-07 23:24:40,449  root       handle_request DEBUG    Description: PIDS_A, PID ELM_PIDS_A (01002)
2024-10-07 23:24:40,449  root       handle_response DEBUG    Processing: '<header>7EA</header><size>06</size><data>41 00 98 3A 80 13</data><pos_answer>BE 3F A8 13</pos_answer>'
2024-10-07 23:24:40,450  root       handle_response DEBUG    Write: '7EA 06 41 00 98 3A 80 13 \r7E8 06 41 00 BE 3F A8 13 \r\r>'
2024-10-07 23:24:40,451  root       run        DEBUG    Received '01202'
2024-10-07 23:24:40,451  root       handle_request DEBUG    Handling: '01202', header '7E0', ECU '7E0'
2024-10-07 23:24:40,452  root       handle_request DEBUG    Description: PIDS_B, PID ELM_PIDS_B (01202)
2024-10-07 23:24:40,452  root       handle_response DEBUG    Processing: '<header>7EA</header><size>06</size><data>41 20 80 01 A0 01</data><pos_answer>90 15 B0 15</pos_answer>'
2024-10-07 23:24:40,453  root       handle_response DEBUG    Write: '7EA 06 41 20 80 01 A0 01 \r7E8 06 41 20 90 15 B0 15 \r\r>'
2024-10-07 23:24:40,454  root       run        DEBUG    Received '01402'
2024-10-07 23:24:40,454  root       handle_request DEBUG    Handling: '01402', header '7E0', ECU '7E0'
2024-10-07 23:24:40,455  root       handle_request DEBUG    Description: PIDS_C, PID ELM_PIDS_C (01402)
2024-10-07 23:24:40,455  root       handle_response DEBUG    Processing: '<header>7EA</header><size>06</size><data>41 40 44 CC 00 21</data><pos_answer>7A 1C 80 00</pos_answer>'
2024-10-07 23:24:40,456  root       handle_response DEBUG    Write: '7EA 06 41 40 44 CC 00 21 \r7E8 06 41 40 7A 1C 80 00 \r\r>'
2024-10-07 23:24:40,457  root       run        DEBUG    Received '0600'
2024-10-07 23:24:40,458  root       handle_request DEBUG    Handling: '0600', header '7E0', ECU '7E0'
2024-10-07 23:24:40,458  root       handle_request DEBUG    Description: MIDS_A, PID ELM_MIDS_A (0600)
2024-10-07 23:24:40,458  root       handle_response DEBUG    Processing: '<pos_answer>C0 00 00 01</pos_answer>'
2024-10-07 23:24:40,459  root       handle_response DEBUG    Write: '7E8 05 46 C0 00 00 01 \r\r>'
2024-10-07 23:24:40,462  root       run        DEBUG    Received 'ATZ'
2024-10-07 23:24:40,462  root       handle_request DEBUG    Handling: 'ATZ', header '7E0', ECU '7E0'
2024-10-07 23:24:40,463  root       handle_request DEBUG    Description: AT RESET, PID AT_RESET (ATZ)
2024-10-07 23:24:40,464  root       reset      DEBUG    Resetting counters and sleeping for 0.5 seconds
2024-10-07 23:24:40,965  root       <module>   DEBUG    Reset and sleep 0.5 seconds
2024-10-07 23:24:40,965  root       handle_response DEBUG    Processing: '<writeln></writeln><writeln></writeln><writeln>ELM327 v1.5</writeln>'
2024-10-07 23:24:40,966  root       handle_response DEBUG    Write: '\r\rELM327 v1.5\r\r>'
2024-10-07 23:24:41,463  root       run        DEBUG    Received 'ATE0'
2024-10-07 23:24:41,463  root       handle_request DEBUG    Handling: 'ATE0', header '7E0', ECU '7E0'
2024-10-07 23:24:41,464  root       handle_request DEBUG    Description: AT ECHO, PID AT_ECHO (ATE0)
2024-10-07 23:24:41,465  root       <module>   DEBUG    set ECHO ON/OFF : False
2024-10-07 23:24:41,466  root       handle_response DEBUG    Processing: '<writeln>OK</writeln>'
2024-10-07 23:24:41,466  root       handle_response DEBUG    Write: 'OK\r\r>'
2024-10-07 23:24:41,467  root       run        DEBUG    Received 'ATH1'
2024-10-07 23:24:41,468  root       handle_request DEBUG    Handling: 'ATH1', header '7E0', ECU '7E0'
2024-10-07 23:24:41,469  root       handle_request DEBUG    Description: AT HEADERS, PID AT_USE_HEADERS (ATH1)
2024-10-07 23:24:41,469  root       <module>   DEBUG    set HEADERS ON/OFF : True
2024-10-07 23:24:41,470  root       handle_response DEBUG    Processing: '<writeln>OK</writeln>'
2024-10-07 23:24:41,470  root       handle_response DEBUG    Write: 'OK\r\r>'
2024-10-07 23:24:41,471  root       run        DEBUG    Received 'ATL0'
2024-10-07 23:24:41,472  root       handle_request DEBUG    Handling: 'ATL0', header '7E0', ECU '7E0'
2024-10-07 23:24:41,472  root       handle_request DEBUG    Description: AT LINEFEEDS, PID AT_LINEFEEDS (ATL0)
2024-10-07 23:24:41,473  root       <module>   DEBUG    set LINEFEEDS ON/OFF : False
2024-10-07 23:24:41,473  root       handle_response DEBUG    Processing: '<writeln>OK</writeln>'
2024-10-07 23:24:41,474  root       handle_response DEBUG    Write: 'OK\r\r>'
2024-10-07 23:24:41,475  root       run        DEBUG    Received 'AT RV'
2024-10-07 23:24:41,475  root       handle_request DEBUG    Handling: 'ATRV', header '7E0', ECU '7E0'
2024-10-07 23:24:41,476  root       handle_request DEBUG    Description: AT read volt, PID AT_R_VOLT (ATRV)
2024-10-07 23:24:41,477  root       <module>   DEBUG    Volt = 13.4
2024-10-07 23:24:41,477  root       handle_response DEBUG    Processing: '<string>13.4</string><writeln>V</writeln>'
2024-10-07 23:24:41,477  root       handle_response DEBUG    Write: '13.4V\r\r>'
2024-10-07 23:24:41,478  root       run        DEBUG    Received 'ATSP0'
2024-10-07 23:24:41,479  root       handle_request DEBUG    Handling: 'ATSP0', header '7E0', ECU '7E0'
2024-10-07 23:24:41,480  root       handle_request DEBUG    Description: AT PROTO, PID AT_PROTO (ATSP0)
2024-10-07 23:24:41,480  root       <module>   DEBUG    set PROTO 0
2024-10-07 23:24:41,481  root       handle_response DEBUG    Processing: '<writeln>OK</writeln>'
2024-10-07 23:24:41,481  root       handle_response DEBUG    Write: 'OK\r\r>'
2024-10-07 23:24:42,479  root       run        DEBUG    Received '0100'
2024-10-07 23:24:42,480  root       handle_request DEBUG    Handling: '0100', header '7E0', ECU '7E0'
2024-10-07 23:24:42,481  root       handle_request DEBUG    Description: PIDS_A, PID ELM_PIDS_A (0100)
2024-10-07 23:24:42,481  root       handle_response DEBUG    Processing: '<string>SEARCHING...</string><exec>time.sleep(3)</exec><writeln></writeln><header>7EA</header><size>06</size><data>41 00 98 3A 80 13</data><pos_answer>BE 3F A8 13</pos_answer>'
2024-10-07 23:24:42,482  root       handle_response DEBUG    Write: 'SEARCHING...'
2024-10-07 23:24:45,482  root       handle_response DEBUG    Evaluated command: time.sleep(3) -> None
2024-10-07 23:24:45,483  root       handle_response DEBUG    Write: '\r7EA 06 41 00 98 3A 80 13 \r7E8 06 41 00 BE 3F A8 13 \r\r>'
2024-10-07 23:24:45,485  root       run        DEBUG    Received 'ATDPN'
2024-10-07 23:24:45,485  root       handle_request DEBUG    Handling: 'ATDPN', header '7E0', ECU '7E0'
2024-10-07 23:24:45,486  root       handle_request DEBUG    Description: AT Display Protocol Number, PID AT_DESCRIBE_PROTO_N (ATDPN)
2024-10-07 23:24:45,987  root       handle_response DEBUG    Processing: '<writeln>A6</writeln>'
2024-10-07 23:24:45,987  root       handle_response DEBUG    Write: 'A6\r\r>'
2024-10-07 23:24:45,988  root       run        DEBUG    Received '0100'
2024-10-07 23:24:45,988  root       handle_request DEBUG    Handling: '0100', header '7E0', ECU '7E0'
2024-10-07 23:24:45,989  root       handle_request DEBUG    Description: PIDS_A, PID ELM_PIDS_A (0100)
2024-10-07 23:24:45,989  root       handle_response DEBUG    Processing: '<header>7EA</header><size>06</size><data>41 00 98 3A 80 13</data><pos_answer>BE 3F A8 13</pos_answer>'
2024-10-07 23:24:45,989  root       handle_response DEBUG    Write: '7EA 06 41 00 98 3A 80 13 \r7E8 06 41 00 BE 3F A8 13 \r\r>'
2024-10-07 23:24:45,990  root       run        DEBUG    Received '0120'
2024-10-07 23:24:45,990  root       handle_request DEBUG    Handling: '0120', header '7E0', ECU '7E0'
2024-10-07 23:24:45,991  root       handle_request DEBUG    Description: PIDS_B, PID ELM_PIDS_B (0120)
2024-10-07 23:24:45,991  root       handle_response DEBUG    Processing: '<header>7EA</header><size>06</size><data>41 20 80 01 A0 01</data><pos_answer>90 15 B0 15</pos_answer>'
2024-10-07 23:24:45,991  root       handle_response DEBUG    Write: '7EA 06 41 20 80 01 A0 01 \r7E8 06 41 20 90 15 B0 15 \r\r>'
2024-10-07 23:24:45,992  root       run        DEBUG    Received '0140'
2024-10-07 23:24:45,992  root       handle_request DEBUG    Handling: '0140', header '7E0', ECU '7E0'
2024-10-07 23:24:45,992  root       handle_request DEBUG    Description: PIDS_C, PID ELM_PIDS_C (0140)
2024-10-07 23:24:45,992  root       handle_response DEBUG    Processing: '<header>7EA</header><size>06</size><data>41 40 44 CC 00 21</data><pos_answer>7A 1C 80 00</pos_answer>'
2024-10-07 23:24:45,992  root       handle_response DEBUG    Write: '7EA 06 41 40 44 CC 00 21 \r7E8 06 41 40 7A 1C 80 00 \r\r>'
2024-10-07 23:24:45,993  root       run        DEBUG    Received '0600'
2024-10-07 23:24:45,993  root       handle_request DEBUG    Handling: '0600', header '7E0', ECU '7E0'
2024-10-07 23:24:45,994  root       handle_request DEBUG    Description: MIDS_A, PID ELM_MIDS_A (0600)
2024-10-07 23:24:45,994  root       handle_response DEBUG    Processing: '<pos_answer>C0 00 00 01</pos_answer>'
2024-10-07 23:24:45,994  root       handle_response DEBUG    Write: '7E8 05 46 C0 00 00 01 \r\r>'
2024-10-07 23:24:45,995  root       run        DEBUG    Received '0900'
2024-10-07 23:24:45,995  root       handle_request DEBUG    Handling: '0900', header '7E0', ECU '7E0'
2024-10-07 23:24:45,995  root       handle_request DEBUG    Description: PIDS_9A, PID ELM_PIDS_9A (0900)
2024-10-07 23:24:45,995  root       handle_response DEBUG    Processing: '<pos_answer>FF FF FF FF</pos_answer>'
2024-10-07 23:24:45,995  root       handle_response DEBUG    Write: '7E8 06 49 00 FF FF FF FF \r\r>'
2024-10-07 23:24:46,005  root       run        DEBUG    Received '0101'
2024-10-07 23:24:46,005  root       handle_request DEBUG    Handling: '0101', header '7E0', ECU '7E0'
2024-10-07 23:24:46,006  root       handle_request INFO     Unknown request: '0101', header=7E0
2024-10-07 23:24:46,006  root       handle_response DEBUG    Processing: '<writeln>NO DATA</writeln>'
2024-10-07 23:24:46,006  root       handle_response DEBUG    Write: 'NO DATA\r\r>'
2024-10-07 23:24:46,011  root       run        DEBUG    Received '0103'
2024-10-07 23:24:46,011  root       handle_request DEBUG    Handling: '0103', header '7E0', ECU '7E0'
2024-10-07 23:24:46,011  root       handle_request DEBUG    Description: Fuel System Status, PID FUEL_STATUS (0103)
2024-10-07 23:24:46,011  root       handle_response DEBUG    Processing: '<pos_answer>00 00</pos_answer>'
2024-10-07 23:24:46,011  root       handle_response DEBUG    Write: '7E8 04 41 03 00 00 \r\r>'
2024-10-07 23:24:46,012  root       run        DEBUG    Received '0104'
2024-10-07 23:24:46,012  root       handle_request DEBUG    Handling: '0104', header '7E0', ECU '7E0'
2024-10-07 23:24:46,013  root       handle_request DEBUG    Description: Calculated Engine Load, PID ENGINE_LOAD (0104)
2024-10-07 23:24:46,013  root       handle_response DEBUG    Processing: '<pos_answer>00</pos_answer>'
2024-10-07 23:24:46,013  root       handle_response DEBUG    Write: '7E8 03 41 04 00 \r\r>'
2024-10-07 23:24:46,014  root       run        DEBUG    Received '0105'
2024-10-07 23:24:46,014  root       handle_request DEBUG    Handling: '0105', header '7E0', ECU '7E0'
2024-10-07 23:24:46,014  root       handle_request DEBUG    Description: Engine Coolant Temperature, PID COOLANT_TEMP (0105)
2024-10-07 23:24:46,014  root       handle_response DEBUG    Processing: '<pos_answer>7B</pos_answer>'
2024-10-07 23:24:46,015  root       handle_response DEBUG    Write: '7E8 03 41 05 7B \r\r>'
2024-10-07 23:24:46,015  root       run        DEBUG    Received '0106'
2024-10-07 23:24:46,015  root       handle_request DEBUG    Handling: '0106', header '7E0', ECU '7E0'
2024-10-07 23:24:46,016  root       handle_request INFO     Unknown request: '0106', header=7E0
2024-10-07 23:24:46,017  root       handle_response DEBUG    Processing: '<writeln>NO DATA</writeln>'
2024-10-07 23:24:46,017  root       handle_response DEBUG    Write: 'NO DATA\r\r>'
2024-10-07 23:24:46,018  root       run        DEBUG    Received '0107'
2024-10-07 23:24:46,018  root       handle_request DEBUG    Handling: '0107', header '7E0', ECU '7E0'
2024-10-07 23:24:46,018  root       handle_request INFO     Unknown request: '0107', header=7E0
2024-10-07 23:24:46,018  root       handle_response DEBUG    Processing: '<writeln>NO DATA</writeln>'
2024-10-07 23:24:46,019  root       handle_response DEBUG    Write: 'NO DATA\r\r>'
2024-10-07 23:24:46,019  root       run        DEBUG    Received '010B'
2024-10-07 23:24:46,019  root       handle_request DEBUG    Handling: '010B', header '7E0', ECU '7E0'
2024-10-07 23:24:46,020  root       handle_request DEBUG    Description: Intake Manifold Pressure, PID INTAKE_PRESSURE (010B)
2024-10-07 23:24:46,020  root       handle_response DEBUG    Processing: '<pos_answer>73</pos_answer>'
2024-10-07 23:24:46,020  root       handle_response DEBUG    Write: '7E8 03 41 0B 73 \r\r>'
2024-10-07 23:24:46,021  root       run        DEBUG    Received '010C'
2024-10-07 23:24:46,021  root       handle_request DEBUG    Handling: '010C', header '7E0', ECU '7E0'
2024-10-07 23:24:46,022  root       handle_request DEBUG    Description: Engine RPM, PID RPM (010C)
2024-10-07 23:24:46,022  root       handle_response DEBUG    Processing: '<pos_answer>41 50</pos_answer> <header>7EA</header><size>04</size><data>41 0C 41 50</data>'
2024-10-07 23:24:46,022  root       handle_response DEBUG    Write: '7E8 04 41 0C 41 50 \r7EA 04 41 0C 41 50 \r\r>'
2024-10-07 23:24:46,023  root       run        DEBUG    Received '010D'
2024-10-07 23:24:46,023  root       handle_request DEBUG    Handling: '010D', header '7E0', ECU '7E0'
2024-10-07 23:24:46,023  root       handle_request DEBUG    Description: Vehicle Speed, PID SPEED (010D)
2024-10-07 23:24:46,023  root       handle_response DEBUG    Processing: '<pos_answer>04</pos_answer> <header>7EA</header><size>03</size><data>41 0D 04</data>'
2024-10-07 23:24:46,024  root       handle_response DEBUG    Write: '7E8 03 41 0D 04 \r7EA 03 41 0D 04 \r\r>'
2024-10-07 23:24:46,025  root       run        DEBUG    Received '010E'
2024-10-07 23:24:46,025  root       handle_request DEBUG    Handling: '010E', header '7E0', ECU '7E0'
2024-10-07 23:24:46,026  root       handle_request INFO     Unknown request: '010E', header=7E0
2024-10-07 23:24:46,027  root       handle_response DEBUG    Processing: '<writeln>NO DATA</writeln>'
2024-10-07 23:24:46,027  root       handle_response DEBUG    Write: 'NO DATA\r\r>'
2024-10-07 23:24:46,028  root       run        DEBUG    Received '010F'
2024-10-07 23:24:46,028  root       handle_request DEBUG    Handling: '010F', header '7E0', ECU '7E0'
2024-10-07 23:24:46,028  root       handle_request DEBUG    Description: Intake Air Temp, PID INTAKE_TEMP (010F)
2024-10-07 23:24:46,028  root       handle_response DEBUG    Processing: '<pos_answer>44</pos_answer>'
2024-10-07 23:24:46,029  root       handle_response DEBUG    Write: '7E8 03 41 0F 44 \r\r>'
2024-10-07 23:24:46,030  root       run        DEBUG    Received '0110'
2024-10-07 23:24:46,030  root       handle_request DEBUG    Handling: '0110', header '7E0', ECU '7E0'
2024-10-07 23:24:46,030  root       handle_request DEBUG    Description: Air Flow Rate (MAF), PID MAF (0110)
2024-10-07 23:24:46,030  root       handle_response DEBUG    Processing: '<pos_answer>05 1F</pos_answer>'
2024-10-07 23:24:46,031  root       handle_response DEBUG    Write: '7E8 04 41 10 05 1F \r\r>'
2024-10-07 23:24:46,032  root       run        DEBUG    Received '0111'
2024-10-07 23:24:46,032  root       handle_request DEBUG    Handling: '0111', header '7E0', ECU '7E0'
2024-10-07 23:24:46,032  root       handle_request DEBUG    Description: Throttle Position, PID THROTTLE_POS (0111)
2024-10-07 23:24:46,032  root       handle_response DEBUG    Processing: '<pos_answer>FF</pos_answer>'
2024-10-07 23:24:46,032  root       handle_response DEBUG    Write: '7E8 03 41 11 FF \r\r>'
2024-10-07 23:24:46,033  root       run        DEBUG    Received '0113'
2024-10-07 23:24:46,033  root       handle_request DEBUG    Handling: '0113', header '7E0', ECU '7E0'
2024-10-07 23:24:46,034  root       handle_request INFO     Unknown request: '0113', header=7E0
2024-10-07 23:24:46,034  root       handle_response DEBUG    Processing: '<writeln>NO DATA</writeln>'
2024-10-07 23:24:46,034  root       handle_response DEBUG    Write: 'NO DATA\r\r>'
2024-10-07 23:24:46,035  root       run        DEBUG    Received '0115'
2024-10-07 23:24:46,035  root       handle_request DEBUG    Handling: '0115', header '7E0', ECU '7E0'
2024-10-07 23:24:46,036  root       handle_request INFO     Unknown request: '0115', header=7E0
2024-10-07 23:24:46,037  root       handle_response DEBUG    Processing: '<writeln>NO DATA</writeln>'
2024-10-07 23:24:46,037  root       handle_response DEBUG    Write: 'NO DATA\r\r>'
2024-10-07 23:24:46,038  root       run        DEBUG    Received '011C'
2024-10-07 23:24:46,038  root       handle_request DEBUG    Handling: '011C', header '7E0', ECU '7E0'
2024-10-07 23:24:46,038  root       handle_request DEBUG    Description: OBD Standards Compliance, PID OBD_COMPLIANCE (011C)
2024-10-07 23:24:46,038  root       handle_response DEBUG    Processing: '<pos_answer>06</pos_answer>'
2024-10-07 23:24:46,038  root       handle_response DEBUG    Write: '7E8 03 41 1C 06 \r\r>'
2024-10-07 23:24:46,039  root       run        DEBUG    Received '011F'
2024-10-07 23:24:46,039  root       handle_request DEBUG    Handling: '011F', header '7E0', ECU '7E0'
2024-10-07 23:24:46,039  root       handle_request DEBUG    Description: Engine Run Time, PID RUN_TIME (011F)
2024-10-07 23:24:46,040  root       handle_response DEBUG    Processing: '<pos_answer>00 8C</pos_answer>'
2024-10-07 23:24:46,040  root       handle_response DEBUG    Write: '7E8 04 41 1F 00 8C \r\r>'
2024-10-07 23:24:46,040  root       run        DEBUG    Received '01202'
2024-10-07 23:24:46,041  root       handle_request DEBUG    Handling: '01202', header '7E0', ECU '7E0'
2024-10-07 23:24:46,041  root       handle_request DEBUG    Description: PIDS_B, PID ELM_PIDS_B (01202)
2024-10-07 23:24:46,041  root       handle_response DEBUG    Processing: '<header>7EA</header><size>06</size><data>41 20 80 01 A0 01</data><pos_answer>90 15 B0 15</pos_answer>'
2024-10-07 23:24:46,041  root       handle_response DEBUG    Write: '7EA 06 41 20 80 01 A0 01 \r7E8 06 41 20 90 15 B0 15 \r\r>'
2024-10-07 23:24:46,042  root       run        DEBUG    Received '0121'
2024-10-07 23:24:46,042  root       handle_request DEBUG    Handling: '0121', header '7E0', ECU '7E0'
2024-10-07 23:24:46,042  root       handle_request DEBUG    Description: Distance Traveled with MIL on, PID DISTANCE_W_MIL (0121)
2024-10-07 23:24:46,043  root       handle_response DEBUG    Processing: '<pos_answer>00 00</pos_answer>'
2024-10-07 23:24:46,043  root       handle_response DEBUG    Write: '7E8 04 41 21 00 00 \r\r>'
2024-10-07 23:24:46,044  root       run        DEBUG    Received '0124'
2024-10-07 23:24:46,044  root       handle_request DEBUG    Handling: '0124', header '7E0', ECU '7E0'
2024-10-07 23:24:46,045  root       handle_request INFO     Unknown request: '0124', header=7E0
2024-10-07 23:24:46,046  root       handle_response DEBUG    Processing: '<writeln>NO DATA</writeln>'
2024-10-07 23:24:46,046  root       handle_response DEBUG    Write: 'NO DATA\r\r>'
2024-10-07 23:24:46,047  root       run        DEBUG    Received '012C'
2024-10-07 23:24:46,047  root       handle_request DEBUG    Handling: '012C', header '7E0', ECU '7E0'
2024-10-07 23:24:46,047  root       handle_request DEBUG    Description: Commanded EGR, PID COMMANDED_EGR (012C)
2024-10-07 23:24:46,048  root       handle_response DEBUG    Processing: '<pos_answer>0D</pos_answer>'
2024-10-07 23:24:46,048  root       handle_response DEBUG    Write: '7E8 03 41 2C 0D \r\r>'
2024-10-07 23:24:46,049  root       run        DEBUG    Received '012E'
2024-10-07 23:24:46,049  root       handle_request DEBUG    Handling: '012E', header '7E0', ECU '7E0'
2024-10-07 23:24:46,050  root       handle_request INFO     Unknown request: '012E', header=7E0
2024-10-07 23:24:46,050  root       handle_response DEBUG    Processing: '<writeln>NO DATA</writeln>'
2024-10-07 23:24:46,051  root       handle_response DEBUG    Write: 'NO DATA\r\r>'
2024-10-07 23:24:46,051  root       run        DEBUG    Received '0130'
2024-10-07 23:24:46,051  root       handle_request DEBUG    Handling: '0130', header '7E0', ECU '7E0'
2024-10-07 23:24:46,052  root       handle_request INFO     Unknown request: '0130', header=7E0
2024-10-07 23:24:46,053  root       handle_response DEBUG    Processing: '<writeln>NO DATA</writeln>'
2024-10-07 23:24:46,053  root       handle_response DEBUG    Write: 'NO DATA\r\r>'
2024-10-07 23:24:46,054  root       run        DEBUG    Received '0131'
2024-10-07 23:24:46,054  root       handle_request DEBUG    Handling: '0131', header '7E0', ECU '7E0'
2024-10-07 23:24:46,055  root       handle_request DEBUG    Description: Distance traveled since codes cleared, PID DISTANCE_SINCE_DTC_CLEAR (0131)
2024-10-07 23:24:46,055  root       handle_response DEBUG    Processing: '<pos_answer>C8 1F</pos_answer>'
2024-10-07 23:24:46,055  root       handle_response DEBUG    Write: '7E8 04 41 31 C8 1F \r\r>'
2024-10-07 23:24:46,056  root       run        DEBUG    Received '0133'
2024-10-07 23:24:46,056  root       handle_request DEBUG    Handling: '0133', header '7E0', ECU '7E0'
2024-10-07 23:24:46,057  root       handle_request DEBUG    Description: Barometric Pressure, PID BAROMETRIC_PRESSURE (0133)
2024-10-07 23:24:46,057  root       handle_response DEBUG    Processing: '<pos_answer>65</pos_answer>'
2024-10-07 23:24:46,057  root       handle_response DEBUG    Write: '7E8 03 41 33 65 \r\r>'
2024-10-07 23:24:46,059  root       run        DEBUG    Received '0134'
2024-10-07 23:24:46,059  root       handle_request DEBUG    Handling: '0134', header '7E0', ECU '7E0'
2024-10-07 23:24:46,060  root       handle_request INFO     Unknown request: '0134', header=7E0
2024-10-07 23:24:46,060  root       handle_response DEBUG    Processing: '<writeln>NO DATA</writeln>'
2024-10-07 23:24:46,060  root       handle_response DEBUG    Write: 'NO DATA\r\r>'
2024-10-07 23:24:46,061  root       run        DEBUG    Received '013C'
2024-10-07 23:24:46,061  root       handle_request DEBUG    Handling: '013C', header '7E0', ECU '7E0'
2024-10-07 23:24:46,062  root       handle_request DEBUG    Description: Catalyst Temperature: Bank 1 - Sensor 1, PID CATALYST_TEMP_B1S1 (013C)
2024-10-07 23:24:46,062  root       handle_response DEBUG    Processing: '<pos_answer>04 44</pos_answer>'
2024-10-07 23:24:46,062  root       handle_response DEBUG    Write: '7E8 04 41 3C 04 44 \r\r>'
2024-10-07 23:24:46,067  root       run        DEBUG    Received '013E'
2024-10-07 23:24:46,067  root       handle_request DEBUG    Handling: '013E', header '7E0', ECU '7E0'
2024-10-07 23:24:46,068  root       handle_request INFO     Unknown request: '013E', header=7E0
2024-10-07 23:24:46,068  root       handle_response DEBUG    Processing: '<writeln>NO DATA</writeln>'
2024-10-07 23:24:46,069  root       handle_response DEBUG    Write: 'NO DATA\r\r>'
2024-10-07 23:24:46,069  root       run        DEBUG    Received '01402'
2024-10-07 23:24:46,069  root       handle_request DEBUG    Handling: '01402', header '7E0', ECU '7E0'
2024-10-07 23:24:46,070  root       handle_request DEBUG    Description: PIDS_C, PID ELM_PIDS_C (01402)
2024-10-07 23:24:46,070  root       handle_response DEBUG    Processing: '<header>7EA</header><size>06</size><data>41 40 44 CC 00 21</data><pos_answer>7A 1C 80 00</pos_answer>'
2024-10-07 23:24:46,070  root       handle_response DEBUG    Write: '7EA 06 41 40 44 CC 00 21 \r7E8 06 41 40 7A 1C 80 00 \r\r>'
2024-10-07 23:24:46,071  root       run        DEBUG    Received '0142'
2024-10-07 23:24:46,071  root       handle_request DEBUG    Handling: '0142', header '7E0', ECU '7E0'
2024-10-07 23:24:46,072  root       handle_request DEBUG    Description: Control module voltage, PID CONTROL_MODULE_VOLTAGE (0142)
2024-10-07 23:24:46,072  root       handle_response DEBUG    Processing: '<pos_answer>39 D6</pos_answer>'
2024-10-07 23:24:46,072  root       handle_response DEBUG    Write: '7E8 04 41 42 39 D6 \r\r>'
2024-10-07 23:24:46,073  root       run        DEBUG    Received '0143'
2024-10-07 23:24:46,073  root       handle_request DEBUG    Handling: '0143', header '7E0', ECU '7E0'
2024-10-07 23:24:46,074  root       handle_request INFO     Unknown request: '0143', header=7E0
2024-10-07 23:24:46,074  root       handle_response DEBUG    Processing: '<writeln>NO DATA</writeln>'
2024-10-07 23:24:46,074  root       handle_response DEBUG    Write: 'NO DATA\r\r>'
2024-10-07 23:24:46,075  root       run        DEBUG    Received '0144'
2024-10-07 23:24:46,075  root       handle_request DEBUG    Handling: '0144', header '7E0', ECU '7E0'
2024-10-07 23:24:46,076  root       handle_request INFO     Unknown request: '0144', header=7E0
2024-10-07 23:24:46,076  root       handle_response DEBUG    Processing: '<writeln>NO DATA</writeln>'
2024-10-07 23:24:46,076  root       handle_response DEBUG    Write: 'NO DATA\r\r>'
2024-10-07 23:24:46,077  root       run        DEBUG    Received '0145'
2024-10-07 23:24:46,077  root       handle_request DEBUG    Handling: '0145', header '7E0', ECU '7E0'
2024-10-07 23:24:46,078  root       handle_request INFO     Unknown request: '0145', header=7E0
2024-10-07 23:24:46,078  root       handle_response DEBUG    Processing: '<writeln>NO DATA</writeln>'
2024-10-07 23:24:46,079  root       handle_response DEBUG    Write: 'NO DATA\r\r>'
2024-10-07 23:24:46,080  root       run        DEBUG    Received '0147'
2024-10-07 23:24:46,080  root       handle_request DEBUG    Handling: '0147', header '7E0', ECU '7E0'
2024-10-07 23:24:46,081  root       handle_request INFO     Unknown request: '0147', header=7E0
2024-10-07 23:24:46,081  root       handle_response DEBUG    Processing: '<writeln>NO DATA</writeln>'
2024-10-07 23:24:46,081  root       handle_response DEBUG    Write: 'NO DATA\r\r>'
2024-10-07 23:24:46,082  root       run        DEBUG    Received '014C'
2024-10-07 23:24:46,082  root       handle_request DEBUG    Handling: '014C', header '7E0', ECU '7E0'
2024-10-07 23:24:46,082  root       handle_request DEBUG    Description: Commanded throttle actuator, PID THROTTLE_ACTUATOR (014C)
2024-10-07 23:24:46,083  root       handle_response DEBUG    Processing: '<pos_answer>00</pos_answer>'
2024-10-07 23:24:46,083  root       handle_response DEBUG    Write: '7E8 03 41 4C 00 \r\r>'
2024-10-07 23:24:46,084  root       run        DEBUG    Received '014D'
2024-10-07 23:24:46,084  root       handle_request DEBUG    Handling: '014D', header '7E0', ECU '7E0'
2024-10-07 23:24:46,084  root       handle_request DEBUG    Description: Time run with MIL on, PID RUN_TIME_MIL (014D)
2024-10-07 23:24:46,084  root       handle_response DEBUG    Processing: '<pos_answer>00 00</pos_answer>'
2024-10-07 23:24:46,085  root       handle_response DEBUG    Write: '7E8 04 41 4D 00 00 \r\r>'
2024-10-07 23:24:46,088  root       run        DEBUG    Received '014E'
2024-10-07 23:24:46,088  root       handle_request DEBUG    Handling: '014E', header '7E0', ECU '7E0'
2024-10-07 23:24:46,089  root       handle_request DEBUG    Description: Time since trouble codes cleared, PID TIME_SINCE_DTC_CLEARED (014E)
2024-10-07 23:24:46,089  root       handle_response DEBUG    Processing: '<pos_answer>4C 69</pos_answer>'
2024-10-07 23:24:46,089  root       handle_response DEBUG    Write: '7E8 04 41 4E 4C 69 \r\r>'
2024-10-07 23:24:46,090  root       run        DEBUG    Received '0151'
2024-10-07 23:24:46,091  root       handle_request DEBUG    Handling: '0151', header '7E0', ECU '7E0'
2024-10-07 23:24:46,091  root       handle_request DEBUG    Description: Fuel Type, PID FUEL_TYPE (0151)
2024-10-07 23:24:46,091  root       handle_response DEBUG    Processing: '<pos_answer>01</pos_answer>'
2024-10-07 23:24:46,091  root       handle_response DEBUG    Write: '7E8 03 41 51 01 \r\r>'
2024-10-07 23:24:46,343  root       run        DEBUG    Received '01011'
2024-10-07 23:24:46,343  root       handle_request DEBUG    Handling: '01011', header '7E0', ECU '7E0'
2024-10-07 23:24:46,345  root       handle_request INFO     Unknown ELM command: '01011', header=7E0
2024-10-07 23:24:46,345  root       handle_response DEBUG    Processing: '<writeln>?</writeln>'
2024-10-07 23:24:46,346  root       handle_response DEBUG    Write: '?\r\r>'
2024-10-07 23:24:46,353  root       run        DEBUG    Received '01031'
2024-10-07 23:24:46,353  root       handle_request DEBUG    Handling: '01031', header '7E0', ECU '7E0'
2024-10-07 23:24:46,353  root       handle_request DEBUG    Description: Fuel System Status, PID FUEL_STATUS (01031)
2024-10-07 23:24:46,354  root       handle_response DEBUG    Processing: '<pos_answer>00 00</pos_answer>'
2024-10-07 23:24:46,354  root       handle_response DEBUG    Write: '7E8 04 41 03 00 00 \r\r>'
2024-10-07 23:24:46,356  root       run        DEBUG    Received '01041'
2024-10-07 23:24:46,356  root       handle_request DEBUG    Handling: '01041', header '7E0', ECU '7E0'
2024-10-07 23:24:46,356  root       handle_request DEBUG    Description: Calculated Engine Load, PID ENGINE_LOAD (01041)
2024-10-07 23:24:46,357  root       handle_response DEBUG    Processing: '<pos_answer>00</pos_answer>'
2024-10-07 23:24:46,357  root       handle_response DEBUG    Write: '7E8 03 41 04 00 \r\r>'
2024-10-07 23:24:46,359  root       run        DEBUG    Received '01051'
2024-10-07 23:24:46,359  root       handle_request DEBUG    Handling: '01051', header '7E0', ECU '7E0'
2024-10-07 23:24:46,360  root       handle_request DEBUG    Description: Engine Coolant Temperature, PID COOLANT_TEMP (01051)
2024-10-07 23:24:46,360  root       handle_response DEBUG    Processing: '<pos_answer>7B</pos_answer>'
2024-10-07 23:24:46,361  root       handle_response DEBUG    Write: '7E8 03 41 05 7B \r\r>'
2024-10-07 23:24:46,363  root       run        DEBUG    Received '01061'
2024-10-07 23:24:46,363  root       handle_request DEBUG    Handling: '01061', header '7E0', ECU '7E0'
2024-10-07 23:24:46,364  root       handle_request INFO     Unknown ELM command: '01061', header=7E0
2024-10-07 23:24:46,365  root       handle_response DEBUG    Processing: '<writeln>?</writeln>'
2024-10-07 23:24:46,365  root       handle_response DEBUG    Write: '?\r\r>'
2024-10-07 23:24:46,367  root       run        DEBUG    Received '01071'
2024-10-07 23:24:46,367  root       handle_request DEBUG    Handling: '01071', header '7E0', ECU '7E0'
2024-10-07 23:24:46,369  root       handle_request INFO     Unknown ELM command: '01071', header=7E0
2024-10-07 23:24:46,369  root       handle_response DEBUG    Processing: '<writeln>?</writeln>'
2024-10-07 23:24:46,370  root       handle_response DEBUG    Write: '?\r\r>'
2024-10-07 23:24:46,371  root       run        DEBUG    Received '010B1'
2024-10-07 23:24:46,371  root       handle_request DEBUG    Handling: '010B1', header '7E0', ECU '7E0'
2024-10-07 23:24:46,372  root       handle_request DEBUG    Description: Intake Manifold Pressure, PID INTAKE_PRESSURE (010B1)
2024-10-07 23:24:46,372  root       handle_response DEBUG    Processing: '<pos_answer>73</pos_answer>'
2024-10-07 23:24:46,373  root       handle_response DEBUG    Write: '7E8 03 41 0B 73 \r\r>'
2024-10-07 23:24:46,374  root       run        DEBUG    Received '010C2'
2024-10-07 23:24:46,375  root       handle_request DEBUG    Handling: '010C2', header '7E0', ECU '7E0'
2024-10-07 23:24:46,375  root       handle_request DEBUG    Description: Engine RPM, PID RPM (010C2)
2024-10-07 23:24:46,375  root       handle_response DEBUG    Processing: '<pos_answer>41 A0</pos_answer> <header>7EA</header><size>04</size><data>41 0C 41 A0</data>'
2024-10-07 23:24:46,376  root       handle_response DEBUG    Write: '7E8 04 41 0C 41 A0 \r7EA 04 41 0C 41 A0 \r\r>'
2024-10-07 23:24:46,378  root       run        DEBUG    Received '010D2'
2024-10-07 23:24:46,378  root       handle_request DEBUG    Handling: '010D2', header '7E0', ECU '7E0'
2024-10-07 23:24:46,378  root       handle_request DEBUG    Description: Vehicle Speed, PID SPEED (010D2)
2024-10-07 23:24:46,379  root       handle_response DEBUG    Processing: '<pos_answer>00</pos_answer> <header>7EA</header><size>03</size><data>41 0D 00</data>'
2024-10-07 23:24:46,379  root       handle_response DEBUG    Write: '7E8 03 41 0D 00 \r7EA 03 41 0D 00 \r\r>'
2024-10-07 23:24:46,381  root       run        DEBUG    Received '010E1'
2024-10-07 23:24:46,381  root       handle_request DEBUG    Handling: '010E1', header '7E0', ECU '7E0'
2024-10-07 23:24:46,382  root       handle_request INFO     Unknown ELM command: '010E1', header=7E0
2024-10-07 23:24:46,383  root       handle_response DEBUG    Processing: '<writeln>?</writeln>'
2024-10-07 23:24:46,383  root       handle_response DEBUG    Write: '?\r\r>'
2024-10-07 23:24:46,384  root       run        DEBUG    Received '010F1'
2024-10-07 23:24:46,384  root       handle_request DEBUG    Handling: '010F1', header '7E0', ECU '7E0'
2024-10-07 23:24:46,385  root       handle_request DEBUG    Description: Intake Air Temp, PID INTAKE_TEMP (010F1)
2024-10-07 23:24:46,385  root       handle_response DEBUG    Processing: '<pos_answer>44</pos_answer>'
2024-10-07 23:24:46,386  root       handle_response DEBUG    Write: '7E8 03 41 0F 44 \r\r>'
2024-10-07 23:24:46,387  root       run        DEBUG    Received '01101'
2024-10-07 23:24:46,388  root       handle_request DEBUG    Handling: '01101', header '7E0', ECU '7E0'
2024-10-07 23:24:46,388  root       handle_request DEBUG    Description: Air Flow Rate (MAF), PID MAF (01101)
2024-10-07 23:24:46,388  root       handle_response DEBUG    Processing: '<pos_answer>05 1F</pos_answer>'
2024-10-07 23:24:46,389  root       handle_response DEBUG    Write: '7E8 04 41 10 05 1F \r\r>'
2024-10-07 23:24:46,391  root       run        DEBUG    Received '01111'
2024-10-07 23:24:46,391  root       handle_request DEBUG    Handling: '01111', header '7E0', ECU '7E0'
2024-10-07 23:24:46,392  root       handle_request DEBUG    Description: Throttle Position, PID THROTTLE_POS (01111)
2024-10-07 23:24:46,392  root       handle_response DEBUG    Processing: '<pos_answer>FF</pos_answer>'
2024-10-07 23:24:46,393  root       handle_response DEBUG    Write: '7E8 03 41 11 FF \r\r>'
2024-10-07 23:24:46,395  root       run        DEBUG    Received '01131'
2024-10-07 23:24:46,395  root       handle_request DEBUG    Handling: '01131', header '7E0', ECU '7E0'
2024-10-07 23:24:46,396  root       handle_request INFO     Unknown ELM command: '01131', header=7E0
2024-10-07 23:24:46,397  root       handle_response DEBUG    Processing: '<writeln>?</writeln>'
2024-10-07 23:24:46,397  root       handle_response DEBUG    Write: '?\r\r>'
2024-10-07 23:24:46,398  root       run        DEBUG    Received '01151'
2024-10-07 23:24:46,399  root       handle_request DEBUG    Handling: '01151', header '7E0', ECU '7E0'
2024-10-07 23:24:46,400  root       handle_request INFO     Unknown ELM command: '01151', header=7E0
2024-10-07 23:24:46,400  root       handle_response DEBUG    Processing: '<writeln>?</writeln>'
2024-10-07 23:24:46,401  root       handle_response DEBUG    Write: '?\r\r>'
2024-10-07 23:24:46,402  root       run        DEBUG    Received '011C1'
2024-10-07 23:24:46,402  root       handle_request DEBUG    Handling: '011C1', header '7E0', ECU '7E0'
2024-10-07 23:24:46,403  root       handle_request DEBUG    Description: OBD Standards Compliance, PID OBD_COMPLIANCE (011C1)
2024-10-07 23:24:46,403  root       handle_response DEBUG    Processing: '<pos_answer>06</pos_answer>'
2024-10-07 23:24:46,404  root       handle_response DEBUG    Write: '7E8 03 41 1C 06 \r\r>'
2024-10-07 23:24:46,405  root       run        DEBUG    Received '011F1'
2024-10-07 23:24:46,405  root       handle_request DEBUG    Handling: '011F1', header '7E0', ECU '7E0'
2024-10-07 23:24:46,406  root       handle_request DEBUG    Description: Engine Run Time, PID RUN_TIME (011F1)
2024-10-07 23:24:46,406  root       handle_response DEBUG    Processing: '<pos_answer>00 8C</pos_answer>'
2024-10-07 23:24:46,407  root       handle_response DEBUG    Write: '7E8 04 41 1F 00 8C \r\r>'
2024-10-07 23:24:46,408  root       run        DEBUG    Received '01202'
2024-10-07 23:24:46,409  root       handle_request DEBUG    Handling: '01202', header '7E0', ECU '7E0'
2024-10-07 23:24:46,409  root       handle_request DEBUG    Description: PIDS_B, PID ELM_PIDS_B (01202)
2024-10-07 23:24:46,409  root       handle_response DEBUG    Processing: '<header>7EA</header><size>06</size><data>41 20 80 01 A0 01</data><pos_answer>90 15 B0 15</pos_answer>'
2024-10-07 23:24:46,410  root       handle_response DEBUG    Write: '7EA 06 41 20 80 01 A0 01 \r7E8 06 41 20 90 15 B0 15 \r\r>'
2024-10-07 23:24:46,411  root       run        DEBUG    Received '01211'
2024-10-07 23:24:46,412  root       handle_request DEBUG    Handling: '01211', header '7E0', ECU '7E0'
2024-10-07 23:24:46,412  root       handle_request DEBUG    Description: Distance Traveled with MIL on, PID DISTANCE_W_MIL (01211)
2024-10-07 23:24:46,413  root       handle_response DEBUG    Processing: '<pos_answer>00 00</pos_answer>'
2024-10-07 23:24:46,413  root       handle_response DEBUG    Write: '7E8 04 41 21 00 00 \r\r>'
2024-10-07 23:24:46,415  root       run        DEBUG    Received '01241'
2024-10-07 23:24:46,415  root       handle_request DEBUG    Handling: '01241', header '7E0', ECU '7E0'
2024-10-07 23:24:46,416  root       handle_request INFO     Unknown ELM command: '01241', header=7E0
2024-10-07 23:24:46,416  root       handle_response DEBUG    Processing: '<writeln>?</writeln>'
2024-10-07 23:24:46,417  root       handle_response DEBUG    Write: '?\r\r>'
2024-10-07 23:24:46,418  root       run        DEBUG    Received '012C1'
2024-10-07 23:24:46,419  root       handle_request DEBUG    Handling: '012C1', header '7E0', ECU '7E0'
2024-10-07 23:24:46,419  root       handle_request DEBUG    Description: Commanded EGR, PID COMMANDED_EGR (012C1)
2024-10-07 23:24:46,419  root       handle_response DEBUG    Processing: '<pos_answer>0D</pos_answer>'
2024-10-07 23:24:46,420  root       handle_response DEBUG    Write: '7E8 03 41 2C 0D \r\r>'
2024-10-07 23:24:46,422  root       run        DEBUG    Received '012E1'
2024-10-07 23:24:46,422  root       handle_request DEBUG    Handling: '012E1', header '7E0', ECU '7E0'
2024-10-07 23:24:46,424  root       handle_request INFO     Unknown ELM command: '012E1', header=7E0
2024-10-07 23:24:46,424  root       handle_response DEBUG    Processing: '<writeln>?</writeln>'
2024-10-07 23:24:46,425  root       handle_response DEBUG    Write: '?\r\r>'
2024-10-07 23:24:46,426  root       run        DEBUG    Received '01301'
2024-10-07 23:24:46,427  root       handle_request DEBUG    Handling: '01301', header '7E0', ECU '7E0'
2024-10-07 23:24:46,428  root       handle_request INFO     Unknown ELM command: '01301', header=7E0
2024-10-07 23:24:46,428  root       handle_response DEBUG    Processing: '<writeln>?</writeln>'
2024-10-07 23:24:46,429  root       handle_response DEBUG    Write: '?\r\r>'
2024-10-07 23:24:46,430  root       run        DEBUG    Received '01311'
2024-10-07 23:24:46,431  root       handle_request DEBUG    Handling: '01311', header '7E0', ECU '7E0'
2024-10-07 23:24:46,431  root       handle_request DEBUG    Description: Distance traveled since codes cleared, PID DISTANCE_SINCE_DTC_CLEAR (01311)
2024-10-07 23:24:46,431  root       handle_response DEBUG    Processing: '<pos_answer>C8 1F</pos_answer>'
2024-10-07 23:24:46,432  root       handle_response DEBUG    Write: '7E8 04 41 31 C8 1F \r\r>'
2024-10-07 23:24:46,433  root       run        DEBUG    Received '01331'
2024-10-07 23:24:46,434  root       handle_request DEBUG    Handling: '01331', header '7E0', ECU '7E0'
2024-10-07 23:24:46,434  root       handle_request DEBUG    Description: Barometric Pressure, PID BAROMETRIC_PRESSURE (01331)
2024-10-07 23:24:46,435  root       handle_response DEBUG    Processing: '<pos_answer>65</pos_answer>'
2024-10-07 23:24:46,435  root       handle_response DEBUG    Write: '7E8 03 41 33 65 \r\r>'
2024-10-07 23:24:46,437  root       run        DEBUG    Received '01341'
2024-10-07 23:24:46,437  root       handle_request DEBUG    Handling: '01341', header '7E0', ECU '7E0'
2024-10-07 23:24:46,438  root       handle_request INFO     Unknown ELM command: '01341', header=7E0
2024-10-07 23:24:46,439  root       handle_response DEBUG    Processing: '<writeln>?</writeln>'
2024-10-07 23:24:46,439  root       handle_response DEBUG    Write: '?\r\r>'
2024-10-07 23:24:46,441  root       run        DEBUG    Received '013C1'
2024-10-07 23:24:46,441  root       handle_request DEBUG    Handling: '013C1', header '7E0', ECU '7E0'
2024-10-07 23:24:46,442  root       handle_request DEBUG    Description: Catalyst Temperature: Bank 1 - Sensor 1, PID CATALYST_TEMP_B1S1 (013C1)
2024-10-07 23:24:46,442  root       handle_response DEBUG    Processing: '<pos_answer>04 44</pos_answer>'
2024-10-07 23:24:46,442  root       handle_response DEBUG    Write: '7E8 04 41 3C 04 44 \r\r>'
2024-10-07 23:24:46,450  root       run        DEBUG    Received '013E1'
2024-10-07 23:24:46,450  root       handle_request DEBUG    Handling: '013E1', header '7E0', ECU '7E0'
2024-10-07 23:24:46,452  root       handle_request INFO     Unknown ELM command: '013E1', header=7E0
2024-10-07 23:24:46,452  root       handle_response DEBUG    Processing: '<writeln>?</writeln>'
2024-10-07 23:24:46,453  root       handle_response DEBUG    Write: '?\r\r>'
2024-10-07 23:24:46,455  root       run        DEBUG    Received '01402'
2024-10-07 23:24:46,455  root       handle_request DEBUG    Handling: '01402', header '7E0', ECU '7E0'
2024-10-07 23:24:46,456  root       handle_request DEBUG    Description: PIDS_C, PID ELM_PIDS_C (01402)
2024-10-07 23:24:46,456  root       handle_response DEBUG    Processing: '<header>7EA</header><size>06</size><data>41 40 44 CC 00 21</data><pos_answer>7A 1C 80 00</pos_answer>'
2024-10-07 23:24:46,457  root       handle_response DEBUG    Write: '7EA 06 41 40 44 CC 00 21 \r7E8 06 41 40 7A 1C 80 00 \r\r>'
2024-10-07 23:24:46,459  root       run        DEBUG    Received '01421'
2024-10-07 23:24:46,460  root       handle_request DEBUG    Handling: '01421', header '7E0', ECU '7E0'
2024-10-07 23:24:46,461  root       handle_request DEBUG    Description: Control module voltage, PID CONTROL_MODULE_VOLTAGE (01421)
2024-10-07 23:24:46,461  root       handle_response DEBUG    Processing: '<pos_answer>39 D6</pos_answer>'
2024-10-07 23:24:46,462  root       handle_response DEBUG    Write: '7E8 04 41 42 39 D6 \r\r>'
2024-10-07 23:24:46,464  root       run        DEBUG    Received '01431'
2024-10-07 23:24:46,464  root       handle_request DEBUG    Handling: '01431', header '7E0', ECU '7E0'
2024-10-07 23:24:46,467  root       handle_request INFO     Unknown ELM command: '01431', header=7E0
2024-10-07 23:24:46,468  root       handle_response DEBUG    Processing: '<writeln>?</writeln>'
2024-10-07 23:24:46,468  root       handle_response DEBUG    Write: '?\r\r>'
2024-10-07 23:24:46,469  root       run        DEBUG    Received '01441'
2024-10-07 23:24:46,470  root       handle_request DEBUG    Handling: '01441', header '7E0', ECU '7E0'
2024-10-07 23:24:46,471  root       handle_request INFO     Unknown ELM command: '01441', header=7E0
2024-10-07 23:24:46,472  root       handle_response DEBUG    Processing: '<writeln>?</writeln>'
2024-10-07 23:24:46,472  root       handle_response DEBUG    Write: '?\r\r>'
2024-10-07 23:24:46,474  root       run        DEBUG    Received '01451'
2024-10-07 23:24:46,475  root       handle_request DEBUG    Handling: '01451', header '7E0', ECU '7E0'
2024-10-07 23:24:46,476  root       handle_request INFO     Unknown ELM command: '01451', header=7E0
2024-10-07 23:24:46,477  root       handle_response DEBUG    Processing: '<writeln>?</writeln>'
2024-10-07 23:24:46,477  root       handle_response DEBUG    Write: '?\r\r>'
2024-10-07 23:24:46,479  root       run        DEBUG    Received '01471'
2024-10-07 23:24:46,479  root       handle_request DEBUG    Handling: '01471', header '7E0', ECU '7E0'
2024-10-07 23:24:46,480  root       handle_request INFO     Unknown ELM command: '01471', header=7E0
2024-10-07 23:24:46,481  root       handle_response DEBUG    Processing: '<writeln>?</writeln>'
2024-10-07 23:24:46,482  root       handle_response DEBUG    Write: '?\r\r>'
2024-10-07 23:24:46,484  root       run        DEBUG    Received '014C1'
2024-10-07 23:24:46,484  root       handle_request DEBUG    Handling: '014C1', header '7E0', ECU '7E0'
2024-10-07 23:24:46,484  root       handle_request DEBUG    Description: Commanded throttle actuator, PID THROTTLE_ACTUATOR (014C1)
2024-10-07 23:24:46,485  root       handle_response DEBUG    Processing: '<pos_answer>00</pos_answer>'
2024-10-07 23:24:46,486  root       handle_response DEBUG    Write: '7E8 03 41 4C 00 \r\r>'
2024-10-07 23:24:46,488  root       run        DEBUG    Received '014D1'
2024-10-07 23:24:46,488  root       handle_request DEBUG    Handling: '014D1', header '7E0', ECU '7E0'
2024-10-07 23:24:46,489  root       handle_request DEBUG    Description: Time run with MIL on, PID RUN_TIME_MIL (014D1)
2024-10-07 23:24:46,489  root       handle_response DEBUG    Processing: '<pos_answer>00 00</pos_answer>'
2024-10-07 23:24:46,490  root       handle_response DEBUG    Write: '7E8 04 41 4D 00 00 \r\r>'
2024-10-07 23:24:46,491  root       run        DEBUG    Received '014E1'
2024-10-07 23:24:46,492  root       handle_request DEBUG    Handling: '014E1', header '7E0', ECU '7E0'
2024-10-07 23:24:46,492  root       handle_request DEBUG    Description: Time since trouble codes cleared, PID TIME_SINCE_DTC_CLEARED (014E1)
2024-10-07 23:24:46,493  root       handle_response DEBUG    Processing: '<pos_answer>4C 69</pos_answer>'
2024-10-07 23:24:46,494  root       handle_response DEBUG    Write: '7E8 04 41 4E 4C 69 \r\r>'
2024-10-07 23:24:46,495  root       run        DEBUG    Received '01511'
2024-10-07 23:24:46,495  root       handle_request DEBUG    Handling: '01511', header '7E0', ECU '7E0'
2024-10-07 23:24:46,496  root       handle_request DEBUG    Description: Fuel Type, PID FUEL_TYPE (01511)
2024-10-07 23:24:46,496  root       handle_response DEBUG    Processing: '<pos_answer>01</pos_answer>'
2024-10-07 23:24:46,497  root       handle_response DEBUG    Write: '7E8 03 41 51 01 \r\r>'
2024-10-07 23:26:06,513  root       run        DEBUG    Received 'ATZ'
2024-10-07 23:26:06,513  root       handle_request DEBUG    Handling: 'ATZ', header '7E0', ECU '7E0'
2024-10-07 23:26:06,514  root       handle_request DEBUG    Description: AT RESET, PID AT_RESET (ATZ)
2024-10-07 23:26:06,514  root       reset      DEBUG    Resetting counters and sleeping for 0.5 seconds
2024-10-07 23:26:07,015  root       <module>   DEBUG    Reset and sleep 0.5 seconds
2024-10-07 23:26:07,016  root       handle_response DEBUG    Processing: '<writeln></writeln><writeln></writeln><writeln>ELM327 v1.5</writeln>'
2024-10-07 23:26:07,016  root       handle_response DEBUG    Write: '\r\rELM327 v1.5\r\r>'
2024-10-07 23:26:07,513  root       run        DEBUG    Received 'ATE0'
2024-10-07 23:26:07,514  root       handle_request DEBUG    Handling: 'ATE0', header '7E0', ECU '7E0'
2024-10-07 23:26:07,514  root       handle_request DEBUG    Description: AT ECHO, PID AT_ECHO (ATE0)
2024-10-07 23:26:07,515  root       <module>   DEBUG    set ECHO ON/OFF : False
2024-10-07 23:26:07,515  root       handle_response DEBUG    Processing: '<writeln>OK</writeln>'
2024-10-07 23:26:07,515  root       handle_response DEBUG    Write: 'OK\r\r>'
2024-10-07 23:26:07,516  root       run        DEBUG    Received 'ATH1'
2024-10-07 23:26:07,516  root       handle_request DEBUG    Handling: 'ATH1', header '7E0', ECU '7E0'
2024-10-07 23:26:07,516  root       handle_request DEBUG    Description: AT HEADERS, PID AT_USE_HEADERS (ATH1)
2024-10-07 23:26:07,517  root       <module>   DEBUG    set HEADERS ON/OFF : True
2024-10-07 23:26:07,517  root       handle_response DEBUG    Processing: '<writeln>OK</writeln>'
2024-10-07 23:26:07,517  root       handle_response DEBUG    Write: 'OK\r\r>'
2024-10-07 23:26:07,518  root       run        DEBUG    Received 'ATL0'
2024-10-07 23:26:07,518  root       handle_request DEBUG    Handling: 'ATL0', header '7E0', ECU '7E0'
2024-10-07 23:26:07,518  root       handle_request DEBUG    Description: AT LINEFEEDS, PID AT_LINEFEEDS (ATL0)
2024-10-07 23:26:07,519  root       <module>   DEBUG    set LINEFEEDS ON/OFF : False
2024-10-07 23:26:07,519  root       handle_response DEBUG    Processing: '<writeln>OK</writeln>'
2024-10-07 23:26:07,519  root       handle_response DEBUG    Write: 'OK\r\r>'
2024-10-07 23:26:07,520  root       run        DEBUG    Received 'AT RV'
2024-10-07 23:26:07,520  root       handle_request DEBUG    Handling: 'ATRV', header '7E0', ECU '7E0'
2024-10-07 23:26:07,521  root       handle_request DEBUG    Description: AT read volt, PID AT_R_VOLT (ATRV)
2024-10-07 23:26:07,521  root       <module>   DEBUG    Volt = 13.5
2024-10-07 23:26:07,521  root       handle_response DEBUG    Processing: '<string>13.5</string><writeln>V</writeln>'
2024-10-07 23:26:07,521  root       handle_response DEBUG    Write: '13.5V\r\r>'
2024-10-07 23:26:07,522  root       run        DEBUG    Received 'ATSP0'
2024-10-07 23:26:07,522  root       handle_request DEBUG    Handling: 'ATSP0', header '7E0', ECU '7E0'
2024-10-07 23:26:07,523  root       handle_request DEBUG    Description: AT PROTO, PID AT_PROTO (ATSP0)
2024-10-07 23:26:07,523  root       <module>   DEBUG    set PROTO 0
2024-10-07 23:26:07,523  root       handle_response DEBUG    Processing: '<writeln>OK</writeln>'
2024-10-07 23:26:07,524  root       handle_response DEBUG    Write: 'OK\r\r>'
2024-10-07 23:26:08,523  root       run        DEBUG    Received '0100'
2024-10-07 23:26:08,523  root       handle_request DEBUG    Handling: '0100', header '7E0', ECU '7E0'
2024-10-07 23:26:08,524  root       handle_request DEBUG    UDS P3 timer expired: running stop() method for ECU task "Default ECU Task module", ECU="7E0".
2024-10-07 23:26:08,525  root       handle_request DEBUG    Description: PIDS_A, PID ELM_PIDS_A (0100)
2024-10-07 23:26:08,525  root       handle_response DEBUG    Processing: '<string>SEARCHING...</string><exec>time.sleep(3)</exec><writeln></writeln><header>7EA</header><size>06</size><data>41 00 98 3A 80 13</data><pos_answer>BE 3F A8 13</pos_answer>'
2024-10-07 23:26:08,526  root       handle_response DEBUG    Write: 'SEARCHING...'
2024-10-07 23:26:11,527  root       handle_response DEBUG    Evaluated command: time.sleep(3) -> None
2024-10-07 23:26:11,527  root       handle_response DEBUG    Write: '\r7EA 06 41 00 98 3A 80 13 \r7E8 06 41 00 BE 3F A8 13 \r\r>'
2024-10-07 23:26:11,529  root       run        DEBUG    Received 'ATDPN'
2024-10-07 23:26:11,529  root       handle_request DEBUG    Handling: 'ATDPN', header '7E0', ECU '7E0'
2024-10-07 23:26:11,530  root       handle_request DEBUG    Description: AT Display Protocol Number, PID AT_DESCRIBE_PROTO_N (ATDPN)
2024-10-07 23:26:12,031  root       handle_response DEBUG    Processing: '<writeln>A6</writeln>'
2024-10-07 23:26:12,032  root       handle_response DEBUG    Write: 'A6\r\r>'
2024-10-07 23:26:12,033  root       run        DEBUG    Received '0100'
2024-10-07 23:26:12,033  root       handle_request DEBUG    Handling: '0100', header '7E0', ECU '7E0'
2024-10-07 23:26:12,033  root       handle_request DEBUG    Description: PIDS_A, PID ELM_PIDS_A (0100)
2024-10-07 23:26:12,034  root       handle_response DEBUG    Processing: '<header>7EA</header><size>06</size><data>41 00 98 3A 80 13</data><pos_answer>BE 3F A8 13</pos_answer>'
2024-10-07 23:26:12,034  root       handle_response DEBUG    Write: '7EA 06 41 00 98 3A 80 13 \r7E8 06 41 00 BE 3F A8 13 \r\r>'
2024-10-07 23:26:12,035  root       run        DEBUG    Received '0120'
2024-10-07 23:26:12,036  root       handle_request DEBUG    Handling: '0120', header '7E0', ECU '7E0'
2024-10-07 23:26:12,036  root       handle_request DEBUG    Description: PIDS_B, PID ELM_PIDS_B (0120)
2024-10-07 23:26:12,036  root       handle_response DEBUG    Processing: '<header>7EA</header><size>06</size><data>41 20 80 01 A0 01</data><pos_answer>90 15 B0 15</pos_answer>'
2024-10-07 23:26:12,036  root       handle_response DEBUG    Write: '7EA 06 41 20 80 01 A0 01 \r7E8 06 41 20 90 15 B0 15 \r\r>'
2024-10-07 23:26:12,037  root       run        DEBUG    Received '0140'
2024-10-07 23:26:12,037  root       handle_request DEBUG    Handling: '0140', header '7E0', ECU '7E0'
2024-10-07 23:26:12,038  root       handle_request DEBUG    Description: PIDS_C, PID ELM_PIDS_C (0140)
2024-10-07 23:26:12,038  root       handle_response DEBUG    Processing: '<header>7EA</header><size>06</size><data>41 40 44 CC 00 21</data><pos_answer>7A 1C 80 00</pos_answer>'
2024-10-07 23:26:12,038  root       handle_response DEBUG    Write: '7EA 06 41 40 44 CC 00 21 \r7E8 06 41 40 7A 1C 80 00 \r\r>'
2024-10-07 23:26:12,039  root       run        DEBUG    Received '0600'
2024-10-07 23:26:12,039  root       handle_request DEBUG    Handling: '0600', header '7E0', ECU '7E0'
2024-10-07 23:26:12,039  root       handle_request DEBUG    Description: MIDS_A, PID ELM_MIDS_A (0600)
2024-10-07 23:26:12,039  root       handle_response DEBUG    Processing: '<pos_answer>C0 00 00 01</pos_answer>'
2024-10-07 23:26:12,040  root       handle_response DEBUG    Write: '7E8 05 46 C0 00 00 01 \r\r>'
2024-10-07 23:26:12,040  root       run        DEBUG    Received '0900'
2024-10-07 23:26:12,040  root       handle_request DEBUG    Handling: '0900', header '7E0', ECU '7E0'
2024-10-07 23:26:12,041  root       handle_request DEBUG    Description: PIDS_9A, PID ELM_PIDS_9A (0900)
2024-10-07 23:26:12,041  root       handle_response DEBUG    Processing: '<pos_answer>FF FF FF FF</pos_answer>'
2024-10-07 23:26:12,041  root       handle_response DEBUG    Write: '7E8 06 49 00 FF FF FF FF \r\r>'
2024-10-07 23:26:12,042  root       run        DEBUG    Received '01002'
2024-10-07 23:26:12,042  root       handle_request DEBUG    Handling: '01002', header '7E0', ECU '7E0'
2024-10-07 23:26:12,042  root       handle_request DEBUG    Description: PIDS_A, PID ELM_PIDS_A (01002)
2024-10-07 23:26:12,042  root       handle_response DEBUG    Processing: '<header>7EA</header><size>06</size><data>41 00 98 3A 80 13</data><pos_answer>BE 3F A8 13</pos_answer>'
2024-10-07 23:26:12,042  root       handle_response DEBUG    Write: '7EA 06 41 00 98 3A 80 13 \r7E8 06 41 00 BE 3F A8 13 \r\r>'
2024-10-07 23:26:12,043  root       run        DEBUG    Received '01202'
2024-10-07 23:26:12,043  root       handle_request DEBUG    Handling: '01202', header '7E0', ECU '7E0'
2024-10-07 23:26:12,043  root       handle_request DEBUG    Description: PIDS_B, PID ELM_PIDS_B (01202)
2024-10-07 23:26:12,043  root       handle_response DEBUG    Processing: '<header>7EA</header><size>06</size><data>41 20 80 01 A0 01</data><pos_answer>90 15 B0 15</pos_answer>'
2024-10-07 23:26:12,044  root       handle_response DEBUG    Write: '7EA 06 41 20 80 01 A0 01 \r7E8 06 41 20 90 15 B0 15 \r\r>'
2024-10-07 23:26:12,044  root       run        DEBUG    Received '01402'
2024-10-07 23:26:12,044  root       handle_request DEBUG    Handling: '01402', header '7E0', ECU '7E0'
2024-10-07 23:26:12,045  root       handle_request DEBUG    Description: PIDS_C, PID ELM_PIDS_C (01402)
2024-10-07 23:26:12,045  root       handle_response DEBUG    Processing: '<header>7EA</header><size>06</size><data>41 40 44 CC 00 21</data><pos_answer>7A 1C 80 00</pos_answer>'
2024-10-07 23:26:12,045  root       handle_response DEBUG    Write: '7EA 06 41 40 44 CC 00 21 \r7E8 06 41 40 7A 1C 80 00 \r\r>'
2024-10-07 23:26:12,045  root       run        DEBUG    Received '0600'
2024-10-07 23:26:12,046  root       handle_request DEBUG    Handling: '0600', header '7E0', ECU '7E0'
2024-10-07 23:26:12,046  root       handle_request DEBUG    Description: MIDS_A, PID ELM_MIDS_A (0600)
2024-10-07 23:26:12,046  root       handle_response DEBUG    Processing: '<pos_answer>C0 00 00 01</pos_answer>'
2024-10-07 23:26:12,046  root       handle_response DEBUG    Write: '7E8 05 46 C0 00 00 01 \r\r>'
2024-10-07 23:26:12,048  root       run        DEBUG    Received 'ATZ'
2024-10-07 23:26:12,048  root       handle_request DEBUG    Handling: 'ATZ', header '7E0', ECU '7E0'
2024-10-07 23:26:12,048  root       handle_request DEBUG    Description: AT RESET, PID AT_RESET (ATZ)
2024-10-07 23:26:12,048  root       reset      DEBUG    Resetting counters and sleeping for 0.5 seconds
2024-10-07 23:26:12,549  root       <module>   DEBUG    Reset and sleep 0.5 seconds
2024-10-07 23:26:12,549  root       handle_response DEBUG    Processing: '<writeln></writeln><writeln></writeln><writeln>ELM327 v1.5</writeln>'
2024-10-07 23:26:12,549  root       handle_response DEBUG    Write: '\r\rELM327 v1.5\r\r>'
2024-10-07 23:26:13,048  root       run        DEBUG    Received 'ATE0'
2024-10-07 23:26:13,048  root       handle_request DEBUG    Handling: 'ATE0', header '7E0', ECU '7E0'
2024-10-07 23:26:13,049  root       handle_request DEBUG    Description: AT ECHO, PID AT_ECHO (ATE0)
2024-10-07 23:26:13,049  root       <module>   DEBUG    set ECHO ON/OFF : False
2024-10-07 23:26:13,049  root       handle_response DEBUG    Processing: '<writeln>OK</writeln>'
2024-10-07 23:26:13,049  root       handle_response DEBUG    Write: 'OK\r\r>'
2024-10-07 23:26:13,050  root       run        DEBUG    Received 'ATH1'
2024-10-07 23:26:13,050  root       handle_request DEBUG    Handling: 'ATH1', header '7E0', ECU '7E0'
2024-10-07 23:26:13,050  root       handle_request DEBUG    Description: AT HEADERS, PID AT_USE_HEADERS (ATH1)
2024-10-07 23:26:13,051  root       <module>   DEBUG    set HEADERS ON/OFF : True
2024-10-07 23:26:13,051  root       handle_response DEBUG    Processing: '<writeln>OK</writeln>'
2024-10-07 23:26:13,051  root       handle_response DEBUG    Write: 'OK\r\r>'
2024-10-07 23:26:13,051  root       run        DEBUG    Received 'ATL0'
2024-10-07 23:26:13,052  root       handle_request DEBUG    Handling: 'ATL0', header '7E0', ECU '7E0'
2024-10-07 23:26:13,052  root       handle_request DEBUG    Description: AT LINEFEEDS, PID AT_LINEFEEDS (ATL0)
2024-10-07 23:26:13,052  root       <module>   DEBUG    set LINEFEEDS ON/OFF : False
2024-10-07 23:26:13,052  root       handle_response DEBUG    Processing: '<writeln>OK</writeln>'
2024-10-07 23:26:13,052  root       handle_response DEBUG    Write: 'OK\r\r>'
2024-10-07 23:26:13,053  root       run        DEBUG    Received 'AT RV'
2024-10-07 23:26:13,053  root       handle_request DEBUG    Handling: 'ATRV', header '7E0', ECU '7E0'
2024-10-07 23:26:13,053  root       handle_request DEBUG    Description: AT read volt, PID AT_R_VOLT (ATRV)
2024-10-07 23:26:13,054  root       <module>   DEBUG    Volt = 13.6
2024-10-07 23:26:13,054  root       handle_response DEBUG    Processing: '<string>13.6</string><writeln>V</writeln>'
2024-10-07 23:26:13,054  root       handle_response DEBUG    Write: '13.6V\r\r>'
2024-10-07 23:26:13,054  root       run        DEBUG    Received 'ATSP0'
2024-10-07 23:26:13,054  root       handle_request DEBUG    Handling: 'ATSP0', header '7E0', ECU '7E0'
2024-10-07 23:26:13,055  root       handle_request DEBUG    Description: AT PROTO, PID AT_PROTO (ATSP0)
2024-10-07 23:26:13,055  root       <module>   DEBUG    set PROTO 0
2024-10-07 23:26:13,055  root       handle_response DEBUG    Processing: '<writeln>OK</writeln>'
2024-10-07 23:26:13,055  root       handle_response DEBUG    Write: 'OK\r\r>'
2024-10-07 23:26:14,055  root       run        DEBUG    Received '0100'
2024-10-07 23:26:14,056  root       handle_request DEBUG    Handling: '0100', header '7E0', ECU '7E0'
2024-10-07 23:26:14,057  root       handle_request DEBUG    Description: PIDS_A, PID ELM_PIDS_A (0100)
2024-10-07 23:26:14,057  root       handle_response DEBUG    Processing: '<string>SEARCHING...</string><exec>time.sleep(3)</exec><writeln></writeln><header>7EA</header><size>06</size><data>41 00 98 3A 80 13</data><pos_answer>BE 3F A8 13</pos_answer>'
2024-10-07 23:26:14,057  root       handle_response DEBUG    Write: 'SEARCHING...'
2024-10-07 23:26:17,058  root       handle_response DEBUG    Evaluated command: time.sleep(3) -> None
2024-10-07 23:26:17,059  root       handle_response DEBUG    Write: '\r7EA 06 41 00 98 3A 80 13 \r7E8 06 41 00 BE 3F A8 13 \r\r>'
2024-10-07 23:26:17,061  root       run        DEBUG    Received 'ATDPN'
2024-10-07 23:26:17,061  root       handle_request DEBUG    Handling: 'ATDPN', header '7E0', ECU '7E0'
2024-10-07 23:26:17,062  root       handle_request DEBUG    Description: AT Display Protocol Number, PID AT_DESCRIBE_PROTO_N (ATDPN)
2024-10-07 23:26:17,563  root       handle_response DEBUG    Processing: '<writeln>A6</writeln>'
2024-10-07 23:26:17,564  root       handle_response DEBUG    Write: 'A6\r\r>'
2024-10-07 23:26:17,566  root       run        DEBUG    Received '0100'
2024-10-07 23:26:17,566  root       handle_request DEBUG    Handling: '0100', header '7E0', ECU '7E0'
2024-10-07 23:26:17,567  root       handle_request DEBUG    Description: PIDS_A, PID ELM_PIDS_A (0100)
2024-10-07 23:26:17,567  root       handle_response DEBUG    Processing: '<header>7EA</header><size>06</size><data>41 00 98 3A 80 13</data><pos_answer>BE 3F A8 13</pos_answer>'
2024-10-07 23:26:17,568  root       handle_response DEBUG    Write: '7EA 06 41 00 98 3A 80 13 \r7E8 06 41 00 BE 3F A8 13 \r\r>'
2024-10-07 23:26:17,570  root       run        DEBUG    Received '0120'
2024-10-07 23:26:17,570  root       handle_request DEBUG    Handling: '0120', header '7E0', ECU '7E0'
2024-10-07 23:26:17,571  root       handle_request DEBUG    Description: PIDS_B, PID ELM_PIDS_B (0120)
2024-10-07 23:26:17,571  root       handle_response DEBUG    Processing: '<header>7EA</header><size>06</size><data>41 20 80 01 A0 01</data><pos_answer>90 15 B0 15</pos_answer>'
2024-10-07 23:26:17,572  root       handle_response DEBUG    Write: '7EA 06 41 20 80 01 A0 01 \r7E8 06 41 20 90 15 B0 15 \r\r>'
2024-10-07 23:26:17,573  root       run        DEBUG    Received '0140'
2024-10-07 23:26:17,574  root       handle_request DEBUG    Handling: '0140', header '7E0', ECU '7E0'
2024-10-07 23:26:17,574  root       handle_request DEBUG    Description: PIDS_C, PID ELM_PIDS_C (0140)
2024-10-07 23:26:17,575  root       handle_response DEBUG    Processing: '<header>7EA</header><size>06</size><data>41 40 44 CC 00 21</data><pos_answer>7A 1C 80 00</pos_answer>'
2024-10-07 23:26:17,575  root       handle_response DEBUG    Write: '7EA 06 41 40 44 CC 00 21 \r7E8 06 41 40 7A 1C 80 00 \r\r>'
2024-10-07 23:26:17,577  root       run        DEBUG    Received '0600'
2024-10-07 23:26:17,577  root       handle_request DEBUG    Handling: '0600', header '7E0', ECU '7E0'
2024-10-07 23:26:17,578  root       handle_request DEBUG    Description: MIDS_A, PID ELM_MIDS_A (0600)
2024-10-07 23:26:17,578  root       handle_response DEBUG    Processing: '<pos_answer>C0 00 00 01</pos_answer>'
2024-10-07 23:26:17,579  root       handle_response DEBUG    Write: '7E8 05 46 C0 00 00 01 \r\r>'
2024-10-07 23:26:17,580  root       run        DEBUG    Received '0900'
2024-10-07 23:26:17,580  root       handle_request DEBUG    Handling: '0900', header '7E0', ECU '7E0'
2024-10-07 23:26:17,581  root       handle_request DEBUG    Description: PIDS_9A, PID ELM_PIDS_9A (0900)
2024-10-07 23:26:17,581  root       handle_response DEBUG    Processing: '<pos_answer>FF FF FF FF</pos_answer>'
2024-10-07 23:26:17,582  root       handle_response DEBUG    Write: '7E8 06 49 00 FF FF FF FF \r\r>'
2024-10-07 23:26:17,599  root       run        DEBUG    Received '0101'
2024-10-07 23:26:17,599  root       handle_request DEBUG    Handling: '0101', header '7E0', ECU '7E0'
2024-10-07 23:26:17,600  root       handle_request INFO     Unknown request: '0101', header=7E0
2024-10-07 23:26:17,601  root       handle_response DEBUG    Processing: '<writeln>NO DATA</writeln>'
2024-10-07 23:26:17,602  root       handle_response DEBUG    Write: 'NO DATA\r\r>'
2024-10-07 23:26:17,610  root       run        DEBUG    Received '0103'
2024-10-07 23:26:17,611  root       handle_request DEBUG    Handling: '0103', header '7E0', ECU '7E0'
2024-10-07 23:26:17,611  root       handle_request DEBUG    Description: Fuel System Status, PID FUEL_STATUS (0103)
2024-10-07 23:26:17,611  root       handle_response DEBUG    Processing: '<pos_answer>00 00</pos_answer>'
2024-10-07 23:26:17,612  root       handle_response DEBUG    Write: '7E8 04 41 03 00 00 \r\r>'
2024-10-07 23:26:17,613  root       run        DEBUG    Received '0104'
2024-10-07 23:26:17,613  root       handle_request DEBUG    Handling: '0104', header '7E0', ECU '7E0'
2024-10-07 23:26:17,613  root       handle_request DEBUG    Description: Calculated Engine Load, PID ENGINE_LOAD (0104)
2024-10-07 23:26:17,613  root       handle_response DEBUG    Processing: '<pos_answer>00</pos_answer>'
2024-10-07 23:26:17,614  root       handle_response DEBUG    Write: '7E8 03 41 04 00 \r\r>'
2024-10-07 23:26:17,614  root       run        DEBUG    Received '0105'
2024-10-07 23:26:17,615  root       handle_request DEBUG    Handling: '0105', header '7E0', ECU '7E0'
2024-10-07 23:26:17,615  root       handle_request DEBUG    Description: Engine Coolant Temperature, PID COOLANT_TEMP (0105)
2024-10-07 23:26:17,615  root       handle_response DEBUG    Processing: '<pos_answer>7B</pos_answer>'
2024-10-07 23:26:17,615  root       handle_response DEBUG    Write: '7E8 03 41 05 7B \r\r>'
2024-10-07 23:26:17,616  root       run        DEBUG    Received '0106'
2024-10-07 23:26:17,616  root       handle_request DEBUG    Handling: '0106', header '7E0', ECU '7E0'
2024-10-07 23:26:17,616  root       handle_request INFO     Unknown request: '0106', header=7E0
2024-10-07 23:26:17,617  root       handle_response DEBUG    Processing: '<writeln>NO DATA</writeln>'
2024-10-07 23:26:17,617  root       handle_response DEBUG    Write: 'NO DATA\r\r>'
2024-10-07 23:26:17,617  root       run        DEBUG    Received '0107'
2024-10-07 23:26:17,617  root       handle_request DEBUG    Handling: '0107', header '7E0', ECU '7E0'
2024-10-07 23:26:17,618  root       handle_request INFO     Unknown request: '0107', header=7E0
2024-10-07 23:26:17,618  root       handle_response DEBUG    Processing: '<writeln>NO DATA</writeln>'
2024-10-07 23:26:17,618  root       handle_response DEBUG    Write: 'NO DATA\r\r>'
2024-10-07 23:26:17,619  root       run        DEBUG    Received '010B'
2024-10-07 23:26:17,619  root       handle_request DEBUG    Handling: '010B', header '7E0', ECU '7E0'
2024-10-07 23:26:17,619  root       handle_request DEBUG    Description: Intake Manifold Pressure, PID INTAKE_PRESSURE (010B)
2024-10-07 23:26:17,619  root       handle_response DEBUG    Processing: '<pos_answer>73</pos_answer>'
2024-10-07 23:26:17,619  root       handle_response DEBUG    Write: '7E8 03 41 0B 73 \r\r>'
2024-10-07 23:26:17,620  root       run        DEBUG    Received '010C'
2024-10-07 23:26:17,620  root       handle_request DEBUG    Handling: '010C', header '7E0', ECU '7E0'
2024-10-07 23:26:17,621  root       handle_request DEBUG    Description: Engine RPM, PID RPM (010C)
2024-10-07 23:26:17,621  root       handle_response DEBUG    Processing: '<pos_answer>41 F0</pos_answer> <header>7EA</header><size>04</size><data>41 0C 41 F0</data>'
2024-10-07 23:26:17,621  root       handle_response DEBUG    Write: '7E8 04 41 0C 41 F0 \r7EA 04 41 0C 41 F0 \r\r>'
2024-10-07 23:26:17,622  root       run        DEBUG    Received '010D'
2024-10-07 23:26:17,622  root       handle_request DEBUG    Handling: '010D', header '7E0', ECU '7E0'
2024-10-07 23:26:17,622  root       handle_request DEBUG    Description: Vehicle Speed, PID SPEED (010D)
2024-10-07 23:26:17,622  root       handle_response DEBUG    Processing: '<pos_answer>04</pos_answer> <header>7EA</header><size>03</size><data>41 0D 04</data>'
2024-10-07 23:26:17,622  root       handle_response DEBUG    Write: '7E8 03 41 0D 04 \r7EA 03 41 0D 04 \r\r>'
2024-10-07 23:26:17,623  root       run        DEBUG    Received '010E'
2024-10-07 23:26:17,623  root       handle_request DEBUG    Handling: '010E', header '7E0', ECU '7E0'
2024-10-07 23:26:17,624  root       handle_request INFO     Unknown request: '010E', header=7E0
2024-10-07 23:26:17,624  root       handle_response DEBUG    Processing: '<writeln>NO DATA</writeln>'
2024-10-07 23:26:17,624  root       handle_response DEBUG    Write: 'NO DATA\r\r>'
2024-10-07 23:26:17,625  root       run        DEBUG    Received '010F'
2024-10-07 23:26:17,625  root       handle_request DEBUG    Handling: '010F', header '7E0', ECU '7E0'
2024-10-07 23:26:17,625  root       handle_request DEBUG    Description: Intake Air Temp, PID INTAKE_TEMP (010F)
2024-10-07 23:26:17,625  root       handle_response DEBUG    Processing: '<pos_answer>44</pos_answer>'
2024-10-07 23:26:17,626  root       handle_response DEBUG    Write: '7E8 03 41 0F 44 \r\r>'
2024-10-07 23:26:17,627  root       run        DEBUG    Received '0110'
2024-10-07 23:26:17,627  root       handle_request DEBUG    Handling: '0110', header '7E0', ECU '7E0'
2024-10-07 23:26:17,627  root       handle_request DEBUG    Description: Air Flow Rate (MAF), PID MAF (0110)
2024-10-07 23:26:17,627  root       handle_response DEBUG    Processing: '<pos_answer>05 1F</pos_answer>'
2024-10-07 23:26:17,628  root       handle_response DEBUG    Write: '7E8 04 41 10 05 1F \r\r>'
2024-10-07 23:26:17,628  root       run        DEBUG    Received '0111'
2024-10-07 23:26:17,629  root       handle_request DEBUG    Handling: '0111', header '7E0', ECU '7E0'
2024-10-07 23:26:17,629  root       handle_request DEBUG    Description: Throttle Position, PID THROTTLE_POS (0111)
2024-10-07 23:26:17,629  root       handle_response DEBUG    Processing: '<pos_answer>FF</pos_answer>'
2024-10-07 23:26:17,629  root       handle_response DEBUG    Write: '7E8 03 41 11 FF \r\r>'
2024-10-07 23:26:17,630  root       run        DEBUG    Received '0113'
2024-10-07 23:26:17,630  root       handle_request DEBUG    Handling: '0113', header '7E0', ECU '7E0'
2024-10-07 23:26:17,631  root       handle_request INFO     Unknown request: '0113', header=7E0
2024-10-07 23:26:17,631  root       handle_response DEBUG    Processing: '<writeln>NO DATA</writeln>'
2024-10-07 23:26:17,631  root       handle_response DEBUG    Write: 'NO DATA\r\r>'
2024-10-07 23:26:17,632  root       run        DEBUG    Received '0115'
2024-10-07 23:26:17,632  root       handle_request DEBUG    Handling: '0115', header '7E0', ECU '7E0'
2024-10-07 23:26:17,632  root       handle_request INFO     Unknown request: '0115', header=7E0
2024-10-07 23:26:17,633  root       handle_response DEBUG    Processing: '<writeln>NO DATA</writeln>'
2024-10-07 23:26:17,633  root       handle_response DEBUG    Write: 'NO DATA\r\r>'
2024-10-07 23:26:17,633  root       run        DEBUG    Received '011C'
2024-10-07 23:26:17,634  root       handle_request DEBUG    Handling: '011C', header '7E0', ECU '7E0'
2024-10-07 23:26:17,634  root       handle_request DEBUG    Description: OBD Standards Compliance, PID OBD_COMPLIANCE (011C)
2024-10-07 23:26:17,634  root       handle_response DEBUG    Processing: '<pos_answer>06</pos_answer>'
2024-10-07 23:26:17,634  root       handle_response DEBUG    Write: '7E8 03 41 1C 06 \r\r>'
2024-10-07 23:26:17,635  root       run        DEBUG    Received '011F'
2024-10-07 23:26:17,635  root       handle_request DEBUG    Handling: '011F', header '7E0', ECU '7E0'
2024-10-07 23:26:17,635  root       handle_request DEBUG    Description: Engine Run Time, PID RUN_TIME (011F)
2024-10-07 23:26:17,635  root       handle_response DEBUG    Processing: '<pos_answer>00 8C</pos_answer>'
2024-10-07 23:26:17,635  root       handle_response DEBUG    Write: '7E8 04 41 1F 00 8C \r\r>'
2024-10-07 23:26:17,636  root       run        DEBUG    Received '01202'
2024-10-07 23:26:17,636  root       handle_request DEBUG    Handling: '01202', header '7E0', ECU '7E0'
2024-10-07 23:26:17,636  root       handle_request DEBUG    Description: PIDS_B, PID ELM_PIDS_B (01202)
2024-10-07 23:26:17,636  root       handle_response DEBUG    Processing: '<header>7EA</header><size>06</size><data>41 20 80 01 A0 01</data><pos_answer>90 15 B0 15</pos_answer>'
2024-10-07 23:26:17,637  root       handle_response DEBUG    Write: '7EA 06 41 20 80 01 A0 01 \r7E8 06 41 20 90 15 B0 15 \r\r>'
2024-10-07 23:26:17,637  root       run        DEBUG    Received '0121'
2024-10-07 23:26:17,637  root       handle_request DEBUG    Handling: '0121', header '7E0', ECU '7E0'
2024-10-07 23:26:17,638  root       handle_request DEBUG    Description: Distance Traveled with MIL on, PID DISTANCE_W_MIL (0121)
2024-10-07 23:26:17,638  root       handle_response DEBUG    Processing: '<pos_answer>00 00</pos_answer>'
2024-10-07 23:26:17,638  root       handle_response DEBUG    Write: '7E8 04 41 21 00 00 \r\r>'
2024-10-07 23:26:17,639  root       run        DEBUG    Received '0124'
2024-10-07 23:26:17,639  root       handle_request DEBUG    Handling: '0124', header '7E0', ECU '7E0'
2024-10-07 23:26:17,639  root       handle_request INFO     Unknown request: '0124', header=7E0
2024-10-07 23:26:17,639  root       handle_response DEBUG    Processing: '<writeln>NO DATA</writeln>'
2024-10-07 23:26:17,640  root       handle_response DEBUG    Write: 'NO DATA\r\r>'
2024-10-07 23:26:17,640  root       run        DEBUG    Received '012C'
2024-10-07 23:26:17,640  root       handle_request DEBUG    Handling: '012C', header '7E0', ECU '7E0'
2024-10-07 23:26:17,640  root       handle_request DEBUG    Description: Commanded EGR, PID COMMANDED_EGR (012C)
2024-10-07 23:26:17,641  root       handle_response DEBUG    Processing: '<pos_answer>0D</pos_answer>'
2024-10-07 23:26:17,641  root       handle_response DEBUG    Write: '7E8 03 41 2C 0D \r\r>'
2024-10-07 23:26:17,641  root       run        DEBUG    Received '012E'
2024-10-07 23:26:17,642  root       handle_request DEBUG    Handling: '012E', header '7E0', ECU '7E0'
2024-10-07 23:26:17,642  root       handle_request INFO     Unknown request: '012E', header=7E0
2024-10-07 23:26:17,642  root       handle_response DEBUG    Processing: '<writeln>NO DATA</writeln>'
2024-10-07 23:26:17,642  root       handle_response DEBUG    Write: 'NO DATA\r\r>'
2024-10-07 23:26:17,643  root       run        DEBUG    Received '0130'
2024-10-07 23:26:17,643  root       handle_request DEBUG    Handling: '0130', header '7E0', ECU '7E0'
2024-10-07 23:26:17,643  root       handle_request INFO     Unknown request: '0130', header=7E0
2024-10-07 23:26:17,644  root       handle_response DEBUG    Processing: '<writeln>NO DATA</writeln>'
2024-10-07 23:26:17,644  root       handle_response DEBUG    Write: 'NO DATA\r\r>'
2024-10-07 23:26:17,644  root       run        DEBUG    Received '0131'
2024-10-07 23:26:17,644  root       handle_request DEBUG    Handling: '0131', header '7E0', ECU '7E0'
2024-10-07 23:26:17,645  root       handle_request DEBUG    Description: Distance traveled since codes cleared, PID DISTANCE_SINCE_DTC_CLEAR (0131)
2024-10-07 23:26:17,645  root       handle_response DEBUG    Processing: '<pos_answer>C8 1F</pos_answer>'
2024-10-07 23:26:17,645  root       handle_response DEBUG    Write: '7E8 04 41 31 C8 1F \r\r>'
2024-10-07 23:26:17,646  root       run        DEBUG    Received '0133'
2024-10-07 23:26:17,646  root       handle_request DEBUG    Handling: '0133', header '7E0', ECU '7E0'
2024-10-07 23:26:17,646  root       handle_request DEBUG    Description: Barometric Pressure, PID BAROMETRIC_PRESSURE (0133)
2024-10-07 23:26:17,646  root       handle_response DEBUG    Processing: '<pos_answer>65</pos_answer>'
2024-10-07 23:26:17,646  root       handle_response DEBUG    Write: '7E8 03 41 33 65 \r\r>'
2024-10-07 23:26:17,647  root       run        DEBUG    Received '0134'
2024-10-07 23:26:17,647  root       handle_request DEBUG    Handling: '0134', header '7E0', ECU '7E0'
2024-10-07 23:26:17,648  root       handle_request INFO     Unknown request: '0134', header=7E0
2024-10-07 23:26:17,648  root       handle_response DEBUG    Processing: '<writeln>NO DATA</writeln>'
2024-10-07 23:26:17,648  root       handle_response DEBUG    Write: 'NO DATA\r\r>'
2024-10-07 23:26:17,648  root       run        DEBUG    Received '013C'
2024-10-07 23:26:17,649  root       handle_request DEBUG    Handling: '013C', header '7E0', ECU '7E0'
2024-10-07 23:26:17,649  root       handle_request DEBUG    Description: Catalyst Temperature: Bank 1 - Sensor 1, PID CATALYST_TEMP_B1S1 (013C)
2024-10-07 23:26:17,649  root       handle_response DEBUG    Processing: '<pos_answer>04 44</pos_answer>'
2024-10-07 23:26:17,649  root       handle_response DEBUG    Write: '7E8 04 41 3C 04 44 \r\r>'
2024-10-07 23:26:17,652  root       run        DEBUG    Received '013E'
2024-10-07 23:26:17,652  root       handle_request DEBUG    Handling: '013E', header '7E0', ECU '7E0'
2024-10-07 23:26:17,652  root       handle_request INFO     Unknown request: '013E', header=7E0
2024-10-07 23:26:17,652  root       handle_response DEBUG    Processing: '<writeln>NO DATA</writeln>'
2024-10-07 23:26:17,653  root       handle_response DEBUG    Write: 'NO DATA\r\r>'
2024-10-07 23:26:17,653  root       run        DEBUG    Received '01402'
2024-10-07 23:26:17,654  root       handle_request DEBUG    Handling: '01402', header '7E0', ECU '7E0'
2024-10-07 23:26:17,654  root       handle_request DEBUG    Description: PIDS_C, PID ELM_PIDS_C (01402)
2024-10-07 23:26:17,654  root       handle_response DEBUG    Processing: '<header>7EA</header><size>06</size><data>41 40 44 CC 00 21</data><pos_answer>7A 1C 80 00</pos_answer>'
2024-10-07 23:26:17,654  root       handle_response DEBUG    Write: '7EA 06 41 40 44 CC 00 21 \r7E8 06 41 40 7A 1C 80 00 \r\r>'
2024-10-07 23:26:17,655  root       run        DEBUG    Received '0142'
2024-10-07 23:26:17,656  root       handle_request DEBUG    Handling: '0142', header '7E0', ECU '7E0'
2024-10-07 23:26:17,656  root       handle_request DEBUG    Description: Control module voltage, PID CONTROL_MODULE_VOLTAGE (0142)
2024-10-07 23:26:17,656  root       handle_response DEBUG    Processing: '<pos_answer>39 D6</pos_answer>'
2024-10-07 23:26:17,656  root       handle_response DEBUG    Write: '7E8 04 41 42 39 D6 \r\r>'
2024-10-07 23:26:17,657  root       run        DEBUG    Received '0143'
2024-10-07 23:26:17,657  root       handle_request DEBUG    Handling: '0143', header '7E0', ECU '7E0'
2024-10-07 23:26:17,658  root       handle_request INFO     Unknown request: '0143', header=7E0
2024-10-07 23:26:17,658  root       handle_response DEBUG    Processing: '<writeln>NO DATA</writeln>'
2024-10-07 23:26:17,658  root       handle_response DEBUG    Write: 'NO DATA\r\r>'
2024-10-07 23:26:17,659  root       run        DEBUG    Received '0144'
2024-10-07 23:26:17,659  root       handle_request DEBUG    Handling: '0144', header '7E0', ECU '7E0'
2024-10-07 23:26:17,659  root       handle_request INFO     Unknown request: '0144', header=7E0
2024-10-07 23:26:17,660  root       handle_response DEBUG    Processing: '<writeln>NO DATA</writeln>'
2024-10-07 23:26:17,660  root       handle_response DEBUG    Write: 'NO DATA\r\r>'
2024-10-07 23:26:17,660  root       run        DEBUG    Received '0145'
2024-10-07 23:26:17,660  root       handle_request DEBUG    Handling: '0145', header '7E0', ECU '7E0'
2024-10-07 23:26:17,661  root       handle_request INFO     Unknown request: '0145', header=7E0
2024-10-07 23:26:17,661  root       handle_response DEBUG    Processing: '<writeln>NO DATA</writeln>'
2024-10-07 23:26:17,661  root       handle_response DEBUG    Write: 'NO DATA\r\r>'
2024-10-07 23:26:17,662  root       run        DEBUG    Received '0147'
2024-10-07 23:26:17,662  root       handle_request DEBUG    Handling: '0147', header '7E0', ECU '7E0'
2024-10-07 23:26:17,662  root       handle_request INFO     Unknown request: '0147', header=7E0
2024-10-07 23:26:17,663  root       handle_response DEBUG    Processing: '<writeln>NO DATA</writeln>'
2024-10-07 23:26:17,663  root       handle_response DEBUG    Write: 'NO DATA\r\r>'
2024-10-07 23:26:17,663  root       run        DEBUG    Received '014C'
2024-10-07 23:26:17,663  root       handle_request DEBUG    Handling: '014C', header '7E0', ECU '7E0'
2024-10-07 23:26:17,664  root       handle_request DEBUG    Description: Commanded throttle actuator, PID THROTTLE_ACTUATOR (014C)
2024-10-07 23:26:17,664  root       handle_response DEBUG    Processing: '<pos_answer>00</pos_answer>'
2024-10-07 23:26:17,664  root       handle_response DEBUG    Write: '7E8 03 41 4C 00 \r\r>'
2024-10-07 23:26:17,665  root       run        DEBUG    Received '014D'
2024-10-07 23:26:17,665  root       handle_request DEBUG    Handling: '014D', header '7E0', ECU '7E0'
2024-10-07 23:26:17,666  root       handle_request DEBUG    Description: Time run with MIL on, PID RUN_TIME_MIL (014D)
2024-10-07 23:26:17,666  root       handle_response DEBUG    Processing: '<pos_answer>00 00</pos_answer>'
2024-10-07 23:26:17,666  root       handle_response DEBUG    Write: '7E8 04 41 4D 00 00 \r\r>'
2024-10-07 23:26:17,667  root       run        DEBUG    Received '014E'
2024-10-07 23:26:17,667  root       handle_request DEBUG    Handling: '014E', header '7E0', ECU '7E0'
2024-10-07 23:26:17,668  root       handle_request DEBUG    Description: Time since trouble codes cleared, PID TIME_SINCE_DTC_CLEARED (014E)
2024-10-07 23:26:17,668  root       handle_response DEBUG    Processing: '<pos_answer>4C 69</pos_answer>'
2024-10-07 23:26:17,668  root       handle_response DEBUG    Write: '7E8 04 41 4E 4C 69 \r\r>'
2024-10-07 23:26:17,669  root       run        DEBUG    Received '0151'
2024-10-07 23:26:17,669  root       handle_request DEBUG    Handling: '0151', header '7E0', ECU '7E0'
2024-10-07 23:26:17,670  root       handle_request DEBUG    Description: Fuel Type, PID FUEL_TYPE (0151)
2024-10-07 23:26:17,670  root       handle_response DEBUG    Processing: '<pos_answer>01</pos_answer>'
2024-10-07 23:26:17,671  root       handle_response DEBUG    Write: '7E8 03 41 51 01 \r\r>'
2024-10-07 23:26:17,922  root       run        DEBUG    Received '01011'
2024-10-07 23:26:17,923  root       handle_request DEBUG    Handling: '01011', header '7E0', ECU '7E0'
2024-10-07 23:26:17,924  root       handle_request INFO     Unknown ELM command: '01011', header=7E0
2024-10-07 23:26:17,925  root       handle_response DEBUG    Processing: '<writeln>?</writeln>'
2024-10-07 23:26:17,925  root       handle_response DEBUG    Write: '?\r\r>'
2024-10-07 23:26:17,934  root       run        DEBUG    Received '01031'
2024-10-07 23:26:17,934  root       handle_request DEBUG    Handling: '01031', header '7E0', ECU '7E0'
2024-10-07 23:26:17,935  root       handle_request DEBUG    Description: Fuel System Status, PID FUEL_STATUS (01031)
2024-10-07 23:26:17,935  root       handle_response DEBUG    Processing: '<pos_answer>00 00</pos_answer>'
2024-10-07 23:26:17,936  root       handle_response DEBUG    Write: '7E8 04 41 03 00 00 \r\r>'
2024-10-07 23:26:17,937  root       run        DEBUG    Received '01041'
2024-10-07 23:26:17,938  root       handle_request DEBUG    Handling: '01041', header '7E0', ECU '7E0'
2024-10-07 23:26:17,938  root       handle_request DEBUG    Description: Calculated Engine Load, PID ENGINE_LOAD (01041)
2024-10-07 23:26:17,938  root       handle_response DEBUG    Processing: '<pos_answer>00</pos_answer>'
2024-10-07 23:26:17,939  root       handle_response DEBUG    Write: '7E8 03 41 04 00 \r\r>'
2024-10-07 23:26:17,941  root       run        DEBUG    Received '01051'
2024-10-07 23:26:17,941  root       handle_request DEBUG    Handling: '01051', header '7E0', ECU '7E0'
2024-10-07 23:26:17,942  root       handle_request DEBUG    Description: Engine Coolant Temperature, PID COOLANT_TEMP (01051)
2024-10-07 23:26:17,942  root       handle_response DEBUG    Processing: '<pos_answer>7B</pos_answer>'
2024-10-07 23:26:17,943  root       handle_response DEBUG    Write: '7E8 03 41 05 7B \r\r>'
2024-10-07 23:26:17,944  root       run        DEBUG    Received '01061'
2024-10-07 23:26:17,945  root       handle_request DEBUG    Handling: '01061', header '7E0', ECU '7E0'
2024-10-07 23:26:17,946  root       handle_request INFO     Unknown ELM command: '01061', header=7E0
2024-10-07 23:26:17,946  root       handle_response DEBUG    Processing: '<writeln>?</writeln>'
2024-10-07 23:26:17,947  root       handle_response DEBUG    Write: '?\r\r>'
2024-10-07 23:26:17,949  root       run        DEBUG    Received '01071'
2024-10-07 23:26:17,949  root       handle_request DEBUG    Handling: '01071', header '7E0', ECU '7E0'
2024-10-07 23:26:17,950  root       handle_request INFO     Unknown ELM command: '01071', header=7E0
2024-10-07 23:26:17,951  root       handle_response DEBUG    Processing: '<writeln>?</writeln>'
2024-10-07 23:26:17,951  root       handle_response DEBUG    Write: '?\r\r>'
2024-10-07 23:26:17,952  root       run        DEBUG    Received '010B1'
2024-10-07 23:26:17,953  root       handle_request DEBUG    Handling: '010B1', header '7E0', ECU '7E0'
2024-10-07 23:26:17,953  root       handle_request DEBUG    Description: Intake Manifold Pressure, PID INTAKE_PRESSURE (010B1)
2024-10-07 23:26:17,954  root       handle_response DEBUG    Processing: '<pos_answer>73</pos_answer>'
2024-10-07 23:26:17,954  root       handle_response DEBUG    Write: '7E8 03 41 0B 73 \r\r>'
2024-10-07 23:26:17,956  root       run        DEBUG    Received '010C2'
2024-10-07 23:26:17,956  root       handle_request DEBUG    Handling: '010C2', header '7E0', ECU '7E0'
2024-10-07 23:26:17,957  root       handle_request DEBUG    Description: Engine RPM, PID RPM (010C2)
2024-10-07 23:26:17,957  root       handle_response DEBUG    Processing: '<pos_answer>42 40</pos_answer> <header>7EA</header><size>04</size><data>41 0C 42 40</data>'
2024-10-07 23:26:17,958  root       handle_response DEBUG    Write: '7E8 04 41 0C 42 40 \r7EA 04 41 0C 42 40 \r\r>'
2024-10-07 23:26:17,959  root       run        DEBUG    Received '010D2'
2024-10-07 23:26:17,960  root       handle_request DEBUG    Handling: '010D2', header '7E0', ECU '7E0'
2024-10-07 23:26:17,960  root       handle_request DEBUG    Description: Vehicle Speed, PID SPEED (010D2)
2024-10-07 23:26:17,960  root       handle_response DEBUG    Processing: '<pos_answer>08</pos_answer> <header>7EA</header><size>03</size><data>41 0D 08</data>'
2024-10-07 23:26:17,961  root       handle_response DEBUG    Write: '7E8 03 41 0D 08 \r7EA 03 41 0D 08 \r\r>'
2024-10-07 23:26:17,963  root       run        DEBUG    Received '010E1'
2024-10-07 23:26:17,963  root       handle_request DEBUG    Handling: '010E1', header '7E0', ECU '7E0'
2024-10-07 23:26:17,964  root       handle_request INFO     Unknown ELM command: '010E1', header=7E0
2024-10-07 23:26:17,965  root       handle_response DEBUG    Processing: '<writeln>?</writeln>'
2024-10-07 23:26:17,965  root       handle_response DEBUG    Write: '?\r\r>'
2024-10-07 23:26:17,967  root       run        DEBUG    Received '010F1'
2024-10-07 23:26:17,967  root       handle_request DEBUG    Handling: '010F1', header '7E0', ECU '7E0'
2024-10-07 23:26:17,968  root       handle_request DEBUG    Description: Intake Air Temp, PID INTAKE_TEMP (010F1)
2024-10-07 23:26:17,968  root       handle_response DEBUG    Processing: '<pos_answer>44</pos_answer>'
2024-10-07 23:26:17,969  root       handle_response DEBUG    Write: '7E8 03 41 0F 44 \r\r>'
2024-10-07 23:26:17,970  root       run        DEBUG    Received '01101'
2024-10-07 23:26:17,971  root       handle_request DEBUG    Handling: '01101', header '7E0', ECU '7E0'
2024-10-07 23:26:17,971  root       handle_request DEBUG    Description: Air Flow Rate (MAF), PID MAF (01101)
2024-10-07 23:26:17,972  root       handle_response DEBUG    Processing: '<pos_answer>05 1F</pos_answer>'
2024-10-07 23:26:17,972  root       handle_response DEBUG    Write: '7E8 04 41 10 05 1F \r\r>'
2024-10-07 23:26:17,974  root       run        DEBUG    Received '01111'
2024-10-07 23:26:17,975  root       handle_request DEBUG    Handling: '01111', header '7E0', ECU '7E0'
2024-10-07 23:26:17,975  root       handle_request DEBUG    Description: Throttle Position, PID THROTTLE_POS (01111)
2024-10-07 23:26:17,976  root       handle_response DEBUG    Processing: '<pos_answer>FF</pos_answer>'
2024-10-07 23:26:17,976  root       handle_response DEBUG    Write: '7E8 03 41 11 FF \r\r>'
2024-10-07 23:26:17,978  root       run        DEBUG    Received '01131'
2024-10-07 23:26:17,978  root       handle_request DEBUG    Handling: '01131', header '7E0', ECU '7E0'
2024-10-07 23:26:17,980  root       handle_request INFO     Unknown ELM command: '01131', header=7E0
2024-10-07 23:26:17,980  root       handle_response DEBUG    Processing: '<writeln>?</writeln>'
2024-10-07 23:26:17,980  root       handle_response DEBUG    Write: '?\r\r>'
2024-10-07 23:26:17,982  root       run        DEBUG    Received '01151'
2024-10-07 23:26:17,982  root       handle_request DEBUG    Handling: '01151', header '7E0', ECU '7E0'
2024-10-07 23:26:17,983  root       handle_request INFO     Unknown ELM command: '01151', header=7E0
2024-10-07 23:26:17,984  root       handle_response DEBUG    Processing: '<writeln>?</writeln>'
2024-10-07 23:26:17,984  root       handle_response DEBUG    Write: '?\r\r>'
2024-10-07 23:26:17,986  root       run        DEBUG    Received '011C1'
2024-10-07 23:26:17,986  root       handle_request DEBUG    Handling: '011C1', header '7E0', ECU '7E0'
2024-10-07 23:26:17,986  root       handle_request DEBUG    Description: OBD Standards Compliance, PID OBD_COMPLIANCE (011C1)
2024-10-07 23:26:17,987  root       handle_response DEBUG    Processing: '<pos_answer>06</pos_answer>'
2024-10-07 23:26:17,987  root       handle_response DEBUG    Write: '7E8 03 41 1C 06 \r\r>'
2024-10-07 23:26:17,989  root       run        DEBUG    Received '011F1'
2024-10-07 23:26:17,989  root       handle_request DEBUG    Handling: '011F1', header '7E0', ECU '7E0'
2024-10-07 23:26:17,989  root       handle_request DEBUG    Description: Engine Run Time, PID RUN_TIME (011F1)
2024-10-07 23:26:17,990  root       handle_response DEBUG    Processing: '<pos_answer>00 8C</pos_answer>'
2024-10-07 23:26:17,990  root       handle_response DEBUG    Write: '7E8 04 41 1F 00 8C \r\r>'
2024-10-07 23:26:17,992  root       run        DEBUG    Received '01202'
2024-10-07 23:26:17,992  root       handle_request DEBUG    Handling: '01202', header '7E0', ECU '7E0'
2024-10-07 23:26:17,992  root       handle_request DEBUG    Description: PIDS_B, PID ELM_PIDS_B (01202)
2024-10-07 23:26:17,992  root       handle_response DEBUG    Processing: '<header>7EA</header><size>06</size><data>41 20 80 01 A0 01</data><pos_answer>90 15 B0 15</pos_answer>'
2024-10-07 23:26:17,993  root       handle_response DEBUG    Write: '7EA 06 41 20 80 01 A0 01 \r7E8 06 41 20 90 15 B0 15 \r\r>'
2024-10-07 23:26:17,994  root       run        DEBUG    Received '01211'
2024-10-07 23:26:17,994  root       handle_request DEBUG    Handling: '01211', header '7E0', ECU '7E0'
2024-10-07 23:26:17,994  root       handle_request DEBUG    Description: Distance Traveled with MIL on, PID DISTANCE_W_MIL (01211)
2024-10-07 23:26:17,994  root       handle_response DEBUG    Processing: '<pos_answer>00 00</pos_answer>'
2024-10-07 23:26:17,995  root       handle_response DEBUG    Write: '7E8 04 41 21 00 00 \r\r>'
2024-10-07 23:26:17,996  root       run        DEBUG    Received '01241'
2024-10-07 23:26:17,996  root       handle_request DEBUG    Handling: '01241', header '7E0', ECU '7E0'
2024-10-07 23:26:17,997  root       handle_request INFO     Unknown ELM command: '01241', header=7E0
2024-10-07 23:26:17,997  root       handle_response DEBUG    Processing: '<writeln>?</writeln>'
2024-10-07 23:26:17,997  root       handle_response DEBUG    Write: '?\r\r>'
2024-10-07 23:26:17,998  root       run        DEBUG    Received '012C1'
2024-10-07 23:26:17,998  root       handle_request DEBUG    Handling: '012C1', header '7E0', ECU '7E0'
2024-10-07 23:26:17,998  root       handle_request DEBUG    Description: Commanded EGR, PID COMMANDED_EGR (012C1)
2024-10-07 23:26:17,998  root       handle_response DEBUG    Processing: '<pos_answer>0D</pos_answer>'
2024-10-07 23:26:17,999  root       handle_response DEBUG    Write: '7E8 03 41 2C 0D \r\r>'
2024-10-07 23:26:18,000  root       run        DEBUG    Received '012E1'
2024-10-07 23:26:18,000  root       handle_request DEBUG    Handling: '012E1', header '7E0', ECU '7E0'
2024-10-07 23:26:18,001  root       handle_request INFO     Unknown ELM command: '012E1', header=7E0
2024-10-07 23:26:18,001  root       handle_response DEBUG    Processing: '<writeln>?</writeln>'
2024-10-07 23:26:18,001  root       handle_response DEBUG    Write: '?\r\r>'
2024-10-07 23:26:18,002  root       run        DEBUG    Received '01301'
2024-10-07 23:26:18,003  root       handle_request DEBUG    Handling: '01301', header '7E0', ECU '7E0'
2024-10-07 23:26:18,003  root       handle_request INFO     Unknown ELM command: '01301', header=7E0
2024-10-07 23:26:18,003  root       handle_response DEBUG    Processing: '<writeln>?</writeln>'
2024-10-07 23:26:18,004  root       handle_response DEBUG    Write: '?\r\r>'
2024-10-07 23:26:18,004  root       run        DEBUG    Received '01311'
2024-10-07 23:26:18,004  root       handle_request DEBUG    Handling: '01311', header '7E0', ECU '7E0'
2024-10-07 23:26:18,005  root       handle_request DEBUG    Description: Distance traveled since codes cleared, PID DISTANCE_SINCE_DTC_CLEAR (01311)
2024-10-07 23:26:18,005  root       handle_response DEBUG    Processing: '<pos_answer>C8 1F</pos_answer>'
2024-10-07 23:26:18,005  root       handle_response DEBUG    Write: '7E8 04 41 31 C8 1F \r\r>'
2024-10-07 23:26:18,006  root       run        DEBUG    Received '01331'
2024-10-07 23:26:18,006  root       handle_request DEBUG    Handling: '01331', header '7E0', ECU '7E0'
2024-10-07 23:26:18,006  root       handle_request DEBUG    Description: Barometric Pressure, PID BAROMETRIC_PRESSURE (01331)
2024-10-07 23:26:18,006  root       handle_response DEBUG    Processing: '<pos_answer>65</pos_answer>'
2024-10-07 23:26:18,006  root       handle_response DEBUG    Write: '7E8 03 41 33 65 \r\r>'
2024-10-07 23:26:18,007  root       run        DEBUG    Received '01341'
2024-10-07 23:26:18,007  root       handle_request DEBUG    Handling: '01341', header '7E0', ECU '7E0'
2024-10-07 23:26:18,007  root       handle_request INFO     Unknown ELM command: '01341', header=7E0
2024-10-07 23:26:18,007  root       handle_response DEBUG    Processing: '<writeln>?</writeln>'
2024-10-07 23:26:18,008  root       handle_response DEBUG    Write: '?\r\r>'
2024-10-07 23:26:18,008  root       run        DEBUG    Received '013C1'
2024-10-07 23:26:18,008  root       handle_request DEBUG    Handling: '013C1', header '7E0', ECU '7E0'
2024-10-07 23:26:18,008  root       handle_request DEBUG    Description: Catalyst Temperature: Bank 1 - Sensor 1, PID CATALYST_TEMP_B1S1 (013C1)
2024-10-07 23:26:18,008  root       handle_response DEBUG    Processing: '<pos_answer>04 44</pos_answer>'
2024-10-07 23:26:18,009  root       handle_response DEBUG    Write: '7E8 04 41 3C 04 44 \r\r>'
2024-10-07 23:26:18,011  root       run        DEBUG    Received '013E1'
2024-10-07 23:26:18,011  root       handle_request DEBUG    Handling: '013E1', header '7E0', ECU '7E0'
2024-10-07 23:26:18,011  root       handle_request INFO     Unknown ELM command: '013E1', header=7E0
2024-10-07 23:26:18,012  root       handle_response DEBUG    Processing: '<writeln>?</writeln>'
2024-10-07 23:26:18,012  root       handle_response DEBUG    Write: '?\r\r>'
2024-10-07 23:26:18,013  root       run        DEBUG    Received '01402'
2024-10-07 23:26:18,013  root       handle_request DEBUG    Handling: '01402', header '7E0', ECU '7E0'
2024-10-07 23:26:18,013  root       handle_request DEBUG    Description: PIDS_C, PID ELM_PIDS_C (01402)
2024-10-07 23:26:18,013  root       handle_response DEBUG    Processing: '<header>7EA</header><size>06</size><data>41 40 44 CC 00 21</data><pos_answer>7A 1C 80 00</pos_answer>'
2024-10-07 23:26:18,014  root       handle_response DEBUG    Write: '7EA 06 41 40 44 CC 00 21 \r7E8 06 41 40 7A 1C 80 00 \r\r>'
2024-10-07 23:26:18,014  root       run        DEBUG    Received '01421'
2024-10-07 23:26:18,014  root       handle_request DEBUG    Handling: '01421', header '7E0', ECU '7E0'
2024-10-07 23:26:18,015  root       handle_request DEBUG    Description: Control module voltage, PID CONTROL_MODULE_VOLTAGE (01421)
2024-10-07 23:26:18,015  root       handle_response DEBUG    Processing: '<pos_answer>39 D6</pos_answer>'
2024-10-07 23:26:18,015  root       handle_response DEBUG    Write: '7E8 04 41 42 39 D6 \r\r>'
2024-10-07 23:26:18,016  root       run        DEBUG    Received '01431'
2024-10-07 23:26:18,016  root       handle_request DEBUG    Handling: '01431', header '7E0', ECU '7E0'
2024-10-07 23:26:18,017  root       handle_request INFO     Unknown ELM command: '01431', header=7E0
2024-10-07 23:26:18,017  root       handle_response DEBUG    Processing: '<writeln>?</writeln>'
2024-10-07 23:26:18,017  root       handle_response DEBUG    Write: '?\r\r>'
2024-10-07 23:26:18,018  root       run        DEBUG    Received '01441'
2024-10-07 23:26:18,018  root       handle_request DEBUG    Handling: '01441', header '7E0', ECU '7E0'
2024-10-07 23:26:18,019  root       handle_request INFO     Unknown ELM command: '01441', header=7E0
2024-10-07 23:26:18,019  root       handle_response DEBUG    Processing: '<writeln>?</writeln>'
2024-10-07 23:26:18,019  root       handle_response DEBUG    Write: '?\r\r>'
2024-10-07 23:26:18,020  root       run        DEBUG    Received '01451'
2024-10-07 23:26:18,020  root       handle_request DEBUG    Handling: '01451', header '7E0', ECU '7E0'
2024-10-07 23:26:18,020  root       handle_request INFO     Unknown ELM command: '01451', header=7E0
2024-10-07 23:26:18,020  root       handle_response DEBUG    Processing: '<writeln>?</writeln>'
2024-10-07 23:26:18,021  root       handle_response DEBUG    Write: '?\r\r>'
2024-10-07 23:26:18,021  root       run        DEBUG    Received '01471'
2024-10-07 23:26:18,021  root       handle_request DEBUG    Handling: '01471', header '7E0', ECU '7E0'
2024-10-07 23:26:18,022  root       handle_request INFO     Unknown ELM command: '01471', header=7E0
2024-10-07 23:26:18,022  root       handle_response DEBUG    Processing: '<writeln>?</writeln>'
2024-10-07 23:26:18,022  root       handle_response DEBUG    Write: '?\r\r>'
2024-10-07 23:26:18,023  root       run        DEBUG    Received '014C1'
2024-10-07 23:26:18,023  root       handle_request DEBUG    Handling: '014C1', header '7E0', ECU '7E0'
2024-10-07 23:26:18,023  root       handle_request DEBUG    Description: Commanded throttle actuator, PID THROTTLE_ACTUATOR (014C1)
2024-10-07 23:26:18,023  root       handle_response DEBUG    Processing: '<pos_answer>00</pos_answer>'
2024-10-07 23:26:18,024  root       handle_response DEBUG    Write: '7E8 03 41 4C 00 \r\r>'
2024-10-07 23:26:18,025  root       run        DEBUG    Received '014D1'
2024-10-07 23:26:18,025  root       handle_request DEBUG    Handling: '014D1', header '7E0', ECU '7E0'
2024-10-07 23:26:18,025  root       handle_request DEBUG    Description: Time run with MIL on, PID RUN_TIME_MIL (014D1)
2024-10-07 23:26:18,026  root       handle_response DEBUG    Processing: '<pos_answer>00 00</pos_answer>'
2024-10-07 23:26:18,026  root       handle_response DEBUG    Write: '7E8 04 41 4D 00 00 \r\r>'
2024-10-07 23:26:18,026  root       run        DEBUG    Received '014E1'
2024-10-07 23:26:18,027  root       handle_request DEBUG    Handling: '014E1', header '7E0', ECU '7E0'
2024-10-07 23:26:18,027  root       handle_request DEBUG    Description: Time since trouble codes cleared, PID TIME_SINCE_DTC_CLEARED (014E1)
2024-10-07 23:26:18,027  root       handle_response DEBUG    Processing: '<pos_answer>4C 69</pos_answer>'
2024-10-07 23:26:18,027  root       handle_response DEBUG    Write: '7E8 04 41 4E 4C 69 \r\r>'
2024-10-07 23:26:18,028  root       run        DEBUG    Received '01511'
2024-10-07 23:26:18,028  root       handle_request DEBUG    Handling: '01511', header '7E0', ECU '7E0'
2024-10-07 23:26:18,028  root       handle_request DEBUG    Description: Fuel Type, PID FUEL_TYPE (01511)
2024-10-07 23:26:18,028  root       handle_response DEBUG    Processing: '<pos_answer>01</pos_answer>'
2024-10-07 23:26:18,029  root       handle_response DEBUG    Write: '7E8 03 41 51 01 \r\r>'
2024-10-07 23:26:19,349  root       run        DEBUG    Received '01011'
2024-10-07 23:26:19,349  root       handle_request DEBUG    Handling: '01011', header '7E0', ECU '7E0'
2024-10-07 23:26:19,349  root       handle_request INFO     Unknown ELM command: '01011', header=7E0
2024-10-07 23:26:19,349  root       handle_response DEBUG    Processing: '<writeln>?</writeln>'
2024-10-07 23:26:19,350  root       handle_response DEBUG    Write: '?\r\r>'
2024-10-07 23:26:19,352  root       run        DEBUG    Received '01031'
2024-10-07 23:26:19,352  root       handle_request DEBUG    Handling: '01031', header '7E0', ECU '7E0'
2024-10-07 23:26:19,352  root       handle_request DEBUG    Description: Fuel System Status, PID FUEL_STATUS (01031)
2024-10-07 23:26:19,352  root       handle_response DEBUG    Processing: '<pos_answer>00 00</pos_answer>'
2024-10-07 23:26:19,352  root       handle_response DEBUG    Write: '7E8 04 41 03 00 00 \r\r>'
2024-10-07 23:26:19,353  root       run        DEBUG    Received '01041'
2024-10-07 23:26:19,353  root       handle_request DEBUG    Handling: '01041', header '7E0', ECU '7E0'
2024-10-07 23:26:19,353  root       handle_request DEBUG    Description: Calculated Engine Load, PID ENGINE_LOAD (01041)
2024-10-07 23:26:19,353  root       handle_response DEBUG    Processing: '<pos_answer>00</pos_answer>'
2024-10-07 23:26:19,354  root       handle_response DEBUG    Write: '7E8 03 41 04 00 \r\r>'
2024-10-07 23:26:19,354  root       run        DEBUG    Received '01051'
2024-10-07 23:26:19,354  root       handle_request DEBUG    Handling: '01051', header '7E0', ECU '7E0'
2024-10-07 23:26:19,355  root       handle_request DEBUG    Description: Engine Coolant Temperature, PID COOLANT_TEMP (01051)
2024-10-07 23:26:19,355  root       handle_response DEBUG    Processing: '<pos_answer>7B</pos_answer>'
2024-10-07 23:26:19,355  root       handle_response DEBUG    Write: '7E8 03 41 05 7B \r\r>'
2024-10-07 23:26:19,355  root       run        DEBUG    Received '01061'
2024-10-07 23:26:19,355  root       handle_request DEBUG    Handling: '01061', header '7E0', ECU '7E0'
2024-10-07 23:26:19,356  root       handle_request INFO     Unknown ELM command: '01061', header=7E0
2024-10-07 23:26:19,356  root       handle_response DEBUG    Processing: '<writeln>?</writeln>'
2024-10-07 23:26:19,356  root       handle_response DEBUG    Write: '?\r\r>'
2024-10-07 23:26:19,357  root       run        DEBUG    Received '01071'
2024-10-07 23:26:19,357  root       handle_request DEBUG    Handling: '01071', header '7E0', ECU '7E0'
2024-10-07 23:26:19,357  root       handle_request INFO     Unknown ELM command: '01071', header=7E0
2024-10-07 23:26:19,357  root       handle_response DEBUG    Processing: '<writeln>?</writeln>'
2024-10-07 23:26:19,358  root       handle_response DEBUG    Write: '?\r\r>'
2024-10-07 23:26:19,358  root       run        DEBUG    Received '010B1'
2024-10-07 23:26:19,358  root       handle_request DEBUG    Handling: '010B1', header '7E0', ECU '7E0'
2024-10-07 23:26:19,358  root       handle_request DEBUG    Description: Intake Manifold Pressure, PID INTAKE_PRESSURE (010B1)
2024-10-07 23:26:19,358  root       handle_response DEBUG    Processing: '<pos_answer>73</pos_answer>'
2024-10-07 23:26:19,359  root       handle_response DEBUG    Write: '7E8 03 41 0B 73 \r\r>'
2024-10-07 23:26:19,359  root       run        DEBUG    Received '010C2'
2024-10-07 23:26:19,359  root       handle_request DEBUG    Handling: '010C2', header '7E0', ECU '7E0'
2024-10-07 23:26:19,359  root       handle_request DEBUG    Description: Engine RPM, PID RPM (010C2)
2024-10-07 23:26:19,360  root       handle_response DEBUG    Processing: '<pos_answer>42 90</pos_answer> <header>7EA</header><size>04</size><data>41 0C 42 90</data>'
2024-10-07 23:26:19,360  root       handle_response DEBUG    Write: '7E8 04 41 0C 42 90 \r7EA 04 41 0C 42 90 \r\r>'
2024-10-07 23:26:19,360  root       run        DEBUG    Received '010D2'
2024-10-07 23:26:19,361  root       handle_request DEBUG    Handling: '010D2', header '7E0', ECU '7E0'
2024-10-07 23:26:19,361  root       handle_request DEBUG    Description: Vehicle Speed, PID SPEED (010D2)
2024-10-07 23:26:19,361  root       handle_response DEBUG    Processing: '<pos_answer>0C</pos_answer> <header>7EA</header><size>03</size><data>41 0D 0C</data>'
2024-10-07 23:26:19,361  root       handle_response DEBUG    Write: '7E8 03 41 0D 0C \r7EA 03 41 0D 0C \r\r>'
2024-10-07 23:26:19,362  root       run        DEBUG    Received '010E1'
2024-10-07 23:26:19,362  root       handle_request DEBUG    Handling: '010E1', header '7E0', ECU '7E0'
2024-10-07 23:26:19,362  root       handle_request INFO     Unknown ELM command: '010E1', header=7E0
2024-10-07 23:26:19,363  root       handle_response DEBUG    Processing: '<writeln>?</writeln>'
2024-10-07 23:26:19,363  root       handle_response DEBUG    Write: '?\r\r>'
2024-10-07 23:26:19,363  root       run        DEBUG    Received '010F1'
2024-10-07 23:26:19,364  root       handle_request DEBUG    Handling: '010F1', header '7E0', ECU '7E0'
2024-10-07 23:26:19,364  root       handle_request DEBUG    Description: Intake Air Temp, PID INTAKE_TEMP (010F1)
2024-10-07 23:26:19,364  root       handle_response DEBUG    Processing: '<pos_answer>44</pos_answer>'
2024-10-07 23:26:19,364  root       handle_response DEBUG    Write: '7E8 03 41 0F 44 \r\r>'
2024-10-07 23:26:19,365  root       run        DEBUG    Received '01101'
2024-10-07 23:26:19,366  root       handle_request DEBUG    Handling: '01101', header '7E0', ECU '7E0'
2024-10-07 23:26:19,366  root       handle_request DEBUG    Description: Air Flow Rate (MAF), PID MAF (01101)
2024-10-07 23:26:19,366  root       handle_response DEBUG    Processing: '<pos_answer>05 1F</pos_answer>'
2024-10-07 23:26:19,366  root       handle_response DEBUG    Write: '7E8 04 41 10 05 1F \r\r>'
2024-10-07 23:26:19,367  root       run        DEBUG    Received '01111'
2024-10-07 23:26:19,367  root       handle_request DEBUG    Handling: '01111', header '7E0', ECU '7E0'
2024-10-07 23:26:19,367  root       handle_request DEBUG    Description: Throttle Position, PID THROTTLE_POS (01111)
2024-10-07 23:26:19,367  root       handle_response DEBUG    Processing: '<pos_answer>FF</pos_answer>'
2024-10-07 23:26:19,368  root       handle_response DEBUG    Write: '7E8 03 41 11 FF \r\r>'
2024-10-07 23:26:19,368  root       run        DEBUG    Received '01131'
2024-10-07 23:26:19,369  root       handle_request DEBUG    Handling: '01131', header '7E0', ECU '7E0'
2024-10-07 23:26:19,369  root       handle_request INFO     Unknown ELM command: '01131', header=7E0
2024-10-07 23:26:19,370  root       handle_response DEBUG    Processing: '<writeln>?</writeln>'
2024-10-07 23:26:19,370  root       handle_response DEBUG    Write: '?\r\r>'
2024-10-07 23:26:19,370  root       run        DEBUG    Received '01151'
2024-10-07 23:26:19,371  root       handle_request DEBUG    Handling: '01151', header '7E0', ECU '7E0'
2024-10-07 23:26:19,371  root       handle_request INFO     Unknown ELM command: '01151', header=7E0
2024-10-07 23:26:19,371  root       handle_response DEBUG    Processing: '<writeln>?</writeln>'
2024-10-07 23:26:19,371  root       handle_response DEBUG    Write: '?\r\r>'
2024-10-07 23:26:19,372  root       run        DEBUG    Received '011C1'
2024-10-07 23:26:19,372  root       handle_request DEBUG    Handling: '011C1', header '7E0', ECU '7E0'
2024-10-07 23:26:19,372  root       handle_request DEBUG    Description: OBD Standards Compliance, PID OBD_COMPLIANCE (011C1)
2024-10-07 23:26:19,372  root       handle_response DEBUG    Processing: '<pos_answer>06</pos_answer>'
2024-10-07 23:26:19,373  root       handle_response DEBUG    Write: '7E8 03 41 1C 06 \r\r>'
2024-10-07 23:26:19,373  root       run        DEBUG    Received '011F1'
2024-10-07 23:26:19,373  root       handle_request DEBUG    Handling: '011F1', header '7E0', ECU '7E0'
2024-10-07 23:26:19,374  root       handle_request DEBUG    Description: Engine Run Time, PID RUN_TIME (011F1)
2024-10-07 23:26:19,374  root       handle_response DEBUG    Processing: '<pos_answer>00 8C</pos_answer>'
2024-10-07 23:26:19,374  root       handle_response DEBUG    Write: '7E8 04 41 1F 00 8C \r\r>'
2024-10-07 23:26:19,374  root       run        DEBUG    Received '01202'
2024-10-07 23:26:19,375  root       handle_request DEBUG    Handling: '01202', header '7E0', ECU '7E0'
2024-10-07 23:26:19,375  root       handle_request DEBUG    Description: PIDS_B, PID ELM_PIDS_B (01202)
2024-10-07 23:26:19,375  root       handle_response DEBUG    Processing: '<header>7EA</header><size>06</size><data>41 20 80 01 A0 01</data><pos_answer>90 15 B0 15</pos_answer>'
2024-10-07 23:26:19,375  root       handle_response DEBUG    Write: '7EA 06 41 20 80 01 A0 01 \r7E8 06 41 20 90 15 B0 15 \r\r>'
2024-10-07 23:26:19,376  root       run        DEBUG    Received '01211'
2024-10-07 23:26:19,376  root       handle_request DEBUG    Handling: '01211', header '7E0', ECU '7E0'
2024-10-07 23:26:19,376  root       handle_request DEBUG    Description: Distance Traveled with MIL on, PID DISTANCE_W_MIL (01211)
2024-10-07 23:26:19,376  root       handle_response DEBUG    Processing: '<pos_answer>00 00</pos_answer>'
2024-10-07 23:26:19,377  root       handle_response DEBUG    Write: '7E8 04 41 21 00 00 \r\r>'
2024-10-07 23:26:19,377  root       run        DEBUG    Received '01241'
2024-10-07 23:26:19,377  root       handle_request DEBUG    Handling: '01241', header '7E0', ECU '7E0'
2024-10-07 23:26:19,378  root       handle_request INFO     Unknown ELM command: '01241', header=7E0
2024-10-07 23:26:19,378  root       handle_response DEBUG    Processing: '<writeln>?</writeln>'
2024-10-07 23:26:19,378  root       handle_response DEBUG    Write: '?\r\r>'
2024-10-07 23:26:19,379  root       run        DEBUG    Received '012C1'
2024-10-07 23:26:19,379  root       handle_request DEBUG    Handling: '012C1', header '7E0', ECU '7E0'
2024-10-07 23:26:19,379  root       handle_request DEBUG    Description: Commanded EGR, PID COMMANDED_EGR (012C1)
2024-10-07 23:26:19,379  root       handle_response DEBUG    Processing: '<pos_answer>0D</pos_answer>'
2024-10-07 23:26:19,379  root       handle_response DEBUG    Write: '7E8 03 41 2C 0D \r\r>'
2024-10-07 23:26:19,380  root       run        DEBUG    Received '012E1'
2024-10-07 23:26:19,380  root       handle_request DEBUG    Handling: '012E1', header '7E0', ECU '7E0'
2024-10-07 23:26:19,381  root       handle_request INFO     Unknown ELM command: '012E1', header=7E0
2024-10-07 23:26:19,381  root       handle_response DEBUG    Processing: '<writeln>?</writeln>'
2024-10-07 23:26:19,381  root       handle_response DEBUG    Write: '?\r\r>'
2024-10-07 23:26:19,382  root       run        DEBUG    Received '01301'
2024-10-07 23:26:19,382  root       handle_request DEBUG    Handling: '01301', header '7E0', ECU '7E0'
2024-10-07 23:26:19,382  root       handle_request INFO     Unknown ELM command: '01301', header=7E0
2024-10-07 23:26:19,382  root       handle_response DEBUG    Processing: '<writeln>?</writeln>'
2024-10-07 23:26:19,383  root       handle_response DEBUG    Write: '?\r\r>'
2024-10-07 23:26:19,383  root       run        DEBUG    Received '01311'
2024-10-07 23:26:19,383  root       handle_request DEBUG    Handling: '01311', header '7E0', ECU '7E0'
2024-10-07 23:26:19,384  root       handle_request DEBUG    Description: Distance traveled since codes cleared, PID DISTANCE_SINCE_DTC_CLEAR (01311)
2024-10-07 23:26:19,384  root       handle_response DEBUG    Processing: '<pos_answer>C8 1F</pos_answer>'
2024-10-07 23:26:19,384  root       handle_response DEBUG    Write: '7E8 04 41 31 C8 1F \r\r>'
2024-10-07 23:26:19,385  root       run        DEBUG    Received '01331'
2024-10-07 23:26:19,385  root       handle_request DEBUG    Handling: '01331', header '7E0', ECU '7E0'
2024-10-07 23:26:19,385  root       handle_request DEBUG    Description: Barometric Pressure, PID BAROMETRIC_PRESSURE (01331)
2024-10-07 23:26:19,385  root       handle_response DEBUG    Processing: '<pos_answer>65</pos_answer>'
2024-10-07 23:26:19,385  root       handle_response DEBUG    Write: '7E8 03 41 33 65 \r\r>'
2024-10-07 23:26:19,386  root       run        DEBUG    Received '01341'
2024-10-07 23:26:19,386  root       handle_request DEBUG    Handling: '01341', header '7E0', ECU '7E0'
2024-10-07 23:26:19,387  root       handle_request INFO     Unknown ELM command: '01341', header=7E0
2024-10-07 23:26:19,387  root       handle_response DEBUG    Processing: '<writeln>?</writeln>'
2024-10-07 23:26:19,387  root       handle_response DEBUG    Write: '?\r\r>'
2024-10-07 23:26:19,388  root       run        DEBUG    Received '013C1'
2024-10-07 23:26:19,388  root       handle_request DEBUG    Handling: '013C1', header '7E0', ECU '7E0'
2024-10-07 23:26:19,388  root       handle_request DEBUG    Description: Catalyst Temperature: Bank 1 - Sensor 1, PID CATALYST_TEMP_B1S1 (013C1)
2024-10-07 23:26:19,388  root       handle_response DEBUG    Processing: '<pos_answer>04 44</pos_answer>'
2024-10-07 23:26:19,388  root       handle_response DEBUG    Write: '7E8 04 41 3C 04 44 \r\r>'
2024-10-07 23:26:19,390  root       run        DEBUG    Received '013E1'
2024-10-07 23:26:19,391  root       handle_request DEBUG    Handling: '013E1', header '7E0', ECU '7E0'
2024-10-07 23:26:19,391  root       handle_request INFO     Unknown ELM command: '013E1', header=7E0
2024-10-07 23:26:19,391  root       handle_response DEBUG    Processing: '<writeln>?</writeln>'
2024-10-07 23:26:19,391  root       handle_response DEBUG    Write: '?\r\r>'
2024-10-07 23:26:19,392  root       run        DEBUG    Received '01402'
2024-10-07 23:26:19,392  root       handle_request DEBUG    Handling: '01402', header '7E0', ECU '7E0'
2024-10-07 23:26:19,392  root       handle_request DEBUG    Description: PIDS_C, PID ELM_PIDS_C (01402)
2024-10-07 23:26:19,393  root       handle_response DEBUG    Processing: '<header>7EA</header><size>06</size><data>41 40 44 CC 00 21</data><pos_answer>7A 1C 80 00</pos_answer>'
2024-10-07 23:26:19,393  root       handle_response DEBUG    Write: '7EA 06 41 40 44 CC 00 21 \r7E8 06 41 40 7A 1C 80 00 \r\r>'
2024-10-07 23:26:19,394  root       run        DEBUG    Received '01421'
2024-10-07 23:26:19,394  root       handle_request DEBUG    Handling: '01421', header '7E0', ECU '7E0'
2024-10-07 23:26:19,394  root       handle_request DEBUG    Description: Control module voltage, PID CONTROL_MODULE_VOLTAGE (01421)
2024-10-07 23:26:19,394  root       handle_response DEBUG    Processing: '<pos_answer>39 D6</pos_answer>'
2024-10-07 23:26:19,395  root       handle_response DEBUG    Write: '7E8 04 41 42 39 D6 \r\r>'
2024-10-07 23:26:19,395  root       run        DEBUG    Received '01431'
2024-10-07 23:26:19,396  root       handle_request DEBUG    Handling: '01431', header '7E0', ECU '7E0'
2024-10-07 23:26:19,396  root       handle_request INFO     Unknown ELM command: '01431', header=7E0
2024-10-07 23:26:19,396  root       handle_response DEBUG    Processing: '<writeln>?</writeln>'
2024-10-07 23:26:19,396  root       handle_response DEBUG    Write: '?\r\r>'
2024-10-07 23:26:19,397  root       run        DEBUG    Received '01441'
2024-10-07 23:26:19,397  root       handle_request DEBUG    Handling: '01441', header '7E0', ECU '7E0'
2024-10-07 23:26:19,398  root       handle_request INFO     Unknown ELM command: '01441', header=7E0
2024-10-07 23:26:19,398  root       handle_response DEBUG    Processing: '<writeln>?</writeln>'
2024-10-07 23:26:19,398  root       handle_response DEBUG    Write: '?\r\r>'
2024-10-07 23:26:19,399  root       run        DEBUG    Received '01451'
2024-10-07 23:26:19,399  root       handle_request DEBUG    Handling: '01451', header '7E0', ECU '7E0'
2024-10-07 23:26:19,399  root       handle_request INFO     Unknown ELM command: '01451', header=7E0
2024-10-07 23:26:19,400  root       handle_response DEBUG    Processing: '<writeln>?</writeln>'
2024-10-07 23:26:19,400  root       handle_response DEBUG    Write: '?\r\r>'
2024-10-07 23:26:19,401  root       run        DEBUG    Received '01471'
2024-10-07 23:26:19,401  root       handle_request DEBUG    Handling: '01471', header '7E0', ECU '7E0'
2024-10-07 23:26:19,402  root       handle_request INFO     Unknown ELM command: '01471', header=7E0
2024-10-07 23:26:19,402  root       handle_response DEBUG    Processing: '<writeln>?</writeln>'
2024-10-07 23:26:19,402  root       handle_response DEBUG    Write: '?\r\r>'
2024-10-07 23:26:19,403  root       run        DEBUG    Received '014C1'
2024-10-07 23:26:19,403  root       handle_request DEBUG    Handling: '014C1', header '7E0', ECU '7E0'
2024-10-07 23:26:19,403  root       handle_request DEBUG    Description: Commanded throttle actuator, PID THROTTLE_ACTUATOR (014C1)
2024-10-07 23:26:19,403  root       handle_response DEBUG    Processing: '<pos_answer>00</pos_answer>'
2024-10-07 23:26:19,404  root       handle_response DEBUG    Write: '7E8 03 41 4C 00 \r\r>'
2024-10-07 23:26:19,404  root       run        DEBUG    Received '014D1'
2024-10-07 23:26:19,404  root       handle_request DEBUG    Handling: '014D1', header '7E0', ECU '7E0'
2024-10-07 23:26:19,405  root       handle_request DEBUG    Description: Time run with MIL on, PID RUN_TIME_MIL (014D1)
2024-10-07 23:26:19,405  root       handle_response DEBUG    Processing: '<pos_answer>00 00</pos_answer>'
2024-10-07 23:26:19,405  root       handle_response DEBUG    Write: '7E8 04 41 4D 00 00 \r\r>'
2024-10-07 23:26:19,406  root       run        DEBUG    Received '014E1'
2024-10-07 23:26:19,406  root       handle_request DEBUG    Handling: '014E1', header '7E0', ECU '7E0'
2024-10-07 23:26:19,406  root       handle_request DEBUG    Description: Time since trouble codes cleared, PID TIME_SINCE_DTC_CLEARED (014E1)
2024-10-07 23:26:19,407  root       handle_response DEBUG    Processing: '<pos_answer>4C 69</pos_answer>'
2024-10-07 23:26:19,407  root       handle_response DEBUG    Write: '7E8 04 41 4E 4C 69 \r\r>'
2024-10-07 23:26:19,407  root       run        DEBUG    Received '01511'
2024-10-07 23:26:19,408  root       handle_request DEBUG    Handling: '01511', header '7E0', ECU '7E0'
2024-10-07 23:26:19,408  root       handle_request DEBUG    Description: Fuel Type, PID FUEL_TYPE (01511)
2024-10-07 23:26:19,408  root       handle_response DEBUG    Processing: '<pos_answer>01</pos_answer>'
2024-10-07 23:26:19,408  root       handle_response DEBUG    Write: '7E8 03 41 51 01 \r\r>'
2024-10-07 23:26:19,660  root       run        DEBUG    Received '01011'
2024-10-07 23:26:19,660  root       handle_request DEBUG    Handling: '01011', header '7E0', ECU '7E0'
2024-10-07 23:26:19,662  root       handle_request INFO     Unknown ELM command: '01011', header=7E0
2024-10-07 23:26:19,662  root       handle_response DEBUG    Processing: '<writeln>?</writeln>'
2024-10-07 23:26:19,663  root       handle_response DEBUG    Write: '?\r\r>'
2024-10-07 23:26:19,671  root       run        DEBUG    Received '01031'
2024-10-07 23:26:19,671  root       handle_request DEBUG    Handling: '01031', header '7E0', ECU '7E0'
2024-10-07 23:26:19,672  root       handle_request DEBUG    Description: Fuel System Status, PID FUEL_STATUS (01031)
2024-10-07 23:26:19,672  root       handle_response DEBUG    Processing: '<pos_answer>00 00</pos_answer>'
2024-10-07 23:26:19,673  root       handle_response DEBUG    Write: '7E8 04 41 03 00 00 \r\r>'
2024-10-07 23:26:19,675  root       run        DEBUG    Received '01041'
2024-10-07 23:26:19,675  root       handle_request DEBUG    Handling: '01041', header '7E0', ECU '7E0'
2024-10-07 23:26:19,676  root       handle_request DEBUG    Description: Calculated Engine Load, PID ENGINE_LOAD (01041)
2024-10-07 23:26:19,676  root       handle_response DEBUG    Processing: '<pos_answer>00</pos_answer>'
2024-10-07 23:26:19,676  root       handle_response DEBUG    Write: '7E8 03 41 04 00 \r\r>'
2024-10-07 23:26:19,678  root       run        DEBUG    Received '01051'
2024-10-07 23:26:19,679  root       handle_request DEBUG    Handling: '01051', header '7E0', ECU '7E0'
2024-10-07 23:26:19,679  root       handle_request DEBUG    Description: Engine Coolant Temperature, PID COOLANT_TEMP (01051)
2024-10-07 23:26:19,680  root       handle_response DEBUG    Processing: '<pos_answer>7B</pos_answer>'
2024-10-07 23:26:19,680  root       handle_response DEBUG    Write: '7E8 03 41 05 7B \r\r>'
2024-10-07 23:26:19,682  root       run        DEBUG    Received '01061'
2024-10-07 23:26:19,683  root       handle_request DEBUG    Handling: '01061', header '7E0', ECU '7E0'
2024-10-07 23:26:19,684  root       handle_request INFO     Unknown ELM command: '01061', header=7E0
2024-10-07 23:26:19,685  root       handle_response DEBUG    Processing: '<writeln>?</writeln>'
2024-10-07 23:26:19,685  root       handle_response DEBUG    Write: '?\r\r>'
2024-10-07 23:26:19,687  root       run        DEBUG    Received '01071'
2024-10-07 23:26:19,687  root       handle_request DEBUG    Handling: '01071', header '7E0', ECU '7E0'
2024-10-07 23:26:19,689  root       handle_request INFO     Unknown ELM command: '01071', header=7E0
2024-10-07 23:26:19,689  root       handle_response DEBUG    Processing: '<writeln>?</writeln>'
2024-10-07 23:26:19,689  root       handle_response DEBUG    Write: '?\r\r>'
2024-10-07 23:26:19,691  root       run        DEBUG    Received '010B1'
2024-10-07 23:26:19,691  root       handle_request DEBUG    Handling: '010B1', header '7E0', ECU '7E0'
2024-10-07 23:26:19,692  root       handle_request DEBUG    Description: Intake Manifold Pressure, PID INTAKE_PRESSURE (010B1)
2024-10-07 23:26:19,692  root       handle_response DEBUG    Processing: '<pos_answer>73</pos_answer>'
2024-10-07 23:26:19,692  root       handle_response DEBUG    Write: '7E8 03 41 0B 73 \r\r>'
2024-10-07 23:26:19,694  root       run        DEBUG    Received '010C2'
2024-10-07 23:26:19,694  root       handle_request DEBUG    Handling: '010C2', header '7E0', ECU '7E0'
2024-10-07 23:26:19,695  root       handle_request DEBUG    Description: Engine RPM, PID RPM (010C2)
2024-10-07 23:26:19,695  root       handle_response DEBUG    Processing: '<pos_answer>42 E0</pos_answer> <header>7EA</header><size>04</size><data>41 0C 42 E0</data>'
2024-10-07 23:26:19,696  root       handle_response DEBUG    Write: '7E8 04 41 0C 42 E0 \r7EA 04 41 0C 42 E0 \r\r>'
2024-10-07 23:26:19,697  root       run        DEBUG    Received '010D2'
2024-10-07 23:26:19,698  root       handle_request DEBUG    Handling: '010D2', header '7E0', ECU '7E0'
2024-10-07 23:26:19,698  root       handle_request DEBUG    Description: Vehicle Speed, PID SPEED (010D2)
2024-10-07 23:26:19,699  root       handle_response DEBUG    Processing: '<pos_answer>10</pos_answer> <header>7EA</header><size>03</size><data>41 0D 10</data>'
2024-10-07 23:26:19,699  root       handle_response DEBUG    Write: '7E8 03 41 0D 10 \r7EA 03 41 0D 10 \r\r>'
2024-10-07 23:26:19,701  root       run        DEBUG    Received '010E1'
2024-10-07 23:26:19,701  root       handle_request DEBUG    Handling: '010E1', header '7E0', ECU '7E0'
2024-10-07 23:26:19,702  root       handle_request INFO     Unknown ELM command: '010E1', header=7E0
2024-10-07 23:26:19,703  root       handle_response DEBUG    Processing: '<writeln>?</writeln>'
2024-10-07 23:26:19,703  root       handle_response DEBUG    Write: '?\r\r>'
2024-10-07 23:26:19,704  root       run        DEBUG    Received '010F1'
2024-10-07 23:26:19,705  root       handle_request DEBUG    Handling: '010F1', header '7E0', ECU '7E0'
2024-10-07 23:26:19,706  root       handle_request DEBUG    Description: Intake Air Temp, PID INTAKE_TEMP (010F1)
2024-10-07 23:26:19,706  root       handle_response DEBUG    Processing: '<pos_answer>44</pos_answer>'
2024-10-07 23:26:19,706  root       handle_response DEBUG    Write: '7E8 03 41 0F 44 \r\r>'
2024-10-07 23:26:19,708  root       run        DEBUG    Received '01101'
2024-10-07 23:26:19,709  root       handle_request DEBUG    Handling: '01101', header '7E0', ECU '7E0'
2024-10-07 23:26:19,709  root       handle_request DEBUG    Description: Air Flow Rate (MAF), PID MAF (01101)
2024-10-07 23:26:19,710  root       handle_response DEBUG    Processing: '<pos_answer>05 1F</pos_answer>'
2024-10-07 23:26:19,710  root       handle_response DEBUG    Write: '7E8 04 41 10 05 1F \r\r>'
2024-10-07 23:26:19,712  root       run        DEBUG    Received '01111'
2024-10-07 23:26:19,713  root       handle_request DEBUG    Handling: '01111', header '7E0', ECU '7E0'
2024-10-07 23:26:19,714  root       handle_request DEBUG    Description: Throttle Position, PID THROTTLE_POS (01111)
2024-10-07 23:26:19,714  root       handle_response DEBUG    Processing: '<pos_answer>FF</pos_answer>'
2024-10-07 23:26:19,714  root       handle_response DEBUG    Write: '7E8 03 41 11 FF \r\r>'
2024-10-07 23:26:19,716  root       run        DEBUG    Received '01131'
2024-10-07 23:26:19,717  root       handle_request DEBUG    Handling: '01131', header '7E0', ECU '7E0'
2024-10-07 23:26:19,718  root       handle_request INFO     Unknown ELM command: '01131', header=7E0
2024-10-07 23:26:19,718  root       handle_response DEBUG    Processing: '<writeln>?</writeln>'
2024-10-07 23:26:19,719  root       handle_response DEBUG    Write: '?\r\r>'
2024-10-07 23:26:19,720  root       run        DEBUG    Received '01151'
2024-10-07 23:26:19,720  root       handle_request DEBUG    Handling: '01151', header '7E0', ECU '7E0'
2024-10-07 23:26:19,721  root       handle_request INFO     Unknown ELM command: '01151', header=7E0
2024-10-07 23:26:19,722  root       handle_response DEBUG    Processing: '<writeln>?</writeln>'
2024-10-07 23:26:19,722  root       handle_response DEBUG    Write: '?\r\r>'
2024-10-07 23:26:19,723  root       run        DEBUG    Received '011C1'
2024-10-07 23:26:19,724  root       handle_request DEBUG    Handling: '011C1', header '7E0', ECU '7E0'
2024-10-07 23:26:19,724  root       handle_request DEBUG    Description: OBD Standards Compliance, PID OBD_COMPLIANCE (011C1)
2024-10-07 23:26:19,724  root       handle_response DEBUG    Processing: '<pos_answer>06</pos_answer>'
2024-10-07 23:26:19,725  root       handle_response DEBUG    Write: '7E8 03 41 1C 06 \r\r>'
2024-10-07 23:26:19,726  root       run        DEBUG    Received '011F1'
2024-10-07 23:26:19,727  root       handle_request DEBUG    Handling: '011F1', header '7E0', ECU '7E0'
2024-10-07 23:26:19,727  root       handle_request DEBUG    Description: Engine Run Time, PID RUN_TIME (011F1)
2024-10-07 23:26:19,727  root       handle_response DEBUG    Processing: '<pos_answer>00 8C</pos_answer>'
2024-10-07 23:26:19,728  root       handle_response DEBUG    Write: '7E8 04 41 1F 00 8C \r\r>'
2024-10-07 23:26:19,730  root       run        DEBUG    Received '01202'
2024-10-07 23:26:19,730  root       handle_request DEBUG    Handling: '01202', header '7E0', ECU '7E0'
2024-10-07 23:26:19,730  root       handle_request DEBUG    Description: PIDS_B, PID ELM_PIDS_B (01202)
2024-10-07 23:26:19,731  root       handle_response DEBUG    Processing: '<header>7EA</header><size>06</size><data>41 20 80 01 A0 01</data><pos_answer>90 15 B0 15</pos_answer>'
2024-10-07 23:26:19,731  root       handle_response DEBUG    Write: '7EA 06 41 20 80 01 A0 01 \r7E8 06 41 20 90 15 B0 15 \r\r>'
2024-10-07 23:26:19,732  root       run        DEBUG    Received '01211'
2024-10-07 23:26:19,732  root       handle_request DEBUG    Handling: '01211', header '7E0', ECU '7E0'
2024-10-07 23:26:19,733  root       handle_request DEBUG    Description: Distance Traveled with MIL on, PID DISTANCE_W_MIL (01211)
2024-10-07 23:26:19,733  root       handle_response DEBUG    Processing: '<pos_answer>00 00</pos_answer>'
2024-10-07 23:26:19,733  root       handle_response DEBUG    Write: '7E8 04 41 21 00 00 \r\r>'
2024-10-07 23:26:19,734  root       run        DEBUG    Received '01241'
2024-10-07 23:26:19,734  root       handle_request DEBUG    Handling: '01241', header '7E0', ECU '7E0'
2024-10-07 23:26:19,735  root       handle_request INFO     Unknown ELM command: '01241', header=7E0
2024-10-07 23:26:19,735  root       handle_response DEBUG    Processing: '<writeln>?</writeln>'
2024-10-07 23:26:19,736  root       handle_response DEBUG    Write: '?\r\r>'
2024-10-07 23:26:19,737  root       run        DEBUG    Received '012C1'
2024-10-07 23:26:19,737  root       handle_request DEBUG    Handling: '012C1', header '7E0', ECU '7E0'
2024-10-07 23:26:19,737  root       handle_request DEBUG    Description: Commanded EGR, PID COMMANDED_EGR (012C1)
2024-10-07 23:26:19,737  root       handle_response DEBUG    Processing: '<pos_answer>0D</pos_answer>'
2024-10-07 23:26:19,738  root       handle_response DEBUG    Write: '7E8 03 41 2C 0D \r\r>'
2024-10-07 23:26:19,739  root       run        DEBUG    Received '012E1'
2024-10-07 23:26:19,739  root       handle_request DEBUG    Handling: '012E1', header '7E0', ECU '7E0'
2024-10-07 23:26:19,739  root       handle_request INFO     Unknown ELM command: '012E1', header=7E0
2024-10-07 23:26:19,740  root       handle_response DEBUG    Processing: '<writeln>?</writeln>'
2024-10-07 23:26:19,740  root       handle_response DEBUG    Write: '?\r\r>'
2024-10-07 23:26:19,741  root       run        DEBUG    Received '01301'
2024-10-07 23:26:19,741  root       handle_request DEBUG    Handling: '01301', header '7E0', ECU '7E0'
2024-10-07 23:26:19,742  root       handle_request INFO     Unknown ELM command: '01301', header=7E0
2024-10-07 23:26:19,742  root       handle_response DEBUG    Processing: '<writeln>?</writeln>'
2024-10-07 23:26:19,742  root       handle_response DEBUG    Write: '?\r\r>'
2024-10-07 23:26:19,743  root       run        DEBUG    Received '01311'
2024-10-07 23:26:19,743  root       handle_request DEBUG    Handling: '01311', header '7E0', ECU '7E0'
2024-10-07 23:26:19,743  root       handle_request DEBUG    Description: Distance traveled since codes cleared, PID DISTANCE_SINCE_DTC_CLEAR (01311)
2024-10-07 23:26:19,743  root       handle_response DEBUG    Processing: '<pos_answer>C8 1F</pos_answer>'
2024-10-07 23:26:19,743  root       handle_response DEBUG    Write: '7E8 04 41 31 C8 1F \r\r>'
2024-10-07 23:26:19,744  root       run        DEBUG    Received '01331'
2024-10-07 23:26:19,744  root       handle_request DEBUG    Handling: '01331', header '7E0', ECU '7E0'
2024-10-07 23:26:19,744  root       handle_request DEBUG    Description: Barometric Pressure, PID BAROMETRIC_PRESSURE (01331)
2024-10-07 23:26:19,744  root       handle_response DEBUG    Processing: '<pos_answer>65</pos_answer>'
2024-10-07 23:26:19,745  root       handle_response DEBUG    Write: '7E8 03 41 33 65 \r\r>'
2024-10-07 23:26:19,745  root       run        DEBUG    Received '01341'
2024-10-07 23:26:19,746  root       handle_request DEBUG    Handling: '01341', header '7E0', ECU '7E0'
2024-10-07 23:26:19,746  root       handle_request INFO     Unknown ELM command: '01341', header=7E0
2024-10-07 23:26:19,746  root       handle_response DEBUG    Processing: '<writeln>?</writeln>'
2024-10-07 23:26:19,746  root       handle_response DEBUG    Write: '?\r\r>'
2024-10-07 23:26:19,747  root       run        DEBUG    Received '013C1'
2024-10-07 23:26:19,747  root       handle_request DEBUG    Handling: '013C1', header '7E0', ECU '7E0'
2024-10-07 23:26:19,747  root       handle_request DEBUG    Description: Catalyst Temperature: Bank 1 - Sensor 1, PID CATALYST_TEMP_B1S1 (013C1)
2024-10-07 23:26:19,747  root       handle_response DEBUG    Processing: '<pos_answer>04 44</pos_answer>'
2024-10-07 23:26:19,748  root       handle_response DEBUG    Write: '7E8 04 41 3C 04 44 \r\r>'
2024-10-07 23:26:19,749  root       run        DEBUG    Received '013E1'
2024-10-07 23:26:19,750  root       handle_request DEBUG    Handling: '013E1', header '7E0', ECU '7E0'
2024-10-07 23:26:19,750  root       handle_request INFO     Unknown ELM command: '013E1', header=7E0
2024-10-07 23:26:19,750  root       handle_response DEBUG    Processing: '<writeln>?</writeln>'
2024-10-07 23:26:19,750  root       handle_response DEBUG    Write: '?\r\r>'
2024-10-07 23:26:19,751  root       run        DEBUG    Received '01402'
2024-10-07 23:26:19,751  root       handle_request DEBUG    Handling: '01402', header '7E0', ECU '7E0'
2024-10-07 23:26:19,751  root       handle_request DEBUG    Description: PIDS_C, PID ELM_PIDS_C (01402)
2024-10-07 23:26:19,751  root       handle_response DEBUG    Processing: '<header>7EA</header><size>06</size><data>41 40 44 CC 00 21</data><pos_answer>7A 1C 80 00</pos_answer>'
2024-10-07 23:26:19,751  root       handle_response DEBUG    Write: '7EA 06 41 40 44 CC 00 21 \r7E8 06 41 40 7A 1C 80 00 \r\r>'
2024-10-07 23:26:19,752  root       run        DEBUG    Received '01421'
2024-10-07 23:26:19,752  root       handle_request DEBUG    Handling: '01421', header '7E0', ECU '7E0'
2024-10-07 23:26:19,752  root       handle_request DEBUG    Description: Control module voltage, PID CONTROL_MODULE_VOLTAGE (01421)
2024-10-07 23:26:19,752  root       handle_response DEBUG    Processing: '<pos_answer>39 D6</pos_answer>'
2024-10-07 23:26:19,752  root       handle_response DEBUG    Write: '7E8 04 41 42 39 D6 \r\r>'
2024-10-07 23:26:19,753  root       run        DEBUG    Received '01431'
2024-10-07 23:26:19,753  root       handle_request DEBUG    Handling: '01431', header '7E0', ECU '7E0'
2024-10-07 23:26:19,753  root       handle_request INFO     Unknown ELM command: '01431', header=7E0
2024-10-07 23:26:19,754  root       handle_response DEBUG    Processing: '<writeln>?</writeln>'
2024-10-07 23:26:19,754  root       handle_response DEBUG    Write: '?\r\r>'
2024-10-07 23:26:19,754  root       run        DEBUG    Received '01441'
2024-10-07 23:26:19,754  root       handle_request DEBUG    Handling: '01441', header '7E0', ECU '7E0'
2024-10-07 23:26:19,755  root       handle_request INFO     Unknown ELM command: '01441', header=7E0
2024-10-07 23:26:19,755  root       handle_response DEBUG    Processing: '<writeln>?</writeln>'
2024-10-07 23:26:19,755  root       handle_response DEBUG    Write: '?\r\r>'
2024-10-07 23:26:19,755  root       run        DEBUG    Received '01451'
2024-10-07 23:26:19,756  root       handle_request DEBUG    Handling: '01451', header '7E0', ECU '7E0'
2024-10-07 23:26:19,756  root       handle_request INFO     Unknown ELM command: '01451', header=7E0
2024-10-07 23:26:19,756  root       handle_response DEBUG    Processing: '<writeln>?</writeln>'
2024-10-07 23:26:19,757  root       handle_response DEBUG    Write: '?\r\r>'
2024-10-07 23:26:19,757  root       run        DEBUG    Received '01471'
2024-10-07 23:26:19,757  root       handle_request DEBUG    Handling: '01471', header '7E0', ECU '7E0'
2024-10-07 23:26:19,758  root       handle_request INFO     Unknown ELM command: '01471', header=7E0
2024-10-07 23:26:19,758  root       handle_response DEBUG    Processing: '<writeln>?</writeln>'
2024-10-07 23:26:19,758  root       handle_response DEBUG    Write: '?\r\r>'
2024-10-07 23:26:19,758  root       run        DEBUG    Received '014C1'
2024-10-07 23:26:19,758  root       handle_request DEBUG    Handling: '014C1', header '7E0', ECU '7E0'
2024-10-07 23:26:19,759  root       handle_request DEBUG    Description: Commanded throttle actuator, PID THROTTLE_ACTUATOR (014C1)
2024-10-07 23:26:19,759  root       handle_response DEBUG    Processing: '<pos_answer>00</pos_answer>'
2024-10-07 23:26:19,759  root       handle_response DEBUG    Write: '7E8 03 41 4C 00 \r\r>'
2024-10-07 23:26:19,759  root       run        DEBUG    Received '014D1'
2024-10-07 23:26:19,759  root       handle_request DEBUG    Handling: '014D1', header '7E0', ECU '7E0'
2024-10-07 23:26:19,760  root       handle_request DEBUG    Description: Time run with MIL on, PID RUN_TIME_MIL (014D1)
2024-10-07 23:26:19,760  root       handle_response DEBUG    Processing: '<pos_answer>00 00</pos_answer>'
2024-10-07 23:26:19,760  root       handle_response DEBUG    Write: '7E8 04 41 4D 00 00 \r\r>'
2024-10-07 23:26:19,761  root       run        DEBUG    Received '014E1'
2024-10-07 23:26:19,761  root       handle_request DEBUG    Handling: '014E1', header '7E0', ECU '7E0'
2024-10-07 23:26:19,761  root       handle_request DEBUG    Description: Time since trouble codes cleared, PID TIME_SINCE_DTC_CLEARED (014E1)
2024-10-07 23:26:19,761  root       handle_response DEBUG    Processing: '<pos_answer>4C 69</pos_answer>'
2024-10-07 23:26:19,762  root       handle_response DEBUG    Write: '7E8 04 41 4E 4C 69 \r\r>'
2024-10-07 23:26:19,762  root       run        DEBUG    Received '01511'
2024-10-07 23:26:19,763  root       handle_request DEBUG    Handling: '01511', header '7E0', ECU '7E0'
2024-10-07 23:26:19,763  root       handle_request DEBUG    Description: Fuel Type, PID FUEL_TYPE (01511)
2024-10-07 23:26:19,763  root       handle_response DEBUG    Processing: '<pos_answer>01</pos_answer>'
2024-10-07 23:26:19,763  root       handle_response DEBUG    Write: '7E8 03 41 51 01 \r\r>'
2024-10-07 23:26:21,083  root       run        DEBUG    Received '01011'
2024-10-07 23:26:21,083  root       handle_request DEBUG    Handling: '01011', header '7E0', ECU '7E0'
2024-10-07 23:26:21,085  root       handle_request INFO     Unknown ELM command: '01011', header=7E0
2024-10-07 23:26:21,085  root       handle_response DEBUG    Processing: '<writeln>?</writeln>'
2024-10-07 23:26:21,086  root       handle_response DEBUG    Write: '?\r\r>'
2024-10-07 23:26:21,092  root       run        DEBUG    Received '01031'
2024-10-07 23:26:21,092  root       handle_request DEBUG    Handling: '01031', header '7E0', ECU '7E0'
2024-10-07 23:26:21,092  root       handle_request DEBUG    Description: Fuel System Status, PID FUEL_STATUS (01031)
2024-10-07 23:26:21,092  root       handle_response DEBUG    Processing: '<pos_answer>00 00</pos_answer>'
2024-10-07 23:26:21,092  root       handle_response DEBUG    Write: '7E8 04 41 03 00 00 \r\r>'
2024-10-07 23:26:21,093  root       run        DEBUG    Received '01041'
2024-10-07 23:26:21,093  root       handle_request DEBUG    Handling: '01041', header '7E0', ECU '7E0'
2024-10-07 23:26:21,094  root       handle_request DEBUG    Description: Calculated Engine Load, PID ENGINE_LOAD (01041)
2024-10-07 23:26:21,094  root       handle_response DEBUG    Processing: '<pos_answer>00</pos_answer>'
2024-10-07 23:26:21,094  root       handle_response DEBUG    Write: '7E8 03 41 04 00 \r\r>'
2024-10-07 23:26:21,094  root       run        DEBUG    Received '01051'
2024-10-07 23:26:21,095  root       handle_request DEBUG    Handling: '01051', header '7E0', ECU '7E0'
2024-10-07 23:26:21,095  root       handle_request DEBUG    Description: Engine Coolant Temperature, PID COOLANT_TEMP (01051)
2024-10-07 23:26:21,095  root       handle_response DEBUG    Processing: '<pos_answer>7B</pos_answer>'
2024-10-07 23:26:21,095  root       handle_response DEBUG    Write: '7E8 03 41 05 7B \r\r>'
2024-10-07 23:26:21,095  root       run        DEBUG    Received '01061'
2024-10-07 23:26:21,096  root       handle_request DEBUG    Handling: '01061', header '7E0', ECU '7E0'
2024-10-07 23:26:21,096  root       handle_request INFO     Unknown ELM command: '01061', header=7E0
2024-10-07 23:26:21,096  root       handle_response DEBUG    Processing: '<writeln>?</writeln>'
2024-10-07 23:26:21,096  root       handle_response DEBUG    Write: '?\r\r>'
2024-10-07 23:26:21,097  root       run        DEBUG    Received '01071'
2024-10-07 23:26:21,097  root       handle_request DEBUG    Handling: '01071', header '7E0', ECU '7E0'
2024-10-07 23:26:21,097  root       handle_request INFO     Unknown ELM command: '01071', header=7E0
2024-10-07 23:26:21,098  root       handle_response DEBUG    Processing: '<writeln>?</writeln>'
2024-10-07 23:26:21,098  root       handle_response DEBUG    Write: '?\r\r>'
2024-10-07 23:26:21,098  root       run        DEBUG    Received '010B1'
2024-10-07 23:26:21,098  root       handle_request DEBUG    Handling: '010B1', header '7E0', ECU '7E0'
2024-10-07 23:26:21,099  root       handle_request DEBUG    Description: Intake Manifold Pressure, PID INTAKE_PRESSURE (010B1)
2024-10-07 23:26:21,099  root       handle_response DEBUG    Processing: '<pos_answer>73</pos_answer>'
2024-10-07 23:26:21,099  root       handle_response DEBUG    Write: '7E8 03 41 0B 73 \r\r>'
2024-10-07 23:26:21,100  root       run        DEBUG    Received '010C2'
2024-10-07 23:26:21,101  root       handle_request DEBUG    Handling: '010C2', header '7E0', ECU '7E0'
2024-10-07 23:26:21,101  root       handle_request DEBUG    Description: Engine RPM, PID RPM (010C2)
2024-10-07 23:26:21,101  root       handle_response DEBUG    Processing: '<pos_answer>43 30</pos_answer> <header>7EA</header><size>04</size><data>41 0C 43 30</data>'
2024-10-07 23:26:21,101  root       handle_response DEBUG    Write: '7E8 04 41 0C 43 30 \r7EA 04 41 0C 43 30 \r\r>'
2024-10-07 23:26:21,102  root       run        DEBUG    Received '010D2'
2024-10-07 23:26:21,103  root       handle_request DEBUG    Handling: '010D2', header '7E0', ECU '7E0'
2024-10-07 23:26:21,103  root       handle_request DEBUG    Description: Vehicle Speed, PID SPEED (010D2)
2024-10-07 23:26:21,103  root       handle_response DEBUG    Processing: '<pos_answer>14</pos_answer> <header>7EA</header><size>03</size><data>41 0D 14</data>'
2024-10-07 23:26:21,103  root       handle_response DEBUG    Write: '7E8 03 41 0D 14 \r7EA 03 41 0D 14 \r\r>'
2024-10-07 23:26:21,104  root       run        DEBUG    Received '010E1'
2024-10-07 23:26:21,105  root       handle_request DEBUG    Handling: '010E1', header '7E0', ECU '7E0'
2024-10-07 23:26:21,105  root       handle_request INFO     Unknown ELM command: '010E1', header=7E0
2024-10-07 23:26:21,105  root       handle_response DEBUG    Processing: '<writeln>?</writeln>'
2024-10-07 23:26:21,106  root       handle_response DEBUG    Write: '?\r\r>'
2024-10-07 23:26:21,106  root       run        DEBUG    Received '010F1'
2024-10-07 23:26:21,107  root       handle_request DEBUG    Handling: '010F1', header '7E0', ECU '7E0'
2024-10-07 23:26:21,107  root       handle_request DEBUG    Description: Intake Air Temp, PID INTAKE_TEMP (010F1)
2024-10-07 23:26:21,107  root       handle_response DEBUG    Processing: '<pos_answer>44</pos_answer>'
2024-10-07 23:26:21,107  root       handle_response DEBUG    Write: '7E8 03 41 0F 44 \r\r>'
2024-10-07 23:26:21,108  root       run        DEBUG    Received '01101'
2024-10-07 23:26:21,108  root       handle_request DEBUG    Handling: '01101', header '7E0', ECU '7E0'
2024-10-07 23:26:21,108  root       handle_request DEBUG    Description: Air Flow Rate (MAF), PID MAF (01101)
2024-10-07 23:26:21,109  root       handle_response DEBUG    Processing: '<pos_answer>05 1F</pos_answer>'
2024-10-07 23:26:21,109  root       handle_response DEBUG    Write: '7E8 04 41 10 05 1F \r\r>'
2024-10-07 23:26:21,110  root       run        DEBUG    Received '01111'
2024-10-07 23:26:21,110  root       handle_request DEBUG    Handling: '01111', header '7E0', ECU '7E0'
2024-10-07 23:26:21,110  root       handle_request DEBUG    Description: Throttle Position, PID THROTTLE_POS (01111)
2024-10-07 23:26:21,111  root       handle_response DEBUG    Processing: '<pos_answer>FF</pos_answer>'
2024-10-07 23:26:21,111  root       handle_response DEBUG    Write: '7E8 03 41 11 FF \r\r>'
2024-10-07 23:26:21,112  root       run        DEBUG    Received '01131'
2024-10-07 23:26:21,112  root       handle_request DEBUG    Handling: '01131', header '7E0', ECU '7E0'
2024-10-07 23:26:21,113  root       handle_request INFO     Unknown ELM command: '01131', header=7E0
2024-10-07 23:26:21,113  root       handle_response DEBUG    Processing: '<writeln>?</writeln>'
2024-10-07 23:26:21,113  root       handle_response DEBUG    Write: '?\r\r>'
2024-10-07 23:26:21,114  root       run        DEBUG    Received '01151'
2024-10-07 23:26:21,114  root       handle_request DEBUG    Handling: '01151', header '7E0', ECU '7E0'
2024-10-07 23:26:21,115  root       handle_request INFO     Unknown ELM command: '01151', header=7E0
2024-10-07 23:26:21,115  root       handle_response DEBUG    Processing: '<writeln>?</writeln>'
2024-10-07 23:26:21,115  root       handle_response DEBUG    Write: '?\r\r>'
2024-10-07 23:26:21,116  root       run        DEBUG    Received '011C1'
2024-10-07 23:26:21,116  root       handle_request DEBUG    Handling: '011C1', header '7E0', ECU '7E0'
2024-10-07 23:26:21,116  root       handle_request DEBUG    Description: OBD Standards Compliance, PID OBD_COMPLIANCE (011C1)
2024-10-07 23:26:21,116  root       handle_response DEBUG    Processing: '<pos_answer>06</pos_answer>'
2024-10-07 23:26:21,117  root       handle_response DEBUG    Write: '7E8 03 41 1C 06 \r\r>'
2024-10-07 23:26:21,117  root       run        DEBUG    Received '011F1'
2024-10-07 23:26:21,118  root       handle_request DEBUG    Handling: '011F1', header '7E0', ECU '7E0'
2024-10-07 23:26:21,118  root       handle_request DEBUG    Description: Engine Run Time, PID RUN_TIME (011F1)
2024-10-07 23:26:21,118  root       handle_response DEBUG    Processing: '<pos_answer>00 8C</pos_answer>'
2024-10-07 23:26:21,118  root       handle_response DEBUG    Write: '7E8 04 41 1F 00 8C \r\r>'
2024-10-07 23:26:21,119  root       run        DEBUG    Received '01202'
2024-10-07 23:26:21,119  root       handle_request DEBUG    Handling: '01202', header '7E0', ECU '7E0'
2024-10-07 23:26:21,120  root       handle_request DEBUG    Description: PIDS_B, PID ELM_PIDS_B (01202)
2024-10-07 23:26:21,120  root       handle_response DEBUG    Processing: '<header>7EA</header><size>06</size><data>41 20 80 01 A0 01</data><pos_answer>90 15 B0 15</pos_answer>'
2024-10-07 23:26:21,120  root       handle_response DEBUG    Write: '7EA 06 41 20 80 01 A0 01 \r7E8 06 41 20 90 15 B0 15 \r\r>'
2024-10-07 23:26:21,121  root       run        DEBUG    Received '01211'
2024-10-07 23:26:21,121  root       handle_request DEBUG    Handling: '01211', header '7E0', ECU '7E0'
2024-10-07 23:26:21,121  root       handle_request DEBUG    Description: Distance Traveled with MIL on, PID DISTANCE_W_MIL (01211)
2024-10-07 23:26:21,121  root       handle_response DEBUG    Processing: '<pos_answer>00 00</pos_answer>'
2024-10-07 23:26:21,122  root       handle_response DEBUG    Write: '7E8 04 41 21 00 00 \r\r>'
2024-10-07 23:26:21,122  root       run        DEBUG    Received '01241'
2024-10-07 23:26:21,123  root       handle_request DEBUG    Handling: '01241', header '7E0', ECU '7E0'
2024-10-07 23:26:21,123  root       handle_request INFO     Unknown ELM command: '01241', header=7E0
2024-10-07 23:26:21,123  root       handle_response DEBUG    Processing: '<writeln>?</writeln>'
2024-10-07 23:26:21,124  root       handle_response DEBUG    Write: '?\r\r>'
2024-10-07 23:26:21,124  root       run        DEBUG    Received '012C1'
2024-10-07 23:26:21,125  root       handle_request DEBUG    Handling: '012C1', header '7E0', ECU '7E0'
2024-10-07 23:26:21,125  root       handle_request DEBUG    Description: Commanded EGR, PID COMMANDED_EGR (012C1)
2024-10-07 23:26:21,125  root       handle_response DEBUG    Processing: '<pos_answer>0D</pos_answer>'
2024-10-07 23:26:21,125  root       handle_response DEBUG    Write: '7E8 03 41 2C 0D \r\r>'
2024-10-07 23:26:21,126  root       run        DEBUG    Received '012E1'
2024-10-07 23:26:21,126  root       handle_request DEBUG    Handling: '012E1', header '7E0', ECU '7E0'
2024-10-07 23:26:21,127  root       handle_request INFO     Unknown ELM command: '012E1', header=7E0
2024-10-07 23:26:21,127  root       handle_response DEBUG    Processing: '<writeln>?</writeln>'
2024-10-07 23:26:21,127  root       handle_response DEBUG    Write: '?\r\r>'
2024-10-07 23:26:21,128  root       run        DEBUG    Received '01301'
2024-10-07 23:26:21,128  root       handle_request DEBUG    Handling: '01301', header '7E0', ECU '7E0'
2024-10-07 23:26:21,129  root       handle_request INFO     Unknown ELM command: '01301', header=7E0
2024-10-07 23:26:21,129  root       handle_response DEBUG    Processing: '<writeln>?</writeln>'
2024-10-07 23:26:21,129  root       handle_response DEBUG    Write: '?\r\r>'
2024-10-07 23:26:21,130  root       run        DEBUG    Received '01311'
2024-10-07 23:26:21,130  root       handle_request DEBUG    Handling: '01311', header '7E0', ECU '7E0'
2024-10-07 23:26:21,131  root       handle_request DEBUG    Description: Distance traveled since codes cleared, PID DISTANCE_SINCE_DTC_CLEAR (01311)
2024-10-07 23:26:21,131  root       handle_response DEBUG    Processing: '<pos_answer>C8 1F</pos_answer>'
2024-10-07 23:26:21,131  root       handle_response DEBUG    Write: '7E8 04 41 31 C8 1F \r\r>'
2024-10-07 23:26:21,132  root       run        DEBUG    Received '01331'
2024-10-07 23:26:21,132  root       handle_request DEBUG    Handling: '01331', header '7E0', ECU '7E0'
2024-10-07 23:26:21,132  root       handle_request DEBUG    Description: Barometric Pressure, PID BAROMETRIC_PRESSURE (01331)
2024-10-07 23:26:21,132  root       handle_response DEBUG    Processing: '<pos_answer>65</pos_answer>'
2024-10-07 23:26:21,133  root       handle_response DEBUG    Write: '7E8 03 41 33 65 \r\r>'
2024-10-07 23:26:21,134  root       run        DEBUG    Received '01341'
2024-10-07 23:26:21,134  root       handle_request DEBUG    Handling: '01341', header '7E0', ECU '7E0'
2024-10-07 23:26:21,134  root       handle_request INFO     Unknown ELM command: '01341', header=7E0
2024-10-07 23:26:21,135  root       handle_response DEBUG    Processing: '<writeln>?</writeln>'
2024-10-07 23:26:21,135  root       handle_response DEBUG    Write: '?\r\r>'
2024-10-07 23:26:21,136  root       run        DEBUG    Received '013C1'
2024-10-07 23:26:21,136  root       handle_request DEBUG    Handling: '013C1', header '7E0', ECU '7E0'
2024-10-07 23:26:21,136  root       handle_request DEBUG    Description: Catalyst Temperature: Bank 1 - Sensor 1, PID CATALYST_TEMP_B1S1 (013C1)
2024-10-07 23:26:21,136  root       handle_response DEBUG    Processing: '<pos_answer>04 44</pos_answer>'
2024-10-07 23:26:21,137  root       handle_response DEBUG    Write: '7E8 04 41 3C 04 44 \r\r>'
2024-10-07 23:26:21,139  root       run        DEBUG    Received '013E1'
2024-10-07 23:26:21,139  root       handle_request DEBUG    Handling: '013E1', header '7E0', ECU '7E0'
2024-10-07 23:26:21,140  root       handle_request INFO     Unknown ELM command: '013E1', header=7E0
2024-10-07 23:26:21,140  root       handle_response DEBUG    Processing: '<writeln>?</writeln>'
2024-10-07 23:26:21,140  root       handle_response DEBUG    Write: '?\r\r>'
2024-10-07 23:26:21,141  root       run        DEBUG    Received '01402'
2024-10-07 23:26:21,141  root       handle_request DEBUG    Handling: '01402', header '7E0', ECU '7E0'
2024-10-07 23:26:21,141  root       handle_request DEBUG    Description: PIDS_C, PID ELM_PIDS_C (01402)
2024-10-07 23:26:21,142  root       handle_response DEBUG    Processing: '<header>7EA</header><size>06</size><data>41 40 44 CC 00 21</data><pos_answer>7A 1C 80 00</pos_answer>'
2024-10-07 23:26:21,142  root       handle_response DEBUG    Write: '7EA 06 41 40 44 CC 00 21 \r7E8 06 41 40 7A 1C 80 00 \r\r>'
2024-10-07 23:26:21,143  root       run        DEBUG    Received '01421'
2024-10-07 23:26:21,143  root       handle_request DEBUG    Handling: '01421', header '7E0', ECU '7E0'
2024-10-07 23:26:21,143  root       handle_request DEBUG    Description: Control module voltage, PID CONTROL_MODULE_VOLTAGE (01421)
2024-10-07 23:26:21,143  root       handle_response DEBUG    Processing: '<pos_answer>39 D6</pos_answer>'
2024-10-07 23:26:21,144  root       handle_response DEBUG    Write: '7E8 04 41 42 39 D6 \r\r>'
2024-10-07 23:26:21,144  root       run        DEBUG    Received '01431'
2024-10-07 23:26:21,145  root       handle_request DEBUG    Handling: '01431', header '7E0', ECU '7E0'
2024-10-07 23:26:21,145  root       handle_request INFO     Unknown ELM command: '01431', header=7E0
2024-10-07 23:26:21,146  root       handle_response DEBUG    Processing: '<writeln>?</writeln>'
2024-10-07 23:26:21,146  root       handle_response DEBUG    Write: '?\r\r>'
2024-10-07 23:26:21,147  root       run        DEBUG    Received '01441'
2024-10-07 23:26:21,147  root       handle_request DEBUG    Handling: '01441', header '7E0', ECU '7E0'
2024-10-07 23:26:21,148  root       handle_request INFO     Unknown ELM command: '01441', header=7E0
2024-10-07 23:26:21,148  root       handle_response DEBUG    Processing: '<writeln>?</writeln>'
2024-10-07 23:26:21,148  root       handle_response DEBUG    Write: '?\r\r>'
2024-10-07 23:26:21,149  root       run        DEBUG    Received '01451'
2024-10-07 23:26:21,149  root       handle_request DEBUG    Handling: '01451', header '7E0', ECU '7E0'
2024-10-07 23:26:21,150  root       handle_request INFO     Unknown ELM command: '01451', header=7E0
2024-10-07 23:26:21,150  root       handle_response DEBUG    Processing: '<writeln>?</writeln>'
2024-10-07 23:26:21,151  root       handle_response DEBUG    Write: '?\r\r>'
2024-10-07 23:26:21,151  root       run        DEBUG    Received '01471'
2024-10-07 23:26:21,152  root       handle_request DEBUG    Handling: '01471', header '7E0', ECU '7E0'
2024-10-07 23:26:21,152  root       handle_request INFO     Unknown ELM command: '01471', header=7E0
2024-10-07 23:26:21,152  root       handle_response DEBUG    Processing: '<writeln>?</writeln>'
2024-10-07 23:26:21,153  root       handle_response DEBUG    Write: '?\r\r>'
2024-10-07 23:26:21,153  root       run        DEBUG    Received '014C1'
2024-10-07 23:26:21,154  root       handle_request DEBUG    Handling: '014C1', header '7E0', ECU '7E0'
2024-10-07 23:26:21,154  root       handle_request DEBUG    Description: Commanded throttle actuator, PID THROTTLE_ACTUATOR (014C1)
2024-10-07 23:26:21,154  root       handle_response DEBUG    Processing: '<pos_answer>00</pos_answer>'
2024-10-07 23:26:21,154  root       handle_response DEBUG    Write: '7E8 03 41 4C 00 \r\r>'
2024-10-07 23:26:21,155  root       run        DEBUG    Received '014D1'
2024-10-07 23:26:21,155  root       handle_request DEBUG    Handling: '014D1', header '7E0', ECU '7E0'
2024-10-07 23:26:21,156  root       handle_request DEBUG    Description: Time run with MIL on, PID RUN_TIME_MIL (014D1)
2024-10-07 23:26:21,156  root       handle_response DEBUG    Processing: '<pos_answer>00 00</pos_answer>'
2024-10-07 23:26:21,156  root       handle_response DEBUG    Write: '7E8 04 41 4D 00 00 \r\r>'
2024-10-07 23:26:21,157  root       run        DEBUG    Received '014E1'
2024-10-07 23:26:21,157  root       handle_request DEBUG    Handling: '014E1', header '7E0', ECU '7E0'
2024-10-07 23:26:21,157  root       handle_request DEBUG    Description: Time since trouble codes cleared, PID TIME_SINCE_DTC_CLEARED (014E1)
2024-10-07 23:26:21,157  root       handle_response DEBUG    Processing: '<pos_answer>4C 69</pos_answer>'
2024-10-07 23:26:21,158  root       handle_response DEBUG    Write: '7E8 04 41 4E 4C 69 \r\r>'
2024-10-07 23:26:21,158  root       run        DEBUG    Received '01511'
2024-10-07 23:26:21,158  root       handle_request DEBUG    Handling: '01511', header '7E0', ECU '7E0'
2024-10-07 23:26:21,159  root       handle_request DEBUG    Description: Fuel Type, PID FUEL_TYPE (01511)
2024-10-07 23:26:21,159  root       handle_response DEBUG    Processing: '<pos_answer>01</pos_answer>'
2024-10-07 23:26:21,159  root       handle_response DEBUG    Write: '7E8 03 41 51 01 \r\r>'
2024-10-07 23:26:21,410  root       run        DEBUG    Received '01011'
2024-10-07 23:26:21,410  root       handle_request DEBUG    Handling: '01011', header '7E0', ECU '7E0'
2024-10-07 23:26:21,412  root       handle_request INFO     Unknown ELM command: '01011', header=7E0
2024-10-07 23:26:21,412  root       handle_response DEBUG    Processing: '<writeln>?</writeln>'
2024-10-07 23:26:21,413  root       handle_response DEBUG    Write: '?\r\r>'
2024-10-07 23:26:21,419  root       run        DEBUG    Received '01031'
2024-10-07 23:26:21,420  root       handle_request DEBUG    Handling: '01031', header '7E0', ECU '7E0'
2024-10-07 23:26:21,420  root       handle_request DEBUG    Description: Fuel System Status, PID FUEL_STATUS (01031)
2024-10-07 23:26:21,421  root       handle_response DEBUG    Processing: '<pos_answer>00 00</pos_answer>'
2024-10-07 23:26:21,421  root       handle_response DEBUG    Write: '7E8 04 41 03 00 00 \r\r>'
2024-10-07 23:26:21,423  root       run        DEBUG    Received '01041'
2024-10-07 23:26:21,423  root       handle_request DEBUG    Handling: '01041', header '7E0', ECU '7E0'
2024-10-07 23:26:21,424  root       handle_request DEBUG    Description: Calculated Engine Load, PID ENGINE_LOAD (01041)
2024-10-07 23:26:21,424  root       handle_response DEBUG    Processing: '<pos_answer>00</pos_answer>'
2024-10-07 23:26:21,425  root       handle_response DEBUG    Write: '7E8 03 41 04 00 \r\r>'
2024-10-07 23:26:21,426  root       run        DEBUG    Received '01051'
2024-10-07 23:26:21,427  root       handle_request DEBUG    Handling: '01051', header '7E0', ECU '7E0'
2024-10-07 23:26:21,427  root       handle_request DEBUG    Description: Engine Coolant Temperature, PID COOLANT_TEMP (01051)
2024-10-07 23:26:21,428  root       handle_response DEBUG    Processing: '<pos_answer>7B</pos_answer>'
2024-10-07 23:26:21,428  root       handle_response DEBUG    Write: '7E8 03 41 05 7B \r\r>'
2024-10-07 23:26:21,430  root       run        DEBUG    Received '01061'
2024-10-07 23:26:21,430  root       handle_request DEBUG    Handling: '01061', header '7E0', ECU '7E0'
2024-10-07 23:26:21,432  root       handle_request INFO     Unknown ELM command: '01061', header=7E0
2024-10-07 23:26:21,432  root       handle_response DEBUG    Processing: '<writeln>?</writeln>'
2024-10-07 23:26:21,433  root       handle_response DEBUG    Write: '?\r\r>'
2024-10-07 23:26:21,434  root       run        DEBUG    Received '01071'
2024-10-07 23:26:21,435  root       handle_request DEBUG    Handling: '01071', header '7E0', ECU '7E0'
2024-10-07 23:26:21,436  root       handle_request INFO     Unknown ELM command: '01071', header=7E0
2024-10-07 23:26:21,437  root       handle_response DEBUG    Processing: '<writeln>?</writeln>'
2024-10-07 23:26:21,437  root       handle_response DEBUG    Write: '?\r\r>'
2024-10-07 23:26:21,439  root       run        DEBUG    Received '010B1'
2024-10-07 23:26:21,439  root       handle_request DEBUG    Handling: '010B1', header '7E0', ECU '7E0'
2024-10-07 23:26:21,440  root       handle_request DEBUG    Description: Intake Manifold Pressure, PID INTAKE_PRESSURE (010B1)
2024-10-07 23:26:21,440  root       handle_response DEBUG    Processing: '<pos_answer>73</pos_answer>'
2024-10-07 23:26:21,441  root       handle_response DEBUG    Write: '7E8 03 41 0B 73 \r\r>'
2024-10-07 23:26:21,443  root       run        DEBUG    Received '010C2'
2024-10-07 23:26:21,443  root       handle_request DEBUG    Handling: '010C2', header '7E0', ECU '7E0'
2024-10-07 23:26:21,444  root       handle_request DEBUG    Description: Engine RPM, PID RPM (010C2)
2024-10-07 23:26:21,444  root       handle_response DEBUG    Processing: '<pos_answer>43 80</pos_answer> <header>7EA</header><size>04</size><data>41 0C 43 80</data>'
2024-10-07 23:26:21,445  root       handle_response DEBUG    Write: '7E8 04 41 0C 43 80 \r7EA 04 41 0C 43 80 \r\r>'
2024-10-07 23:26:21,446  root       run        DEBUG    Received '010D2'
2024-10-07 23:26:21,447  root       handle_request DEBUG    Handling: '010D2', header '7E0', ECU '7E0'
2024-10-07 23:26:21,447  root       handle_request DEBUG    Description: Vehicle Speed, PID SPEED (010D2)
2024-10-07 23:26:21,448  root       handle_response DEBUG    Processing: '<pos_answer>18</pos_answer> <header>7EA</header><size>03</size><data>41 0D 18</data>'
2024-10-07 23:26:21,448  root       handle_response DEBUG    Write: '7E8 03 41 0D 18 \r7EA 03 41 0D 18 \r\r>'
2024-10-07 23:26:21,450  root       run        DEBUG    Received '010E1'
2024-10-07 23:26:21,451  root       handle_request DEBUG    Handling: '010E1', header '7E0', ECU '7E0'
2024-10-07 23:26:21,452  root       handle_request INFO     Unknown ELM command: '010E1', header=7E0
2024-10-07 23:26:21,452  root       handle_response DEBUG    Processing: '<writeln>?</writeln>'
2024-10-07 23:26:21,453  root       handle_response DEBUG    Write: '?\r\r>'
2024-10-07 23:26:21,454  root       run        DEBUG    Received '010F1'
2024-10-07 23:26:21,455  root       handle_request DEBUG    Handling: '010F1', header '7E0', ECU '7E0'
2024-10-07 23:26:21,455  root       handle_request DEBUG    Description: Intake Air Temp, PID INTAKE_TEMP (010F1)
2024-10-07 23:26:21,456  root       handle_response DEBUG    Processing: '<pos_answer>44</pos_answer>'
2024-10-07 23:26:21,456  root       handle_response DEBUG    Write: '7E8 03 41 0F 44 \r\r>'
2024-10-07 23:26:21,458  root       run        DEBUG    Received '01101'
2024-10-07 23:26:21,459  root       handle_request DEBUG    Handling: '01101', header '7E0', ECU '7E0'
2024-10-07 23:26:21,459  root       handle_request DEBUG    Description: Air Flow Rate (MAF), PID MAF (01101)
2024-10-07 23:26:21,459  root       handle_response DEBUG    Processing: '<pos_answer>05 1F</pos_answer>'
2024-10-07 23:26:21,460  root       handle_response DEBUG    Write: '7E8 04 41 10 05 1F \r\r>'
2024-10-07 23:26:21,462  root       run        DEBUG    Received '01111'
2024-10-07 23:26:21,463  root       handle_request DEBUG    Handling: '01111', header '7E0', ECU '7E0'
2024-10-07 23:26:21,463  root       handle_request DEBUG    Description: Throttle Position, PID THROTTLE_POS (01111)
2024-10-07 23:26:21,463  root       handle_response DEBUG    Processing: '<pos_answer>FF</pos_answer>'
2024-10-07 23:26:21,464  root       handle_response DEBUG    Write: '7E8 03 41 11 FF \r\r>'
2024-10-07 23:26:21,466  root       run        DEBUG    Received '01131'
2024-10-07 23:26:21,466  root       handle_request DEBUG    Handling: '01131', header '7E0', ECU '7E0'
2024-10-07 23:26:21,467  root       handle_request INFO     Unknown ELM command: '01131', header=7E0
2024-10-07 23:26:21,468  root       handle_response DEBUG    Processing: '<writeln>?</writeln>'
2024-10-07 23:26:21,468  root       handle_response DEBUG    Write: '?\r\r>'
2024-10-07 23:26:21,469  root       run        DEBUG    Received '01151'
2024-10-07 23:26:21,470  root       handle_request DEBUG    Handling: '01151', header '7E0', ECU '7E0'
2024-10-07 23:26:21,471  root       handle_request INFO     Unknown ELM command: '01151', header=7E0
2024-10-07 23:26:21,471  root       handle_response DEBUG    Processing: '<writeln>?</writeln>'
2024-10-07 23:26:21,472  root       handle_response DEBUG    Write: '?\r\r>'
2024-10-07 23:26:21,473  root       run        DEBUG    Received '011C1'
2024-10-07 23:26:21,473  root       handle_request DEBUG    Handling: '011C1', header '7E0', ECU '7E0'
2024-10-07 23:26:21,474  root       handle_request DEBUG    Description: OBD Standards Compliance, PID OBD_COMPLIANCE (011C1)
2024-10-07 23:26:21,474  root       handle_response DEBUG    Processing: '<pos_answer>06</pos_answer>'
2024-10-07 23:26:21,475  root       handle_response DEBUG    Write: '7E8 03 41 1C 06 \r\r>'
2024-10-07 23:26:21,477  root       run        DEBUG    Received '011F1'
2024-10-07 23:26:21,477  root       handle_request DEBUG    Handling: '011F1', header '7E0', ECU '7E0'
2024-10-07 23:26:21,478  root       handle_request DEBUG    Description: Engine Run Time, PID RUN_TIME (011F1)
2024-10-07 23:26:21,478  root       handle_response DEBUG    Processing: '<pos_answer>00 8C</pos_answer>'
2024-10-07 23:26:21,479  root       handle_response DEBUG    Write: '7E8 04 41 1F 00 8C \r\r>'
2024-10-07 23:26:21,480  root       run        DEBUG    Received '01202'
2024-10-07 23:26:21,481  root       handle_request DEBUG    Handling: '01202', header '7E0', ECU '7E0'
2024-10-07 23:26:21,481  root       handle_request DEBUG    Description: PIDS_B, PID ELM_PIDS_B (01202)
2024-10-07 23:26:21,482  root       handle_response DEBUG    Processing: '<header>7EA</header><size>06</size><data>41 20 80 01 A0 01</data><pos_answer>90 15 B0 15</pos_answer>'
2024-10-07 23:26:21,482  root       handle_response DEBUG    Write: '7EA 06 41 20 80 01 A0 01 \r7E8 06 41 20 90 15 B0 15 \r\r>'
2024-10-07 23:26:21,484  root       run        DEBUG    Received '01211'
2024-10-07 23:26:21,484  root       handle_request DEBUG    Handling: '01211', header '7E0', ECU '7E0'
2024-10-07 23:26:21,485  root       handle_request DEBUG    Description: Distance Traveled with MIL on, PID DISTANCE_W_MIL (01211)
2024-10-07 23:26:21,485  root       handle_response DEBUG    Processing: '<pos_answer>00 00</pos_answer>'
2024-10-07 23:26:21,486  root       handle_response DEBUG    Write: '7E8 04 41 21 00 00 \r\r>'
2024-10-07 23:26:21,487  root       run        DEBUG    Received '01241'
2024-10-07 23:26:21,487  root       handle_request DEBUG    Handling: '01241', header '7E0', ECU '7E0'
2024-10-07 23:26:21,488  root       handle_request INFO     Unknown ELM command: '01241', header=7E0
2024-10-07 23:26:21,489  root       handle_response DEBUG    Processing: '<writeln>?</writeln>'
2024-10-07 23:26:21,489  root       handle_response DEBUG    Write: '?\r\r>'
2024-10-07 23:26:21,491  root       run        DEBUG    Received '012C1'
2024-10-07 23:26:21,491  root       handle_request DEBUG    Handling: '012C1', header '7E0', ECU '7E0'
2024-10-07 23:26:21,492  root       handle_request DEBUG    Description: Commanded EGR, PID COMMANDED_EGR (012C1)
2024-10-07 23:26:21,492  root       handle_response DEBUG    Processing: '<pos_answer>0D</pos_answer>'
2024-10-07 23:26:21,493  root       handle_response DEBUG    Write: '7E8 03 41 2C 0D \r\r>'
2024-10-07 23:26:21,495  root       run        DEBUG    Received '012E1'
2024-10-07 23:26:21,495  root       handle_request DEBUG    Handling: '012E1', header '7E0', ECU '7E0'
2024-10-07 23:26:21,497  root       handle_request INFO     Unknown ELM command: '012E1', header=7E0
2024-10-07 23:26:21,497  root       handle_response DEBUG    Processing: '<writeln>?</writeln>'
2024-10-07 23:26:21,498  root       handle_response DEBUG    Write: '?\r\r>'
2024-10-07 23:26:21,500  root       run        DEBUG    Received '01301'
2024-10-07 23:26:21,500  root       handle_request DEBUG    Handling: '01301', header '7E0', ECU '7E0'
2024-10-07 23:26:21,501  root       handle_request INFO     Unknown ELM command: '01301', header=7E0
2024-10-07 23:26:21,501  root       handle_response DEBUG    Processing: '<writeln>?</writeln>'
2024-10-07 23:26:21,501  root       handle_response DEBUG    Write: '?\r\r>'
2024-10-07 23:26:21,502  root       run        DEBUG    Received '01311'
2024-10-07 23:26:21,502  root       handle_request DEBUG    Handling: '01311', header '7E0', ECU '7E0'
2024-10-07 23:26:21,503  root       handle_request DEBUG    Description: Distance traveled since codes cleared, PID DISTANCE_SINCE_DTC_CLEAR (01311)
2024-10-07 23:26:21,503  root       handle_response DEBUG    Processing: '<pos_answer>C8 1F</pos_answer>'
2024-10-07 23:26:21,503  root       handle_response DEBUG    Write: '7E8 04 41 31 C8 1F \r\r>'
2024-10-07 23:26:21,504  root       run        DEBUG    Received '01331'
2024-10-07 23:26:21,504  root       handle_request DEBUG    Handling: '01331', header '7E0', ECU '7E0'
2024-10-07 23:26:21,505  root       handle_request DEBUG    Description: Barometric Pressure, PID BAROMETRIC_PRESSURE (01331)
2024-10-07 23:26:21,505  root       handle_response DEBUG    Processing: '<pos_answer>65</pos_answer>'
2024-10-07 23:26:21,505  root       handle_response DEBUG    Write: '7E8 03 41 33 65 \r\r>'
2024-10-07 23:26:21,506  root       run        DEBUG    Received '01341'
2024-10-07 23:26:21,506  root       handle_request DEBUG    Handling: '01341', header '7E0', ECU '7E0'
2024-10-07 23:26:21,507  root       handle_request INFO     Unknown ELM command: '01341', header=7E0
2024-10-07 23:26:21,507  root       handle_response DEBUG    Processing: '<writeln>?</writeln>'
2024-10-07 23:26:21,507  root       handle_response DEBUG    Write: '?\r\r>'
2024-10-07 23:26:21,508  root       run        DEBUG    Received '013C1'
2024-10-07 23:26:21,508  root       handle_request DEBUG    Handling: '013C1', header '7E0', ECU '7E0'
2024-10-07 23:26:21,508  root       handle_request DEBUG    Description: Catalyst Temperature: Bank 1 - Sensor 1, PID CATALYST_TEMP_B1S1 (013C1)
2024-10-07 23:26:21,508  root       handle_response DEBUG    Processing: '<pos_answer>04 44</pos_answer>'
2024-10-07 23:26:21,508  root       handle_response DEBUG    Write: '7E8 04 41 3C 04 44 \r\r>'
2024-10-07 23:26:21,511  root       run        DEBUG    Received '013E1'
2024-10-07 23:26:21,511  root       handle_request DEBUG    Handling: '013E1', header '7E0', ECU '7E0'
2024-10-07 23:26:21,512  root       handle_request INFO     Unknown ELM command: '013E1', header=7E0
2024-10-07 23:26:21,512  root       handle_response DEBUG    Processing: '<writeln>?</writeln>'
2024-10-07 23:26:21,512  root       handle_response DEBUG    Write: '?\r\r>'
2024-10-07 23:26:21,513  root       run        DEBUG    Received '01402'
2024-10-07 23:26:21,513  root       handle_request DEBUG    Handling: '01402', header '7E0', ECU '7E0'
2024-10-07 23:26:21,513  root       handle_request DEBUG    Description: PIDS_C, PID ELM_PIDS_C (01402)
2024-10-07 23:26:21,514  root       handle_response DEBUG    Processing: '<header>7EA</header><size>06</size><data>41 40 44 CC 00 21</data><pos_answer>7A 1C 80 00</pos_answer>'
2024-10-07 23:26:21,514  root       handle_response DEBUG    Write: '7EA 06 41 40 44 CC 00 21 \r7E8 06 41 40 7A 1C 80 00 \r\r>'
2024-10-07 23:26:21,515  root       run        DEBUG    Received '01421'
2024-10-07 23:26:21,515  root       handle_request DEBUG    Handling: '01421', header '7E0', ECU '7E0'
2024-10-07 23:26:21,515  root       handle_request DEBUG    Description: Control module voltage, PID CONTROL_MODULE_VOLTAGE (01421)
2024-10-07 23:26:21,515  root       handle_response DEBUG    Processing: '<pos_answer>39 D6</pos_answer>'
2024-10-07 23:26:21,515  root       handle_response DEBUG    Write: '7E8 04 41 42 39 D6 \r\r>'
2024-10-07 23:26:21,516  root       run        DEBUG    Received '01431'
2024-10-07 23:26:21,516  root       handle_request DEBUG    Handling: '01431', header '7E0', ECU '7E0'
2024-10-07 23:26:21,517  root       handle_request INFO     Unknown ELM command: '01431', header=7E0
2024-10-07 23:26:21,517  root       handle_response DEBUG    Processing: '<writeln>?</writeln>'
2024-10-07 23:26:21,517  root       handle_response DEBUG    Write: '?\r\r>'
2024-10-07 23:26:21,518  root       run        DEBUG    Received '01441'
2024-10-07 23:26:21,518  root       handle_request DEBUG    Handling: '01441', header '7E0', ECU '7E0'
2024-10-07 23:26:21,519  root       handle_request INFO     Unknown ELM command: '01441', header=7E0
2024-10-07 23:26:21,520  root       handle_response DEBUG    Processing: '<writeln>?</writeln>'
2024-10-07 23:26:21,520  root       handle_response DEBUG    Write: '?\r\r>'
2024-10-07 23:26:21,520  root       run        DEBUG    Received '01451'
2024-10-07 23:26:21,521  root       handle_request DEBUG    Handling: '01451', header '7E0', ECU '7E0'
2024-10-07 23:26:21,521  root       handle_request INFO     Unknown ELM command: '01451', header=7E0
2024-10-07 23:26:21,521  root       handle_response DEBUG    Processing: '<writeln>?</writeln>'
2024-10-07 23:26:21,522  root       handle_response DEBUG    Write: '?\r\r>'
2024-10-07 23:26:21,522  root       run        DEBUG    Received '01471'
2024-10-07 23:26:21,522  root       handle_request DEBUG    Handling: '01471', header '7E0', ECU '7E0'
2024-10-07 23:26:21,523  root       handle_request INFO     Unknown ELM command: '01471', header=7E0
2024-10-07 23:26:21,523  root       handle_response DEBUG    Processing: '<writeln>?</writeln>'
2024-10-07 23:26:21,523  root       handle_response DEBUG    Write: '?\r\r>'
2024-10-07 23:26:21,524  root       run        DEBUG    Received '014C1'
2024-10-07 23:26:21,524  root       handle_request DEBUG    Handling: '014C1', header '7E0', ECU '7E0'
2024-10-07 23:26:21,524  root       handle_request DEBUG    Description: Commanded throttle actuator, PID THROTTLE_ACTUATOR (014C1)
2024-10-07 23:26:21,524  root       handle_response DEBUG    Processing: '<pos_answer>00</pos_answer>'
2024-10-07 23:26:21,525  root       handle_response DEBUG    Write: '7E8 03 41 4C 00 \r\r>'
2024-10-07 23:26:21,526  root       run        DEBUG    Received '014D1'
2024-10-07 23:26:21,526  root       handle_request DEBUG    Handling: '014D1', header '7E0', ECU '7E0'
2024-10-07 23:26:21,526  root       handle_request DEBUG    Description: Time run with MIL on, PID RUN_TIME_MIL (014D1)
2024-10-07 23:26:21,526  root       handle_response DEBUG    Processing: '<pos_answer>00 00</pos_answer>'
2024-10-07 23:26:21,527  root       handle_response DEBUG    Write: '7E8 04 41 4D 00 00 \r\r>'
2024-10-07 23:26:21,528  root       run        DEBUG    Received '014E1'
2024-10-07 23:26:21,528  root       handle_request DEBUG    Handling: '014E1', header '7E0', ECU '7E0'
2024-10-07 23:26:21,529  root       handle_request DEBUG    Description: Time since trouble codes cleared, PID TIME_SINCE_DTC_CLEARED (014E1)
2024-10-07 23:26:21,529  root       handle_response DEBUG    Processing: '<pos_answer>4C 69</pos_answer>'
2024-10-07 23:26:21,529  root       handle_response DEBUG    Write: '7E8 04 41 4E 4C 69 \r\r>'
2024-10-07 23:26:21,530  root       run        DEBUG    Received '01511'
2024-10-07 23:26:21,530  root       handle_request DEBUG    Handling: '01511', header '7E0', ECU '7E0'
2024-10-07 23:26:21,530  root       handle_request DEBUG    Description: Fuel Type, PID FUEL_TYPE (01511)
2024-10-07 23:26:21,530  root       handle_response DEBUG    Processing: '<pos_answer>01</pos_answer>'
2024-10-07 23:26:21,531  root       handle_response DEBUG    Write: '7E8 03 41 51 01 \r\r>'
2024-10-07 23:26:22,860  root       run        DEBUG    Received '01011'
2024-10-07 23:26:22,860  root       handle_request DEBUG    Handling: '01011', header '7E0', ECU '7E0'
2024-10-07 23:26:22,862  root       handle_request INFO     Unknown ELM command: '01011', header=7E0
2024-10-07 23:26:22,862  root       handle_response DEBUG    Processing: '<writeln>?</writeln>'
2024-10-07 23:26:22,862  root       handle_response DEBUG    Write: '?\r\r>'
2024-10-07 23:26:22,869  root       run        DEBUG    Received '01031'
2024-10-07 23:26:22,870  root       handle_request DEBUG    Handling: '01031', header '7E0', ECU '7E0'
2024-10-07 23:26:22,870  root       handle_request DEBUG    Description: Fuel System Status, PID FUEL_STATUS (01031)
2024-10-07 23:26:22,870  root       handle_response DEBUG    Processing: '<pos_answer>00 00</pos_answer>'
2024-10-07 23:26:22,871  root       handle_response DEBUG    Write: '7E8 04 41 03 00 00 \r\r>'
2024-10-07 23:26:22,872  root       run        DEBUG    Received '01041'
2024-10-07 23:26:22,873  root       handle_request DEBUG    Handling: '01041', header '7E0', ECU '7E0'
2024-10-07 23:26:22,873  root       handle_request DEBUG    Description: Calculated Engine Load, PID ENGINE_LOAD (01041)
2024-10-07 23:26:22,874  root       handle_response DEBUG    Processing: '<pos_answer>00</pos_answer>'
2024-10-07 23:26:22,874  root       handle_response DEBUG    Write: '7E8 03 41 04 00 \r\r>'
2024-10-07 23:26:22,876  root       run        DEBUG    Received '01051'
2024-10-07 23:26:22,877  root       handle_request DEBUG    Handling: '01051', header '7E0', ECU '7E0'
2024-10-07 23:26:22,877  root       handle_request DEBUG    Description: Engine Coolant Temperature, PID COOLANT_TEMP (01051)
2024-10-07 23:26:22,878  root       handle_response DEBUG    Processing: '<pos_answer>7B</pos_answer>'
2024-10-07 23:26:22,879  root       handle_response DEBUG    Write: '7E8 03 41 05 7B \r\r>'
2024-10-07 23:26:22,881  root       run        DEBUG    Received '01061'
2024-10-07 23:26:22,881  root       handle_request DEBUG    Handling: '01061', header '7E0', ECU '7E0'
2024-10-07 23:26:22,883  root       handle_request INFO     Unknown ELM command: '01061', header=7E0
2024-10-07 23:26:22,883  root       handle_response DEBUG    Processing: '<writeln>?</writeln>'
2024-10-07 23:26:22,884  root       handle_response DEBUG    Write: '?\r\r>'
2024-10-07 23:26:22,885  root       run        DEBUG    Received '01071'
2024-10-07 23:26:22,886  root       handle_request DEBUG    Handling: '01071', header '7E0', ECU '7E0'
2024-10-07 23:26:22,887  root       handle_request INFO     Unknown ELM command: '01071', header=7E0
2024-10-07 23:26:22,888  root       handle_response DEBUG    Processing: '<writeln>?</writeln>'
2024-10-07 23:26:22,888  root       handle_response DEBUG    Write: '?\r\r>'
2024-10-07 23:26:22,889  root       run        DEBUG    Received '010B1'
2024-10-07 23:26:22,890  root       handle_request DEBUG    Handling: '010B1', header '7E0', ECU '7E0'
2024-10-07 23:26:22,890  root       handle_request DEBUG    Description: Intake Manifold Pressure, PID INTAKE_PRESSURE (010B1)
2024-10-07 23:26:22,890  root       handle_response DEBUG    Processing: '<pos_answer>73</pos_answer>'
2024-10-07 23:26:22,891  root       handle_response DEBUG    Write: '7E8 03 41 0B 73 \r\r>'
2024-10-07 23:26:22,892  root       run        DEBUG    Received '010C2'
2024-10-07 23:26:22,892  root       handle_request DEBUG    Handling: '010C2', header '7E0', ECU '7E0'
2024-10-07 23:26:22,893  root       handle_request DEBUG    Description: Engine RPM, PID RPM (010C2)
2024-10-07 23:26:22,893  root       handle_response DEBUG    Processing: '<pos_answer>43 D0</pos_answer> <header>7EA</header><size>04</size><data>41 0C 43 D0</data>'
2024-10-07 23:26:22,893  root       handle_response DEBUG    Write: '7E8 04 41 0C 43 D0 \r7EA 04 41 0C 43 D0 \r\r>'
2024-10-07 23:26:22,894  root       run        DEBUG    Received '010D2'
2024-10-07 23:26:22,895  root       handle_request DEBUG    Handling: '010D2', header '7E0', ECU '7E0'
2024-10-07 23:26:22,895  root       handle_request DEBUG    Description: Vehicle Speed, PID SPEED (010D2)
2024-10-07 23:26:22,895  root       handle_response DEBUG    Processing: '<pos_answer>1C</pos_answer> <header>7EA</header><size>03</size><data>41 0D 1C</data>'
2024-10-07 23:26:22,896  root       handle_response DEBUG    Write: '7E8 03 41 0D 1C \r7EA 03 41 0D 1C \r\r>'
2024-10-07 23:26:22,896  root       run        DEBUG    Received '010E1'
2024-10-07 23:26:22,897  root       handle_request DEBUG    Handling: '010E1', header '7E0', ECU '7E0'
2024-10-07 23:26:22,897  root       handle_request INFO     Unknown ELM command: '010E1', header=7E0
2024-10-07 23:26:22,898  root       handle_response DEBUG    Processing: '<writeln>?</writeln>'
2024-10-07 23:26:22,898  root       handle_response DEBUG    Write: '?\r\r>'
2024-10-07 23:26:22,898  root       run        DEBUG    Received '010F1'
2024-10-07 23:26:22,899  root       handle_request DEBUG    Handling: '010F1', header '7E0', ECU '7E0'
2024-10-07 23:26:22,899  root       handle_request DEBUG    Description: Intake Air Temp, PID INTAKE_TEMP (010F1)
2024-10-07 23:26:22,899  root       handle_response DEBUG    Processing: '<pos_answer>44</pos_answer>'
2024-10-07 23:26:22,899  root       handle_response DEBUG    Write: '7E8 03 41 0F 44 \r\r>'
2024-10-07 23:26:22,900  root       run        DEBUG    Received '01101'
2024-10-07 23:26:22,900  root       handle_request DEBUG    Handling: '01101', header '7E0', ECU '7E0'
2024-10-07 23:26:22,901  root       handle_request DEBUG    Description: Air Flow Rate (MAF), PID MAF (01101)
2024-10-07 23:26:22,901  root       handle_response DEBUG    Processing: '<pos_answer>05 1F</pos_answer>'
2024-10-07 23:26:22,901  root       handle_response DEBUG    Write: '7E8 04 41 10 05 1F \r\r>'
2024-10-07 23:26:22,902  root       run        DEBUG    Received '01111'
2024-10-07 23:26:22,902  root       handle_request DEBUG    Handling: '01111', header '7E0', ECU '7E0'
2024-10-07 23:26:22,902  root       handle_request DEBUG    Description: Throttle Position, PID THROTTLE_POS (01111)
2024-10-07 23:26:22,903  root       handle_response DEBUG    Processing: '<pos_answer>FF</pos_answer>'
2024-10-07 23:26:22,903  root       handle_response DEBUG    Write: '7E8 03 41 11 FF \r\r>'
2024-10-07 23:26:22,904  root       run        DEBUG    Received '01131'
2024-10-07 23:26:22,904  root       handle_request DEBUG    Handling: '01131', header '7E0', ECU '7E0'
2024-10-07 23:26:22,904  root       handle_request INFO     Unknown ELM command: '01131', header=7E0
2024-10-07 23:26:22,905  root       handle_response DEBUG    Processing: '<writeln>?</writeln>'
2024-10-07 23:26:22,905  root       handle_response DEBUG    Write: '?\r\r>'
2024-10-07 23:26:22,906  root       run        DEBUG    Received '01151'
2024-10-07 23:26:22,906  root       handle_request DEBUG    Handling: '01151', header '7E0', ECU '7E0'
2024-10-07 23:26:22,906  root       handle_request INFO     Unknown ELM command: '01151', header=7E0
2024-10-07 23:26:22,907  root       handle_response DEBUG    Processing: '<writeln>?</writeln>'
2024-10-07 23:26:22,907  root       handle_response DEBUG    Write: '?\r\r>'
2024-10-07 23:26:22,908  root       run        DEBUG    Received '011C1'
2024-10-07 23:26:22,908  root       handle_request DEBUG    Handling: '011C1', header '7E0', ECU '7E0'
2024-10-07 23:26:22,908  root       handle_request DEBUG    Description: OBD Standards Compliance, PID OBD_COMPLIANCE (011C1)
2024-10-07 23:26:22,908  root       handle_response DEBUG    Processing: '<pos_answer>06</pos_answer>'
2024-10-07 23:26:22,909  root       handle_response DEBUG    Write: '7E8 03 41 1C 06 \r\r>'
2024-10-07 23:26:22,909  root       run        DEBUG    Received '011F1'
2024-10-07 23:26:22,909  root       handle_request DEBUG    Handling: '011F1', header '7E0', ECU '7E0'
2024-10-07 23:26:22,910  root       handle_request DEBUG    Description: Engine Run Time, PID RUN_TIME (011F1)
2024-10-07 23:26:22,910  root       handle_response DEBUG    Processing: '<pos_answer>00 8C</pos_answer>'
2024-10-07 23:26:22,910  root       handle_response DEBUG    Write: '7E8 04 41 1F 00 8C \r\r>'
2024-10-07 23:26:22,911  root       run        DEBUG    Received '01202'
2024-10-07 23:26:22,911  root       handle_request DEBUG    Handling: '01202', header '7E0', ECU '7E0'
2024-10-07 23:26:22,911  root       handle_request DEBUG    Description: PIDS_B, PID ELM_PIDS_B (01202)
2024-10-07 23:26:22,912  root       handle_response DEBUG    Processing: '<header>7EA</header><size>06</size><data>41 20 80 01 A0 01</data><pos_answer>90 15 B0 15</pos_answer>'
2024-10-07 23:26:22,912  root       handle_response DEBUG    Write: '7EA 06 41 20 80 01 A0 01 \r7E8 06 41 20 90 15 B0 15 \r\r>'
2024-10-07 23:26:22,913  root       run        DEBUG    Received '01211'
2024-10-07 23:26:22,913  root       handle_request DEBUG    Handling: '01211', header '7E0', ECU '7E0'
2024-10-07 23:26:22,913  root       handle_request DEBUG    Description: Distance Traveled with MIL on, PID DISTANCE_W_MIL (01211)
2024-10-07 23:26:22,913  root       handle_response DEBUG    Processing: '<pos_answer>00 00</pos_answer>'
2024-10-07 23:26:22,914  root       handle_response DEBUG    Write: '7E8 04 41 21 00 00 \r\r>'
2024-10-07 23:26:22,914  root       run        DEBUG    Received '01241'
2024-10-07 23:26:22,915  root       handle_request DEBUG    Handling: '01241', header '7E0', ECU '7E0'
2024-10-07 23:26:22,915  root       handle_request INFO     Unknown ELM command: '01241', header=7E0
2024-10-07 23:26:22,915  root       handle_response DEBUG    Processing: '<writeln>?</writeln>'
2024-10-07 23:26:22,916  root       handle_response DEBUG    Write: '?\r\r>'
2024-10-07 23:26:22,916  root       run        DEBUG    Received '012C1'
2024-10-07 23:26:22,916  root       handle_request DEBUG    Handling: '012C1', header '7E0', ECU '7E0'
2024-10-07 23:26:22,917  root       handle_request DEBUG    Description: Commanded EGR, PID COMMANDED_EGR (012C1)
2024-10-07 23:26:22,917  root       handle_response DEBUG    Processing: '<pos_answer>0D</pos_answer>'
2024-10-07 23:26:22,917  root       handle_response DEBUG    Write: '7E8 03 41 2C 0D \r\r>'
2024-10-07 23:26:22,918  root       run        DEBUG    Received '012E1'
2024-10-07 23:26:22,918  root       handle_request DEBUG    Handling: '012E1', header '7E0', ECU '7E0'
2024-10-07 23:26:22,919  root       handle_request INFO     Unknown ELM command: '012E1', header=7E0
2024-10-07 23:26:22,919  root       handle_response DEBUG    Processing: '<writeln>?</writeln>'
2024-10-07 23:26:22,919  root       handle_response DEBUG    Write: '?\r\r>'
2024-10-07 23:26:22,920  root       run        DEBUG    Received '01301'
2024-10-07 23:26:22,920  root       handle_request DEBUG    Handling: '01301', header '7E0', ECU '7E0'
2024-10-07 23:26:22,921  root       handle_request INFO     Unknown ELM command: '01301', header=7E0
2024-10-07 23:26:22,921  root       handle_response DEBUG    Processing: '<writeln>?</writeln>'
2024-10-07 23:26:22,921  root       handle_response DEBUG    Write: '?\r\r>'
2024-10-07 23:26:22,922  root       run        DEBUG    Received '01311'
2024-10-07 23:26:22,922  root       handle_request DEBUG    Handling: '01311', header '7E0', ECU '7E0'
2024-10-07 23:26:22,923  root       handle_request DEBUG    Description: Distance traveled since codes cleared, PID DISTANCE_SINCE_DTC_CLEAR (01311)
2024-10-07 23:26:22,923  root       handle_response DEBUG    Processing: '<pos_answer>C8 1F</pos_answer>'
2024-10-07 23:26:22,923  root       handle_response DEBUG    Write: '7E8 04 41 31 C8 1F \r\r>'
2024-10-07 23:26:22,924  root       run        DEBUG    Received '01331'
2024-10-07 23:26:22,924  root       handle_request DEBUG    Handling: '01331', header '7E0', ECU '7E0'
2024-10-07 23:26:22,924  root       handle_request DEBUG    Description: Barometric Pressure, PID BAROMETRIC_PRESSURE (01331)
2024-10-07 23:26:22,924  root       handle_response DEBUG    Processing: '<pos_answer>65</pos_answer>'
2024-10-07 23:26:22,925  root       handle_response DEBUG    Write: '7E8 03 41 33 65 \r\r>'
2024-10-07 23:26:22,925  root       run        DEBUG    Received '01341'
2024-10-07 23:26:22,926  root       handle_request DEBUG    Handling: '01341', header '7E0', ECU '7E0'
2024-10-07 23:26:22,926  root       handle_request INFO     Unknown ELM command: '01341', header=7E0
2024-10-07 23:26:22,926  root       handle_response DEBUG    Processing: '<writeln>?</writeln>'
2024-10-07 23:26:22,926  root       handle_response DEBUG    Write: '?\r\r>'
2024-10-07 23:26:22,927  root       run        DEBUG    Received '013C1'
2024-10-07 23:26:22,927  root       handle_request DEBUG    Handling: '013C1', header '7E0', ECU '7E0'
2024-10-07 23:26:22,927  root       handle_request DEBUG    Description: Catalyst Temperature: Bank 1 - Sensor 1, PID CATALYST_TEMP_B1S1 (013C1)
2024-10-07 23:26:22,927  root       handle_response DEBUG    Processing: '<pos_answer>04 44</pos_answer>'
2024-10-07 23:26:22,928  root       handle_response DEBUG    Write: '7E8 04 41 3C 04 44 \r\r>'
2024-10-07 23:26:22,929  root       run        DEBUG    Received '013E1'
2024-10-07 23:26:22,930  root       handle_request DEBUG    Handling: '013E1', header '7E0', ECU '7E0'
2024-10-07 23:26:22,930  root       handle_request INFO     Unknown ELM command: '013E1', header=7E0
2024-10-07 23:26:22,930  root       handle_response DEBUG    Processing: '<writeln>?</writeln>'
2024-10-07 23:26:22,930  root       handle_response DEBUG    Write: '?\r\r>'
2024-10-07 23:26:22,931  root       run        DEBUG    Received '01402'
2024-10-07 23:26:22,931  root       handle_request DEBUG    Handling: '01402', header '7E0', ECU '7E0'
2024-10-07 23:26:22,931  root       handle_request DEBUG    Description: PIDS_C, PID ELM_PIDS_C (01402)
2024-10-07 23:26:22,931  root       handle_response DEBUG    Processing: '<header>7EA</header><size>06</size><data>41 40 44 CC 00 21</data><pos_answer>7A 1C 80 00</pos_answer>'
2024-10-07 23:26:22,931  root       handle_response DEBUG    Write: '7EA 06 41 40 44 CC 00 21 \r7E8 06 41 40 7A 1C 80 00 \r\r>'
2024-10-07 23:26:22,932  root       run        DEBUG    Received '01421'
2024-10-07 23:26:22,932  root       handle_request DEBUG    Handling: '01421', header '7E0', ECU '7E0'
2024-10-07 23:26:22,932  root       handle_request DEBUG    Description: Control module voltage, PID CONTROL_MODULE_VOLTAGE (01421)
2024-10-07 23:26:22,932  root       handle_response DEBUG    Processing: '<pos_answer>39 D6</pos_answer>'
2024-10-07 23:26:22,933  root       handle_response DEBUG    Write: '7E8 04 41 42 39 D6 \r\r>'
2024-10-07 23:26:22,933  root       run        DEBUG    Received '01431'
2024-10-07 23:26:22,933  root       handle_request DEBUG    Handling: '01431', header '7E0', ECU '7E0'
2024-10-07 23:26:22,934  root       handle_request INFO     Unknown ELM command: '01431', header=7E0
2024-10-07 23:26:22,934  root       handle_response DEBUG    Processing: '<writeln>?</writeln>'
2024-10-07 23:26:22,934  root       handle_response DEBUG    Write: '?\r\r>'
2024-10-07 23:26:22,935  root       run        DEBUG    Received '01441'
2024-10-07 23:26:22,935  root       handle_request DEBUG    Handling: '01441', header '7E0', ECU '7E0'
2024-10-07 23:26:22,935  root       handle_request INFO     Unknown ELM command: '01441', header=7E0
2024-10-07 23:26:22,935  root       handle_response DEBUG    Processing: '<writeln>?</writeln>'
2024-10-07 23:26:22,935  root       handle_response DEBUG    Write: '?\r\r>'
2024-10-07 23:26:22,936  root       run        DEBUG    Received '01451'
2024-10-07 23:26:22,936  root       handle_request DEBUG    Handling: '01451', header '7E0', ECU '7E0'
2024-10-07 23:26:22,937  root       handle_request INFO     Unknown ELM command: '01451', header=7E0
2024-10-07 23:26:22,937  root       handle_response DEBUG    Processing: '<writeln>?</writeln>'
2024-10-07 23:26:22,937  root       handle_response DEBUG    Write: '?\r\r>'
2024-10-07 23:26:22,938  root       run        DEBUG    Received '01471'
2024-10-07 23:26:22,938  root       handle_request DEBUG    Handling: '01471', header '7E0', ECU '7E0'
2024-10-07 23:26:22,939  root       handle_request INFO     Unknown ELM command: '01471', header=7E0
2024-10-07 23:26:22,939  root       handle_response DEBUG    Processing: '<writeln>?</writeln>'
2024-10-07 23:26:22,939  root       handle_response DEBUG    Write: '?\r\r>'
2024-10-07 23:26:22,941  root       run        DEBUG    Received '014C1'
2024-10-07 23:26:22,941  root       handle_request DEBUG    Handling: '014C1', header '7E0', ECU '7E0'
2024-10-07 23:26:22,941  root       handle_request DEBUG    Description: Commanded throttle actuator, PID THROTTLE_ACTUATOR (014C1)
2024-10-07 23:26:22,941  root       handle_response DEBUG    Processing: '<pos_answer>00</pos_answer>'
2024-10-07 23:26:22,942  root       handle_response DEBUG    Write: '7E8 03 41 4C 00 \r\r>'
2024-10-07 23:26:22,943  root       run        DEBUG    Received '014D1'
2024-10-07 23:26:22,943  root       handle_request DEBUG    Handling: '014D1', header '7E0', ECU '7E0'
2024-10-07 23:26:22,943  root       handle_request DEBUG    Description: Time run with MIL on, PID RUN_TIME_MIL (014D1)
2024-10-07 23:26:22,943  root       handle_response DEBUG    Processing: '<pos_answer>00 00</pos_answer>'
2024-10-07 23:26:22,943  root       handle_response DEBUG    Write: '7E8 04 41 4D 00 00 \r\r>'
2024-10-07 23:26:22,944  root       run        DEBUG    Received '014E1'
2024-10-07 23:26:22,944  root       handle_request DEBUG    Handling: '014E1', header '7E0', ECU '7E0'
2024-10-07 23:26:22,944  root       handle_request DEBUG    Description: Time since trouble codes cleared, PID TIME_SINCE_DTC_CLEARED (014E1)
2024-10-07 23:26:22,944  root       handle_response DEBUG    Processing: '<pos_answer>4C 69</pos_answer>'
2024-10-07 23:26:22,944  root       handle_response DEBUG    Write: '7E8 04 41 4E 4C 69 \r\r>'
2024-10-07 23:26:22,945  root       run        DEBUG    Received '01511'
2024-10-07 23:26:22,945  root       handle_request DEBUG    Handling: '01511', header '7E0', ECU '7E0'
2024-10-07 23:26:22,945  root       handle_request DEBUG    Description: Fuel Type, PID FUEL_TYPE (01511)
2024-10-07 23:26:22,946  root       handle_response DEBUG    Processing: '<pos_answer>01</pos_answer>'
2024-10-07 23:26:22,946  root       handle_response DEBUG    Write: '7E8 03 41 51 01 \r\r>'
2024-10-07 23:26:23,197  root       run        DEBUG    Received '01011'
2024-10-07 23:26:23,198  root       handle_request DEBUG    Handling: '01011', header '7E0', ECU '7E0'
2024-10-07 23:26:23,199  root       handle_request INFO     Unknown ELM command: '01011', header=7E0
2024-10-07 23:26:23,200  root       handle_response DEBUG    Processing: '<writeln>?</writeln>'
2024-10-07 23:26:23,200  root       handle_response DEBUG    Write: '?\r\r>'
2024-10-07 23:26:23,207  root       run        DEBUG    Received '01031'
2024-10-07 23:26:23,207  root       handle_request DEBUG    Handling: '01031', header '7E0', ECU '7E0'
2024-10-07 23:26:23,208  root       handle_request DEBUG    Description: Fuel System Status, PID FUEL_STATUS (01031)
2024-10-07 23:26:23,208  root       handle_response DEBUG    Processing: '<pos_answer>00 00</pos_answer>'
2024-10-07 23:26:23,209  root       handle_response DEBUG    Write: '7E8 04 41 03 00 00 \r\r>'
2024-10-07 23:26:23,210  root       run        DEBUG    Received '01041'
2024-10-07 23:26:23,211  root       handle_request DEBUG    Handling: '01041', header '7E0', ECU '7E0'
2024-10-07 23:26:23,211  root       handle_request DEBUG    Description: Calculated Engine Load, PID ENGINE_LOAD (01041)
2024-10-07 23:26:23,211  root       handle_response DEBUG    Processing: '<pos_answer>00</pos_answer>'
2024-10-07 23:26:23,212  root       handle_response DEBUG    Write: '7E8 03 41 04 00 \r\r>'
2024-10-07 23:26:23,214  root       run        DEBUG    Received '01051'
2024-10-07 23:26:23,214  root       handle_request DEBUG    Handling: '01051', header '7E0', ECU '7E0'
2024-10-07 23:26:23,214  root       handle_request DEBUG    Description: Engine Coolant Temperature, PID COOLANT_TEMP (01051)
2024-10-07 23:26:23,215  root       handle_response DEBUG    Processing: '<pos_answer>7B</pos_answer>'
2024-10-07 23:26:23,215  root       handle_response DEBUG    Write: '7E8 03 41 05 7B \r\r>'
2024-10-07 23:26:23,217  root       run        DEBUG    Received '01061'
2024-10-07 23:26:23,218  root       handle_request DEBUG    Handling: '01061', header '7E0', ECU '7E0'
2024-10-07 23:26:23,219  root       handle_request INFO     Unknown ELM command: '01061', header=7E0
2024-10-07 23:26:23,219  root       handle_response DEBUG    Processing: '<writeln>?</writeln>'
2024-10-07 23:26:23,220  root       handle_response DEBUG    Write: '?\r\r>'
2024-10-07 23:26:23,221  root       run        DEBUG    Received '01071'
2024-10-07 23:26:23,222  root       handle_request DEBUG    Handling: '01071', header '7E0', ECU '7E0'
2024-10-07 23:26:23,223  root       handle_request INFO     Unknown ELM command: '01071', header=7E0
2024-10-07 23:26:23,224  root       handle_response DEBUG    Processing: '<writeln>?</writeln>'
2024-10-07 23:26:23,224  root       handle_response DEBUG    Write: '?\r\r>'
2024-10-07 23:26:23,226  root       run        DEBUG    Received '010B1'
2024-10-07 23:26:23,226  root       handle_request DEBUG    Handling: '010B1', header '7E0', ECU '7E0'
2024-10-07 23:26:23,227  root       handle_request DEBUG    Description: Intake Manifold Pressure, PID INTAKE_PRESSURE (010B1)
2024-10-07 23:26:23,227  root       handle_response DEBUG    Processing: '<pos_answer>73</pos_answer>'
2024-10-07 23:26:23,227  root       handle_response DEBUG    Write: '7E8 03 41 0B 73 \r\r>'
2024-10-07 23:26:23,229  root       run        DEBUG    Received '010C2'
2024-10-07 23:26:23,229  root       handle_request DEBUG    Handling: '010C2', header '7E0', ECU '7E0'
2024-10-07 23:26:23,230  root       handle_request DEBUG    Description: Engine RPM, PID RPM (010C2)
2024-10-07 23:26:23,230  root       handle_response DEBUG    Processing: '<pos_answer>44 20</pos_answer> <header>7EA</header><size>04</size><data>41 0C 44 20</data>'
2024-10-07 23:26:23,231  root       handle_response DEBUG    Write: '7E8 04 41 0C 44 20 \r7EA 04 41 0C 44 20 \r\r>'
2024-10-07 23:26:23,232  root       run        DEBUG    Received '010D2'
2024-10-07 23:26:23,233  root       handle_request DEBUG    Handling: '010D2', header '7E0', ECU '7E0'
2024-10-07 23:26:23,233  root       handle_request DEBUG    Description: Vehicle Speed, PID SPEED (010D2)
2024-10-07 23:26:23,233  root       handle_response DEBUG    Processing: '<pos_answer>20</pos_answer> <header>7EA</header><size>03</size><data>41 0D 20</data>'
2024-10-07 23:26:23,234  root       handle_response DEBUG    Write: '7E8 03 41 0D 20 \r7EA 03 41 0D 20 \r\r>'
2024-10-07 23:26:23,236  root       run        DEBUG    Received '010E1'
2024-10-07 23:26:23,236  root       handle_request DEBUG    Handling: '010E1', header '7E0', ECU '7E0'
2024-10-07 23:26:23,237  root       handle_request INFO     Unknown ELM command: '010E1', header=7E0
2024-10-07 23:26:23,238  root       handle_response DEBUG    Processing: '<writeln>?</writeln>'
2024-10-07 23:26:23,238  root       handle_response DEBUG    Write: '?\r\r>'
2024-10-07 23:26:23,239  root       run        DEBUG    Received '010F1'
2024-10-07 23:26:23,240  root       handle_request DEBUG    Handling: '010F1', header '7E0', ECU '7E0'
2024-10-07 23:26:23,240  root       handle_request DEBUG    Description: Intake Air Temp, PID INTAKE_TEMP (010F1)
2024-10-07 23:26:23,241  root       handle_response DEBUG    Processing: '<pos_answer>44</pos_answer>'
2024-10-07 23:26:23,242  root       handle_response DEBUG    Write: '7E8 03 41 0F 44 \r\r>'
2024-10-07 23:26:23,243  root       run        DEBUG    Received '01101'
2024-10-07 23:26:23,244  root       handle_request DEBUG    Handling: '01101', header '7E0', ECU '7E0'
2024-10-07 23:26:23,244  root       handle_request DEBUG    Description: Air Flow Rate (MAF), PID MAF (01101)
2024-10-07 23:26:23,245  root       handle_response DEBUG    Processing: '<pos_answer>05 1F</pos_answer>'
2024-10-07 23:26:23,246  root       handle_response DEBUG    Write: '7E8 04 41 10 05 1F \r\r>'
2024-10-07 23:26:23,247  root       run        DEBUG    Received '01111'
2024-10-07 23:26:23,248  root       handle_request DEBUG    Handling: '01111', header '7E0', ECU '7E0'
2024-10-07 23:26:23,249  root       handle_request DEBUG    Description: Throttle Position, PID THROTTLE_POS (01111)
2024-10-07 23:26:23,249  root       handle_response DEBUG    Processing: '<pos_answer>FF</pos_answer>'
2024-10-07 23:26:23,250  root       handle_response DEBUG    Write: '7E8 03 41 11 FF \r\r>'
2024-10-07 23:26:23,251  root       run        DEBUG    Received '01131'
2024-10-07 23:26:23,252  root       handle_request DEBUG    Handling: '01131', header '7E0', ECU '7E0'
2024-10-07 23:26:23,253  root       handle_request INFO     Unknown ELM command: '01131', header=7E0
2024-10-07 23:26:23,254  root       handle_response DEBUG    Processing: '<writeln>?</writeln>'
2024-10-07 23:26:23,254  root       handle_response DEBUG    Write: '?\r\r>'
2024-10-07 23:26:23,255  root       run        DEBUG    Received '01151'
2024-10-07 23:26:23,256  root       handle_request DEBUG    Handling: '01151', header '7E0', ECU '7E0'
2024-10-07 23:26:23,257  root       handle_request INFO     Unknown ELM command: '01151', header=7E0
2024-10-07 23:26:23,257  root       handle_response DEBUG    Processing: '<writeln>?</writeln>'
2024-10-07 23:26:23,258  root       handle_response DEBUG    Write: '?\r\r>'
2024-10-07 23:26:23,259  root       run        DEBUG    Received '011C1'
2024-10-07 23:26:23,260  root       handle_request DEBUG    Handling: '011C1', header '7E0', ECU '7E0'
2024-10-07 23:26:23,260  root       handle_request DEBUG    Description: OBD Standards Compliance, PID OBD_COMPLIANCE (011C1)
2024-10-07 23:26:23,261  root       handle_response DEBUG    Processing: '<pos_answer>06</pos_answer>'
2024-10-07 23:26:23,261  root       handle_response DEBUG    Write: '7E8 03 41 1C 06 \r\r>'
2024-10-07 23:26:23,263  root       run        DEBUG    Received '011F1'
2024-10-07 23:26:23,263  root       handle_request DEBUG    Handling: '011F1', header '7E0', ECU '7E0'
2024-10-07 23:26:23,264  root       handle_request DEBUG    Description: Engine Run Time, PID RUN_TIME (011F1)
2024-10-07 23:26:23,264  root       handle_response DEBUG    Processing: '<pos_answer>00 8C</pos_answer>'
2024-10-07 23:26:23,265  root       handle_response DEBUG    Write: '7E8 04 41 1F 00 8C \r\r>'
2024-10-07 23:26:23,266  root       run        DEBUG    Received '01202'
2024-10-07 23:26:23,267  root       handle_request DEBUG    Handling: '01202', header '7E0', ECU '7E0'
2024-10-07 23:26:23,267  root       handle_request DEBUG    Description: PIDS_B, PID ELM_PIDS_B (01202)
2024-10-07 23:26:23,268  root       handle_response DEBUG    Processing: '<header>7EA</header><size>06</size><data>41 20 80 01 A0 01</data><pos_answer>90 15 B0 15</pos_answer>'
2024-10-07 23:26:23,268  root       handle_response DEBUG    Write: '7EA 06 41 20 80 01 A0 01 \r7E8 06 41 20 90 15 B0 15 \r\r>'
2024-10-07 23:26:23,269  root       run        DEBUG    Received '01211'
2024-10-07 23:26:23,270  root       handle_request DEBUG    Handling: '01211', header '7E0', ECU '7E0'
2024-10-07 23:26:23,270  root       handle_request DEBUG    Description: Distance Traveled with MIL on, PID DISTANCE_W_MIL (01211)
2024-10-07 23:26:23,270  root       handle_response DEBUG    Processing: '<pos_answer>00 00</pos_answer>'
2024-10-07 23:26:23,271  root       handle_response DEBUG    Write: '7E8 04 41 21 00 00 \r\r>'
2024-10-07 23:26:23,272  root       run        DEBUG    Received '01241'
2024-10-07 23:26:23,272  root       handle_request DEBUG    Handling: '01241', header '7E0', ECU '7E0'
2024-10-07 23:26:23,273  root       handle_request INFO     Unknown ELM command: '01241', header=7E0
2024-10-07 23:26:23,273  root       handle_response DEBUG    Processing: '<writeln>?</writeln>'
2024-10-07 23:26:23,274  root       handle_response DEBUG    Write: '?\r\r>'
2024-10-07 23:26:23,274  root       run        DEBUG    Received '012C1'
2024-10-07 23:26:23,275  root       handle_request DEBUG    Handling: '012C1', header '7E0', ECU '7E0'
2024-10-07 23:26:23,275  root       handle_request DEBUG    Description: Commanded EGR, PID COMMANDED_EGR (012C1)
2024-10-07 23:26:23,275  root       handle_response DEBUG    Processing: '<pos_answer>0D</pos_answer>'
2024-10-07 23:26:23,275  root       handle_response DEBUG    Write: '7E8 03 41 2C 0D \r\r>'
2024-10-07 23:26:23,277  root       run        DEBUG    Received '012E1'
2024-10-07 23:26:23,277  root       handle_request DEBUG    Handling: '012E1', header '7E0', ECU '7E0'
2024-10-07 23:26:23,278  root       handle_request INFO     Unknown ELM command: '012E1', header=7E0
2024-10-07 23:26:23,278  root       handle_response DEBUG    Processing: '<writeln>?</writeln>'
2024-10-07 23:26:23,278  root       handle_response DEBUG    Write: '?\r\r>'
2024-10-07 23:26:23,279  root       run        DEBUG    Received '01301'
2024-10-07 23:26:23,279  root       handle_request DEBUG    Handling: '01301', header '7E0', ECU '7E0'
2024-10-07 23:26:23,280  root       handle_request INFO     Unknown ELM command: '01301', header=7E0
2024-10-07 23:26:23,280  root       handle_response DEBUG    Processing: '<writeln>?</writeln>'
2024-10-07 23:26:23,280  root       handle_response DEBUG    Write: '?\r\r>'
2024-10-07 23:26:23,281  root       run        DEBUG    Received '01311'
2024-10-07 23:26:23,281  root       handle_request DEBUG    Handling: '01311', header '7E0', ECU '7E0'
2024-10-07 23:26:23,282  root       handle_request DEBUG    Description: Distance traveled since codes cleared, PID DISTANCE_SINCE_DTC_CLEAR (01311)
2024-10-07 23:26:23,282  root       handle_response DEBUG    Processing: '<pos_answer>C8 1F</pos_answer>'
2024-10-07 23:26:23,282  root       handle_response DEBUG    Write: '7E8 04 41 31 C8 1F \r\r>'
2024-10-07 23:26:23,283  root       run        DEBUG    Received '01331'
2024-10-07 23:26:23,283  root       handle_request DEBUG    Handling: '01331', header '7E0', ECU '7E0'
2024-10-07 23:26:23,283  root       handle_request DEBUG    Description: Barometric Pressure, PID BAROMETRIC_PRESSURE (01331)
2024-10-07 23:26:23,283  root       handle_response DEBUG    Processing: '<pos_answer>65</pos_answer>'
2024-10-07 23:26:23,284  root       handle_response DEBUG    Write: '7E8 03 41 33 65 \r\r>'
2024-10-07 23:26:23,284  root       run        DEBUG    Received '01341'
2024-10-07 23:26:23,284  root       handle_request DEBUG    Handling: '01341', header '7E0', ECU '7E0'
2024-10-07 23:26:23,285  root       handle_request INFO     Unknown ELM command: '01341', header=7E0
2024-10-07 23:26:23,285  root       handle_response DEBUG    Processing: '<writeln>?</writeln>'
2024-10-07 23:26:23,285  root       handle_response DEBUG    Write: '?\r\r>'
2024-10-07 23:26:23,286  root       run        DEBUG    Received '013C1'
2024-10-07 23:26:23,286  root       handle_request DEBUG    Handling: '013C1', header '7E0', ECU '7E0'
2024-10-07 23:26:23,286  root       handle_request DEBUG    Description: Catalyst Temperature: Bank 1 - Sensor 1, PID CATALYST_TEMP_B1S1 (013C1)
2024-10-07 23:26:23,286  root       handle_response DEBUG    Processing: '<pos_answer>04 44</pos_answer>'
2024-10-07 23:26:23,286  root       handle_response DEBUG    Write: '7E8 04 41 3C 04 44 \r\r>'
2024-10-07 23:26:23,288  root       run        DEBUG    Received '013E1'
2024-10-07 23:26:23,288  root       handle_request DEBUG    Handling: '013E1', header '7E0', ECU '7E0'
2024-10-07 23:26:23,289  root       handle_request INFO     Unknown ELM command: '013E1', header=7E0
2024-10-07 23:26:23,289  root       handle_response DEBUG    Processing: '<writeln>?</writeln>'
2024-10-07 23:26:23,289  root       handle_response DEBUG    Write: '?\r\r>'
2024-10-07 23:26:23,290  root       run        DEBUG    Received '01402'
2024-10-07 23:26:23,290  root       handle_request DEBUG    Handling: '01402', header '7E0', ECU '7E0'
2024-10-07 23:26:23,290  root       handle_request DEBUG    Description: PIDS_C, PID ELM_PIDS_C (01402)
2024-10-07 23:26:23,290  root       handle_response DEBUG    Processing: '<header>7EA</header><size>06</size><data>41 40 44 CC 00 21</data><pos_answer>7A 1C 80 00</pos_answer>'
2024-10-07 23:26:23,291  root       handle_response DEBUG    Write: '7EA 06 41 40 44 CC 00 21 \r7E8 06 41 40 7A 1C 80 00 \r\r>'
2024-10-07 23:26:23,291  root       run        DEBUG    Received '01421'
2024-10-07 23:26:23,292  root       handle_request DEBUG    Handling: '01421', header '7E0', ECU '7E0'
2024-10-07 23:26:23,292  root       handle_request DEBUG    Description: Control module voltage, PID CONTROL_MODULE_VOLTAGE (01421)
2024-10-07 23:26:23,292  root       handle_response DEBUG    Processing: '<pos_answer>39 D6</pos_answer>'
2024-10-07 23:26:23,292  root       handle_response DEBUG    Write: '7E8 04 41 42 39 D6 \r\r>'
2024-10-07 23:26:23,293  root       run        DEBUG    Received '01431'
2024-10-07 23:26:23,294  root       handle_request DEBUG    Handling: '01431', header '7E0', ECU '7E0'
2024-10-07 23:26:23,294  root       handle_request INFO     Unknown ELM command: '01431', header=7E0
2024-10-07 23:26:23,294  root       handle_response DEBUG    Processing: '<writeln>?</writeln>'
2024-10-07 23:26:23,294  root       handle_response DEBUG    Write: '?\r\r>'
2024-10-07 23:26:23,295  root       run        DEBUG    Received '01441'
2024-10-07 23:26:23,295  root       handle_request DEBUG    Handling: '01441', header '7E0', ECU '7E0'
2024-10-07 23:26:23,296  root       handle_request INFO     Unknown ELM command: '01441', header=7E0
2024-10-07 23:26:23,296  root       handle_response DEBUG    Processing: '<writeln>?</writeln>'
2024-10-07 23:26:23,296  root       handle_response DEBUG    Write: '?\r\r>'
2024-10-07 23:26:23,297  root       run        DEBUG    Received '01451'
2024-10-07 23:26:23,297  root       handle_request DEBUG    Handling: '01451', header '7E0', ECU '7E0'
2024-10-07 23:26:23,298  root       handle_request INFO     Unknown ELM command: '01451', header=7E0
2024-10-07 23:26:23,298  root       handle_response DEBUG    Processing: '<writeln>?</writeln>'
2024-10-07 23:26:23,298  root       handle_response DEBUG    Write: '?\r\r>'
2024-10-07 23:26:23,299  root       run        DEBUG    Received '01471'
2024-10-07 23:26:23,299  root       handle_request DEBUG    Handling: '01471', header '7E0', ECU '7E0'
2024-10-07 23:26:23,300  root       handle_request INFO     Unknown ELM command: '01471', header=7E0
2024-10-07 23:26:23,300  root       handle_response DEBUG    Processing: '<writeln>?</writeln>'
2024-10-07 23:26:23,300  root       handle_response DEBUG    Write: '?\r\r>'
2024-10-07 23:26:23,300  root       run        DEBUG    Received '014C1'
2024-10-07 23:26:23,301  root       handle_request DEBUG    Handling: '014C1', header '7E0', ECU '7E0'
2024-10-07 23:26:23,301  root       handle_request DEBUG    Description: Commanded throttle actuator, PID THROTTLE_ACTUATOR (014C1)
2024-10-07 23:26:23,301  root       handle_response DEBUG    Processing: '<pos_answer>00</pos_answer>'
2024-10-07 23:26:23,301  root       handle_response DEBUG    Write: '7E8 03 41 4C 00 \r\r>'
2024-10-07 23:26:23,302  root       run        DEBUG    Received '014D1'
2024-10-07 23:26:23,303  root       handle_request DEBUG    Handling: '014D1', header '7E0', ECU '7E0'
2024-10-07 23:26:23,303  root       handle_request DEBUG    Description: Time run with MIL on, PID RUN_TIME_MIL (014D1)
2024-10-07 23:26:23,303  root       handle_response DEBUG    Processing: '<pos_answer>00 00</pos_answer>'
2024-10-07 23:26:23,304  root       handle_response DEBUG    Write: '7E8 04 41 4D 00 00 \r\r>'
2024-10-07 23:26:23,305  root       run        DEBUG    Received '014E1'
2024-10-07 23:26:23,305  root       handle_request DEBUG    Handling: '014E1', header '7E0', ECU '7E0'
2024-10-07 23:26:23,306  root       handle_request DEBUG    Description: Time since trouble codes cleared, PID TIME_SINCE_DTC_CLEARED (014E1)
2024-10-07 23:26:23,306  root       handle_response DEBUG    Processing: '<pos_answer>4C 69</pos_answer>'
2024-10-07 23:26:23,306  root       handle_response DEBUG    Write: '7E8 04 41 4E 4C 69 \r\r>'
2024-10-07 23:26:23,307  root       run        DEBUG    Received '01511'
2024-10-07 23:26:23,308  root       handle_request DEBUG    Handling: '01511', header '7E0', ECU '7E0'
2024-10-07 23:26:23,308  root       handle_request DEBUG    Description: Fuel Type, PID FUEL_TYPE (01511)
2024-10-07 23:26:23,308  root       handle_response DEBUG    Processing: '<pos_answer>01</pos_answer>'
2024-10-07 23:26:23,309  root       handle_response DEBUG    Write: '7E8 03 41 51 01 \r\r>'
