,Start_Time,SPEED,Coolant Temp,Engine Load,Timing Advance,Short Trim B1,Long Trim B1,MAF,Throttle_pos,End_Time
0,1725087510.0561502,53.0 kilometer_per_hour,93 degree_Celsius,68.23529411764706 percent,0.0 degree,,,,35.294117647058826 percent,1725087510.296473
1,1725087510.5965335,54.0 kilometer_per_hour,93 degree_Celsius,77.6470588235294 percent,21.0 degree,,,,36.86274509803921 percent,1725087510.8367481
2,1725087511.136566,56.0 kilometer_per_hour,93 degree_Celsius,76.07843137254902 percent,20.0 degree,,,,34.90196078431372 percent,1725087511.377
3,1725087511.6769612,57.0 kilometer_per_hour,93 degree_Celsius,74.90196078431373 percent,20.0 degree,,,,34.509803921568626 percent,1725087511.9173205
4,1725087512.2171233,59.0 kilometer_per_hour,93 degree_Celsius,73.72549019607843 percent,19.5 degree,,,,34.509803921568626 percent,1725087512.4575582
5,1725087512.7576928,60.0 kilometer_per_hour,93 degree_Celsius,72.54901960784314 percent,20.0 degree,,,,34.509803921568626 percent,1725087512.9980843
6,1725087513.2973099,62.0 kilometer_per_hour,93 degree_Celsius,71.76470588235294 percent,20.0 degree,,,,34.509803921568626 percent,1725087513.5374882
7,1725087513.837666,63.0 kilometer_per_hour,93 degree_Celsius,70.98039215686275 percent,20.5 degree,,,,32.549019607843135 percent,1725087514.07846
8,1725087514.3785472,64.0 kilometer_per_hour,93 degree_Celsius,35.68627450980392 percent,14.5 degree,,,,23.137254901960784 percent,1725087514.6185822
9,1725087514.9184647,64.0 kilometer_per_hour,93 degree_Celsius,30.19607843137255 percent,16.0 degree,,,,21.568627450980394 percent,1725087515.1591065
10,1725087515.4585507,64.0 kilometer_per_hour,93 degree_Celsius,21.568627450980394 percent,19.5 degree,,,,20.392156862745097 percent,1725087515.6993525
11,1725087515.9991705,64.0 kilometer_per_hour,93 degree_Celsius,35.68627450980392 percent,32.0 degree,,,,20.392156862745097 percent,1725087516.2390637
12,1725087516.5394604,64.0 kilometer_per_hour,92 degree_Celsius,39.21568627450981 percent,32.5 degree,,,,19.607843137254903 percent,1725087516.7797086
13,1725087517.0797105,64.0 kilometer_per_hour,92 degree_Celsius,39.6078431372549 percent,32.0 degree,,,,20.0 percent,1725087517.3201447
14,1725087517.6203508,64.0 kilometer_per_hour,92 degree_Celsius,38.03921568627451 percent,33.0 degree,,,,19.215686274509803 percent,1725087517.8605685
15,1725087518.1605809,64.0 kilometer_per_hour,92 degree_Celsius,35.294117647058826 percent,34.0 degree,,,,19.215686274509803 percent,1725087518.4008636
16,1725087518.7007833,63.0 kilometer_per_hour,92 degree_Celsius,35.294117647058826 percent,33.5 degree,,,,19.215686274509803 percent,1725087518.9410086
17,1725087519.2406228,63.0 kilometer_per_hour,92 degree_Celsius,29.019607843137255 percent,28.5 degree,,,,17.647058823529413 percent,1725087519.4814942
18,1725087519.7812157,63.0 kilometer_per_hour,92 degree_Celsius,23.529411764705884 percent,8.5 degree,,,,16.862745098039216 percent,1725087520.0210524
19,1725087520.3213687,62.0 kilometer_per_hour,92 degree_Celsius,18.431372549019606 percent,3.0 degree,,,,16.862745098039216 percent,1725087520.5619338
20,1725087520.8615026,61.0 kilometer_per_hour,92 degree_Celsius,28.235294117647058 percent,32.5 degree,,,,19.215686274509803 percent,1725087521.1021361
21,1725087521.4022565,61.0 kilometer_per_hour,92 degree_Celsius,30.58823529411765 percent,33.5 degree,,,,18.823529411764707 percent,1725087521.6426013
22,1725087521.9425516,61.0 kilometer_per_hour,92 degree_Celsius,32.15686274509804 percent,34.5 degree,,,,19.215686274509803 percent,1725087522.1827543
23,1725087522.4822354,60.0 kilometer_per_hour,92 degree_Celsius,33.72549019607843 percent,34.0 degree,,,,19.215686274509803 percent,1725087522.7231073
24,1725087523.0224829,60.0 kilometer_per_hour,92 degree_Celsius,37.254901960784316 percent,32.5 degree,,,,20.392156862745097 percent,1725087523.2631948
25,1725087523.563235,60.0 kilometer_per_hour,92 degree_Celsius,44.705882352941174 percent,29.5 degree,,,,21.176470588235293 percent,1725087523.8036177
26,1725087524.1034503,60.0 kilometer_per_hour,92 degree_Celsius,48.23529411764706 percent,29.0 degree,,,,20.784313725490197 percent,1725087524.3438902
27,1725087524.6439753,60.0 kilometer_per_hour,92 degree_Celsius,49.411764705882355 percent,29.0 degree,,,,21.176470588235293 percent,1725087524.8842175
28,1725087525.183855,60.0 kilometer_per_hour,92 degree_Celsius,62.35294117647059 percent,15.0 degree,,,,21.568627450980394 percent,1725087525.4244318
29,1725087525.724381,60.0 kilometer_per_hour,92 degree_Celsius,69.41176470588235 percent,25.0 degree,,,,21.568627450980394 percent,1725087525.9640477
30,1725087526.2647102,60.0 kilometer_per_hour,92 degree_Celsius,72.15686274509804 percent,25.0 degree,,,,21.96078431372549 percent,1725087526.5049152
31,1725087526.8050072,60.0 kilometer_per_hour,92 degree_Celsius,73.72549019607843 percent,25.0 degree,,,,21.96078431372549 percent,1725087527.0446723
32,1725087527.3451467,61.0 kilometer_per_hour,92 degree_Celsius,74.50980392156863 percent,24.5 degree,,,,21.96078431372549 percent,1725087527.5854259
33,1725087527.8914208,60.0 kilometer_per_hour,92 degree_Celsius,74.50980392156863 percent,24.5 degree,,,,21.96078431372549 percent,1725087528.1257367
34,1725087528.4259353,60.0 kilometer_per_hour,92 degree_Celsius,74.90196078431373 percent,24.5 degree,,,,21.96078431372549 percent,1725087528.6662333
35,1725087528.9656518,61.0 kilometer_per_hour,92 degree_Celsius,74.50980392156863 percent,24.5 degree,,,,21.96078431372549 percent,1725087529.2064385
36,1725087529.50633,61.0 kilometer_per_hour,92 degree_Celsius,75.29411764705883 percent,24.5 degree,,,,22.352941176470587 percent,1725087529.746085
37,1725087530.0466487,61.0 kilometer_per_hour,92 degree_Celsius,76.07843137254902 percent,24.0 degree,,,,21.96078431372549 percent,1725087530.2864869
0,1725087547.9116297,23.0 kilometer_per_hour,93 degree_Celsius,30.19607843137255 percent,13.0 degree,,,,18.823529411764707 percent,1725087548.1459472
1,1725087548.445976,20.0 kilometer_per_hour,93 degree_Celsius,26.666666666666668 percent,14.0 degree,,,,16.07843137254902 percent,1725087548.686171
2,1725087548.9862583,17.0 kilometer_per_hour,93 degree_Celsius,35.294117647058826 percent,6.0 degree,,,,17.254901960784313 percent,1725087549.2263112
3,1725087549.526582,15.0 kilometer_per_hour,93 degree_Celsius,39.6078431372549 percent,3.0 degree,,,,17.254901960784313 percent,1725087549.766955
4,1725087550.0724225,13.0 kilometer_per_hour,92 degree_Celsius,42.745098039215684 percent,0.0 degree,,,,17.254901960784313 percent,1725087550.3069432
5,1725087550.6070344,12.0 kilometer_per_hour,92 degree_Celsius,47.450980392156865 percent,2.0 degree,,,,17.647058823529413 percent,1725087550.8470957
6,1725087551.153376,11.0 kilometer_per_hour,92 degree_Celsius,54.11764705882353 percent,-2.5 degree,,,,18.03921568627451 percent,1725087551.3876326
7,1725087551.6876938,10.0 kilometer_per_hour,92 degree_Celsius,54.11764705882353 percent,-1.5 degree,,,,17.647058823529413 percent,1725087551.9279056
8,1725087552.2275186,10.0 kilometer_per_hour,92 degree_Celsius,56.86274509803921 percent,0.5 degree,,,,18.431372549019606 percent,1725087552.4743545
9,1725087552.7680378,10.0 kilometer_per_hour,92 degree_Celsius,61.96078431372549 percent,4.5 degree,,,,18.431372549019606 percent,1725087553.0076456
10,1725087553.3081272,11.0 kilometer_per_hour,92 degree_Celsius,54.90196078431372 percent,25.0 degree,,,,18.823529411764707 percent,1725087553.5486205
11,1725087553.8484485,11.0 kilometer_per_hour,92 degree_Celsius,54.11764705882353 percent,25.0 degree,,,,19.607843137254903 percent,1725087554.0888968
12,1725087554.388915,11.0 kilometer_per_hour,92 degree_Celsius,57.254901960784316 percent,24.0 degree,,,,19.607843137254903 percent,1725087554.6292331
13,1725087554.9290805,11.0 kilometer_per_hour,92 degree_Celsius,66.27450980392157 percent,22.0 degree,,,,21.568627450980394 percent,1725087555.1694267
14,1725087555.46938,12.0 kilometer_per_hour,92 degree_Celsius,77.6470588235294 percent,22.5 degree,,,,22.745098039215687 percent,1725087555.709824
15,1725087556.0090525,14.0 kilometer_per_hour,92 degree_Celsius,74.50980392156863 percent,24.5 degree,,,,23.529411764705884 percent,1725087556.250181
16,1725087556.5498276,15.0 kilometer_per_hour,92 degree_Celsius,81.17647058823529 percent,23.5 degree,,,,24.313725490196077 percent,1725087556.7896357
17,1725087557.0902176,17.0 kilometer_per_hour,92 degree_Celsius,77.6470588235294 percent,23.0 degree,,,,24.313725490196077 percent,1725087557.330338
18,1725087557.63038,19.0 kilometer_per_hour,92 degree_Celsius,77.25490196078431 percent,23.0 degree,,,,24.313725490196077 percent,1725087557.8706634
19,1725087558.1705167,20.0 kilometer_per_hour,92 degree_Celsius,75.29411764705883 percent,23.0 degree,,,,24.313725490196077 percent,1725087558.4109373
20,1725087558.7110796,22.0 kilometer_per_hour,92 degree_Celsius,68.62745098039215 percent,22.0 degree,,,,18.03921568627451 percent,1725087558.951339
21,1725087559.2514384,23.0 kilometer_per_hour,92 degree_Celsius,37.254901960784316 percent,25.5 degree,,,,19.607843137254903 percent,1725087559.4916518
22,1725087559.7912946,23.0 kilometer_per_hour,92 degree_Celsius,47.450980392156865 percent,29.5 degree,,,,20.0 percent,1725087560.0380104
23,1725087560.3318179,23.0 kilometer_per_hour,92 degree_Celsius,55.294117647058826 percent,28.0 degree,,,,20.0 percent,1725087560.5715704
24,1725087560.871379,24.0 kilometer_per_hour,92 degree_Celsius,58.03921568627451 percent,28.0 degree,,,,20.0 percent,1725087561.1121602
25,1725087561.4122477,24.0 kilometer_per_hour,92 degree_Celsius,39.21568627450981 percent,32.0 degree,,,,16.862745098039216 percent,1725087561.6526678
26,1725087561.9527488,24.0 kilometer_per_hour,92 degree_Celsius,34.11764705882353 percent,21.5 degree,,,,16.470588235294116 percent,1725087562.1927962
27,1725087562.4930086,23.0 kilometer_per_hour,92 degree_Celsius,29.80392156862745 percent,13.0 degree,,,,16.07843137254902 percent,1725087562.7330375
28,1725087563.0333297,21.0 kilometer_per_hour,92 degree_Celsius,27.45098039215686 percent,2.5 degree,,,,15.686274509803921 percent,1725087563.2735329
29,1725087563.5732954,18.0 kilometer_per_hour,92 degree_Celsius,30.58823529411765 percent,8.0 degree,,,,16.862745098039216 percent,1725087563.8137426
30,1725087564.1133997,17.0 kilometer_per_hour,92 degree_Celsius,36.470588235294116 percent,3.0 degree,,,,16.862745098039216 percent,1725087564.353721
31,1725087564.65398,16.0 kilometer_per_hour,92 degree_Celsius,38.431372549019606 percent,0.0 degree,,,,16.470588235294116 percent,1725087564.8943598
32,1725087565.1943145,15.0 kilometer_per_hour,92 degree_Celsius,38.8235294117647 percent,-0.5 degree,,,,16.470588235294116 percent,1725087565.4345741
33,1725087565.7339714,15.0 kilometer_per_hour,92 degree_Celsius,53.72549019607843 percent,10.5 degree,,,,20.784313725490197 percent,1725087565.9749696
34,1725087566.274863,15.0 kilometer_per_hour,92 degree_Celsius,68.23529411764706 percent,23.0 degree,,,,22.352941176470587 percent,1725087566.5204668
35,1725087566.8150675,16.0 kilometer_per_hour,92 degree_Celsius,73.72549019607843 percent,25.5 degree,,,,23.137254901960784 percent,1725087567.0553493
36,1725087567.3551838,17.0 kilometer_per_hour,92 degree_Celsius,80.7843137254902 percent,24.0 degree,,,,24.313725490196077 percent,1725087567.5956028
37,1725087567.8953736,18.0 kilometer_per_hour,92 degree_Celsius,83.92156862745098 percent,22.5 degree,,,,26.666666666666668 percent,1725087568.1357007
0,1725087577.6263866,45.0 kilometer_per_hour,92 degree_Celsius,75.68627450980392 percent,19.5 degree,,,,26.666666666666668 percent,1725087577.860619
1,1725087578.1600475,47.0 kilometer_per_hour,92 degree_Celsius,74.50980392156863 percent,20.5 degree,,,,26.274509803921568 percent,1725087578.40079
2,1725087578.7007122,48.0 kilometer_per_hour,92 degree_Celsius,74.11764705882354 percent,21.0 degree,,,,26.274509803921568 percent,1725087578.9410315
3,1725087579.241187,48.0 kilometer_per_hour,92 degree_Celsius,73.72549019607843 percent,21.5 degree,,,,26.274509803921568 percent,1725087579.4813995
4,1725087579.781477,49.0 kilometer_per_hour,92 degree_Celsius,73.72549019607843 percent,22.5 degree,,,,26.274509803921568 percent,1725087580.0274858
5,1725087580.3276277,50.0 kilometer_per_hour,93 degree_Celsius,73.33333333333333 percent,22.5 degree,,,,26.274509803921568 percent,1725087580.5619984
6,1725087580.8618832,51.0 kilometer_per_hour,93 degree_Celsius,73.33333333333333 percent,23.0 degree,,,,26.274509803921568 percent,1725087581.1021788
7,1725087581.4021428,52.0 kilometer_per_hour,93 degree_Celsius,48.23529411764706 percent,25.5 degree,,,,17.647058823529413 percent,1725087581.6425858
8,1725087581.942511,52.0 kilometer_per_hour,93 degree_Celsius,25.49019607843137 percent,39.0 degree,,,,17.254901960784313 percent,1725087582.1826937
9,1725087582.4827454,51.0 kilometer_per_hour,93 degree_Celsius,20.0 percent,35.5 degree,,,,16.862745098039216 percent,1725087582.7290833
10,1725087583.0223293,50.0 kilometer_per_hour,93 degree_Celsius,19.607843137254903 percent,15.5 degree,,,,16.862745098039216 percent,1725087583.2633693
11,1725087583.5633404,50.0 kilometer_per_hour,93 degree_Celsius,19.607843137254903 percent,5.0 degree,,,,16.862745098039216 percent,1725087583.8028884
12,1725087584.103685,49.0 kilometer_per_hour,93 degree_Celsius,19.215686274509803 percent,8.5 degree,,,,16.862745098039216 percent,1725087584.3438184
13,1725087584.6438136,48.0 kilometer_per_hour,93 degree_Celsius,19.215686274509803 percent,14.5 degree,,,,16.862745098039216 percent,1725087584.88394
14,1725087585.1839874,47.0 kilometer_per_hour,93 degree_Celsius,19.215686274509803 percent,16.5 degree,,,,16.862745098039216 percent,1725087585.4241972
15,1725087585.7302344,47.0 kilometer_per_hour,93 degree_Celsius,20.0 percent,39.0 degree,,,,17.254901960784313 percent,1725087585.964574
16,1725087586.264596,46.0 kilometer_per_hour,93 degree_Celsius,21.176470588235293 percent,38.5 degree,,,,18.431372549019606 percent,1725087586.5048451
17,1725087586.804342,46.0 kilometer_per_hour,93 degree_Celsius,29.019607843137255 percent,34.0 degree,,,,18.823529411764707 percent,1725087587.0451887
18,1725087587.3450036,46.0 kilometer_per_hour,93 degree_Celsius,30.19607843137255 percent,35.0 degree,,,,18.823529411764707 percent,1725087587.585244
19,1725087587.8855429,45.0 kilometer_per_hour,93 degree_Celsius,30.19607843137255 percent,35.5 degree,,,,18.431372549019606 percent,1725087588.1314154
20,1725087588.4314723,45.0 kilometer_per_hour,93 degree_Celsius,30.58823529411765 percent,35.5 degree,,,,18.823529411764707 percent,1725087588.665806
21,1725087588.9659586,45.0 kilometer_per_hour,93 degree_Celsius,26.274509803921568 percent,30.5 degree,,,,17.647058823529413 percent,1725087589.2060966
22,1725087589.5063353,44.0 kilometer_per_hour,93 degree_Celsius,21.176470588235293 percent,25.0 degree,,,,16.470588235294116 percent,1725087589.746682
23,1725087590.0468225,44.0 kilometer_per_hour,93 degree_Celsius,19.215686274509803 percent,16.5 degree,,,,16.470588235294116 percent,1725087590.2867818
24,1725087590.5865407,43.0 kilometer_per_hour,93 degree_Celsius,18.823529411764707 percent,7.5 degree,,,,16.470588235294116 percent,1725087590.8331306
25,1725087591.1327956,43.0 kilometer_per_hour,93 degree_Celsius,18.431372549019606 percent,3.0 degree,,,,15.686274509803921 percent,1725087591.366894
26,1725087591.6673634,42.0 kilometer_per_hour,93 degree_Celsius,16.470588235294116 percent,3.0 degree,,,,15.294117647058824 percent,1725087591.9074442
27,1725087592.2074423,41.0 kilometer_per_hour,93 degree_Celsius,16.862745098039216 percent,3.0 degree,,,,15.294117647058824 percent,1725087592.4477863
28,1725087592.7478478,40.0 kilometer_per_hour,93 degree_Celsius,17.254901960784313 percent,3.5 degree,,,,15.294117647058824 percent,1725087592.9879363
29,1725087593.2880096,39.0 kilometer_per_hour,93 degree_Celsius,17.647058823529413 percent,3.5 degree,,,,15.294117647058824 percent,1725087593.5341053
30,1725087593.8343065,38.0 kilometer_per_hour,93 degree_Celsius,18.03921568627451 percent,3.0 degree,,,,15.294117647058824 percent,1725087594.0686033
31,1725087594.36809,37.0 kilometer_per_hour,93 degree_Celsius,18.03921568627451 percent,2.0 degree,,,,15.294117647058824 percent,1725087594.6088638
32,1725087594.908798,36.0 kilometer_per_hour,93 degree_Celsius,19.215686274509803 percent,19.0 degree,,,,18.03921568627451 percent,1725087595.1489801
33,1725087595.4491608,35.0 kilometer_per_hour,92 degree_Celsius,31.764705882352942 percent,35.5 degree,,,,17.254901960784313 percent,1725087595.6893768
34,1725087595.9893525,35.0 kilometer_per_hour,92 degree_Celsius,24.705882352941178 percent,31.5 degree,,,,15.686274509803921 percent,1725087596.2355232
35,1725087596.5354612,35.0 kilometer_per_hour,92 degree_Celsius,21.96078431372549 percent,21.5 degree,,,,16.07843137254902 percent,1725087596.7700024
36,1725087597.069878,34.0 kilometer_per_hour,92 degree_Celsius,21.96078431372549 percent,9.5 degree,,,,16.07843137254902 percent,1725087597.3096826
37,1725087597.6101565,33.0 kilometer_per_hour,92 degree_Celsius,21.96078431372549 percent,-1.5 degree,,,,14.509803921568627 percent,1725087597.8505359
0,1725087611.3268132,40.0 kilometer_per_hour,91 degree_Celsius,25.88235294117647 percent,26.5 degree,,,,16.862745098039216 percent,1725087611.5669744
1,1725087611.867118,40.0 kilometer_per_hour,91 degree_Celsius,21.176470588235293 percent,25.5 degree,,,,16.470588235294116 percent,1725087612.107443
2,1725087612.4072442,39.0 kilometer_per_hour,91 degree_Celsius,20.784313725490197 percent,16.0 degree,,,,16.470588235294116 percent,1725087612.6475995
3,1725087612.9476328,38.0 kilometer_per_hour,91 degree_Celsius,20.784313725490197 percent,0.5 degree,,,,16.470588235294116 percent,1725087613.18763
4,1725087613.4878356,37.0 kilometer_per_hour,91 degree_Celsius,18.823529411764707 percent,0.5 degree,,,,14.901960784313726 percent,1725087613.7282033
5,1725087614.0281348,36.0 kilometer_per_hour,91 degree_Celsius,18.03921568627451 percent,1.0 degree,,,,14.901960784313726 percent,1725087614.2683272
6,1725087614.5678668,36.0 kilometer_per_hour,91 degree_Celsius,18.431372549019606 percent,1.0 degree,,,,14.509803921568627 percent,1725087614.8086257
7,1725087615.1086843,35.0 kilometer_per_hour,91 degree_Celsius,18.431372549019606 percent,1.0 degree,,,,14.509803921568627 percent,1725087615.348307
8,1725087615.6489496,34.0 kilometer_per_hour,91 degree_Celsius,18.431372549019606 percent,1.0 degree,,,,14.509803921568627 percent,1725087615.8894305
9,1725087616.1888945,33.0 kilometer_per_hour,91 degree_Celsius,18.431372549019606 percent,0.5 degree,,,,14.117647058823529 percent,1725087616.4295676
10,1725087616.7294762,33.0 kilometer_per_hour,91 degree_Celsius,18.431372549019606 percent,0.0 degree,,,,13.72549019607843 percent,1725087616.9699423
11,1725087617.269861,31.0 kilometer_per_hour,91 degree_Celsius,18.03921568627451 percent,0.0 degree,,,,13.333333333333334 percent,1725087617.51008
12,1725087617.8099003,30.0 kilometer_per_hour,91 degree_Celsius,17.647058823529413 percent,-1.0 degree,,,,12.941176470588236 percent,1725087618.0502787
13,1725087618.3496988,29.0 kilometer_per_hour,91 degree_Celsius,17.254901960784313 percent,-0.5 degree,,,,13.72549019607843 percent,1725087618.590465
14,1725087618.8906243,29.0 kilometer_per_hour,91 degree_Celsius,17.254901960784313 percent,-1.0 degree,,,,13.72549019607843 percent,1725087619.130681
15,1725087619.430775,29.0 kilometer_per_hour,91 degree_Celsius,17.254901960784313 percent,-1.5 degree,,,,13.72549019607843 percent,1725087619.67112
16,1725087619.9709198,28.0 kilometer_per_hour,91 degree_Celsius,18.431372549019606 percent,36.0 degree,,,,21.176470588235293 percent,1725087620.2111785
17,1725087620.511353,29.0 kilometer_per_hour,91 degree_Celsius,52.94117647058823 percent,26.0 degree,,,,20.392156862745097 percent,1725087620.7515771
18,1725087621.0515175,30.0 kilometer_per_hour,91 degree_Celsius,34.11764705882353 percent,19.0 degree,,,,17.647058823529413 percent,1725087621.2918591
19,1725087621.591837,30.0 kilometer_per_hour,91 degree_Celsius,30.980392156862745 percent,25.0 degree,,,,16.862745098039216 percent,1725087621.8317933
20,1725087622.1316845,30.0 kilometer_per_hour,91 degree_Celsius,25.098039215686274 percent,27.5 degree,,,,16.07843137254902 percent,1725087622.3723981
21,1725087622.672316,30.0 kilometer_per_hour,91 degree_Celsius,21.176470588235293 percent,19.5 degree,,,,16.07843137254902 percent,1725087622.911983
22,1725087623.212463,30.0 kilometer_per_hour,91 degree_Celsius,20.784313725490197 percent,6.5 degree,,,,16.470588235294116 percent,1725087623.4529305
23,1725087623.752984,30.0 kilometer_per_hour,91 degree_Celsius,20.784313725490197 percent,-2.5 degree,,,,14.509803921568627 percent,1725087623.9931724
24,1725087624.292973,29.0 kilometer_per_hour,91 degree_Celsius,17.647058823529413 percent,-2.5 degree,,,,15.294117647058824 percent,1725087624.5335736
25,1725087624.8333592,29.0 kilometer_per_hour,91 degree_Celsius,50.588235294117645 percent,8.5 degree,,,,21.96078431372549 percent,1725087625.0739145
26,1725087625.3735056,29.0 kilometer_per_hour,91 degree_Celsius,65.09803921568627 percent,23.0 degree,,,,19.215686274509803 percent,1725087625.6136968
27,1725087625.9136403,30.0 kilometer_per_hour,91 degree_Celsius,35.294117647058826 percent,30.5 degree,,,,17.254901960784313 percent,1725087626.154287
28,1725087626.4542122,30.0 kilometer_per_hour,91 degree_Celsius,30.58823529411765 percent,33.0 degree,,,,16.862745098039216 percent,1725087626.6944346
29,1725087626.9944603,30.0 kilometer_per_hour,91 degree_Celsius,25.49019607843137 percent,30.5 degree,,,,16.07843137254902 percent,1725087627.2346642
30,1725087627.5346847,30.0 kilometer_per_hour,91 degree_Celsius,21.176470588235293 percent,24.0 degree,,,,16.07843137254902 percent,1725087627.7750156
31,1725087628.0748255,30.0 kilometer_per_hour,91 degree_Celsius,20.784313725490197 percent,7.0 degree,,,,16.07843137254902 percent,1725087628.3153307
32,1725087628.6152065,29.0 kilometer_per_hour,91 degree_Celsius,20.784313725490197 percent,-4.0 degree,,,,14.509803921568627 percent,1725087628.8550916
33,1725087629.1554606,28.0 kilometer_per_hour,91 degree_Celsius,18.03921568627451 percent,-3.5 degree,,,,21.176470588235293 percent,1725087629.395525
34,1725087629.6954534,28.0 kilometer_per_hour,91 degree_Celsius,63.92156862745098 percent,19.5 degree,,,,22.352941176470587 percent,1725087629.9358518
35,1725087630.2358587,29.0 kilometer_per_hour,91 degree_Celsius,68.23529411764706 percent,22.0 degree,,,,19.215686274509803 percent,1725087630.47623
36,1725087630.7821836,29.0 kilometer_per_hour,91 degree_Celsius,35.68627450980392 percent,30.0 degree,,,,17.647058823529413 percent,1725087631.0164351
37,1725087631.3166418,30.0 kilometer_per_hour,91 degree_Celsius,52.549019607843135 percent,9.5 degree,,,,21.568627450980394 percent,1725087631.556907
0,1725087649.1450484,32.0 kilometer_per_hour,92 degree_Celsius,69.01960784313725 percent,22.0 degree,,,,24.705882352941178 percent,1725087649.3853056
1,1725087649.6853404,34.0 kilometer_per_hour,93 degree_Celsius,68.62745098039215 percent,23.0 degree,,,,24.705882352941178 percent,1725087649.925148
2,1725087650.2258475,35.0 kilometer_per_hour,93 degree_Celsius,67.84313725490196 percent,23.5 degree,,,,24.705882352941178 percent,1725087650.4659543
3,1725087650.766026,36.0 kilometer_per_hour,93 degree_Celsius,78.43137254901961 percent,21.5 degree,,,,26.274509803921568 percent,1725087651.0063684
4,1725087651.3063154,37.0 kilometer_per_hour,93 degree_Celsius,83.13725490196079 percent,20.5 degree,,,,26.274509803921568 percent,1725087651.5465395
5,1725087651.8465555,38.0 kilometer_per_hour,93 degree_Celsius,81.17647058823529 percent,20.5 degree,,,,26.274509803921568 percent,1725087652.0868058
6,1725087652.3865888,38.0 kilometer_per_hour,93 degree_Celsius,80.3921568627451 percent,20.5 degree,,,,26.274509803921568 percent,1725087652.6270974
7,1725087652.9268513,39.0 kilometer_per_hour,93 degree_Celsius,76.86274509803921 percent,21.0 degree,,,,25.49019607843137 percent,1725087653.167258
8,1725087653.4671752,40.0 kilometer_per_hour,93 degree_Celsius,75.68627450980392 percent,19.5 degree,,,,25.098039215686274 percent,1725087653.7069988
9,1725087654.0075958,41.0 kilometer_per_hour,93 degree_Celsius,74.11764705882354 percent,20.0 degree,,,,25.098039215686274 percent,1725087654.247639
10,1725087654.5478427,42.0 kilometer_per_hour,93 degree_Celsius,73.72549019607843 percent,20.0 degree,,,,25.098039215686274 percent,1725087654.7880626
11,1725087655.0881197,43.0 kilometer_per_hour,93 degree_Celsius,73.33333333333333 percent,20.5 degree,,,,25.49019607843137 percent,1725087655.3282604
12,1725087655.6284416,44.0 kilometer_per_hour,93 degree_Celsius,72.54901960784314 percent,20.0 degree,,,,25.49019607843137 percent,1725087655.8686922
13,1725087656.1687336,45.0 kilometer_per_hour,93 degree_Celsius,72.54901960784314 percent,19.5 degree,,,,25.49019607843137 percent,1725087656.408922
14,1725087656.708505,46.0 kilometer_per_hour,93 degree_Celsius,72.15686274509804 percent,20.0 degree,,,,25.88235294117647 percent,1725087656.9490647
15,1725087657.2488441,47.0 kilometer_per_hour,94 degree_Celsius,71.37254901960785 percent,20.5 degree,,,,25.49019607843137 percent,1725087657.4893656
16,1725087657.789377,48.0 kilometer_per_hour,94 degree_Celsius,70.19607843137256 percent,21.0 degree,,,,25.49019607843137 percent,1725087658.0300894
17,1725087658.330077,49.0 kilometer_per_hour,94 degree_Celsius,69.01960784313725 percent,22.0 degree,,,,17.647058823529413 percent,1725087658.57003
18,1725087658.8700404,50.0 kilometer_per_hour,94 degree_Celsius,52.94117647058823 percent,11.0 degree,,,,21.568627450980394 percent,1725087659.1103015
19,1725087659.4101405,50.0 kilometer_per_hour,94 degree_Celsius,41.96078431372549 percent,15.0 degree,,,,19.607843137254903 percent,1725087659.6508086
20,1725087659.9502962,50.0 kilometer_per_hour,94 degree_Celsius,30.19607843137255 percent,27.0 degree,,,,17.254901960784313 percent,1725087660.1907654
21,1725087660.4906049,49.0 kilometer_per_hour,94 degree_Celsius,20.392156862745097 percent,33.0 degree,,,,16.862745098039216 percent,1725087660.7307472
22,1725087661.0307276,49.0 kilometer_per_hour,94 degree_Celsius,19.607843137254903 percent,16.0 degree,,,,17.254901960784313 percent,1725087661.271029
23,1725087661.5712354,48.0 kilometer_per_hour,94 degree_Celsius,19.215686274509803 percent,4.5 degree,,,,17.254901960784313 percent,1725087661.8117788
24,1725087662.1117196,47.0 kilometer_per_hour,94 degree_Celsius,16.470588235294116 percent,5.5 degree,,,,16.07843137254902 percent,1725087662.351847
25,1725087662.6513016,46.0 kilometer_per_hour,94 degree_Celsius,16.07843137254902 percent,5.5 degree,,,,15.686274509803921 percent,1725087662.8981404
26,1725087663.1920505,45.0 kilometer_per_hour,94 degree_Celsius,16.07843137254902 percent,6.0 degree,,,,15.686274509803921 percent,1725087663.431651
27,1725087663.732173,45.0 kilometer_per_hour,94 degree_Celsius,19.215686274509803 percent,9.0 degree,,,,16.470588235294116 percent,1725087663.9724898
28,1725087664.2724314,44.0 kilometer_per_hour,94 degree_Celsius,19.215686274509803 percent,10.0 degree,,,,16.862745098039216 percent,1725087664.5128903
29,1725087664.8128128,44.0 kilometer_per_hour,93 degree_Celsius,19.215686274509803 percent,18.5 degree,,,,16.862745098039216 percent,1725087665.0521352
30,1725087665.346427,43.0 kilometer_per_hour,93 degree_Celsius,23.137254901960784 percent,37.5 degree,,,,18.823529411764707 percent,1725087665.5821345
31,1725087665.87619,43.0 kilometer_per_hour,93 degree_Celsius,28.235294117647058 percent,32.5 degree,,,,20.0 percent,1725087666.1120803
32,1725087666.4068825,43.0 kilometer_per_hour,93 degree_Celsius,36.470588235294116 percent,31.5 degree,,,,20.392156862745097 percent,1725087666.6432972
33,1725087666.9382057,43.0 kilometer_per_hour,93 degree_Celsius,38.8235294117647 percent,31.5 degree,,,,20.0 percent,1725087667.1744914
34,1725087667.4702775,43.0 kilometer_per_hour,93 degree_Celsius,40.78431372549019 percent,31.5 degree,,,,20.0 percent,1725087667.706862
35,1725087668.0020602,43.0 kilometer_per_hour,93 degree_Celsius,42.35294117647059 percent,31.0 degree,,,,20.392156862745097 percent,1725087668.23931
36,1725087668.5355527,44.0 kilometer_per_hour,93 degree_Celsius,52.549019607843135 percent,28.5 degree,,,,20.392156862745097 percent,1725087668.7725704
37,1725087669.0688066,44.0 kilometer_per_hour,93 degree_Celsius,62.35294117647059 percent,27.0 degree,,,,20.392156862745097 percent,1725087669.3061833
0,1725087685.6943798,38.0 kilometer_per_hour,92 degree_Celsius,45.09803921568628 percent,31.0 degree,,,,19.607843137254903 percent,1725087685.9340334
1,1725087686.2333744,38.0 kilometer_per_hour,92 degree_Celsius,49.411764705882355 percent,30.0 degree,,,,21.568627450980394 percent,1725087686.4730916
2,1725087686.772179,38.0 kilometer_per_hour,92 degree_Celsius,68.23529411764706 percent,26.0 degree,,,,23.137254901960784 percent,1725087687.01217
3,1725087687.3111856,39.0 kilometer_per_hour,92 degree_Celsius,70.19607843137256 percent,24.5 degree,,,,15.294117647058824 percent,1725087687.551357
4,1725087687.8508348,40.0 kilometer_per_hour,92 degree_Celsius,32.549019607843135 percent,24.0 degree,,,,17.647058823529413 percent,1725087688.0907133
5,1725087688.3900204,40.0 kilometer_per_hour,92 degree_Celsius,41.568627450980394 percent,22.0 degree,,,,20.0 percent,1725087688.6301088
6,1725087688.9293883,40.0 kilometer_per_hour,91 degree_Celsius,45.490196078431374 percent,28.5 degree,,,,21.176470588235293 percent,1725087689.1694195
7,1725087689.4686906,40.0 kilometer_per_hour,91 degree_Celsius,52.94117647058823 percent,27.5 degree,,,,20.784313725490197 percent,1725087689.7079237
8,1725087690.0081012,41.0 kilometer_per_hour,91 degree_Celsius,47.450980392156865 percent,29.5 degree,,,,20.784313725490197 percent,1725087690.247828
9,1725087690.5470767,41.0 kilometer_per_hour,91 degree_Celsius,54.11764705882353 percent,27.5 degree,,,,22.745098039215687 percent,1725087690.7873533
10,1725087691.0867515,41.0 kilometer_per_hour,91 degree_Celsius,81.56862745098039 percent,22.5 degree,,,,22.352941176470587 percent,1725087691.3264945
11,1725087691.62624,42.0 kilometer_per_hour,91 degree_Celsius,79.2156862745098 percent,22.0 degree,,,,23.137254901960784 percent,1725087691.8661268
12,1725087692.1656199,42.0 kilometer_per_hour,91 degree_Celsius,70.19607843137256 percent,22.5 degree,,,,21.568627450980394 percent,1725087692.40565
13,1725087692.7045135,43.0 kilometer_per_hour,91 degree_Celsius,69.80392156862744 percent,23.5 degree,,,,11.764705882352942 percent,1725087692.9451194
14,1725087693.2445996,43.0 kilometer_per_hour,91 degree_Celsius,35.294117647058826 percent,28.0 degree,,,,18.823529411764707 percent,1725087693.4839172
15,1725087693.7841897,43.0 kilometer_per_hour,92 degree_Celsius,95.68627450980392 percent,-0.5 degree,,,,49.01960784313726 percent,1725087694.0239477
16,1725087694.323322,43.0 kilometer_per_hour,92 degree_Celsius,92.15686274509804 percent,7.5 degree,,,,70.19607843137256 percent,1725087694.563498
17,1725087694.8631306,45.0 kilometer_per_hour,92 degree_Celsius,93.33333333333333 percent,20.5 degree,,,,71.37254901960785 percent,1725087695.1029527
18,1725087695.4027393,48.0 kilometer_per_hour,92 degree_Celsius,96.07843137254902 percent,20.5 degree,,,,72.15686274509804 percent,1725087695.6427748
19,1725087695.941792,51.0 kilometer_per_hour,92 degree_Celsius,98.82352941176471 percent,20.5 degree,,,,73.33333333333333 percent,1725087696.182208
20,1725087696.4815166,54.0 kilometer_per_hour,92 degree_Celsius,98.43137254901961 percent,21.0 degree,,,,74.11764705882354 percent,1725087696.7219188
21,1725087697.0213516,56.0 kilometer_per_hour,92 degree_Celsius,98.43137254901961 percent,20.5 degree,,,,75.68627450980392 percent,1725087697.2607763
22,1725087697.56097,59.0 kilometer_per_hour,92 degree_Celsius,98.82352941176471 percent,20.5 degree,,,,77.6470588235294 percent,1725087697.801088
23,1725087698.100422,62.0 kilometer_per_hour,92 degree_Celsius,98.82352941176471 percent,20.5 degree,,,,78.82352941176471 percent,1725087698.340374
24,1725087698.6402805,65.0 kilometer_per_hour,92 degree_Celsius,98.82352941176471 percent,19.5 degree,,,,80.7843137254902 percent,1725087698.8804486
25,1725087699.1802108,68.0 kilometer_per_hour,92 degree_Celsius,98.03921568627452 percent,16.5 degree,,,,81.17647058823529 percent,1725087699.4198205
26,1725087699.7196205,71.0 kilometer_per_hour,92 degree_Celsius,97.25490196078431 percent,20.0 degree,,,,84.31372549019608 percent,1725087699.9596574
27,1725087700.2587376,73.0 kilometer_per_hour,92 degree_Celsius,98.03921568627452 percent,17.5 degree,,,,85.88235294117646 percent,1725087700.499308
28,1725087700.7989097,76.0 kilometer_per_hour,92 degree_Celsius,98.03921568627452 percent,20.5 degree,,,,85.88235294117646 percent,1725087701.038357
29,1725087701.3385234,79.0 kilometer_per_hour,93 degree_Celsius,97.6470588235294 percent,22.0 degree,,,,85.88235294117646 percent,1725087701.5787141
30,1725087701.8783658,81.0 kilometer_per_hour,93 degree_Celsius,98.03921568627452 percent,1.5 degree,,,,83.92156862745098 percent,1725087702.1182547
31,1725087702.4181569,83.0 kilometer_per_hour,93 degree_Celsius,97.6470588235294 percent,19.0 degree,,,,78.82352941176471 percent,1725087702.6580212
32,1725087702.9574301,84.0 kilometer_per_hour,93 degree_Celsius,99.6078431372549 percent,18.5 degree,,,,79.2156862745098 percent,1725087703.1978183
33,1725087703.4973161,86.0 kilometer_per_hour,93 degree_Celsius,98.82352941176471 percent,18.0 degree,,,,80.0 percent,1725087703.7374141
34,1725087704.036902,88.0 kilometer_per_hour,93 degree_Celsius,98.43137254901961 percent,18.0 degree,,,,81.17647058823529 percent,1725087704.2772381
35,1725087704.5768392,90.0 kilometer_per_hour,93 degree_Celsius,97.6470588235294 percent,17.5 degree,,,,81.96078431372548 percent,1725087704.8166847
36,1725087705.116238,92.0 kilometer_per_hour,93 degree_Celsius,98.03921568627452 percent,18.0 degree,,,,82.74509803921569 percent,1725087705.3562014
37,1725087705.6561105,94.0 kilometer_per_hour,93 degree_Celsius,98.03921568627452 percent,19.0 degree,,,,83.92156862745098 percent,1725087705.8960567
0,1725087714.2314386,95.0 kilometer_per_hour,94 degree_Celsius,16.470588235294116 percent,6.5 degree,,,,16.470588235294116 percent,1725087714.4714057
1,1725087714.7711642,95.0 kilometer_per_hour,94 degree_Celsius,16.862745098039216 percent,6.0 degree,,,,16.470588235294116 percent,1725087715.011012
2,1725087715.310696,94.0 kilometer_per_hour,94 degree_Celsius,16.470588235294116 percent,6.0 degree,,,,16.07843137254902 percent,1725087715.5508614
3,1725087715.850535,93.0 kilometer_per_hour,93 degree_Celsius,16.470588235294116 percent,6.0 degree,,,,16.07843137254902 percent,1725087716.090725
4,1725087716.3901427,92.0 kilometer_per_hour,93 degree_Celsius,16.470588235294116 percent,6.0 degree,,,,16.07843137254902 percent,1725087716.6303966
5,1725087716.929952,90.0 kilometer_per_hour,93 degree_Celsius,16.470588235294116 percent,5.5 degree,,,,17.254901960784313 percent,1725087717.1699007
6,1725087717.469603,90.0 kilometer_per_hour,93 degree_Celsius,19.215686274509803 percent,29.0 degree,,,,17.254901960784313 percent,1725087717.7096827
7,1725087718.0093615,89.0 kilometer_per_hour,93 degree_Celsius,19.607843137254903 percent,42.0 degree,,,,17.647058823529413 percent,1725087718.2491384
8,1725087718.5490592,88.0 kilometer_per_hour,93 degree_Celsius,21.96078431372549 percent,39.5 degree,,,,18.823529411764707 percent,1725087718.7891347
9,1725087719.0887487,88.0 kilometer_per_hour,93 degree_Celsius,26.666666666666668 percent,35.0 degree,,,,18.823529411764707 percent,1725087719.3287914
10,1725087719.6285794,87.0 kilometer_per_hour,93 degree_Celsius,28.235294117647058 percent,34.0 degree,,,,18.823529411764707 percent,1725087719.8685887
11,1725087720.1682234,87.0 kilometer_per_hour,93 degree_Celsius,28.627450980392158 percent,33.0 degree,,,,18.823529411764707 percent,1725087720.408075
12,1725087720.7079437,87.0 kilometer_per_hour,93 degree_Celsius,28.627450980392158 percent,33.0 degree,,,,18.823529411764707 percent,1725087720.9478872
13,1725087721.247557,86.0 kilometer_per_hour,93 degree_Celsius,28.235294117647058 percent,34.0 degree,,,,18.823529411764707 percent,1725087721.4876173
14,1725087721.7874494,86.0 kilometer_per_hour,93 degree_Celsius,27.45098039215686 percent,33.5 degree,,,,18.03921568627451 percent,1725087722.0275097
15,1725087722.3269398,85.0 kilometer_per_hour,93 degree_Celsius,23.137254901960784 percent,18.5 degree,,,,17.254901960784313 percent,1725087722.5671666
16,1725087722.8666115,84.0 kilometer_per_hour,92 degree_Celsius,18.823529411764707 percent,2.5 degree,,,,15.686274509803921 percent,1725087723.1069233
17,1725087723.4064677,84.0 kilometer_per_hour,92 degree_Celsius,16.470588235294116 percent,3.5 degree,,,,15.686274509803921 percent,1725087723.6464627
18,1725087723.9462435,83.0 kilometer_per_hour,92 degree_Celsius,16.07843137254902 percent,4.0 degree,,,,15.686274509803921 percent,1725087724.1862206
19,1725087724.485732,82.0 kilometer_per_hour,92 degree_Celsius,16.07843137254902 percent,4.0 degree,,,,15.686274509803921 percent,1725087724.7260306
20,1725087725.0251894,81.0 kilometer_per_hour,92 degree_Celsius,16.470588235294116 percent,4.0 degree,,,,15.686274509803921 percent,1725087725.2656994
21,1725087725.56546,80.0 kilometer_per_hour,92 degree_Celsius,16.862745098039216 percent,3.5 degree,,,,15.294117647058824 percent,1725087725.8046563
22,1725087726.104917,79.0 kilometer_per_hour,92 degree_Celsius,16.862745098039216 percent,3.5 degree,,,,15.294117647058824 percent,1725087726.3450139
23,1725087726.6447403,78.0 kilometer_per_hour,92 degree_Celsius,17.254901960784313 percent,3.0 degree,,,,15.686274509803921 percent,1725087726.8842309
24,1725087727.1843128,78.0 kilometer_per_hour,91 degree_Celsius,20.784313725490197 percent,12.0 degree,,,,16.07843137254902 percent,1725087727.4244668
25,1725087727.7242315,77.0 kilometer_per_hour,91 degree_Celsius,21.568627450980394 percent,14.0 degree,,,,16.470588235294116 percent,1725087727.9642284
26,1725087728.263955,76.0 kilometer_per_hour,91 degree_Celsius,21.176470588235293 percent,19.5 degree,,,,16.862745098039216 percent,1725087728.5038695
27,1725087728.8034005,75.0 kilometer_per_hour,91 degree_Celsius,21.568627450980394 percent,34.5 degree,,,,16.862745098039216 percent,1725087729.043756
28,1725087729.343333,75.0 kilometer_per_hour,91 degree_Celsius,21.176470588235293 percent,8.0 degree,,,,16.470588235294116 percent,1725087729.5828037
29,1725087729.8832781,74.0 kilometer_per_hour,91 degree_Celsius,18.431372549019606 percent,1.0 degree,,,,15.686274509803921 percent,1725087730.1230805
30,1725087730.422694,73.0 kilometer_per_hour,90 degree_Celsius,18.03921568627451 percent,1.5 degree,,,,15.294117647058824 percent,1725087730.6629581
31,1725087730.9623606,73.0 kilometer_per_hour,90 degree_Celsius,18.03921568627451 percent,1.5 degree,,,,15.294117647058824 percent,1725087731.202457
32,1725087731.5020833,72.0 kilometer_per_hour,90 degree_Celsius,18.03921568627451 percent,1.5 degree,,,,14.901960784313726 percent,1725087731.7424586
33,1725087732.0419123,70.0 kilometer_per_hour,90 degree_Celsius,18.431372549019606 percent,1.5 degree,,,,14.509803921568627 percent,1725087732.282185
34,1725087732.5813549,69.0 kilometer_per_hour,90 degree_Celsius,18.431372549019606 percent,1.0 degree,,,,14.509803921568627 percent,1725087732.8219035
35,1725087733.121335,66.0 kilometer_per_hour,90 degree_Celsius,18.431372549019606 percent,0.5 degree,,,,14.509803921568627 percent,1725087733.361407
36,1725087733.6611516,64.0 kilometer_per_hour,90 degree_Celsius,18.431372549019606 percent,0.0 degree,,,,14.117647058823529 percent,1725087733.901259
37,1725087734.2008798,63.0 kilometer_per_hour,90 degree_Celsius,18.431372549019606 percent,0.0 degree,,,,14.117647058823529 percent,1725087734.4409301
0,1725087751.7421584,61.0 kilometer_per_hour,93 degree_Celsius,27.45098039215686 percent,0.5 degree,,,,16.470588235294116 percent,1725087751.9822154
1,1725087752.2819517,59.0 kilometer_per_hour,93 degree_Celsius,20.0 percent,-1.5 degree,,,,15.294117647058824 percent,1725087752.5217438
2,1725087752.8208385,58.0 kilometer_per_hour,93 degree_Celsius,18.03921568627451 percent,-1.5 degree,,,,14.901960784313726 percent,1725087753.0615268
3,1725087753.361245,57.0 kilometer_per_hour,93 degree_Celsius,17.647058823529413 percent,-1.5 degree,,,,14.901960784313726 percent,1725087753.600648
4,1725087753.9009705,56.0 kilometer_per_hour,93 degree_Celsius,17.647058823529413 percent,-1.0 degree,,,,14.901960784313726 percent,1725087754.1410475
5,1725087754.4405081,55.0 kilometer_per_hour,93 degree_Celsius,20.784313725490197 percent,38.0 degree,,,,19.607843137254903 percent,1725087754.6806245
6,1725087754.9802244,55.0 kilometer_per_hour,94 degree_Celsius,44.31372549019608 percent,23.0 degree,,,,20.0 percent,1725087755.2204626
7,1725087755.52025,55.0 kilometer_per_hour,94 degree_Celsius,56.470588235294116 percent,23.5 degree,,,,21.176470588235293 percent,1725087755.7600827
8,1725087756.0596104,55.0 kilometer_per_hour,94 degree_Celsius,67.84313725490196 percent,22.5 degree,,,,21.568627450980394 percent,1725087756.2996864
9,1725087756.5990093,55.0 kilometer_per_hour,94 degree_Celsius,72.15686274509804 percent,22.5 degree,,,,21.96078431372549 percent,1725087756.839537
10,1725087757.139188,55.0 kilometer_per_hour,94 degree_Celsius,74.11764705882354 percent,22.5 degree,,,,22.745098039215687 percent,1725087757.3786597
11,1725087757.6790912,56.0 kilometer_per_hour,94 degree_Celsius,85.09803921568627 percent,21.5 degree,,,,23.92156862745098 percent,1725087757.918867
12,1725087758.2184968,56.0 kilometer_per_hour,94 degree_Celsius,81.96078431372548 percent,20.5 degree,,,,24.313725490196077 percent,1725087758.4585702
13,1725087758.7584245,56.0 kilometer_per_hour,94 degree_Celsius,82.74509803921569 percent,19.0 degree,,,,24.705882352941178 percent,1725087758.9986837
14,1725087759.298329,57.0 kilometer_per_hour,94 degree_Celsius,82.3529411764706 percent,18.5 degree,,,,24.705882352941178 percent,1725087759.5381813
15,1725087759.8381457,57.0 kilometer_per_hour,94 degree_Celsius,82.74509803921569 percent,19.0 degree,,,,25.49019607843137 percent,1725087760.0780165
16,1725087760.3772144,58.0 kilometer_per_hour,94 degree_Celsius,69.01960784313725 percent,14.0 degree,,,,13.333333333333334 percent,1725087760.6177027
17,1725087760.9174774,58.0 kilometer_per_hour,94 degree_Celsius,35.294117647058826 percent,14.5 degree,,,,16.470588235294116 percent,1725087761.1570356
18,1725087761.4570503,57.0 kilometer_per_hour,94 degree_Celsius,27.058823529411764 percent,11.5 degree,,,,15.686274509803921 percent,1725087761.6972682
19,1725087761.996962,57.0 kilometer_per_hour,94 degree_Celsius,22.352941176470587 percent,-2.5 degree,,,,17.254901960784313 percent,1725087762.2381718
20,1725087762.539287,56.0 kilometer_per_hour,94 degree_Celsius,18.823529411764707 percent,-2.0 degree,,,,15.294117647058824 percent,1725087762.7808056
21,1725087763.0820026,55.0 kilometer_per_hour,94 degree_Celsius,17.647058823529413 percent,-2.5 degree,,,,14.901960784313726 percent,1725087763.3230438
22,1725087763.6245413,55.0 kilometer_per_hour,94 degree_Celsius,17.647058823529413 percent,-2.0 degree,,,,14.509803921568627 percent,1725087763.865607
23,1725087764.1665719,54.0 kilometer_per_hour,94 degree_Celsius,17.647058823529413 percent,-2.0 degree,,,,14.509803921568627 percent,1725087764.4078774
24,1725087764.708923,53.0 kilometer_per_hour,94 degree_Celsius,17.647058823529413 percent,24.0 degree,,,,15.294117647058824 percent,1725087764.9500043
25,1725087765.2509959,53.0 kilometer_per_hour,94 degree_Celsius,20.784313725490197 percent,21.5 degree,,,,15.294117647058824 percent,1725087765.4920406
26,1725087765.7930725,52.0 kilometer_per_hour,94 degree_Celsius,21.176470588235293 percent,17.5 degree,,,,15.294117647058824 percent,1725087766.0343482
27,1725087766.3349934,52.0 kilometer_per_hour,94 degree_Celsius,40.0 percent,2.0 degree,,,,22.745098039215687 percent,1725087766.5762997
28,1725087766.8771794,52.0 kilometer_per_hour,94 degree_Celsius,70.98039215686275 percent,20.5 degree,,,,21.568627450980394 percent,1725087767.123603
29,1725087767.4185743,52.0 kilometer_per_hour,94 degree_Celsius,69.01960784313725 percent,22.0 degree,,,,21.176470588235293 percent,1725087767.6599665
30,1725087767.9608119,52.0 kilometer_per_hour,94 degree_Celsius,69.01960784313725 percent,22.5 degree,,,,20.784313725490197 percent,1725087768.2015266
31,1725087768.5024133,52.0 kilometer_per_hour,94 degree_Celsius,68.62745098039215 percent,23.0 degree,,,,20.784313725490197 percent,1725087768.7436674
32,1725087769.0443008,52.0 kilometer_per_hour,93 degree_Celsius,71.76470588235294 percent,22.5 degree,,,,21.568627450980394 percent,1725087769.2853105
33,1725087769.5856748,53.0 kilometer_per_hour,93 degree_Celsius,75.29411764705883 percent,22.0 degree,,,,21.568627450980394 percent,1725087769.8269184
34,1725087770.1270013,53.0 kilometer_per_hour,93 degree_Celsius,77.6470588235294 percent,21.5 degree,,,,21.96078431372549 percent,1725087770.3683488
35,1725087770.6690595,53.0 kilometer_per_hour,93 degree_Celsius,78.82352941176471 percent,21.0 degree,,,,21.96078431372549 percent,1725087770.9099433
36,1725087771.2105608,53.0 kilometer_per_hour,93 degree_Celsius,74.90196078431373 percent,20.5 degree,,,,21.96078431372549 percent,1725087771.4512334
0,1725087786.5072806,51.0 kilometer_per_hour,91 degree_Celsius,63.92156862745098 percent,24.0 degree,,,,20.392156862745097 percent,1725087786.7476892
1,1725087787.047867,51.0 kilometer_per_hour,91 degree_Celsius,65.49019607843137 percent,23.0 degree,,,,20.392156862745097 percent,1725087787.288253
2,1725087787.5885434,51.0 kilometer_per_hour,91 degree_Celsius,38.8235294117647 percent,28.0 degree,,,,15.686274509803921 percent,1725087787.828693
3,1725087788.1287043,51.0 kilometer_per_hour,91 degree_Celsius,31.372549019607842 percent,3.0 degree,,,,15.294117647058824 percent,1725087788.3693914
4,1725087788.6695206,50.0 kilometer_per_hour,91 degree_Celsius,25.88235294117647 percent,-6.5 degree,,,,14.509803921568627 percent,1725087788.9093912
5,1725087789.2098987,50.0 kilometer_per_hour,91 degree_Celsius,54.90196078431372 percent,21.0 degree,,,,19.607843137254903 percent,1725087789.450092
6,1725087789.7504175,49.0 kilometer_per_hour,91 degree_Celsius,51.372549019607845 percent,21.0 degree,,,,15.294117647058824 percent,1725087789.9907467
7,1725087790.2907655,49.0 kilometer_per_hour,91 degree_Celsius,32.549019607843135 percent,5.5 degree,,,,15.294117647058824 percent,1725087790.5311282
8,1725087790.8312993,49.0 kilometer_per_hour,91 degree_Celsius,27.45098039215686 percent,-8.0 degree,,,,14.901960784313726 percent,1725087791.0717952
9,1725087791.3717947,48.0 kilometer_per_hour,91 degree_Celsius,20.392156862745097 percent,-7.0 degree,,,,13.333333333333334 percent,1725087791.6120338
10,1725087791.9115944,47.0 kilometer_per_hour,91 degree_Celsius,18.823529411764707 percent,4.0 degree,,,,14.117647058823529 percent,1725087792.1522768
11,1725087792.4522905,47.0 kilometer_per_hour,91 degree_Celsius,30.58823529411765 percent,24.0 degree,,,,17.647058823529413 percent,1725087792.6921988
12,1725087792.992954,47.0 kilometer_per_hour,91 degree_Celsius,45.88235294117647 percent,24.0 degree,,,,18.823529411764707 percent,1725087793.2332652
13,1725087793.533399,46.0 kilometer_per_hour,91 degree_Celsius,43.13725490196079 percent,29.0 degree,,,,18.823529411764707 percent,1725087793.7739155
14,1725087794.0736914,46.0 kilometer_per_hour,91 degree_Celsius,41.568627450980394 percent,30.0 degree,,,,18.431372549019606 percent,1725087794.3141522
15,1725087794.6140416,46.0 kilometer_per_hour,92 degree_Celsius,38.8235294117647 percent,31.5 degree,,,,18.03921568627451 percent,1725087794.8544183
16,1725087795.1545749,45.0 kilometer_per_hour,92 degree_Celsius,42.745098039215684 percent,30.0 degree,,,,19.215686274509803 percent,1725087795.3946319
17,1725087795.6945229,45.0 kilometer_per_hour,92 degree_Celsius,47.450980392156865 percent,29.0 degree,,,,20.392156862745097 percent,1725087795.934992
18,1725087796.234863,45.0 kilometer_per_hour,92 degree_Celsius,57.64705882352941 percent,27.0 degree,,,,20.392156862745097 percent,1725087796.4749317
19,1725087796.7753901,45.0 kilometer_per_hour,92 degree_Celsius,57.64705882352941 percent,28.5 degree,,,,18.823529411764707 percent,1725087797.0157533
20,1725087797.315701,46.0 kilometer_per_hour,92 degree_Celsius,49.80392156862745 percent,31.5 degree,,,,17.647058823529413 percent,1725087797.5560343
21,1725087797.8561091,46.0 kilometer_per_hour,92 degree_Celsius,44.705882352941174 percent,31.0 degree,,,,18.823529411764707 percent,1725087798.0963974
22,1725087798.396434,45.0 kilometer_per_hour,92 degree_Celsius,43.92156862745098 percent,30.5 degree,,,,18.823529411764707 percent,1725087798.6359873
23,1725087798.9364474,45.0 kilometer_per_hour,92 degree_Celsius,35.294117647058826 percent,24.0 degree,,,,16.862745098039216 percent,1725087799.176928
24,1725087799.4765596,45.0 kilometer_per_hour,92 degree_Celsius,33.333333333333336 percent,32.0 degree,,,,18.03921568627451 percent,1725087799.716955
25,1725087800.0171309,45.0 kilometer_per_hour,92 degree_Celsius,38.431372549019606 percent,30.5 degree,,,,18.823529411764707 percent,1725087800.2572207
26,1725087800.5573983,45.0 kilometer_per_hour,92 degree_Celsius,38.03921568627451 percent,31.0 degree,,,,18.03921568627451 percent,1725087800.79772
27,1725087801.0975475,45.0 kilometer_per_hour,92 degree_Celsius,39.6078431372549 percent,30.5 degree,,,,18.431372549019606 percent,1725087801.3381898
28,1725087801.637796,44.0 kilometer_per_hour,92 degree_Celsius,45.09803921568628 percent,28.5 degree,,,,19.607843137254903 percent,1725087801.877945
29,1725087802.1781518,44.0 kilometer_per_hour,93 degree_Celsius,52.549019607843135 percent,27.0 degree,,,,19.215686274509803 percent,1725087802.417869
30,1725087802.7182937,44.0 kilometer_per_hour,93 degree_Celsius,49.411764705882355 percent,30.0 degree,,,,18.823529411764707 percent,1725087802.9586565
31,1725087803.258538,44.0 kilometer_per_hour,93 degree_Celsius,49.01960784313726 percent,29.5 degree,,,,19.215686274509803 percent,1725087803.4988494
32,1725087803.7987168,44.0 kilometer_per_hour,93 degree_Celsius,47.84313725490196 percent,29.0 degree,,,,15.294117647058824 percent,1725087804.0388594
33,1725087804.3390062,44.0 kilometer_per_hour,93 degree_Celsius,32.549019607843135 percent,12.0 degree,,,,16.07843137254902 percent,1725087804.5791728
34,1725087804.8791525,44.0 kilometer_per_hour,93 degree_Celsius,29.41176470588235 percent,32.5 degree,,,,19.215686274509803 percent,1725087805.119454
35,1725087805.4193122,43.0 kilometer_per_hour,93 degree_Celsius,43.529411764705884 percent,24.5 degree,,,,18.431372549019606 percent,1725087805.6595817
36,1725087805.959502,43.0 kilometer_per_hour,93 degree_Celsius,35.68627450980392 percent,30.5 degree,,,,16.07843137254902 percent,1725087806.1991217
37,1725087806.4994862,43.0 kilometer_per_hour,93 degree_Celsius,28.235294117647058 percent,8.5 degree,,,,15.686274509803921 percent,1725087806.7398922
0,1725087816.8226168,22.0 kilometer_per_hour,94 degree_Celsius,58.431372549019606 percent,13.0 degree,,,,20.784313725490197 percent,1725087817.0628538
1,1725087817.3628075,23.0 kilometer_per_hour,94 degree_Celsius,60.78431372549019 percent,25.0 degree,,,,21.176470588235293 percent,1725087817.602951
2,1725087817.9028826,23.0 kilometer_per_hour,94 degree_Celsius,70.19607843137256 percent,25.0 degree,,,,22.352941176470587 percent,1725087818.143036
3,1725087818.4429111,25.0 kilometer_per_hour,94 degree_Celsius,81.17647058823529 percent,24.5 degree,,,,23.92156862745098 percent,1725087818.6831443
4,1725087818.9829764,26.0 kilometer_per_hour,94 degree_Celsius,79.2156862745098 percent,24.5 degree,,,,23.92156862745098 percent,1725087819.223437
5,1725087819.5229678,27.0 kilometer_per_hour,94 degree_Celsius,65.49019607843137 percent,25.0 degree,,,,17.254901960784313 percent,1725087819.7628288
6,1725087820.0632575,28.0 kilometer_per_hour,94 degree_Celsius,34.90196078431372 percent,18.5 degree,,,,17.647058823529413 percent,1725087820.3033864
7,1725087820.6035867,28.0 kilometer_per_hour,94 degree_Celsius,29.41176470588235 percent,21.5 degree,,,,17.254901960784313 percent,1725087820.8496857
8,1725087821.1435516,27.0 kilometer_per_hour,94 degree_Celsius,26.274509803921568 percent,11.0 degree,,,,16.862745098039216 percent,1725087821.383817
9,1725087821.6836064,27.0 kilometer_per_hour,94 degree_Celsius,23.137254901960784 percent,-1.0 degree,,,,16.07843137254902 percent,1725087821.9238048
10,1725087822.223923,26.0 kilometer_per_hour,94 degree_Celsius,35.294117647058826 percent,4.5 degree,,,,21.568627450980394 percent,1725087822.4639802
11,1725087822.7634604,26.0 kilometer_per_hour,94 degree_Celsius,54.11764705882353 percent,28.5 degree,,,,19.607843137254903 percent,1725087823.003967
12,1725087823.3036888,27.0 kilometer_per_hour,94 degree_Celsius,54.509803921568626 percent,31.0 degree,,,,21.176470588235293 percent,1725087823.544009
13,1725087823.8439872,28.0 kilometer_per_hour,94 degree_Celsius,62.35294117647059 percent,28.0 degree,,,,22.352941176470587 percent,1725087824.0841932
14,1725087824.3840625,29.0 kilometer_per_hour,94 degree_Celsius,69.41176470588235 percent,26.0 degree,,,,22.745098039215687 percent,1725087824.6240814
15,1725087824.9241161,30.0 kilometer_per_hour,94 degree_Celsius,64.31372549019608 percent,26.0 degree,,,,21.96078431372549 percent,1725087825.1642926
16,1725087825.4643319,31.0 kilometer_per_hour,94 degree_Celsius,72.15686274509804 percent,24.0 degree,,,,22.745098039215687 percent,1725087825.7042093
17,1725087826.0044527,32.0 kilometer_per_hour,93 degree_Celsius,74.90196078431373 percent,24.5 degree,,,,22.352941176470587 percent,1725087826.2443979
18,1725087826.544023,33.0 kilometer_per_hour,93 degree_Celsius,71.76470588235294 percent,25.0 degree,,,,22.352941176470587 percent,1725087826.7841315
19,1725087827.0831187,34.0 kilometer_per_hour,93 degree_Celsius,71.37254901960785 percent,26.5 degree,,,,14.509803921568627 percent,1725087827.3225727
20,1725087827.6209905,34.0 kilometer_per_hour,93 degree_Celsius,34.11764705882353 percent,23.5 degree,,,,16.862745098039216 percent,1725087827.8602045
21,1725087828.1588905,34.0 kilometer_per_hour,93 degree_Celsius,29.019607843137255 percent,37.5 degree,,,,16.07843137254902 percent,1725087828.3980854
22,1725087828.6960757,34.0 kilometer_per_hour,93 degree_Celsius,42.745098039215684 percent,29.5 degree,,,,12.941176470588236 percent,1725087828.935594
23,1725087829.2343316,34.0 kilometer_per_hour,93 degree_Celsius,22.352941176470587 percent,17.0 degree,,,,15.294117647058824 percent,1725087829.4728358
24,1725087829.7718785,33.0 kilometer_per_hour,93 degree_Celsius,21.96078431372549 percent,10.5 degree,,,,15.294117647058824 percent,1725087830.0113304
25,1725087830.310044,32.0 kilometer_per_hour,93 degree_Celsius,21.568627450980394 percent,17.5 degree,,,,15.294117647058824 percent,1725087830.5491076
26,1725087830.847882,31.0 kilometer_per_hour,93 degree_Celsius,21.176470588235293 percent,0.0 degree,,,,15.294117647058824 percent,1725087831.087003
27,1725087831.3859825,30.0 kilometer_per_hour,93 degree_Celsius,19.215686274509803 percent,-2.0 degree,,,,14.117647058823529 percent,1725087831.6254766
28,1725087831.9243045,29.0 kilometer_per_hour,93 degree_Celsius,17.647058823529413 percent,-2.5 degree,,,,13.72549019607843 percent,1725087832.163268
29,1725087832.4614635,26.0 kilometer_per_hour,93 degree_Celsius,17.647058823529413 percent,-4.0 degree,,,,13.333333333333334 percent,1725087832.701482
30,1725087833.0002382,24.0 kilometer_per_hour,92 degree_Celsius,17.647058823529413 percent,-7.0 degree,,,,19.215686274509803 percent,1725087833.23898
31,1725087833.538088,22.0 kilometer_per_hour,92 degree_Celsius,25.88235294117647 percent,8.0 degree,,,,20.392156862745097 percent,1725087833.778083
32,1725087834.0767298,22.0 kilometer_per_hour,92 degree_Celsius,47.05882352941177 percent,9.0 degree,,,,12.156862745098039 percent,1725087834.316433
33,1725087834.6150284,21.0 kilometer_per_hour,92 degree_Celsius,22.352941176470587 percent,17.5 degree,,,,14.901960784313726 percent,1725087834.8539152
34,1725087835.1543777,21.0 kilometer_per_hour,92 degree_Celsius,21.176470588235293 percent,7.5 degree,,,,14.509803921568627 percent,1725087835.3930857
35,1725087835.6913629,20.0 kilometer_per_hour,92 degree_Celsius,21.176470588235293 percent,6.5 degree,,,,14.509803921568627 percent,1725087835.9308197
36,1725087836.229881,19.0 kilometer_per_hour,92 degree_Celsius,21.176470588235293 percent,11.5 degree,,,,14.509803921568627 percent,1725087836.4695425
37,1725087836.7684093,18.0 kilometer_per_hour,92 degree_Celsius,21.176470588235293 percent,16.0 degree,,,,14.117647058823529 percent,1725087837.0078368
0,1725087848.1158285,4.0 kilometer_per_hour,92 degree_Celsius,67.05882352941177 percent,6.0 degree,,,,20.392156862745097 percent,1725087848.355754
1,1725087848.654947,6.0 kilometer_per_hour,92 degree_Celsius,63.13725490196079 percent,15.0 degree,,,,21.568627450980394 percent,1725087848.8946085
2,1725087849.1943426,7.0 kilometer_per_hour,92 degree_Celsius,67.05882352941177 percent,25.5 degree,,,,21.568627450980394 percent,1725087849.4340615
3,1725087849.7334645,9.0 kilometer_per_hour,92 degree_Celsius,68.23529411764706 percent,27.0 degree,,,,21.568627450980394 percent,1725087849.97345
4,1725087850.278721,11.0 kilometer_per_hour,93 degree_Celsius,60.78431372549019 percent,28.0 degree,,,,21.176470588235293 percent,1725087850.5119824
5,1725087850.812064,12.0 kilometer_per_hour,93 degree_Celsius,51.76470588235294 percent,16.0 degree,,,,18.823529411764707 percent,1725087851.052085
6,1725087851.3512304,13.0 kilometer_per_hour,93 degree_Celsius,39.6078431372549 percent,31.0 degree,,,,15.686274509803921 percent,1725087851.5909176
7,1725087851.8904684,13.0 kilometer_per_hour,93 degree_Celsius,33.72549019607843 percent,20.5 degree,,,,16.470588235294116 percent,1725087852.1304474
8,1725087852.429844,12.0 kilometer_per_hour,93 degree_Celsius,32.15686274509804 percent,15.0 degree,,,,16.862745098039216 percent,1725087852.6759987
9,1725087852.969226,11.0 kilometer_per_hour,93 degree_Celsius,37.254901960784316 percent,23.0 degree,,,,21.176470588235293 percent,1725087853.2089567
10,1725087853.5080147,11.0 kilometer_per_hour,93 degree_Celsius,51.76470588235294 percent,19.5 degree,,,,12.156862745098039 percent,1725087853.75447
11,1725087854.0479774,11.0 kilometer_per_hour,93 degree_Celsius,40.3921568627451 percent,1.0 degree,,,,16.862745098039216 percent,1725087854.2872539
12,1725087854.5872371,10.0 kilometer_per_hour,93 degree_Celsius,38.03921568627451 percent,0.0 degree,,,,16.470588235294116 percent,1725087854.8271072
13,1725087855.126661,9.0 kilometer_per_hour,93 degree_Celsius,40.0 percent,0.5 degree,,,,19.215686274509803 percent,1725087855.3666818
14,1725087855.6660562,9.0 kilometer_per_hour,93 degree_Celsius,58.8235294117647 percent,20.0 degree,,,,20.784313725490197 percent,1725087855.906166
15,1725087856.2053254,9.0 kilometer_per_hour,93 degree_Celsius,66.66666666666667 percent,10.5 degree,,,,21.96078431372549 percent,1725087856.4453282
16,1725087856.7449422,10.0 kilometer_per_hour,93 degree_Celsius,66.66666666666667 percent,27.0 degree,,,,22.352941176470587 percent,1725087856.98478
17,1725087857.2838128,12.0 kilometer_per_hour,93 degree_Celsius,61.96078431372549 percent,27.0 degree,,,,22.745098039215687 percent,1725087857.5243745
18,1725087857.8240497,13.0 kilometer_per_hour,93 degree_Celsius,62.745098039215684 percent,5.5 degree,,,,23.137254901960784 percent,1725087858.063684
19,1725087858.3633423,15.0 kilometer_per_hour,94 degree_Celsius,61.1764705882353 percent,6.5 degree,,,,16.862745098039216 percent,1725087858.6030686
20,1725087858.9029212,16.0 kilometer_per_hour,94 degree_Celsius,36.470588235294116 percent,15.0 degree,,,,20.784313725490197 percent,1725087859.1427662
21,1725087859.4416947,17.0 kilometer_per_hour,94 degree_Celsius,61.1764705882353 percent,25.5 degree,,,,23.137254901960784 percent,1725087859.6821218
22,1725087859.9816957,19.0 kilometer_per_hour,94 degree_Celsius,62.745098039215684 percent,26.0 degree,,,,23.137254901960784 percent,1725087860.2215726
23,1725087860.5212948,21.0 kilometer_per_hour,94 degree_Celsius,65.09803921568627 percent,25.5 degree,,,,23.529411764705884 percent,1725087860.761063
24,1725087861.0601912,23.0 kilometer_per_hour,94 degree_Celsius,67.45098039215686 percent,25.5 degree,,,,23.92156862745098 percent,1725087861.3007286
25,1725087861.6000807,24.0 kilometer_per_hour,94 degree_Celsius,70.98039215686275 percent,3.0 degree,,,,25.88235294117647 percent,1725087861.839896
26,1725087862.1398153,26.0 kilometer_per_hour,94 degree_Celsius,81.96078431372548 percent,21.0 degree,,,,25.49019607843137 percent,1725087862.3798175
27,1725087862.6793332,27.0 kilometer_per_hour,94 degree_Celsius,81.17647058823529 percent,21.5 degree,,,,25.49019607843137 percent,1725087862.9191933
28,1725087863.2187366,29.0 kilometer_per_hour,94 degree_Celsius,79.6078431372549 percent,21.5 degree,,,,25.49019607843137 percent,1725087863.4587438
29,1725087863.7584128,30.0 kilometer_per_hour,94 degree_Celsius,76.47058823529412 percent,21.0 degree,,,,25.098039215686274 percent,1725087863.998334
30,1725087864.2979808,31.0 kilometer_per_hour,94 degree_Celsius,72.94117647058823 percent,21.5 degree,,,,25.098039215686274 percent,1725087864.5378428
31,1725087864.8370118,32.0 kilometer_per_hour,94 degree_Celsius,71.76470588235294 percent,21.5 degree,,,,25.49019607843137 percent,1725087865.0775583
32,1725087865.3771455,33.0 kilometer_per_hour,94 degree_Celsius,72.94117647058823 percent,21.5 degree,,,,25.49019607843137 percent,1725087865.6227229
33,1725087865.9166808,35.0 kilometer_per_hour,94 degree_Celsius,72.94117647058823 percent,22.5 degree,,,,25.49019607843137 percent,1725087866.1565213
34,1725087866.4559498,36.0 kilometer_per_hour,94 degree_Celsius,72.15686274509804 percent,22.5 degree,,,,25.49019607843137 percent,1725087866.6960127
35,1725087866.9957938,37.0 kilometer_per_hour,94 degree_Celsius,71.76470588235294 percent,23.0 degree,,,,25.88235294117647 percent,1725087867.2356622
36,1725087867.5353532,38.0 kilometer_per_hour,94 degree_Celsius,72.54901960784314 percent,23.0 degree,,,,26.274509803921568 percent,1725087867.775219
37,1725087868.0750844,38.0 kilometer_per_hour,94 degree_Celsius,73.72549019607843 percent,4.5 degree,,,,26.274509803921568 percent,1725087868.3151007
0,1725087876.919164,29.0 kilometer_per_hour,94 degree_Celsius,18.431372549019606 percent,13.0 degree,,,,18.823529411764707 percent,1725087877.159256
1,1725087877.458886,28.0 kilometer_per_hour,94 degree_Celsius,37.254901960784316 percent,21.0 degree,,,,16.470588235294116 percent,1725087877.6986558
2,1725087877.9982924,28.0 kilometer_per_hour,94 degree_Celsius,27.84313725490196 percent,25.5 degree,,,,15.686274509803921 percent,1725087878.2383845
3,1725087878.5383565,26.0 kilometer_per_hour,94 degree_Celsius,23.92156862745098 percent,20.5 degree,,,,15.294117647058824 percent,1725087878.778232
4,1725087879.077348,24.0 kilometer_per_hour,94 degree_Celsius,32.15686274509804 percent,-1.0 degree,,,,17.254901960784313 percent,1725087879.3178644
5,1725087879.6174498,23.0 kilometer_per_hour,94 degree_Celsius,30.19607843137255 percent,-6.0 degree,,,,17.254901960784313 percent,1725087879.856963
6,1725087880.1572392,22.0 kilometer_per_hour,93 degree_Celsius,60.0 percent,21.5 degree,,,,24.313725490196077 percent,1725087880.397334
7,1725087880.6970809,23.0 kilometer_per_hour,93 degree_Celsius,80.0 percent,20.5 degree,,,,31.764705882352942 percent,1725087880.9370608
8,1725087881.2367818,24.0 kilometer_per_hour,93 degree_Celsius,92.15686274509804 percent,17.0 degree,,,,32.15686274509804 percent,1725087881.4765666
9,1725087881.7762945,26.0 kilometer_per_hour,93 degree_Celsius,95.29411764705883 percent,16.5 degree,,,,34.11764705882353 percent,1725087882.0164337
10,1725087882.3161695,28.0 kilometer_per_hour,93 degree_Celsius,92.94117647058823 percent,17.5 degree,,,,32.15686274509804 percent,1725087882.5564861
11,1725087882.8559089,30.0 kilometer_per_hour,93 degree_Celsius,89.80392156862744 percent,13.5 degree,,,,30.980392156862745 percent,1725087883.0957818
12,1725087883.395477,32.0 kilometer_per_hour,93 degree_Celsius,86.27450980392157 percent,15.0 degree,,,,29.80392156862745 percent,1725087883.6349387
13,1725087883.9351861,33.0 kilometer_per_hour,93 degree_Celsius,83.13725490196079 percent,17.0 degree,,,,29.019607843137255 percent,1725087884.175269
14,1725087884.4748955,35.0 kilometer_per_hour,93 degree_Celsius,81.17647058823529 percent,18.5 degree,,,,29.019607843137255 percent,1725087884.7149692
15,1725087885.014613,37.0 kilometer_per_hour,93 degree_Celsius,79.2156862745098 percent,18.5 degree,,,,29.019607843137255 percent,1725087885.2546718
16,1725087885.5543077,38.0 kilometer_per_hour,93 degree_Celsius,70.19607843137256 percent,20.0 degree,,,,29.41176470588235 percent,1725087885.8000822
17,1725087886.0999644,40.0 kilometer_per_hour,93 degree_Celsius,67.84313725490196 percent,20.5 degree,,,,25.098039215686274 percent,1725087886.3341384
18,1725087886.633315,41.0 kilometer_per_hour,93 degree_Celsius,45.490196078431374 percent,15.5 degree,,,,20.784313725490197 percent,1725087886.8738458
19,1725087887.1734092,41.0 kilometer_per_hour,93 degree_Celsius,38.431372549019606 percent,21.0 degree,,,,20.392156862745097 percent,1725087887.4134426
20,1725087887.7131615,41.0 kilometer_per_hour,93 degree_Celsius,42.745098039215684 percent,30.5 degree,,,,20.0 percent,1725087887.953124
21,1725087888.2529037,40.0 kilometer_per_hour,93 degree_Celsius,52.549019607843135 percent,27.5 degree,,,,21.568627450980394 percent,1725087888.4930193
22,1725087888.7924416,40.0 kilometer_per_hour,93 degree_Celsius,87.05882352941177 percent,22.0 degree,,,,26.274509803921568 percent,1725087889.0324407
23,1725087889.3323426,41.0 kilometer_per_hour,93 degree_Celsius,85.09803921568627 percent,20.5 degree,,,,28.627450980392158 percent,1725087889.5721354
24,1725087889.872086,42.0 kilometer_per_hour,93 degree_Celsius,85.49019607843137 percent,15.0 degree,,,,30.58823529411765 percent,1725087890.112343
25,1725087890.4117615,43.0 kilometer_per_hour,93 degree_Celsius,89.41176470588235 percent,15.0 degree,,,,33.333333333333336 percent,1725087890.6519017
26,1725087890.9518716,44.0 kilometer_per_hour,93 degree_Celsius,91.76470588235294 percent,14.5 degree,,,,34.90196078431372 percent,1725087891.1925457
27,1725087891.4933617,46.0 kilometer_per_hour,93 degree_Celsius,88.23529411764706 percent,17.5 degree,,,,40.3921568627451 percent,1725087891.734389
28,1725087892.0351632,47.0 kilometer_per_hour,94 degree_Celsius,88.23529411764706 percent,18.0 degree,,,,38.431372549019606 percent,1725087892.2759593
29,1725087892.5761423,49.0 kilometer_per_hour,93 degree_Celsius,87.05882352941177 percent,19.5 degree,,,,38.03921568627451 percent,1725087892.8175104
30,1725087893.1184714,50.0 kilometer_per_hour,93 degree_Celsius,85.88235294117646 percent,19.5 degree,,,,38.03921568627451 percent,1725087893.3589606
31,1725087893.659727,51.0 kilometer_per_hour,94 degree_Celsius,85.09803921568627 percent,19.5 degree,,,,38.03921568627451 percent,1725087893.9006755
32,1725087894.2012734,53.0 kilometer_per_hour,94 degree_Celsius,83.92156862745098 percent,18.5 degree,,,,37.64705882352941 percent,1725087894.4421737
33,1725087894.742714,54.0 kilometer_per_hour,94 degree_Celsius,82.74509803921569 percent,18.5 degree,,,,37.64705882352941 percent,1725087894.9834442
34,1725087895.2841516,55.0 kilometer_per_hour,94 degree_Celsius,81.17647058823529 percent,19.5 degree,,,,37.64705882352941 percent,1725087895.5249574
35,1725087895.8254266,56.0 kilometer_per_hour,94 degree_Celsius,80.0 percent,19.0 degree,,,,37.254901960784316 percent,1725087896.06618
36,1725087896.366208,57.0 kilometer_per_hour,94 degree_Celsius,78.82352941176471 percent,19.5 degree,,,,37.254901960784316 percent,1725087896.6072984
37,1725087896.9080608,58.0 kilometer_per_hour,94 degree_Celsius,78.43137254901961 percent,19.0 degree,,,,36.86274509803921 percent,1725087897.1485894
0,1725087910.2782016,59.0 kilometer_per_hour,94 degree_Celsius,16.862745098039216 percent,4.0 degree,,,,15.294117647058824 percent,1725087910.5184298
1,1725087910.8186817,59.0 kilometer_per_hour,94 degree_Celsius,16.862745098039216 percent,3.5 degree,,,,15.294117647058824 percent,1725087911.0588393
2,1725087911.35838,58.0 kilometer_per_hour,94 degree_Celsius,17.254901960784313 percent,3.0 degree,,,,15.294117647058824 percent,1725087911.5994718
3,1725087911.8994782,58.0 kilometer_per_hour,94 degree_Celsius,17.254901960784313 percent,3.0 degree,,,,14.901960784313726 percent,1725087912.1395993
4,1725087912.4399238,58.0 kilometer_per_hour,94 degree_Celsius,28.627450980392158 percent,15.5 degree,,,,24.705882352941178 percent,1725087912.6801932
5,1725087912.9803503,58.0 kilometer_per_hour,93 degree_Celsius,50.19607843137255 percent,10.5 degree,,,,17.254901960784313 percent,1725087913.2207983
6,1725087913.5208015,58.0 kilometer_per_hour,93 degree_Celsius,28.627450980392158 percent,23.0 degree,,,,17.254901960784313 percent,1725087913.7613788
7,1725087914.0612597,59.0 kilometer_per_hour,93 degree_Celsius,22.745098039215687 percent,9.5 degree,,,,16.470588235294116 percent,1725087914.3014672
8,1725087914.6015203,58.0 kilometer_per_hour,93 degree_Celsius,18.03921568627451 percent,2.5 degree,,,,15.686274509803921 percent,1725087914.8419867
9,1725087915.1412609,58.0 kilometer_per_hour,93 degree_Celsius,17.254901960784313 percent,2.5 degree,,,,15.294117647058824 percent,1725087915.382207
10,1725087915.6822438,58.0 kilometer_per_hour,93 degree_Celsius,17.254901960784313 percent,2.5 degree,,,,14.901960784313726 percent,1725087915.9222085
11,1725087916.2226896,57.0 kilometer_per_hour,93 degree_Celsius,17.647058823529413 percent,3.0 degree,,,,14.901960784313726 percent,1725087916.4631674
12,1725087916.7629855,55.0 kilometer_per_hour,93 degree_Celsius,17.647058823529413 percent,2.5 degree,,,,14.901960784313726 percent,1725087917.003345
13,1725087917.3033206,54.0 kilometer_per_hour,93 degree_Celsius,18.03921568627451 percent,2.0 degree,,,,14.901960784313726 percent,1725087917.5436795
14,1725087917.8436034,54.0 kilometer_per_hour,92 degree_Celsius,18.03921568627451 percent,2.0 degree,,,,14.901960784313726 percent,1725087918.0838253
15,1725087918.3837392,54.0 kilometer_per_hour,92 degree_Celsius,18.03921568627451 percent,2.0 degree,,,,14.901960784313726 percent,1725087918.624227
16,1725087918.9236403,54.0 kilometer_per_hour,92 degree_Celsius,18.431372549019606 percent,2.0 degree,,,,14.509803921568627 percent,1725087919.164362
17,1725087919.4644315,53.0 kilometer_per_hour,92 degree_Celsius,18.03921568627451 percent,2.0 degree,,,,14.509803921568627 percent,1725087919.704681
18,1725087920.0047832,53.0 kilometer_per_hour,92 degree_Celsius,18.03921568627451 percent,1.5 degree,,,,14.509803921568627 percent,1725087920.2450275
19,1725087920.544904,52.0 kilometer_per_hour,92 degree_Celsius,18.431372549019606 percent,1.0 degree,,,,14.509803921568627 percent,1725087920.7853541
20,1725087921.085258,52.0 kilometer_per_hour,92 degree_Celsius,18.431372549019606 percent,1.5 degree,,,,14.509803921568627 percent,1725087921.3257334
21,1725087921.6255114,51.0 kilometer_per_hour,91 degree_Celsius,18.431372549019606 percent,1.5 degree,,,,15.294117647058824 percent,1725087921.8654366
22,1725087922.1656604,49.0 kilometer_per_hour,91 degree_Celsius,18.431372549019606 percent,0.5 degree,,,,15.686274509803921 percent,1725087922.4058363
23,1725087922.7058573,46.0 kilometer_per_hour,91 degree_Celsius,18.431372549019606 percent,-0.5 degree,,,,14.901960784313726 percent,1725087922.9463155
24,1725087923.2460167,44.0 kilometer_per_hour,91 degree_Celsius,18.03921568627451 percent,-1.5 degree,,,,14.509803921568627 percent,1725087923.485906
25,1725087923.7863736,43.0 kilometer_per_hour,91 degree_Celsius,17.647058823529413 percent,-1.0 degree,,,,14.901960784313726 percent,1725087924.0266793
26,1725087924.32667,43.0 kilometer_per_hour,91 degree_Celsius,17.647058823529413 percent,-0.5 degree,,,,14.901960784313726 percent,1725087924.5667453
27,1725087924.866129,43.0 kilometer_per_hour,90 degree_Celsius,34.509803921568626 percent,29.5 degree,,,,17.254901960784313 percent,1725087925.106897
28,1725087925.406719,43.0 kilometer_per_hour,90 degree_Celsius,32.15686274509804 percent,31.5 degree,,,,17.254901960784313 percent,1725087925.652459
29,1725087925.9470553,43.0 kilometer_per_hour,90 degree_Celsius,27.058823529411764 percent,11.5 degree,,,,16.470588235294116 percent,1725087926.1872227
30,1725087926.4872243,42.0 kilometer_per_hour,90 degree_Celsius,21.96078431372549 percent,-3.5 degree,,,,14.509803921568627 percent,1725087926.73339
31,1725087927.0274081,40.0 kilometer_per_hour,90 degree_Celsius,18.03921568627451 percent,-4.0 degree,,,,14.901960784313726 percent,1725087927.2676399
32,1725087927.5675912,38.0 kilometer_per_hour,90 degree_Celsius,17.647058823529413 percent,-5.0 degree,,,,14.509803921568627 percent,1725087927.8078344
33,1725087928.107692,38.0 kilometer_per_hour,90 degree_Celsius,18.03921568627451 percent,-4.5 degree,,,,14.117647058823529 percent,1725087928.3479922
34,1725087928.6474454,37.0 kilometer_per_hour,90 degree_Celsius,18.03921568627451 percent,-4.5 degree,,,,14.117647058823529 percent,1725087928.8880067
35,1725087929.1877537,36.0 kilometer_per_hour,90 degree_Celsius,18.03921568627451 percent,-5.5 degree,,,,13.333333333333334 percent,1725087929.428027
36,1725087929.7280092,33.0 kilometer_per_hour,90 degree_Celsius,31.372549019607842 percent,2.5 degree,,,,15.686274509803921 percent,1725087929.968311
37,1725087930.268254,30.0 kilometer_per_hour,90 degree_Celsius,21.568627450980394 percent,-2.5 degree,,,,15.686274509803921 percent,1725087930.508565
0,1725087941.1000383,47.0 kilometer_per_hour,91 degree_Celsius,77.25490196078431 percent,19.5 degree,,,,27.45098039215686 percent,1725087941.340302
1,1725087941.640132,48.0 kilometer_per_hour,91 degree_Celsius,34.11764705882353 percent,30.5 degree,,,,18.03921568627451 percent,1725087941.8805354
2,1725087942.179679,49.0 kilometer_per_hour,92 degree_Celsius,23.137254901960784 percent,34.0 degree,,,,17.647058823529413 percent,1725087942.4201307
3,1725087942.7199552,49.0 kilometer_per_hour,92 degree_Celsius,19.607843137254903 percent,21.5 degree,,,,17.647058823529413 percent,1725087942.9597979
4,1725087943.260235,48.0 kilometer_per_hour,92 degree_Celsius,19.607843137254903 percent,10.0 degree,,,,18.03921568627451 percent,1725087943.5003867
5,1725087943.8002741,47.0 kilometer_per_hour,92 degree_Celsius,19.607843137254903 percent,4.5 degree,,,,16.470588235294116 percent,1725087944.040688
6,1725087944.340646,46.0 kilometer_per_hour,92 degree_Celsius,16.470588235294116 percent,5.0 degree,,,,16.470588235294116 percent,1725087944.5804753
7,1725087944.8804233,42.0 kilometer_per_hour,93 degree_Celsius,16.470588235294116 percent,4.0 degree,,,,16.07843137254902 percent,1725087945.120501
8,1725087945.4204702,40.0 kilometer_per_hour,93 degree_Celsius,17.254901960784313 percent,3.0 degree,,,,15.686274509803921 percent,1725087945.660793
9,1725087945.959962,39.0 kilometer_per_hour,93 degree_Celsius,17.647058823529413 percent,11.5 degree,,,,18.03921568627451 percent,1725087946.2007027
10,1725087946.5004869,39.0 kilometer_per_hour,93 degree_Celsius,31.764705882352942 percent,5.0 degree,,,,23.137254901960784 percent,1725087946.7402303
11,1725087947.0405195,40.0 kilometer_per_hour,93 degree_Celsius,60.3921568627451 percent,24.5 degree,,,,23.137254901960784 percent,1725087947.2806246
12,1725087947.5805275,41.0 kilometer_per_hour,93 degree_Celsius,67.45098039215686 percent,23.5 degree,,,,23.137254901960784 percent,1725087947.8210716
13,1725087948.1207044,42.0 kilometer_per_hour,93 degree_Celsius,63.529411764705884 percent,24.0 degree,,,,23.137254901960784 percent,1725087948.3608277
14,1725087948.6605766,43.0 kilometer_per_hour,93 degree_Celsius,56.07843137254902 percent,12.5 degree,,,,21.176470588235293 percent,1725087948.9005644
15,1725087949.2006314,43.0 kilometer_per_hour,93 degree_Celsius,43.92156862745098 percent,15.5 degree,,,,20.0 percent,1725087949.4410052
16,1725087949.7402098,44.0 kilometer_per_hour,93 degree_Celsius,33.72549019607843 percent,33.0 degree,,,,18.431372549019606 percent,1725087949.9807618
17,1725087950.2807145,44.0 kilometer_per_hour,93 degree_Celsius,21.96078431372549 percent,41.5 degree,,,,16.862745098039216 percent,1725087950.5207953
18,1725087950.8207247,44.0 kilometer_per_hour,93 degree_Celsius,19.215686274509803 percent,20.0 degree,,,,17.254901960784313 percent,1725087951.0609581
19,1725087951.360738,43.0 kilometer_per_hour,93 degree_Celsius,18.823529411764707 percent,9.0 degree,,,,17.647058823529413 percent,1725087951.6010256
20,1725087951.9006612,42.0 kilometer_per_hour,93 degree_Celsius,18.431372549019606 percent,3.0 degree,,,,16.470588235294116 percent,1725087952.1409793
21,1725087952.4410071,41.0 kilometer_per_hour,93 degree_Celsius,16.862745098039216 percent,2.5 degree,,,,16.07843137254902 percent,1725087952.6806765
22,1725087952.980758,39.0 kilometer_per_hour,93 degree_Celsius,17.647058823529413 percent,3.0 degree,,,,15.686274509803921 percent,1725087953.2210045
23,1725087953.520791,36.0 kilometer_per_hour,93 degree_Celsius,18.03921568627451 percent,1.5 degree,,,,15.686274509803921 percent,1725087953.7606778
24,1725087954.0607798,35.0 kilometer_per_hour,93 degree_Celsius,18.431372549019606 percent,1.0 degree,,,,15.294117647058824 percent,1725087954.3008604
25,1725087954.6008408,33.0 kilometer_per_hour,93 degree_Celsius,18.431372549019606 percent,-0.5 degree,,,,14.509803921568627 percent,1725087954.8409235
26,1725087955.1401834,30.0 kilometer_per_hour,93 degree_Celsius,18.03921568627451 percent,-1.5 degree,,,,13.72549019607843 percent,1725087955.3794243
27,1725087955.6776206,27.0 kilometer_per_hour,93 degree_Celsius,17.647058823529413 percent,-4.0 degree,,,,13.72549019607843 percent,1725087955.9175506
28,1725087956.2164433,24.0 kilometer_per_hour,93 degree_Celsius,35.294117647058826 percent,0.0 degree,,,,16.862745098039216 percent,1725087956.4550068
29,1725087956.754332,21.0 kilometer_per_hour,93 degree_Celsius,22.352941176470587 percent,7.5 degree,,,,15.294117647058824 percent,1725087956.993953
30,1725087957.2925396,20.0 kilometer_per_hour,93 degree_Celsius,21.176470588235293 percent,17.5 degree,,,,14.901960784313726 percent,1725087957.5321424
31,1725087957.8309586,18.0 kilometer_per_hour,93 degree_Celsius,21.176470588235293 percent,32.0 degree,,,,17.254901960784313 percent,1725087958.070251
32,1725087958.369352,17.0 kilometer_per_hour,92 degree_Celsius,34.509803921568626 percent,5.0 degree,,,,16.862745098039216 percent,1725087958.6087298
33,1725087958.9076939,17.0 kilometer_per_hour,92 degree_Celsius,37.64705882352941 percent,2.5 degree,,,,17.254901960784313 percent,1725087959.1469536
34,1725087959.4454696,17.0 kilometer_per_hour,92 degree_Celsius,36.86274509803921 percent,1.0 degree,,,,17.254901960784313 percent,1725087959.6854203
35,1725087959.9843552,17.0 kilometer_per_hour,92 degree_Celsius,50.98039215686274 percent,12.5 degree,,,,20.0 percent,1725087960.2293484
36,1725087960.523078,17.0 kilometer_per_hour,92 degree_Celsius,60.78431372549019 percent,23.0 degree,,,,21.568627450980394 percent,1725087960.7624445
37,1725087961.0615427,18.0 kilometer_per_hour,92 degree_Celsius,79.6078431372549 percent,23.5 degree,,,,24.313725490196077 percent,1725087961.300954
0,1725087969.8327515,31.0 kilometer_per_hour,92 degree_Celsius,27.45098039215686 percent,19.0 degree,,,,18.03921568627451 percent,1725087970.0722911
1,1725087970.3718982,31.0 kilometer_per_hour,92 degree_Celsius,24.313725490196077 percent,8.0 degree,,,,17.254901960784313 percent,1725087970.6115499
2,1725087970.9108295,30.0 kilometer_per_hour,92 degree_Celsius,22.745098039215687 percent,0.0 degree,,,,14.901960784313726 percent,1725087971.1506913
3,1725087971.4494805,28.0 kilometer_per_hour,92 degree_Celsius,18.03921568627451 percent,1.0 degree,,,,14.901960784313726 percent,1725087971.6901717
4,1725087971.9894073,28.0 kilometer_per_hour,92 degree_Celsius,18.03921568627451 percent,1.5 degree,,,,14.901960784313726 percent,1725087972.2284281
5,1725087972.5284624,27.0 kilometer_per_hour,92 degree_Celsius,18.431372549019606 percent,1.0 degree,,,,14.509803921568627 percent,1725087972.7679884
6,1725087973.0678623,26.0 kilometer_per_hour,91 degree_Celsius,18.431372549019606 percent,0.5 degree,,,,14.509803921568627 percent,1725087973.3077755
7,1725087973.6067393,25.0 kilometer_per_hour,91 degree_Celsius,18.431372549019606 percent,0.5 degree,,,,14.901960784313726 percent,1725087973.8466618
8,1725087974.1462255,24.0 kilometer_per_hour,91 degree_Celsius,21.568627450980394 percent,6.5 degree,,,,14.901960784313726 percent,1725087974.386143
9,1725087974.685423,23.0 kilometer_per_hour,91 degree_Celsius,21.176470588235293 percent,5.5 degree,,,,14.901960784313726 percent,1725087974.9313126
10,1725087975.2240512,22.0 kilometer_per_hour,91 degree_Celsius,20.784313725490197 percent,6.5 degree,,,,14.509803921568627 percent,1725087975.4647546
11,1725087975.7637734,19.0 kilometer_per_hour,91 degree_Celsius,20.784313725490197 percent,17.0 degree,,,,17.647058823529413 percent,1725087976.003396
12,1725087976.303312,17.0 kilometer_per_hour,91 degree_Celsius,32.549019607843135 percent,3.0 degree,,,,17.254901960784313 percent,1725087976.543216
13,1725087976.8424532,14.0 kilometer_per_hour,91 degree_Celsius,39.21568627450981 percent,-1.5 degree,,,,16.470588235294116 percent,1725087977.0825987
14,1725087977.382004,14.0 kilometer_per_hour,91 degree_Celsius,40.0 percent,-2.5 degree,,,,16.07843137254902 percent,1725087977.6217391
15,1725087977.9213045,13.0 kilometer_per_hour,91 degree_Celsius,41.96078431372549 percent,-2.0 degree,,,,16.07843137254902 percent,1725087978.1612148
16,1725087978.4607959,12.0 kilometer_per_hour,91 degree_Celsius,45.88235294117647 percent,-0.5 degree,,,,17.647058823529413 percent,1725087978.700582
17,1725087978.9995506,12.0 kilometer_per_hour,91 degree_Celsius,49.01960784313726 percent,-5.5 degree,,,,16.470588235294116 percent,1725087979.2398741
18,1725087979.5394397,12.0 kilometer_per_hour,91 degree_Celsius,60.78431372549019 percent,14.5 degree,,,,18.823529411764707 percent,1725087979.7787592
19,1725087980.0788279,11.0 kilometer_per_hour,91 degree_Celsius,74.90196078431373 percent,19.5 degree,,,,22.352941176470587 percent,1725087980.3187284
20,1725087980.6182125,12.0 kilometer_per_hour,91 degree_Celsius,72.54901960784314 percent,23.5 degree,,,,23.137254901960784 percent,1725087980.858219
21,1725087981.1577127,14.0 kilometer_per_hour,91 degree_Celsius,54.90196078431372 percent,30.5 degree,,,,12.941176470588236 percent,1725087981.3975377
22,1725087981.6971796,15.0 kilometer_per_hour,91 degree_Celsius,34.90196078431372 percent,12.5 degree,,,,13.333333333333334 percent,1725087981.9371297
23,1725087982.236601,15.0 kilometer_per_hour,91 degree_Celsius,38.8235294117647 percent,2.0 degree,,,,15.686274509803921 percent,1725087982.4766064
24,1725087982.7757056,14.0 kilometer_per_hour,92 degree_Celsius,38.431372549019606 percent,3.0 degree,,,,16.07843137254902 percent,1725087983.0159132
25,1725087983.3154192,14.0 kilometer_per_hour,92 degree_Celsius,39.6078431372549 percent,2.0 degree,,,,16.07843137254902 percent,1725087983.5553918
26,1725087983.8550272,14.0 kilometer_per_hour,92 degree_Celsius,40.78431372549019 percent,-0.5 degree,,,,16.07843137254902 percent,1725087984.0950487
27,1725087984.394616,14.0 kilometer_per_hour,92 degree_Celsius,41.96078431372549 percent,-1.0 degree,,,,16.07843137254902 percent,1725087984.6346202
28,1725087984.934128,13.0 kilometer_per_hour,92 degree_Celsius,41.96078431372549 percent,-1.5 degree,,,,16.07843137254902 percent,1725087985.173998
29,1725087985.4736485,13.0 kilometer_per_hour,92 degree_Celsius,43.13725490196079 percent,-1.5 degree,,,,16.470588235294116 percent,1725087985.7135425
30,1725087986.013047,13.0 kilometer_per_hour,92 degree_Celsius,43.92156862745098 percent,-1.0 degree,,,,17.254901960784313 percent,1725087986.2530901
31,1725087986.5521119,11.0 kilometer_per_hour,92 degree_Celsius,53.72549019607843 percent,1.0 degree,,,,18.03921568627451 percent,1725087986.7923422
32,1725087987.0919895,9.0 kilometer_per_hour,92 degree_Celsius,60.0 percent,-3.5 degree,,,,12.156862745098039 percent,1725087987.3320427
33,1725087987.6315992,8.0 kilometer_per_hour,92 degree_Celsius,53.72549019607843 percent,-3.0 degree,,,,13.72549019607843 percent,1725087987.8718083
34,1725087988.171341,8.0 kilometer_per_hour,92 degree_Celsius,60.3921568627451 percent,-10.0 degree,,,,18.03921568627451 percent,1725087988.4113026
35,1725087988.7107587,8.0 kilometer_per_hour,93 degree_Celsius,60.0 percent,27.0 degree,,,,22.352941176470587 percent,1725087988.950895
36,1725087989.2503412,9.0 kilometer_per_hour,93 degree_Celsius,56.07843137254902 percent,27.0 degree,,,,12.156862745098039 percent,1725087989.489754
37,1725087989.7898269,10.0 kilometer_per_hour,93 degree_Celsius,37.254901960784316 percent,12.0 degree,,,,17.254901960784313 percent,1725087990.0300457
0,1725088006.4293165,9.0 kilometer_per_hour,95 degree_Celsius,42.35294117647059 percent,31.5 degree,,,,18.03921568627451 percent,1725088006.6692953
1,1725088006.9690368,9.0 kilometer_per_hour,95 degree_Celsius,41.568627450980394 percent,31.0 degree,,,,18.431372549019606 percent,1725088007.2087939
2,1725088007.5085633,9.0 kilometer_per_hour,95 degree_Celsius,42.35294117647059 percent,31.5 degree,,,,18.431372549019606 percent,1725088007.7486548
3,1725088008.0486085,10.0 kilometer_per_hour,95 degree_Celsius,40.78431372549019 percent,33.0 degree,,,,18.431372549019606 percent,1725088008.2881334
4,1725088008.5942888,10.0 kilometer_per_hour,95 degree_Celsius,43.92156862745098 percent,32.0 degree,,,,19.215686274509803 percent,1725088008.828053
5,1725088009.1277497,10.0 kilometer_per_hour,95 degree_Celsius,49.411764705882355 percent,29.5 degree,,,,19.215686274509803 percent,1725088009.367974
6,1725088009.6675751,11.0 kilometer_per_hour,95 degree_Celsius,55.68627450980392 percent,27.5 degree,,,,19.215686274509803 percent,1725088009.9076219
7,1725088010.2071807,12.0 kilometer_per_hour,95 degree_Celsius,54.90196078431372 percent,27.5 degree,,,,19.607843137254903 percent,1725088010.447385
8,1725088010.7470217,13.0 kilometer_per_hour,95 degree_Celsius,52.15686274509804 percent,29.5 degree,,,,18.823529411764707 percent,1725088010.9867606
9,1725088011.2860737,13.0 kilometer_per_hour,95 degree_Celsius,47.84313725490196 percent,30.5 degree,,,,18.431372549019606 percent,1725088011.5267756
10,1725088011.8264349,14.0 kilometer_per_hour,95 degree_Celsius,47.05882352941177 percent,30.5 degree,,,,18.431372549019606 percent,1725088012.0658135
11,1725088012.366556,14.0 kilometer_per_hour,94 degree_Celsius,46.27450980392157 percent,31.0 degree,,,,18.03921568627451 percent,1725088012.6063197
12,1725088012.9059758,15.0 kilometer_per_hour,94 degree_Celsius,45.09803921568628 percent,32.0 degree,,,,18.823529411764707 percent,1725088013.1459746
13,1725088013.445684,15.0 kilometer_per_hour,94 degree_Celsius,46.666666666666664 percent,31.5 degree,,,,18.823529411764707 percent,1725088013.6856694
14,1725088013.9852805,16.0 kilometer_per_hour,94 degree_Celsius,47.84313725490196 percent,31.0 degree,,,,18.823529411764707 percent,1725088014.2253895
15,1725088014.5251036,16.0 kilometer_per_hour,94 degree_Celsius,48.627450980392155 percent,31.0 degree,,,,16.07843137254902 percent,1725088014.7651653
16,1725088015.0643244,17.0 kilometer_per_hour,94 degree_Celsius,34.11764705882353 percent,13.5 degree,,,,16.470588235294116 percent,1725088015.304947
17,1725088015.6045697,16.0 kilometer_per_hour,94 degree_Celsius,32.15686274509804 percent,29.0 degree,,,,16.862745098039216 percent,1725088015.8442936
18,1725088016.1443555,16.0 kilometer_per_hour,94 degree_Celsius,31.372549019607842 percent,20.5 degree,,,,16.862745098039216 percent,1725088016.3843942
19,1725088016.6841557,15.0 kilometer_per_hour,94 degree_Celsius,30.58823529411765 percent,17.5 degree,,,,16.470588235294116 percent,1725088016.9240692
20,1725088017.223937,15.0 kilometer_per_hour,94 degree_Celsius,30.980392156862745 percent,17.5 degree,,,,16.470588235294116 percent,1725088017.4638495
21,1725088017.7634094,15.0 kilometer_per_hour,94 degree_Celsius,29.80392156862745 percent,17.5 degree,,,,17.254901960784313 percent,1725088018.0032473
22,1725088018.3032246,14.0 kilometer_per_hour,94 degree_Celsius,39.21568627450981 percent,29.0 degree,,,,21.96078431372549 percent,1725088018.543308
23,1725088018.8426452,14.0 kilometer_per_hour,94 degree_Celsius,52.94117647058823 percent,28.5 degree,,,,20.392156862745097 percent,1725088019.0836155
24,1725088019.3849509,14.0 kilometer_per_hour,93 degree_Celsius,51.76470588235294 percent,30.0 degree,,,,19.607843137254903 percent,1725088019.62651
25,1725088019.9276469,14.0 kilometer_per_hour,93 degree_Celsius,43.92156862745098 percent,31.5 degree,,,,16.862745098039216 percent,1725088020.1690676
26,1725088020.470331,14.0 kilometer_per_hour,93 degree_Celsius,37.64705882352941 percent,18.0 degree,,,,16.470588235294116 percent,1725088020.7115307
27,1725088021.012749,13.0 kilometer_per_hour,93 degree_Celsius,29.80392156862745 percent,22.0 degree,,,,16.862745098039216 percent,1725088021.254261
28,1725088021.5554543,13.0 kilometer_per_hour,93 degree_Celsius,30.19607843137255 percent,30.5 degree,,,,17.254901960784313 percent,1725088021.796143
29,1725088022.097855,13.0 kilometer_per_hour,93 degree_Celsius,31.372549019607842 percent,16.5 degree,,,,17.254901960784313 percent,1725088022.3389547
30,1725088022.6400697,12.0 kilometer_per_hour,93 degree_Celsius,31.764705882352942 percent,13.0 degree,,,,17.254901960784313 percent,1725088022.8811724
31,1725088023.1823795,12.0 kilometer_per_hour,93 degree_Celsius,31.764705882352942 percent,12.5 degree,,,,17.254901960784313 percent,1725088023.4234624
32,1725088023.7244244,12.0 kilometer_per_hour,93 degree_Celsius,32.15686274509804 percent,9.5 degree,,,,17.254901960784313 percent,1725088023.9656365
33,1725088024.2664547,11.0 kilometer_per_hour,93 degree_Celsius,34.11764705882353 percent,7.0 degree,,,,16.862745098039216 percent,1725088024.5076172
34,1725088024.8084037,11.0 kilometer_per_hour,93 degree_Celsius,38.03921568627451 percent,1.0 degree,,,,17.647058823529413 percent,1725088025.0495794
35,1725088025.350598,10.0 kilometer_per_hour,93 degree_Celsius,38.8235294117647 percent,0.0 degree,,,,17.254901960784313 percent,1725088025.590827
36,1725088025.892512,9.0 kilometer_per_hour,93 degree_Celsius,41.96078431372549 percent,-2.0 degree,,,,19.215686274509803 percent,1725088026.1335893
0,1725472551.174748,4.0 kilometer_per_hour,0.0 percent,83 degree_Celsius,13.11 gps,,,,100.0 percent,1725472551.193942
1,1725472551.4487722,8.0 kilometer_per_hour,0.0 percent,83 degree_Celsius,13.11 gps,,,,100.0 percent,1725472551.4913151
2,1725472551.7460675,12.0 kilometer_per_hour,0.0 percent,83 degree_Celsius,13.11 gps,,,,100.0 percent,1725472551.7747154
3,1725472552.0300229,16.0 kilometer_per_hour,0.0 percent,83 degree_Celsius,13.11 gps,,,,100.0 percent,1725472552.0400972
4,1725472552.2946808,20.0 kilometer_per_hour,0.0 percent,83 degree_Celsius,13.11 gps,,,,100.0 percent,1725472552.3203285
5,1725472552.5750654,24.0 kilometer_per_hour,0.0 percent,83 degree_Celsius,13.11 gps,,,,100.0 percent,1725472552.6000412
6,1725472552.855505,28.0 kilometer_per_hour,0.0 percent,83 degree_Celsius,13.11 gps,,,,100.0 percent,1725472552.8817198
7,1725472553.1370726,32.0 kilometer_per_hour,0.0 percent,83 degree_Celsius,13.11 gps,,,,100.0 percent,1725472553.1467123
8,1725472553.4012423,36.0 kilometer_per_hour,0.0 percent,83 degree_Celsius,13.11 gps,,,,100.0 percent,1725472553.426424
9,1725472553.6818528,40.0 kilometer_per_hour,0.0 percent,83 degree_Celsius,13.11 gps,,,,100.0 percent,1725472553.7072992
10,1725472553.9626157,44.0 kilometer_per_hour,0.0 percent,83 degree_Celsius,13.11 gps,,,,100.0 percent,1725472553.972462
11,1725472554.2265093,48.0 kilometer_per_hour,0.0 percent,83 degree_Celsius,13.11 gps,,,,100.0 percent,1725472554.2329993
12,1725472555.2674809,52.0 kilometer_per_hour,0.0 percent,83 degree_Celsius,13.11 gps,,,,100.0 percent,1725472555.27741
13,1725472555.529277,56.0 kilometer_per_hour,0.0 percent,83 degree_Celsius,13.11 gps,,,,100.0 percent,1725472555.53732
14,1725472555.7913158,60.0 kilometer_per_hour,0.0 percent,83 degree_Celsius,13.11 gps,,,,100.0 percent,1725472555.815561
15,1725472556.070699,64.0 kilometer_per_hour,0.0 percent,83 degree_Celsius,13.11 gps,,,,100.0 percent,1725472556.080932
16,1725472556.3357768,68.0 kilometer_per_hour,0.0 percent,83 degree_Celsius,13.11 gps,,,,100.0 percent,1725472556.358458
17,1725472556.6122522,72.0 kilometer_per_hour,0.0 percent,83 degree_Celsius,13.11 gps,,,,100.0 percent,1725472556.6381798
18,1725472556.8927019,76.0 kilometer_per_hour,0.0 percent,83 degree_Celsius,13.11 gps,,,,100.0 percent,1725472556.902797
19,1725472557.1570187,80.0 kilometer_per_hour,0.0 percent,83 degree_Celsius,13.11 gps,,,,100.0 percent,1725472557.181147
20,1725472557.4360502,84.0 kilometer_per_hour,0.0 percent,83 degree_Celsius,13.11 gps,,,,100.0 percent,1725472557.4601123
21,1725472557.7155504,88.0 kilometer_per_hour,0.0 percent,83 degree_Celsius,13.11 gps,,,,100.0 percent,1725472557.7402039
22,1725472557.9951217,92.0 kilometer_per_hour,0.0 percent,83 degree_Celsius,13.11 gps,,,,100.0 percent,1725472558.0048678
23,1725472558.2595038,96.0 kilometer_per_hour,0.0 percent,83 degree_Celsius,13.11 gps,,,,100.0 percent,1725472558.2842987
24,1725472558.5395033,100.0 kilometer_per_hour,0.0 percent,83 degree_Celsius,13.11 gps,,,,100.0 percent,1725472558.5669355
25,1725472558.822496,104.0 kilometer_per_hour,0.0 percent,83 degree_Celsius,13.11 gps,,,,100.0 percent,1725472558.8485937
26,1725472559.103956,108.0 kilometer_per_hour,0.0 percent,83 degree_Celsius,13.11 gps,,,,100.0 percent,1725472559.115117
27,1725472559.3697104,112.0 kilometer_per_hour,0.0 percent,83 degree_Celsius,13.11 gps,,,,100.0 percent,1725472559.3979511
28,1725472559.6525671,116.0 kilometer_per_hour,0.0 percent,83 degree_Celsius,13.11 gps,,,,100.0 percent,1725472559.676605
29,1725472559.9317966,120.0 kilometer_per_hour,0.0 percent,83 degree_Celsius,13.11 gps,,,,100.0 percent,1725472559.9414475
30,1725472560.1958864,116.0 kilometer_per_hour,0.0 percent,83 degree_Celsius,13.11 gps,,,,100.0 percent,1725472560.2209747
31,1725472560.476246,112.0 kilometer_per_hour,0.0 percent,83 degree_Celsius,13.11 gps,,,,100.0 percent,1725472560.4862142
32,1725472560.740826,108.0 kilometer_per_hour,0.0 percent,83 degree_Celsius,13.11 gps,,,,100.0 percent,1725472560.7667797
33,1725472561.02199,104.0 kilometer_per_hour,0.0 percent,83 degree_Celsius,13.11 gps,,,,100.0 percent,1725472561.0318685
34,1725472561.2863972,100.0 kilometer_per_hour,0.0 percent,83 degree_Celsius,13.11 gps,,,,100.0 percent,1725472561.3127239
35,1725472561.5655165,96.0 kilometer_per_hour,0.0 percent,83 degree_Celsius,13.11 gps,,,,100.0 percent,1725472561.5774748
36,1725472561.832708,92.0 kilometer_per_hour,0.0 percent,83 degree_Celsius,13.11 gps,,,,100.0 percent,1725472561.8592217
37,1725472562.1148565,88.0 kilometer_per_hour,0.0 percent,83 degree_Celsius,13.11 gps,,,,100.0 percent,1725472562.1255486
38,1725472562.3794076,84.0 kilometer_per_hour,0.0 percent,83 degree_Celsius,13.11 gps,,,,100.0 percent,1725472562.4040601
39,1725472562.6590192,80.0 kilometer_per_hour,0.0 percent,83 degree_Celsius,13.11 gps,,,,100.0 percent,1725472562.6839983
40,1725472562.9394534,76.0 kilometer_per_hour,0.0 percent,83 degree_Celsius,13.11 gps,,,,100.0 percent,1725472562.9498403
41,1725472563.204315,72.0 kilometer_per_hour,0.0 percent,83 degree_Celsius,13.11 gps,,,,100.0 percent,1725472563.2298934
42,1725472563.4855182,68.0 kilometer_per_hour,0.0 percent,83 degree_Celsius,13.11 gps,,,,100.0 percent,1725472563.5106475
43,1725472563.7654324,64.0 kilometer_per_hour,0.0 percent,83 degree_Celsius,13.11 gps,,,,100.0 percent,1725472563.792301
44,1725472564.0472178,60.0 kilometer_per_hour,0.0 percent,83 degree_Celsius,13.11 gps,,,,100.0 percent,1725472564.0711157
45,1725472564.3267424,56.0 kilometer_per_hour,0.0 percent,83 degree_Celsius,13.11 gps,,,,100.0 percent,1725472564.3361268
46,1725472564.5901945,52.0 kilometer_per_hour,0.0 percent,83 degree_Celsius,13.11 gps,,,,100.0 percent,1725472564.6182606
47,1725472564.874031,48.0 kilometer_per_hour,0.0 percent,83 degree_Celsius,13.11 gps,,,,100.0 percent,1725472564.8847537
48,1725472565.1393147,44.0 kilometer_per_hour,0.0 percent,83 degree_Celsius,13.11 gps,,,,100.0 percent,1725472565.1655388
49,1725472565.4202921,40.0 kilometer_per_hour,0.0 percent,83 degree_Celsius,13.11 gps,,,,100.0 percent,1725472565.430479
50,1725472565.6845002,36.0 kilometer_per_hour,0.0 percent,83 degree_Celsius,13.11 gps,,,,100.0 percent,1725472565.7096267
51,1725472565.9649973,32.0 kilometer_per_hour,0.0 percent,83 degree_Celsius,13.11 gps,,,,100.0 percent,1725472565.9915783
52,1725472566.2468698,28.0 kilometer_per_hour,0.0 percent,83 degree_Celsius,13.11 gps,,,,100.0 percent,1725472566.2567809
53,1725472566.511352,24.0 kilometer_per_hour,0.0 percent,83 degree_Celsius,13.11 gps,,,,100.0 percent,1725472566.5393815
54,1725472566.7951705,20.0 kilometer_per_hour,0.0 percent,83 degree_Celsius,13.11 gps,,,,100.0 percent,1725472566.8054707
55,1725472567.060345,16.0 kilometer_per_hour,0.0 percent,83 degree_Celsius,13.11 gps,,,,100.0 percent,1725472567.0869944
56,1725472567.3425574,12.0 kilometer_per_hour,0.0 percent,83 degree_Celsius,13.11 gps,,,,100.0 percent,1725472567.3524756
57,1725472567.6067567,8.0 kilometer_per_hour,0.0 percent,83 degree_Celsius,13.11 gps,,,,100.0 percent,1725472567.6320896
58,1725472567.8871377,4.0 kilometer_per_hour,0.0 percent,83 degree_Celsius,13.11 gps,,,,100.0 percent,1725472567.9165013
59,1725472568.1721554,0.0 kilometer_per_hour,0.0 percent,83 degree_Celsius,13.11 gps,,,,100.0 percent,1725472568.1825247
60,1725472568.4365568,4.0 kilometer_per_hour,0.0 percent,83 degree_Celsius,13.11 gps,,,,100.0 percent,1725472568.4652274
61,1725472568.7201111,8.0 kilometer_per_hour,0.0 percent,83 degree_Celsius,13.11 gps,,,,100.0 percent,1725472568.7442307
62,1725472568.999226,12.0 kilometer_per_hour,0.0 percent,83 degree_Celsius,13.11 gps,,,,100.0 percent,1725472569.0264096
63,1725472569.2816303,16.0 kilometer_per_hour,0.0 percent,83 degree_Celsius,13.11 gps,,,,100.0 percent,1725472569.2916362
64,1725472569.5460186,20.0 kilometer_per_hour,0.0 percent,83 degree_Celsius,13.11 gps,,,,100.0 percent,1725472569.5580506
65,1725472569.8130736,24.0 kilometer_per_hour,0.0 percent,83 degree_Celsius,13.11 gps,,,,100.0 percent,1725472569.8235495
66,1725472570.0783362,28.0 kilometer_per_hour,0.0 percent,83 degree_Celsius,13.11 gps,,,,100.0 percent,1725472570.1042812
67,1725472570.359761,32.0 kilometer_per_hour,0.0 percent,83 degree_Celsius,13.11 gps,,,,100.0 percent,1725472570.3699389
68,1725472570.6240096,36.0 kilometer_per_hour,0.0 percent,83 degree_Celsius,13.11 gps,,,,100.0 percent,1725472570.6479163
69,1725472570.9033055,40.0 kilometer_per_hour,0.0 percent,83 degree_Celsius,13.11 gps,,,,100.0 percent,1725472570.9134252
70,1725472571.167883,44.0 kilometer_per_hour,0.0 percent,83 degree_Celsius,13.11 gps,,,,100.0 percent,1725472571.1930707
0,1725473248.754024,4.0 kilometer_per_hour,0.0 percent,83 degree_Celsius,13.11 gps,,,,100.0 percent,1725473248.7717445
1,1725473249.025701,8.0 kilometer_per_hour,0.0 percent,83 degree_Celsius,13.11 gps,,,,100.0 percent,1725473249.068094
2,1725473249.3226838,12.0 kilometer_per_hour,0.0 percent,83 degree_Celsius,13.11 gps,,,,100.0 percent,1725473249.348411
3,1725473249.6037917,16.0 kilometer_per_hour,0.0 percent,83 degree_Celsius,13.11 gps,,,,100.0 percent,1725473249.6143148
4,1725473249.8686216,20.0 kilometer_per_hour,0.0 percent,83 degree_Celsius,13.11 gps,,,,100.0 percent,1725473249.8979828
5,1725473250.1529162,24.0 kilometer_per_hour,0.0 percent,83 degree_Celsius,13.11 gps,,,,100.0 percent,1725473250.1767285
6,1725473250.4318106,28.0 kilometer_per_hour,0.0 percent,83 degree_Celsius,13.11 gps,,,,100.0 percent,1725473250.4417648
7,1725473250.6961448,32.0 kilometer_per_hour,0.0 percent,83 degree_Celsius,13.11 gps,,,,100.0 percent,1725473250.720545
8,1725473250.9735343,36.0 kilometer_per_hour,0.0 percent,83 degree_Celsius,13.11 gps,,,,100.0 percent,1725473250.9924328
9,1725473251.2475755,40.0 kilometer_per_hour,0.0 percent,83 degree_Celsius,13.11 gps,,,,100.0 percent,1725473251.2723353
10,1725473251.5275168,44.0 kilometer_per_hour,0.0 percent,83 degree_Celsius,13.11 gps,,,,100.0 percent,1725473251.5371423
11,1725473251.7918835,48.0 kilometer_per_hour,0.0 percent,83 degree_Celsius,13.11 gps,,,,100.0 percent,1725473251.8173633
12,1725473252.071871,52.0 kilometer_per_hour,0.0 percent,83 degree_Celsius,13.11 gps,,,,100.0 percent,1725473252.0954328
13,1725473252.3505447,56.0 kilometer_per_hour,0.0 percent,83 degree_Celsius,13.11 gps,,,,100.0 percent,1725473252.3611193
14,1725473252.6159337,60.0 kilometer_per_hour,0.0 percent,83 degree_Celsius,13.11 gps,,,,100.0 percent,1725473252.6421986
15,1725473252.8972225,64.0 kilometer_per_hour,0.0 percent,83 degree_Celsius,13.11 gps,,,,100.0 percent,1725473252.9069595
16,1725473253.1612186,68.0 kilometer_per_hour,0.0 percent,83 degree_Celsius,13.11 gps,,,,100.0 percent,1725473253.185602
17,1725473253.4405935,72.0 kilometer_per_hour,0.0 percent,83 degree_Celsius,13.11 gps,,,,100.0 percent,1725473253.4642673
18,1725473253.7194562,76.0 kilometer_per_hour,0.0 percent,83 degree_Celsius,13.11 gps,,,,100.0 percent,1725473253.7299068
19,1725473253.9822218,80.0 kilometer_per_hour,0.0 percent,83 degree_Celsius,13.11 gps,,,,100.0 percent,1725473253.9988453
20,1725473254.2539709,84.0 kilometer_per_hour,0.0 percent,83 degree_Celsius,13.11 gps,,,,100.0 percent,1725473254.2636578
21,1725473254.5180798,88.0 kilometer_per_hour,0.0 percent,83 degree_Celsius,13.11 gps,,,,100.0 percent,1725473254.5427697
22,1725473254.7978635,92.0 kilometer_per_hour,0.0 percent,83 degree_Celsius,13.11 gps,,,,100.0 percent,1725473254.8078146
23,1725473255.0617034,96.0 kilometer_per_hour,0.0 percent,83 degree_Celsius,13.11 gps,,,,100.0 percent,1725473255.0855007
24,1725473255.3405502,100.0 kilometer_per_hour,0.0 percent,83 degree_Celsius,13.11 gps,,,,100.0 percent,1725473255.3504713
25,1725473255.6049376,104.0 kilometer_per_hour,0.0 percent,83 degree_Celsius,13.11 gps,,,,100.0 percent,1725473255.6299834
26,1725473255.885438,108.0 kilometer_per_hour,0.0 percent,83 degree_Celsius,13.11 gps,,,,100.0 percent,1725473255.8951674
27,1725473256.1496024,112.0 kilometer_per_hour,0.0 percent,83 degree_Celsius,13.11 gps,,,,100.0 percent,1725473256.1747236
28,1725473256.4292376,116.0 kilometer_per_hour,0.0 percent,83 degree_Celsius,13.11 gps,,,,100.0 percent,1725473256.4388928
29,1725473256.6928132,120.0 kilometer_per_hour,0.0 percent,83 degree_Celsius,13.11 gps,,,,100.0 percent,1725473256.7165399
30,1725473256.969082,116.0 kilometer_per_hour,0.0 percent,83 degree_Celsius,13.11 gps,,,,100.0 percent,1725473256.9782064
31,1725473257.2323153,112.0 kilometer_per_hour,0.0 percent,83 degree_Celsius,13.11 gps,,,,100.0 percent,1725473257.2562451
32,1725473257.5117064,108.0 kilometer_per_hour,0.0 percent,83 degree_Celsius,13.11 gps,,,,100.0 percent,1725473257.5216036
33,1725473257.775932,104.0 kilometer_per_hour,0.0 percent,83 degree_Celsius,13.11 gps,,,,100.0 percent,1725473257.7999332
34,1725473258.0549762,100.0 kilometer_per_hour,0.0 percent,83 degree_Celsius,13.11 gps,,,,100.0 percent,1725473258.0787163
35,1725473258.3332138,96.0 kilometer_per_hour,0.0 percent,83 degree_Celsius,13.11 gps,,,,100.0 percent,1725473258.3426995
36,1725473258.596171,92.0 kilometer_per_hour,0.0 percent,83 degree_Celsius,13.11 gps,,,,100.0 percent,1725473258.619991
37,1725473258.8751178,88.0 kilometer_per_hour,0.0 percent,83 degree_Celsius,13.11 gps,,,,100.0 percent,1725473258.8853314
38,1725473259.1391866,84.0 kilometer_per_hour,0.0 percent,83 degree_Celsius,13.11 gps,,,,100.0 percent,1725473259.1645374
39,1725473259.4193723,80.0 kilometer_per_hour,0.0 percent,83 degree_Celsius,13.11 gps,,,,100.0 percent,1725473259.4287827
40,1725473259.6826546,76.0 kilometer_per_hour,0.0 percent,83 degree_Celsius,13.11 gps,,,,100.0 percent,1725473259.7063725
41,1725473259.961482,72.0 kilometer_per_hour,0.0 percent,83 degree_Celsius,13.11 gps,,,,100.0 percent,1725473259.9698112
42,1725473260.2236645,68.0 kilometer_per_hour,0.0 percent,83 degree_Celsius,13.11 gps,,,,100.0 percent,1725473260.2473466
43,1725473260.501876,64.0 kilometer_per_hour,0.0 percent,83 degree_Celsius,13.11 gps,,,,100.0 percent,1725473260.5120313
44,1725473260.7664068,60.0 kilometer_per_hour,0.0 percent,83 degree_Celsius,13.11 gps,,,,100.0 percent,1725473260.7906299
45,1725473261.0451376,56.0 kilometer_per_hour,0.0 percent,83 degree_Celsius,13.11 gps,,,,100.0 percent,1725473261.068877
46,1725473261.3239586,52.0 kilometer_per_hour,0.0 percent,83 degree_Celsius,13.11 gps,,,,100.0 percent,1725473261.3335752
47,1725473261.587992,48.0 kilometer_per_hour,0.0 percent,83 degree_Celsius,13.11 gps,,,,100.0 percent,1725473261.613004
48,1725473261.867557,44.0 kilometer_per_hour,0.0 percent,83 degree_Celsius,13.11 gps,,,,100.0 percent,1725473261.8774352
49,1725473262.131828,40.0 kilometer_per_hour,0.0 percent,83 degree_Celsius,13.11 gps,,,,100.0 percent,1725473262.156784
50,1725473262.4119976,36.0 kilometer_per_hour,0.0 percent,83 degree_Celsius,13.11 gps,,,,100.0 percent,1725473262.4222224
51,1725473262.6765265,32.0 kilometer_per_hour,0.0 percent,83 degree_Celsius,13.11 gps,,,,100.0 percent,1725473262.7012932
52,1725473262.955797,28.0 kilometer_per_hour,0.0 percent,83 degree_Celsius,13.11 gps,,,,100.0 percent,1725473262.967272
53,1725473263.2212892,24.0 kilometer_per_hour,0.0 percent,83 degree_Celsius,13.11 gps,,,,100.0 percent,1725473263.2313948
54,1725473263.4857721,20.0 kilometer_per_hour,0.0 percent,83 degree_Celsius,13.11 gps,,,,100.0 percent,1725473263.5109735
55,1725473263.7660084,16.0 kilometer_per_hour,0.0 percent,83 degree_Celsius,13.11 gps,,,,100.0 percent,1725473263.775518
56,1725473264.0292482,12.0 kilometer_per_hour,0.0 percent,83 degree_Celsius,13.11 gps,,,,100.0 percent,1725473264.0528862
57,1725473264.3079255,8.0 kilometer_per_hour,0.0 percent,83 degree_Celsius,13.11 gps,,,,100.0 percent,1725473264.31719
58,1725473264.5717087,4.0 kilometer_per_hour,0.0 percent,83 degree_Celsius,13.11 gps,,,,100.0 percent,1725473264.5970318
59,1725473264.8525698,0.0 kilometer_per_hour,0.0 percent,83 degree_Celsius,13.11 gps,,,,100.0 percent,1725473264.8626199
60,1725473265.1169894,4.0 kilometer_per_hour,0.0 percent,83 degree_Celsius,13.11 gps,,,,100.0 percent,1725473265.1420598
61,1725473265.3975837,8.0 kilometer_per_hour,0.0 percent,83 degree_Celsius,13.11 gps,,,,100.0 percent,1725473265.4076934
62,1725473265.6619668,12.0 kilometer_per_hour,0.0 percent,83 degree_Celsius,13.11 gps,,,,100.0 percent,1725473265.6892383
63,1725473265.9442255,16.0 kilometer_per_hour,0.0 percent,83 degree_Celsius,13.11 gps,,,,100.0 percent,1725473265.9542382
64,1725473266.2085888,20.0 kilometer_per_hour,0.0 percent,83 degree_Celsius,13.11 gps,,,,100.0 percent,1725473266.2783372
65,1725473266.5328848,24.0 kilometer_per_hour,0.0 percent,83 degree_Celsius,13.11 gps,,,,100.0 percent,1725473266.5423856
66,1725473266.7970893,28.0 kilometer_per_hour,0.0 percent,83 degree_Celsius,13.11 gps,,,,100.0 percent,1725473266.8230727
67,1725473267.0775719,32.0 kilometer_per_hour,0.0 percent,83 degree_Celsius,13.11 gps,,,,100.0 percent,1725473267.1013224
68,1725473267.356823,36.0 kilometer_per_hour,0.0 percent,83 degree_Celsius,13.11 gps,,,,100.0 percent,1725473267.3666613
69,1725473267.6210418,40.0 kilometer_per_hour,0.0 percent,83 degree_Celsius,13.11 gps,,,,100.0 percent,1725473267.6457632
70,1725473267.900865,44.0 kilometer_per_hour,0.0 percent,83 degree_Celsius,13.11 gps,,,,100.0 percent,1725473267.911117
71,1725473268.165319,48.0 kilometer_per_hour,0.0 percent,83 degree_Celsius,13.11 gps,,,,100.0 percent,1725473268.189846
72,1725473268.4442365,52.0 kilometer_per_hour,0.0 percent,83 degree_Celsius,13.11 gps,,,,100.0 percent,1725473268.4507856
73,1725473268.70448,56.0 kilometer_per_hour,0.0 percent,83 degree_Celsius,13.11 gps,,,,100.0 percent,1725473268.7140646
