,Start_Time,SPEED,Coolant Temp,Engine Load,Timing Advance,Short Trim B1,Long Trim B1,MAF,Throttle_pos_B,End_Time
0,1725083782.815672,0.0 kilometer_per_hour,93 degree_Celsius,63.13725490196079 percent,5.5 degree,,,,13.72549019607843 percent,1725083783.055193
1,1725083783.3556638,0.0 kilometer_per_hour,93 degree_Celsius,62.745098039215684 percent,1.5 degree,,,,12.941176470588236 percent,1725083783.595926
2,1725083783.8955805,0.0 kilometer_per_hour,93 degree_Celsius,62.745098039215684 percent,7.5 degree,,,,12.941176470588236 percent,1725083784.1361265
3,1725083784.4360185,0.0 kilometer_per_hour,93 degree_Celsius,62.745098039215684 percent,3.0 degree,,,,12.941176470588236 percent,1725083784.6753485
4,1725083784.975275,0.0 kilometer_per_hour,93 degree_Celsius,62.745098039215684 percent,2.0 degree,,,,12.941176470588236 percent,1725083785.215355
5,1725083785.515333,0.0 kilometer_per_hour,93 degree_Celsius,62.745098039215684 percent,3.5 degree,,,,13.333333333333334 percent,1725083785.755531
6,1725083786.055462,0.0 kilometer_per_hour,93 degree_Celsius,62.35294117647059 percent,2.5 degree,,,,13.333333333333334 percent,1725083786.2955472
7,1725083786.5955467,0.0 kilometer_per_hour,94 degree_Celsius,63.13725490196079 percent,1.0 degree,,,,17.647058823529413 percent,1725083786.8355827
8,1725083787.1355062,0.0 kilometer_per_hour,94 degree_Celsius,62.745098039215684 percent,2.0 degree,,,,17.647058823529413 percent,1725083787.3822992
9,1725083787.6762075,0.0 kilometer_per_hour,94 degree_Celsius,63.13725490196079 percent,6.5 degree,,,,17.647058823529413 percent,1725083787.9165611
10,1725083788.2161388,0.0 kilometer_per_hour,94 degree_Celsius,62.745098039215684 percent,4.0 degree,,,,18.03921568627451 percent,1725083788.4563384
11,1725083788.756275,0.0 kilometer_per_hour,94 degree_Celsius,63.13725490196079 percent,5.0 degree,,,,18.03921568627451 percent,1725083788.9966605
12,1725083789.302295,0.0 kilometer_per_hour,94 degree_Celsius,62.745098039215684 percent,6.5 degree,,,,17.647058823529413 percent,1725083789.5366156
13,1725083789.8359296,0.0 kilometer_per_hour,94 degree_Celsius,63.13725490196079 percent,3.0 degree,,,,17.647058823529413 percent,1725083790.076784
14,1725083790.382505,0.0 kilometer_per_hour,94 degree_Celsius,62.745098039215684 percent,2.0 degree,,,,17.647058823529413 percent,1725083790.6162271
15,1725083790.9166734,0.0 kilometer_per_hour,94 degree_Celsius,63.13725490196079 percent,1.5 degree,,,,17.647058823529413 percent,1725083791.1567912
16,1725083791.4566052,0.0 kilometer_per_hour,94 degree_Celsius,62.745098039215684 percent,4.5 degree,,,,17.647058823529413 percent,1725083791.696858
17,1725083791.9967685,0.0 kilometer_per_hour,94 degree_Celsius,62.745098039215684 percent,4.5 degree,,,,17.647058823529413 percent,1725083792.2368581
18,1725083792.5366888,0.0 kilometer_per_hour,94 degree_Celsius,62.745098039215684 percent,1.0 degree,,,,17.647058823529413 percent,1725083792.783057
19,1725083793.0763037,0.0 kilometer_per_hour,95 degree_Celsius,62.745098039215684 percent,2.5 degree,,,,17.647058823529413 percent,1725083793.3170323
20,1725083793.6166165,0.0 kilometer_per_hour,95 degree_Celsius,62.745098039215684 percent,5.0 degree,,,,17.647058823529413 percent,1725083793.8568714
21,1725083794.1568553,0.0 kilometer_per_hour,95 degree_Celsius,62.745098039215684 percent,1.0 degree,,,,17.647058823529413 percent,1725083794.3965824
22,1725083794.6970215,0.0 kilometer_per_hour,95 degree_Celsius,63.13725490196079 percent,2.0 degree,,,,18.03921568627451 percent,1725083794.937163
23,1725083795.2370322,0.0 kilometer_per_hour,95 degree_Celsius,62.745098039215684 percent,3.0 degree,,,,17.647058823529413 percent,1725083795.4770522
24,1725083795.7770402,0.0 kilometer_per_hour,95 degree_Celsius,63.13725490196079 percent,5.0 degree,,,,17.647058823529413 percent,1725083796.0171313
25,1725083796.3170233,0.0 kilometer_per_hour,95 degree_Celsius,62.745098039215684 percent,4.0 degree,,,,18.03921568627451 percent,1725083796.5572174
26,1725083796.8573422,0.0 kilometer_per_hour,95 degree_Celsius,62.745098039215684 percent,4.0 degree,,,,18.03921568627451 percent,1725083797.0973988
27,1725083797.3972323,0.0 kilometer_per_hour,95 degree_Celsius,62.35294117647059 percent,7.0 degree,,,,17.647058823529413 percent,1725083797.6374316
28,1725083797.937298,0.0 kilometer_per_hour,95 degree_Celsius,62.35294117647059 percent,5.5 degree,,,,18.03921568627451 percent,1725083798.177502
29,1725083798.4768136,0.0 kilometer_per_hour,95 degree_Celsius,62.745098039215684 percent,6.5 degree,,,,18.03921568627451 percent,1725083798.717661
30,1725083799.0174727,0.0 kilometer_per_hour,95 degree_Celsius,62.745098039215684 percent,5.0 degree,,,,17.647058823529413 percent,1725083799.2577877
31,1725083799.5575387,0.0 kilometer_per_hour,95 degree_Celsius,62.35294117647059 percent,1.0 degree,,,,18.03921568627451 percent,1725083799.7977343
32,1725083800.0976098,0.0 kilometer_per_hour,96 degree_Celsius,62.745098039215684 percent,2.0 degree,,,,18.03921568627451 percent,1725083800.3371158
33,1725083800.6374266,0.0 kilometer_per_hour,96 degree_Celsius,62.745098039215684 percent,5.0 degree,,,,18.03921568627451 percent,1725083800.8777213
34,1725083801.1776266,0.0 kilometer_per_hour,96 degree_Celsius,62.35294117647059 percent,5.5 degree,,,,17.647058823529413 percent,1725083801.4179966
35,1725083801.71787,0.0 kilometer_per_hour,96 degree_Celsius,62.35294117647059 percent,3.0 degree,,,,17.647058823529413 percent,1725083801.9580588
36,1725083802.2577734,0.0 kilometer_per_hour,96 degree_Celsius,62.35294117647059 percent,3.5 degree,,,,17.647058823529413 percent,1725083802.4979343
37,1725083802.7979083,0.0 kilometer_per_hour,96 degree_Celsius,61.96078431372549 percent,5.0 degree,,,,17.647058823529413 percent,1725083803.038168
0,1725083825.8405495,9.0 kilometer_per_hour,92 degree_Celsius,54.90196078431372 percent,-2.5 degree,,,,19.607843137254903 percent,1725083826.0807881
1,1725083826.3807113,9.0 kilometer_per_hour,91 degree_Celsius,48.627450980392155 percent,0.0 degree,,,,18.823529411764707 percent,1725083826.6267297
2,1725083826.9208386,10.0 kilometer_per_hour,91 degree_Celsius,48.627450980392155 percent,4.5 degree,,,,18.823529411764707 percent,1725083827.1608603
3,1725083827.4608066,10.0 kilometer_per_hour,91 degree_Celsius,48.23529411764706 percent,2.5 degree,,,,17.647058823529413 percent,1725083827.7008882
4,1725083828.0008495,9.0 kilometer_per_hour,91 degree_Celsius,47.05882352941177 percent,5.0 degree,,,,17.647058823529413 percent,1725083828.2407837
5,1725083828.540632,9.0 kilometer_per_hour,91 degree_Celsius,45.88235294117647 percent,5.5 degree,,,,17.647058823529413 percent,1725083828.7810926
6,1725083829.080892,9.0 kilometer_per_hour,91 degree_Celsius,45.88235294117647 percent,5.0 degree,,,,18.03921568627451 percent,1725083829.320937
7,1725083829.6209006,9.0 kilometer_per_hour,91 degree_Celsius,45.09803921568628 percent,22.0 degree,,,,18.823529411764707 percent,1725083829.8612993
8,1725083830.160972,8.0 kilometer_per_hour,91 degree_Celsius,47.450980392156865 percent,17.5 degree,,,,18.823529411764707 percent,1725083830.4010158
9,1725083830.7009761,9.0 kilometer_per_hour,91 degree_Celsius,48.627450980392155 percent,28.5 degree,,,,19.215686274509803 percent,1725083830.941317
10,1725083831.24089,9.0 kilometer_per_hour,91 degree_Celsius,47.05882352941177 percent,31.0 degree,,,,19.215686274509803 percent,1725083831.481324
11,1725083831.7812421,10.0 kilometer_per_hour,91 degree_Celsius,46.27450980392157 percent,27.5 degree,,,,18.823529411764707 percent,1725083832.0212762
12,1725083832.321298,10.0 kilometer_per_hour,91 degree_Celsius,45.490196078431374 percent,15.0 degree,,,,13.72549019607843 percent,1725083832.561226
13,1725083832.86126,10.0 kilometer_per_hour,91 degree_Celsius,42.745098039215684 percent,21.5 degree,,,,16.862745098039216 percent,1725083833.1014545
14,1725083833.4071746,10.0 kilometer_per_hour,91 degree_Celsius,50.19607843137255 percent,-2.0 degree,,,,14.117647058823529 percent,1725083833.6416597
15,1725083833.9413621,9.0 kilometer_per_hour,91 degree_Celsius,49.80392156862745 percent,-2.5 degree,,,,15.294117647058824 percent,1725083834.181023
16,1725083834.4817855,9.0 kilometer_per_hour,92 degree_Celsius,58.431372549019606 percent,4.5 degree,,,,16.07843137254902 percent,1725083834.7218616
17,1725083835.021546,9.0 kilometer_per_hour,92 degree_Celsius,53.72549019607843 percent,7.5 degree,,,,17.254901960784313 percent,1725083835.2617064
18,1725083835.5611665,9.0 kilometer_per_hour,92 degree_Celsius,48.627450980392155 percent,1.0 degree,,,,18.823529411764707 percent,1725083835.8019862
19,1725083836.101773,8.0 kilometer_per_hour,92 degree_Celsius,49.80392156862745 percent,2.0 degree,,,,18.823529411764707 percent,1725083836.3420346
20,1725083836.6418498,7.0 kilometer_per_hour,92 degree_Celsius,47.05882352941177 percent,1.5 degree,,,,17.647058823529413 percent,1725083836.8820086
21,1725083837.1814635,6.0 kilometer_per_hour,92 degree_Celsius,46.27450980392157 percent,4.5 degree,,,,17.647058823529413 percent,1725083837.4220312
22,1725083837.7219708,6.0 kilometer_per_hour,92 degree_Celsius,47.05882352941177 percent,4.0 degree,,,,17.647058823529413 percent,1725083837.9622304
23,1725083838.2620413,6.0 kilometer_per_hour,92 degree_Celsius,71.37254901960785 percent,5.5 degree,,,,21.568627450980394 percent,1725083838.5022566
24,1725083838.8019428,7.0 kilometer_per_hour,92 degree_Celsius,65.49019607843137 percent,10.5 degree,,,,21.176470588235293 percent,1725083839.0422156
25,1725083839.3421834,8.0 kilometer_per_hour,92 degree_Celsius,64.31372549019608 percent,14.5 degree,,,,21.176470588235293 percent,1725083839.5821803
26,1725083839.882164,9.0 kilometer_per_hour,93 degree_Celsius,62.745098039215684 percent,28.5 degree,,,,20.784313725490197 percent,1725083840.1224184
27,1725083840.422226,10.0 kilometer_per_hour,93 degree_Celsius,57.254901960784316 percent,30.5 degree,,,,19.607843137254903 percent,1725083840.6624696
28,1725083840.9622986,12.0 kilometer_per_hour,93 degree_Celsius,45.88235294117647 percent,27.0 degree,,,,17.254901960784313 percent,1725083841.2026172
29,1725083841.5023105,12.0 kilometer_per_hour,93 degree_Celsius,44.31372549019608 percent,24.0 degree,,,,17.254901960784313 percent,1725083841.742706
30,1725083842.0422423,12.0 kilometer_per_hour,93 degree_Celsius,41.96078431372549 percent,22.0 degree,,,,18.431372549019606 percent,1725083842.2825575
31,1725083842.5824568,11.0 kilometer_per_hour,93 degree_Celsius,45.09803921568628 percent,8.0 degree,,,,17.647058823529413 percent,1725083842.8226657
32,1725083843.1226423,10.0 kilometer_per_hour,93 degree_Celsius,47.05882352941177 percent,6.5 degree,,,,18.431372549019606 percent,1725083843.3628345
33,1725083843.662827,9.0 kilometer_per_hour,93 degree_Celsius,50.588235294117645 percent,6.5 degree,,,,18.431372549019606 percent,1725083843.9028475
34,1725083844.2027621,7.0 kilometer_per_hour,93 degree_Celsius,59.6078431372549 percent,-5.0 degree,,,,17.254901960784313 percent,1725083844.442996
35,1725083844.742615,6.0 kilometer_per_hour,94 degree_Celsius,53.333333333333336 percent,-1.0 degree,,,,18.431372549019606 percent,1725083844.9830873
36,1725083845.2828972,4.0 kilometer_per_hour,94 degree_Celsius,58.8235294117647 percent,-0.5 degree,,,,18.823529411764707 percent,1725083845.5229394
37,1725083845.8227603,3.0 kilometer_per_hour,94 degree_Celsius,63.13725490196079 percent,-1.0 degree,,,,18.431372549019606 percent,1725083846.063008
0,1725083858.6344182,15.0 kilometer_per_hour,94 degree_Celsius,74.11764705882354 percent,25.5 degree,,,,24.705882352941178 percent,1725083858.874644
1,1725083859.1745503,16.0 kilometer_per_hour,94 degree_Celsius,85.88235294117646 percent,23.0 degree,,,,25.098039215686274 percent,1725083859.4207208
2,1725083859.7139597,18.0 kilometer_per_hour,94 degree_Celsius,75.68627450980392 percent,22.5 degree,,,,18.823529411764707 percent,1725083859.960757
3,1725083860.2546284,19.0 kilometer_per_hour,94 degree_Celsius,45.88235294117647 percent,3.0 degree,,,,18.823529411764707 percent,1725083860.4943547
4,1725083860.7947447,19.0 kilometer_per_hour,94 degree_Celsius,37.64705882352941 percent,15.0 degree,,,,18.431372549019606 percent,1725083861.0349433
5,1725083861.3347552,18.0 kilometer_per_hour,94 degree_Celsius,38.431372549019606 percent,17.5 degree,,,,18.823529411764707 percent,1725083861.574918
6,1725083861.8749444,17.0 kilometer_per_hour,94 degree_Celsius,38.03921568627451 percent,23.0 degree,,,,18.03921568627451 percent,1725083862.1149557
7,1725083862.4147706,17.0 kilometer_per_hour,94 degree_Celsius,36.470588235294116 percent,23.5 degree,,,,18.03921568627451 percent,1725083862.6550531
8,1725083862.9550009,16.0 kilometer_per_hour,93 degree_Celsius,38.8235294117647 percent,16.5 degree,,,,17.647058823529413 percent,1725083863.1950595
9,1725083863.500559,16.0 kilometer_per_hour,93 degree_Celsius,36.470588235294116 percent,20.5 degree,,,,19.215686274509803 percent,1725083863.735288
10,1725083864.0349863,16.0 kilometer_per_hour,93 degree_Celsius,59.6078431372549 percent,16.0 degree,,,,22.352941176470587 percent,1725083864.2812004
11,1725083864.5809836,16.0 kilometer_per_hour,93 degree_Celsius,66.27450980392157 percent,25.5 degree,,,,23.137254901960784 percent,1725083864.8154585
12,1725083865.1150744,18.0 kilometer_per_hour,93 degree_Celsius,69.80392156862744 percent,24.0 degree,,,,23.92156862745098 percent,1725083865.3557346
13,1725083865.6553252,19.0 kilometer_per_hour,93 degree_Celsius,73.72549019607843 percent,23.0 degree,,,,23.529411764705884 percent,1725083865.8953776
14,1725083866.1953335,21.0 kilometer_per_hour,93 degree_Celsius,62.35294117647059 percent,24.5 degree,,,,21.96078431372549 percent,1725083866.4356368
15,1725083866.7353902,22.0 kilometer_per_hour,92 degree_Celsius,50.19607843137255 percent,15.5 degree,,,,20.392156862745097 percent,1725083866.9755714
16,1725083867.2815273,22.0 kilometer_per_hour,92 degree_Celsius,40.0 percent,26.0 degree,,,,19.607843137254903 percent,1725083867.5156314
17,1725083867.821375,22.0 kilometer_per_hour,92 degree_Celsius,45.09803921568628 percent,28.0 degree,,,,15.686274509803921 percent,1725083868.0616453
18,1725083868.355507,23.0 kilometer_per_hour,92 degree_Celsius,36.07843137254902 percent,33.0 degree,,,,15.294117647058824 percent,1725083868.5956268
19,1725083868.8955863,22.0 kilometer_per_hour,92 degree_Celsius,38.431372549019606 percent,31.5 degree,,,,18.823529411764707 percent,1725083869.1356924
20,1725083869.4357295,22.0 kilometer_per_hour,92 degree_Celsius,45.09803921568628 percent,27.5 degree,,,,19.215686274509803 percent,1725083869.6758883
21,1725083869.9759789,22.0 kilometer_per_hour,92 degree_Celsius,49.01960784313726 percent,28.0 degree,,,,19.215686274509803 percent,1725083870.215838
22,1725083870.5158718,23.0 kilometer_per_hour,92 degree_Celsius,53.333333333333336 percent,27.0 degree,,,,20.784313725490197 percent,1725083870.7560427
23,1725083871.055853,23.0 kilometer_per_hour,91 degree_Celsius,63.13725490196079 percent,25.5 degree,,,,21.176470588235293 percent,1725083871.2963157
24,1725083871.5961409,24.0 kilometer_per_hour,91 degree_Celsius,66.27450980392157 percent,25.5 degree,,,,21.176470588235293 percent,1725083871.836151
25,1725083872.1357567,24.0 kilometer_per_hour,91 degree_Celsius,66.66666666666667 percent,26.5 degree,,,,21.176470588235293 percent,1725083872.37644
26,1725083872.67605,25.0 kilometer_per_hour,91 degree_Celsius,74.50980392156863 percent,26.0 degree,,,,22.352941176470587 percent,1725083872.9161258
27,1725083873.215935,25.0 kilometer_per_hour,91 degree_Celsius,74.50980392156863 percent,26.0 degree,,,,22.352941176470587 percent,1725083873.4565492
28,1725083873.7563615,26.0 kilometer_per_hour,91 degree_Celsius,72.54901960784314 percent,26.5 degree,,,,22.352941176470587 percent,1725083873.9957507
29,1725083874.2964141,27.0 kilometer_per_hour,91 degree_Celsius,71.76470588235294 percent,26.5 degree,,,,22.352941176470587 percent,1725083874.5365636
30,1725083874.836362,28.0 kilometer_per_hour,91 degree_Celsius,70.19607843137256 percent,26.5 degree,,,,22.352941176470587 percent,1725083875.076703
31,1725083875.3764787,28.0 kilometer_per_hour,91 degree_Celsius,68.62745098039215 percent,26.5 degree,,,,21.96078431372549 percent,1725083875.6166844
32,1725083875.9166105,29.0 kilometer_per_hour,91 degree_Celsius,67.84313725490196 percent,26.0 degree,,,,20.392156862745097 percent,1725083876.162532
33,1725083876.4566774,30.0 kilometer_per_hour,91 degree_Celsius,47.05882352941177 percent,29.0 degree,,,,18.431372549019606 percent,1725083876.6967063
34,1725083876.9962056,30.0 kilometer_per_hour,91 degree_Celsius,34.509803921568626 percent,32.5 degree,,,,17.647058823529413 percent,1725083877.2369597
35,1725083877.5368323,29.0 kilometer_per_hour,91 degree_Celsius,30.19607843137255 percent,16.5 degree,,,,17.254901960784313 percent,1725083877.7763228
36,1725083878.0767975,29.0 kilometer_per_hour,91 degree_Celsius,27.058823529411764 percent,6.5 degree,,,,16.470588235294116 percent,1725083878.3170419
37,1725083878.616623,27.0 kilometer_per_hour,91 degree_Celsius,24.705882352941178 percent,5.0 degree,,,,15.294117647058824 percent,1725083878.8570304
0,1725083892.08829,14.0 kilometer_per_hour,94 degree_Celsius,64.31372549019608 percent,27.0 degree,,,,21.568627450980394 percent,1725083892.328741
1,1725083892.6284828,15.0 kilometer_per_hour,94 degree_Celsius,69.80392156862744 percent,26.5 degree,,,,22.745098039215687 percent,1725083892.868781
2,1725083893.168719,16.0 kilometer_per_hour,94 degree_Celsius,76.07843137254902 percent,24.5 degree,,,,22.352941176470587 percent,1725083893.408797
3,1725083893.708724,17.0 kilometer_per_hour,94 degree_Celsius,76.07843137254902 percent,24.0 degree,,,,23.529411764705884 percent,1725083893.9488246
4,1725083894.2481468,19.0 kilometer_per_hour,94 degree_Celsius,73.33333333333333 percent,23.5 degree,,,,23.137254901960784 percent,1725083894.488899
5,1725083894.7888675,20.0 kilometer_per_hour,94 degree_Celsius,65.49019607843137 percent,24.0 degree,,,,23.137254901960784 percent,1725083895.0284472
6,1725083895.3291333,22.0 kilometer_per_hour,94 degree_Celsius,65.09803921568627 percent,24.5 degree,,,,23.529411764705884 percent,1725083895.5690777
7,1725083895.86893,23.0 kilometer_per_hour,94 degree_Celsius,63.529411764705884 percent,25.0 degree,,,,23.137254901960784 percent,1725083896.1091428
8,1725083896.4091175,23.0 kilometer_per_hour,94 degree_Celsius,61.568627450980394 percent,12.5 degree,,,,18.03921568627451 percent,1725083896.649127
9,1725083896.9490445,24.0 kilometer_per_hour,94 degree_Celsius,36.470588235294116 percent,24.0 degree,,,,16.470588235294116 percent,1725083897.1892276
10,1725083897.4889543,23.0 kilometer_per_hour,94 degree_Celsius,32.94117647058823 percent,24.5 degree,,,,14.901960784313726 percent,1725083897.729332
11,1725083898.0286546,21.0 kilometer_per_hour,94 degree_Celsius,30.19607843137255 percent,18.5 degree,,,,15.686274509803921 percent,1725083898.2689707
12,1725083898.5691645,17.0 kilometer_per_hour,94 degree_Celsius,41.96078431372549 percent,8.5 degree,,,,17.254901960784313 percent,1725083898.80898
13,1725083899.109385,14.0 kilometer_per_hour,94 degree_Celsius,44.31372549019608 percent,10.5 degree,,,,18.03921568627451 percent,1725083899.3487942
14,1725083899.649244,11.0 kilometer_per_hour,94 degree_Celsius,53.72549019607843 percent,0.0 degree,,,,17.647058823529413 percent,1725083899.8895798
15,1725083900.1954389,7.0 kilometer_per_hour,94 degree_Celsius,54.90196078431372 percent,-4.0 degree,,,,17.254901960784313 percent,1725083900.4297013
16,1725083900.729536,4.0 kilometer_per_hour,94 degree_Celsius,57.64705882352941 percent,-1.5 degree,,,,17.647058823529413 percent,1725083900.9696436
17,1725083901.2696917,4.0 kilometer_per_hour,94 degree_Celsius,59.21568627450981 percent,1.5 degree,,,,16.862745098039216 percent,1725083901.5097756
18,1725083901.8091793,4.0 kilometer_per_hour,94 degree_Celsius,54.11764705882353 percent,12.5 degree,,,,17.254901960784313 percent,1725083902.0498798
19,1725083902.3498013,4.0 kilometer_per_hour,94 degree_Celsius,50.588235294117645 percent,23.0 degree,,,,16.862745098039216 percent,1725083902.5900085
20,1725083902.8901072,5.0 kilometer_per_hour,94 degree_Celsius,45.88235294117647 percent,24.0 degree,,,,17.647058823529413 percent,1725083903.130074
21,1725083903.430043,5.0 kilometer_per_hour,94 degree_Celsius,58.431372549019606 percent,20.0 degree,,,,18.823529411764707 percent,1725083903.669947
22,1725083903.9701269,5.0 kilometer_per_hour,94 degree_Celsius,62.745098039215684 percent,22.0 degree,,,,20.392156862745097 percent,1725083904.2101848
23,1725083904.510061,6.0 kilometer_per_hour,94 degree_Celsius,65.49019607843137 percent,23.5 degree,,,,21.176470588235293 percent,1725083904.7500196
24,1725083905.0501704,8.0 kilometer_per_hour,94 degree_Celsius,73.33333333333333 percent,24.0 degree,,,,23.529411764705884 percent,1725083905.2903833
25,1725083905.5903506,9.0 kilometer_per_hour,94 degree_Celsius,80.3921568627451 percent,23.5 degree,,,,23.92156862745098 percent,1725083905.8304496
26,1725083906.130312,12.0 kilometer_per_hour,94 degree_Celsius,70.58823529411765 percent,23.5 degree,,,,24.705882352941178 percent,1725083906.3705103
27,1725083906.6700978,14.0 kilometer_per_hour,94 degree_Celsius,73.72549019607843 percent,23.5 degree,,,,27.058823529411764 percent,1725083906.9166105
28,1725083907.216339,16.0 kilometer_per_hour,94 degree_Celsius,78.43137254901961 percent,1.0 degree,,,,27.84313725490196 percent,1725083907.4506438
29,1725083907.7504418,18.0 kilometer_per_hour,94 degree_Celsius,78.03921568627452 percent,19.0 degree,,,,27.058823529411764 percent,1725083907.9903047
30,1725083908.290402,20.0 kilometer_per_hour,94 degree_Celsius,76.07843137254902 percent,21.0 degree,,,,27.45098039215686 percent,1725083908.5304813
31,1725083908.830605,23.0 kilometer_per_hour,94 degree_Celsius,76.47058823529412 percent,21.5 degree,,,,27.058823529411764 percent,1725083909.0706754
32,1725083909.3703852,25.0 kilometer_per_hour,94 degree_Celsius,76.47058823529412 percent,21.5 degree,,,,27.45098039215686 percent,1725083909.610746
33,1725083909.9107215,26.0 kilometer_per_hour,94 degree_Celsius,76.86274509803921 percent,0.5 degree,,,,27.84313725490196 percent,1725083910.1508038
34,1725083910.4506826,27.0 kilometer_per_hour,93 degree_Celsius,95.29411764705883 percent,19.0 degree,,,,31.372549019607842 percent,1725083910.6909275
35,1725083910.9908667,29.0 kilometer_per_hour,93 degree_Celsius,89.41176470588235 percent,16.0 degree,,,,30.19607843137255 percent,1725083911.2310066
36,1725083911.5303917,31.0 kilometer_per_hour,93 degree_Celsius,86.27450980392157 percent,16.0 degree,,,,29.019607843137255 percent,1725083911.7711961
37,1725083912.071057,33.0 kilometer_per_hour,93 degree_Celsius,83.52941176470588 percent,16.5 degree,,,,29.41176470588235 percent,1725083912.3108828
0,1725083923.7125218,52.0 kilometer_per_hour,93 degree_Celsius,69.01960784313725 percent,24.5 degree,,,,25.098039215686274 percent,1725083923.9526587
1,1725083924.252658,52.0 kilometer_per_hour,93 degree_Celsius,65.49019607843137 percent,17.0 degree,,,,23.137254901960784 percent,1725083924.4927752
2,1725083924.7927036,52.0 kilometer_per_hour,93 degree_Celsius,48.627450980392155 percent,20.5 degree,,,,20.784313725490197 percent,1725083925.0327315
3,1725083925.3326178,52.0 kilometer_per_hour,93 degree_Celsius,38.431372549019606 percent,32.5 degree,,,,19.215686274509803 percent,1725083925.5730057
4,1725083925.8723245,52.0 kilometer_per_hour,93 degree_Celsius,60.78431372549019 percent,28.0 degree,,,,21.568627450980394 percent,1725083926.12475
5,1725083926.4429095,52.0 kilometer_per_hour,93 degree_Celsius,72.15686274509804 percent,25.5 degree,,,,23.137254901960784 percent,1725083926.682769
6,1725083926.9829443,52.0 kilometer_per_hour,93 degree_Celsius,78.43137254901961 percent,25.0 degree,,,,23.92156862745098 percent,1725083927.2230923
7,1725083927.5230222,52.0 kilometer_per_hour,93 degree_Celsius,80.7843137254902 percent,22.5 degree,,,,24.705882352941178 percent,1725083927.7631118
8,1725083928.0623527,52.0 kilometer_per_hour,93 degree_Celsius,82.3529411764706 percent,21.5 degree,,,,25.098039215686274 percent,1725083928.3031337
9,1725083928.6028614,53.0 kilometer_per_hour,93 degree_Celsius,82.74509803921569 percent,21.0 degree,,,,25.49019607843137 percent,1725083928.8430128
10,1725083929.1432161,53.0 kilometer_per_hour,93 degree_Celsius,68.62745098039215 percent,17.0 degree,,,,15.686274509803921 percent,1725083929.3835146
11,1725083929.683165,53.0 kilometer_per_hour,94 degree_Celsius,33.333333333333336 percent,20.5 degree,,,,16.470588235294116 percent,1725083929.9235206
12,1725083930.2233715,52.0 kilometer_per_hour,94 degree_Celsius,32.15686274509804 percent,34.0 degree,,,,19.215686274509803 percent,1725083930.4634914
13,1725083930.7631824,51.0 kilometer_per_hour,94 degree_Celsius,43.529411764705884 percent,31.5 degree,,,,19.607843137254903 percent,1725083931.0036547
14,1725083931.3035543,51.0 kilometer_per_hour,94 degree_Celsius,50.98039215686274 percent,31.0 degree,,,,21.176470588235293 percent,1725083931.5436752
15,1725083931.8428879,50.0 kilometer_per_hour,94 degree_Celsius,62.745098039215684 percent,27.5 degree,,,,21.96078431372549 percent,1725083932.0837593
16,1725083932.3835943,50.0 kilometer_per_hour,94 degree_Celsius,74.90196078431373 percent,26.0 degree,,,,22.745098039215687 percent,1725083932.6232507
17,1725083932.9238107,50.0 kilometer_per_hour,94 degree_Celsius,80.0 percent,25.0 degree,,,,23.137254901960784 percent,1725083933.1642163
18,1725083933.4639747,50.0 kilometer_per_hour,94 degree_Celsius,58.8235294117647 percent,24.0 degree,,,,12.156862745098039 percent,1725083933.7036738
19,1725083934.0038004,50.0 kilometer_per_hour,94 degree_Celsius,33.72549019607843 percent,14.5 degree,,,,15.686274509803921 percent,1725083934.2440455
20,1725083934.5439374,49.0 kilometer_per_hour,94 degree_Celsius,28.235294117647058 percent,3.5 degree,,,,14.901960784313726 percent,1725083934.784187
21,1725083935.0839376,48.0 kilometer_per_hour,94 degree_Celsius,19.215686274509803 percent,-1.5 degree,,,,14.509803921568627 percent,1725083935.3242223
22,1725083935.623551,47.0 kilometer_per_hour,94 degree_Celsius,18.431372549019606 percent,22.5 degree,,,,20.784313725490197 percent,1725083935.8643038
23,1725083936.1641073,46.0 kilometer_per_hour,94 degree_Celsius,57.254901960784316 percent,24.0 degree,,,,21.96078431372549 percent,1725083936.4037066
24,1725083936.70395,46.0 kilometer_per_hour,94 degree_Celsius,86.27450980392157 percent,22.5 degree,,,,23.529411764705884 percent,1725083936.9446948
25,1725083937.2442713,46.0 kilometer_per_hour,94 degree_Celsius,79.6078431372549 percent,20.5 degree,,,,23.92156862745098 percent,1725083937.4845448
26,1725083937.7843463,46.0 kilometer_per_hour,94 degree_Celsius,80.7843137254902 percent,20.5 degree,,,,23.92156862745098 percent,1725083938.0247107
27,1725083938.3244958,46.0 kilometer_per_hour,94 degree_Celsius,80.3921568627451 percent,20.5 degree,,,,24.313725490196077 percent,1725083938.5644805
28,1725083938.8645527,46.0 kilometer_per_hour,94 degree_Celsius,80.3921568627451 percent,20.5 degree,,,,24.313725490196077 percent,1725083939.1047559
29,1725083939.4043534,46.0 kilometer_per_hour,94 degree_Celsius,81.17647058823529 percent,20.0 degree,,,,24.705882352941178 percent,1725083939.6446986
30,1725083939.944549,46.0 kilometer_per_hour,94 degree_Celsius,81.17647058823529 percent,20.0 degree,,,,24.705882352941178 percent,1725083940.1846778
31,1725083940.484629,45.0 kilometer_per_hour,94 degree_Celsius,80.7843137254902 percent,19.5 degree,,,,24.705882352941178 percent,1725083940.7248843
32,1725083941.024769,45.0 kilometer_per_hour,94 degree_Celsius,80.7843137254902 percent,19.5 degree,,,,26.666666666666668 percent,1725083941.2649643
33,1725083941.5647807,45.0 kilometer_per_hour,94 degree_Celsius,86.27450980392157 percent,17.5 degree,,,,26.274509803921568 percent,1725083941.804954
34,1725083942.1048205,45.0 kilometer_per_hour,94 degree_Celsius,85.09803921568627 percent,17.0 degree,,,,26.274509803921568 percent,1725083942.344818
35,1725083942.6447427,46.0 kilometer_per_hour,94 degree_Celsius,84.70588235294117 percent,15.5 degree,,,,26.274509803921568 percent,1725083942.885133
36,1725083943.1848264,46.0 kilometer_per_hour,94 degree_Celsius,81.96078431372548 percent,16.5 degree,,,,21.96078431372549 percent,1725083943.4310062
0,1725083954.0164688,50.0 kilometer_per_hour,94 degree_Celsius,74.90196078431373 percent,24.0 degree,,,,23.137254901960784 percent,1725083954.2565677
1,1725083954.5564642,50.0 kilometer_per_hour,94 degree_Celsius,46.27450980392157 percent,19.0 degree,,,,16.470588235294116 percent,1725083954.7965338
2,1725083955.096419,50.0 kilometer_per_hour,94 degree_Celsius,32.549019607843135 percent,14.0 degree,,,,16.07843137254902 percent,1725083955.3367352
3,1725083955.6366994,49.0 kilometer_per_hour,94 degree_Celsius,27.45098039215686 percent,1.0 degree,,,,15.294117647058824 percent,1725083955.876275
4,1725083956.1767879,49.0 kilometer_per_hour,94 degree_Celsius,22.352941176470587 percent,28.0 degree,,,,18.03921568627451 percent,1725083956.4228904
5,1725083956.7224507,48.0 kilometer_per_hour,94 degree_Celsius,32.94117647058823 percent,32.0 degree,,,,17.647058823529413 percent,1725083956.9568877
6,1725083957.2567866,48.0 kilometer_per_hour,94 degree_Celsius,35.68627450980392 percent,32.5 degree,,,,17.647058823529413 percent,1725083957.4968593
7,1725083957.7968528,48.0 kilometer_per_hour,94 degree_Celsius,36.470588235294116 percent,33.0 degree,,,,18.03921568627451 percent,1725083958.0370593
8,1725083958.3368945,48.0 kilometer_per_hour,94 degree_Celsius,37.64705882352941 percent,32.5 degree,,,,17.647058823529413 percent,1725083958.576978
9,1725083958.876734,48.0 kilometer_per_hour,94 degree_Celsius,36.470588235294116 percent,33.0 degree,,,,17.254901960784313 percent,1725083959.117293
10,1725083959.41709,48.0 kilometer_per_hour,94 degree_Celsius,34.90196078431372 percent,33.5 degree,,,,16.862745098039216 percent,1725083959.6566005
11,1725083959.9571497,48.0 kilometer_per_hour,93 degree_Celsius,30.19607843137255 percent,12.5 degree,,,,15.686274509803921 percent,1725083960.1973531
12,1725083960.4969463,48.0 kilometer_per_hour,93 degree_Celsius,24.313725490196077 percent,-1.0 degree,,,,13.72549019607843 percent,1725083960.7371173
13,1725083961.0372016,47.0 kilometer_per_hour,93 degree_Celsius,18.823529411764707 percent,-1.5 degree,,,,13.72549019607843 percent,1725083961.277358
14,1725083961.577129,47.0 kilometer_per_hour,93 degree_Celsius,18.431372549019606 percent,-0.5 degree,,,,13.333333333333334 percent,1725083961.8175106
15,1725083962.1173575,46.0 kilometer_per_hour,93 degree_Celsius,18.03921568627451 percent,0.0 degree,,,,14.117647058823529 percent,1725083962.3575025
16,1725083962.6569474,46.0 kilometer_per_hour,93 degree_Celsius,18.03921568627451 percent,0.0 degree,,,,14.117647058823529 percent,1725083962.8976235
17,1725083963.197369,45.0 kilometer_per_hour,93 degree_Celsius,18.03921568627451 percent,0.0 degree,,,,14.117647058823529 percent,1725083963.4370742
18,1725083963.7374632,44.0 kilometer_per_hour,93 degree_Celsius,17.647058823529413 percent,0.0 degree,,,,14.117647058823529 percent,1725083963.9777756
19,1725083964.2778223,44.0 kilometer_per_hour,93 degree_Celsius,17.647058823529413 percent,0.0 degree,,,,14.117647058823529 percent,1725083964.517938
20,1725083964.8177354,44.0 kilometer_per_hour,93 degree_Celsius,17.647058823529413 percent,0.0 degree,,,,14.117647058823529 percent,1725083965.0578005
21,1725083965.3577952,43.0 kilometer_per_hour,92 degree_Celsius,17.647058823529413 percent,-0.5 degree,,,,14.117647058823529 percent,1725083965.5979176
22,1725083965.8978708,43.0 kilometer_per_hour,92 degree_Celsius,17.647058823529413 percent,-0.5 degree,,,,14.117647058823529 percent,1725083966.138095
23,1725083966.437592,43.0 kilometer_per_hour,92 degree_Celsius,17.647058823529413 percent,-0.5 degree,,,,14.117647058823529 percent,1725083966.678028
24,1725083966.9780126,43.0 kilometer_per_hour,92 degree_Celsius,17.647058823529413 percent,-0.5 degree,,,,14.117647058823529 percent,1725083967.2182376
25,1725083967.5181532,42.0 kilometer_per_hour,92 degree_Celsius,17.647058823529413 percent,-1.0 degree,,,,14.509803921568627 percent,1725083967.7579865
26,1725083968.0581255,41.0 kilometer_per_hour,92 degree_Celsius,17.647058823529413 percent,-1.5 degree,,,,14.901960784313726 percent,1725083968.2984924
27,1725083968.5982358,41.0 kilometer_per_hour,92 degree_Celsius,17.647058823529413 percent,-2.5 degree,,,,14.901960784313726 percent,1725083968.838382
28,1725083969.1383154,41.0 kilometer_per_hour,92 degree_Celsius,18.03921568627451 percent,-3.0 degree,,,,14.901960784313726 percent,1725083969.3783724
29,1725083969.6784003,40.0 kilometer_per_hour,92 degree_Celsius,17.647058823529413 percent,-3.0 degree,,,,14.509803921568627 percent,1725083969.9185653
30,1725083970.2184412,39.0 kilometer_per_hour,91 degree_Celsius,18.03921568627451 percent,-3.5 degree,,,,14.509803921568627 percent,1725083970.4587233
31,1725083970.7580178,39.0 kilometer_per_hour,91 degree_Celsius,17.647058823529413 percent,-4.0 degree,,,,14.509803921568627 percent,1725083970.9988163
32,1725083971.298417,38.0 kilometer_per_hour,91 degree_Celsius,18.03921568627451 percent,-4.0 degree,,,,14.509803921568627 percent,1725083971.538713
33,1725083971.8384798,37.0 kilometer_per_hour,91 degree_Celsius,18.03921568627451 percent,-5.0 degree,,,,14.117647058823529 percent,1725083972.078936
34,1725083972.3787446,36.0 kilometer_per_hour,91 degree_Celsius,18.03921568627451 percent,-5.5 degree,,,,13.72549019607843 percent,1725083972.61897
35,1725083972.9248185,32.0 kilometer_per_hour,91 degree_Celsius,36.07843137254902 percent,0.0 degree,,,,12.156862745098039 percent,1725083973.1586342
36,1725083973.4589252,28.0 kilometer_per_hour,91 degree_Celsius,22.352941176470587 percent,1.0 degree,,,,15.294117647058824 percent,1725083973.69893
37,1725083973.998906,26.0 kilometer_per_hour,91 degree_Celsius,21.568627450980394 percent,32.0 degree,,,,15.686274509803921 percent,1725083974.2391453
0,1725083983.6898699,25.0 kilometer_per_hour,90 degree_Celsius,23.137254901960784 percent,39.5 degree,,,,19.607843137254903 percent,1725083983.9303305
1,1725083984.2302608,25.0 kilometer_per_hour,90 degree_Celsius,45.88235294117647 percent,18.5 degree,,,,21.568627450980394 percent,1725083984.4702153
2,1725083984.7697825,26.0 kilometer_per_hour,90 degree_Celsius,61.568627450980394 percent,26.5 degree,,,,21.96078431372549 percent,1725083985.016632
3,1725083985.3102949,27.0 kilometer_per_hour,90 degree_Celsius,65.09803921568627 percent,27.0 degree,,,,22.352941176470587 percent,1725083985.5505302
4,1725083985.850496,28.0 kilometer_per_hour,90 degree_Celsius,67.45098039215686 percent,26.0 degree,,,,22.745098039215687 percent,1725083986.090703
5,1725083986.3905542,30.0 kilometer_per_hour,90 degree_Celsius,68.23529411764706 percent,26.0 degree,,,,23.137254901960784 percent,1725083986.6307533
6,1725083986.9306033,31.0 kilometer_per_hour,90 degree_Celsius,82.74509803921569 percent,22.0 degree,,,,23.92156862745098 percent,1725083987.170805
7,1725083987.4700775,32.0 kilometer_per_hour,90 degree_Celsius,76.47058823529412 percent,22.0 degree,,,,23.529411764705884 percent,1725083987.7108757
8,1725083988.0106995,33.0 kilometer_per_hour,91 degree_Celsius,42.35294117647059 percent,30.0 degree,,,,18.431372549019606 percent,1725083988.2504025
9,1725083988.5507386,34.0 kilometer_per_hour,91 degree_Celsius,32.549019607843135 percent,33.5 degree,,,,16.862745098039216 percent,1725083988.790821
10,1725083989.090665,33.0 kilometer_per_hour,91 degree_Celsius,25.88235294117647 percent,36.0 degree,,,,16.07843137254902 percent,1725083989.3308904
11,1725083989.6309211,33.0 kilometer_per_hour,91 degree_Celsius,24.705882352941178 percent,36.5 degree,,,,19.215686274509803 percent,1725083989.8710337
12,1725083990.1711438,33.0 kilometer_per_hour,91 degree_Celsius,50.19607843137255 percent,13.0 degree,,,,20.784313725490197 percent,1725083990.4111521
13,1725083990.711134,33.0 kilometer_per_hour,91 degree_Celsius,51.372549019607845 percent,30.0 degree,,,,20.0 percent,1725083990.9515026
14,1725083991.2511861,34.0 kilometer_per_hour,91 degree_Celsius,52.94117647058823 percent,30.5 degree,,,,20.0 percent,1725083991.4914327
15,1725083991.7909534,34.0 kilometer_per_hour,91 degree_Celsius,52.15686274509804 percent,30.5 degree,,,,20.0 percent,1725083992.0312579
16,1725083992.3311517,35.0 kilometer_per_hour,91 degree_Celsius,34.90196078431372 percent,35.0 degree,,,,17.647058823529413 percent,1725083992.5718517
17,1725083992.8713536,35.0 kilometer_per_hour,92 degree_Celsius,30.58823529411765 percent,25.5 degree,,,,16.862745098039216 percent,1725083993.111491
18,1725083993.4116232,35.0 kilometer_per_hour,92 degree_Celsius,24.705882352941178 percent,24.0 degree,,,,16.07843137254902 percent,1725083993.6516948
19,1725083993.957387,35.0 kilometer_per_hour,92 degree_Celsius,21.96078431372549 percent,15.0 degree,,,,16.470588235294116 percent,1725083994.1914914
20,1725083994.491683,35.0 kilometer_per_hour,92 degree_Celsius,21.96078431372549 percent,1.0 degree,,,,16.470588235294116 percent,1725083994.73186
21,1725083995.0311854,34.0 kilometer_per_hour,92 degree_Celsius,19.215686274509803 percent,-0.5 degree,,,,15.686274509803921 percent,1725083995.2719257
22,1725083995.571755,34.0 kilometer_per_hour,92 degree_Celsius,18.823529411764707 percent,0.0 degree,,,,15.294117647058824 percent,1725083995.8118372
23,1725083996.1115992,33.0 kilometer_per_hour,92 degree_Celsius,18.431372549019606 percent,0.0 degree,,,,14.901960784313726 percent,1725083996.3518863
24,1725083996.6519997,33.0 kilometer_per_hour,92 degree_Celsius,18.431372549019606 percent,0.0 degree,,,,14.901960784313726 percent,1725083996.8919814
25,1725083997.1912954,33.0 kilometer_per_hour,92 degree_Celsius,18.431372549019606 percent,0.0 degree,,,,14.901960784313726 percent,1725083997.4323757
26,1725083997.732015,32.0 kilometer_per_hour,92 degree_Celsius,18.431372549019606 percent,-0.5 degree,,,,14.509803921568627 percent,1725083997.9714518
27,1725083998.2721121,30.0 kilometer_per_hour,92 degree_Celsius,18.03921568627451 percent,-1.0 degree,,,,13.72549019607843 percent,1725083998.5122857
28,1725083998.8119102,28.0 kilometer_per_hour,92 degree_Celsius,17.647058823529413 percent,-2.5 degree,,,,13.72549019607843 percent,1725083999.052417
29,1725083999.3523235,26.0 kilometer_per_hour,92 degree_Celsius,17.647058823529413 percent,-5.0 degree,,,,20.0 percent,1725083999.5923603
30,1725083999.8921752,24.0 kilometer_per_hour,92 degree_Celsius,29.41176470588235 percent,-3.5 degree,,,,15.294117647058824 percent,1725084000.1325595
31,1725084000.4323726,22.0 kilometer_per_hour,92 degree_Celsius,21.176470588235293 percent,8.0 degree,,,,15.294117647058824 percent,1725084000.6724885
32,1725084000.9718072,20.0 kilometer_per_hour,92 degree_Celsius,21.176470588235293 percent,10.0 degree,,,,15.294117647058824 percent,1725084001.2127485
33,1725084001.5126498,20.0 kilometer_per_hour,92 degree_Celsius,21.176470588235293 percent,11.5 degree,,,,15.294117647058824 percent,1725084001.7527258
34,1725084002.0525908,19.0 kilometer_per_hour,92 degree_Celsius,21.176470588235293 percent,13.0 degree,,,,14.901960784313726 percent,1725084002.2928715
35,1725084002.592771,18.0 kilometer_per_hour,92 degree_Celsius,21.176470588235293 percent,13.5 degree,,,,14.509803921568627 percent,1725084002.8327885
36,1725084003.13253,18.0 kilometer_per_hour,92 degree_Celsius,29.80392156862745 percent,9.0 degree,,,,17.254901960784313 percent,1725084003.3728886
37,1725084003.6727746,17.0 kilometer_per_hour,92 degree_Celsius,35.68627450980392 percent,5.5 degree,,,,16.862745098039216 percent,1725084003.9128685
0,1725084033.3465278,17.0 kilometer_per_hour,93 degree_Celsius,38.03921568627451 percent,1.0 degree,,,,16.470588235294116 percent,1725084033.5867496
1,1725084033.886447,15.0 kilometer_per_hour,93 degree_Celsius,39.21568627450981 percent,0.0 degree,,,,16.07843137254902 percent,1725084034.1268368
2,1725084034.4267604,15.0 kilometer_per_hour,93 degree_Celsius,51.372549019607845 percent,1.0 degree,,,,22.745098039215687 percent,1725084034.667037
3,1725084034.9668498,15.0 kilometer_per_hour,93 degree_Celsius,82.74509803921569 percent,20.5 degree,,,,24.705882352941178 percent,1725084035.2070997
4,1725084035.5062795,16.0 kilometer_per_hour,93 degree_Celsius,83.92156862745098 percent,21.5 degree,,,,25.49019607843137 percent,1725084035.747064
5,1725084036.0469713,18.0 kilometer_per_hour,93 degree_Celsius,79.6078431372549 percent,21.0 degree,,,,26.274509803921568 percent,1725084036.2865422
6,1725084036.587134,20.0 kilometer_per_hour,93 degree_Celsius,79.2156862745098 percent,19.5 degree,,,,26.666666666666668 percent,1725084036.8271763
7,1725084037.126933,23.0 kilometer_per_hour,93 degree_Celsius,80.3921568627451 percent,18.0 degree,,,,27.45098039215686 percent,1725084037.3673835
8,1725084037.6673102,25.0 kilometer_per_hour,93 degree_Celsius,87.05882352941177 percent,17.0 degree,,,,29.019607843137255 percent,1725084037.9132204
9,1725084038.2072992,27.0 kilometer_per_hour,93 degree_Celsius,90.19607843137256 percent,17.0 degree,,,,30.58823529411765 percent,1725084038.4473295
10,1725084038.7473266,29.0 kilometer_per_hour,93 degree_Celsius,89.80392156862744 percent,15.5 degree,,,,29.80392156862745 percent,1725084038.9875748
11,1725084039.2867372,31.0 kilometer_per_hour,93 degree_Celsius,84.31372549019608 percent,16.0 degree,,,,28.627450980392158 percent,1725084039.527489
12,1725084039.8274465,33.0 kilometer_per_hour,93 degree_Celsius,81.96078431372548 percent,17.5 degree,,,,28.627450980392158 percent,1725084040.0672433
13,1725084040.367698,35.0 kilometer_per_hour,93 degree_Celsius,80.7843137254902 percent,16.5 degree,,,,28.627450980392158 percent,1725084040.6077435
14,1725084040.9075286,37.0 kilometer_per_hour,93 degree_Celsius,79.2156862745098 percent,17.5 degree,,,,28.627450980392158 percent,1725084041.1478946
15,1725084041.4478333,38.0 kilometer_per_hour,93 degree_Celsius,68.62745098039215 percent,19.0 degree,,,,29.019607843137255 percent,1725084041.6880374
16,1725084041.9880495,40.0 kilometer_per_hour,93 degree_Celsius,63.529411764705884 percent,20.0 degree,,,,25.88235294117647 percent,1725084042.2280393
17,1725084042.533873,41.0 kilometer_per_hour,93 degree_Celsius,40.78431372549019 percent,15.0 degree,,,,20.784313725490197 percent,1725084042.7679687
18,1725084043.06742,41.0 kilometer_per_hour,93 degree_Celsius,42.35294117647059 percent,28.5 degree,,,,21.176470588235293 percent,1725084043.3082733
19,1725084043.6080306,41.0 kilometer_per_hour,93 degree_Celsius,59.21568627450981 percent,26.0 degree,,,,22.352941176470587 percent,1725084043.8477879
20,1725084044.1481245,42.0 kilometer_per_hour,93 degree_Celsius,67.05882352941177 percent,24.5 degree,,,,23.92156862745098 percent,1725084044.3883655
21,1725084044.6882646,42.0 kilometer_per_hour,93 degree_Celsius,71.37254901960785 percent,23.5 degree,,,,25.098039215686274 percent,1725084044.928308
22,1725084045.2282953,43.0 kilometer_per_hour,93 degree_Celsius,74.50980392156863 percent,21.5 degree,,,,25.49019607843137 percent,1725084045.4685578
23,1725084045.774261,44.0 kilometer_per_hour,93 degree_Celsius,73.72549019607843 percent,20.5 degree,,,,25.49019607843137 percent,1725084046.0085607
24,1725084046.3083777,45.0 kilometer_per_hour,93 degree_Celsius,72.94117647058823 percent,20.5 degree,,,,25.49019607843137 percent,1725084046.5485923
25,1725084046.8479776,46.0 kilometer_per_hour,93 degree_Celsius,71.37254901960785 percent,21.0 degree,,,,25.098039215686274 percent,1725084047.0887666
26,1725084047.3886452,47.0 kilometer_per_hour,93 degree_Celsius,70.19607843137256 percent,22.5 degree,,,,24.705882352941178 percent,1725084047.6286702
27,1725084047.928531,48.0 kilometer_per_hour,93 degree_Celsius,67.45098039215686 percent,23.0 degree,,,,24.313725490196077 percent,1725084048.1748288
28,1725084048.4748027,49.0 kilometer_per_hour,93 degree_Celsius,67.05882352941177 percent,24.0 degree,,,,24.313725490196077 percent,1725084048.7089317
29,1725084049.0148778,50.0 kilometer_per_hour,93 degree_Celsius,66.66666666666667 percent,24.0 degree,,,,24.313725490196077 percent,1725084049.2549276
30,1725084049.5489051,50.0 kilometer_per_hour,93 degree_Celsius,66.27450980392157 percent,24.5 degree,,,,24.313725490196077 percent,1725084049.7944238
31,1725084050.0888422,51.0 kilometer_per_hour,93 degree_Celsius,67.84313725490196 percent,24.5 degree,,,,24.705882352941178 percent,1725084050.335007
32,1725084050.628991,52.0 kilometer_per_hour,93 degree_Celsius,69.41176470588235 percent,1.5 degree,,,,24.705882352941178 percent,1725084050.8750532
33,1725084051.1749885,52.0 kilometer_per_hour,93 degree_Celsius,83.13725490196079 percent,21.5 degree,,,,25.49019607843137 percent,1725084051.415061
34,1725084051.715035,53.0 kilometer_per_hour,93 degree_Celsius,81.96078431372548 percent,21.0 degree,,,,25.88235294117647 percent,1725084051.9551823
35,1725084052.255247,54.0 kilometer_per_hour,93 degree_Celsius,81.56862745098039 percent,21.0 degree,,,,25.49019607843137 percent,1725084052.4892523
36,1725084052.7885869,55.0 kilometer_per_hour,93 degree_Celsius,80.3921568627451 percent,20.0 degree,,,,25.49019607843137 percent,1725084053.0354974
37,1725084053.3352728,55.0 kilometer_per_hour,93 degree_Celsius,80.0 percent,20.5 degree,,,,25.49019607843137 percent,1725084053.5748029
0,1725084068.9013424,67.0 kilometer_per_hour,94 degree_Celsius,75.29411764705883 percent,24.5 degree,,,,23.137254901960784 percent,1725084069.141376
1,1725084069.4413643,67.0 kilometer_per_hour,94 degree_Celsius,75.68627450980392 percent,24.0 degree,,,,23.137254901960784 percent,1725084069.6817904
2,1725084069.981567,67.0 kilometer_per_hour,94 degree_Celsius,75.29411764705883 percent,24.0 degree,,,,23.137254901960784 percent,1725084070.2216425
3,1725084070.5217166,68.0 kilometer_per_hour,93 degree_Celsius,75.29411764705883 percent,24.0 degree,,,,23.137254901960784 percent,1725084070.7618515
4,1725084071.0617836,68.0 kilometer_per_hour,93 degree_Celsius,74.90196078431373 percent,24.0 degree,,,,23.137254901960784 percent,1725084071.3018641
5,1725084071.601206,68.0 kilometer_per_hour,93 degree_Celsius,75.68627450980392 percent,24.0 degree,,,,23.137254901960784 percent,1725084071.8419557
6,1725084072.141521,68.0 kilometer_per_hour,93 degree_Celsius,75.29411764705883 percent,23.5 degree,,,,23.137254901960784 percent,1725084072.3814335
7,1725084072.6818125,68.0 kilometer_per_hour,93 degree_Celsius,75.29411764705883 percent,23.5 degree,,,,23.137254901960784 percent,1725084072.9221685
8,1725084073.2218676,69.0 kilometer_per_hour,93 degree_Celsius,75.68627450980392 percent,23.5 degree,,,,23.529411764705884 percent,1725084073.4621713
9,1725084073.761913,69.0 kilometer_per_hour,93 degree_Celsius,76.07843137254902 percent,23.5 degree,,,,23.529411764705884 percent,1725084074.0021634
10,1725084074.3020227,69.0 kilometer_per_hour,93 degree_Celsius,75.68627450980392 percent,23.5 degree,,,,23.529411764705884 percent,1725084074.542294
11,1725084074.8422372,69.0 kilometer_per_hour,93 degree_Celsius,75.29411764705883 percent,23.0 degree,,,,23.529411764705884 percent,1725084075.0823264
12,1725084075.3820636,69.0 kilometer_per_hour,93 degree_Celsius,75.68627450980392 percent,23.0 degree,,,,23.529411764705884 percent,1725084075.6224432
13,1725084075.922187,69.0 kilometer_per_hour,93 degree_Celsius,75.68627450980392 percent,23.0 degree,,,,23.529411764705884 percent,1725084076.1684277
14,1725084076.462336,70.0 kilometer_per_hour,93 degree_Celsius,75.68627450980392 percent,23.0 degree,,,,23.529411764705884 percent,1725084076.7025597
15,1725084077.0088136,70.0 kilometer_per_hour,93 degree_Celsius,75.68627450980392 percent,23.0 degree,,,,23.92156862745098 percent,1725084077.2425973
16,1725084077.5485098,70.0 kilometer_per_hour,93 degree_Celsius,76.07843137254902 percent,23.0 degree,,,,23.92156862745098 percent,1725084077.7888021
17,1725084078.0885904,70.0 kilometer_per_hour,93 degree_Celsius,76.07843137254902 percent,22.5 degree,,,,23.529411764705884 percent,1725084078.3226664
18,1725084078.6287389,71.0 kilometer_per_hour,93 degree_Celsius,76.07843137254902 percent,22.5 degree,,,,23.92156862745098 percent,1725084078.8628438
19,1725084079.1685724,71.0 kilometer_per_hour,93 degree_Celsius,76.07843137254902 percent,22.5 degree,,,,23.92156862745098 percent,1725084079.4089158
20,1725084079.7086823,71.0 kilometer_per_hour,93 degree_Celsius,76.47058823529412 percent,22.5 degree,,,,23.92156862745098 percent,1725084079.9427598
21,1725084080.2488313,71.0 kilometer_per_hour,93 degree_Celsius,76.86274509803921 percent,22.5 degree,,,,23.92156862745098 percent,1725084080.4892793
22,1725084080.7891376,71.0 kilometer_per_hour,93 degree_Celsius,76.86274509803921 percent,22.5 degree,,,,23.92156862745098 percent,1725084081.0291226
23,1725084081.3228173,71.0 kilometer_per_hour,93 degree_Celsius,76.86274509803921 percent,22.0 degree,,,,23.92156862745098 percent,1725084081.5632367
24,1725084081.863095,72.0 kilometer_per_hour,93 degree_Celsius,76.86274509803921 percent,22.0 degree,,,,23.92156862745098 percent,1725084082.1029456
25,1725084082.40311,72.0 kilometer_per_hour,93 degree_Celsius,76.86274509803921 percent,22.0 degree,,,,24.313725490196077 percent,1725084082.6434462
26,1725084082.9428983,72.0 kilometer_per_hour,92 degree_Celsius,76.86274509803921 percent,22.0 degree,,,,24.313725490196077 percent,1725084083.1831431
27,1725084083.4832532,72.0 kilometer_per_hour,92 degree_Celsius,74.50980392156863 percent,26.0 degree,,,,14.117647058823529 percent,1725084083.723337
28,1725084084.0233116,72.0 kilometer_per_hour,92 degree_Celsius,32.15686274509804 percent,21.0 degree,,,,16.07843137254902 percent,1725084084.2636
29,1725084084.5634162,72.0 kilometer_per_hour,92 degree_Celsius,26.666666666666668 percent,7.0 degree,,,,15.294117647058824 percent,1725084084.8034596
30,1725084085.1031764,71.0 kilometer_per_hour,92 degree_Celsius,21.96078431372549 percent,0.0 degree,,,,16.07843137254902 percent,1725084085.3437002
31,1725084085.643671,70.0 kilometer_per_hour,92 degree_Celsius,21.568627450980394 percent,-1.0 degree,,,,16.862745098039216 percent,1725084085.8830879
32,1725084086.1833866,69.0 kilometer_per_hour,92 degree_Celsius,21.568627450980394 percent,-1.0 degree,,,,16.470588235294116 percent,1725084086.4238992
33,1725084086.7235584,68.0 kilometer_per_hour,92 degree_Celsius,19.215686274509803 percent,0.0 degree,,,,15.686274509803921 percent,1725084086.9637003
34,1725084087.2637632,67.0 kilometer_per_hour,92 degree_Celsius,18.431372549019606 percent,1.0 degree,,,,15.686274509803921 percent,1725084087.5040035
35,1725084087.803797,66.0 kilometer_per_hour,92 degree_Celsius,18.431372549019606 percent,1.0 degree,,,,15.686274509803921 percent,1725084088.0439389
36,1725084088.3439105,64.0 kilometer_per_hour,92 degree_Celsius,18.431372549019606 percent,0.0 degree,,,,15.294117647058824 percent,1725084088.5840218
37,1725084088.8835382,63.0 kilometer_per_hour,92 degree_Celsius,18.431372549019606 percent,0.0 degree,,,,15.294117647058824 percent,1725084089.1243284
0,1725084106.165882,82.0 kilometer_per_hour,92 degree_Celsius,92.94117647058823 percent,17.5 degree,,,,63.92156862745098 percent,1725084106.4065502
1,1725084106.706577,83.0 kilometer_per_hour,92 degree_Celsius,53.72549019607843 percent,10.5 degree,,,,18.823529411764707 percent,1725084106.945987
2,1725084107.2464821,83.0 kilometer_per_hour,93 degree_Celsius,18.823529411764707 percent,32.0 degree,,,,18.03921568627451 percent,1725084107.4865797
3,1725084107.7863429,82.0 kilometer_per_hour,93 degree_Celsius,14.901960784313726 percent,9.0 degree,,,,18.03921568627451 percent,1725084108.0266187
4,1725084108.3266065,82.0 kilometer_per_hour,93 degree_Celsius,14.901960784313726 percent,45.5 degree,,,,21.96078431372549 percent,1725084108.5666683
5,1725084108.8664858,81.0 kilometer_per_hour,93 degree_Celsius,37.64705882352941 percent,32.5 degree,,,,21.176470588235293 percent,1725084109.1070778
6,1725084109.4066954,81.0 kilometer_per_hour,93 degree_Celsius,46.666666666666664 percent,31.0 degree,,,,22.352941176470587 percent,1725084109.6469567
7,1725084109.946545,81.0 kilometer_per_hour,93 degree_Celsius,58.8235294117647 percent,26.5 degree,,,,22.352941176470587 percent,1725084110.18704
8,1725084110.4870434,81.0 kilometer_per_hour,93 degree_Celsius,60.0 percent,25.5 degree,,,,22.352941176470587 percent,1725084110.7269561
9,1725084111.0268872,81.0 kilometer_per_hour,93 degree_Celsius,60.0 percent,26.0 degree,,,,18.03921568627451 percent,1725084111.267149
10,1725084111.5669708,80.0 kilometer_per_hour,93 degree_Celsius,30.19607843137255 percent,22.5 degree,,,,17.254901960784313 percent,1725084111.807186
11,1725084112.1070528,80.0 kilometer_per_hour,93 degree_Celsius,24.313725490196077 percent,8.5 degree,,,,16.862745098039216 percent,1725084112.3471806
12,1725084112.6472163,79.0 kilometer_per_hour,93 degree_Celsius,18.03921568627451 percent,3.0 degree,,,,15.686274509803921 percent,1725084112.8875098
13,1725084113.1872487,78.0 kilometer_per_hour,93 degree_Celsius,17.254901960784313 percent,3.0 degree,,,,15.686274509803921 percent,1725084113.4276977
14,1725084113.727456,77.0 kilometer_per_hour,93 degree_Celsius,17.647058823529413 percent,3.0 degree,,,,15.294117647058824 percent,1725084113.9676657
15,1725084114.2673836,77.0 kilometer_per_hour,93 degree_Celsius,17.647058823529413 percent,3.0 degree,,,,15.294117647058824 percent,1725084114.5075996
16,1725084114.8074117,76.0 kilometer_per_hour,93 degree_Celsius,17.647058823529413 percent,3.0 degree,,,,15.294117647058824 percent,1725084115.047445
17,1725084115.3475077,75.0 kilometer_per_hour,93 degree_Celsius,18.03921568627451 percent,2.5 degree,,,,15.294117647058824 percent,1725084115.5876064
18,1725084115.8869648,74.0 kilometer_per_hour,93 degree_Celsius,18.03921568627451 percent,2.5 degree,,,,15.294117647058824 percent,1725084116.1276913
19,1725084116.4276156,74.0 kilometer_per_hour,93 degree_Celsius,29.019607843137255 percent,37.0 degree,,,,18.431372549019606 percent,1725084116.6676972
20,1725084116.9677558,73.0 kilometer_per_hour,93 degree_Celsius,33.72549019607843 percent,31.5 degree,,,,20.392156862745097 percent,1725084117.2083242
21,1725084117.507991,73.0 kilometer_per_hour,93 degree_Celsius,45.09803921568628 percent,31.0 degree,,,,20.392156862745097 percent,1725084117.7480364
22,1725084118.0536401,73.0 kilometer_per_hour,92 degree_Celsius,50.588235294117645 percent,30.0 degree,,,,21.96078431372549 percent,1725084118.2879682
23,1725084118.5879185,73.0 kilometer_per_hour,92 degree_Celsius,66.66666666666667 percent,25.5 degree,,,,23.529411764705884 percent,1725084118.828116
24,1725084119.1280217,73.0 kilometer_per_hour,92 degree_Celsius,80.7843137254902 percent,24.5 degree,,,,23.92156862745098 percent,1725084119.3683703
25,1725084119.6675997,73.0 kilometer_per_hour,92 degree_Celsius,80.7843137254902 percent,23.5 degree,,,,25.098039215686274 percent,1725084119.9083931
26,1725084120.208215,74.0 kilometer_per_hour,92 degree_Celsius,78.43137254901961 percent,22.5 degree,,,,14.117647058823529 percent,1725084120.4478889
27,1725084120.7483068,73.0 kilometer_per_hour,92 degree_Celsius,33.333333333333336 percent,21.0 degree,,,,17.254901960784313 percent,1725084120.9886215
28,1725084121.2881439,73.0 kilometer_per_hour,92 degree_Celsius,27.45098039215686 percent,11.5 degree,,,,16.470588235294116 percent,1725084121.528578
29,1725084121.8283794,72.0 kilometer_per_hour,92 degree_Celsius,21.568627450980394 percent,0.5 degree,,,,15.686274509803921 percent,1725084122.068556
30,1725084122.3745518,72.0 kilometer_per_hour,92 degree_Celsius,18.431372549019606 percent,1.0 degree,,,,15.294117647058824 percent,1725084122.608566
31,1725084122.914514,71.0 kilometer_per_hour,91 degree_Celsius,18.431372549019606 percent,1.0 degree,,,,14.901960784313726 percent,1725084123.1487772
32,1725084123.4482393,70.0 kilometer_per_hour,91 degree_Celsius,18.431372549019606 percent,1.5 degree,,,,14.901960784313726 percent,1725084123.694821
33,1725084123.9887266,69.0 kilometer_per_hour,91 degree_Celsius,18.431372549019606 percent,1.5 degree,,,,14.901960784313726 percent,1725084124.2284074
34,1725084124.534818,69.0 kilometer_per_hour,91 degree_Celsius,18.431372549019606 percent,1.0 degree,,,,14.901960784313726 percent,1725084124.7749715
35,1725084125.0745747,68.0 kilometer_per_hour,91 degree_Celsius,18.431372549019606 percent,1.0 degree,,,,14.509803921568627 percent,1725084125.309051
36,1725084125.6148996,67.0 kilometer_per_hour,91 degree_Celsius,18.431372549019606 percent,1.0 degree,,,,14.901960784313726 percent,1725084125.848986
37,1725084126.15497,66.0 kilometer_per_hour,91 degree_Celsius,18.431372549019606 percent,0.5 degree,,,,14.509803921568627 percent,1725084126.3951612
0,1725084143.5811307,51.0 kilometer_per_hour,91 degree_Celsius,55.68627450980392 percent,26.0 degree,,,,17.254901960784313 percent,1725084143.8214192
1,1725084144.1274788,51.0 kilometer_per_hour,92 degree_Celsius,32.549019607843135 percent,15.0 degree,,,,16.862745098039216 percent,1725084144.3615181
2,1725084144.6614156,51.0 kilometer_per_hour,92 degree_Celsius,27.45098039215686 percent,1.0 degree,,,,16.07843137254902 percent,1725084144.9075067
3,1725084145.2072341,50.0 kilometer_per_hour,92 degree_Celsius,21.568627450980394 percent,29.0 degree,,,,15.686274509803921 percent,1725084145.4476726
4,1725084145.7475383,50.0 kilometer_per_hour,92 degree_Celsius,21.96078431372549 percent,2.5 degree,,,,15.686274509803921 percent,1725084145.98129
5,1725084146.2816243,49.0 kilometer_per_hour,92 degree_Celsius,29.019607843137255 percent,33.0 degree,,,,23.529411764705884 percent,1725084146.5218625
6,1725084146.8277287,49.0 kilometer_per_hour,92 degree_Celsius,76.07843137254902 percent,24.0 degree,,,,24.313725490196077 percent,1725084147.067788
7,1725084147.3618166,50.0 kilometer_per_hour,93 degree_Celsius,80.3921568627451 percent,22.5 degree,,,,24.313725490196077 percent,1725084147.6020582
8,1725084147.901869,50.0 kilometer_per_hour,93 degree_Celsius,61.568627450980394 percent,23.0 degree,,,,17.254901960784313 percent,1725084148.1482399
9,1725084148.448171,51.0 kilometer_per_hour,93 degree_Celsius,34.509803921568626 percent,16.5 degree,,,,16.862745098039216 percent,1725084148.6880279
10,1725084148.987898,50.0 kilometer_per_hour,93 degree_Celsius,29.41176470588235 percent,33.5 degree,,,,19.215686274509803 percent,1725084149.22821
11,1725084149.528151,50.0 kilometer_per_hour,93 degree_Celsius,41.1764705882353 percent,32.5 degree,,,,19.215686274509803 percent,1725084149.7741542
12,1725084150.0979567,50.0 kilometer_per_hour,93 degree_Celsius,33.333333333333336 percent,25.0 degree,,,,16.862745098039216 percent,1725084150.3383782
13,1725084150.6382122,50.0 kilometer_per_hour,93 degree_Celsius,28.627450980392158 percent,7.5 degree,,,,16.07843137254902 percent,1725084150.8784394
14,1725084151.1781323,49.0 kilometer_per_hour,93 degree_Celsius,22.745098039215687 percent,-1.0 degree,,,,14.901960784313726 percent,1725084151.4184139
15,1725084151.7183523,49.0 kilometer_per_hour,93 degree_Celsius,18.823529411764707 percent,-1.0 degree,,,,14.509803921568627 percent,1725084151.9584653
16,1725084152.2582896,48.0 kilometer_per_hour,94 degree_Celsius,21.176470588235293 percent,3.5 degree,,,,15.294117647058824 percent,1725084152.4986684
17,1725084152.7984345,47.0 kilometer_per_hour,94 degree_Celsius,21.96078431372549 percent,23.5 degree,,,,15.686274509803921 percent,1725084153.0385652
18,1725084153.3386614,47.0 kilometer_per_hour,94 degree_Celsius,42.745098039215684 percent,10.0 degree,,,,20.784313725490197 percent,1725084153.578642
19,1725084153.8785183,47.0 kilometer_per_hour,94 degree_Celsius,56.86274509803921 percent,26.5 degree,,,,21.568627450980394 percent,1725084154.118836
20,1725084154.418879,47.0 kilometer_per_hour,94 degree_Celsius,74.90196078431373 percent,24.5 degree,,,,22.745098039215687 percent,1725084154.6589878
21,1725084154.958648,48.0 kilometer_per_hour,94 degree_Celsius,80.0 percent,24.0 degree,,,,23.137254901960784 percent,1725084155.1990495
22,1725084155.498743,48.0 kilometer_per_hour,94 degree_Celsius,77.25490196078431 percent,24.0 degree,,,,23.137254901960784 percent,1725084155.7325313
23,1725084156.0330722,49.0 kilometer_per_hour,94 degree_Celsius,76.86274509803921 percent,24.0 degree,,,,23.529411764705884 percent,1725084156.2731853
24,1725084156.5730171,49.0 kilometer_per_hour,94 degree_Celsius,58.8235294117647 percent,30.5 degree,,,,13.72549019607843 percent,1725084156.8132477
25,1725084157.113039,50.0 kilometer_per_hour,94 degree_Celsius,32.15686274509804 percent,16.0 degree,,,,16.470588235294116 percent,1725084157.3530257
26,1725084157.6531289,49.0 kilometer_per_hour,94 degree_Celsius,27.058823529411764 percent,4.5 degree,,,,15.686274509803921 percent,1725084157.8932865
27,1725084158.1930957,49.0 kilometer_per_hour,94 degree_Celsius,20.392156862745097 percent,0.0 degree,,,,14.901960784313726 percent,1725084158.4333599
28,1725084158.7326496,48.0 kilometer_per_hour,94 degree_Celsius,18.431372549019606 percent,-1.0 degree,,,,14.509803921568627 percent,1725084158.9734519
29,1725084159.273267,46.0 kilometer_per_hour,94 degree_Celsius,18.431372549019606 percent,-1.0 degree,,,,13.72549019607843 percent,1725084159.5130591
30,1725084159.8133879,45.0 kilometer_per_hour,94 degree_Celsius,18.03921568627451 percent,-0.5 degree,,,,13.72549019607843 percent,1725084160.0535736
31,1725084160.35356,44.0 kilometer_per_hour,94 degree_Celsius,18.03921568627451 percent,0.0 degree,,,,13.72549019607843 percent,1725084160.5937617
32,1725084160.8936288,44.0 kilometer_per_hour,94 degree_Celsius,17.647058823529413 percent,0.0 degree,,,,13.72549019607843 percent,1725084161.1336987
33,1725084161.4337547,43.0 kilometer_per_hour,93 degree_Celsius,17.647058823529413 percent,-0.5 degree,,,,13.72549019607843 percent,1725084161.6738882
34,1725084161.9737005,42.0 kilometer_per_hour,93 degree_Celsius,17.647058823529413 percent,-1.0 degree,,,,14.117647058823529 percent,1725084162.213782
35,1725084162.5131571,42.0 kilometer_per_hour,93 degree_Celsius,23.137254901960784 percent,38.0 degree,,,,19.215686274509803 percent,1725084162.753953
36,1725084163.0537372,42.0 kilometer_per_hour,93 degree_Celsius,40.3921568627451 percent,27.0 degree,,,,21.96078431372549 percent,1725084163.2935128
0,1725084175.511468,45.0 kilometer_per_hour,92 degree_Celsius,69.01960784313725 percent,24.0 degree,,,,21.96078431372549 percent,1725084175.7516618
1,1725084176.051182,45.0 kilometer_per_hour,92 degree_Celsius,75.29411764705883 percent,24.5 degree,,,,22.745098039215687 percent,1725084176.291739
2,1725084176.591687,45.0 kilometer_per_hour,92 degree_Celsius,76.47058823529412 percent,23.0 degree,,,,22.745098039215687 percent,1725084176.83179
3,1725084177.131642,46.0 kilometer_per_hour,92 degree_Celsius,74.50980392156863 percent,23.0 degree,,,,22.745098039215687 percent,1725084177.371911
4,1725084177.6718538,46.0 kilometer_per_hour,92 degree_Celsius,73.72549019607843 percent,23.0 degree,,,,22.352941176470587 percent,1725084177.912182
5,1725084178.211938,47.0 kilometer_per_hour,92 degree_Celsius,77.6470588235294 percent,22.5 degree,,,,23.529411764705884 percent,1725084178.4522524
6,1725084178.7520146,48.0 kilometer_per_hour,92 degree_Celsius,80.0 percent,22.0 degree,,,,12.549019607843137 percent,1725084178.99223
7,1725084179.2919996,48.0 kilometer_per_hour,92 degree_Celsius,35.294117647058826 percent,16.5 degree,,,,16.470588235294116 percent,1725084179.532345
8,1725084179.831609,48.0 kilometer_per_hour,92 degree_Celsius,28.627450980392158 percent,14.0 degree,,,,15.294117647058824 percent,1725084180.072347
9,1725084180.3719718,47.0 kilometer_per_hour,92 degree_Celsius,23.92156862745098 percent,38.0 degree,,,,16.470588235294116 percent,1725084180.606243
10,1725084180.906272,47.0 kilometer_per_hour,92 degree_Celsius,43.92156862745098 percent,24.5 degree,,,,20.392156862745097 percent,1725084181.1525521
11,1725084181.4524186,47.0 kilometer_per_hour,92 degree_Celsius,75.68627450980392 percent,24.0 degree,,,,23.92156862745098 percent,1725084181.6867127
12,1725084181.9865801,48.0 kilometer_per_hour,92 degree_Celsius,78.82352941176471 percent,22.5 degree,,,,23.92156862745098 percent,1725084182.2266834
13,1725084182.5267122,48.0 kilometer_per_hour,92 degree_Celsius,76.47058823529412 percent,22.0 degree,,,,23.529411764705884 percent,1725084182.7664177
14,1725084183.0665574,49.0 kilometer_per_hour,92 degree_Celsius,76.86274509803921 percent,22.0 degree,,,,23.529411764705884 percent,1725084183.3067832
15,1725084183.6125798,50.0 kilometer_per_hour,92 degree_Celsius,83.13725490196079 percent,21.5 degree,,,,24.705882352941178 percent,1725084183.8527646
16,1725084184.1525388,51.0 kilometer_per_hour,92 degree_Celsius,80.3921568627451 percent,21.5 degree,,,,24.705882352941178 percent,1725084184.387094
17,1725084184.6867828,51.0 kilometer_per_hour,92 degree_Celsius,80.0 percent,21.0 degree,,,,24.705882352941178 percent,1725084184.927017
18,1725084185.226828,52.0 kilometer_per_hour,92 degree_Celsius,68.62745098039215 percent,14.0 degree,,,,16.07843137254902 percent,1725084185.4672577
19,1725084185.7724252,52.0 kilometer_per_hour,92 degree_Celsius,33.333333333333336 percent,21.0 degree,,,,16.07843137254902 percent,1725084186.0071578
20,1725084186.3069675,52.0 kilometer_per_hour,92 degree_Celsius,26.666666666666668 percent,13.0 degree,,,,15.294117647058824 percent,1725084186.552427
21,1725084186.8530061,52.0 kilometer_per_hour,93 degree_Celsius,21.96078431372549 percent,0.5 degree,,,,16.07843137254902 percent,1725084187.0871317
22,1725084187.3870614,51.0 kilometer_per_hour,93 degree_Celsius,21.96078431372549 percent,-1.5 degree,,,,16.862745098039216 percent,1725084187.627362
23,1725084187.9272013,51.0 kilometer_per_hour,93 degree_Celsius,21.96078431372549 percent,-1.5 degree,,,,16.470588235294116 percent,1725084188.1672816
24,1725084188.4673872,50.0 kilometer_per_hour,93 degree_Celsius,21.568627450980394 percent,-1.0 degree,,,,15.686274509803921 percent,1725084188.7074022
25,1725084189.0073416,49.0 kilometer_per_hour,93 degree_Celsius,18.823529411764707 percent,0.5 degree,,,,15.686274509803921 percent,1725084189.2535183
26,1725084189.5529008,49.0 kilometer_per_hour,93 degree_Celsius,18.823529411764707 percent,1.0 degree,,,,16.862745098039216 percent,1725084189.7936506
27,1725084190.0870576,48.0 kilometer_per_hour,93 degree_Celsius,23.529411764705884 percent,38.5 degree,,,,18.823529411764707 percent,1725084190.3331106
28,1725084190.6336656,48.0 kilometer_per_hour,93 degree_Celsius,51.76470588235294 percent,26.0 degree,,,,21.96078431372549 percent,1725084190.8677864
29,1725084191.173557,49.0 kilometer_per_hour,93 degree_Celsius,61.1764705882353 percent,26.5 degree,,,,21.568627450980394 percent,1725084191.407916
30,1725084191.7077136,49.0 kilometer_per_hour,93 degree_Celsius,61.1764705882353 percent,28.0 degree,,,,21.176470588235293 percent,1725084191.9539714
31,1725084192.253803,49.0 kilometer_per_hour,93 degree_Celsius,35.294117647058826 percent,33.5 degree,,,,17.254901960784313 percent,1725084192.4942093
32,1725084192.794016,49.0 kilometer_per_hour,93 degree_Celsius,30.980392156862745 percent,13.0 degree,,,,16.470588235294116 percent,1725084193.0281396
33,1725084193.3333917,48.0 kilometer_per_hour,93 degree_Celsius,25.098039215686274 percent,-1.0 degree,,,,14.901960784313726 percent,1725084193.568188
34,1725084193.8739974,47.0 kilometer_per_hour,93 degree_Celsius,18.823529411764707 percent,-0.5 degree,,,,15.294117647058824 percent,1725084194.1076255
35,1725084194.4140513,46.0 kilometer_per_hour,93 degree_Celsius,18.431372549019606 percent,-1.0 degree,,,,14.901960784313726 percent,1725084194.654333
36,1725084194.9541411,45.0 kilometer_per_hour,93 degree_Celsius,18.431372549019606 percent,-0.5 degree,,,,14.901960784313726 percent,1725084195.1937563
37,1725084195.494297,45.0 kilometer_per_hour,93 degree_Celsius,18.03921568627451 percent,-0.5 degree,,,,14.901960784313726 percent,1725084195.7285058
0,1725084209.679693,24.0 kilometer_per_hour,92 degree_Celsius,36.07843137254902 percent,-6.0 degree,,,,16.07843137254902 percent,1725084209.9197998
1,1725084210.2196662,23.0 kilometer_per_hour,92 degree_Celsius,23.137254901960784 percent,10.0 degree,,,,15.686274509803921 percent,1725084210.4597297
2,1725084210.7597349,23.0 kilometer_per_hour,92 degree_Celsius,31.372549019607842 percent,30.5 degree,,,,17.254901960784313 percent,1725084210.9998367
3,1725084211.2996733,22.0 kilometer_per_hour,92 degree_Celsius,34.509803921568626 percent,30.0 degree,,,,19.607843137254903 percent,1725084211.5398116
4,1725084211.8397465,23.0 kilometer_per_hour,92 degree_Celsius,44.705882352941174 percent,28.0 degree,,,,19.215686274509803 percent,1725084212.0798671
5,1725084212.3802247,23.0 kilometer_per_hour,92 degree_Celsius,36.470588235294116 percent,32.5 degree,,,,16.470588235294116 percent,1725084212.6206286
6,1725084212.9204698,23.0 kilometer_per_hour,92 degree_Celsius,31.372549019607842 percent,18.0 degree,,,,16.862745098039216 percent,1725084213.1606076
7,1725084213.4605541,22.0 kilometer_per_hour,92 degree_Celsius,27.45098039215686 percent,11.5 degree,,,,16.470588235294116 percent,1725084213.7007663
8,1725084214.0006008,22.0 kilometer_per_hour,92 degree_Celsius,24.705882352941178 percent,5.5 degree,,,,15.686274509803921 percent,1725084214.2407167
9,1725084214.5402794,21.0 kilometer_per_hour,92 degree_Celsius,21.176470588235293 percent,4.5 degree,,,,16.07843137254902 percent,1725084214.7868729
10,1725084215.0805926,21.0 kilometer_per_hour,92 degree_Celsius,39.21568627450981 percent,12.5 degree,,,,19.607843137254903 percent,1725084215.3269749
11,1725084215.6208189,21.0 kilometer_per_hour,92 degree_Celsius,63.92156862745098 percent,22.0 degree,,,,22.352941176470587 percent,1725084215.86694
12,1725084216.1606803,22.0 kilometer_per_hour,92 degree_Celsius,72.94117647058823 percent,22.0 degree,,,,22.745098039215687 percent,1725084216.4071932
13,1725084216.7008483,23.0 kilometer_per_hour,92 degree_Celsius,73.33333333333333 percent,23.0 degree,,,,23.137254901960784 percent,1725084216.941113
14,1725084217.247015,24.0 kilometer_per_hour,92 degree_Celsius,74.50980392156863 percent,23.5 degree,,,,23.529411764705884 percent,1725084217.4872847
15,1725084217.7872548,25.0 kilometer_per_hour,92 degree_Celsius,85.88235294117646 percent,21.5 degree,,,,25.88235294117647 percent,1725084218.0274878
16,1725084218.327145,27.0 kilometer_per_hour,92 degree_Celsius,83.52941176470588 percent,21.0 degree,,,,26.274509803921568 percent,1725084218.5674124
17,1725084218.8669324,29.0 kilometer_per_hour,92 degree_Celsius,81.96078431372548 percent,20.5 degree,,,,25.88235294117647 percent,1725084219.107626
18,1725084219.4073722,31.0 kilometer_per_hour,92 degree_Celsius,78.03921568627452 percent,19.0 degree,,,,25.49019607843137 percent,1725084219.6470275
19,1725084219.9468575,32.0 kilometer_per_hour,92 degree_Celsius,74.50980392156863 percent,18.5 degree,,,,25.88235294117647 percent,1725084220.1875262
20,1725084220.4875445,34.0 kilometer_per_hour,92 degree_Celsius,74.11764705882354 percent,19.5 degree,,,,25.88235294117647 percent,1725084220.7276804
21,1725084221.02764,35.0 kilometer_per_hour,93 degree_Celsius,74.11764705882354 percent,20.5 degree,,,,26.274509803921568 percent,1725084221.267919
22,1725084221.5677068,37.0 kilometer_per_hour,93 degree_Celsius,74.11764705882354 percent,21.5 degree,,,,26.666666666666668 percent,1725084221.807769
23,1725084222.1046722,38.0 kilometer_per_hour,93 degree_Celsius,75.29411764705883 percent,21.5 degree,,,,27.058823529411764 percent,1725084222.3376114
24,1725084222.627817,40.0 kilometer_per_hour,93 degree_Celsius,78.43137254901961 percent,2.5 degree,,,,27.84313725490196 percent,1725084222.861011
25,1725084223.1522338,40.0 kilometer_per_hour,93 degree_Celsius,83.52941176470588 percent,18.0 degree,,,,27.84313725490196 percent,1725084223.3857703
26,1725084223.6836014,41.0 kilometer_per_hour,93 degree_Celsius,80.0 percent,18.0 degree,,,,27.058823529411764 percent,1725084223.9117866
27,1725084224.2038631,43.0 kilometer_per_hour,93 degree_Celsius,78.43137254901961 percent,19.0 degree,,,,27.058823529411764 percent,1725084224.4387176
28,1725084224.7313778,44.0 kilometer_per_hour,93 degree_Celsius,77.6470588235294 percent,20.0 degree,,,,19.607843137254903 percent,1725084224.9657438
29,1725084225.2594054,44.0 kilometer_per_hour,93 degree_Celsius,28.627450980392158 percent,33.5 degree,,,,17.647058823529413 percent,1725084225.494647
30,1725084225.7883341,44.0 kilometer_per_hour,93 degree_Celsius,41.568627450980394 percent,29.5 degree,,,,21.568627450980394 percent,1725084226.0234785
31,1725084226.3179543,44.0 kilometer_per_hour,93 degree_Celsius,52.549019607843135 percent,28.0 degree,,,,22.745098039215687 percent,1725084226.5537705
32,1725084226.8481884,44.0 kilometer_per_hour,93 degree_Celsius,64.70588235294117 percent,25.5 degree,,,,23.529411764705884 percent,1725084227.0840328
33,1725084227.3792446,44.0 kilometer_per_hour,93 degree_Celsius,68.62745098039215 percent,25.0 degree,,,,23.92156862745098 percent,1725084227.6155553
34,1725084227.9104857,45.0 kilometer_per_hour,94 degree_Celsius,67.45098039215686 percent,24.5 degree,,,,23.92156862745098 percent,1725084228.1471727
35,1725084228.4429457,45.0 kilometer_per_hour,94 degree_Celsius,66.27450980392157 percent,24.5 degree,,,,23.529411764705884 percent,1725084228.6792266
36,1725084228.9748569,46.0 kilometer_per_hour,94 degree_Celsius,65.49019607843137 percent,24.5 degree,,,,23.529411764705884 percent,1725084229.2123141
37,1725084229.5085754,46.0 kilometer_per_hour,94 degree_Celsius,65.09803921568627 percent,24.5 degree,,,,23.529411764705884 percent,1725084229.7457435
0,1725084242.508489,31.0 kilometer_per_hour,92 degree_Celsius,53.72549019607843 percent,28.0 degree,,,,20.0 percent,1725084242.7482162
1,1725084243.0471556,31.0 kilometer_per_hour,92 degree_Celsius,56.07843137254902 percent,28.5 degree,,,,20.784313725490197 percent,1725084243.28679
2,1725084243.5859866,31.0 kilometer_per_hour,92 degree_Celsius,59.6078431372549 percent,27.5 degree,,,,20.392156862745097 percent,1725084243.8256521
3,1725084244.1249652,31.0 kilometer_per_hour,92 degree_Celsius,60.78431372549019 percent,27.5 degree,,,,20.784313725490197 percent,1725084244.3643405
4,1725084244.6637223,31.0 kilometer_per_hour,92 degree_Celsius,64.31372549019608 percent,26.5 degree,,,,21.176470588235293 percent,1725084244.9032807
5,1725084245.2022858,31.0 kilometer_per_hour,92 degree_Celsius,65.88235294117646 percent,26.5 degree,,,,21.176470588235293 percent,1725084245.4423242
6,1725084245.741622,31.0 kilometer_per_hour,92 degree_Celsius,68.62745098039215 percent,26.0 degree,,,,21.568627450980394 percent,1725084245.9809897
7,1725084246.2804277,31.0 kilometer_per_hour,92 degree_Celsius,36.07843137254902 percent,33.0 degree,,,,16.470588235294116 percent,1725084246.520498
8,1725084246.8196805,31.0 kilometer_per_hour,92 degree_Celsius,30.58823529411765 percent,33.5 degree,,,,16.07843137254902 percent,1725084247.0593336
9,1725084247.3588243,30.0 kilometer_per_hour,91 degree_Celsius,25.88235294117647 percent,29.5 degree,,,,15.686274509803921 percent,1725084247.5986252
10,1725084247.898076,29.0 kilometer_per_hour,91 degree_Celsius,52.549019607843135 percent,11.0 degree,,,,21.96078431372549 percent,1725084248.1374846
11,1725084248.437178,29.0 kilometer_per_hour,91 degree_Celsius,69.80392156862744 percent,22.5 degree,,,,22.745098039215687 percent,1725084248.6769392
12,1725084248.976301,29.0 kilometer_per_hour,91 degree_Celsius,76.47058823529412 percent,22.0 degree,,,,23.529411764705884 percent,1725084249.2163212
13,1725084249.5157826,30.0 kilometer_per_hour,91 degree_Celsius,83.13725490196079 percent,20.5 degree,,,,24.705882352941178 percent,1725084249.7555447
14,1725084250.0549946,31.0 kilometer_per_hour,91 degree_Celsius,81.56862745098039 percent,20.0 degree,,,,24.313725490196077 percent,1725084250.2947955
15,1725084250.5941374,31.0 kilometer_per_hour,91 degree_Celsius,80.0 percent,19.5 degree,,,,24.313725490196077 percent,1725084250.8401735
16,1725084251.1330965,32.0 kilometer_per_hour,92 degree_Celsius,78.82352941176471 percent,19.5 degree,,,,23.529411764705884 percent,1725084251.3735807
17,1725084251.673041,32.0 kilometer_per_hour,92 degree_Celsius,39.21568627450981 percent,29.5 degree,,,,17.254901960784313 percent,1725084251.9123855
18,1725084252.2119102,32.0 kilometer_per_hour,92 degree_Celsius,30.19607843137255 percent,34.5 degree,,,,16.07843137254902 percent,1725084252.4522817
19,1725084252.751839,32.0 kilometer_per_hour,92 degree_Celsius,25.49019607843137 percent,38.5 degree,,,,15.686274509803921 percent,1725084252.9920018
20,1725084253.2913039,31.0 kilometer_per_hour,92 degree_Celsius,22.745098039215687 percent,38.5 degree,,,,18.823529411764707 percent,1725084253.5313232
21,1725084253.8310814,30.0 kilometer_per_hour,92 degree_Celsius,38.431372549019606 percent,20.5 degree,,,,18.823529411764707 percent,1725084254.0712357
22,1725084254.3732214,30.0 kilometer_per_hour,92 degree_Celsius,36.470588235294116 percent,29.5 degree,,,,15.686274509803921 percent,1725084254.6149406
23,1725084254.9105964,29.0 kilometer_per_hour,92 degree_Celsius,30.980392156862745 percent,29.5 degree,,,,20.0 percent,1725084255.1526594
24,1725084255.454355,29.0 kilometer_per_hour,92 degree_Celsius,59.6078431372549 percent,9.0 degree,,,,21.568627450980394 percent,1725084255.6956637
25,1725084255.9975488,30.0 kilometer_per_hour,92 degree_Celsius,66.27450980392157 percent,23.5 degree,,,,21.568627450980394 percent,1725084256.2385967
26,1725084256.5403357,30.0 kilometer_per_hour,92 degree_Celsius,81.17647058823529 percent,22.0 degree,,,,22.745098039215687 percent,1725084256.7817218
27,1725084257.0830598,31.0 kilometer_per_hour,92 degree_Celsius,77.6470588235294 percent,22.0 degree,,,,23.137254901960784 percent,1725084257.3243845
28,1725084257.6255822,31.0 kilometer_per_hour,92 degree_Celsius,79.2156862745098 percent,21.5 degree,,,,23.529411764705884 percent,1725084257.866791
29,1725084258.1678884,32.0 kilometer_per_hour,92 degree_Celsius,81.96078431372548 percent,21.0 degree,,,,25.098039215686274 percent,1725084258.4092138
30,1725084258.7101054,33.0 kilometer_per_hour,92 degree_Celsius,84.70588235294117 percent,20.0 degree,,,,25.88235294117647 percent,1725084258.9514015
31,1725084259.2523565,34.0 kilometer_per_hour,93 degree_Celsius,62.745098039215684 percent,26.5 degree,,,,16.07843137254902 percent,1725084259.4932015
32,1725084259.7943342,34.0 kilometer_per_hour,93 degree_Celsius,33.333333333333336 percent,31.0 degree,,,,16.470588235294116 percent,1725084260.0353854
33,1725084260.33601,34.0 kilometer_per_hour,93 degree_Celsius,27.84313725490196 percent,35.0 degree,,,,15.686274509803921 percent,1725084260.5830393
34,1725084260.8778968,33.0 kilometer_per_hour,93 degree_Celsius,22.745098039215687 percent,33.5 degree,,,,15.294117647058824 percent,1725084261.1248996
35,1725084261.4194484,32.0 kilometer_per_hour,93 degree_Celsius,46.27450980392157 percent,11.5 degree,,,,22.352941176470587 percent,1725084261.6660385
36,1725084261.9607978,33.0 kilometer_per_hour,93 degree_Celsius,72.94117647058823 percent,24.0 degree,,,,24.705882352941178 percent,1725084262.2018602
37,1725084262.5019531,33.0 kilometer_per_hour,93 degree_Celsius,96.47058823529412 percent,19.5 degree,,,,36.86274509803921 percent,1725084262.7491934
0,1725084277.1972153,60.0 kilometer_per_hour,94 degree_Celsius,16.470588235294116 percent,3.0 degree,,,,15.686274509803921 percent,1725084277.437046
1,1725084277.737613,60.0 kilometer_per_hour,94 degree_Celsius,16.862745098039216 percent,3.5 degree,,,,15.686274509803921 percent,1725084277.9779143
2,1725084278.277796,59.0 kilometer_per_hour,93 degree_Celsius,17.254901960784313 percent,23.0 degree,,,,16.07843137254902 percent,1725084278.5183096
3,1725084278.818238,59.0 kilometer_per_hour,93 degree_Celsius,21.176470588235293 percent,1.5 degree,,,,15.686274509803921 percent,1725084279.0585063
4,1725084279.3584135,58.0 kilometer_per_hour,93 degree_Celsius,18.431372549019606 percent,2.0 degree,,,,15.686274509803921 percent,1725084279.5986917
5,1725084279.8988488,57.0 kilometer_per_hour,93 degree_Celsius,17.647058823529413 percent,2.5 degree,,,,15.294117647058824 percent,1725084280.133021
6,1725084280.43282,56.0 kilometer_per_hour,93 degree_Celsius,17.647058823529413 percent,2.5 degree,,,,14.901960784313726 percent,1725084280.6731832
7,1725084280.9734068,55.0 kilometer_per_hour,93 degree_Celsius,18.03921568627451 percent,2.5 degree,,,,14.901960784313726 percent,1725084281.2130997
8,1725084281.5135787,52.0 kilometer_per_hour,92 degree_Celsius,18.431372549019606 percent,1.0 degree,,,,14.901960784313726 percent,1725084281.7539885
9,1725084282.0599287,49.0 kilometer_per_hour,92 degree_Celsius,18.431372549019606 percent,0.0 degree,,,,14.509803921568627 percent,1725084282.300344
10,1725084282.6002824,47.0 kilometer_per_hour,92 degree_Celsius,18.431372549019606 percent,-1.0 degree,,,,13.72549019607843 percent,1725084282.8405855
11,1725084283.1344218,44.0 kilometer_per_hour,92 degree_Celsius,18.03921568627451 percent,-0.5 degree,,,,13.333333333333334 percent,1725084283.3747518
12,1725084283.6805558,40.0 kilometer_per_hour,92 degree_Celsius,17.647058823529413 percent,-2.5 degree,,,,13.333333333333334 percent,1725084283.9210188
13,1725084284.2143986,37.0 kilometer_per_hour,92 degree_Celsius,17.647058823529413 percent,-5.0 degree,,,,12.941176470588236 percent,1725084284.4613307
14,1725084284.7613735,32.0 kilometer_per_hour,91 degree_Celsius,18.03921568627451 percent,5.0 degree,,,,19.607843137254903 percent,1725084285.0009549
15,1725084285.3013031,28.0 kilometer_per_hour,91 degree_Celsius,26.274509803921568 percent,-4.5 degree,,,,14.509803921568627 percent,1725084285.541545
16,1725084285.8415942,24.0 kilometer_per_hour,91 degree_Celsius,21.176470588235293 percent,31.5 degree,,,,14.901960784313726 percent,1725084286.08187
17,1725084286.3819218,20.0 kilometer_per_hour,91 degree_Celsius,28.235294117647058 percent,19.5 degree,,,,19.215686274509803 percent,1725084286.6220698
18,1725084286.9220502,17.0 kilometer_per_hour,91 degree_Celsius,40.78431372549019 percent,-12.5 degree,,,,17.254901960784313 percent,1725084287.1623077
19,1725084287.462183,14.0 kilometer_per_hour,91 degree_Celsius,41.568627450980394 percent,-1.0 degree,,,,16.07843137254902 percent,1725084287.6964502
20,1725084288.0020266,14.0 kilometer_per_hour,91 degree_Celsius,40.78431372549019 percent,-0.5 degree,,,,15.686274509803921 percent,1725084288.2429628
21,1725084288.5427024,13.0 kilometer_per_hour,91 degree_Celsius,40.3921568627451 percent,0.0 degree,,,,16.07843137254902 percent,1725084288.782456
22,1725084289.0828824,13.0 kilometer_per_hour,91 degree_Celsius,40.78431372549019 percent,0.0 degree,,,,16.07843137254902 percent,1725084289.323187
23,1725084289.6232066,13.0 kilometer_per_hour,91 degree_Celsius,46.666666666666664 percent,18.0 degree,,,,17.254901960784313 percent,1725084289.8633935
24,1725084290.1633465,13.0 kilometer_per_hour,91 degree_Celsius,70.98039215686275 percent,18.5 degree,,,,22.352941176470587 percent,1725084290.4034314
25,1725084290.703487,14.0 kilometer_per_hour,91 degree_Celsius,72.54901960784314 percent,22.5 degree,,,,24.313725490196077 percent,1725084290.94365
26,1725084291.2436469,16.0 kilometer_per_hour,91 degree_Celsius,83.52941176470588 percent,22.0 degree,,,,26.666666666666668 percent,1725084291.4837916
27,1725084291.7832694,18.0 kilometer_per_hour,91 degree_Celsius,79.6078431372549 percent,21.0 degree,,,,26.666666666666668 percent,1725084292.0242414
28,1725084292.3237774,21.0 kilometer_per_hour,91 degree_Celsius,76.86274509803921 percent,21.5 degree,,,,26.666666666666668 percent,1725084292.564208
29,1725084292.8643692,23.0 kilometer_per_hour,91 degree_Celsius,76.47058823529412 percent,20.5 degree,,,,26.666666666666668 percent,1725084293.1045787
30,1725084293.4044752,25.0 kilometer_per_hour,91 degree_Celsius,78.03921568627452 percent,19.5 degree,,,,27.45098039215686 percent,1725084293.6447778
31,1725084293.9441392,28.0 kilometer_per_hour,91 degree_Celsius,73.72549019607843 percent,19.5 degree,,,,18.823529411764707 percent,1725084294.1849344
32,1725084294.4847987,29.0 kilometer_per_hour,91 degree_Celsius,34.509803921568626 percent,30.0 degree,,,,17.647058823529413 percent,1725084294.724555
33,1725084295.0249739,29.0 kilometer_per_hour,91 degree_Celsius,29.41176470588235 percent,32.5 degree,,,,17.254901960784313 percent,1725084295.2649055
34,1725084295.5650284,29.0 kilometer_per_hour,91 degree_Celsius,25.88235294117647 percent,14.5 degree,,,,16.07843137254902 percent,1725084295.8053327
35,1725084296.1051643,28.0 kilometer_per_hour,91 degree_Celsius,23.137254901960784 percent,6.0 degree,,,,15.686274509803921 percent,1725084296.345511
36,1725084296.6456103,25.0 kilometer_per_hour,92 degree_Celsius,20.784313725490197 percent,-1.0 degree,,,,14.901960784313726 percent,1725084296.8858075
37,1725084297.1857593,22.0 kilometer_per_hour,92 degree_Celsius,20.784313725490197 percent,4.0 degree,,,,14.117647058823529 percent,1725084297.4259717
0,1725084309.412623,50.0 kilometer_per_hour,94 degree_Celsius,78.03921568627452 percent,20.5 degree,,,,30.19607843137255 percent,1725084309.653694
1,1725084309.954711,51.0 kilometer_per_hour,94 degree_Celsius,66.66666666666667 percent,22.5 degree,,,,17.254901960784313 percent,1725084310.1956847
2,1725084310.495967,52.0 kilometer_per_hour,94 degree_Celsius,27.058823529411764 percent,36.0 degree,,,,17.254901960784313 percent,1725084310.7375956
3,1725084311.038158,52.0 kilometer_per_hour,94 degree_Celsius,21.176470588235293 percent,35.0 degree,,,,16.862745098039216 percent,1725084311.278503
4,1725084311.5799737,51.0 kilometer_per_hour,94 degree_Celsius,32.15686274509804 percent,16.5 degree,,,,21.568627450980394 percent,1725084311.8209696
5,1725084312.1215835,51.0 kilometer_per_hour,94 degree_Celsius,57.254901960784316 percent,28.0 degree,,,,23.137254901960784 percent,1725084312.3625085
6,1725084312.6629965,52.0 kilometer_per_hour,94 degree_Celsius,64.70588235294117 percent,26.5 degree,,,,23.92156862745098 percent,1725084312.9038863
7,1725084313.2044857,53.0 kilometer_per_hour,94 degree_Celsius,69.01960784313725 percent,26.0 degree,,,,23.529411764705884 percent,1725084313.445202
8,1725084313.7457166,54.0 kilometer_per_hour,94 degree_Celsius,67.84313725490196 percent,4.5 degree,,,,24.705882352941178 percent,1725084313.986489
9,1725084314.2868142,54.0 kilometer_per_hour,94 degree_Celsius,79.6078431372549 percent,22.0 degree,,,,24.705882352941178 percent,1725084314.5276144
10,1725084314.8281786,55.0 kilometer_per_hour,94 degree_Celsius,79.2156862745098 percent,22.0 degree,,,,24.705882352941178 percent,1725084315.06877
11,1725084315.3690383,56.0 kilometer_per_hour,94 degree_Celsius,79.2156862745098 percent,21.0 degree,,,,24.705882352941178 percent,1725084315.6098359
12,1725084315.9103258,56.0 kilometer_per_hour,94 degree_Celsius,77.6470588235294 percent,21.0 degree,,,,24.705882352941178 percent,1725084316.1507568
13,1725084316.4511385,57.0 kilometer_per_hour,94 degree_Celsius,77.25490196078431 percent,21.5 degree,,,,24.705882352941178 percent,1725084316.6919045
14,1725084316.9922779,58.0 kilometer_per_hour,94 degree_Celsius,75.68627450980392 percent,21.5 degree,,,,24.705882352941178 percent,1725084317.232883
15,1725084317.5332873,58.0 kilometer_per_hour,94 degree_Celsius,74.90196078431373 percent,21.5 degree,,,,24.313725490196077 percent,1725084317.773758
16,1725084318.0734262,59.0 kilometer_per_hour,94 degree_Celsius,74.50980392156863 percent,21.0 degree,,,,24.313725490196077 percent,1725084318.3142712
17,1725084318.6147938,60.0 kilometer_per_hour,93 degree_Celsius,73.33333333333333 percent,21.5 degree,,,,24.313725490196077 percent,1725084318.8551934
18,1725084319.155546,60.0 kilometer_per_hour,93 degree_Celsius,72.94117647058823 percent,21.5 degree,,,,24.313725490196077 percent,1725084319.3961875
19,1725084319.6963592,61.0 kilometer_per_hour,93 degree_Celsius,71.76470588235294 percent,22.0 degree,,,,24.313725490196077 percent,1725084319.9368114
20,1725084320.236943,61.0 kilometer_per_hour,93 degree_Celsius,71.76470588235294 percent,22.5 degree,,,,24.313725490196077 percent,1725084320.4775715
21,1725084320.77782,62.0 kilometer_per_hour,93 degree_Celsius,71.37254901960785 percent,22.5 degree,,,,24.313725490196077 percent,1725084321.0176756
22,1725084321.3179433,62.0 kilometer_per_hour,93 degree_Celsius,70.98039215686275 percent,23.0 degree,,,,24.705882352941178 percent,1725084321.558842
23,1725084321.8588748,63.0 kilometer_per_hour,93 degree_Celsius,70.98039215686275 percent,20.5 degree,,,,24.705882352941178 percent,1725084322.099416
24,1725084322.3995404,64.0 kilometer_per_hour,93 degree_Celsius,52.94117647058823 percent,16.0 degree,,,,17.647058823529413 percent,1725084322.6398833
25,1725084322.9401844,64.0 kilometer_per_hour,93 degree_Celsius,26.274509803921568 percent,30.5 degree,,,,16.470588235294116 percent,1725084323.1807127
26,1725084323.48074,63.0 kilometer_per_hour,93 degree_Celsius,21.568627450980394 percent,15.0 degree,,,,16.862745098039216 percent,1725084323.7210586
27,1725084324.0209599,62.0 kilometer_per_hour,93 degree_Celsius,23.92156862745098 percent,38.0 degree,,,,19.607843137254903 percent,1725084324.2616668
28,1725084324.5616946,62.0 kilometer_per_hour,93 degree_Celsius,37.254901960784316 percent,30.0 degree,,,,20.784313725490197 percent,1725084324.8014598
29,1725084325.1081972,63.0 kilometer_per_hour,93 degree_Celsius,43.529411764705884 percent,30.0 degree,,,,20.392156862745097 percent,1725084325.342407
30,1725084325.6425846,63.0 kilometer_per_hour,93 degree_Celsius,44.31372549019608 percent,30.0 degree,,,,20.784313725490197 percent,1725084325.883186
31,1725084326.183256,63.0 kilometer_per_hour,93 degree_Celsius,50.588235294117645 percent,28.5 degree,,,,21.568627450980394 percent,1725084326.4235954
32,1725084326.7237663,63.0 kilometer_per_hour,93 degree_Celsius,67.45098039215686 percent,17.5 degree,,,,22.352941176470587 percent,1725084326.9641724
33,1725084327.2641196,63.0 kilometer_per_hour,93 degree_Celsius,74.11764705882354 percent,24.5 degree,,,,22.352941176470587 percent,1725084327.504461
34,1725084327.804125,63.0 kilometer_per_hour,93 degree_Celsius,75.29411764705883 percent,25.0 degree,,,,22.352941176470587 percent,1725084328.0449884
35,1725084328.3446932,63.0 kilometer_per_hour,92 degree_Celsius,75.29411764705883 percent,25.5 degree,,,,22.352941176470587 percent,1725084328.584905
36,1725084328.8855882,63.0 kilometer_per_hour,92 degree_Celsius,76.47058823529412 percent,25.0 degree,,,,22.352941176470587 percent,1725084329.1255922
0,1725084345.9654553,63.0 kilometer_per_hour,93 degree_Celsius,77.25490196078431 percent,24.5 degree,,,,22.352941176470587 percent,1725084346.2058055
1,1725084346.5058258,63.0 kilometer_per_hour,93 degree_Celsius,71.37254901960785 percent,25.5 degree,,,,20.392156862745097 percent,1725084346.7461739
2,1725084347.0460007,63.0 kilometer_per_hour,93 degree_Celsius,34.11764705882353 percent,27.5 degree,,,,15.686274509803921 percent,1725084347.286777
3,1725084347.5865467,63.0 kilometer_per_hour,93 degree_Celsius,29.41176470588235 percent,12.0 degree,,,,14.509803921568627 percent,1725084347.8265843
4,1725084348.12656,62.0 kilometer_per_hour,93 degree_Celsius,23.137254901960784 percent,-1.5 degree,,,,15.294117647058824 percent,1725084348.3664682
5,1725084348.66705,61.0 kilometer_per_hour,93 degree_Celsius,21.176470588235293 percent,-2.0 degree,,,,16.07843137254902 percent,1725084348.9072978
6,1725084349.2072015,61.0 kilometer_per_hour,93 degree_Celsius,21.568627450980394 percent,-3.0 degree,,,,16.07843137254902 percent,1725084349.4474142
7,1725084349.747482,59.0 kilometer_per_hour,93 degree_Celsius,21.176470588235293 percent,-3.0 degree,,,,16.07843137254902 percent,1725084349.987756
8,1725084350.2877903,58.0 kilometer_per_hour,93 degree_Celsius,18.431372549019606 percent,-2.0 degree,,,,14.901960784313726 percent,1725084350.5279894
9,1725084350.8279536,56.0 kilometer_per_hour,93 degree_Celsius,17.647058823529413 percent,-1.5 degree,,,,14.901960784313726 percent,1725084351.0682073
10,1725084351.3681095,53.0 kilometer_per_hour,93 degree_Celsius,18.03921568627451 percent,-3.5 degree,,,,14.509803921568627 percent,1725084351.6086783
11,1725084351.9085014,50.0 kilometer_per_hour,93 degree_Celsius,18.03921568627451 percent,-5.0 degree,,,,14.117647058823529 percent,1725084352.1486795
12,1725084352.4487963,46.0 kilometer_per_hour,93 degree_Celsius,18.03921568627451 percent,-7.0 degree,,,,13.72549019607843 percent,1725084352.689103
13,1725084352.9891868,41.0 kilometer_per_hour,93 degree_Celsius,18.03921568627451 percent,-6.0 degree,,,,14.509803921568627 percent,1725084353.2293646
14,1725084353.5293777,37.0 kilometer_per_hour,92 degree_Celsius,18.03921568627451 percent,-5.0 degree,,,,13.72549019607843 percent,1725084353.7698135
15,1725084354.0693183,35.0 kilometer_per_hour,92 degree_Celsius,17.647058823529413 percent,33.0 degree,,,,19.215686274509803 percent,1725084354.3098772
16,1725084354.6097438,34.0 kilometer_per_hour,92 degree_Celsius,39.6078431372549 percent,-2.5 degree,,,,14.901960784313726 percent,1725084354.8496423
17,1725084355.1502664,33.0 kilometer_per_hour,92 degree_Celsius,21.568627450980394 percent,-2.0 degree,,,,15.686274509803921 percent,1725084355.3905838
18,1725084355.6844673,30.0 kilometer_per_hour,92 degree_Celsius,21.176470588235293 percent,-1.0 degree,,,,15.686274509803921 percent,1725084355.9308891
19,1725084356.2308018,27.0 kilometer_per_hour,92 degree_Celsius,21.176470588235293 percent,1.0 degree,,,,15.686274509803921 percent,1725084356.47695
20,1725084356.7710335,23.0 kilometer_per_hour,92 degree_Celsius,34.11764705882353 percent,-5.0 degree,,,,18.431372549019606 percent,1725084357.011372
21,1725084357.311311,20.0 kilometer_per_hour,92 degree_Celsius,36.470588235294116 percent,-4.0 degree,,,,18.823529411764707 percent,1725084357.5516763
22,1725084357.8450508,19.0 kilometer_per_hour,92 degree_Celsius,32.15686274509804 percent,1.5 degree,,,,16.470588235294116 percent,1725084358.091822
23,1725084358.3916717,18.0 kilometer_per_hour,92 degree_Celsius,34.11764705882353 percent,3.5 degree,,,,18.03921568627451 percent,1725084358.631731
24,1725084358.926083,17.0 kilometer_per_hour,92 degree_Celsius,41.1764705882353 percent,9.0 degree,,,,22.352941176470587 percent,1725084359.172599
25,1725084359.4725254,17.0 kilometer_per_hour,92 degree_Celsius,77.25490196078431 percent,21.5 degree,,,,24.313725490196077 percent,1725084359.7128572
26,1725084360.0126748,18.0 kilometer_per_hour,91 degree_Celsius,81.96078431372548 percent,22.5 degree,,,,25.49019607843137 percent,1725084360.2529776
27,1725084360.5529726,20.0 kilometer_per_hour,91 degree_Celsius,76.47058823529412 percent,20.5 degree,,,,25.49019607843137 percent,1725084360.7933204
28,1725084361.0931072,22.0 kilometer_per_hour,91 degree_Celsius,76.07843137254902 percent,21.5 degree,,,,25.88235294117647 percent,1725084361.3335545
29,1725084361.6335046,24.0 kilometer_per_hour,91 degree_Celsius,80.3921568627451 percent,21.5 degree,,,,26.274509803921568 percent,1725084361.8738098
30,1725084362.1739602,25.0 kilometer_per_hour,91 degree_Celsius,80.0 percent,21.5 degree,,,,21.568627450980394 percent,1725084362.4138365
31,1725084362.7140408,27.0 kilometer_per_hour,91 degree_Celsius,40.78431372549019 percent,30.0 degree,,,,18.03921568627451 percent,1725084362.9544394
32,1725084363.2544549,27.0 kilometer_per_hour,91 degree_Celsius,31.764705882352942 percent,32.5 degree,,,,17.254901960784313 percent,1725084363.494414
33,1725084363.7945821,27.0 kilometer_per_hour,91 degree_Celsius,28.235294117647058 percent,22.0 degree,,,,16.862745098039216 percent,1725084364.0348558
34,1725084364.3348646,26.0 kilometer_per_hour,91 degree_Celsius,23.92156862745098 percent,11.5 degree,,,,16.07843137254902 percent,1725084364.5754879
35,1725084364.875159,24.0 kilometer_per_hour,91 degree_Celsius,21.568627450980394 percent,2.0 degree,,,,15.686274509803921 percent,1725084365.1154685
36,1725084365.415341,21.0 kilometer_per_hour,91 degree_Celsius,21.176470588235293 percent,1.5 degree,,,,15.686274509803921 percent,1725084365.655728
37,1725084365.955729,20.0 kilometer_per_hour,91 degree_Celsius,21.176470588235293 percent,5.5 degree,,,,15.686274509803921 percent,1725084366.1960042
0,1725084377.3019917,33.0 kilometer_per_hour,93 degree_Celsius,66.27450980392157 percent,24.0 degree,,,,24.313725490196077 percent,1725084377.5411634
1,1725084377.8398,34.0 kilometer_per_hour,93 degree_Celsius,67.45098039215686 percent,24.0 degree,,,,24.313725490196077 percent,1725084378.0791578
2,1725084378.3779328,35.0 kilometer_per_hour,93 degree_Celsius,72.15686274509804 percent,3.5 degree,,,,25.88235294117647 percent,1725084378.6170907
3,1725084378.9157662,36.0 kilometer_per_hour,93 degree_Celsius,82.3529411764706 percent,21.0 degree,,,,25.88235294117647 percent,1725084379.1555173
4,1725084379.4543288,37.0 kilometer_per_hour,93 degree_Celsius,81.17647058823529 percent,21.5 degree,,,,25.88235294117647 percent,1725084379.6937308
5,1725084379.992688,38.0 kilometer_per_hour,93 degree_Celsius,80.7843137254902 percent,21.5 degree,,,,25.88235294117647 percent,1725084380.2320514
6,1725084380.5313323,40.0 kilometer_per_hour,93 degree_Celsius,78.82352941176471 percent,21.5 degree,,,,25.88235294117647 percent,1725084380.770785
7,1725084381.0696793,41.0 kilometer_per_hour,93 degree_Celsius,76.47058823529412 percent,21.5 degree,,,,25.49019607843137 percent,1725084381.3090744
8,1725084381.6082757,42.0 kilometer_per_hour,93 degree_Celsius,73.72549019607843 percent,22.0 degree,,,,25.098039215686274 percent,1725084381.8478498
9,1725084382.1468136,43.0 kilometer_per_hour,94 degree_Celsius,72.94117647058823 percent,22.0 degree,,,,25.49019607843137 percent,1725084382.3867402
10,1725084382.685329,44.0 kilometer_per_hour,94 degree_Celsius,72.15686274509804 percent,21.5 degree,,,,25.49019607843137 percent,1725084382.9253862
11,1725084383.2247465,45.0 kilometer_per_hour,94 degree_Celsius,71.37254901960785 percent,21.5 degree,,,,25.098039215686274 percent,1725084383.4643855
12,1725084383.7634785,46.0 kilometer_per_hour,94 degree_Celsius,70.58823529411765 percent,22.5 degree,,,,25.098039215686274 percent,1725084384.0031762
13,1725084384.3023818,47.0 kilometer_per_hour,94 degree_Celsius,69.80392156862744 percent,23.0 degree,,,,25.098039215686274 percent,1725084384.54226
14,1725084384.8414629,48.0 kilometer_per_hour,94 degree_Celsius,69.01960784313725 percent,23.0 degree,,,,18.823529411764707 percent,1725084385.080992
15,1725084385.3805609,48.0 kilometer_per_hour,94 degree_Celsius,56.07843137254902 percent,13.5 degree,,,,21.568627450980394 percent,1725084385.6201324
16,1725084385.9196014,49.0 kilometer_per_hour,94 degree_Celsius,43.92156862745098 percent,14.5 degree,,,,20.0 percent,1725084386.1595173
17,1725084386.4587016,49.0 kilometer_per_hour,94 degree_Celsius,34.90196078431372 percent,27.5 degree,,,,18.823529411764707 percent,1725084386.6986327
18,1725084386.9981465,49.0 kilometer_per_hour,94 degree_Celsius,35.294117647058826 percent,34.0 degree,,,,20.392156862745097 percent,1725084387.237887
19,1725084387.5371397,49.0 kilometer_per_hour,94 degree_Celsius,41.568627450980394 percent,31.5 degree,,,,20.784313725490197 percent,1725084387.777137
20,1725084388.0764532,49.0 kilometer_per_hour,94 degree_Celsius,44.31372549019608 percent,30.5 degree,,,,20.784313725490197 percent,1725084388.3164532
21,1725084388.615702,49.0 kilometer_per_hour,94 degree_Celsius,46.27450980392157 percent,30.0 degree,,,,21.176470588235293 percent,1725084388.8555605
22,1725084389.1551957,49.0 kilometer_per_hour,94 degree_Celsius,61.568627450980394 percent,26.5 degree,,,,21.568627450980394 percent,1725084389.3942804
23,1725084389.6943297,50.0 kilometer_per_hour,94 degree_Celsius,53.72549019607843 percent,32.0 degree,,,,12.156862745098039 percent,1725084389.9345555
24,1725084390.2339556,49.0 kilometer_per_hour,94 degree_Celsius,31.372549019607842 percent,13.5 degree,,,,14.901960784313726 percent,1725084390.4736266
25,1725084390.7732322,49.0 kilometer_per_hour,94 degree_Celsius,37.254901960784316 percent,13.0 degree,,,,21.568627450980394 percent,1725084391.013062
26,1725084391.3126934,49.0 kilometer_per_hour,94 degree_Celsius,61.1764705882353 percent,27.0 degree,,,,21.96078431372549 percent,1725084391.5525124
27,1725084391.852132,49.0 kilometer_per_hour,94 degree_Celsius,70.98039215686275 percent,26.5 degree,,,,23.137254901960784 percent,1725084392.091887
28,1725084392.3913023,50.0 kilometer_per_hour,94 degree_Celsius,84.70588235294117 percent,25.0 degree,,,,23.92156862745098 percent,1725084392.6315093
29,1725084392.9310215,50.0 kilometer_per_hour,94 degree_Celsius,77.6470588235294 percent,23.5 degree,,,,23.529411764705884 percent,1725084393.1704078
30,1725084393.4704173,50.0 kilometer_per_hour,94 degree_Celsius,76.07843137254902 percent,23.5 degree,,,,23.529411764705884 percent,1725084393.7105107
31,1725084394.0100756,51.0 kilometer_per_hour,93 degree_Celsius,75.68627450980392 percent,23.0 degree,,,,23.529411764705884 percent,1725084394.2500637
32,1725084394.549578,51.0 kilometer_per_hour,93 degree_Celsius,76.07843137254902 percent,23.0 degree,,,,23.529411764705884 percent,1725084394.7894437
33,1725084395.0891423,52.0 kilometer_per_hour,93 degree_Celsius,75.68627450980392 percent,23.0 degree,,,,23.529411764705884 percent,1725084395.3292346
34,1725084395.6287491,52.0 kilometer_per_hour,93 degree_Celsius,75.29411764705883 percent,23.0 degree,,,,23.529411764705884 percent,1725084395.8689713
35,1725084396.1676784,53.0 kilometer_per_hour,93 degree_Celsius,74.90196078431373 percent,23.5 degree,,,,23.529411764705884 percent,1725084396.4083698
36,1725084396.7078438,53.0 kilometer_per_hour,93 degree_Celsius,74.90196078431373 percent,23.5 degree,,,,23.529411764705884 percent,1725084396.9472282
37,1725084397.2474337,54.0 kilometer_per_hour,93 degree_Celsius,47.450980392156865 percent,32.0 degree,,,,14.901960784313726 percent,1725084397.487555
0,1725084410.6952364,54.0 kilometer_per_hour,92 degree_Celsius,72.15686274509804 percent,25.0 degree,,,,23.137254901960784 percent,1725084410.9354932
1,1725084411.235025,55.0 kilometer_per_hour,92 degree_Celsius,71.37254901960785 percent,25.0 degree,,,,23.137254901960784 percent,1725084411.4756203
2,1725084411.7756472,55.0 kilometer_per_hour,92 degree_Celsius,70.98039215686275 percent,25.0 degree,,,,23.137254901960784 percent,1725084412.0157003
3,1725084412.3156936,56.0 kilometer_per_hour,92 degree_Celsius,70.58823529411765 percent,25.0 degree,,,,23.137254901960784 percent,1725084412.556247
4,1725084412.8561065,56.0 kilometer_per_hour,92 degree_Celsius,69.80392156862744 percent,24.5 degree,,,,23.137254901960784 percent,1725084413.0964458
5,1725084413.3962944,56.0 kilometer_per_hour,92 degree_Celsius,69.41176470588235 percent,24.0 degree,,,,22.745098039215687 percent,1725084413.6364737
6,1725084413.936402,57.0 kilometer_per_hour,92 degree_Celsius,68.62745098039215 percent,24.0 degree,,,,22.745098039215687 percent,1725084414.1765413
7,1725084414.4761682,57.0 kilometer_per_hour,92 degree_Celsius,67.84313725490196 percent,24.0 degree,,,,22.745098039215687 percent,1725084414.7166533
8,1725084415.016645,58.0 kilometer_per_hour,92 degree_Celsius,67.45098039215686 percent,24.0 degree,,,,22.745098039215687 percent,1725084415.2569444
9,1725084415.556764,58.0 kilometer_per_hour,92 degree_Celsius,66.66666666666667 percent,24.0 degree,,,,22.352941176470587 percent,1725084415.7967541
10,1725084416.0967202,58.0 kilometer_per_hour,92 degree_Celsius,66.66666666666667 percent,24.0 degree,,,,21.96078431372549 percent,1725084416.3371315
11,1725084416.636987,59.0 kilometer_per_hour,92 degree_Celsius,64.70588235294117 percent,25.0 degree,,,,22.352941176470587 percent,1725084416.8771796
12,1725084417.1765478,59.0 kilometer_per_hour,92 degree_Celsius,65.09803921568627 percent,25.0 degree,,,,21.96078431372549 percent,1725084417.4173014
13,1725084417.7171004,59.0 kilometer_per_hour,92 degree_Celsius,30.58823529411765 percent,27.5 degree,,,,17.254901960784313 percent,1725084417.956684
14,1725084418.257244,59.0 kilometer_per_hour,92 degree_Celsius,25.49019607843137 percent,17.5 degree,,,,16.07843137254902 percent,1725084418.4972162
15,1725084418.7971413,58.0 kilometer_per_hour,92 degree_Celsius,21.176470588235293 percent,1.5 degree,,,,16.07843137254902 percent,1725084419.0375123
16,1725084419.3372324,58.0 kilometer_per_hour,92 degree_Celsius,20.392156862745097 percent,2.0 degree,,,,17.647058823529413 percent,1725084419.5773294
17,1725084419.877382,57.0 kilometer_per_hour,92 degree_Celsius,21.176470588235293 percent,0.0 degree,,,,17.254901960784313 percent,1725084420.1174521
18,1725084420.4174397,56.0 kilometer_per_hour,92 degree_Celsius,18.431372549019606 percent,2.0 degree,,,,16.470588235294116 percent,1725084420.6578763
19,1725084420.9568803,55.0 kilometer_per_hour,92 degree_Celsius,18.03921568627451 percent,2.5 degree,,,,16.07843137254902 percent,1725084421.1976652
20,1725084421.497327,55.0 kilometer_per_hour,92 degree_Celsius,18.03921568627451 percent,2.5 degree,,,,16.07843137254902 percent,1725084421.7370696
21,1725084422.0375493,54.0 kilometer_per_hour,92 degree_Celsius,18.03921568627451 percent,2.0 degree,,,,16.07843137254902 percent,1725084422.2777355
22,1725084422.5774937,53.0 kilometer_per_hour,92 degree_Celsius,18.03921568627451 percent,2.0 degree,,,,16.07843137254902 percent,1725084422.8177502
23,1725084423.1175876,52.0 kilometer_per_hour,92 degree_Celsius,18.431372549019606 percent,1.5 degree,,,,15.686274509803921 percent,1725084423.3577366
24,1725084423.6577072,52.0 kilometer_per_hour,92 degree_Celsius,18.431372549019606 percent,1.5 degree,,,,15.686274509803921 percent,1725084423.8978179
25,1725084424.1975954,51.0 kilometer_per_hour,92 degree_Celsius,18.431372549019606 percent,1.5 degree,,,,15.686274509803921 percent,1725084424.4378316
26,1725084424.7372937,50.0 kilometer_per_hour,92 degree_Celsius,18.431372549019606 percent,1.0 degree,,,,15.686274509803921 percent,1725084424.9777052
27,1725084425.2775872,49.0 kilometer_per_hour,92 degree_Celsius,18.823529411764707 percent,0.5 degree,,,,15.294117647058824 percent,1725084425.5175924
28,1725084425.8174605,47.0 kilometer_per_hour,92 degree_Celsius,18.431372549019606 percent,-0.5 degree,,,,14.901960784313726 percent,1725084426.0577226
29,1725084426.3575208,43.0 kilometer_per_hour,92 degree_Celsius,18.03921568627451 percent,-1.0 degree,,,,14.509803921568627 percent,1725084426.5976522
30,1725084426.8974943,40.0 kilometer_per_hour,91 degree_Celsius,18.03921568627451 percent,-3.0 degree,,,,14.509803921568627 percent,1725084427.137612
31,1725084427.4374647,36.0 kilometer_per_hour,91 degree_Celsius,18.03921568627451 percent,-6.5 degree,,,,14.117647058823529 percent,1725084427.6776552
32,1725084427.9773896,31.0 kilometer_per_hour,91 degree_Celsius,33.72549019607843 percent,-6.5 degree,,,,13.333333333333334 percent,1725084428.2177095
33,1725084428.523082,26.0 kilometer_per_hour,91 degree_Celsius,21.568627450980394 percent,10.5 degree,,,,14.901960784313726 percent,1725084428.7574265
34,1725084429.0572104,22.0 kilometer_per_hour,91 degree_Celsius,25.49019607843137 percent,25.5 degree,,,,17.254901960784313 percent,1725084429.2970564
35,1725084429.5970304,17.0 kilometer_per_hour,91 degree_Celsius,51.76470588235294 percent,-11.5 degree,,,,14.901960784313726 percent,1725084429.8372695
36,1725084430.1370237,13.0 kilometer_per_hour,91 degree_Celsius,47.84313725490196 percent,-4.0 degree,,,,18.823529411764707 percent,1725084430.377384
37,1725084430.6771054,10.0 kilometer_per_hour,91 degree_Celsius,52.94117647058823 percent,-3.0 degree,,,,18.823529411764707 percent,1725084430.9172971
0,1725084440.3356814,30.0 kilometer_per_hour,92 degree_Celsius,74.50980392156863 percent,21.0 degree,,,,25.098039215686274 percent,1725084440.5756176
1,1725084440.8754501,32.0 kilometer_per_hour,92 degree_Celsius,72.15686274509804 percent,21.5 degree,,,,25.098039215686274 percent,1725084441.1154606
2,1725084441.4153159,33.0 kilometer_per_hour,92 degree_Celsius,71.76470588235294 percent,22.5 degree,,,,25.49019607843137 percent,1725084441.6554863
3,1725084441.9547353,34.0 kilometer_per_hour,92 degree_Celsius,72.15686274509804 percent,22.5 degree,,,,25.49019607843137 percent,1725084442.1952772
4,1725084442.4949296,35.0 kilometer_per_hour,92 degree_Celsius,69.01960784313725 percent,15.0 degree,,,,22.745098039215687 percent,1725084442.7346735
5,1725084443.0347629,36.0 kilometer_per_hour,92 degree_Celsius,52.15686274509804 percent,12.5 degree,,,,21.176470588235293 percent,1725084443.2748082
6,1725084443.574683,37.0 kilometer_per_hour,92 degree_Celsius,42.35294117647059 percent,15.5 degree,,,,19.607843137254903 percent,1725084443.8150105
7,1725084444.1147542,36.0 kilometer_per_hour,93 degree_Celsius,30.58823529411765 percent,27.5 degree,,,,17.647058823529413 percent,1725084444.3547227
8,1725084444.6546903,36.0 kilometer_per_hour,93 degree_Celsius,20.392156862745097 percent,26.0 degree,,,,16.470588235294116 percent,1725084444.8947272
9,1725084445.1944537,35.0 kilometer_per_hour,93 degree_Celsius,19.215686274509803 percent,7.0 degree,,,,16.862745098039216 percent,1725084445.434624
10,1725084445.7338412,34.0 kilometer_per_hour,93 degree_Celsius,18.823529411764707 percent,28.0 degree,,,,17.254901960784313 percent,1725084445.974513
11,1725084446.2742202,34.0 kilometer_per_hour,93 degree_Celsius,28.235294117647058 percent,14.5 degree,,,,21.176470588235293 percent,1725084446.5137057
12,1725084446.8142526,34.0 kilometer_per_hour,93 degree_Celsius,52.549019607843135 percent,27.5 degree,,,,22.352941176470587 percent,1725084447.054094
13,1725084447.3541067,34.0 kilometer_per_hour,93 degree_Celsius,60.0 percent,26.5 degree,,,,22.745098039215687 percent,1725084447.593978
14,1725084447.8938808,35.0 kilometer_per_hour,93 degree_Celsius,63.529411764705884 percent,26.0 degree,,,,23.529411764705884 percent,1725084448.1336944
15,1725084448.4337077,36.0 kilometer_per_hour,93 degree_Celsius,71.76470588235294 percent,6.5 degree,,,,25.098039215686274 percent,1725084448.6738505
16,1725084448.9736056,37.0 kilometer_per_hour,93 degree_Celsius,83.52941176470588 percent,21.5 degree,,,,25.49019607843137 percent,1725084449.2136784
17,1725084449.5127654,38.0 kilometer_per_hour,93 degree_Celsius,83.13725490196079 percent,20.0 degree,,,,26.274509803921568 percent,1725084449.753257
18,1725084450.0530689,39.0 kilometer_per_hour,94 degree_Celsius,82.3529411764706 percent,20.0 degree,,,,26.274509803921568 percent,1725084450.2926223
19,1725084450.5930405,40.0 kilometer_per_hour,94 degree_Celsius,80.3921568627451 percent,20.0 degree,,,,26.274509803921568 percent,1725084450.8331087
20,1725084451.1330216,41.0 kilometer_per_hour,94 degree_Celsius,78.03921568627452 percent,20.5 degree,,,,25.88235294117647 percent,1725084451.3730733
21,1725084451.6729338,42.0 kilometer_per_hour,94 degree_Celsius,76.07843137254902 percent,21.0 degree,,,,25.098039215686274 percent,1725084451.9129634
22,1725084452.2127252,43.0 kilometer_per_hour,94 degree_Celsius,65.88235294117646 percent,22.0 degree,,,,16.862745098039216 percent,1725084452.4587533
23,1725084452.7825794,43.0 kilometer_per_hour,94 degree_Celsius,27.45098039215686 percent,36.5 degree,,,,16.862745098039216 percent,1725084453.0226064
24,1725084453.3220632,43.0 kilometer_per_hour,94 degree_Celsius,23.92156862745098 percent,40.0 degree,,,,18.823529411764707 percent,1725084453.562304
25,1725084453.8624067,42.0 kilometer_per_hour,94 degree_Celsius,39.21568627450981 percent,20.5 degree,,,,21.568627450980394 percent,1725084454.1022735
26,1725084454.402312,42.0 kilometer_per_hour,94 degree_Celsius,50.19607843137255 percent,27.5 degree,,,,21.568627450980394 percent,1725084454.6422372
27,1725084454.941929,42.0 kilometer_per_hour,94 degree_Celsius,55.294117647058826 percent,27.0 degree,,,,21.568627450980394 percent,1725084455.18209
28,1725084455.4817219,43.0 kilometer_per_hour,94 degree_Celsius,58.431372549019606 percent,16.5 degree,,,,22.352941176470587 percent,1725084455.7219422
29,1725084456.0216858,43.0 kilometer_per_hour,94 degree_Celsius,79.6078431372549 percent,9.5 degree,,,,23.529411764705884 percent,1725084456.2615285
30,1725084456.5614133,43.0 kilometer_per_hour,94 degree_Celsius,78.03921568627452 percent,21.5 degree,,,,23.137254901960784 percent,1725084456.8015335
31,1725084457.1012692,44.0 kilometer_per_hour,94 degree_Celsius,76.47058823529412 percent,21.5 degree,,,,22.745098039215687 percent,1725084457.3414507
32,1725084457.641127,44.0 kilometer_per_hour,93 degree_Celsius,76.07843137254902 percent,21.5 degree,,,,22.745098039215687 percent,1725084457.881499
33,1725084458.1814022,45.0 kilometer_per_hour,93 degree_Celsius,72.54901960784314 percent,22.0 degree,,,,11.764705882352942 percent,1725084458.4212925
34,1725084458.7209074,45.0 kilometer_per_hour,93 degree_Celsius,33.72549019607843 percent,18.5 degree,,,,15.294117647058824 percent,1725084458.9611008
35,1725084459.260192,44.0 kilometer_per_hour,93 degree_Celsius,27.84313725490196 percent,18.0 degree,,,,15.686274509803921 percent,1725084459.5008276
36,1725084459.800433,43.0 kilometer_per_hour,93 degree_Celsius,22.745098039215687 percent,-2.0 degree,,,,15.294117647058824 percent,1725084460.040248
0,1725087311.3658023,35.0 kilometer_per_hour,82 degree_Celsius,85.88235294117646 percent,18.0 degree,,,,30.980392156862745 percent,1725087311.6366792
1,1725087311.9373887,36.0 kilometer_per_hour,82 degree_Celsius,82.74509803921569 percent,19.5 degree,,,,30.58823529411765 percent,1725087312.2081337
2,1725087312.5088992,38.0 kilometer_per_hour,83 degree_Celsius,74.11764705882354 percent,20.5 degree,,,,31.372549019607842 percent,1725087312.7492695
3,1725087313.050062,40.0 kilometer_per_hour,83 degree_Celsius,72.94117647058823 percent,21.0 degree,,,,31.764705882352942 percent,1725087313.2907727
4,1725087313.5913305,42.0 kilometer_per_hour,83 degree_Celsius,71.37254901960785 percent,21.5 degree,,,,32.15686274509804 percent,1725087313.831872
5,1725087314.1324294,43.0 kilometer_per_hour,83 degree_Celsius,86.66666666666667 percent,17.5 degree,,,,32.15686274509804 percent,1725087314.372994
6,1725087314.6735015,44.0 kilometer_per_hour,83 degree_Celsius,88.62745098039215 percent,17.5 degree,,,,32.15686274509804 percent,1725087314.9141607
7,1725087315.2146528,45.0 kilometer_per_hour,84 degree_Celsius,87.84313725490196 percent,17.0 degree,,,,31.764705882352942 percent,1725087315.454975
8,1725087315.7553263,47.0 kilometer_per_hour,84 degree_Celsius,82.74509803921569 percent,20.0 degree,,,,18.823529411764707 percent,1725087315.9961152
9,1725087316.2964804,47.0 kilometer_per_hour,84 degree_Celsius,30.58823529411765 percent,32.5 degree,,,,18.03921568627451 percent,1725087316.5371134
10,1725087316.837578,47.0 kilometer_per_hour,85 degree_Celsius,27.45098039215686 percent,33.5 degree,,,,21.176470588235293 percent,1725087317.0782409
11,1725087317.3784857,46.0 kilometer_per_hour,85 degree_Celsius,52.94117647058823 percent,29.0 degree,,,,22.745098039215687 percent,1725087317.6191297
12,1725087317.9193594,47.0 kilometer_per_hour,85 degree_Celsius,66.27450980392157 percent,26.0 degree,,,,24.313725490196077 percent,1725087318.1599214
13,1725087318.460192,47.0 kilometer_per_hour,86 degree_Celsius,74.50980392156863 percent,23.5 degree,,,,25.49019607843137 percent,1725087318.7007933
14,1725087319.001166,47.0 kilometer_per_hour,86 degree_Celsius,82.74509803921569 percent,-1.0 degree,,,,30.19607843137255 percent,1725087319.241544
15,1725087319.5419338,48.0 kilometer_per_hour,86 degree_Celsius,94.90196078431373 percent,17.5 degree,,,,32.94117647058823 percent,1725087319.7824168
16,1725087320.0827198,49.0 kilometer_per_hour,87 degree_Celsius,94.90196078431373 percent,15.0 degree,,,,34.509803921568626 percent,1725087320.3233182
17,1725087320.6235163,49.0 kilometer_per_hour,87 degree_Celsius,96.47058823529412 percent,13.5 degree,,,,37.254901960784316 percent,1725087320.8641467
18,1725087321.164197,50.0 kilometer_per_hour,87 degree_Celsius,95.68627450980392 percent,13.5 degree,,,,36.07843137254902 percent,1725087321.404589
19,1725087321.7048802,51.0 kilometer_per_hour,87 degree_Celsius,95.68627450980392 percent,14.5 degree,,,,34.90196078431372 percent,1725087321.9451454
20,1725087322.2455122,52.0 kilometer_per_hour,88 degree_Celsius,95.29411764705883 percent,14.0 degree,,,,34.90196078431372 percent,1725087322.4859207
21,1725087322.7860777,52.0 kilometer_per_hour,88 degree_Celsius,94.90196078431373 percent,14.5 degree,,,,34.11764705882353 percent,1725087323.026643
22,1725087323.3328922,53.0 kilometer_per_hour,88 degree_Celsius,93.72549019607843 percent,15.0 degree,,,,32.549019607843135 percent,1725087323.5669913
23,1725087323.8673637,54.0 kilometer_per_hour,89 degree_Celsius,93.33333333333333 percent,15.0 degree,,,,32.549019607843135 percent,1725087324.1076403
24,1725087324.407868,55.0 kilometer_per_hour,89 degree_Celsius,92.15686274509804 percent,15.5 degree,,,,31.764705882352942 percent,1725087324.6542742
25,1725087324.9482296,55.0 kilometer_per_hour,89 degree_Celsius,91.76470588235294 percent,16.5 degree,,,,30.980392156862745 percent,1725087325.1888254
26,1725087325.4889712,56.0 kilometer_per_hour,90 degree_Celsius,90.58823529411765 percent,15.5 degree,,,,30.58823529411765 percent,1725087325.7292542
27,1725087326.029455,57.0 kilometer_per_hour,90 degree_Celsius,89.01960784313725 percent,15.5 degree,,,,29.80392156862745 percent,1725087326.2697413
28,1725087326.5698402,58.0 kilometer_per_hour,90 degree_Celsius,87.84313725490196 percent,15.0 degree,,,,29.41176470588235 percent,1725087326.8102062
29,1725087327.1103575,58.0 kilometer_per_hour,90 degree_Celsius,59.21568627450981 percent,17.0 degree,,,,18.03921568627451 percent,1725087327.3506312
30,1725087327.6507852,58.0 kilometer_per_hour,90 degree_Celsius,34.11764705882353 percent,32.5 degree,,,,17.647058823529413 percent,1725087327.891395
31,1725087328.1912413,58.0 kilometer_per_hour,91 degree_Celsius,34.509803921568626 percent,32.5 degree,,,,21.568627450980394 percent,1725087328.431468
32,1725087328.7315755,57.0 kilometer_per_hour,91 degree_Celsius,53.333333333333336 percent,26.0 degree,,,,21.96078431372549 percent,1725087328.9718308
33,1725087329.2720637,57.0 kilometer_per_hour,91 degree_Celsius,60.3921568627451 percent,26.0 degree,,,,21.568627450980394 percent,1725087329.512389
34,1725087329.8122637,57.0 kilometer_per_hour,92 degree_Celsius,62.745098039215684 percent,26.5 degree,,,,16.862745098039216 percent,1725087330.0526223
35,1725087330.3527503,57.0 kilometer_per_hour,92 degree_Celsius,44.31372549019608 percent,29.5 degree,,,,18.823529411764707 percent,1725087330.5931132
36,1725087330.893074,57.0 kilometer_per_hour,92 degree_Celsius,32.549019607843135 percent,34.0 degree,,,,16.862745098039216 percent,1725087331.1334572
0,1725087406.246184,22.0 kilometer_per_hour,90 degree_Celsius,28.627450980392158 percent,25.0 degree,,,,16.07843137254902 percent,1725087406.4865904
1,1725087406.7865925,19.0 kilometer_per_hour,90 degree_Celsius,48.627450980392155 percent,-5.5 degree,,,,12.156862745098039 percent,1725087407.026932
2,1725087407.3271923,19.0 kilometer_per_hour,90 degree_Celsius,37.64705882352941 percent,1.5 degree,,,,17.254901960784313 percent,1725087407.5675104
3,1725087407.8677588,18.0 kilometer_per_hour,90 degree_Celsius,38.03921568627451 percent,2.5 degree,,,,17.254901960784313 percent,1725087408.1081858
4,1725087408.408279,18.0 kilometer_per_hour,90 degree_Celsius,38.03921568627451 percent,2.0 degree,,,,17.254901960784313 percent,1725087408.6487105
5,1725087408.9487605,18.0 kilometer_per_hour,90 degree_Celsius,57.64705882352941 percent,19.0 degree,,,,23.529411764705884 percent,1725087409.1891758
6,1725087409.4893703,18.0 kilometer_per_hour,90 degree_Celsius,80.7843137254902 percent,21.5 degree,,,,25.098039215686274 percent,1725087409.7298257
7,1725087410.0300355,20.0 kilometer_per_hour,90 degree_Celsius,83.13725490196079 percent,22.0 degree,,,,26.666666666666668 percent,1725087410.2703247
8,1725087410.5703526,22.0 kilometer_per_hour,90 degree_Celsius,78.43137254901961 percent,20.0 degree,,,,27.058823529411764 percent,1725087410.8107562
9,1725087411.1109257,24.0 kilometer_per_hour,90 degree_Celsius,82.3529411764706 percent,18.0 degree,,,,28.235294117647058 percent,1725087411.3510613
10,1725087411.651296,26.0 kilometer_per_hour,90 degree_Celsius,84.31372549019608 percent,19.0 degree,,,,28.235294117647058 percent,1725087411.891133
11,1725087412.191881,28.0 kilometer_per_hour,90 degree_Celsius,84.70588235294117 percent,18.5 degree,,,,28.235294117647058 percent,1725087412.4321964
12,1725087412.7324014,30.0 kilometer_per_hour,90 degree_Celsius,79.6078431372549 percent,17.0 degree,,,,27.45098039215686 percent,1725087412.97277
13,1725087413.272899,32.0 kilometer_per_hour,90 degree_Celsius,76.47058823529412 percent,18.0 degree,,,,27.058823529411764 percent,1725087413.5132194
14,1725087413.8132377,34.0 kilometer_per_hour,90 degree_Celsius,76.07843137254902 percent,19.0 degree,,,,27.45098039215686 percent,1725087414.053568
15,1725087414.3535597,36.0 kilometer_per_hour,91 degree_Celsius,75.68627450980392 percent,20.0 degree,,,,27.45098039215686 percent,1725087414.5939808
16,1725087414.893595,38.0 kilometer_per_hour,91 degree_Celsius,73.33333333333333 percent,20.5 degree,,,,22.352941176470587 percent,1725087415.1346214
17,1725087415.4345946,39.0 kilometer_per_hour,91 degree_Celsius,30.980392156862745 percent,34.0 degree,,,,19.215686274509803 percent,1725087415.67507
18,1725087415.9749258,39.0 kilometer_per_hour,91 degree_Celsius,25.49019607843137 percent,32.5 degree,,,,18.03921568627451 percent,1725087416.2153566
19,1725087416.5153718,39.0 kilometer_per_hour,91 degree_Celsius,21.176470588235293 percent,21.0 degree,,,,18.431372549019606 percent,1725087416.7557616
20,1725087417.0556355,38.0 kilometer_per_hour,91 degree_Celsius,21.568627450980394 percent,39.0 degree,,,,20.0 percent,1725087417.2960837
21,1725087417.596194,38.0 kilometer_per_hour,92 degree_Celsius,26.274509803921568 percent,16.5 degree,,,,18.823529411764707 percent,1725087417.8364754
22,1725087418.1360602,38.0 kilometer_per_hour,92 degree_Celsius,23.92156862745098 percent,40.0 degree,,,,19.607843137254903 percent,1725087418.3769333
23,1725087418.6770117,38.0 kilometer_per_hour,92 degree_Celsius,27.84313725490196 percent,28.0 degree,,,,19.607843137254903 percent,1725087418.9171247
24,1725087419.2173793,38.0 kilometer_per_hour,92 degree_Celsius,26.274509803921568 percent,23.5 degree,,,,18.431372549019606 percent,1725087419.4577494
25,1725087419.757905,38.0 kilometer_per_hour,92 degree_Celsius,23.137254901960784 percent,17.0 degree,,,,18.03921568627451 percent,1725087419.9982076
26,1725087420.2981808,38.0 kilometer_per_hour,92 degree_Celsius,20.0 percent,5.5 degree,,,,17.254901960784313 percent,1725087420.538585
27,1725087420.838523,37.0 kilometer_per_hour,93 degree_Celsius,16.862745098039216 percent,5.5 degree,,,,16.862745098039216 percent,1725087421.0787284
28,1725087421.3788836,35.0 kilometer_per_hour,93 degree_Celsius,16.470588235294116 percent,5.0 degree,,,,16.470588235294116 percent,1725087421.6191418
29,1725087421.9191067,33.0 kilometer_per_hour,93 degree_Celsius,16.470588235294116 percent,5.0 degree,,,,16.07843137254902 percent,1725087422.1595006
30,1725087422.4595177,29.0 kilometer_per_hour,93 degree_Celsius,17.647058823529413 percent,2.5 degree,,,,15.686274509803921 percent,1725087422.6999695
31,1725087422.9999466,25.0 kilometer_per_hour,93 degree_Celsius,21.568627450980394 percent,5.0 degree,,,,15.294117647058824 percent,1725087423.240345
32,1725087423.5403416,20.0 kilometer_per_hour,93 degree_Celsius,25.098039215686274 percent,25.5 degree,,,,17.254901960784313 percent,1725087423.7807128
33,1725087424.0806084,17.0 kilometer_per_hour,93 degree_Celsius,37.64705882352941 percent,3.0 degree,,,,17.254901960784313 percent,1725087424.32102
34,1725087424.62098,16.0 kilometer_per_hour,93 degree_Celsius,39.21568627450981 percent,0.5 degree,,,,17.254901960784313 percent,1725087424.8612702
35,1725087425.1615186,16.0 kilometer_per_hour,93 degree_Celsius,39.6078431372549 percent,-0.5 degree,,,,17.254901960784313 percent,1725087425.4017203
36,1725087425.701898,15.0 kilometer_per_hour,93 degree_Celsius,40.3921568627451 percent,-1.5 degree,,,,16.470588235294116 percent,1725087425.9419732
