2024-09-04 18:35:11,979  root       handle_response DEBUG    Processing: '<pos_answer>FF FF FF FF</pos_answer>'
2024-09-04 18:35:11,980  root       handle_response DEBUG    Write: '7E8 06 49 00 FF FF FF FF \r\r>'
2024-09-04 18:35:11,983  root       run        DEBUG    Received '0600'
2024-09-04 18:35:11,984  root       handle_request DEBUG    Handling: '0600', header '7E0', ECU '7E0'
2024-09-04 18:35:11,984  root       handle_request DEBUG    Description: MIDS_A, PID ELM_MIDS_A (0600)
2024-09-04 18:35:11,985  root       handle_response DEBUG    Processing: '<pos_answer>C0 00 00 01</pos_answer>'
2024-09-04 18:35:11,985  root       handle_response DEBUG    Write: '7E8 05 46 C0 00 00 01 \r\r>'
2024-09-04 18:35:12,237  root       run        DEBUG    repeating previous command: '0600'
2024-09-04 18:35:12,238  root       handle_request DEBUG    Handling: '0600', header '7E0', ECU '7E0'
2024-09-04 18:35:12,238  root       handle_request DEBUG    Description: MIDS_A, PID ELM_MIDS_A (0600)
2024-09-04 18:35:12,239  root       handle_response DEBUG    Processing: '<pos_answer>C0 00 00 01</pos_answer>'
2024-09-04 18:35:12,239  root       handle_response DEBUG    Write: '7E8 05 46 C0 00 00 01 \r\r>'
2024-09-04 18:35:12,491  root       run        DEBUG    repeating previous command: '0600'
2024-09-04 18:35:12,492  root       handle_request DEBUG    Handling: '0600', header '7E0', ECU '7E0'
2024-09-04 18:35:12,492  root       handle_request DEBUG    Description: MIDS_A, PID ELM_MIDS_A (0600)
2024-09-04 18:35:12,493  root       handle_response DEBUG    Processing: '<pos_answer>C0 00 00 01</pos_answer>'
2024-09-04 18:35:12,493  root       handle_response DEBUG    Write: '7E8 05 46 C0 00 00 01 \r\r>'
2024-09-04 18:35:12,745  root       run        DEBUG    repeating previous command: '0600'
2024-09-04 18:35:12,745  root       handle_request DEBUG    Handling: '0600', header '7E0', ECU '7E0'
2024-09-04 18:35:12,746  root       handle_request DEBUG    Description: MIDS_A, PID ELM_MIDS_A (0600)
2024-09-04 18:35:12,746  root       handle_response DEBUG    Processing: '<pos_answer>C0 00 00 01</pos_answer>'
2024-09-04 18:35:12,747  root       handle_response DEBUG    Write: '7E8 05 46 C0 00 00 01 \r\r>'
2024-09-04 18:35:12,999  root       run        DEBUG    repeating previous command: '0600'
2024-09-04 18:35:12,999  root       handle_request DEBUG    Handling: '0600', header '7E0', ECU '7E0'
2024-09-04 18:35:13,000  root       handle_request DEBUG    Description: MIDS_A, PID ELM_MIDS_A (0600)
2024-09-04 18:35:13,001  root       handle_response DEBUG    Processing: '<pos_answer>C0 00 00 01</pos_answer>'
2024-09-04 18:35:13,001  root       handle_response DEBUG    Write: '7E8 05 46 C0 00 00 01 \r\r>'
2024-09-04 18:35:13,253  root       run        DEBUG    repeating previous command: '0600'
2024-09-04 18:35:13,254  root       handle_request DEBUG    Handling: '0600', header '7E0', ECU '7E0'
2024-09-04 18:35:13,254  root       handle_request DEBUG    Description: MIDS_A, PID ELM_MIDS_A (0600)
2024-09-04 18:35:13,255  root       handle_response DEBUG    Processing: '<pos_answer>C0 00 00 01</pos_answer>'
2024-09-04 18:35:13,255  root       handle_response DEBUG    Write: '7E8 05 46 C0 00 00 01 \r\r>'
2024-09-04 18:35:13,506  root       run        DEBUG    repeating previous command: '0600'
2024-09-04 18:35:13,507  root       handle_request DEBUG    Handling: '0600', header '7E0', ECU '7E0'
2024-09-04 18:35:13,507  root       handle_request DEBUG    Description: MIDS_A, PID ELM_MIDS_A (0600)
2024-09-04 18:35:13,508  root       handle_response DEBUG    Processing: '<pos_answer>C0 00 00 01</pos_answer>'
2024-09-04 18:35:13,508  root       handle_response DEBUG    Write: '7E8 05 46 C0 00 00 01 \r\r>'
2024-09-04 18:35:13,760  root       run        DEBUG    repeating previous command: '0600'
2024-09-04 18:35:13,761  root       handle_request DEBUG    Handling: '0600', header '7E0', ECU '7E0'
2024-09-04 18:35:13,761  root       handle_request DEBUG    Description: MIDS_A, PID ELM_MIDS_A (0600)
2024-09-04 18:35:13,762  root       handle_response DEBUG    Processing: '<pos_answer>C0 00 00 01</pos_answer>'
2024-09-04 18:35:13,762  root       handle_response DEBUG    Write: '7E8 05 46 C0 00 00 01 \r\r>'
2024-09-04 18:35:14,014  root       run        DEBUG    repeating previous command: '0600'
2024-09-04 18:35:14,015  root       handle_request DEBUG    Handling: '0600', header '7E0', ECU '7E0'
2024-09-04 18:35:14,015  root       handle_request DEBUG    Description: MIDS_A, PID ELM_MIDS_A (0600)
2024-09-04 18:35:14,016  root       handle_response DEBUG    Processing: '<pos_answer>C0 00 00 01</pos_answer>'
2024-09-04 18:35:14,016  root       handle_response DEBUG    Write: '7E8 05 46 C0 00 00 01 \r\r>'
2024-09-04 18:35:14,268  root       run        DEBUG    repeating previous command: '0600'
2024-09-04 18:35:14,269  root       handle_request DEBUG    Handling: '0600', header '7E0', ECU '7E0'
2024-09-04 18:35:14,269  root       handle_request DEBUG    Description: MIDS_A, PID ELM_MIDS_A (0600)
2024-09-04 18:35:14,270  root       handle_response DEBUG    Processing: '<pos_answer>C0 00 00 01</pos_answer>'
2024-09-04 18:35:14,270  root       handle_response DEBUG    Write: '7E8 05 46 C0 00 00 01 \r\r>'
2024-09-04 18:35:14,521  root       run        DEBUG    repeating previous command: '0600'
2024-09-04 18:35:14,522  root       handle_request DEBUG    Handling: '0600', header '7E0', ECU '7E0'
2024-09-04 18:35:14,522  root       handle_request DEBUG    Description: MIDS_A, PID ELM_MIDS_A (0600)
2024-09-04 18:35:14,522  root       handle_response DEBUG    Processing: '<pos_answer>C0 00 00 01</pos_answer>'
2024-09-04 18:35:14,523  root       handle_response DEBUG    Write: '7E8 05 46 C0 00 00 01 \r\r>'
2024-09-04 18:35:14,774  root       run        DEBUG    repeating previous command: '0600'
2024-09-04 18:35:14,775  root       handle_request DEBUG    Handling: '0600', header '7E0', ECU '7E0'
2024-09-04 18:35:14,776  root       handle_request DEBUG    Description: MIDS_A, PID ELM_MIDS_A (0600)
2024-09-04 18:35:14,776  root       handle_response DEBUG    Processing: '<pos_answer>C0 00 00 01</pos_answer>'
2024-09-04 18:35:14,777  root       handle_response DEBUG    Write: '7E8 05 46 C0 00 00 01 \r\r>'
2024-09-04 18:35:15,028  root       run        DEBUG    repeating previous command: '0600'
2024-09-04 18:35:15,029  root       handle_request DEBUG    Handling: '0600', header '7E0', ECU '7E0'
2024-09-04 18:35:15,030  root       handle_request DEBUG    Description: MIDS_A, PID ELM_MIDS_A (0600)
2024-09-04 18:35:15,030  root       handle_response DEBUG    Processing: '<pos_answer>C0 00 00 01</pos_answer>'
2024-09-04 18:35:15,031  root       handle_response DEBUG    Write: '7E8 05 46 C0 00 00 01 \r\r>'
2024-09-04 18:35:15,282  root       run        DEBUG    repeating previous command: '0600'
2024-09-04 18:35:15,283  root       handle_request DEBUG    Handling: '0600', header '7E0', ECU '7E0'
2024-09-04 18:35:15,283  root       handle_request DEBUG    Description: MIDS_A, PID ELM_MIDS_A (0600)
2024-09-04 18:35:15,284  root       handle_response DEBUG    Processing: '<pos_answer>C0 00 00 01</pos_answer>'
2024-09-04 18:35:15,285  root       handle_response DEBUG    Write: '7E8 05 46 C0 00 00 01 \r\r>'
2024-09-04 18:35:15,536  root       run        DEBUG    repeating previous command: '0600'
2024-09-04 18:35:15,537  root       handle_request DEBUG    Handling: '0600', header '7E0', ECU '7E0'
2024-09-04 18:35:15,537  root       handle_request DEBUG    Description: MIDS_A, PID ELM_MIDS_A (0600)
2024-09-04 18:35:15,538  root       handle_response DEBUG    Processing: '<pos_answer>C0 00 00 01</pos_answer>'
2024-09-04 18:35:15,538  root       handle_response DEBUG    Write: '7E8 05 46 C0 00 00 01 \r\r>'
2024-09-04 18:35:15,790  root       run        DEBUG    repeating previous command: '0600'
2024-09-04 18:35:15,790  root       handle_request DEBUG    Handling: '0600', header '7E0', ECU '7E0'
2024-09-04 18:35:15,791  root       handle_request DEBUG    Description: MIDS_A, PID ELM_MIDS_A (0600)
2024-09-04 18:35:15,791  root       handle_response DEBUG    Processing: '<pos_answer>C0 00 00 01</pos_answer>'
2024-09-04 18:35:15,792  root       handle_response DEBUG    Write: '7E8 05 46 C0 00 00 01 \r\r>'
2024-09-04 18:35:16,044  root       run        DEBUG    repeating previous command: '0600'
2024-09-04 18:35:16,044  root       handle_request DEBUG    Handling: '0600', header '7E0', ECU '7E0'
2024-09-04 18:35:16,045  root       handle_request DEBUG    Description: MIDS_A, PID ELM_MIDS_A (0600)
2024-09-04 18:35:16,045  root       handle_response DEBUG    Processing: '<pos_answer>C0 00 00 01</pos_answer>'
2024-09-04 18:35:16,046  root       handle_response DEBUG    Write: '7E8 05 46 C0 00 00 01 \r\r>'
2024-09-04 18:35:16,297  root       run        DEBUG    repeating previous command: '0600'
2024-09-04 18:35:16,298  root       handle_request DEBUG    Handling: '0600', header '7E0', ECU '7E0'
2024-09-04 18:35:16,298  root       handle_request DEBUG    Description: MIDS_A, PID ELM_MIDS_A (0600)
2024-09-04 18:35:16,299  root       handle_response DEBUG    Processing: '<pos_answer>C0 00 00 01</pos_answer>'
2024-09-04 18:35:16,299  root       handle_response DEBUG    Write: '7E8 05 46 C0 00 00 01 \r\r>'
2024-09-04 18:35:16,551  root       run        DEBUG    repeating previous command: '0600'
2024-09-04 18:35:16,551  root       handle_request DEBUG    Handling: '0600', header '7E0', ECU '7E0'
2024-09-04 18:35:16,552  root       handle_request DEBUG    Description: MIDS_A, PID ELM_MIDS_A (0600)
2024-09-04 18:35:16,552  root       handle_response DEBUG    Processing: '<pos_answer>C0 00 00 01</pos_answer>'
2024-09-04 18:35:16,553  root       handle_response DEBUG    Write: '7E8 05 46 C0 00 00 01 \r\r>'
2024-09-04 18:35:16,804  root       run        DEBUG    repeating previous command: '0600'
2024-09-04 18:35:16,805  root       handle_request DEBUG    Handling: '0600', header '7E0', ECU '7E0'
2024-09-04 18:35:16,806  root       handle_request DEBUG    Description: MIDS_A, PID ELM_MIDS_A (0600)
2024-09-04 18:35:16,806  root       handle_response DEBUG    Processing: '<pos_answer>C0 00 00 01</pos_answer>'
2024-09-04 18:35:16,807  root       handle_response DEBUG    Write: '7E8 05 46 C0 00 00 01 \r\r>'
2024-09-04 18:35:38,047  root       run        DEBUG    Received 'ATZ'
2024-09-04 18:35:38,047  root       handle_request DEBUG    Handling: 'ATZ', header '7E0', ECU '7E0'
2024-09-04 18:35:38,047  root       handle_request DEBUG    Description: AT RESET, PID AT_RESET (ATZ)
2024-09-04 18:35:38,047  root       reset      DEBUG    Resetting counters and sleeping for 0.5 seconds
2024-09-04 18:35:38,548  root       <module>   DEBUG    Reset and sleep 0.5 seconds
2024-09-04 18:35:38,548  root       handle_response DEBUG    Processing: '<writeln></writeln><writeln></writeln><writeln>ELM327 v1.5</writeln>'
2024-09-04 18:35:38,549  root       handle_response DEBUG    Write: '\r\rELM327 v1.5\r\r>'
2024-09-04 18:35:39,048  root       run        DEBUG    Received 'ATE0'
2024-09-04 18:35:39,049  root       handle_request DEBUG    Handling: 'ATE0', header '7E0', ECU '7E0'
2024-09-04 18:35:39,050  root       handle_request DEBUG    Description: AT ECHO, PID AT_ECHO (ATE0)
2024-09-04 18:35:39,050  root       <module>   DEBUG    set ECHO ON/OFF : False
2024-09-04 18:35:39,051  root       handle_response DEBUG    Processing: '<writeln>OK</writeln>'
2024-09-04 18:35:39,051  root       handle_response DEBUG    Write: 'OK\r\r>'
2024-09-04 18:35:39,052  root       run        DEBUG    Received 'ATH1'
2024-09-04 18:35:39,053  root       handle_request DEBUG    Handling: 'ATH1', header '7E0', ECU '7E0'
2024-09-04 18:35:39,053  root       handle_request DEBUG    Description: AT HEADERS, PID AT_USE_HEADERS (ATH1)
2024-09-04 18:35:39,054  root       <module>   DEBUG    set HEADERS ON/OFF : True
2024-09-04 18:35:39,054  root       handle_response DEBUG    Processing: '<writeln>OK</writeln>'
2024-09-04 18:35:39,055  root       handle_response DEBUG    Write: 'OK\r\r>'
2024-09-04 18:35:39,056  root       run        DEBUG    Received 'ATL0'
2024-09-04 18:35:39,056  root       handle_request DEBUG    Handling: 'ATL0', header '7E0', ECU '7E0'
2024-09-04 18:35:39,057  root       handle_request DEBUG    Description: AT LINEFEEDS, PID AT_LINEFEEDS (ATL0)
2024-09-04 18:35:39,058  root       <module>   DEBUG    set LINEFEEDS ON/OFF : False
2024-09-04 18:35:39,058  root       handle_response DEBUG    Processing: '<writeln>OK</writeln>'
2024-09-04 18:35:39,058  root       handle_response DEBUG    Write: 'OK\r\r>'
2024-09-04 18:35:39,059  root       run        DEBUG    Received 'AT RV'
2024-09-04 18:35:39,060  root       handle_request DEBUG    Handling: 'ATRV', header '7E0', ECU '7E0'
2024-09-04 18:35:39,061  root       handle_request DEBUG    Description: AT read volt, PID AT_R_VOLT (ATRV)
2024-09-04 18:35:39,061  root       <module>   DEBUG    Volt = 13.2
2024-09-04 18:35:39,061  root       handle_response DEBUG    Processing: '<string>13.2</string><writeln>V</writeln>'
2024-09-04 18:35:39,062  root       handle_response DEBUG    Write: '13.2V\r\r>'
2024-09-04 18:35:39,063  root       run        DEBUG    Received 'ATSP0'
2024-09-04 18:35:39,063  root       handle_request DEBUG    Handling: 'ATSP0', header '7E0', ECU '7E0'
2024-09-04 18:35:39,064  root       handle_request DEBUG    Description: AT PROTO, PID AT_PROTO (ATSP0)
2024-09-04 18:35:39,065  root       <module>   DEBUG    set PROTO 0
2024-09-04 18:35:39,065  root       handle_response DEBUG    Processing: '<writeln>OK</writeln>'
2024-09-04 18:35:39,066  root       handle_response DEBUG    Write: 'OK\r\r>'
2024-09-04 18:35:40,064  root       run        DEBUG    Received '0100'
2024-09-04 18:35:40,064  root       handle_request DEBUG    Handling: '0100', header '7E0', ECU '7E0'
2024-09-04 18:35:40,065  root       handle_request DEBUG    UDS P3 timer expired: running stop() method for ECU task "Default ECU Task module", ECU="7E0".
2024-09-04 18:35:40,065  root       handle_request DEBUG    Description: PIDS_A, PID ELM_PIDS_A (0100)
2024-09-04 18:35:40,065  root       handle_response DEBUG    Processing: '<string>SEARCHING...</string><exec>time.sleep(3)</exec><writeln></writeln><header>7EA</header><size>06</size><data>41 00 98 3A 80 13</data><pos_answer>BE 3F A8 13</pos_answer>'
2024-09-04 18:35:40,066  root       handle_response DEBUG    Write: 'SEARCHING...'
2024-09-04 18:35:43,067  root       handle_response DEBUG    Evaluated command: time.sleep(3) -> None
2024-09-04 18:35:43,068  root       handle_response DEBUG    Write: '\r7EA 06 41 00 98 3A 80 13 \r7E8 06 41 00 BE 3F A8 13 \r\r>'
2024-09-04 18:35:43,069  root       run        DEBUG    Received 'ATDPN'
2024-09-04 18:35:43,070  root       handle_request DEBUG    Handling: 'ATDPN', header '7E0', ECU '7E0'
2024-09-04 18:35:43,071  root       handle_request DEBUG    Description: AT Display Protocol Number, PID AT_DESCRIBE_PROTO_N (ATDPN)
2024-09-04 18:35:43,571  root       handle_response DEBUG    Processing: '<writeln>A6</writeln>'
2024-09-04 18:35:43,572  root       handle_response DEBUG    Write: 'A6\r\r>'
2024-09-04 18:35:43,574  root       run        DEBUG    Received '0100'
2024-09-04 18:35:43,574  root       handle_request DEBUG    Handling: '0100', header '7E0', ECU '7E0'
2024-09-04 18:35:43,575  root       handle_request DEBUG    Description: PIDS_A, PID ELM_PIDS_A (0100)
2024-09-04 18:35:43,575  root       handle_response DEBUG    Processing: '<header>7EA</header><size>06</size><data>41 00 98 3A 80 13</data><pos_answer>BE 3F A8 13</pos_answer>'
2024-09-04 18:35:43,576  root       handle_response DEBUG    Write: '7EA 06 41 00 98 3A 80 13 \r7E8 06 41 00 BE 3F A8 13 \r\r>'
2024-09-04 18:35:43,578  root       run        DEBUG    Received '0120'
2024-09-04 18:35:43,578  root       handle_request DEBUG    Handling: '0120', header '7E0', ECU '7E0'
2024-09-04 18:35:43,579  root       handle_request DEBUG    Description: PIDS_B, PID ELM_PIDS_B (0120)
2024-09-04 18:35:43,579  root       handle_response DEBUG    Processing: '<header>7EA</header><size>06</size><data>41 20 80 01 A0 01</data><pos_answer>90 15 B0 15</pos_answer>'
2024-09-04 18:35:43,580  root       handle_response DEBUG    Write: '7EA 06 41 20 80 01 A0 01 \r7E8 06 41 20 90 15 B0 15 \r\r>'
2024-09-04 18:35:43,581  root       run        DEBUG    Received '0140'
2024-09-04 18:35:43,582  root       handle_request DEBUG    Handling: '0140', header '7E0', ECU '7E0'
2024-09-04 18:35:43,583  root       handle_request DEBUG    Description: PIDS_C, PID ELM_PIDS_C (0140)
2024-09-04 18:35:43,583  root       handle_response DEBUG    Processing: '<header>7EA</header><size>06</size><data>41 40 44 CC 00 21</data><pos_answer>7A 1C 80 00</pos_answer>'
2024-09-04 18:35:43,584  root       handle_response DEBUG    Write: '7EA 06 41 40 44 CC 00 21 \r7E8 06 41 40 7A 1C 80 00 \r\r>'
2024-09-04 18:35:43,585  root       run        DEBUG    Received '0600'
2024-09-04 18:35:43,586  root       handle_request DEBUG    Handling: '0600', header '7E0', ECU '7E0'
2024-09-04 18:35:43,586  root       handle_request DEBUG    Description: MIDS_A, PID ELM_MIDS_A (0600)
2024-09-04 18:35:43,587  root       handle_response DEBUG    Processing: '<pos_answer>C0 00 00 01</pos_answer>'
2024-09-04 18:35:43,587  root       handle_response DEBUG    Write: '7E8 05 46 C0 00 00 01 \r\r>'
2024-09-04 18:35:43,588  root       run        DEBUG    Received '0900'
2024-09-04 18:35:43,589  root       handle_request DEBUG    Handling: '0900', header '7E0', ECU '7E0'
2024-09-04 18:35:43,590  root       handle_request DEBUG    Description: PIDS_9A, PID ELM_PIDS_9A (0900)
2024-09-04 18:35:43,590  root       handle_response DEBUG    Processing: '<pos_answer>FF FF FF FF</pos_answer>'
2024-09-04 18:35:43,591  root       handle_response DEBUG    Write: '7E8 06 49 00 FF FF FF FF \r\r>'
2024-09-04 18:35:43,594  root       run        DEBUG    Received '03'
2024-09-04 18:35:43,594  root       handle_request DEBUG    Handling: '03', header '7E0', ECU '7E0'
2024-09-04 18:35:43,595  root       handle_request INFO     Unknown request: '03', header=7E0
2024-09-04 18:35:43,596  root       handle_response DEBUG    Processing: '<writeln>NO DATA</writeln>'
2024-09-04 18:35:43,596  root       handle_response DEBUG    Write: 'NO DATA\r\r>'
2024-09-04 18:35:43,848  root       run        DEBUG    repeating previous command: '03'
2024-09-04 18:35:43,849  root       handle_request DEBUG    Handling: '03', header '7E0', ECU '7E0'
2024-09-04 18:35:43,850  root       handle_request INFO     Unknown request: '03', header=7E0
2024-09-04 18:35:43,851  root       handle_response DEBUG    Processing: '<writeln>NO DATA</writeln>'
2024-09-04 18:35:43,851  root       handle_response DEBUG    Write: 'NO DATA\r\r>'
2024-09-04 18:35:44,103  root       run        DEBUG    repeating previous command: '03'
2024-09-04 18:35:44,104  root       handle_request DEBUG    Handling: '03', header '7E0', ECU '7E0'
2024-09-04 18:35:44,105  root       handle_request INFO     Unknown request: '03', header=7E0
2024-09-04 18:35:44,106  root       handle_response DEBUG    Processing: '<writeln>NO DATA</writeln>'
2024-09-04 18:35:44,106  root       handle_response DEBUG    Write: 'NO DATA\r\r>'
2024-09-04 18:35:44,358  root       run        DEBUG    repeating previous command: '03'
2024-09-04 18:35:44,359  root       handle_request DEBUG    Handling: '03', header '7E0', ECU '7E0'
2024-09-04 18:35:44,360  root       handle_request INFO     Unknown request: '03', header=7E0
2024-09-04 18:35:44,360  root       handle_response DEBUG    Processing: '<writeln>NO DATA</writeln>'
2024-09-04 18:35:44,361  root       handle_response DEBUG    Write: 'NO DATA\r\r>'
2024-09-04 18:35:44,612  root       run        DEBUG    repeating previous command: '03'
2024-09-04 18:35:44,613  root       handle_request DEBUG    Handling: '03', header '7E0', ECU '7E0'
2024-09-04 18:35:44,614  root       handle_request INFO     Unknown request: '03', header=7E0
2024-09-04 18:35:44,615  root       handle_response DEBUG    Processing: '<writeln>NO DATA</writeln>'
2024-09-04 18:35:44,615  root       handle_response DEBUG    Write: 'NO DATA\r\r>'
2024-09-04 18:35:44,867  root       run        DEBUG    repeating previous command: '03'
2024-09-04 18:35:44,867  root       handle_request DEBUG    Handling: '03', header '7E0', ECU '7E0'
2024-09-04 18:35:44,869  root       handle_request INFO     Unknown request: '03', header=7E0
2024-09-04 18:35:44,869  root       handle_response DEBUG    Processing: '<writeln>NO DATA</writeln>'
2024-09-04 18:35:44,870  root       handle_response DEBUG    Write: 'NO DATA\r\r>'
2024-09-04 18:35:45,122  root       run        DEBUG    repeating previous command: '03'
2024-09-04 18:35:45,123  root       handle_request DEBUG    Handling: '03', header '7E0', ECU '7E0'
2024-09-04 18:35:45,124  root       handle_request INFO     Unknown request: '03', header=7E0
2024-09-04 18:35:45,124  root       handle_response DEBUG    Processing: '<writeln>NO DATA</writeln>'
2024-09-04 18:35:45,125  root       handle_response DEBUG    Write: 'NO DATA\r\r>'
2024-09-04 18:35:45,377  root       run        DEBUG    repeating previous command: '03'
2024-09-04 18:35:45,377  root       handle_request DEBUG    Handling: '03', header '7E0', ECU '7E0'
2024-09-04 18:35:45,378  root       handle_request INFO     Unknown request: '03', header=7E0
2024-09-04 18:35:45,379  root       handle_response DEBUG    Processing: '<writeln>NO DATA</writeln>'
2024-09-04 18:35:45,379  root       handle_response DEBUG    Write: 'NO DATA\r\r>'
2024-09-04 18:35:45,631  root       run        DEBUG    repeating previous command: '03'
2024-09-04 18:35:45,632  root       handle_request DEBUG    Handling: '03', header '7E0', ECU '7E0'
2024-09-04 18:35:45,633  root       handle_request INFO     Unknown request: '03', header=7E0
2024-09-04 18:35:45,633  root       handle_response DEBUG    Processing: '<writeln>NO DATA</writeln>'
2024-09-04 18:35:45,634  root       handle_response DEBUG    Write: 'NO DATA\r\r>'
2024-09-04 18:35:45,885  root       run        DEBUG    repeating previous command: '03'
2024-09-04 18:35:45,886  root       handle_request DEBUG    Handling: '03', header '7E0', ECU '7E0'
2024-09-04 18:35:45,887  root       handle_request INFO     Unknown request: '03', header=7E0
2024-09-04 18:35:45,888  root       handle_response DEBUG    Processing: '<writeln>NO DATA</writeln>'
2024-09-04 18:35:45,888  root       handle_response DEBUG    Write: 'NO DATA\r\r>'
2024-09-04 18:35:46,140  root       run        DEBUG    repeating previous command: '03'
2024-09-04 18:35:46,140  root       handle_request DEBUG    Handling: '03', header '7E0', ECU '7E0'
2024-09-04 18:35:46,142  root       handle_request INFO     Unknown request: '03', header=7E0
2024-09-04 18:35:46,142  root       handle_response DEBUG    Processing: '<writeln>NO DATA</writeln>'
2024-09-04 18:35:46,143  root       handle_response DEBUG    Write: 'NO DATA\r\r>'
2024-09-04 18:35:46,394  root       run        DEBUG    repeating previous command: '03'
2024-09-04 18:35:46,395  root       handle_request DEBUG    Handling: '03', header '7E0', ECU '7E0'
2024-09-04 18:35:46,396  root       handle_request INFO     Unknown request: '03', header=7E0
2024-09-04 18:35:46,396  root       handle_response DEBUG    Processing: '<writeln>NO DATA</writeln>'
2024-09-04 18:35:46,397  root       handle_response DEBUG    Write: 'NO DATA\r\r>'
2024-09-04 18:36:37,378  root       run        DEBUG    Received 'ATZ'
2024-09-04 18:36:37,378  root       handle_request DEBUG    Handling: 'ATZ', header '7E0', ECU '7E0'
2024-09-04 18:36:37,378  root       handle_request DEBUG    Description: AT RESET, PID AT_RESET (ATZ)
2024-09-04 18:36:37,378  root       reset      DEBUG    Resetting counters and sleeping for 0.5 seconds
2024-09-04 18:36:37,879  root       <module>   DEBUG    Reset and sleep 0.5 seconds
2024-09-04 18:36:37,879  root       handle_response DEBUG    Processing: '<writeln></writeln><writeln></writeln><writeln>ELM327 v1.5</writeln>'
2024-09-04 18:36:37,880  root       handle_response DEBUG    Write: '\r\rELM327 v1.5\r\r>'
2024-09-04 18:36:38,379  root       run        DEBUG    Received 'ATE0'
2024-09-04 18:36:38,380  root       handle_request DEBUG    Handling: 'ATE0', header '7E0', ECU '7E0'
2024-09-04 18:36:38,380  root       handle_request DEBUG    Description: AT ECHO, PID AT_ECHO (ATE0)
2024-09-04 18:36:38,381  root       <module>   DEBUG    set ECHO ON/OFF : False
2024-09-04 18:36:38,381  root       handle_response DEBUG    Processing: '<writeln>OK</writeln>'
2024-09-04 18:36:38,382  root       handle_response DEBUG    Write: 'OK\r\r>'
2024-09-04 18:36:38,383  root       run        DEBUG    Received 'ATH1'
2024-09-04 18:36:38,383  root       handle_request DEBUG    Handling: 'ATH1', header '7E0', ECU '7E0'
2024-09-04 18:36:38,384  root       handle_request DEBUG    Description: AT HEADERS, PID AT_USE_HEADERS (ATH1)
2024-09-04 18:36:38,385  root       <module>   DEBUG    set HEADERS ON/OFF : True
2024-09-04 18:36:38,385  root       handle_response DEBUG    Processing: '<writeln>OK</writeln>'
2024-09-04 18:36:38,386  root       handle_response DEBUG    Write: 'OK\r\r>'
2024-09-04 18:36:38,387  root       run        DEBUG    Received 'ATL0'
2024-09-04 18:36:38,387  root       handle_request DEBUG    Handling: 'ATL0', header '7E0', ECU '7E0'
2024-09-04 18:36:38,388  root       handle_request DEBUG    Description: AT LINEFEEDS, PID AT_LINEFEEDS (ATL0)
2024-09-04 18:36:38,389  root       <module>   DEBUG    set LINEFEEDS ON/OFF : False
2024-09-04 18:36:38,389  root       handle_response DEBUG    Processing: '<writeln>OK</writeln>'
2024-09-04 18:36:38,389  root       handle_response DEBUG    Write: 'OK\r\r>'
2024-09-04 18:36:38,390  root       run        DEBUG    Received 'AT RV'
2024-09-04 18:36:38,391  root       handle_request DEBUG    Handling: 'ATRV', header '7E0', ECU '7E0'
2024-09-04 18:36:38,392  root       handle_request DEBUG    Description: AT read volt, PID AT_R_VOLT (ATRV)
2024-09-04 18:36:38,392  root       <module>   DEBUG    Volt = 13.1
2024-09-04 18:36:38,393  root       handle_response DEBUG    Processing: '<string>13.1</string><writeln>V</writeln>'
2024-09-04 18:36:38,393  root       handle_response DEBUG    Write: '13.1V\r\r>'
2024-09-04 18:36:38,394  root       run        DEBUG    Received 'ATSP0'
2024-09-04 18:36:38,395  root       handle_request DEBUG    Handling: 'ATSP0', header '7E0', ECU '7E0'
2024-09-04 18:36:38,395  root       handle_request DEBUG    Description: AT PROTO, PID AT_PROTO (ATSP0)
2024-09-04 18:36:38,396  root       <module>   DEBUG    set PROTO 0
2024-09-04 18:36:38,396  root       handle_response DEBUG    Processing: '<writeln>OK</writeln>'
2024-09-04 18:36:38,397  root       handle_response DEBUG    Write: 'OK\r\r>'
2024-09-04 18:36:39,395  root       run        DEBUG    Received '0100'
2024-09-04 18:36:39,395  root       handle_request DEBUG    Handling: '0100', header '7E0', ECU '7E0'
2024-09-04 18:36:39,396  root       handle_request DEBUG    UDS P3 timer expired: running stop() method for ECU task "Default ECU Task module", ECU="7E0".
2024-09-04 18:36:39,396  root       handle_request DEBUG    Description: PIDS_A, PID ELM_PIDS_A (0100)
2024-09-04 18:36:39,396  root       handle_response DEBUG    Processing: '<string>SEARCHING...</string><exec>time.sleep(3)</exec><writeln></writeln><header>7EA</header><size>06</size><data>41 00 98 3A 80 13</data><pos_answer>BE 3F A8 13</pos_answer>'
2024-09-04 18:36:39,397  root       handle_response DEBUG    Write: 'SEARCHING...'
2024-09-04 18:36:42,398  root       handle_response DEBUG    Evaluated command: time.sleep(3) -> None
2024-09-04 18:36:42,399  root       handle_response DEBUG    Write: '\r7EA 06 41 00 98 3A 80 13 \r7E8 06 41 00 BE 3F A8 13 \r\r>'
2024-09-04 18:36:42,400  root       run        DEBUG    Received 'ATDPN'
2024-09-04 18:36:42,401  root       handle_request DEBUG    Handling: 'ATDPN', header '7E0', ECU '7E0'
2024-09-04 18:36:42,402  root       handle_request DEBUG    Description: AT Display Protocol Number, PID AT_DESCRIBE_PROTO_N (ATDPN)
2024-09-04 18:36:42,902  root       handle_response DEBUG    Processing: '<writeln>A6</writeln>'
2024-09-04 18:36:42,903  root       handle_response DEBUG    Write: 'A6\r\r>'
2024-09-04 18:36:42,905  root       run        DEBUG    Received '0100'
2024-09-04 18:36:42,906  root       handle_request DEBUG    Handling: '0100', header '7E0', ECU '7E0'
2024-09-04 18:36:42,906  root       handle_request DEBUG    Description: PIDS_A, PID ELM_PIDS_A (0100)
2024-09-04 18:36:42,907  root       handle_response DEBUG    Processing: '<header>7EA</header><size>06</size><data>41 00 98 3A 80 13</data><pos_answer>BE 3F A8 13</pos_answer>'
2024-09-04 18:36:42,907  root       handle_response DEBUG    Write: '7EA 06 41 00 98 3A 80 13 \r7E8 06 41 00 BE 3F A8 13 \r\r>'
2024-09-04 18:36:42,909  root       run        DEBUG    Received '0120'
2024-09-04 18:36:42,910  root       handle_request DEBUG    Handling: '0120', header '7E0', ECU '7E0'
2024-09-04 18:36:42,911  root       handle_request DEBUG    Description: PIDS_B, PID ELM_PIDS_B (0120)
2024-09-04 18:36:42,911  root       handle_response DEBUG    Processing: '<header>7EA</header><size>06</size><data>41 20 80 01 A0 01</data><pos_answer>90 15 B0 15</pos_answer>'
2024-09-04 18:36:42,911  root       handle_response DEBUG    Write: '7EA 06 41 20 80 01 A0 01 \r7E8 06 41 20 90 15 B0 15 \r\r>'
2024-09-04 18:36:42,913  root       run        DEBUG    Received '0140'
2024-09-04 18:36:42,913  root       handle_request DEBUG    Handling: '0140', header '7E0', ECU '7E0'
2024-09-04 18:36:42,914  root       handle_request DEBUG    Description: PIDS_C, PID ELM_PIDS_C (0140)
2024-09-04 18:36:42,914  root       handle_response DEBUG    Processing: '<header>7EA</header><size>06</size><data>41 40 44 CC 00 21</data><pos_answer>7A 1C 80 00</pos_answer>'
2024-09-04 18:36:42,915  root       handle_response DEBUG    Write: '7EA 06 41 40 44 CC 00 21 \r7E8 06 41 40 7A 1C 80 00 \r\r>'
2024-09-04 18:36:42,916  root       run        DEBUG    Received '0600'
2024-09-04 18:36:42,917  root       handle_request DEBUG    Handling: '0600', header '7E0', ECU '7E0'
2024-09-04 18:36:42,917  root       handle_request DEBUG    Description: MIDS_A, PID ELM_MIDS_A (0600)
2024-09-04 18:36:42,918  root       handle_response DEBUG    Processing: '<pos_answer>C0 00 00 01</pos_answer>'
2024-09-04 18:36:42,918  root       handle_response DEBUG    Write: '7E8 05 46 C0 00 00 01 \r\r>'
2024-09-04 18:36:42,919  root       run        DEBUG    Received '0900'
2024-09-04 18:36:42,920  root       handle_request DEBUG    Handling: '0900', header '7E0', ECU '7E0'
2024-09-04 18:36:42,920  root       handle_request DEBUG    Description: PIDS_9A, PID ELM_PIDS_9A (0900)
2024-09-04 18:36:42,921  root       handle_response DEBUG    Processing: '<pos_answer>FF FF FF FF</pos_answer>'
2024-09-04 18:36:42,921  root       handle_response DEBUG    Write: '7E8 06 49 00 FF FF FF FF \r\r>'
2024-09-04 18:37:06,195  root       run        DEBUG    Received 'ATZ'
2024-09-04 18:37:06,195  root       handle_request DEBUG    Handling: 'ATZ', header '7E0', ECU '7E0'
2024-09-04 18:37:06,195  root       handle_request DEBUG    Description: AT RESET, PID AT_RESET (ATZ)
2024-09-04 18:37:06,195  root       reset      DEBUG    Resetting counters and sleeping for 0.5 seconds
2024-09-04 18:37:06,696  root       <module>   DEBUG    Reset and sleep 0.5 seconds
2024-09-04 18:37:06,696  root       handle_response DEBUG    Processing: '<writeln></writeln><writeln></writeln><writeln>ELM327 v1.5</writeln>'
2024-09-04 18:37:06,696  root       handle_response DEBUG    Write: '\r\rELM327 v1.5\r\r>'
2024-09-04 18:37:07,196  root       run        DEBUG    Received 'ATE0'
2024-09-04 18:37:07,196  root       handle_request DEBUG    Handling: 'ATE0', header '7E0', ECU '7E0'
2024-09-04 18:37:07,197  root       handle_request DEBUG    Description: AT ECHO, PID AT_ECHO (ATE0)
2024-09-04 18:37:07,198  root       <module>   DEBUG    set ECHO ON/OFF : False
2024-09-04 18:37:07,198  root       handle_response DEBUG    Processing: '<writeln>OK</writeln>'
2024-09-04 18:37:07,199  root       handle_response DEBUG    Write: 'OK\r\r>'
2024-09-04 18:37:07,200  root       run        DEBUG    Received 'ATH1'
2024-09-04 18:37:07,200  root       handle_request DEBUG    Handling: 'ATH1', header '7E0', ECU '7E0'
2024-09-04 18:37:07,201  root       handle_request DEBUG    Description: AT HEADERS, PID AT_USE_HEADERS (ATH1)
2024-09-04 18:37:07,202  root       <module>   DEBUG    set HEADERS ON/OFF : True
2024-09-04 18:37:07,202  root       handle_response DEBUG    Processing: '<writeln>OK</writeln>'
2024-09-04 18:37:07,202  root       handle_response DEBUG    Write: 'OK\r\r>'
2024-09-04 18:37:07,203  root       run        DEBUG    Received 'ATL0'
2024-09-04 18:37:07,204  root       handle_request DEBUG    Handling: 'ATL0', header '7E0', ECU '7E0'
2024-09-04 18:37:07,205  root       handle_request DEBUG    Description: AT LINEFEEDS, PID AT_LINEFEEDS (ATL0)
2024-09-04 18:37:07,205  root       <module>   DEBUG    set LINEFEEDS ON/OFF : False
2024-09-04 18:37:07,206  root       handle_response DEBUG    Processing: '<writeln>OK</writeln>'
2024-09-04 18:37:07,206  root       handle_response DEBUG    Write: 'OK\r\r>'
2024-09-04 18:37:07,207  root       run        DEBUG    Received 'AT RV'
2024-09-04 18:37:07,207  root       handle_request DEBUG    Handling: 'ATRV', header '7E0', ECU '7E0'
2024-09-04 18:37:07,208  root       handle_request DEBUG    Description: AT read volt, PID AT_R_VOLT (ATRV)
2024-09-04 18:37:07,209  root       <module>   DEBUG    Volt = 13.0
2024-09-04 18:37:07,209  root       handle_response DEBUG    Processing: '<string>13.0</string><writeln>V</writeln>'
2024-09-04 18:37:07,210  root       handle_response DEBUG    Write: '13.0V\r\r>'
2024-09-04 18:37:07,211  root       run        DEBUG    Received 'ATSP0'
2024-09-04 18:37:07,211  root       handle_request DEBUG    Handling: 'ATSP0', header '7E0', ECU '7E0'
2024-09-04 18:37:07,212  root       handle_request DEBUG    Description: AT PROTO, PID AT_PROTO (ATSP0)
2024-09-04 18:37:07,213  root       <module>   DEBUG    set PROTO 0
2024-09-04 18:37:07,213  root       handle_response DEBUG    Processing: '<writeln>OK</writeln>'
2024-09-04 18:37:07,213  root       handle_response DEBUG    Write: 'OK\r\r>'
2024-09-04 18:37:08,211  root       run        DEBUG    Received '0100'
2024-09-04 18:37:08,212  root       handle_request DEBUG    Handling: '0100', header '7E0', ECU '7E0'
2024-09-04 18:37:08,212  root       handle_request DEBUG    UDS P3 timer expired: running stop() method for ECU task "Default ECU Task module", ECU="7E0".
2024-09-04 18:37:08,213  root       handle_request DEBUG    Description: PIDS_A, PID ELM_PIDS_A (0100)
2024-09-04 18:37:08,213  root       handle_response DEBUG    Processing: '<string>SEARCHING...</string><exec>time.sleep(3)</exec><writeln></writeln><header>7EA</header><size>06</size><data>41 00 98 3A 80 13</data><pos_answer>BE 3F A8 13</pos_answer>'
2024-09-04 18:37:08,213  root       handle_response DEBUG    Write: 'SEARCHING...'
2024-09-04 18:37:11,214  root       handle_response DEBUG    Evaluated command: time.sleep(3) -> None
2024-09-04 18:37:11,215  root       handle_response DEBUG    Write: '\r7EA 06 41 00 98 3A 80 13 \r7E8 06 41 00 BE 3F A8 13 \r\r>'
2024-09-04 18:37:11,216  root       run        DEBUG    Received 'ATDPN'
2024-09-04 18:37:11,217  root       handle_request DEBUG    Handling: 'ATDPN', header '7E0', ECU '7E0'
2024-09-04 18:37:11,218  root       handle_request DEBUG    Description: AT Display Protocol Number, PID AT_DESCRIBE_PROTO_N (ATDPN)
2024-09-04 18:37:11,719  root       handle_response DEBUG    Processing: '<writeln>A6</writeln>'
2024-09-04 18:37:11,719  root       handle_response DEBUG    Write: 'A6\r\r>'
2024-09-04 18:37:11,720  root       run        DEBUG    Received '0100'
2024-09-04 18:37:11,720  root       handle_request DEBUG    Handling: '0100', header '7E0', ECU '7E0'
2024-09-04 18:37:11,720  root       handle_request DEBUG    Description: PIDS_A, PID ELM_PIDS_A (0100)
2024-09-04 18:37:11,720  root       handle_response DEBUG    Processing: '<header>7EA</header><size>06</size><data>41 00 98 3A 80 13</data><pos_answer>BE 3F A8 13</pos_answer>'
2024-09-04 18:37:11,720  root       handle_response DEBUG    Write: '7EA 06 41 00 98 3A 80 13 \r7E8 06 41 00 BE 3F A8 13 \r\r>'
2024-09-04 18:37:11,721  root       run        DEBUG    Received '0120'
2024-09-04 18:37:11,721  root       handle_request DEBUG    Handling: '0120', header '7E0', ECU '7E0'
2024-09-04 18:37:11,721  root       handle_request DEBUG    Description: PIDS_B, PID ELM_PIDS_B (0120)
2024-09-04 18:37:11,721  root       handle_response DEBUG    Processing: '<header>7EA</header><size>06</size><data>41 20 80 01 A0 01</data><pos_answer>90 15 B0 15</pos_answer>'
2024-09-04 18:37:11,721  root       handle_response DEBUG    Write: '7EA 06 41 20 80 01 A0 01 \r7E8 06 41 20 90 15 B0 15 \r\r>'
2024-09-04 18:37:11,722  root       run        DEBUG    Received '0140'
2024-09-04 18:37:11,722  root       handle_request DEBUG    Handling: '0140', header '7E0', ECU '7E0'
2024-09-04 18:37:11,722  root       handle_request DEBUG    Description: PIDS_C, PID ELM_PIDS_C (0140)
2024-09-04 18:37:11,722  root       handle_response DEBUG    Processing: '<header>7EA</header><size>06</size><data>41 40 44 CC 00 21</data><pos_answer>7A 1C 80 00</pos_answer>'
2024-09-04 18:37:11,723  root       handle_response DEBUG    Write: '7EA 06 41 40 44 CC 00 21 \r7E8 06 41 40 7A 1C 80 00 \r\r>'
2024-09-04 18:37:11,723  root       run        DEBUG    Received '0600'
2024-09-04 18:37:11,723  root       handle_request DEBUG    Handling: '0600', header '7E0', ECU '7E0'
2024-09-04 18:37:11,723  root       handle_request DEBUG    Description: MIDS_A, PID ELM_MIDS_A (0600)
2024-09-04 18:37:11,724  root       handle_response DEBUG    Processing: '<pos_answer>C0 00 00 01</pos_answer>'
2024-09-04 18:37:11,724  root       handle_response DEBUG    Write: '7E8 05 46 C0 00 00 01 \r\r>'
2024-09-04 18:37:11,724  root       run        DEBUG    Received '0900'
2024-09-04 18:37:11,724  root       handle_request DEBUG    Handling: '0900', header '7E0', ECU '7E0'
2024-09-04 18:37:11,725  root       handle_request DEBUG    Description: PIDS_9A, PID ELM_PIDS_9A (0900)
2024-09-04 18:37:11,725  root       handle_response DEBUG    Processing: '<pos_answer>FF FF FF FF</pos_answer>'
2024-09-04 18:37:11,725  root       handle_response DEBUG    Write: '7E8 06 49 00 FF FF FF FF \r\r>'
2024-09-04 18:37:36,010  root       run        DEBUG    Received 'ATZ'
2024-09-04 18:37:36,010  root       handle_request DEBUG    Handling: 'ATZ', header '7E0', ECU '7E0'
2024-09-04 18:37:36,010  root       handle_request DEBUG    Description: AT RESET, PID AT_RESET (ATZ)
2024-09-04 18:37:36,011  root       reset      DEBUG    Resetting counters and sleeping for 0.5 seconds
2024-09-04 18:37:36,511  root       <module>   DEBUG    Reset and sleep 0.5 seconds
2024-09-04 18:37:36,512  root       handle_response DEBUG    Processing: '<writeln></writeln><writeln></writeln><writeln>ELM327 v1.5</writeln>'
2024-09-04 18:37:36,512  root       handle_response DEBUG    Write: '\r\rELM327 v1.5\r\r>'
2024-09-04 18:37:37,011  root       run        DEBUG    Received 'ATE0'
2024-09-04 18:37:37,012  root       handle_request DEBUG    Handling: 'ATE0', header '7E0', ECU '7E0'
2024-09-04 18:37:37,013  root       handle_request DEBUG    Description: AT ECHO, PID AT_ECHO (ATE0)
2024-09-04 18:37:37,014  root       <module>   DEBUG    set ECHO ON/OFF : False
2024-09-04 18:37:37,014  root       handle_response DEBUG    Processing: '<writeln>OK</writeln>'
2024-09-04 18:37:37,014  root       handle_response DEBUG    Write: 'OK\r\r>'
2024-09-04 18:37:37,015  root       run        DEBUG    Received 'ATH1'
2024-09-04 18:37:37,016  root       handle_request DEBUG    Handling: 'ATH1', header '7E0', ECU '7E0'
2024-09-04 18:37:37,017  root       handle_request DEBUG    Description: AT HEADERS, PID AT_USE_HEADERS (ATH1)
2024-09-04 18:37:37,017  root       <module>   DEBUG    set HEADERS ON/OFF : True
2024-09-04 18:37:37,018  root       handle_response DEBUG    Processing: '<writeln>OK</writeln>'
2024-09-04 18:37:37,018  root       handle_response DEBUG    Write: 'OK\r\r>'
2024-09-04 18:37:37,019  root       run        DEBUG    Received 'ATL0'
2024-09-04 18:37:37,020  root       handle_request DEBUG    Handling: 'ATL0', header '7E0', ECU '7E0'
2024-09-04 18:37:37,020  root       handle_request DEBUG    Description: AT LINEFEEDS, PID AT_LINEFEEDS (ATL0)
2024-09-04 18:37:37,021  root       <module>   DEBUG    set LINEFEEDS ON/OFF : False
2024-09-04 18:37:37,021  root       handle_response DEBUG    Processing: '<writeln>OK</writeln>'
2024-09-04 18:37:37,022  root       handle_response DEBUG    Write: 'OK\r\r>'
2024-09-04 18:37:37,023  root       run        DEBUG    Received 'AT RV'
2024-09-04 18:37:37,023  root       handle_request DEBUG    Handling: 'ATRV', header '7E0', ECU '7E0'
2024-09-04 18:37:37,024  root       handle_request DEBUG    Description: AT read volt, PID AT_R_VOLT (ATRV)
2024-09-04 18:37:37,025  root       <module>   DEBUG    Volt = 13.1
2024-09-04 18:37:37,025  root       handle_response DEBUG    Processing: '<string>13.1</string><writeln>V</writeln>'
2024-09-04 18:37:37,026  root       handle_response DEBUG    Write: '13.1V\r\r>'
2024-09-04 18:37:37,027  root       run        DEBUG    Received 'ATSP0'
2024-09-04 18:37:37,027  root       handle_request DEBUG    Handling: 'ATSP0', header '7E0', ECU '7E0'
2024-09-04 18:37:37,028  root       handle_request DEBUG    Description: AT PROTO, PID AT_PROTO (ATSP0)
2024-09-04 18:37:37,029  root       <module>   DEBUG    set PROTO 0
2024-09-04 18:37:37,029  root       handle_response DEBUG    Processing: '<writeln>OK</writeln>'
2024-09-04 18:37:37,029  root       handle_response DEBUG    Write: 'OK\r\r>'
2024-09-04 18:37:38,027  root       run        DEBUG    Received '0100'
2024-09-04 18:37:38,028  root       handle_request DEBUG    Handling: '0100', header '7E0', ECU '7E0'
2024-09-04 18:37:38,028  root       handle_request DEBUG    UDS P3 timer expired: running stop() method for ECU task "Default ECU Task module", ECU="7E0".
2024-09-04 18:37:38,029  root       handle_request DEBUG    Description: PIDS_A, PID ELM_PIDS_A (0100)
2024-09-04 18:37:38,029  root       handle_response DEBUG    Processing: '<string>SEARCHING...</string><exec>time.sleep(3)</exec><writeln></writeln><header>7EA</header><size>06</size><data>41 00 98 3A 80 13</data><pos_answer>BE 3F A8 13</pos_answer>'
2024-09-04 18:37:38,030  root       handle_response DEBUG    Write: 'SEARCHING...'
2024-09-04 18:37:41,030  root       handle_response DEBUG    Evaluated command: time.sleep(3) -> None
2024-09-04 18:37:41,031  root       handle_response DEBUG    Write: '\r7EA 06 41 00 98 3A 80 13 \r7E8 06 41 00 BE 3F A8 13 \r\r>'
2024-09-04 18:37:41,033  root       run        DEBUG    Received 'ATDPN'
2024-09-04 18:37:41,033  root       handle_request DEBUG    Handling: 'ATDPN', header '7E0', ECU '7E0'
2024-09-04 18:37:41,034  root       handle_request DEBUG    Description: AT Display Protocol Number, PID AT_DESCRIBE_PROTO_N (ATDPN)
2024-09-04 18:37:41,535  root       handle_response DEBUG    Processing: '<writeln>A6</writeln>'
2024-09-04 18:37:41,536  root       handle_response DEBUG    Write: 'A6\r\r>'
2024-09-04 18:37:41,538  root       run        DEBUG    Received '0100'
2024-09-04 18:37:41,538  root       handle_request DEBUG    Handling: '0100', header '7E0', ECU '7E0'
2024-09-04 18:37:41,539  root       handle_request DEBUG    Description: PIDS_A, PID ELM_PIDS_A (0100)
2024-09-04 18:37:41,539  root       handle_response DEBUG    Processing: '<header>7EA</header><size>06</size><data>41 00 98 3A 80 13</data><pos_answer>BE 3F A8 13</pos_answer>'
2024-09-04 18:37:41,540  root       handle_response DEBUG    Write: '7EA 06 41 00 98 3A 80 13 \r7E8 06 41 00 BE 3F A8 13 \r\r>'
2024-09-04 18:37:41,542  root       run        DEBUG    Received '0120'
2024-09-04 18:37:41,542  root       handle_request DEBUG    Handling: '0120', header '7E0', ECU '7E0'
2024-09-04 18:37:41,543  root       handle_request DEBUG    Description: PIDS_B, PID ELM_PIDS_B (0120)
2024-09-04 18:37:41,543  root       handle_response DEBUG    Processing: '<header>7EA</header><size>06</size><data>41 20 80 01 A0 01</data><pos_answer>90 15 B0 15</pos_answer>'
2024-09-04 18:37:41,543  root       handle_response DEBUG    Write: '7EA 06 41 20 80 01 A0 01 \r7E8 06 41 20 90 15 B0 15 \r\r>'
2024-09-04 18:37:41,545  root       run        DEBUG    Received '0140'
2024-09-04 18:37:41,545  root       handle_request DEBUG    Handling: '0140', header '7E0', ECU '7E0'
2024-09-04 18:37:41,546  root       handle_request DEBUG    Description: PIDS_C, PID ELM_PIDS_C (0140)
2024-09-04 18:37:41,546  root       handle_response DEBUG    Processing: '<header>7EA</header><size>06</size><data>41 40 44 CC 00 21</data><pos_answer>7A 1C 80 00</pos_answer>'
2024-09-04 18:37:41,547  root       handle_response DEBUG    Write: '7EA 06 41 40 44 CC 00 21 \r7E8 06 41 40 7A 1C 80 00 \r\r>'
2024-09-04 18:37:41,548  root       run        DEBUG    Received '0600'
2024-09-04 18:37:41,549  root       handle_request DEBUG    Handling: '0600', header '7E0', ECU '7E0'
2024-09-04 18:37:41,549  root       handle_request DEBUG    Description: MIDS_A, PID ELM_MIDS_A (0600)
2024-09-04 18:37:41,549  root       handle_response DEBUG    Processing: '<pos_answer>C0 00 00 01</pos_answer>'
2024-09-04 18:37:41,550  root       handle_response DEBUG    Write: '7E8 05 46 C0 00 00 01 \r\r>'
2024-09-04 18:37:41,551  root       run        DEBUG    Received '0900'
2024-09-04 18:37:41,551  root       handle_request DEBUG    Handling: '0900', header '7E0', ECU '7E0'
2024-09-04 18:37:41,552  root       handle_request DEBUG    Description: PIDS_9A, PID ELM_PIDS_9A (0900)
2024-09-04 18:37:41,552  root       handle_response DEBUG    Processing: '<pos_answer>FF FF FF FF</pos_answer>'
2024-09-04 18:37:41,553  root       handle_response DEBUG    Write: '7E8 06 49 00 FF FF FF FF \r\r>'
2024-09-04 18:38:14,884  root       run        DEBUG    Received 'ATZ'
2024-09-04 18:38:14,884  root       handle_request DEBUG    Handling: 'ATZ', header '7E0', ECU '7E0'
2024-09-04 18:38:14,884  root       handle_request DEBUG    Description: AT RESET, PID AT_RESET (ATZ)
2024-09-04 18:38:14,884  root       reset      DEBUG    Resetting counters and sleeping for 0.5 seconds
2024-09-04 18:38:15,385  root       <module>   DEBUG    Reset and sleep 0.5 seconds
2024-09-04 18:38:15,386  root       handle_response DEBUG    Processing: '<writeln></writeln><writeln></writeln><writeln>ELM327 v1.5</writeln>'
2024-09-04 18:38:15,386  root       handle_response DEBUG    Write: '\r\rELM327 v1.5\r\r>'
2024-09-04 18:38:15,885  root       run        DEBUG    Received 'ATE0'
2024-09-04 18:38:15,886  root       handle_request DEBUG    Handling: 'ATE0', header '7E0', ECU '7E0'
2024-09-04 18:38:15,887  root       handle_request DEBUG    Description: AT ECHO, PID AT_ECHO (ATE0)
2024-09-04 18:38:15,887  root       <module>   DEBUG    set ECHO ON/OFF : False
2024-09-04 18:38:15,888  root       handle_response DEBUG    Processing: '<writeln>OK</writeln>'
2024-09-04 18:38:15,888  root       handle_response DEBUG    Write: 'OK\r\r>'
2024-09-04 18:38:15,889  root       run        DEBUG    Received 'ATH1'
2024-09-04 18:38:15,890  root       handle_request DEBUG    Handling: 'ATH1', header '7E0', ECU '7E0'
2024-09-04 18:38:15,890  root       handle_request DEBUG    Description: AT HEADERS, PID AT_USE_HEADERS (ATH1)
2024-09-04 18:38:15,891  root       <module>   DEBUG    set HEADERS ON/OFF : True
2024-09-04 18:38:15,891  root       handle_response DEBUG    Processing: '<writeln>OK</writeln>'
2024-09-04 18:38:15,892  root       handle_response DEBUG    Write: 'OK\r\r>'
2024-09-04 18:38:15,893  root       run        DEBUG    Received 'ATL0'
2024-09-04 18:38:15,893  root       handle_request DEBUG    Handling: 'ATL0', header '7E0', ECU '7E0'
2024-09-04 18:38:15,894  root       handle_request DEBUG    Description: AT LINEFEEDS, PID AT_LINEFEEDS (ATL0)
2024-09-04 18:38:15,895  root       <module>   DEBUG    set LINEFEEDS ON/OFF : False
2024-09-04 18:38:15,895  root       handle_response DEBUG    Processing: '<writeln>OK</writeln>'
2024-09-04 18:38:15,896  root       handle_response DEBUG    Write: 'OK\r\r>'
2024-09-04 18:38:15,896  root       run        DEBUG    Received 'AT RV'
2024-09-04 18:38:15,897  root       handle_request DEBUG    Handling: 'ATRV', header '7E0', ECU '7E0'
2024-09-04 18:38:15,898  root       handle_request DEBUG    Description: AT read volt, PID AT_R_VOLT (ATRV)
2024-09-04 18:38:15,899  root       <module>   DEBUG    Volt = 13.2
2024-09-04 18:38:15,899  root       handle_response DEBUG    Processing: '<string>13.2</string><writeln>V</writeln>'
2024-09-04 18:38:15,899  root       handle_response DEBUG    Write: '13.2V\r\r>'
2024-09-04 18:38:15,900  root       run        DEBUG    Received 'ATSP0'
2024-09-04 18:38:15,901  root       handle_request DEBUG    Handling: 'ATSP0', header '7E0', ECU '7E0'
2024-09-04 18:38:15,902  root       handle_request DEBUG    Description: AT PROTO, PID AT_PROTO (ATSP0)
2024-09-04 18:38:15,903  root       <module>   DEBUG    set PROTO 0
2024-09-04 18:38:15,903  root       handle_response DEBUG    Processing: '<writeln>OK</writeln>'
2024-09-04 18:38:15,903  root       handle_response DEBUG    Write: 'OK\r\r>'
2024-09-04 18:38:16,901  root       run        DEBUG    Received '0100'
2024-09-04 18:38:16,902  root       handle_request DEBUG    Handling: '0100', header '7E0', ECU '7E0'
2024-09-04 18:38:16,902  root       handle_request DEBUG    UDS P3 timer expired: running stop() method for ECU task "Default ECU Task module", ECU="7E0".
2024-09-04 18:38:16,902  root       handle_request DEBUG    Description: PIDS_A, PID ELM_PIDS_A (0100)
2024-09-04 18:38:16,902  root       handle_response DEBUG    Processing: '<string>SEARCHING...</string><exec>time.sleep(3)</exec><writeln></writeln><header>7EA</header><size>06</size><data>41 00 98 3A 80 13</data><pos_answer>BE 3F A8 13</pos_answer>'
2024-09-04 18:38:16,902  root       handle_response DEBUG    Write: 'SEARCHING...'
2024-09-04 18:38:19,903  root       handle_response DEBUG    Evaluated command: time.sleep(3) -> None
2024-09-04 18:38:19,903  root       handle_response DEBUG    Write: '\r7EA 06 41 00 98 3A 80 13 \r7E8 06 41 00 BE 3F A8 13 \r\r>'
2024-09-04 18:38:19,905  root       run        DEBUG    Received 'ATDPN'
2024-09-04 18:38:19,905  root       handle_request DEBUG    Handling: 'ATDPN', header '7E0', ECU '7E0'
2024-09-04 18:38:19,906  root       handle_request DEBUG    Description: AT Display Protocol Number, PID AT_DESCRIBE_PROTO_N (ATDPN)
2024-09-04 18:38:20,407  root       handle_response DEBUG    Processing: '<writeln>A6</writeln>'
2024-09-04 18:38:20,407  root       handle_response DEBUG    Write: 'A6\r\r>'
2024-09-04 18:38:20,409  root       run        DEBUG    Received '0100'
2024-09-04 18:38:20,410  root       handle_request DEBUG    Handling: '0100', header '7E0', ECU '7E0'
2024-09-04 18:38:20,410  root       handle_request DEBUG    Description: PIDS_A, PID ELM_PIDS_A (0100)
2024-09-04 18:38:20,410  root       handle_response DEBUG    Processing: '<header>7EA</header><size>06</size><data>41 00 98 3A 80 13</data><pos_answer>BE 3F A8 13</pos_answer>'
2024-09-04 18:38:20,411  root       handle_response DEBUG    Write: '7EA 06 41 00 98 3A 80 13 \r7E8 06 41 00 BE 3F A8 13 \r\r>'
2024-09-04 18:38:20,413  root       run        DEBUG    Received '0120'
2024-09-04 18:38:20,413  root       handle_request DEBUG    Handling: '0120', header '7E0', ECU '7E0'
2024-09-04 18:38:20,414  root       handle_request DEBUG    Description: PIDS_B, PID ELM_PIDS_B (0120)
2024-09-04 18:38:20,414  root       handle_response DEBUG    Processing: '<header>7EA</header><size>06</size><data>41 20 80 01 A0 01</data><pos_answer>90 15 B0 15</pos_answer>'
2024-09-04 18:38:20,415  root       handle_response DEBUG    Write: '7EA 06 41 20 80 01 A0 01 \r7E8 06 41 20 90 15 B0 15 \r\r>'
2024-09-04 18:38:20,416  root       run        DEBUG    Received '0140'
2024-09-04 18:38:20,416  root       handle_request DEBUG    Handling: '0140', header '7E0', ECU '7E0'
2024-09-04 18:38:20,417  root       handle_request DEBUG    Description: PIDS_C, PID ELM_PIDS_C (0140)
2024-09-04 18:38:20,417  root       handle_response DEBUG    Processing: '<header>7EA</header><size>06</size><data>41 40 44 CC 00 21</data><pos_answer>7A 1C 80 00</pos_answer>'
2024-09-04 18:38:20,418  root       handle_response DEBUG    Write: '7EA 06 41 40 44 CC 00 21 \r7E8 06 41 40 7A 1C 80 00 \r\r>'
2024-09-04 18:38:20,419  root       run        DEBUG    Received '0600'
2024-09-04 18:38:20,420  root       handle_request DEBUG    Handling: '0600', header '7E0', ECU '7E0'
2024-09-04 18:38:20,420  root       handle_request DEBUG    Description: MIDS_A, PID ELM_MIDS_A (0600)
2024-09-04 18:38:20,420  root       handle_response DEBUG    Processing: '<pos_answer>C0 00 00 01</pos_answer>'
2024-09-04 18:38:20,421  root       handle_response DEBUG    Write: '7E8 05 46 C0 00 00 01 \r\r>'
2024-09-04 18:38:20,422  root       run        DEBUG    Received '0900'
2024-09-04 18:38:20,423  root       handle_request DEBUG    Handling: '0900', header '7E0', ECU '7E0'
2024-09-04 18:38:20,424  root       handle_request DEBUG    Description: PIDS_9A, PID ELM_PIDS_9A (0900)
2024-09-04 18:38:20,424  root       handle_response DEBUG    Processing: '<pos_answer>FF FF FF FF</pos_answer>'
2024-09-04 18:38:20,424  root       handle_response DEBUG    Write: '7E8 06 49 00 FF FF FF FF \r\r>'
2024-09-04 18:38:20,432  root       run        DEBUG    Received '010D'
2024-09-04 18:38:20,433  root       handle_request DEBUG    Handling: '010D', header '7E0', ECU '7E0'
2024-09-04 18:38:20,433  root       handle_request DEBUG    Description: Vehicle Speed, PID SPEED (010D)
2024-09-04 18:38:20,433  root       handle_response DEBUG    Processing: '<pos_answer>50</pos_answer> <header>7EA</header><size>03</size><data>41 0D 50</data>'
2024-09-04 18:38:20,434  root       handle_response DEBUG    Write: '7E8 03 41 0D 50 \r7EA 03 41 0D 50 \r\r>'
2024-09-04 18:38:20,441  root       run        DEBUG    Received '0105'
2024-09-04 18:38:20,442  root       handle_request DEBUG    Handling: '0105', header '7E0', ECU '7E0'
2024-09-04 18:38:20,442  root       handle_request DEBUG    Description: Engine Coolant Temperature, PID COOLANT_TEMP (0105)
2024-09-04 18:38:20,442  root       handle_response DEBUG    Processing: '<pos_answer>7B</pos_answer>'
2024-09-04 18:38:20,443  root       handle_response DEBUG    Write: '7E8 03 41 05 7B \r\r>'
2024-09-04 18:38:20,447  root       run        DEBUG    Received '0104'
2024-09-04 18:38:20,447  root       handle_request DEBUG    Handling: '0104', header '7E0', ECU '7E0'
2024-09-04 18:38:20,448  root       handle_request DEBUG    Description: Calculated Engine Load, PID ENGINE_LOAD (0104)
2024-09-04 18:38:20,448  root       handle_response DEBUG    Processing: '<pos_answer>00</pos_answer>'
2024-09-04 18:38:20,449  root       handle_response DEBUG    Write: '7E8 03 41 04 00 \r\r>'
2024-09-04 18:38:20,452  root       run        DEBUG    Received '010E'
2024-09-04 18:38:20,452  root       handle_request DEBUG    Handling: '010E', header '7E0', ECU '7E0'
2024-09-04 18:38:20,453  root       handle_request INFO     Unknown request: '010E', header=7E0
2024-09-04 18:38:20,454  root       handle_response DEBUG    Processing: '<writeln>NO DATA</writeln>'
2024-09-04 18:38:20,454  root       handle_response DEBUG    Write: 'NO DATA\r\r>'
2024-09-04 18:38:20,456  root       run        DEBUG    Received '0110'
2024-09-04 18:38:20,457  root       handle_request DEBUG    Handling: '0110', header '7E0', ECU '7E0'
2024-09-04 18:38:20,457  root       handle_request DEBUG    Description: Air Flow Rate (MAF), PID MAF (0110)
2024-09-04 18:38:20,458  root       handle_response DEBUG    Processing: '<pos_answer>05 1F</pos_answer>'
2024-09-04 18:38:20,458  root       handle_response DEBUG    Write: '7E8 04 41 10 05 1F \r\r>'
2024-09-04 18:38:20,462  root       run        DEBUG    Received '0111'
2024-09-04 18:38:20,463  root       handle_request DEBUG    Handling: '0111', header '7E0', ECU '7E0'
2024-09-04 18:38:20,463  root       handle_request DEBUG    Description: Throttle Position, PID THROTTLE_POS (0111)
2024-09-04 18:38:20,463  root       handle_response DEBUG    Processing: '<pos_answer>FF</pos_answer>'
2024-09-04 18:38:20,464  root       handle_response DEBUG    Write: '7E8 03 41 11 FF \r\r>'
2024-09-04 18:38:20,718  root       run        DEBUG    Received '010D2'
2024-09-04 18:38:20,719  root       handle_request DEBUG    Handling: '010D2', header '7E0', ECU '7E0'
2024-09-04 18:38:20,719  root       handle_request DEBUG    Description: Vehicle Speed, PID SPEED (010D2)
2024-09-04 18:38:20,719  root       handle_response DEBUG    Processing: '<pos_answer>54</pos_answer> <header>7EA</header><size>03</size><data>41 0D 54</data>'
2024-09-04 18:38:20,720  root       handle_response DEBUG    Write: '7E8 03 41 0D 54 \r7EA 03 41 0D 54 \r\r>'
2024-09-04 18:38:20,731  root       run        DEBUG    Received '01051'
2024-09-04 18:38:20,731  root       handle_request DEBUG    Handling: '01051', header '7E0', ECU '7E0'
2024-09-04 18:38:20,732  root       handle_request DEBUG    Description: Engine Coolant Temperature, PID COOLANT_TEMP (01051)
2024-09-04 18:38:20,732  root       handle_response DEBUG    Processing: '<pos_answer>7B</pos_answer>'
2024-09-04 18:38:20,733  root       handle_response DEBUG    Write: '7E8 03 41 05 7B \r\r>'
2024-09-04 18:38:20,735  root       run        DEBUG    Received '01041'
2024-09-04 18:38:20,735  root       handle_request DEBUG    Handling: '01041', header '7E0', ECU '7E0'
2024-09-04 18:38:20,736  root       handle_request DEBUG    Description: Calculated Engine Load, PID ENGINE_LOAD (01041)
2024-09-04 18:38:20,736  root       handle_response DEBUG    Processing: '<pos_answer>00</pos_answer>'
2024-09-04 18:38:20,737  root       handle_response DEBUG    Write: '7E8 03 41 04 00 \r\r>'
2024-09-04 18:38:20,739  root       run        DEBUG    Received '010E1'
2024-09-04 18:38:20,740  root       handle_request DEBUG    Handling: '010E1', header '7E0', ECU '7E0'
2024-09-04 18:38:20,741  root       handle_request INFO     Unknown ELM command: '010E1', header=7E0
2024-09-04 18:38:20,742  root       handle_response DEBUG    Processing: '<writeln>?</writeln>'
2024-09-04 18:38:20,742  root       handle_response DEBUG    Write: '?\r\r>'
2024-09-04 18:38:20,744  root       run        DEBUG    Received '01101'
2024-09-04 18:38:20,745  root       handle_request DEBUG    Handling: '01101', header '7E0', ECU '7E0'
2024-09-04 18:38:20,745  root       handle_request DEBUG    Description: Air Flow Rate (MAF), PID MAF (01101)
2024-09-04 18:38:20,746  root       handle_response DEBUG    Processing: '<pos_answer>05 1F</pos_answer>'
2024-09-04 18:38:20,746  root       handle_response DEBUG    Write: '7E8 04 41 10 05 1F \r\r>'
2024-09-04 18:38:20,749  root       run        DEBUG    Received '01111'
2024-09-04 18:38:20,749  root       handle_request DEBUG    Handling: '01111', header '7E0', ECU '7E0'
2024-09-04 18:38:20,749  root       handle_request DEBUG    Description: Throttle Position, PID THROTTLE_POS (01111)
2024-09-04 18:38:20,750  root       handle_response DEBUG    Processing: '<pos_answer>FF</pos_answer>'
2024-09-04 18:38:20,750  root       handle_response DEBUG    Write: '7E8 03 41 11 FF \r\r>'
2024-09-04 18:38:21,003  root       run        DEBUG    Received '010D2'
2024-09-04 18:38:21,004  root       handle_request DEBUG    Handling: '010D2', header '7E0', ECU '7E0'
2024-09-04 18:38:21,004  root       handle_request DEBUG    Description: Vehicle Speed, PID SPEED (010D2)
2024-09-04 18:38:21,005  root       handle_response DEBUG    Processing: '<pos_answer>58</pos_answer> <header>7EA</header><size>03</size><data>41 0D 58</data>'
2024-09-04 18:38:21,006  root       handle_response DEBUG    Write: '7E8 03 41 0D 58 \r7EA 03 41 0D 58 \r\r>'
2024-09-04 18:38:21,015  root       run        DEBUG    Received '01051'
2024-09-04 18:38:21,015  root       handle_request DEBUG    Handling: '01051', header '7E0', ECU '7E0'
2024-09-04 18:38:21,016  root       handle_request DEBUG    Description: Engine Coolant Temperature, PID COOLANT_TEMP (01051)
2024-09-04 18:38:21,016  root       handle_response DEBUG    Processing: '<pos_answer>7B</pos_answer>'
2024-09-04 18:38:21,017  root       handle_response DEBUG    Write: '7E8 03 41 05 7B \r\r>'
2024-09-04 18:38:21,019  root       run        DEBUG    Received '01041'
2024-09-04 18:38:21,019  root       handle_request DEBUG    Handling: '01041', header '7E0', ECU '7E0'
2024-09-04 18:38:21,019  root       handle_request DEBUG    Description: Calculated Engine Load, PID ENGINE_LOAD (01041)
2024-09-04 18:38:21,020  root       handle_response DEBUG    Processing: '<pos_answer>00</pos_answer>'
2024-09-04 18:38:21,020  root       handle_response DEBUG    Write: '7E8 03 41 04 00 \r\r>'
2024-09-04 18:38:21,022  root       run        DEBUG    Received '010E1'
2024-09-04 18:38:21,023  root       handle_request DEBUG    Handling: '010E1', header '7E0', ECU '7E0'
2024-09-04 18:38:21,024  root       handle_request INFO     Unknown ELM command: '010E1', header=7E0
2024-09-04 18:38:21,024  root       handle_response DEBUG    Processing: '<writeln>?</writeln>'
2024-09-04 18:38:21,025  root       handle_response DEBUG    Write: '?\r\r>'
2024-09-04 18:38:21,026  root       run        DEBUG    Received '01101'
2024-09-04 18:38:21,027  root       handle_request DEBUG    Handling: '01101', header '7E0', ECU '7E0'
2024-09-04 18:38:21,027  root       handle_request DEBUG    Description: Air Flow Rate (MAF), PID MAF (01101)
2024-09-04 18:38:21,027  root       handle_response DEBUG    Processing: '<pos_answer>05 1F</pos_answer>'
2024-09-04 18:38:21,028  root       handle_response DEBUG    Write: '7E8 04 41 10 05 1F \r\r>'
2024-09-04 18:38:21,030  root       run        DEBUG    Received '01111'
2024-09-04 18:38:21,030  root       handle_request DEBUG    Handling: '01111', header '7E0', ECU '7E0'
2024-09-04 18:38:21,030  root       handle_request DEBUG    Description: Throttle Position, PID THROTTLE_POS (01111)
2024-09-04 18:38:21,031  root       handle_response DEBUG    Processing: '<pos_answer>FF</pos_answer>'
2024-09-04 18:38:21,031  root       handle_response DEBUG    Write: '7E8 03 41 11 FF \r\r>'
2024-09-04 18:38:21,284  root       run        DEBUG    Received '010D2'
2024-09-04 18:38:21,285  root       handle_request DEBUG    Handling: '010D2', header '7E0', ECU '7E0'
2024-09-04 18:38:21,285  root       handle_request DEBUG    Description: Vehicle Speed, PID SPEED (010D2)
2024-09-04 18:38:21,286  root       handle_response DEBUG    Processing: '<pos_answer>5C</pos_answer> <header>7EA</header><size>03</size><data>41 0D 5C</data>'
2024-09-04 18:38:21,286  root       handle_response DEBUG    Write: '7E8 03 41 0D 5C \r7EA 03 41 0D 5C \r\r>'
2024-09-04 18:38:21,295  root       run        DEBUG    Received '01051'
2024-09-04 18:38:21,295  root       handle_request DEBUG    Handling: '01051', header '7E0', ECU '7E0'
2024-09-04 18:38:21,296  root       handle_request DEBUG    Description: Engine Coolant Temperature, PID COOLANT_TEMP (01051)
2024-09-04 18:38:21,296  root       handle_response DEBUG    Processing: '<pos_answer>7B</pos_answer>'
2024-09-04 18:38:21,296  root       handle_response DEBUG    Write: '7E8 03 41 05 7B \r\r>'
2024-09-04 18:38:21,299  root       run        DEBUG    Received '01041'
2024-09-04 18:38:21,299  root       handle_request DEBUG    Handling: '01041', header '7E0', ECU '7E0'
2024-09-04 18:38:21,299  root       handle_request DEBUG    Description: Calculated Engine Load, PID ENGINE_LOAD (01041)
2024-09-04 18:38:21,300  root       handle_response DEBUG    Processing: '<pos_answer>00</pos_answer>'
2024-09-04 18:38:21,300  root       handle_response DEBUG    Write: '7E8 03 41 04 00 \r\r>'
2024-09-04 18:38:21,302  root       run        DEBUG    Received '010E1'
2024-09-04 18:38:21,303  root       handle_request DEBUG    Handling: '010E1', header '7E0', ECU '7E0'
2024-09-04 18:38:21,304  root       handle_request INFO     Unknown ELM command: '010E1', header=7E0
2024-09-04 18:38:21,304  root       handle_response DEBUG    Processing: '<writeln>?</writeln>'
2024-09-04 18:38:21,305  root       handle_response DEBUG    Write: '?\r\r>'
2024-09-04 18:38:21,306  root       run        DEBUG    Received '01101'
2024-09-04 18:38:21,306  root       handle_request DEBUG    Handling: '01101', header '7E0', ECU '7E0'
2024-09-04 18:38:21,307  root       handle_request DEBUG    Description: Air Flow Rate (MAF), PID MAF (01101)
2024-09-04 18:38:21,307  root       handle_response DEBUG    Processing: '<pos_answer>05 1F</pos_answer>'
2024-09-04 18:38:21,308  root       handle_response DEBUG    Write: '7E8 04 41 10 05 1F \r\r>'
2024-09-04 18:38:21,310  root       run        DEBUG    Received '01111'
2024-09-04 18:38:21,310  root       handle_request DEBUG    Handling: '01111', header '7E0', ECU '7E0'
2024-09-04 18:38:21,310  root       handle_request DEBUG    Description: Throttle Position, PID THROTTLE_POS (01111)
2024-09-04 18:38:21,311  root       handle_response DEBUG    Processing: '<pos_answer>FF</pos_answer>'
2024-09-04 18:38:21,311  root       handle_response DEBUG    Write: '7E8 03 41 11 FF \r\r>'
2024-09-04 18:38:21,564  root       run        DEBUG    Received '010D2'
2024-09-04 18:38:21,565  root       handle_request DEBUG    Handling: '010D2', header '7E0', ECU '7E0'
2024-09-04 18:38:21,565  root       handle_request DEBUG    Description: Vehicle Speed, PID SPEED (010D2)
2024-09-04 18:38:21,566  root       handle_response DEBUG    Processing: '<pos_answer>60</pos_answer> <header>7EA</header><size>03</size><data>41 0D 60</data>'
2024-09-04 18:38:21,566  root       handle_response DEBUG    Write: '7E8 03 41 0D 60 \r7EA 03 41 0D 60 \r\r>'
2024-09-04 18:38:21,576  root       run        DEBUG    Received '01051'
2024-09-04 18:38:21,577  root       handle_request DEBUG    Handling: '01051', header '7E0', ECU '7E0'
2024-09-04 18:38:21,577  root       handle_request DEBUG    Description: Engine Coolant Temperature, PID COOLANT_TEMP (01051)
2024-09-04 18:38:21,578  root       handle_response DEBUG    Processing: '<pos_answer>7B</pos_answer>'
2024-09-04 18:38:21,578  root       handle_response DEBUG    Write: '7E8 03 41 05 7B \r\r>'
2024-09-04 18:38:21,581  root       run        DEBUG    Received '01041'
2024-09-04 18:38:21,581  root       handle_request DEBUG    Handling: '01041', header '7E0', ECU '7E0'
2024-09-04 18:38:21,582  root       handle_request DEBUG    Description: Calculated Engine Load, PID ENGINE_LOAD (01041)
2024-09-04 18:38:21,582  root       handle_response DEBUG    Processing: '<pos_answer>00</pos_answer>'
2024-09-04 18:38:21,582  root       handle_response DEBUG    Write: '7E8 03 41 04 00 \r\r>'
2024-09-04 18:38:21,584  root       run        DEBUG    Received '010E1'
2024-09-04 18:38:21,585  root       handle_request DEBUG    Handling: '010E1', header '7E0', ECU '7E0'
2024-09-04 18:38:21,586  root       handle_request INFO     Unknown ELM command: '010E1', header=7E0
2024-09-04 18:38:21,586  root       handle_response DEBUG    Processing: '<writeln>?</writeln>'
2024-09-04 18:38:21,587  root       handle_response DEBUG    Write: '?\r\r>'
2024-09-04 18:38:21,589  root       run        DEBUG    Received '01101'
2024-09-04 18:38:21,589  root       handle_request DEBUG    Handling: '01101', header '7E0', ECU '7E0'
2024-09-04 18:38:21,590  root       handle_request DEBUG    Description: Air Flow Rate (MAF), PID MAF (01101)
2024-09-04 18:38:21,590  root       handle_response DEBUG    Processing: '<pos_answer>05 1F</pos_answer>'
2024-09-04 18:38:21,591  root       handle_response DEBUG    Write: '7E8 04 41 10 05 1F \r\r>'
2024-09-04 18:38:21,593  root       run        DEBUG    Received '01111'
2024-09-04 18:38:21,593  root       handle_request DEBUG    Handling: '01111', header '7E0', ECU '7E0'
2024-09-04 18:38:21,594  root       handle_request DEBUG    Description: Throttle Position, PID THROTTLE_POS (01111)
2024-09-04 18:38:21,594  root       handle_response DEBUG    Processing: '<pos_answer>FF</pos_answer>'
2024-09-04 18:38:21,594  root       handle_response DEBUG    Write: '7E8 03 41 11 FF \r\r>'
2024-09-04 18:38:28,434  root       run        DEBUG    Received 'ATZ'
2024-09-04 18:38:28,435  root       handle_request DEBUG    Handling: 'ATZ', header '7E0', ECU '7E0'
2024-09-04 18:38:28,435  root       handle_request DEBUG    Description: AT RESET, PID AT_RESET (ATZ)
2024-09-04 18:38:28,435  root       reset      DEBUG    Resetting counters and sleeping for 0.5 seconds
2024-09-04 18:38:28,935  root       <module>   DEBUG    Reset and sleep 0.5 seconds
2024-09-04 18:38:28,936  root       handle_response DEBUG    Processing: '<writeln></writeln><writeln></writeln><writeln>ELM327 v1.5</writeln>'
2024-09-04 18:38:28,937  root       handle_response DEBUG    Write: '\r\rELM327 v1.5\r\r>'
2024-09-04 18:38:29,436  root       run        DEBUG    Received 'ATE0'
2024-09-04 18:38:29,436  root       handle_request DEBUG    Handling: 'ATE0', header '7E0', ECU '7E0'
2024-09-04 18:38:29,437  root       handle_request DEBUG    Description: AT ECHO, PID AT_ECHO (ATE0)
2024-09-04 18:38:29,438  root       <module>   DEBUG    set ECHO ON/OFF : False
2024-09-04 18:38:29,438  root       handle_response DEBUG    Processing: '<writeln>OK</writeln>'
2024-09-04 18:38:29,439  root       handle_response DEBUG    Write: 'OK\r\r>'
2024-09-04 18:38:29,440  root       run        DEBUG    Received 'ATH1'
2024-09-04 18:38:29,440  root       handle_request DEBUG    Handling: 'ATH1', header '7E0', ECU '7E0'
2024-09-04 18:38:29,441  root       handle_request DEBUG    Description: AT HEADERS, PID AT_USE_HEADERS (ATH1)
2024-09-04 18:38:29,441  root       <module>   DEBUG    set HEADERS ON/OFF : True
2024-09-04 18:38:29,442  root       handle_response DEBUG    Processing: '<writeln>OK</writeln>'
2024-09-04 18:38:29,442  root       handle_response DEBUG    Write: 'OK\r\r>'
2024-09-04 18:38:29,443  root       run        DEBUG    Received 'ATL0'
2024-09-04 18:38:29,444  root       handle_request DEBUG    Handling: 'ATL0', header '7E0', ECU '7E0'
2024-09-04 18:38:29,445  root       handle_request DEBUG    Description: AT LINEFEEDS, PID AT_LINEFEEDS (ATL0)
2024-09-04 18:38:29,445  root       <module>   DEBUG    set LINEFEEDS ON/OFF : False
2024-09-04 18:38:29,446  root       handle_response DEBUG    Processing: '<writeln>OK</writeln>'
2024-09-04 18:38:29,446  root       handle_response DEBUG    Write: 'OK\r\r>'
2024-09-04 18:38:29,447  root       run        DEBUG    Received 'AT RV'
2024-09-04 18:38:29,448  root       handle_request DEBUG    Handling: 'ATRV', header '7E0', ECU '7E0'
2024-09-04 18:38:29,449  root       handle_request DEBUG    Description: AT read volt, PID AT_R_VOLT (ATRV)
2024-09-04 18:38:29,449  root       <module>   DEBUG    Volt = 13.3
2024-09-04 18:38:29,450  root       handle_response DEBUG    Processing: '<string>13.3</string><writeln>V</writeln>'
2024-09-04 18:38:29,450  root       handle_response DEBUG    Write: '13.3V\r\r>'
2024-09-04 18:38:29,451  root       run        DEBUG    Received 'ATSP0'
2024-09-04 18:38:29,451  root       handle_request DEBUG    Handling: 'ATSP0', header '7E0', ECU '7E0'
2024-09-04 18:38:29,452  root       handle_request DEBUG    Description: AT PROTO, PID AT_PROTO (ATSP0)
2024-09-04 18:38:29,453  root       <module>   DEBUG    set PROTO 0
2024-09-04 18:38:29,453  root       handle_response DEBUG    Processing: '<writeln>OK</writeln>'
2024-09-04 18:38:29,454  root       handle_response DEBUG    Write: 'OK\r\r>'
2024-09-04 18:38:30,452  root       run        DEBUG    Received '0100'
2024-09-04 18:38:30,452  root       handle_request DEBUG    Handling: '0100', header '7E0', ECU '7E0'
2024-09-04 18:38:30,453  root       handle_request DEBUG    UDS P3 timer expired: running stop() method for ECU task "Default ECU Task module", ECU="7E0".
2024-09-04 18:38:30,453  root       handle_request DEBUG    Description: PIDS_A, PID ELM_PIDS_A (0100)
2024-09-04 18:38:30,453  root       handle_response DEBUG    Processing: '<string>SEARCHING...</string><exec>time.sleep(3)</exec><writeln></writeln><header>7EA</header><size>06</size><data>41 00 98 3A 80 13</data><pos_answer>BE 3F A8 13</pos_answer>'
2024-09-04 18:38:30,454  root       handle_response DEBUG    Write: 'SEARCHING...'
2024-09-04 18:38:33,455  root       handle_response DEBUG    Evaluated command: time.sleep(3) -> None
2024-09-04 18:38:33,456  root       handle_response DEBUG    Write: '\r7EA 06 41 00 98 3A 80 13 \r7E8 06 41 00 BE 3F A8 13 \r\r>'
2024-09-04 18:38:33,457  root       run        DEBUG    Received 'ATDPN'
2024-09-04 18:38:33,458  root       handle_request DEBUG    Handling: 'ATDPN', header '7E0', ECU '7E0'
2024-09-04 18:38:33,458  root       handle_request DEBUG    Description: AT Display Protocol Number, PID AT_DESCRIBE_PROTO_N (ATDPN)
2024-09-04 18:38:33,959  root       handle_response DEBUG    Processing: '<writeln>A6</writeln>'
2024-09-04 18:38:33,960  root       handle_response DEBUG    Write: 'A6\r\r>'
2024-09-04 18:38:33,962  root       run        DEBUG    Received '0100'
2024-09-04 18:38:33,963  root       handle_request DEBUG    Handling: '0100', header '7E0', ECU '7E0'
2024-09-04 18:38:33,963  root       handle_request DEBUG    Description: PIDS_A, PID ELM_PIDS_A (0100)
2024-09-04 18:38:33,964  root       handle_response DEBUG    Processing: '<header>7EA</header><size>06</size><data>41 00 98 3A 80 13</data><pos_answer>BE 3F A8 13</pos_answer>'
2024-09-04 18:38:33,964  root       handle_response DEBUG    Write: '7EA 06 41 00 98 3A 80 13 \r7E8 06 41 00 BE 3F A8 13 \r\r>'
2024-09-04 18:38:33,966  root       run        DEBUG    Received '0120'
2024-09-04 18:38:33,966  root       handle_request DEBUG    Handling: '0120', header '7E0', ECU '7E0'
2024-09-04 18:38:33,967  root       handle_request DEBUG    Description: PIDS_B, PID ELM_PIDS_B (0120)
2024-09-04 18:38:33,967  root       handle_response DEBUG    Processing: '<header>7EA</header><size>06</size><data>41 20 80 01 A0 01</data><pos_answer>90 15 B0 15</pos_answer>'
2024-09-04 18:38:33,968  root       handle_response DEBUG    Write: '7EA 06 41 20 80 01 A0 01 \r7E8 06 41 20 90 15 B0 15 \r\r>'
2024-09-04 18:38:33,969  root       run        DEBUG    Received '0140'
2024-09-04 18:38:33,970  root       handle_request DEBUG    Handling: '0140', header '7E0', ECU '7E0'
2024-09-04 18:38:33,970  root       handle_request DEBUG    Description: PIDS_C, PID ELM_PIDS_C (0140)
2024-09-04 18:38:33,971  root       handle_response DEBUG    Processing: '<header>7EA</header><size>06</size><data>41 40 44 CC 00 21</data><pos_answer>7A 1C 80 00</pos_answer>'
2024-09-04 18:38:33,971  root       handle_response DEBUG    Write: '7EA 06 41 40 44 CC 00 21 \r7E8 06 41 40 7A 1C 80 00 \r\r>'
2024-09-04 18:38:33,973  root       run        DEBUG    Received '0600'
2024-09-04 18:38:33,973  root       handle_request DEBUG    Handling: '0600', header '7E0', ECU '7E0'
2024-09-04 18:38:33,974  root       handle_request DEBUG    Description: MIDS_A, PID ELM_MIDS_A (0600)
2024-09-04 18:38:33,975  root       handle_response DEBUG    Processing: '<pos_answer>C0 00 00 01</pos_answer>'
2024-09-04 18:38:33,975  root       handle_response DEBUG    Write: '7E8 05 46 C0 00 00 01 \r\r>'
2024-09-04 18:38:33,977  root       run        DEBUG    Received '0900'
2024-09-04 18:38:33,977  root       handle_request DEBUG    Handling: '0900', header '7E0', ECU '7E0'
2024-09-04 18:38:33,979  root       handle_request DEBUG    Description: PIDS_9A, PID ELM_PIDS_9A (0900)
2024-09-04 18:38:33,979  root       handle_response DEBUG    Processing: '<pos_answer>FF FF FF FF</pos_answer>'
2024-09-04 18:38:33,980  root       handle_response DEBUG    Write: '7E8 06 49 00 FF FF FF FF \r\r>'
2024-09-04 18:38:56,833  root       run        DEBUG    Received 'ATZ'
2024-09-04 18:38:56,833  root       handle_request DEBUG    Handling: 'ATZ', header '7E0', ECU '7E0'
2024-09-04 18:38:56,833  root       handle_request DEBUG    Description: AT RESET, PID AT_RESET (ATZ)
2024-09-04 18:38:56,834  root       reset      DEBUG    Resetting counters and sleeping for 0.5 seconds
2024-09-04 18:38:57,334  root       <module>   DEBUG    Reset and sleep 0.5 seconds
2024-09-04 18:38:57,335  root       handle_response DEBUG    Processing: '<writeln></writeln><writeln></writeln><writeln>ELM327 v1.5</writeln>'
2024-09-04 18:38:57,335  root       handle_response DEBUG    Write: '\r\rELM327 v1.5\r\r>'
2024-09-04 18:38:57,834  root       run        DEBUG    Received 'ATE0'
2024-09-04 18:38:57,835  root       handle_request DEBUG    Handling: 'ATE0', header '7E0', ECU '7E0'
2024-09-04 18:38:57,837  root       handle_request DEBUG    Description: AT ECHO, PID AT_ECHO (ATE0)
2024-09-04 18:38:57,838  root       <module>   DEBUG    set ECHO ON/OFF : False
2024-09-04 18:38:57,838  root       handle_response DEBUG    Processing: '<writeln>OK</writeln>'
2024-09-04 18:38:57,838  root       handle_response DEBUG    Write: 'OK\r\r>'
2024-09-04 18:38:57,838  root       run        DEBUG    Received 'ATH1'
2024-09-04 18:38:57,839  root       handle_request DEBUG    Handling: 'ATH1', header '7E0', ECU '7E0'
2024-09-04 18:38:57,839  root       handle_request DEBUG    Description: AT HEADERS, PID AT_USE_HEADERS (ATH1)
2024-09-04 18:38:57,839  root       <module>   DEBUG    set HEADERS ON/OFF : True
2024-09-04 18:38:57,839  root       handle_response DEBUG    Processing: '<writeln>OK</writeln>'
2024-09-04 18:38:57,839  root       handle_response DEBUG    Write: 'OK\r\r>'
2024-09-04 18:38:57,840  root       run        DEBUG    Received 'ATL0'
2024-09-04 18:38:57,840  root       handle_request DEBUG    Handling: 'ATL0', header '7E0', ECU '7E0'
2024-09-04 18:38:57,840  root       handle_request DEBUG    Description: AT LINEFEEDS, PID AT_LINEFEEDS (ATL0)
2024-09-04 18:38:57,840  root       <module>   DEBUG    set LINEFEEDS ON/OFF : False
2024-09-04 18:38:57,840  root       handle_response DEBUG    Processing: '<writeln>OK</writeln>'
2024-09-04 18:38:57,840  root       handle_response DEBUG    Write: 'OK\r\r>'
2024-09-04 18:38:57,841  root       run        DEBUG    Received 'AT RV'
2024-09-04 18:38:57,841  root       handle_request DEBUG    Handling: 'ATRV', header '7E0', ECU '7E0'
2024-09-04 18:38:57,841  root       handle_request DEBUG    Description: AT read volt, PID AT_R_VOLT (ATRV)
2024-09-04 18:38:57,841  root       <module>   DEBUG    Volt = 13.4
2024-09-04 18:38:57,841  root       handle_response DEBUG    Processing: '<string>13.4</string><writeln>V</writeln>'
2024-09-04 18:38:57,842  root       handle_response DEBUG    Write: '13.4V\r\r>'
2024-09-04 18:38:57,842  root       run        DEBUG    Received 'ATSP0'
2024-09-04 18:38:57,842  root       handle_request DEBUG    Handling: 'ATSP0', header '7E0', ECU '7E0'
2024-09-04 18:38:57,843  root       handle_request DEBUG    Description: AT PROTO, PID AT_PROTO (ATSP0)
2024-09-04 18:38:57,843  root       <module>   DEBUG    set PROTO 0
2024-09-04 18:38:57,843  root       handle_response DEBUG    Processing: '<writeln>OK</writeln>'
2024-09-04 18:38:57,843  root       handle_response DEBUG    Write: 'OK\r\r>'
2024-09-04 18:38:58,842  root       run        DEBUG    Received '0100'
2024-09-04 18:38:58,842  root       handle_request DEBUG    Handling: '0100', header '7E0', ECU '7E0'
2024-09-04 18:38:58,842  root       handle_request DEBUG    UDS P3 timer expired: running stop() method for ECU task "Default ECU Task module", ECU="7E0".
2024-09-04 18:38:58,843  root       handle_request DEBUG    Description: PIDS_A, PID ELM_PIDS_A (0100)
2024-09-04 18:38:58,843  root       handle_response DEBUG    Processing: '<string>SEARCHING...</string><exec>time.sleep(3)</exec><writeln></writeln><header>7EA</header><size>06</size><data>41 00 98 3A 80 13</data><pos_answer>BE 3F A8 13</pos_answer>'
2024-09-04 18:38:58,843  root       handle_response DEBUG    Write: 'SEARCHING...'
2024-09-04 18:39:01,843  root       handle_response DEBUG    Evaluated command: time.sleep(3) -> None
2024-09-04 18:39:01,844  root       handle_response DEBUG    Write: '\r7EA 06 41 00 98 3A 80 13 \r7E8 06 41 00 BE 3F A8 13 \r\r>'
2024-09-04 18:39:01,845  root       run        DEBUG    Received 'ATDPN'
2024-09-04 18:39:01,845  root       handle_request DEBUG    Handling: 'ATDPN', header '7E0', ECU '7E0'
2024-09-04 18:39:01,846  root       handle_request DEBUG    Description: AT Display Protocol Number, PID AT_DESCRIBE_PROTO_N (ATDPN)
2024-09-04 18:39:02,346  root       handle_response DEBUG    Processing: '<writeln>A6</writeln>'
2024-09-04 18:39:02,347  root       handle_response DEBUG    Write: 'A6\r\r>'
2024-09-04 18:39:02,349  root       run        DEBUG    Received '0100'
2024-09-04 18:39:02,349  root       handle_request DEBUG    Handling: '0100', header '7E0', ECU '7E0'
2024-09-04 18:39:02,350  root       handle_request DEBUG    Description: PIDS_A, PID ELM_PIDS_A (0100)
2024-09-04 18:39:02,350  root       handle_response DEBUG    Processing: '<header>7EA</header><size>06</size><data>41 00 98 3A 80 13</data><pos_answer>BE 3F A8 13</pos_answer>'
2024-09-04 18:39:02,351  root       handle_response DEBUG    Write: '7EA 06 41 00 98 3A 80 13 \r7E8 06 41 00 BE 3F A8 13 \r\r>'
2024-09-04 18:39:02,353  root       run        DEBUG    Received '0120'
2024-09-04 18:39:02,354  root       handle_request DEBUG    Handling: '0120', header '7E0', ECU '7E0'
2024-09-04 18:39:02,354  root       handle_request DEBUG    Description: PIDS_B, PID ELM_PIDS_B (0120)
2024-09-04 18:39:02,354  root       handle_response DEBUG    Processing: '<header>7EA</header><size>06</size><data>41 20 80 01 A0 01</data><pos_answer>90 15 B0 15</pos_answer>'
2024-09-04 18:39:02,355  root       handle_response DEBUG    Write: '7EA 06 41 20 80 01 A0 01 \r7E8 06 41 20 90 15 B0 15 \r\r>'
2024-09-04 18:39:02,356  root       run        DEBUG    Received '0140'
2024-09-04 18:39:02,357  root       handle_request DEBUG    Handling: '0140', header '7E0', ECU '7E0'
2024-09-04 18:39:02,357  root       handle_request DEBUG    Description: PIDS_C, PID ELM_PIDS_C (0140)
2024-09-04 18:39:02,358  root       handle_response DEBUG    Processing: '<header>7EA</header><size>06</size><data>41 40 44 CC 00 21</data><pos_answer>7A 1C 80 00</pos_answer>'
2024-09-04 18:39:02,358  root       handle_response DEBUG    Write: '7EA 06 41 40 44 CC 00 21 \r7E8 06 41 40 7A 1C 80 00 \r\r>'
2024-09-04 18:39:02,360  root       run        DEBUG    Received '0600'
2024-09-04 18:39:02,360  root       handle_request DEBUG    Handling: '0600', header '7E0', ECU '7E0'
2024-09-04 18:39:02,361  root       handle_request DEBUG    Description: MIDS_A, PID ELM_MIDS_A (0600)
2024-09-04 18:39:02,361  root       handle_response DEBUG    Processing: '<pos_answer>C0 00 00 01</pos_answer>'
2024-09-04 18:39:02,361  root       handle_response DEBUG    Write: '7E8 05 46 C0 00 00 01 \r\r>'
2024-09-04 18:39:02,362  root       run        DEBUG    Received '0900'
2024-09-04 18:39:02,363  root       handle_request DEBUG    Handling: '0900', header '7E0', ECU '7E0'
2024-09-04 18:39:02,363  root       handle_request DEBUG    Description: PIDS_9A, PID ELM_PIDS_9A (0900)
2024-09-04 18:39:02,364  root       handle_response DEBUG    Processing: '<pos_answer>FF FF FF FF</pos_answer>'
2024-09-04 18:39:02,364  root       handle_response DEBUG    Write: '7E8 06 49 00 FF FF FF FF \r\r>'
2024-09-04 18:39:25,744  root       run        DEBUG    Received 'ATZ'
2024-09-04 18:39:25,744  root       handle_request DEBUG    Handling: 'ATZ', header '7E0', ECU '7E0'
2024-09-04 18:39:25,744  root       handle_request DEBUG    Description: AT RESET, PID AT_RESET (ATZ)
2024-09-04 18:39:25,744  root       reset      DEBUG    Resetting counters and sleeping for 0.5 seconds
2024-09-04 18:39:26,245  root       <module>   DEBUG    Reset and sleep 0.5 seconds
2024-09-04 18:39:26,245  root       handle_response DEBUG    Processing: '<writeln></writeln><writeln></writeln><writeln>ELM327 v1.5</writeln>'
2024-09-04 18:39:26,246  root       handle_response DEBUG    Write: '\r\rELM327 v1.5\r\r>'
2024-09-04 18:39:26,745  root       run        DEBUG    Received 'ATE0'
2024-09-04 18:39:26,745  root       handle_request DEBUG    Handling: 'ATE0', header '7E0', ECU '7E0'
2024-09-04 18:39:26,746  root       handle_request DEBUG    Description: AT ECHO, PID AT_ECHO (ATE0)
2024-09-04 18:39:26,747  root       <module>   DEBUG    set ECHO ON/OFF : False
2024-09-04 18:39:26,747  root       handle_response DEBUG    Processing: '<writeln>OK</writeln>'
2024-09-04 18:39:26,748  root       handle_response DEBUG    Write: 'OK\r\r>'
2024-09-04 18:39:26,749  root       run        DEBUG    Received 'ATH1'
2024-09-04 18:39:26,749  root       handle_request DEBUG    Handling: 'ATH1', header '7E0', ECU '7E0'
2024-09-04 18:39:26,749  root       handle_request DEBUG    Description: AT HEADERS, PID AT_USE_HEADERS (ATH1)
2024-09-04 18:39:26,749  root       <module>   DEBUG    set HEADERS ON/OFF : True
2024-09-04 18:39:26,749  root       handle_response DEBUG    Processing: '<writeln>OK</writeln>'
2024-09-04 18:39:26,749  root       handle_response DEBUG    Write: 'OK\r\r>'
2024-09-04 18:39:26,750  root       run        DEBUG    Received 'ATL0'
2024-09-04 18:39:26,750  root       handle_request DEBUG    Handling: 'ATL0', header '7E0', ECU '7E0'
2024-09-04 18:39:26,750  root       handle_request DEBUG    Description: AT LINEFEEDS, PID AT_LINEFEEDS (ATL0)
2024-09-04 18:39:26,750  root       <module>   DEBUG    set LINEFEEDS ON/OFF : False
2024-09-04 18:39:26,750  root       handle_response DEBUG    Processing: '<writeln>OK</writeln>'
2024-09-04 18:39:26,750  root       handle_response DEBUG    Write: 'OK\r\r>'
2024-09-04 18:39:26,751  root       run        DEBUG    Received 'AT RV'
2024-09-04 18:39:26,751  root       handle_request DEBUG    Handling: 'ATRV', header '7E0', ECU '7E0'
2024-09-04 18:39:26,751  root       handle_request DEBUG    Description: AT read volt, PID AT_R_VOLT (ATRV)
2024-09-04 18:39:26,751  root       <module>   DEBUG    Volt = 13.5
2024-09-04 18:39:26,751  root       handle_response DEBUG    Processing: '<string>13.5</string><writeln>V</writeln>'
2024-09-04 18:39:26,751  root       handle_response DEBUG    Write: '13.5V\r\r>'
2024-09-04 18:39:26,752  root       run        DEBUG    Received 'ATSP0'
2024-09-04 18:39:26,752  root       handle_request DEBUG    Handling: 'ATSP0', header '7E0', ECU '7E0'
2024-09-04 18:39:26,752  root       handle_request DEBUG    Description: AT PROTO, PID AT_PROTO (ATSP0)
2024-09-04 18:39:26,752  root       <module>   DEBUG    set PROTO 0
2024-09-04 18:39:26,752  root       handle_response DEBUG    Processing: '<writeln>OK</writeln>'
2024-09-04 18:39:26,752  root       handle_response DEBUG    Write: 'OK\r\r>'
2024-09-04 18:39:27,752  root       run        DEBUG    Received '0100'
2024-09-04 18:39:27,753  root       handle_request DEBUG    Handling: '0100', header '7E0', ECU '7E0'
2024-09-04 18:39:27,753  root       handle_request DEBUG    UDS P3 timer expired: running stop() method for ECU task "Default ECU Task module", ECU="7E0".
2024-09-04 18:39:27,754  root       handle_request DEBUG    Description: PIDS_A, PID ELM_PIDS_A (0100)
2024-09-04 18:39:27,754  root       handle_response DEBUG    Processing: '<string>SEARCHING...</string><exec>time.sleep(3)</exec><writeln></writeln><header>7EA</header><size>06</size><data>41 00 98 3A 80 13</data><pos_answer>BE 3F A8 13</pos_answer>'
2024-09-04 18:39:27,754  root       handle_response DEBUG    Write: 'SEARCHING...'
2024-09-04 18:39:30,755  root       handle_response DEBUG    Evaluated command: time.sleep(3) -> None
2024-09-04 18:39:30,756  root       handle_response DEBUG    Write: '\r7EA 06 41 00 98 3A 80 13 \r7E8 06 41 00 BE 3F A8 13 \r\r>'
2024-09-04 18:39:30,758  root       run        DEBUG    Received 'ATDPN'
2024-09-04 18:39:30,758  root       handle_request DEBUG    Handling: 'ATDPN', header '7E0', ECU '7E0'
2024-09-04 18:39:30,759  root       handle_request DEBUG    Description: AT Display Protocol Number, PID AT_DESCRIBE_PROTO_N (ATDPN)
2024-09-04 18:39:31,260  root       handle_response DEBUG    Processing: '<writeln>A6</writeln>'
2024-09-04 18:39:31,261  root       handle_response DEBUG    Write: 'A6\r\r>'
2024-09-04 18:39:31,263  root       run        DEBUG    Received '0100'
2024-09-04 18:39:31,263  root       handle_request DEBUG    Handling: '0100', header '7E0', ECU '7E0'
2024-09-04 18:39:31,264  root       handle_request DEBUG    Description: PIDS_A, PID ELM_PIDS_A (0100)
2024-09-04 18:39:31,264  root       handle_response DEBUG    Processing: '<header>7EA</header><size>06</size><data>41 00 98 3A 80 13</data><pos_answer>BE 3F A8 13</pos_answer>'
2024-09-04 18:39:31,265  root       handle_response DEBUG    Write: '7EA 06 41 00 98 3A 80 13 \r7E8 06 41 00 BE 3F A8 13 \r\r>'
2024-09-04 18:39:31,267  root       run        DEBUG    Received '0120'
2024-09-04 18:39:31,268  root       handle_request DEBUG    Handling: '0120', header '7E0', ECU '7E0'
2024-09-04 18:39:31,268  root       handle_request DEBUG    Description: PIDS_B, PID ELM_PIDS_B (0120)
2024-09-04 18:39:31,269  root       handle_response DEBUG    Processing: '<header>7EA</header><size>06</size><data>41 20 80 01 A0 01</data><pos_answer>90 15 B0 15</pos_answer>'
2024-09-04 18:39:31,269  root       handle_response DEBUG    Write: '7EA 06 41 20 80 01 A0 01 \r7E8 06 41 20 90 15 B0 15 \r\r>'
2024-09-04 18:39:31,271  root       run        DEBUG    Received '0140'
2024-09-04 18:39:31,272  root       handle_request DEBUG    Handling: '0140', header '7E0', ECU '7E0'
2024-09-04 18:39:31,272  root       handle_request DEBUG    Description: PIDS_C, PID ELM_PIDS_C (0140)
2024-09-04 18:39:31,273  root       handle_response DEBUG    Processing: '<header>7EA</header><size>06</size><data>41 40 44 CC 00 21</data><pos_answer>7A 1C 80 00</pos_answer>'
2024-09-04 18:39:31,273  root       handle_response DEBUG    Write: '7EA 06 41 40 44 CC 00 21 \r7E8 06 41 40 7A 1C 80 00 \r\r>'
2024-09-04 18:39:31,275  root       run        DEBUG    Received '0600'
2024-09-04 18:39:31,275  root       handle_request DEBUG    Handling: '0600', header '7E0', ECU '7E0'
2024-09-04 18:39:31,276  root       handle_request DEBUG    Description: MIDS_A, PID ELM_MIDS_A (0600)
2024-09-04 18:39:31,276  root       handle_response DEBUG    Processing: '<pos_answer>C0 00 00 01</pos_answer>'
2024-09-04 18:39:31,276  root       handle_response DEBUG    Write: '7E8 05 46 C0 00 00 01 \r\r>'
2024-09-04 18:39:31,278  root       run        DEBUG    Received '0900'
2024-09-04 18:39:31,278  root       handle_request DEBUG    Handling: '0900', header '7E0', ECU '7E0'
2024-09-04 18:39:31,279  root       handle_request DEBUG    Description: PIDS_9A, PID ELM_PIDS_9A (0900)
2024-09-04 18:39:31,279  root       handle_response DEBUG    Processing: '<pos_answer>FF FF FF FF</pos_answer>'
2024-09-04 18:39:31,279  root       handle_response DEBUG    Write: '7E8 06 49 00 FF FF FF FF \r\r>'
2024-09-04 18:39:31,282  root       run        DEBUG    Received '0111'
2024-09-04 18:39:31,283  root       handle_request DEBUG    Handling: '0111', header '7E0', ECU '7E0'
2024-09-04 18:39:31,283  root       handle_request DEBUG    Description: Throttle Position, PID THROTTLE_POS (0111)
2024-09-04 18:39:31,284  root       handle_response DEBUG    Processing: '<pos_answer>FF</pos_answer>'
2024-09-04 18:39:31,284  root       handle_response DEBUG    Write: '7E8 03 41 11 FF \r\r>'
2024-09-04 18:39:31,536  root       run        DEBUG    Received '01111'
2024-09-04 18:39:31,537  root       handle_request DEBUG    Handling: '01111', header '7E0', ECU '7E0'
2024-09-04 18:39:31,537  root       handle_request DEBUG    Description: Throttle Position, PID THROTTLE_POS (01111)
2024-09-04 18:39:31,538  root       handle_response DEBUG    Processing: '<pos_answer>FF</pos_answer>'
2024-09-04 18:39:31,538  root       handle_response DEBUG    Write: '7E8 03 41 11 FF \r\r>'
2024-09-04 18:39:31,790  root       run        DEBUG    repeating previous command: '01111'
2024-09-04 18:39:31,791  root       handle_request DEBUG    Handling: '01111', header '7E0', ECU '7E0'
2024-09-04 18:39:31,792  root       handle_request DEBUG    Description: Throttle Position, PID THROTTLE_POS (01111)
2024-09-04 18:39:31,792  root       handle_response DEBUG    Processing: '<pos_answer>FF</pos_answer>'
2024-09-04 18:39:31,793  root       handle_response DEBUG    Write: '7E8 03 41 11 FF \r\r>'
2024-09-04 18:39:32,045  root       run        DEBUG    repeating previous command: '01111'
2024-09-04 18:39:32,046  root       handle_request DEBUG    Handling: '01111', header '7E0', ECU '7E0'
2024-09-04 18:39:32,046  root       handle_request DEBUG    Description: Throttle Position, PID THROTTLE_POS (01111)
2024-09-04 18:39:32,046  root       handle_response DEBUG    Processing: '<pos_answer>FF</pos_answer>'
2024-09-04 18:39:32,047  root       handle_response DEBUG    Write: '7E8 03 41 11 FF \r\r>'
2024-09-04 18:39:32,299  root       run        DEBUG    repeating previous command: '01111'
2024-09-04 18:39:32,300  root       handle_request DEBUG    Handling: '01111', header '7E0', ECU '7E0'
2024-09-04 18:39:32,301  root       handle_request DEBUG    Description: Throttle Position, PID THROTTLE_POS (01111)
2024-09-04 18:39:32,301  root       handle_response DEBUG    Processing: '<pos_answer>FF</pos_answer>'
2024-09-04 18:39:32,302  root       handle_response DEBUG    Write: '7E8 03 41 11 FF \r\r>'
2024-09-04 18:39:32,554  root       run        DEBUG    repeating previous command: '01111'
2024-09-04 18:39:32,555  root       handle_request DEBUG    Handling: '01111', header '7E0', ECU '7E0'
2024-09-04 18:39:32,555  root       handle_request DEBUG    Description: Throttle Position, PID THROTTLE_POS (01111)
2024-09-04 18:39:32,556  root       handle_response DEBUG    Processing: '<pos_answer>FF</pos_answer>'
2024-09-04 18:39:32,556  root       handle_response DEBUG    Write: '7E8 03 41 11 FF \r\r>'
2024-09-04 18:39:32,809  root       run        DEBUG    repeating previous command: '01111'
2024-09-04 18:39:32,809  root       handle_request DEBUG    Handling: '01111', header '7E0', ECU '7E0'
2024-09-04 18:39:32,810  root       handle_request DEBUG    Description: Throttle Position, PID THROTTLE_POS (01111)
2024-09-04 18:39:32,810  root       handle_response DEBUG    Processing: '<pos_answer>FF</pos_answer>'
2024-09-04 18:39:32,811  root       handle_response DEBUG    Write: '7E8 03 41 11 FF \r\r>'
2024-09-04 18:39:33,063  root       run        DEBUG    repeating previous command: '01111'
2024-09-04 18:39:33,063  root       handle_request DEBUG    Handling: '01111', header '7E0', ECU '7E0'
2024-09-04 18:39:33,064  root       handle_request DEBUG    Description: Throttle Position, PID THROTTLE_POS (01111)
2024-09-04 18:39:33,064  root       handle_response DEBUG    Processing: '<pos_answer>FF</pos_answer>'
2024-09-04 18:39:33,065  root       handle_response DEBUG    Write: '7E8 03 41 11 FF \r\r>'
2024-09-04 18:39:33,317  root       run        DEBUG    repeating previous command: '01111'
2024-09-04 18:39:33,318  root       handle_request DEBUG    Handling: '01111', header '7E0', ECU '7E0'
2024-09-04 18:39:33,318  root       handle_request DEBUG    Description: Throttle Position, PID THROTTLE_POS (01111)
2024-09-04 18:39:33,318  root       handle_response DEBUG    Processing: '<pos_answer>FF</pos_answer>'
2024-09-04 18:39:33,319  root       handle_response DEBUG    Write: '7E8 03 41 11 FF \r\r>'
2024-09-04 18:39:33,571  root       run        DEBUG    repeating previous command: '01111'
2024-09-04 18:39:33,572  root       handle_request DEBUG    Handling: '01111', header '7E0', ECU '7E0'
2024-09-04 18:39:33,572  root       handle_request DEBUG    Description: Throttle Position, PID THROTTLE_POS (01111)
2024-09-04 18:39:33,573  root       handle_response DEBUG    Processing: '<pos_answer>FF</pos_answer>'
2024-09-04 18:39:33,573  root       handle_response DEBUG    Write: '7E8 03 41 11 FF \r\r>'
2024-09-04 18:39:33,826  root       run        DEBUG    repeating previous command: '01111'
2024-09-04 18:39:33,826  root       handle_request DEBUG    Handling: '01111', header '7E0', ECU '7E0'
2024-09-04 18:39:33,827  root       handle_request DEBUG    Description: Throttle Position, PID THROTTLE_POS (01111)
2024-09-04 18:39:33,827  root       handle_response DEBUG    Processing: '<pos_answer>FF</pos_answer>'
2024-09-04 18:39:33,828  root       handle_response DEBUG    Write: '7E8 03 41 11 FF \r\r>'
2024-09-04 18:39:55,666  root       run        DEBUG    Received 'ATZ'
2024-09-04 18:39:55,666  root       handle_request DEBUG    Handling: 'ATZ', header '7E0', ECU '7E0'
2024-09-04 18:39:55,667  root       handle_request DEBUG    Description: AT RESET, PID AT_RESET (ATZ)
2024-09-04 18:39:55,667  root       reset      DEBUG    Resetting counters and sleeping for 0.5 seconds
2024-09-04 18:39:56,168  root       <module>   DEBUG    Reset and sleep 0.5 seconds
2024-09-04 18:39:56,168  root       handle_response DEBUG    Processing: '<writeln></writeln><writeln></writeln><writeln>ELM327 v1.5</writeln>'
2024-09-04 18:39:56,169  root       handle_response DEBUG    Write: '\r\rELM327 v1.5\r\r>'
2024-09-04 18:39:56,668  root       run        DEBUG    Received 'ATE0'
2024-09-04 18:39:56,668  root       handle_request DEBUG    Handling: 'ATE0', header '7E0', ECU '7E0'
2024-09-04 18:39:56,669  root       handle_request DEBUG    Description: AT ECHO, PID AT_ECHO (ATE0)
2024-09-04 18:39:56,670  root       <module>   DEBUG    set ECHO ON/OFF : False
2024-09-04 18:39:56,670  root       handle_response DEBUG    Processing: '<writeln>OK</writeln>'
2024-09-04 18:39:56,671  root       handle_response DEBUG    Write: 'OK\r\r>'
2024-09-04 18:39:56,672  root       run        DEBUG    Received 'ATH1'
2024-09-04 18:39:56,672  root       handle_request DEBUG    Handling: 'ATH1', header '7E0', ECU '7E0'
2024-09-04 18:39:56,673  root       handle_request DEBUG    Description: AT HEADERS, PID AT_USE_HEADERS (ATH1)
2024-09-04 18:39:56,673  root       <module>   DEBUG    set HEADERS ON/OFF : True
2024-09-04 18:39:56,674  root       handle_response DEBUG    Processing: '<writeln>OK</writeln>'
2024-09-04 18:39:56,674  root       handle_response DEBUG    Write: 'OK\r\r>'
2024-09-04 18:39:56,675  root       run        DEBUG    Received 'ATL0'
2024-09-04 18:39:56,676  root       handle_request DEBUG    Handling: 'ATL0', header '7E0', ECU '7E0'
2024-09-04 18:39:56,676  root       handle_request DEBUG    Description: AT LINEFEEDS, PID AT_LINEFEEDS (ATL0)
2024-09-04 18:39:56,677  root       <module>   DEBUG    set LINEFEEDS ON/OFF : False
2024-09-04 18:39:56,677  root       handle_response DEBUG    Processing: '<writeln>OK</writeln>'
2024-09-04 18:39:56,678  root       handle_response DEBUG    Write: 'OK\r\r>'
2024-09-04 18:39:56,679  root       run        DEBUG    Received 'AT RV'
2024-09-04 18:39:56,679  root       handle_request DEBUG    Handling: 'ATRV', header '7E0', ECU '7E0'
2024-09-04 18:39:56,680  root       handle_request DEBUG    Description: AT read volt, PID AT_R_VOLT (ATRV)
2024-09-04 18:39:56,681  root       <module>   DEBUG    Volt = 13.6
2024-09-04 18:39:56,681  root       handle_response DEBUG    Processing: '<string>13.6</string><writeln>V</writeln>'
2024-09-04 18:39:56,681  root       handle_response DEBUG    Write: '13.6V\r\r>'
2024-09-04 18:39:56,682  root       run        DEBUG    Received 'ATSP0'
2024-09-04 18:39:56,683  root       handle_request DEBUG    Handling: 'ATSP0', header '7E0', ECU '7E0'
2024-09-04 18:39:56,684  root       handle_request DEBUG    Description: AT PROTO, PID AT_PROTO (ATSP0)
2024-09-04 18:39:56,684  root       <module>   DEBUG    set PROTO 0
2024-09-04 18:39:56,684  root       handle_response DEBUG    Processing: '<writeln>OK</writeln>'
2024-09-04 18:39:56,685  root       handle_response DEBUG    Write: 'OK\r\r>'
2024-09-04 18:39:57,683  root       run        DEBUG    Received '0100'
2024-09-04 18:39:57,684  root       handle_request DEBUG    Handling: '0100', header '7E0', ECU '7E0'
2024-09-04 18:39:57,684  root       handle_request DEBUG    UDS P3 timer expired: running stop() method for ECU task "Default ECU Task module", ECU="7E0".
2024-09-04 18:39:57,685  root       handle_request DEBUG    Description: PIDS_A, PID ELM_PIDS_A (0100)
2024-09-04 18:39:57,685  root       handle_response DEBUG    Processing: '<string>SEARCHING...</string><exec>time.sleep(3)</exec><writeln></writeln><header>7EA</header><size>06</size><data>41 00 98 3A 80 13</data><pos_answer>BE 3F A8 13</pos_answer>'
2024-09-04 18:39:57,685  root       handle_response DEBUG    Write: 'SEARCHING...'
2024-09-04 18:40:00,686  root       handle_response DEBUG    Evaluated command: time.sleep(3) -> None
2024-09-04 18:40:00,687  root       handle_response DEBUG    Write: '\r7EA 06 41 00 98 3A 80 13 \r7E8 06 41 00 BE 3F A8 13 \r\r>'
2024-09-04 18:40:00,688  root       run        DEBUG    Received 'ATDPN'
2024-09-04 18:40:00,689  root       handle_request DEBUG    Handling: 'ATDPN', header '7E0', ECU '7E0'
2024-09-04 18:40:00,690  root       handle_request DEBUG    Description: AT Display Protocol Number, PID AT_DESCRIBE_PROTO_N (ATDPN)
2024-09-04 18:40:01,191  root       handle_response DEBUG    Processing: '<writeln>A6</writeln>'
2024-09-04 18:40:01,192  root       handle_response DEBUG    Write: 'A6\r\r>'
2024-09-04 18:40:01,193  root       run        DEBUG    Received '0100'
2024-09-04 18:40:01,194  root       handle_request DEBUG    Handling: '0100', header '7E0', ECU '7E0'
2024-09-04 18:40:01,195  root       handle_request DEBUG    Description: PIDS_A, PID ELM_PIDS_A (0100)
2024-09-04 18:40:01,195  root       handle_response DEBUG    Processing: '<header>7EA</header><size>06</size><data>41 00 98 3A 80 13</data><pos_answer>BE 3F A8 13</pos_answer>'
2024-09-04 18:40:01,196  root       handle_response DEBUG    Write: '7EA 06 41 00 98 3A 80 13 \r7E8 06 41 00 BE 3F A8 13 \r\r>'
2024-09-04 18:40:01,197  root       run        DEBUG    Received '0120'
2024-09-04 18:40:01,198  root       handle_request DEBUG    Handling: '0120', header '7E0', ECU '7E0'
2024-09-04 18:40:01,199  root       handle_request DEBUG    Description: PIDS_B, PID ELM_PIDS_B (0120)
2024-09-04 18:40:01,199  root       handle_response DEBUG    Processing: '<header>7EA</header><size>06</size><data>41 20 80 01 A0 01</data><pos_answer>90 15 B0 15</pos_answer>'
2024-09-04 18:40:01,200  root       handle_response DEBUG    Write: '7EA 06 41 20 80 01 A0 01 \r7E8 06 41 20 90 15 B0 15 \r\r>'
2024-09-04 18:40:01,201  root       run        DEBUG    Received '0140'
2024-09-04 18:40:01,202  root       handle_request DEBUG    Handling: '0140', header '7E0', ECU '7E0'
2024-09-04 18:40:01,202  root       handle_request DEBUG    Description: PIDS_C, PID ELM_PIDS_C (0140)
2024-09-04 18:40:01,203  root       handle_response DEBUG    Processing: '<header>7EA</header><size>06</size><data>41 40 44 CC 00 21</data><pos_answer>7A 1C 80 00</pos_answer>'
2024-09-04 18:40:01,203  root       handle_response DEBUG    Write: '7EA 06 41 40 44 CC 00 21 \r7E8 06 41 40 7A 1C 80 00 \r\r>'
2024-09-04 18:40:01,205  root       run        DEBUG    Received '0600'
2024-09-04 18:40:01,205  root       handle_request DEBUG    Handling: '0600', header '7E0', ECU '7E0'
2024-09-04 18:40:01,206  root       handle_request DEBUG    Description: MIDS_A, PID ELM_MIDS_A (0600)
2024-09-04 18:40:01,206  root       handle_response DEBUG    Processing: '<pos_answer>C0 00 00 01</pos_answer>'
2024-09-04 18:40:01,206  root       handle_response DEBUG    Write: '7E8 05 46 C0 00 00 01 \r\r>'
2024-09-04 18:40:01,207  root       run        DEBUG    Received '0900'
2024-09-04 18:40:01,208  root       handle_request DEBUG    Handling: '0900', header '7E0', ECU '7E0'
2024-09-04 18:40:01,208  root       handle_request DEBUG    Description: PIDS_9A, PID ELM_PIDS_9A (0900)
2024-09-04 18:40:01,209  root       handle_response DEBUG    Processing: '<pos_answer>FF FF FF FF</pos_answer>'
2024-09-04 18:40:01,209  root       handle_response DEBUG    Write: '7E8 06 49 00 FF FF FF FF \r\r>'
2024-09-04 18:40:01,212  root       run        DEBUG    Received '0113'
2024-09-04 18:40:01,213  root       handle_request DEBUG    Handling: '0113', header '7E0', ECU '7E0'
2024-09-04 18:40:01,214  root       handle_request INFO     Unknown request: '0113', header=7E0
2024-09-04 18:40:01,214  root       handle_response DEBUG    Processing: '<writeln>NO DATA</writeln>'
2024-09-04 18:40:01,214  root       handle_response DEBUG    Write: 'NO DATA\r\r>'
2024-09-04 18:40:01,466  root       run        DEBUG    Received '01131'
2024-09-04 18:40:01,467  root       handle_request DEBUG    Handling: '01131', header '7E0', ECU '7E0'
2024-09-04 18:40:01,468  root       handle_request INFO     Unknown ELM command: '01131', header=7E0
2024-09-04 18:40:01,469  root       handle_response DEBUG    Processing: '<writeln>?</writeln>'
2024-09-04 18:40:01,469  root       handle_response DEBUG    Write: '?\r\r>'
2024-09-04 18:40:01,721  root       run        DEBUG    repeating previous command: '01131'
2024-09-04 18:40:01,721  root       handle_request DEBUG    Handling: '01131', header '7E0', ECU '7E0'
2024-09-04 18:40:01,723  root       handle_request INFO     Unknown ELM command: '01131', header=7E0
2024-09-04 18:40:01,723  root       handle_response DEBUG    Processing: '<writeln>?</writeln>'
2024-09-04 18:40:01,724  root       handle_response DEBUG    Write: '?\r\r>'
2024-09-04 18:40:01,975  root       run        DEBUG    repeating previous command: '01131'
2024-09-04 18:40:01,976  root       handle_request DEBUG    Handling: '01131', header '7E0', ECU '7E0'
2024-09-04 18:40:01,977  root       handle_request INFO     Unknown ELM command: '01131', header=7E0
2024-09-04 18:40:01,978  root       handle_response DEBUG    Processing: '<writeln>?</writeln>'
2024-09-04 18:40:01,978  root       handle_response DEBUG    Write: '?\r\r>'
2024-09-04 18:40:02,229  root       run        DEBUG    repeating previous command: '01131'
2024-09-04 18:40:02,230  root       handle_request DEBUG    Handling: '01131', header '7E0', ECU '7E0'
2024-09-04 18:40:02,231  root       handle_request INFO     Unknown ELM command: '01131', header=7E0
2024-09-04 18:40:02,232  root       handle_response DEBUG    Processing: '<writeln>?</writeln>'
2024-09-04 18:40:02,232  root       handle_response DEBUG    Write: '?\r\r>'
2024-09-04 18:40:02,484  root       run        DEBUG    repeating previous command: '01131'
2024-09-04 18:40:02,485  root       handle_request DEBUG    Handling: '01131', header '7E0', ECU '7E0'
2024-09-04 18:40:02,486  root       handle_request INFO     Unknown ELM command: '01131', header=7E0
2024-09-04 18:40:02,486  root       handle_response DEBUG    Processing: '<writeln>?</writeln>'
2024-09-04 18:40:02,487  root       handle_response DEBUG    Write: '?\r\r>'
2024-09-04 18:40:02,738  root       run        DEBUG    repeating previous command: '01131'
2024-09-04 18:40:02,739  root       handle_request DEBUG    Handling: '01131', header '7E0', ECU '7E0'
2024-09-04 18:40:02,740  root       handle_request INFO     Unknown ELM command: '01131', header=7E0
2024-09-04 18:40:02,741  root       handle_response DEBUG    Processing: '<writeln>?</writeln>'
2024-09-04 18:40:02,741  root       handle_response DEBUG    Write: '?\r\r>'
2024-09-04 18:40:02,993  root       run        DEBUG    repeating previous command: '01131'
2024-09-04 18:40:02,993  root       handle_request DEBUG    Handling: '01131', header '7E0', ECU '7E0'
2024-09-04 18:40:02,995  root       handle_request INFO     Unknown ELM command: '01131', header=7E0
2024-09-04 18:40:02,995  root       handle_response DEBUG    Processing: '<writeln>?</writeln>'
2024-09-04 18:40:02,995  root       handle_response DEBUG    Write: '?\r\r>'
2024-09-04 18:40:03,246  root       run        DEBUG    repeating previous command: '01131'
2024-09-04 18:40:03,247  root       handle_request DEBUG    Handling: '01131', header '7E0', ECU '7E0'
2024-09-04 18:40:03,247  root       handle_request INFO     Unknown ELM command: '01131', header=7E0
2024-09-04 18:40:03,247  root       handle_response DEBUG    Processing: '<writeln>?</writeln>'
2024-09-04 18:40:03,248  root       handle_response DEBUG    Write: '?\r\r>'
2024-09-04 18:40:03,499  root       run        DEBUG    repeating previous command: '01131'
2024-09-04 18:40:03,499  root       handle_request DEBUG    Handling: '01131', header '7E0', ECU '7E0'
2024-09-04 18:40:03,501  root       handle_request INFO     Unknown ELM command: '01131', header=7E0
2024-09-04 18:40:03,501  root       handle_response DEBUG    Processing: '<writeln>?</writeln>'
2024-09-04 18:40:03,502  root       handle_response DEBUG    Write: '?\r\r>'
2024-09-04 18:40:03,753  root       run        DEBUG    repeating previous command: '01131'
2024-09-04 18:40:03,754  root       handle_request DEBUG    Handling: '01131', header '7E0', ECU '7E0'
2024-09-04 18:40:03,755  root       handle_request INFO     Unknown ELM command: '01131', header=7E0
2024-09-04 18:40:03,756  root       handle_response DEBUG    Processing: '<writeln>?</writeln>'
2024-09-04 18:40:03,756  root       handle_response DEBUG    Write: '?\r\r>'
2024-09-04 18:40:47,407  root       run        DEBUG    Received 'ATZ'
2024-09-04 18:40:47,407  root       handle_request DEBUG    Handling: 'ATZ', header '7E0', ECU '7E0'
2024-09-04 18:40:47,407  root       handle_request DEBUG    Description: AT RESET, PID AT_RESET (ATZ)
2024-09-04 18:40:47,407  root       reset      DEBUG    Resetting counters and sleeping for 0.5 seconds
2024-09-04 18:40:47,908  root       <module>   DEBUG    Reset and sleep 0.5 seconds
2024-09-04 18:40:47,909  root       handle_response DEBUG    Processing: '<writeln></writeln><writeln></writeln><writeln>ELM327 v1.5</writeln>'
2024-09-04 18:40:47,909  root       handle_response DEBUG    Write: '\r\rELM327 v1.5\r\r>'
2024-09-04 18:40:48,408  root       run        DEBUG    Received 'ATE0'
2024-09-04 18:40:48,409  root       handle_request DEBUG    Handling: 'ATE0', header '7E0', ECU '7E0'
2024-09-04 18:40:48,410  root       handle_request DEBUG    Description: AT ECHO, PID AT_ECHO (ATE0)
2024-09-04 18:40:48,410  root       <module>   DEBUG    set ECHO ON/OFF : False
2024-09-04 18:40:48,411  root       handle_response DEBUG    Processing: '<writeln>OK</writeln>'
2024-09-04 18:40:48,411  root       handle_response DEBUG    Write: 'OK\r\r>'
2024-09-04 18:40:48,412  root       run        DEBUG    Received 'ATH1'
2024-09-04 18:40:48,412  root       handle_request DEBUG    Handling: 'ATH1', header '7E0', ECU '7E0'
2024-09-04 18:40:48,413  root       handle_request DEBUG    Description: AT HEADERS, PID AT_USE_HEADERS (ATH1)
2024-09-04 18:40:48,414  root       <module>   DEBUG    set HEADERS ON/OFF : True
2024-09-04 18:40:48,414  root       handle_response DEBUG    Processing: '<writeln>OK</writeln>'
2024-09-04 18:40:48,415  root       handle_response DEBUG    Write: 'OK\r\r>'
2024-09-04 18:40:48,415  root       run        DEBUG    Received 'ATL0'
2024-09-04 18:40:48,416  root       handle_request DEBUG    Handling: 'ATL0', header '7E0', ECU '7E0'
2024-09-04 18:40:48,417  root       handle_request DEBUG    Description: AT LINEFEEDS, PID AT_LINEFEEDS (ATL0)
2024-09-04 18:40:48,417  root       <module>   DEBUG    set LINEFEEDS ON/OFF : False
2024-09-04 18:40:48,418  root       handle_response DEBUG    Processing: '<writeln>OK</writeln>'
2024-09-04 18:40:48,418  root       handle_response DEBUG    Write: 'OK\r\r>'
2024-09-04 18:40:48,419  root       run        DEBUG    Received 'AT RV'
2024-09-04 18:40:48,419  root       handle_request DEBUG    Handling: 'ATRV', header '7E0', ECU '7E0'
2024-09-04 18:40:48,420  root       handle_request DEBUG    Description: AT read volt, PID AT_R_VOLT (ATRV)
2024-09-04 18:40:48,421  root       <module>   DEBUG    Volt = 13.7
2024-09-04 18:40:48,421  root       handle_response DEBUG    Processing: '<string>13.7</string><writeln>V</writeln>'
2024-09-04 18:40:48,422  root       handle_response DEBUG    Write: '13.7V\r\r>'
2024-09-04 18:40:48,423  root       run        DEBUG    Received 'ATSP0'
2024-09-04 18:40:48,423  root       handle_request DEBUG    Handling: 'ATSP0', header '7E0', ECU '7E0'
2024-09-04 18:40:48,424  root       handle_request DEBUG    Description: AT PROTO, PID AT_PROTO (ATSP0)
2024-09-04 18:40:48,425  root       <module>   DEBUG    set PROTO 0
2024-09-04 18:40:48,425  root       handle_response DEBUG    Processing: '<writeln>OK</writeln>'
2024-09-04 18:40:48,425  root       handle_response DEBUG    Write: 'OK\r\r>'
2024-09-04 18:40:49,423  root       run        DEBUG    Received '0100'
2024-09-04 18:40:49,424  root       handle_request DEBUG    Handling: '0100', header '7E0', ECU '7E0'
2024-09-04 18:40:49,424  root       handle_request DEBUG    UDS P3 timer expired: running stop() method for ECU task "Default ECU Task module", ECU="7E0".
2024-09-04 18:40:49,425  root       handle_request DEBUG    Description: PIDS_A, PID ELM_PIDS_A (0100)
2024-09-04 18:40:49,425  root       handle_response DEBUG    Processing: '<string>SEARCHING...</string><exec>time.sleep(3)</exec><writeln></writeln><header>7EA</header><size>06</size><data>41 00 98 3A 80 13</data><pos_answer>BE 3F A8 13</pos_answer>'
2024-09-04 18:40:49,426  root       handle_response DEBUG    Write: 'SEARCHING...'
2024-09-04 18:40:52,426  root       handle_response DEBUG    Evaluated command: time.sleep(3) -> None
2024-09-04 18:40:52,427  root       handle_response DEBUG    Write: '\r7EA 06 41 00 98 3A 80 13 \r7E8 06 41 00 BE 3F A8 13 \r\r>'
2024-09-04 18:40:52,428  root       run        DEBUG    Received 'ATDPN'
2024-09-04 18:40:52,428  root       handle_request DEBUG    Handling: 'ATDPN', header '7E0', ECU '7E0'
2024-09-04 18:40:52,429  root       handle_request DEBUG    Description: AT Display Protocol Number, PID AT_DESCRIBE_PROTO_N (ATDPN)
2024-09-04 18:40:52,929  root       handle_response DEBUG    Processing: '<writeln>A6</writeln>'
2024-09-04 18:40:52,930  root       handle_response DEBUG    Write: 'A6\r\r>'
2024-09-04 18:40:52,932  root       run        DEBUG    Received '0100'
2024-09-04 18:40:52,933  root       handle_request DEBUG    Handling: '0100', header '7E0', ECU '7E0'
2024-09-04 18:40:52,934  root       handle_request DEBUG    Description: PIDS_A, PID ELM_PIDS_A (0100)
2024-09-04 18:40:52,934  root       handle_response DEBUG    Processing: '<header>7EA</header><size>06</size><data>41 00 98 3A 80 13</data><pos_answer>BE 3F A8 13</pos_answer>'
2024-09-04 18:40:52,935  root       handle_response DEBUG    Write: '7EA 06 41 00 98 3A 80 13 \r7E8 06 41 00 BE 3F A8 13 \r\r>'
2024-09-04 18:40:52,938  root       run        DEBUG    Received '0120'
2024-09-04 18:40:52,938  root       handle_request DEBUG    Handling: '0120', header '7E0', ECU '7E0'
2024-09-04 18:40:52,939  root       handle_request DEBUG    Description: PIDS_B, PID ELM_PIDS_B (0120)
2024-09-04 18:40:52,939  root       handle_response DEBUG    Processing: '<header>7EA</header><size>06</size><data>41 20 80 01 A0 01</data><pos_answer>90 15 B0 15</pos_answer>'
2024-09-04 18:40:52,940  root       handle_response DEBUG    Write: '7EA 06 41 20 80 01 A0 01 \r7E8 06 41 20 90 15 B0 15 \r\r>'
2024-09-04 18:40:52,942  root       run        DEBUG    Received '0140'
2024-09-04 18:40:52,942  root       handle_request DEBUG    Handling: '0140', header '7E0', ECU '7E0'
2024-09-04 18:40:52,943  root       handle_request DEBUG    Description: PIDS_C, PID ELM_PIDS_C (0140)
2024-09-04 18:40:52,943  root       handle_response DEBUG    Processing: '<header>7EA</header><size>06</size><data>41 40 44 CC 00 21</data><pos_answer>7A 1C 80 00</pos_answer>'
2024-09-04 18:40:52,944  root       handle_response DEBUG    Write: '7EA 06 41 40 44 CC 00 21 \r7E8 06 41 40 7A 1C 80 00 \r\r>'
2024-09-04 18:40:52,945  root       run        DEBUG    Received '0600'
2024-09-04 18:40:52,946  root       handle_request DEBUG    Handling: '0600', header '7E0', ECU '7E0'
2024-09-04 18:40:52,947  root       handle_request DEBUG    Description: MIDS_A, PID ELM_MIDS_A (0600)
2024-09-04 18:40:52,947  root       handle_response DEBUG    Processing: '<pos_answer>C0 00 00 01</pos_answer>'
2024-09-04 18:40:52,947  root       handle_response DEBUG    Write: '7E8 05 46 C0 00 00 01 \r\r>'
2024-09-04 18:40:52,949  root       run        DEBUG    Received '0900'
2024-09-04 18:40:52,949  root       handle_request DEBUG    Handling: '0900', header '7E0', ECU '7E0'
2024-09-04 18:40:52,950  root       handle_request DEBUG    Description: PIDS_9A, PID ELM_PIDS_9A (0900)
2024-09-04 18:40:52,950  root       handle_response DEBUG    Processing: '<pos_answer>FF FF FF FF</pos_answer>'
2024-09-04 18:40:52,951  root       handle_response DEBUG    Write: '7E8 06 49 00 FF FF FF FF \r\r>'
2024-09-04 18:40:52,954  root       run        DEBUG    Received '0133'
2024-09-04 18:40:52,954  root       handle_request DEBUG    Handling: '0133', header '7E0', ECU '7E0'
2024-09-04 18:40:52,955  root       handle_request DEBUG    Description: Barometric Pressure, PID BAROMETRIC_PRESSURE (0133)
2024-09-04 18:40:52,955  root       handle_response DEBUG    Processing: '<pos_answer>65</pos_answer>'
2024-09-04 18:40:52,956  root       handle_response DEBUG    Write: '7E8 03 41 33 65 \r\r>'
2024-09-04 18:40:53,208  root       run        DEBUG    Received '01331'
2024-09-04 18:40:53,209  root       handle_request DEBUG    Handling: '01331', header '7E0', ECU '7E0'
2024-09-04 18:40:53,209  root       handle_request DEBUG    Description: Barometric Pressure, PID BAROMETRIC_PRESSURE (01331)
2024-09-04 18:40:53,210  root       handle_response DEBUG    Processing: '<pos_answer>65</pos_answer>'
2024-09-04 18:40:53,210  root       handle_response DEBUG    Write: '7E8 03 41 33 65 \r\r>'
2024-09-04 18:40:53,462  root       run        DEBUG    repeating previous command: '01331'
2024-09-04 18:40:53,463  root       handle_request DEBUG    Handling: '01331', header '7E0', ECU '7E0'
2024-09-04 18:40:53,463  root       handle_request DEBUG    Description: Barometric Pressure, PID BAROMETRIC_PRESSURE (01331)
2024-09-04 18:40:53,464  root       handle_response DEBUG    Processing: '<pos_answer>65</pos_answer>'
2024-09-04 18:40:53,464  root       handle_response DEBUG    Write: '7E8 03 41 33 65 \r\r>'
2024-09-04 18:40:53,716  root       run        DEBUG    repeating previous command: '01331'
2024-09-04 18:40:53,717  root       handle_request DEBUG    Handling: '01331', header '7E0', ECU '7E0'
2024-09-04 18:40:53,718  root       handle_request DEBUG    Description: Barometric Pressure, PID BAROMETRIC_PRESSURE (01331)
2024-09-04 18:40:53,718  root       handle_response DEBUG    Processing: '<pos_answer>65</pos_answer>'
2024-09-04 18:40:53,719  root       handle_response DEBUG    Write: '7E8 03 41 33 65 \r\r>'
2024-09-04 18:40:53,971  root       run        DEBUG    repeating previous command: '01331'
2024-09-04 18:40:53,971  root       handle_request DEBUG    Handling: '01331', header '7E0', ECU '7E0'
2024-09-04 18:40:53,972  root       handle_request DEBUG    Description: Barometric Pressure, PID BAROMETRIC_PRESSURE (01331)
2024-09-04 18:40:53,972  root       handle_response DEBUG    Processing: '<pos_answer>65</pos_answer>'
2024-09-04 18:40:53,972  root       handle_response DEBUG    Write: '7E8 03 41 33 65 \r\r>'
2024-09-04 18:40:54,224  root       run        DEBUG    repeating previous command: '01331'
2024-09-04 18:40:54,225  root       handle_request DEBUG    Handling: '01331', header '7E0', ECU '7E0'
2024-09-04 18:40:54,225  root       handle_request DEBUG    Description: Barometric Pressure, PID BAROMETRIC_PRESSURE (01331)
2024-09-04 18:40:54,226  root       handle_response DEBUG    Processing: '<pos_answer>65</pos_answer>'
2024-09-04 18:40:54,226  root       handle_response DEBUG    Write: '7E8 03 41 33 65 \r\r>'
2024-09-04 18:40:54,478  root       run        DEBUG    repeating previous command: '01331'
2024-09-04 18:40:54,479  root       handle_request DEBUG    Handling: '01331', header '7E0', ECU '7E0'
2024-09-04 18:40:54,479  root       handle_request DEBUG    Description: Barometric Pressure, PID BAROMETRIC_PRESSURE (01331)
2024-09-04 18:40:54,480  root       handle_response DEBUG    Processing: '<pos_answer>65</pos_answer>'
2024-09-04 18:40:54,480  root       handle_response DEBUG    Write: '7E8 03 41 33 65 \r\r>'
2024-09-04 18:40:54,732  root       run        DEBUG    repeating previous command: '01331'
2024-09-04 18:40:54,733  root       handle_request DEBUG    Handling: '01331', header '7E0', ECU '7E0'
2024-09-04 18:40:54,733  root       handle_request DEBUG    Description: Barometric Pressure, PID BAROMETRIC_PRESSURE (01331)
2024-09-04 18:40:54,734  root       handle_response DEBUG    Processing: '<pos_answer>65</pos_answer>'
2024-09-04 18:40:54,734  root       handle_response DEBUG    Write: '7E8 03 41 33 65 \r\r>'
2024-09-04 18:40:54,986  root       run        DEBUG    repeating previous command: '01331'
2024-09-04 18:40:54,987  root       handle_request DEBUG    Handling: '01331', header '7E0', ECU '7E0'
2024-09-04 18:40:54,988  root       handle_request DEBUG    Description: Barometric Pressure, PID BAROMETRIC_PRESSURE (01331)
2024-09-04 18:40:54,988  root       handle_response DEBUG    Processing: '<pos_answer>65</pos_answer>'
2024-09-04 18:40:54,989  root       handle_response DEBUG    Write: '7E8 03 41 33 65 \r\r>'
2024-09-04 18:41:33,967  root       run        DEBUG    Received 'ATZ'
2024-09-04 18:41:33,967  root       handle_request DEBUG    Handling: 'ATZ', header '7E0', ECU '7E0'
2024-09-04 18:41:33,967  root       handle_request DEBUG    Description: AT RESET, PID AT_RESET (ATZ)
2024-09-04 18:41:33,967  root       reset      DEBUG    Resetting counters and sleeping for 0.5 seconds
2024-09-04 18:41:34,468  root       <module>   DEBUG    Reset and sleep 0.5 seconds
2024-09-04 18:41:34,468  root       handle_response DEBUG    Processing: '<writeln></writeln><writeln></writeln><writeln>ELM327 v1.5</writeln>'
2024-09-04 18:41:34,469  root       handle_response DEBUG    Write: '\r\rELM327 v1.5\r\r>'
2024-09-04 18:41:34,968  root       run        DEBUG    Received 'ATE0'
2024-09-04 18:41:34,969  root       handle_request DEBUG    Handling: 'ATE0', header '7E0', ECU '7E0'
2024-09-04 18:41:34,969  root       handle_request DEBUG    Description: AT ECHO, PID AT_ECHO (ATE0)
2024-09-04 18:41:34,970  root       <module>   DEBUG    set ECHO ON/OFF : False
2024-09-04 18:41:34,971  root       handle_response DEBUG    Processing: '<writeln>OK</writeln>'
2024-09-04 18:41:34,971  root       handle_response DEBUG    Write: 'OK\r\r>'
2024-09-04 18:41:34,972  root       run        DEBUG    Received 'ATH1'
2024-09-04 18:41:34,973  root       handle_request DEBUG    Handling: 'ATH1', header '7E0', ECU '7E0'
2024-09-04 18:41:34,973  root       handle_request DEBUG    Description: AT HEADERS, PID AT_USE_HEADERS (ATH1)
2024-09-04 18:41:34,974  root       <module>   DEBUG    set HEADERS ON/OFF : True
2024-09-04 18:41:34,975  root       handle_response DEBUG    Processing: '<writeln>OK</writeln>'
2024-09-04 18:41:34,975  root       handle_response DEBUG    Write: 'OK\r\r>'
2024-09-04 18:41:34,976  root       run        DEBUG    Received 'ATL0'
2024-09-04 18:41:34,977  root       handle_request DEBUG    Handling: 'ATL0', header '7E0', ECU '7E0'
2024-09-04 18:41:34,977  root       handle_request DEBUG    Description: AT LINEFEEDS, PID AT_LINEFEEDS (ATL0)
2024-09-04 18:41:34,978  root       <module>   DEBUG    set LINEFEEDS ON/OFF : False
2024-09-04 18:41:34,978  root       handle_response DEBUG    Processing: '<writeln>OK</writeln>'
2024-09-04 18:41:34,979  root       handle_response DEBUG    Write: 'OK\r\r>'
2024-09-04 18:41:34,980  root       run        DEBUG    Received 'AT RV'
2024-09-04 18:41:34,980  root       handle_request DEBUG    Handling: 'ATRV', header '7E0', ECU '7E0'
2024-09-04 18:41:34,981  root       handle_request DEBUG    Description: AT read volt, PID AT_R_VOLT (ATRV)
2024-09-04 18:41:34,982  root       <module>   DEBUG    Volt = 13.8
2024-09-04 18:41:34,982  root       handle_response DEBUG    Processing: '<string>13.8</string><writeln>V</writeln>'
2024-09-04 18:41:34,983  root       handle_response DEBUG    Write: '13.8V\r\r>'
2024-09-04 18:41:34,984  root       run        DEBUG    Received 'ATSP0'
2024-09-04 18:41:34,984  root       handle_request DEBUG    Handling: 'ATSP0', header '7E0', ECU '7E0'
2024-09-04 18:41:34,985  root       handle_request DEBUG    Description: AT PROTO, PID AT_PROTO (ATSP0)
2024-09-04 18:41:34,986  root       <module>   DEBUG    set PROTO 0
2024-09-04 18:41:34,986  root       handle_response DEBUG    Processing: '<writeln>OK</writeln>'
2024-09-04 18:41:34,986  root       handle_response DEBUG    Write: 'OK\r\r>'
2024-09-04 18:41:35,985  root       run        DEBUG    Received '0100'
2024-09-04 18:41:35,985  root       handle_request DEBUG    Handling: '0100', header '7E0', ECU '7E0'
2024-09-04 18:41:35,986  root       handle_request DEBUG    UDS P3 timer expired: running stop() method for ECU task "Default ECU Task module", ECU="7E0".
2024-09-04 18:41:35,986  root       handle_request DEBUG    Description: PIDS_A, PID ELM_PIDS_A (0100)
2024-09-04 18:41:35,987  root       handle_response DEBUG    Processing: '<string>SEARCHING...</string><exec>time.sleep(3)</exec><writeln></writeln><header>7EA</header><size>06</size><data>41 00 98 3A 80 13</data><pos_answer>BE 3F A8 13</pos_answer>'
2024-09-04 18:41:35,987  root       handle_response DEBUG    Write: 'SEARCHING...'
2024-09-04 18:41:38,988  root       handle_response DEBUG    Evaluated command: time.sleep(3) -> None
2024-09-04 18:41:38,989  root       handle_response DEBUG    Write: '\r7EA 06 41 00 98 3A 80 13 \r7E8 06 41 00 BE 3F A8 13 \r\r>'
2024-09-04 18:41:38,990  root       run        DEBUG    Received 'ATDPN'
2024-09-04 18:41:38,991  root       handle_request DEBUG    Handling: 'ATDPN', header '7E0', ECU '7E0'
2024-09-04 18:41:38,992  root       handle_request DEBUG    Description: AT Display Protocol Number, PID AT_DESCRIBE_PROTO_N (ATDPN)
2024-09-04 18:41:39,493  root       handle_response DEBUG    Processing: '<writeln>A6</writeln>'
2024-09-04 18:41:39,494  root       handle_response DEBUG    Write: 'A6\r\r>'
2024-09-04 18:41:39,495  root       run        DEBUG    Received '0100'
2024-09-04 18:41:39,496  root       handle_request DEBUG    Handling: '0100', header '7E0', ECU '7E0'
2024-09-04 18:41:39,497  root       handle_request DEBUG    Description: PIDS_A, PID ELM_PIDS_A (0100)
2024-09-04 18:41:39,497  root       handle_response DEBUG    Processing: '<header>7EA</header><size>06</size><data>41 00 98 3A 80 13</data><pos_answer>BE 3F A8 13</pos_answer>'
2024-09-04 18:41:39,498  root       handle_response DEBUG    Write: '7EA 06 41 00 98 3A 80 13 \r7E8 06 41 00 BE 3F A8 13 \r\r>'
2024-09-04 18:41:39,499  root       run        DEBUG    Received '0120'
2024-09-04 18:41:39,500  root       handle_request DEBUG    Handling: '0120', header '7E0', ECU '7E0'
2024-09-04 18:41:39,501  root       handle_request DEBUG    Description: PIDS_B, PID ELM_PIDS_B (0120)
2024-09-04 18:41:39,501  root       handle_response DEBUG    Processing: '<header>7EA</header><size>06</size><data>41 20 80 01 A0 01</data><pos_answer>90 15 B0 15</pos_answer>'
2024-09-04 18:41:39,502  root       handle_response DEBUG    Write: '7EA 06 41 20 80 01 A0 01 \r7E8 06 41 20 90 15 B0 15 \r\r>'
2024-09-04 18:41:39,503  root       run        DEBUG    Received '0140'
2024-09-04 18:41:39,503  root       handle_request DEBUG    Handling: '0140', header '7E0', ECU '7E0'
2024-09-04 18:41:39,504  root       handle_request DEBUG    Description: PIDS_C, PID ELM_PIDS_C (0140)
2024-09-04 18:41:39,504  root       handle_response DEBUG    Processing: '<header>7EA</header><size>06</size><data>41 40 44 CC 00 21</data><pos_answer>7A 1C 80 00</pos_answer>'
2024-09-04 18:41:39,505  root       handle_response DEBUG    Write: '7EA 06 41 40 44 CC 00 21 \r7E8 06 41 40 7A 1C 80 00 \r\r>'
2024-09-04 18:41:39,507  root       run        DEBUG    Received '0600'
2024-09-04 18:41:39,507  root       handle_request DEBUG    Handling: '0600', header '7E0', ECU '7E0'
2024-09-04 18:41:39,508  root       handle_request DEBUG    Description: MIDS_A, PID ELM_MIDS_A (0600)
2024-09-04 18:41:39,508  root       handle_response DEBUG    Processing: '<pos_answer>C0 00 00 01</pos_answer>'
2024-09-04 18:41:39,509  root       handle_response DEBUG    Write: '7E8 05 46 C0 00 00 01 \r\r>'
2024-09-04 18:41:39,510  root       run        DEBUG    Received '0900'
2024-09-04 18:41:39,510  root       handle_request DEBUG    Handling: '0900', header '7E0', ECU '7E0'
2024-09-04 18:41:39,511  root       handle_request DEBUG    Description: PIDS_9A, PID ELM_PIDS_9A (0900)
2024-09-04 18:41:39,511  root       handle_response DEBUG    Processing: '<pos_answer>FF FF FF FF</pos_answer>'
2024-09-04 18:41:39,512  root       handle_response DEBUG    Write: '7E8 06 49 00 FF FF FF FF \r\r>'
2024-09-04 18:42:01,690  root       run        DEBUG    Received 'ATZ'
2024-09-04 18:42:01,690  root       handle_request DEBUG    Handling: 'ATZ', header '7E0', ECU '7E0'
2024-09-04 18:42:01,690  root       handle_request DEBUG    Description: AT RESET, PID AT_RESET (ATZ)
2024-09-04 18:42:01,691  root       reset      DEBUG    Resetting counters and sleeping for 0.5 seconds
2024-09-04 18:42:02,191  root       <module>   DEBUG    Reset and sleep 0.5 seconds
2024-09-04 18:42:02,192  root       handle_response DEBUG    Processing: '<writeln></writeln><writeln></writeln><writeln>ELM327 v1.5</writeln>'
2024-09-04 18:42:02,192  root       handle_response DEBUG    Write: '\r\rELM327 v1.5\r\r>'
2024-09-04 18:42:02,691  root       run        DEBUG    Received 'ATE0'
2024-09-04 18:42:02,692  root       handle_request DEBUG    Handling: 'ATE0', header '7E0', ECU '7E0'
2024-09-04 18:42:02,693  root       handle_request DEBUG    Description: AT ECHO, PID AT_ECHO (ATE0)
2024-09-04 18:42:02,693  root       <module>   DEBUG    set ECHO ON/OFF : False
2024-09-04 18:42:02,694  root       handle_response DEBUG    Processing: '<writeln>OK</writeln>'
2024-09-04 18:42:02,694  root       handle_response DEBUG    Write: 'OK\r\r>'
2024-09-04 18:42:02,695  root       run        DEBUG    Received 'ATH1'
2024-09-04 18:42:02,695  root       handle_request DEBUG    Handling: 'ATH1', header '7E0', ECU '7E0'
2024-09-04 18:42:02,696  root       handle_request DEBUG    Description: AT HEADERS, PID AT_USE_HEADERS (ATH1)
2024-09-04 18:42:02,697  root       <module>   DEBUG    set HEADERS ON/OFF : True
2024-09-04 18:42:02,697  root       handle_response DEBUG    Processing: '<writeln>OK</writeln>'
2024-09-04 18:42:02,697  root       handle_response DEBUG    Write: 'OK\r\r>'
2024-09-04 18:42:02,698  root       run        DEBUG    Received 'ATL0'
2024-09-04 18:42:02,699  root       handle_request DEBUG    Handling: 'ATL0', header '7E0', ECU '7E0'
2024-09-04 18:42:02,700  root       handle_request DEBUG    Description: AT LINEFEEDS, PID AT_LINEFEEDS (ATL0)
2024-09-04 18:42:02,700  root       <module>   DEBUG    set LINEFEEDS ON/OFF : False
2024-09-04 18:42:02,700  root       handle_response DEBUG    Processing: '<writeln>OK</writeln>'
2024-09-04 18:42:02,701  root       handle_response DEBUG    Write: 'OK\r\r>'
2024-09-04 18:42:02,702  root       run        DEBUG    Received 'AT RV'
2024-09-04 18:42:02,702  root       handle_request DEBUG    Handling: 'ATRV', header '7E0', ECU '7E0'
2024-09-04 18:42:02,703  root       handle_request DEBUG    Description: AT read volt, PID AT_R_VOLT (ATRV)
2024-09-04 18:42:02,704  root       <module>   DEBUG    Volt = 13.9
2024-09-04 18:42:02,704  root       handle_response DEBUG    Processing: '<string>13.9</string><writeln>V</writeln>'
2024-09-04 18:42:02,704  root       handle_response DEBUG    Write: '13.9V\r\r>'
2024-09-04 18:42:02,705  root       run        DEBUG    Received 'ATSP0'
2024-09-04 18:42:02,706  root       handle_request DEBUG    Handling: 'ATSP0', header '7E0', ECU '7E0'
2024-09-04 18:42:02,706  root       handle_request DEBUG    Description: AT PROTO, PID AT_PROTO (ATSP0)
2024-09-04 18:42:02,707  root       <module>   DEBUG    set PROTO 0
2024-09-04 18:42:02,707  root       handle_response DEBUG    Processing: '<writeln>OK</writeln>'
2024-09-04 18:42:02,708  root       handle_response DEBUG    Write: 'OK\r\r>'
2024-09-04 18:42:03,706  root       run        DEBUG    Received '0100'
2024-09-04 18:42:03,707  root       handle_request DEBUG    Handling: '0100', header '7E0', ECU '7E0'
2024-09-04 18:42:03,707  root       handle_request DEBUG    UDS P3 timer expired: running stop() method for ECU task "Default ECU Task module", ECU="7E0".
2024-09-04 18:42:03,708  root       handle_request DEBUG    Description: PIDS_A, PID ELM_PIDS_A (0100)
2024-09-04 18:42:03,708  root       handle_response DEBUG    Processing: '<string>SEARCHING...</string><exec>time.sleep(3)</exec><writeln></writeln><header>7EA</header><size>06</size><data>41 00 98 3A 80 13</data><pos_answer>BE 3F A8 13</pos_answer>'
2024-09-04 18:42:03,708  root       handle_response DEBUG    Write: 'SEARCHING...'
2024-09-04 18:42:06,709  root       handle_response DEBUG    Evaluated command: time.sleep(3) -> None
2024-09-04 18:42:06,710  root       handle_response DEBUG    Write: '\r7EA 06 41 00 98 3A 80 13 \r7E8 06 41 00 BE 3F A8 13 \r\r>'
2024-09-04 18:42:06,710  root       run        DEBUG    Received 'ATDPN'
2024-09-04 18:42:06,710  root       handle_request DEBUG    Handling: 'ATDPN', header '7E0', ECU '7E0'
2024-09-04 18:42:06,710  root       handle_request DEBUG    Description: AT Display Protocol Number, PID AT_DESCRIBE_PROTO_N (ATDPN)
2024-09-04 18:42:07,211  root       handle_response DEBUG    Processing: '<writeln>A6</writeln>'
2024-09-04 18:42:07,212  root       handle_response DEBUG    Write: 'A6\r\r>'
2024-09-04 18:42:07,214  root       run        DEBUG    Received '0100'
2024-09-04 18:42:07,214  root       handle_request DEBUG    Handling: '0100', header '7E0', ECU '7E0'
2024-09-04 18:42:07,215  root       handle_request DEBUG    Description: PIDS_A, PID ELM_PIDS_A (0100)
2024-09-04 18:42:07,215  root       handle_response DEBUG    Processing: '<header>7EA</header><size>06</size><data>41 00 98 3A 80 13</data><pos_answer>BE 3F A8 13</pos_answer>'
2024-09-04 18:42:07,216  root       handle_response DEBUG    Write: '7EA 06 41 00 98 3A 80 13 \r7E8 06 41 00 BE 3F A8 13 \r\r>'
2024-09-04 18:42:07,217  root       run        DEBUG    Received '0120'
2024-09-04 18:42:07,218  root       handle_request DEBUG    Handling: '0120', header '7E0', ECU '7E0'
2024-09-04 18:42:07,218  root       handle_request DEBUG    Description: PIDS_B, PID ELM_PIDS_B (0120)
2024-09-04 18:42:07,219  root       handle_response DEBUG    Processing: '<header>7EA</header><size>06</size><data>41 20 80 01 A0 01</data><pos_answer>90 15 B0 15</pos_answer>'
2024-09-04 18:42:07,219  root       handle_response DEBUG    Write: '7EA 06 41 20 80 01 A0 01 \r7E8 06 41 20 90 15 B0 15 \r\r>'
2024-09-04 18:42:07,221  root       run        DEBUG    Received '0140'
2024-09-04 18:42:07,221  root       handle_request DEBUG    Handling: '0140', header '7E0', ECU '7E0'
2024-09-04 18:42:07,222  root       handle_request DEBUG    Description: PIDS_C, PID ELM_PIDS_C (0140)
2024-09-04 18:42:07,222  root       handle_response DEBUG    Processing: '<header>7EA</header><size>06</size><data>41 40 44 CC 00 21</data><pos_answer>7A 1C 80 00</pos_answer>'
2024-09-04 18:42:07,223  root       handle_response DEBUG    Write: '7EA 06 41 40 44 CC 00 21 \r7E8 06 41 40 7A 1C 80 00 \r\r>'
2024-09-04 18:42:07,224  root       run        DEBUG    Received '0600'
2024-09-04 18:42:07,225  root       handle_request DEBUG    Handling: '0600', header '7E0', ECU '7E0'
2024-09-04 18:42:07,225  root       handle_request DEBUG    Description: MIDS_A, PID ELM_MIDS_A (0600)
2024-09-04 18:42:07,226  root       handle_response DEBUG    Processing: '<pos_answer>C0 00 00 01</pos_answer>'
2024-09-04 18:42:07,226  root       handle_response DEBUG    Write: '7E8 05 46 C0 00 00 01 \r\r>'
2024-09-04 18:42:07,228  root       run        DEBUG    Received '0900'
2024-09-04 18:42:07,228  root       handle_request DEBUG    Handling: '0900', header '7E0', ECU '7E0'
2024-09-04 18:42:07,229  root       handle_request DEBUG    Description: PIDS_9A, PID ELM_PIDS_9A (0900)
2024-09-04 18:42:07,229  root       handle_response DEBUG    Processing: '<pos_answer>FF FF FF FF</pos_answer>'
2024-09-04 18:42:07,230  root       handle_response DEBUG    Write: '7E8 06 49 00 FF FF FF FF \r\r>'
2024-09-04 18:42:54,055  root       run        DEBUG    Received 'ATZ'
2024-09-04 18:42:54,055  root       handle_request DEBUG    Handling: 'ATZ', header '7E0', ECU '7E0'
2024-09-04 18:42:54,056  root       handle_request DEBUG    Description: AT RESET, PID AT_RESET (ATZ)
2024-09-04 18:42:54,056  root       reset      DEBUG    Resetting counters and sleeping for 0.5 seconds
2024-09-04 18:42:54,557  root       <module>   DEBUG    Reset and sleep 0.5 seconds
2024-09-04 18:42:54,557  root       handle_response DEBUG    Processing: '<writeln></writeln><writeln></writeln><writeln>ELM327 v1.5</writeln>'
2024-09-04 18:42:54,558  root       handle_response DEBUG    Write: '\r\rELM327 v1.5\r\r>'
2024-09-04 18:42:55,057  root       run        DEBUG    Received 'ATE0'
2024-09-04 18:42:55,057  root       handle_request DEBUG    Handling: 'ATE0', header '7E0', ECU '7E0'
2024-09-04 18:42:55,058  root       handle_request DEBUG    Description: AT ECHO, PID AT_ECHO (ATE0)
2024-09-04 18:42:55,059  root       <module>   DEBUG    set ECHO ON/OFF : False
2024-09-04 18:42:55,059  root       handle_response DEBUG    Processing: '<writeln>OK</writeln>'
2024-09-04 18:42:55,060  root       handle_response DEBUG    Write: 'OK\r\r>'
2024-09-04 18:42:55,061  root       run        DEBUG    Received 'ATH1'
2024-09-04 18:42:55,061  root       handle_request DEBUG    Handling: 'ATH1', header '7E0', ECU '7E0'
2024-09-04 18:42:55,062  root       handle_request DEBUG    Description: AT HEADERS, PID AT_USE_HEADERS (ATH1)
2024-09-04 18:42:55,063  root       <module>   DEBUG    set HEADERS ON/OFF : True
2024-09-04 18:42:55,063  root       handle_response DEBUG    Processing: '<writeln>OK</writeln>'
2024-09-04 18:42:55,064  root       handle_response DEBUG    Write: 'OK\r\r>'
2024-09-04 18:42:55,065  root       run        DEBUG    Received 'ATL0'
2024-09-04 18:42:55,065  root       handle_request DEBUG    Handling: 'ATL0', header '7E0', ECU '7E0'
2024-09-04 18:42:55,066  root       handle_request DEBUG    Description: AT LINEFEEDS, PID AT_LINEFEEDS (ATL0)
2024-09-04 18:42:55,067  root       <module>   DEBUG    set LINEFEEDS ON/OFF : False
2024-09-04 18:42:55,067  root       handle_response DEBUG    Processing: '<writeln>OK</writeln>'
2024-09-04 18:42:55,068  root       handle_response DEBUG    Write: 'OK\r\r>'
2024-09-04 18:42:55,069  root       run        DEBUG    Received 'AT RV'
2024-09-04 18:42:55,069  root       handle_request DEBUG    Handling: 'ATRV', header '7E0', ECU '7E0'
2024-09-04 18:42:55,070  root       handle_request DEBUG    Description: AT read volt, PID AT_R_VOLT (ATRV)
2024-09-04 18:42:55,071  root       <module>   DEBUG    Volt = 13.8
2024-09-04 18:42:55,071  root       handle_response DEBUG    Processing: '<string>13.8</string><writeln>V</writeln>'
2024-09-04 18:42:55,072  root       handle_response DEBUG    Write: '13.8V\r\r>'
2024-09-04 18:42:55,073  root       run        DEBUG    Received 'ATSP0'
2024-09-04 18:42:55,073  root       handle_request DEBUG    Handling: 'ATSP0', header '7E0', ECU '7E0'
2024-09-04 18:42:55,074  root       handle_request DEBUG    Description: AT PROTO, PID AT_PROTO (ATSP0)
2024-09-04 18:42:55,075  root       <module>   DEBUG    set PROTO 0
2024-09-04 18:42:55,075  root       handle_response DEBUG    Processing: '<writeln>OK</writeln>'
2024-09-04 18:42:55,076  root       handle_response DEBUG    Write: 'OK\r\r>'
2024-09-04 18:42:56,073  root       run        DEBUG    Received '0100'
2024-09-04 18:42:56,074  root       handle_request DEBUG    Handling: '0100', header '7E0', ECU '7E0'
2024-09-04 18:42:56,074  root       handle_request DEBUG    UDS P3 timer expired: running stop() method for ECU task "Default ECU Task module", ECU="7E0".
2024-09-04 18:42:56,075  root       handle_request DEBUG    Description: PIDS_A, PID ELM_PIDS_A (0100)
2024-09-04 18:42:56,075  root       handle_response DEBUG    Processing: '<string>SEARCHING...</string><exec>time.sleep(3)</exec><writeln></writeln><header>7EA</header><size>06</size><data>41 00 98 3A 80 13</data><pos_answer>BE 3F A8 13</pos_answer>'
2024-09-04 18:42:56,076  root       handle_response DEBUG    Write: 'SEARCHING...'
2024-09-04 18:42:59,077  root       handle_response DEBUG    Evaluated command: time.sleep(3) -> None
2024-09-04 18:42:59,078  root       handle_response DEBUG    Write: '\r7EA 06 41 00 98 3A 80 13 \r7E8 06 41 00 BE 3F A8 13 \r\r>'
2024-09-04 18:42:59,079  root       run        DEBUG    Received 'ATDPN'
2024-09-04 18:42:59,080  root       handle_request DEBUG    Handling: 'ATDPN', header '7E0', ECU '7E0'
2024-09-04 18:42:59,081  root       handle_request DEBUG    Description: AT Display Protocol Number, PID AT_DESCRIBE_PROTO_N (ATDPN)
2024-09-04 18:42:59,582  root       handle_response DEBUG    Processing: '<writeln>A6</writeln>'
2024-09-04 18:42:59,582  root       handle_response DEBUG    Write: 'A6\r\r>'
2024-09-04 18:42:59,585  root       run        DEBUG    Received '0100'
2024-09-04 18:42:59,585  root       handle_request DEBUG    Handling: '0100', header '7E0', ECU '7E0'
2024-09-04 18:42:59,586  root       handle_request DEBUG    Description: PIDS_A, PID ELM_PIDS_A (0100)
2024-09-04 18:42:59,586  root       handle_response DEBUG    Processing: '<header>7EA</header><size>06</size><data>41 00 98 3A 80 13</data><pos_answer>BE 3F A8 13</pos_answer>'
2024-09-04 18:42:59,587  root       handle_response DEBUG    Write: '7EA 06 41 00 98 3A 80 13 \r7E8 06 41 00 BE 3F A8 13 \r\r>'
2024-09-04 18:42:59,589  root       run        DEBUG    Received '0120'
2024-09-04 18:42:59,589  root       handle_request DEBUG    Handling: '0120', header '7E0', ECU '7E0'
2024-09-04 18:42:59,590  root       handle_request DEBUG    Description: PIDS_B, PID ELM_PIDS_B (0120)
2024-09-04 18:42:59,590  root       handle_response DEBUG    Processing: '<header>7EA</header><size>06</size><data>41 20 80 01 A0 01</data><pos_answer>90 15 B0 15</pos_answer>'
2024-09-04 18:42:59,591  root       handle_response DEBUG    Write: '7EA 06 41 20 80 01 A0 01 \r7E8 06 41 20 90 15 B0 15 \r\r>'
2024-09-04 18:42:59,592  root       run        DEBUG    Received '0140'
2024-09-04 18:42:59,593  root       handle_request DEBUG    Handling: '0140', header '7E0', ECU '7E0'
2024-09-04 18:42:59,594  root       handle_request DEBUG    Description: PIDS_C, PID ELM_PIDS_C (0140)
2024-09-04 18:42:59,594  root       handle_response DEBUG    Processing: '<header>7EA</header><size>06</size><data>41 40 44 CC 00 21</data><pos_answer>7A 1C 80 00</pos_answer>'
2024-09-04 18:42:59,595  root       handle_response DEBUG    Write: '7EA 06 41 40 44 CC 00 21 \r7E8 06 41 40 7A 1C 80 00 \r\r>'
2024-09-04 18:42:59,597  root       run        DEBUG    Received '0600'
2024-09-04 18:42:59,597  root       handle_request DEBUG    Handling: '0600', header '7E0', ECU '7E0'
2024-09-04 18:42:59,598  root       handle_request DEBUG    Description: MIDS_A, PID ELM_MIDS_A (0600)
2024-09-04 18:42:59,598  root       handle_response DEBUG    Processing: '<pos_answer>C0 00 00 01</pos_answer>'
2024-09-04 18:42:59,598  root       handle_response DEBUG    Write: '7E8 05 46 C0 00 00 01 \r\r>'
2024-09-04 18:42:59,600  root       run        DEBUG    Received '0900'
2024-09-04 18:42:59,600  root       handle_request DEBUG    Handling: '0900', header '7E0', ECU '7E0'
2024-09-04 18:42:59,601  root       handle_request DEBUG    Description: PIDS_9A, PID ELM_PIDS_9A (0900)
2024-09-04 18:42:59,601  root       handle_response DEBUG    Processing: '<pos_answer>FF FF FF FF</pos_answer>'
2024-09-04 18:42:59,602  root       handle_response DEBUG    Write: '7E8 06 49 00 FF FF FF FF \r\r>'
2024-09-04 18:42:59,605  root       run        DEBUG    Received '020C'
2024-09-04 18:42:59,605  root       handle_request DEBUG    Handling: '020C', header '7E0', ECU '7E0'
2024-09-04 18:42:59,606  root       handle_request INFO     Unknown request: '020C', header=7E0
2024-09-04 18:42:59,607  root       handle_response DEBUG    Processing: '<writeln>NO DATA</writeln>'
2024-09-04 18:42:59,607  root       handle_response DEBUG    Write: 'NO DATA\r\r>'
2024-09-04 18:42:59,858  root       run        DEBUG    Received '020C1'
2024-09-04 18:42:59,859  root       handle_request DEBUG    Handling: '020C1', header '7E0', ECU '7E0'
2024-09-04 18:42:59,860  root       handle_request INFO     Unknown ELM command: '020C1', header=7E0
2024-09-04 18:42:59,861  root       handle_response DEBUG    Processing: '<writeln>?</writeln>'
2024-09-04 18:42:59,861  root       handle_response DEBUG    Write: '?\r\r>'
2024-09-04 18:43:00,112  root       run        DEBUG    repeating previous command: '020C1'
2024-09-04 18:43:00,113  root       handle_request DEBUG    Handling: '020C1', header '7E0', ECU '7E0'
2024-09-04 18:43:00,114  root       handle_request INFO     Unknown ELM command: '020C1', header=7E0
2024-09-04 18:43:00,114  root       handle_response DEBUG    Processing: '<writeln>?</writeln>'
2024-09-04 18:43:00,115  root       handle_response DEBUG    Write: '?\r\r>'
2024-09-04 18:43:00,366  root       run        DEBUG    repeating previous command: '020C1'
2024-09-04 18:43:00,367  root       handle_request DEBUG    Handling: '020C1', header '7E0', ECU '7E0'
2024-09-04 18:43:00,368  root       handle_request INFO     Unknown ELM command: '020C1', header=7E0
2024-09-04 18:43:00,368  root       handle_response DEBUG    Processing: '<writeln>?</writeln>'
2024-09-04 18:43:00,369  root       handle_response DEBUG    Write: '?\r\r>'
2024-09-04 18:43:00,620  root       run        DEBUG    repeating previous command: '020C1'
2024-09-04 18:43:00,621  root       handle_request DEBUG    Handling: '020C1', header '7E0', ECU '7E0'
2024-09-04 18:43:00,622  root       handle_request INFO     Unknown ELM command: '020C1', header=7E0
2024-09-04 18:43:00,623  root       handle_response DEBUG    Processing: '<writeln>?</writeln>'
2024-09-04 18:43:00,623  root       handle_response DEBUG    Write: '?\r\r>'
2024-09-04 18:43:00,875  root       run        DEBUG    repeating previous command: '020C1'
2024-09-04 18:43:00,875  root       handle_request DEBUG    Handling: '020C1', header '7E0', ECU '7E0'
2024-09-04 18:43:00,876  root       handle_request INFO     Unknown ELM command: '020C1', header=7E0
2024-09-04 18:43:00,877  root       handle_response DEBUG    Processing: '<writeln>?</writeln>'
2024-09-04 18:43:00,877  root       handle_response DEBUG    Write: '?\r\r>'
2024-09-04 18:43:01,129  root       run        DEBUG    repeating previous command: '020C1'
2024-09-04 18:43:01,129  root       handle_request DEBUG    Handling: '020C1', header '7E0', ECU '7E0'
2024-09-04 18:43:01,130  root       handle_request INFO     Unknown ELM command: '020C1', header=7E0
2024-09-04 18:43:01,131  root       handle_response DEBUG    Processing: '<writeln>?</writeln>'
2024-09-04 18:43:01,131  root       handle_response DEBUG    Write: '?\r\r>'
2024-09-04 18:43:01,383  root       run        DEBUG    repeating previous command: '020C1'
2024-09-04 18:43:01,383  root       handle_request DEBUG    Handling: '020C1', header '7E0', ECU '7E0'
2024-09-04 18:43:01,384  root       handle_request INFO     Unknown ELM command: '020C1', header=7E0
2024-09-04 18:43:01,385  root       handle_response DEBUG    Processing: '<writeln>?</writeln>'
2024-09-04 18:43:01,385  root       handle_response DEBUG    Write: '?\r\r>'
2024-09-04 18:43:01,637  root       run        DEBUG    repeating previous command: '020C1'
2024-09-04 18:43:01,637  root       handle_request DEBUG    Handling: '020C1', header '7E0', ECU '7E0'
2024-09-04 18:43:01,638  root       handle_request INFO     Unknown ELM command: '020C1', header=7E0
2024-09-04 18:43:01,639  root       handle_response DEBUG    Processing: '<writeln>?</writeln>'
2024-09-04 18:43:01,639  root       handle_response DEBUG    Write: '?\r\r>'
2024-09-04 18:43:01,891  root       run        DEBUG    repeating previous command: '020C1'
2024-09-04 18:43:01,891  root       handle_request DEBUG    Handling: '020C1', header '7E0', ECU '7E0'
2024-09-04 18:43:01,893  root       handle_request INFO     Unknown ELM command: '020C1', header=7E0
2024-09-04 18:43:01,896  root       handle_response DEBUG    Processing: '<writeln>?</writeln>'
2024-09-04 18:43:01,896  root       handle_response DEBUG    Write: '?\r\r>'
2024-09-04 18:43:02,148  root       run        DEBUG    repeating previous command: '020C1'
2024-09-04 18:43:02,149  root       handle_request DEBUG    Handling: '020C1', header '7E0', ECU '7E0'
2024-09-04 18:43:02,150  root       handle_request INFO     Unknown ELM command: '020C1', header=7E0
2024-09-04 18:43:02,151  root       handle_response DEBUG    Processing: '<writeln>?</writeln>'
2024-09-04 18:43:02,151  root       handle_response DEBUG    Write: '?\r\r>'
2024-09-04 18:43:21,231  root       run        DEBUG    Received 'ATZ'
2024-09-04 18:43:21,231  root       handle_request DEBUG    Handling: 'ATZ', header '7E0', ECU '7E0'
2024-09-04 18:43:21,231  root       handle_request DEBUG    Description: AT RESET, PID AT_RESET (ATZ)
2024-09-04 18:43:21,231  root       reset      DEBUG    Resetting counters and sleeping for 0.5 seconds
2024-09-04 18:43:21,732  root       <module>   DEBUG    Reset and sleep 0.5 seconds
2024-09-04 18:43:21,732  root       handle_response DEBUG    Processing: '<writeln></writeln><writeln></writeln><writeln>ELM327 v1.5</writeln>'
2024-09-04 18:43:21,733  root       handle_response DEBUG    Write: '\r\rELM327 v1.5\r\r>'
2024-09-04 18:43:22,232  root       run        DEBUG    Received 'ATE0'
2024-09-04 18:43:22,233  root       handle_request DEBUG    Handling: 'ATE0', header '7E0', ECU '7E0'
2024-09-04 18:43:22,234  root       handle_request DEBUG    Description: AT ECHO, PID AT_ECHO (ATE0)
2024-09-04 18:43:22,234  root       <module>   DEBUG    set ECHO ON/OFF : False
2024-09-04 18:43:22,235  root       handle_response DEBUG    Processing: '<writeln>OK</writeln>'
2024-09-04 18:43:22,235  root       handle_response DEBUG    Write: 'OK\r\r>'
2024-09-04 18:43:22,235  root       run        DEBUG    Received 'ATH1'
2024-09-04 18:43:22,235  root       handle_request DEBUG    Handling: 'ATH1', header '7E0', ECU '7E0'
2024-09-04 18:43:22,236  root       handle_request DEBUG    Description: AT HEADERS, PID AT_USE_HEADERS (ATH1)
2024-09-04 18:43:22,236  root       <module>   DEBUG    set HEADERS ON/OFF : True
2024-09-04 18:43:22,236  root       handle_response DEBUG    Processing: '<writeln>OK</writeln>'
2024-09-04 18:43:22,236  root       handle_response DEBUG    Write: 'OK\r\r>'
2024-09-04 18:43:22,236  root       run        DEBUG    Received 'ATL0'
2024-09-04 18:43:22,237  root       handle_request DEBUG    Handling: 'ATL0', header '7E0', ECU '7E0'
2024-09-04 18:43:22,237  root       handle_request DEBUG    Description: AT LINEFEEDS, PID AT_LINEFEEDS (ATL0)
2024-09-04 18:43:22,237  root       <module>   DEBUG    set LINEFEEDS ON/OFF : False
2024-09-04 18:43:22,237  root       handle_response DEBUG    Processing: '<writeln>OK</writeln>'
2024-09-04 18:43:22,237  root       handle_response DEBUG    Write: 'OK\r\r>'
2024-09-04 18:43:22,237  root       run        DEBUG    Received 'AT RV'
2024-09-04 18:43:22,238  root       handle_request DEBUG    Handling: 'ATRV', header '7E0', ECU '7E0'
2024-09-04 18:43:22,238  root       handle_request DEBUG    Description: AT read volt, PID AT_R_VOLT (ATRV)
2024-09-04 18:43:22,238  root       <module>   DEBUG    Volt = 13.7
2024-09-04 18:43:22,238  root       handle_response DEBUG    Processing: '<string>13.7</string><writeln>V</writeln>'
2024-09-04 18:43:22,238  root       handle_response DEBUG    Write: '13.7V\r\r>'
2024-09-04 18:43:22,239  root       run        DEBUG    Received 'ATSP0'
2024-09-04 18:43:22,239  root       handle_request DEBUG    Handling: 'ATSP0', header '7E0', ECU '7E0'
2024-09-04 18:43:22,239  root       handle_request DEBUG    Description: AT PROTO, PID AT_PROTO (ATSP0)
2024-09-04 18:43:22,239  root       <module>   DEBUG    set PROTO 0
2024-09-04 18:43:22,239  root       handle_response DEBUG    Processing: '<writeln>OK</writeln>'
2024-09-04 18:43:22,239  root       handle_response DEBUG    Write: 'OK\r\r>'
2024-09-04 18:43:23,239  root       run        DEBUG    Received '0100'
2024-09-04 18:43:23,239  root       handle_request DEBUG    Handling: '0100', header '7E0', ECU '7E0'
2024-09-04 18:43:23,239  root       handle_request DEBUG    UDS P3 timer expired: running stop() method for ECU task "Default ECU Task module", ECU="7E0".
2024-09-04 18:43:23,239  root       handle_request DEBUG    Description: PIDS_A, PID ELM_PIDS_A (0100)
2024-09-04 18:43:23,239  root       handle_response DEBUG    Processing: '<string>SEARCHING...</string><exec>time.sleep(3)</exec><writeln></writeln><header>7EA</header><size>06</size><data>41 00 98 3A 80 13</data><pos_answer>BE 3F A8 13</pos_answer>'
2024-09-04 18:43:23,240  root       handle_response DEBUG    Write: 'SEARCHING...'
2024-09-04 18:43:26,240  root       handle_response DEBUG    Evaluated command: time.sleep(3) -> None
2024-09-04 18:43:26,241  root       handle_response DEBUG    Write: '\r7EA 06 41 00 98 3A 80 13 \r7E8 06 41 00 BE 3F A8 13 \r\r>'
2024-09-04 18:43:26,242  root       run        DEBUG    Received 'ATDPN'
2024-09-04 18:43:26,243  root       handle_request DEBUG    Handling: 'ATDPN', header '7E0', ECU '7E0'
2024-09-04 18:43:26,243  root       handle_request DEBUG    Description: AT Display Protocol Number, PID AT_DESCRIBE_PROTO_N (ATDPN)
2024-09-04 18:43:26,744  root       handle_response DEBUG    Processing: '<writeln>A6</writeln>'
2024-09-04 18:43:26,745  root       handle_response DEBUG    Write: 'A6\r\r>'
2024-09-04 18:43:26,747  root       run        DEBUG    Received '0100'
2024-09-04 18:43:26,748  root       handle_request DEBUG    Handling: '0100', header '7E0', ECU '7E0'
2024-09-04 18:43:26,748  root       handle_request DEBUG    Description: PIDS_A, PID ELM_PIDS_A (0100)
2024-09-04 18:43:26,749  root       handle_response DEBUG    Processing: '<header>7EA</header><size>06</size><data>41 00 98 3A 80 13</data><pos_answer>BE 3F A8 13</pos_answer>'
2024-09-04 18:43:26,749  root       handle_response DEBUG    Write: '7EA 06 41 00 98 3A 80 13 \r7E8 06 41 00 BE 3F A8 13 \r\r>'
2024-09-04 18:43:26,751  root       run        DEBUG    Received '0120'
2024-09-04 18:43:26,751  root       handle_request DEBUG    Handling: '0120', header '7E0', ECU '7E0'
2024-09-04 18:43:26,752  root       handle_request DEBUG    Description: PIDS_B, PID ELM_PIDS_B (0120)
2024-09-04 18:43:26,752  root       handle_response DEBUG    Processing: '<header>7EA</header><size>06</size><data>41 20 80 01 A0 01</data><pos_answer>90 15 B0 15</pos_answer>'
2024-09-04 18:43:26,753  root       handle_response DEBUG    Write: '7EA 06 41 20 80 01 A0 01 \r7E8 06 41 20 90 15 B0 15 \r\r>'
2024-09-04 18:43:26,754  root       run        DEBUG    Received '0140'
2024-09-04 18:43:26,755  root       handle_request DEBUG    Handling: '0140', header '7E0', ECU '7E0'
2024-09-04 18:43:26,755  root       handle_request DEBUG    Description: PIDS_C, PID ELM_PIDS_C (0140)
2024-09-04 18:43:26,756  root       handle_response DEBUG    Processing: '<header>7EA</header><size>06</size><data>41 40 44 CC 00 21</data><pos_answer>7A 1C 80 00</pos_answer>'
2024-09-04 18:43:26,756  root       handle_response DEBUG    Write: '7EA 06 41 40 44 CC 00 21 \r7E8 06 41 40 7A 1C 80 00 \r\r>'
2024-09-04 18:43:26,758  root       run        DEBUG    Received '0600'
2024-09-04 18:43:26,758  root       handle_request DEBUG    Handling: '0600', header '7E0', ECU '7E0'
2024-09-04 18:43:26,759  root       handle_request DEBUG    Description: MIDS_A, PID ELM_MIDS_A (0600)
2024-09-04 18:43:26,759  root       handle_response DEBUG    Processing: '<pos_answer>C0 00 00 01</pos_answer>'
2024-09-04 18:43:26,759  root       handle_response DEBUG    Write: '7E8 05 46 C0 00 00 01 \r\r>'
2024-09-04 18:43:26,761  root       run        DEBUG    Received '0900'
2024-09-04 18:43:26,761  root       handle_request DEBUG    Handling: '0900', header '7E0', ECU '7E0'
2024-09-04 18:43:26,762  root       handle_request DEBUG    Description: PIDS_9A, PID ELM_PIDS_9A (0900)
2024-09-04 18:43:26,762  root       handle_response DEBUG    Processing: '<pos_answer>FF FF FF FF</pos_answer>'
2024-09-04 18:43:26,762  root       handle_response DEBUG    Write: '7E8 06 49 00 FF FF FF FF \r\r>'
2024-09-04 18:43:26,765  root       run        DEBUG    Received '03'
2024-09-04 18:43:26,766  root       handle_request DEBUG    Handling: '03', header '7E0', ECU '7E0'
2024-09-04 18:43:26,767  root       handle_request INFO     Unknown request: '03', header=7E0
2024-09-04 18:43:26,767  root       handle_response DEBUG    Processing: '<writeln>NO DATA</writeln>'
2024-09-04 18:43:26,768  root       handle_response DEBUG    Write: 'NO DATA\r\r>'
2024-09-04 18:43:27,019  root       run        DEBUG    repeating previous command: '03'
2024-09-04 18:43:27,020  root       handle_request DEBUG    Handling: '03', header '7E0', ECU '7E0'
2024-09-04 18:43:27,021  root       handle_request INFO     Unknown request: '03', header=7E0
2024-09-04 18:43:27,021  root       handle_response DEBUG    Processing: '<writeln>NO DATA</writeln>'
2024-09-04 18:43:27,022  root       handle_response DEBUG    Write: 'NO DATA\r\r>'
2024-09-04 18:43:27,273  root       run        DEBUG    repeating previous command: '03'
2024-09-04 18:43:27,274  root       handle_request DEBUG    Handling: '03', header '7E0', ECU '7E0'
2024-09-04 18:43:27,275  root       handle_request INFO     Unknown request: '03', header=7E0
2024-09-04 18:43:27,275  root       handle_response DEBUG    Processing: '<writeln>NO DATA</writeln>'
2024-09-04 18:43:27,276  root       handle_response DEBUG    Write: 'NO DATA\r\r>'
2024-09-04 18:43:27,527  root       run        DEBUG    repeating previous command: '03'
2024-09-04 18:43:27,528  root       handle_request DEBUG    Handling: '03', header '7E0', ECU '7E0'
2024-09-04 18:43:27,529  root       handle_request INFO     Unknown request: '03', header=7E0
2024-09-04 18:43:27,530  root       handle_response DEBUG    Processing: '<writeln>NO DATA</writeln>'
2024-09-04 18:43:27,530  root       handle_response DEBUG    Write: 'NO DATA\r\r>'
2024-09-04 18:43:27,782  root       run        DEBUG    repeating previous command: '03'
2024-09-04 18:43:27,782  root       handle_request DEBUG    Handling: '03', header '7E0', ECU '7E0'
2024-09-04 18:43:27,784  root       handle_request INFO     Unknown request: '03', header=7E0
2024-09-04 18:43:27,784  root       handle_response DEBUG    Processing: '<writeln>NO DATA</writeln>'
2024-09-04 18:43:27,785  root       handle_response DEBUG    Write: 'NO DATA\r\r>'
2024-09-04 18:43:28,037  root       run        DEBUG    repeating previous command: '03'
2024-09-04 18:43:28,037  root       handle_request DEBUG    Handling: '03', header '7E0', ECU '7E0'
2024-09-04 18:43:28,039  root       handle_request INFO     Unknown request: '03', header=7E0
2024-09-04 18:43:28,039  root       handle_response DEBUG    Processing: '<writeln>NO DATA</writeln>'
2024-09-04 18:43:28,039  root       handle_response DEBUG    Write: 'NO DATA\r\r>'
2024-09-04 18:43:28,291  root       run        DEBUG    repeating previous command: '03'
2024-09-04 18:43:28,292  root       handle_request DEBUG    Handling: '03', header '7E0', ECU '7E0'
2024-09-04 18:43:28,293  root       handle_request INFO     Unknown request: '03', header=7E0
2024-09-04 18:43:28,295  root       handle_response DEBUG    Processing: '<writeln>NO DATA</writeln>'
2024-09-04 18:43:28,295  root       handle_response DEBUG    Write: 'NO DATA\r\r>'
2024-09-04 18:43:28,547  root       run        DEBUG    repeating previous command: '03'
2024-09-04 18:43:28,548  root       handle_request DEBUG    Handling: '03', header '7E0', ECU '7E0'
2024-09-04 18:43:28,549  root       handle_request INFO     Unknown request: '03', header=7E0
2024-09-04 18:43:28,549  root       handle_response DEBUG    Processing: '<writeln>NO DATA</writeln>'
2024-09-04 18:43:28,550  root       handle_response DEBUG    Write: 'NO DATA\r\r>'
2024-09-04 18:43:28,801  root       run        DEBUG    repeating previous command: '03'
2024-09-04 18:43:28,802  root       handle_request DEBUG    Handling: '03', header '7E0', ECU '7E0'
2024-09-04 18:43:28,803  root       handle_request INFO     Unknown request: '03', header=7E0
2024-09-04 18:43:28,803  root       handle_response DEBUG    Processing: '<writeln>NO DATA</writeln>'
2024-09-04 18:43:28,804  root       handle_response DEBUG    Write: 'NO DATA\r\r>'
2024-09-04 18:43:29,055  root       run        DEBUG    repeating previous command: '03'
2024-09-04 18:43:29,056  root       handle_request DEBUG    Handling: '03', header '7E0', ECU '7E0'
2024-09-04 18:43:29,057  root       handle_request INFO     Unknown request: '03', header=7E0
2024-09-04 18:43:29,057  root       handle_response DEBUG    Processing: '<writeln>NO DATA</writeln>'
2024-09-04 18:43:29,058  root       handle_response DEBUG    Write: 'NO DATA\r\r>'
2024-09-04 18:43:29,309  root       run        DEBUG    repeating previous command: '03'
2024-09-04 18:43:29,310  root       handle_request DEBUG    Handling: '03', header '7E0', ECU '7E0'
2024-09-04 18:43:29,311  root       handle_request INFO     Unknown request: '03', header=7E0
2024-09-04 18:43:29,311  root       handle_response DEBUG    Processing: '<writeln>NO DATA</writeln>'
2024-09-04 18:43:29,312  root       handle_response DEBUG    Write: 'NO DATA\r\r>'
2024-09-04 18:43:29,563  root       run        DEBUG    repeating previous command: '03'
2024-09-04 18:43:29,564  root       handle_request DEBUG    Handling: '03', header '7E0', ECU '7E0'
2024-09-04 18:43:29,565  root       handle_request INFO     Unknown request: '03', header=7E0
2024-09-04 18:43:29,566  root       handle_response DEBUG    Processing: '<writeln>NO DATA</writeln>'
2024-09-04 18:43:29,566  root       handle_response DEBUG    Write: 'NO DATA\r\r>'
2024-09-04 18:43:29,818  root       run        DEBUG    repeating previous command: '03'
2024-09-04 18:43:29,818  root       handle_request DEBUG    Handling: '03', header '7E0', ECU '7E0'
2024-09-04 18:43:29,820  root       handle_request INFO     Unknown request: '03', header=7E0
2024-09-04 18:43:29,820  root       handle_response DEBUG    Processing: '<writeln>NO DATA</writeln>'
2024-09-04 18:43:29,820  root       handle_response DEBUG    Write: 'NO DATA\r\r>'
2024-09-04 18:43:30,072  root       run        DEBUG    repeating previous command: '03'
2024-09-04 18:43:30,073  root       handle_request DEBUG    Handling: '03', header '7E0', ECU '7E0'
2024-09-04 18:43:30,074  root       handle_request INFO     Unknown request: '03', header=7E0
2024-09-04 18:43:30,074  root       handle_response DEBUG    Processing: '<writeln>NO DATA</writeln>'
2024-09-04 18:43:30,075  root       handle_response DEBUG    Write: 'NO DATA\r\r>'
2024-09-04 18:43:30,326  root       run        DEBUG    repeating previous command: '03'
2024-09-04 18:43:30,327  root       handle_request DEBUG    Handling: '03', header '7E0', ECU '7E0'
2024-09-04 18:43:30,328  root       handle_request INFO     Unknown request: '03', header=7E0
2024-09-04 18:43:30,329  root       handle_response DEBUG    Processing: '<writeln>NO DATA</writeln>'
2024-09-04 18:43:30,329  root       handle_response DEBUG    Write: 'NO DATA\r\r>'
2024-09-04 18:43:30,581  root       run        DEBUG    repeating previous command: '03'
2024-09-04 18:43:30,581  root       handle_request DEBUG    Handling: '03', header '7E0', ECU '7E0'
2024-09-04 18:43:30,582  root       handle_request INFO     Unknown request: '03', header=7E0
2024-09-04 18:43:30,583  root       handle_response DEBUG    Processing: '<writeln>NO DATA</writeln>'
2024-09-04 18:43:30,583  root       handle_response DEBUG    Write: 'NO DATA\r\r>'
2024-09-04 18:43:30,835  root       run        DEBUG    repeating previous command: '03'
2024-09-04 18:43:30,835  root       handle_request DEBUG    Handling: '03', header '7E0', ECU '7E0'
2024-09-04 18:43:30,837  root       handle_request INFO     Unknown request: '03', header=7E0
2024-09-04 18:43:30,837  root       handle_response DEBUG    Processing: '<writeln>NO DATA</writeln>'
2024-09-04 18:43:30,838  root       handle_response DEBUG    Write: 'NO DATA\r\r>'
2024-09-04 18:43:31,089  root       run        DEBUG    repeating previous command: '03'
2024-09-04 18:43:31,090  root       handle_request DEBUG    Handling: '03', header '7E0', ECU '7E0'
2024-09-04 18:43:31,091  root       handle_request INFO     Unknown request: '03', header=7E0
2024-09-04 18:43:31,091  root       handle_response DEBUG    Processing: '<writeln>NO DATA</writeln>'
2024-09-04 18:43:31,092  root       handle_response DEBUG    Write: 'NO DATA\r\r>'
2024-09-04 18:43:31,343  root       run        DEBUG    repeating previous command: '03'
2024-09-04 18:43:31,344  root       handle_request DEBUG    Handling: '03', header '7E0', ECU '7E0'
2024-09-04 18:43:31,345  root       handle_request INFO     Unknown request: '03', header=7E0
2024-09-04 18:43:31,346  root       handle_response DEBUG    Processing: '<writeln>NO DATA</writeln>'
2024-09-04 18:43:31,346  root       handle_response DEBUG    Write: 'NO DATA\r\r>'
2024-09-04 18:44:10,841  root       run        DEBUG    Received 'ATZ'
2024-09-04 18:44:10,841  root       handle_request DEBUG    Handling: 'ATZ', header '7E0', ECU '7E0'
2024-09-04 18:44:10,842  root       handle_request DEBUG    Description: AT RESET, PID AT_RESET (ATZ)
2024-09-04 18:44:10,842  root       reset      DEBUG    Resetting counters and sleeping for 0.5 seconds
2024-09-04 18:44:11,342  root       <module>   DEBUG    Reset and sleep 0.5 seconds
2024-09-04 18:44:11,343  root       handle_response DEBUG    Processing: '<writeln></writeln><writeln></writeln><writeln>ELM327 v1.5</writeln>'
2024-09-04 18:44:11,343  root       handle_response DEBUG    Write: '\r\rELM327 v1.5\r\r>'
2024-09-04 18:44:11,843  root       run        DEBUG    Received 'ATE0'
2024-09-04 18:44:11,843  root       handle_request DEBUG    Handling: 'ATE0', header '7E0', ECU '7E0'
2024-09-04 18:44:11,844  root       handle_request DEBUG    Description: AT ECHO, PID AT_ECHO (ATE0)
2024-09-04 18:44:11,845  root       <module>   DEBUG    set ECHO ON/OFF : False
2024-09-04 18:44:11,845  root       handle_response DEBUG    Processing: '<writeln>OK</writeln>'
2024-09-04 18:44:11,845  root       handle_response DEBUG    Write: 'OK\r\r>'
2024-09-04 18:44:11,846  root       run        DEBUG    Received 'ATH1'
2024-09-04 18:44:11,847  root       handle_request DEBUG    Handling: 'ATH1', header '7E0', ECU '7E0'
2024-09-04 18:44:11,848  root       handle_request DEBUG    Description: AT HEADERS, PID AT_USE_HEADERS (ATH1)
2024-09-04 18:44:11,848  root       <module>   DEBUG    set HEADERS ON/OFF : True
2024-09-04 18:44:11,849  root       handle_response DEBUG    Processing: '<writeln>OK</writeln>'
2024-09-04 18:44:11,849  root       handle_response DEBUG    Write: 'OK\r\r>'
2024-09-04 18:44:11,850  root       run        DEBUG    Received 'ATL0'
2024-09-04 18:44:11,851  root       handle_request DEBUG    Handling: 'ATL0', header '7E0', ECU '7E0'
2024-09-04 18:44:11,851  root       handle_request DEBUG    Description: AT LINEFEEDS, PID AT_LINEFEEDS (ATL0)
2024-09-04 18:44:11,852  root       <module>   DEBUG    set LINEFEEDS ON/OFF : False
2024-09-04 18:44:11,852  root       handle_response DEBUG    Processing: '<writeln>OK</writeln>'
2024-09-04 18:44:11,853  root       handle_response DEBUG    Write: 'OK\r\r>'
2024-09-04 18:44:11,854  root       run        DEBUG    Received 'AT RV'
2024-09-04 18:44:11,854  root       handle_request DEBUG    Handling: 'ATRV', header '7E0', ECU '7E0'
2024-09-04 18:44:11,855  root       handle_request DEBUG    Description: AT read volt, PID AT_R_VOLT (ATRV)
2024-09-04 18:44:11,856  root       <module>   DEBUG    Volt = 13.6
2024-09-04 18:44:11,856  root       handle_response DEBUG    Processing: '<string>13.6</string><writeln>V</writeln>'
2024-09-04 18:44:11,856  root       handle_response DEBUG    Write: '13.6V\r\r>'
2024-09-04 18:44:11,857  root       run        DEBUG    Received 'ATSP0'
2024-09-04 18:44:11,858  root       handle_request DEBUG    Handling: 'ATSP0', header '7E0', ECU '7E0'
2024-09-04 18:44:11,858  root       handle_request DEBUG    Description: AT PROTO, PID AT_PROTO (ATSP0)
2024-09-04 18:44:11,859  root       <module>   DEBUG    set PROTO 0
2024-09-04 18:44:11,859  root       handle_response DEBUG    Processing: '<writeln>OK</writeln>'
2024-09-04 18:44:11,860  root       handle_response DEBUG    Write: 'OK\r\r>'
2024-09-04 18:44:12,858  root       run        DEBUG    Received '0100'
2024-09-04 18:44:12,859  root       handle_request DEBUG    Handling: '0100', header '7E0', ECU '7E0'
2024-09-04 18:44:12,859  root       handle_request DEBUG    UDS P3 timer expired: running stop() method for ECU task "Default ECU Task module", ECU="7E0".
2024-09-04 18:44:12,859  root       handle_request DEBUG    Description: PIDS_A, PID ELM_PIDS_A (0100)
2024-09-04 18:44:12,860  root       handle_response DEBUG    Processing: '<string>SEARCHING...</string><exec>time.sleep(3)</exec><writeln></writeln><header>7EA</header><size>06</size><data>41 00 98 3A 80 13</data><pos_answer>BE 3F A8 13</pos_answer>'
2024-09-04 18:44:12,860  root       handle_response DEBUG    Write: 'SEARCHING...'
2024-09-04 18:44:15,861  root       handle_response DEBUG    Evaluated command: time.sleep(3) -> None
2024-09-04 18:44:15,862  root       handle_response DEBUG    Write: '\r7EA 06 41 00 98 3A 80 13 \r7E8 06 41 00 BE 3F A8 13 \r\r>'
2024-09-04 18:44:15,863  root       run        DEBUG    Received 'ATDPN'
2024-09-04 18:44:15,864  root       handle_request DEBUG    Handling: 'ATDPN', header '7E0', ECU '7E0'
2024-09-04 18:44:15,865  root       handle_request DEBUG    Description: AT Display Protocol Number, PID AT_DESCRIBE_PROTO_N (ATDPN)
2024-09-04 18:44:16,365  root       handle_response DEBUG    Processing: '<writeln>A6</writeln>'
2024-09-04 18:44:16,366  root       handle_response DEBUG    Write: 'A6\r\r>'
2024-09-04 18:44:16,368  root       run        DEBUG    Received '0100'
2024-09-04 18:44:16,368  root       handle_request DEBUG    Handling: '0100', header '7E0', ECU '7E0'
2024-09-04 18:44:16,369  root       handle_request DEBUG    Description: PIDS_A, PID ELM_PIDS_A (0100)
2024-09-04 18:44:16,369  root       handle_response DEBUG    Processing: '<header>7EA</header><size>06</size><data>41 00 98 3A 80 13</data><pos_answer>BE 3F A8 13</pos_answer>'
2024-09-04 18:44:16,370  root       handle_response DEBUG    Write: '7EA 06 41 00 98 3A 80 13 \r7E8 06 41 00 BE 3F A8 13 \r\r>'
2024-09-04 18:44:16,371  root       run        DEBUG    Received '0120'
2024-09-04 18:44:16,372  root       handle_request DEBUG    Handling: '0120', header '7E0', ECU '7E0'
2024-09-04 18:44:16,372  root       handle_request DEBUG    Description: PIDS_B, PID ELM_PIDS_B (0120)
2024-09-04 18:44:16,373  root       handle_response DEBUG    Processing: '<header>7EA</header><size>06</size><data>41 20 80 01 A0 01</data><pos_answer>90 15 B0 15</pos_answer>'
2024-09-04 18:44:16,373  root       handle_response DEBUG    Write: '7EA 06 41 20 80 01 A0 01 \r7E8 06 41 20 90 15 B0 15 \r\r>'
2024-09-04 18:44:16,375  root       run        DEBUG    Received '0140'
2024-09-04 18:44:16,375  root       handle_request DEBUG    Handling: '0140', header '7E0', ECU '7E0'
2024-09-04 18:44:16,376  root       handle_request DEBUG    Description: PIDS_C, PID ELM_PIDS_C (0140)
2024-09-04 18:44:16,376  root       handle_response DEBUG    Processing: '<header>7EA</header><size>06</size><data>41 40 44 CC 00 21</data><pos_answer>7A 1C 80 00</pos_answer>'
2024-09-04 18:44:16,376  root       handle_response DEBUG    Write: '7EA 06 41 40 44 CC 00 21 \r7E8 06 41 40 7A 1C 80 00 \r\r>'
2024-09-04 18:44:16,378  root       run        DEBUG    Received '0600'
2024-09-04 18:44:16,378  root       handle_request DEBUG    Handling: '0600', header '7E0', ECU '7E0'
2024-09-04 18:44:16,379  root       handle_request DEBUG    Description: MIDS_A, PID ELM_MIDS_A (0600)
2024-09-04 18:44:16,379  root       handle_response DEBUG    Processing: '<pos_answer>C0 00 00 01</pos_answer>'
2024-09-04 18:44:16,380  root       handle_response DEBUG    Write: '7E8 05 46 C0 00 00 01 \r\r>'
2024-09-04 18:44:16,381  root       run        DEBUG    Received '0900'
2024-09-04 18:44:16,381  root       handle_request DEBUG    Handling: '0900', header '7E0', ECU '7E0'
2024-09-04 18:44:16,382  root       handle_request DEBUG    Description: PIDS_9A, PID ELM_PIDS_9A (0900)
2024-09-04 18:44:16,382  root       handle_response DEBUG    Processing: '<pos_answer>FF FF FF FF</pos_answer>'
2024-09-04 18:44:16,383  root       handle_response DEBUG    Write: '7E8 06 49 00 FF FF FF FF \r\r>'
2024-09-04 18:45:06,549  root       run        DEBUG    Received 'ATZ'
2024-09-04 18:45:06,549  root       handle_request DEBUG    Handling: 'ATZ', header '7E0', ECU '7E0'
2024-09-04 18:45:06,549  root       handle_request DEBUG    Description: AT RESET, PID AT_RESET (ATZ)
2024-09-04 18:45:06,550  root       reset      DEBUG    Resetting counters and sleeping for 0.5 seconds
2024-09-04 18:45:07,050  root       <module>   DEBUG    Reset and sleep 0.5 seconds
2024-09-04 18:45:07,051  root       handle_response DEBUG    Processing: '<writeln></writeln><writeln></writeln><writeln>ELM327 v1.5</writeln>'
2024-09-04 18:45:07,051  root       handle_response DEBUG    Write: '\r\rELM327 v1.5\r\r>'
2024-09-04 18:45:07,550  root       run        DEBUG    Received 'ATE0'
2024-09-04 18:45:07,551  root       handle_request DEBUG    Handling: 'ATE0', header '7E0', ECU '7E0'
2024-09-04 18:45:07,552  root       handle_request DEBUG    Description: AT ECHO, PID AT_ECHO (ATE0)
2024-09-04 18:45:07,552  root       <module>   DEBUG    set ECHO ON/OFF : False
2024-09-04 18:45:07,553  root       handle_response DEBUG    Processing: '<writeln>OK</writeln>'
2024-09-04 18:45:07,553  root       handle_response DEBUG    Write: 'OK\r\r>'
2024-09-04 18:45:07,554  root       run        DEBUG    Received 'ATH1'
2024-09-04 18:45:07,555  root       handle_request DEBUG    Handling: 'ATH1', header '7E0', ECU '7E0'
2024-09-04 18:45:07,555  root       handle_request DEBUG    Description: AT HEADERS, PID AT_USE_HEADERS (ATH1)
2024-09-04 18:45:07,556  root       <module>   DEBUG    set HEADERS ON/OFF : True
2024-09-04 18:45:07,556  root       handle_response DEBUG    Processing: '<writeln>OK</writeln>'
2024-09-04 18:45:07,557  root       handle_response DEBUG    Write: 'OK\r\r>'
2024-09-04 18:45:07,558  root       run        DEBUG    Received 'ATL0'
2024-09-04 18:45:07,558  root       handle_request DEBUG    Handling: 'ATL0', header '7E0', ECU '7E0'
2024-09-04 18:45:07,559  root       handle_request DEBUG    Description: AT LINEFEEDS, PID AT_LINEFEEDS (ATL0)
2024-09-04 18:45:07,560  root       <module>   DEBUG    set LINEFEEDS ON/OFF : False
2024-09-04 18:45:07,560  root       handle_response DEBUG    Processing: '<writeln>OK</writeln>'
2024-09-04 18:45:07,560  root       handle_response DEBUG    Write: 'OK\r\r>'
2024-09-04 18:45:07,561  root       run        DEBUG    Received 'AT RV'
2024-09-04 18:45:07,562  root       handle_request DEBUG    Handling: 'ATRV', header '7E0', ECU '7E0'
2024-09-04 18:45:07,563  root       handle_request DEBUG    Description: AT read volt, PID AT_R_VOLT (ATRV)
2024-09-04 18:45:07,563  root       <module>   DEBUG    Volt = 13.5
2024-09-04 18:45:07,563  root       handle_response DEBUG    Processing: '<string>13.5</string><writeln>V</writeln>'
2024-09-04 18:45:07,564  root       handle_response DEBUG    Write: '13.5V\r\r>'
2024-09-04 18:45:07,565  root       run        DEBUG    Received 'ATSP0'
2024-09-04 18:45:07,565  root       handle_request DEBUG    Handling: 'ATSP0', header '7E0', ECU '7E0'
2024-09-04 18:45:07,566  root       handle_request DEBUG    Description: AT PROTO, PID AT_PROTO (ATSP0)
2024-09-04 18:45:07,567  root       <module>   DEBUG    set PROTO 0
2024-09-04 18:45:07,567  root       handle_response DEBUG    Processing: '<writeln>OK</writeln>'
2024-09-04 18:45:07,567  root       handle_response DEBUG    Write: 'OK\r\r>'
2024-09-04 18:45:08,566  root       run        DEBUG    Received '0100'
2024-09-04 18:45:08,566  root       handle_request DEBUG    Handling: '0100', header '7E0', ECU '7E0'
2024-09-04 18:45:08,566  root       handle_request DEBUG    UDS P3 timer expired: running stop() method for ECU task "Default ECU Task module", ECU="7E0".
2024-09-04 18:45:08,567  root       handle_request DEBUG    Description: PIDS_A, PID ELM_PIDS_A (0100)
2024-09-04 18:45:08,567  root       handle_response DEBUG    Processing: '<string>SEARCHING...</string><exec>time.sleep(3)</exec><writeln></writeln><header>7EA</header><size>06</size><data>41 00 98 3A 80 13</data><pos_answer>BE 3F A8 13</pos_answer>'
2024-09-04 18:45:08,568  root       handle_response DEBUG    Write: 'SEARCHING...'
2024-09-04 18:45:11,568  root       handle_response DEBUG    Evaluated command: time.sleep(3) -> None
2024-09-04 18:45:11,569  root       handle_response DEBUG    Write: '\r7EA 06 41 00 98 3A 80 13 \r7E8 06 41 00 BE 3F A8 13 \r\r>'
2024-09-04 18:45:11,570  root       run        DEBUG    Received 'ATDPN'
2024-09-04 18:45:11,571  root       handle_request DEBUG    Handling: 'ATDPN', header '7E0', ECU '7E0'
2024-09-04 18:45:11,572  root       handle_request DEBUG    Description: AT Display Protocol Number, PID AT_DESCRIBE_PROTO_N (ATDPN)
2024-09-04 18:45:12,072  root       handle_response DEBUG    Processing: '<writeln>A6</writeln>'
2024-09-04 18:45:12,073  root       handle_response DEBUG    Write: 'A6\r\r>'
2024-09-04 18:45:12,075  root       run        DEBUG    Received '0100'
2024-09-04 18:45:12,076  root       handle_request DEBUG    Handling: '0100', header '7E0', ECU '7E0'
2024-09-04 18:45:12,076  root       handle_request DEBUG    Description: PIDS_A, PID ELM_PIDS_A (0100)
2024-09-04 18:45:12,077  root       handle_response DEBUG    Processing: '<header>7EA</header><size>06</size><data>41 00 98 3A 80 13</data><pos_answer>BE 3F A8 13</pos_answer>'
2024-09-04 18:45:12,077  root       handle_response DEBUG    Write: '7EA 06 41 00 98 3A 80 13 \r7E8 06 41 00 BE 3F A8 13 \r\r>'
2024-09-04 18:45:12,079  root       run        DEBUG    Received '0120'
2024-09-04 18:45:12,080  root       handle_request DEBUG    Handling: '0120', header '7E0', ECU '7E0'
2024-09-04 18:45:12,080  root       handle_request DEBUG    Description: PIDS_B, PID ELM_PIDS_B (0120)
2024-09-04 18:45:12,081  root       handle_response DEBUG    Processing: '<header>7EA</header><size>06</size><data>41 20 80 01 A0 01</data><pos_answer>90 15 B0 15</pos_answer>'
2024-09-04 18:45:12,081  root       handle_response DEBUG    Write: '7EA 06 41 20 80 01 A0 01 \r7E8 06 41 20 90 15 B0 15 \r\r>'
2024-09-04 18:45:12,082  root       run        DEBUG    Received '0140'
2024-09-04 18:45:12,083  root       handle_request DEBUG    Handling: '0140', header '7E0', ECU '7E0'
2024-09-04 18:45:12,083  root       handle_request DEBUG    Description: PIDS_C, PID ELM_PIDS_C (0140)
2024-09-04 18:45:12,084  root       handle_response DEBUG    Processing: '<header>7EA</header><size>06</size><data>41 40 44 CC 00 21</data><pos_answer>7A 1C 80 00</pos_answer>'
2024-09-04 18:45:12,084  root       handle_response DEBUG    Write: '7EA 06 41 40 44 CC 00 21 \r7E8 06 41 40 7A 1C 80 00 \r\r>'
2024-09-04 18:45:12,086  root       run        DEBUG    Received '0600'
2024-09-04 18:45:12,086  root       handle_request DEBUG    Handling: '0600', header '7E0', ECU '7E0'
2024-09-04 18:45:12,087  root       handle_request DEBUG    Description: MIDS_A, PID ELM_MIDS_A (0600)
2024-09-04 18:45:12,087  root       handle_response DEBUG    Processing: '<pos_answer>C0 00 00 01</pos_answer>'
2024-09-04 18:45:12,087  root       handle_response DEBUG    Write: '7E8 05 46 C0 00 00 01 \r\r>'
2024-09-04 18:45:12,089  root       run        DEBUG    Received '0900'
2024-09-04 18:45:12,089  root       handle_request DEBUG    Handling: '0900', header '7E0', ECU '7E0'
2024-09-04 18:45:12,090  root       handle_request DEBUG    Description: PIDS_9A, PID ELM_PIDS_9A (0900)
2024-09-04 18:45:12,090  root       handle_response DEBUG    Processing: '<pos_answer>FF FF FF FF</pos_answer>'
2024-09-04 18:45:12,090  root       handle_response DEBUG    Write: '7E8 06 49 00 FF FF FF FF \r\r>'
2024-09-04 18:45:28,634  root       run        DEBUG    Received 'ATZ'
2024-09-04 18:45:28,635  root       handle_request DEBUG    Handling: 'ATZ', header '7E0', ECU '7E0'
2024-09-04 18:45:28,635  root       handle_request DEBUG    Description: AT RESET, PID AT_RESET (ATZ)
2024-09-04 18:45:28,635  root       reset      DEBUG    Resetting counters and sleeping for 0.5 seconds
2024-09-04 18:45:29,136  root       <module>   DEBUG    Reset and sleep 0.5 seconds
2024-09-04 18:45:29,136  root       handle_response DEBUG    Processing: '<writeln></writeln><writeln></writeln><writeln>ELM327 v1.5</writeln>'
2024-09-04 18:45:29,137  root       handle_response DEBUG    Write: '\r\rELM327 v1.5\r\r>'
2024-09-04 18:45:29,636  root       run        DEBUG    Received 'ATE0'
2024-09-04 18:45:29,636  root       handle_request DEBUG    Handling: 'ATE0', header '7E0', ECU '7E0'
2024-09-04 18:45:29,637  root       handle_request DEBUG    Description: AT ECHO, PID AT_ECHO (ATE0)
2024-09-04 18:45:29,638  root       <module>   DEBUG    set ECHO ON/OFF : False
2024-09-04 18:45:29,638  root       handle_response DEBUG    Processing: '<writeln>OK</writeln>'
2024-09-04 18:45:29,639  root       handle_response DEBUG    Write: 'OK\r\r>'
2024-09-04 18:45:29,640  root       run        DEBUG    Received 'ATH1'
2024-09-04 18:45:29,640  root       handle_request DEBUG    Handling: 'ATH1', header '7E0', ECU '7E0'
2024-09-04 18:45:29,641  root       handle_request DEBUG    Description: AT HEADERS, PID AT_USE_HEADERS (ATH1)
2024-09-04 18:45:29,642  root       <module>   DEBUG    set HEADERS ON/OFF : True
2024-09-04 18:45:29,642  root       handle_response DEBUG    Processing: '<writeln>OK</writeln>'
2024-09-04 18:45:29,642  root       handle_response DEBUG    Write: 'OK\r\r>'
2024-09-04 18:45:29,643  root       run        DEBUG    Received 'ATL0'
2024-09-04 18:45:29,644  root       handle_request DEBUG    Handling: 'ATL0', header '7E0', ECU '7E0'
2024-09-04 18:45:29,645  root       handle_request DEBUG    Description: AT LINEFEEDS, PID AT_LINEFEEDS (ATL0)
2024-09-04 18:45:29,645  root       <module>   DEBUG    set LINEFEEDS ON/OFF : False
2024-09-04 18:45:29,645  root       handle_response DEBUG    Processing: '<writeln>OK</writeln>'
2024-09-04 18:45:29,646  root       handle_response DEBUG    Write: 'OK\r\r>'
2024-09-04 18:45:29,647  root       run        DEBUG    Received 'AT RV'
2024-09-04 18:45:29,647  root       handle_request DEBUG    Handling: 'ATRV', header '7E0', ECU '7E0'
2024-09-04 18:45:29,648  root       handle_request DEBUG    Description: AT read volt, PID AT_R_VOLT (ATRV)
2024-09-04 18:45:29,649  root       <module>   DEBUG    Volt = 13.4
2024-09-04 18:45:29,649  root       handle_response DEBUG    Processing: '<string>13.4</string><writeln>V</writeln>'
2024-09-04 18:45:29,649  root       handle_response DEBUG    Write: '13.4V\r\r>'
2024-09-04 18:45:29,651  root       run        DEBUG    Received 'ATSP0'
2024-09-04 18:45:29,651  root       handle_request DEBUG    Handling: 'ATSP0', header '7E0', ECU '7E0'
2024-09-04 18:45:29,652  root       handle_request DEBUG    Description: AT PROTO, PID AT_PROTO (ATSP0)
2024-09-04 18:45:29,652  root       <module>   DEBUG    set PROTO 0
2024-09-04 18:45:29,653  root       handle_response DEBUG    Processing: '<writeln>OK</writeln>'
2024-09-04 18:45:29,653  root       handle_response DEBUG    Write: 'OK\r\r>'
2024-09-04 18:45:30,651  root       run        DEBUG    Received '0100'
2024-09-04 18:45:30,652  root       handle_request DEBUG    Handling: '0100', header '7E0', ECU '7E0'
2024-09-04 18:45:30,652  root       handle_request DEBUG    UDS P3 timer expired: running stop() method for ECU task "Default ECU Task module", ECU="7E0".
2024-09-04 18:45:30,653  root       handle_request DEBUG    Description: PIDS_A, PID ELM_PIDS_A (0100)
2024-09-04 18:45:30,653  root       handle_response DEBUG    Processing: '<string>SEARCHING...</string><exec>time.sleep(3)</exec><writeln></writeln><header>7EA</header><size>06</size><data>41 00 98 3A 80 13</data><pos_answer>BE 3F A8 13</pos_answer>'
2024-09-04 18:45:30,653  root       handle_response DEBUG    Write: 'SEARCHING...'
2024-09-04 18:45:33,654  root       handle_response DEBUG    Evaluated command: time.sleep(3) -> None
2024-09-04 18:45:33,655  root       handle_response DEBUG    Write: '\r7EA 06 41 00 98 3A 80 13 \r7E8 06 41 00 BE 3F A8 13 \r\r>'
2024-09-04 18:45:33,656  root       run        DEBUG    Received 'ATDPN'
2024-09-04 18:45:33,657  root       handle_request DEBUG    Handling: 'ATDPN', header '7E0', ECU '7E0'
2024-09-04 18:45:33,657  root       handle_request DEBUG    Description: AT Display Protocol Number, PID AT_DESCRIBE_PROTO_N (ATDPN)
2024-09-04 18:45:34,158  root       handle_response DEBUG    Processing: '<writeln>A6</writeln>'
2024-09-04 18:45:34,159  root       handle_response DEBUG    Write: 'A6\r\r>'
2024-09-04 18:45:34,161  root       run        DEBUG    Received '0100'
2024-09-04 18:45:34,161  root       handle_request DEBUG    Handling: '0100', header '7E0', ECU '7E0'
2024-09-04 18:45:34,162  root       handle_request DEBUG    Description: PIDS_A, PID ELM_PIDS_A (0100)
2024-09-04 18:45:34,162  root       handle_response DEBUG    Processing: '<header>7EA</header><size>06</size><data>41 00 98 3A 80 13</data><pos_answer>BE 3F A8 13</pos_answer>'
2024-09-04 18:45:34,163  root       handle_response DEBUG    Write: '7EA 06 41 00 98 3A 80 13 \r7E8 06 41 00 BE 3F A8 13 \r\r>'
2024-09-04 18:45:34,164  root       run        DEBUG    Received '0120'
2024-09-04 18:45:34,165  root       handle_request DEBUG    Handling: '0120', header '7E0', ECU '7E0'
2024-09-04 18:45:34,165  root       handle_request DEBUG    Description: PIDS_B, PID ELM_PIDS_B (0120)
2024-09-04 18:45:34,166  root       handle_response DEBUG    Processing: '<header>7EA</header><size>06</size><data>41 20 80 01 A0 01</data><pos_answer>90 15 B0 15</pos_answer>'
2024-09-04 18:45:34,166  root       handle_response DEBUG    Write: '7EA 06 41 20 80 01 A0 01 \r7E8 06 41 20 90 15 B0 15 \r\r>'
2024-09-04 18:45:34,167  root       run        DEBUG    Received '0140'
2024-09-04 18:45:34,168  root       handle_request DEBUG    Handling: '0140', header '7E0', ECU '7E0'
2024-09-04 18:45:34,168  root       handle_request DEBUG    Description: PIDS_C, PID ELM_PIDS_C (0140)
2024-09-04 18:45:34,169  root       handle_response DEBUG    Processing: '<header>7EA</header><size>06</size><data>41 40 44 CC 00 21</data><pos_answer>7A 1C 80 00</pos_answer>'
2024-09-04 18:45:34,169  root       handle_response DEBUG    Write: '7EA 06 41 40 44 CC 00 21 \r7E8 06 41 40 7A 1C 80 00 \r\r>'
2024-09-04 18:45:34,171  root       run        DEBUG    Received '0600'
2024-09-04 18:45:34,171  root       handle_request DEBUG    Handling: '0600', header '7E0', ECU '7E0'
2024-09-04 18:45:34,172  root       handle_request DEBUG    Description: MIDS_A, PID ELM_MIDS_A (0600)
2024-09-04 18:45:34,172  root       handle_response DEBUG    Processing: '<pos_answer>C0 00 00 01</pos_answer>'
2024-09-04 18:45:34,172  root       handle_response DEBUG    Write: '7E8 05 46 C0 00 00 01 \r\r>'
2024-09-04 18:45:34,174  root       run        DEBUG    Received '0900'
2024-09-04 18:45:34,174  root       handle_request DEBUG    Handling: '0900', header '7E0', ECU '7E0'
2024-09-04 18:45:34,175  root       handle_request DEBUG    Description: PIDS_9A, PID ELM_PIDS_9A (0900)
2024-09-04 18:45:34,175  root       handle_response DEBUG    Processing: '<pos_answer>FF FF FF FF</pos_answer>'
2024-09-04 18:45:34,175  root       handle_response DEBUG    Write: '7E8 06 49 00 FF FF FF FF \r\r>'
2024-09-04 18:45:58,412  root       run        DEBUG    Received 'ATZ'
2024-09-04 18:45:58,412  root       handle_request DEBUG    Handling: 'ATZ', header '7E0', ECU '7E0'
2024-09-04 18:45:58,413  root       handle_request DEBUG    Description: AT RESET, PID AT_RESET (ATZ)
2024-09-04 18:45:58,413  root       reset      DEBUG    Resetting counters and sleeping for 0.5 seconds
2024-09-04 18:45:58,913  root       <module>   DEBUG    Reset and sleep 0.5 seconds
2024-09-04 18:45:58,914  root       handle_response DEBUG    Processing: '<writeln></writeln><writeln></writeln><writeln>ELM327 v1.5</writeln>'
2024-09-04 18:45:58,914  root       handle_response DEBUG    Write: '\r\rELM327 v1.5\r\r>'
2024-09-04 18:45:59,413  root       run        DEBUG    Received 'ATE0'
2024-09-04 18:45:59,414  root       handle_request DEBUG    Handling: 'ATE0', header '7E0', ECU '7E0'
2024-09-04 18:45:59,415  root       handle_request DEBUG    Description: AT ECHO, PID AT_ECHO (ATE0)
2024-09-04 18:45:59,416  root       <module>   DEBUG    set ECHO ON/OFF : False
2024-09-04 18:45:59,416  root       handle_response DEBUG    Processing: '<writeln>OK</writeln>'
2024-09-04 18:45:59,416  root       handle_response DEBUG    Write: 'OK\r\r>'
2024-09-04 18:45:59,417  root       run        DEBUG    Received 'ATH1'
2024-09-04 18:45:59,418  root       handle_request DEBUG    Handling: 'ATH1', header '7E0', ECU '7E0'
2024-09-04 18:45:59,419  root       handle_request DEBUG    Description: AT HEADERS, PID AT_USE_HEADERS (ATH1)
2024-09-04 18:45:59,419  root       <module>   DEBUG    set HEADERS ON/OFF : True
2024-09-04 18:45:59,420  root       handle_response DEBUG    Processing: '<writeln>OK</writeln>'
2024-09-04 18:45:59,420  root       handle_response DEBUG    Write: 'OK\r\r>'
2024-09-04 18:45:59,421  root       run        DEBUG    Received 'ATL0'
2024-09-04 18:45:59,421  root       handle_request DEBUG    Handling: 'ATL0', header '7E0', ECU '7E0'
2024-09-04 18:45:59,422  root       handle_request DEBUG    Description: AT LINEFEEDS, PID AT_LINEFEEDS (ATL0)
2024-09-04 18:45:59,423  root       <module>   DEBUG    set LINEFEEDS ON/OFF : False
2024-09-04 18:45:59,423  root       handle_response DEBUG    Processing: '<writeln>OK</writeln>'
2024-09-04 18:45:59,424  root       handle_response DEBUG    Write: 'OK\r\r>'
2024-09-04 18:45:59,425  root       run        DEBUG    Received 'AT RV'
2024-09-04 18:45:59,425  root       handle_request DEBUG    Handling: 'ATRV', header '7E0', ECU '7E0'
2024-09-04 18:45:59,426  root       handle_request DEBUG    Description: AT read volt, PID AT_R_VOLT (ATRV)
2024-09-04 18:45:59,427  root       <module>   DEBUG    Volt = 13.3
2024-09-04 18:45:59,427  root       handle_response DEBUG    Processing: '<string>13.3</string><writeln>V</writeln>'
2024-09-04 18:45:59,427  root       handle_response DEBUG    Write: '13.3V\r\r>'
2024-09-04 18:45:59,428  root       run        DEBUG    Received 'ATSP0'
2024-09-04 18:45:59,429  root       handle_request DEBUG    Handling: 'ATSP0', header '7E0', ECU '7E0'
2024-09-04 18:45:59,430  root       handle_request DEBUG    Description: AT PROTO, PID AT_PROTO (ATSP0)
2024-09-04 18:45:59,430  root       <module>   DEBUG    set PROTO 0
2024-09-04 18:45:59,431  root       handle_response DEBUG    Processing: '<writeln>OK</writeln>'
2024-09-04 18:45:59,431  root       handle_response DEBUG    Write: 'OK\r\r>'
2024-09-04 18:46:00,429  root       run        DEBUG    Received '0100'
2024-09-04 18:46:00,430  root       handle_request DEBUG    Handling: '0100', header '7E0', ECU '7E0'
2024-09-04 18:46:00,430  root       handle_request DEBUG    UDS P3 timer expired: running stop() method for ECU task "Default ECU Task module", ECU="7E0".
2024-09-04 18:46:00,431  root       handle_request DEBUG    Description: PIDS_A, PID ELM_PIDS_A (0100)
2024-09-04 18:46:00,431  root       handle_response DEBUG    Processing: '<string>SEARCHING...</string><exec>time.sleep(3)</exec><writeln></writeln><header>7EA</header><size>06</size><data>41 00 98 3A 80 13</data><pos_answer>BE 3F A8 13</pos_answer>'
2024-09-04 18:46:00,431  root       handle_response DEBUG    Write: 'SEARCHING...'
2024-09-04 18:46:03,432  root       handle_response DEBUG    Evaluated command: time.sleep(3) -> None
2024-09-04 18:46:03,433  root       handle_response DEBUG    Write: '\r7EA 06 41 00 98 3A 80 13 \r7E8 06 41 00 BE 3F A8 13 \r\r>'
2024-09-04 18:46:03,434  root       run        DEBUG    Received 'ATDPN'
2024-09-04 18:46:03,435  root       handle_request DEBUG    Handling: 'ATDPN', header '7E0', ECU '7E0'
2024-09-04 18:46:03,435  root       handle_request DEBUG    Description: AT Display Protocol Number, PID AT_DESCRIBE_PROTO_N (ATDPN)
2024-09-04 18:46:03,936  root       handle_response DEBUG    Processing: '<writeln>A6</writeln>'
2024-09-04 18:46:03,937  root       handle_response DEBUG    Write: 'A6\r\r>'
2024-09-04 18:46:03,939  root       run        DEBUG    Received '0100'
2024-09-04 18:46:03,939  root       handle_request DEBUG    Handling: '0100', header '7E0', ECU '7E0'
2024-09-04 18:46:03,939  root       handle_request DEBUG    Description: PIDS_A, PID ELM_PIDS_A (0100)
2024-09-04 18:46:03,939  root       handle_response DEBUG    Processing: '<header>7EA</header><size>06</size><data>41 00 98 3A 80 13</data><pos_answer>BE 3F A8 13</pos_answer>'
2024-09-04 18:46:03,939  root       handle_response DEBUG    Write: '7EA 06 41 00 98 3A 80 13 \r7E8 06 41 00 BE 3F A8 13 \r\r>'
2024-09-04 18:46:03,940  root       run        DEBUG    Received '0120'
2024-09-04 18:46:03,940  root       handle_request DEBUG    Handling: '0120', header '7E0', ECU '7E0'
2024-09-04 18:46:03,940  root       handle_request DEBUG    Description: PIDS_B, PID ELM_PIDS_B (0120)
2024-09-04 18:46:03,940  root       handle_response DEBUG    Processing: '<header>7EA</header><size>06</size><data>41 20 80 01 A0 01</data><pos_answer>90 15 B0 15</pos_answer>'
2024-09-04 18:46:03,940  root       handle_response DEBUG    Write: '7EA 06 41 20 80 01 A0 01 \r7E8 06 41 20 90 15 B0 15 \r\r>'
2024-09-04 18:46:03,940  root       run        DEBUG    Received '0140'
2024-09-04 18:46:03,940  root       handle_request DEBUG    Handling: '0140', header '7E0', ECU '7E0'
2024-09-04 18:46:03,941  root       handle_request DEBUG    Description: PIDS_C, PID ELM_PIDS_C (0140)
2024-09-04 18:46:03,941  root       handle_response DEBUG    Processing: '<header>7EA</header><size>06</size><data>41 40 44 CC 00 21</data><pos_answer>7A 1C 80 00</pos_answer>'
2024-09-04 18:46:03,941  root       handle_response DEBUG    Write: '7EA 06 41 40 44 CC 00 21 \r7E8 06 41 40 7A 1C 80 00 \r\r>'
2024-09-04 18:46:03,941  root       run        DEBUG    Received '0600'
2024-09-04 18:46:03,941  root       handle_request DEBUG    Handling: '0600', header '7E0', ECU '7E0'
2024-09-04 18:46:03,941  root       handle_request DEBUG    Description: MIDS_A, PID ELM_MIDS_A (0600)
2024-09-04 18:46:03,942  root       handle_response DEBUG    Processing: '<pos_answer>C0 00 00 01</pos_answer>'
2024-09-04 18:46:03,942  root       handle_response DEBUG    Write: '7E8 05 46 C0 00 00 01 \r\r>'
2024-09-04 18:46:03,942  root       run        DEBUG    Received '0900'
2024-09-04 18:46:03,942  root       handle_request DEBUG    Handling: '0900', header '7E0', ECU '7E0'
2024-09-04 18:46:03,942  root       handle_request DEBUG    Description: PIDS_9A, PID ELM_PIDS_9A (0900)
2024-09-04 18:46:03,942  root       handle_response DEBUG    Processing: '<pos_answer>FF FF FF FF</pos_answer>'
2024-09-04 18:46:03,942  root       handle_response DEBUG    Write: '7E8 06 49 00 FF FF FF FF \r\r>'
2024-09-04 18:46:03,943  root       run        DEBUG    Received '09001'
2024-09-04 18:46:03,943  root       handle_request DEBUG    Handling: '09001', header '7E0', ECU '7E0'
2024-09-04 18:46:03,944  root       handle_request DEBUG    Description: PIDS_9A, PID ELM_PIDS_9A (09001)
2024-09-04 18:46:03,944  root       handle_response DEBUG    Processing: '<pos_answer>FF FF FF FF</pos_answer>'
2024-09-04 18:46:03,944  root       handle_response DEBUG    Write: '7E8 06 49 00 FF FF FF FF \r\r>'
2024-09-04 18:46:04,195  root       run        DEBUG    repeating previous command: '09001'
2024-09-04 18:46:04,195  root       handle_request DEBUG    Handling: '09001', header '7E0', ECU '7E0'
2024-09-04 18:46:04,196  root       handle_request DEBUG    Description: PIDS_9A, PID ELM_PIDS_9A (09001)
2024-09-04 18:46:04,196  root       handle_response DEBUG    Processing: '<pos_answer>FF FF FF FF</pos_answer>'
2024-09-04 18:46:04,197  root       handle_response DEBUG    Write: '7E8 06 49 00 FF FF FF FF \r\r>'
2024-09-04 18:46:04,449  root       run        DEBUG    repeating previous command: '09001'
2024-09-04 18:46:04,449  root       handle_request DEBUG    Handling: '09001', header '7E0', ECU '7E0'
2024-09-04 18:46:04,450  root       handle_request DEBUG    Description: PIDS_9A, PID ELM_PIDS_9A (09001)
2024-09-04 18:46:04,450  root       handle_response DEBUG    Processing: '<pos_answer>FF FF FF FF</pos_answer>'
2024-09-04 18:46:04,451  root       handle_response DEBUG    Write: '7E8 06 49 00 FF FF FF FF \r\r>'
2024-09-04 18:46:04,703  root       run        DEBUG    repeating previous command: '09001'
2024-09-04 18:46:04,703  root       handle_request DEBUG    Handling: '09001', header '7E0', ECU '7E0'
2024-09-04 18:46:04,704  root       handle_request DEBUG    Description: PIDS_9A, PID ELM_PIDS_9A (09001)
2024-09-04 18:46:04,704  root       handle_response DEBUG    Processing: '<pos_answer>FF FF FF FF</pos_answer>'
2024-09-04 18:46:04,705  root       handle_response DEBUG    Write: '7E8 06 49 00 FF FF FF FF \r\r>'
2024-09-04 18:46:04,957  root       run        DEBUG    repeating previous command: '09001'
2024-09-04 18:46:04,957  root       handle_request DEBUG    Handling: '09001', header '7E0', ECU '7E0'
2024-09-04 18:46:04,958  root       handle_request DEBUG    Description: PIDS_9A, PID ELM_PIDS_9A (09001)
2024-09-04 18:46:04,958  root       handle_response DEBUG    Processing: '<pos_answer>FF FF FF FF</pos_answer>'
2024-09-04 18:46:04,959  root       handle_response DEBUG    Write: '7E8 06 49 00 FF FF FF FF \r\r>'
2024-09-04 18:46:05,211  root       run        DEBUG    repeating previous command: '09001'
2024-09-04 18:46:05,212  root       handle_request DEBUG    Handling: '09001', header '7E0', ECU '7E0'
2024-09-04 18:46:05,212  root       handle_request DEBUG    Description: PIDS_9A, PID ELM_PIDS_9A (09001)
2024-09-04 18:46:05,213  root       handle_response DEBUG    Processing: '<pos_answer>FF FF FF FF</pos_answer>'
2024-09-04 18:46:05,213  root       handle_response DEBUG    Write: '7E8 06 49 00 FF FF FF FF \r\r>'
2024-09-04 18:46:05,465  root       run        DEBUG    repeating previous command: '09001'
2024-09-04 18:46:05,465  root       handle_request DEBUG    Handling: '09001', header '7E0', ECU '7E0'
2024-09-04 18:46:05,466  root       handle_request DEBUG    Description: PIDS_9A, PID ELM_PIDS_9A (09001)
2024-09-04 18:46:05,466  root       handle_response DEBUG    Processing: '<pos_answer>FF FF FF FF</pos_answer>'
2024-09-04 18:46:05,467  root       handle_response DEBUG    Write: '7E8 06 49 00 FF FF FF FF \r\r>'
2024-09-04 18:46:05,718  root       run        DEBUG    repeating previous command: '09001'
2024-09-04 18:46:05,719  root       handle_request DEBUG    Handling: '09001', header '7E0', ECU '7E0'
2024-09-04 18:46:05,719  root       handle_request DEBUG    Description: PIDS_9A, PID ELM_PIDS_9A (09001)
2024-09-04 18:46:05,720  root       handle_response DEBUG    Processing: '<pos_answer>FF FF FF FF</pos_answer>'
2024-09-04 18:46:05,720  root       handle_response DEBUG    Write: '7E8 06 49 00 FF FF FF FF \r\r>'
2024-09-04 18:46:05,972  root       run        DEBUG    repeating previous command: '09001'
2024-09-04 18:46:05,973  root       handle_request DEBUG    Handling: '09001', header '7E0', ECU '7E0'
2024-09-04 18:46:05,973  root       handle_request DEBUG    Description: PIDS_9A, PID ELM_PIDS_9A (09001)
2024-09-04 18:46:05,973  root       handle_response DEBUG    Processing: '<pos_answer>FF FF FF FF</pos_answer>'
2024-09-04 18:46:05,974  root       handle_response DEBUG    Write: '7E8 06 49 00 FF FF FF FF \r\r>'
2024-09-04 18:46:06,226  root       run        DEBUG    repeating previous command: '09001'
2024-09-04 18:46:06,226  root       handle_request DEBUG    Handling: '09001', header '7E0', ECU '7E0'
2024-09-04 18:46:06,227  root       handle_request DEBUG    Description: PIDS_9A, PID ELM_PIDS_9A (09001)
2024-09-04 18:46:06,227  root       handle_response DEBUG    Processing: '<pos_answer>FF FF FF FF</pos_answer>'
2024-09-04 18:46:06,228  root       handle_response DEBUG    Write: '7E8 06 49 00 FF FF FF FF \r\r>'
2024-09-04 18:46:06,479  root       run        DEBUG    repeating previous command: '09001'
2024-09-04 18:46:06,480  root       handle_request DEBUG    Handling: '09001', header '7E0', ECU '7E0'
2024-09-04 18:46:06,480  root       handle_request DEBUG    Description: PIDS_9A, PID ELM_PIDS_9A (09001)
2024-09-04 18:46:06,481  root       handle_response DEBUG    Processing: '<pos_answer>FF FF FF FF</pos_answer>'
2024-09-04 18:46:06,481  root       handle_response DEBUG    Write: '7E8 06 49 00 FF FF FF FF \r\r>'
2024-09-04 18:46:06,733  root       run        DEBUG    repeating previous command: '09001'
2024-09-04 18:46:06,734  root       handle_request DEBUG    Handling: '09001', header '7E0', ECU '7E0'
2024-09-04 18:46:06,734  root       handle_request DEBUG    Description: PIDS_9A, PID ELM_PIDS_9A (09001)
2024-09-04 18:46:06,735  root       handle_response DEBUG    Processing: '<pos_answer>FF FF FF FF</pos_answer>'
2024-09-04 18:46:06,735  root       handle_response DEBUG    Write: '7E8 06 49 00 FF FF FF FF \r\r>'
2024-09-04 18:46:06,987  root       run        DEBUG    repeating previous command: '09001'
2024-09-04 18:46:06,988  root       handle_request DEBUG    Handling: '09001', header '7E0', ECU '7E0'
2024-09-04 18:46:06,988  root       handle_request DEBUG    Description: PIDS_9A, PID ELM_PIDS_9A (09001)
2024-09-04 18:46:06,989  root       handle_response DEBUG    Processing: '<pos_answer>FF FF FF FF</pos_answer>'
2024-09-04 18:46:06,989  root       handle_response DEBUG    Write: '7E8 06 49 00 FF FF FF FF \r\r>'
2024-09-04 18:46:07,240  root       run        DEBUG    repeating previous command: '09001'
2024-09-04 18:46:07,241  root       handle_request DEBUG    Handling: '09001', header '7E0', ECU '7E0'
2024-09-04 18:46:07,241  root       handle_request DEBUG    Description: PIDS_9A, PID ELM_PIDS_9A (09001)
2024-09-04 18:46:07,241  root       handle_response DEBUG    Processing: '<pos_answer>FF FF FF FF</pos_answer>'
2024-09-04 18:46:07,241  root       handle_response DEBUG    Write: '7E8 06 49 00 FF FF FF FF \r\r>'
2024-09-04 18:46:07,492  root       run        DEBUG    repeating previous command: '09001'
2024-09-04 18:46:07,492  root       handle_request DEBUG    Handling: '09001', header '7E0', ECU '7E0'
2024-09-04 18:46:07,492  root       handle_request DEBUG    Description: PIDS_9A, PID ELM_PIDS_9A (09001)
2024-09-04 18:46:07,492  root       handle_response DEBUG    Processing: '<pos_answer>FF FF FF FF</pos_answer>'
2024-09-04 18:46:07,493  root       handle_response DEBUG    Write: '7E8 06 49 00 FF FF FF FF \r\r>'
2024-09-04 18:46:07,744  root       run        DEBUG    repeating previous command: '09001'
2024-09-04 18:46:07,744  root       handle_request DEBUG    Handling: '09001', header '7E0', ECU '7E0'
2024-09-04 18:46:07,745  root       handle_request DEBUG    Description: PIDS_9A, PID ELM_PIDS_9A (09001)
2024-09-04 18:46:07,746  root       handle_response DEBUG    Processing: '<pos_answer>FF FF FF FF</pos_answer>'
2024-09-04 18:46:07,746  root       handle_response DEBUG    Write: '7E8 06 49 00 FF FF FF FF \r\r>'
2024-09-04 18:46:07,998  root       run        DEBUG    repeating previous command: '09001'
2024-09-04 18:46:07,999  root       handle_request DEBUG    Handling: '09001', header '7E0', ECU '7E0'
2024-09-04 18:46:07,999  root       handle_request DEBUG    Description: PIDS_9A, PID ELM_PIDS_9A (09001)
2024-09-04 18:46:08,000  root       handle_response DEBUG    Processing: '<pos_answer>FF FF FF FF</pos_answer>'
2024-09-04 18:46:08,000  root       handle_response DEBUG    Write: '7E8 06 49 00 FF FF FF FF \r\r>'
2024-09-04 18:46:08,252  root       run        DEBUG    repeating previous command: '09001'
2024-09-04 18:46:08,253  root       handle_request DEBUG    Handling: '09001', header '7E0', ECU '7E0'
2024-09-04 18:46:08,253  root       handle_request DEBUG    Description: PIDS_9A, PID ELM_PIDS_9A (09001)
2024-09-04 18:46:08,254  root       handle_response DEBUG    Processing: '<pos_answer>FF FF FF FF</pos_answer>'
2024-09-04 18:46:08,254  root       handle_response DEBUG    Write: '7E8 06 49 00 FF FF FF FF \r\r>'
2024-09-04 18:46:08,506  root       run        DEBUG    repeating previous command: '09001'
2024-09-04 18:46:08,507  root       handle_request DEBUG    Handling: '09001', header '7E0', ECU '7E0'
2024-09-04 18:46:08,507  root       handle_request DEBUG    Description: PIDS_9A, PID ELM_PIDS_9A (09001)
2024-09-04 18:46:08,507  root       handle_response DEBUG    Processing: '<pos_answer>FF FF FF FF</pos_answer>'
2024-09-04 18:46:08,508  root       handle_response DEBUG    Write: '7E8 06 49 00 FF FF FF FF \r\r>'
2024-09-04 18:46:08,760  root       run        DEBUG    repeating previous command: '09001'
2024-09-04 18:46:08,760  root       handle_request DEBUG    Handling: '09001', header '7E0', ECU '7E0'
2024-09-04 18:46:08,761  root       handle_request DEBUG    Description: PIDS_9A, PID ELM_PIDS_9A (09001)
2024-09-04 18:46:08,762  root       handle_response DEBUG    Processing: '<pos_answer>FF FF FF FF</pos_answer>'
2024-09-04 18:46:08,762  root       handle_response DEBUG    Write: '7E8 06 49 00 FF FF FF FF \r\r>'
2024-09-04 18:46:09,014  root       run        DEBUG    repeating previous command: '09001'
2024-09-04 18:46:09,015  root       handle_request DEBUG    Handling: '09001', header '7E0', ECU '7E0'
2024-09-04 18:46:09,015  root       handle_request DEBUG    Description: PIDS_9A, PID ELM_PIDS_9A (09001)
2024-09-04 18:46:09,016  root       handle_response DEBUG    Processing: '<pos_answer>FF FF FF FF</pos_answer>'
2024-09-04 18:46:09,016  root       handle_response DEBUG    Write: '7E8 06 49 00 FF FF FF FF \r\r>'
2024-09-04 18:46:09,268  root       run        DEBUG    repeating previous command: '09001'
2024-09-04 18:46:09,269  root       handle_request DEBUG    Handling: '09001', header '7E0', ECU '7E0'
2024-09-04 18:46:09,269  root       handle_request DEBUG    Description: PIDS_9A, PID ELM_PIDS_9A (09001)
2024-09-04 18:46:09,270  root       handle_response DEBUG    Processing: '<pos_answer>FF FF FF FF</pos_answer>'
2024-09-04 18:46:09,270  root       handle_response DEBUG    Write: '7E8 06 49 00 FF FF FF FF \r\r>'
2024-09-04 18:46:09,522  root       run        DEBUG    repeating previous command: '09001'
2024-09-04 18:46:09,523  root       handle_request DEBUG    Handling: '09001', header '7E0', ECU '7E0'
2024-09-04 18:46:09,523  root       handle_request DEBUG    Description: PIDS_9A, PID ELM_PIDS_9A (09001)
2024-09-04 18:46:09,524  root       handle_response DEBUG    Processing: '<pos_answer>FF FF FF FF</pos_answer>'
2024-09-04 18:46:09,524  root       handle_response DEBUG    Write: '7E8 06 49 00 FF FF FF FF \r\r>'
2024-09-04 18:46:09,776  root       run        DEBUG    repeating previous command: '09001'
2024-09-04 18:46:09,776  root       handle_request DEBUG    Handling: '09001', header '7E0', ECU '7E0'
2024-09-04 18:46:09,777  root       handle_request DEBUG    Description: PIDS_9A, PID ELM_PIDS_9A (09001)
2024-09-04 18:46:09,777  root       handle_response DEBUG    Processing: '<pos_answer>FF FF FF FF</pos_answer>'
2024-09-04 18:46:09,778  root       handle_response DEBUG    Write: '7E8 06 49 00 FF FF FF FF \r\r>'
2024-09-04 18:46:10,030  root       run        DEBUG    repeating previous command: '09001'
2024-09-04 18:46:10,031  root       handle_request DEBUG    Handling: '09001', header '7E0', ECU '7E0'
2024-09-04 18:46:10,031  root       handle_request DEBUG    Description: PIDS_9A, PID ELM_PIDS_9A (09001)
2024-09-04 18:46:10,032  root       handle_response DEBUG    Processing: '<pos_answer>FF FF FF FF</pos_answer>'
2024-09-04 18:46:10,032  root       handle_response DEBUG    Write: '7E8 06 49 00 FF FF FF FF \r\r>'
2024-09-04 18:46:10,284  root       run        DEBUG    repeating previous command: '09001'
2024-09-04 18:46:10,285  root       handle_request DEBUG    Handling: '09001', header '7E0', ECU '7E0'
2024-09-04 18:46:10,285  root       handle_request DEBUG    Description: PIDS_9A, PID ELM_PIDS_9A (09001)
2024-09-04 18:46:10,286  root       handle_response DEBUG    Processing: '<pos_answer>FF FF FF FF</pos_answer>'
2024-09-04 18:46:10,286  root       handle_response DEBUG    Write: '7E8 06 49 00 FF FF FF FF \r\r>'
2024-09-04 18:46:10,538  root       run        DEBUG    repeating previous command: '09001'
2024-09-04 18:46:10,538  root       handle_request DEBUG    Handling: '09001', header '7E0', ECU '7E0'
2024-09-04 18:46:10,539  root       handle_request DEBUG    Description: PIDS_9A, PID ELM_PIDS_9A (09001)
2024-09-04 18:46:10,539  root       handle_response DEBUG    Processing: '<pos_answer>FF FF FF FF</pos_answer>'
2024-09-04 18:46:10,540  root       handle_response DEBUG    Write: '7E8 06 49 00 FF FF FF FF \r\r>'
2024-09-04 18:46:10,791  root       run        DEBUG    repeating previous command: '09001'
2024-09-04 18:46:10,792  root       handle_request DEBUG    Handling: '09001', header '7E0', ECU '7E0'
2024-09-04 18:46:10,793  root       handle_request DEBUG    Description: PIDS_9A, PID ELM_PIDS_9A (09001)
2024-09-04 18:46:10,793  root       handle_response DEBUG    Processing: '<pos_answer>FF FF FF FF</pos_answer>'
2024-09-04 18:46:10,793  root       handle_response DEBUG    Write: '7E8 06 49 00 FF FF FF FF \r\r>'
2024-09-04 18:46:11,045  root       run        DEBUG    repeating previous command: '09001'
2024-09-04 18:46:11,045  root       handle_request DEBUG    Handling: '09001', header '7E0', ECU '7E0'
2024-09-04 18:46:11,046  root       handle_request DEBUG    Description: PIDS_9A, PID ELM_PIDS_9A (09001)
2024-09-04 18:46:11,046  root       handle_response DEBUG    Processing: '<pos_answer>FF FF FF FF</pos_answer>'
2024-09-04 18:46:11,047  root       handle_response DEBUG    Write: '7E8 06 49 00 FF FF FF FF \r\r>'
2024-09-04 18:46:11,299  root       run        DEBUG    repeating previous command: '09001'
2024-09-04 18:46:11,299  root       handle_request DEBUG    Handling: '09001', header '7E0', ECU '7E0'
2024-09-04 18:46:11,300  root       handle_request DEBUG    Description: PIDS_9A, PID ELM_PIDS_9A (09001)
2024-09-04 18:46:11,300  root       handle_response DEBUG    Processing: '<pos_answer>FF FF FF FF</pos_answer>'
2024-09-04 18:46:11,301  root       handle_response DEBUG    Write: '7E8 06 49 00 FF FF FF FF \r\r>'
2024-09-04 18:46:11,552  root       run        DEBUG    repeating previous command: '09001'
2024-09-04 18:46:11,745  root       handle_request DEBUG    Handling: '09001', header '7E0', ECU '7E0'
2024-09-04 18:46:11,746  root       handle_request DEBUG    Description: PIDS_9A, PID ELM_PIDS_9A (09001)
2024-09-04 18:46:11,746  root       handle_response DEBUG    Processing: '<pos_answer>FF FF FF FF</pos_answer>'
2024-09-04 18:46:11,747  root       handle_response DEBUG    Write: '7E8 06 49 00 FF FF FF FF \r\r>'
2024-09-04 18:46:11,999  root       run        DEBUG    repeating previous command: '09001'
2024-09-04 18:46:12,000  root       handle_request DEBUG    Handling: '09001', header '7E0', ECU '7E0'
2024-09-04 18:46:12,000  root       handle_request DEBUG    Description: PIDS_9A, PID ELM_PIDS_9A (09001)
2024-09-04 18:46:12,001  root       handle_response DEBUG    Processing: '<pos_answer>FF FF FF FF</pos_answer>'
2024-09-04 18:46:12,001  root       handle_response DEBUG    Write: '7E8 06 49 00 FF FF FF FF \r\r>'
2024-09-04 18:46:12,252  root       run        DEBUG    repeating previous command: '09001'
2024-09-04 18:46:12,253  root       handle_request DEBUG    Handling: '09001', header '7E0', ECU '7E0'
2024-09-04 18:46:12,253  root       handle_request DEBUG    Description: PIDS_9A, PID ELM_PIDS_9A (09001)
2024-09-04 18:46:12,253  root       handle_response DEBUG    Processing: '<pos_answer>FF FF FF FF</pos_answer>'
2024-09-04 18:46:12,253  root       handle_response DEBUG    Write: '7E8 06 49 00 FF FF FF FF \r\r>'
2024-09-04 18:46:12,504  root       run        DEBUG    repeating previous command: '09001'
2024-09-04 18:46:12,505  root       handle_request DEBUG    Handling: '09001', header '7E0', ECU '7E0'
2024-09-04 18:46:12,506  root       handle_request DEBUG    Description: PIDS_9A, PID ELM_PIDS_9A (09001)
2024-09-04 18:46:12,506  root       handle_response DEBUG    Processing: '<pos_answer>FF FF FF FF</pos_answer>'
2024-09-04 18:46:12,506  root       handle_response DEBUG    Write: '7E8 06 49 00 FF FF FF FF \r\r>'
2024-09-04 18:46:12,758  root       run        DEBUG    repeating previous command: '09001'
2024-09-04 18:46:12,758  root       handle_request DEBUG    Handling: '09001', header '7E0', ECU '7E0'
2024-09-04 18:46:12,759  root       handle_request DEBUG    Description: PIDS_9A, PID ELM_PIDS_9A (09001)
2024-09-04 18:46:12,759  root       handle_response DEBUG    Processing: '<pos_answer>FF FF FF FF</pos_answer>'
2024-09-04 18:46:12,760  root       handle_response DEBUG    Write: '7E8 06 49 00 FF FF FF FF \r\r>'
2024-09-04 18:46:13,012  root       run        DEBUG    repeating previous command: '09001'
2024-09-04 18:46:13,012  root       handle_request DEBUG    Handling: '09001', header '7E0', ECU '7E0'
2024-09-04 18:46:13,013  root       handle_request DEBUG    Description: PIDS_9A, PID ELM_PIDS_9A (09001)
2024-09-04 18:46:13,013  root       handle_response DEBUG    Processing: '<pos_answer>FF FF FF FF</pos_answer>'
2024-09-04 18:46:13,014  root       handle_response DEBUG    Write: '7E8 06 49 00 FF FF FF FF \r\r>'
2024-09-04 18:46:13,265  root       run        DEBUG    repeating previous command: '09001'
2024-09-04 18:46:13,266  root       handle_request DEBUG    Handling: '09001', header '7E0', ECU '7E0'
2024-09-04 18:46:13,267  root       handle_request DEBUG    Description: PIDS_9A, PID ELM_PIDS_9A (09001)
2024-09-04 18:46:13,267  root       handle_response DEBUG    Processing: '<pos_answer>FF FF FF FF</pos_answer>'
2024-09-04 18:46:13,267  root       handle_response DEBUG    Write: '7E8 06 49 00 FF FF FF FF \r\r>'
2024-09-04 18:46:13,519  root       run        DEBUG    repeating previous command: '09001'
2024-09-04 18:46:13,519  root       handle_request DEBUG    Handling: '09001', header '7E0', ECU '7E0'
2024-09-04 18:46:13,520  root       handle_request DEBUG    Description: PIDS_9A, PID ELM_PIDS_9A (09001)
2024-09-04 18:46:13,521  root       handle_response DEBUG    Processing: '<pos_answer>FF FF FF FF</pos_answer>'
2024-09-04 18:46:13,521  root       handle_response DEBUG    Write: '7E8 06 49 00 FF FF FF FF \r\r>'
2024-09-04 18:46:13,773  root       run        DEBUG    repeating previous command: '09001'
2024-09-04 18:46:13,774  root       handle_request DEBUG    Handling: '09001', header '7E0', ECU '7E0'
2024-09-04 18:46:13,774  root       handle_request DEBUG    Description: PIDS_9A, PID ELM_PIDS_9A (09001)
2024-09-04 18:46:13,775  root       handle_response DEBUG    Processing: '<pos_answer>FF FF FF FF</pos_answer>'
2024-09-04 18:46:13,775  root       handle_response DEBUG    Write: '7E8 06 49 00 FF FF FF FF \r\r>'
