2024-09-20 19:29:45,880  root       handle_request INFO     Unknown ELM command: '01451', header=7E0
2024-09-20 19:29:45,880  root       handle_response DEBUG    Processing: '<writeln>?</writeln>'
2024-09-20 19:29:45,881  root       handle_response DEBUG    Write: '?\r\r>'
2024-09-20 19:29:45,881  root       run        DEBUG    Received '01471'
2024-09-20 19:29:45,881  root       handle_request DEBUG    Handling: '01471', header '7E0', ECU '7E0'
2024-09-20 19:29:45,882  root       handle_request INFO     Unknown ELM command: '01471', header=7E0
2024-09-20 19:29:45,882  root       handle_response DEBUG    Processing: '<writeln>?</writeln>'
2024-09-20 19:29:45,882  root       handle_response DEBUG    Write: '?\r\r>'
2024-09-20 19:29:45,882  root       run        DEBUG    Received '014C1'
2024-09-20 19:29:45,882  root       handle_request DEBUG    Handling: '014C1', header '7E0', ECU '7E0'
2024-09-20 19:29:45,883  root       handle_request DEBUG    Description: Commanded throttle actuator, PID THROTTLE_ACTUATOR (014C1)
2024-09-20 19:29:45,883  root       handle_response DEBUG    Processing: '<pos_answer>00</pos_answer>'
2024-09-20 19:29:45,883  root       handle_response DEBUG    Write: '7E8 03 41 4C 00 \r\r>'
2024-09-20 19:29:45,883  root       run        DEBUG    Received '014D1'
2024-09-20 19:29:45,883  root       handle_request DEBUG    Handling: '014D1', header '7E0', ECU '7E0'
2024-09-20 19:29:45,884  root       handle_request DEBUG    Description: Time run with MIL on, PID RUN_TIME_MIL (014D1)
2024-09-20 19:29:45,884  root       handle_response DEBUG    Processing: '<pos_answer>00 00</pos_answer>'
2024-09-20 19:29:45,884  root       handle_response DEBUG    Write: '7E8 04 41 4D 00 00 \r\r>'
2024-09-20 19:29:45,884  root       run        DEBUG    Received '014E1'
2024-09-20 19:29:45,884  root       handle_request DEBUG    Handling: '014E1', header '7E0', ECU '7E0'
2024-09-20 19:29:45,885  root       handle_request DEBUG    Description: Time since trouble codes cleared, PID TIME_SINCE_DTC_CLEARED (014E1)
2024-09-20 19:29:45,885  root       handle_response DEBUG    Processing: '<pos_answer>4C 69</pos_answer>'
2024-09-20 19:29:45,885  root       handle_response DEBUG    Write: '7E8 04 41 4E 4C 69 \r\r>'
2024-09-20 19:29:45,885  root       run        DEBUG    Received '01511'
2024-09-20 19:29:45,886  root       handle_request DEBUG    Handling: '01511', header '7E0', ECU '7E0'
2024-09-20 19:29:45,886  root       handle_request DEBUG    Description: Fuel Type, PID FUEL_TYPE (01511)
2024-09-20 19:29:45,886  root       handle_response DEBUG    Processing: '<pos_answer>01</pos_answer>'
2024-09-20 19:29:45,886  root       handle_response DEBUG    Write: '7E8 03 41 51 01 \r\r>'
2024-09-20 19:29:46,137  root       run        DEBUG    Received '01002'
2024-09-20 19:29:46,138  root       handle_request DEBUG    Handling: '01002', header '7E0', ECU '7E0'
2024-09-20 19:29:46,139  root       handle_request DEBUG    Description: PIDS_A, PID ELM_PIDS_A (01002)
2024-09-20 19:29:46,139  root       handle_response DEBUG    Processing: '<header>7EA</header><size>06</size><data>41 00 98 3A 80 13</data><pos_answer>BE 3F A8 13</pos_answer>'
2024-09-20 19:29:46,140  root       handle_response DEBUG    Write: '7EA 06 41 00 98 3A 80 13 \r7E8 06 41 00 BE 3F A8 13 \r\r>'
2024-09-20 19:29:46,141  root       run        DEBUG    Received '01202'
2024-09-20 19:29:46,141  root       handle_request DEBUG    Handling: '01202', header '7E0', ECU '7E0'
2024-09-20 19:29:46,142  root       handle_request DEBUG    Description: PIDS_B, PID ELM_PIDS_B (01202)
2024-09-20 19:29:46,142  root       handle_response DEBUG    Processing: '<header>7EA</header><size>06</size><data>41 20 80 01 A0 01</data><pos_answer>90 15 B0 15</pos_answer>'
2024-09-20 19:29:46,143  root       handle_response DEBUG    Write: '7EA 06 41 20 80 01 A0 01 \r7E8 06 41 20 90 15 B0 15 \r\r>'
2024-09-20 19:29:46,144  root       run        DEBUG    Received '01402'
2024-09-20 19:29:46,145  root       handle_request DEBUG    Handling: '01402', header '7E0', ECU '7E0'
2024-09-20 19:29:46,145  root       handle_request DEBUG    Description: PIDS_C, PID ELM_PIDS_C (01402)
2024-09-20 19:29:46,146  root       handle_response DEBUG    Processing: '<header>7EA</header><size>06</size><data>41 40 44 CC 00 21</data><pos_answer>7A 1C 80 00</pos_answer>'
2024-09-20 19:29:46,146  root       handle_response DEBUG    Write: '7EA 06 41 40 44 CC 00 21 \r7E8 06 41 40 7A 1C 80 00 \r\r>'
2024-09-20 19:29:46,148  root       run        DEBUG    Received '01011'
2024-09-20 19:29:46,148  root       handle_request DEBUG    Handling: '01011', header '7E0', ECU '7E0'
2024-09-20 19:29:46,149  root       handle_request INFO     Unknown ELM command: '01011', header=7E0
2024-09-20 19:29:46,150  root       handle_response DEBUG    Processing: '<writeln>?</writeln>'
2024-09-20 19:29:46,150  root       handle_response DEBUG    Write: '?\r\r>'
2024-09-20 19:29:46,157  root       run        DEBUG    Received '01031'
2024-09-20 19:29:46,157  root       handle_request DEBUG    Handling: '01031', header '7E0', ECU '7E0'
2024-09-20 19:29:46,158  root       handle_request DEBUG    Description: Fuel System Status, PID FUEL_STATUS (01031)
2024-09-20 19:29:46,158  root       handle_response DEBUG    Processing: '<pos_answer>00 00</pos_answer>'
2024-09-20 19:29:46,158  root       handle_response DEBUG    Write: '7E8 04 41 03 00 00 \r\r>'
2024-09-20 19:29:46,160  root       run        DEBUG    Received '01041'
2024-09-20 19:29:46,160  root       handle_request DEBUG    Handling: '01041', header '7E0', ECU '7E0'
2024-09-20 19:29:46,161  root       handle_request DEBUG    Description: Calculated Engine Load, PID ENGINE_LOAD (01041)
2024-09-20 19:29:46,161  root       handle_response DEBUG    Processing: '<pos_answer>00</pos_answer>'
2024-09-20 19:29:46,161  root       handle_response DEBUG    Write: '7E8 03 41 04 00 \r\r>'
2024-09-20 19:29:46,163  root       run        DEBUG    Received '01051'
2024-09-20 19:29:46,163  root       handle_request DEBUG    Handling: '01051', header '7E0', ECU '7E0'
2024-09-20 19:29:46,164  root       handle_request DEBUG    Description: Engine Coolant Temperature, PID COOLANT_TEMP (01051)
2024-09-20 19:29:46,164  root       handle_response DEBUG    Processing: '<pos_answer>7B</pos_answer>'
2024-09-20 19:29:46,165  root       handle_response DEBUG    Write: '7E8 03 41 05 7B \r\r>'
2024-09-20 19:29:46,166  root       run        DEBUG    Received '01061'
2024-09-20 19:29:46,167  root       handle_request DEBUG    Handling: '01061', header '7E0', ECU '7E0'
2024-09-20 19:29:46,168  root       handle_request INFO     Unknown ELM command: '01061', header=7E0
2024-09-20 19:29:46,168  root       handle_response DEBUG    Processing: '<writeln>?</writeln>'
2024-09-20 19:29:46,169  root       handle_response DEBUG    Write: '?\r\r>'
2024-09-20 19:29:46,170  root       run        DEBUG    Received '01071'
2024-09-20 19:29:46,171  root       handle_request DEBUG    Handling: '01071', header '7E0', ECU '7E0'
2024-09-20 19:29:46,172  root       handle_request INFO     Unknown ELM command: '01071', header=7E0
2024-09-20 19:29:46,172  root       handle_response DEBUG    Processing: '<writeln>?</writeln>'
2024-09-20 19:29:46,173  root       handle_response DEBUG    Write: '?\r\r>'
2024-09-20 19:29:46,175  root       run        DEBUG    Received '010B1'
2024-09-20 19:29:46,175  root       handle_request DEBUG    Handling: '010B1', header '7E0', ECU '7E0'
2024-09-20 19:29:46,175  root       handle_request DEBUG    Description: Intake Manifold Pressure, PID INTAKE_PRESSURE (010B1)
2024-09-20 19:29:46,176  root       handle_response DEBUG    Processing: '<pos_answer>73</pos_answer>'
2024-09-20 19:29:46,176  root       handle_response DEBUG    Write: '7E8 03 41 0B 73 \r\r>'
2024-09-20 19:29:46,178  root       run        DEBUG    Received '010C2'
2024-09-20 19:29:46,179  root       handle_request DEBUG    Handling: '010C2', header '7E0', ECU '7E0'
2024-09-20 19:29:46,179  root       handle_request DEBUG    Description: Engine RPM, PID RPM (010C2)
2024-09-20 19:29:46,179  root       handle_response DEBUG    Processing: '<pos_answer>0C 80</pos_answer> <header>7EA</header><size>04</size><data>41 0C 0C 80</data>'
2024-09-20 19:29:46,180  root       handle_response DEBUG    Write: '7E8 04 41 0C 0C 80 \r7EA 04 41 0C 0C 80 \r\r>'
2024-09-20 19:29:46,181  root       run        DEBUG    Received '010D2'
2024-09-20 19:29:46,182  root       handle_request DEBUG    Handling: '010D2', header '7E0', ECU '7E0'
2024-09-20 19:29:46,182  root       handle_request DEBUG    Description: Vehicle Speed, PID SPEED (010D2)
2024-09-20 19:29:46,182  root       handle_response DEBUG    Processing: '<pos_answer>28</pos_answer> <header>7EA</header><size>03</size><data>41 0D 28</data>'
2024-09-20 19:29:46,183  root       handle_response DEBUG    Write: '7E8 03 41 0D 28 \r7EA 03 41 0D 28 \r\r>'
2024-09-20 19:29:46,184  root       run        DEBUG    Received '010E1'
2024-09-20 19:29:46,184  root       handle_request DEBUG    Handling: '010E1', header '7E0', ECU '7E0'
2024-09-20 19:29:46,185  root       handle_request INFO     Unknown ELM command: '010E1', header=7E0
2024-09-20 19:29:46,185  root       handle_response DEBUG    Processing: '<writeln>?</writeln>'
2024-09-20 19:29:46,185  root       handle_response DEBUG    Write: '?\r\r>'
2024-09-20 19:29:46,186  root       run        DEBUG    Received '010F1'
2024-09-20 19:29:46,186  root       handle_request DEBUG    Handling: '010F1', header '7E0', ECU '7E0'
2024-09-20 19:29:46,187  root       handle_request DEBUG    Description: Intake Air Temp, PID INTAKE_TEMP (010F1)
2024-09-20 19:29:46,187  root       handle_response DEBUG    Processing: '<pos_answer>44</pos_answer>'
2024-09-20 19:29:46,187  root       handle_response DEBUG    Write: '7E8 03 41 0F 44 \r\r>'
2024-09-20 19:29:46,188  root       run        DEBUG    Received '01101'
2024-09-20 19:29:46,188  root       handle_request DEBUG    Handling: '01101', header '7E0', ECU '7E0'
2024-09-20 19:29:46,188  root       handle_request DEBUG    Description: Air Flow Rate (MAF), PID MAF (01101)
2024-09-20 19:29:46,189  root       handle_response DEBUG    Processing: '<pos_answer>05 1F</pos_answer>'
2024-09-20 19:29:46,189  root       handle_response DEBUG    Write: '7E8 04 41 10 05 1F \r\r>'
2024-09-20 19:29:46,190  root       run        DEBUG    Received '01111'
2024-09-20 19:29:46,190  root       handle_request DEBUG    Handling: '01111', header '7E0', ECU '7E0'
2024-09-20 19:29:46,190  root       handle_request DEBUG    Description: Throttle Position, PID THROTTLE_POS (01111)
2024-09-20 19:29:46,190  root       handle_response DEBUG    Processing: '<pos_answer>FF</pos_answer>'
2024-09-20 19:29:46,191  root       handle_response DEBUG    Write: '7E8 03 41 11 FF \r\r>'
2024-09-20 19:29:46,192  root       run        DEBUG    Received '01131'
2024-09-20 19:29:46,192  root       handle_request DEBUG    Handling: '01131', header '7E0', ECU '7E0'
2024-09-20 19:29:46,192  root       handle_request INFO     Unknown ELM command: '01131', header=7E0
2024-09-20 19:29:46,193  root       handle_response DEBUG    Processing: '<writeln>?</writeln>'
2024-09-20 19:29:46,193  root       handle_response DEBUG    Write: '?\r\r>'
2024-09-20 19:29:46,193  root       run        DEBUG    Received '01151'
2024-09-20 19:29:46,193  root       handle_request DEBUG    Handling: '01151', header '7E0', ECU '7E0'
2024-09-20 19:29:46,194  root       handle_request INFO     Unknown ELM command: '01151', header=7E0
2024-09-20 19:29:46,194  root       handle_response DEBUG    Processing: '<writeln>?</writeln>'
2024-09-20 19:29:46,194  root       handle_response DEBUG    Write: '?\r\r>'
2024-09-20 19:29:46,195  root       run        DEBUG    Received '011C1'
2024-09-20 19:29:46,195  root       handle_request DEBUG    Handling: '011C1', header '7E0', ECU '7E0'
2024-09-20 19:29:46,195  root       handle_request DEBUG    Description: OBD Standards Compliance, PID OBD_COMPLIANCE (011C1)
2024-09-20 19:29:46,195  root       handle_response DEBUG    Processing: '<pos_answer>06</pos_answer>'
2024-09-20 19:29:46,195  root       handle_response DEBUG    Write: '7E8 03 41 1C 06 \r\r>'
2024-09-20 19:29:46,196  root       run        DEBUG    Received '011F1'
2024-09-20 19:29:46,196  root       handle_request DEBUG    Handling: '011F1', header '7E0', ECU '7E0'
2024-09-20 19:29:46,196  root       handle_request DEBUG    Description: Engine Run Time, PID RUN_TIME (011F1)
2024-09-20 19:29:46,196  root       handle_response DEBUG    Processing: '<pos_answer>00 8C</pos_answer>'
2024-09-20 19:29:46,196  root       handle_response DEBUG    Write: '7E8 04 41 1F 00 8C \r\r>'
2024-09-20 19:29:46,197  root       run        DEBUG    Received '01211'
2024-09-20 19:29:46,197  root       handle_request DEBUG    Handling: '01211', header '7E0', ECU '7E0'
2024-09-20 19:29:46,197  root       handle_request DEBUG    Description: Distance Traveled with MIL on, PID DISTANCE_W_MIL (01211)
2024-09-20 19:29:46,197  root       handle_response DEBUG    Processing: '<pos_answer>00 00</pos_answer>'
2024-09-20 19:29:46,197  root       handle_response DEBUG    Write: '7E8 04 41 21 00 00 \r\r>'
2024-09-20 19:29:46,198  root       run        DEBUG    Received '01241'
2024-09-20 19:29:46,198  root       handle_request DEBUG    Handling: '01241', header '7E0', ECU '7E0'
2024-09-20 19:29:46,198  root       handle_request INFO     Unknown ELM command: '01241', header=7E0
2024-09-20 19:29:46,198  root       handle_response DEBUG    Processing: '<writeln>?</writeln>'
2024-09-20 19:29:46,198  root       handle_response DEBUG    Write: '?\r\r>'
2024-09-20 19:29:46,199  root       run        DEBUG    Received '012C1'
2024-09-20 19:29:46,199  root       handle_request DEBUG    Handling: '012C1', header '7E0', ECU '7E0'
2024-09-20 19:29:46,199  root       handle_request DEBUG    Description: Commanded EGR, PID COMMANDED_EGR (012C1)
2024-09-20 19:29:46,199  root       handle_response DEBUG    Processing: '<pos_answer>0D</pos_answer>'
2024-09-20 19:29:46,199  root       handle_response DEBUG    Write: '7E8 03 41 2C 0D \r\r>'
2024-09-20 19:29:46,199  root       run        DEBUG    Received '012E1'
2024-09-20 19:29:46,199  root       handle_request DEBUG    Handling: '012E1', header '7E0', ECU '7E0'
2024-09-20 19:29:46,200  root       handle_request INFO     Unknown ELM command: '012E1', header=7E0
2024-09-20 19:29:46,200  root       handle_response DEBUG    Processing: '<writeln>?</writeln>'
2024-09-20 19:29:46,200  root       handle_response DEBUG    Write: '?\r\r>'
2024-09-20 19:29:46,200  root       run        DEBUG    Received '01301'
2024-09-20 19:29:46,200  root       handle_request DEBUG    Handling: '01301', header '7E0', ECU '7E0'
2024-09-20 19:29:46,201  root       handle_request INFO     Unknown ELM command: '01301', header=7E0
2024-09-20 19:29:46,201  root       handle_response DEBUG    Processing: '<writeln>?</writeln>'
2024-09-20 19:29:46,201  root       handle_response DEBUG    Write: '?\r\r>'
2024-09-20 19:29:46,201  root       run        DEBUG    Received '01311'
2024-09-20 19:29:46,201  root       handle_request DEBUG    Handling: '01311', header '7E0', ECU '7E0'
2024-09-20 19:29:46,201  root       handle_request DEBUG    Description: Distance traveled since codes cleared, PID DISTANCE_SINCE_DTC_CLEAR (01311)
2024-09-20 19:29:46,201  root       handle_response DEBUG    Processing: '<pos_answer>C8 1F</pos_answer>'
2024-09-20 19:29:46,201  root       handle_response DEBUG    Write: '7E8 04 41 31 C8 1F \r\r>'
2024-09-20 19:29:46,202  root       run        DEBUG    Received '01331'
2024-09-20 19:29:46,202  root       handle_request DEBUG    Handling: '01331', header '7E0', ECU '7E0'
2024-09-20 19:29:46,202  root       handle_request DEBUG    Description: Barometric Pressure, PID BAROMETRIC_PRESSURE (01331)
2024-09-20 19:29:46,202  root       handle_response DEBUG    Processing: '<pos_answer>65</pos_answer>'
2024-09-20 19:29:46,202  root       handle_response DEBUG    Write: '7E8 03 41 33 65 \r\r>'
2024-09-20 19:29:46,202  root       run        DEBUG    Received '01341'
2024-09-20 19:29:46,202  root       handle_request DEBUG    Handling: '01341', header '7E0', ECU '7E0'
2024-09-20 19:29:46,203  root       handle_request INFO     Unknown ELM command: '01341', header=7E0
2024-09-20 19:29:46,203  root       handle_response DEBUG    Processing: '<writeln>?</writeln>'
2024-09-20 19:29:46,203  root       handle_response DEBUG    Write: '?\r\r>'
2024-09-20 19:29:46,203  root       run        DEBUG    Received '013C1'
2024-09-20 19:29:46,203  root       handle_request DEBUG    Handling: '013C1', header '7E0', ECU '7E0'
2024-09-20 19:29:46,203  root       handle_request DEBUG    Description: Catalyst Temperature: Bank 1 - Sensor 1, PID CATALYST_TEMP_B1S1 (013C1)
2024-09-20 19:29:46,203  root       handle_response DEBUG    Processing: '<pos_answer>04 44</pos_answer>'
2024-09-20 19:29:46,203  root       handle_response DEBUG    Write: '7E8 04 41 3C 04 44 \r\r>'
2024-09-20 19:29:46,204  root       run        DEBUG    Received '013E1'
2024-09-20 19:29:46,204  root       handle_request DEBUG    Handling: '013E1', header '7E0', ECU '7E0'
2024-09-20 19:29:46,204  root       handle_request INFO     Unknown ELM command: '013E1', header=7E0
2024-09-20 19:29:46,204  root       handle_response DEBUG    Processing: '<writeln>?</writeln>'
2024-09-20 19:29:46,204  root       handle_response DEBUG    Write: '?\r\r>'
2024-09-20 19:29:46,204  root       run        DEBUG    Received '01421'
2024-09-20 19:29:46,205  root       handle_request DEBUG    Handling: '01421', header '7E0', ECU '7E0'
2024-09-20 19:29:46,205  root       handle_request DEBUG    Description: Control module voltage, PID CONTROL_MODULE_VOLTAGE (01421)
2024-09-20 19:29:46,205  root       handle_response DEBUG    Processing: '<pos_answer>39 D6</pos_answer>'
2024-09-20 19:29:46,205  root       handle_response DEBUG    Write: '7E8 04 41 42 39 D6 \r\r>'
2024-09-20 19:29:46,205  root       run        DEBUG    Received '01431'
2024-09-20 19:29:46,205  root       handle_request DEBUG    Handling: '01431', header '7E0', ECU '7E0'
2024-09-20 19:29:46,206  root       handle_request INFO     Unknown ELM command: '01431', header=7E0
2024-09-20 19:29:46,206  root       handle_response DEBUG    Processing: '<writeln>?</writeln>'
2024-09-20 19:29:46,206  root       handle_response DEBUG    Write: '?\r\r>'
2024-09-20 19:29:46,206  root       run        DEBUG    Received '01441'
2024-09-20 19:29:46,207  root       handle_request DEBUG    Handling: '01441', header '7E0', ECU '7E0'
2024-09-20 19:29:46,207  root       handle_request INFO     Unknown ELM command: '01441', header=7E0
2024-09-20 19:29:46,207  root       handle_response DEBUG    Processing: '<writeln>?</writeln>'
2024-09-20 19:29:46,207  root       handle_response DEBUG    Write: '?\r\r>'
2024-09-20 19:29:46,208  root       run        DEBUG    Received '01451'
2024-09-20 19:29:46,208  root       handle_request DEBUG    Handling: '01451', header '7E0', ECU '7E0'
2024-09-20 19:29:46,208  root       handle_request INFO     Unknown ELM command: '01451', header=7E0
2024-09-20 19:29:46,208  root       handle_response DEBUG    Processing: '<writeln>?</writeln>'
2024-09-20 19:29:46,209  root       handle_response DEBUG    Write: '?\r\r>'
2024-09-20 19:29:46,209  root       run        DEBUG    Received '01471'
2024-09-20 19:29:46,209  root       handle_request DEBUG    Handling: '01471', header '7E0', ECU '7E0'
2024-09-20 19:29:46,209  root       handle_request INFO     Unknown ELM command: '01471', header=7E0
2024-09-20 19:29:46,209  root       handle_response DEBUG    Processing: '<writeln>?</writeln>'
2024-09-20 19:29:46,210  root       handle_response DEBUG    Write: '?\r\r>'
2024-09-20 19:29:46,210  root       run        DEBUG    Received '014C1'
2024-09-20 19:29:46,210  root       handle_request DEBUG    Handling: '014C1', header '7E0', ECU '7E0'
2024-09-20 19:29:46,210  root       handle_request DEBUG    Description: Commanded throttle actuator, PID THROTTLE_ACTUATOR (014C1)
2024-09-20 19:29:46,210  root       handle_response DEBUG    Processing: '<pos_answer>00</pos_answer>'
2024-09-20 19:29:46,210  root       handle_response DEBUG    Write: '7E8 03 41 4C 00 \r\r>'
2024-09-20 19:29:46,211  root       run        DEBUG    Received '014D1'
2024-09-20 19:29:46,211  root       handle_request DEBUG    Handling: '014D1', header '7E0', ECU '7E0'
2024-09-20 19:29:46,211  root       handle_request DEBUG    Description: Time run with MIL on, PID RUN_TIME_MIL (014D1)
2024-09-20 19:29:46,211  root       handle_response DEBUG    Processing: '<pos_answer>00 00</pos_answer>'
2024-09-20 19:29:46,211  root       handle_response DEBUG    Write: '7E8 04 41 4D 00 00 \r\r>'
2024-09-20 19:29:46,211  root       run        DEBUG    Received '014E1'
2024-09-20 19:29:46,211  root       handle_request DEBUG    Handling: '014E1', header '7E0', ECU '7E0'
2024-09-20 19:29:46,211  root       handle_request DEBUG    Description: Time since trouble codes cleared, PID TIME_SINCE_DTC_CLEARED (014E1)
2024-09-20 19:29:46,211  root       handle_response DEBUG    Processing: '<pos_answer>4C 69</pos_answer>'
2024-09-20 19:29:46,212  root       handle_response DEBUG    Write: '7E8 04 41 4E 4C 69 \r\r>'
2024-09-20 19:29:46,212  root       run        DEBUG    Received '01511'
2024-09-20 19:29:46,212  root       handle_request DEBUG    Handling: '01511', header '7E0', ECU '7E0'
2024-09-20 19:29:46,212  root       handle_request DEBUG    Description: Fuel Type, PID FUEL_TYPE (01511)
2024-09-20 19:29:46,212  root       handle_response DEBUG    Processing: '<pos_answer>01</pos_answer>'
2024-09-20 19:29:46,212  root       handle_response DEBUG    Write: '7E8 03 41 51 01 \r\r>'
2024-09-20 19:29:46,463  root       run        DEBUG    Received '01002'
2024-09-20 19:29:46,464  root       handle_request DEBUG    Handling: '01002', header '7E0', ECU '7E0'
2024-09-20 19:29:46,465  root       handle_request DEBUG    Description: PIDS_A, PID ELM_PIDS_A (01002)
2024-09-20 19:29:46,465  root       handle_response DEBUG    Processing: '<header>7EA</header><size>06</size><data>41 00 98 3A 80 13</data><pos_answer>BE 3F A8 13</pos_answer>'
2024-09-20 19:29:46,466  root       handle_response DEBUG    Write: '7EA 06 41 00 98 3A 80 13 \r7E8 06 41 00 BE 3F A8 13 \r\r>'
2024-09-20 19:29:46,467  root       run        DEBUG    Received '01202'
2024-09-20 19:29:46,468  root       handle_request DEBUG    Handling: '01202', header '7E0', ECU '7E0'
2024-09-20 19:29:46,469  root       handle_request DEBUG    Description: PIDS_B, PID ELM_PIDS_B (01202)
2024-09-20 19:29:46,469  root       handle_response DEBUG    Processing: '<header>7EA</header><size>06</size><data>41 20 80 01 A0 01</data><pos_answer>90 15 B0 15</pos_answer>'
2024-09-20 19:29:46,470  root       handle_response DEBUG    Write: '7EA 06 41 20 80 01 A0 01 \r7E8 06 41 20 90 15 B0 15 \r\r>'
2024-09-20 19:29:46,472  root       run        DEBUG    Received '01402'
2024-09-20 19:29:46,472  root       handle_request DEBUG    Handling: '01402', header '7E0', ECU '7E0'
2024-09-20 19:29:46,473  root       handle_request DEBUG    Description: PIDS_C, PID ELM_PIDS_C (01402)
2024-09-20 19:29:46,473  root       handle_response DEBUG    Processing: '<header>7EA</header><size>06</size><data>41 40 44 CC 00 21</data><pos_answer>7A 1C 80 00</pos_answer>'
2024-09-20 19:29:46,474  root       handle_response DEBUG    Write: '7EA 06 41 40 44 CC 00 21 \r7E8 06 41 40 7A 1C 80 00 \r\r>'
2024-09-20 19:29:46,476  root       run        DEBUG    Received '01011'
2024-09-20 19:29:46,476  root       handle_request DEBUG    Handling: '01011', header '7E0', ECU '7E0'
2024-09-20 19:29:46,478  root       handle_request INFO     Unknown ELM command: '01011', header=7E0
2024-09-20 19:29:46,478  root       handle_response DEBUG    Processing: '<writeln>?</writeln>'
2024-09-20 19:29:46,479  root       handle_response DEBUG    Write: '?\r\r>'
2024-09-20 19:29:46,485  root       run        DEBUG    Received '01031'
2024-09-20 19:29:46,486  root       handle_request DEBUG    Handling: '01031', header '7E0', ECU '7E0'
2024-09-20 19:29:46,486  root       handle_request DEBUG    Description: Fuel System Status, PID FUEL_STATUS (01031)
2024-09-20 19:29:46,486  root       handle_response DEBUG    Processing: '<pos_answer>00 00</pos_answer>'
2024-09-20 19:29:46,487  root       handle_response DEBUG    Write: '7E8 04 41 03 00 00 \r\r>'
2024-09-20 19:29:46,489  root       run        DEBUG    Received '01041'
2024-09-20 19:29:46,489  root       handle_request DEBUG    Handling: '01041', header '7E0', ECU '7E0'
2024-09-20 19:29:46,490  root       handle_request DEBUG    Description: Calculated Engine Load, PID ENGINE_LOAD (01041)
2024-09-20 19:29:46,490  root       handle_response DEBUG    Processing: '<pos_answer>00</pos_answer>'
2024-09-20 19:29:46,491  root       handle_response DEBUG    Write: '7E8 03 41 04 00 \r\r>'
2024-09-20 19:29:46,493  root       run        DEBUG    Received '01051'
2024-09-20 19:29:46,493  root       handle_request DEBUG    Handling: '01051', header '7E0', ECU '7E0'
2024-09-20 19:29:46,494  root       handle_request DEBUG    Description: Engine Coolant Temperature, PID COOLANT_TEMP (01051)
2024-09-20 19:29:46,495  root       handle_response DEBUG    Processing: '<pos_answer>7B</pos_answer>'
2024-09-20 19:29:46,495  root       handle_response DEBUG    Write: '7E8 03 41 05 7B \r\r>'
2024-09-20 19:29:46,497  root       run        DEBUG    Received '01061'
2024-09-20 19:29:46,498  root       handle_request DEBUG    Handling: '01061', header '7E0', ECU '7E0'
2024-09-20 19:29:46,500  root       handle_request INFO     Unknown ELM command: '01061', header=7E0
2024-09-20 19:29:46,500  root       handle_response DEBUG    Processing: '<writeln>?</writeln>'
2024-09-20 19:29:46,501  root       handle_response DEBUG    Write: '?\r\r>'
2024-09-20 19:29:46,502  root       run        DEBUG    Received '01071'
2024-09-20 19:29:46,502  root       handle_request DEBUG    Handling: '01071', header '7E0', ECU '7E0'
2024-09-20 19:29:46,504  root       handle_request INFO     Unknown ELM command: '01071', header=7E0
2024-09-20 19:29:46,504  root       handle_response DEBUG    Processing: '<writeln>?</writeln>'
2024-09-20 19:29:46,504  root       handle_response DEBUG    Write: '?\r\r>'
2024-09-20 19:29:46,506  root       run        DEBUG    Received '010B1'
2024-09-20 19:29:46,507  root       handle_request DEBUG    Handling: '010B1', header '7E0', ECU '7E0'
2024-09-20 19:29:46,507  root       handle_request DEBUG    Description: Intake Manifold Pressure, PID INTAKE_PRESSURE (010B1)
2024-09-20 19:29:46,507  root       handle_response DEBUG    Processing: '<pos_answer>73</pos_answer>'
2024-09-20 19:29:46,508  root       handle_response DEBUG    Write: '7E8 03 41 0B 73 \r\r>'
2024-09-20 19:29:46,510  root       run        DEBUG    Received '010C2'
2024-09-20 19:29:46,511  root       handle_request DEBUG    Handling: '010C2', header '7E0', ECU '7E0'
2024-09-20 19:29:46,511  root       handle_request DEBUG    Description: Engine RPM, PID RPM (010C2)
2024-09-20 19:29:46,511  root       handle_response DEBUG    Processing: '<pos_answer>0C D0</pos_answer> <header>7EA</header><size>04</size><data>41 0C 0C D0</data>'
2024-09-20 19:29:46,512  root       handle_response DEBUG    Write: '7E8 04 41 0C 0C D0 \r7EA 04 41 0C 0C D0 \r\r>'
2024-09-20 19:29:46,514  root       run        DEBUG    Received '010D2'
2024-09-20 19:29:46,514  root       handle_request DEBUG    Handling: '010D2', header '7E0', ECU '7E0'
2024-09-20 19:29:46,515  root       handle_request DEBUG    Description: Vehicle Speed, PID SPEED (010D2)
2024-09-20 19:29:46,515  root       handle_response DEBUG    Processing: '<pos_answer>24</pos_answer> <header>7EA</header><size>03</size><data>41 0D 24</data>'
2024-09-20 19:29:46,515  root       handle_response DEBUG    Write: '7E8 03 41 0D 24 \r7EA 03 41 0D 24 \r\r>'
2024-09-20 19:29:46,517  root       run        DEBUG    Received '010E1'
2024-09-20 19:29:46,517  root       handle_request DEBUG    Handling: '010E1', header '7E0', ECU '7E0'
2024-09-20 19:29:46,519  root       handle_request INFO     Unknown ELM command: '010E1', header=7E0
2024-09-20 19:29:46,519  root       handle_response DEBUG    Processing: '<writeln>?</writeln>'
2024-09-20 19:29:46,520  root       handle_response DEBUG    Write: '?\r\r>'
2024-09-20 19:29:46,521  root       run        DEBUG    Received '010F1'
2024-09-20 19:29:46,521  root       handle_request DEBUG    Handling: '010F1', header '7E0', ECU '7E0'
2024-09-20 19:29:46,521  root       handle_request DEBUG    Description: Intake Air Temp, PID INTAKE_TEMP (010F1)
2024-09-20 19:29:46,521  root       handle_response DEBUG    Processing: '<pos_answer>44</pos_answer>'
2024-09-20 19:29:46,522  root       handle_response DEBUG    Write: '7E8 03 41 0F 44 \r\r>'
2024-09-20 19:29:46,523  root       run        DEBUG    Received '01101'
2024-09-20 19:29:46,523  root       handle_request DEBUG    Handling: '01101', header '7E0', ECU '7E0'
2024-09-20 19:29:46,524  root       handle_request DEBUG    Description: Air Flow Rate (MAF), PID MAF (01101)
2024-09-20 19:29:46,524  root       handle_response DEBUG    Processing: '<pos_answer>05 1F</pos_answer>'
2024-09-20 19:29:46,524  root       handle_response DEBUG    Write: '7E8 04 41 10 05 1F \r\r>'
2024-09-20 19:29:46,526  root       run        DEBUG    Received '01111'
2024-09-20 19:29:46,526  root       handle_request DEBUG    Handling: '01111', header '7E0', ECU '7E0'
2024-09-20 19:29:46,526  root       handle_request DEBUG    Description: Throttle Position, PID THROTTLE_POS (01111)
2024-09-20 19:29:46,526  root       handle_response DEBUG    Processing: '<pos_answer>FF</pos_answer>'
2024-09-20 19:29:46,527  root       handle_response DEBUG    Write: '7E8 03 41 11 FF \r\r>'
2024-09-20 19:29:46,528  root       run        DEBUG    Received '01131'
2024-09-20 19:29:46,528  root       handle_request DEBUG    Handling: '01131', header '7E0', ECU '7E0'
2024-09-20 19:29:46,528  root       handle_request INFO     Unknown ELM command: '01131', header=7E0
2024-09-20 19:29:46,529  root       handle_response DEBUG    Processing: '<writeln>?</writeln>'
2024-09-20 19:29:46,529  root       handle_response DEBUG    Write: '?\r\r>'
2024-09-20 19:29:46,529  root       run        DEBUG    Received '01151'
2024-09-20 19:29:46,530  root       handle_request DEBUG    Handling: '01151', header '7E0', ECU '7E0'
2024-09-20 19:29:46,530  root       handle_request INFO     Unknown ELM command: '01151', header=7E0
2024-09-20 19:29:46,530  root       handle_response DEBUG    Processing: '<writeln>?</writeln>'
2024-09-20 19:29:46,530  root       handle_response DEBUG    Write: '?\r\r>'
2024-09-20 19:29:46,531  root       run        DEBUG    Received '011C1'
2024-09-20 19:29:46,531  root       handle_request DEBUG    Handling: '011C1', header '7E0', ECU '7E0'
2024-09-20 19:29:46,531  root       handle_request DEBUG    Description: OBD Standards Compliance, PID OBD_COMPLIANCE (011C1)
2024-09-20 19:29:46,531  root       handle_response DEBUG    Processing: '<pos_answer>06</pos_answer>'
2024-09-20 19:29:46,532  root       handle_response DEBUG    Write: '7E8 03 41 1C 06 \r\r>'
2024-09-20 19:29:46,532  root       run        DEBUG    Received '011F1'
2024-09-20 19:29:46,532  root       handle_request DEBUG    Handling: '011F1', header '7E0', ECU '7E0'
2024-09-20 19:29:46,532  root       handle_request DEBUG    Description: Engine Run Time, PID RUN_TIME (011F1)
2024-09-20 19:29:46,532  root       handle_response DEBUG    Processing: '<pos_answer>00 8C</pos_answer>'
2024-09-20 19:29:46,533  root       handle_response DEBUG    Write: '7E8 04 41 1F 00 8C \r\r>'
2024-09-20 19:29:46,533  root       run        DEBUG    Received '01211'
2024-09-20 19:29:46,533  root       handle_request DEBUG    Handling: '01211', header '7E0', ECU '7E0'
2024-09-20 19:29:46,534  root       handle_request DEBUG    Description: Distance Traveled with MIL on, PID DISTANCE_W_MIL (01211)
2024-09-20 19:29:46,534  root       handle_response DEBUG    Processing: '<pos_answer>00 00</pos_answer>'
2024-09-20 19:29:46,534  root       handle_response DEBUG    Write: '7E8 04 41 21 00 00 \r\r>'
2024-09-20 19:29:46,534  root       run        DEBUG    Received '01241'
2024-09-20 19:29:46,535  root       handle_request DEBUG    Handling: '01241', header '7E0', ECU '7E0'
2024-09-20 19:29:46,535  root       handle_request INFO     Unknown ELM command: '01241', header=7E0
2024-09-20 19:29:46,535  root       handle_response DEBUG    Processing: '<writeln>?</writeln>'
2024-09-20 19:29:46,535  root       handle_response DEBUG    Write: '?\r\r>'
2024-09-20 19:29:46,536  root       run        DEBUG    Received '012C1'
2024-09-20 19:29:46,536  root       handle_request DEBUG    Handling: '012C1', header '7E0', ECU '7E0'
2024-09-20 19:29:46,536  root       handle_request DEBUG    Description: Commanded EGR, PID COMMANDED_EGR (012C1)
2024-09-20 19:29:46,536  root       handle_response DEBUG    Processing: '<pos_answer>0D</pos_answer>'
2024-09-20 19:29:46,536  root       handle_response DEBUG    Write: '7E8 03 41 2C 0D \r\r>'
2024-09-20 19:29:46,537  root       run        DEBUG    Received '012E1'
2024-09-20 19:29:46,537  root       handle_request DEBUG    Handling: '012E1', header '7E0', ECU '7E0'
2024-09-20 19:29:46,537  root       handle_request INFO     Unknown ELM command: '012E1', header=7E0
2024-09-20 19:29:46,537  root       handle_response DEBUG    Processing: '<writeln>?</writeln>'
2024-09-20 19:29:46,537  root       handle_response DEBUG    Write: '?\r\r>'
2024-09-20 19:29:46,538  root       run        DEBUG    Received '01301'
2024-09-20 19:29:46,538  root       handle_request DEBUG    Handling: '01301', header '7E0', ECU '7E0'
2024-09-20 19:29:46,538  root       handle_request INFO     Unknown ELM command: '01301', header=7E0
2024-09-20 19:29:46,539  root       handle_response DEBUG    Processing: '<writeln>?</writeln>'
2024-09-20 19:29:46,539  root       handle_response DEBUG    Write: '?\r\r>'
2024-09-20 19:29:46,539  root       run        DEBUG    Received '01311'
2024-09-20 19:29:46,539  root       handle_request DEBUG    Handling: '01311', header '7E0', ECU '7E0'
2024-09-20 19:29:46,540  root       handle_request DEBUG    Description: Distance traveled since codes cleared, PID DISTANCE_SINCE_DTC_CLEAR (01311)
2024-09-20 19:29:46,540  root       handle_response DEBUG    Processing: '<pos_answer>C8 1F</pos_answer>'
2024-09-20 19:29:46,540  root       handle_response DEBUG    Write: '7E8 04 41 31 C8 1F \r\r>'
2024-09-20 19:29:46,541  root       run        DEBUG    Received '01331'
2024-09-20 19:29:46,541  root       handle_request DEBUG    Handling: '01331', header '7E0', ECU '7E0'
2024-09-20 19:29:46,541  root       handle_request DEBUG    Description: Barometric Pressure, PID BAROMETRIC_PRESSURE (01331)
2024-09-20 19:29:46,541  root       handle_response DEBUG    Processing: '<pos_answer>65</pos_answer>'
2024-09-20 19:29:46,542  root       handle_response DEBUG    Write: '7E8 03 41 33 65 \r\r>'
2024-09-20 19:29:46,542  root       run        DEBUG    Received '01341'
2024-09-20 19:29:46,542  root       handle_request DEBUG    Handling: '01341', header '7E0', ECU '7E0'
2024-09-20 19:29:46,543  root       handle_request INFO     Unknown ELM command: '01341', header=7E0
2024-09-20 19:29:46,543  root       handle_response DEBUG    Processing: '<writeln>?</writeln>'
2024-09-20 19:29:46,543  root       handle_response DEBUG    Write: '?\r\r>'
2024-09-20 19:29:46,543  root       run        DEBUG    Received '013C1'
2024-09-20 19:29:46,543  root       handle_request DEBUG    Handling: '013C1', header '7E0', ECU '7E0'
2024-09-20 19:29:46,544  root       handle_request DEBUG    Description: Catalyst Temperature: Bank 1 - Sensor 1, PID CATALYST_TEMP_B1S1 (013C1)
2024-09-20 19:29:46,544  root       handle_response DEBUG    Processing: '<pos_answer>04 44</pos_answer>'
2024-09-20 19:29:46,544  root       handle_response DEBUG    Write: '7E8 04 41 3C 04 44 \r\r>'
2024-09-20 19:29:46,544  root       run        DEBUG    Received '013E1'
2024-09-20 19:29:46,544  root       handle_request DEBUG    Handling: '013E1', header '7E0', ECU '7E0'
2024-09-20 19:29:46,545  root       handle_request INFO     Unknown ELM command: '013E1', header=7E0
2024-09-20 19:29:46,545  root       handle_response DEBUG    Processing: '<writeln>?</writeln>'
2024-09-20 19:29:46,545  root       handle_response DEBUG    Write: '?\r\r>'
2024-09-20 19:29:46,546  root       run        DEBUG    Received '01421'
2024-09-20 19:29:46,546  root       handle_request DEBUG    Handling: '01421', header '7E0', ECU '7E0'
2024-09-20 19:29:46,546  root       handle_request DEBUG    Description: Control module voltage, PID CONTROL_MODULE_VOLTAGE (01421)
2024-09-20 19:29:46,546  root       handle_response DEBUG    Processing: '<pos_answer>39 D6</pos_answer>'
2024-09-20 19:29:46,546  root       handle_response DEBUG    Write: '7E8 04 41 42 39 D6 \r\r>'
2024-09-20 19:29:46,547  root       run        DEBUG    Received '01431'
2024-09-20 19:29:46,547  root       handle_request DEBUG    Handling: '01431', header '7E0', ECU '7E0'
2024-09-20 19:29:46,547  root       handle_request INFO     Unknown ELM command: '01431', header=7E0
2024-09-20 19:29:46,547  root       handle_response DEBUG    Processing: '<writeln>?</writeln>'
2024-09-20 19:29:46,547  root       handle_response DEBUG    Write: '?\r\r>'
2024-09-20 19:29:46,547  root       run        DEBUG    Received '01441'
2024-09-20 19:29:46,547  root       handle_request DEBUG    Handling: '01441', header '7E0', ECU '7E0'
2024-09-20 19:29:46,548  root       handle_request INFO     Unknown ELM command: '01441', header=7E0
2024-09-20 19:29:46,548  root       handle_response DEBUG    Processing: '<writeln>?</writeln>'
2024-09-20 19:29:46,548  root       handle_response DEBUG    Write: '?\r\r>'
2024-09-20 19:29:46,548  root       run        DEBUG    Received '01451'
2024-09-20 19:29:46,548  root       handle_request DEBUG    Handling: '01451', header '7E0', ECU '7E0'
2024-09-20 19:29:46,549  root       handle_request INFO     Unknown ELM command: '01451', header=7E0
2024-09-20 19:29:46,549  root       handle_response DEBUG    Processing: '<writeln>?</writeln>'
2024-09-20 19:29:46,549  root       handle_response DEBUG    Write: '?\r\r>'
2024-09-20 19:29:46,549  root       run        DEBUG    Received '01471'
2024-09-20 19:29:46,549  root       handle_request DEBUG    Handling: '01471', header '7E0', ECU '7E0'
2024-09-20 19:29:46,549  root       handle_request INFO     Unknown ELM command: '01471', header=7E0
2024-09-20 19:29:46,550  root       handle_response DEBUG    Processing: '<writeln>?</writeln>'
2024-09-20 19:29:46,550  root       handle_response DEBUG    Write: '?\r\r>'
2024-09-20 19:29:46,550  root       run        DEBUG    Received '014C1'
2024-09-20 19:29:46,550  root       handle_request DEBUG    Handling: '014C1', header '7E0', ECU '7E0'
2024-09-20 19:29:46,550  root       handle_request DEBUG    Description: Commanded throttle actuator, PID THROTTLE_ACTUATOR (014C1)
2024-09-20 19:29:46,550  root       handle_response DEBUG    Processing: '<pos_answer>00</pos_answer>'
2024-09-20 19:29:46,550  root       handle_response DEBUG    Write: '7E8 03 41 4C 00 \r\r>'
2024-09-20 19:29:46,551  root       run        DEBUG    Received '014D1'
2024-09-20 19:29:46,551  root       handle_request DEBUG    Handling: '014D1', header '7E0', ECU '7E0'
2024-09-20 19:29:46,551  root       handle_request DEBUG    Description: Time run with MIL on, PID RUN_TIME_MIL (014D1)
2024-09-20 19:29:46,551  root       handle_response DEBUG    Processing: '<pos_answer>00 00</pos_answer>'
2024-09-20 19:29:46,551  root       handle_response DEBUG    Write: '7E8 04 41 4D 00 00 \r\r>'
2024-09-20 19:29:46,551  root       run        DEBUG    Received '014E1'
2024-09-20 19:29:46,552  root       handle_request DEBUG    Handling: '014E1', header '7E0', ECU '7E0'
2024-09-20 19:29:46,552  root       handle_request DEBUG    Description: Time since trouble codes cleared, PID TIME_SINCE_DTC_CLEARED (014E1)
2024-09-20 19:29:46,552  root       handle_response DEBUG    Processing: '<pos_answer>4C 69</pos_answer>'
2024-09-20 19:29:46,552  root       handle_response DEBUG    Write: '7E8 04 41 4E 4C 69 \r\r>'
2024-09-20 19:29:46,552  root       run        DEBUG    Received '01511'
2024-09-20 19:29:46,552  root       handle_request DEBUG    Handling: '01511', header '7E0', ECU '7E0'
2024-09-20 19:29:46,552  root       handle_request DEBUG    Description: Fuel Type, PID FUEL_TYPE (01511)
2024-09-20 19:29:46,552  root       handle_response DEBUG    Processing: '<pos_answer>01</pos_answer>'
2024-09-20 19:29:46,553  root       handle_response DEBUG    Write: '7E8 03 41 51 01 \r\r>'
2024-09-20 19:29:46,803  root       run        DEBUG    Received '01002'
2024-09-20 19:29:46,804  root       handle_request DEBUG    Handling: '01002', header '7E0', ECU '7E0'
2024-09-20 19:29:46,805  root       handle_request DEBUG    Description: PIDS_A, PID ELM_PIDS_A (01002)
2024-09-20 19:29:46,805  root       handle_response DEBUG    Processing: '<header>7EA</header><size>06</size><data>41 00 98 3A 80 13</data><pos_answer>BE 3F A8 13</pos_answer>'
2024-09-20 19:29:46,806  root       handle_response DEBUG    Write: '7EA 06 41 00 98 3A 80 13 \r7E8 06 41 00 BE 3F A8 13 \r\r>'
2024-09-20 19:29:46,807  root       run        DEBUG    Received '01202'
2024-09-20 19:29:46,807  root       handle_request DEBUG    Handling: '01202', header '7E0', ECU '7E0'
2024-09-20 19:29:46,808  root       handle_request DEBUG    Description: PIDS_B, PID ELM_PIDS_B (01202)
2024-09-20 19:29:46,808  root       handle_response DEBUG    Processing: '<header>7EA</header><size>06</size><data>41 20 80 01 A0 01</data><pos_answer>90 15 B0 15</pos_answer>'
2024-09-20 19:29:46,809  root       handle_response DEBUG    Write: '7EA 06 41 20 80 01 A0 01 \r7E8 06 41 20 90 15 B0 15 \r\r>'
2024-09-20 19:29:46,810  root       run        DEBUG    Received '01402'
2024-09-20 19:29:46,811  root       handle_request DEBUG    Handling: '01402', header '7E0', ECU '7E0'
2024-09-20 19:29:46,811  root       handle_request DEBUG    Description: PIDS_C, PID ELM_PIDS_C (01402)
2024-09-20 19:29:46,812  root       handle_response DEBUG    Processing: '<header>7EA</header><size>06</size><data>41 40 44 CC 00 21</data><pos_answer>7A 1C 80 00</pos_answer>'
2024-09-20 19:29:46,812  root       handle_response DEBUG    Write: '7EA 06 41 40 44 CC 00 21 \r7E8 06 41 40 7A 1C 80 00 \r\r>'
2024-09-20 19:29:46,813  root       run        DEBUG    Received '01011'
2024-09-20 19:29:46,814  root       handle_request DEBUG    Handling: '01011', header '7E0', ECU '7E0'
2024-09-20 19:29:46,815  root       handle_request INFO     Unknown ELM command: '01011', header=7E0
2024-09-20 19:29:46,815  root       handle_response DEBUG    Processing: '<writeln>?</writeln>'
2024-09-20 19:29:46,816  root       handle_response DEBUG    Write: '?\r\r>'
2024-09-20 19:29:46,823  root       run        DEBUG    Received '01031'
2024-09-20 19:29:46,823  root       handle_request DEBUG    Handling: '01031', header '7E0', ECU '7E0'
2024-09-20 19:29:46,824  root       handle_request DEBUG    Description: Fuel System Status, PID FUEL_STATUS (01031)
2024-09-20 19:29:46,824  root       handle_response DEBUG    Processing: '<pos_answer>00 00</pos_answer>'
2024-09-20 19:29:46,825  root       handle_response DEBUG    Write: '7E8 04 41 03 00 00 \r\r>'
2024-09-20 19:29:46,826  root       run        DEBUG    Received '01041'
2024-09-20 19:29:46,827  root       handle_request DEBUG    Handling: '01041', header '7E0', ECU '7E0'
2024-09-20 19:29:46,827  root       handle_request DEBUG    Description: Calculated Engine Load, PID ENGINE_LOAD (01041)
2024-09-20 19:29:46,828  root       handle_response DEBUG    Processing: '<pos_answer>00</pos_answer>'
2024-09-20 19:29:46,828  root       handle_response DEBUG    Write: '7E8 03 41 04 00 \r\r>'
2024-09-20 19:29:46,830  root       run        DEBUG    Received '01051'
2024-09-20 19:29:46,830  root       handle_request DEBUG    Handling: '01051', header '7E0', ECU '7E0'
2024-09-20 19:29:46,831  root       handle_request DEBUG    Description: Engine Coolant Temperature, PID COOLANT_TEMP (01051)
2024-09-20 19:29:46,831  root       handle_response DEBUG    Processing: '<pos_answer>7B</pos_answer>'
2024-09-20 19:29:46,832  root       handle_response DEBUG    Write: '7E8 03 41 05 7B \r\r>'
2024-09-20 19:29:46,834  root       run        DEBUG    Received '01061'
2024-09-20 19:29:46,834  root       handle_request DEBUG    Handling: '01061', header '7E0', ECU '7E0'
2024-09-20 19:29:46,835  root       handle_request INFO     Unknown ELM command: '01061', header=7E0
2024-09-20 19:29:46,836  root       handle_response DEBUG    Processing: '<writeln>?</writeln>'
2024-09-20 19:29:46,836  root       handle_response DEBUG    Write: '?\r\r>'
2024-09-20 19:29:46,838  root       run        DEBUG    Received '01071'
2024-09-20 19:29:46,838  root       handle_request DEBUG    Handling: '01071', header '7E0', ECU '7E0'
2024-09-20 19:29:46,840  root       handle_request INFO     Unknown ELM command: '01071', header=7E0
2024-09-20 19:29:46,840  root       handle_response DEBUG    Processing: '<writeln>?</writeln>'
2024-09-20 19:29:46,841  root       handle_response DEBUG    Write: '?\r\r>'
2024-09-20 19:29:46,842  root       run        DEBUG    Received '010B1'
2024-09-20 19:29:46,843  root       handle_request DEBUG    Handling: '010B1', header '7E0', ECU '7E0'
2024-09-20 19:29:46,843  root       handle_request DEBUG    Description: Intake Manifold Pressure, PID INTAKE_PRESSURE (010B1)
2024-09-20 19:29:46,843  root       handle_response DEBUG    Processing: '<pos_answer>73</pos_answer>'
2024-09-20 19:29:46,844  root       handle_response DEBUG    Write: '7E8 03 41 0B 73 \r\r>'
2024-09-20 19:29:46,846  root       run        DEBUG    Received '010C2'
2024-09-20 19:29:46,846  root       handle_request DEBUG    Handling: '010C2', header '7E0', ECU '7E0'
2024-09-20 19:29:46,846  root       handle_request DEBUG    Description: Engine RPM, PID RPM (010C2)
2024-09-20 19:29:46,847  root       handle_response DEBUG    Processing: '<pos_answer>0D 20</pos_answer> <header>7EA</header><size>04</size><data>41 0C 0D 20</data>'
2024-09-20 19:29:46,847  root       handle_response DEBUG    Write: '7E8 04 41 0C 0D 20 \r7EA 04 41 0C 0D 20 \r\r>'
2024-09-20 19:29:46,849  root       run        DEBUG    Received '010D2'
2024-09-20 19:29:46,849  root       handle_request DEBUG    Handling: '010D2', header '7E0', ECU '7E0'
2024-09-20 19:29:46,850  root       handle_request DEBUG    Description: Vehicle Speed, PID SPEED (010D2)
2024-09-20 19:29:46,850  root       handle_response DEBUG    Processing: '<pos_answer>20</pos_answer> <header>7EA</header><size>03</size><data>41 0D 20</data>'
2024-09-20 19:29:46,851  root       handle_response DEBUG    Write: '7E8 03 41 0D 20 \r7EA 03 41 0D 20 \r\r>'
2024-09-20 19:29:46,852  root       run        DEBUG    Received '010E1'
2024-09-20 19:29:46,853  root       handle_request DEBUG    Handling: '010E1', header '7E0', ECU '7E0'
2024-09-20 19:29:46,854  root       handle_request INFO     Unknown ELM command: '010E1', header=7E0
2024-09-20 19:29:46,854  root       handle_response DEBUG    Processing: '<writeln>?</writeln>'
2024-09-20 19:29:46,855  root       handle_response DEBUG    Write: '?\r\r>'
2024-09-20 19:29:46,857  root       run        DEBUG    Received '010F1'
2024-09-20 19:29:46,857  root       handle_request DEBUG    Handling: '010F1', header '7E0', ECU '7E0'
2024-09-20 19:29:46,858  root       handle_request DEBUG    Description: Intake Air Temp, PID INTAKE_TEMP (010F1)
2024-09-20 19:29:46,858  root       handle_response DEBUG    Processing: '<pos_answer>44</pos_answer>'
2024-09-20 19:29:46,858  root       handle_response DEBUG    Write: '7E8 03 41 0F 44 \r\r>'
2024-09-20 19:29:46,860  root       run        DEBUG    Received '01101'
2024-09-20 19:29:46,860  root       handle_request DEBUG    Handling: '01101', header '7E0', ECU '7E0'
2024-09-20 19:29:46,860  root       handle_request DEBUG    Description: Air Flow Rate (MAF), PID MAF (01101)
2024-09-20 19:29:46,861  root       handle_response DEBUG    Processing: '<pos_answer>05 1F</pos_answer>'
2024-09-20 19:29:46,861  root       handle_response DEBUG    Write: '7E8 04 41 10 05 1F \r\r>'
2024-09-20 19:29:46,863  root       run        DEBUG    Received '01111'
2024-09-20 19:29:46,863  root       handle_request DEBUG    Handling: '01111', header '7E0', ECU '7E0'
2024-09-20 19:29:46,863  root       handle_request DEBUG    Description: Throttle Position, PID THROTTLE_POS (01111)
2024-09-20 19:29:46,863  root       handle_response DEBUG    Processing: '<pos_answer>FF</pos_answer>'
2024-09-20 19:29:46,864  root       handle_response DEBUG    Write: '7E8 03 41 11 FF \r\r>'
2024-09-20 19:29:46,865  root       run        DEBUG    Received '01131'
2024-09-20 19:29:46,865  root       handle_request DEBUG    Handling: '01131', header '7E0', ECU '7E0'
2024-09-20 19:29:46,866  root       handle_request INFO     Unknown ELM command: '01131', header=7E0
2024-09-20 19:29:46,866  root       handle_response DEBUG    Processing: '<writeln>?</writeln>'
2024-09-20 19:29:46,866  root       handle_response DEBUG    Write: '?\r\r>'
2024-09-20 19:29:46,867  root       run        DEBUG    Received '01151'
2024-09-20 19:29:46,867  root       handle_request DEBUG    Handling: '01151', header '7E0', ECU '7E0'
2024-09-20 19:29:46,867  root       handle_request INFO     Unknown ELM command: '01151', header=7E0
2024-09-20 19:29:46,868  root       handle_response DEBUG    Processing: '<writeln>?</writeln>'
2024-09-20 19:29:46,868  root       handle_response DEBUG    Write: '?\r\r>'
2024-09-20 19:29:46,868  root       run        DEBUG    Received '011C1'
2024-09-20 19:29:46,868  root       handle_request DEBUG    Handling: '011C1', header '7E0', ECU '7E0'
2024-09-20 19:29:46,869  root       handle_request DEBUG    Description: OBD Standards Compliance, PID OBD_COMPLIANCE (011C1)
2024-09-20 19:29:46,869  root       handle_response DEBUG    Processing: '<pos_answer>06</pos_answer>'
2024-09-20 19:29:46,869  root       handle_response DEBUG    Write: '7E8 03 41 1C 06 \r\r>'
2024-09-20 19:29:46,869  root       run        DEBUG    Received '011F1'
2024-09-20 19:29:46,870  root       handle_request DEBUG    Handling: '011F1', header '7E0', ECU '7E0'
2024-09-20 19:29:46,870  root       handle_request DEBUG    Description: Engine Run Time, PID RUN_TIME (011F1)
2024-09-20 19:29:46,870  root       handle_response DEBUG    Processing: '<pos_answer>00 8C</pos_answer>'
2024-09-20 19:29:46,870  root       handle_response DEBUG    Write: '7E8 04 41 1F 00 8C \r\r>'
2024-09-20 19:29:46,870  root       run        DEBUG    Received '01211'
2024-09-20 19:29:46,871  root       handle_request DEBUG    Handling: '01211', header '7E0', ECU '7E0'
2024-09-20 19:29:46,871  root       handle_request DEBUG    Description: Distance Traveled with MIL on, PID DISTANCE_W_MIL (01211)
2024-09-20 19:29:46,871  root       handle_response DEBUG    Processing: '<pos_answer>00 00</pos_answer>'
2024-09-20 19:29:46,871  root       handle_response DEBUG    Write: '7E8 04 41 21 00 00 \r\r>'
2024-09-20 19:29:46,872  root       run        DEBUG    Received '01241'
2024-09-20 19:29:46,872  root       handle_request DEBUG    Handling: '01241', header '7E0', ECU '7E0'
2024-09-20 19:29:46,873  root       handle_request INFO     Unknown ELM command: '01241', header=7E0
2024-09-20 19:29:46,873  root       handle_response DEBUG    Processing: '<writeln>?</writeln>'
2024-09-20 19:29:46,873  root       handle_response DEBUG    Write: '?\r\r>'
2024-09-20 19:29:46,873  root       run        DEBUG    Received '012C1'
2024-09-20 19:29:46,874  root       handle_request DEBUG    Handling: '012C1', header '7E0', ECU '7E0'
2024-09-20 19:29:46,874  root       handle_request DEBUG    Description: Commanded EGR, PID COMMANDED_EGR (012C1)
2024-09-20 19:29:46,874  root       handle_response DEBUG    Processing: '<pos_answer>0D</pos_answer>'
2024-09-20 19:29:46,874  root       handle_response DEBUG    Write: '7E8 03 41 2C 0D \r\r>'
2024-09-20 19:29:46,875  root       run        DEBUG    Received '012E1'
2024-09-20 19:29:46,875  root       handle_request DEBUG    Handling: '012E1', header '7E0', ECU '7E0'
2024-09-20 19:29:46,875  root       handle_request INFO     Unknown ELM command: '012E1', header=7E0
2024-09-20 19:29:46,875  root       handle_response DEBUG    Processing: '<writeln>?</writeln>'
2024-09-20 19:29:46,876  root       handle_response DEBUG    Write: '?\r\r>'
2024-09-20 19:29:46,876  root       run        DEBUG    Received '01301'
2024-09-20 19:29:46,876  root       handle_request DEBUG    Handling: '01301', header '7E0', ECU '7E0'
2024-09-20 19:29:46,877  root       handle_request INFO     Unknown ELM command: '01301', header=7E0
2024-09-20 19:29:46,877  root       handle_response DEBUG    Processing: '<writeln>?</writeln>'
2024-09-20 19:29:46,877  root       handle_response DEBUG    Write: '?\r\r>'
2024-09-20 19:29:46,877  root       run        DEBUG    Received '01311'
2024-09-20 19:29:46,877  root       handle_request DEBUG    Handling: '01311', header '7E0', ECU '7E0'
2024-09-20 19:29:46,878  root       handle_request DEBUG    Description: Distance traveled since codes cleared, PID DISTANCE_SINCE_DTC_CLEAR (01311)
2024-09-20 19:29:46,878  root       handle_response DEBUG    Processing: '<pos_answer>C8 1F</pos_answer>'
2024-09-20 19:29:46,878  root       handle_response DEBUG    Write: '7E8 04 41 31 C8 1F \r\r>'
2024-09-20 19:29:46,878  root       run        DEBUG    Received '01331'
2024-09-20 19:29:46,878  root       handle_request DEBUG    Handling: '01331', header '7E0', ECU '7E0'
2024-09-20 19:29:46,878  root       handle_request DEBUG    Description: Barometric Pressure, PID BAROMETRIC_PRESSURE (01331)
2024-09-20 19:29:46,879  root       handle_response DEBUG    Processing: '<pos_answer>65</pos_answer>'
2024-09-20 19:29:46,879  root       handle_response DEBUG    Write: '7E8 03 41 33 65 \r\r>'
2024-09-20 19:29:46,879  root       run        DEBUG    Received '01341'
2024-09-20 19:29:46,879  root       handle_request DEBUG    Handling: '01341', header '7E0', ECU '7E0'
2024-09-20 19:29:46,880  root       handle_request INFO     Unknown ELM command: '01341', header=7E0
2024-09-20 19:29:46,880  root       handle_response DEBUG    Processing: '<writeln>?</writeln>'
2024-09-20 19:29:46,880  root       handle_response DEBUG    Write: '?\r\r>'
2024-09-20 19:29:46,880  root       run        DEBUG    Received '013C1'
2024-09-20 19:29:46,880  root       handle_request DEBUG    Handling: '013C1', header '7E0', ECU '7E0'
2024-09-20 19:29:46,880  root       handle_request DEBUG    Description: Catalyst Temperature: Bank 1 - Sensor 1, PID CATALYST_TEMP_B1S1 (013C1)
2024-09-20 19:29:46,880  root       handle_response DEBUG    Processing: '<pos_answer>04 44</pos_answer>'
2024-09-20 19:29:46,881  root       handle_response DEBUG    Write: '7E8 04 41 3C 04 44 \r\r>'
2024-09-20 19:29:46,881  root       run        DEBUG    Received '013E1'
2024-09-20 19:29:46,881  root       handle_request DEBUG    Handling: '013E1', header '7E0', ECU '7E0'
2024-09-20 19:29:46,881  root       handle_request INFO     Unknown ELM command: '013E1', header=7E0
2024-09-20 19:29:46,881  root       handle_response DEBUG    Processing: '<writeln>?</writeln>'
2024-09-20 19:29:46,882  root       handle_response DEBUG    Write: '?\r\r>'
2024-09-20 19:29:46,882  root       run        DEBUG    Received '01421'
2024-09-20 19:29:46,882  root       handle_request DEBUG    Handling: '01421', header '7E0', ECU '7E0'
2024-09-20 19:29:46,882  root       handle_request DEBUG    Description: Control module voltage, PID CONTROL_MODULE_VOLTAGE (01421)
2024-09-20 19:29:46,882  root       handle_response DEBUG    Processing: '<pos_answer>39 D6</pos_answer>'
2024-09-20 19:29:46,882  root       handle_response DEBUG    Write: '7E8 04 41 42 39 D6 \r\r>'
2024-09-20 19:29:46,883  root       run        DEBUG    Received '01431'
2024-09-20 19:29:46,883  root       handle_request DEBUG    Handling: '01431', header '7E0', ECU '7E0'
2024-09-20 19:29:46,883  root       handle_request INFO     Unknown ELM command: '01431', header=7E0
2024-09-20 19:29:46,883  root       handle_response DEBUG    Processing: '<writeln>?</writeln>'
2024-09-20 19:29:46,883  root       handle_response DEBUG    Write: '?\r\r>'
2024-09-20 19:29:46,883  root       run        DEBUG    Received '01441'
2024-09-20 19:29:46,884  root       handle_request DEBUG    Handling: '01441', header '7E0', ECU '7E0'
2024-09-20 19:29:46,884  root       handle_request INFO     Unknown ELM command: '01441', header=7E0
2024-09-20 19:29:46,884  root       handle_response DEBUG    Processing: '<writeln>?</writeln>'
2024-09-20 19:29:46,884  root       handle_response DEBUG    Write: '?\r\r>'
2024-09-20 19:29:46,884  root       run        DEBUG    Received '01451'
2024-09-20 19:29:46,884  root       handle_request DEBUG    Handling: '01451', header '7E0', ECU '7E0'
2024-09-20 19:29:46,885  root       handle_request INFO     Unknown ELM command: '01451', header=7E0
2024-09-20 19:29:46,885  root       handle_response DEBUG    Processing: '<writeln>?</writeln>'
2024-09-20 19:29:46,885  root       handle_response DEBUG    Write: '?\r\r>'
2024-09-20 19:29:46,885  root       run        DEBUG    Received '01471'
2024-09-20 19:29:46,885  root       handle_request DEBUG    Handling: '01471', header '7E0', ECU '7E0'
2024-09-20 19:29:46,886  root       handle_request INFO     Unknown ELM command: '01471', header=7E0
2024-09-20 19:29:46,886  root       handle_response DEBUG    Processing: '<writeln>?</writeln>'
2024-09-20 19:29:46,886  root       handle_response DEBUG    Write: '?\r\r>'
2024-09-20 19:29:46,886  root       run        DEBUG    Received '014C1'
2024-09-20 19:29:46,886  root       handle_request DEBUG    Handling: '014C1', header '7E0', ECU '7E0'
2024-09-20 19:29:46,886  root       handle_request DEBUG    Description: Commanded throttle actuator, PID THROTTLE_ACTUATOR (014C1)
2024-09-20 19:29:46,886  root       handle_response DEBUG    Processing: '<pos_answer>00</pos_answer>'
2024-09-20 19:29:46,887  root       handle_response DEBUG    Write: '7E8 03 41 4C 00 \r\r>'
2024-09-20 19:29:46,887  root       run        DEBUG    Received '014D1'
2024-09-20 19:29:46,887  root       handle_request DEBUG    Handling: '014D1', header '7E0', ECU '7E0'
2024-09-20 19:29:46,887  root       handle_request DEBUG    Description: Time run with MIL on, PID RUN_TIME_MIL (014D1)
2024-09-20 19:29:46,887  root       handle_response DEBUG    Processing: '<pos_answer>00 00</pos_answer>'
2024-09-20 19:29:46,887  root       handle_response DEBUG    Write: '7E8 04 41 4D 00 00 \r\r>'
2024-09-20 19:29:46,888  root       run        DEBUG    Received '014E1'
2024-09-20 19:29:46,888  root       handle_request DEBUG    Handling: '014E1', header '7E0', ECU '7E0'
2024-09-20 19:29:46,888  root       handle_request DEBUG    Description: Time since trouble codes cleared, PID TIME_SINCE_DTC_CLEARED (014E1)
2024-09-20 19:29:46,888  root       handle_response DEBUG    Processing: '<pos_answer>4C 69</pos_answer>'
2024-09-20 19:29:46,888  root       handle_response DEBUG    Write: '7E8 04 41 4E 4C 69 \r\r>'
2024-09-20 19:29:46,889  root       run        DEBUG    Received '01511'
2024-09-20 19:29:46,889  root       handle_request DEBUG    Handling: '01511', header '7E0', ECU '7E0'
2024-09-20 19:29:46,889  root       handle_request DEBUG    Description: Fuel Type, PID FUEL_TYPE (01511)
2024-09-20 19:29:46,889  root       handle_response DEBUG    Processing: '<pos_answer>01</pos_answer>'
2024-09-20 19:29:46,889  root       handle_response DEBUG    Write: '7E8 03 41 51 01 \r\r>'
2024-09-20 19:29:47,141  root       run        DEBUG    Received '01002'
2024-09-20 19:29:47,141  root       handle_request DEBUG    Handling: '01002', header '7E0', ECU '7E0'
2024-09-20 19:29:47,142  root       handle_request DEBUG    Description: PIDS_A, PID ELM_PIDS_A (01002)
2024-09-20 19:29:47,142  root       handle_response DEBUG    Processing: '<header>7EA</header><size>06</size><data>41 00 98 3A 80 13</data><pos_answer>BE 3F A8 13</pos_answer>'
2024-09-20 19:29:47,143  root       handle_response DEBUG    Write: '7EA 06 41 00 98 3A 80 13 \r7E8 06 41 00 BE 3F A8 13 \r\r>'
2024-09-20 19:29:47,144  root       run        DEBUG    Received '01202'
2024-09-20 19:29:47,145  root       handle_request DEBUG    Handling: '01202', header '7E0', ECU '7E0'
2024-09-20 19:29:47,145  root       handle_request DEBUG    Description: PIDS_B, PID ELM_PIDS_B (01202)
2024-09-20 19:29:47,145  root       handle_response DEBUG    Processing: '<header>7EA</header><size>06</size><data>41 20 80 01 A0 01</data><pos_answer>90 15 B0 15</pos_answer>'
2024-09-20 19:29:47,146  root       handle_response DEBUG    Write: '7EA 06 41 20 80 01 A0 01 \r7E8 06 41 20 90 15 B0 15 \r\r>'
2024-09-20 19:29:47,147  root       run        DEBUG    Received '01402'
2024-09-20 19:29:47,148  root       handle_request DEBUG    Handling: '01402', header '7E0', ECU '7E0'
2024-09-20 19:29:47,148  root       handle_request DEBUG    Description: PIDS_C, PID ELM_PIDS_C (01402)
2024-09-20 19:29:47,149  root       handle_response DEBUG    Processing: '<header>7EA</header><size>06</size><data>41 40 44 CC 00 21</data><pos_answer>7A 1C 80 00</pos_answer>'
2024-09-20 19:29:47,149  root       handle_response DEBUG    Write: '7EA 06 41 40 44 CC 00 21 \r7E8 06 41 40 7A 1C 80 00 \r\r>'
2024-09-20 19:29:47,151  root       run        DEBUG    Received '01011'
2024-09-20 19:29:47,151  root       handle_request DEBUG    Handling: '01011', header '7E0', ECU '7E0'
2024-09-20 19:29:47,152  root       handle_request INFO     Unknown ELM command: '01011', header=7E0
2024-09-20 19:29:47,153  root       handle_response DEBUG    Processing: '<writeln>?</writeln>'
2024-09-20 19:29:47,153  root       handle_response DEBUG    Write: '?\r\r>'
2024-09-20 19:29:47,160  root       run        DEBUG    Received '01031'
2024-09-20 19:29:47,161  root       handle_request DEBUG    Handling: '01031', header '7E0', ECU '7E0'
2024-09-20 19:29:47,161  root       handle_request DEBUG    Description: Fuel System Status, PID FUEL_STATUS (01031)
2024-09-20 19:29:47,162  root       handle_response DEBUG    Processing: '<pos_answer>00 00</pos_answer>'
2024-09-20 19:29:47,162  root       handle_response DEBUG    Write: '7E8 04 41 03 00 00 \r\r>'
2024-09-20 19:29:47,164  root       run        DEBUG    Received '01041'
2024-09-20 19:29:47,164  root       handle_request DEBUG    Handling: '01041', header '7E0', ECU '7E0'
2024-09-20 19:29:47,165  root       handle_request DEBUG    Description: Calculated Engine Load, PID ENGINE_LOAD (01041)
2024-09-20 19:29:47,165  root       handle_response DEBUG    Processing: '<pos_answer>00</pos_answer>'
2024-09-20 19:29:47,165  root       handle_response DEBUG    Write: '7E8 03 41 04 00 \r\r>'
2024-09-20 19:29:47,167  root       run        DEBUG    Received '01051'
2024-09-20 19:29:47,167  root       handle_request DEBUG    Handling: '01051', header '7E0', ECU '7E0'
2024-09-20 19:29:47,168  root       handle_request DEBUG    Description: Engine Coolant Temperature, PID COOLANT_TEMP (01051)
2024-09-20 19:29:47,168  root       handle_response DEBUG    Processing: '<pos_answer>7B</pos_answer>'
2024-09-20 19:29:47,169  root       handle_response DEBUG    Write: '7E8 03 41 05 7B \r\r>'
2024-09-20 19:29:47,171  root       run        DEBUG    Received '01061'
2024-09-20 19:29:47,171  root       handle_request DEBUG    Handling: '01061', header '7E0', ECU '7E0'
2024-09-20 19:29:47,173  root       handle_request INFO     Unknown ELM command: '01061', header=7E0
2024-09-20 19:29:47,173  root       handle_response DEBUG    Processing: '<writeln>?</writeln>'
2024-09-20 19:29:47,174  root       handle_response DEBUG    Write: '?\r\r>'
2024-09-20 19:29:47,175  root       run        DEBUG    Received '01071'
2024-09-20 19:29:47,175  root       handle_request DEBUG    Handling: '01071', header '7E0', ECU '7E0'
2024-09-20 19:29:47,177  root       handle_request INFO     Unknown ELM command: '01071', header=7E0
2024-09-20 19:29:47,177  root       handle_response DEBUG    Processing: '<writeln>?</writeln>'
2024-09-20 19:29:47,178  root       handle_response DEBUG    Write: '?\r\r>'
2024-09-20 19:29:47,179  root       run        DEBUG    Received '010B1'
2024-09-20 19:29:47,179  root       handle_request DEBUG    Handling: '010B1', header '7E0', ECU '7E0'
2024-09-20 19:29:47,179  root       handle_request DEBUG    Description: Intake Manifold Pressure, PID INTAKE_PRESSURE (010B1)
2024-09-20 19:29:47,179  root       handle_response DEBUG    Processing: '<pos_answer>73</pos_answer>'
2024-09-20 19:29:47,180  root       handle_response DEBUG    Write: '7E8 03 41 0B 73 \r\r>'
2024-09-20 19:29:47,181  root       run        DEBUG    Received '010C2'
2024-09-20 19:29:47,181  root       handle_request DEBUG    Handling: '010C2', header '7E0', ECU '7E0'
2024-09-20 19:29:47,181  root       handle_request DEBUG    Description: Engine RPM, PID RPM (010C2)
2024-09-20 19:29:47,181  root       handle_response DEBUG    Processing: '<pos_answer>0D 70</pos_answer> <header>7EA</header><size>04</size><data>41 0C 0D 70</data>'
2024-09-20 19:29:47,182  root       handle_response DEBUG    Write: '7E8 04 41 0C 0D 70 \r7EA 04 41 0C 0D 70 \r\r>'
2024-09-20 19:29:47,183  root       run        DEBUG    Received '010D2'
2024-09-20 19:29:47,183  root       handle_request DEBUG    Handling: '010D2', header '7E0', ECU '7E0'
2024-09-20 19:29:47,183  root       handle_request DEBUG    Description: Vehicle Speed, PID SPEED (010D2)
2024-09-20 19:29:47,183  root       handle_response DEBUG    Processing: '<pos_answer>1C</pos_answer> <header>7EA</header><size>03</size><data>41 0D 1C</data>'
2024-09-20 19:29:47,184  root       handle_response DEBUG    Write: '7E8 03 41 0D 1C \r7EA 03 41 0D 1C \r\r>'
2024-09-20 19:29:47,184  root       run        DEBUG    Received '010E1'
2024-09-20 19:29:47,184  root       handle_request DEBUG    Handling: '010E1', header '7E0', ECU '7E0'
2024-09-20 19:29:47,185  root       handle_request INFO     Unknown ELM command: '010E1', header=7E0
2024-09-20 19:29:47,185  root       handle_response DEBUG    Processing: '<writeln>?</writeln>'
2024-09-20 19:29:47,185  root       handle_response DEBUG    Write: '?\r\r>'
2024-09-20 19:29:47,186  root       run        DEBUG    Received '010F1'
2024-09-20 19:29:47,186  root       handle_request DEBUG    Handling: '010F1', header '7E0', ECU '7E0'
2024-09-20 19:29:47,186  root       handle_request DEBUG    Description: Intake Air Temp, PID INTAKE_TEMP (010F1)
2024-09-20 19:29:47,187  root       handle_response DEBUG    Processing: '<pos_answer>44</pos_answer>'
2024-09-20 19:29:47,187  root       handle_response DEBUG    Write: '7E8 03 41 0F 44 \r\r>'
2024-09-20 19:29:47,188  root       run        DEBUG    Received '01101'
2024-09-20 19:29:47,188  root       handle_request DEBUG    Handling: '01101', header '7E0', ECU '7E0'
2024-09-20 19:29:47,188  root       handle_request DEBUG    Description: Air Flow Rate (MAF), PID MAF (01101)
2024-09-20 19:29:47,188  root       handle_response DEBUG    Processing: '<pos_answer>05 1F</pos_answer>'
2024-09-20 19:29:47,188  root       handle_response DEBUG    Write: '7E8 04 41 10 05 1F \r\r>'
2024-09-20 19:29:47,189  root       run        DEBUG    Received '01111'
2024-09-20 19:29:47,189  root       handle_request DEBUG    Handling: '01111', header '7E0', ECU '7E0'
2024-09-20 19:29:47,189  root       handle_request DEBUG    Description: Throttle Position, PID THROTTLE_POS (01111)
2024-09-20 19:29:47,189  root       handle_response DEBUG    Processing: '<pos_answer>FF</pos_answer>'
2024-09-20 19:29:47,190  root       handle_response DEBUG    Write: '7E8 03 41 11 FF \r\r>'
2024-09-20 19:29:47,190  root       run        DEBUG    Received '01131'
2024-09-20 19:29:47,190  root       handle_request DEBUG    Handling: '01131', header '7E0', ECU '7E0'
2024-09-20 19:29:47,191  root       handle_request INFO     Unknown ELM command: '01131', header=7E0
2024-09-20 19:29:47,191  root       handle_response DEBUG    Processing: '<writeln>?</writeln>'
2024-09-20 19:29:47,191  root       handle_response DEBUG    Write: '?\r\r>'
2024-09-20 19:29:47,192  root       run        DEBUG    Received '01151'
2024-09-20 19:29:47,192  root       handle_request DEBUG    Handling: '01151', header '7E0', ECU '7E0'
2024-09-20 19:29:47,193  root       handle_request INFO     Unknown ELM command: '01151', header=7E0
2024-09-20 19:29:47,193  root       handle_response DEBUG    Processing: '<writeln>?</writeln>'
2024-09-20 19:29:47,193  root       handle_response DEBUG    Write: '?\r\r>'
2024-09-20 19:29:47,193  root       run        DEBUG    Received '011C1'
2024-09-20 19:29:47,193  root       handle_request DEBUG    Handling: '011C1', header '7E0', ECU '7E0'
2024-09-20 19:29:47,194  root       handle_request DEBUG    Description: OBD Standards Compliance, PID OBD_COMPLIANCE (011C1)
2024-09-20 19:29:47,194  root       handle_response DEBUG    Processing: '<pos_answer>06</pos_answer>'
2024-09-20 19:29:47,194  root       handle_response DEBUG    Write: '7E8 03 41 1C 06 \r\r>'
2024-09-20 19:29:47,194  root       run        DEBUG    Received '011F1'
2024-09-20 19:29:47,194  root       handle_request DEBUG    Handling: '011F1', header '7E0', ECU '7E0'
2024-09-20 19:29:47,195  root       handle_request DEBUG    Description: Engine Run Time, PID RUN_TIME (011F1)
2024-09-20 19:29:47,195  root       handle_response DEBUG    Processing: '<pos_answer>00 8C</pos_answer>'
2024-09-20 19:29:47,195  root       handle_response DEBUG    Write: '7E8 04 41 1F 00 8C \r\r>'
2024-09-20 19:29:47,195  root       run        DEBUG    Received '01211'
2024-09-20 19:29:47,195  root       handle_request DEBUG    Handling: '01211', header '7E0', ECU '7E0'
2024-09-20 19:29:47,196  root       handle_request DEBUG    Description: Distance Traveled with MIL on, PID DISTANCE_W_MIL (01211)
2024-09-20 19:29:47,196  root       handle_response DEBUG    Processing: '<pos_answer>00 00</pos_answer>'
2024-09-20 19:29:47,196  root       handle_response DEBUG    Write: '7E8 04 41 21 00 00 \r\r>'
2024-09-20 19:29:47,196  root       run        DEBUG    Received '01241'
2024-09-20 19:29:47,196  root       handle_request DEBUG    Handling: '01241', header '7E0', ECU '7E0'
2024-09-20 19:29:47,197  root       handle_request INFO     Unknown ELM command: '01241', header=7E0
2024-09-20 19:29:47,197  root       handle_response DEBUG    Processing: '<writeln>?</writeln>'
2024-09-20 19:29:47,197  root       handle_response DEBUG    Write: '?\r\r>'
2024-09-20 19:29:47,198  root       run        DEBUG    Received '012C1'
2024-09-20 19:29:47,198  root       handle_request DEBUG    Handling: '012C1', header '7E0', ECU '7E0'
2024-09-20 19:29:47,198  root       handle_request DEBUG    Description: Commanded EGR, PID COMMANDED_EGR (012C1)
2024-09-20 19:29:47,198  root       handle_response DEBUG    Processing: '<pos_answer>0D</pos_answer>'
2024-09-20 19:29:47,198  root       handle_response DEBUG    Write: '7E8 03 41 2C 0D \r\r>'
2024-09-20 19:29:47,199  root       run        DEBUG    Received '012E1'
2024-09-20 19:29:47,199  root       handle_request DEBUG    Handling: '012E1', header '7E0', ECU '7E0'
2024-09-20 19:29:47,199  root       handle_request INFO     Unknown ELM command: '012E1', header=7E0
2024-09-20 19:29:47,199  root       handle_response DEBUG    Processing: '<writeln>?</writeln>'
2024-09-20 19:29:47,199  root       handle_response DEBUG    Write: '?\r\r>'
2024-09-20 19:29:47,200  root       run        DEBUG    Received '01301'
2024-09-20 19:29:47,200  root       handle_request DEBUG    Handling: '01301', header '7E0', ECU '7E0'
2024-09-20 19:29:47,200  root       handle_request INFO     Unknown ELM command: '01301', header=7E0
2024-09-20 19:29:47,200  root       handle_response DEBUG    Processing: '<writeln>?</writeln>'
2024-09-20 19:29:47,201  root       handle_response DEBUG    Write: '?\r\r>'
2024-09-20 19:29:47,201  root       run        DEBUG    Received '01311'
2024-09-20 19:29:47,201  root       handle_request DEBUG    Handling: '01311', header '7E0', ECU '7E0'
2024-09-20 19:29:47,201  root       handle_request DEBUG    Description: Distance traveled since codes cleared, PID DISTANCE_SINCE_DTC_CLEAR (01311)
2024-09-20 19:29:47,201  root       handle_response DEBUG    Processing: '<pos_answer>C8 1F</pos_answer>'
2024-09-20 19:29:47,201  root       handle_response DEBUG    Write: '7E8 04 41 31 C8 1F \r\r>'
2024-09-20 19:29:47,202  root       run        DEBUG    Received '01331'
2024-09-20 19:29:47,202  root       handle_request DEBUG    Handling: '01331', header '7E0', ECU '7E0'
2024-09-20 19:29:47,202  root       handle_request DEBUG    Description: Barometric Pressure, PID BAROMETRIC_PRESSURE (01331)
2024-09-20 19:29:47,202  root       handle_response DEBUG    Processing: '<pos_answer>65</pos_answer>'
2024-09-20 19:29:47,202  root       handle_response DEBUG    Write: '7E8 03 41 33 65 \r\r>'
2024-09-20 19:29:47,202  root       run        DEBUG    Received '01341'
2024-09-20 19:29:47,203  root       handle_request DEBUG    Handling: '01341', header '7E0', ECU '7E0'
2024-09-20 19:29:47,203  root       handle_request INFO     Unknown ELM command: '01341', header=7E0
2024-09-20 19:29:47,203  root       handle_response DEBUG    Processing: '<writeln>?</writeln>'
2024-09-20 19:29:47,203  root       handle_response DEBUG    Write: '?\r\r>'
2024-09-20 19:29:47,203  root       run        DEBUG    Received '013C1'
2024-09-20 19:29:47,203  root       handle_request DEBUG    Handling: '013C1', header '7E0', ECU '7E0'
2024-09-20 19:29:47,204  root       handle_request DEBUG    Description: Catalyst Temperature: Bank 1 - Sensor 1, PID CATALYST_TEMP_B1S1 (013C1)
2024-09-20 19:29:47,204  root       handle_response DEBUG    Processing: '<pos_answer>04 44</pos_answer>'
2024-09-20 19:29:47,204  root       handle_response DEBUG    Write: '7E8 04 41 3C 04 44 \r\r>'
2024-09-20 19:29:47,204  root       run        DEBUG    Received '013E1'
2024-09-20 19:29:47,204  root       handle_request DEBUG    Handling: '013E1', header '7E0', ECU '7E0'
2024-09-20 19:29:47,205  root       handle_request INFO     Unknown ELM command: '013E1', header=7E0
2024-09-20 19:29:47,205  root       handle_response DEBUG    Processing: '<writeln>?</writeln>'
2024-09-20 19:29:47,205  root       handle_response DEBUG    Write: '?\r\r>'
2024-09-20 19:29:47,206  root       run        DEBUG    Received '01421'
2024-09-20 19:29:47,206  root       handle_request DEBUG    Handling: '01421', header '7E0', ECU '7E0'
2024-09-20 19:29:47,206  root       handle_request DEBUG    Description: Control module voltage, PID CONTROL_MODULE_VOLTAGE (01421)
2024-09-20 19:29:47,206  root       handle_response DEBUG    Processing: '<pos_answer>39 D6</pos_answer>'
2024-09-20 19:29:47,206  root       handle_response DEBUG    Write: '7E8 04 41 42 39 D6 \r\r>'
2024-09-20 19:29:47,207  root       run        DEBUG    Received '01431'
2024-09-20 19:29:47,207  root       handle_request DEBUG    Handling: '01431', header '7E0', ECU '7E0'
2024-09-20 19:29:47,207  root       handle_request INFO     Unknown ELM command: '01431', header=7E0
2024-09-20 19:29:47,207  root       handle_response DEBUG    Processing: '<writeln>?</writeln>'
2024-09-20 19:29:47,208  root       handle_response DEBUG    Write: '?\r\r>'
2024-09-20 19:29:47,208  root       run        DEBUG    Received '01441'
2024-09-20 19:29:47,208  root       handle_request DEBUG    Handling: '01441', header '7E0', ECU '7E0'
2024-09-20 19:29:47,208  root       handle_request INFO     Unknown ELM command: '01441', header=7E0
2024-09-20 19:29:47,208  root       handle_response DEBUG    Processing: '<writeln>?</writeln>'
2024-09-20 19:29:47,209  root       handle_response DEBUG    Write: '?\r\r>'
2024-09-20 19:29:47,209  root       run        DEBUG    Received '01451'
2024-09-20 19:29:47,209  root       handle_request DEBUG    Handling: '01451', header '7E0', ECU '7E0'
2024-09-20 19:29:47,209  root       handle_request INFO     Unknown ELM command: '01451', header=7E0
2024-09-20 19:29:47,209  root       handle_response DEBUG    Processing: '<writeln>?</writeln>'
2024-09-20 19:29:47,209  root       handle_response DEBUG    Write: '?\r\r>'
2024-09-20 19:29:47,210  root       run        DEBUG    Received '01471'
2024-09-20 19:29:47,210  root       handle_request DEBUG    Handling: '01471', header '7E0', ECU '7E0'
2024-09-20 19:29:47,210  root       handle_request INFO     Unknown ELM command: '01471', header=7E0
2024-09-20 19:29:47,210  root       handle_response DEBUG    Processing: '<writeln>?</writeln>'
2024-09-20 19:29:47,210  root       handle_response DEBUG    Write: '?\r\r>'
2024-09-20 19:29:47,211  root       run        DEBUG    Received '014C1'
2024-09-20 19:29:47,211  root       handle_request DEBUG    Handling: '014C1', header '7E0', ECU '7E0'
2024-09-20 19:29:47,211  root       handle_request DEBUG    Description: Commanded throttle actuator, PID THROTTLE_ACTUATOR (014C1)
2024-09-20 19:29:47,211  root       handle_response DEBUG    Processing: '<pos_answer>00</pos_answer>'
2024-09-20 19:29:47,211  root       handle_response DEBUG    Write: '7E8 03 41 4C 00 \r\r>'
2024-09-20 19:29:47,211  root       run        DEBUG    Received '014D1'
2024-09-20 19:29:47,212  root       handle_request DEBUG    Handling: '014D1', header '7E0', ECU '7E0'
2024-09-20 19:29:47,212  root       handle_request DEBUG    Description: Time run with MIL on, PID RUN_TIME_MIL (014D1)
2024-09-20 19:29:47,212  root       handle_response DEBUG    Processing: '<pos_answer>00 00</pos_answer>'
2024-09-20 19:29:47,212  root       handle_response DEBUG    Write: '7E8 04 41 4D 00 00 \r\r>'
2024-09-20 19:29:47,212  root       run        DEBUG    Received '014E1'
2024-09-20 19:29:47,212  root       handle_request DEBUG    Handling: '014E1', header '7E0', ECU '7E0'
2024-09-20 19:29:47,212  root       handle_request DEBUG    Description: Time since trouble codes cleared, PID TIME_SINCE_DTC_CLEARED (014E1)
2024-09-20 19:29:47,212  root       handle_response DEBUG    Processing: '<pos_answer>4C 69</pos_answer>'
2024-09-20 19:29:47,213  root       handle_response DEBUG    Write: '7E8 04 41 4E 4C 69 \r\r>'
2024-09-20 19:29:47,213  root       run        DEBUG    Received '01511'
2024-09-20 19:29:47,213  root       handle_request DEBUG    Handling: '01511', header '7E0', ECU '7E0'
2024-09-20 19:29:47,213  root       handle_request DEBUG    Description: Fuel Type, PID FUEL_TYPE (01511)
2024-09-20 19:29:47,213  root       handle_response DEBUG    Processing: '<pos_answer>01</pos_answer>'
2024-09-20 19:29:47,213  root       handle_response DEBUG    Write: '7E8 03 41 51 01 \r\r>'
2024-09-20 19:29:47,465  root       run        DEBUG    Received '01002'
2024-09-20 19:29:47,465  root       handle_request DEBUG    Handling: '01002', header '7E0', ECU '7E0'
2024-09-20 19:29:47,466  root       handle_request DEBUG    Description: PIDS_A, PID ELM_PIDS_A (01002)
2024-09-20 19:29:47,466  root       handle_response DEBUG    Processing: '<header>7EA</header><size>06</size><data>41 00 98 3A 80 13</data><pos_answer>BE 3F A8 13</pos_answer>'
2024-09-20 19:29:47,467  root       handle_response DEBUG    Write: '7EA 06 41 00 98 3A 80 13 \r7E8 06 41 00 BE 3F A8 13 \r\r>'
2024-09-20 19:29:47,468  root       run        DEBUG    Received '01202'
2024-09-20 19:29:47,469  root       handle_request DEBUG    Handling: '01202', header '7E0', ECU '7E0'
2024-09-20 19:29:47,470  root       handle_request DEBUG    Description: PIDS_B, PID ELM_PIDS_B (01202)
2024-09-20 19:29:47,470  root       handle_response DEBUG    Processing: '<header>7EA</header><size>06</size><data>41 20 80 01 A0 01</data><pos_answer>90 15 B0 15</pos_answer>'
2024-09-20 19:29:47,471  root       handle_response DEBUG    Write: '7EA 06 41 20 80 01 A0 01 \r7E8 06 41 20 90 15 B0 15 \r\r>'
2024-09-20 19:29:47,472  root       run        DEBUG    Received '01402'
2024-09-20 19:29:47,473  root       handle_request DEBUG    Handling: '01402', header '7E0', ECU '7E0'
2024-09-20 19:29:47,473  root       handle_request DEBUG    Description: PIDS_C, PID ELM_PIDS_C (01402)
2024-09-20 19:29:47,474  root       handle_response DEBUG    Processing: '<header>7EA</header><size>06</size><data>41 40 44 CC 00 21</data><pos_answer>7A 1C 80 00</pos_answer>'
2024-09-20 19:29:47,475  root       handle_response DEBUG    Write: '7EA 06 41 40 44 CC 00 21 \r7E8 06 41 40 7A 1C 80 00 \r\r>'
2024-09-20 19:29:47,476  root       run        DEBUG    Received '01011'
2024-09-20 19:29:47,477  root       handle_request DEBUG    Handling: '01011', header '7E0', ECU '7E0'
2024-09-20 19:29:47,478  root       handle_request INFO     Unknown ELM command: '01011', header=7E0
2024-09-20 19:29:47,479  root       handle_response DEBUG    Processing: '<writeln>?</writeln>'
2024-09-20 19:29:47,479  root       handle_response DEBUG    Write: '?\r\r>'
2024-09-20 19:29:47,486  root       run        DEBUG    Received '01031'
2024-09-20 19:29:47,486  root       handle_request DEBUG    Handling: '01031', header '7E0', ECU '7E0'
2024-09-20 19:29:47,486  root       handle_request DEBUG    Description: Fuel System Status, PID FUEL_STATUS (01031)
2024-09-20 19:29:47,487  root       handle_response DEBUG    Processing: '<pos_answer>00 00</pos_answer>'
2024-09-20 19:29:47,487  root       handle_response DEBUG    Write: '7E8 04 41 03 00 00 \r\r>'
2024-09-20 19:29:47,489  root       run        DEBUG    Received '01041'
2024-09-20 19:29:47,489  root       handle_request DEBUG    Handling: '01041', header '7E0', ECU '7E0'
2024-09-20 19:29:47,490  root       handle_request DEBUG    Description: Calculated Engine Load, PID ENGINE_LOAD (01041)
2024-09-20 19:29:47,490  root       handle_response DEBUG    Processing: '<pos_answer>00</pos_answer>'
2024-09-20 19:29:47,491  root       handle_response DEBUG    Write: '7E8 03 41 04 00 \r\r>'
2024-09-20 19:29:47,492  root       run        DEBUG    Received '01051'
2024-09-20 19:29:47,493  root       handle_request DEBUG    Handling: '01051', header '7E0', ECU '7E0'
2024-09-20 19:29:47,493  root       handle_request DEBUG    Description: Engine Coolant Temperature, PID COOLANT_TEMP (01051)
2024-09-20 19:29:47,493  root       handle_response DEBUG    Processing: '<pos_answer>7B</pos_answer>'
2024-09-20 19:29:47,494  root       handle_response DEBUG    Write: '7E8 03 41 05 7B \r\r>'
2024-09-20 19:29:47,495  root       run        DEBUG    Received '01061'
2024-09-20 19:29:47,496  root       handle_request DEBUG    Handling: '01061', header '7E0', ECU '7E0'
2024-09-20 19:29:47,497  root       handle_request INFO     Unknown ELM command: '01061', header=7E0
2024-09-20 19:29:47,498  root       handle_response DEBUG    Processing: '<writeln>?</writeln>'
2024-09-20 19:29:47,498  root       handle_response DEBUG    Write: '?\r\r>'
2024-09-20 19:29:47,500  root       run        DEBUG    Received '01071'
2024-09-20 19:29:47,500  root       handle_request DEBUG    Handling: '01071', header '7E0', ECU '7E0'
2024-09-20 19:29:47,501  root       handle_request INFO     Unknown ELM command: '01071', header=7E0
2024-09-20 19:29:47,501  root       handle_response DEBUG    Processing: '<writeln>?</writeln>'
2024-09-20 19:29:47,502  root       handle_response DEBUG    Write: '?\r\r>'
2024-09-20 19:29:47,503  root       run        DEBUG    Received '010B1'
2024-09-20 19:29:47,503  root       handle_request DEBUG    Handling: '010B1', header '7E0', ECU '7E0'
2024-09-20 19:29:47,503  root       handle_request DEBUG    Description: Intake Manifold Pressure, PID INTAKE_PRESSURE (010B1)
2024-09-20 19:29:47,503  root       handle_response DEBUG    Processing: '<pos_answer>73</pos_answer>'
2024-09-20 19:29:47,504  root       handle_response DEBUG    Write: '7E8 03 41 0B 73 \r\r>'
2024-09-20 19:29:47,505  root       run        DEBUG    Received '010C2'
2024-09-20 19:29:47,505  root       handle_request DEBUG    Handling: '010C2', header '7E0', ECU '7E0'
2024-09-20 19:29:47,505  root       handle_request DEBUG    Description: Engine RPM, PID RPM (010C2)
2024-09-20 19:29:47,505  root       handle_response DEBUG    Processing: '<pos_answer>0D C0</pos_answer> <header>7EA</header><size>04</size><data>41 0C 0D C0</data>'
2024-09-20 19:29:47,505  root       handle_response DEBUG    Write: '7E8 04 41 0C 0D C0 \r7EA 04 41 0C 0D C0 \r\r>'
2024-09-20 19:29:47,506  root       run        DEBUG    Received '010D2'
2024-09-20 19:29:47,506  root       handle_request DEBUG    Handling: '010D2', header '7E0', ECU '7E0'
2024-09-20 19:29:47,507  root       handle_request DEBUG    Description: Vehicle Speed, PID SPEED (010D2)
2024-09-20 19:29:47,507  root       handle_response DEBUG    Processing: '<pos_answer>18</pos_answer> <header>7EA</header><size>03</size><data>41 0D 18</data>'
2024-09-20 19:29:47,507  root       handle_response DEBUG    Write: '7E8 03 41 0D 18 \r7EA 03 41 0D 18 \r\r>'
2024-09-20 19:29:47,508  root       run        DEBUG    Received '010E1'
2024-09-20 19:29:47,508  root       handle_request DEBUG    Handling: '010E1', header '7E0', ECU '7E0'
2024-09-20 19:29:47,508  root       handle_request INFO     Unknown ELM command: '010E1', header=7E0
2024-09-20 19:29:47,509  root       handle_response DEBUG    Processing: '<writeln>?</writeln>'
2024-09-20 19:29:47,509  root       handle_response DEBUG    Write: '?\r\r>'
2024-09-20 19:29:47,509  root       run        DEBUG    Received '010F1'
2024-09-20 19:29:47,509  root       handle_request DEBUG    Handling: '010F1', header '7E0', ECU '7E0'
2024-09-20 19:29:47,510  root       handle_request DEBUG    Description: Intake Air Temp, PID INTAKE_TEMP (010F1)
2024-09-20 19:29:47,510  root       handle_response DEBUG    Processing: '<pos_answer>44</pos_answer>'
2024-09-20 19:29:47,510  root       handle_response DEBUG    Write: '7E8 03 41 0F 44 \r\r>'
2024-09-20 19:29:47,511  root       run        DEBUG    Received '01101'
2024-09-20 19:29:47,511  root       handle_request DEBUG    Handling: '01101', header '7E0', ECU '7E0'
2024-09-20 19:29:47,511  root       handle_request DEBUG    Description: Air Flow Rate (MAF), PID MAF (01101)
2024-09-20 19:29:47,511  root       handle_response DEBUG    Processing: '<pos_answer>05 1F</pos_answer>'
2024-09-20 19:29:47,511  root       handle_response DEBUG    Write: '7E8 04 41 10 05 1F \r\r>'
2024-09-20 19:29:47,512  root       run        DEBUG    Received '01111'
2024-09-20 19:29:47,512  root       handle_request DEBUG    Handling: '01111', header '7E0', ECU '7E0'
2024-09-20 19:29:47,512  root       handle_request DEBUG    Description: Throttle Position, PID THROTTLE_POS (01111)
2024-09-20 19:29:47,512  root       handle_response DEBUG    Processing: '<pos_answer>FF</pos_answer>'
2024-09-20 19:29:47,512  root       handle_response DEBUG    Write: '7E8 03 41 11 FF \r\r>'
2024-09-20 19:29:47,513  root       run        DEBUG    Received '01131'
2024-09-20 19:29:47,513  root       handle_request DEBUG    Handling: '01131', header '7E0', ECU '7E0'
2024-09-20 19:29:47,514  root       handle_request INFO     Unknown ELM command: '01131', header=7E0
2024-09-20 19:29:47,514  root       handle_response DEBUG    Processing: '<writeln>?</writeln>'
2024-09-20 19:29:47,514  root       handle_response DEBUG    Write: '?\r\r>'
2024-09-20 19:29:47,514  root       run        DEBUG    Received '01151'
2024-09-20 19:29:47,515  root       handle_request DEBUG    Handling: '01151', header '7E0', ECU '7E0'
2024-09-20 19:29:47,515  root       handle_request INFO     Unknown ELM command: '01151', header=7E0
2024-09-20 19:29:47,515  root       handle_response DEBUG    Processing: '<writeln>?</writeln>'
2024-09-20 19:29:47,515  root       handle_response DEBUG    Write: '?\r\r>'
2024-09-20 19:29:47,516  root       run        DEBUG    Received '011C1'
2024-09-20 19:29:47,516  root       handle_request DEBUG    Handling: '011C1', header '7E0', ECU '7E0'
2024-09-20 19:29:47,516  root       handle_request DEBUG    Description: OBD Standards Compliance, PID OBD_COMPLIANCE (011C1)
2024-09-20 19:29:47,516  root       handle_response DEBUG    Processing: '<pos_answer>06</pos_answer>'
2024-09-20 19:29:47,517  root       handle_response DEBUG    Write: '7E8 03 41 1C 06 \r\r>'
2024-09-20 19:29:47,517  root       run        DEBUG    Received '011F1'
2024-09-20 19:29:47,517  root       handle_request DEBUG    Handling: '011F1', header '7E0', ECU '7E0'
2024-09-20 19:29:47,517  root       handle_request DEBUG    Description: Engine Run Time, PID RUN_TIME (011F1)
2024-09-20 19:29:47,518  root       handle_response DEBUG    Processing: '<pos_answer>00 8C</pos_answer>'
2024-09-20 19:29:47,518  root       handle_response DEBUG    Write: '7E8 04 41 1F 00 8C \r\r>'
2024-09-20 19:29:47,518  root       run        DEBUG    Received '01211'
2024-09-20 19:29:47,519  root       handle_request DEBUG    Handling: '01211', header '7E0', ECU '7E0'
2024-09-20 19:29:47,519  root       handle_request DEBUG    Description: Distance Traveled with MIL on, PID DISTANCE_W_MIL (01211)
2024-09-20 19:29:47,519  root       handle_response DEBUG    Processing: '<pos_answer>00 00</pos_answer>'
2024-09-20 19:29:47,519  root       handle_response DEBUG    Write: '7E8 04 41 21 00 00 \r\r>'
2024-09-20 19:29:47,519  root       run        DEBUG    Received '01241'
2024-09-20 19:29:47,520  root       handle_request DEBUG    Handling: '01241', header '7E0', ECU '7E0'
2024-09-20 19:29:47,520  root       handle_request INFO     Unknown ELM command: '01241', header=7E0
2024-09-20 19:29:47,520  root       handle_response DEBUG    Processing: '<writeln>?</writeln>'
2024-09-20 19:29:47,520  root       handle_response DEBUG    Write: '?\r\r>'
2024-09-20 19:29:47,521  root       run        DEBUG    Received '012C1'
2024-09-20 19:29:47,521  root       handle_request DEBUG    Handling: '012C1', header '7E0', ECU '7E0'
2024-09-20 19:29:47,521  root       handle_request DEBUG    Description: Commanded EGR, PID COMMANDED_EGR (012C1)
2024-09-20 19:29:47,521  root       handle_response DEBUG    Processing: '<pos_answer>0D</pos_answer>'
2024-09-20 19:29:47,521  root       handle_response DEBUG    Write: '7E8 03 41 2C 0D \r\r>'
2024-09-20 19:29:47,522  root       run        DEBUG    Received '012E1'
2024-09-20 19:29:47,522  root       handle_request DEBUG    Handling: '012E1', header '7E0', ECU '7E0'
2024-09-20 19:29:47,522  root       handle_request INFO     Unknown ELM command: '012E1', header=7E0
2024-09-20 19:29:47,522  root       handle_response DEBUG    Processing: '<writeln>?</writeln>'
2024-09-20 19:29:47,522  root       handle_response DEBUG    Write: '?\r\r>'
2024-09-20 19:29:47,523  root       run        DEBUG    Received '01301'
2024-09-20 19:29:47,523  root       handle_request DEBUG    Handling: '01301', header '7E0', ECU '7E0'
2024-09-20 19:29:47,523  root       handle_request INFO     Unknown ELM command: '01301', header=7E0
2024-09-20 19:29:47,523  root       handle_response DEBUG    Processing: '<writeln>?</writeln>'
2024-09-20 19:29:47,523  root       handle_response DEBUG    Write: '?\r\r>'
2024-09-20 19:29:47,524  root       run        DEBUG    Received '01311'
2024-09-20 19:29:47,524  root       handle_request DEBUG    Handling: '01311', header '7E0', ECU '7E0'
2024-09-20 19:29:47,524  root       handle_request DEBUG    Description: Distance traveled since codes cleared, PID DISTANCE_SINCE_DTC_CLEAR (01311)
2024-09-20 19:29:47,524  root       handle_response DEBUG    Processing: '<pos_answer>C8 1F</pos_answer>'
2024-09-20 19:29:47,524  root       handle_response DEBUG    Write: '7E8 04 41 31 C8 1F \r\r>'
2024-09-20 19:29:47,525  root       run        DEBUG    Received '01331'
2024-09-20 19:29:47,525  root       handle_request DEBUG    Handling: '01331', header '7E0', ECU '7E0'
2024-09-20 19:29:47,525  root       handle_request DEBUG    Description: Barometric Pressure, PID BAROMETRIC_PRESSURE (01331)
2024-09-20 19:29:47,525  root       handle_response DEBUG    Processing: '<pos_answer>65</pos_answer>'
2024-09-20 19:29:47,525  root       handle_response DEBUG    Write: '7E8 03 41 33 65 \r\r>'
2024-09-20 19:29:47,526  root       run        DEBUG    Received '01341'
2024-09-20 19:29:47,526  root       handle_request DEBUG    Handling: '01341', header '7E0', ECU '7E0'
2024-09-20 19:29:47,526  root       handle_request INFO     Unknown ELM command: '01341', header=7E0
2024-09-20 19:29:47,526  root       handle_response DEBUG    Processing: '<writeln>?</writeln>'
2024-09-20 19:29:47,526  root       handle_response DEBUG    Write: '?\r\r>'
2024-09-20 19:29:47,527  root       run        DEBUG    Received '013C1'
2024-09-20 19:29:47,527  root       handle_request DEBUG    Handling: '013C1', header '7E0', ECU '7E0'
2024-09-20 19:29:47,527  root       handle_request DEBUG    Description: Catalyst Temperature: Bank 1 - Sensor 1, PID CATALYST_TEMP_B1S1 (013C1)
2024-09-20 19:29:47,527  root       handle_response DEBUG    Processing: '<pos_answer>04 44</pos_answer>'
2024-09-20 19:29:47,527  root       handle_response DEBUG    Write: '7E8 04 41 3C 04 44 \r\r>'
2024-09-20 19:29:47,527  root       run        DEBUG    Received '013E1'
2024-09-20 19:29:47,528  root       handle_request DEBUG    Handling: '013E1', header '7E0', ECU '7E0'
2024-09-20 19:29:47,528  root       handle_request INFO     Unknown ELM command: '013E1', header=7E0
2024-09-20 19:29:47,528  root       handle_response DEBUG    Processing: '<writeln>?</writeln>'
2024-09-20 19:29:47,528  root       handle_response DEBUG    Write: '?\r\r>'
2024-09-20 19:29:47,528  root       run        DEBUG    Received '01421'
2024-09-20 19:29:47,529  root       handle_request DEBUG    Handling: '01421', header '7E0', ECU '7E0'
2024-09-20 19:29:47,529  root       handle_request DEBUG    Description: Control module voltage, PID CONTROL_MODULE_VOLTAGE (01421)
2024-09-20 19:29:47,529  root       handle_response DEBUG    Processing: '<pos_answer>39 D6</pos_answer>'
2024-09-20 19:29:47,529  root       handle_response DEBUG    Write: '7E8 04 41 42 39 D6 \r\r>'
2024-09-20 19:29:47,529  root       run        DEBUG    Received '01431'
2024-09-20 19:29:47,529  root       handle_request DEBUG    Handling: '01431', header '7E0', ECU '7E0'
2024-09-20 19:29:47,530  root       handle_request INFO     Unknown ELM command: '01431', header=7E0
2024-09-20 19:29:47,530  root       handle_response DEBUG    Processing: '<writeln>?</writeln>'
2024-09-20 19:29:47,530  root       handle_response DEBUG    Write: '?\r\r>'
2024-09-20 19:29:47,530  root       run        DEBUG    Received '01441'
2024-09-20 19:29:47,530  root       handle_request DEBUG    Handling: '01441', header '7E0', ECU '7E0'
2024-09-20 19:29:47,531  root       handle_request INFO     Unknown ELM command: '01441', header=7E0
2024-09-20 19:29:47,531  root       handle_response DEBUG    Processing: '<writeln>?</writeln>'
2024-09-20 19:29:47,531  root       handle_response DEBUG    Write: '?\r\r>'
2024-09-20 19:29:47,531  root       run        DEBUG    Received '01451'
2024-09-20 19:29:47,531  root       handle_request DEBUG    Handling: '01451', header '7E0', ECU '7E0'
2024-09-20 19:29:47,531  root       handle_request INFO     Unknown ELM command: '01451', header=7E0
2024-09-20 19:29:47,531  root       handle_response DEBUG    Processing: '<writeln>?</writeln>'
2024-09-20 19:29:47,532  root       handle_response DEBUG    Write: '?\r\r>'
2024-09-20 19:29:47,532  root       run        DEBUG    Received '01471'
2024-09-20 19:29:47,532  root       handle_request DEBUG    Handling: '01471', header '7E0', ECU '7E0'
2024-09-20 19:29:47,532  root       handle_request INFO     Unknown ELM command: '01471', header=7E0
2024-09-20 19:29:47,532  root       handle_response DEBUG    Processing: '<writeln>?</writeln>'
2024-09-20 19:29:47,533  root       handle_response DEBUG    Write: '?\r\r>'
2024-09-20 19:29:47,533  root       run        DEBUG    Received '014C1'
2024-09-20 19:29:47,533  root       handle_request DEBUG    Handling: '014C1', header '7E0', ECU '7E0'
2024-09-20 19:29:47,533  root       handle_request DEBUG    Description: Commanded throttle actuator, PID THROTTLE_ACTUATOR (014C1)
2024-09-20 19:29:47,533  root       handle_response DEBUG    Processing: '<pos_answer>00</pos_answer>'
2024-09-20 19:29:47,533  root       handle_response DEBUG    Write: '7E8 03 41 4C 00 \r\r>'
2024-09-20 19:29:47,534  root       run        DEBUG    Received '014D1'
2024-09-20 19:29:47,534  root       handle_request DEBUG    Handling: '014D1', header '7E0', ECU '7E0'
2024-09-20 19:29:47,534  root       handle_request DEBUG    Description: Time run with MIL on, PID RUN_TIME_MIL (014D1)
2024-09-20 19:29:47,534  root       handle_response DEBUG    Processing: '<pos_answer>00 00</pos_answer>'
2024-09-20 19:29:47,534  root       handle_response DEBUG    Write: '7E8 04 41 4D 00 00 \r\r>'
2024-09-20 19:29:47,535  root       run        DEBUG    Received '014E1'
2024-09-20 19:29:47,535  root       handle_request DEBUG    Handling: '014E1', header '7E0', ECU '7E0'
2024-09-20 19:29:47,535  root       handle_request DEBUG    Description: Time since trouble codes cleared, PID TIME_SINCE_DTC_CLEARED (014E1)
2024-09-20 19:29:47,535  root       handle_response DEBUG    Processing: '<pos_answer>4C 69</pos_answer>'
2024-09-20 19:29:47,535  root       handle_response DEBUG    Write: '7E8 04 41 4E 4C 69 \r\r>'
2024-09-20 19:29:47,536  root       run        DEBUG    Received '01511'
2024-09-20 19:29:47,536  root       handle_request DEBUG    Handling: '01511', header '7E0', ECU '7E0'
2024-09-20 19:29:47,536  root       handle_request DEBUG    Description: Fuel Type, PID FUEL_TYPE (01511)
2024-09-20 19:29:47,536  root       handle_response DEBUG    Processing: '<pos_answer>01</pos_answer>'
2024-09-20 19:29:47,536  root       handle_response DEBUG    Write: '7E8 03 41 51 01 \r\r>'
2024-09-20 19:29:47,787  root       run        DEBUG    Received '01002'
2024-09-20 19:29:47,787  root       handle_request DEBUG    Handling: '01002', header '7E0', ECU '7E0'
2024-09-20 19:29:47,788  root       handle_request DEBUG    Description: PIDS_A, PID ELM_PIDS_A (01002)
2024-09-20 19:29:47,788  root       handle_response DEBUG    Processing: '<header>7EA</header><size>06</size><data>41 00 98 3A 80 13</data><pos_answer>BE 3F A8 13</pos_answer>'
2024-09-20 19:29:47,789  root       handle_response DEBUG    Write: '7EA 06 41 00 98 3A 80 13 \r7E8 06 41 00 BE 3F A8 13 \r\r>'
2024-09-20 19:29:47,790  root       run        DEBUG    Received '01202'
2024-09-20 19:29:47,791  root       handle_request DEBUG    Handling: '01202', header '7E0', ECU '7E0'
2024-09-20 19:29:47,791  root       handle_request DEBUG    Description: PIDS_B, PID ELM_PIDS_B (01202)
2024-09-20 19:29:47,791  root       handle_response DEBUG    Processing: '<header>7EA</header><size>06</size><data>41 20 80 01 A0 01</data><pos_answer>90 15 B0 15</pos_answer>'
2024-09-20 19:29:47,792  root       handle_response DEBUG    Write: '7EA 06 41 20 80 01 A0 01 \r7E8 06 41 20 90 15 B0 15 \r\r>'
2024-09-20 19:29:47,793  root       run        DEBUG    Received '01402'
2024-09-20 19:29:47,794  root       handle_request DEBUG    Handling: '01402', header '7E0', ECU '7E0'
2024-09-20 19:29:47,794  root       handle_request DEBUG    Description: PIDS_C, PID ELM_PIDS_C (01402)
2024-09-20 19:29:47,795  root       handle_response DEBUG    Processing: '<header>7EA</header><size>06</size><data>41 40 44 CC 00 21</data><pos_answer>7A 1C 80 00</pos_answer>'
2024-09-20 19:29:47,795  root       handle_response DEBUG    Write: '7EA 06 41 40 44 CC 00 21 \r7E8 06 41 40 7A 1C 80 00 \r\r>'
2024-09-20 19:29:47,797  root       run        DEBUG    Received '01011'
2024-09-20 19:29:47,797  root       handle_request DEBUG    Handling: '01011', header '7E0', ECU '7E0'
2024-09-20 19:29:47,798  root       handle_request INFO     Unknown ELM command: '01011', header=7E0
2024-09-20 19:29:47,799  root       handle_response DEBUG    Processing: '<writeln>?</writeln>'
2024-09-20 19:29:47,799  root       handle_response DEBUG    Write: '?\r\r>'
2024-09-20 19:29:47,805  root       run        DEBUG    Received '01031'
2024-09-20 19:29:47,806  root       handle_request DEBUG    Handling: '01031', header '7E0', ECU '7E0'
2024-09-20 19:29:47,806  root       handle_request DEBUG    Description: Fuel System Status, PID FUEL_STATUS (01031)
2024-09-20 19:29:47,807  root       handle_response DEBUG    Processing: '<pos_answer>00 00</pos_answer>'
2024-09-20 19:29:47,807  root       handle_response DEBUG    Write: '7E8 04 41 03 00 00 \r\r>'
2024-09-20 19:29:47,809  root       run        DEBUG    Received '01041'
2024-09-20 19:29:47,809  root       handle_request DEBUG    Handling: '01041', header '7E0', ECU '7E0'
2024-09-20 19:29:47,810  root       handle_request DEBUG    Description: Calculated Engine Load, PID ENGINE_LOAD (01041)
2024-09-20 19:29:47,810  root       handle_response DEBUG    Processing: '<pos_answer>00</pos_answer>'
2024-09-20 19:29:47,811  root       handle_response DEBUG    Write: '7E8 03 41 04 00 \r\r>'
2024-09-20 19:29:47,812  root       run        DEBUG    Received '01051'
2024-09-20 19:29:47,812  root       handle_request DEBUG    Handling: '01051', header '7E0', ECU '7E0'
2024-09-20 19:29:47,813  root       handle_request DEBUG    Description: Engine Coolant Temperature, PID COOLANT_TEMP (01051)
2024-09-20 19:29:47,813  root       handle_response DEBUG    Processing: '<pos_answer>7B</pos_answer>'
2024-09-20 19:29:47,823  root       handle_response DEBUG    Write: '7E8 03 41 05 7B \r\r>'
2024-09-20 19:29:47,825  root       run        DEBUG    Received '01061'
2024-09-20 19:29:47,825  root       handle_request DEBUG    Handling: '01061', header '7E0', ECU '7E0'
2024-09-20 19:29:47,826  root       handle_request INFO     Unknown ELM command: '01061', header=7E0
2024-09-20 19:29:47,827  root       handle_response DEBUG    Processing: '<writeln>?</writeln>'
2024-09-20 19:29:47,827  root       handle_response DEBUG    Write: '?\r\r>'
2024-09-20 19:29:47,828  root       run        DEBUG    Received '01071'
2024-09-20 19:29:47,829  root       handle_request DEBUG    Handling: '01071', header '7E0', ECU '7E0'
2024-09-20 19:29:47,830  root       handle_request INFO     Unknown ELM command: '01071', header=7E0
2024-09-20 19:29:47,831  root       handle_response DEBUG    Processing: '<writeln>?</writeln>'
2024-09-20 19:29:47,831  root       handle_response DEBUG    Write: '?\r\r>'
2024-09-20 19:29:47,832  root       run        DEBUG    Received '010B1'
2024-09-20 19:29:47,833  root       handle_request DEBUG    Handling: '010B1', header '7E0', ECU '7E0'
2024-09-20 19:29:47,833  root       handle_request DEBUG    Description: Intake Manifold Pressure, PID INTAKE_PRESSURE (010B1)
2024-09-20 19:29:47,834  root       handle_response DEBUG    Processing: '<pos_answer>73</pos_answer>'
2024-09-20 19:29:47,835  root       handle_response DEBUG    Write: '7E8 03 41 0B 73 \r\r>'
2024-09-20 19:29:47,837  root       run        DEBUG    Received '010C2'
2024-09-20 19:29:47,838  root       handle_request DEBUG    Handling: '010C2', header '7E0', ECU '7E0'
2024-09-20 19:29:47,838  root       handle_request DEBUG    Description: Engine RPM, PID RPM (010C2)
2024-09-20 19:29:47,839  root       handle_response DEBUG    Processing: '<pos_answer>0E 10</pos_answer> <header>7EA</header><size>04</size><data>41 0C 0E 10</data>'
2024-09-20 19:29:47,840  root       handle_response DEBUG    Write: '7E8 04 41 0C 0E 10 \r7EA 04 41 0C 0E 10 \r\r>'
2024-09-20 19:29:47,842  root       run        DEBUG    Received '010D2'
2024-09-20 19:29:47,842  root       handle_request DEBUG    Handling: '010D2', header '7E0', ECU '7E0'
2024-09-20 19:29:47,843  root       handle_request DEBUG    Description: Vehicle Speed, PID SPEED (010D2)
2024-09-20 19:29:47,843  root       handle_response DEBUG    Processing: '<pos_answer>14</pos_answer> <header>7EA</header><size>03</size><data>41 0D 14</data>'
2024-09-20 19:29:47,845  root       handle_response DEBUG    Write: '7E8 03 41 0D 14 \r7EA 03 41 0D 14 \r\r>'
2024-09-20 19:29:47,846  root       run        DEBUG    Received '010E1'
2024-09-20 19:29:47,846  root       handle_request DEBUG    Handling: '010E1', header '7E0', ECU '7E0'
2024-09-20 19:29:47,847  root       handle_request INFO     Unknown ELM command: '010E1', header=7E0
2024-09-20 19:29:47,847  root       handle_response DEBUG    Processing: '<writeln>?</writeln>'
2024-09-20 19:29:47,848  root       handle_response DEBUG    Write: '?\r\r>'
2024-09-20 19:29:47,849  root       run        DEBUG    Received '010F1'
2024-09-20 19:29:47,849  root       handle_request DEBUG    Handling: '010F1', header '7E0', ECU '7E0'
2024-09-20 19:29:47,849  root       handle_request DEBUG    Description: Intake Air Temp, PID INTAKE_TEMP (010F1)
2024-09-20 19:29:47,850  root       handle_response DEBUG    Processing: '<pos_answer>44</pos_answer>'
2024-09-20 19:29:47,850  root       handle_response DEBUG    Write: '7E8 03 41 0F 44 \r\r>'
2024-09-20 19:29:47,851  root       run        DEBUG    Received '01101'
2024-09-20 19:29:47,851  root       handle_request DEBUG    Handling: '01101', header '7E0', ECU '7E0'
2024-09-20 19:29:47,851  root       handle_request DEBUG    Description: Air Flow Rate (MAF), PID MAF (01101)
2024-09-20 19:29:47,851  root       handle_response DEBUG    Processing: '<pos_answer>05 1F</pos_answer>'
2024-09-20 19:29:47,852  root       handle_response DEBUG    Write: '7E8 04 41 10 05 1F \r\r>'
2024-09-20 19:29:47,852  root       run        DEBUG    Received '01111'
2024-09-20 19:29:47,853  root       handle_request DEBUG    Handling: '01111', header '7E0', ECU '7E0'
2024-09-20 19:29:47,853  root       handle_request DEBUG    Description: Throttle Position, PID THROTTLE_POS (01111)
2024-09-20 19:29:47,853  root       handle_response DEBUG    Processing: '<pos_answer>FF</pos_answer>'
2024-09-20 19:29:47,853  root       handle_response DEBUG    Write: '7E8 03 41 11 FF \r\r>'
2024-09-20 19:29:47,854  root       run        DEBUG    Received '01131'
2024-09-20 19:29:47,854  root       handle_request DEBUG    Handling: '01131', header '7E0', ECU '7E0'
2024-09-20 19:29:47,855  root       handle_request INFO     Unknown ELM command: '01131', header=7E0
2024-09-20 19:29:47,855  root       handle_response DEBUG    Processing: '<writeln>?</writeln>'
2024-09-20 19:29:47,855  root       handle_response DEBUG    Write: '?\r\r>'
2024-09-20 19:29:47,856  root       run        DEBUG    Received '01151'
2024-09-20 19:29:47,856  root       handle_request DEBUG    Handling: '01151', header '7E0', ECU '7E0'
2024-09-20 19:29:47,857  root       handle_request INFO     Unknown ELM command: '01151', header=7E0
2024-09-20 19:29:47,857  root       handle_response DEBUG    Processing: '<writeln>?</writeln>'
2024-09-20 19:29:47,858  root       handle_response DEBUG    Write: '?\r\r>'
2024-09-20 19:29:47,858  root       run        DEBUG    Received '011C1'
2024-09-20 19:29:47,859  root       handle_request DEBUG    Handling: '011C1', header '7E0', ECU '7E0'
2024-09-20 19:29:47,859  root       handle_request DEBUG    Description: OBD Standards Compliance, PID OBD_COMPLIANCE (011C1)
2024-09-20 19:29:47,859  root       handle_response DEBUG    Processing: '<pos_answer>06</pos_answer>'
2024-09-20 19:29:47,859  root       handle_response DEBUG    Write: '7E8 03 41 1C 06 \r\r>'
2024-09-20 19:29:47,860  root       run        DEBUG    Received '011F1'
2024-09-20 19:29:47,860  root       handle_request DEBUG    Handling: '011F1', header '7E0', ECU '7E0'
2024-09-20 19:29:47,860  root       handle_request DEBUG    Description: Engine Run Time, PID RUN_TIME (011F1)
2024-09-20 19:29:47,860  root       handle_response DEBUG    Processing: '<pos_answer>00 8C</pos_answer>'
2024-09-20 19:29:47,860  root       handle_response DEBUG    Write: '7E8 04 41 1F 00 8C \r\r>'
2024-09-20 19:29:47,861  root       run        DEBUG    Received '01211'
2024-09-20 19:29:47,861  root       handle_request DEBUG    Handling: '01211', header '7E0', ECU '7E0'
2024-09-20 19:29:47,861  root       handle_request DEBUG    Description: Distance Traveled with MIL on, PID DISTANCE_W_MIL (01211)
2024-09-20 19:29:47,861  root       handle_response DEBUG    Processing: '<pos_answer>00 00</pos_answer>'
2024-09-20 19:29:47,862  root       handle_response DEBUG    Write: '7E8 04 41 21 00 00 \r\r>'
2024-09-20 19:29:47,862  root       run        DEBUG    Received '01241'
2024-09-20 19:29:47,862  root       handle_request DEBUG    Handling: '01241', header '7E0', ECU '7E0'
2024-09-20 19:29:47,863  root       handle_request INFO     Unknown ELM command: '01241', header=7E0
2024-09-20 19:29:47,863  root       handle_response DEBUG    Processing: '<writeln>?</writeln>'
2024-09-20 19:29:47,863  root       handle_response DEBUG    Write: '?\r\r>'
2024-09-20 19:29:47,863  root       run        DEBUG    Received '012C1'
2024-09-20 19:29:47,864  root       handle_request DEBUG    Handling: '012C1', header '7E0', ECU '7E0'
2024-09-20 19:29:47,864  root       handle_request DEBUG    Description: Commanded EGR, PID COMMANDED_EGR (012C1)
2024-09-20 19:29:47,864  root       handle_response DEBUG    Processing: '<pos_answer>0D</pos_answer>'
2024-09-20 19:29:47,864  root       handle_response DEBUG    Write: '7E8 03 41 2C 0D \r\r>'
2024-09-20 19:29:47,865  root       run        DEBUG    Received '012E1'
2024-09-20 19:29:47,865  root       handle_request DEBUG    Handling: '012E1', header '7E0', ECU '7E0'
2024-09-20 19:29:47,866  root       handle_request INFO     Unknown ELM command: '012E1', header=7E0
2024-09-20 19:29:47,866  root       handle_response DEBUG    Processing: '<writeln>?</writeln>'
2024-09-20 19:29:47,866  root       handle_response DEBUG    Write: '?\r\r>'
2024-09-20 19:29:47,866  root       run        DEBUG    Received '01301'
2024-09-20 19:29:47,866  root       handle_request DEBUG    Handling: '01301', header '7E0', ECU '7E0'
2024-09-20 19:29:47,867  root       handle_request INFO     Unknown ELM command: '01301', header=7E0
2024-09-20 19:29:47,867  root       handle_response DEBUG    Processing: '<writeln>?</writeln>'
2024-09-20 19:29:47,867  root       handle_response DEBUG    Write: '?\r\r>'
2024-09-20 19:29:47,867  root       run        DEBUG    Received '01311'
2024-09-20 19:29:47,868  root       handle_request DEBUG    Handling: '01311', header '7E0', ECU '7E0'
2024-09-20 19:29:47,868  root       handle_request DEBUG    Description: Distance traveled since codes cleared, PID DISTANCE_SINCE_DTC_CLEAR (01311)
2024-09-20 19:29:47,868  root       handle_response DEBUG    Processing: '<pos_answer>C8 1F</pos_answer>'
2024-09-20 19:29:47,868  root       handle_response DEBUG    Write: '7E8 04 41 31 C8 1F \r\r>'
2024-09-20 19:29:47,868  root       run        DEBUG    Received '01331'
2024-09-20 19:29:47,869  root       handle_request DEBUG    Handling: '01331', header '7E0', ECU '7E0'
2024-09-20 19:29:47,869  root       handle_request DEBUG    Description: Barometric Pressure, PID BAROMETRIC_PRESSURE (01331)
2024-09-20 19:29:47,869  root       handle_response DEBUG    Processing: '<pos_answer>65</pos_answer>'
2024-09-20 19:29:47,869  root       handle_response DEBUG    Write: '7E8 03 41 33 65 \r\r>'
2024-09-20 19:29:47,870  root       run        DEBUG    Received '01341'
2024-09-20 19:29:47,870  root       handle_request DEBUG    Handling: '01341', header '7E0', ECU '7E0'
2024-09-20 19:29:47,870  root       handle_request INFO     Unknown ELM command: '01341', header=7E0
2024-09-20 19:29:47,870  root       handle_response DEBUG    Processing: '<writeln>?</writeln>'
2024-09-20 19:29:47,870  root       handle_response DEBUG    Write: '?\r\r>'
2024-09-20 19:29:47,871  root       run        DEBUG    Received '013C1'
2024-09-20 19:29:47,871  root       handle_request DEBUG    Handling: '013C1', header '7E0', ECU '7E0'
2024-09-20 19:29:47,871  root       handle_request DEBUG    Description: Catalyst Temperature: Bank 1 - Sensor 1, PID CATALYST_TEMP_B1S1 (013C1)
2024-09-20 19:29:47,871  root       handle_response DEBUG    Processing: '<pos_answer>04 44</pos_answer>'
2024-09-20 19:29:47,871  root       handle_response DEBUG    Write: '7E8 04 41 3C 04 44 \r\r>'
2024-09-20 19:29:47,872  root       run        DEBUG    Received '013E1'
2024-09-20 19:29:47,872  root       handle_request DEBUG    Handling: '013E1', header '7E0', ECU '7E0'
2024-09-20 19:29:47,873  root       handle_request INFO     Unknown ELM command: '013E1', header=7E0
2024-09-20 19:29:47,873  root       handle_response DEBUG    Processing: '<writeln>?</writeln>'
2024-09-20 19:29:47,873  root       handle_response DEBUG    Write: '?\r\r>'
2024-09-20 19:29:47,874  root       run        DEBUG    Received '01421'
2024-09-20 19:29:47,874  root       handle_request DEBUG    Handling: '01421', header '7E0', ECU '7E0'
2024-09-20 19:29:47,874  root       handle_request DEBUG    Description: Control module voltage, PID CONTROL_MODULE_VOLTAGE (01421)
2024-09-20 19:29:47,874  root       handle_response DEBUG    Processing: '<pos_answer>39 D6</pos_answer>'
2024-09-20 19:29:47,874  root       handle_response DEBUG    Write: '7E8 04 41 42 39 D6 \r\r>'
2024-09-20 19:29:47,875  root       run        DEBUG    Received '01431'
2024-09-20 19:29:47,875  root       handle_request DEBUG    Handling: '01431', header '7E0', ECU '7E0'
2024-09-20 19:29:47,875  root       handle_request INFO     Unknown ELM command: '01431', header=7E0
2024-09-20 19:29:47,875  root       handle_response DEBUG    Processing: '<writeln>?</writeln>'
2024-09-20 19:29:47,875  root       handle_response DEBUG    Write: '?\r\r>'
2024-09-20 19:29:47,875  root       run        DEBUG    Received '01441'
2024-09-20 19:29:47,876  root       handle_request DEBUG    Handling: '01441', header '7E0', ECU '7E0'
2024-09-20 19:29:47,876  root       handle_request INFO     Unknown ELM command: '01441', header=7E0
2024-09-20 19:29:47,876  root       handle_response DEBUG    Processing: '<writeln>?</writeln>'
2024-09-20 19:29:47,876  root       handle_response DEBUG    Write: '?\r\r>'
2024-09-20 19:29:47,876  root       run        DEBUG    Received '01451'
2024-09-20 19:29:47,877  root       handle_request DEBUG    Handling: '01451', header '7E0', ECU '7E0'
2024-09-20 19:29:47,877  root       handle_request INFO     Unknown ELM command: '01451', header=7E0
2024-09-20 19:29:47,877  root       handle_response DEBUG    Processing: '<writeln>?</writeln>'
2024-09-20 19:29:47,877  root       handle_response DEBUG    Write: '?\r\r>'
2024-09-20 19:29:47,877  root       run        DEBUG    Received '01471'
2024-09-20 19:29:47,877  root       handle_request DEBUG    Handling: '01471', header '7E0', ECU '7E0'
2024-09-20 19:29:47,878  root       handle_request INFO     Unknown ELM command: '01471', header=7E0
2024-09-20 19:29:47,878  root       handle_response DEBUG    Processing: '<writeln>?</writeln>'
2024-09-20 19:29:47,878  root       handle_response DEBUG    Write: '?\r\r>'
2024-09-20 19:29:47,878  root       run        DEBUG    Received '014C1'
2024-09-20 19:29:47,878  root       handle_request DEBUG    Handling: '014C1', header '7E0', ECU '7E0'
2024-09-20 19:29:47,878  root       handle_request DEBUG    Description: Commanded throttle actuator, PID THROTTLE_ACTUATOR (014C1)
2024-09-20 19:29:47,879  root       handle_response DEBUG    Processing: '<pos_answer>00</pos_answer>'
2024-09-20 19:29:47,879  root       handle_response DEBUG    Write: '7E8 03 41 4C 00 \r\r>'
2024-09-20 19:29:47,879  root       run        DEBUG    Received '014D1'
2024-09-20 19:29:47,879  root       handle_request DEBUG    Handling: '014D1', header '7E0', ECU '7E0'
2024-09-20 19:29:47,879  root       handle_request DEBUG    Description: Time run with MIL on, PID RUN_TIME_MIL (014D1)
2024-09-20 19:29:47,879  root       handle_response DEBUG    Processing: '<pos_answer>00 00</pos_answer>'
2024-09-20 19:29:47,880  root       handle_response DEBUG    Write: '7E8 04 41 4D 00 00 \r\r>'
2024-09-20 19:29:47,880  root       run        DEBUG    Received '014E1'
2024-09-20 19:29:47,880  root       handle_request DEBUG    Handling: '014E1', header '7E0', ECU '7E0'
2024-09-20 19:29:47,880  root       handle_request DEBUG    Description: Time since trouble codes cleared, PID TIME_SINCE_DTC_CLEARED (014E1)
2024-09-20 19:29:47,880  root       handle_response DEBUG    Processing: '<pos_answer>4C 69</pos_answer>'
2024-09-20 19:29:47,880  root       handle_response DEBUG    Write: '7E8 04 41 4E 4C 69 \r\r>'
2024-09-20 19:29:47,881  root       run        DEBUG    Received '01511'
2024-09-20 19:29:47,881  root       handle_request DEBUG    Handling: '01511', header '7E0', ECU '7E0'
2024-09-20 19:29:47,881  root       handle_request DEBUG    Description: Fuel Type, PID FUEL_TYPE (01511)
2024-09-20 19:29:47,881  root       handle_response DEBUG    Processing: '<pos_answer>01</pos_answer>'
2024-09-20 19:29:47,881  root       handle_response DEBUG    Write: '7E8 03 41 51 01 \r\r>'
2024-09-20 19:29:48,132  root       run        DEBUG    Received '01002'
2024-09-20 19:29:48,132  root       handle_request DEBUG    Handling: '01002', header '7E0', ECU '7E0'
2024-09-20 19:29:48,133  root       handle_request DEBUG    Description: PIDS_A, PID ELM_PIDS_A (01002)
2024-09-20 19:29:48,133  root       handle_response DEBUG    Processing: '<header>7EA</header><size>06</size><data>41 00 98 3A 80 13</data><pos_answer>BE 3F A8 13</pos_answer>'
2024-09-20 19:29:48,134  root       handle_response DEBUG    Write: '7EA 06 41 00 98 3A 80 13 \r7E8 06 41 00 BE 3F A8 13 \r\r>'
2024-09-20 19:29:48,135  root       run        DEBUG    Received '01202'
2024-09-20 19:29:48,136  root       handle_request DEBUG    Handling: '01202', header '7E0', ECU '7E0'
2024-09-20 19:29:48,136  root       handle_request DEBUG    Description: PIDS_B, PID ELM_PIDS_B (01202)
2024-09-20 19:29:48,137  root       handle_response DEBUG    Processing: '<header>7EA</header><size>06</size><data>41 20 80 01 A0 01</data><pos_answer>90 15 B0 15</pos_answer>'
2024-09-20 19:29:48,138  root       handle_response DEBUG    Write: '7EA 06 41 20 80 01 A0 01 \r7E8 06 41 20 90 15 B0 15 \r\r>'
2024-09-20 19:29:48,139  root       run        DEBUG    Received '01402'
2024-09-20 19:29:48,140  root       handle_request DEBUG    Handling: '01402', header '7E0', ECU '7E0'
2024-09-20 19:29:48,141  root       handle_request DEBUG    Description: PIDS_C, PID ELM_PIDS_C (01402)
2024-09-20 19:29:48,141  root       handle_response DEBUG    Processing: '<header>7EA</header><size>06</size><data>41 40 44 CC 00 21</data><pos_answer>7A 1C 80 00</pos_answer>'
2024-09-20 19:29:48,142  root       handle_response DEBUG    Write: '7EA 06 41 40 44 CC 00 21 \r7E8 06 41 40 7A 1C 80 00 \r\r>'
2024-09-20 19:29:48,144  root       run        DEBUG    Received '01011'
2024-09-20 19:29:48,144  root       handle_request DEBUG    Handling: '01011', header '7E0', ECU '7E0'
2024-09-20 19:29:48,145  root       handle_request INFO     Unknown ELM command: '01011', header=7E0
2024-09-20 19:29:48,146  root       handle_response DEBUG    Processing: '<writeln>?</writeln>'
2024-09-20 19:29:48,146  root       handle_response DEBUG    Write: '?\r\r>'
2024-09-20 19:29:48,153  root       run        DEBUG    Received '01031'
2024-09-20 19:29:48,153  root       handle_request DEBUG    Handling: '01031', header '7E0', ECU '7E0'
2024-09-20 19:29:48,154  root       handle_request DEBUG    Description: Fuel System Status, PID FUEL_STATUS (01031)
2024-09-20 19:29:48,154  root       handle_response DEBUG    Processing: '<pos_answer>00 00</pos_answer>'
2024-09-20 19:29:48,155  root       handle_response DEBUG    Write: '7E8 04 41 03 00 00 \r\r>'
2024-09-20 19:29:48,156  root       run        DEBUG    Received '01041'
2024-09-20 19:29:48,156  root       handle_request DEBUG    Handling: '01041', header '7E0', ECU '7E0'
2024-09-20 19:29:48,157  root       handle_request DEBUG    Description: Calculated Engine Load, PID ENGINE_LOAD (01041)
2024-09-20 19:29:48,157  root       handle_response DEBUG    Processing: '<pos_answer>00</pos_answer>'
2024-09-20 19:29:48,158  root       handle_response DEBUG    Write: '7E8 03 41 04 00 \r\r>'
2024-09-20 19:29:48,159  root       run        DEBUG    Received '01051'
2024-09-20 19:29:48,160  root       handle_request DEBUG    Handling: '01051', header '7E0', ECU '7E0'
2024-09-20 19:29:48,160  root       handle_request DEBUG    Description: Engine Coolant Temperature, PID COOLANT_TEMP (01051)
2024-09-20 19:29:48,161  root       handle_response DEBUG    Processing: '<pos_answer>7B</pos_answer>'
2024-09-20 19:29:48,161  root       handle_response DEBUG    Write: '7E8 03 41 05 7B \r\r>'
2024-09-20 19:29:48,163  root       run        DEBUG    Received '01061'
2024-09-20 19:29:48,164  root       handle_request DEBUG    Handling: '01061', header '7E0', ECU '7E0'
2024-09-20 19:29:48,165  root       handle_request INFO     Unknown ELM command: '01061', header=7E0
2024-09-20 19:29:48,165  root       handle_response DEBUG    Processing: '<writeln>?</writeln>'
2024-09-20 19:29:48,166  root       handle_response DEBUG    Write: '?\r\r>'
2024-09-20 19:29:48,168  root       run        DEBUG    Received '01071'
2024-09-20 19:29:48,168  root       handle_request DEBUG    Handling: '01071', header '7E0', ECU '7E0'
2024-09-20 19:29:48,170  root       handle_request INFO     Unknown ELM command: '01071', header=7E0
2024-09-20 19:29:48,170  root       handle_response DEBUG    Processing: '<writeln>?</writeln>'
2024-09-20 19:29:48,171  root       handle_response DEBUG    Write: '?\r\r>'
2024-09-20 19:29:48,172  root       run        DEBUG    Received '010B1'
2024-09-20 19:29:48,173  root       handle_request DEBUG    Handling: '010B1', header '7E0', ECU '7E0'
2024-09-20 19:29:48,173  root       handle_request DEBUG    Description: Intake Manifold Pressure, PID INTAKE_PRESSURE (010B1)
2024-09-20 19:29:48,174  root       handle_response DEBUG    Processing: '<pos_answer>73</pos_answer>'
2024-09-20 19:29:48,174  root       handle_response DEBUG    Write: '7E8 03 41 0B 73 \r\r>'
2024-09-20 19:29:48,176  root       run        DEBUG    Received '010C2'
2024-09-20 19:29:48,176  root       handle_request DEBUG    Handling: '010C2', header '7E0', ECU '7E0'
2024-09-20 19:29:48,177  root       handle_request DEBUG    Description: Engine RPM, PID RPM (010C2)
2024-09-20 19:29:48,177  root       handle_response DEBUG    Processing: '<pos_answer>0E 60</pos_answer> <header>7EA</header><size>04</size><data>41 0C 0E 60</data>'
2024-09-20 19:29:48,178  root       handle_response DEBUG    Write: '7E8 04 41 0C 0E 60 \r7EA 04 41 0C 0E 60 \r\r>'
2024-09-20 19:29:48,179  root       run        DEBUG    Received '010D2'
2024-09-20 19:29:48,180  root       handle_request DEBUG    Handling: '010D2', header '7E0', ECU '7E0'
2024-09-20 19:29:48,180  root       handle_request DEBUG    Description: Vehicle Speed, PID SPEED (010D2)
2024-09-20 19:29:48,180  root       handle_response DEBUG    Processing: '<pos_answer>10</pos_answer> <header>7EA</header><size>03</size><data>41 0D 10</data>'
2024-09-20 19:29:48,181  root       handle_response DEBUG    Write: '7E8 03 41 0D 10 \r7EA 03 41 0D 10 \r\r>'
2024-09-20 19:29:48,183  root       run        DEBUG    Received '010E1'
2024-09-20 19:29:48,183  root       handle_request DEBUG    Handling: '010E1', header '7E0', ECU '7E0'
2024-09-20 19:29:48,184  root       handle_request INFO     Unknown ELM command: '010E1', header=7E0
2024-09-20 19:29:48,185  root       handle_response DEBUG    Processing: '<writeln>?</writeln>'
2024-09-20 19:29:48,185  root       handle_response DEBUG    Write: '?\r\r>'
2024-09-20 19:29:48,187  root       run        DEBUG    Received '010F1'
2024-09-20 19:29:48,188  root       handle_request DEBUG    Handling: '010F1', header '7E0', ECU '7E0'
2024-09-20 19:29:48,189  root       handle_request DEBUG    Description: Intake Air Temp, PID INTAKE_TEMP (010F1)
2024-09-20 19:29:48,189  root       handle_response DEBUG    Processing: '<pos_answer>44</pos_answer>'
2024-09-20 19:29:48,190  root       handle_response DEBUG    Write: '7E8 03 41 0F 44 \r\r>'
2024-09-20 19:29:48,192  root       run        DEBUG    Received '01101'
2024-09-20 19:29:48,193  root       handle_request DEBUG    Handling: '01101', header '7E0', ECU '7E0'
2024-09-20 19:29:48,193  root       handle_request DEBUG    Description: Air Flow Rate (MAF), PID MAF (01101)
2024-09-20 19:29:48,194  root       handle_response DEBUG    Processing: '<pos_answer>05 1F</pos_answer>'
2024-09-20 19:29:48,195  root       handle_response DEBUG    Write: '7E8 04 41 10 05 1F \r\r>'
2024-09-20 19:29:48,196  root       run        DEBUG    Received '01111'
2024-09-20 19:29:48,197  root       handle_request DEBUG    Handling: '01111', header '7E0', ECU '7E0'
2024-09-20 19:29:48,197  root       handle_request DEBUG    Description: Throttle Position, PID THROTTLE_POS (01111)
2024-09-20 19:29:48,197  root       handle_response DEBUG    Processing: '<pos_answer>FF</pos_answer>'
2024-09-20 19:29:48,198  root       handle_response DEBUG    Write: '7E8 03 41 11 FF \r\r>'
2024-09-20 19:29:48,199  root       run        DEBUG    Received '01131'
2024-09-20 19:29:48,199  root       handle_request DEBUG    Handling: '01131', header '7E0', ECU '7E0'
2024-09-20 19:29:48,200  root       handle_request INFO     Unknown ELM command: '01131', header=7E0
2024-09-20 19:29:48,200  root       handle_response DEBUG    Processing: '<writeln>?</writeln>'
2024-09-20 19:29:48,200  root       handle_response DEBUG    Write: '?\r\r>'
2024-09-20 19:29:48,201  root       run        DEBUG    Received '01151'
2024-09-20 19:29:48,201  root       handle_request DEBUG    Handling: '01151', header '7E0', ECU '7E0'
2024-09-20 19:29:48,202  root       handle_request INFO     Unknown ELM command: '01151', header=7E0
2024-09-20 19:29:48,202  root       handle_response DEBUG    Processing: '<writeln>?</writeln>'
2024-09-20 19:29:48,202  root       handle_response DEBUG    Write: '?\r\r>'
2024-09-20 19:29:48,203  root       run        DEBUG    Received '011C1'
2024-09-20 19:29:48,203  root       handle_request DEBUG    Handling: '011C1', header '7E0', ECU '7E0'
2024-09-20 19:29:48,203  root       handle_request DEBUG    Description: OBD Standards Compliance, PID OBD_COMPLIANCE (011C1)
2024-09-20 19:29:48,204  root       handle_response DEBUG    Processing: '<pos_answer>06</pos_answer>'
2024-09-20 19:29:48,204  root       handle_response DEBUG    Write: '7E8 03 41 1C 06 \r\r>'
2024-09-20 19:29:48,205  root       run        DEBUG    Received '011F1'
2024-09-20 19:29:48,205  root       handle_request DEBUG    Handling: '011F1', header '7E0', ECU '7E0'
2024-09-20 19:29:48,205  root       handle_request DEBUG    Description: Engine Run Time, PID RUN_TIME (011F1)
2024-09-20 19:29:48,205  root       handle_response DEBUG    Processing: '<pos_answer>00 8C</pos_answer>'
2024-09-20 19:29:48,206  root       handle_response DEBUG    Write: '7E8 04 41 1F 00 8C \r\r>'
2024-09-20 19:29:48,206  root       run        DEBUG    Received '01211'
2024-09-20 19:29:48,207  root       handle_request DEBUG    Handling: '01211', header '7E0', ECU '7E0'
2024-09-20 19:29:48,207  root       handle_request DEBUG    Description: Distance Traveled with MIL on, PID DISTANCE_W_MIL (01211)
2024-09-20 19:29:48,207  root       handle_response DEBUG    Processing: '<pos_answer>00 00</pos_answer>'
2024-09-20 19:29:48,207  root       handle_response DEBUG    Write: '7E8 04 41 21 00 00 \r\r>'
2024-09-20 19:29:48,208  root       run        DEBUG    Received '01241'
2024-09-20 19:29:48,208  root       handle_request DEBUG    Handling: '01241', header '7E0', ECU '7E0'
2024-09-20 19:29:48,209  root       handle_request INFO     Unknown ELM command: '01241', header=7E0
2024-09-20 19:29:48,209  root       handle_response DEBUG    Processing: '<writeln>?</writeln>'
2024-09-20 19:29:48,209  root       handle_response DEBUG    Write: '?\r\r>'
2024-09-20 19:29:48,210  root       run        DEBUG    Received '012C1'
2024-09-20 19:29:48,210  root       handle_request DEBUG    Handling: '012C1', header '7E0', ECU '7E0'
2024-09-20 19:29:48,210  root       handle_request DEBUG    Description: Commanded EGR, PID COMMANDED_EGR (012C1)
2024-09-20 19:29:48,210  root       handle_response DEBUG    Processing: '<pos_answer>0D</pos_answer>'
2024-09-20 19:29:48,210  root       handle_response DEBUG    Write: '7E8 03 41 2C 0D \r\r>'
2024-09-20 19:29:48,211  root       run        DEBUG    Received '012E1'
2024-09-20 19:29:48,211  root       handle_request DEBUG    Handling: '012E1', header '7E0', ECU '7E0'
2024-09-20 19:29:48,212  root       handle_request INFO     Unknown ELM command: '012E1', header=7E0
2024-09-20 19:29:48,212  root       handle_response DEBUG    Processing: '<writeln>?</writeln>'
2024-09-20 19:29:48,212  root       handle_response DEBUG    Write: '?\r\r>'
2024-09-20 19:29:48,213  root       run        DEBUG    Received '01301'
2024-09-20 19:29:48,213  root       handle_request DEBUG    Handling: '01301', header '7E0', ECU '7E0'
2024-09-20 19:29:48,213  root       handle_request INFO     Unknown ELM command: '01301', header=7E0
2024-09-20 19:29:48,213  root       handle_response DEBUG    Processing: '<writeln>?</writeln>'
2024-09-20 19:29:48,213  root       handle_response DEBUG    Write: '?\r\r>'
2024-09-20 19:29:48,214  root       run        DEBUG    Received '01311'
2024-09-20 19:29:48,214  root       handle_request DEBUG    Handling: '01311', header '7E0', ECU '7E0'
2024-09-20 19:29:48,214  root       handle_request DEBUG    Description: Distance traveled since codes cleared, PID DISTANCE_SINCE_DTC_CLEAR (01311)
2024-09-20 19:29:48,214  root       handle_response DEBUG    Processing: '<pos_answer>C8 1F</pos_answer>'
2024-09-20 19:29:48,215  root       handle_response DEBUG    Write: '7E8 04 41 31 C8 1F \r\r>'
2024-09-20 19:29:48,215  root       run        DEBUG    Received '01331'
2024-09-20 19:29:48,215  root       handle_request DEBUG    Handling: '01331', header '7E0', ECU '7E0'
2024-09-20 19:29:48,215  root       handle_request DEBUG    Description: Barometric Pressure, PID BAROMETRIC_PRESSURE (01331)
2024-09-20 19:29:48,215  root       handle_response DEBUG    Processing: '<pos_answer>65</pos_answer>'
2024-09-20 19:29:48,216  root       handle_response DEBUG    Write: '7E8 03 41 33 65 \r\r>'
2024-09-20 19:29:48,216  root       run        DEBUG    Received '01341'
2024-09-20 19:29:48,216  root       handle_request DEBUG    Handling: '01341', header '7E0', ECU '7E0'
2024-09-20 19:29:48,217  root       handle_request INFO     Unknown ELM command: '01341', header=7E0
2024-09-20 19:29:48,217  root       handle_response DEBUG    Processing: '<writeln>?</writeln>'
2024-09-20 19:29:48,217  root       handle_response DEBUG    Write: '?\r\r>'
2024-09-20 19:29:48,217  root       run        DEBUG    Received '013C1'
2024-09-20 19:29:48,218  root       handle_request DEBUG    Handling: '013C1', header '7E0', ECU '7E0'
2024-09-20 19:29:48,218  root       handle_request DEBUG    Description: Catalyst Temperature: Bank 1 - Sensor 1, PID CATALYST_TEMP_B1S1 (013C1)
2024-09-20 19:29:48,218  root       handle_response DEBUG    Processing: '<pos_answer>04 44</pos_answer>'
2024-09-20 19:29:48,218  root       handle_response DEBUG    Write: '7E8 04 41 3C 04 44 \r\r>'
2024-09-20 19:29:48,218  root       run        DEBUG    Received '013E1'
2024-09-20 19:29:48,219  root       handle_request DEBUG    Handling: '013E1', header '7E0', ECU '7E0'
2024-09-20 19:29:48,219  root       handle_request INFO     Unknown ELM command: '013E1', header=7E0
2024-09-20 19:29:48,219  root       handle_response DEBUG    Processing: '<writeln>?</writeln>'
2024-09-20 19:29:48,219  root       handle_response DEBUG    Write: '?\r\r>'
2024-09-20 19:29:48,220  root       run        DEBUG    Received '01421'
2024-09-20 19:29:48,220  root       handle_request DEBUG    Handling: '01421', header '7E0', ECU '7E0'
2024-09-20 19:29:48,220  root       handle_request DEBUG    Description: Control module voltage, PID CONTROL_MODULE_VOLTAGE (01421)
2024-09-20 19:29:48,220  root       handle_response DEBUG    Processing: '<pos_answer>39 D6</pos_answer>'
2024-09-20 19:29:48,220  root       handle_response DEBUG    Write: '7E8 04 41 42 39 D6 \r\r>'
2024-09-20 19:29:48,221  root       run        DEBUG    Received '01431'
2024-09-20 19:29:48,221  root       handle_request DEBUG    Handling: '01431', header '7E0', ECU '7E0'
2024-09-20 19:29:48,221  root       handle_request INFO     Unknown ELM command: '01431', header=7E0
2024-09-20 19:29:48,221  root       handle_response DEBUG    Processing: '<writeln>?</writeln>'
2024-09-20 19:29:48,221  root       handle_response DEBUG    Write: '?\r\r>'
2024-09-20 19:29:48,222  root       run        DEBUG    Received '01441'
2024-09-20 19:29:48,222  root       handle_request DEBUG    Handling: '01441', header '7E0', ECU '7E0'
2024-09-20 19:29:48,222  root       handle_request INFO     Unknown ELM command: '01441', header=7E0
2024-09-20 19:29:48,222  root       handle_response DEBUG    Processing: '<writeln>?</writeln>'
2024-09-20 19:29:48,222  root       handle_response DEBUG    Write: '?\r\r>'
2024-09-20 19:29:48,223  root       run        DEBUG    Received '01451'
2024-09-20 19:29:48,223  root       handle_request DEBUG    Handling: '01451', header '7E0', ECU '7E0'
2024-09-20 19:29:48,223  root       handle_request INFO     Unknown ELM command: '01451', header=7E0
2024-09-20 19:29:48,223  root       handle_response DEBUG    Processing: '<writeln>?</writeln>'
2024-09-20 19:29:48,223  root       handle_response DEBUG    Write: '?\r\r>'
2024-09-20 19:29:48,224  root       run        DEBUG    Received '01471'
2024-09-20 19:29:48,224  root       handle_request DEBUG    Handling: '01471', header '7E0', ECU '7E0'
2024-09-20 19:29:48,224  root       handle_request INFO     Unknown ELM command: '01471', header=7E0
2024-09-20 19:29:48,224  root       handle_response DEBUG    Processing: '<writeln>?</writeln>'
2024-09-20 19:29:48,224  root       handle_response DEBUG    Write: '?\r\r>'
2024-09-20 19:29:48,225  root       run        DEBUG    Received '014C1'
2024-09-20 19:29:48,225  root       handle_request DEBUG    Handling: '014C1', header '7E0', ECU '7E0'
2024-09-20 19:29:48,225  root       handle_request DEBUG    Description: Commanded throttle actuator, PID THROTTLE_ACTUATOR (014C1)
2024-09-20 19:29:48,225  root       handle_response DEBUG    Processing: '<pos_answer>00</pos_answer>'
2024-09-20 19:29:48,225  root       handle_response DEBUG    Write: '7E8 03 41 4C 00 \r\r>'
2024-09-20 19:29:48,225  root       run        DEBUG    Received '014D1'
2024-09-20 19:29:48,225  root       handle_request DEBUG    Handling: '014D1', header '7E0', ECU '7E0'
2024-09-20 19:29:48,226  root       handle_request DEBUG    Description: Time run with MIL on, PID RUN_TIME_MIL (014D1)
2024-09-20 19:29:48,226  root       handle_response DEBUG    Processing: '<pos_answer>00 00</pos_answer>'
2024-09-20 19:29:48,226  root       handle_response DEBUG    Write: '7E8 04 41 4D 00 00 \r\r>'
2024-09-20 19:29:48,226  root       run        DEBUG    Received '014E1'
2024-09-20 19:29:48,226  root       handle_request DEBUG    Handling: '014E1', header '7E0', ECU '7E0'
2024-09-20 19:29:48,227  root       handle_request DEBUG    Description: Time since trouble codes cleared, PID TIME_SINCE_DTC_CLEARED (014E1)
2024-09-20 19:29:48,227  root       handle_response DEBUG    Processing: '<pos_answer>4C 69</pos_answer>'
2024-09-20 19:29:48,227  root       handle_response DEBUG    Write: '7E8 04 41 4E 4C 69 \r\r>'
2024-09-20 19:29:48,227  root       run        DEBUG    Received '01511'
2024-09-20 19:29:48,227  root       handle_request DEBUG    Handling: '01511', header '7E0', ECU '7E0'
2024-09-20 19:29:48,227  root       handle_request DEBUG    Description: Fuel Type, PID FUEL_TYPE (01511)
2024-09-20 19:29:48,228  root       handle_response DEBUG    Processing: '<pos_answer>01</pos_answer>'
2024-09-20 19:29:48,228  root       handle_response DEBUG    Write: '7E8 03 41 51 01 \r\r>'
2024-09-20 19:29:48,479  root       run        DEBUG    Received '01002'
2024-09-20 19:29:48,479  root       handle_request DEBUG    Handling: '01002', header '7E0', ECU '7E0'
2024-09-20 19:29:48,480  root       handle_request DEBUG    Description: PIDS_A, PID ELM_PIDS_A (01002)
2024-09-20 19:29:48,481  root       handle_response DEBUG    Processing: '<header>7EA</header><size>06</size><data>41 00 98 3A 80 13</data><pos_answer>BE 3F A8 13</pos_answer>'
2024-09-20 19:29:48,481  root       handle_response DEBUG    Write: '7EA 06 41 00 98 3A 80 13 \r7E8 06 41 00 BE 3F A8 13 \r\r>'
2024-09-20 19:29:48,483  root       run        DEBUG    Received '01202'
2024-09-20 19:29:48,483  root       handle_request DEBUG    Handling: '01202', header '7E0', ECU '7E0'
2024-09-20 19:29:48,484  root       handle_request DEBUG    Description: PIDS_B, PID ELM_PIDS_B (01202)
2024-09-20 19:29:48,484  root       handle_response DEBUG    Processing: '<header>7EA</header><size>06</size><data>41 20 80 01 A0 01</data><pos_answer>90 15 B0 15</pos_answer>'
2024-09-20 19:29:48,485  root       handle_response DEBUG    Write: '7EA 06 41 20 80 01 A0 01 \r7E8 06 41 20 90 15 B0 15 \r\r>'
2024-09-20 19:29:48,486  root       run        DEBUG    Received '01402'
2024-09-20 19:29:48,487  root       handle_request DEBUG    Handling: '01402', header '7E0', ECU '7E0'
2024-09-20 19:29:48,487  root       handle_request DEBUG    Description: PIDS_C, PID ELM_PIDS_C (01402)
2024-09-20 19:29:48,488  root       handle_response DEBUG    Processing: '<header>7EA</header><size>06</size><data>41 40 44 CC 00 21</data><pos_answer>7A 1C 80 00</pos_answer>'
2024-09-20 19:29:48,489  root       handle_response DEBUG    Write: '7EA 06 41 40 44 CC 00 21 \r7E8 06 41 40 7A 1C 80 00 \r\r>'
2024-09-20 19:29:48,490  root       run        DEBUG    Received '01011'
2024-09-20 19:29:48,490  root       handle_request DEBUG    Handling: '01011', header '7E0', ECU '7E0'
2024-09-20 19:29:48,492  root       handle_request INFO     Unknown ELM command: '01011', header=7E0
2024-09-20 19:29:48,492  root       handle_response DEBUG    Processing: '<writeln>?</writeln>'
2024-09-20 19:29:48,492  root       handle_response DEBUG    Write: '?\r\r>'
2024-09-20 19:29:48,499  root       run        DEBUG    Received '01031'
2024-09-20 19:29:48,499  root       handle_request DEBUG    Handling: '01031', header '7E0', ECU '7E0'
2024-09-20 19:29:48,500  root       handle_request DEBUG    Description: Fuel System Status, PID FUEL_STATUS (01031)
2024-09-20 19:29:48,500  root       handle_response DEBUG    Processing: '<pos_answer>00 00</pos_answer>'
2024-09-20 19:29:48,501  root       handle_response DEBUG    Write: '7E8 04 41 03 00 00 \r\r>'
2024-09-20 19:29:48,502  root       run        DEBUG    Received '01041'
2024-09-20 19:29:48,503  root       handle_request DEBUG    Handling: '01041', header '7E0', ECU '7E0'
2024-09-20 19:29:48,503  root       handle_request DEBUG    Description: Calculated Engine Load, PID ENGINE_LOAD (01041)
2024-09-20 19:29:48,504  root       handle_response DEBUG    Processing: '<pos_answer>00</pos_answer>'
2024-09-20 19:29:48,504  root       handle_response DEBUG    Write: '7E8 03 41 04 00 \r\r>'
2024-09-20 19:29:48,506  root       run        DEBUG    Received '01051'
2024-09-20 19:29:48,507  root       handle_request DEBUG    Handling: '01051', header '7E0', ECU '7E0'
2024-09-20 19:29:48,507  root       handle_request DEBUG    Description: Engine Coolant Temperature, PID COOLANT_TEMP (01051)
2024-09-20 19:29:48,508  root       handle_response DEBUG    Processing: '<pos_answer>7B</pos_answer>'
2024-09-20 19:29:48,508  root       handle_response DEBUG    Write: '7E8 03 41 05 7B \r\r>'
2024-09-20 19:29:48,510  root       run        DEBUG    Received '01061'
2024-09-20 19:29:48,511  root       handle_request DEBUG    Handling: '01061', header '7E0', ECU '7E0'
2024-09-20 19:29:48,513  root       handle_request INFO     Unknown ELM command: '01061', header=7E0
2024-09-20 19:29:48,514  root       handle_response DEBUG    Processing: '<writeln>?</writeln>'
2024-09-20 19:29:48,514  root       handle_response DEBUG    Write: '?\r\r>'
2024-09-20 19:29:48,516  root       run        DEBUG    Received '01071'
2024-09-20 19:29:48,516  root       handle_request DEBUG    Handling: '01071', header '7E0', ECU '7E0'
2024-09-20 19:29:48,518  root       handle_request INFO     Unknown ELM command: '01071', header=7E0
2024-09-20 19:29:48,519  root       handle_response DEBUG    Processing: '<writeln>?</writeln>'
2024-09-20 19:29:48,519  root       handle_response DEBUG    Write: '?\r\r>'
2024-09-20 19:29:48,520  root       run        DEBUG    Received '010B1'
2024-09-20 19:29:48,521  root       handle_request DEBUG    Handling: '010B1', header '7E0', ECU '7E0'
2024-09-20 19:29:48,521  root       handle_request DEBUG    Description: Intake Manifold Pressure, PID INTAKE_PRESSURE (010B1)
2024-09-20 19:29:48,521  root       handle_response DEBUG    Processing: '<pos_answer>73</pos_answer>'
2024-09-20 19:29:48,522  root       handle_response DEBUG    Write: '7E8 03 41 0B 73 \r\r>'
2024-09-20 19:29:48,523  root       run        DEBUG    Received '010C2'
2024-09-20 19:29:48,523  root       handle_request DEBUG    Handling: '010C2', header '7E0', ECU '7E0'
2024-09-20 19:29:48,523  root       handle_request DEBUG    Description: Engine RPM, PID RPM (010C2)
2024-09-20 19:29:48,524  root       handle_response DEBUG    Processing: '<pos_answer>0E B0</pos_answer> <header>7EA</header><size>04</size><data>41 0C 0E B0</data>'
2024-09-20 19:29:48,524  root       handle_response DEBUG    Write: '7E8 04 41 0C 0E B0 \r7EA 04 41 0C 0E B0 \r\r>'
2024-09-20 19:29:48,525  root       run        DEBUG    Received '010D2'
2024-09-20 19:29:48,525  root       handle_request DEBUG    Handling: '010D2', header '7E0', ECU '7E0'
2024-09-20 19:29:48,525  root       handle_request DEBUG    Description: Vehicle Speed, PID SPEED (010D2)
2024-09-20 19:29:48,525  root       handle_response DEBUG    Processing: '<pos_answer>0C</pos_answer> <header>7EA</header><size>03</size><data>41 0D 0C</data>'
2024-09-20 19:29:48,525  root       handle_response DEBUG    Write: '7E8 03 41 0D 0C \r7EA 03 41 0D 0C \r\r>'
2024-09-20 19:29:48,526  root       run        DEBUG    Received '010E1'
2024-09-20 19:29:48,526  root       handle_request DEBUG    Handling: '010E1', header '7E0', ECU '7E0'
2024-09-20 19:29:48,527  root       handle_request INFO     Unknown ELM command: '010E1', header=7E0
2024-09-20 19:29:48,527  root       handle_response DEBUG    Processing: '<writeln>?</writeln>'
2024-09-20 19:29:48,527  root       handle_response DEBUG    Write: '?\r\r>'
2024-09-20 19:29:48,528  root       run        DEBUG    Received '010F1'
2024-09-20 19:29:48,528  root       handle_request DEBUG    Handling: '010F1', header '7E0', ECU '7E0'
2024-09-20 19:29:48,528  root       handle_request DEBUG    Description: Intake Air Temp, PID INTAKE_TEMP (010F1)
2024-09-20 19:29:48,528  root       handle_response DEBUG    Processing: '<pos_answer>44</pos_answer>'
2024-09-20 19:29:48,529  root       handle_response DEBUG    Write: '7E8 03 41 0F 44 \r\r>'
2024-09-20 19:29:48,530  root       run        DEBUG    Received '01101'
2024-09-20 19:29:48,530  root       handle_request DEBUG    Handling: '01101', header '7E0', ECU '7E0'
2024-09-20 19:29:48,530  root       handle_request DEBUG    Description: Air Flow Rate (MAF), PID MAF (01101)
2024-09-20 19:29:48,530  root       handle_response DEBUG    Processing: '<pos_answer>05 1F</pos_answer>'
2024-09-20 19:29:48,530  root       handle_response DEBUG    Write: '7E8 04 41 10 05 1F \r\r>'
2024-09-20 19:29:48,531  root       run        DEBUG    Received '01111'
2024-09-20 19:29:48,531  root       handle_request DEBUG    Handling: '01111', header '7E0', ECU '7E0'
2024-09-20 19:29:48,531  root       handle_request DEBUG    Description: Throttle Position, PID THROTTLE_POS (01111)
2024-09-20 19:29:48,531  root       handle_response DEBUG    Processing: '<pos_answer>FF</pos_answer>'
2024-09-20 19:29:48,532  root       handle_response DEBUG    Write: '7E8 03 41 11 FF \r\r>'
2024-09-20 19:29:48,533  root       run        DEBUG    Received '01131'
2024-09-20 19:29:48,533  root       handle_request DEBUG    Handling: '01131', header '7E0', ECU '7E0'
2024-09-20 19:29:48,533  root       handle_request INFO     Unknown ELM command: '01131', header=7E0
2024-09-20 19:29:48,533  root       handle_response DEBUG    Processing: '<writeln>?</writeln>'
2024-09-20 19:29:48,534  root       handle_response DEBUG    Write: '?\r\r>'
2024-09-20 19:29:48,534  root       run        DEBUG    Received '01151'
2024-09-20 19:29:48,534  root       handle_request DEBUG    Handling: '01151', header '7E0', ECU '7E0'
2024-09-20 19:29:48,535  root       handle_request INFO     Unknown ELM command: '01151', header=7E0
2024-09-20 19:29:48,535  root       handle_response DEBUG    Processing: '<writeln>?</writeln>'
2024-09-20 19:29:48,535  root       handle_response DEBUG    Write: '?\r\r>'
2024-09-20 19:29:48,535  root       run        DEBUG    Received '011C1'
2024-09-20 19:29:48,535  root       handle_request DEBUG    Handling: '011C1', header '7E0', ECU '7E0'
2024-09-20 19:29:48,535  root       handle_request DEBUG    Description: OBD Standards Compliance, PID OBD_COMPLIANCE (011C1)
2024-09-20 19:29:48,536  root       handle_response DEBUG    Processing: '<pos_answer>06</pos_answer>'
2024-09-20 19:29:48,536  root       handle_response DEBUG    Write: '7E8 03 41 1C 06 \r\r>'
2024-09-20 19:29:48,536  root       run        DEBUG    Received '011F1'
2024-09-20 19:29:48,536  root       handle_request DEBUG    Handling: '011F1', header '7E0', ECU '7E0'
2024-09-20 19:29:48,537  root       handle_request DEBUG    Description: Engine Run Time, PID RUN_TIME (011F1)
2024-09-20 19:29:48,537  root       handle_response DEBUG    Processing: '<pos_answer>00 8C</pos_answer>'
2024-09-20 19:29:48,537  root       handle_response DEBUG    Write: '7E8 04 41 1F 00 8C \r\r>'
2024-09-20 19:29:48,537  root       run        DEBUG    Received '01211'
2024-09-20 19:29:48,537  root       handle_request DEBUG    Handling: '01211', header '7E0', ECU '7E0'
2024-09-20 19:29:48,538  root       handle_request DEBUG    Description: Distance Traveled with MIL on, PID DISTANCE_W_MIL (01211)
2024-09-20 19:29:48,538  root       handle_response DEBUG    Processing: '<pos_answer>00 00</pos_answer>'
2024-09-20 19:29:48,538  root       handle_response DEBUG    Write: '7E8 04 41 21 00 00 \r\r>'
2024-09-20 19:29:48,539  root       run        DEBUG    Received '01241'
2024-09-20 19:29:48,539  root       handle_request DEBUG    Handling: '01241', header '7E0', ECU '7E0'
2024-09-20 19:29:48,539  root       handle_request INFO     Unknown ELM command: '01241', header=7E0
2024-09-20 19:29:48,539  root       handle_response DEBUG    Processing: '<writeln>?</writeln>'
2024-09-20 19:29:48,539  root       handle_response DEBUG    Write: '?\r\r>'
2024-09-20 19:29:48,540  root       run        DEBUG    Received '012C1'
2024-09-20 19:29:48,540  root       handle_request DEBUG    Handling: '012C1', header '7E0', ECU '7E0'
2024-09-20 19:29:48,540  root       handle_request DEBUG    Description: Commanded EGR, PID COMMANDED_EGR (012C1)
2024-09-20 19:29:48,540  root       handle_response DEBUG    Processing: '<pos_answer>0D</pos_answer>'
2024-09-20 19:29:48,540  root       handle_response DEBUG    Write: '7E8 03 41 2C 0D \r\r>'
2024-09-20 19:29:48,541  root       run        DEBUG    Received '012E1'
2024-09-20 19:29:48,541  root       handle_request DEBUG    Handling: '012E1', header '7E0', ECU '7E0'
2024-09-20 19:29:48,541  root       handle_request INFO     Unknown ELM command: '012E1', header=7E0
2024-09-20 19:29:48,541  root       handle_response DEBUG    Processing: '<writeln>?</writeln>'
2024-09-20 19:29:48,542  root       handle_response DEBUG    Write: '?\r\r>'
2024-09-20 19:29:48,542  root       run        DEBUG    Received '01301'
2024-09-20 19:29:48,542  root       handle_request DEBUG    Handling: '01301', header '7E0', ECU '7E0'
2024-09-20 19:29:48,542  root       handle_request INFO     Unknown ELM command: '01301', header=7E0
2024-09-20 19:29:48,542  root       handle_response DEBUG    Processing: '<writeln>?</writeln>'
2024-09-20 19:29:48,543  root       handle_response DEBUG    Write: '?\r\r>'
2024-09-20 19:29:48,543  root       run        DEBUG    Received '01311'
2024-09-20 19:29:48,543  root       handle_request DEBUG    Handling: '01311', header '7E0', ECU '7E0'
2024-09-20 19:29:48,543  root       handle_request DEBUG    Description: Distance traveled since codes cleared, PID DISTANCE_SINCE_DTC_CLEAR (01311)
2024-09-20 19:29:48,543  root       handle_response DEBUG    Processing: '<pos_answer>C8 1F</pos_answer>'
2024-09-20 19:29:48,543  root       handle_response DEBUG    Write: '7E8 04 41 31 C8 1F \r\r>'
2024-09-20 19:29:48,544  root       run        DEBUG    Received '01331'
2024-09-20 19:29:48,544  root       handle_request DEBUG    Handling: '01331', header '7E0', ECU '7E0'
2024-09-20 19:29:48,544  root       handle_request DEBUG    Description: Barometric Pressure, PID BAROMETRIC_PRESSURE (01331)
2024-09-20 19:29:48,544  root       handle_response DEBUG    Processing: '<pos_answer>65</pos_answer>'
2024-09-20 19:29:48,544  root       handle_response DEBUG    Write: '7E8 03 41 33 65 \r\r>'
2024-09-20 19:29:48,545  root       run        DEBUG    Received '01341'
2024-09-20 19:29:48,545  root       handle_request DEBUG    Handling: '01341', header '7E0', ECU '7E0'
2024-09-20 19:29:48,545  root       handle_request INFO     Unknown ELM command: '01341', header=7E0
2024-09-20 19:29:48,545  root       handle_response DEBUG    Processing: '<writeln>?</writeln>'
2024-09-20 19:29:48,545  root       handle_response DEBUG    Write: '?\r\r>'
2024-09-20 19:29:48,546  root       run        DEBUG    Received '013C1'
2024-09-20 19:29:48,546  root       handle_request DEBUG    Handling: '013C1', header '7E0', ECU '7E0'
2024-09-20 19:29:48,546  root       handle_request DEBUG    Description: Catalyst Temperature: Bank 1 - Sensor 1, PID CATALYST_TEMP_B1S1 (013C1)
2024-09-20 19:29:48,546  root       handle_response DEBUG    Processing: '<pos_answer>04 44</pos_answer>'
2024-09-20 19:29:48,546  root       handle_response DEBUG    Write: '7E8 04 41 3C 04 44 \r\r>'
2024-09-20 19:29:48,546  root       run        DEBUG    Received '013E1'
2024-09-20 19:29:48,546  root       handle_request DEBUG    Handling: '013E1', header '7E0', ECU '7E0'
2024-09-20 19:29:48,547  root       handle_request INFO     Unknown ELM command: '013E1', header=7E0
2024-09-20 19:29:48,547  root       handle_response DEBUG    Processing: '<writeln>?</writeln>'
2024-09-20 19:29:48,547  root       handle_response DEBUG    Write: '?\r\r>'
2024-09-20 19:29:48,547  root       run        DEBUG    Received '01421'
2024-09-20 19:29:48,547  root       handle_request DEBUG    Handling: '01421', header '7E0', ECU '7E0'
2024-09-20 19:29:48,547  root       handle_request DEBUG    Description: Control module voltage, PID CONTROL_MODULE_VOLTAGE (01421)
2024-09-20 19:29:48,547  root       handle_response DEBUG    Processing: '<pos_answer>39 D6</pos_answer>'
2024-09-20 19:29:48,548  root       handle_response DEBUG    Write: '7E8 04 41 42 39 D6 \r\r>'
2024-09-20 19:29:48,548  root       run        DEBUG    Received '01431'
2024-09-20 19:29:48,548  root       handle_request DEBUG    Handling: '01431', header '7E0', ECU '7E0'
2024-09-20 19:29:48,548  root       handle_request INFO     Unknown ELM command: '01431', header=7E0
2024-09-20 19:29:48,548  root       handle_response DEBUG    Processing: '<writeln>?</writeln>'
2024-09-20 19:29:48,548  root       handle_response DEBUG    Write: '?\r\r>'
2024-09-20 19:29:48,549  root       run        DEBUG    Received '01441'
2024-09-20 19:29:48,549  root       handle_request DEBUG    Handling: '01441', header '7E0', ECU '7E0'
2024-09-20 19:29:48,549  root       handle_request INFO     Unknown ELM command: '01441', header=7E0
2024-09-20 19:29:48,549  root       handle_response DEBUG    Processing: '<writeln>?</writeln>'
2024-09-20 19:29:48,549  root       handle_response DEBUG    Write: '?\r\r>'
2024-09-20 19:29:48,549  root       run        DEBUG    Received '01451'
2024-09-20 19:29:48,550  root       handle_request DEBUG    Handling: '01451', header '7E0', ECU '7E0'
2024-09-20 19:29:48,550  root       handle_request INFO     Unknown ELM command: '01451', header=7E0
2024-09-20 19:29:48,550  root       handle_response DEBUG    Processing: '<writeln>?</writeln>'
2024-09-20 19:29:48,550  root       handle_response DEBUG    Write: '?\r\r>'
2024-09-20 19:29:48,550  root       run        DEBUG    Received '01471'
2024-09-20 19:29:48,550  root       handle_request DEBUG    Handling: '01471', header '7E0', ECU '7E0'
2024-09-20 19:29:48,551  root       handle_request INFO     Unknown ELM command: '01471', header=7E0
2024-09-20 19:29:48,551  root       handle_response DEBUG    Processing: '<writeln>?</writeln>'
2024-09-20 19:29:48,551  root       handle_response DEBUG    Write: '?\r\r>'
2024-09-20 19:29:48,551  root       run        DEBUG    Received '014C1'
2024-09-20 19:29:48,551  root       handle_request DEBUG    Handling: '014C1', header '7E0', ECU '7E0'
2024-09-20 19:29:48,551  root       handle_request DEBUG    Description: Commanded throttle actuator, PID THROTTLE_ACTUATOR (014C1)
2024-09-20 19:29:48,551  root       handle_response DEBUG    Processing: '<pos_answer>00</pos_answer>'
2024-09-20 19:29:48,552  root       handle_response DEBUG    Write: '7E8 03 41 4C 00 \r\r>'
2024-09-20 19:29:48,552  root       run        DEBUG    Received '014D1'
2024-09-20 19:29:48,552  root       handle_request DEBUG    Handling: '014D1', header '7E0', ECU '7E0'
2024-09-20 19:29:48,552  root       handle_request DEBUG    Description: Time run with MIL on, PID RUN_TIME_MIL (014D1)
2024-09-20 19:29:48,552  root       handle_response DEBUG    Processing: '<pos_answer>00 00</pos_answer>'
2024-09-20 19:29:48,552  root       handle_response DEBUG    Write: '7E8 04 41 4D 00 00 \r\r>'
2024-09-20 19:29:48,553  root       run        DEBUG    Received '014E1'
2024-09-20 19:29:48,553  root       handle_request DEBUG    Handling: '014E1', header '7E0', ECU '7E0'
2024-09-20 19:29:48,553  root       handle_request DEBUG    Description: Time since trouble codes cleared, PID TIME_SINCE_DTC_CLEARED (014E1)
2024-09-20 19:29:48,553  root       handle_response DEBUG    Processing: '<pos_answer>4C 69</pos_answer>'
2024-09-20 19:29:48,553  root       handle_response DEBUG    Write: '7E8 04 41 4E 4C 69 \r\r>'
2024-09-20 19:29:48,554  root       run        DEBUG    Received '01511'
2024-09-20 19:29:48,554  root       handle_request DEBUG    Handling: '01511', header '7E0', ECU '7E0'
2024-09-20 19:29:48,554  root       handle_request DEBUG    Description: Fuel Type, PID FUEL_TYPE (01511)
2024-09-20 19:29:48,554  root       handle_response DEBUG    Processing: '<pos_answer>01</pos_answer>'
2024-09-20 19:29:48,555  root       handle_response DEBUG    Write: '7E8 03 41 51 01 \r\r>'
2024-09-20 19:29:48,806  root       run        DEBUG    Received '01002'
2024-09-20 19:29:48,806  root       handle_request DEBUG    Handling: '01002', header '7E0', ECU '7E0'
2024-09-20 19:29:48,807  root       handle_request DEBUG    Description: PIDS_A, PID ELM_PIDS_A (01002)
2024-09-20 19:29:48,807  root       handle_response DEBUG    Processing: '<header>7EA</header><size>06</size><data>41 00 98 3A 80 13</data><pos_answer>BE 3F A8 13</pos_answer>'
2024-09-20 19:29:48,808  root       handle_response DEBUG    Write: '7EA 06 41 00 98 3A 80 13 \r7E8 06 41 00 BE 3F A8 13 \r\r>'
2024-09-20 19:29:48,809  root       run        DEBUG    Received '01202'
2024-09-20 19:29:48,809  root       handle_request DEBUG    Handling: '01202', header '7E0', ECU '7E0'
2024-09-20 19:29:48,810  root       handle_request DEBUG    Description: PIDS_B, PID ELM_PIDS_B (01202)
2024-09-20 19:29:48,810  root       handle_response DEBUG    Processing: '<header>7EA</header><size>06</size><data>41 20 80 01 A0 01</data><pos_answer>90 15 B0 15</pos_answer>'
2024-09-20 19:29:48,811  root       handle_response DEBUG    Write: '7EA 06 41 20 80 01 A0 01 \r7E8 06 41 20 90 15 B0 15 \r\r>'
2024-09-20 19:29:48,813  root       run        DEBUG    Received '01402'
2024-09-20 19:29:48,813  root       handle_request DEBUG    Handling: '01402', header '7E0', ECU '7E0'
2024-09-20 19:29:48,814  root       handle_request DEBUG    Description: PIDS_C, PID ELM_PIDS_C (01402)
2024-09-20 19:29:48,814  root       handle_response DEBUG    Processing: '<header>7EA</header><size>06</size><data>41 40 44 CC 00 21</data><pos_answer>7A 1C 80 00</pos_answer>'
2024-09-20 19:29:48,815  root       handle_response DEBUG    Write: '7EA 06 41 40 44 CC 00 21 \r7E8 06 41 40 7A 1C 80 00 \r\r>'
2024-09-20 19:29:48,816  root       run        DEBUG    Received '01011'
2024-09-20 19:29:48,816  root       handle_request DEBUG    Handling: '01011', header '7E0', ECU '7E0'
2024-09-20 19:29:48,818  root       handle_request INFO     Unknown ELM command: '01011', header=7E0
2024-09-20 19:29:48,818  root       handle_response DEBUG    Processing: '<writeln>?</writeln>'
2024-09-20 19:29:48,818  root       handle_response DEBUG    Write: '?\r\r>'
2024-09-20 19:29:48,825  root       run        DEBUG    Received '01031'
2024-09-20 19:29:48,826  root       handle_request DEBUG    Handling: '01031', header '7E0', ECU '7E0'
2024-09-20 19:29:48,826  root       handle_request DEBUG    Description: Fuel System Status, PID FUEL_STATUS (01031)
2024-09-20 19:29:48,826  root       handle_response DEBUG    Processing: '<pos_answer>00 00</pos_answer>'
2024-09-20 19:29:48,827  root       handle_response DEBUG    Write: '7E8 04 41 03 00 00 \r\r>'
2024-09-20 19:29:48,828  root       run        DEBUG    Received '01041'
2024-09-20 19:29:48,829  root       handle_request DEBUG    Handling: '01041', header '7E0', ECU '7E0'
2024-09-20 19:29:48,829  root       handle_request DEBUG    Description: Calculated Engine Load, PID ENGINE_LOAD (01041)
2024-09-20 19:29:48,830  root       handle_response DEBUG    Processing: '<pos_answer>00</pos_answer>'
2024-09-20 19:29:48,830  root       handle_response DEBUG    Write: '7E8 03 41 04 00 \r\r>'
2024-09-20 19:29:48,832  root       run        DEBUG    Received '01051'
2024-09-20 19:29:48,832  root       handle_request DEBUG    Handling: '01051', header '7E0', ECU '7E0'
2024-09-20 19:29:48,833  root       handle_request DEBUG    Description: Engine Coolant Temperature, PID COOLANT_TEMP (01051)
2024-09-20 19:29:48,833  root       handle_response DEBUG    Processing: '<pos_answer>7B</pos_answer>'
2024-09-20 19:29:48,833  root       handle_response DEBUG    Write: '7E8 03 41 05 7B \r\r>'
2024-09-20 19:29:48,835  root       run        DEBUG    Received '01061'
2024-09-20 19:29:48,835  root       handle_request DEBUG    Handling: '01061', header '7E0', ECU '7E0'
2024-09-20 19:29:48,837  root       handle_request INFO     Unknown ELM command: '01061', header=7E0
2024-09-20 19:29:48,838  root       handle_response DEBUG    Processing: '<writeln>?</writeln>'
2024-09-20 19:29:48,838  root       handle_response DEBUG    Write: '?\r\r>'
2024-09-20 19:29:48,840  root       run        DEBUG    Received '01071'
2024-09-20 19:29:48,841  root       handle_request DEBUG    Handling: '01071', header '7E0', ECU '7E0'
2024-09-20 19:29:48,842  root       handle_request INFO     Unknown ELM command: '01071', header=7E0
2024-09-20 19:29:48,843  root       handle_response DEBUG    Processing: '<writeln>?</writeln>'
2024-09-20 19:29:48,843  root       handle_response DEBUG    Write: '?\r\r>'
2024-09-20 19:29:48,845  root       run        DEBUG    Received '010B1'
2024-09-20 19:29:48,845  root       handle_request DEBUG    Handling: '010B1', header '7E0', ECU '7E0'
2024-09-20 19:29:48,846  root       handle_request DEBUG    Description: Intake Manifold Pressure, PID INTAKE_PRESSURE (010B1)
2024-09-20 19:29:48,846  root       handle_response DEBUG    Processing: '<pos_answer>73</pos_answer>'
2024-09-20 19:29:48,847  root       handle_response DEBUG    Write: '7E8 03 41 0B 73 \r\r>'
2024-09-20 19:29:48,848  root       run        DEBUG    Received '010C2'
2024-09-20 19:29:48,849  root       handle_request DEBUG    Handling: '010C2', header '7E0', ECU '7E0'
2024-09-20 19:29:48,849  root       handle_request DEBUG    Description: Engine RPM, PID RPM (010C2)
2024-09-20 19:29:48,850  root       handle_response DEBUG    Processing: '<pos_answer>0F 00</pos_answer> <header>7EA</header><size>04</size><data>41 0C 0F 00</data>'
2024-09-20 19:29:48,850  root       handle_response DEBUG    Write: '7E8 04 41 0C 0F 00 \r7EA 04 41 0C 0F 00 \r\r>'
2024-09-20 19:29:48,852  root       run        DEBUG    Received '010D2'
2024-09-20 19:29:48,852  root       handle_request DEBUG    Handling: '010D2', header '7E0', ECU '7E0'
2024-09-20 19:29:48,853  root       handle_request DEBUG    Description: Vehicle Speed, PID SPEED (010D2)
2024-09-20 19:29:48,853  root       handle_response DEBUG    Processing: '<pos_answer>08</pos_answer> <header>7EA</header><size>03</size><data>41 0D 08</data>'
2024-09-20 19:29:48,854  root       handle_response DEBUG    Write: '7E8 03 41 0D 08 \r7EA 03 41 0D 08 \r\r>'
2024-09-20 19:29:48,856  root       run        DEBUG    Received '010E1'
2024-09-20 19:29:48,856  root       handle_request DEBUG    Handling: '010E1', header '7E0', ECU '7E0'
2024-09-20 19:29:48,858  root       handle_request INFO     Unknown ELM command: '010E1', header=7E0
2024-09-20 19:29:48,858  root       handle_response DEBUG    Processing: '<writeln>?</writeln>'
2024-09-20 19:29:48,859  root       handle_response DEBUG    Write: '?\r\r>'
2024-09-20 19:29:48,860  root       run        DEBUG    Received '010F1'
2024-09-20 19:29:48,861  root       handle_request DEBUG    Handling: '010F1', header '7E0', ECU '7E0'
2024-09-20 19:29:48,861  root       handle_request DEBUG    Description: Intake Air Temp, PID INTAKE_TEMP (010F1)
2024-09-20 19:29:48,862  root       handle_response DEBUG    Processing: '<pos_answer>44</pos_answer>'
2024-09-20 19:29:48,863  root       handle_response DEBUG    Write: '7E8 03 41 0F 44 \r\r>'
2024-09-20 19:29:48,864  root       run        DEBUG    Received '01101'
2024-09-20 19:29:48,865  root       handle_request DEBUG    Handling: '01101', header '7E0', ECU '7E0'
2024-09-20 19:29:48,866  root       handle_request DEBUG    Description: Air Flow Rate (MAF), PID MAF (01101)
2024-09-20 19:29:48,866  root       handle_response DEBUG    Processing: '<pos_answer>05 1F</pos_answer>'
2024-09-20 19:29:48,867  root       handle_response DEBUG    Write: '7E8 04 41 10 05 1F \r\r>'
2024-09-20 19:29:48,869  root       run        DEBUG    Received '01111'
2024-09-20 19:29:48,870  root       handle_request DEBUG    Handling: '01111', header '7E0', ECU '7E0'
2024-09-20 19:29:48,871  root       handle_request DEBUG    Description: Throttle Position, PID THROTTLE_POS (01111)
2024-09-20 19:29:48,871  root       handle_response DEBUG    Processing: '<pos_answer>FF</pos_answer>'
2024-09-20 19:29:48,872  root       handle_response DEBUG    Write: '7E8 03 41 11 FF \r\r>'
2024-09-20 19:29:48,873  root       run        DEBUG    Received '01131'
2024-09-20 19:29:48,873  root       handle_request DEBUG    Handling: '01131', header '7E0', ECU '7E0'
2024-09-20 19:29:48,874  root       handle_request INFO     Unknown ELM command: '01131', header=7E0
2024-09-20 19:29:48,875  root       handle_response DEBUG    Processing: '<writeln>?</writeln>'
2024-09-20 19:29:48,875  root       handle_response DEBUG    Write: '?\r\r>'
2024-09-20 19:29:48,876  root       run        DEBUG    Received '01151'
2024-09-20 19:29:48,877  root       handle_request DEBUG    Handling: '01151', header '7E0', ECU '7E0'
2024-09-20 19:29:48,878  root       handle_request INFO     Unknown ELM command: '01151', header=7E0
2024-09-20 19:29:48,878  root       handle_response DEBUG    Processing: '<writeln>?</writeln>'
2024-09-20 19:29:48,879  root       handle_response DEBUG    Write: '?\r\r>'
2024-09-20 19:29:48,880  root       run        DEBUG    Received '011C1'
2024-09-20 19:29:48,880  root       handle_request DEBUG    Handling: '011C1', header '7E0', ECU '7E0'
2024-09-20 19:29:48,880  root       handle_request DEBUG    Description: OBD Standards Compliance, PID OBD_COMPLIANCE (011C1)
2024-09-20 19:29:48,880  root       handle_response DEBUG    Processing: '<pos_answer>06</pos_answer>'
2024-09-20 19:29:48,881  root       handle_response DEBUG    Write: '7E8 03 41 1C 06 \r\r>'
2024-09-20 19:29:48,881  root       run        DEBUG    Received '011F1'
2024-09-20 19:29:48,881  root       handle_request DEBUG    Handling: '011F1', header '7E0', ECU '7E0'
2024-09-20 19:29:48,882  root       handle_request DEBUG    Description: Engine Run Time, PID RUN_TIME (011F1)
2024-09-20 19:29:48,882  root       handle_response DEBUG    Processing: '<pos_answer>00 8C</pos_answer>'
2024-09-20 19:29:48,882  root       handle_response DEBUG    Write: '7E8 04 41 1F 00 8C \r\r>'
2024-09-20 19:29:48,882  root       run        DEBUG    Received '01211'
2024-09-20 19:29:48,883  root       handle_request DEBUG    Handling: '01211', header '7E0', ECU '7E0'
2024-09-20 19:29:48,883  root       handle_request DEBUG    Description: Distance Traveled with MIL on, PID DISTANCE_W_MIL (01211)
2024-09-20 19:29:48,883  root       handle_response DEBUG    Processing: '<pos_answer>00 00</pos_answer>'
2024-09-20 19:29:48,883  root       handle_response DEBUG    Write: '7E8 04 41 21 00 00 \r\r>'
2024-09-20 19:29:48,884  root       run        DEBUG    Received '01241'
2024-09-20 19:29:48,884  root       handle_request DEBUG    Handling: '01241', header '7E0', ECU '7E0'
2024-09-20 19:29:48,884  root       handle_request INFO     Unknown ELM command: '01241', header=7E0
2024-09-20 19:29:48,884  root       handle_response DEBUG    Processing: '<writeln>?</writeln>'
2024-09-20 19:29:48,885  root       handle_response DEBUG    Write: '?\r\r>'
2024-09-20 19:29:48,885  root       run        DEBUG    Received '012C1'
2024-09-20 19:29:48,885  root       handle_request DEBUG    Handling: '012C1', header '7E0', ECU '7E0'
2024-09-20 19:29:48,886  root       handle_request DEBUG    Description: Commanded EGR, PID COMMANDED_EGR (012C1)
2024-09-20 19:29:48,886  root       handle_response DEBUG    Processing: '<pos_answer>0D</pos_answer>'
2024-09-20 19:29:48,886  root       handle_response DEBUG    Write: '7E8 03 41 2C 0D \r\r>'
2024-09-20 19:29:48,886  root       run        DEBUG    Received '012E1'
2024-09-20 19:29:48,887  root       handle_request DEBUG    Handling: '012E1', header '7E0', ECU '7E0'
2024-09-20 19:29:48,887  root       handle_request INFO     Unknown ELM command: '012E1', header=7E0
2024-09-20 19:29:48,887  root       handle_response DEBUG    Processing: '<writeln>?</writeln>'
2024-09-20 19:29:48,888  root       handle_response DEBUG    Write: '?\r\r>'
2024-09-20 19:29:48,888  root       run        DEBUG    Received '01301'
2024-09-20 19:29:48,888  root       handle_request DEBUG    Handling: '01301', header '7E0', ECU '7E0'
2024-09-20 19:29:48,889  root       handle_request INFO     Unknown ELM command: '01301', header=7E0
2024-09-20 19:29:48,889  root       handle_response DEBUG    Processing: '<writeln>?</writeln>'
2024-09-20 19:29:48,889  root       handle_response DEBUG    Write: '?\r\r>'
2024-09-20 19:29:48,890  root       run        DEBUG    Received '01311'
2024-09-20 19:29:48,890  root       handle_request DEBUG    Handling: '01311', header '7E0', ECU '7E0'
2024-09-20 19:29:48,890  root       handle_request DEBUG    Description: Distance traveled since codes cleared, PID DISTANCE_SINCE_DTC_CLEAR (01311)
2024-09-20 19:29:48,890  root       handle_response DEBUG    Processing: '<pos_answer>C8 1F</pos_answer>'
2024-09-20 19:29:48,890  root       handle_response DEBUG    Write: '7E8 04 41 31 C8 1F \r\r>'
2024-09-20 19:29:48,891  root       run        DEBUG    Received '01331'
2024-09-20 19:29:48,891  root       handle_request DEBUG    Handling: '01331', header '7E0', ECU '7E0'
2024-09-20 19:29:48,891  root       handle_request DEBUG    Description: Barometric Pressure, PID BAROMETRIC_PRESSURE (01331)
2024-09-20 19:29:48,891  root       handle_response DEBUG    Processing: '<pos_answer>65</pos_answer>'
2024-09-20 19:29:48,891  root       handle_response DEBUG    Write: '7E8 03 41 33 65 \r\r>'
2024-09-20 19:29:48,892  root       run        DEBUG    Received '01341'
2024-09-20 19:29:48,892  root       handle_request DEBUG    Handling: '01341', header '7E0', ECU '7E0'
2024-09-20 19:29:48,893  root       handle_request INFO     Unknown ELM command: '01341', header=7E0
2024-09-20 19:29:48,893  root       handle_response DEBUG    Processing: '<writeln>?</writeln>'
2024-09-20 19:29:48,893  root       handle_response DEBUG    Write: '?\r\r>'
2024-09-20 19:29:48,893  root       run        DEBUG    Received '013C1'
2024-09-20 19:29:48,894  root       handle_request DEBUG    Handling: '013C1', header '7E0', ECU '7E0'
2024-09-20 19:29:48,894  root       handle_request DEBUG    Description: Catalyst Temperature: Bank 1 - Sensor 1, PID CATALYST_TEMP_B1S1 (013C1)
2024-09-20 19:29:48,894  root       handle_response DEBUG    Processing: '<pos_answer>04 44</pos_answer>'
2024-09-20 19:29:48,894  root       handle_response DEBUG    Write: '7E8 04 41 3C 04 44 \r\r>'
2024-09-20 19:29:48,894  root       run        DEBUG    Received '013E1'
2024-09-20 19:29:48,894  root       handle_request DEBUG    Handling: '013E1', header '7E0', ECU '7E0'
2024-09-20 19:29:48,895  root       handle_request INFO     Unknown ELM command: '013E1', header=7E0
2024-09-20 19:29:48,895  root       handle_response DEBUG    Processing: '<writeln>?</writeln>'
2024-09-20 19:29:48,895  root       handle_response DEBUG    Write: '?\r\r>'
2024-09-20 19:29:48,895  root       run        DEBUG    Received '01421'
2024-09-20 19:29:48,895  root       handle_request DEBUG    Handling: '01421', header '7E0', ECU '7E0'
2024-09-20 19:29:48,895  root       handle_request DEBUG    Description: Control module voltage, PID CONTROL_MODULE_VOLTAGE (01421)
2024-09-20 19:29:48,896  root       handle_response DEBUG    Processing: '<pos_answer>39 D6</pos_answer>'
2024-09-20 19:29:48,896  root       handle_response DEBUG    Write: '7E8 04 41 42 39 D6 \r\r>'
2024-09-20 19:29:48,896  root       run        DEBUG    Received '01431'
2024-09-20 19:29:48,896  root       handle_request DEBUG    Handling: '01431', header '7E0', ECU '7E0'
2024-09-20 19:29:48,896  root       handle_request INFO     Unknown ELM command: '01431', header=7E0
2024-09-20 19:29:48,896  root       handle_response DEBUG    Processing: '<writeln>?</writeln>'
2024-09-20 19:29:48,896  root       handle_response DEBUG    Write: '?\r\r>'
2024-09-20 19:29:48,897  root       run        DEBUG    Received '01441'
2024-09-20 19:29:48,897  root       handle_request DEBUG    Handling: '01441', header '7E0', ECU '7E0'
2024-09-20 19:29:48,897  root       handle_request INFO     Unknown ELM command: '01441', header=7E0
2024-09-20 19:29:48,897  root       handle_response DEBUG    Processing: '<writeln>?</writeln>'
2024-09-20 19:29:48,897  root       handle_response DEBUG    Write: '?\r\r>'
2024-09-20 19:29:48,898  root       run        DEBUG    Received '01451'
2024-09-20 19:29:48,898  root       handle_request DEBUG    Handling: '01451', header '7E0', ECU '7E0'
2024-09-20 19:29:48,898  root       handle_request INFO     Unknown ELM command: '01451', header=7E0
2024-09-20 19:29:48,898  root       handle_response DEBUG    Processing: '<writeln>?</writeln>'
2024-09-20 19:29:48,898  root       handle_response DEBUG    Write: '?\r\r>'
2024-09-20 19:29:48,898  root       run        DEBUG    Received '01471'
2024-09-20 19:29:48,899  root       handle_request DEBUG    Handling: '01471', header '7E0', ECU '7E0'
2024-09-20 19:29:48,899  root       handle_request INFO     Unknown ELM command: '01471', header=7E0
2024-09-20 19:29:48,899  root       handle_response DEBUG    Processing: '<writeln>?</writeln>'
2024-09-20 19:29:48,899  root       handle_response DEBUG    Write: '?\r\r>'
2024-09-20 19:29:48,900  root       run        DEBUG    Received '014C1'
2024-09-20 19:29:48,900  root       handle_request DEBUG    Handling: '014C1', header '7E0', ECU '7E0'
2024-09-20 19:29:48,900  root       handle_request DEBUG    Description: Commanded throttle actuator, PID THROTTLE_ACTUATOR (014C1)
2024-09-20 19:29:48,900  root       handle_response DEBUG    Processing: '<pos_answer>00</pos_answer>'
2024-09-20 19:29:48,900  root       handle_response DEBUG    Write: '7E8 03 41 4C 00 \r\r>'
2024-09-20 19:29:48,900  root       run        DEBUG    Received '014D1'
2024-09-20 19:29:48,900  root       handle_request DEBUG    Handling: '014D1', header '7E0', ECU '7E0'
2024-09-20 19:29:48,901  root       handle_request DEBUG    Description: Time run with MIL on, PID RUN_TIME_MIL (014D1)
2024-09-20 19:29:48,901  root       handle_response DEBUG    Processing: '<pos_answer>00 00</pos_answer>'
2024-09-20 19:29:48,901  root       handle_response DEBUG    Write: '7E8 04 41 4D 00 00 \r\r>'
2024-09-20 19:29:48,901  root       run        DEBUG    Received '014E1'
2024-09-20 19:29:48,901  root       handle_request DEBUG    Handling: '014E1', header '7E0', ECU '7E0'
2024-09-20 19:29:48,901  root       handle_request DEBUG    Description: Time since trouble codes cleared, PID TIME_SINCE_DTC_CLEARED (014E1)
2024-09-20 19:29:48,901  root       handle_response DEBUG    Processing: '<pos_answer>4C 69</pos_answer>'
2024-09-20 19:29:48,902  root       handle_response DEBUG    Write: '7E8 04 41 4E 4C 69 \r\r>'
2024-09-20 19:29:48,902  root       run        DEBUG    Received '01511'
2024-09-20 19:29:48,902  root       handle_request DEBUG    Handling: '01511', header '7E0', ECU '7E0'
2024-09-20 19:29:48,902  root       handle_request DEBUG    Description: Fuel Type, PID FUEL_TYPE (01511)
2024-09-20 19:29:48,902  root       handle_response DEBUG    Processing: '<pos_answer>01</pos_answer>'
2024-09-20 19:29:48,903  root       handle_response DEBUG    Write: '7E8 03 41 51 01 \r\r>'
2024-09-20 19:29:49,154  root       run        DEBUG    Received '01002'
2024-09-20 19:29:49,154  root       handle_request DEBUG    Handling: '01002', header '7E0', ECU '7E0'
2024-09-20 19:29:49,155  root       handle_request DEBUG    Description: PIDS_A, PID ELM_PIDS_A (01002)
2024-09-20 19:29:49,155  root       handle_response DEBUG    Processing: '<header>7EA</header><size>06</size><data>41 00 98 3A 80 13</data><pos_answer>BE 3F A8 13</pos_answer>'
2024-09-20 19:29:49,156  root       handle_response DEBUG    Write: '7EA 06 41 00 98 3A 80 13 \r7E8 06 41 00 BE 3F A8 13 \r\r>'
2024-09-20 19:29:49,157  root       run        DEBUG    Received '01202'
2024-09-20 19:29:49,158  root       handle_request DEBUG    Handling: '01202', header '7E0', ECU '7E0'
2024-09-20 19:29:49,158  root       handle_request DEBUG    Description: PIDS_B, PID ELM_PIDS_B (01202)
2024-09-20 19:29:49,158  root       handle_response DEBUG    Processing: '<header>7EA</header><size>06</size><data>41 20 80 01 A0 01</data><pos_answer>90 15 B0 15</pos_answer>'
2024-09-20 19:29:49,159  root       handle_response DEBUG    Write: '7EA 06 41 20 80 01 A0 01 \r7E8 06 41 20 90 15 B0 15 \r\r>'
2024-09-20 19:29:49,160  root       run        DEBUG    Received '01402'
2024-09-20 19:29:49,161  root       handle_request DEBUG    Handling: '01402', header '7E0', ECU '7E0'
2024-09-20 19:29:49,161  root       handle_request DEBUG    Description: PIDS_C, PID ELM_PIDS_C (01402)
2024-09-20 19:29:49,162  root       handle_response DEBUG    Processing: '<header>7EA</header><size>06</size><data>41 40 44 CC 00 21</data><pos_answer>7A 1C 80 00</pos_answer>'
2024-09-20 19:29:49,162  root       handle_response DEBUG    Write: '7EA 06 41 40 44 CC 00 21 \r7E8 06 41 40 7A 1C 80 00 \r\r>'
2024-09-20 19:29:49,164  root       run        DEBUG    Received '01011'
2024-09-20 19:29:49,164  root       handle_request DEBUG    Handling: '01011', header '7E0', ECU '7E0'
2024-09-20 19:29:49,165  root       handle_request INFO     Unknown ELM command: '01011', header=7E0
2024-09-20 19:29:49,166  root       handle_response DEBUG    Processing: '<writeln>?</writeln>'
2024-09-20 19:29:49,166  root       handle_response DEBUG    Write: '?\r\r>'
2024-09-20 19:29:49,173  root       run        DEBUG    Received '01031'
2024-09-20 19:29:49,174  root       handle_request DEBUG    Handling: '01031', header '7E0', ECU '7E0'
2024-09-20 19:29:49,174  root       handle_request DEBUG    Description: Fuel System Status, PID FUEL_STATUS (01031)
2024-09-20 19:29:49,174  root       handle_response DEBUG    Processing: '<pos_answer>00 00</pos_answer>'
2024-09-20 19:29:49,175  root       handle_response DEBUG    Write: '7E8 04 41 03 00 00 \r\r>'
2024-09-20 19:29:49,176  root       run        DEBUG    Received '01041'
2024-09-20 19:29:49,177  root       handle_request DEBUG    Handling: '01041', header '7E0', ECU '7E0'
2024-09-20 19:29:49,177  root       handle_request DEBUG    Description: Calculated Engine Load, PID ENGINE_LOAD (01041)
2024-09-20 19:29:49,177  root       handle_response DEBUG    Processing: '<pos_answer>00</pos_answer>'
2024-09-20 19:29:49,178  root       handle_response DEBUG    Write: '7E8 03 41 04 00 \r\r>'
2024-09-20 19:29:49,180  root       run        DEBUG    Received '01051'
2024-09-20 19:29:49,180  root       handle_request DEBUG    Handling: '01051', header '7E0', ECU '7E0'
2024-09-20 19:29:49,180  root       handle_request DEBUG    Description: Engine Coolant Temperature, PID COOLANT_TEMP (01051)
2024-09-20 19:29:49,181  root       handle_response DEBUG    Processing: '<pos_answer>7B</pos_answer>'
2024-09-20 19:29:49,181  root       handle_response DEBUG    Write: '7E8 03 41 05 7B \r\r>'
2024-09-20 19:29:49,183  root       run        DEBUG    Received '01061'
2024-09-20 19:29:49,184  root       handle_request DEBUG    Handling: '01061', header '7E0', ECU '7E0'
2024-09-20 19:29:49,185  root       handle_request INFO     Unknown ELM command: '01061', header=7E0
2024-09-20 19:29:49,185  root       handle_response DEBUG    Processing: '<writeln>?</writeln>'
2024-09-20 19:29:49,186  root       handle_response DEBUG    Write: '?\r\r>'
2024-09-20 19:29:49,188  root       run        DEBUG    Received '01071'
2024-09-20 19:29:49,188  root       handle_request DEBUG    Handling: '01071', header '7E0', ECU '7E0'
2024-09-20 19:29:49,190  root       handle_request INFO     Unknown ELM command: '01071', header=7E0
2024-09-20 19:29:49,190  root       handle_response DEBUG    Processing: '<writeln>?</writeln>'
2024-09-20 19:29:49,191  root       handle_response DEBUG    Write: '?\r\r>'
2024-09-20 19:29:49,193  root       run        DEBUG    Received '010B1'
2024-09-20 19:29:49,193  root       handle_request DEBUG    Handling: '010B1', header '7E0', ECU '7E0'
2024-09-20 19:29:49,194  root       handle_request DEBUG    Description: Intake Manifold Pressure, PID INTAKE_PRESSURE (010B1)
2024-09-20 19:29:49,194  root       handle_response DEBUG    Processing: '<pos_answer>73</pos_answer>'
2024-09-20 19:29:49,194  root       handle_response DEBUG    Write: '7E8 03 41 0B 73 \r\r>'
2024-09-20 19:29:49,196  root       run        DEBUG    Received '010C2'
2024-09-20 19:29:49,197  root       handle_request DEBUG    Handling: '010C2', header '7E0', ECU '7E0'
2024-09-20 19:29:49,197  root       handle_request DEBUG    Description: Engine RPM, PID RPM (010C2)
2024-09-20 19:29:49,198  root       handle_response DEBUG    Processing: '<pos_answer>0F 50</pos_answer> <header>7EA</header><size>04</size><data>41 0C 0F 50</data>'
2024-09-20 19:29:49,198  root       handle_response DEBUG    Write: '7E8 04 41 0C 0F 50 \r7EA 04 41 0C 0F 50 \r\r>'
2024-09-20 19:29:49,200  root       run        DEBUG    Received '010D2'
2024-09-20 19:29:49,201  root       handle_request DEBUG    Handling: '010D2', header '7E0', ECU '7E0'
2024-09-20 19:29:49,201  root       handle_request DEBUG    Description: Vehicle Speed, PID SPEED (010D2)
2024-09-20 19:29:49,202  root       handle_response DEBUG    Processing: '<pos_answer>04</pos_answer> <header>7EA</header><size>03</size><data>41 0D 04</data>'
2024-09-20 19:29:49,202  root       handle_response DEBUG    Write: '7E8 03 41 0D 04 \r7EA 03 41 0D 04 \r\r>'
2024-09-20 19:29:49,204  root       run        DEBUG    Received '010E1'
2024-09-20 19:29:49,205  root       handle_request DEBUG    Handling: '010E1', header '7E0', ECU '7E0'
2024-09-20 19:29:49,206  root       handle_request INFO     Unknown ELM command: '010E1', header=7E0
2024-09-20 19:29:49,207  root       handle_response DEBUG    Processing: '<writeln>?</writeln>'
2024-09-20 19:29:49,207  root       handle_response DEBUG    Write: '?\r\r>'
2024-09-20 19:29:49,209  root       run        DEBUG    Received '010F1'
2024-09-20 19:29:49,209  root       handle_request DEBUG    Handling: '010F1', header '7E0', ECU '7E0'
2024-09-20 19:29:49,210  root       handle_request DEBUG    Description: Intake Air Temp, PID INTAKE_TEMP (010F1)
2024-09-20 19:29:49,210  root       handle_response DEBUG    Processing: '<pos_answer>44</pos_answer>'
2024-09-20 19:29:49,211  root       handle_response DEBUG    Write: '7E8 03 41 0F 44 \r\r>'
2024-09-20 19:29:49,212  root       run        DEBUG    Received '01101'
2024-09-20 19:29:49,213  root       handle_request DEBUG    Handling: '01101', header '7E0', ECU '7E0'
2024-09-20 19:29:49,213  root       handle_request DEBUG    Description: Air Flow Rate (MAF), PID MAF (01101)
2024-09-20 19:29:49,213  root       handle_response DEBUG    Processing: '<pos_answer>05 1F</pos_answer>'
2024-09-20 19:29:49,214  root       handle_response DEBUG    Write: '7E8 04 41 10 05 1F \r\r>'
2024-09-20 19:29:49,215  root       run        DEBUG    Received '01111'
2024-09-20 19:29:49,215  root       handle_request DEBUG    Handling: '01111', header '7E0', ECU '7E0'
2024-09-20 19:29:49,216  root       handle_request DEBUG    Description: Throttle Position, PID THROTTLE_POS (01111)
2024-09-20 19:29:49,216  root       handle_response DEBUG    Processing: '<pos_answer>FF</pos_answer>'
2024-09-20 19:29:49,216  root       handle_response DEBUG    Write: '7E8 03 41 11 FF \r\r>'
2024-09-20 19:29:49,217  root       run        DEBUG    Received '01131'
2024-09-20 19:29:49,218  root       handle_request DEBUG    Handling: '01131', header '7E0', ECU '7E0'
2024-09-20 19:29:49,218  root       handle_request INFO     Unknown ELM command: '01131', header=7E0
2024-09-20 19:29:49,219  root       handle_response DEBUG    Processing: '<writeln>?</writeln>'
2024-09-20 19:29:49,219  root       handle_response DEBUG    Write: '?\r\r>'
2024-09-20 19:29:49,219  root       run        DEBUG    Received '01151'
2024-09-20 19:29:49,220  root       handle_request DEBUG    Handling: '01151', header '7E0', ECU '7E0'
2024-09-20 19:29:49,221  root       handle_request INFO     Unknown ELM command: '01151', header=7E0
2024-09-20 19:29:49,221  root       handle_response DEBUG    Processing: '<writeln>?</writeln>'
2024-09-20 19:29:49,222  root       handle_response DEBUG    Write: '?\r\r>'
2024-09-20 19:29:49,222  root       run        DEBUG    Received '011C1'
2024-09-20 19:29:49,223  root       handle_request DEBUG    Handling: '011C1', header '7E0', ECU '7E0'
2024-09-20 19:29:49,223  root       handle_request DEBUG    Description: OBD Standards Compliance, PID OBD_COMPLIANCE (011C1)
2024-09-20 19:29:49,223  root       handle_response DEBUG    Processing: '<pos_answer>06</pos_answer>'
2024-09-20 19:29:49,223  root       handle_response DEBUG    Write: '7E8 03 41 1C 06 \r\r>'
2024-09-20 19:29:49,224  root       run        DEBUG    Received '011F1'
2024-09-20 19:29:49,224  root       handle_request DEBUG    Handling: '011F1', header '7E0', ECU '7E0'
2024-09-20 19:29:49,224  root       handle_request DEBUG    Description: Engine Run Time, PID RUN_TIME (011F1)
2024-09-20 19:29:49,224  root       handle_response DEBUG    Processing: '<pos_answer>00 8C</pos_answer>'
2024-09-20 19:29:49,225  root       handle_response DEBUG    Write: '7E8 04 41 1F 00 8C \r\r>'
2024-09-20 19:29:49,225  root       run        DEBUG    Received '01211'
2024-09-20 19:29:49,225  root       handle_request DEBUG    Handling: '01211', header '7E0', ECU '7E0'
2024-09-20 19:29:49,225  root       handle_request DEBUG    Description: Distance Traveled with MIL on, PID DISTANCE_W_MIL (01211)
2024-09-20 19:29:49,226  root       handle_response DEBUG    Processing: '<pos_answer>00 00</pos_answer>'
2024-09-20 19:29:49,226  root       handle_response DEBUG    Write: '7E8 04 41 21 00 00 \r\r>'
2024-09-20 19:29:49,226  root       run        DEBUG    Received '01241'
2024-09-20 19:29:49,226  root       handle_request DEBUG    Handling: '01241', header '7E0', ECU '7E0'
2024-09-20 19:29:49,227  root       handle_request INFO     Unknown ELM command: '01241', header=7E0
2024-09-20 19:29:49,227  root       handle_response DEBUG    Processing: '<writeln>?</writeln>'
2024-09-20 19:29:49,227  root       handle_response DEBUG    Write: '?\r\r>'
2024-09-20 19:29:49,228  root       run        DEBUG    Received '012C1'
2024-09-20 19:29:49,228  root       handle_request DEBUG    Handling: '012C1', header '7E0', ECU '7E0'
2024-09-20 19:29:49,228  root       handle_request DEBUG    Description: Commanded EGR, PID COMMANDED_EGR (012C1)
2024-09-20 19:29:49,228  root       handle_response DEBUG    Processing: '<pos_answer>0D</pos_answer>'
2024-09-20 19:29:49,228  root       handle_response DEBUG    Write: '7E8 03 41 2C 0D \r\r>'
2024-09-20 19:29:49,229  root       run        DEBUG    Received '012E1'
2024-09-20 19:29:49,229  root       handle_request DEBUG    Handling: '012E1', header '7E0', ECU '7E0'
2024-09-20 19:29:49,230  root       handle_request INFO     Unknown ELM command: '012E1', header=7E0
2024-09-20 19:29:49,230  root       handle_response DEBUG    Processing: '<writeln>?</writeln>'
2024-09-20 19:29:49,230  root       handle_response DEBUG    Write: '?\r\r>'
2024-09-20 19:29:49,230  root       run        DEBUG    Received '01301'
2024-09-20 19:29:49,231  root       handle_request DEBUG    Handling: '01301', header '7E0', ECU '7E0'
2024-09-20 19:29:49,231  root       handle_request INFO     Unknown ELM command: '01301', header=7E0
2024-09-20 19:29:49,231  root       handle_response DEBUG    Processing: '<writeln>?</writeln>'
2024-09-20 19:29:49,231  root       handle_response DEBUG    Write: '?\r\r>'
2024-09-20 19:29:49,232  root       run        DEBUG    Received '01311'
2024-09-20 19:29:49,232  root       handle_request DEBUG    Handling: '01311', header '7E0', ECU '7E0'
2024-09-20 19:29:49,232  root       handle_request DEBUG    Description: Distance traveled since codes cleared, PID DISTANCE_SINCE_DTC_CLEAR (01311)
2024-09-20 19:29:49,232  root       handle_response DEBUG    Processing: '<pos_answer>C8 1F</pos_answer>'
2024-09-20 19:29:49,232  root       handle_response DEBUG    Write: '7E8 04 41 31 C8 1F \r\r>'
2024-09-20 19:29:49,233  root       run        DEBUG    Received '01331'
2024-09-20 19:29:49,233  root       handle_request DEBUG    Handling: '01331', header '7E0', ECU '7E0'
2024-09-20 19:29:49,233  root       handle_request DEBUG    Description: Barometric Pressure, PID BAROMETRIC_PRESSURE (01331)
2024-09-20 19:29:49,233  root       handle_response DEBUG    Processing: '<pos_answer>65</pos_answer>'
2024-09-20 19:29:49,234  root       handle_response DEBUG    Write: '7E8 03 41 33 65 \r\r>'
2024-09-20 19:29:49,234  root       run        DEBUG    Received '01341'
2024-09-20 19:29:49,234  root       handle_request DEBUG    Handling: '01341', header '7E0', ECU '7E0'
2024-09-20 19:29:49,235  root       handle_request INFO     Unknown ELM command: '01341', header=7E0
2024-09-20 19:29:49,235  root       handle_response DEBUG    Processing: '<writeln>?</writeln>'
2024-09-20 19:29:49,235  root       handle_response DEBUG    Write: '?\r\r>'
2024-09-20 19:29:49,235  root       run        DEBUG    Received '013C1'
2024-09-20 19:29:49,235  root       handle_request DEBUG    Handling: '013C1', header '7E0', ECU '7E0'
2024-09-20 19:29:49,236  root       handle_request DEBUG    Description: Catalyst Temperature: Bank 1 - Sensor 1, PID CATALYST_TEMP_B1S1 (013C1)
2024-09-20 19:29:49,236  root       handle_response DEBUG    Processing: '<pos_answer>04 44</pos_answer>'
2024-09-20 19:29:49,236  root       handle_response DEBUG    Write: '7E8 04 41 3C 04 44 \r\r>'
2024-09-20 19:29:49,236  root       run        DEBUG    Received '013E1'
2024-09-20 19:29:49,237  root       handle_request DEBUG    Handling: '013E1', header '7E0', ECU '7E0'
2024-09-20 19:29:49,237  root       handle_request INFO     Unknown ELM command: '013E1', header=7E0
2024-09-20 19:29:49,238  root       handle_response DEBUG    Processing: '<writeln>?</writeln>'
2024-09-20 19:29:49,238  root       handle_response DEBUG    Write: '?\r\r>'
2024-09-20 19:29:49,238  root       run        DEBUG    Received '01421'
2024-09-20 19:29:49,239  root       handle_request DEBUG    Handling: '01421', header '7E0', ECU '7E0'
2024-09-20 19:29:49,239  root       handle_request DEBUG    Description: Control module voltage, PID CONTROL_MODULE_VOLTAGE (01421)
2024-09-20 19:29:49,239  root       handle_response DEBUG    Processing: '<pos_answer>39 D6</pos_answer>'
2024-09-20 19:29:49,239  root       handle_response DEBUG    Write: '7E8 04 41 42 39 D6 \r\r>'
2024-09-20 19:29:49,240  root       run        DEBUG    Received '01431'
2024-09-20 19:29:49,240  root       handle_request DEBUG    Handling: '01431', header '7E0', ECU '7E0'
2024-09-20 19:29:49,240  root       handle_request INFO     Unknown ELM command: '01431', header=7E0
2024-09-20 19:29:49,240  root       handle_response DEBUG    Processing: '<writeln>?</writeln>'
2024-09-20 19:29:49,240  root       handle_response DEBUG    Write: '?\r\r>'
2024-09-20 19:29:49,241  root       run        DEBUG    Received '01441'
2024-09-20 19:29:49,241  root       handle_request DEBUG    Handling: '01441', header '7E0', ECU '7E0'
2024-09-20 19:29:49,241  root       handle_request INFO     Unknown ELM command: '01441', header=7E0
2024-09-20 19:29:49,241  root       handle_response DEBUG    Processing: '<writeln>?</writeln>'
2024-09-20 19:29:49,241  root       handle_response DEBUG    Write: '?\r\r>'
2024-09-20 19:29:49,241  root       run        DEBUG    Received '01451'
2024-09-20 19:29:49,242  root       handle_request DEBUG    Handling: '01451', header '7E0', ECU '7E0'
2024-09-20 19:29:49,242  root       handle_request INFO     Unknown ELM command: '01451', header=7E0
2024-09-20 19:29:49,242  root       handle_response DEBUG    Processing: '<writeln>?</writeln>'
2024-09-20 19:29:49,242  root       handle_response DEBUG    Write: '?\r\r>'
2024-09-20 19:29:49,242  root       run        DEBUG    Received '01471'
2024-09-20 19:29:49,242  root       handle_request DEBUG    Handling: '01471', header '7E0', ECU '7E0'
2024-09-20 19:29:49,243  root       handle_request INFO     Unknown ELM command: '01471', header=7E0
2024-09-20 19:29:49,243  root       handle_response DEBUG    Processing: '<writeln>?</writeln>'
2024-09-20 19:29:49,243  root       handle_response DEBUG    Write: '?\r\r>'
2024-09-20 19:29:49,243  root       run        DEBUG    Received '014C1'
2024-09-20 19:29:49,243  root       handle_request DEBUG    Handling: '014C1', header '7E0', ECU '7E0'
2024-09-20 19:29:49,243  root       handle_request DEBUG    Description: Commanded throttle actuator, PID THROTTLE_ACTUATOR (014C1)
2024-09-20 19:29:49,244  root       handle_response DEBUG    Processing: '<pos_answer>00</pos_answer>'
2024-09-20 19:29:49,244  root       handle_response DEBUG    Write: '7E8 03 41 4C 00 \r\r>'
2024-09-20 19:29:49,244  root       run        DEBUG    Received '014D1'
2024-09-20 19:29:49,244  root       handle_request DEBUG    Handling: '014D1', header '7E0', ECU '7E0'
2024-09-20 19:29:49,244  root       handle_request DEBUG    Description: Time run with MIL on, PID RUN_TIME_MIL (014D1)
2024-09-20 19:29:49,244  root       handle_response DEBUG    Processing: '<pos_answer>00 00</pos_answer>'
2024-09-20 19:29:49,245  root       handle_response DEBUG    Write: '7E8 04 41 4D 00 00 \r\r>'
2024-09-20 19:29:49,245  root       run        DEBUG    Received '014E1'
2024-09-20 19:29:49,245  root       handle_request DEBUG    Handling: '014E1', header '7E0', ECU '7E0'
2024-09-20 19:29:49,245  root       handle_request DEBUG    Description: Time since trouble codes cleared, PID TIME_SINCE_DTC_CLEARED (014E1)
2024-09-20 19:29:49,245  root       handle_response DEBUG    Processing: '<pos_answer>4C 69</pos_answer>'
2024-09-20 19:29:49,245  root       handle_response DEBUG    Write: '7E8 04 41 4E 4C 69 \r\r>'
2024-09-20 19:29:49,246  root       run        DEBUG    Received '01511'
2024-09-20 19:29:49,246  root       handle_request DEBUG    Handling: '01511', header '7E0', ECU '7E0'
2024-09-20 19:29:49,246  root       handle_request DEBUG    Description: Fuel Type, PID FUEL_TYPE (01511)
2024-09-20 19:29:49,246  root       handle_response DEBUG    Processing: '<pos_answer>01</pos_answer>'
2024-09-20 19:29:49,246  root       handle_response DEBUG    Write: '7E8 03 41 51 01 \r\r>'
2024-09-20 19:29:49,497  root       run        DEBUG    Received '01002'
2024-09-20 19:29:49,498  root       handle_request DEBUG    Handling: '01002', header '7E0', ECU '7E0'
2024-09-20 19:29:49,498  root       handle_request DEBUG    Description: PIDS_A, PID ELM_PIDS_A (01002)
2024-09-20 19:29:49,499  root       handle_response DEBUG    Processing: '<header>7EA</header><size>06</size><data>41 00 98 3A 80 13</data><pos_answer>BE 3F A8 13</pos_answer>'
2024-09-20 19:29:49,499  root       handle_response DEBUG    Write: '7EA 06 41 00 98 3A 80 13 \r7E8 06 41 00 BE 3F A8 13 \r\r>'
2024-09-20 19:29:49,500  root       run        DEBUG    Received '01202'
2024-09-20 19:29:49,501  root       handle_request DEBUG    Handling: '01202', header '7E0', ECU '7E0'
2024-09-20 19:29:49,501  root       handle_request DEBUG    Description: PIDS_B, PID ELM_PIDS_B (01202)
2024-09-20 19:29:49,502  root       handle_response DEBUG    Processing: '<header>7EA</header><size>06</size><data>41 20 80 01 A0 01</data><pos_answer>90 15 B0 15</pos_answer>'
2024-09-20 19:29:49,502  root       handle_response DEBUG    Write: '7EA 06 41 20 80 01 A0 01 \r7E8 06 41 20 90 15 B0 15 \r\r>'
2024-09-20 19:29:49,504  root       run        DEBUG    Received '01402'
2024-09-20 19:29:49,504  root       handle_request DEBUG    Handling: '01402', header '7E0', ECU '7E0'
2024-09-20 19:29:49,505  root       handle_request DEBUG    Description: PIDS_C, PID ELM_PIDS_C (01402)
2024-09-20 19:29:49,505  root       handle_response DEBUG    Processing: '<header>7EA</header><size>06</size><data>41 40 44 CC 00 21</data><pos_answer>7A 1C 80 00</pos_answer>'
2024-09-20 19:29:49,506  root       handle_response DEBUG    Write: '7EA 06 41 40 44 CC 00 21 \r7E8 06 41 40 7A 1C 80 00 \r\r>'
2024-09-20 19:29:49,508  root       run        DEBUG    Received '01011'
2024-09-20 19:29:49,508  root       handle_request DEBUG    Handling: '01011', header '7E0', ECU '7E0'
2024-09-20 19:29:49,509  root       handle_request INFO     Unknown ELM command: '01011', header=7E0
2024-09-20 19:29:49,510  root       handle_response DEBUG    Processing: '<writeln>?</writeln>'
2024-09-20 19:29:49,510  root       handle_response DEBUG    Write: '?\r\r>'
2024-09-20 19:29:49,517  root       run        DEBUG    Received '01031'
2024-09-20 19:29:49,518  root       handle_request DEBUG    Handling: '01031', header '7E0', ECU '7E0'
2024-09-20 19:29:49,518  root       handle_request DEBUG    Description: Fuel System Status, PID FUEL_STATUS (01031)
2024-09-20 19:29:49,518  root       handle_response DEBUG    Processing: '<pos_answer>00 00</pos_answer>'
2024-09-20 19:29:49,519  root       handle_response DEBUG    Write: '7E8 04 41 03 00 00 \r\r>'
2024-09-20 19:29:49,521  root       run        DEBUG    Received '01041'
2024-09-20 19:29:49,521  root       handle_request DEBUG    Handling: '01041', header '7E0', ECU '7E0'
2024-09-20 19:29:49,522  root       handle_request DEBUG    Description: Calculated Engine Load, PID ENGINE_LOAD (01041)
2024-09-20 19:29:49,522  root       handle_response DEBUG    Processing: '<pos_answer>00</pos_answer>'
2024-09-20 19:29:49,523  root       handle_response DEBUG    Write: '7E8 03 41 04 00 \r\r>'
2024-09-20 19:29:49,524  root       run        DEBUG    Received '01051'
2024-09-20 19:29:49,525  root       handle_request DEBUG    Handling: '01051', header '7E0', ECU '7E0'
2024-09-20 19:29:49,525  root       handle_request DEBUG    Description: Engine Coolant Temperature, PID COOLANT_TEMP (01051)
2024-09-20 19:29:49,526  root       handle_response DEBUG    Processing: '<pos_answer>7B</pos_answer>'
2024-09-20 19:29:49,526  root       handle_response DEBUG    Write: '7E8 03 41 05 7B \r\r>'
2024-09-20 19:29:49,528  root       run        DEBUG    Received '01061'
2024-09-20 19:29:49,529  root       handle_request DEBUG    Handling: '01061', header '7E0', ECU '7E0'
2024-09-20 19:29:49,530  root       handle_request INFO     Unknown ELM command: '01061', header=7E0
2024-09-20 19:29:49,530  root       handle_response DEBUG    Processing: '<writeln>?</writeln>'
2024-09-20 19:29:49,531  root       handle_response DEBUG    Write: '?\r\r>'
2024-09-20 19:29:49,532  root       run        DEBUG    Received '01071'
2024-09-20 19:29:49,533  root       handle_request DEBUG    Handling: '01071', header '7E0', ECU '7E0'
2024-09-20 19:29:49,534  root       handle_request INFO     Unknown ELM command: '01071', header=7E0
2024-09-20 19:29:49,535  root       handle_response DEBUG    Processing: '<writeln>?</writeln>'
2024-09-20 19:29:49,535  root       handle_response DEBUG    Write: '?\r\r>'
2024-09-20 19:29:49,537  root       run        DEBUG    Received '010B1'
2024-09-20 19:29:49,537  root       handle_request DEBUG    Handling: '010B1', header '7E0', ECU '7E0'
2024-09-20 19:29:49,538  root       handle_request DEBUG    Description: Intake Manifold Pressure, PID INTAKE_PRESSURE (010B1)
2024-09-20 19:29:49,538  root       handle_response DEBUG    Processing: '<pos_answer>73</pos_answer>'
2024-09-20 19:29:49,539  root       handle_response DEBUG    Write: '7E8 03 41 0B 73 \r\r>'
2024-09-20 19:29:49,540  root       run        DEBUG    Received '010C2'
2024-09-20 19:29:49,541  root       handle_request DEBUG    Handling: '010C2', header '7E0', ECU '7E0'
2024-09-20 19:29:49,541  root       handle_request DEBUG    Description: Engine RPM, PID RPM (010C2)
2024-09-20 19:29:49,541  root       handle_response DEBUG    Processing: '<pos_answer>0F A0</pos_answer> <header>7EA</header><size>04</size><data>41 0C 0F A0</data>'
2024-09-20 19:29:49,542  root       handle_response DEBUG    Write: '7E8 04 41 0C 0F A0 \r7EA 04 41 0C 0F A0 \r\r>'
2024-09-20 19:29:49,543  root       run        DEBUG    Received '010D2'
2024-09-20 19:29:49,544  root       handle_request DEBUG    Handling: '010D2', header '7E0', ECU '7E0'
2024-09-20 19:29:49,544  root       handle_request DEBUG    Description: Vehicle Speed, PID SPEED (010D2)
2024-09-20 19:29:49,545  root       handle_response DEBUG    Processing: '<pos_answer>00</pos_answer> <header>7EA</header><size>03</size><data>41 0D 00</data>'
2024-09-20 19:29:49,546  root       handle_response DEBUG    Write: '7E8 03 41 0D 00 \r7EA 03 41 0D 00 \r\r>'
2024-09-20 19:29:49,547  root       run        DEBUG    Received '010E1'
2024-09-20 19:29:49,548  root       handle_request DEBUG    Handling: '010E1', header '7E0', ECU '7E0'
2024-09-20 19:29:49,549  root       handle_request INFO     Unknown ELM command: '010E1', header=7E0
2024-09-20 19:29:49,550  root       handle_response DEBUG    Processing: '<writeln>?</writeln>'
2024-09-20 19:29:49,550  root       handle_response DEBUG    Write: '?\r\r>'
2024-09-20 19:29:49,552  root       run        DEBUG    Received '010F1'
2024-09-20 19:29:49,552  root       handle_request DEBUG    Handling: '010F1', header '7E0', ECU '7E0'
2024-09-20 19:29:49,553  root       handle_request DEBUG    Description: Intake Air Temp, PID INTAKE_TEMP (010F1)
2024-09-20 19:29:49,553  root       handle_response DEBUG    Processing: '<pos_answer>44</pos_answer>'
2024-09-20 19:29:49,554  root       handle_response DEBUG    Write: '7E8 03 41 0F 44 \r\r>'
2024-09-20 19:29:49,556  root       run        DEBUG    Received '01101'
2024-09-20 19:29:49,556  root       handle_request DEBUG    Handling: '01101', header '7E0', ECU '7E0'
2024-09-20 19:29:49,557  root       handle_request DEBUG    Description: Air Flow Rate (MAF), PID MAF (01101)
2024-09-20 19:29:49,557  root       handle_response DEBUG    Processing: '<pos_answer>05 1F</pos_answer>'
2024-09-20 19:29:49,558  root       handle_response DEBUG    Write: '7E8 04 41 10 05 1F \r\r>'
2024-09-20 19:29:49,560  root       run        DEBUG    Received '01111'
2024-09-20 19:29:49,561  root       handle_request DEBUG    Handling: '01111', header '7E0', ECU '7E0'
2024-09-20 19:29:49,561  root       handle_request DEBUG    Description: Throttle Position, PID THROTTLE_POS (01111)
2024-09-20 19:29:49,561  root       handle_response DEBUG    Processing: '<pos_answer>FF</pos_answer>'
2024-09-20 19:29:49,562  root       handle_response DEBUG    Write: '7E8 03 41 11 FF \r\r>'
2024-09-20 19:29:49,564  root       run        DEBUG    Received '01131'
2024-09-20 19:29:49,564  root       handle_request DEBUG    Handling: '01131', header '7E0', ECU '7E0'
2024-09-20 19:29:49,566  root       handle_request INFO     Unknown ELM command: '01131', header=7E0
2024-09-20 19:29:49,566  root       handle_response DEBUG    Processing: '<writeln>?</writeln>'
2024-09-20 19:29:49,567  root       handle_response DEBUG    Write: '?\r\r>'
2024-09-20 19:29:49,568  root       run        DEBUG    Received '01151'
2024-09-20 19:29:49,569  root       handle_request DEBUG    Handling: '01151', header '7E0', ECU '7E0'
2024-09-20 19:29:49,570  root       handle_request INFO     Unknown ELM command: '01151', header=7E0
2024-09-20 19:29:49,571  root       handle_response DEBUG    Processing: '<writeln>?</writeln>'
2024-09-20 19:29:49,571  root       handle_response DEBUG    Write: '?\r\r>'
2024-09-20 19:29:49,573  root       run        DEBUG    Received '011C1'
2024-09-20 19:29:49,573  root       handle_request DEBUG    Handling: '011C1', header '7E0', ECU '7E0'
2024-09-20 19:29:49,574  root       handle_request DEBUG    Description: OBD Standards Compliance, PID OBD_COMPLIANCE (011C1)
2024-09-20 19:29:49,574  root       handle_response DEBUG    Processing: '<pos_answer>06</pos_answer>'
2024-09-20 19:29:49,575  root       handle_response DEBUG    Write: '7E8 03 41 1C 06 \r\r>'
2024-09-20 19:29:49,576  root       run        DEBUG    Received '011F1'
2024-09-20 19:29:49,576  root       handle_request DEBUG    Handling: '011F1', header '7E0', ECU '7E0'
2024-09-20 19:29:49,577  root       handle_request DEBUG    Description: Engine Run Time, PID RUN_TIME (011F1)
2024-09-20 19:29:49,577  root       handle_response DEBUG    Processing: '<pos_answer>00 8C</pos_answer>'
2024-09-20 19:29:49,578  root       handle_response DEBUG    Write: '7E8 04 41 1F 00 8C \r\r>'
2024-09-20 19:29:49,579  root       run        DEBUG    Received '01211'
2024-09-20 19:29:49,580  root       handle_request DEBUG    Handling: '01211', header '7E0', ECU '7E0'
2024-09-20 19:29:49,580  root       handle_request DEBUG    Description: Distance Traveled with MIL on, PID DISTANCE_W_MIL (01211)
2024-09-20 19:29:49,580  root       handle_response DEBUG    Processing: '<pos_answer>00 00</pos_answer>'
2024-09-20 19:29:49,581  root       handle_response DEBUG    Write: '7E8 04 41 21 00 00 \r\r>'
2024-09-20 19:29:49,582  root       run        DEBUG    Received '01241'
2024-09-20 19:29:49,583  root       handle_request DEBUG    Handling: '01241', header '7E0', ECU '7E0'
2024-09-20 19:29:49,584  root       handle_request INFO     Unknown ELM command: '01241', header=7E0
2024-09-20 19:29:49,584  root       handle_response DEBUG    Processing: '<writeln>?</writeln>'
2024-09-20 19:29:49,585  root       handle_response DEBUG    Write: '?\r\r>'
2024-09-20 19:29:49,586  root       run        DEBUG    Received '012C1'
2024-09-20 19:29:49,586  root       handle_request DEBUG    Handling: '012C1', header '7E0', ECU '7E0'
2024-09-20 19:29:49,587  root       handle_request DEBUG    Description: Commanded EGR, PID COMMANDED_EGR (012C1)
2024-09-20 19:29:49,587  root       handle_response DEBUG    Processing: '<pos_answer>0D</pos_answer>'
2024-09-20 19:29:49,588  root       handle_response DEBUG    Write: '7E8 03 41 2C 0D \r\r>'
2024-09-20 19:29:49,589  root       run        DEBUG    Received '012E1'
2024-09-20 19:29:49,590  root       handle_request DEBUG    Handling: '012E1', header '7E0', ECU '7E0'
2024-09-20 19:29:49,591  root       handle_request INFO     Unknown ELM command: '012E1', header=7E0
2024-09-20 19:29:49,592  root       handle_response DEBUG    Processing: '<writeln>?</writeln>'
2024-09-20 19:29:49,592  root       handle_response DEBUG    Write: '?\r\r>'
2024-09-20 19:29:49,593  root       run        DEBUG    Received '01301'
2024-09-20 19:29:49,593  root       handle_request DEBUG    Handling: '01301', header '7E0', ECU '7E0'
2024-09-20 19:29:49,594  root       handle_request INFO     Unknown ELM command: '01301', header=7E0
2024-09-20 19:29:49,595  root       handle_response DEBUG    Processing: '<writeln>?</writeln>'
2024-09-20 19:29:49,595  root       handle_response DEBUG    Write: '?\r\r>'
2024-09-20 19:29:49,596  root       run        DEBUG    Received '01311'
2024-09-20 19:29:49,596  root       handle_request DEBUG    Handling: '01311', header '7E0', ECU '7E0'
2024-09-20 19:29:49,596  root       handle_request DEBUG    Description: Distance traveled since codes cleared, PID DISTANCE_SINCE_DTC_CLEAR (01311)
2024-09-20 19:29:49,597  root       handle_response DEBUG    Processing: '<pos_answer>C8 1F</pos_answer>'
2024-09-20 19:29:49,597  root       handle_response DEBUG    Write: '7E8 04 41 31 C8 1F \r\r>'
2024-09-20 19:29:49,598  root       run        DEBUG    Received '01331'
2024-09-20 19:29:49,598  root       handle_request DEBUG    Handling: '01331', header '7E0', ECU '7E0'
2024-09-20 19:29:49,599  root       handle_request DEBUG    Description: Barometric Pressure, PID BAROMETRIC_PRESSURE (01331)
2024-09-20 19:29:49,599  root       handle_response DEBUG    Processing: '<pos_answer>65</pos_answer>'
2024-09-20 19:29:49,599  root       handle_response DEBUG    Write: '7E8 03 41 33 65 \r\r>'
2024-09-20 19:29:49,601  root       run        DEBUG    Received '01341'
2024-09-20 19:29:49,601  root       handle_request DEBUG    Handling: '01341', header '7E0', ECU '7E0'
2024-09-20 19:29:49,602  root       handle_request INFO     Unknown ELM command: '01341', header=7E0
2024-09-20 19:29:49,602  root       handle_response DEBUG    Processing: '<writeln>?</writeln>'
2024-09-20 19:29:49,603  root       handle_response DEBUG    Write: '?\r\r>'
2024-09-20 19:29:49,604  root       run        DEBUG    Received '013C1'
2024-09-20 19:29:49,605  root       handle_request DEBUG    Handling: '013C1', header '7E0', ECU '7E0'
2024-09-20 19:29:49,606  root       handle_request DEBUG    Description: Catalyst Temperature: Bank 1 - Sensor 1, PID CATALYST_TEMP_B1S1 (013C1)
2024-09-20 19:29:49,606  root       handle_response DEBUG    Processing: '<pos_answer>04 44</pos_answer>'
2024-09-20 19:29:49,607  root       handle_response DEBUG    Write: '7E8 04 41 3C 04 44 \r\r>'
2024-09-20 19:29:49,608  root       run        DEBUG    Received '013E1'
2024-09-20 19:29:49,608  root       handle_request DEBUG    Handling: '013E1', header '7E0', ECU '7E0'
2024-09-20 19:29:49,609  root       handle_request INFO     Unknown ELM command: '013E1', header=7E0
2024-09-20 19:29:49,610  root       handle_response DEBUG    Processing: '<writeln>?</writeln>'
2024-09-20 19:29:49,610  root       handle_response DEBUG    Write: '?\r\r>'
2024-09-20 19:29:49,611  root       run        DEBUG    Received '01421'
2024-09-20 19:29:49,611  root       handle_request DEBUG    Handling: '01421', header '7E0', ECU '7E0'
2024-09-20 19:29:49,611  root       handle_request DEBUG    Description: Control module voltage, PID CONTROL_MODULE_VOLTAGE (01421)
2024-09-20 19:29:49,611  root       handle_response DEBUG    Processing: '<pos_answer>39 D6</pos_answer>'
2024-09-20 19:29:49,612  root       handle_response DEBUG    Write: '7E8 04 41 42 39 D6 \r\r>'
2024-09-20 19:29:49,613  root       run        DEBUG    Received '01431'
2024-09-20 19:29:49,613  root       handle_request DEBUG    Handling: '01431', header '7E0', ECU '7E0'
2024-09-20 19:29:49,614  root       handle_request INFO     Unknown ELM command: '01431', header=7E0
2024-09-20 19:29:49,614  root       handle_response DEBUG    Processing: '<writeln>?</writeln>'
2024-09-20 19:29:49,614  root       handle_response DEBUG    Write: '?\r\r>'
2024-09-20 19:29:49,615  root       run        DEBUG    Received '01441'
2024-09-20 19:29:49,615  root       handle_request DEBUG    Handling: '01441', header '7E0', ECU '7E0'
2024-09-20 19:29:49,616  root       handle_request INFO     Unknown ELM command: '01441', header=7E0
2024-09-20 19:29:49,616  root       handle_response DEBUG    Processing: '<writeln>?</writeln>'
2024-09-20 19:29:49,616  root       handle_response DEBUG    Write: '?\r\r>'
2024-09-20 19:29:49,617  root       run        DEBUG    Received '01451'
2024-09-20 19:29:49,617  root       handle_request DEBUG    Handling: '01451', header '7E0', ECU '7E0'
2024-09-20 19:29:49,617  root       handle_request INFO     Unknown ELM command: '01451', header=7E0
2024-09-20 19:29:49,617  root       handle_response DEBUG    Processing: '<writeln>?</writeln>'
2024-09-20 19:29:49,618  root       handle_response DEBUG    Write: '?\r\r>'
2024-09-20 19:29:49,618  root       run        DEBUG    Received '01471'
2024-09-20 19:29:49,618  root       handle_request DEBUG    Handling: '01471', header '7E0', ECU '7E0'
2024-09-20 19:29:49,619  root       handle_request INFO     Unknown ELM command: '01471', header=7E0
2024-09-20 19:29:49,619  root       handle_response DEBUG    Processing: '<writeln>?</writeln>'
2024-09-20 19:29:49,619  root       handle_response DEBUG    Write: '?\r\r>'
2024-09-20 19:29:49,620  root       run        DEBUG    Received '014C1'
2024-09-20 19:29:49,620  root       handle_request DEBUG    Handling: '014C1', header '7E0', ECU '7E0'
2024-09-20 19:29:49,620  root       handle_request DEBUG    Description: Commanded throttle actuator, PID THROTTLE_ACTUATOR (014C1)
2024-09-20 19:29:49,621  root       handle_response DEBUG    Processing: '<pos_answer>00</pos_answer>'
2024-09-20 19:29:49,621  root       handle_response DEBUG    Write: '7E8 03 41 4C 00 \r\r>'
2024-09-20 19:29:49,622  root       run        DEBUG    Received '014D1'
2024-09-20 19:29:49,622  root       handle_request DEBUG    Handling: '014D1', header '7E0', ECU '7E0'
2024-09-20 19:29:49,622  root       handle_request DEBUG    Description: Time run with MIL on, PID RUN_TIME_MIL (014D1)
2024-09-20 19:29:49,622  root       handle_response DEBUG    Processing: '<pos_answer>00 00</pos_answer>'
2024-09-20 19:29:49,622  root       handle_response DEBUG    Write: '7E8 04 41 4D 00 00 \r\r>'
2024-09-20 19:29:49,623  root       run        DEBUG    Received '014E1'
2024-09-20 19:29:49,623  root       handle_request DEBUG    Handling: '014E1', header '7E0', ECU '7E0'
2024-09-20 19:29:49,623  root       handle_request DEBUG    Description: Time since trouble codes cleared, PID TIME_SINCE_DTC_CLEARED (014E1)
2024-09-20 19:29:49,623  root       handle_response DEBUG    Processing: '<pos_answer>4C 69</pos_answer>'
2024-09-20 19:29:49,623  root       handle_response DEBUG    Write: '7E8 04 41 4E 4C 69 \r\r>'
2024-09-20 19:29:49,623  root       run        DEBUG    Received '01511'
2024-09-20 19:29:49,624  root       handle_request DEBUG    Handling: '01511', header '7E0', ECU '7E0'
2024-09-20 19:29:49,624  root       handle_request DEBUG    Description: Fuel Type, PID FUEL_TYPE (01511)
2024-09-20 19:29:49,624  root       handle_response DEBUG    Processing: '<pos_answer>01</pos_answer>'
2024-09-20 19:29:49,624  root       handle_response DEBUG    Write: '7E8 03 41 51 01 \r\r>'
2024-09-20 19:29:49,875  root       run        DEBUG    Received '01002'
2024-09-20 19:29:49,876  root       handle_request DEBUG    Handling: '01002', header '7E0', ECU '7E0'
2024-09-20 19:29:49,876  root       handle_request DEBUG    Description: PIDS_A, PID ELM_PIDS_A (01002)
2024-09-20 19:29:49,876  root       handle_response DEBUG    Processing: '<header>7EA</header><size>06</size><data>41 00 98 3A 80 13</data><pos_answer>BE 3F A8 13</pos_answer>'
2024-09-20 19:29:49,877  root       handle_response DEBUG    Write: '7EA 06 41 00 98 3A 80 13 \r7E8 06 41 00 BE 3F A8 13 \r\r>'
2024-09-20 19:29:49,879  root       run        DEBUG    Received '01202'
2024-09-20 19:29:49,879  root       handle_request DEBUG    Handling: '01202', header '7E0', ECU '7E0'
2024-09-20 19:29:49,880  root       handle_request DEBUG    Description: PIDS_B, PID ELM_PIDS_B (01202)
2024-09-20 19:29:49,881  root       handle_response DEBUG    Processing: '<header>7EA</header><size>06</size><data>41 20 80 01 A0 01</data><pos_answer>90 15 B0 15</pos_answer>'
2024-09-20 19:29:49,882  root       handle_response DEBUG    Write: '7EA 06 41 20 80 01 A0 01 \r7E8 06 41 20 90 15 B0 15 \r\r>'
2024-09-20 19:29:49,883  root       run        DEBUG    Received '01402'
2024-09-20 19:29:49,884  root       handle_request DEBUG    Handling: '01402', header '7E0', ECU '7E0'
2024-09-20 19:29:49,885  root       handle_request DEBUG    Description: PIDS_C, PID ELM_PIDS_C (01402)
2024-09-20 19:29:49,885  root       handle_response DEBUG    Processing: '<header>7EA</header><size>06</size><data>41 40 44 CC 00 21</data><pos_answer>7A 1C 80 00</pos_answer>'
2024-09-20 19:29:49,886  root       handle_response DEBUG    Write: '7EA 06 41 40 44 CC 00 21 \r7E8 06 41 40 7A 1C 80 00 \r\r>'
2024-09-20 19:29:49,888  root       run        DEBUG    Received '01011'
2024-09-20 19:29:49,888  root       handle_request DEBUG    Handling: '01011', header '7E0', ECU '7E0'
2024-09-20 19:29:49,889  root       handle_request INFO     Unknown ELM command: '01011', header=7E0
2024-09-20 19:29:49,890  root       handle_response DEBUG    Processing: '<writeln>?</writeln>'
2024-09-20 19:29:49,890  root       handle_response DEBUG    Write: '?\r\r>'
2024-09-20 19:29:49,897  root       run        DEBUG    Received '01031'
2024-09-20 19:29:49,898  root       handle_request DEBUG    Handling: '01031', header '7E0', ECU '7E0'
2024-09-20 19:29:49,898  root       handle_request DEBUG    Description: Fuel System Status, PID FUEL_STATUS (01031)
2024-09-20 19:29:49,899  root       handle_response DEBUG    Processing: '<pos_answer>00 00</pos_answer>'
2024-09-20 19:29:49,899  root       handle_response DEBUG    Write: '7E8 04 41 03 00 00 \r\r>'
2024-09-20 19:29:49,901  root       run        DEBUG    Received '01041'
2024-09-20 19:29:49,902  root       handle_request DEBUG    Handling: '01041', header '7E0', ECU '7E0'
2024-09-20 19:29:49,902  root       handle_request DEBUG    Description: Calculated Engine Load, PID ENGINE_LOAD (01041)
2024-09-20 19:29:49,903  root       handle_response DEBUG    Processing: '<pos_answer>00</pos_answer>'
2024-09-20 19:29:49,904  root       handle_response DEBUG    Write: '7E8 03 41 04 00 \r\r>'
2024-09-20 19:29:49,905  root       run        DEBUG    Received '01051'
2024-09-20 19:29:49,906  root       handle_request DEBUG    Handling: '01051', header '7E0', ECU '7E0'
2024-09-20 19:29:49,906  root       handle_request DEBUG    Description: Engine Coolant Temperature, PID COOLANT_TEMP (01051)
2024-09-20 19:29:49,906  root       handle_response DEBUG    Processing: '<pos_answer>7B</pos_answer>'
2024-09-20 19:29:49,907  root       handle_response DEBUG    Write: '7E8 03 41 05 7B \r\r>'
2024-09-20 19:29:49,908  root       run        DEBUG    Received '01061'
2024-09-20 19:29:49,908  root       handle_request DEBUG    Handling: '01061', header '7E0', ECU '7E0'
2024-09-20 19:29:49,909  root       handle_request INFO     Unknown ELM command: '01061', header=7E0
2024-09-20 19:29:49,909  root       handle_response DEBUG    Processing: '<writeln>?</writeln>'
2024-09-20 19:29:49,910  root       handle_response DEBUG    Write: '?\r\r>'
2024-09-20 19:29:49,911  root       run        DEBUG    Received '01071'
2024-09-20 19:29:49,911  root       handle_request DEBUG    Handling: '01071', header '7E0', ECU '7E0'
2024-09-20 19:29:49,912  root       handle_request INFO     Unknown ELM command: '01071', header=7E0
2024-09-20 19:29:49,912  root       handle_response DEBUG    Processing: '<writeln>?</writeln>'
2024-09-20 19:29:49,912  root       handle_response DEBUG    Write: '?\r\r>'
2024-09-20 19:29:49,913  root       run        DEBUG    Received '010B1'
2024-09-20 19:29:49,914  root       handle_request DEBUG    Handling: '010B1', header '7E0', ECU '7E0'
2024-09-20 19:29:49,914  root       handle_request DEBUG    Description: Intake Manifold Pressure, PID INTAKE_PRESSURE (010B1)
2024-09-20 19:29:49,914  root       handle_response DEBUG    Processing: '<pos_answer>73</pos_answer>'
2024-09-20 19:29:49,914  root       handle_response DEBUG    Write: '7E8 03 41 0B 73 \r\r>'
2024-09-20 19:29:49,915  root       run        DEBUG    Received '010C2'
2024-09-20 19:29:49,916  root       handle_request DEBUG    Handling: '010C2', header '7E0', ECU '7E0'
2024-09-20 19:29:49,916  root       handle_request DEBUG    Description: Engine RPM, PID RPM (010C2)
2024-09-20 19:29:49,916  root       handle_response DEBUG    Processing: '<pos_answer>0F F0</pos_answer> <header>7EA</header><size>04</size><data>41 0C 0F F0</data>'
2024-09-20 19:29:49,917  root       handle_response DEBUG    Write: '7E8 04 41 0C 0F F0 \r7EA 04 41 0C 0F F0 \r\r>'
2024-09-20 19:29:49,917  root       run        DEBUG    Received '010D2'
2024-09-20 19:29:49,918  root       handle_request DEBUG    Handling: '010D2', header '7E0', ECU '7E0'
2024-09-20 19:29:49,918  root       handle_request DEBUG    Description: Vehicle Speed, PID SPEED (010D2)
2024-09-20 19:29:49,918  root       handle_response DEBUG    Processing: '<pos_answer>04</pos_answer> <header>7EA</header><size>03</size><data>41 0D 04</data>'
2024-09-20 19:29:49,919  root       handle_response DEBUG    Write: '7E8 03 41 0D 04 \r7EA 03 41 0D 04 \r\r>'
2024-09-20 19:29:49,920  root       run        DEBUG    Received '010E1'
2024-09-20 19:29:49,920  root       handle_request DEBUG    Handling: '010E1', header '7E0', ECU '7E0'
2024-09-20 19:29:49,921  root       handle_request INFO     Unknown ELM command: '010E1', header=7E0
2024-09-20 19:29:49,921  root       handle_response DEBUG    Processing: '<writeln>?</writeln>'
2024-09-20 19:29:49,921  root       handle_response DEBUG    Write: '?\r\r>'
2024-09-20 19:29:49,922  root       run        DEBUG    Received '010F1'
2024-09-20 19:29:49,922  root       handle_request DEBUG    Handling: '010F1', header '7E0', ECU '7E0'
2024-09-20 19:29:49,923  root       handle_request DEBUG    Description: Intake Air Temp, PID INTAKE_TEMP (010F1)
2024-09-20 19:29:49,923  root       handle_response DEBUG    Processing: '<pos_answer>44</pos_answer>'
2024-09-20 19:29:49,923  root       handle_response DEBUG    Write: '7E8 03 41 0F 44 \r\r>'
2024-09-20 19:29:49,924  root       run        DEBUG    Received '01101'
2024-09-20 19:29:49,924  root       handle_request DEBUG    Handling: '01101', header '7E0', ECU '7E0'
2024-09-20 19:29:49,924  root       handle_request DEBUG    Description: Air Flow Rate (MAF), PID MAF (01101)
2024-09-20 19:29:49,924  root       handle_response DEBUG    Processing: '<pos_answer>05 1F</pos_answer>'
2024-09-20 19:29:49,925  root       handle_response DEBUG    Write: '7E8 04 41 10 05 1F \r\r>'
2024-09-20 19:29:49,926  root       run        DEBUG    Received '01111'
2024-09-20 19:29:49,926  root       handle_request DEBUG    Handling: '01111', header '7E0', ECU '7E0'
2024-09-20 19:29:49,926  root       handle_request DEBUG    Description: Throttle Position, PID THROTTLE_POS (01111)
2024-09-20 19:29:49,926  root       handle_response DEBUG    Processing: '<pos_answer>FF</pos_answer>'
2024-09-20 19:29:49,927  root       handle_response DEBUG    Write: '7E8 03 41 11 FF \r\r>'
2024-09-20 19:29:49,928  root       run        DEBUG    Received '01131'
2024-09-20 19:29:49,928  root       handle_request DEBUG    Handling: '01131', header '7E0', ECU '7E0'
2024-09-20 19:29:49,929  root       handle_request INFO     Unknown ELM command: '01131', header=7E0
2024-09-20 19:29:49,929  root       handle_response DEBUG    Processing: '<writeln>?</writeln>'
2024-09-20 19:29:49,929  root       handle_response DEBUG    Write: '?\r\r>'
2024-09-20 19:29:49,930  root       run        DEBUG    Received '01151'
2024-09-20 19:29:49,930  root       handle_request DEBUG    Handling: '01151', header '7E0', ECU '7E0'
2024-09-20 19:29:49,931  root       handle_request INFO     Unknown ELM command: '01151', header=7E0
2024-09-20 19:29:49,931  root       handle_response DEBUG    Processing: '<writeln>?</writeln>'
2024-09-20 19:29:49,931  root       handle_response DEBUG    Write: '?\r\r>'
2024-09-20 19:29:49,932  root       run        DEBUG    Received '011C1'
2024-09-20 19:29:49,932  root       handle_request DEBUG    Handling: '011C1', header '7E0', ECU '7E0'
2024-09-20 19:29:49,933  root       handle_request DEBUG    Description: OBD Standards Compliance, PID OBD_COMPLIANCE (011C1)
2024-09-20 19:29:49,933  root       handle_response DEBUG    Processing: '<pos_answer>06</pos_answer>'
2024-09-20 19:29:49,933  root       handle_response DEBUG    Write: '7E8 03 41 1C 06 \r\r>'
2024-09-20 19:29:49,934  root       run        DEBUG    Received '011F1'
2024-09-20 19:29:49,934  root       handle_request DEBUG    Handling: '011F1', header '7E0', ECU '7E0'
2024-09-20 19:29:49,934  root       handle_request DEBUG    Description: Engine Run Time, PID RUN_TIME (011F1)
2024-09-20 19:29:49,934  root       handle_response DEBUG    Processing: '<pos_answer>00 8C</pos_answer>'
2024-09-20 19:29:49,934  root       handle_response DEBUG    Write: '7E8 04 41 1F 00 8C \r\r>'
2024-09-20 19:29:49,935  root       run        DEBUG    Received '01211'
2024-09-20 19:29:49,935  root       handle_request DEBUG    Handling: '01211', header '7E0', ECU '7E0'
2024-09-20 19:29:49,936  root       handle_request DEBUG    Description: Distance Traveled with MIL on, PID DISTANCE_W_MIL (01211)
2024-09-20 19:29:49,936  root       handle_response DEBUG    Processing: '<pos_answer>00 00</pos_answer>'
2024-09-20 19:29:49,936  root       handle_response DEBUG    Write: '7E8 04 41 21 00 00 \r\r>'
2024-09-20 19:29:49,937  root       run        DEBUG    Received '01241'
2024-09-20 19:29:49,937  root       handle_request DEBUG    Handling: '01241', header '7E0', ECU '7E0'
2024-09-20 19:29:49,938  root       handle_request INFO     Unknown ELM command: '01241', header=7E0
2024-09-20 19:29:49,938  root       handle_response DEBUG    Processing: '<writeln>?</writeln>'
2024-09-20 19:29:49,938  root       handle_response DEBUG    Write: '?\r\r>'
2024-09-20 19:29:49,939  root       run        DEBUG    Received '012C1'
2024-09-20 19:29:49,939  root       handle_request DEBUG    Handling: '012C1', header '7E0', ECU '7E0'
2024-09-20 19:29:49,939  root       handle_request DEBUG    Description: Commanded EGR, PID COMMANDED_EGR (012C1)
2024-09-20 19:29:49,940  root       handle_response DEBUG    Processing: '<pos_answer>0D</pos_answer>'
2024-09-20 19:29:49,940  root       handle_response DEBUG    Write: '7E8 03 41 2C 0D \r\r>'
2024-09-20 19:29:49,941  root       run        DEBUG    Received '012E1'
2024-09-20 19:29:49,941  root       handle_request DEBUG    Handling: '012E1', header '7E0', ECU '7E0'
2024-09-20 19:29:49,941  root       handle_request INFO     Unknown ELM command: '012E1', header=7E0
2024-09-20 19:29:49,942  root       handle_response DEBUG    Processing: '<writeln>?</writeln>'
2024-09-20 19:29:49,942  root       handle_response DEBUG    Write: '?\r\r>'
2024-09-20 19:29:49,942  root       run        DEBUG    Received '01301'
2024-09-20 19:29:49,943  root       handle_request DEBUG    Handling: '01301', header '7E0', ECU '7E0'
2024-09-20 19:29:49,943  root       handle_request INFO     Unknown ELM command: '01301', header=7E0
2024-09-20 19:29:49,943  root       handle_response DEBUG    Processing: '<writeln>?</writeln>'
2024-09-20 19:29:49,944  root       handle_response DEBUG    Write: '?\r\r>'
2024-09-20 19:29:49,944  root       run        DEBUG    Received '01311'
2024-09-20 19:29:49,944  root       handle_request DEBUG    Handling: '01311', header '7E0', ECU '7E0'
2024-09-20 19:29:49,945  root       handle_request DEBUG    Description: Distance traveled since codes cleared, PID DISTANCE_SINCE_DTC_CLEAR (01311)
2024-09-20 19:29:49,945  root       handle_response DEBUG    Processing: '<pos_answer>C8 1F</pos_answer>'
2024-09-20 19:29:49,945  root       handle_response DEBUG    Write: '7E8 04 41 31 C8 1F \r\r>'
2024-09-20 19:29:49,946  root       run        DEBUG    Received '01331'
2024-09-20 19:29:49,946  root       handle_request DEBUG    Handling: '01331', header '7E0', ECU '7E0'
2024-09-20 19:29:49,946  root       handle_request DEBUG    Description: Barometric Pressure, PID BAROMETRIC_PRESSURE (01331)
2024-09-20 19:29:49,946  root       handle_response DEBUG    Processing: '<pos_answer>65</pos_answer>'
2024-09-20 19:29:49,946  root       handle_response DEBUG    Write: '7E8 03 41 33 65 \r\r>'
2024-09-20 19:29:49,947  root       run        DEBUG    Received '01341'
2024-09-20 19:29:49,947  root       handle_request DEBUG    Handling: '01341', header '7E0', ECU '7E0'
2024-09-20 19:29:49,948  root       handle_request INFO     Unknown ELM command: '01341', header=7E0
2024-09-20 19:29:49,948  root       handle_response DEBUG    Processing: '<writeln>?</writeln>'
2024-09-20 19:29:49,948  root       handle_response DEBUG    Write: '?\r\r>'
2024-09-20 19:29:49,949  root       run        DEBUG    Received '013C1'
2024-09-20 19:29:49,949  root       handle_request DEBUG    Handling: '013C1', header '7E0', ECU '7E0'
2024-09-20 19:29:49,949  root       handle_request DEBUG    Description: Catalyst Temperature: Bank 1 - Sensor 1, PID CATALYST_TEMP_B1S1 (013C1)
2024-09-20 19:29:49,950  root       handle_response DEBUG    Processing: '<pos_answer>04 44</pos_answer>'
2024-09-20 19:29:49,950  root       handle_response DEBUG    Write: '7E8 04 41 3C 04 44 \r\r>'
2024-09-20 19:29:49,951  root       run        DEBUG    Received '013E1'
2024-09-20 19:29:49,951  root       handle_request DEBUG    Handling: '013E1', header '7E0', ECU '7E0'
2024-09-20 19:29:49,951  root       handle_request INFO     Unknown ELM command: '013E1', header=7E0
2024-09-20 19:29:49,952  root       handle_response DEBUG    Processing: '<writeln>?</writeln>'
2024-09-20 19:29:49,952  root       handle_response DEBUG    Write: '?\r\r>'
2024-09-20 19:29:49,953  root       run        DEBUG    Received '01421'
2024-09-20 19:29:49,953  root       handle_request DEBUG    Handling: '01421', header '7E0', ECU '7E0'
2024-09-20 19:29:49,953  root       handle_request DEBUG    Description: Control module voltage, PID CONTROL_MODULE_VOLTAGE (01421)
2024-09-20 19:29:49,953  root       handle_response DEBUG    Processing: '<pos_answer>39 D6</pos_answer>'
2024-09-20 19:29:49,953  root       handle_response DEBUG    Write: '7E8 04 41 42 39 D6 \r\r>'
2024-09-20 19:29:49,954  root       run        DEBUG    Received '01431'
2024-09-20 19:29:49,954  root       handle_request DEBUG    Handling: '01431', header '7E0', ECU '7E0'
2024-09-20 19:29:49,955  root       handle_request INFO     Unknown ELM command: '01431', header=7E0
2024-09-20 19:29:49,955  root       handle_response DEBUG    Processing: '<writeln>?</writeln>'
2024-09-20 19:29:49,956  root       handle_response DEBUG    Write: '?\r\r>'
2024-09-20 19:29:49,956  root       run        DEBUG    Received '01441'
2024-09-20 19:29:49,957  root       handle_request DEBUG    Handling: '01441', header '7E0', ECU '7E0'
2024-09-20 19:29:49,957  root       handle_request INFO     Unknown ELM command: '01441', header=7E0
2024-09-20 19:29:49,957  root       handle_response DEBUG    Processing: '<writeln>?</writeln>'
2024-09-20 19:29:49,958  root       handle_response DEBUG    Write: '?\r\r>'
2024-09-20 19:29:49,958  root       run        DEBUG    Received '01451'
2024-09-20 19:29:49,958  root       handle_request DEBUG    Handling: '01451', header '7E0', ECU '7E0'
2024-09-20 19:29:49,959  root       handle_request INFO     Unknown ELM command: '01451', header=7E0
2024-09-20 19:29:49,959  root       handle_response DEBUG    Processing: '<writeln>?</writeln>'
2024-09-20 19:29:49,959  root       handle_response DEBUG    Write: '?\r\r>'
2024-09-20 19:29:49,960  root       run        DEBUG    Received '01471'
2024-09-20 19:29:49,960  root       handle_request DEBUG    Handling: '01471', header '7E0', ECU '7E0'
2024-09-20 19:29:49,961  root       handle_request INFO     Unknown ELM command: '01471', header=7E0
2024-09-20 19:29:49,961  root       handle_response DEBUG    Processing: '<writeln>?</writeln>'
2024-09-20 19:29:49,961  root       handle_response DEBUG    Write: '?\r\r>'
2024-09-20 19:29:49,962  root       run        DEBUG    Received '014C1'
2024-09-20 19:29:49,962  root       handle_request DEBUG    Handling: '014C1', header '7E0', ECU '7E0'
2024-09-20 19:29:49,962  root       handle_request DEBUG    Description: Commanded throttle actuator, PID THROTTLE_ACTUATOR (014C1)
2024-09-20 19:29:49,962  root       handle_response DEBUG    Processing: '<pos_answer>00</pos_answer>'
2024-09-20 19:29:49,962  root       handle_response DEBUG    Write: '7E8 03 41 4C 00 \r\r>'
2024-09-20 19:29:49,963  root       run        DEBUG    Received '014D1'
2024-09-20 19:29:49,963  root       handle_request DEBUG    Handling: '014D1', header '7E0', ECU '7E0'
2024-09-20 19:29:49,963  root       handle_request DEBUG    Description: Time run with MIL on, PID RUN_TIME_MIL (014D1)
2024-09-20 19:29:49,964  root       handle_response DEBUG    Processing: '<pos_answer>00 00</pos_answer>'
2024-09-20 19:29:49,964  root       handle_response DEBUG    Write: '7E8 04 41 4D 00 00 \r\r>'
2024-09-20 19:29:49,964  root       run        DEBUG    Received '014E1'
2024-09-20 19:29:49,965  root       handle_request DEBUG    Handling: '014E1', header '7E0', ECU '7E0'
2024-09-20 19:29:49,965  root       handle_request DEBUG    Description: Time since trouble codes cleared, PID TIME_SINCE_DTC_CLEARED (014E1)
2024-09-20 19:29:49,965  root       handle_response DEBUG    Processing: '<pos_answer>4C 69</pos_answer>'
2024-09-20 19:29:49,965  root       handle_response DEBUG    Write: '7E8 04 41 4E 4C 69 \r\r>'
2024-09-20 19:29:49,966  root       run        DEBUG    Received '01511'
2024-09-20 19:29:49,966  root       handle_request DEBUG    Handling: '01511', header '7E0', ECU '7E0'
2024-09-20 19:29:49,966  root       handle_request DEBUG    Description: Fuel Type, PID FUEL_TYPE (01511)
2024-09-20 19:29:49,966  root       handle_response DEBUG    Processing: '<pos_answer>01</pos_answer>'
2024-09-20 19:29:49,967  root       handle_response DEBUG    Write: '7E8 03 41 51 01 \r\r>'
2024-09-20 19:29:50,218  root       run        DEBUG    Received '01002'
2024-09-20 19:29:50,218  root       handle_request DEBUG    Handling: '01002', header '7E0', ECU '7E0'
2024-09-20 19:29:50,219  root       handle_request DEBUG    Description: PIDS_A, PID ELM_PIDS_A (01002)
2024-09-20 19:29:50,219  root       handle_response DEBUG    Processing: '<header>7EA</header><size>06</size><data>41 00 98 3A 80 13</data><pos_answer>BE 3F A8 13</pos_answer>'
2024-09-20 19:29:50,220  root       handle_response DEBUG    Write: '7EA 06 41 00 98 3A 80 13 \r7E8 06 41 00 BE 3F A8 13 \r\r>'
2024-09-20 19:29:50,221  root       run        DEBUG    Received '01202'
2024-09-20 19:29:50,222  root       handle_request DEBUG    Handling: '01202', header '7E0', ECU '7E0'
2024-09-20 19:29:50,222  root       handle_request DEBUG    Description: PIDS_B, PID ELM_PIDS_B (01202)
2024-09-20 19:29:50,223  root       handle_response DEBUG    Processing: '<header>7EA</header><size>06</size><data>41 20 80 01 A0 01</data><pos_answer>90 15 B0 15</pos_answer>'
2024-09-20 19:29:50,223  root       handle_response DEBUG    Write: '7EA 06 41 20 80 01 A0 01 \r7E8 06 41 20 90 15 B0 15 \r\r>'
2024-09-20 19:29:50,225  root       run        DEBUG    Received '01402'
2024-09-20 19:29:50,225  root       handle_request DEBUG    Handling: '01402', header '7E0', ECU '7E0'
2024-09-20 19:29:50,226  root       handle_request DEBUG    Description: PIDS_C, PID ELM_PIDS_C (01402)
2024-09-20 19:29:50,226  root       handle_response DEBUG    Processing: '<header>7EA</header><size>06</size><data>41 40 44 CC 00 21</data><pos_answer>7A 1C 80 00</pos_answer>'
2024-09-20 19:29:50,227  root       handle_response DEBUG    Write: '7EA 06 41 40 44 CC 00 21 \r7E8 06 41 40 7A 1C 80 00 \r\r>'
2024-09-20 19:29:50,228  root       run        DEBUG    Received '01011'
2024-09-20 19:29:50,229  root       handle_request DEBUG    Handling: '01011', header '7E0', ECU '7E0'
2024-09-20 19:29:50,230  root       handle_request INFO     Unknown ELM command: '01011', header=7E0
2024-09-20 19:29:50,230  root       handle_response DEBUG    Processing: '<writeln>?</writeln>'
2024-09-20 19:29:50,231  root       handle_response DEBUG    Write: '?\r\r>'
2024-09-20 19:29:50,237  root       run        DEBUG    Received '01031'
2024-09-20 19:29:50,238  root       handle_request DEBUG    Handling: '01031', header '7E0', ECU '7E0'
2024-09-20 19:29:50,238  root       handle_request DEBUG    Description: Fuel System Status, PID FUEL_STATUS (01031)
2024-09-20 19:29:50,239  root       handle_response DEBUG    Processing: '<pos_answer>00 00</pos_answer>'
2024-09-20 19:29:50,239  root       handle_response DEBUG    Write: '7E8 04 41 03 00 00 \r\r>'
2024-09-20 19:29:50,241  root       run        DEBUG    Received '01041'
2024-09-20 19:29:50,241  root       handle_request DEBUG    Handling: '01041', header '7E0', ECU '7E0'
2024-09-20 19:29:50,242  root       handle_request DEBUG    Description: Calculated Engine Load, PID ENGINE_LOAD (01041)
2024-09-20 19:29:50,242  root       handle_response DEBUG    Processing: '<pos_answer>00</pos_answer>'
2024-09-20 19:29:50,243  root       handle_response DEBUG    Write: '7E8 03 41 04 00 \r\r>'
2024-09-20 19:29:50,245  root       run        DEBUG    Received '01051'
2024-09-20 19:29:50,245  root       handle_request DEBUG    Handling: '01051', header '7E0', ECU '7E0'
2024-09-20 19:29:50,246  root       handle_request DEBUG    Description: Engine Coolant Temperature, PID COOLANT_TEMP (01051)
2024-09-20 19:29:50,246  root       handle_response DEBUG    Processing: '<pos_answer>7B</pos_answer>'
2024-09-20 19:29:50,247  root       handle_response DEBUG    Write: '7E8 03 41 05 7B \r\r>'
2024-09-20 19:29:50,249  root       run        DEBUG    Received '01061'
2024-09-20 19:29:50,249  root       handle_request DEBUG    Handling: '01061', header '7E0', ECU '7E0'
2024-09-20 19:29:50,251  root       handle_request INFO     Unknown ELM command: '01061', header=7E0
2024-09-20 19:29:50,252  root       handle_response DEBUG    Processing: '<writeln>?</writeln>'
2024-09-20 19:29:50,253  root       handle_response DEBUG    Write: '?\r\r>'
2024-09-20 19:29:50,255  root       run        DEBUG    Received '01071'
2024-09-20 19:29:50,255  root       handle_request DEBUG    Handling: '01071', header '7E0', ECU '7E0'
2024-09-20 19:29:50,256  root       handle_request INFO     Unknown ELM command: '01071', header=7E0
2024-09-20 19:29:50,257  root       handle_response DEBUG    Processing: '<writeln>?</writeln>'
2024-09-20 19:29:50,257  root       handle_response DEBUG    Write: '?\r\r>'
2024-09-20 19:29:50,259  root       run        DEBUG    Received '010B1'
2024-09-20 19:29:50,259  root       handle_request DEBUG    Handling: '010B1', header '7E0', ECU '7E0'
2024-09-20 19:29:50,260  root       handle_request DEBUG    Description: Intake Manifold Pressure, PID INTAKE_PRESSURE (010B1)
2024-09-20 19:29:50,260  root       handle_response DEBUG    Processing: '<pos_answer>73</pos_answer>'
2024-09-20 19:29:50,260  root       handle_response DEBUG    Write: '7E8 03 41 0B 73 \r\r>'
2024-09-20 19:29:50,262  root       run        DEBUG    Received '010C2'
2024-09-20 19:29:50,263  root       handle_request DEBUG    Handling: '010C2', header '7E0', ECU '7E0'
2024-09-20 19:29:50,263  root       handle_request DEBUG    Description: Engine RPM, PID RPM (010C2)
2024-09-20 19:29:50,263  root       handle_response DEBUG    Processing: '<pos_answer>10 40</pos_answer> <header>7EA</header><size>04</size><data>41 0C 10 40</data>'
2024-09-20 19:29:50,264  root       handle_response DEBUG    Write: '7E8 04 41 0C 10 40 \r7EA 04 41 0C 10 40 \r\r>'
2024-09-20 19:29:50,266  root       run        DEBUG    Received '010D2'
2024-09-20 19:29:50,266  root       handle_request DEBUG    Handling: '010D2', header '7E0', ECU '7E0'
2024-09-20 19:29:50,266  root       handle_request DEBUG    Description: Vehicle Speed, PID SPEED (010D2)
2024-09-20 19:29:50,267  root       handle_response DEBUG    Processing: '<pos_answer>08</pos_answer> <header>7EA</header><size>03</size><data>41 0D 08</data>'
2024-09-20 19:29:50,267  root       handle_response DEBUG    Write: '7E8 03 41 0D 08 \r7EA 03 41 0D 08 \r\r>'
2024-09-20 19:29:50,270  root       run        DEBUG    Received '010E1'
2024-09-20 19:29:50,270  root       handle_request DEBUG    Handling: '010E1', header '7E0', ECU '7E0'
2024-09-20 19:29:50,272  root       handle_request INFO     Unknown ELM command: '010E1', header=7E0
2024-09-20 19:29:50,273  root       handle_response DEBUG    Processing: '<writeln>?</writeln>'
2024-09-20 19:29:50,273  root       handle_response DEBUG    Write: '?\r\r>'
2024-09-20 19:29:50,275  root       run        DEBUG    Received '010F1'
2024-09-20 19:29:50,275  root       handle_request DEBUG    Handling: '010F1', header '7E0', ECU '7E0'
2024-09-20 19:29:50,276  root       handle_request DEBUG    Description: Intake Air Temp, PID INTAKE_TEMP (010F1)
2024-09-20 19:29:50,276  root       handle_response DEBUG    Processing: '<pos_answer>44</pos_answer>'
2024-09-20 19:29:50,277  root       handle_response DEBUG    Write: '7E8 03 41 0F 44 \r\r>'
2024-09-20 19:29:50,278  root       run        DEBUG    Received '01101'
2024-09-20 19:29:50,279  root       handle_request DEBUG    Handling: '01101', header '7E0', ECU '7E0'
2024-09-20 19:29:50,279  root       handle_request DEBUG    Description: Air Flow Rate (MAF), PID MAF (01101)
2024-09-20 19:29:50,280  root       handle_response DEBUG    Processing: '<pos_answer>05 1F</pos_answer>'
2024-09-20 19:29:50,280  root       handle_response DEBUG    Write: '7E8 04 41 10 05 1F \r\r>'
2024-09-20 19:29:50,282  root       run        DEBUG    Received '01111'
2024-09-20 19:29:50,282  root       handle_request DEBUG    Handling: '01111', header '7E0', ECU '7E0'
2024-09-20 19:29:50,282  root       handle_request DEBUG    Description: Throttle Position, PID THROTTLE_POS (01111)
2024-09-20 19:29:50,283  root       handle_response DEBUG    Processing: '<pos_answer>FF</pos_answer>'
2024-09-20 19:29:50,283  root       handle_response DEBUG    Write: '7E8 03 41 11 FF \r\r>'
2024-09-20 19:29:50,285  root       run        DEBUG    Received '01131'
2024-09-20 19:29:50,286  root       handle_request DEBUG    Handling: '01131', header '7E0', ECU '7E0'
2024-09-20 19:29:50,287  root       handle_request INFO     Unknown ELM command: '01131', header=7E0
2024-09-20 19:29:50,287  root       handle_response DEBUG    Processing: '<writeln>?</writeln>'
2024-09-20 19:29:50,288  root       handle_response DEBUG    Write: '?\r\r>'
2024-09-20 19:29:50,290  root       run        DEBUG    Received '01151'
2024-09-20 19:29:50,290  root       handle_request DEBUG    Handling: '01151', header '7E0', ECU '7E0'
2024-09-20 19:29:50,291  root       handle_request INFO     Unknown ELM command: '01151', header=7E0
2024-09-20 19:29:50,292  root       handle_response DEBUG    Processing: '<writeln>?</writeln>'
2024-09-20 19:29:50,292  root       handle_response DEBUG    Write: '?\r\r>'
2024-09-20 19:29:50,294  root       run        DEBUG    Received '011C1'
2024-09-20 19:29:50,294  root       handle_request DEBUG    Handling: '011C1', header '7E0', ECU '7E0'
2024-09-20 19:29:50,294  root       handle_request DEBUG    Description: OBD Standards Compliance, PID OBD_COMPLIANCE (011C1)
2024-09-20 19:29:50,295  root       handle_response DEBUG    Processing: '<pos_answer>06</pos_answer>'
2024-09-20 19:29:50,295  root       handle_response DEBUG    Write: '7E8 03 41 1C 06 \r\r>'
2024-09-20 19:29:50,297  root       run        DEBUG    Received '011F1'
2024-09-20 19:29:50,297  root       handle_request DEBUG    Handling: '011F1', header '7E0', ECU '7E0'
2024-09-20 19:29:50,298  root       handle_request DEBUG    Description: Engine Run Time, PID RUN_TIME (011F1)
2024-09-20 19:29:50,298  root       handle_response DEBUG    Processing: '<pos_answer>00 8C</pos_answer>'
2024-09-20 19:29:50,299  root       handle_response DEBUG    Write: '7E8 04 41 1F 00 8C \r\r>'
2024-09-20 19:29:50,300  root       run        DEBUG    Received '01211'
2024-09-20 19:29:50,301  root       handle_request DEBUG    Handling: '01211', header '7E0', ECU '7E0'
2024-09-20 19:29:50,301  root       handle_request DEBUG    Description: Distance Traveled with MIL on, PID DISTANCE_W_MIL (01211)
2024-09-20 19:29:50,301  root       handle_response DEBUG    Processing: '<pos_answer>00 00</pos_answer>'
2024-09-20 19:29:50,302  root       handle_response DEBUG    Write: '7E8 04 41 21 00 00 \r\r>'
2024-09-20 19:29:50,304  root       run        DEBUG    Received '01241'
2024-09-20 19:29:50,305  root       handle_request DEBUG    Handling: '01241', header '7E0', ECU '7E0'
2024-09-20 19:29:50,307  root       handle_request INFO     Unknown ELM command: '01241', header=7E0
2024-09-20 19:29:50,308  root       handle_response DEBUG    Processing: '<writeln>?</writeln>'
2024-09-20 19:29:50,308  root       handle_response DEBUG    Write: '?\r\r>'
2024-09-20 19:29:50,310  root       run        DEBUG    Received '012C1'
2024-09-20 19:29:50,310  root       handle_request DEBUG    Handling: '012C1', header '7E0', ECU '7E0'
2024-09-20 19:29:50,311  root       handle_request DEBUG    Description: Commanded EGR, PID COMMANDED_EGR (012C1)
2024-09-20 19:29:50,311  root       handle_response DEBUG    Processing: '<pos_answer>0D</pos_answer>'
2024-09-20 19:29:50,312  root       handle_response DEBUG    Write: '7E8 03 41 2C 0D \r\r>'
2024-09-20 19:29:50,314  root       run        DEBUG    Received '012E1'
2024-09-20 19:29:50,314  root       handle_request DEBUG    Handling: '012E1', header '7E0', ECU '7E0'
2024-09-20 19:29:50,316  root       handle_request INFO     Unknown ELM command: '012E1', header=7E0
2024-09-20 19:29:50,317  root       handle_response DEBUG    Processing: '<writeln>?</writeln>'
2024-09-20 19:29:50,318  root       handle_response DEBUG    Write: '?\r\r>'
2024-09-20 19:29:50,320  root       run        DEBUG    Received '01301'
2024-09-20 19:29:50,320  root       handle_request DEBUG    Handling: '01301', header '7E0', ECU '7E0'
2024-09-20 19:29:50,321  root       handle_request INFO     Unknown ELM command: '01301', header=7E0
2024-09-20 19:29:50,322  root       handle_response DEBUG    Processing: '<writeln>?</writeln>'
2024-09-20 19:29:50,322  root       handle_response DEBUG    Write: '?\r\r>'
2024-09-20 19:29:50,324  root       run        DEBUG    Received '01311'
2024-09-20 19:29:50,324  root       handle_request DEBUG    Handling: '01311', header '7E0', ECU '7E0'
2024-09-20 19:29:50,325  root       handle_request DEBUG    Description: Distance traveled since codes cleared, PID DISTANCE_SINCE_DTC_CLEAR (01311)
2024-09-20 19:29:50,325  root       handle_response DEBUG    Processing: '<pos_answer>C8 1F</pos_answer>'
2024-09-20 19:29:50,326  root       handle_response DEBUG    Write: '7E8 04 41 31 C8 1F \r\r>'
2024-09-20 19:29:50,327  root       run        DEBUG    Received '01331'
2024-09-20 19:29:50,327  root       handle_request DEBUG    Handling: '01331', header '7E0', ECU '7E0'
2024-09-20 19:29:50,328  root       handle_request DEBUG    Description: Barometric Pressure, PID BAROMETRIC_PRESSURE (01331)
2024-09-20 19:29:50,328  root       handle_response DEBUG    Processing: '<pos_answer>65</pos_answer>'
2024-09-20 19:29:50,328  root       handle_response DEBUG    Write: '7E8 03 41 33 65 \r\r>'
2024-09-20 19:29:50,330  root       run        DEBUG    Received '01341'
2024-09-20 19:29:50,330  root       handle_request DEBUG    Handling: '01341', header '7E0', ECU '7E0'
2024-09-20 19:29:50,332  root       handle_request INFO     Unknown ELM command: '01341', header=7E0
2024-09-20 19:29:50,332  root       handle_response DEBUG    Processing: '<writeln>?</writeln>'
2024-09-20 19:29:50,333  root       handle_response DEBUG    Write: '?\r\r>'
2024-09-20 19:29:50,333  root       run        DEBUG    Received '013C1'
2024-09-20 19:29:50,333  root       handle_request DEBUG    Handling: '013C1', header '7E0', ECU '7E0'
2024-09-20 19:29:50,334  root       handle_request DEBUG    Description: Catalyst Temperature: Bank 1 - Sensor 1, PID CATALYST_TEMP_B1S1 (013C1)
2024-09-20 19:29:50,334  root       handle_response DEBUG    Processing: '<pos_answer>04 44</pos_answer>'
2024-09-20 19:29:50,334  root       handle_response DEBUG    Write: '7E8 04 41 3C 04 44 \r\r>'
2024-09-20 19:29:50,335  root       run        DEBUG    Received '013E1'
2024-09-20 19:29:50,335  root       handle_request DEBUG    Handling: '013E1', header '7E0', ECU '7E0'
2024-09-20 19:29:50,336  root       handle_request INFO     Unknown ELM command: '013E1', header=7E0
2024-09-20 19:29:50,336  root       handle_response DEBUG    Processing: '<writeln>?</writeln>'
2024-09-20 19:29:50,336  root       handle_response DEBUG    Write: '?\r\r>'
2024-09-20 19:29:50,337  root       run        DEBUG    Received '01421'
2024-09-20 19:29:50,337  root       handle_request DEBUG    Handling: '01421', header '7E0', ECU '7E0'
2024-09-20 19:29:50,338  root       handle_request DEBUG    Description: Control module voltage, PID CONTROL_MODULE_VOLTAGE (01421)
2024-09-20 19:29:50,338  root       handle_response DEBUG    Processing: '<pos_answer>39 D6</pos_answer>'
2024-09-20 19:29:50,338  root       handle_response DEBUG    Write: '7E8 04 41 42 39 D6 \r\r>'
2024-09-20 19:29:50,339  root       run        DEBUG    Received '01431'
2024-09-20 19:29:50,339  root       handle_request DEBUG    Handling: '01431', header '7E0', ECU '7E0'
2024-09-20 19:29:50,339  root       handle_request INFO     Unknown ELM command: '01431', header=7E0
2024-09-20 19:29:50,339  root       handle_response DEBUG    Processing: '<writeln>?</writeln>'
2024-09-20 19:29:50,340  root       handle_response DEBUG    Write: '?\r\r>'
2024-09-20 19:29:50,340  root       run        DEBUG    Received '01441'
2024-09-20 19:29:50,340  root       handle_request DEBUG    Handling: '01441', header '7E0', ECU '7E0'
2024-09-20 19:29:50,341  root       handle_request INFO     Unknown ELM command: '01441', header=7E0
2024-09-20 19:29:50,341  root       handle_response DEBUG    Processing: '<writeln>?</writeln>'
2024-09-20 19:29:50,341  root       handle_response DEBUG    Write: '?\r\r>'
2024-09-20 19:29:50,342  root       run        DEBUG    Received '01451'
2024-09-20 19:29:50,342  root       handle_request DEBUG    Handling: '01451', header '7E0', ECU '7E0'
2024-09-20 19:29:50,342  root       handle_request INFO     Unknown ELM command: '01451', header=7E0
2024-09-20 19:29:50,342  root       handle_response DEBUG    Processing: '<writeln>?</writeln>'
2024-09-20 19:29:50,343  root       handle_response DEBUG    Write: '?\r\r>'
2024-09-20 19:29:50,343  root       run        DEBUG    Received '01471'
2024-09-20 19:29:50,343  root       handle_request DEBUG    Handling: '01471', header '7E0', ECU '7E0'
2024-09-20 19:29:50,344  root       handle_request INFO     Unknown ELM command: '01471', header=7E0
2024-09-20 19:29:50,344  root       handle_response DEBUG    Processing: '<writeln>?</writeln>'
2024-09-20 19:29:50,344  root       handle_response DEBUG    Write: '?\r\r>'
2024-09-20 19:29:50,344  root       run        DEBUG    Received '014C1'
2024-09-20 19:29:50,345  root       handle_request DEBUG    Handling: '014C1', header '7E0', ECU '7E0'
2024-09-20 19:29:50,345  root       handle_request DEBUG    Description: Commanded throttle actuator, PID THROTTLE_ACTUATOR (014C1)
2024-09-20 19:29:50,345  root       handle_response DEBUG    Processing: '<pos_answer>00</pos_answer>'
2024-09-20 19:29:50,345  root       handle_response DEBUG    Write: '7E8 03 41 4C 00 \r\r>'
2024-09-20 19:29:50,346  root       run        DEBUG    Received '014D1'
2024-09-20 19:29:50,346  root       handle_request DEBUG    Handling: '014D1', header '7E0', ECU '7E0'
2024-09-20 19:29:50,347  root       handle_request DEBUG    Description: Time run with MIL on, PID RUN_TIME_MIL (014D1)
2024-09-20 19:29:50,347  root       handle_response DEBUG    Processing: '<pos_answer>00 00</pos_answer>'
2024-09-20 19:29:50,347  root       handle_response DEBUG    Write: '7E8 04 41 4D 00 00 \r\r>'
2024-09-20 19:29:50,348  root       run        DEBUG    Received '014E1'
2024-09-20 19:29:50,348  root       handle_request DEBUG    Handling: '014E1', header '7E0', ECU '7E0'
2024-09-20 19:29:50,348  root       handle_request DEBUG    Description: Time since trouble codes cleared, PID TIME_SINCE_DTC_CLEARED (014E1)
2024-09-20 19:29:50,349  root       handle_response DEBUG    Processing: '<pos_answer>4C 69</pos_answer>'
2024-09-20 19:29:50,349  root       handle_response DEBUG    Write: '7E8 04 41 4E 4C 69 \r\r>'
2024-09-20 19:29:50,350  root       run        DEBUG    Received '01511'
2024-09-20 19:29:50,350  root       handle_request DEBUG    Handling: '01511', header '7E0', ECU '7E0'
2024-09-20 19:29:50,350  root       handle_request DEBUG    Description: Fuel Type, PID FUEL_TYPE (01511)
2024-09-20 19:29:50,350  root       handle_response DEBUG    Processing: '<pos_answer>01</pos_answer>'
2024-09-20 19:29:50,351  root       handle_response DEBUG    Write: '7E8 03 41 51 01 \r\r>'
2024-09-20 19:29:50,602  root       run        DEBUG    Received '01002'
2024-09-20 19:29:50,603  root       handle_request DEBUG    Handling: '01002', header '7E0', ECU '7E0'
2024-09-20 19:29:50,603  root       handle_request DEBUG    Description: PIDS_A, PID ELM_PIDS_A (01002)
2024-09-20 19:29:50,603  root       handle_response DEBUG    Processing: '<header>7EA</header><size>06</size><data>41 00 98 3A 80 13</data><pos_answer>BE 3F A8 13</pos_answer>'
2024-09-20 19:29:50,604  root       handle_response DEBUG    Write: '7EA 06 41 00 98 3A 80 13 \r7E8 06 41 00 BE 3F A8 13 \r\r>'
2024-09-20 19:29:50,606  root       run        DEBUG    Received '01202'
2024-09-20 19:29:50,606  root       handle_request DEBUG    Handling: '01202', header '7E0', ECU '7E0'
2024-09-20 19:29:50,607  root       handle_request DEBUG    Description: PIDS_B, PID ELM_PIDS_B (01202)
2024-09-20 19:29:50,607  root       handle_response DEBUG    Processing: '<header>7EA</header><size>06</size><data>41 20 80 01 A0 01</data><pos_answer>90 15 B0 15</pos_answer>'
2024-09-20 19:29:50,607  root       handle_response DEBUG    Write: '7EA 06 41 20 80 01 A0 01 \r7E8 06 41 20 90 15 B0 15 \r\r>'
2024-09-20 19:29:50,609  root       run        DEBUG    Received '01402'
2024-09-20 19:29:50,609  root       handle_request DEBUG    Handling: '01402', header '7E0', ECU '7E0'
2024-09-20 19:29:50,610  root       handle_request DEBUG    Description: PIDS_C, PID ELM_PIDS_C (01402)
2024-09-20 19:29:50,610  root       handle_response DEBUG    Processing: '<header>7EA</header><size>06</size><data>41 40 44 CC 00 21</data><pos_answer>7A 1C 80 00</pos_answer>'
2024-09-20 19:29:50,611  root       handle_response DEBUG    Write: '7EA 06 41 40 44 CC 00 21 \r7E8 06 41 40 7A 1C 80 00 \r\r>'
2024-09-20 19:29:50,612  root       run        DEBUG    Received '01011'
2024-09-20 19:29:50,613  root       handle_request DEBUG    Handling: '01011', header '7E0', ECU '7E0'
2024-09-20 19:29:50,614  root       handle_request INFO     Unknown ELM command: '01011', header=7E0
2024-09-20 19:29:50,614  root       handle_response DEBUG    Processing: '<writeln>?</writeln>'
2024-09-20 19:29:50,615  root       handle_response DEBUG    Write: '?\r\r>'
2024-09-20 19:29:50,621  root       run        DEBUG    Received '01031'
2024-09-20 19:29:50,622  root       handle_request DEBUG    Handling: '01031', header '7E0', ECU '7E0'
2024-09-20 19:29:50,622  root       handle_request DEBUG    Description: Fuel System Status, PID FUEL_STATUS (01031)
2024-09-20 19:29:50,622  root       handle_response DEBUG    Processing: '<pos_answer>00 00</pos_answer>'
2024-09-20 19:29:50,623  root       handle_response DEBUG    Write: '7E8 04 41 03 00 00 \r\r>'
2024-09-20 19:29:50,624  root       run        DEBUG    Received '01041'
2024-09-20 19:29:50,625  root       handle_request DEBUG    Handling: '01041', header '7E0', ECU '7E0'
2024-09-20 19:29:50,625  root       handle_request DEBUG    Description: Calculated Engine Load, PID ENGINE_LOAD (01041)
2024-09-20 19:29:50,625  root       handle_response DEBUG    Processing: '<pos_answer>00</pos_answer>'
2024-09-20 19:29:50,626  root       handle_response DEBUG    Write: '7E8 03 41 04 00 \r\r>'
2024-09-20 19:29:50,628  root       run        DEBUG    Received '01051'
2024-09-20 19:29:50,628  root       handle_request DEBUG    Handling: '01051', header '7E0', ECU '7E0'
2024-09-20 19:29:50,629  root       handle_request DEBUG    Description: Engine Coolant Temperature, PID COOLANT_TEMP (01051)
2024-09-20 19:29:50,629  root       handle_response DEBUG    Processing: '<pos_answer>7B</pos_answer>'
2024-09-20 19:29:50,630  root       handle_response DEBUG    Write: '7E8 03 41 05 7B \r\r>'
2024-09-20 19:29:50,631  root       run        DEBUG    Received '01061'
2024-09-20 19:29:50,632  root       handle_request DEBUG    Handling: '01061', header '7E0', ECU '7E0'
2024-09-20 19:29:50,633  root       handle_request INFO     Unknown ELM command: '01061', header=7E0
2024-09-20 19:29:50,633  root       handle_response DEBUG    Processing: '<writeln>?</writeln>'
2024-09-20 19:29:50,634  root       handle_response DEBUG    Write: '?\r\r>'
2024-09-20 19:29:50,636  root       run        DEBUG    Received '01071'
2024-09-20 19:29:50,636  root       handle_request DEBUG    Handling: '01071', header '7E0', ECU '7E0'
2024-09-20 19:29:50,639  root       handle_request INFO     Unknown ELM command: '01071', header=7E0
2024-09-20 19:29:50,639  root       handle_response DEBUG    Processing: '<writeln>?</writeln>'
2024-09-20 19:29:50,640  root       handle_response DEBUG    Write: '?\r\r>'
2024-09-20 19:29:50,641  root       run        DEBUG    Received '010B1'
2024-09-20 19:29:50,642  root       handle_request DEBUG    Handling: '010B1', header '7E0', ECU '7E0'
2024-09-20 19:29:50,642  root       handle_request DEBUG    Description: Intake Manifold Pressure, PID INTAKE_PRESSURE (010B1)
2024-09-20 19:29:50,642  root       handle_response DEBUG    Processing: '<pos_answer>73</pos_answer>'
2024-09-20 19:29:50,643  root       handle_response DEBUG    Write: '7E8 03 41 0B 73 \r\r>'
2024-09-20 19:29:50,645  root       run        DEBUG    Received '010C2'
2024-09-20 19:29:50,645  root       handle_request DEBUG    Handling: '010C2', header '7E0', ECU '7E0'
2024-09-20 19:29:50,645  root       handle_request DEBUG    Description: Engine RPM, PID RPM (010C2)
2024-09-20 19:29:50,646  root       handle_response DEBUG    Processing: '<pos_answer>10 90</pos_answer> <header>7EA</header><size>04</size><data>41 0C 10 90</data>'
2024-09-20 19:29:50,647  root       handle_response DEBUG    Write: '7E8 04 41 0C 10 90 \r7EA 04 41 0C 10 90 \r\r>'
2024-09-20 19:29:50,648  root       run        DEBUG    Received '010D2'
2024-09-20 19:29:50,648  root       handle_request DEBUG    Handling: '010D2', header '7E0', ECU '7E0'
2024-09-20 19:29:50,649  root       handle_request DEBUG    Description: Vehicle Speed, PID SPEED (010D2)
2024-09-20 19:29:50,649  root       handle_response DEBUG    Processing: '<pos_answer>0C</pos_answer> <header>7EA</header><size>03</size><data>41 0D 0C</data>'
2024-09-20 19:29:50,650  root       handle_response DEBUG    Write: '7E8 03 41 0D 0C \r7EA 03 41 0D 0C \r\r>'
2024-09-20 19:29:50,651  root       run        DEBUG    Received '010E1'
2024-09-20 19:29:50,652  root       handle_request DEBUG    Handling: '010E1', header '7E0', ECU '7E0'
2024-09-20 19:29:50,653  root       handle_request INFO     Unknown ELM command: '010E1', header=7E0
2024-09-20 19:29:50,654  root       handle_response DEBUG    Processing: '<writeln>?</writeln>'
2024-09-20 19:29:50,654  root       handle_response DEBUG    Write: '?\r\r>'
2024-09-20 19:29:50,656  root       run        DEBUG    Received '010F1'
2024-09-20 19:29:50,657  root       handle_request DEBUG    Handling: '010F1', header '7E0', ECU '7E0'
2024-09-20 19:29:50,657  root       handle_request DEBUG    Description: Intake Air Temp, PID INTAKE_TEMP (010F1)
2024-09-20 19:29:50,657  root       handle_response DEBUG    Processing: '<pos_answer>44</pos_answer>'
2024-09-20 19:29:50,658  root       handle_response DEBUG    Write: '7E8 03 41 0F 44 \r\r>'
2024-09-20 19:29:50,659  root       run        DEBUG    Received '01101'
2024-09-20 19:29:50,659  root       handle_request DEBUG    Handling: '01101', header '7E0', ECU '7E0'
2024-09-20 19:29:50,659  root       handle_request DEBUG    Description: Air Flow Rate (MAF), PID MAF (01101)
2024-09-20 19:29:50,659  root       handle_response DEBUG    Processing: '<pos_answer>05 1F</pos_answer>'
2024-09-20 19:29:50,660  root       handle_response DEBUG    Write: '7E8 04 41 10 05 1F \r\r>'
2024-09-20 19:29:50,661  root       run        DEBUG    Received '01111'
2024-09-20 19:29:50,661  root       handle_request DEBUG    Handling: '01111', header '7E0', ECU '7E0'
2024-09-20 19:29:50,661  root       handle_request DEBUG    Description: Throttle Position, PID THROTTLE_POS (01111)
2024-09-20 19:29:50,661  root       handle_response DEBUG    Processing: '<pos_answer>FF</pos_answer>'
2024-09-20 19:29:50,662  root       handle_response DEBUG    Write: '7E8 03 41 11 FF \r\r>'
2024-09-20 19:29:50,663  root       run        DEBUG    Received '01131'
2024-09-20 19:29:50,663  root       handle_request DEBUG    Handling: '01131', header '7E0', ECU '7E0'
2024-09-20 19:29:50,663  root       handle_request INFO     Unknown ELM command: '01131', header=7E0
2024-09-20 19:29:50,664  root       handle_response DEBUG    Processing: '<writeln>?</writeln>'
2024-09-20 19:29:50,664  root       handle_response DEBUG    Write: '?\r\r>'
2024-09-20 19:29:50,665  root       run        DEBUG    Received '01151'
2024-09-20 19:29:50,665  root       handle_request DEBUG    Handling: '01151', header '7E0', ECU '7E0'
2024-09-20 19:29:50,665  root       handle_request INFO     Unknown ELM command: '01151', header=7E0
2024-09-20 19:29:50,665  root       handle_response DEBUG    Processing: '<writeln>?</writeln>'
2024-09-20 19:29:50,666  root       handle_response DEBUG    Write: '?\r\r>'
2024-09-20 19:29:50,666  root       run        DEBUG    Received '011C1'
2024-09-20 19:29:50,666  root       handle_request DEBUG    Handling: '011C1', header '7E0', ECU '7E0'
2024-09-20 19:29:50,667  root       handle_request DEBUG    Description: OBD Standards Compliance, PID OBD_COMPLIANCE (011C1)
2024-09-20 19:29:50,667  root       handle_response DEBUG    Processing: '<pos_answer>06</pos_answer>'
2024-09-20 19:29:50,667  root       handle_response DEBUG    Write: '7E8 03 41 1C 06 \r\r>'
2024-09-20 19:29:50,667  root       run        DEBUG    Received '011F1'
2024-09-20 19:29:50,668  root       handle_request DEBUG    Handling: '011F1', header '7E0', ECU '7E0'
2024-09-20 19:29:50,668  root       handle_request DEBUG    Description: Engine Run Time, PID RUN_TIME (011F1)
2024-09-20 19:29:50,668  root       handle_response DEBUG    Processing: '<pos_answer>00 8C</pos_answer>'
2024-09-20 19:29:50,668  root       handle_response DEBUG    Write: '7E8 04 41 1F 00 8C \r\r>'
2024-09-20 19:29:50,669  root       run        DEBUG    Received '01211'
2024-09-20 19:29:50,669  root       handle_request DEBUG    Handling: '01211', header '7E0', ECU '7E0'
2024-09-20 19:29:50,670  root       handle_request DEBUG    Description: Distance Traveled with MIL on, PID DISTANCE_W_MIL (01211)
2024-09-20 19:29:50,670  root       handle_response DEBUG    Processing: '<pos_answer>00 00</pos_answer>'
2024-09-20 19:29:50,670  root       handle_response DEBUG    Write: '7E8 04 41 21 00 00 \r\r>'
2024-09-20 19:29:50,670  root       run        DEBUG    Received '01241'
2024-09-20 19:29:50,671  root       handle_request DEBUG    Handling: '01241', header '7E0', ECU '7E0'
2024-09-20 19:29:50,671  root       handle_request INFO     Unknown ELM command: '01241', header=7E0
2024-09-20 19:29:50,671  root       handle_response DEBUG    Processing: '<writeln>?</writeln>'
2024-09-20 19:29:50,671  root       handle_response DEBUG    Write: '?\r\r>'
2024-09-20 19:29:50,672  root       run        DEBUG    Received '012C1'
2024-09-20 19:29:50,672  root       handle_request DEBUG    Handling: '012C1', header '7E0', ECU '7E0'
2024-09-20 19:29:50,672  root       handle_request DEBUG    Description: Commanded EGR, PID COMMANDED_EGR (012C1)
2024-09-20 19:29:50,672  root       handle_response DEBUG    Processing: '<pos_answer>0D</pos_answer>'
2024-09-20 19:29:50,672  root       handle_response DEBUG    Write: '7E8 03 41 2C 0D \r\r>'
2024-09-20 19:29:50,673  root       run        DEBUG    Received '012E1'
2024-09-20 19:29:50,673  root       handle_request DEBUG    Handling: '012E1', header '7E0', ECU '7E0'
2024-09-20 19:29:50,673  root       handle_request INFO     Unknown ELM command: '012E1', header=7E0
2024-09-20 19:29:50,674  root       handle_response DEBUG    Processing: '<writeln>?</writeln>'
2024-09-20 19:29:50,674  root       handle_response DEBUG    Write: '?\r\r>'
2024-09-20 19:29:50,674  root       run        DEBUG    Received '01301'
2024-09-20 19:29:50,674  root       handle_request DEBUG    Handling: '01301', header '7E0', ECU '7E0'
2024-09-20 19:29:50,675  root       handle_request INFO     Unknown ELM command: '01301', header=7E0
2024-09-20 19:29:50,675  root       handle_response DEBUG    Processing: '<writeln>?</writeln>'
2024-09-20 19:29:50,675  root       handle_response DEBUG    Write: '?\r\r>'
2024-09-20 19:29:50,675  root       run        DEBUG    Received '01311'
2024-09-20 19:29:50,675  root       handle_request DEBUG    Handling: '01311', header '7E0', ECU '7E0'
2024-09-20 19:29:50,676  root       handle_request DEBUG    Description: Distance traveled since codes cleared, PID DISTANCE_SINCE_DTC_CLEAR (01311)
2024-09-20 19:29:50,676  root       handle_response DEBUG    Processing: '<pos_answer>C8 1F</pos_answer>'
2024-09-20 19:29:50,676  root       handle_response DEBUG    Write: '7E8 04 41 31 C8 1F \r\r>'
2024-09-20 19:29:50,676  root       run        DEBUG    Received '01331'
2024-09-20 19:29:50,676  root       handle_request DEBUG    Handling: '01331', header '7E0', ECU '7E0'
2024-09-20 19:29:50,676  root       handle_request DEBUG    Description: Barometric Pressure, PID BAROMETRIC_PRESSURE (01331)
2024-09-20 19:29:50,677  root       handle_response DEBUG    Processing: '<pos_answer>65</pos_answer>'
2024-09-20 19:29:50,677  root       handle_response DEBUG    Write: '7E8 03 41 33 65 \r\r>'
2024-09-20 19:29:50,677  root       run        DEBUG    Received '01341'
2024-09-20 19:29:50,677  root       handle_request DEBUG    Handling: '01341', header '7E0', ECU '7E0'
2024-09-20 19:29:50,678  root       handle_request INFO     Unknown ELM command: '01341', header=7E0
2024-09-20 19:29:50,678  root       handle_response DEBUG    Processing: '<writeln>?</writeln>'
2024-09-20 19:29:50,678  root       handle_response DEBUG    Write: '?\r\r>'
2024-09-20 19:29:50,678  root       run        DEBUG    Received '013C1'
2024-09-20 19:29:50,678  root       handle_request DEBUG    Handling: '013C1', header '7E0', ECU '7E0'
2024-09-20 19:29:50,678  root       handle_request DEBUG    Description: Catalyst Temperature: Bank 1 - Sensor 1, PID CATALYST_TEMP_B1S1 (013C1)
2024-09-20 19:29:50,679  root       handle_response DEBUG    Processing: '<pos_answer>04 44</pos_answer>'
2024-09-20 19:29:50,679  root       handle_response DEBUG    Write: '7E8 04 41 3C 04 44 \r\r>'
2024-09-20 19:29:50,679  root       run        DEBUG    Received '013E1'
2024-09-20 19:29:50,679  root       handle_request DEBUG    Handling: '013E1', header '7E0', ECU '7E0'
2024-09-20 19:29:50,680  root       handle_request INFO     Unknown ELM command: '013E1', header=7E0
2024-09-20 19:29:50,680  root       handle_response DEBUG    Processing: '<writeln>?</writeln>'
2024-09-20 19:29:50,680  root       handle_response DEBUG    Write: '?\r\r>'
2024-09-20 19:29:50,680  root       run        DEBUG    Received '01421'
2024-09-20 19:29:50,680  root       handle_request DEBUG    Handling: '01421', header '7E0', ECU '7E0'
2024-09-20 19:29:50,680  root       handle_request DEBUG    Description: Control module voltage, PID CONTROL_MODULE_VOLTAGE (01421)
2024-09-20 19:29:50,680  root       handle_response DEBUG    Processing: '<pos_answer>39 D6</pos_answer>'
2024-09-20 19:29:50,681  root       handle_response DEBUG    Write: '7E8 04 41 42 39 D6 \r\r>'
2024-09-20 19:29:50,681  root       run        DEBUG    Received '01431'
2024-09-20 19:29:50,681  root       handle_request DEBUG    Handling: '01431', header '7E0', ECU '7E0'
2024-09-20 19:29:50,681  root       handle_request INFO     Unknown ELM command: '01431', header=7E0
2024-09-20 19:29:50,682  root       handle_response DEBUG    Processing: '<writeln>?</writeln>'
2024-09-20 19:29:50,682  root       handle_response DEBUG    Write: '?\r\r>'
2024-09-20 19:29:50,682  root       run        DEBUG    Received '01441'
2024-09-20 19:29:50,682  root       handle_request DEBUG    Handling: '01441', header '7E0', ECU '7E0'
2024-09-20 19:29:50,682  root       handle_request INFO     Unknown ELM command: '01441', header=7E0
2024-09-20 19:29:50,683  root       handle_response DEBUG    Processing: '<writeln>?</writeln>'
2024-09-20 19:29:50,683  root       handle_response DEBUG    Write: '?\r\r>'
2024-09-20 19:29:50,683  root       run        DEBUG    Received '01451'
2024-09-20 19:29:50,683  root       handle_request DEBUG    Handling: '01451', header '7E0', ECU '7E0'
2024-09-20 19:29:50,684  root       handle_request INFO     Unknown ELM command: '01451', header=7E0
2024-09-20 19:29:50,684  root       handle_response DEBUG    Processing: '<writeln>?</writeln>'
2024-09-20 19:29:50,684  root       handle_response DEBUG    Write: '?\r\r>'
2024-09-20 19:29:50,684  root       run        DEBUG    Received '01471'
2024-09-20 19:29:50,684  root       handle_request DEBUG    Handling: '01471', header '7E0', ECU '7E0'
2024-09-20 19:29:50,685  root       handle_request INFO     Unknown ELM command: '01471', header=7E0
2024-09-20 19:29:50,685  root       handle_response DEBUG    Processing: '<writeln>?</writeln>'
2024-09-20 19:29:50,685  root       handle_response DEBUG    Write: '?\r\r>'
2024-09-20 19:29:50,685  root       run        DEBUG    Received '014C1'
2024-09-20 19:29:50,685  root       handle_request DEBUG    Handling: '014C1', header '7E0', ECU '7E0'
2024-09-20 19:29:50,686  root       handle_request DEBUG    Description: Commanded throttle actuator, PID THROTTLE_ACTUATOR (014C1)
2024-09-20 19:29:50,686  root       handle_response DEBUG    Processing: '<pos_answer>00</pos_answer>'
2024-09-20 19:29:50,686  root       handle_response DEBUG    Write: '7E8 03 41 4C 00 \r\r>'
2024-09-20 19:29:50,687  root       run        DEBUG    Received '014D1'
2024-09-20 19:29:50,687  root       handle_request DEBUG    Handling: '014D1', header '7E0', ECU '7E0'
2024-09-20 19:29:50,687  root       handle_request DEBUG    Description: Time run with MIL on, PID RUN_TIME_MIL (014D1)
2024-09-20 19:29:50,687  root       handle_response DEBUG    Processing: '<pos_answer>00 00</pos_answer>'
2024-09-20 19:29:50,688  root       handle_response DEBUG    Write: '7E8 04 41 4D 00 00 \r\r>'
2024-09-20 19:29:50,688  root       run        DEBUG    Received '014E1'
2024-09-20 19:29:50,688  root       handle_request DEBUG    Handling: '014E1', header '7E0', ECU '7E0'
2024-09-20 19:29:50,688  root       handle_request DEBUG    Description: Time since trouble codes cleared, PID TIME_SINCE_DTC_CLEARED (014E1)
2024-09-20 19:29:50,688  root       handle_response DEBUG    Processing: '<pos_answer>4C 69</pos_answer>'
2024-09-20 19:29:50,689  root       handle_response DEBUG    Write: '7E8 04 41 4E 4C 69 \r\r>'
2024-09-20 19:29:50,689  root       run        DEBUG    Received '01511'
2024-09-20 19:29:50,689  root       handle_request DEBUG    Handling: '01511', header '7E0', ECU '7E0'
2024-09-20 19:29:50,689  root       handle_request DEBUG    Description: Fuel Type, PID FUEL_TYPE (01511)
2024-09-20 19:29:50,689  root       handle_response DEBUG    Processing: '<pos_answer>01</pos_answer>'
2024-09-20 19:29:50,689  root       handle_response DEBUG    Write: '7E8 03 41 51 01 \r\r>'
2024-09-20 19:29:50,940  root       run        DEBUG    Received '01002'
2024-09-20 19:29:50,941  root       handle_request DEBUG    Handling: '01002', header '7E0', ECU '7E0'
2024-09-20 19:29:50,942  root       handle_request DEBUG    Description: PIDS_A, PID ELM_PIDS_A (01002)
2024-09-20 19:29:50,942  root       handle_response DEBUG    Processing: '<header>7EA</header><size>06</size><data>41 00 98 3A 80 13</data><pos_answer>BE 3F A8 13</pos_answer>'
2024-09-20 19:29:50,943  root       handle_response DEBUG    Write: '7EA 06 41 00 98 3A 80 13 \r7E8 06 41 00 BE 3F A8 13 \r\r>'
2024-09-20 19:29:50,944  root       run        DEBUG    Received '01202'
2024-09-20 19:29:50,944  root       handle_request DEBUG    Handling: '01202', header '7E0', ECU '7E0'
2024-09-20 19:29:50,945  root       handle_request DEBUG    Description: PIDS_B, PID ELM_PIDS_B (01202)
2024-09-20 19:29:50,945  root       handle_response DEBUG    Processing: '<header>7EA</header><size>06</size><data>41 20 80 01 A0 01</data><pos_answer>90 15 B0 15</pos_answer>'
2024-09-20 19:29:50,946  root       handle_response DEBUG    Write: '7EA 06 41 20 80 01 A0 01 \r7E8 06 41 20 90 15 B0 15 \r\r>'
2024-09-20 19:29:50,947  root       run        DEBUG    Received '01402'
2024-09-20 19:29:50,948  root       handle_request DEBUG    Handling: '01402', header '7E0', ECU '7E0'
2024-09-20 19:29:50,948  root       handle_request DEBUG    Description: PIDS_C, PID ELM_PIDS_C (01402)
2024-09-20 19:29:50,949  root       handle_response DEBUG    Processing: '<header>7EA</header><size>06</size><data>41 40 44 CC 00 21</data><pos_answer>7A 1C 80 00</pos_answer>'
2024-09-20 19:29:50,949  root       handle_response DEBUG    Write: '7EA 06 41 40 44 CC 00 21 \r7E8 06 41 40 7A 1C 80 00 \r\r>'
2024-09-20 19:29:50,951  root       run        DEBUG    Received '01011'
2024-09-20 19:29:50,951  root       handle_request DEBUG    Handling: '01011', header '7E0', ECU '7E0'
2024-09-20 19:29:50,953  root       handle_request INFO     Unknown ELM command: '01011', header=7E0
2024-09-20 19:29:50,953  root       handle_response DEBUG    Processing: '<writeln>?</writeln>'
2024-09-20 19:29:50,953  root       handle_response DEBUG    Write: '?\r\r>'
2024-09-20 19:29:50,962  root       run        DEBUG    Received '01031'
2024-09-20 19:29:50,963  root       handle_request DEBUG    Handling: '01031', header '7E0', ECU '7E0'
2024-09-20 19:29:50,963  root       handle_request DEBUG    Description: Fuel System Status, PID FUEL_STATUS (01031)
2024-09-20 19:29:50,963  root       handle_response DEBUG    Processing: '<pos_answer>00 00</pos_answer>'
2024-09-20 19:29:50,964  root       handle_response DEBUG    Write: '7E8 04 41 03 00 00 \r\r>'
2024-09-20 19:29:50,965  root       run        DEBUG    Received '01041'
2024-09-20 19:29:50,966  root       handle_request DEBUG    Handling: '01041', header '7E0', ECU '7E0'
2024-09-20 19:29:50,966  root       handle_request DEBUG    Description: Calculated Engine Load, PID ENGINE_LOAD (01041)
2024-09-20 19:29:50,966  root       handle_response DEBUG    Processing: '<pos_answer>00</pos_answer>'
2024-09-20 19:29:50,967  root       handle_response DEBUG    Write: '7E8 03 41 04 00 \r\r>'
2024-09-20 19:29:50,969  root       run        DEBUG    Received '01051'
2024-09-20 19:29:50,969  root       handle_request DEBUG    Handling: '01051', header '7E0', ECU '7E0'
2024-09-20 19:29:50,969  root       handle_request DEBUG    Description: Engine Coolant Temperature, PID COOLANT_TEMP (01051)
2024-09-20 19:29:50,970  root       handle_response DEBUG    Processing: '<pos_answer>7B</pos_answer>'
2024-09-20 19:29:50,970  root       handle_response DEBUG    Write: '7E8 03 41 05 7B \r\r>'
2024-09-20 19:29:50,972  root       run        DEBUG    Received '01061'
2024-09-20 19:29:50,972  root       handle_request DEBUG    Handling: '01061', header '7E0', ECU '7E0'
2024-09-20 19:29:50,974  root       handle_request INFO     Unknown ELM command: '01061', header=7E0
2024-09-20 19:29:50,974  root       handle_response DEBUG    Processing: '<writeln>?</writeln>'
2024-09-20 19:29:50,975  root       handle_response DEBUG    Write: '?\r\r>'
2024-09-20 19:29:50,976  root       run        DEBUG    Received '01071'
2024-09-20 19:29:50,977  root       handle_request DEBUG    Handling: '01071', header '7E0', ECU '7E0'
2024-09-20 19:29:50,978  root       handle_request INFO     Unknown ELM command: '01071', header=7E0
2024-09-20 19:29:50,978  root       handle_response DEBUG    Processing: '<writeln>?</writeln>'
2024-09-20 19:29:50,979  root       handle_response DEBUG    Write: '?\r\r>'
2024-09-20 19:29:50,980  root       run        DEBUG    Received '010B1'
2024-09-20 19:29:50,981  root       handle_request DEBUG    Handling: '010B1', header '7E0', ECU '7E0'
2024-09-20 19:29:50,981  root       handle_request DEBUG    Description: Intake Manifold Pressure, PID INTAKE_PRESSURE (010B1)
2024-09-20 19:29:50,982  root       handle_response DEBUG    Processing: '<pos_answer>73</pos_answer>'
2024-09-20 19:29:50,982  root       handle_response DEBUG    Write: '7E8 03 41 0B 73 \r\r>'
2024-09-20 19:29:50,984  root       run        DEBUG    Received '010C2'
2024-09-20 19:29:50,984  root       handle_request DEBUG    Handling: '010C2', header '7E0', ECU '7E0'
2024-09-20 19:29:50,985  root       handle_request DEBUG    Description: Engine RPM, PID RPM (010C2)
2024-09-20 19:29:50,985  root       handle_response DEBUG    Processing: '<pos_answer>10 E0</pos_answer> <header>7EA</header><size>04</size><data>41 0C 10 E0</data>'
2024-09-20 19:29:50,986  root       handle_response DEBUG    Write: '7E8 04 41 0C 10 E0 \r7EA 04 41 0C 10 E0 \r\r>'
2024-09-20 19:29:50,987  root       run        DEBUG    Received '010D2'
2024-09-20 19:29:50,988  root       handle_request DEBUG    Handling: '010D2', header '7E0', ECU '7E0'
2024-09-20 19:29:50,988  root       handle_request DEBUG    Description: Vehicle Speed, PID SPEED (010D2)
2024-09-20 19:29:50,989  root       handle_response DEBUG    Processing: '<pos_answer>10</pos_answer> <header>7EA</header><size>03</size><data>41 0D 10</data>'
2024-09-20 19:29:50,990  root       handle_response DEBUG    Write: '7E8 03 41 0D 10 \r7EA 03 41 0D 10 \r\r>'
2024-09-20 19:29:50,991  root       run        DEBUG    Received '010E1'
2024-09-20 19:29:50,992  root       handle_request DEBUG    Handling: '010E1', header '7E0', ECU '7E0'
2024-09-20 19:29:50,993  root       handle_request INFO     Unknown ELM command: '010E1', header=7E0
2024-09-20 19:29:50,994  root       handle_response DEBUG    Processing: '<writeln>?</writeln>'
2024-09-20 19:29:50,994  root       handle_response DEBUG    Write: '?\r\r>'
2024-09-20 19:29:50,996  root       run        DEBUG    Received '010F1'
2024-09-20 19:29:50,996  root       handle_request DEBUG    Handling: '010F1', header '7E0', ECU '7E0'
2024-09-20 19:29:50,997  root       handle_request DEBUG    Description: Intake Air Temp, PID INTAKE_TEMP (010F1)
2024-09-20 19:29:50,997  root       handle_response DEBUG    Processing: '<pos_answer>44</pos_answer>'
2024-09-20 19:29:50,997  root       handle_response DEBUG    Write: '7E8 03 41 0F 44 \r\r>'
2024-09-20 19:29:50,999  root       run        DEBUG    Received '01101'
2024-09-20 19:29:50,999  root       handle_request DEBUG    Handling: '01101', header '7E0', ECU '7E0'
2024-09-20 19:29:51,000  root       handle_request DEBUG    Description: Air Flow Rate (MAF), PID MAF (01101)
2024-09-20 19:29:51,000  root       handle_response DEBUG    Processing: '<pos_answer>05 1F</pos_answer>'
2024-09-20 19:29:51,001  root       handle_response DEBUG    Write: '7E8 04 41 10 05 1F \r\r>'
2024-09-20 19:29:51,003  root       run        DEBUG    Received '01111'
2024-09-20 19:29:51,003  root       handle_request DEBUG    Handling: '01111', header '7E0', ECU '7E0'
2024-09-20 19:29:51,004  root       handle_request DEBUG    Description: Throttle Position, PID THROTTLE_POS (01111)
2024-09-20 19:29:51,004  root       handle_response DEBUG    Processing: '<pos_answer>FF</pos_answer>'
2024-09-20 19:29:51,005  root       handle_response DEBUG    Write: '7E8 03 41 11 FF \r\r>'
2024-09-20 19:29:51,006  root       run        DEBUG    Received '01131'
2024-09-20 19:29:51,007  root       handle_request DEBUG    Handling: '01131', header '7E0', ECU '7E0'
2024-09-20 19:29:51,008  root       handle_request INFO     Unknown ELM command: '01131', header=7E0
2024-09-20 19:29:51,009  root       handle_response DEBUG    Processing: '<writeln>?</writeln>'
2024-09-20 19:29:51,009  root       handle_response DEBUG    Write: '?\r\r>'
2024-09-20 19:29:51,010  root       run        DEBUG    Received '01151'
2024-09-20 19:29:51,010  root       handle_request DEBUG    Handling: '01151', header '7E0', ECU '7E0'
2024-09-20 19:29:51,011  root       handle_request INFO     Unknown ELM command: '01151', header=7E0
2024-09-20 19:29:51,011  root       handle_response DEBUG    Processing: '<writeln>?</writeln>'
2024-09-20 19:29:51,011  root       handle_response DEBUG    Write: '?\r\r>'
2024-09-20 19:29:51,012  root       run        DEBUG    Received '011C1'
2024-09-20 19:29:51,012  root       handle_request DEBUG    Handling: '011C1', header '7E0', ECU '7E0'
2024-09-20 19:29:51,013  root       handle_request DEBUG    Description: OBD Standards Compliance, PID OBD_COMPLIANCE (011C1)
2024-09-20 19:29:51,013  root       handle_response DEBUG    Processing: '<pos_answer>06</pos_answer>'
2024-09-20 19:29:51,013  root       handle_response DEBUG    Write: '7E8 03 41 1C 06 \r\r>'
2024-09-20 19:29:51,014  root       run        DEBUG    Received '011F1'
2024-09-20 19:29:51,014  root       handle_request DEBUG    Handling: '011F1', header '7E0', ECU '7E0'
2024-09-20 19:29:51,014  root       handle_request DEBUG    Description: Engine Run Time, PID RUN_TIME (011F1)
2024-09-20 19:29:51,014  root       handle_response DEBUG    Processing: '<pos_answer>00 8C</pos_answer>'
2024-09-20 19:29:51,015  root       handle_response DEBUG    Write: '7E8 04 41 1F 00 8C \r\r>'
2024-09-20 19:29:51,015  root       run        DEBUG    Received '01211'
2024-09-20 19:29:51,016  root       handle_request DEBUG    Handling: '01211', header '7E0', ECU '7E0'
2024-09-20 19:29:51,016  root       handle_request DEBUG    Description: Distance Traveled with MIL on, PID DISTANCE_W_MIL (01211)
2024-09-20 19:29:51,016  root       handle_response DEBUG    Processing: '<pos_answer>00 00</pos_answer>'
2024-09-20 19:29:51,016  root       handle_response DEBUG    Write: '7E8 04 41 21 00 00 \r\r>'
2024-09-20 19:29:51,017  root       run        DEBUG    Received '01241'
2024-09-20 19:29:51,017  root       handle_request DEBUG    Handling: '01241', header '7E0', ECU '7E0'
2024-09-20 19:29:51,018  root       handle_request INFO     Unknown ELM command: '01241', header=7E0
2024-09-20 19:29:51,018  root       handle_response DEBUG    Processing: '<writeln>?</writeln>'
2024-09-20 19:29:51,019  root       handle_response DEBUG    Write: '?\r\r>'
2024-09-20 19:29:51,020  root       run        DEBUG    Received '012C1'
2024-09-20 19:29:51,020  root       handle_request DEBUG    Handling: '012C1', header '7E0', ECU '7E0'
2024-09-20 19:29:51,020  root       handle_request DEBUG    Description: Commanded EGR, PID COMMANDED_EGR (012C1)
2024-09-20 19:29:51,020  root       handle_response DEBUG    Processing: '<pos_answer>0D</pos_answer>'
2024-09-20 19:29:51,020  root       handle_response DEBUG    Write: '7E8 03 41 2C 0D \r\r>'
2024-09-20 19:29:51,021  root       run        DEBUG    Received '012E1'
2024-09-20 19:29:51,021  root       handle_request DEBUG    Handling: '012E1', header '7E0', ECU '7E0'
2024-09-20 19:29:51,022  root       handle_request INFO     Unknown ELM command: '012E1', header=7E0
2024-09-20 19:29:51,022  root       handle_response DEBUG    Processing: '<writeln>?</writeln>'
2024-09-20 19:29:51,022  root       handle_response DEBUG    Write: '?\r\r>'
2024-09-20 19:29:51,023  root       run        DEBUG    Received '01301'
2024-09-20 19:29:51,023  root       handle_request DEBUG    Handling: '01301', header '7E0', ECU '7E0'
2024-09-20 19:29:51,023  root       handle_request INFO     Unknown ELM command: '01301', header=7E0
2024-09-20 19:29:51,023  root       handle_response DEBUG    Processing: '<writeln>?</writeln>'
2024-09-20 19:29:51,024  root       handle_response DEBUG    Write: '?\r\r>'
2024-09-20 19:29:51,024  root       run        DEBUG    Received '01311'
2024-09-20 19:29:51,024  root       handle_request DEBUG    Handling: '01311', header '7E0', ECU '7E0'
2024-09-20 19:29:51,024  root       handle_request DEBUG    Description: Distance traveled since codes cleared, PID DISTANCE_SINCE_DTC_CLEAR (01311)
2024-09-20 19:29:51,024  root       handle_response DEBUG    Processing: '<pos_answer>C8 1F</pos_answer>'
2024-09-20 19:29:51,025  root       handle_response DEBUG    Write: '7E8 04 41 31 C8 1F \r\r>'
2024-09-20 19:29:51,025  root       run        DEBUG    Received '01331'
2024-09-20 19:29:51,025  root       handle_request DEBUG    Handling: '01331', header '7E0', ECU '7E0'
2024-09-20 19:29:51,025  root       handle_request DEBUG    Description: Barometric Pressure, PID BAROMETRIC_PRESSURE (01331)
2024-09-20 19:29:51,025  root       handle_response DEBUG    Processing: '<pos_answer>65</pos_answer>'
2024-09-20 19:29:51,025  root       handle_response DEBUG    Write: '7E8 03 41 33 65 \r\r>'
2024-09-20 19:29:51,026  root       run        DEBUG    Received '01341'
2024-09-20 19:29:51,026  root       handle_request DEBUG    Handling: '01341', header '7E0', ECU '7E0'
2024-09-20 19:29:51,026  root       handle_request INFO     Unknown ELM command: '01341', header=7E0
2024-09-20 19:29:51,027  root       handle_response DEBUG    Processing: '<writeln>?</writeln>'
2024-09-20 19:29:51,027  root       handle_response DEBUG    Write: '?\r\r>'
2024-09-20 19:29:51,027  root       run        DEBUG    Received '013C1'
2024-09-20 19:29:51,027  root       handle_request DEBUG    Handling: '013C1', header '7E0', ECU '7E0'
2024-09-20 19:29:51,027  root       handle_request DEBUG    Description: Catalyst Temperature: Bank 1 - Sensor 1, PID CATALYST_TEMP_B1S1 (013C1)
2024-09-20 19:29:51,028  root       handle_response DEBUG    Processing: '<pos_answer>04 44</pos_answer>'
2024-09-20 19:29:51,028  root       handle_response DEBUG    Write: '7E8 04 41 3C 04 44 \r\r>'
2024-09-20 19:29:51,028  root       run        DEBUG    Received '013E1'
2024-09-20 19:29:51,028  root       handle_request DEBUG    Handling: '013E1', header '7E0', ECU '7E0'
2024-09-20 19:29:51,029  root       handle_request INFO     Unknown ELM command: '013E1', header=7E0
2024-09-20 19:29:51,029  root       handle_response DEBUG    Processing: '<writeln>?</writeln>'
2024-09-20 19:29:51,029  root       handle_response DEBUG    Write: '?\r\r>'
2024-09-20 19:29:51,029  root       run        DEBUG    Received '01421'
2024-09-20 19:29:51,029  root       handle_request DEBUG    Handling: '01421', header '7E0', ECU '7E0'
2024-09-20 19:29:51,029  root       handle_request DEBUG    Description: Control module voltage, PID CONTROL_MODULE_VOLTAGE (01421)
2024-09-20 19:29:51,030  root       handle_response DEBUG    Processing: '<pos_answer>39 D6</pos_answer>'
2024-09-20 19:29:51,030  root       handle_response DEBUG    Write: '7E8 04 41 42 39 D6 \r\r>'
2024-09-20 19:29:51,030  root       run        DEBUG    Received '01431'
2024-09-20 19:29:51,030  root       handle_request DEBUG    Handling: '01431', header '7E0', ECU '7E0'
2024-09-20 19:29:51,030  root       handle_request INFO     Unknown ELM command: '01431', header=7E0
2024-09-20 19:29:51,031  root       handle_response DEBUG    Processing: '<writeln>?</writeln>'
2024-09-20 19:29:51,031  root       handle_response DEBUG    Write: '?\r\r>'
2024-09-20 19:29:51,031  root       run        DEBUG    Received '01441'
2024-09-20 19:29:51,031  root       handle_request DEBUG    Handling: '01441', header '7E0', ECU '7E0'
2024-09-20 19:29:51,031  root       handle_request INFO     Unknown ELM command: '01441', header=7E0
2024-09-20 19:29:51,031  root       handle_response DEBUG    Processing: '<writeln>?</writeln>'
2024-09-20 19:29:51,032  root       handle_response DEBUG    Write: '?\r\r>'
2024-09-20 19:29:51,032  root       run        DEBUG    Received '01451'
2024-09-20 19:29:51,032  root       handle_request DEBUG    Handling: '01451', header '7E0', ECU '7E0'
2024-09-20 19:29:51,032  root       handle_request INFO     Unknown ELM command: '01451', header=7E0
2024-09-20 19:29:51,032  root       handle_response DEBUG    Processing: '<writeln>?</writeln>'
2024-09-20 19:29:51,032  root       handle_response DEBUG    Write: '?\r\r>'
2024-09-20 19:29:51,033  root       run        DEBUG    Received '01471'
2024-09-20 19:29:51,033  root       handle_request DEBUG    Handling: '01471', header '7E0', ECU '7E0'
2024-09-20 19:29:51,034  root       handle_request INFO     Unknown ELM command: '01471', header=7E0
2024-09-20 19:29:51,034  root       handle_response DEBUG    Processing: '<writeln>?</writeln>'
2024-09-20 19:29:51,034  root       handle_response DEBUG    Write: '?\r\r>'
2024-09-20 19:29:51,034  root       run        DEBUG    Received '014C1'
2024-09-20 19:29:51,035  root       handle_request DEBUG    Handling: '014C1', header '7E0', ECU '7E0'
2024-09-20 19:29:51,035  root       handle_request DEBUG    Description: Commanded throttle actuator, PID THROTTLE_ACTUATOR (014C1)
2024-09-20 19:29:51,035  root       handle_response DEBUG    Processing: '<pos_answer>00</pos_answer>'
2024-09-20 19:29:51,035  root       handle_response DEBUG    Write: '7E8 03 41 4C 00 \r\r>'
2024-09-20 19:29:51,036  root       run        DEBUG    Received '014D1'
2024-09-20 19:29:51,036  root       handle_request DEBUG    Handling: '014D1', header '7E0', ECU '7E0'
2024-09-20 19:29:51,036  root       handle_request DEBUG    Description: Time run with MIL on, PID RUN_TIME_MIL (014D1)
2024-09-20 19:29:51,036  root       handle_response DEBUG    Processing: '<pos_answer>00 00</pos_answer>'
2024-09-20 19:29:51,036  root       handle_response DEBUG    Write: '7E8 04 41 4D 00 00 \r\r>'
2024-09-20 19:29:51,037  root       run        DEBUG    Received '014E1'
2024-09-20 19:29:51,037  root       handle_request DEBUG    Handling: '014E1', header '7E0', ECU '7E0'
2024-09-20 19:29:51,037  root       handle_request DEBUG    Description: Time since trouble codes cleared, PID TIME_SINCE_DTC_CLEARED (014E1)
2024-09-20 19:29:51,037  root       handle_response DEBUG    Processing: '<pos_answer>4C 69</pos_answer>'
2024-09-20 19:29:51,037  root       handle_response DEBUG    Write: '7E8 04 41 4E 4C 69 \r\r>'
2024-09-20 19:29:51,038  root       run        DEBUG    Received '01511'
2024-09-20 19:29:51,038  root       handle_request DEBUG    Handling: '01511', header '7E0', ECU '7E0'
2024-09-20 19:29:51,038  root       handle_request DEBUG    Description: Fuel Type, PID FUEL_TYPE (01511)
2024-09-20 19:29:51,039  root       handle_response DEBUG    Processing: '<pos_answer>01</pos_answer>'
2024-09-20 19:29:51,039  root       handle_response DEBUG    Write: '7E8 03 41 51 01 \r\r>'
2024-09-20 19:29:51,290  root       run        DEBUG    Received '01002'
2024-09-20 19:29:51,290  root       handle_request DEBUG    Handling: '01002', header '7E0', ECU '7E0'
2024-09-20 19:29:51,291  root       handle_request DEBUG    Description: PIDS_A, PID ELM_PIDS_A (01002)
2024-09-20 19:29:51,291  root       handle_response DEBUG    Processing: '<header>7EA</header><size>06</size><data>41 00 98 3A 80 13</data><pos_answer>BE 3F A8 13</pos_answer>'
2024-09-20 19:29:51,292  root       handle_response DEBUG    Write: '7EA 06 41 00 98 3A 80 13 \r7E8 06 41 00 BE 3F A8 13 \r\r>'
2024-09-20 19:29:51,293  root       run        DEBUG    Received '01202'
2024-09-20 19:29:51,294  root       handle_request DEBUG    Handling: '01202', header '7E0', ECU '7E0'
2024-09-20 19:29:51,294  root       handle_request DEBUG    Description: PIDS_B, PID ELM_PIDS_B (01202)
2024-09-20 19:29:51,294  root       handle_response DEBUG    Processing: '<header>7EA</header><size>06</size><data>41 20 80 01 A0 01</data><pos_answer>90 15 B0 15</pos_answer>'
2024-09-20 19:29:51,295  root       handle_response DEBUG    Write: '7EA 06 41 20 80 01 A0 01 \r7E8 06 41 20 90 15 B0 15 \r\r>'
2024-09-20 19:29:51,296  root       run        DEBUG    Received '01402'
2024-09-20 19:29:51,297  root       handle_request DEBUG    Handling: '01402', header '7E0', ECU '7E0'
2024-09-20 19:29:51,297  root       handle_request DEBUG    Description: PIDS_C, PID ELM_PIDS_C (01402)
2024-09-20 19:29:51,298  root       handle_response DEBUG    Processing: '<header>7EA</header><size>06</size><data>41 40 44 CC 00 21</data><pos_answer>7A 1C 80 00</pos_answer>'
2024-09-20 19:29:51,298  root       handle_response DEBUG    Write: '7EA 06 41 40 44 CC 00 21 \r7E8 06 41 40 7A 1C 80 00 \r\r>'
2024-09-20 19:29:51,300  root       run        DEBUG    Received '01011'
2024-09-20 19:29:51,300  root       handle_request DEBUG    Handling: '01011', header '7E0', ECU '7E0'
2024-09-20 19:29:51,301  root       handle_request INFO     Unknown ELM command: '01011', header=7E0
2024-09-20 19:29:51,302  root       handle_response DEBUG    Processing: '<writeln>?</writeln>'
2024-09-20 19:29:51,302  root       handle_response DEBUG    Write: '?\r\r>'
2024-09-20 19:29:51,309  root       run        DEBUG    Received '01031'
2024-09-20 19:29:51,310  root       handle_request DEBUG    Handling: '01031', header '7E0', ECU '7E0'
2024-09-20 19:29:51,310  root       handle_request DEBUG    Description: Fuel System Status, PID FUEL_STATUS (01031)
2024-09-20 19:29:51,310  root       handle_response DEBUG    Processing: '<pos_answer>00 00</pos_answer>'
2024-09-20 19:29:51,311  root       handle_response DEBUG    Write: '7E8 04 41 03 00 00 \r\r>'
2024-09-20 19:29:51,312  root       run        DEBUG    Received '01041'
2024-09-20 19:29:51,313  root       handle_request DEBUG    Handling: '01041', header '7E0', ECU '7E0'
2024-09-20 19:29:51,313  root       handle_request DEBUG    Description: Calculated Engine Load, PID ENGINE_LOAD (01041)
2024-09-20 19:29:51,314  root       handle_response DEBUG    Processing: '<pos_answer>00</pos_answer>'
2024-09-20 19:29:51,314  root       handle_response DEBUG    Write: '7E8 03 41 04 00 \r\r>'
2024-09-20 19:29:51,316  root       run        DEBUG    Received '01051'
2024-09-20 19:29:51,316  root       handle_request DEBUG    Handling: '01051', header '7E0', ECU '7E0'
2024-09-20 19:29:51,317  root       handle_request DEBUG    Description: Engine Coolant Temperature, PID COOLANT_TEMP (01051)
2024-09-20 19:29:51,317  root       handle_response DEBUG    Processing: '<pos_answer>7B</pos_answer>'
2024-09-20 19:29:51,318  root       handle_response DEBUG    Write: '7E8 03 41 05 7B \r\r>'
2024-09-20 19:29:51,320  root       run        DEBUG    Received '01061'
2024-09-20 19:29:51,321  root       handle_request DEBUG    Handling: '01061', header '7E0', ECU '7E0'
2024-09-20 19:29:51,322  root       handle_request INFO     Unknown ELM command: '01061', header=7E0
2024-09-20 19:29:51,322  root       handle_response DEBUG    Processing: '<writeln>?</writeln>'
2024-09-20 19:29:51,322  root       handle_response DEBUG    Write: '?\r\r>'
2024-09-20 19:29:51,324  root       run        DEBUG    Received '01071'
2024-09-20 19:29:51,324  root       handle_request DEBUG    Handling: '01071', header '7E0', ECU '7E0'
2024-09-20 19:29:51,325  root       handle_request INFO     Unknown ELM command: '01071', header=7E0
2024-09-20 19:29:51,325  root       handle_response DEBUG    Processing: '<writeln>?</writeln>'
2024-09-20 19:29:51,325  root       handle_response DEBUG    Write: '?\r\r>'
2024-09-20 19:29:51,326  root       run        DEBUG    Received '010B1'
2024-09-20 19:29:51,326  root       handle_request DEBUG    Handling: '010B1', header '7E0', ECU '7E0'
2024-09-20 19:29:51,327  root       handle_request DEBUG    Description: Intake Manifold Pressure, PID INTAKE_PRESSURE (010B1)
2024-09-20 19:29:51,327  root       handle_response DEBUG    Processing: '<pos_answer>73</pos_answer>'
2024-09-20 19:29:51,327  root       handle_response DEBUG    Write: '7E8 03 41 0B 73 \r\r>'
2024-09-20 19:29:51,328  root       run        DEBUG    Received '010C2'
2024-09-20 19:29:51,328  root       handle_request DEBUG    Handling: '010C2', header '7E0', ECU '7E0'
2024-09-20 19:29:51,328  root       handle_request DEBUG    Description: Engine RPM, PID RPM (010C2)
2024-09-20 19:29:51,328  root       handle_response DEBUG    Processing: '<pos_answer>11 30</pos_answer> <header>7EA</header><size>04</size><data>41 0C 11 30</data>'
2024-09-20 19:29:51,329  root       handle_response DEBUG    Write: '7E8 04 41 0C 11 30 \r7EA 04 41 0C 11 30 \r\r>'
2024-09-20 19:29:51,329  root       run        DEBUG    Received '010D2'
2024-09-20 19:29:51,330  root       handle_request DEBUG    Handling: '010D2', header '7E0', ECU '7E0'
2024-09-20 19:29:51,330  root       handle_request DEBUG    Description: Vehicle Speed, PID SPEED (010D2)
2024-09-20 19:29:51,330  root       handle_response DEBUG    Processing: '<pos_answer>14</pos_answer> <header>7EA</header><size>03</size><data>41 0D 14</data>'
2024-09-20 19:29:51,330  root       handle_response DEBUG    Write: '7E8 03 41 0D 14 \r7EA 03 41 0D 14 \r\r>'
2024-09-20 19:29:51,331  root       run        DEBUG    Received '010E1'
2024-09-20 19:29:51,331  root       handle_request DEBUG    Handling: '010E1', header '7E0', ECU '7E0'
2024-09-20 19:29:51,331  root       handle_request INFO     Unknown ELM command: '010E1', header=7E0
2024-09-20 19:29:51,331  root       handle_response DEBUG    Processing: '<writeln>?</writeln>'
2024-09-20 19:29:51,332  root       handle_response DEBUG    Write: '?\r\r>'
2024-09-20 19:29:51,332  root       run        DEBUG    Received '010F1'
2024-09-20 19:29:51,332  root       handle_request DEBUG    Handling: '010F1', header '7E0', ECU '7E0'
2024-09-20 19:29:51,332  root       handle_request DEBUG    Description: Intake Air Temp, PID INTAKE_TEMP (010F1)
2024-09-20 19:29:51,333  root       handle_response DEBUG    Processing: '<pos_answer>44</pos_answer>'
2024-09-20 19:29:51,333  root       handle_response DEBUG    Write: '7E8 03 41 0F 44 \r\r>'
2024-09-20 19:29:51,333  root       run        DEBUG    Received '01101'
2024-09-20 19:29:51,334  root       handle_request DEBUG    Handling: '01101', header '7E0', ECU '7E0'
2024-09-20 19:29:51,334  root       handle_request DEBUG    Description: Air Flow Rate (MAF), PID MAF (01101)
2024-09-20 19:29:51,334  root       handle_response DEBUG    Processing: '<pos_answer>05 1F</pos_answer>'
2024-09-20 19:29:51,334  root       handle_response DEBUG    Write: '7E8 04 41 10 05 1F \r\r>'
2024-09-20 19:29:51,335  root       run        DEBUG    Received '01111'
2024-09-20 19:29:51,335  root       handle_request DEBUG    Handling: '01111', header '7E0', ECU '7E0'
2024-09-20 19:29:51,335  root       handle_request DEBUG    Description: Throttle Position, PID THROTTLE_POS (01111)
2024-09-20 19:29:51,335  root       handle_response DEBUG    Processing: '<pos_answer>FF</pos_answer>'
2024-09-20 19:29:51,335  root       handle_response DEBUG    Write: '7E8 03 41 11 FF \r\r>'
2024-09-20 19:29:51,336  root       run        DEBUG    Received '01131'
2024-09-20 19:29:51,336  root       handle_request DEBUG    Handling: '01131', header '7E0', ECU '7E0'
2024-09-20 19:29:51,336  root       handle_request INFO     Unknown ELM command: '01131', header=7E0
2024-09-20 19:29:51,337  root       handle_response DEBUG    Processing: '<writeln>?</writeln>'
2024-09-20 19:29:51,337  root       handle_response DEBUG    Write: '?\r\r>'
2024-09-20 19:29:51,337  root       run        DEBUG    Received '01151'
2024-09-20 19:29:51,338  root       handle_request DEBUG    Handling: '01151', header '7E0', ECU '7E0'
2024-09-20 19:29:51,338  root       handle_request INFO     Unknown ELM command: '01151', header=7E0
2024-09-20 19:29:51,338  root       handle_response DEBUG    Processing: '<writeln>?</writeln>'
2024-09-20 19:29:51,338  root       handle_response DEBUG    Write: '?\r\r>'
2024-09-20 19:29:51,339  root       run        DEBUG    Received '011C1'
2024-09-20 19:29:51,339  root       handle_request DEBUG    Handling: '011C1', header '7E0', ECU '7E0'
2024-09-20 19:29:51,339  root       handle_request DEBUG    Description: OBD Standards Compliance, PID OBD_COMPLIANCE (011C1)
2024-09-20 19:29:51,339  root       handle_response DEBUG    Processing: '<pos_answer>06</pos_answer>'
2024-09-20 19:29:51,340  root       handle_response DEBUG    Write: '7E8 03 41 1C 06 \r\r>'
2024-09-20 19:29:51,340  root       run        DEBUG    Received '011F1'
2024-09-20 19:29:51,340  root       handle_request DEBUG    Handling: '011F1', header '7E0', ECU '7E0'
2024-09-20 19:29:51,340  root       handle_request DEBUG    Description: Engine Run Time, PID RUN_TIME (011F1)
2024-09-20 19:29:51,341  root       handle_response DEBUG    Processing: '<pos_answer>00 8C</pos_answer>'
2024-09-20 19:29:51,341  root       handle_response DEBUG    Write: '7E8 04 41 1F 00 8C \r\r>'
2024-09-20 19:29:51,341  root       run        DEBUG    Received '01211'
2024-09-20 19:29:51,342  root       handle_request DEBUG    Handling: '01211', header '7E0', ECU '7E0'
2024-09-20 19:29:51,342  root       handle_request DEBUG    Description: Distance Traveled with MIL on, PID DISTANCE_W_MIL (01211)
2024-09-20 19:29:51,342  root       handle_response DEBUG    Processing: '<pos_answer>00 00</pos_answer>'
2024-09-20 19:29:51,342  root       handle_response DEBUG    Write: '7E8 04 41 21 00 00 \r\r>'
2024-09-20 19:29:51,343  root       run        DEBUG    Received '01241'
2024-09-20 19:29:51,343  root       handle_request DEBUG    Handling: '01241', header '7E0', ECU '7E0'
2024-09-20 19:29:51,343  root       handle_request INFO     Unknown ELM command: '01241', header=7E0
2024-09-20 19:29:51,343  root       handle_response DEBUG    Processing: '<writeln>?</writeln>'
2024-09-20 19:29:51,344  root       handle_response DEBUG    Write: '?\r\r>'
2024-09-20 19:29:51,344  root       run        DEBUG    Received '012C1'
2024-09-20 19:29:51,344  root       handle_request DEBUG    Handling: '012C1', header '7E0', ECU '7E0'
2024-09-20 19:29:51,344  root       handle_request DEBUG    Description: Commanded EGR, PID COMMANDED_EGR (012C1)
2024-09-20 19:29:51,345  root       handle_response DEBUG    Processing: '<pos_answer>0D</pos_answer>'
2024-09-20 19:29:51,345  root       handle_response DEBUG    Write: '7E8 03 41 2C 0D \r\r>'
2024-09-20 19:29:51,345  root       run        DEBUG    Received '012E1'
2024-09-20 19:29:51,345  root       handle_request DEBUG    Handling: '012E1', header '7E0', ECU '7E0'
2024-09-20 19:29:51,346  root       handle_request INFO     Unknown ELM command: '012E1', header=7E0
2024-09-20 19:29:51,346  root       handle_response DEBUG    Processing: '<writeln>?</writeln>'
2024-09-20 19:29:51,347  root       handle_response DEBUG    Write: '?\r\r>'
2024-09-20 19:29:51,347  root       run        DEBUG    Received '01301'
2024-09-20 19:29:51,347  root       handle_request DEBUG    Handling: '01301', header '7E0', ECU '7E0'
2024-09-20 19:29:51,348  root       handle_request INFO     Unknown ELM command: '01301', header=7E0
2024-09-20 19:29:51,348  root       handle_response DEBUG    Processing: '<writeln>?</writeln>'
2024-09-20 19:29:51,348  root       handle_response DEBUG    Write: '?\r\r>'
2024-09-20 19:29:51,348  root       run        DEBUG    Received '01311'
2024-09-20 19:29:51,348  root       handle_request DEBUG    Handling: '01311', header '7E0', ECU '7E0'
2024-09-20 19:29:51,349  root       handle_request DEBUG    Description: Distance traveled since codes cleared, PID DISTANCE_SINCE_DTC_CLEAR (01311)
2024-09-20 19:29:51,349  root       handle_response DEBUG    Processing: '<pos_answer>C8 1F</pos_answer>'
2024-09-20 19:29:51,349  root       handle_response DEBUG    Write: '7E8 04 41 31 C8 1F \r\r>'
2024-09-20 19:29:51,349  root       run        DEBUG    Received '01331'
2024-09-20 19:29:51,349  root       handle_request DEBUG    Handling: '01331', header '7E0', ECU '7E0'
2024-09-20 19:29:51,350  root       handle_request DEBUG    Description: Barometric Pressure, PID BAROMETRIC_PRESSURE (01331)
2024-09-20 19:29:51,350  root       handle_response DEBUG    Processing: '<pos_answer>65</pos_answer>'
2024-09-20 19:29:51,350  root       handle_response DEBUG    Write: '7E8 03 41 33 65 \r\r>'
2024-09-20 19:29:51,351  root       run        DEBUG    Received '01341'
2024-09-20 19:29:51,351  root       handle_request DEBUG    Handling: '01341', header '7E0', ECU '7E0'
2024-09-20 19:29:51,352  root       handle_request INFO     Unknown ELM command: '01341', header=7E0
2024-09-20 19:29:51,352  root       handle_response DEBUG    Processing: '<writeln>?</writeln>'
2024-09-20 19:29:51,352  root       handle_response DEBUG    Write: '?\r\r>'
2024-09-20 19:29:51,352  root       run        DEBUG    Received '013C1'
2024-09-20 19:29:51,352  root       handle_request DEBUG    Handling: '013C1', header '7E0', ECU '7E0'
2024-09-20 19:29:51,353  root       handle_request DEBUG    Description: Catalyst Temperature: Bank 1 - Sensor 1, PID CATALYST_TEMP_B1S1 (013C1)
2024-09-20 19:29:51,353  root       handle_response DEBUG    Processing: '<pos_answer>04 44</pos_answer>'
2024-09-20 19:29:51,353  root       handle_response DEBUG    Write: '7E8 04 41 3C 04 44 \r\r>'
2024-09-20 19:29:51,354  root       run        DEBUG    Received '013E1'
2024-09-20 19:29:51,354  root       handle_request DEBUG    Handling: '013E1', header '7E0', ECU '7E0'
2024-09-20 19:29:51,354  root       handle_request INFO     Unknown ELM command: '013E1', header=7E0
2024-09-20 19:29:51,355  root       handle_response DEBUG    Processing: '<writeln>?</writeln>'
2024-09-20 19:29:51,355  root       handle_response DEBUG    Write: '?\r\r>'
2024-09-20 19:29:51,355  root       run        DEBUG    Received '01421'
2024-09-20 19:29:51,355  root       handle_request DEBUG    Handling: '01421', header '7E0', ECU '7E0'
2024-09-20 19:29:51,356  root       handle_request DEBUG    Description: Control module voltage, PID CONTROL_MODULE_VOLTAGE (01421)
2024-09-20 19:29:51,356  root       handle_response DEBUG    Processing: '<pos_answer>39 D6</pos_answer>'
2024-09-20 19:29:51,356  root       handle_response DEBUG    Write: '7E8 04 41 42 39 D6 \r\r>'
2024-09-20 19:29:51,356  root       run        DEBUG    Received '01431'
2024-09-20 19:29:51,356  root       handle_request DEBUG    Handling: '01431', header '7E0', ECU '7E0'
2024-09-20 19:29:51,357  root       handle_request INFO     Unknown ELM command: '01431', header=7E0
2024-09-20 19:29:51,357  root       handle_response DEBUG    Processing: '<writeln>?</writeln>'
2024-09-20 19:29:51,357  root       handle_response DEBUG    Write: '?\r\r>'
2024-09-20 19:29:51,357  root       run        DEBUG    Received '01441'
2024-09-20 19:29:51,357  root       handle_request DEBUG    Handling: '01441', header '7E0', ECU '7E0'
2024-09-20 19:29:51,358  root       handle_request INFO     Unknown ELM command: '01441', header=7E0
2024-09-20 19:29:51,358  root       handle_response DEBUG    Processing: '<writeln>?</writeln>'
2024-09-20 19:29:51,358  root       handle_response DEBUG    Write: '?\r\r>'
2024-09-20 19:29:51,358  root       run        DEBUG    Received '01451'
2024-09-20 19:29:51,358  root       handle_request DEBUG    Handling: '01451', header '7E0', ECU '7E0'
2024-09-20 19:29:51,359  root       handle_request INFO     Unknown ELM command: '01451', header=7E0
2024-09-20 19:29:51,359  root       handle_response DEBUG    Processing: '<writeln>?</writeln>'
2024-09-20 19:29:51,359  root       handle_response DEBUG    Write: '?\r\r>'
2024-09-20 19:29:51,359  root       run        DEBUG    Received '01471'
2024-09-20 19:29:51,359  root       handle_request DEBUG    Handling: '01471', header '7E0', ECU '7E0'
2024-09-20 19:29:51,359  root       handle_request INFO     Unknown ELM command: '01471', header=7E0
2024-09-20 19:29:51,359  root       handle_response DEBUG    Processing: '<writeln>?</writeln>'
2024-09-20 19:29:51,360  root       handle_response DEBUG    Write: '?\r\r>'
2024-09-20 19:29:51,360  root       run        DEBUG    Received '014C1'
2024-09-20 19:29:51,360  root       handle_request DEBUG    Handling: '014C1', header '7E0', ECU '7E0'
2024-09-20 19:29:51,360  root       handle_request DEBUG    Description: Commanded throttle actuator, PID THROTTLE_ACTUATOR (014C1)
2024-09-20 19:29:51,360  root       handle_response DEBUG    Processing: '<pos_answer>00</pos_answer>'
2024-09-20 19:29:51,360  root       handle_response DEBUG    Write: '7E8 03 41 4C 00 \r\r>'
2024-09-20 19:29:51,361  root       run        DEBUG    Received '014D1'
2024-09-20 19:29:51,361  root       handle_request DEBUG    Handling: '014D1', header '7E0', ECU '7E0'
2024-09-20 19:29:51,361  root       handle_request DEBUG    Description: Time run with MIL on, PID RUN_TIME_MIL (014D1)
2024-09-20 19:29:51,361  root       handle_response DEBUG    Processing: '<pos_answer>00 00</pos_answer>'
2024-09-20 19:29:51,361  root       handle_response DEBUG    Write: '7E8 04 41 4D 00 00 \r\r>'
2024-09-20 19:29:51,361  root       run        DEBUG    Received '014E1'
2024-09-20 19:29:51,362  root       handle_request DEBUG    Handling: '014E1', header '7E0', ECU '7E0'
2024-09-20 19:29:51,362  root       handle_request DEBUG    Description: Time since trouble codes cleared, PID TIME_SINCE_DTC_CLEARED (014E1)
2024-09-20 19:29:51,362  root       handle_response DEBUG    Processing: '<pos_answer>4C 69</pos_answer>'
2024-09-20 19:29:51,362  root       handle_response DEBUG    Write: '7E8 04 41 4E 4C 69 \r\r>'
2024-09-20 19:29:51,362  root       run        DEBUG    Received '01511'
2024-09-20 19:29:51,362  root       handle_request DEBUG    Handling: '01511', header '7E0', ECU '7E0'
2024-09-20 19:29:51,362  root       handle_request DEBUG    Description: Fuel Type, PID FUEL_TYPE (01511)
2024-09-20 19:29:51,363  root       handle_response DEBUG    Processing: '<pos_answer>01</pos_answer>'
2024-09-20 19:29:51,363  root       handle_response DEBUG    Write: '7E8 03 41 51 01 \r\r>'
2024-09-20 19:29:51,614  root       run        DEBUG    Received '01002'
2024-09-20 19:29:51,614  root       handle_request DEBUG    Handling: '01002', header '7E0', ECU '7E0'
2024-09-20 19:29:51,615  root       handle_request DEBUG    Description: PIDS_A, PID ELM_PIDS_A (01002)
2024-09-20 19:29:51,615  root       handle_response DEBUG    Processing: '<header>7EA</header><size>06</size><data>41 00 98 3A 80 13</data><pos_answer>BE 3F A8 13</pos_answer>'
2024-09-20 19:29:51,616  root       handle_response DEBUG    Write: '7EA 06 41 00 98 3A 80 13 \r7E8 06 41 00 BE 3F A8 13 \r\r>'
2024-09-20 19:29:51,618  root       run        DEBUG    Received '01202'
2024-09-20 19:29:51,618  root       handle_request DEBUG    Handling: '01202', header '7E0', ECU '7E0'
2024-09-20 19:29:51,619  root       handle_request DEBUG    Description: PIDS_B, PID ELM_PIDS_B (01202)
2024-09-20 19:29:51,619  root       handle_response DEBUG    Processing: '<header>7EA</header><size>06</size><data>41 20 80 01 A0 01</data><pos_answer>90 15 B0 15</pos_answer>'
2024-09-20 19:29:51,620  root       handle_response DEBUG    Write: '7EA 06 41 20 80 01 A0 01 \r7E8 06 41 20 90 15 B0 15 \r\r>'
2024-09-20 19:29:51,621  root       run        DEBUG    Received '01402'
2024-09-20 19:29:51,621  root       handle_request DEBUG    Handling: '01402', header '7E0', ECU '7E0'
2024-09-20 19:29:51,622  root       handle_request DEBUG    Description: PIDS_C, PID ELM_PIDS_C (01402)
2024-09-20 19:29:51,622  root       handle_response DEBUG    Processing: '<header>7EA</header><size>06</size><data>41 40 44 CC 00 21</data><pos_answer>7A 1C 80 00</pos_answer>'
2024-09-20 19:29:51,623  root       handle_response DEBUG    Write: '7EA 06 41 40 44 CC 00 21 \r7E8 06 41 40 7A 1C 80 00 \r\r>'
2024-09-20 19:29:51,624  root       run        DEBUG    Received '01011'
2024-09-20 19:29:51,625  root       handle_request DEBUG    Handling: '01011', header '7E0', ECU '7E0'
2024-09-20 19:29:51,626  root       handle_request INFO     Unknown ELM command: '01011', header=7E0
2024-09-20 19:29:51,626  root       handle_response DEBUG    Processing: '<writeln>?</writeln>'
2024-09-20 19:29:51,627  root       handle_response DEBUG    Write: '?\r\r>'
2024-09-20 19:29:51,633  root       run        DEBUG    Received '01031'
2024-09-20 19:29:51,634  root       handle_request DEBUG    Handling: '01031', header '7E0', ECU '7E0'
2024-09-20 19:29:51,634  root       handle_request DEBUG    Description: Fuel System Status, PID FUEL_STATUS (01031)
2024-09-20 19:29:51,635  root       handle_response DEBUG    Processing: '<pos_answer>00 00</pos_answer>'
2024-09-20 19:29:51,635  root       handle_response DEBUG    Write: '7E8 04 41 03 00 00 \r\r>'
2024-09-20 19:29:51,637  root       run        DEBUG    Received '01041'
2024-09-20 19:29:51,637  root       handle_request DEBUG    Handling: '01041', header '7E0', ECU '7E0'
2024-09-20 19:29:51,638  root       handle_request DEBUG    Description: Calculated Engine Load, PID ENGINE_LOAD (01041)
2024-09-20 19:29:51,638  root       handle_response DEBUG    Processing: '<pos_answer>00</pos_answer>'
2024-09-20 19:29:51,639  root       handle_response DEBUG    Write: '7E8 03 41 04 00 \r\r>'
2024-09-20 19:29:51,641  root       run        DEBUG    Received '01051'
2024-09-20 19:29:51,641  root       handle_request DEBUG    Handling: '01051', header '7E0', ECU '7E0'
2024-09-20 19:29:51,642  root       handle_request DEBUG    Description: Engine Coolant Temperature, PID COOLANT_TEMP (01051)
2024-09-20 19:29:51,642  root       handle_response DEBUG    Processing: '<pos_answer>7B</pos_answer>'
2024-09-20 19:29:51,643  root       handle_response DEBUG    Write: '7E8 03 41 05 7B \r\r>'
2024-09-20 19:29:51,645  root       run        DEBUG    Received '01061'
2024-09-20 19:29:51,645  root       handle_request DEBUG    Handling: '01061', header '7E0', ECU '7E0'
2024-09-20 19:29:51,647  root       handle_request INFO     Unknown ELM command: '01061', header=7E0
2024-09-20 19:29:51,648  root       handle_response DEBUG    Processing: '<writeln>?</writeln>'
2024-09-20 19:29:51,648  root       handle_response DEBUG    Write: '?\r\r>'
2024-09-20 19:29:51,651  root       run        DEBUG    Received '01071'
2024-09-20 19:29:51,651  root       handle_request DEBUG    Handling: '01071', header '7E0', ECU '7E0'
2024-09-20 19:29:51,652  root       handle_request INFO     Unknown ELM command: '01071', header=7E0
2024-09-20 19:29:51,653  root       handle_response DEBUG    Processing: '<writeln>?</writeln>'
2024-09-20 19:29:51,654  root       handle_response DEBUG    Write: '?\r\r>'
2024-09-20 19:29:51,655  root       run        DEBUG    Received '010B1'
2024-09-20 19:29:51,655  root       handle_request DEBUG    Handling: '010B1', header '7E0', ECU '7E0'
2024-09-20 19:29:51,655  root       handle_request DEBUG    Description: Intake Manifold Pressure, PID INTAKE_PRESSURE (010B1)
2024-09-20 19:29:51,655  root       handle_response DEBUG    Processing: '<pos_answer>73</pos_answer>'
2024-09-20 19:29:51,656  root       handle_response DEBUG    Write: '7E8 03 41 0B 73 \r\r>'
2024-09-20 19:29:51,657  root       run        DEBUG    Received '010C2'
2024-09-20 19:29:51,657  root       handle_request DEBUG    Handling: '010C2', header '7E0', ECU '7E0'
2024-09-20 19:29:51,657  root       handle_request DEBUG    Description: Engine RPM, PID RPM (010C2)
2024-09-20 19:29:51,658  root       handle_response DEBUG    Processing: '<pos_answer>11 80</pos_answer> <header>7EA</header><size>04</size><data>41 0C 11 80</data>'
2024-09-20 19:29:51,658  root       handle_response DEBUG    Write: '7E8 04 41 0C 11 80 \r7EA 04 41 0C 11 80 \r\r>'
2024-09-20 19:29:51,659  root       run        DEBUG    Received '010D2'
2024-09-20 19:29:51,659  root       handle_request DEBUG    Handling: '010D2', header '7E0', ECU '7E0'
2024-09-20 19:29:51,660  root       handle_request DEBUG    Description: Vehicle Speed, PID SPEED (010D2)
2024-09-20 19:29:51,660  root       handle_response DEBUG    Processing: '<pos_answer>18</pos_answer> <header>7EA</header><size>03</size><data>41 0D 18</data>'
2024-09-20 19:29:51,660  root       handle_response DEBUG    Write: '7E8 03 41 0D 18 \r7EA 03 41 0D 18 \r\r>'
2024-09-20 19:29:51,661  root       run        DEBUG    Received '010E1'
2024-09-20 19:29:51,661  root       handle_request DEBUG    Handling: '010E1', header '7E0', ECU '7E0'
2024-09-20 19:29:51,662  root       handle_request INFO     Unknown ELM command: '010E1', header=7E0
2024-09-20 19:29:51,662  root       handle_response DEBUG    Processing: '<writeln>?</writeln>'
2024-09-20 19:29:51,662  root       handle_response DEBUG    Write: '?\r\r>'
2024-09-20 19:29:51,663  root       run        DEBUG    Received '010F1'
2024-09-20 19:29:51,663  root       handle_request DEBUG    Handling: '010F1', header '7E0', ECU '7E0'
2024-09-20 19:29:51,663  root       handle_request DEBUG    Description: Intake Air Temp, PID INTAKE_TEMP (010F1)
2024-09-20 19:29:51,663  root       handle_response DEBUG    Processing: '<pos_answer>44</pos_answer>'
2024-09-20 19:29:51,664  root       handle_response DEBUG    Write: '7E8 03 41 0F 44 \r\r>'
2024-09-20 19:29:51,665  root       run        DEBUG    Received '01101'
2024-09-20 19:29:51,665  root       handle_request DEBUG    Handling: '01101', header '7E0', ECU '7E0'
2024-09-20 19:29:51,665  root       handle_request DEBUG    Description: Air Flow Rate (MAF), PID MAF (01101)
2024-09-20 19:29:51,665  root       handle_response DEBUG    Processing: '<pos_answer>05 1F</pos_answer>'
2024-09-20 19:29:51,665  root       handle_response DEBUG    Write: '7E8 04 41 10 05 1F \r\r>'
2024-09-20 19:29:51,666  root       run        DEBUG    Received '01111'
2024-09-20 19:29:51,666  root       handle_request DEBUG    Handling: '01111', header '7E0', ECU '7E0'
2024-09-20 19:29:51,666  root       handle_request DEBUG    Description: Throttle Position, PID THROTTLE_POS (01111)
2024-09-20 19:29:51,666  root       handle_response DEBUG    Processing: '<pos_answer>FF</pos_answer>'
2024-09-20 19:29:51,667  root       handle_response DEBUG    Write: '7E8 03 41 11 FF \r\r>'
2024-09-20 19:29:51,667  root       run        DEBUG    Received '01131'
2024-09-20 19:29:51,667  root       handle_request DEBUG    Handling: '01131', header '7E0', ECU '7E0'
2024-09-20 19:29:51,668  root       handle_request INFO     Unknown ELM command: '01131', header=7E0
2024-09-20 19:29:51,668  root       handle_response DEBUG    Processing: '<writeln>?</writeln>'
2024-09-20 19:29:51,668  root       handle_response DEBUG    Write: '?\r\r>'
2024-09-20 19:29:51,669  root       run        DEBUG    Received '01151'
2024-09-20 19:29:51,669  root       handle_request DEBUG    Handling: '01151', header '7E0', ECU '7E0'
2024-09-20 19:29:51,670  root       handle_request INFO     Unknown ELM command: '01151', header=7E0
2024-09-20 19:29:51,670  root       handle_response DEBUG    Processing: '<writeln>?</writeln>'
2024-09-20 19:29:51,670  root       handle_response DEBUG    Write: '?\r\r>'
2024-09-20 19:29:51,670  root       run        DEBUG    Received '011C1'
2024-09-20 19:29:51,671  root       handle_request DEBUG    Handling: '011C1', header '7E0', ECU '7E0'
2024-09-20 19:29:51,671  root       handle_request DEBUG    Description: OBD Standards Compliance, PID OBD_COMPLIANCE (011C1)
2024-09-20 19:29:51,671  root       handle_response DEBUG    Processing: '<pos_answer>06</pos_answer>'
2024-09-20 19:29:51,671  root       handle_response DEBUG    Write: '7E8 03 41 1C 06 \r\r>'
2024-09-20 19:29:51,671  root       run        DEBUG    Received '011F1'
2024-09-20 19:29:51,672  root       handle_request DEBUG    Handling: '011F1', header '7E0', ECU '7E0'
2024-09-20 19:29:51,672  root       handle_request DEBUG    Description: Engine Run Time, PID RUN_TIME (011F1)
2024-09-20 19:29:51,672  root       handle_response DEBUG    Processing: '<pos_answer>00 8C</pos_answer>'
2024-09-20 19:29:51,672  root       handle_response DEBUG    Write: '7E8 04 41 1F 00 8C \r\r>'
2024-09-20 19:29:51,673  root       run        DEBUG    Received '01211'
2024-09-20 19:29:51,673  root       handle_request DEBUG    Handling: '01211', header '7E0', ECU '7E0'
2024-09-20 19:29:51,673  root       handle_request DEBUG    Description: Distance Traveled with MIL on, PID DISTANCE_W_MIL (01211)
2024-09-20 19:29:51,673  root       handle_response DEBUG    Processing: '<pos_answer>00 00</pos_answer>'
2024-09-20 19:29:51,673  root       handle_response DEBUG    Write: '7E8 04 41 21 00 00 \r\r>'
2024-09-20 19:29:51,674  root       run        DEBUG    Received '01241'
2024-09-20 19:29:51,674  root       handle_request DEBUG    Handling: '01241', header '7E0', ECU '7E0'
2024-09-20 19:29:51,674  root       handle_request INFO     Unknown ELM command: '01241', header=7E0
2024-09-20 19:29:51,674  root       handle_response DEBUG    Processing: '<writeln>?</writeln>'
2024-09-20 19:29:51,674  root       handle_response DEBUG    Write: '?\r\r>'
2024-09-20 19:29:51,675  root       run        DEBUG    Received '012C1'
2024-09-20 19:29:51,675  root       handle_request DEBUG    Handling: '012C1', header '7E0', ECU '7E0'
2024-09-20 19:29:51,675  root       handle_request DEBUG    Description: Commanded EGR, PID COMMANDED_EGR (012C1)
2024-09-20 19:29:51,675  root       handle_response DEBUG    Processing: '<pos_answer>0D</pos_answer>'
2024-09-20 19:29:51,675  root       handle_response DEBUG    Write: '7E8 03 41 2C 0D \r\r>'
2024-09-20 19:29:51,676  root       run        DEBUG    Received '012E1'
2024-09-20 19:29:51,676  root       handle_request DEBUG    Handling: '012E1', header '7E0', ECU '7E0'
2024-09-20 19:29:51,676  root       handle_request INFO     Unknown ELM command: '012E1', header=7E0
2024-09-20 19:29:51,676  root       handle_response DEBUG    Processing: '<writeln>?</writeln>'
2024-09-20 19:29:51,677  root       handle_response DEBUG    Write: '?\r\r>'
2024-09-20 19:29:51,677  root       run        DEBUG    Received '01301'
2024-09-20 19:29:51,677  root       handle_request DEBUG    Handling: '01301', header '7E0', ECU '7E0'
2024-09-20 19:29:51,677  root       handle_request INFO     Unknown ELM command: '01301', header=7E0
2024-09-20 19:29:51,678  root       handle_response DEBUG    Processing: '<writeln>?</writeln>'
2024-09-20 19:29:51,678  root       handle_response DEBUG    Write: '?\r\r>'
2024-09-20 19:29:51,678  root       run        DEBUG    Received '01311'
2024-09-20 19:29:51,678  root       handle_request DEBUG    Handling: '01311', header '7E0', ECU '7E0'
2024-09-20 19:29:51,678  root       handle_request DEBUG    Description: Distance traveled since codes cleared, PID DISTANCE_SINCE_DTC_CLEAR (01311)
2024-09-20 19:29:51,678  root       handle_response DEBUG    Processing: '<pos_answer>C8 1F</pos_answer>'
2024-09-20 19:29:51,679  root       handle_response DEBUG    Write: '7E8 04 41 31 C8 1F \r\r>'
2024-09-20 19:29:51,679  root       run        DEBUG    Received '01331'
2024-09-20 19:29:51,679  root       handle_request DEBUG    Handling: '01331', header '7E0', ECU '7E0'
2024-09-20 19:29:51,679  root       handle_request DEBUG    Description: Barometric Pressure, PID BAROMETRIC_PRESSURE (01331)
2024-09-20 19:29:51,679  root       handle_response DEBUG    Processing: '<pos_answer>65</pos_answer>'
2024-09-20 19:29:51,679  root       handle_response DEBUG    Write: '7E8 03 41 33 65 \r\r>'
2024-09-20 19:29:51,680  root       run        DEBUG    Received '01341'
2024-09-20 19:29:51,680  root       handle_request DEBUG    Handling: '01341', header '7E0', ECU '7E0'
2024-09-20 19:29:51,680  root       handle_request INFO     Unknown ELM command: '01341', header=7E0
2024-09-20 19:29:51,680  root       handle_response DEBUG    Processing: '<writeln>?</writeln>'
2024-09-20 19:29:51,680  root       handle_response DEBUG    Write: '?\r\r>'
2024-09-20 19:29:51,681  root       run        DEBUG    Received '013C1'
2024-09-20 19:29:51,681  root       handle_request DEBUG    Handling: '013C1', header '7E0', ECU '7E0'
2024-09-20 19:29:51,681  root       handle_request DEBUG    Description: Catalyst Temperature: Bank 1 - Sensor 1, PID CATALYST_TEMP_B1S1 (013C1)
2024-09-20 19:29:51,681  root       handle_response DEBUG    Processing: '<pos_answer>04 44</pos_answer>'
2024-09-20 19:29:51,681  root       handle_response DEBUG    Write: '7E8 04 41 3C 04 44 \r\r>'
2024-09-20 19:29:51,682  root       run        DEBUG    Received '013E1'
2024-09-20 19:29:51,682  root       handle_request DEBUG    Handling: '013E1', header '7E0', ECU '7E0'
2024-09-20 19:29:51,682  root       handle_request INFO     Unknown ELM command: '013E1', header=7E0
2024-09-20 19:29:51,682  root       handle_response DEBUG    Processing: '<writeln>?</writeln>'
2024-09-20 19:29:51,682  root       handle_response DEBUG    Write: '?\r\r>'
2024-09-20 19:29:51,683  root       run        DEBUG    Received '01421'
2024-09-20 19:29:51,683  root       handle_request DEBUG    Handling: '01421', header '7E0', ECU '7E0'
2024-09-20 19:29:51,683  root       handle_request DEBUG    Description: Control module voltage, PID CONTROL_MODULE_VOLTAGE (01421)
2024-09-20 19:29:51,683  root       handle_response DEBUG    Processing: '<pos_answer>39 D6</pos_answer>'
2024-09-20 19:29:51,683  root       handle_response DEBUG    Write: '7E8 04 41 42 39 D6 \r\r>'
2024-09-20 19:29:51,684  root       run        DEBUG    Received '01431'
2024-09-20 19:29:51,684  root       handle_request DEBUG    Handling: '01431', header '7E0', ECU '7E0'
2024-09-20 19:29:51,684  root       handle_request INFO     Unknown ELM command: '01431', header=7E0
2024-09-20 19:29:51,684  root       handle_response DEBUG    Processing: '<writeln>?</writeln>'
2024-09-20 19:29:51,684  root       handle_response DEBUG    Write: '?\r\r>'
2024-09-20 19:29:51,685  root       run        DEBUG    Received '01441'
2024-09-20 19:29:51,685  root       handle_request DEBUG    Handling: '01441', header '7E0', ECU '7E0'
2024-09-20 19:29:51,685  root       handle_request INFO     Unknown ELM command: '01441', header=7E0
2024-09-20 19:29:51,685  root       handle_response DEBUG    Processing: '<writeln>?</writeln>'
2024-09-20 19:29:51,685  root       handle_response DEBUG    Write: '?\r\r>'
2024-09-20 19:29:51,685  root       run        DEBUG    Received '01451'
2024-09-20 19:29:51,685  root       handle_request DEBUG    Handling: '01451', header '7E0', ECU '7E0'
2024-09-20 19:29:51,686  root       handle_request INFO     Unknown ELM command: '01451', header=7E0
2024-09-20 19:29:51,686  root       handle_response DEBUG    Processing: '<writeln>?</writeln>'
2024-09-20 19:29:51,686  root       handle_response DEBUG    Write: '?\r\r>'
2024-09-20 19:29:51,686  root       run        DEBUG    Received '01471'
2024-09-20 19:29:51,686  root       handle_request DEBUG    Handling: '01471', header '7E0', ECU '7E0'
2024-09-20 19:29:51,687  root       handle_request INFO     Unknown ELM command: '01471', header=7E0
2024-09-20 19:29:51,687  root       handle_response DEBUG    Processing: '<writeln>?</writeln>'
2024-09-20 19:29:51,687  root       handle_response DEBUG    Write: '?\r\r>'
2024-09-20 19:29:51,687  root       run        DEBUG    Received '014C1'
2024-09-20 19:29:51,687  root       handle_request DEBUG    Handling: '014C1', header '7E0', ECU '7E0'
2024-09-20 19:29:51,687  root       handle_request DEBUG    Description: Commanded throttle actuator, PID THROTTLE_ACTUATOR (014C1)
2024-09-20 19:29:51,687  root       handle_response DEBUG    Processing: '<pos_answer>00</pos_answer>'
2024-09-20 19:29:51,688  root       handle_response DEBUG    Write: '7E8 03 41 4C 00 \r\r>'
2024-09-20 19:29:51,688  root       run        DEBUG    Received '014D1'
2024-09-20 19:29:51,688  root       handle_request DEBUG    Handling: '014D1', header '7E0', ECU '7E0'
2024-09-20 19:29:51,688  root       handle_request DEBUG    Description: Time run with MIL on, PID RUN_TIME_MIL (014D1)
2024-09-20 19:29:51,688  root       handle_response DEBUG    Processing: '<pos_answer>00 00</pos_answer>'
2024-09-20 19:29:51,688  root       handle_response DEBUG    Write: '7E8 04 41 4D 00 00 \r\r>'
2024-09-20 19:29:51,689  root       run        DEBUG    Received '014E1'
2024-09-20 19:29:51,689  root       handle_request DEBUG    Handling: '014E1', header '7E0', ECU '7E0'
2024-09-20 19:29:51,689  root       handle_request DEBUG    Description: Time since trouble codes cleared, PID TIME_SINCE_DTC_CLEARED (014E1)
2024-09-20 19:29:51,689  root       handle_response DEBUG    Processing: '<pos_answer>4C 69</pos_answer>'
2024-09-20 19:29:51,689  root       handle_response DEBUG    Write: '7E8 04 41 4E 4C 69 \r\r>'
2024-09-20 19:29:51,690  root       run        DEBUG    Received '01511'
2024-09-20 19:29:51,690  root       handle_request DEBUG    Handling: '01511', header '7E0', ECU '7E0'
2024-09-20 19:29:51,690  root       handle_request DEBUG    Description: Fuel Type, PID FUEL_TYPE (01511)
2024-09-20 19:29:51,690  root       handle_response DEBUG    Processing: '<pos_answer>01</pos_answer>'
2024-09-20 19:29:51,690  root       handle_response DEBUG    Write: '7E8 03 41 51 01 \r\r>'
2024-09-20 19:29:51,941  root       run        DEBUG    Received '01002'
2024-09-20 19:29:51,942  root       handle_request DEBUG    Handling: '01002', header '7E0', ECU '7E0'
2024-09-20 19:29:51,942  root       handle_request DEBUG    Description: PIDS_A, PID ELM_PIDS_A (01002)
2024-09-20 19:29:51,943  root       handle_response DEBUG    Processing: '<header>7EA</header><size>06</size><data>41 00 98 3A 80 13</data><pos_answer>BE 3F A8 13</pos_answer>'
2024-09-20 19:29:51,943  root       handle_response DEBUG    Write: '7EA 06 41 00 98 3A 80 13 \r7E8 06 41 00 BE 3F A8 13 \r\r>'
2024-09-20 19:29:51,944  root       run        DEBUG    Received '01202'
2024-09-20 19:29:51,945  root       handle_request DEBUG    Handling: '01202', header '7E0', ECU '7E0'
2024-09-20 19:29:51,945  root       handle_request DEBUG    Description: PIDS_B, PID ELM_PIDS_B (01202)
2024-09-20 19:29:51,946  root       handle_response DEBUG    Processing: '<header>7EA</header><size>06</size><data>41 20 80 01 A0 01</data><pos_answer>90 15 B0 15</pos_answer>'
2024-09-20 19:29:51,946  root       handle_response DEBUG    Write: '7EA 06 41 20 80 01 A0 01 \r7E8 06 41 20 90 15 B0 15 \r\r>'
2024-09-20 19:29:51,947  root       run        DEBUG    Received '01402'
2024-09-20 19:29:51,948  root       handle_request DEBUG    Handling: '01402', header '7E0', ECU '7E0'
2024-09-20 19:29:51,948  root       handle_request DEBUG    Description: PIDS_C, PID ELM_PIDS_C (01402)
2024-09-20 19:29:51,949  root       handle_response DEBUG    Processing: '<header>7EA</header><size>06</size><data>41 40 44 CC 00 21</data><pos_answer>7A 1C 80 00</pos_answer>'
2024-09-20 19:29:51,949  root       handle_response DEBUG    Write: '7EA 06 41 40 44 CC 00 21 \r7E8 06 41 40 7A 1C 80 00 \r\r>'
2024-09-20 19:29:51,951  root       run        DEBUG    Received '01011'
2024-09-20 19:29:51,951  root       handle_request DEBUG    Handling: '01011', header '7E0', ECU '7E0'
2024-09-20 19:29:51,952  root       handle_request INFO     Unknown ELM command: '01011', header=7E0
2024-09-20 19:29:51,953  root       handle_response DEBUG    Processing: '<writeln>?</writeln>'
2024-09-20 19:29:51,953  root       handle_response DEBUG    Write: '?\r\r>'
2024-09-20 19:29:51,960  root       run        DEBUG    Received '01031'
2024-09-20 19:29:51,960  root       handle_request DEBUG    Handling: '01031', header '7E0', ECU '7E0'
2024-09-20 19:29:51,960  root       handle_request DEBUG    Description: Fuel System Status, PID FUEL_STATUS (01031)
2024-09-20 19:29:51,961  root       handle_response DEBUG    Processing: '<pos_answer>00 00</pos_answer>'
2024-09-20 19:29:51,961  root       handle_response DEBUG    Write: '7E8 04 41 03 00 00 \r\r>'
2024-09-20 19:29:51,963  root       run        DEBUG    Received '01041'
2024-09-20 19:29:51,963  root       handle_request DEBUG    Handling: '01041', header '7E0', ECU '7E0'
2024-09-20 19:29:51,964  root       handle_request DEBUG    Description: Calculated Engine Load, PID ENGINE_LOAD (01041)
2024-09-20 19:29:51,964  root       handle_response DEBUG    Processing: '<pos_answer>00</pos_answer>'
2024-09-20 19:29:51,964  root       handle_response DEBUG    Write: '7E8 03 41 04 00 \r\r>'
2024-09-20 19:29:51,966  root       run        DEBUG    Received '01051'
2024-09-20 19:29:51,966  root       handle_request DEBUG    Handling: '01051', header '7E0', ECU '7E0'
2024-09-20 19:29:51,967  root       handle_request DEBUG    Description: Engine Coolant Temperature, PID COOLANT_TEMP (01051)
2024-09-20 19:29:51,967  root       handle_response DEBUG    Processing: '<pos_answer>7B</pos_answer>'
2024-09-20 19:29:51,968  root       handle_response DEBUG    Write: '7E8 03 41 05 7B \r\r>'
2024-09-20 19:29:51,969  root       run        DEBUG    Received '01061'
2024-09-20 19:29:51,969  root       handle_request DEBUG    Handling: '01061', header '7E0', ECU '7E0'
2024-09-20 19:29:51,971  root       handle_request INFO     Unknown ELM command: '01061', header=7E0
2024-09-20 19:29:51,971  root       handle_response DEBUG    Processing: '<writeln>?</writeln>'
2024-09-20 19:29:51,971  root       handle_response DEBUG    Write: '?\r\r>'
2024-09-20 19:29:51,972  root       run        DEBUG    Received '01071'
2024-09-20 19:29:51,972  root       handle_request DEBUG    Handling: '01071', header '7E0', ECU '7E0'
2024-09-20 19:29:51,973  root       handle_request INFO     Unknown ELM command: '01071', header=7E0
2024-09-20 19:29:51,974  root       handle_response DEBUG    Processing: '<writeln>?</writeln>'
2024-09-20 19:29:51,974  root       handle_response DEBUG    Write: '?\r\r>'
2024-09-20 19:29:51,975  root       run        DEBUG    Received '010B1'
2024-09-20 19:29:51,975  root       handle_request DEBUG    Handling: '010B1', header '7E0', ECU '7E0'
2024-09-20 19:29:51,976  root       handle_request DEBUG    Description: Intake Manifold Pressure, PID INTAKE_PRESSURE (010B1)
2024-09-20 19:29:51,976  root       handle_response DEBUG    Processing: '<pos_answer>73</pos_answer>'
2024-09-20 19:29:51,976  root       handle_response DEBUG    Write: '7E8 03 41 0B 73 \r\r>'
2024-09-20 19:29:51,977  root       run        DEBUG    Received '010C2'
2024-09-20 19:29:51,977  root       handle_request DEBUG    Handling: '010C2', header '7E0', ECU '7E0'
2024-09-20 19:29:51,977  root       handle_request DEBUG    Description: Engine RPM, PID RPM (010C2)
2024-09-20 19:29:51,978  root       handle_response DEBUG    Processing: '<pos_answer>11 D0</pos_answer> <header>7EA</header><size>04</size><data>41 0C 11 D0</data>'
2024-09-20 19:29:51,978  root       handle_response DEBUG    Write: '7E8 04 41 0C 11 D0 \r7EA 04 41 0C 11 D0 \r\r>'
2024-09-20 19:29:51,978  root       run        DEBUG    Received '010D2'
2024-09-20 19:29:51,979  root       handle_request DEBUG    Handling: '010D2', header '7E0', ECU '7E0'
2024-09-20 19:29:51,979  root       handle_request DEBUG    Description: Vehicle Speed, PID SPEED (010D2)
2024-09-20 19:29:51,979  root       handle_response DEBUG    Processing: '<pos_answer>1C</pos_answer> <header>7EA</header><size>03</size><data>41 0D 1C</data>'
2024-09-20 19:29:51,979  root       handle_response DEBUG    Write: '7E8 03 41 0D 1C \r7EA 03 41 0D 1C \r\r>'
2024-09-20 19:29:51,980  root       run        DEBUG    Received '010E1'
2024-09-20 19:29:51,980  root       handle_request DEBUG    Handling: '010E1', header '7E0', ECU '7E0'
2024-09-20 19:29:51,980  root       handle_request INFO     Unknown ELM command: '010E1', header=7E0
2024-09-20 19:29:51,981  root       handle_response DEBUG    Processing: '<writeln>?</writeln>'
2024-09-20 19:29:51,981  root       handle_response DEBUG    Write: '?\r\r>'
2024-09-20 19:29:51,981  root       run        DEBUG    Received '010F1'
2024-09-20 19:29:51,981  root       handle_request DEBUG    Handling: '010F1', header '7E0', ECU '7E0'
2024-09-20 19:29:51,981  root       handle_request DEBUG    Description: Intake Air Temp, PID INTAKE_TEMP (010F1)
2024-09-20 19:29:51,982  root       handle_response DEBUG    Processing: '<pos_answer>44</pos_answer>'
2024-09-20 19:29:51,982  root       handle_response DEBUG    Write: '7E8 03 41 0F 44 \r\r>'
2024-09-20 19:29:51,982  root       run        DEBUG    Received '01101'
2024-09-20 19:29:51,982  root       handle_request DEBUG    Handling: '01101', header '7E0', ECU '7E0'
2024-09-20 19:29:51,982  root       handle_request DEBUG    Description: Air Flow Rate (MAF), PID MAF (01101)
2024-09-20 19:29:51,983  root       handle_response DEBUG    Processing: '<pos_answer>05 1F</pos_answer>'
2024-09-20 19:29:51,983  root       handle_response DEBUG    Write: '7E8 04 41 10 05 1F \r\r>'
2024-09-20 19:29:51,983  root       run        DEBUG    Received '01111'
2024-09-20 19:29:51,983  root       handle_request DEBUG    Handling: '01111', header '7E0', ECU '7E0'
2024-09-20 19:29:51,983  root       handle_request DEBUG    Description: Throttle Position, PID THROTTLE_POS (01111)
2024-09-20 19:29:51,983  root       handle_response DEBUG    Processing: '<pos_answer>FF</pos_answer>'
2024-09-20 19:29:51,983  root       handle_response DEBUG    Write: '7E8 03 41 11 FF \r\r>'
2024-09-20 19:29:51,984  root       run        DEBUG    Received '01131'
2024-09-20 19:29:51,984  root       handle_request DEBUG    Handling: '01131', header '7E0', ECU '7E0'
2024-09-20 19:29:51,984  root       handle_request INFO     Unknown ELM command: '01131', header=7E0
2024-09-20 19:29:51,984  root       handle_response DEBUG    Processing: '<writeln>?</writeln>'
2024-09-20 19:29:51,984  root       handle_response DEBUG    Write: '?\r\r>'
2024-09-20 19:29:51,985  root       run        DEBUG    Received '01151'
2024-09-20 19:29:51,985  root       handle_request DEBUG    Handling: '01151', header '7E0', ECU '7E0'
2024-09-20 19:29:51,985  root       handle_request INFO     Unknown ELM command: '01151', header=7E0
2024-09-20 19:29:51,985  root       handle_response DEBUG    Processing: '<writeln>?</writeln>'
2024-09-20 19:29:51,985  root       handle_response DEBUG    Write: '?\r\r>'
2024-09-20 19:29:51,986  root       run        DEBUG    Received '011C1'
2024-09-20 19:29:51,986  root       handle_request DEBUG    Handling: '011C1', header '7E0', ECU '7E0'
2024-09-20 19:29:51,986  root       handle_request DEBUG    Description: OBD Standards Compliance, PID OBD_COMPLIANCE (011C1)
2024-09-20 19:29:51,986  root       handle_response DEBUG    Processing: '<pos_answer>06</pos_answer>'
2024-09-20 19:29:51,986  root       handle_response DEBUG    Write: '7E8 03 41 1C 06 \r\r>'
2024-09-20 19:29:51,986  root       run        DEBUG    Received '011F1'
2024-09-20 19:29:51,986  root       handle_request DEBUG    Handling: '011F1', header '7E0', ECU '7E0'
2024-09-20 19:29:51,987  root       handle_request DEBUG    Description: Engine Run Time, PID RUN_TIME (011F1)
2024-09-20 19:29:51,987  root       handle_response DEBUG    Processing: '<pos_answer>00 8C</pos_answer>'
2024-09-20 19:29:51,987  root       handle_response DEBUG    Write: '7E8 04 41 1F 00 8C \r\r>'
2024-09-20 19:29:51,987  root       run        DEBUG    Received '01211'
2024-09-20 19:29:51,987  root       handle_request DEBUG    Handling: '01211', header '7E0', ECU '7E0'
2024-09-20 19:29:51,987  root       handle_request DEBUG    Description: Distance Traveled with MIL on, PID DISTANCE_W_MIL (01211)
2024-09-20 19:29:51,987  root       handle_response DEBUG    Processing: '<pos_answer>00 00</pos_answer>'
2024-09-20 19:29:51,987  root       handle_response DEBUG    Write: '7E8 04 41 21 00 00 \r\r>'
2024-09-20 19:29:51,988  root       run        DEBUG    Received '01241'
2024-09-20 19:29:51,988  root       handle_request DEBUG    Handling: '01241', header '7E0', ECU '7E0'
2024-09-20 19:29:51,988  root       handle_request INFO     Unknown ELM command: '01241', header=7E0
2024-09-20 19:29:51,988  root       handle_response DEBUG    Processing: '<writeln>?</writeln>'
2024-09-20 19:29:51,988  root       handle_response DEBUG    Write: '?\r\r>'
2024-09-20 19:29:51,989  root       run        DEBUG    Received '012C1'
2024-09-20 19:29:51,989  root       handle_request DEBUG    Handling: '012C1', header '7E0', ECU '7E0'
2024-09-20 19:29:51,989  root       handle_request DEBUG    Description: Commanded EGR, PID COMMANDED_EGR (012C1)
2024-09-20 19:29:51,989  root       handle_response DEBUG    Processing: '<pos_answer>0D</pos_answer>'
2024-09-20 19:29:51,989  root       handle_response DEBUG    Write: '7E8 03 41 2C 0D \r\r>'
2024-09-20 19:29:51,989  root       run        DEBUG    Received '012E1'
2024-09-20 19:29:51,990  root       handle_request DEBUG    Handling: '012E1', header '7E0', ECU '7E0'
2024-09-20 19:29:51,990  root       handle_request INFO     Unknown ELM command: '012E1', header=7E0
2024-09-20 19:29:51,990  root       handle_response DEBUG    Processing: '<writeln>?</writeln>'
2024-09-20 19:29:51,990  root       handle_response DEBUG    Write: '?\r\r>'
2024-09-20 19:29:51,990  root       run        DEBUG    Received '01301'
2024-09-20 19:29:51,990  root       handle_request DEBUG    Handling: '01301', header '7E0', ECU '7E0'
2024-09-20 19:29:51,991  root       handle_request INFO     Unknown ELM command: '01301', header=7E0
2024-09-20 19:29:51,991  root       handle_response DEBUG    Processing: '<writeln>?</writeln>'
2024-09-20 19:29:51,991  root       handle_response DEBUG    Write: '?\r\r>'
2024-09-20 19:29:51,991  root       run        DEBUG    Received '01311'
2024-09-20 19:29:51,991  root       handle_request DEBUG    Handling: '01311', header '7E0', ECU '7E0'
2024-09-20 19:29:51,992  root       handle_request DEBUG    Description: Distance traveled since codes cleared, PID DISTANCE_SINCE_DTC_CLEAR (01311)
2024-09-20 19:29:51,992  root       handle_response DEBUG    Processing: '<pos_answer>C8 1F</pos_answer>'
2024-09-20 19:29:51,992  root       handle_response DEBUG    Write: '7E8 04 41 31 C8 1F \r\r>'
2024-09-20 19:29:51,992  root       run        DEBUG    Received '01331'
2024-09-20 19:29:51,992  root       handle_request DEBUG    Handling: '01331', header '7E0', ECU '7E0'
2024-09-20 19:29:51,993  root       handle_request DEBUG    Description: Barometric Pressure, PID BAROMETRIC_PRESSURE (01331)
2024-09-20 19:29:51,993  root       handle_response DEBUG    Processing: '<pos_answer>65</pos_answer>'
2024-09-20 19:29:51,993  root       handle_response DEBUG    Write: '7E8 03 41 33 65 \r\r>'
2024-09-20 19:29:51,994  root       run        DEBUG    Received '01341'
2024-09-20 19:29:51,994  root       handle_request DEBUG    Handling: '01341', header '7E0', ECU '7E0'
2024-09-20 19:29:51,994  root       handle_request INFO     Unknown ELM command: '01341', header=7E0
2024-09-20 19:29:51,994  root       handle_response DEBUG    Processing: '<writeln>?</writeln>'
2024-09-20 19:29:51,994  root       handle_response DEBUG    Write: '?\r\r>'
2024-09-20 19:29:51,995  root       run        DEBUG    Received '013C1'
2024-09-20 19:29:51,995  root       handle_request DEBUG    Handling: '013C1', header '7E0', ECU '7E0'
2024-09-20 19:29:51,995  root       handle_request DEBUG    Description: Catalyst Temperature: Bank 1 - Sensor 1, PID CATALYST_TEMP_B1S1 (013C1)
2024-09-20 19:29:51,995  root       handle_response DEBUG    Processing: '<pos_answer>04 44</pos_answer>'
2024-09-20 19:29:51,995  root       handle_response DEBUG    Write: '7E8 04 41 3C 04 44 \r\r>'
2024-09-20 19:29:51,996  root       run        DEBUG    Received '013E1'
2024-09-20 19:29:51,996  root       handle_request DEBUG    Handling: '013E1', header '7E0', ECU '7E0'
2024-09-20 19:29:51,996  root       handle_request INFO     Unknown ELM command: '013E1', header=7E0
2024-09-20 19:29:51,996  root       handle_response DEBUG    Processing: '<writeln>?</writeln>'
2024-09-20 19:29:51,997  root       handle_response DEBUG    Write: '?\r\r>'
2024-09-20 19:29:51,997  root       run        DEBUG    Received '01421'
2024-09-20 19:29:51,997  root       handle_request DEBUG    Handling: '01421', header '7E0', ECU '7E0'
2024-09-20 19:29:51,997  root       handle_request DEBUG    Description: Control module voltage, PID CONTROL_MODULE_VOLTAGE (01421)
2024-09-20 19:29:51,997  root       handle_response DEBUG    Processing: '<pos_answer>39 D6</pos_answer>'
2024-09-20 19:29:51,997  root       handle_response DEBUG    Write: '7E8 04 41 42 39 D6 \r\r>'
2024-09-20 19:29:51,998  root       run        DEBUG    Received '01431'
2024-09-20 19:29:51,998  root       handle_request DEBUG    Handling: '01431', header '7E0', ECU '7E0'
2024-09-20 19:29:51,998  root       handle_request INFO     Unknown ELM command: '01431', header=7E0
2024-09-20 19:29:51,998  root       handle_response DEBUG    Processing: '<writeln>?</writeln>'
2024-09-20 19:29:51,998  root       handle_response DEBUG    Write: '?\r\r>'
2024-09-20 19:29:51,998  root       run        DEBUG    Received '01441'
2024-09-20 19:29:51,999  root       handle_request DEBUG    Handling: '01441', header '7E0', ECU '7E0'
2024-09-20 19:29:51,999  root       handle_request INFO     Unknown ELM command: '01441', header=7E0
2024-09-20 19:29:51,999  root       handle_response DEBUG    Processing: '<writeln>?</writeln>'
2024-09-20 19:29:51,999  root       handle_response DEBUG    Write: '?\r\r>'
2024-09-20 19:29:51,999  root       run        DEBUG    Received '01451'
2024-09-20 19:29:51,999  root       handle_request DEBUG    Handling: '01451', header '7E0', ECU '7E0'
2024-09-20 19:29:52,000  root       handle_request INFO     Unknown ELM command: '01451', header=7E0
2024-09-20 19:29:52,000  root       handle_response DEBUG    Processing: '<writeln>?</writeln>'
2024-09-20 19:29:52,000  root       handle_response DEBUG    Write: '?\r\r>'
2024-09-20 19:29:52,000  root       run        DEBUG    Received '01471'
2024-09-20 19:29:52,000  root       handle_request DEBUG    Handling: '01471', header '7E0', ECU '7E0'
2024-09-20 19:29:52,000  root       handle_request INFO     Unknown ELM command: '01471', header=7E0
2024-09-20 19:29:52,001  root       handle_response DEBUG    Processing: '<writeln>?</writeln>'
2024-09-20 19:29:52,001  root       handle_response DEBUG    Write: '?\r\r>'
2024-09-20 19:29:52,001  root       run        DEBUG    Received '014C1'
2024-09-20 19:29:52,001  root       handle_request DEBUG    Handling: '014C1', header '7E0', ECU '7E0'
2024-09-20 19:29:52,001  root       handle_request DEBUG    Description: Commanded throttle actuator, PID THROTTLE_ACTUATOR (014C1)
2024-09-20 19:29:52,001  root       handle_response DEBUG    Processing: '<pos_answer>00</pos_answer>'
2024-09-20 19:29:52,001  root       handle_response DEBUG    Write: '7E8 03 41 4C 00 \r\r>'
2024-09-20 19:29:52,002  root       run        DEBUG    Received '014D1'
2024-09-20 19:29:52,002  root       handle_request DEBUG    Handling: '014D1', header '7E0', ECU '7E0'
2024-09-20 19:29:52,002  root       handle_request DEBUG    Description: Time run with MIL on, PID RUN_TIME_MIL (014D1)
2024-09-20 19:29:52,002  root       handle_response DEBUG    Processing: '<pos_answer>00 00</pos_answer>'
2024-09-20 19:29:52,002  root       handle_response DEBUG    Write: '7E8 04 41 4D 00 00 \r\r>'
2024-09-20 19:29:52,002  root       run        DEBUG    Received '014E1'
2024-09-20 19:29:52,002  root       handle_request DEBUG    Handling: '014E1', header '7E0', ECU '7E0'
2024-09-20 19:29:52,002  root       handle_request DEBUG    Description: Time since trouble codes cleared, PID TIME_SINCE_DTC_CLEARED (014E1)
2024-09-20 19:29:52,002  root       handle_response DEBUG    Processing: '<pos_answer>4C 69</pos_answer>'
2024-09-20 19:29:52,003  root       handle_response DEBUG    Write: '7E8 04 41 4E 4C 69 \r\r>'
2024-09-20 19:29:52,003  root       run        DEBUG    Received '01511'
2024-09-20 19:29:52,003  root       handle_request DEBUG    Handling: '01511', header '7E0', ECU '7E0'
2024-09-20 19:29:52,003  root       handle_request DEBUG    Description: Fuel Type, PID FUEL_TYPE (01511)
2024-09-20 19:29:52,003  root       handle_response DEBUG    Processing: '<pos_answer>01</pos_answer>'
2024-09-20 19:29:52,003  root       handle_response DEBUG    Write: '7E8 03 41 51 01 \r\r>'
2024-09-20 19:29:52,254  root       run        DEBUG    Received '01002'
2024-09-20 19:29:52,255  root       handle_request DEBUG    Handling: '01002', header '7E0', ECU '7E0'
2024-09-20 19:29:52,255  root       handle_request DEBUG    Description: PIDS_A, PID ELM_PIDS_A (01002)
2024-09-20 19:29:52,255  root       handle_response DEBUG    Processing: '<header>7EA</header><size>06</size><data>41 00 98 3A 80 13</data><pos_answer>BE 3F A8 13</pos_answer>'
2024-09-20 19:29:52,256  root       handle_response DEBUG    Write: '7EA 06 41 00 98 3A 80 13 \r7E8 06 41 00 BE 3F A8 13 \r\r>'
2024-09-20 19:29:52,257  root       run        DEBUG    Received '01202'
2024-09-20 19:29:52,258  root       handle_request DEBUG    Handling: '01202', header '7E0', ECU '7E0'
2024-09-20 19:29:52,258  root       handle_request DEBUG    Description: PIDS_B, PID ELM_PIDS_B (01202)
2024-09-20 19:29:52,259  root       handle_response DEBUG    Processing: '<header>7EA</header><size>06</size><data>41 20 80 01 A0 01</data><pos_answer>90 15 B0 15</pos_answer>'
2024-09-20 19:29:52,259  root       handle_response DEBUG    Write: '7EA 06 41 20 80 01 A0 01 \r7E8 06 41 20 90 15 B0 15 \r\r>'
2024-09-20 19:29:52,261  root       run        DEBUG    Received '01402'
2024-09-20 19:29:52,261  root       handle_request DEBUG    Handling: '01402', header '7E0', ECU '7E0'
2024-09-20 19:29:52,262  root       handle_request DEBUG    Description: PIDS_C, PID ELM_PIDS_C (01402)
2024-09-20 19:29:52,262  root       handle_response DEBUG    Processing: '<header>7EA</header><size>06</size><data>41 40 44 CC 00 21</data><pos_answer>7A 1C 80 00</pos_answer>'
2024-09-20 19:29:52,263  root       handle_response DEBUG    Write: '7EA 06 41 40 44 CC 00 21 \r7E8 06 41 40 7A 1C 80 00 \r\r>'
2024-09-20 19:29:52,264  root       run        DEBUG    Received '01011'
2024-09-20 19:29:52,265  root       handle_request DEBUG    Handling: '01011', header '7E0', ECU '7E0'
2024-09-20 19:29:52,266  root       handle_request INFO     Unknown ELM command: '01011', header=7E0
2024-09-20 19:29:52,267  root       handle_response DEBUG    Processing: '<writeln>?</writeln>'
2024-09-20 19:29:52,268  root       handle_response DEBUG    Write: '?\r\r>'
2024-09-20 19:29:52,275  root       run        DEBUG    Received '01031'
2024-09-20 19:29:52,275  root       handle_request DEBUG    Handling: '01031', header '7E0', ECU '7E0'
2024-09-20 19:29:52,276  root       handle_request DEBUG    Description: Fuel System Status, PID FUEL_STATUS (01031)
2024-09-20 19:29:52,276  root       handle_response DEBUG    Processing: '<pos_answer>00 00</pos_answer>'
2024-09-20 19:29:52,277  root       handle_response DEBUG    Write: '7E8 04 41 03 00 00 \r\r>'
2024-09-20 19:29:52,278  root       run        DEBUG    Received '01041'
2024-09-20 19:29:52,279  root       handle_request DEBUG    Handling: '01041', header '7E0', ECU '7E0'
2024-09-20 19:29:52,279  root       handle_request DEBUG    Description: Calculated Engine Load, PID ENGINE_LOAD (01041)
2024-09-20 19:29:52,279  root       handle_response DEBUG    Processing: '<pos_answer>00</pos_answer>'
2024-09-20 19:29:52,280  root       handle_response DEBUG    Write: '7E8 03 41 04 00 \r\r>'
2024-09-20 19:29:52,281  root       run        DEBUG    Received '01051'
2024-09-20 19:29:52,282  root       handle_request DEBUG    Handling: '01051', header '7E0', ECU '7E0'
2024-09-20 19:29:52,283  root       handle_request DEBUG    Description: Engine Coolant Temperature, PID COOLANT_TEMP (01051)
2024-09-20 19:29:52,283  root       handle_response DEBUG    Processing: '<pos_answer>7B</pos_answer>'
2024-09-20 19:29:52,284  root       handle_response DEBUG    Write: '7E8 03 41 05 7B \r\r>'
2024-09-20 19:29:52,286  root       run        DEBUG    Received '01061'
2024-09-20 19:29:52,287  root       handle_request DEBUG    Handling: '01061', header '7E0', ECU '7E0'
2024-09-20 19:29:52,289  root       handle_request INFO     Unknown ELM command: '01061', header=7E0
2024-09-20 19:29:52,290  root       handle_response DEBUG    Processing: '<writeln>?</writeln>'
2024-09-20 19:29:52,291  root       handle_response DEBUG    Write: '?\r\r>'
2024-09-20 19:29:52,293  root       run        DEBUG    Received '01071'
2024-09-20 19:29:52,293  root       handle_request DEBUG    Handling: '01071', header '7E0', ECU '7E0'
2024-09-20 19:29:52,294  root       handle_request INFO     Unknown ELM command: '01071', header=7E0
2024-09-20 19:29:52,295  root       handle_response DEBUG    Processing: '<writeln>?</writeln>'
2024-09-20 19:29:52,295  root       handle_response DEBUG    Write: '?\r\r>'
2024-09-20 19:29:52,296  root       run        DEBUG    Received '010B1'
2024-09-20 19:29:52,297  root       handle_request DEBUG    Handling: '010B1', header '7E0', ECU '7E0'
2024-09-20 19:29:52,297  root       handle_request DEBUG    Description: Intake Manifold Pressure, PID INTAKE_PRESSURE (010B1)
2024-09-20 19:29:52,298  root       handle_response DEBUG    Processing: '<pos_answer>73</pos_answer>'
2024-09-20 19:29:52,298  root       handle_response DEBUG    Write: '7E8 03 41 0B 73 \r\r>'
2024-09-20 19:29:52,300  root       run        DEBUG    Received '010C2'
2024-09-20 19:29:52,301  root       handle_request DEBUG    Handling: '010C2', header '7E0', ECU '7E0'
2024-09-20 19:29:52,301  root       handle_request DEBUG    Description: Engine RPM, PID RPM (010C2)
2024-09-20 19:29:52,302  root       handle_response DEBUG    Processing: '<pos_answer>12 20</pos_answer> <header>7EA</header><size>04</size><data>41 0C 12 20</data>'
2024-09-20 19:29:52,303  root       handle_response DEBUG    Write: '7E8 04 41 0C 12 20 \r7EA 04 41 0C 12 20 \r\r>'
2024-09-20 19:29:52,304  root       run        DEBUG    Received '010D2'
2024-09-20 19:29:52,304  root       handle_request DEBUG    Handling: '010D2', header '7E0', ECU '7E0'
2024-09-20 19:29:52,305  root       handle_request DEBUG    Description: Vehicle Speed, PID SPEED (010D2)
2024-09-20 19:29:52,305  root       handle_response DEBUG    Processing: '<pos_answer>20</pos_answer> <header>7EA</header><size>03</size><data>41 0D 20</data>'
2024-09-20 19:29:52,305  root       handle_response DEBUG    Write: '7E8 03 41 0D 20 \r7EA 03 41 0D 20 \r\r>'
2024-09-20 19:29:52,307  root       run        DEBUG    Received '010E1'
2024-09-20 19:29:52,307  root       handle_request DEBUG    Handling: '010E1', header '7E0', ECU '7E0'
2024-09-20 19:29:52,309  root       handle_request INFO     Unknown ELM command: '010E1', header=7E0
2024-09-20 19:29:52,309  root       handle_response DEBUG    Processing: '<writeln>?</writeln>'
2024-09-20 19:29:52,309  root       handle_response DEBUG    Write: '?\r\r>'
2024-09-20 19:29:52,310  root       run        DEBUG    Received '010F1'
2024-09-20 19:29:52,310  root       handle_request DEBUG    Handling: '010F1', header '7E0', ECU '7E0'
2024-09-20 19:29:52,310  root       handle_request DEBUG    Description: Intake Air Temp, PID INTAKE_TEMP (010F1)
2024-09-20 19:29:52,310  root       handle_response DEBUG    Processing: '<pos_answer>44</pos_answer>'
2024-09-20 19:29:52,311  root       handle_response DEBUG    Write: '7E8 03 41 0F 44 \r\r>'
2024-09-20 19:29:52,311  root       run        DEBUG    Received '01101'
2024-09-20 19:29:52,312  root       handle_request DEBUG    Handling: '01101', header '7E0', ECU '7E0'
2024-09-20 19:29:52,312  root       handle_request DEBUG    Description: Air Flow Rate (MAF), PID MAF (01101)
2024-09-20 19:29:52,312  root       handle_response DEBUG    Processing: '<pos_answer>05 1F</pos_answer>'
2024-09-20 19:29:52,313  root       handle_response DEBUG    Write: '7E8 04 41 10 05 1F \r\r>'
2024-09-20 19:29:52,313  root       run        DEBUG    Received '01111'
2024-09-20 19:29:52,314  root       handle_request DEBUG    Handling: '01111', header '7E0', ECU '7E0'
2024-09-20 19:29:52,314  root       handle_request DEBUG    Description: Throttle Position, PID THROTTLE_POS (01111)
2024-09-20 19:29:52,314  root       handle_response DEBUG    Processing: '<pos_answer>FF</pos_answer>'
2024-09-20 19:29:52,314  root       handle_response DEBUG    Write: '7E8 03 41 11 FF \r\r>'
2024-09-20 19:29:52,315  root       run        DEBUG    Received '01131'
2024-09-20 19:29:52,315  root       handle_request DEBUG    Handling: '01131', header '7E0', ECU '7E0'
2024-09-20 19:29:52,316  root       handle_request INFO     Unknown ELM command: '01131', header=7E0
2024-09-20 19:29:52,316  root       handle_response DEBUG    Processing: '<writeln>?</writeln>'
2024-09-20 19:29:52,316  root       handle_response DEBUG    Write: '?\r\r>'
2024-09-20 19:29:52,317  root       run        DEBUG    Received '01151'
2024-09-20 19:29:52,317  root       handle_request DEBUG    Handling: '01151', header '7E0', ECU '7E0'
2024-09-20 19:29:52,318  root       handle_request INFO     Unknown ELM command: '01151', header=7E0
2024-09-20 19:29:52,318  root       handle_response DEBUG    Processing: '<writeln>?</writeln>'
2024-09-20 19:29:52,318  root       handle_response DEBUG    Write: '?\r\r>'
2024-09-20 19:29:52,319  root       run        DEBUG    Received '011C1'
2024-09-20 19:29:52,319  root       handle_request DEBUG    Handling: '011C1', header '7E0', ECU '7E0'
2024-09-20 19:29:52,319  root       handle_request DEBUG    Description: OBD Standards Compliance, PID OBD_COMPLIANCE (011C1)
2024-09-20 19:29:52,319  root       handle_response DEBUG    Processing: '<pos_answer>06</pos_answer>'
2024-09-20 19:29:52,319  root       handle_response DEBUG    Write: '7E8 03 41 1C 06 \r\r>'
2024-09-20 19:29:52,320  root       run        DEBUG    Received '011F1'
2024-09-20 19:29:52,320  root       handle_request DEBUG    Handling: '011F1', header '7E0', ECU '7E0'
2024-09-20 19:29:52,320  root       handle_request DEBUG    Description: Engine Run Time, PID RUN_TIME (011F1)
2024-09-20 19:29:52,320  root       handle_response DEBUG    Processing: '<pos_answer>00 8C</pos_answer>'
2024-09-20 19:29:52,320  root       handle_response DEBUG    Write: '7E8 04 41 1F 00 8C \r\r>'
2024-09-20 19:29:52,321  root       run        DEBUG    Received '01211'
2024-09-20 19:29:52,321  root       handle_request DEBUG    Handling: '01211', header '7E0', ECU '7E0'
2024-09-20 19:29:52,321  root       handle_request DEBUG    Description: Distance Traveled with MIL on, PID DISTANCE_W_MIL (01211)
2024-09-20 19:29:52,321  root       handle_response DEBUG    Processing: '<pos_answer>00 00</pos_answer>'
2024-09-20 19:29:52,321  root       handle_response DEBUG    Write: '7E8 04 41 21 00 00 \r\r>'
2024-09-20 19:29:52,322  root       run        DEBUG    Received '01241'
2024-09-20 19:29:52,322  root       handle_request DEBUG    Handling: '01241', header '7E0', ECU '7E0'
2024-09-20 19:29:52,322  root       handle_request INFO     Unknown ELM command: '01241', header=7E0
2024-09-20 19:29:52,322  root       handle_response DEBUG    Processing: '<writeln>?</writeln>'
2024-09-20 19:29:52,322  root       handle_response DEBUG    Write: '?\r\r>'
2024-09-20 19:29:52,323  root       run        DEBUG    Received '012C1'
2024-09-20 19:29:52,323  root       handle_request DEBUG    Handling: '012C1', header '7E0', ECU '7E0'
2024-09-20 19:29:52,323  root       handle_request DEBUG    Description: Commanded EGR, PID COMMANDED_EGR (012C1)
2024-09-20 19:29:52,323  root       handle_response DEBUG    Processing: '<pos_answer>0D</pos_answer>'
2024-09-20 19:29:52,323  root       handle_response DEBUG    Write: '7E8 03 41 2C 0D \r\r>'
2024-09-20 19:29:52,324  root       run        DEBUG    Received '012E1'
2024-09-20 19:29:52,324  root       handle_request DEBUG    Handling: '012E1', header '7E0', ECU '7E0'
2024-09-20 19:29:52,324  root       handle_request INFO     Unknown ELM command: '012E1', header=7E0
2024-09-20 19:29:52,324  root       handle_response DEBUG    Processing: '<writeln>?</writeln>'
2024-09-20 19:29:52,324  root       handle_response DEBUG    Write: '?\r\r>'
2024-09-20 19:29:52,325  root       run        DEBUG    Received '01301'
2024-09-20 19:29:52,325  root       handle_request DEBUG    Handling: '01301', header '7E0', ECU '7E0'
2024-09-20 19:29:52,325  root       handle_request INFO     Unknown ELM command: '01301', header=7E0
2024-09-20 19:29:52,325  root       handle_response DEBUG    Processing: '<writeln>?</writeln>'
2024-09-20 19:29:52,326  root       handle_response DEBUG    Write: '?\r\r>'
2024-09-20 19:29:52,326  root       run        DEBUG    Received '01311'
2024-09-20 19:29:52,326  root       handle_request DEBUG    Handling: '01311', header '7E0', ECU '7E0'
2024-09-20 19:29:52,326  root       handle_request DEBUG    Description: Distance traveled since codes cleared, PID DISTANCE_SINCE_DTC_CLEAR (01311)
2024-09-20 19:29:52,326  root       handle_response DEBUG    Processing: '<pos_answer>C8 1F</pos_answer>'
2024-09-20 19:29:52,326  root       handle_response DEBUG    Write: '7E8 04 41 31 C8 1F \r\r>'
2024-09-20 19:29:52,326  root       run        DEBUG    Received '01331'
2024-09-20 19:29:52,327  root       handle_request DEBUG    Handling: '01331', header '7E0', ECU '7E0'
2024-09-20 19:29:52,327  root       handle_request DEBUG    Description: Barometric Pressure, PID BAROMETRIC_PRESSURE (01331)
2024-09-20 19:29:52,327  root       handle_response DEBUG    Processing: '<pos_answer>65</pos_answer>'
2024-09-20 19:29:52,327  root       handle_response DEBUG    Write: '7E8 03 41 33 65 \r\r>'
2024-09-20 19:29:52,327  root       run        DEBUG    Received '01341'
2024-09-20 19:29:52,327  root       handle_request DEBUG    Handling: '01341', header '7E0', ECU '7E0'
2024-09-20 19:29:52,328  root       handle_request INFO     Unknown ELM command: '01341', header=7E0
2024-09-20 19:29:52,328  root       handle_response DEBUG    Processing: '<writeln>?</writeln>'
2024-09-20 19:29:52,328  root       handle_response DEBUG    Write: '?\r\r>'
2024-09-20 19:29:52,328  root       run        DEBUG    Received '013C1'
2024-09-20 19:29:52,329  root       handle_request DEBUG    Handling: '013C1', header '7E0', ECU '7E0'
2024-09-20 19:29:52,329  root       handle_request DEBUG    Description: Catalyst Temperature: Bank 1 - Sensor 1, PID CATALYST_TEMP_B1S1 (013C1)
2024-09-20 19:29:52,329  root       handle_response DEBUG    Processing: '<pos_answer>04 44</pos_answer>'
2024-09-20 19:29:52,329  root       handle_response DEBUG    Write: '7E8 04 41 3C 04 44 \r\r>'
2024-09-20 19:29:52,329  root       run        DEBUG    Received '013E1'
2024-09-20 19:29:52,329  root       handle_request DEBUG    Handling: '013E1', header '7E0', ECU '7E0'
2024-09-20 19:29:52,330  root       handle_request INFO     Unknown ELM command: '013E1', header=7E0
2024-09-20 19:29:52,330  root       handle_response DEBUG    Processing: '<writeln>?</writeln>'
2024-09-20 19:29:52,330  root       handle_response DEBUG    Write: '?\r\r>'
2024-09-20 19:29:52,330  root       run        DEBUG    Received '01421'
2024-09-20 19:29:52,330  root       handle_request DEBUG    Handling: '01421', header '7E0', ECU '7E0'
2024-09-20 19:29:52,330  root       handle_request DEBUG    Description: Control module voltage, PID CONTROL_MODULE_VOLTAGE (01421)
2024-09-20 19:29:52,331  root       handle_response DEBUG    Processing: '<pos_answer>39 D6</pos_answer>'
2024-09-20 19:29:52,331  root       handle_response DEBUG    Write: '7E8 04 41 42 39 D6 \r\r>'
2024-09-20 19:29:52,331  root       run        DEBUG    Received '01431'
2024-09-20 19:29:52,331  root       handle_request DEBUG    Handling: '01431', header '7E0', ECU '7E0'
2024-09-20 19:29:52,331  root       handle_request INFO     Unknown ELM command: '01431', header=7E0
2024-09-20 19:29:52,331  root       handle_response DEBUG    Processing: '<writeln>?</writeln>'
2024-09-20 19:29:52,331  root       handle_response DEBUG    Write: '?\r\r>'
2024-09-20 19:29:52,332  root       run        DEBUG    Received '01441'
2024-09-20 19:29:52,332  root       handle_request DEBUG    Handling: '01441', header '7E0', ECU '7E0'
2024-09-20 19:29:52,333  root       handle_request INFO     Unknown ELM command: '01441', header=7E0
2024-09-20 19:29:52,333  root       handle_response DEBUG    Processing: '<writeln>?</writeln>'
2024-09-20 19:29:52,333  root       handle_response DEBUG    Write: '?\r\r>'
2024-09-20 19:29:52,333  root       run        DEBUG    Received '01451'
2024-09-20 19:29:52,334  root       handle_request DEBUG    Handling: '01451', header '7E0', ECU '7E0'
2024-09-20 19:29:52,334  root       handle_request INFO     Unknown ELM command: '01451', header=7E0
2024-09-20 19:29:52,334  root       handle_response DEBUG    Processing: '<writeln>?</writeln>'
2024-09-20 19:29:52,334  root       handle_response DEBUG    Write: '?\r\r>'
2024-09-20 19:29:52,334  root       run        DEBUG    Received '01471'
2024-09-20 19:29:52,335  root       handle_request DEBUG    Handling: '01471', header '7E0', ECU '7E0'
2024-09-20 19:29:52,335  root       handle_request INFO     Unknown ELM command: '01471', header=7E0
2024-09-20 19:29:52,335  root       handle_response DEBUG    Processing: '<writeln>?</writeln>'
2024-09-20 19:29:52,335  root       handle_response DEBUG    Write: '?\r\r>'
2024-09-20 19:29:52,335  root       run        DEBUG    Received '014C1'
2024-09-20 19:29:52,336  root       handle_request DEBUG    Handling: '014C1', header '7E0', ECU '7E0'
2024-09-20 19:29:52,336  root       handle_request DEBUG    Description: Commanded throttle actuator, PID THROTTLE_ACTUATOR (014C1)
2024-09-20 19:29:52,336  root       handle_response DEBUG    Processing: '<pos_answer>00</pos_answer>'
2024-09-20 19:29:52,336  root       handle_response DEBUG    Write: '7E8 03 41 4C 00 \r\r>'
2024-09-20 19:29:52,336  root       run        DEBUG    Received '014D1'
2024-09-20 19:29:52,336  root       handle_request DEBUG    Handling: '014D1', header '7E0', ECU '7E0'
2024-09-20 19:29:52,336  root       handle_request DEBUG    Description: Time run with MIL on, PID RUN_TIME_MIL (014D1)
2024-09-20 19:29:52,337  root       handle_response DEBUG    Processing: '<pos_answer>00 00</pos_answer>'
2024-09-20 19:29:52,337  root       handle_response DEBUG    Write: '7E8 04 41 4D 00 00 \r\r>'
2024-09-20 19:29:52,337  root       run        DEBUG    Received '014E1'
2024-09-20 19:29:52,337  root       handle_request DEBUG    Handling: '014E1', header '7E0', ECU '7E0'
2024-09-20 19:29:52,337  root       handle_request DEBUG    Description: Time since trouble codes cleared, PID TIME_SINCE_DTC_CLEARED (014E1)
2024-09-20 19:29:52,337  root       handle_response DEBUG    Processing: '<pos_answer>4C 69</pos_answer>'
2024-09-20 19:29:52,338  root       handle_response DEBUG    Write: '7E8 04 41 4E 4C 69 \r\r>'
2024-09-20 19:29:52,338  root       run        DEBUG    Received '01511'
2024-09-20 19:29:52,338  root       handle_request DEBUG    Handling: '01511', header '7E0', ECU '7E0'
2024-09-20 19:29:52,338  root       handle_request DEBUG    Description: Fuel Type, PID FUEL_TYPE (01511)
2024-09-20 19:29:52,338  root       handle_response DEBUG    Processing: '<pos_answer>01</pos_answer>'
2024-09-20 19:29:52,338  root       handle_response DEBUG    Write: '7E8 03 41 51 01 \r\r>'
2024-09-20 19:29:52,589  root       run        DEBUG    Received '01002'
2024-09-20 19:29:52,590  root       handle_request DEBUG    Handling: '01002', header '7E0', ECU '7E0'
2024-09-20 19:29:52,590  root       handle_request DEBUG    Description: PIDS_A, PID ELM_PIDS_A (01002)
2024-09-20 19:29:52,591  root       handle_response DEBUG    Processing: '<header>7EA</header><size>06</size><data>41 00 98 3A 80 13</data><pos_answer>BE 3F A8 13</pos_answer>'
2024-09-20 19:29:52,591  root       handle_response DEBUG    Write: '7EA 06 41 00 98 3A 80 13 \r7E8 06 41 00 BE 3F A8 13 \r\r>'
2024-09-20 19:29:52,593  root       run        DEBUG    Received '01202'
2024-09-20 19:29:52,593  root       handle_request DEBUG    Handling: '01202', header '7E0', ECU '7E0'
2024-09-20 19:29:52,594  root       handle_request DEBUG    Description: PIDS_B, PID ELM_PIDS_B (01202)
2024-09-20 19:29:52,594  root       handle_response DEBUG    Processing: '<header>7EA</header><size>06</size><data>41 20 80 01 A0 01</data><pos_answer>90 15 B0 15</pos_answer>'
2024-09-20 19:29:52,594  root       handle_response DEBUG    Write: '7EA 06 41 20 80 01 A0 01 \r7E8 06 41 20 90 15 B0 15 \r\r>'
2024-09-20 19:29:52,596  root       run        DEBUG    Received '01402'
2024-09-20 19:29:52,596  root       handle_request DEBUG    Handling: '01402', header '7E0', ECU '7E0'
2024-09-20 19:29:52,597  root       handle_request DEBUG    Description: PIDS_C, PID ELM_PIDS_C (01402)
2024-09-20 19:29:52,597  root       handle_response DEBUG    Processing: '<header>7EA</header><size>06</size><data>41 40 44 CC 00 21</data><pos_answer>7A 1C 80 00</pos_answer>'
2024-09-20 19:29:52,598  root       handle_response DEBUG    Write: '7EA 06 41 40 44 CC 00 21 \r7E8 06 41 40 7A 1C 80 00 \r\r>'
2024-09-20 19:29:52,599  root       run        DEBUG    Received '01011'
2024-09-20 19:29:52,600  root       handle_request DEBUG    Handling: '01011', header '7E0', ECU '7E0'
2024-09-20 19:29:52,601  root       handle_request INFO     Unknown ELM command: '01011', header=7E0
2024-09-20 19:29:52,601  root       handle_response DEBUG    Processing: '<writeln>?</writeln>'
2024-09-20 19:29:52,602  root       handle_response DEBUG    Write: '?\r\r>'
2024-09-20 19:29:52,608  root       run        DEBUG    Received '01031'
2024-09-20 19:29:52,609  root       handle_request DEBUG    Handling: '01031', header '7E0', ECU '7E0'
2024-09-20 19:29:52,609  root       handle_request DEBUG    Description: Fuel System Status, PID FUEL_STATUS (01031)
2024-09-20 19:29:52,609  root       handle_response DEBUG    Processing: '<pos_answer>00 00</pos_answer>'
2024-09-20 19:29:52,610  root       handle_response DEBUG    Write: '7E8 04 41 03 00 00 \r\r>'
2024-09-20 19:29:52,611  root       run        DEBUG    Received '01041'
2024-09-20 19:29:52,612  root       handle_request DEBUG    Handling: '01041', header '7E0', ECU '7E0'
2024-09-20 19:29:52,612  root       handle_request DEBUG    Description: Calculated Engine Load, PID ENGINE_LOAD (01041)
2024-09-20 19:29:52,612  root       handle_response DEBUG    Processing: '<pos_answer>00</pos_answer>'
2024-09-20 19:29:52,613  root       handle_response DEBUG    Write: '7E8 03 41 04 00 \r\r>'
2024-09-20 19:29:52,615  root       run        DEBUG    Received '01051'
2024-09-20 19:29:52,615  root       handle_request DEBUG    Handling: '01051', header '7E0', ECU '7E0'
2024-09-20 19:29:52,616  root       handle_request DEBUG    Description: Engine Coolant Temperature, PID COOLANT_TEMP (01051)
2024-09-20 19:29:52,616  root       handle_response DEBUG    Processing: '<pos_answer>7B</pos_answer>'
2024-09-20 19:29:52,616  root       handle_response DEBUG    Write: '7E8 03 41 05 7B \r\r>'
2024-09-20 19:29:52,618  root       run        DEBUG    Received '01061'
2024-09-20 19:29:52,619  root       handle_request DEBUG    Handling: '01061', header '7E0', ECU '7E0'
2024-09-20 19:29:52,621  root       handle_request INFO     Unknown ELM command: '01061', header=7E0
2024-09-20 19:29:52,621  root       handle_response DEBUG    Processing: '<writeln>?</writeln>'
2024-09-20 19:29:52,622  root       handle_response DEBUG    Write: '?\r\r>'
2024-09-20 19:29:52,624  root       run        DEBUG    Received '01071'
2024-09-20 19:29:52,624  root       handle_request DEBUG    Handling: '01071', header '7E0', ECU '7E0'
2024-09-20 19:29:52,626  root       handle_request INFO     Unknown ELM command: '01071', header=7E0
2024-09-20 19:29:52,626  root       handle_response DEBUG    Processing: '<writeln>?</writeln>'
2024-09-20 19:29:52,627  root       handle_response DEBUG    Write: '?\r\r>'
2024-09-20 19:29:52,628  root       run        DEBUG    Received '010B1'
2024-09-20 19:29:52,629  root       handle_request DEBUG    Handling: '010B1', header '7E0', ECU '7E0'
2024-09-20 19:29:52,629  root       handle_request DEBUG    Description: Intake Manifold Pressure, PID INTAKE_PRESSURE (010B1)
2024-09-20 19:29:52,629  root       handle_response DEBUG    Processing: '<pos_answer>73</pos_answer>'
2024-09-20 19:29:52,630  root       handle_response DEBUG    Write: '7E8 03 41 0B 73 \r\r>'
2024-09-20 19:29:52,632  root       run        DEBUG    Received '010C2'
2024-09-20 19:29:52,632  root       handle_request DEBUG    Handling: '010C2', header '7E0', ECU '7E0'
2024-09-20 19:29:52,633  root       handle_request DEBUG    Description: Engine RPM, PID RPM (010C2)
2024-09-20 19:29:52,633  root       handle_response DEBUG    Processing: '<pos_answer>12 70</pos_answer> <header>7EA</header><size>04</size><data>41 0C 12 70</data>'
2024-09-20 19:29:52,634  root       handle_response DEBUG    Write: '7E8 04 41 0C 12 70 \r7EA 04 41 0C 12 70 \r\r>'
2024-09-20 19:29:52,635  root       run        DEBUG    Received '010D2'
2024-09-20 19:29:52,635  root       handle_request DEBUG    Handling: '010D2', header '7E0', ECU '7E0'
2024-09-20 19:29:52,636  root       handle_request DEBUG    Description: Vehicle Speed, PID SPEED (010D2)
2024-09-20 19:29:52,636  root       handle_response DEBUG    Processing: '<pos_answer>24</pos_answer> <header>7EA</header><size>03</size><data>41 0D 24</data>'
2024-09-20 19:29:52,637  root       handle_response DEBUG    Write: '7E8 03 41 0D 24 \r7EA 03 41 0D 24 \r\r>'
2024-09-20 19:29:52,640  root       run        DEBUG    Received '010E1'
2024-09-20 19:29:52,640  root       handle_request DEBUG    Handling: '010E1', header '7E0', ECU '7E0'
2024-09-20 19:29:52,641  root       handle_request INFO     Unknown ELM command: '010E1', header=7E0
2024-09-20 19:29:52,642  root       handle_response DEBUG    Processing: '<writeln>?</writeln>'
2024-09-20 19:29:52,642  root       handle_response DEBUG    Write: '?\r\r>'
2024-09-20 19:29:52,644  root       run        DEBUG    Received '010F1'
2024-09-20 19:29:52,644  root       handle_request DEBUG    Handling: '010F1', header '7E0', ECU '7E0'
2024-09-20 19:29:52,645  root       handle_request DEBUG    Description: Intake Air Temp, PID INTAKE_TEMP (010F1)
2024-09-20 19:29:52,645  root       handle_response DEBUG    Processing: '<pos_answer>44</pos_answer>'
2024-09-20 19:29:52,645  root       handle_response DEBUG    Write: '7E8 03 41 0F 44 \r\r>'
2024-09-20 19:29:52,647  root       run        DEBUG    Received '01101'
2024-09-20 19:29:52,648  root       handle_request DEBUG    Handling: '01101', header '7E0', ECU '7E0'
2024-09-20 19:29:52,648  root       handle_request DEBUG    Description: Air Flow Rate (MAF), PID MAF (01101)
2024-09-20 19:29:52,649  root       handle_response DEBUG    Processing: '<pos_answer>05 1F</pos_answer>'
2024-09-20 19:29:52,649  root       handle_response DEBUG    Write: '7E8 04 41 10 05 1F \r\r>'
2024-09-20 19:29:52,651  root       run        DEBUG    Received '01111'
2024-09-20 19:29:52,652  root       handle_request DEBUG    Handling: '01111', header '7E0', ECU '7E0'
2024-09-20 19:29:52,652  root       handle_request DEBUG    Description: Throttle Position, PID THROTTLE_POS (01111)
2024-09-20 19:29:52,652  root       handle_response DEBUG    Processing: '<pos_answer>FF</pos_answer>'
2024-09-20 19:29:52,653  root       handle_response DEBUG    Write: '7E8 03 41 11 FF \r\r>'
2024-09-20 19:29:52,655  root       run        DEBUG    Received '01131'
2024-09-20 19:29:52,655  root       handle_request DEBUG    Handling: '01131', header '7E0', ECU '7E0'
2024-09-20 19:29:52,656  root       handle_request INFO     Unknown ELM command: '01131', header=7E0
2024-09-20 19:29:52,657  root       handle_response DEBUG    Processing: '<writeln>?</writeln>'
2024-09-20 19:29:52,657  root       handle_response DEBUG    Write: '?\r\r>'
2024-09-20 19:29:52,658  root       run        DEBUG    Received '01151'
2024-09-20 19:29:52,658  root       handle_request DEBUG    Handling: '01151', header '7E0', ECU '7E0'
2024-09-20 19:29:52,659  root       handle_request INFO     Unknown ELM command: '01151', header=7E0
2024-09-20 19:29:52,659  root       handle_response DEBUG    Processing: '<writeln>?</writeln>'
2024-09-20 19:29:52,659  root       handle_response DEBUG    Write: '?\r\r>'
2024-09-20 19:29:52,660  root       run        DEBUG    Received '011C1'
2024-09-20 19:29:52,660  root       handle_request DEBUG    Handling: '011C1', header '7E0', ECU '7E0'
2024-09-20 19:29:52,660  root       handle_request DEBUG    Description: OBD Standards Compliance, PID OBD_COMPLIANCE (011C1)
2024-09-20 19:29:52,661  root       handle_response DEBUG    Processing: '<pos_answer>06</pos_answer>'
2024-09-20 19:29:52,661  root       handle_response DEBUG    Write: '7E8 03 41 1C 06 \r\r>'
2024-09-20 19:29:52,662  root       run        DEBUG    Received '011F1'
2024-09-20 19:29:52,662  root       handle_request DEBUG    Handling: '011F1', header '7E0', ECU '7E0'
2024-09-20 19:29:52,662  root       handle_request DEBUG    Description: Engine Run Time, PID RUN_TIME (011F1)
2024-09-20 19:29:52,662  root       handle_response DEBUG    Processing: '<pos_answer>00 8C</pos_answer>'
2024-09-20 19:29:52,662  root       handle_response DEBUG    Write: '7E8 04 41 1F 00 8C \r\r>'
2024-09-20 19:29:52,663  root       run        DEBUG    Received '01211'
2024-09-20 19:29:52,663  root       handle_request DEBUG    Handling: '01211', header '7E0', ECU '7E0'
2024-09-20 19:29:52,663  root       handle_request DEBUG    Description: Distance Traveled with MIL on, PID DISTANCE_W_MIL (01211)
2024-09-20 19:29:52,664  root       handle_response DEBUG    Processing: '<pos_answer>00 00</pos_answer>'
2024-09-20 19:29:52,664  root       handle_response DEBUG    Write: '7E8 04 41 21 00 00 \r\r>'
2024-09-20 19:29:52,664  root       run        DEBUG    Received '01241'
2024-09-20 19:29:52,665  root       handle_request DEBUG    Handling: '01241', header '7E0', ECU '7E0'
2024-09-20 19:29:52,665  root       handle_request INFO     Unknown ELM command: '01241', header=7E0
2024-09-20 19:29:52,665  root       handle_response DEBUG    Processing: '<writeln>?</writeln>'
2024-09-20 19:29:52,666  root       handle_response DEBUG    Write: '?\r\r>'
2024-09-20 19:29:52,666  root       run        DEBUG    Received '012C1'
2024-09-20 19:29:52,667  root       handle_request DEBUG    Handling: '012C1', header '7E0', ECU '7E0'
2024-09-20 19:29:52,667  root       handle_request DEBUG    Description: Commanded EGR, PID COMMANDED_EGR (012C1)
2024-09-20 19:29:52,667  root       handle_response DEBUG    Processing: '<pos_answer>0D</pos_answer>'
2024-09-20 19:29:52,667  root       handle_response DEBUG    Write: '7E8 03 41 2C 0D \r\r>'
2024-09-20 19:29:52,668  root       run        DEBUG    Received '012E1'
2024-09-20 19:29:52,668  root       handle_request DEBUG    Handling: '012E1', header '7E0', ECU '7E0'
2024-09-20 19:29:52,669  root       handle_request INFO     Unknown ELM command: '012E1', header=7E0
2024-09-20 19:29:52,669  root       handle_response DEBUG    Processing: '<writeln>?</writeln>'
2024-09-20 19:29:52,669  root       handle_response DEBUG    Write: '?\r\r>'
2024-09-20 19:29:52,670  root       run        DEBUG    Received '01301'
2024-09-20 19:29:52,670  root       handle_request DEBUG    Handling: '01301', header '7E0', ECU '7E0'
2024-09-20 19:29:52,671  root       handle_request INFO     Unknown ELM command: '01301', header=7E0
2024-09-20 19:29:52,671  root       handle_response DEBUG    Processing: '<writeln>?</writeln>'
2024-09-20 19:29:52,671  root       handle_response DEBUG    Write: '?\r\r>'
2024-09-20 19:29:52,671  root       run        DEBUG    Received '01311'
2024-09-20 19:29:52,672  root       handle_request DEBUG    Handling: '01311', header '7E0', ECU '7E0'
2024-09-20 19:29:52,672  root       handle_request DEBUG    Description: Distance traveled since codes cleared, PID DISTANCE_SINCE_DTC_CLEAR (01311)
2024-09-20 19:29:52,672  root       handle_response DEBUG    Processing: '<pos_answer>C8 1F</pos_answer>'
2024-09-20 19:29:52,672  root       handle_response DEBUG    Write: '7E8 04 41 31 C8 1F \r\r>'
2024-09-20 19:29:52,673  root       run        DEBUG    Received '01331'
2024-09-20 19:29:52,673  root       handle_request DEBUG    Handling: '01331', header '7E0', ECU '7E0'
2024-09-20 19:29:52,673  root       handle_request DEBUG    Description: Barometric Pressure, PID BAROMETRIC_PRESSURE (01331)
2024-09-20 19:29:52,673  root       handle_response DEBUG    Processing: '<pos_answer>65</pos_answer>'
2024-09-20 19:29:52,673  root       handle_response DEBUG    Write: '7E8 03 41 33 65 \r\r>'
2024-09-20 19:29:52,674  root       run        DEBUG    Received '01341'
2024-09-20 19:29:52,674  root       handle_request DEBUG    Handling: '01341', header '7E0', ECU '7E0'
2024-09-20 19:29:52,674  root       handle_request INFO     Unknown ELM command: '01341', header=7E0
2024-09-20 19:29:52,674  root       handle_response DEBUG    Processing: '<writeln>?</writeln>'
2024-09-20 19:29:52,675  root       handle_response DEBUG    Write: '?\r\r>'
2024-09-20 19:29:52,675  root       run        DEBUG    Received '013C1'
2024-09-20 19:29:52,675  root       handle_request DEBUG    Handling: '013C1', header '7E0', ECU '7E0'
2024-09-20 19:29:52,675  root       handle_request DEBUG    Description: Catalyst Temperature: Bank 1 - Sensor 1, PID CATALYST_TEMP_B1S1 (013C1)
2024-09-20 19:29:52,675  root       handle_response DEBUG    Processing: '<pos_answer>04 44</pos_answer>'
2024-09-20 19:29:52,676  root       handle_response DEBUG    Write: '7E8 04 41 3C 04 44 \r\r>'
2024-09-20 19:29:52,676  root       run        DEBUG    Received '013E1'
2024-09-20 19:29:52,676  root       handle_request DEBUG    Handling: '013E1', header '7E0', ECU '7E0'
2024-09-20 19:29:52,677  root       handle_request INFO     Unknown ELM command: '013E1', header=7E0
2024-09-20 19:29:52,677  root       handle_response DEBUG    Processing: '<writeln>?</writeln>'
2024-09-20 19:29:52,677  root       handle_response DEBUG    Write: '?\r\r>'
2024-09-20 19:29:52,677  root       run        DEBUG    Received '01421'
2024-09-20 19:29:52,677  root       handle_request DEBUG    Handling: '01421', header '7E0', ECU '7E0'
2024-09-20 19:29:52,677  root       handle_request DEBUG    Description: Control module voltage, PID CONTROL_MODULE_VOLTAGE (01421)
2024-09-20 19:29:52,678  root       handle_response DEBUG    Processing: '<pos_answer>39 D6</pos_answer>'
2024-09-20 19:29:52,678  root       handle_response DEBUG    Write: '7E8 04 41 42 39 D6 \r\r>'
2024-09-20 19:29:52,678  root       run        DEBUG    Received '01431'
2024-09-20 19:29:52,678  root       handle_request DEBUG    Handling: '01431', header '7E0', ECU '7E0'
2024-09-20 19:29:52,679  root       handle_request INFO     Unknown ELM command: '01431', header=7E0
2024-09-20 19:29:52,679  root       handle_response DEBUG    Processing: '<writeln>?</writeln>'
2024-09-20 19:29:52,679  root       handle_response DEBUG    Write: '?\r\r>'
2024-09-20 19:29:52,680  root       run        DEBUG    Received '01441'
2024-09-20 19:29:52,680  root       handle_request DEBUG    Handling: '01441', header '7E0', ECU '7E0'
2024-09-20 19:29:52,680  root       handle_request INFO     Unknown ELM command: '01441', header=7E0
2024-09-20 19:29:52,680  root       handle_response DEBUG    Processing: '<writeln>?</writeln>'
2024-09-20 19:29:52,680  root       handle_response DEBUG    Write: '?\r\r>'
2024-09-20 19:29:52,681  root       run        DEBUG    Received '01451'
2024-09-20 19:29:52,681  root       handle_request DEBUG    Handling: '01451', header '7E0', ECU '7E0'
2024-09-20 19:29:52,681  root       handle_request INFO     Unknown ELM command: '01451', header=7E0
2024-09-20 19:29:52,681  root       handle_response DEBUG    Processing: '<writeln>?</writeln>'
2024-09-20 19:29:52,682  root       handle_response DEBUG    Write: '?\r\r>'
2024-09-20 19:29:52,682  root       run        DEBUG    Received '01471'
2024-09-20 19:29:52,682  root       handle_request DEBUG    Handling: '01471', header '7E0', ECU '7E0'
2024-09-20 19:29:52,682  root       handle_request INFO     Unknown ELM command: '01471', header=7E0
2024-09-20 19:29:52,683  root       handle_response DEBUG    Processing: '<writeln>?</writeln>'
2024-09-20 19:29:52,683  root       handle_response DEBUG    Write: '?\r\r>'
2024-09-20 19:29:52,683  root       run        DEBUG    Received '014C1'
2024-09-20 19:29:52,683  root       handle_request DEBUG    Handling: '014C1', header '7E0', ECU '7E0'
2024-09-20 19:29:52,683  root       handle_request DEBUG    Description: Commanded throttle actuator, PID THROTTLE_ACTUATOR (014C1)
2024-09-20 19:29:52,684  root       handle_response DEBUG    Processing: '<pos_answer>00</pos_answer>'
2024-09-20 19:29:52,684  root       handle_response DEBUG    Write: '7E8 03 41 4C 00 \r\r>'
2024-09-20 19:29:52,685  root       run        DEBUG    Received '014D1'
2024-09-20 19:29:52,685  root       handle_request DEBUG    Handling: '014D1', header '7E0', ECU '7E0'
2024-09-20 19:29:52,685  root       handle_request DEBUG    Description: Time run with MIL on, PID RUN_TIME_MIL (014D1)
2024-09-20 19:29:52,685  root       handle_response DEBUG    Processing: '<pos_answer>00 00</pos_answer>'
2024-09-20 19:29:52,685  root       handle_response DEBUG    Write: '7E8 04 41 4D 00 00 \r\r>'
2024-09-20 19:29:52,686  root       run        DEBUG    Received '014E1'
2024-09-20 19:29:52,686  root       handle_request DEBUG    Handling: '014E1', header '7E0', ECU '7E0'
2024-09-20 19:29:52,686  root       handle_request DEBUG    Description: Time since trouble codes cleared, PID TIME_SINCE_DTC_CLEARED (014E1)
2024-09-20 19:29:52,686  root       handle_response DEBUG    Processing: '<pos_answer>4C 69</pos_answer>'
2024-09-20 19:29:52,686  root       handle_response DEBUG    Write: '7E8 04 41 4E 4C 69 \r\r>'
2024-09-20 19:29:52,687  root       run        DEBUG    Received '01511'
2024-09-20 19:29:52,687  root       handle_request DEBUG    Handling: '01511', header '7E0', ECU '7E0'
2024-09-20 19:29:52,687  root       handle_request DEBUG    Description: Fuel Type, PID FUEL_TYPE (01511)
2024-09-20 19:29:52,687  root       handle_response DEBUG    Processing: '<pos_answer>01</pos_answer>'
2024-09-20 19:29:52,687  root       handle_response DEBUG    Write: '7E8 03 41 51 01 \r\r>'
2024-09-20 19:29:52,938  root       run        DEBUG    Received '01002'
2024-09-20 19:29:53,335  root       handle_request DEBUG    Handling: '01002', header '7E0', ECU '7E0'
2024-09-20 19:29:53,336  root       handle_request DEBUG    Description: PIDS_A, PID ELM_PIDS_A (01002)
2024-09-20 19:29:53,336  root       handle_response DEBUG    Processing: '<header>7EA</header><size>06</size><data>41 00 98 3A 80 13</data><pos_answer>BE 3F A8 13</pos_answer>'
2024-09-20 19:29:53,337  root       handle_response DEBUG    Write: '7EA 06 41 00 98 3A 80 13 \r7E8 06 41 00 BE 3F A8 13 \r\r>'
2024-09-20 19:29:53,338  root       run        DEBUG    Received '01202'
2024-09-20 19:29:53,339  root       handle_request DEBUG    Handling: '01202', header '7E0', ECU '7E0'
2024-09-20 19:29:53,339  root       handle_request DEBUG    Description: PIDS_B, PID ELM_PIDS_B (01202)
2024-09-20 19:29:53,339  root       handle_response DEBUG    Processing: '<header>7EA</header><size>06</size><data>41 20 80 01 A0 01</data><pos_answer>90 15 B0 15</pos_answer>'
2024-09-20 19:29:53,340  root       handle_response DEBUG    Write: '7EA 06 41 20 80 01 A0 01 \r7E8 06 41 20 90 15 B0 15 \r\r>'
2024-09-20 19:29:53,341  root       run        DEBUG    Received '01402'
2024-09-20 19:29:53,342  root       handle_request DEBUG    Handling: '01402', header '7E0', ECU '7E0'
2024-09-20 19:29:53,342  root       handle_request DEBUG    Description: PIDS_C, PID ELM_PIDS_C (01402)
2024-09-20 19:29:53,343  root       handle_response DEBUG    Processing: '<header>7EA</header><size>06</size><data>41 40 44 CC 00 21</data><pos_answer>7A 1C 80 00</pos_answer>'
2024-09-20 19:29:53,343  root       handle_response DEBUG    Write: '7EA 06 41 40 44 CC 00 21 \r7E8 06 41 40 7A 1C 80 00 \r\r>'
2024-09-20 19:29:53,345  root       run        DEBUG    Received '01011'
2024-09-20 19:29:53,345  root       handle_request DEBUG    Handling: '01011', header '7E0', ECU '7E0'
2024-09-20 19:29:53,346  root       handle_request INFO     Unknown ELM command: '01011', header=7E0
2024-09-20 19:29:53,347  root       handle_response DEBUG    Processing: '<writeln>?</writeln>'
2024-09-20 19:29:53,347  root       handle_response DEBUG    Write: '?\r\r>'
2024-09-20 19:29:53,356  root       run        DEBUG    Received '01031'
2024-09-20 19:29:53,356  root       handle_request DEBUG    Handling: '01031', header '7E0', ECU '7E0'
2024-09-20 19:29:53,357  root       handle_request DEBUG    Description: Fuel System Status, PID FUEL_STATUS (01031)
2024-09-20 19:29:53,357  root       handle_response DEBUG    Processing: '<pos_answer>00 00</pos_answer>'
2024-09-20 19:29:53,358  root       handle_response DEBUG    Write: '7E8 04 41 03 00 00 \r\r>'
2024-09-20 19:29:53,359  root       run        DEBUG    Received '01041'
2024-09-20 19:29:53,360  root       handle_request DEBUG    Handling: '01041', header '7E0', ECU '7E0'
2024-09-20 19:29:53,360  root       handle_request DEBUG    Description: Calculated Engine Load, PID ENGINE_LOAD (01041)
2024-09-20 19:29:53,361  root       handle_response DEBUG    Processing: '<pos_answer>00</pos_answer>'
2024-09-20 19:29:53,361  root       handle_response DEBUG    Write: '7E8 03 41 04 00 \r\r>'
2024-09-20 19:29:53,363  root       run        DEBUG    Received '01051'
2024-09-20 19:29:53,363  root       handle_request DEBUG    Handling: '01051', header '7E0', ECU '7E0'
2024-09-20 19:29:53,364  root       handle_request DEBUG    Description: Engine Coolant Temperature, PID COOLANT_TEMP (01051)
2024-09-20 19:29:53,364  root       handle_response DEBUG    Processing: '<pos_answer>7B</pos_answer>'
2024-09-20 19:29:53,365  root       handle_response DEBUG    Write: '7E8 03 41 05 7B \r\r>'
2024-09-20 19:29:53,367  root       run        DEBUG    Received '01061'
2024-09-20 19:29:53,367  root       handle_request DEBUG    Handling: '01061', header '7E0', ECU '7E0'
2024-09-20 19:29:53,369  root       handle_request INFO     Unknown ELM command: '01061', header=7E0
2024-09-20 19:29:53,369  root       handle_response DEBUG    Processing: '<writeln>?</writeln>'
2024-09-20 19:29:53,370  root       handle_response DEBUG    Write: '?\r\r>'
2024-09-20 19:29:53,371  root       run        DEBUG    Received '01071'
2024-09-20 19:29:53,372  root       handle_request DEBUG    Handling: '01071', header '7E0', ECU '7E0'
2024-09-20 19:29:53,373  root       handle_request INFO     Unknown ELM command: '01071', header=7E0
2024-09-20 19:29:53,374  root       handle_response DEBUG    Processing: '<writeln>?</writeln>'
2024-09-20 19:29:53,374  root       handle_response DEBUG    Write: '?\r\r>'
2024-09-20 19:29:53,375  root       run        DEBUG    Received '010B1'
2024-09-20 19:29:53,376  root       handle_request DEBUG    Handling: '010B1', header '7E0', ECU '7E0'
2024-09-20 19:29:53,376  root       handle_request DEBUG    Description: Intake Manifold Pressure, PID INTAKE_PRESSURE (010B1)
2024-09-20 19:29:53,377  root       handle_response DEBUG    Processing: '<pos_answer>73</pos_answer>'
2024-09-20 19:29:53,377  root       handle_response DEBUG    Write: '7E8 03 41 0B 73 \r\r>'
2024-09-20 19:29:53,379  root       run        DEBUG    Received '010C2'
2024-09-20 19:29:53,379  root       handle_request DEBUG    Handling: '010C2', header '7E0', ECU '7E0'
2024-09-20 19:29:53,379  root       handle_request DEBUG    Description: Engine RPM, PID RPM (010C2)
2024-09-20 19:29:53,380  root       handle_response DEBUG    Processing: '<pos_answer>12 C0</pos_answer> <header>7EA</header><size>04</size><data>41 0C 12 C0</data>'
2024-09-20 19:29:53,380  root       handle_response DEBUG    Write: '7E8 04 41 0C 12 C0 \r7EA 04 41 0C 12 C0 \r\r>'
2024-09-20 19:29:53,381  root       run        DEBUG    Received '010D2'
2024-09-20 19:29:53,381  root       handle_request DEBUG    Handling: '010D2', header '7E0', ECU '7E0'
2024-09-20 19:29:53,382  root       handle_request DEBUG    Description: Vehicle Speed, PID SPEED (010D2)
2024-09-20 19:29:53,382  root       handle_response DEBUG    Processing: '<pos_answer>28</pos_answer> <header>7EA</header><size>03</size><data>41 0D 28</data>'
2024-09-20 19:29:53,383  root       handle_response DEBUG    Write: '7E8 03 41 0D 28 \r7EA 03 41 0D 28 \r\r>'
2024-09-20 19:29:53,384  root       run        DEBUG    Received '010E1'
2024-09-20 19:29:53,384  root       handle_request DEBUG    Handling: '010E1', header '7E0', ECU '7E0'
2024-09-20 19:29:53,385  root       handle_request INFO     Unknown ELM command: '010E1', header=7E0
2024-09-20 19:29:53,385  root       handle_response DEBUG    Processing: '<writeln>?</writeln>'
2024-09-20 19:29:53,385  root       handle_response DEBUG    Write: '?\r\r>'
2024-09-20 19:29:53,386  root       run        DEBUG    Received '010F1'
2024-09-20 19:29:53,386  root       handle_request DEBUG    Handling: '010F1', header '7E0', ECU '7E0'
2024-09-20 19:29:53,387  root       handle_request DEBUG    Description: Intake Air Temp, PID INTAKE_TEMP (010F1)
2024-09-20 19:29:53,387  root       handle_response DEBUG    Processing: '<pos_answer>44</pos_answer>'
2024-09-20 19:29:53,387  root       handle_response DEBUG    Write: '7E8 03 41 0F 44 \r\r>'
2024-09-20 19:29:53,388  root       run        DEBUG    Received '01101'
2024-09-20 19:29:53,388  root       handle_request DEBUG    Handling: '01101', header '7E0', ECU '7E0'
2024-09-20 19:29:53,389  root       handle_request DEBUG    Description: Air Flow Rate (MAF), PID MAF (01101)
2024-09-20 19:29:53,389  root       handle_response DEBUG    Processing: '<pos_answer>05 1F</pos_answer>'
2024-09-20 19:29:53,389  root       handle_response DEBUG    Write: '7E8 04 41 10 05 1F \r\r>'
2024-09-20 19:29:53,390  root       run        DEBUG    Received '01111'
2024-09-20 19:29:53,390  root       handle_request DEBUG    Handling: '01111', header '7E0', ECU '7E0'
2024-09-20 19:29:53,390  root       handle_request DEBUG    Description: Throttle Position, PID THROTTLE_POS (01111)
2024-09-20 19:29:53,390  root       handle_response DEBUG    Processing: '<pos_answer>FF</pos_answer>'
2024-09-20 19:29:53,391  root       handle_response DEBUG    Write: '7E8 03 41 11 FF \r\r>'
2024-09-20 19:29:53,391  root       run        DEBUG    Received '01131'
2024-09-20 19:29:53,392  root       handle_request DEBUG    Handling: '01131', header '7E0', ECU '7E0'
2024-09-20 19:29:53,392  root       handle_request INFO     Unknown ELM command: '01131', header=7E0
2024-09-20 19:29:53,392  root       handle_response DEBUG    Processing: '<writeln>?</writeln>'
2024-09-20 19:29:53,392  root       handle_response DEBUG    Write: '?\r\r>'
2024-09-20 19:29:53,393  root       run        DEBUG    Received '01151'
2024-09-20 19:29:53,393  root       handle_request DEBUG    Handling: '01151', header '7E0', ECU '7E0'
2024-09-20 19:29:53,394  root       handle_request INFO     Unknown ELM command: '01151', header=7E0
2024-09-20 19:29:53,394  root       handle_response DEBUG    Processing: '<writeln>?</writeln>'
2024-09-20 19:29:53,394  root       handle_response DEBUG    Write: '?\r\r>'
2024-09-20 19:29:53,394  root       run        DEBUG    Received '011C1'
2024-09-20 19:29:53,395  root       handle_request DEBUG    Handling: '011C1', header '7E0', ECU '7E0'
2024-09-20 19:29:53,395  root       handle_request DEBUG    Description: OBD Standards Compliance, PID OBD_COMPLIANCE (011C1)
2024-09-20 19:29:53,395  root       handle_response DEBUG    Processing: '<pos_answer>06</pos_answer>'
2024-09-20 19:29:53,395  root       handle_response DEBUG    Write: '7E8 03 41 1C 06 \r\r>'
2024-09-20 19:29:53,395  root       run        DEBUG    Received '011F1'
2024-09-20 19:29:53,396  root       handle_request DEBUG    Handling: '011F1', header '7E0', ECU '7E0'
2024-09-20 19:29:53,396  root       handle_request DEBUG    Description: Engine Run Time, PID RUN_TIME (011F1)
2024-09-20 19:29:53,396  root       handle_response DEBUG    Processing: '<pos_answer>00 8C</pos_answer>'
2024-09-20 19:29:53,396  root       handle_response DEBUG    Write: '7E8 04 41 1F 00 8C \r\r>'
2024-09-20 19:29:53,397  root       run        DEBUG    Received '01211'
2024-09-20 19:29:53,397  root       handle_request DEBUG    Handling: '01211', header '7E0', ECU '7E0'
2024-09-20 19:29:53,397  root       handle_request DEBUG    Description: Distance Traveled with MIL on, PID DISTANCE_W_MIL (01211)
2024-09-20 19:29:53,397  root       handle_response DEBUG    Processing: '<pos_answer>00 00</pos_answer>'
2024-09-20 19:29:53,397  root       handle_response DEBUG    Write: '7E8 04 41 21 00 00 \r\r>'
2024-09-20 19:29:53,398  root       run        DEBUG    Received '01241'
2024-09-20 19:29:53,398  root       handle_request DEBUG    Handling: '01241', header '7E0', ECU '7E0'
2024-09-20 19:29:53,398  root       handle_request INFO     Unknown ELM command: '01241', header=7E0
2024-09-20 19:29:53,398  root       handle_response DEBUG    Processing: '<writeln>?</writeln>'
2024-09-20 19:29:53,398  root       handle_response DEBUG    Write: '?\r\r>'
2024-09-20 19:29:53,399  root       run        DEBUG    Received '012C1'
2024-09-20 19:29:53,399  root       handle_request DEBUG    Handling: '012C1', header '7E0', ECU '7E0'
2024-09-20 19:29:53,399  root       handle_request DEBUG    Description: Commanded EGR, PID COMMANDED_EGR (012C1)
2024-09-20 19:29:53,399  root       handle_response DEBUG    Processing: '<pos_answer>0D</pos_answer>'
2024-09-20 19:29:53,399  root       handle_response DEBUG    Write: '7E8 03 41 2C 0D \r\r>'
2024-09-20 19:29:53,400  root       run        DEBUG    Received '012E1'
2024-09-20 19:29:53,400  root       handle_request DEBUG    Handling: '012E1', header '7E0', ECU '7E0'
2024-09-20 19:29:53,400  root       handle_request INFO     Unknown ELM command: '012E1', header=7E0
2024-09-20 19:29:53,400  root       handle_response DEBUG    Processing: '<writeln>?</writeln>'
2024-09-20 19:29:53,401  root       handle_response DEBUG    Write: '?\r\r>'
2024-09-20 19:29:53,401  root       run        DEBUG    Received '01301'
2024-09-20 19:29:53,401  root       handle_request DEBUG    Handling: '01301', header '7E0', ECU '7E0'
2024-09-20 19:29:53,401  root       handle_request INFO     Unknown ELM command: '01301', header=7E0
2024-09-20 19:29:53,402  root       handle_response DEBUG    Processing: '<writeln>?</writeln>'
2024-09-20 19:29:53,402  root       handle_response DEBUG    Write: '?\r\r>'
2024-09-20 19:29:53,402  root       run        DEBUG    Received '01311'
2024-09-20 19:29:53,402  root       handle_request DEBUG    Handling: '01311', header '7E0', ECU '7E0'
2024-09-20 19:29:53,402  root       handle_request DEBUG    Description: Distance traveled since codes cleared, PID DISTANCE_SINCE_DTC_CLEAR (01311)
2024-09-20 19:29:53,402  root       handle_response DEBUG    Processing: '<pos_answer>C8 1F</pos_answer>'
2024-09-20 19:29:53,402  root       handle_response DEBUG    Write: '7E8 04 41 31 C8 1F \r\r>'
2024-09-20 19:29:53,403  root       run        DEBUG    Received '01331'
2024-09-20 19:29:53,403  root       handle_request DEBUG    Handling: '01331', header '7E0', ECU '7E0'
2024-09-20 19:29:53,403  root       handle_request DEBUG    Description: Barometric Pressure, PID BAROMETRIC_PRESSURE (01331)
2024-09-20 19:29:53,403  root       handle_response DEBUG    Processing: '<pos_answer>65</pos_answer>'
2024-09-20 19:29:53,403  root       handle_response DEBUG    Write: '7E8 03 41 33 65 \r\r>'
2024-09-20 19:29:53,404  root       run        DEBUG    Received '01341'
2024-09-20 19:29:53,404  root       handle_request DEBUG    Handling: '01341', header '7E0', ECU '7E0'
2024-09-20 19:29:53,404  root       handle_request INFO     Unknown ELM command: '01341', header=7E0
2024-09-20 19:29:53,404  root       handle_response DEBUG    Processing: '<writeln>?</writeln>'
2024-09-20 19:29:53,404  root       handle_response DEBUG    Write: '?\r\r>'
2024-09-20 19:29:53,405  root       run        DEBUG    Received '013C1'
2024-09-20 19:29:53,405  root       handle_request DEBUG    Handling: '013C1', header '7E0', ECU '7E0'
2024-09-20 19:29:53,405  root       handle_request DEBUG    Description: Catalyst Temperature: Bank 1 - Sensor 1, PID CATALYST_TEMP_B1S1 (013C1)
2024-09-20 19:29:53,405  root       handle_response DEBUG    Processing: '<pos_answer>04 44</pos_answer>'
2024-09-20 19:29:53,405  root       handle_response DEBUG    Write: '7E8 04 41 3C 04 44 \r\r>'
2024-09-20 19:29:53,405  root       run        DEBUG    Received '013E1'
2024-09-20 19:29:53,405  root       handle_request DEBUG    Handling: '013E1', header '7E0', ECU '7E0'
2024-09-20 19:29:53,406  root       handle_request INFO     Unknown ELM command: '013E1', header=7E0
2024-09-20 19:29:53,406  root       handle_response DEBUG    Processing: '<writeln>?</writeln>'
2024-09-20 19:29:53,406  root       handle_response DEBUG    Write: '?\r\r>'
2024-09-20 19:29:53,406  root       run        DEBUG    Received '01421'
2024-09-20 19:29:53,406  root       handle_request DEBUG    Handling: '01421', header '7E0', ECU '7E0'
2024-09-20 19:29:53,407  root       handle_request DEBUG    Description: Control module voltage, PID CONTROL_MODULE_VOLTAGE (01421)
2024-09-20 19:29:53,407  root       handle_response DEBUG    Processing: '<pos_answer>39 D6</pos_answer>'
2024-09-20 19:29:53,407  root       handle_response DEBUG    Write: '7E8 04 41 42 39 D6 \r\r>'
2024-09-20 19:29:53,407  root       run        DEBUG    Received '01431'
2024-09-20 19:29:53,407  root       handle_request DEBUG    Handling: '01431', header '7E0', ECU '7E0'
2024-09-20 19:29:53,407  root       handle_request INFO     Unknown ELM command: '01431', header=7E0
2024-09-20 19:29:53,408  root       handle_response DEBUG    Processing: '<writeln>?</writeln>'
2024-09-20 19:29:53,408  root       handle_response DEBUG    Write: '?\r\r>'
2024-09-20 19:29:53,408  root       run        DEBUG    Received '01441'
2024-09-20 19:29:53,408  root       handle_request DEBUG    Handling: '01441', header '7E0', ECU '7E0'
2024-09-20 19:29:53,408  root       handle_request INFO     Unknown ELM command: '01441', header=7E0
2024-09-20 19:29:53,408  root       handle_response DEBUG    Processing: '<writeln>?</writeln>'
2024-09-20 19:29:53,409  root       handle_response DEBUG    Write: '?\r\r>'
2024-09-20 19:29:53,409  root       run        DEBUG    Received '01451'
2024-09-20 19:29:53,409  root       handle_request DEBUG    Handling: '01451', header '7E0', ECU '7E0'
2024-09-20 19:29:53,409  root       handle_request INFO     Unknown ELM command: '01451', header=7E0
2024-09-20 19:29:53,409  root       handle_response DEBUG    Processing: '<writeln>?</writeln>'
2024-09-20 19:29:53,409  root       handle_response DEBUG    Write: '?\r\r>'
2024-09-20 19:29:53,410  root       run        DEBUG    Received '01471'
2024-09-20 19:29:53,410  root       handle_request DEBUG    Handling: '01471', header '7E0', ECU '7E0'
2024-09-20 19:29:53,410  root       handle_request INFO     Unknown ELM command: '01471', header=7E0
2024-09-20 19:29:53,410  root       handle_response DEBUG    Processing: '<writeln>?</writeln>'
2024-09-20 19:29:53,410  root       handle_response DEBUG    Write: '?\r\r>'
2024-09-20 19:29:53,411  root       run        DEBUG    Received '014C1'
2024-09-20 19:29:53,411  root       handle_request DEBUG    Handling: '014C1', header '7E0', ECU '7E0'
2024-09-20 19:29:53,411  root       handle_request DEBUG    Description: Commanded throttle actuator, PID THROTTLE_ACTUATOR (014C1)
2024-09-20 19:29:53,411  root       handle_response DEBUG    Processing: '<pos_answer>00</pos_answer>'
2024-09-20 19:29:53,411  root       handle_response DEBUG    Write: '7E8 03 41 4C 00 \r\r>'
2024-09-20 19:29:53,412  root       run        DEBUG    Received '014D1'
2024-09-20 19:29:53,412  root       handle_request DEBUG    Handling: '014D1', header '7E0', ECU '7E0'
2024-09-20 19:29:53,412  root       handle_request DEBUG    Description: Time run with MIL on, PID RUN_TIME_MIL (014D1)
2024-09-20 19:29:53,412  root       handle_response DEBUG    Processing: '<pos_answer>00 00</pos_answer>'
2024-09-20 19:29:53,413  root       handle_response DEBUG    Write: '7E8 04 41 4D 00 00 \r\r>'
2024-09-20 19:29:53,413  root       run        DEBUG    Received '014E1'
2024-09-20 19:29:53,414  root       handle_request DEBUG    Handling: '014E1', header '7E0', ECU '7E0'
2024-09-20 19:29:53,414  root       handle_request DEBUG    Description: Time since trouble codes cleared, PID TIME_SINCE_DTC_CLEARED (014E1)
2024-09-20 19:29:53,414  root       handle_response DEBUG    Processing: '<pos_answer>4C 69</pos_answer>'
2024-09-20 19:29:53,414  root       handle_response DEBUG    Write: '7E8 04 41 4E 4C 69 \r\r>'
2024-09-20 19:29:53,415  root       run        DEBUG    Received '01511'
2024-09-20 19:29:53,415  root       handle_request DEBUG    Handling: '01511', header '7E0', ECU '7E0'
2024-09-20 19:29:53,415  root       handle_request DEBUG    Description: Fuel Type, PID FUEL_TYPE (01511)
2024-09-20 19:29:53,415  root       handle_response DEBUG    Processing: '<pos_answer>01</pos_answer>'
2024-09-20 19:29:53,415  root       handle_response DEBUG    Write: '7E8 03 41 51 01 \r\r>'
2024-09-20 19:29:53,666  root       run        DEBUG    Received '01002'
2024-09-20 19:29:53,667  root       handle_request DEBUG    Handling: '01002', header '7E0', ECU '7E0'
2024-09-20 19:29:53,668  root       handle_request DEBUG    Description: PIDS_A, PID ELM_PIDS_A (01002)
2024-09-20 19:29:53,669  root       handle_response DEBUG    Processing: '<header>7EA</header><size>06</size><data>41 00 98 3A 80 13</data><pos_answer>BE 3F A8 13</pos_answer>'
2024-09-20 19:29:53,670  root       handle_response DEBUG    Write: '7EA 06 41 00 98 3A 80 13 \r7E8 06 41 00 BE 3F A8 13 \r\r>'
2024-09-20 19:29:53,671  root       run        DEBUG    Received '01202'
2024-09-20 19:29:53,672  root       handle_request DEBUG    Handling: '01202', header '7E0', ECU '7E0'
2024-09-20 19:29:53,673  root       handle_request DEBUG    Description: PIDS_B, PID ELM_PIDS_B (01202)
2024-09-20 19:29:53,673  root       handle_response DEBUG    Processing: '<header>7EA</header><size>06</size><data>41 20 80 01 A0 01</data><pos_answer>90 15 B0 15</pos_answer>'
2024-09-20 19:29:53,674  root       handle_response DEBUG    Write: '7EA 06 41 20 80 01 A0 01 \r7E8 06 41 20 90 15 B0 15 \r\r>'
2024-09-20 19:29:53,676  root       run        DEBUG    Received '01402'
2024-09-20 19:29:53,676  root       handle_request DEBUG    Handling: '01402', header '7E0', ECU '7E0'
2024-09-20 19:29:53,677  root       handle_request DEBUG    Description: PIDS_C, PID ELM_PIDS_C (01402)
2024-09-20 19:29:53,677  root       handle_response DEBUG    Processing: '<header>7EA</header><size>06</size><data>41 40 44 CC 00 21</data><pos_answer>7A 1C 80 00</pos_answer>'
2024-09-20 19:29:53,678  root       handle_response DEBUG    Write: '7EA 06 41 40 44 CC 00 21 \r7E8 06 41 40 7A 1C 80 00 \r\r>'
2024-09-20 19:29:53,679  root       run        DEBUG    Received '01011'
2024-09-20 19:29:53,680  root       handle_request DEBUG    Handling: '01011', header '7E0', ECU '7E0'
2024-09-20 19:29:53,681  root       handle_request INFO     Unknown ELM command: '01011', header=7E0
2024-09-20 19:29:53,682  root       handle_response DEBUG    Processing: '<writeln>?</writeln>'
2024-09-20 19:29:53,682  root       handle_response DEBUG    Write: '?\r\r>'
2024-09-20 19:29:53,690  root       run        DEBUG    Received '01031'
2024-09-20 19:29:53,690  root       handle_request DEBUG    Handling: '01031', header '7E0', ECU '7E0'
2024-09-20 19:29:53,691  root       handle_request DEBUG    Description: Fuel System Status, PID FUEL_STATUS (01031)
2024-09-20 19:29:53,691  root       handle_response DEBUG    Processing: '<pos_answer>00 00</pos_answer>'
2024-09-20 19:29:53,692  root       handle_response DEBUG    Write: '7E8 04 41 03 00 00 \r\r>'
2024-09-20 19:29:53,694  root       run        DEBUG    Received '01041'
2024-09-20 19:29:53,694  root       handle_request DEBUG    Handling: '01041', header '7E0', ECU '7E0'
2024-09-20 19:29:53,694  root       handle_request DEBUG    Description: Calculated Engine Load, PID ENGINE_LOAD (01041)
2024-09-20 19:29:53,695  root       handle_response DEBUG    Processing: '<pos_answer>00</pos_answer>'
2024-09-20 19:29:53,695  root       handle_response DEBUG    Write: '7E8 03 41 04 00 \r\r>'
2024-09-20 19:29:53,697  root       run        DEBUG    Received '01051'
2024-09-20 19:29:53,698  root       handle_request DEBUG    Handling: '01051', header '7E0', ECU '7E0'
2024-09-20 19:29:53,698  root       handle_request DEBUG    Description: Engine Coolant Temperature, PID COOLANT_TEMP (01051)
2024-09-20 19:29:53,699  root       handle_response DEBUG    Processing: '<pos_answer>7B</pos_answer>'
2024-09-20 19:29:53,700  root       handle_response DEBUG    Write: '7E8 03 41 05 7B \r\r>'
2024-09-20 19:29:53,702  root       run        DEBUG    Received '01061'
2024-09-20 19:29:53,703  root       handle_request DEBUG    Handling: '01061', header '7E0', ECU '7E0'
2024-09-20 19:29:53,705  root       handle_request INFO     Unknown ELM command: '01061', header=7E0
2024-09-20 19:29:53,705  root       handle_response DEBUG    Processing: '<writeln>?</writeln>'
2024-09-20 19:29:53,706  root       handle_response DEBUG    Write: '?\r\r>'
2024-09-20 19:29:53,707  root       run        DEBUG    Received '01071'
2024-09-20 19:29:53,707  root       handle_request DEBUG    Handling: '01071', header '7E0', ECU '7E0'
2024-09-20 19:29:53,708  root       handle_request INFO     Unknown ELM command: '01071', header=7E0
2024-09-20 19:29:53,709  root       handle_response DEBUG    Processing: '<writeln>?</writeln>'
2024-09-20 19:29:53,709  root       handle_response DEBUG    Write: '?\r\r>'
2024-09-20 19:29:53,710  root       run        DEBUG    Received '010B1'
2024-09-20 19:29:53,711  root       handle_request DEBUG    Handling: '010B1', header '7E0', ECU '7E0'
2024-09-20 19:29:53,711  root       handle_request DEBUG    Description: Intake Manifold Pressure, PID INTAKE_PRESSURE (010B1)
2024-09-20 19:29:53,711  root       handle_response DEBUG    Processing: '<pos_answer>73</pos_answer>'
2024-09-20 19:29:53,712  root       handle_response DEBUG    Write: '7E8 03 41 0B 73 \r\r>'
2024-09-20 19:29:53,714  root       run        DEBUG    Received '010C2'
2024-09-20 19:29:53,714  root       handle_request DEBUG    Handling: '010C2', header '7E0', ECU '7E0'
2024-09-20 19:29:53,715  root       handle_request DEBUG    Description: Engine RPM, PID RPM (010C2)
2024-09-20 19:29:53,715  root       handle_response DEBUG    Processing: '<pos_answer>13 10</pos_answer> <header>7EA</header><size>04</size><data>41 0C 13 10</data>'
2024-09-20 19:29:53,715  root       handle_response DEBUG    Write: '7E8 04 41 0C 13 10 \r7EA 04 41 0C 13 10 \r\r>'
2024-09-20 19:29:53,717  root       run        DEBUG    Received '010D2'
2024-09-20 19:29:53,718  root       handle_request DEBUG    Handling: '010D2', header '7E0', ECU '7E0'
2024-09-20 19:29:53,718  root       handle_request DEBUG    Description: Vehicle Speed, PID SPEED (010D2)
2024-09-20 19:29:53,718  root       handle_response DEBUG    Processing: '<pos_answer>2C</pos_answer> <header>7EA</header><size>03</size><data>41 0D 2C</data>'
2024-09-20 19:29:53,719  root       handle_response DEBUG    Write: '7E8 03 41 0D 2C \r7EA 03 41 0D 2C \r\r>'
2024-09-20 19:29:53,720  root       run        DEBUG    Received '010E1'
2024-09-20 19:29:53,720  root       handle_request DEBUG    Handling: '010E1', header '7E0', ECU '7E0'
2024-09-20 19:29:53,721  root       handle_request INFO     Unknown ELM command: '010E1', header=7E0
2024-09-20 19:29:53,721  root       handle_response DEBUG    Processing: '<writeln>?</writeln>'
2024-09-20 19:29:53,721  root       handle_response DEBUG    Write: '?\r\r>'
2024-09-20 19:29:53,722  root       run        DEBUG    Received '010F1'
2024-09-20 19:29:53,722  root       handle_request DEBUG    Handling: '010F1', header '7E0', ECU '7E0'
2024-09-20 19:29:53,723  root       handle_request DEBUG    Description: Intake Air Temp, PID INTAKE_TEMP (010F1)
2024-09-20 19:29:53,723  root       handle_response DEBUG    Processing: '<pos_answer>44</pos_answer>'
2024-09-20 19:29:53,723  root       handle_response DEBUG    Write: '7E8 03 41 0F 44 \r\r>'
2024-09-20 19:29:53,724  root       run        DEBUG    Received '01101'
2024-09-20 19:29:53,724  root       handle_request DEBUG    Handling: '01101', header '7E0', ECU '7E0'
2024-09-20 19:29:53,724  root       handle_request DEBUG    Description: Air Flow Rate (MAF), PID MAF (01101)
2024-09-20 19:29:53,724  root       handle_response DEBUG    Processing: '<pos_answer>05 1F</pos_answer>'
2024-09-20 19:29:53,725  root       handle_response DEBUG    Write: '7E8 04 41 10 05 1F \r\r>'
2024-09-20 19:29:53,725  root       run        DEBUG    Received '01111'
2024-09-20 19:29:53,725  root       handle_request DEBUG    Handling: '01111', header '7E0', ECU '7E0'
2024-09-20 19:29:53,726  root       handle_request DEBUG    Description: Throttle Position, PID THROTTLE_POS (01111)
2024-09-20 19:29:53,726  root       handle_response DEBUG    Processing: '<pos_answer>FF</pos_answer>'
2024-09-20 19:29:53,726  root       handle_response DEBUG    Write: '7E8 03 41 11 FF \r\r>'
2024-09-20 19:29:53,727  root       run        DEBUG    Received '01131'
2024-09-20 19:29:53,727  root       handle_request DEBUG    Handling: '01131', header '7E0', ECU '7E0'
2024-09-20 19:29:53,727  root       handle_request INFO     Unknown ELM command: '01131', header=7E0
2024-09-20 19:29:53,727  root       handle_response DEBUG    Processing: '<writeln>?</writeln>'
2024-09-20 19:29:53,727  root       handle_response DEBUG    Write: '?\r\r>'
2024-09-20 19:29:53,728  root       run        DEBUG    Received '01151'
2024-09-20 19:29:53,728  root       handle_request DEBUG    Handling: '01151', header '7E0', ECU '7E0'
2024-09-20 19:29:53,729  root       handle_request INFO     Unknown ELM command: '01151', header=7E0
2024-09-20 19:29:53,729  root       handle_response DEBUG    Processing: '<writeln>?</writeln>'
2024-09-20 19:29:53,729  root       handle_response DEBUG    Write: '?\r\r>'
2024-09-20 19:29:53,729  root       run        DEBUG    Received '011C1'
2024-09-20 19:29:53,730  root       handle_request DEBUG    Handling: '011C1', header '7E0', ECU '7E0'
2024-09-20 19:29:53,730  root       handle_request DEBUG    Description: OBD Standards Compliance, PID OBD_COMPLIANCE (011C1)
2024-09-20 19:29:53,730  root       handle_response DEBUG    Processing: '<pos_answer>06</pos_answer>'
2024-09-20 19:29:53,730  root       handle_response DEBUG    Write: '7E8 03 41 1C 06 \r\r>'
2024-09-20 19:29:53,730  root       run        DEBUG    Received '011F1'
2024-09-20 19:29:53,731  root       handle_request DEBUG    Handling: '011F1', header '7E0', ECU '7E0'
2024-09-20 19:29:53,731  root       handle_request DEBUG    Description: Engine Run Time, PID RUN_TIME (011F1)
2024-09-20 19:29:53,731  root       handle_response DEBUG    Processing: '<pos_answer>00 8C</pos_answer>'
2024-09-20 19:29:53,731  root       handle_response DEBUG    Write: '7E8 04 41 1F 00 8C \r\r>'
2024-09-20 19:29:53,732  root       run        DEBUG    Received '01211'
2024-09-20 19:29:53,732  root       handle_request DEBUG    Handling: '01211', header '7E0', ECU '7E0'
2024-09-20 19:29:53,732  root       handle_request DEBUG    Description: Distance Traveled with MIL on, PID DISTANCE_W_MIL (01211)
2024-09-20 19:29:53,732  root       handle_response DEBUG    Processing: '<pos_answer>00 00</pos_answer>'
2024-09-20 19:29:53,732  root       handle_response DEBUG    Write: '7E8 04 41 21 00 00 \r\r>'
2024-09-20 19:29:53,733  root       run        DEBUG    Received '01241'
2024-09-20 19:29:53,733  root       handle_request DEBUG    Handling: '01241', header '7E0', ECU '7E0'
2024-09-20 19:29:53,733  root       handle_request INFO     Unknown ELM command: '01241', header=7E0
2024-09-20 19:29:53,733  root       handle_response DEBUG    Processing: '<writeln>?</writeln>'
2024-09-20 19:29:53,734  root       handle_response DEBUG    Write: '?\r\r>'
2024-09-20 19:29:53,734  root       run        DEBUG    Received '012C1'
2024-09-20 19:29:53,734  root       handle_request DEBUG    Handling: '012C1', header '7E0', ECU '7E0'
2024-09-20 19:29:53,734  root       handle_request DEBUG    Description: Commanded EGR, PID COMMANDED_EGR (012C1)
2024-09-20 19:29:53,734  root       handle_response DEBUG    Processing: '<pos_answer>0D</pos_answer>'
2024-09-20 19:29:53,735  root       handle_response DEBUG    Write: '7E8 03 41 2C 0D \r\r>'
2024-09-20 19:29:53,735  root       run        DEBUG    Received '012E1'
2024-09-20 19:29:53,735  root       handle_request DEBUG    Handling: '012E1', header '7E0', ECU '7E0'
2024-09-20 19:29:53,736  root       handle_request INFO     Unknown ELM command: '012E1', header=7E0
2024-09-20 19:29:53,736  root       handle_response DEBUG    Processing: '<writeln>?</writeln>'
2024-09-20 19:29:53,736  root       handle_response DEBUG    Write: '?\r\r>'
2024-09-20 19:29:53,736  root       run        DEBUG    Received '01301'
2024-09-20 19:29:53,736  root       handle_request DEBUG    Handling: '01301', header '7E0', ECU '7E0'
2024-09-20 19:29:53,737  root       handle_request INFO     Unknown ELM command: '01301', header=7E0
2024-09-20 19:29:53,737  root       handle_response DEBUG    Processing: '<writeln>?</writeln>'
2024-09-20 19:29:53,737  root       handle_response DEBUG    Write: '?\r\r>'
2024-09-20 19:29:53,737  root       run        DEBUG    Received '01311'
2024-09-20 19:29:53,737  root       handle_request DEBUG    Handling: '01311', header '7E0', ECU '7E0'
2024-09-20 19:29:53,738  root       handle_request DEBUG    Description: Distance traveled since codes cleared, PID DISTANCE_SINCE_DTC_CLEAR (01311)
2024-09-20 19:29:53,738  root       handle_response DEBUG    Processing: '<pos_answer>C8 1F</pos_answer>'
2024-09-20 19:29:53,738  root       handle_response DEBUG    Write: '7E8 04 41 31 C8 1F \r\r>'
2024-09-20 19:29:53,738  root       run        DEBUG    Received '01331'
2024-09-20 19:29:53,738  root       handle_request DEBUG    Handling: '01331', header '7E0', ECU '7E0'
2024-09-20 19:29:53,738  root       handle_request DEBUG    Description: Barometric Pressure, PID BAROMETRIC_PRESSURE (01331)
2024-09-20 19:29:53,738  root       handle_response DEBUG    Processing: '<pos_answer>65</pos_answer>'
2024-09-20 19:29:53,739  root       handle_response DEBUG    Write: '7E8 03 41 33 65 \r\r>'
2024-09-20 19:29:53,739  root       run        DEBUG    Received '01341'
2024-09-20 19:29:53,739  root       handle_request DEBUG    Handling: '01341', header '7E0', ECU '7E0'
2024-09-20 19:29:53,739  root       handle_request INFO     Unknown ELM command: '01341', header=7E0
2024-09-20 19:29:53,740  root       handle_response DEBUG    Processing: '<writeln>?</writeln>'
2024-09-20 19:29:53,740  root       handle_response DEBUG    Write: '?\r\r>'
2024-09-20 19:29:53,740  root       run        DEBUG    Received '013C1'
2024-09-20 19:29:53,740  root       handle_request DEBUG    Handling: '013C1', header '7E0', ECU '7E0'
2024-09-20 19:29:53,740  root       handle_request DEBUG    Description: Catalyst Temperature: Bank 1 - Sensor 1, PID CATALYST_TEMP_B1S1 (013C1)
2024-09-20 19:29:53,740  root       handle_response DEBUG    Processing: '<pos_answer>04 44</pos_answer>'
2024-09-20 19:29:53,740  root       handle_response DEBUG    Write: '7E8 04 41 3C 04 44 \r\r>'
2024-09-20 19:29:53,741  root       run        DEBUG    Received '013E1'
2024-09-20 19:29:53,741  root       handle_request DEBUG    Handling: '013E1', header '7E0', ECU '7E0'
2024-09-20 19:29:53,741  root       handle_request INFO     Unknown ELM command: '013E1', header=7E0
2024-09-20 19:29:53,741  root       handle_response DEBUG    Processing: '<writeln>?</writeln>'
2024-09-20 19:29:53,741  root       handle_response DEBUG    Write: '?\r\r>'
2024-09-20 19:29:53,742  root       run        DEBUG    Received '01421'
2024-09-20 19:29:53,742  root       handle_request DEBUG    Handling: '01421', header '7E0', ECU '7E0'
2024-09-20 19:29:53,742  root       handle_request DEBUG    Description: Control module voltage, PID CONTROL_MODULE_VOLTAGE (01421)
2024-09-20 19:29:53,742  root       handle_response DEBUG    Processing: '<pos_answer>39 D6</pos_answer>'
2024-09-20 19:29:53,742  root       handle_response DEBUG    Write: '7E8 04 41 42 39 D6 \r\r>'
2024-09-20 19:29:53,742  root       run        DEBUG    Received '01431'
2024-09-20 19:29:53,742  root       handle_request DEBUG    Handling: '01431', header '7E0', ECU '7E0'
2024-09-20 19:29:53,743  root       handle_request INFO     Unknown ELM command: '01431', header=7E0
2024-09-20 19:29:53,743  root       handle_response DEBUG    Processing: '<writeln>?</writeln>'
2024-09-20 19:29:53,743  root       handle_response DEBUG    Write: '?\r\r>'
2024-09-20 19:29:53,743  root       run        DEBUG    Received '01441'
2024-09-20 19:29:53,743  root       handle_request DEBUG    Handling: '01441', header '7E0', ECU '7E0'
2024-09-20 19:29:53,743  root       handle_request INFO     Unknown ELM command: '01441', header=7E0
2024-09-20 19:29:53,744  root       handle_response DEBUG    Processing: '<writeln>?</writeln>'
2024-09-20 19:29:53,744  root       handle_response DEBUG    Write: '?\r\r>'
2024-09-20 19:29:53,744  root       run        DEBUG    Received '01451'
2024-09-20 19:29:53,744  root       handle_request DEBUG    Handling: '01451', header '7E0', ECU '7E0'
2024-09-20 19:29:53,744  root       handle_request INFO     Unknown ELM command: '01451', header=7E0
2024-09-20 19:29:53,744  root       handle_response DEBUG    Processing: '<writeln>?</writeln>'
2024-09-20 19:29:53,745  root       handle_response DEBUG    Write: '?\r\r>'
2024-09-20 19:29:53,745  root       run        DEBUG    Received '01471'
2024-09-20 19:29:53,745  root       handle_request DEBUG    Handling: '01471', header '7E0', ECU '7E0'
2024-09-20 19:29:53,745  root       handle_request INFO     Unknown ELM command: '01471', header=7E0
2024-09-20 19:29:53,745  root       handle_response DEBUG    Processing: '<writeln>?</writeln>'
2024-09-20 19:29:53,746  root       handle_response DEBUG    Write: '?\r\r>'
2024-09-20 19:29:53,746  root       run        DEBUG    Received '014C1'
2024-09-20 19:29:53,746  root       handle_request DEBUG    Handling: '014C1', header '7E0', ECU '7E0'
2024-09-20 19:29:53,746  root       handle_request DEBUG    Description: Commanded throttle actuator, PID THROTTLE_ACTUATOR (014C1)
2024-09-20 19:29:53,746  root       handle_response DEBUG    Processing: '<pos_answer>00</pos_answer>'
2024-09-20 19:29:53,746  root       handle_response DEBUG    Write: '7E8 03 41 4C 00 \r\r>'
2024-09-20 19:29:53,747  root       run        DEBUG    Received '014D1'
2024-09-20 19:29:53,747  root       handle_request DEBUG    Handling: '014D1', header '7E0', ECU '7E0'
2024-09-20 19:29:53,747  root       handle_request DEBUG    Description: Time run with MIL on, PID RUN_TIME_MIL (014D1)
2024-09-20 19:29:53,747  root       handle_response DEBUG    Processing: '<pos_answer>00 00</pos_answer>'
2024-09-20 19:29:53,747  root       handle_response DEBUG    Write: '7E8 04 41 4D 00 00 \r\r>'
2024-09-20 19:29:53,748  root       run        DEBUG    Received '014E1'
2024-09-20 19:29:53,748  root       handle_request DEBUG    Handling: '014E1', header '7E0', ECU '7E0'
2024-09-20 19:29:53,748  root       handle_request DEBUG    Description: Time since trouble codes cleared, PID TIME_SINCE_DTC_CLEARED (014E1)
2024-09-20 19:29:53,749  root       handle_response DEBUG    Processing: '<pos_answer>4C 69</pos_answer>'
2024-09-20 19:29:53,749  root       handle_response DEBUG    Write: '7E8 04 41 4E 4C 69 \r\r>'
2024-09-20 19:29:53,750  root       run        DEBUG    Received '01511'
2024-09-20 19:29:53,750  root       handle_request DEBUG    Handling: '01511', header '7E0', ECU '7E0'
2024-09-20 19:29:53,750  root       handle_request DEBUG    Description: Fuel Type, PID FUEL_TYPE (01511)
2024-09-20 19:29:53,750  root       handle_response DEBUG    Processing: '<pos_answer>01</pos_answer>'
2024-09-20 19:29:53,750  root       handle_response DEBUG    Write: '7E8 03 41 51 01 \r\r>'
2024-09-20 19:29:54,001  root       run        DEBUG    Received '01002'
2024-09-20 19:29:54,002  root       handle_request DEBUG    Handling: '01002', header '7E0', ECU '7E0'
2024-09-20 19:29:54,002  root       handle_request DEBUG    Description: PIDS_A, PID ELM_PIDS_A (01002)
2024-09-20 19:29:54,003  root       handle_response DEBUG    Processing: '<header>7EA</header><size>06</size><data>41 00 98 3A 80 13</data><pos_answer>BE 3F A8 13</pos_answer>'
2024-09-20 19:29:54,003  root       handle_response DEBUG    Write: '7EA 06 41 00 98 3A 80 13 \r7E8 06 41 00 BE 3F A8 13 \r\r>'
2024-09-20 19:29:54,004  root       run        DEBUG    Received '01202'
2024-09-20 19:29:54,005  root       handle_request DEBUG    Handling: '01202', header '7E0', ECU '7E0'
2024-09-20 19:29:54,005  root       handle_request DEBUG    Description: PIDS_B, PID ELM_PIDS_B (01202)
2024-09-20 19:29:54,006  root       handle_response DEBUG    Processing: '<header>7EA</header><size>06</size><data>41 20 80 01 A0 01</data><pos_answer>90 15 B0 15</pos_answer>'
2024-09-20 19:29:54,006  root       handle_response DEBUG    Write: '7EA 06 41 20 80 01 A0 01 \r7E8 06 41 20 90 15 B0 15 \r\r>'
2024-09-20 19:29:54,007  root       run        DEBUG    Received '01402'
2024-09-20 19:29:54,008  root       handle_request DEBUG    Handling: '01402', header '7E0', ECU '7E0'
2024-09-20 19:29:54,008  root       handle_request DEBUG    Description: PIDS_C, PID ELM_PIDS_C (01402)
2024-09-20 19:29:54,008  root       handle_response DEBUG    Processing: '<header>7EA</header><size>06</size><data>41 40 44 CC 00 21</data><pos_answer>7A 1C 80 00</pos_answer>'
2024-09-20 19:29:54,009  root       handle_response DEBUG    Write: '7EA 06 41 40 44 CC 00 21 \r7E8 06 41 40 7A 1C 80 00 \r\r>'
2024-09-20 19:29:54,010  root       run        DEBUG    Received '01011'
2024-09-20 19:29:54,010  root       handle_request DEBUG    Handling: '01011', header '7E0', ECU '7E0'
2024-09-20 19:29:54,011  root       handle_request INFO     Unknown ELM command: '01011', header=7E0
2024-09-20 19:29:54,011  root       handle_response DEBUG    Processing: '<writeln>?</writeln>'
2024-09-20 19:29:54,011  root       handle_response DEBUG    Write: '?\r\r>'
2024-09-20 19:29:54,015  root       run        DEBUG    Received '01031'
2024-09-20 19:29:54,015  root       handle_request DEBUG    Handling: '01031', header '7E0', ECU '7E0'
2024-09-20 19:29:54,015  root       handle_request DEBUG    Description: Fuel System Status, PID FUEL_STATUS (01031)
2024-09-20 19:29:54,015  root       handle_response DEBUG    Processing: '<pos_answer>00 00</pos_answer>'
2024-09-20 19:29:54,016  root       handle_response DEBUG    Write: '7E8 04 41 03 00 00 \r\r>'
2024-09-20 19:29:54,016  root       run        DEBUG    Received '01041'
2024-09-20 19:29:54,017  root       handle_request DEBUG    Handling: '01041', header '7E0', ECU '7E0'
2024-09-20 19:29:54,017  root       handle_request DEBUG    Description: Calculated Engine Load, PID ENGINE_LOAD (01041)
2024-09-20 19:29:54,017  root       handle_response DEBUG    Processing: '<pos_answer>00</pos_answer>'
2024-09-20 19:29:54,017  root       handle_response DEBUG    Write: '7E8 03 41 04 00 \r\r>'
2024-09-20 19:29:54,018  root       run        DEBUG    Received '01051'
2024-09-20 19:29:54,018  root       handle_request DEBUG    Handling: '01051', header '7E0', ECU '7E0'
2024-09-20 19:29:54,018  root       handle_request DEBUG    Description: Engine Coolant Temperature, PID COOLANT_TEMP (01051)
2024-09-20 19:29:54,018  root       handle_response DEBUG    Processing: '<pos_answer>7B</pos_answer>'
2024-09-20 19:29:54,019  root       handle_response DEBUG    Write: '7E8 03 41 05 7B \r\r>'
2024-09-20 19:29:54,019  root       run        DEBUG    Received '01061'
2024-09-20 19:29:54,019  root       handle_request DEBUG    Handling: '01061', header '7E0', ECU '7E0'
2024-09-20 19:29:54,020  root       handle_request INFO     Unknown ELM command: '01061', header=7E0
2024-09-20 19:29:54,020  root       handle_response DEBUG    Processing: '<writeln>?</writeln>'
2024-09-20 19:29:54,020  root       handle_response DEBUG    Write: '?\r\r>'
2024-09-20 19:29:54,021  root       run        DEBUG    Received '01071'
2024-09-20 19:29:54,021  root       handle_request DEBUG    Handling: '01071', header '7E0', ECU '7E0'
2024-09-20 19:29:54,022  root       handle_request INFO     Unknown ELM command: '01071', header=7E0
2024-09-20 19:29:54,022  root       handle_response DEBUG    Processing: '<writeln>?</writeln>'
2024-09-20 19:29:54,022  root       handle_response DEBUG    Write: '?\r\r>'
2024-09-20 19:29:54,023  root       run        DEBUG    Received '010B1'
2024-09-20 19:29:54,023  root       handle_request DEBUG    Handling: '010B1', header '7E0', ECU '7E0'
2024-09-20 19:29:54,023  root       handle_request DEBUG    Description: Intake Manifold Pressure, PID INTAKE_PRESSURE (010B1)
2024-09-20 19:29:54,023  root       handle_response DEBUG    Processing: '<pos_answer>73</pos_answer>'
2024-09-20 19:29:54,023  root       handle_response DEBUG    Write: '7E8 03 41 0B 73 \r\r>'
2024-09-20 19:29:54,024  root       run        DEBUG    Received '010C2'
2024-09-20 19:29:54,024  root       handle_request DEBUG    Handling: '010C2', header '7E0', ECU '7E0'
2024-09-20 19:29:54,024  root       handle_request DEBUG    Description: Engine RPM, PID RPM (010C2)
2024-09-20 19:29:54,024  root       handle_response DEBUG    Processing: '<pos_answer>13 60</pos_answer> <header>7EA</header><size>04</size><data>41 0C 13 60</data>'
2024-09-20 19:29:54,025  root       handle_response DEBUG    Write: '7E8 04 41 0C 13 60 \r7EA 04 41 0C 13 60 \r\r>'
2024-09-20 19:29:54,025  root       run        DEBUG    Received '010D2'
2024-09-20 19:29:54,025  root       handle_request DEBUG    Handling: '010D2', header '7E0', ECU '7E0'
2024-09-20 19:29:54,025  root       handle_request DEBUG    Description: Vehicle Speed, PID SPEED (010D2)
2024-09-20 19:29:54,025  root       handle_response DEBUG    Processing: '<pos_answer>30</pos_answer> <header>7EA</header><size>03</size><data>41 0D 30</data>'
2024-09-20 19:29:54,025  root       handle_response DEBUG    Write: '7E8 03 41 0D 30 \r7EA 03 41 0D 30 \r\r>'
2024-09-20 19:29:54,026  root       run        DEBUG    Received '010E1'
2024-09-20 19:29:54,026  root       handle_request DEBUG    Handling: '010E1', header '7E0', ECU '7E0'
2024-09-20 19:29:54,026  root       handle_request INFO     Unknown ELM command: '010E1', header=7E0
2024-09-20 19:29:54,026  root       handle_response DEBUG    Processing: '<writeln>?</writeln>'
2024-09-20 19:29:54,026  root       handle_response DEBUG    Write: '?\r\r>'
2024-09-20 19:29:54,027  root       run        DEBUG    Received '010F1'
2024-09-20 19:29:54,027  root       handle_request DEBUG    Handling: '010F1', header '7E0', ECU '7E0'
2024-09-20 19:29:54,027  root       handle_request DEBUG    Description: Intake Air Temp, PID INTAKE_TEMP (010F1)
2024-09-20 19:29:54,027  root       handle_response DEBUG    Processing: '<pos_answer>44</pos_answer>'
2024-09-20 19:29:54,027  root       handle_response DEBUG    Write: '7E8 03 41 0F 44 \r\r>'
2024-09-20 19:29:54,027  root       run        DEBUG    Received '01101'
2024-09-20 19:29:54,027  root       handle_request DEBUG    Handling: '01101', header '7E0', ECU '7E0'
2024-09-20 19:29:54,027  root       handle_request DEBUG    Description: Air Flow Rate (MAF), PID MAF (01101)
2024-09-20 19:29:54,027  root       handle_response DEBUG    Processing: '<pos_answer>05 1F</pos_answer>'
2024-09-20 19:29:54,028  root       handle_response DEBUG    Write: '7E8 04 41 10 05 1F \r\r>'
2024-09-20 19:29:54,028  root       run        DEBUG    Received '01111'
2024-09-20 19:29:54,028  root       handle_request DEBUG    Handling: '01111', header '7E0', ECU '7E0'
2024-09-20 19:29:54,028  root       handle_request DEBUG    Description: Throttle Position, PID THROTTLE_POS (01111)
2024-09-20 19:29:54,028  root       handle_response DEBUG    Processing: '<pos_answer>FF</pos_answer>'
2024-09-20 19:29:54,028  root       handle_response DEBUG    Write: '7E8 03 41 11 FF \r\r>'
2024-09-20 19:29:54,029  root       run        DEBUG    Received '01131'
2024-09-20 19:29:54,029  root       handle_request DEBUG    Handling: '01131', header '7E0', ECU '7E0'
2024-09-20 19:29:54,029  root       handle_request INFO     Unknown ELM command: '01131', header=7E0
2024-09-20 19:29:54,029  root       handle_response DEBUG    Processing: '<writeln>?</writeln>'
2024-09-20 19:29:54,029  root       handle_response DEBUG    Write: '?\r\r>'
2024-09-20 19:29:54,030  root       run        DEBUG    Received '01151'
2024-09-20 19:29:54,030  root       handle_request DEBUG    Handling: '01151', header '7E0', ECU '7E0'
2024-09-20 19:29:54,030  root       handle_request INFO     Unknown ELM command: '01151', header=7E0
2024-09-20 19:29:54,030  root       handle_response DEBUG    Processing: '<writeln>?</writeln>'
2024-09-20 19:29:54,030  root       handle_response DEBUG    Write: '?\r\r>'
2024-09-20 19:29:54,030  root       run        DEBUG    Received '011C1'
2024-09-20 19:29:54,031  root       handle_request DEBUG    Handling: '011C1', header '7E0', ECU '7E0'
2024-09-20 19:29:54,031  root       handle_request DEBUG    Description: OBD Standards Compliance, PID OBD_COMPLIANCE (011C1)
2024-09-20 19:29:54,031  root       handle_response DEBUG    Processing: '<pos_answer>06</pos_answer>'
2024-09-20 19:29:54,031  root       handle_response DEBUG    Write: '7E8 03 41 1C 06 \r\r>'
2024-09-20 19:29:54,032  root       run        DEBUG    Received '011F1'
2024-09-20 19:29:54,032  root       handle_request DEBUG    Handling: '011F1', header '7E0', ECU '7E0'
2024-09-20 19:29:54,032  root       handle_request DEBUG    Description: Engine Run Time, PID RUN_TIME (011F1)
2024-09-20 19:29:54,032  root       handle_response DEBUG    Processing: '<pos_answer>00 8C</pos_answer>'
2024-09-20 19:29:54,032  root       handle_response DEBUG    Write: '7E8 04 41 1F 00 8C \r\r>'
2024-09-20 19:29:54,033  root       run        DEBUG    Received '01211'
2024-09-20 19:29:54,033  root       handle_request DEBUG    Handling: '01211', header '7E0', ECU '7E0'
2024-09-20 19:29:54,033  root       handle_request DEBUG    Description: Distance Traveled with MIL on, PID DISTANCE_W_MIL (01211)
2024-09-20 19:29:54,033  root       handle_response DEBUG    Processing: '<pos_answer>00 00</pos_answer>'
2024-09-20 19:29:54,033  root       handle_response DEBUG    Write: '7E8 04 41 21 00 00 \r\r>'
2024-09-20 19:29:54,034  root       run        DEBUG    Received '01241'
2024-09-20 19:29:54,034  root       handle_request DEBUG    Handling: '01241', header '7E0', ECU '7E0'
2024-09-20 19:29:54,034  root       handle_request INFO     Unknown ELM command: '01241', header=7E0
2024-09-20 19:29:54,035  root       handle_response DEBUG    Processing: '<writeln>?</writeln>'
2024-09-20 19:29:54,035  root       handle_response DEBUG    Write: '?\r\r>'
2024-09-20 19:29:54,035  root       run        DEBUG    Received '012C1'
2024-09-20 19:29:54,035  root       handle_request DEBUG    Handling: '012C1', header '7E0', ECU '7E0'
2024-09-20 19:29:54,035  root       handle_request DEBUG    Description: Commanded EGR, PID COMMANDED_EGR (012C1)
2024-09-20 19:29:54,035  root       handle_response DEBUG    Processing: '<pos_answer>0D</pos_answer>'
2024-09-20 19:29:54,036  root       handle_response DEBUG    Write: '7E8 03 41 2C 0D \r\r>'
2024-09-20 19:29:54,036  root       run        DEBUG    Received '012E1'
2024-09-20 19:29:54,036  root       handle_request DEBUG    Handling: '012E1', header '7E0', ECU '7E0'
2024-09-20 19:29:54,037  root       handle_request INFO     Unknown ELM command: '012E1', header=7E0
2024-09-20 19:29:54,037  root       handle_response DEBUG    Processing: '<writeln>?</writeln>'
2024-09-20 19:29:54,037  root       handle_response DEBUG    Write: '?\r\r>'
2024-09-20 19:29:54,037  root       run        DEBUG    Received '01301'
2024-09-20 19:29:54,037  root       handle_request DEBUG    Handling: '01301', header '7E0', ECU '7E0'
2024-09-20 19:29:54,038  root       handle_request INFO     Unknown ELM command: '01301', header=7E0
2024-09-20 19:29:54,038  root       handle_response DEBUG    Processing: '<writeln>?</writeln>'
2024-09-20 19:29:54,038  root       handle_response DEBUG    Write: '?\r\r>'
2024-09-20 19:29:54,038  root       run        DEBUG    Received '01311'
2024-09-20 19:29:54,038  root       handle_request DEBUG    Handling: '01311', header '7E0', ECU '7E0'
2024-09-20 19:29:54,038  root       handle_request DEBUG    Description: Distance traveled since codes cleared, PID DISTANCE_SINCE_DTC_CLEAR (01311)
2024-09-20 19:29:54,039  root       handle_response DEBUG    Processing: '<pos_answer>C8 1F</pos_answer>'
2024-09-20 19:29:54,039  root       handle_response DEBUG    Write: '7E8 04 41 31 C8 1F \r\r>'
2024-09-20 19:29:54,039  root       run        DEBUG    Received '01331'
2024-09-20 19:29:54,039  root       handle_request DEBUG    Handling: '01331', header '7E0', ECU '7E0'
2024-09-20 19:29:54,039  root       handle_request DEBUG    Description: Barometric Pressure, PID BAROMETRIC_PRESSURE (01331)
2024-09-20 19:29:54,039  root       handle_response DEBUG    Processing: '<pos_answer>65</pos_answer>'
2024-09-20 19:29:54,039  root       handle_response DEBUG    Write: '7E8 03 41 33 65 \r\r>'
2024-09-20 19:29:54,040  root       run        DEBUG    Received '01341'
2024-09-20 19:29:54,040  root       handle_request DEBUG    Handling: '01341', header '7E0', ECU '7E0'
2024-09-20 19:29:54,040  root       handle_request INFO     Unknown ELM command: '01341', header=7E0
2024-09-20 19:29:54,040  root       handle_response DEBUG    Processing: '<writeln>?</writeln>'
2024-09-20 19:29:54,040  root       handle_response DEBUG    Write: '?\r\r>'
2024-09-20 19:29:54,041  root       run        DEBUG    Received '013C1'
2024-09-20 19:29:54,041  root       handle_request DEBUG    Handling: '013C1', header '7E0', ECU '7E0'
2024-09-20 19:29:54,041  root       handle_request DEBUG    Description: Catalyst Temperature: Bank 1 - Sensor 1, PID CATALYST_TEMP_B1S1 (013C1)
2024-09-20 19:29:54,041  root       handle_response DEBUG    Processing: '<pos_answer>04 44</pos_answer>'
2024-09-20 19:29:54,041  root       handle_response DEBUG    Write: '7E8 04 41 3C 04 44 \r\r>'
2024-09-20 19:29:54,042  root       run        DEBUG    Received '013E1'
2024-09-20 19:29:54,042  root       handle_request DEBUG    Handling: '013E1', header '7E0', ECU '7E0'
2024-09-20 19:29:54,042  root       handle_request INFO     Unknown ELM command: '013E1', header=7E0
2024-09-20 19:29:54,042  root       handle_response DEBUG    Processing: '<writeln>?</writeln>'
2024-09-20 19:29:54,043  root       handle_response DEBUG    Write: '?\r\r>'
2024-09-20 19:29:54,043  root       run        DEBUG    Received '01421'
2024-09-20 19:29:54,043  root       handle_request DEBUG    Handling: '01421', header '7E0', ECU '7E0'
2024-09-20 19:29:54,043  root       handle_request DEBUG    Description: Control module voltage, PID CONTROL_MODULE_VOLTAGE (01421)
2024-09-20 19:29:54,043  root       handle_response DEBUG    Processing: '<pos_answer>39 D6</pos_answer>'
2024-09-20 19:29:54,043  root       handle_response DEBUG    Write: '7E8 04 41 42 39 D6 \r\r>'
2024-09-20 19:29:54,044  root       run        DEBUG    Received '01431'
2024-09-20 19:29:54,044  root       handle_request DEBUG    Handling: '01431', header '7E0', ECU '7E0'
2024-09-20 19:29:54,044  root       handle_request INFO     Unknown ELM command: '01431', header=7E0
2024-09-20 19:29:54,044  root       handle_response DEBUG    Processing: '<writeln>?</writeln>'
2024-09-20 19:29:54,045  root       handle_response DEBUG    Write: '?\r\r>'
2024-09-20 19:29:54,045  root       run        DEBUG    Received '01441'
2024-09-20 19:29:54,045  root       handle_request DEBUG    Handling: '01441', header '7E0', ECU '7E0'
2024-09-20 19:29:54,045  root       handle_request INFO     Unknown ELM command: '01441', header=7E0
2024-09-20 19:29:54,045  root       handle_response DEBUG    Processing: '<writeln>?</writeln>'
2024-09-20 19:29:54,046  root       handle_response DEBUG    Write: '?\r\r>'
2024-09-20 19:29:54,046  root       run        DEBUG    Received '01451'
2024-09-20 19:29:54,046  root       handle_request DEBUG    Handling: '01451', header '7E0', ECU '7E0'
2024-09-20 19:29:54,047  root       handle_request INFO     Unknown ELM command: '01451', header=7E0
2024-09-20 19:29:54,047  root       handle_response DEBUG    Processing: '<writeln>?</writeln>'
2024-09-20 19:29:54,047  root       handle_response DEBUG    Write: '?\r\r>'
2024-09-20 19:29:54,048  root       run        DEBUG    Received '01471'
2024-09-20 19:29:54,048  root       handle_request DEBUG    Handling: '01471', header '7E0', ECU '7E0'
2024-09-20 19:29:54,048  root       handle_request INFO     Unknown ELM command: '01471', header=7E0
2024-09-20 19:29:54,048  root       handle_response DEBUG    Processing: '<writeln>?</writeln>'
2024-09-20 19:29:54,049  root       handle_response DEBUG    Write: '?\r\r>'
2024-09-20 19:29:54,049  root       run        DEBUG    Received '014C1'
2024-09-20 19:29:54,049  root       handle_request DEBUG    Handling: '014C1', header '7E0', ECU '7E0'
2024-09-20 19:29:54,049  root       handle_request DEBUG    Description: Commanded throttle actuator, PID THROTTLE_ACTUATOR (014C1)
2024-09-20 19:29:54,049  root       handle_response DEBUG    Processing: '<pos_answer>00</pos_answer>'
2024-09-20 19:29:54,050  root       handle_response DEBUG    Write: '7E8 03 41 4C 00 \r\r>'
2024-09-20 19:29:54,050  root       run        DEBUG    Received '014D1'
2024-09-20 19:29:54,050  root       handle_request DEBUG    Handling: '014D1', header '7E0', ECU '7E0'
2024-09-20 19:29:54,051  root       handle_request DEBUG    Description: Time run with MIL on, PID RUN_TIME_MIL (014D1)
2024-09-20 19:29:54,051  root       handle_response DEBUG    Processing: '<pos_answer>00 00</pos_answer>'
2024-09-20 19:29:54,051  root       handle_response DEBUG    Write: '7E8 04 41 4D 00 00 \r\r>'
2024-09-20 19:29:54,052  root       run        DEBUG    Received '014E1'
2024-09-20 19:29:54,052  root       handle_request DEBUG    Handling: '014E1', header '7E0', ECU '7E0'
2024-09-20 19:29:54,052  root       handle_request DEBUG    Description: Time since trouble codes cleared, PID TIME_SINCE_DTC_CLEARED (014E1)
2024-09-20 19:29:54,052  root       handle_response DEBUG    Processing: '<pos_answer>4C 69</pos_answer>'
2024-09-20 19:29:54,052  root       handle_response DEBUG    Write: '7E8 04 41 4E 4C 69 \r\r>'
2024-09-20 19:29:54,053  root       run        DEBUG    Received '01511'
2024-09-20 19:29:54,053  root       handle_request DEBUG    Handling: '01511', header '7E0', ECU '7E0'
2024-09-20 19:29:54,053  root       handle_request DEBUG    Description: Fuel Type, PID FUEL_TYPE (01511)
2024-09-20 19:29:54,053  root       handle_response DEBUG    Processing: '<pos_answer>01</pos_answer>'
2024-09-20 19:29:54,054  root       handle_response DEBUG    Write: '7E8 03 41 51 01 \r\r>'
2024-09-20 19:29:54,305  root       run        DEBUG    Received '01002'
2024-09-20 19:29:54,305  root       handle_request DEBUG    Handling: '01002', header '7E0', ECU '7E0'
2024-09-20 19:29:54,306  root       handle_request DEBUG    Description: PIDS_A, PID ELM_PIDS_A (01002)
2024-09-20 19:29:54,306  root       handle_response DEBUG    Processing: '<header>7EA</header><size>06</size><data>41 00 98 3A 80 13</data><pos_answer>BE 3F A8 13</pos_answer>'
2024-09-20 19:29:54,307  root       handle_response DEBUG    Write: '7EA 06 41 00 98 3A 80 13 \r7E8 06 41 00 BE 3F A8 13 \r\r>'
2024-09-20 19:29:54,308  root       run        DEBUG    Received '01202'
2024-09-20 19:29:54,309  root       handle_request DEBUG    Handling: '01202', header '7E0', ECU '7E0'
2024-09-20 19:29:54,310  root       handle_request DEBUG    Description: PIDS_B, PID ELM_PIDS_B (01202)
2024-09-20 19:29:54,310  root       handle_response DEBUG    Processing: '<header>7EA</header><size>06</size><data>41 20 80 01 A0 01</data><pos_answer>90 15 B0 15</pos_answer>'
2024-09-20 19:29:54,311  root       handle_response DEBUG    Write: '7EA 06 41 20 80 01 A0 01 \r7E8 06 41 20 90 15 B0 15 \r\r>'
2024-09-20 19:29:54,312  root       run        DEBUG    Received '01402'
2024-09-20 19:29:54,313  root       handle_request DEBUG    Handling: '01402', header '7E0', ECU '7E0'
2024-09-20 19:29:54,313  root       handle_request DEBUG    Description: PIDS_C, PID ELM_PIDS_C (01402)
2024-09-20 19:29:54,314  root       handle_response DEBUG    Processing: '<header>7EA</header><size>06</size><data>41 40 44 CC 00 21</data><pos_answer>7A 1C 80 00</pos_answer>'
2024-09-20 19:29:54,315  root       handle_response DEBUG    Write: '7EA 06 41 40 44 CC 00 21 \r7E8 06 41 40 7A 1C 80 00 \r\r>'
2024-09-20 19:29:54,316  root       run        DEBUG    Received '01011'
2024-09-20 19:29:54,317  root       handle_request DEBUG    Handling: '01011', header '7E0', ECU '7E0'
2024-09-20 19:29:54,318  root       handle_request INFO     Unknown ELM command: '01011', header=7E0
2024-09-20 19:29:54,318  root       handle_response DEBUG    Processing: '<writeln>?</writeln>'
2024-09-20 19:29:54,319  root       handle_response DEBUG    Write: '?\r\r>'
2024-09-20 19:29:54,326  root       run        DEBUG    Received '01031'
2024-09-20 19:29:54,326  root       handle_request DEBUG    Handling: '01031', header '7E0', ECU '7E0'
2024-09-20 19:29:54,327  root       handle_request DEBUG    Description: Fuel System Status, PID FUEL_STATUS (01031)
2024-09-20 19:29:54,327  root       handle_response DEBUG    Processing: '<pos_answer>00 00</pos_answer>'
2024-09-20 19:29:54,327  root       handle_response DEBUG    Write: '7E8 04 41 03 00 00 \r\r>'
2024-09-20 19:29:54,329  root       run        DEBUG    Received '01041'
2024-09-20 19:29:54,329  root       handle_request DEBUG    Handling: '01041', header '7E0', ECU '7E0'
2024-09-20 19:29:54,330  root       handle_request DEBUG    Description: Calculated Engine Load, PID ENGINE_LOAD (01041)
2024-09-20 19:29:54,330  root       handle_response DEBUG    Processing: '<pos_answer>00</pos_answer>'
2024-09-20 19:29:54,331  root       handle_response DEBUG    Write: '7E8 03 41 04 00 \r\r>'
2024-09-20 19:29:54,333  root       run        DEBUG    Received '01051'
2024-09-20 19:29:54,333  root       handle_request DEBUG    Handling: '01051', header '7E0', ECU '7E0'
2024-09-20 19:29:54,334  root       handle_request DEBUG    Description: Engine Coolant Temperature, PID COOLANT_TEMP (01051)
2024-09-20 19:29:54,334  root       handle_response DEBUG    Processing: '<pos_answer>7B</pos_answer>'
2024-09-20 19:29:54,335  root       handle_response DEBUG    Write: '7E8 03 41 05 7B \r\r>'
2024-09-20 19:29:54,337  root       run        DEBUG    Received '01061'
2024-09-20 19:29:54,337  root       handle_request DEBUG    Handling: '01061', header '7E0', ECU '7E0'
2024-09-20 19:29:54,339  root       handle_request INFO     Unknown ELM command: '01061', header=7E0
2024-09-20 19:29:54,340  root       handle_response DEBUG    Processing: '<writeln>?</writeln>'
2024-09-20 19:29:54,340  root       handle_response DEBUG    Write: '?\r\r>'
2024-09-20 19:29:54,342  root       run        DEBUG    Received '01071'
2024-09-20 19:29:54,343  root       handle_request DEBUG    Handling: '01071', header '7E0', ECU '7E0'
2024-09-20 19:29:54,344  root       handle_request INFO     Unknown ELM command: '01071', header=7E0
2024-09-20 19:29:54,345  root       handle_response DEBUG    Processing: '<writeln>?</writeln>'
2024-09-20 19:29:54,345  root       handle_response DEBUG    Write: '?\r\r>'
2024-09-20 19:29:54,347  root       run        DEBUG    Received '010B1'
2024-09-20 19:29:54,347  root       handle_request DEBUG    Handling: '010B1', header '7E0', ECU '7E0'
2024-09-20 19:29:54,348  root       handle_request DEBUG    Description: Intake Manifold Pressure, PID INTAKE_PRESSURE (010B1)
2024-09-20 19:29:54,348  root       handle_response DEBUG    Processing: '<pos_answer>73</pos_answer>'
2024-09-20 19:29:54,349  root       handle_response DEBUG    Write: '7E8 03 41 0B 73 \r\r>'
2024-09-20 19:29:54,351  root       run        DEBUG    Received '010C2'
2024-09-20 19:29:54,351  root       handle_request DEBUG    Handling: '010C2', header '7E0', ECU '7E0'
2024-09-20 19:29:54,352  root       handle_request DEBUG    Description: Engine RPM, PID RPM (010C2)
2024-09-20 19:29:54,352  root       handle_response DEBUG    Processing: '<pos_answer>13 B0</pos_answer> <header>7EA</header><size>04</size><data>41 0C 13 B0</data>'
2024-09-20 19:29:54,353  root       handle_response DEBUG    Write: '7E8 04 41 0C 13 B0 \r7EA 04 41 0C 13 B0 \r\r>'
2024-09-20 19:29:54,354  root       run        DEBUG    Received '010D2'
2024-09-20 19:29:54,355  root       handle_request DEBUG    Handling: '010D2', header '7E0', ECU '7E0'
2024-09-20 19:29:54,355  root       handle_request DEBUG    Description: Vehicle Speed, PID SPEED (010D2)
2024-09-20 19:29:54,356  root       handle_response DEBUG    Processing: '<pos_answer>34</pos_answer> <header>7EA</header><size>03</size><data>41 0D 34</data>'
2024-09-20 19:29:54,356  root       handle_response DEBUG    Write: '7E8 03 41 0D 34 \r7EA 03 41 0D 34 \r\r>'
2024-09-20 19:29:54,358  root       run        DEBUG    Received '010E1'
2024-09-20 19:29:54,358  root       handle_request DEBUG    Handling: '010E1', header '7E0', ECU '7E0'
2024-09-20 19:29:54,360  root       handle_request INFO     Unknown ELM command: '010E1', header=7E0
2024-09-20 19:29:54,360  root       handle_response DEBUG    Processing: '<writeln>?</writeln>'
2024-09-20 19:29:54,360  root       handle_response DEBUG    Write: '?\r\r>'
2024-09-20 19:29:54,362  root       run        DEBUG    Received '010F1'
2024-09-20 19:29:54,362  root       handle_request DEBUG    Handling: '010F1', header '7E0', ECU '7E0'
2024-09-20 19:29:54,363  root       handle_request DEBUG    Description: Intake Air Temp, PID INTAKE_TEMP (010F1)
2024-09-20 19:29:54,363  root       handle_response DEBUG    Processing: '<pos_answer>44</pos_answer>'
2024-09-20 19:29:54,364  root       handle_response DEBUG    Write: '7E8 03 41 0F 44 \r\r>'
2024-09-20 19:29:54,366  root       run        DEBUG    Received '01101'
2024-09-20 19:29:54,366  root       handle_request DEBUG    Handling: '01101', header '7E0', ECU '7E0'
2024-09-20 19:29:54,367  root       handle_request DEBUG    Description: Air Flow Rate (MAF), PID MAF (01101)
2024-09-20 19:29:54,367  root       handle_response DEBUG    Processing: '<pos_answer>05 1F</pos_answer>'
2024-09-20 19:29:54,368  root       handle_response DEBUG    Write: '7E8 04 41 10 05 1F \r\r>'
2024-09-20 19:29:54,370  root       run        DEBUG    Received '01111'
2024-09-20 19:29:54,370  root       handle_request DEBUG    Handling: '01111', header '7E0', ECU '7E0'
2024-09-20 19:29:54,370  root       handle_request DEBUG    Description: Throttle Position, PID THROTTLE_POS (01111)
2024-09-20 19:29:54,371  root       handle_response DEBUG    Processing: '<pos_answer>FF</pos_answer>'
2024-09-20 19:29:54,372  root       handle_response DEBUG    Write: '7E8 03 41 11 FF \r\r>'
2024-09-20 19:29:54,373  root       run        DEBUG    Received '01131'
2024-09-20 19:29:54,374  root       handle_request DEBUG    Handling: '01131', header '7E0', ECU '7E0'
2024-09-20 19:29:54,376  root       handle_request INFO     Unknown ELM command: '01131', header=7E0
2024-09-20 19:29:54,376  root       handle_response DEBUG    Processing: '<writeln>?</writeln>'
2024-09-20 19:29:54,377  root       handle_response DEBUG    Write: '?\r\r>'
2024-09-20 19:29:54,379  root       run        DEBUG    Received '01151'
2024-09-20 19:29:54,379  root       handle_request DEBUG    Handling: '01151', header '7E0', ECU '7E0'
2024-09-20 19:29:54,380  root       handle_request INFO     Unknown ELM command: '01151', header=7E0
2024-09-20 19:29:54,380  root       handle_response DEBUG    Processing: '<writeln>?</writeln>'
2024-09-20 19:29:54,380  root       handle_response DEBUG    Write: '?\r\r>'
2024-09-20 19:29:54,382  root       run        DEBUG    Received '011C1'
2024-09-20 19:29:54,382  root       handle_request DEBUG    Handling: '011C1', header '7E0', ECU '7E0'
2024-09-20 19:29:54,383  root       handle_request DEBUG    Description: OBD Standards Compliance, PID OBD_COMPLIANCE (011C1)
2024-09-20 19:29:54,383  root       handle_response DEBUG    Processing: '<pos_answer>06</pos_answer>'
2024-09-20 19:29:54,384  root       handle_response DEBUG    Write: '7E8 03 41 1C 06 \r\r>'
2024-09-20 19:29:54,385  root       run        DEBUG    Received '011F1'
2024-09-20 19:29:54,385  root       handle_request DEBUG    Handling: '011F1', header '7E0', ECU '7E0'
2024-09-20 19:29:54,385  root       handle_request DEBUG    Description: Engine Run Time, PID RUN_TIME (011F1)
2024-09-20 19:29:54,385  root       handle_response DEBUG    Processing: '<pos_answer>00 8C</pos_answer>'
2024-09-20 19:29:54,386  root       handle_response DEBUG    Write: '7E8 04 41 1F 00 8C \r\r>'
2024-09-20 19:29:54,387  root       run        DEBUG    Received '01211'
2024-09-20 19:29:54,387  root       handle_request DEBUG    Handling: '01211', header '7E0', ECU '7E0'
2024-09-20 19:29:54,387  root       handle_request DEBUG    Description: Distance Traveled with MIL on, PID DISTANCE_W_MIL (01211)
2024-09-20 19:29:54,387  root       handle_response DEBUG    Processing: '<pos_answer>00 00</pos_answer>'
2024-09-20 19:29:54,387  root       handle_response DEBUG    Write: '7E8 04 41 21 00 00 \r\r>'
2024-09-20 19:29:54,388  root       run        DEBUG    Received '01241'
2024-09-20 19:29:54,388  root       handle_request DEBUG    Handling: '01241', header '7E0', ECU '7E0'
2024-09-20 19:29:54,389  root       handle_request INFO     Unknown ELM command: '01241', header=7E0
2024-09-20 19:29:54,389  root       handle_response DEBUG    Processing: '<writeln>?</writeln>'
2024-09-20 19:29:54,389  root       handle_response DEBUG    Write: '?\r\r>'
2024-09-20 19:29:54,390  root       run        DEBUG    Received '012C1'
2024-09-20 19:29:54,390  root       handle_request DEBUG    Handling: '012C1', header '7E0', ECU '7E0'
2024-09-20 19:29:54,390  root       handle_request DEBUG    Description: Commanded EGR, PID COMMANDED_EGR (012C1)
2024-09-20 19:29:54,391  root       handle_response DEBUG    Processing: '<pos_answer>0D</pos_answer>'
2024-09-20 19:29:54,391  root       handle_response DEBUG    Write: '7E8 03 41 2C 0D \r\r>'
2024-09-20 19:29:54,392  root       run        DEBUG    Received '012E1'
2024-09-20 19:29:54,392  root       handle_request DEBUG    Handling: '012E1', header '7E0', ECU '7E0'
2024-09-20 19:29:54,393  root       handle_request INFO     Unknown ELM command: '012E1', header=7E0
2024-09-20 19:29:54,393  root       handle_response DEBUG    Processing: '<writeln>?</writeln>'
2024-09-20 19:29:54,393  root       handle_response DEBUG    Write: '?\r\r>'
2024-09-20 19:29:54,394  root       run        DEBUG    Received '01301'
2024-09-20 19:29:54,394  root       handle_request DEBUG    Handling: '01301', header '7E0', ECU '7E0'
2024-09-20 19:29:54,395  root       handle_request INFO     Unknown ELM command: '01301', header=7E0
2024-09-20 19:29:54,395  root       handle_response DEBUG    Processing: '<writeln>?</writeln>'
2024-09-20 19:29:54,395  root       handle_response DEBUG    Write: '?\r\r>'
2024-09-20 19:29:54,396  root       run        DEBUG    Received '01311'
2024-09-20 19:29:54,396  root       handle_request DEBUG    Handling: '01311', header '7E0', ECU '7E0'
2024-09-20 19:29:54,396  root       handle_request DEBUG    Description: Distance traveled since codes cleared, PID DISTANCE_SINCE_DTC_CLEAR (01311)
2024-09-20 19:29:54,396  root       handle_response DEBUG    Processing: '<pos_answer>C8 1F</pos_answer>'
2024-09-20 19:29:54,397  root       handle_response DEBUG    Write: '7E8 04 41 31 C8 1F \r\r>'
2024-09-20 19:29:54,398  root       run        DEBUG    Received '01331'
2024-09-20 19:29:54,398  root       handle_request DEBUG    Handling: '01331', header '7E0', ECU '7E0'
2024-09-20 19:29:54,398  root       handle_request DEBUG    Description: Barometric Pressure, PID BAROMETRIC_PRESSURE (01331)
2024-09-20 19:29:54,398  root       handle_response DEBUG    Processing: '<pos_answer>65</pos_answer>'
2024-09-20 19:29:54,399  root       handle_response DEBUG    Write: '7E8 03 41 33 65 \r\r>'
2024-09-20 19:29:54,400  root       run        DEBUG    Received '01341'
2024-09-20 19:29:54,400  root       handle_request DEBUG    Handling: '01341', header '7E0', ECU '7E0'
2024-09-20 19:29:54,401  root       handle_request INFO     Unknown ELM command: '01341', header=7E0
2024-09-20 19:29:54,401  root       handle_response DEBUG    Processing: '<writeln>?</writeln>'
2024-09-20 19:29:54,401  root       handle_response DEBUG    Write: '?\r\r>'
2024-09-20 19:29:54,402  root       run        DEBUG    Received '013C1'
2024-09-20 19:29:54,402  root       handle_request DEBUG    Handling: '013C1', header '7E0', ECU '7E0'
2024-09-20 19:29:54,403  root       handle_request DEBUG    Description: Catalyst Temperature: Bank 1 - Sensor 1, PID CATALYST_TEMP_B1S1 (013C1)
2024-09-20 19:29:54,403  root       handle_response DEBUG    Processing: '<pos_answer>04 44</pos_answer>'
2024-09-20 19:29:54,403  root       handle_response DEBUG    Write: '7E8 04 41 3C 04 44 \r\r>'
2024-09-20 19:29:54,404  root       run        DEBUG    Received '013E1'
2024-09-20 19:29:54,404  root       handle_request DEBUG    Handling: '013E1', header '7E0', ECU '7E0'
2024-09-20 19:29:54,405  root       handle_request INFO     Unknown ELM command: '013E1', header=7E0
2024-09-20 19:29:54,406  root       handle_response DEBUG    Processing: '<writeln>?</writeln>'
2024-09-20 19:29:54,406  root       handle_response DEBUG    Write: '?\r\r>'
2024-09-20 19:29:54,407  root       run        DEBUG    Received '01421'
2024-09-20 19:29:54,407  root       handle_request DEBUG    Handling: '01421', header '7E0', ECU '7E0'
2024-09-20 19:29:54,407  root       handle_request DEBUG    Description: Control module voltage, PID CONTROL_MODULE_VOLTAGE (01421)
2024-09-20 19:29:54,407  root       handle_response DEBUG    Processing: '<pos_answer>39 D6</pos_answer>'
2024-09-20 19:29:54,408  root       handle_response DEBUG    Write: '7E8 04 41 42 39 D6 \r\r>'
2024-09-20 19:29:54,408  root       run        DEBUG    Received '01431'
2024-09-20 19:29:54,409  root       handle_request DEBUG    Handling: '01431', header '7E0', ECU '7E0'
2024-09-20 19:29:54,409  root       handle_request INFO     Unknown ELM command: '01431', header=7E0
2024-09-20 19:29:54,409  root       handle_response DEBUG    Processing: '<writeln>?</writeln>'
2024-09-20 19:29:54,409  root       handle_response DEBUG    Write: '?\r\r>'
2024-09-20 19:29:54,410  root       run        DEBUG    Received '01441'
2024-09-20 19:29:54,410  root       handle_request DEBUG    Handling: '01441', header '7E0', ECU '7E0'
2024-09-20 19:29:54,411  root       handle_request INFO     Unknown ELM command: '01441', header=7E0
2024-09-20 19:29:54,411  root       handle_response DEBUG    Processing: '<writeln>?</writeln>'
2024-09-20 19:29:54,411  root       handle_response DEBUG    Write: '?\r\r>'
2024-09-20 19:29:54,412  root       run        DEBUG    Received '01451'
2024-09-20 19:29:54,412  root       handle_request DEBUG    Handling: '01451', header '7E0', ECU '7E0'
2024-09-20 19:29:54,413  root       handle_request INFO     Unknown ELM command: '01451', header=7E0
2024-09-20 19:29:54,413  root       handle_response DEBUG    Processing: '<writeln>?</writeln>'
2024-09-20 19:29:54,413  root       handle_response DEBUG    Write: '?\r\r>'
2024-09-20 19:29:54,414  root       run        DEBUG    Received '01471'
2024-09-20 19:29:54,414  root       handle_request DEBUG    Handling: '01471', header '7E0', ECU '7E0'
2024-09-20 19:29:54,415  root       handle_request INFO     Unknown ELM command: '01471', header=7E0
2024-09-20 19:29:54,415  root       handle_response DEBUG    Processing: '<writeln>?</writeln>'
2024-09-20 19:29:54,415  root       handle_response DEBUG    Write: '?\r\r>'
2024-09-20 19:29:54,415  root       run        DEBUG    Received '014C1'
2024-09-20 19:29:54,416  root       handle_request DEBUG    Handling: '014C1', header '7E0', ECU '7E0'
2024-09-20 19:29:54,416  root       handle_request DEBUG    Description: Commanded throttle actuator, PID THROTTLE_ACTUATOR (014C1)
2024-09-20 19:29:54,416  root       handle_response DEBUG    Processing: '<pos_answer>00</pos_answer>'
2024-09-20 19:29:54,416  root       handle_response DEBUG    Write: '7E8 03 41 4C 00 \r\r>'
2024-09-20 19:29:54,417  root       run        DEBUG    Received '014D1'
2024-09-20 19:29:54,417  root       handle_request DEBUG    Handling: '014D1', header '7E0', ECU '7E0'
2024-09-20 19:29:54,417  root       handle_request DEBUG    Description: Time run with MIL on, PID RUN_TIME_MIL (014D1)
2024-09-20 19:29:54,417  root       handle_response DEBUG    Processing: '<pos_answer>00 00</pos_answer>'
2024-09-20 19:29:54,418  root       handle_response DEBUG    Write: '7E8 04 41 4D 00 00 \r\r>'
2024-09-20 19:29:54,418  root       run        DEBUG    Received '014E1'
2024-09-20 19:29:54,418  root       handle_request DEBUG    Handling: '014E1', header '7E0', ECU '7E0'
2024-09-20 19:29:54,418  root       handle_request DEBUG    Description: Time since trouble codes cleared, PID TIME_SINCE_DTC_CLEARED (014E1)
2024-09-20 19:29:54,418  root       handle_response DEBUG    Processing: '<pos_answer>4C 69</pos_answer>'
2024-09-20 19:29:54,419  root       handle_response DEBUG    Write: '7E8 04 41 4E 4C 69 \r\r>'
2024-09-20 19:29:54,419  root       run        DEBUG    Received '01511'
2024-09-20 19:29:54,419  root       handle_request DEBUG    Handling: '01511', header '7E0', ECU '7E0'
2024-09-20 19:29:54,419  root       handle_request DEBUG    Description: Fuel Type, PID FUEL_TYPE (01511)
2024-09-20 19:29:54,419  root       handle_response DEBUG    Processing: '<pos_answer>01</pos_answer>'
2024-09-20 19:29:54,420  root       handle_response DEBUG    Write: '7E8 03 41 51 01 \r\r>'
2024-09-20 19:29:54,670  root       run        DEBUG    Received '01002'
2024-09-20 19:29:54,671  root       handle_request DEBUG    Handling: '01002', header '7E0', ECU '7E0'
2024-09-20 19:29:54,672  root       handle_request DEBUG    Description: PIDS_A, PID ELM_PIDS_A (01002)
2024-09-20 19:29:54,672  root       handle_response DEBUG    Processing: '<header>7EA</header><size>06</size><data>41 00 98 3A 80 13</data><pos_answer>BE 3F A8 13</pos_answer>'
2024-09-20 19:29:54,672  root       handle_response DEBUG    Write: '7EA 06 41 00 98 3A 80 13 \r7E8 06 41 00 BE 3F A8 13 \r\r>'
2024-09-20 19:29:54,674  root       run        DEBUG    Received '01202'
2024-09-20 19:29:54,674  root       handle_request DEBUG    Handling: '01202', header '7E0', ECU '7E0'
2024-09-20 19:29:54,675  root       handle_request DEBUG    Description: PIDS_B, PID ELM_PIDS_B (01202)
2024-09-20 19:29:54,675  root       handle_response DEBUG    Processing: '<header>7EA</header><size>06</size><data>41 20 80 01 A0 01</data><pos_answer>90 15 B0 15</pos_answer>'
2024-09-20 19:29:54,676  root       handle_response DEBUG    Write: '7EA 06 41 20 80 01 A0 01 \r7E8 06 41 20 90 15 B0 15 \r\r>'
2024-09-20 19:29:54,677  root       run        DEBUG    Received '01402'
2024-09-20 19:29:54,677  root       handle_request DEBUG    Handling: '01402', header '7E0', ECU '7E0'
2024-09-20 19:29:54,678  root       handle_request DEBUG    Description: PIDS_C, PID ELM_PIDS_C (01402)
2024-09-20 19:29:54,678  root       handle_response DEBUG    Processing: '<header>7EA</header><size>06</size><data>41 40 44 CC 00 21</data><pos_answer>7A 1C 80 00</pos_answer>'
2024-09-20 19:29:54,679  root       handle_response DEBUG    Write: '7EA 06 41 40 44 CC 00 21 \r7E8 06 41 40 7A 1C 80 00 \r\r>'
2024-09-20 19:29:54,680  root       run        DEBUG    Received '01011'
2024-09-20 19:29:54,681  root       handle_request DEBUG    Handling: '01011', header '7E0', ECU '7E0'
2024-09-20 19:29:54,682  root       handle_request INFO     Unknown ELM command: '01011', header=7E0
2024-09-20 19:29:54,682  root       handle_response DEBUG    Processing: '<writeln>?</writeln>'
2024-09-20 19:29:54,683  root       handle_response DEBUG    Write: '?\r\r>'
2024-09-20 19:29:54,689  root       run        DEBUG    Received '01031'
2024-09-20 19:29:54,690  root       handle_request DEBUG    Handling: '01031', header '7E0', ECU '7E0'
2024-09-20 19:29:54,690  root       handle_request DEBUG    Description: Fuel System Status, PID FUEL_STATUS (01031)
2024-09-20 19:29:54,691  root       handle_response DEBUG    Processing: '<pos_answer>00 00</pos_answer>'
2024-09-20 19:29:54,691  root       handle_response DEBUG    Write: '7E8 04 41 03 00 00 \r\r>'
2024-09-20 19:29:54,693  root       run        DEBUG    Received '01041'
2024-09-20 19:29:54,693  root       handle_request DEBUG    Handling: '01041', header '7E0', ECU '7E0'
2024-09-20 19:29:54,694  root       handle_request DEBUG    Description: Calculated Engine Load, PID ENGINE_LOAD (01041)
2024-09-20 19:29:54,694  root       handle_response DEBUG    Processing: '<pos_answer>00</pos_answer>'
2024-09-20 19:29:54,695  root       handle_response DEBUG    Write: '7E8 03 41 04 00 \r\r>'
2024-09-20 19:29:54,696  root       run        DEBUG    Received '01051'
2024-09-20 19:29:54,697  root       handle_request DEBUG    Handling: '01051', header '7E0', ECU '7E0'
2024-09-20 19:29:54,697  root       handle_request DEBUG    Description: Engine Coolant Temperature, PID COOLANT_TEMP (01051)
2024-09-20 19:29:54,698  root       handle_response DEBUG    Processing: '<pos_answer>7B</pos_answer>'
2024-09-20 19:29:54,699  root       handle_response DEBUG    Write: '7E8 03 41 05 7B \r\r>'
2024-09-20 19:29:54,700  root       run        DEBUG    Received '01061'
2024-09-20 19:29:54,701  root       handle_request DEBUG    Handling: '01061', header '7E0', ECU '7E0'
2024-09-20 19:29:54,703  root       handle_request INFO     Unknown ELM command: '01061', header=7E0
2024-09-20 19:29:54,703  root       handle_response DEBUG    Processing: '<writeln>?</writeln>'
2024-09-20 19:29:54,704  root       handle_response DEBUG    Write: '?\r\r>'
2024-09-20 19:29:54,706  root       run        DEBUG    Received '01071'
2024-09-20 19:29:54,706  root       handle_request DEBUG    Handling: '01071', header '7E0', ECU '7E0'
2024-09-20 19:29:54,707  root       handle_request INFO     Unknown ELM command: '01071', header=7E0
2024-09-20 19:29:54,708  root       handle_response DEBUG    Processing: '<writeln>?</writeln>'
2024-09-20 19:29:54,708  root       handle_response DEBUG    Write: '?\r\r>'
2024-09-20 19:29:54,710  root       run        DEBUG    Received '010B1'
2024-09-20 19:29:54,710  root       handle_request DEBUG    Handling: '010B1', header '7E0', ECU '7E0'
2024-09-20 19:29:54,711  root       handle_request DEBUG    Description: Intake Manifold Pressure, PID INTAKE_PRESSURE (010B1)
2024-09-20 19:29:54,711  root       handle_response DEBUG    Processing: '<pos_answer>73</pos_answer>'
2024-09-20 19:29:54,712  root       handle_response DEBUG    Write: '7E8 03 41 0B 73 \r\r>'
2024-09-20 19:29:54,713  root       run        DEBUG    Received '010C2'
2024-09-20 19:29:54,714  root       handle_request DEBUG    Handling: '010C2', header '7E0', ECU '7E0'
2024-09-20 19:29:54,714  root       handle_request DEBUG    Description: Engine RPM, PID RPM (010C2)
2024-09-20 19:29:54,715  root       handle_response DEBUG    Processing: '<pos_answer>14 00</pos_answer> <header>7EA</header><size>04</size><data>41 0C 14 00</data>'
2024-09-20 19:29:54,715  root       handle_response DEBUG    Write: '7E8 04 41 0C 14 00 \r7EA 04 41 0C 14 00 \r\r>'
2024-09-20 19:29:54,717  root       run        DEBUG    Received '010D2'
2024-09-20 19:29:54,718  root       handle_request DEBUG    Handling: '010D2', header '7E0', ECU '7E0'
2024-09-20 19:29:54,718  root       handle_request DEBUG    Description: Vehicle Speed, PID SPEED (010D2)
2024-09-20 19:29:54,718  root       handle_response DEBUG    Processing: '<pos_answer>38</pos_answer> <header>7EA</header><size>03</size><data>41 0D 38</data>'
2024-09-20 19:29:54,719  root       handle_response DEBUG    Write: '7E8 03 41 0D 38 \r7EA 03 41 0D 38 \r\r>'
2024-09-20 19:29:54,720  root       run        DEBUG    Received '010E1'
2024-09-20 19:29:54,720  root       handle_request DEBUG    Handling: '010E1', header '7E0', ECU '7E0'
2024-09-20 19:29:54,721  root       handle_request INFO     Unknown ELM command: '010E1', header=7E0
2024-09-20 19:29:54,722  root       handle_response DEBUG    Processing: '<writeln>?</writeln>'
2024-09-20 19:29:54,722  root       handle_response DEBUG    Write: '?\r\r>'
2024-09-20 19:29:54,724  root       run        DEBUG    Received '010F1'
2024-09-20 19:29:54,724  root       handle_request DEBUG    Handling: '010F1', header '7E0', ECU '7E0'
2024-09-20 19:29:54,724  root       handle_request DEBUG    Description: Intake Air Temp, PID INTAKE_TEMP (010F1)
2024-09-20 19:29:54,724  root       handle_response DEBUG    Processing: '<pos_answer>44</pos_answer>'
2024-09-20 19:29:54,725  root       handle_response DEBUG    Write: '7E8 03 41 0F 44 \r\r>'
2024-09-20 19:29:54,726  root       run        DEBUG    Received '01101'
2024-09-20 19:29:54,726  root       handle_request DEBUG    Handling: '01101', header '7E0', ECU '7E0'
2024-09-20 19:29:54,727  root       handle_request DEBUG    Description: Air Flow Rate (MAF), PID MAF (01101)
2024-09-20 19:29:54,727  root       handle_response DEBUG    Processing: '<pos_answer>05 1F</pos_answer>'
2024-09-20 19:29:54,728  root       handle_response DEBUG    Write: '7E8 04 41 10 05 1F \r\r>'
2024-09-20 19:29:54,729  root       run        DEBUG    Received '01111'
2024-09-20 19:29:54,729  root       handle_request DEBUG    Handling: '01111', header '7E0', ECU '7E0'
2024-09-20 19:29:54,729  root       handle_request DEBUG    Description: Throttle Position, PID THROTTLE_POS (01111)
2024-09-20 19:29:54,730  root       handle_response DEBUG    Processing: '<pos_answer>FF</pos_answer>'
2024-09-20 19:29:54,730  root       handle_response DEBUG    Write: '7E8 03 41 11 FF \r\r>'
2024-09-20 19:29:54,732  root       run        DEBUG    Received '01131'
2024-09-20 19:29:54,732  root       handle_request DEBUG    Handling: '01131', header '7E0', ECU '7E0'
2024-09-20 19:29:54,733  root       handle_request INFO     Unknown ELM command: '01131', header=7E0
2024-09-20 19:29:54,733  root       handle_response DEBUG    Processing: '<writeln>?</writeln>'
2024-09-20 19:29:54,733  root       handle_response DEBUG    Write: '?\r\r>'
2024-09-20 19:29:54,734  root       run        DEBUG    Received '01151'
2024-09-20 19:29:54,735  root       handle_request DEBUG    Handling: '01151', header '7E0', ECU '7E0'
2024-09-20 19:29:54,735  root       handle_request INFO     Unknown ELM command: '01151', header=7E0
2024-09-20 19:29:54,736  root       handle_response DEBUG    Processing: '<writeln>?</writeln>'
2024-09-20 19:29:54,736  root       handle_response DEBUG    Write: '?\r\r>'
2024-09-20 19:29:54,737  root       run        DEBUG    Received '011C1'
2024-09-20 19:29:54,737  root       handle_request DEBUG    Handling: '011C1', header '7E0', ECU '7E0'
2024-09-20 19:29:54,737  root       handle_request DEBUG    Description: OBD Standards Compliance, PID OBD_COMPLIANCE (011C1)
2024-09-20 19:29:54,737  root       handle_response DEBUG    Processing: '<pos_answer>06</pos_answer>'
2024-09-20 19:29:54,738  root       handle_response DEBUG    Write: '7E8 03 41 1C 06 \r\r>'
2024-09-20 19:29:54,739  root       run        DEBUG    Received '011F1'
2024-09-20 19:29:54,739  root       handle_request DEBUG    Handling: '011F1', header '7E0', ECU '7E0'
2024-09-20 19:29:54,739  root       handle_request DEBUG    Description: Engine Run Time, PID RUN_TIME (011F1)
2024-09-20 19:29:54,740  root       handle_response DEBUG    Processing: '<pos_answer>00 8C</pos_answer>'
2024-09-20 19:29:54,740  root       handle_response DEBUG    Write: '7E8 04 41 1F 00 8C \r\r>'
2024-09-20 19:29:54,741  root       run        DEBUG    Received '01211'
2024-09-20 19:29:54,741  root       handle_request DEBUG    Handling: '01211', header '7E0', ECU '7E0'
2024-09-20 19:29:54,742  root       handle_request DEBUG    Description: Distance Traveled with MIL on, PID DISTANCE_W_MIL (01211)
2024-09-20 19:29:54,742  root       handle_response DEBUG    Processing: '<pos_answer>00 00</pos_answer>'
2024-09-20 19:29:54,742  root       handle_response DEBUG    Write: '7E8 04 41 21 00 00 \r\r>'
2024-09-20 19:29:54,743  root       run        DEBUG    Received '01241'
2024-09-20 19:29:54,744  root       handle_request DEBUG    Handling: '01241', header '7E0', ECU '7E0'
2024-09-20 19:29:54,744  root       handle_request INFO     Unknown ELM command: '01241', header=7E0
2024-09-20 19:29:54,745  root       handle_response DEBUG    Processing: '<writeln>?</writeln>'
2024-09-20 19:29:54,745  root       handle_response DEBUG    Write: '?\r\r>'
2024-09-20 19:29:54,746  root       run        DEBUG    Received '012C1'
2024-09-20 19:29:54,746  root       handle_request DEBUG    Handling: '012C1', header '7E0', ECU '7E0'
2024-09-20 19:29:54,746  root       handle_request DEBUG    Description: Commanded EGR, PID COMMANDED_EGR (012C1)
2024-09-20 19:29:54,747  root       handle_response DEBUG    Processing: '<pos_answer>0D</pos_answer>'
2024-09-20 19:29:54,747  root       handle_response DEBUG    Write: '7E8 03 41 2C 0D \r\r>'
2024-09-20 19:29:54,748  root       run        DEBUG    Received '012E1'
2024-09-20 19:29:54,749  root       handle_request DEBUG    Handling: '012E1', header '7E0', ECU '7E0'
2024-09-20 19:29:54,750  root       handle_request INFO     Unknown ELM command: '012E1', header=7E0
2024-09-20 19:29:54,750  root       handle_response DEBUG    Processing: '<writeln>?</writeln>'
2024-09-20 19:29:54,750  root       handle_response DEBUG    Write: '?\r\r>'
2024-09-20 19:29:54,752  root       run        DEBUG    Received '01301'
2024-09-20 19:29:54,752  root       handle_request DEBUG    Handling: '01301', header '7E0', ECU '7E0'
2024-09-20 19:29:54,753  root       handle_request INFO     Unknown ELM command: '01301', header=7E0
2024-09-20 19:29:54,753  root       handle_response DEBUG    Processing: '<writeln>?</writeln>'
2024-09-20 19:29:54,753  root       handle_response DEBUG    Write: '?\r\r>'
2024-09-20 19:29:54,754  root       run        DEBUG    Received '01311'
2024-09-20 19:29:54,754  root       handle_request DEBUG    Handling: '01311', header '7E0', ECU '7E0'
2024-09-20 19:29:54,754  root       handle_request DEBUG    Description: Distance traveled since codes cleared, PID DISTANCE_SINCE_DTC_CLEAR (01311)
2024-09-20 19:29:54,755  root       handle_response DEBUG    Processing: '<pos_answer>C8 1F</pos_answer>'
2024-09-20 19:29:54,755  root       handle_response DEBUG    Write: '7E8 04 41 31 C8 1F \r\r>'
2024-09-20 19:29:54,756  root       run        DEBUG    Received '01331'
2024-09-20 19:29:54,756  root       handle_request DEBUG    Handling: '01331', header '7E0', ECU '7E0'
2024-09-20 19:29:54,756  root       handle_request DEBUG    Description: Barometric Pressure, PID BAROMETRIC_PRESSURE (01331)
2024-09-20 19:29:54,756  root       handle_response DEBUG    Processing: '<pos_answer>65</pos_answer>'
2024-09-20 19:29:54,756  root       handle_response DEBUG    Write: '7E8 03 41 33 65 \r\r>'
2024-09-20 19:29:54,757  root       run        DEBUG    Received '01341'
2024-09-20 19:29:54,757  root       handle_request DEBUG    Handling: '01341', header '7E0', ECU '7E0'
2024-09-20 19:29:54,758  root       handle_request INFO     Unknown ELM command: '01341', header=7E0
2024-09-20 19:29:54,758  root       handle_response DEBUG    Processing: '<writeln>?</writeln>'
2024-09-20 19:29:54,758  root       handle_response DEBUG    Write: '?\r\r>'
2024-09-20 19:29:54,759  root       run        DEBUG    Received '013C1'
2024-09-20 19:29:54,759  root       handle_request DEBUG    Handling: '013C1', header '7E0', ECU '7E0'
2024-09-20 19:29:54,759  root       handle_request DEBUG    Description: Catalyst Temperature: Bank 1 - Sensor 1, PID CATALYST_TEMP_B1S1 (013C1)
2024-09-20 19:29:54,759  root       handle_response DEBUG    Processing: '<pos_answer>04 44</pos_answer>'
2024-09-20 19:29:54,759  root       handle_response DEBUG    Write: '7E8 04 41 3C 04 44 \r\r>'
2024-09-20 19:29:54,760  root       run        DEBUG    Received '013E1'
2024-09-20 19:29:54,760  root       handle_request DEBUG    Handling: '013E1', header '7E0', ECU '7E0'
2024-09-20 19:29:54,761  root       handle_request INFO     Unknown ELM command: '013E1', header=7E0
2024-09-20 19:29:54,761  root       handle_response DEBUG    Processing: '<writeln>?</writeln>'
2024-09-20 19:29:54,761  root       handle_response DEBUG    Write: '?\r\r>'
2024-09-20 19:29:54,762  root       run        DEBUG    Received '01421'
2024-09-20 19:29:54,762  root       handle_request DEBUG    Handling: '01421', header '7E0', ECU '7E0'
2024-09-20 19:29:54,762  root       handle_request DEBUG    Description: Control module voltage, PID CONTROL_MODULE_VOLTAGE (01421)
2024-09-20 19:29:54,762  root       handle_response DEBUG    Processing: '<pos_answer>39 D6</pos_answer>'
2024-09-20 19:29:54,762  root       handle_response DEBUG    Write: '7E8 04 41 42 39 D6 \r\r>'
2024-09-20 19:29:54,763  root       run        DEBUG    Received '01431'
2024-09-20 19:29:54,763  root       handle_request DEBUG    Handling: '01431', header '7E0', ECU '7E0'
2024-09-20 19:29:54,764  root       handle_request INFO     Unknown ELM command: '01431', header=7E0
2024-09-20 19:29:54,764  root       handle_response DEBUG    Processing: '<writeln>?</writeln>'
2024-09-20 19:29:54,764  root       handle_response DEBUG    Write: '?\r\r>'
2024-09-20 19:29:54,764  root       run        DEBUG    Received '01441'
2024-09-20 19:29:54,765  root       handle_request DEBUG    Handling: '01441', header '7E0', ECU '7E0'
2024-09-20 19:29:54,765  root       handle_request INFO     Unknown ELM command: '01441', header=7E0
2024-09-20 19:29:54,765  root       handle_response DEBUG    Processing: '<writeln>?</writeln>'
2024-09-20 19:29:54,765  root       handle_response DEBUG    Write: '?\r\r>'
2024-09-20 19:29:54,766  root       run        DEBUG    Received '01451'
2024-09-20 19:29:54,766  root       handle_request DEBUG    Handling: '01451', header '7E0', ECU '7E0'
2024-09-20 19:29:54,767  root       handle_request INFO     Unknown ELM command: '01451', header=7E0
2024-09-20 19:29:54,767  root       handle_response DEBUG    Processing: '<writeln>?</writeln>'
2024-09-20 19:29:54,767  root       handle_response DEBUG    Write: '?\r\r>'
2024-09-20 19:29:54,768  root       run        DEBUG    Received '01471'
2024-09-20 19:29:54,768  root       handle_request DEBUG    Handling: '01471', header '7E0', ECU '7E0'
2024-09-20 19:29:54,768  root       handle_request INFO     Unknown ELM command: '01471', header=7E0
2024-09-20 19:29:54,768  root       handle_response DEBUG    Processing: '<writeln>?</writeln>'
2024-09-20 19:29:54,768  root       handle_response DEBUG    Write: '?\r\r>'
2024-09-20 19:29:54,769  root       run        DEBUG    Received '014C1'
2024-09-20 19:29:54,769  root       handle_request DEBUG    Handling: '014C1', header '7E0', ECU '7E0'
2024-09-20 19:29:54,769  root       handle_request DEBUG    Description: Commanded throttle actuator, PID THROTTLE_ACTUATOR (014C1)
2024-09-20 19:29:54,769  root       handle_response DEBUG    Processing: '<pos_answer>00</pos_answer>'
2024-09-20 19:29:54,769  root       handle_response DEBUG    Write: '7E8 03 41 4C 00 \r\r>'
2024-09-20 19:29:54,770  root       run        DEBUG    Received '014D1'
2024-09-20 19:29:54,770  root       handle_request DEBUG    Handling: '014D1', header '7E0', ECU '7E0'
2024-09-20 19:29:54,770  root       handle_request DEBUG    Description: Time run with MIL on, PID RUN_TIME_MIL (014D1)
2024-09-20 19:29:54,770  root       handle_response DEBUG    Processing: '<pos_answer>00 00</pos_answer>'
2024-09-20 19:29:54,770  root       handle_response DEBUG    Write: '7E8 04 41 4D 00 00 \r\r>'
2024-09-20 19:29:54,771  root       run        DEBUG    Received '014E1'
2024-09-20 19:29:54,771  root       handle_request DEBUG    Handling: '014E1', header '7E0', ECU '7E0'
2024-09-20 19:29:54,771  root       handle_request DEBUG    Description: Time since trouble codes cleared, PID TIME_SINCE_DTC_CLEARED (014E1)
2024-09-20 19:29:54,771  root       handle_response DEBUG    Processing: '<pos_answer>4C 69</pos_answer>'
2024-09-20 19:29:54,771  root       handle_response DEBUG    Write: '7E8 04 41 4E 4C 69 \r\r>'
2024-09-20 19:29:54,772  root       run        DEBUG    Received '01511'
2024-09-20 19:29:54,772  root       handle_request DEBUG    Handling: '01511', header '7E0', ECU '7E0'
2024-09-20 19:29:54,772  root       handle_request DEBUG    Description: Fuel Type, PID FUEL_TYPE (01511)
2024-09-20 19:29:54,772  root       handle_response DEBUG    Processing: '<pos_answer>01</pos_answer>'
2024-09-20 19:29:54,772  root       handle_response DEBUG    Write: '7E8 03 41 51 01 \r\r>'
2024-09-20 19:29:55,023  root       run        DEBUG    Received '01002'
2024-09-20 19:29:55,024  root       handle_request DEBUG    Handling: '01002', header '7E0', ECU '7E0'
2024-09-20 19:29:55,024  root       handle_request DEBUG    Description: PIDS_A, PID ELM_PIDS_A (01002)
2024-09-20 19:29:55,024  root       handle_response DEBUG    Processing: '<header>7EA</header><size>06</size><data>41 00 98 3A 80 13</data><pos_answer>BE 3F A8 13</pos_answer>'
2024-09-20 19:29:55,025  root       handle_response DEBUG    Write: '7EA 06 41 00 98 3A 80 13 \r7E8 06 41 00 BE 3F A8 13 \r\r>'
2024-09-20 19:29:55,026  root       run        DEBUG    Received '01202'
2024-09-20 19:29:55,027  root       handle_request DEBUG    Handling: '01202', header '7E0', ECU '7E0'
2024-09-20 19:29:55,027  root       handle_request DEBUG    Description: PIDS_B, PID ELM_PIDS_B (01202)
2024-09-20 19:29:55,028  root       handle_response DEBUG    Processing: '<header>7EA</header><size>06</size><data>41 20 80 01 A0 01</data><pos_answer>90 15 B0 15</pos_answer>'
2024-09-20 19:29:55,028  root       handle_response DEBUG    Write: '7EA 06 41 20 80 01 A0 01 \r7E8 06 41 20 90 15 B0 15 \r\r>'
2024-09-20 19:29:55,030  root       run        DEBUG    Received '01402'
2024-09-20 19:29:55,030  root       handle_request DEBUG    Handling: '01402', header '7E0', ECU '7E0'
2024-09-20 19:29:55,031  root       handle_request DEBUG    Description: PIDS_C, PID ELM_PIDS_C (01402)
2024-09-20 19:29:55,031  root       handle_response DEBUG    Processing: '<header>7EA</header><size>06</size><data>41 40 44 CC 00 21</data><pos_answer>7A 1C 80 00</pos_answer>'
2024-09-20 19:29:55,032  root       handle_response DEBUG    Write: '7EA 06 41 40 44 CC 00 21 \r7E8 06 41 40 7A 1C 80 00 \r\r>'
2024-09-20 19:29:55,033  root       run        DEBUG    Received '01011'
2024-09-20 19:29:55,034  root       handle_request DEBUG    Handling: '01011', header '7E0', ECU '7E0'
2024-09-20 19:29:55,035  root       handle_request INFO     Unknown ELM command: '01011', header=7E0
2024-09-20 19:29:55,036  root       handle_response DEBUG    Processing: '<writeln>?</writeln>'
2024-09-20 19:29:55,037  root       handle_response DEBUG    Write: '?\r\r>'
2024-09-20 19:29:55,043  root       run        DEBUG    Received '01031'
2024-09-20 19:29:55,044  root       handle_request DEBUG    Handling: '01031', header '7E0', ECU '7E0'
2024-09-20 19:29:55,044  root       handle_request DEBUG    Description: Fuel System Status, PID FUEL_STATUS (01031)
2024-09-20 19:29:55,044  root       handle_response DEBUG    Processing: '<pos_answer>00 00</pos_answer>'
2024-09-20 19:29:55,045  root       handle_response DEBUG    Write: '7E8 04 41 03 00 00 \r\r>'
2024-09-20 19:29:55,046  root       run        DEBUG    Received '01041'
2024-09-20 19:29:55,047  root       handle_request DEBUG    Handling: '01041', header '7E0', ECU '7E0'
2024-09-20 19:29:55,047  root       handle_request DEBUG    Description: Calculated Engine Load, PID ENGINE_LOAD (01041)
2024-09-20 19:29:55,048  root       handle_response DEBUG    Processing: '<pos_answer>00</pos_answer>'
2024-09-20 19:29:55,049  root       handle_response DEBUG    Write: '7E8 03 41 04 00 \r\r>'
2024-09-20 19:29:55,050  root       run        DEBUG    Received '01051'
2024-09-20 19:29:55,051  root       handle_request DEBUG    Handling: '01051', header '7E0', ECU '7E0'
2024-09-20 19:29:55,051  root       handle_request DEBUG    Description: Engine Coolant Temperature, PID COOLANT_TEMP (01051)
2024-09-20 19:29:55,052  root       handle_response DEBUG    Processing: '<pos_answer>7B</pos_answer>'
2024-09-20 19:29:55,052  root       handle_response DEBUG    Write: '7E8 03 41 05 7B \r\r>'
2024-09-20 19:29:55,055  root       run        DEBUG    Received '01061'
2024-09-20 19:29:55,055  root       handle_request DEBUG    Handling: '01061', header '7E0', ECU '7E0'
2024-09-20 19:29:55,056  root       handle_request INFO     Unknown ELM command: '01061', header=7E0
2024-09-20 19:29:55,057  root       handle_response DEBUG    Processing: '<writeln>?</writeln>'
2024-09-20 19:29:55,057  root       handle_response DEBUG    Write: '?\r\r>'
2024-09-20 19:29:55,059  root       run        DEBUG    Received '01071'
2024-09-20 19:29:55,059  root       handle_request DEBUG    Handling: '01071', header '7E0', ECU '7E0'
2024-09-20 19:29:55,061  root       handle_request INFO     Unknown ELM command: '01071', header=7E0
2024-09-20 19:29:55,061  root       handle_response DEBUG    Processing: '<writeln>?</writeln>'
2024-09-20 19:29:55,062  root       handle_response DEBUG    Write: '?\r\r>'
2024-09-20 19:29:55,063  root       run        DEBUG    Received '010B1'
2024-09-20 19:29:55,064  root       handle_request DEBUG    Handling: '010B1', header '7E0', ECU '7E0'
2024-09-20 19:29:55,064  root       handle_request DEBUG    Description: Intake Manifold Pressure, PID INTAKE_PRESSURE (010B1)
2024-09-20 19:29:55,065  root       handle_response DEBUG    Processing: '<pos_answer>73</pos_answer>'
2024-09-20 19:29:55,066  root       handle_response DEBUG    Write: '7E8 03 41 0B 73 \r\r>'
2024-09-20 19:29:55,067  root       run        DEBUG    Received '010C2'
2024-09-20 19:29:55,068  root       handle_request DEBUG    Handling: '010C2', header '7E0', ECU '7E0'
2024-09-20 19:29:55,068  root       handle_request DEBUG    Description: Engine RPM, PID RPM (010C2)
2024-09-20 19:29:55,069  root       handle_response DEBUG    Processing: '<pos_answer>14 50</pos_answer> <header>7EA</header><size>04</size><data>41 0C 14 50</data>'
2024-09-20 19:29:55,070  root       handle_response DEBUG    Write: '7E8 04 41 0C 14 50 \r7EA 04 41 0C 14 50 \r\r>'
2024-09-20 19:29:55,072  root       run        DEBUG    Received '010D2'
2024-09-20 19:29:55,072  root       handle_request DEBUG    Handling: '010D2', header '7E0', ECU '7E0'
2024-09-20 19:29:55,073  root       handle_request DEBUG    Description: Vehicle Speed, PID SPEED (010D2)
2024-09-20 19:29:55,073  root       handle_response DEBUG    Processing: '<pos_answer>3C</pos_answer> <header>7EA</header><size>03</size><data>41 0D 3C</data>'
2024-09-20 19:29:55,074  root       handle_response DEBUG    Write: '7E8 03 41 0D 3C \r7EA 03 41 0D 3C \r\r>'
2024-09-20 19:29:55,075  root       run        DEBUG    Received '010E1'
2024-09-20 19:29:55,076  root       handle_request DEBUG    Handling: '010E1', header '7E0', ECU '7E0'
2024-09-20 19:29:55,078  root       handle_request INFO     Unknown ELM command: '010E1', header=7E0
2024-09-20 19:29:55,079  root       handle_response DEBUG    Processing: '<writeln>?</writeln>'
2024-09-20 19:29:55,079  root       handle_response DEBUG    Write: '?\r\r>'
2024-09-20 19:29:55,081  root       run        DEBUG    Received '010F1'
2024-09-20 19:29:55,082  root       handle_request DEBUG    Handling: '010F1', header '7E0', ECU '7E0'
2024-09-20 19:29:55,082  root       handle_request DEBUG    Description: Intake Air Temp, PID INTAKE_TEMP (010F1)
2024-09-20 19:29:55,083  root       handle_response DEBUG    Processing: '<pos_answer>44</pos_answer>'
2024-09-20 19:29:55,083  root       handle_response DEBUG    Write: '7E8 03 41 0F 44 \r\r>'
2024-09-20 19:29:55,085  root       run        DEBUG    Received '01101'
2024-09-20 19:29:55,085  root       handle_request DEBUG    Handling: '01101', header '7E0', ECU '7E0'
2024-09-20 19:29:55,086  root       handle_request DEBUG    Description: Air Flow Rate (MAF), PID MAF (01101)
2024-09-20 19:29:55,086  root       handle_response DEBUG    Processing: '<pos_answer>05 1F</pos_answer>'
2024-09-20 19:29:55,087  root       handle_response DEBUG    Write: '7E8 04 41 10 05 1F \r\r>'
2024-09-20 19:29:55,089  root       run        DEBUG    Received '01111'
2024-09-20 19:29:55,089  root       handle_request DEBUG    Handling: '01111', header '7E0', ECU '7E0'
2024-09-20 19:29:55,090  root       handle_request DEBUG    Description: Throttle Position, PID THROTTLE_POS (01111)
2024-09-20 19:29:55,090  root       handle_response DEBUG    Processing: '<pos_answer>FF</pos_answer>'
2024-09-20 19:29:55,091  root       handle_response DEBUG    Write: '7E8 03 41 11 FF \r\r>'
2024-09-20 19:29:55,092  root       run        DEBUG    Received '01131'
2024-09-20 19:29:55,093  root       handle_request DEBUG    Handling: '01131', header '7E0', ECU '7E0'
2024-09-20 19:29:55,094  root       handle_request INFO     Unknown ELM command: '01131', header=7E0
2024-09-20 19:29:55,094  root       handle_response DEBUG    Processing: '<writeln>?</writeln>'
2024-09-20 19:29:55,095  root       handle_response DEBUG    Write: '?\r\r>'
2024-09-20 19:29:55,096  root       run        DEBUG    Received '01151'
2024-09-20 19:29:55,097  root       handle_request DEBUG    Handling: '01151', header '7E0', ECU '7E0'
2024-09-20 19:29:55,098  root       handle_request INFO     Unknown ELM command: '01151', header=7E0
2024-09-20 19:29:55,099  root       handle_response DEBUG    Processing: '<writeln>?</writeln>'
2024-09-20 19:29:55,100  root       handle_response DEBUG    Write: '?\r\r>'
2024-09-20 19:29:55,101  root       run        DEBUG    Received '011C1'
2024-09-20 19:29:55,102  root       handle_request DEBUG    Handling: '011C1', header '7E0', ECU '7E0'
2024-09-20 19:29:55,102  root       handle_request DEBUG    Description: OBD Standards Compliance, PID OBD_COMPLIANCE (011C1)
2024-09-20 19:29:55,102  root       handle_response DEBUG    Processing: '<pos_answer>06</pos_answer>'
2024-09-20 19:29:55,103  root       handle_response DEBUG    Write: '7E8 03 41 1C 06 \r\r>'
2024-09-20 19:29:55,104  root       run        DEBUG    Received '011F1'
2024-09-20 19:29:55,105  root       handle_request DEBUG    Handling: '011F1', header '7E0', ECU '7E0'
2024-09-20 19:29:55,105  root       handle_request DEBUG    Description: Engine Run Time, PID RUN_TIME (011F1)
2024-09-20 19:29:55,105  root       handle_response DEBUG    Processing: '<pos_answer>00 8C</pos_answer>'
2024-09-20 19:29:55,106  root       handle_response DEBUG    Write: '7E8 04 41 1F 00 8C \r\r>'
2024-09-20 19:29:55,107  root       run        DEBUG    Received '01211'
2024-09-20 19:29:55,108  root       handle_request DEBUG    Handling: '01211', header '7E0', ECU '7E0'
2024-09-20 19:29:55,108  root       handle_request DEBUG    Description: Distance Traveled with MIL on, PID DISTANCE_W_MIL (01211)
2024-09-20 19:29:55,109  root       handle_response DEBUG    Processing: '<pos_answer>00 00</pos_answer>'
2024-09-20 19:29:55,109  root       handle_response DEBUG    Write: '7E8 04 41 21 00 00 \r\r>'
2024-09-20 19:29:55,111  root       run        DEBUG    Received '01241'
2024-09-20 19:29:55,111  root       handle_request DEBUG    Handling: '01241', header '7E0', ECU '7E0'
2024-09-20 19:29:55,112  root       handle_request INFO     Unknown ELM command: '01241', header=7E0
2024-09-20 19:29:55,112  root       handle_response DEBUG    Processing: '<writeln>?</writeln>'
2024-09-20 19:29:55,113  root       handle_response DEBUG    Write: '?\r\r>'
2024-09-20 19:29:55,114  root       run        DEBUG    Received '012C1'
2024-09-20 19:29:55,114  root       handle_request DEBUG    Handling: '012C1', header '7E0', ECU '7E0'
2024-09-20 19:29:55,115  root       handle_request DEBUG    Description: Commanded EGR, PID COMMANDED_EGR (012C1)
2024-09-20 19:29:55,115  root       handle_response DEBUG    Processing: '<pos_answer>0D</pos_answer>'
2024-09-20 19:29:55,115  root       handle_response DEBUG    Write: '7E8 03 41 2C 0D \r\r>'
2024-09-20 19:29:55,117  root       run        DEBUG    Received '012E1'
2024-09-20 19:29:55,117  root       handle_request DEBUG    Handling: '012E1', header '7E0', ECU '7E0'
2024-09-20 19:29:55,118  root       handle_request INFO     Unknown ELM command: '012E1', header=7E0
2024-09-20 19:29:55,118  root       handle_response DEBUG    Processing: '<writeln>?</writeln>'
2024-09-20 19:29:55,118  root       handle_response DEBUG    Write: '?\r\r>'
2024-09-20 19:29:55,119  root       run        DEBUG    Received '01301'
2024-09-20 19:29:55,119  root       handle_request DEBUG    Handling: '01301', header '7E0', ECU '7E0'
2024-09-20 19:29:55,120  root       handle_request INFO     Unknown ELM command: '01301', header=7E0
2024-09-20 19:29:55,120  root       handle_response DEBUG    Processing: '<writeln>?</writeln>'
2024-09-20 19:29:55,120  root       handle_response DEBUG    Write: '?\r\r>'
2024-09-20 19:29:55,121  root       run        DEBUG    Received '01311'
2024-09-20 19:29:55,121  root       handle_request DEBUG    Handling: '01311', header '7E0', ECU '7E0'
2024-09-20 19:29:55,122  root       handle_request DEBUG    Description: Distance traveled since codes cleared, PID DISTANCE_SINCE_DTC_CLEAR (01311)
2024-09-20 19:29:55,122  root       handle_response DEBUG    Processing: '<pos_answer>C8 1F</pos_answer>'
2024-09-20 19:29:55,122  root       handle_response DEBUG    Write: '7E8 04 41 31 C8 1F \r\r>'
2024-09-20 19:29:55,123  root       run        DEBUG    Received '01331'
2024-09-20 19:29:55,123  root       handle_request DEBUG    Handling: '01331', header '7E0', ECU '7E0'
2024-09-20 19:29:55,123  root       handle_request DEBUG    Description: Barometric Pressure, PID BAROMETRIC_PRESSURE (01331)
2024-09-20 19:29:55,123  root       handle_response DEBUG    Processing: '<pos_answer>65</pos_answer>'
2024-09-20 19:29:55,123  root       handle_response DEBUG    Write: '7E8 03 41 33 65 \r\r>'
2024-09-20 19:29:55,124  root       run        DEBUG    Received '01341'
2024-09-20 19:29:55,124  root       handle_request DEBUG    Handling: '01341', header '7E0', ECU '7E0'
2024-09-20 19:29:55,125  root       handle_request INFO     Unknown ELM command: '01341', header=7E0
2024-09-20 19:29:55,125  root       handle_response DEBUG    Processing: '<writeln>?</writeln>'
2024-09-20 19:29:55,125  root       handle_response DEBUG    Write: '?\r\r>'
2024-09-20 19:29:55,126  root       run        DEBUG    Received '013C1'
2024-09-20 19:29:55,126  root       handle_request DEBUG    Handling: '013C1', header '7E0', ECU '7E0'
2024-09-20 19:29:55,126  root       handle_request DEBUG    Description: Catalyst Temperature: Bank 1 - Sensor 1, PID CATALYST_TEMP_B1S1 (013C1)
2024-09-20 19:29:55,126  root       handle_response DEBUG    Processing: '<pos_answer>04 44</pos_answer>'
2024-09-20 19:29:55,127  root       handle_response DEBUG    Write: '7E8 04 41 3C 04 44 \r\r>'
2024-09-20 19:29:55,127  root       run        DEBUG    Received '013E1'
2024-09-20 19:29:55,127  root       handle_request DEBUG    Handling: '013E1', header '7E0', ECU '7E0'
2024-09-20 19:29:55,128  root       handle_request INFO     Unknown ELM command: '013E1', header=7E0
2024-09-20 19:29:55,128  root       handle_response DEBUG    Processing: '<writeln>?</writeln>'
2024-09-20 19:29:55,128  root       handle_response DEBUG    Write: '?\r\r>'
2024-09-20 19:29:55,129  root       run        DEBUG    Received '01421'
2024-09-20 19:29:55,130  root       handle_request DEBUG    Handling: '01421', header '7E0', ECU '7E0'
2024-09-20 19:29:55,130  root       handle_request DEBUG    Description: Control module voltage, PID CONTROL_MODULE_VOLTAGE (01421)
2024-09-20 19:29:55,130  root       handle_response DEBUG    Processing: '<pos_answer>39 D6</pos_answer>'
2024-09-20 19:29:55,130  root       handle_response DEBUG    Write: '7E8 04 41 42 39 D6 \r\r>'
2024-09-20 19:29:55,131  root       run        DEBUG    Received '01431'
2024-09-20 19:29:55,131  root       handle_request DEBUG    Handling: '01431', header '7E0', ECU '7E0'
2024-09-20 19:29:55,132  root       handle_request INFO     Unknown ELM command: '01431', header=7E0
2024-09-20 19:29:55,132  root       handle_response DEBUG    Processing: '<writeln>?</writeln>'
2024-09-20 19:29:55,132  root       handle_response DEBUG    Write: '?\r\r>'
2024-09-20 19:29:55,133  root       run        DEBUG    Received '01441'
2024-09-20 19:29:55,133  root       handle_request DEBUG    Handling: '01441', header '7E0', ECU '7E0'
2024-09-20 19:29:55,133  root       handle_request INFO     Unknown ELM command: '01441', header=7E0
2024-09-20 19:29:55,134  root       handle_response DEBUG    Processing: '<writeln>?</writeln>'
2024-09-20 19:29:55,134  root       handle_response DEBUG    Write: '?\r\r>'
2024-09-20 19:29:55,134  root       run        DEBUG    Received '01451'
2024-09-20 19:29:55,134  root       handle_request DEBUG    Handling: '01451', header '7E0', ECU '7E0'
2024-09-20 19:29:55,134  root       handle_request INFO     Unknown ELM command: '01451', header=7E0
2024-09-20 19:29:55,135  root       handle_response DEBUG    Processing: '<writeln>?</writeln>'
2024-09-20 19:29:55,135  root       handle_response DEBUG    Write: '?\r\r>'
2024-09-20 19:29:55,135  root       run        DEBUG    Received '01471'
2024-09-20 19:29:55,135  root       handle_request DEBUG    Handling: '01471', header '7E0', ECU '7E0'
2024-09-20 19:29:55,135  root       handle_request INFO     Unknown ELM command: '01471', header=7E0
2024-09-20 19:29:55,136  root       handle_response DEBUG    Processing: '<writeln>?</writeln>'
2024-09-20 19:29:55,136  root       handle_response DEBUG    Write: '?\r\r>'
2024-09-20 19:29:55,136  root       run        DEBUG    Received '014C1'
2024-09-20 19:29:55,136  root       handle_request DEBUG    Handling: '014C1', header '7E0', ECU '7E0'
2024-09-20 19:29:55,136  root       handle_request DEBUG    Description: Commanded throttle actuator, PID THROTTLE_ACTUATOR (014C1)
2024-09-20 19:29:55,136  root       handle_response DEBUG    Processing: '<pos_answer>00</pos_answer>'
2024-09-20 19:29:55,136  root       handle_response DEBUG    Write: '7E8 03 41 4C 00 \r\r>'
2024-09-20 19:29:55,137  root       run        DEBUG    Received '014D1'
2024-09-20 19:29:55,137  root       handle_request DEBUG    Handling: '014D1', header '7E0', ECU '7E0'
2024-09-20 19:29:55,137  root       handle_request DEBUG    Description: Time run with MIL on, PID RUN_TIME_MIL (014D1)
2024-09-20 19:29:55,137  root       handle_response DEBUG    Processing: '<pos_answer>00 00</pos_answer>'
2024-09-20 19:29:55,137  root       handle_response DEBUG    Write: '7E8 04 41 4D 00 00 \r\r>'
2024-09-20 19:29:55,138  root       run        DEBUG    Received '014E1'
2024-09-20 19:29:55,138  root       handle_request DEBUG    Handling: '014E1', header '7E0', ECU '7E0'
2024-09-20 19:29:55,138  root       handle_request DEBUG    Description: Time since trouble codes cleared, PID TIME_SINCE_DTC_CLEARED (014E1)
2024-09-20 19:29:55,138  root       handle_response DEBUG    Processing: '<pos_answer>4C 69</pos_answer>'
2024-09-20 19:29:55,138  root       handle_response DEBUG    Write: '7E8 04 41 4E 4C 69 \r\r>'
2024-09-20 19:29:55,138  root       run        DEBUG    Received '01511'
2024-09-20 19:29:55,138  root       handle_request DEBUG    Handling: '01511', header '7E0', ECU '7E0'
2024-09-20 19:29:55,139  root       handle_request DEBUG    Description: Fuel Type, PID FUEL_TYPE (01511)
2024-09-20 19:29:55,139  root       handle_response DEBUG    Processing: '<pos_answer>01</pos_answer>'
2024-09-20 19:29:55,139  root       handle_response DEBUG    Write: '7E8 03 41 51 01 \r\r>'
2024-09-20 19:29:55,390  root       run        DEBUG    Received '01002'
2024-09-20 19:29:55,390  root       handle_request DEBUG    Handling: '01002', header '7E0', ECU '7E0'
2024-09-20 19:29:55,391  root       handle_request DEBUG    Description: PIDS_A, PID ELM_PIDS_A (01002)
2024-09-20 19:29:55,392  root       handle_response DEBUG    Processing: '<header>7EA</header><size>06</size><data>41 00 98 3A 80 13</data><pos_answer>BE 3F A8 13</pos_answer>'
2024-09-20 19:29:55,392  root       handle_response DEBUG    Write: '7EA 06 41 00 98 3A 80 13 \r7E8 06 41 00 BE 3F A8 13 \r\r>'
2024-09-20 19:29:55,394  root       run        DEBUG    Received '01202'
2024-09-20 19:29:55,394  root       handle_request DEBUG    Handling: '01202', header '7E0', ECU '7E0'
2024-09-20 19:29:55,395  root       handle_request DEBUG    Description: PIDS_B, PID ELM_PIDS_B (01202)
2024-09-20 19:29:55,395  root       handle_response DEBUG    Processing: '<header>7EA</header><size>06</size><data>41 20 80 01 A0 01</data><pos_answer>90 15 B0 15</pos_answer>'
2024-09-20 19:29:55,396  root       handle_response DEBUG    Write: '7EA 06 41 20 80 01 A0 01 \r7E8 06 41 20 90 15 B0 15 \r\r>'
2024-09-20 19:29:55,397  root       run        DEBUG    Received '01402'
2024-09-20 19:29:55,398  root       handle_request DEBUG    Handling: '01402', header '7E0', ECU '7E0'
2024-09-20 19:29:55,398  root       handle_request DEBUG    Description: PIDS_C, PID ELM_PIDS_C (01402)
2024-09-20 19:29:55,398  root       handle_response DEBUG    Processing: '<header>7EA</header><size>06</size><data>41 40 44 CC 00 21</data><pos_answer>7A 1C 80 00</pos_answer>'
2024-09-20 19:29:55,399  root       handle_response DEBUG    Write: '7EA 06 41 40 44 CC 00 21 \r7E8 06 41 40 7A 1C 80 00 \r\r>'
2024-09-20 19:29:55,401  root       run        DEBUG    Received '01011'
2024-09-20 19:29:55,401  root       handle_request DEBUG    Handling: '01011', header '7E0', ECU '7E0'
2024-09-20 19:29:55,402  root       handle_request INFO     Unknown ELM command: '01011', header=7E0
2024-09-20 19:29:55,403  root       handle_response DEBUG    Processing: '<writeln>?</writeln>'
2024-09-20 19:29:55,403  root       handle_response DEBUG    Write: '?\r\r>'
2024-09-20 19:29:55,410  root       run        DEBUG    Received '01031'
2024-09-20 19:29:55,410  root       handle_request DEBUG    Handling: '01031', header '7E0', ECU '7E0'
2024-09-20 19:29:55,411  root       handle_request DEBUG    Description: Fuel System Status, PID FUEL_STATUS (01031)
2024-09-20 19:29:55,411  root       handle_response DEBUG    Processing: '<pos_answer>00 00</pos_answer>'
2024-09-20 19:29:55,412  root       handle_response DEBUG    Write: '7E8 04 41 03 00 00 \r\r>'
2024-09-20 19:29:55,413  root       run        DEBUG    Received '01041'
2024-09-20 19:29:55,414  root       handle_request DEBUG    Handling: '01041', header '7E0', ECU '7E0'
2024-09-20 19:29:55,414  root       handle_request DEBUG    Description: Calculated Engine Load, PID ENGINE_LOAD (01041)
2024-09-20 19:29:55,414  root       handle_response DEBUG    Processing: '<pos_answer>00</pos_answer>'
2024-09-20 19:29:55,415  root       handle_response DEBUG    Write: '7E8 03 41 04 00 \r\r>'
2024-09-20 19:29:55,416  root       run        DEBUG    Received '01051'
2024-09-20 19:29:55,417  root       handle_request DEBUG    Handling: '01051', header '7E0', ECU '7E0'
2024-09-20 19:29:55,417  root       handle_request DEBUG    Description: Engine Coolant Temperature, PID COOLANT_TEMP (01051)
2024-09-20 19:29:55,418  root       handle_response DEBUG    Processing: '<pos_answer>7B</pos_answer>'
2024-09-20 19:29:55,418  root       handle_response DEBUG    Write: '7E8 03 41 05 7B \r\r>'
2024-09-20 19:29:55,420  root       run        DEBUG    Received '01061'
2024-09-20 19:29:55,420  root       handle_request DEBUG    Handling: '01061', header '7E0', ECU '7E0'
2024-09-20 19:29:55,422  root       handle_request INFO     Unknown ELM command: '01061', header=7E0
2024-09-20 19:29:55,422  root       handle_response DEBUG    Processing: '<writeln>?</writeln>'
2024-09-20 19:29:55,423  root       handle_response DEBUG    Write: '?\r\r>'
2024-09-20 19:29:55,424  root       run        DEBUG    Received '01071'
2024-09-20 19:29:55,425  root       handle_request DEBUG    Handling: '01071', header '7E0', ECU '7E0'
2024-09-20 19:29:55,426  root       handle_request INFO     Unknown ELM command: '01071', header=7E0
2024-09-20 19:29:55,426  root       handle_response DEBUG    Processing: '<writeln>?</writeln>'
2024-09-20 19:29:55,427  root       handle_response DEBUG    Write: '?\r\r>'
2024-09-20 19:29:55,428  root       run        DEBUG    Received '010B1'
2024-09-20 19:29:55,428  root       handle_request DEBUG    Handling: '010B1', header '7E0', ECU '7E0'
2024-09-20 19:29:55,428  root       handle_request DEBUG    Description: Intake Manifold Pressure, PID INTAKE_PRESSURE (010B1)
2024-09-20 19:29:55,428  root       handle_response DEBUG    Processing: '<pos_answer>73</pos_answer>'
2024-09-20 19:29:55,429  root       handle_response DEBUG    Write: '7E8 03 41 0B 73 \r\r>'
2024-09-20 19:29:55,430  root       run        DEBUG    Received '010C2'
2024-09-20 19:29:55,431  root       handle_request DEBUG    Handling: '010C2', header '7E0', ECU '7E0'
2024-09-20 19:29:55,431  root       handle_request DEBUG    Description: Engine RPM, PID RPM (010C2)
2024-09-20 19:29:55,432  root       handle_response DEBUG    Processing: '<pos_answer>14 A0</pos_answer> <header>7EA</header><size>04</size><data>41 0C 14 A0</data>'
2024-09-20 19:29:55,432  root       handle_response DEBUG    Write: '7E8 04 41 0C 14 A0 \r7EA 04 41 0C 14 A0 \r\r>'
2024-09-20 19:29:55,433  root       run        DEBUG    Received '010D2'
2024-09-20 19:29:55,434  root       handle_request DEBUG    Handling: '010D2', header '7E0', ECU '7E0'
2024-09-20 19:29:55,434  root       handle_request DEBUG    Description: Vehicle Speed, PID SPEED (010D2)
2024-09-20 19:29:55,435  root       handle_response DEBUG    Processing: '<pos_answer>40</pos_answer> <header>7EA</header><size>03</size><data>41 0D 40</data>'
2024-09-20 19:29:55,435  root       handle_response DEBUG    Write: '7E8 03 41 0D 40 \r7EA 03 41 0D 40 \r\r>'
2024-09-20 19:29:55,436  root       run        DEBUG    Received '010E1'
2024-09-20 19:29:55,436  root       handle_request DEBUG    Handling: '010E1', header '7E0', ECU '7E0'
2024-09-20 19:29:55,438  root       handle_request INFO     Unknown ELM command: '010E1', header=7E0
2024-09-20 19:29:55,438  root       handle_response DEBUG    Processing: '<writeln>?</writeln>'
2024-09-20 19:29:55,438  root       handle_response DEBUG    Write: '?\r\r>'
2024-09-20 19:29:55,439  root       run        DEBUG    Received '010F1'
2024-09-20 19:29:55,439  root       handle_request DEBUG    Handling: '010F1', header '7E0', ECU '7E0'
2024-09-20 19:29:55,440  root       handle_request DEBUG    Description: Intake Air Temp, PID INTAKE_TEMP (010F1)
2024-09-20 19:29:55,440  root       handle_response DEBUG    Processing: '<pos_answer>44</pos_answer>'
2024-09-20 19:29:55,440  root       handle_response DEBUG    Write: '7E8 03 41 0F 44 \r\r>'
2024-09-20 19:29:55,441  root       run        DEBUG    Received '01101'
2024-09-20 19:29:55,442  root       handle_request DEBUG    Handling: '01101', header '7E0', ECU '7E0'
2024-09-20 19:29:55,442  root       handle_request DEBUG    Description: Air Flow Rate (MAF), PID MAF (01101)
2024-09-20 19:29:55,442  root       handle_response DEBUG    Processing: '<pos_answer>05 1F</pos_answer>'
2024-09-20 19:29:55,443  root       handle_response DEBUG    Write: '7E8 04 41 10 05 1F \r\r>'
2024-09-20 19:29:55,444  root       run        DEBUG    Received '01111'
2024-09-20 19:29:55,444  root       handle_request DEBUG    Handling: '01111', header '7E0', ECU '7E0'
2024-09-20 19:29:55,444  root       handle_request DEBUG    Description: Throttle Position, PID THROTTLE_POS (01111)
2024-09-20 19:29:55,444  root       handle_response DEBUG    Processing: '<pos_answer>FF</pos_answer>'
2024-09-20 19:29:55,445  root       handle_response DEBUG    Write: '7E8 03 41 11 FF \r\r>'
2024-09-20 19:29:55,446  root       run        DEBUG    Received '01131'
2024-09-20 19:29:55,446  root       handle_request DEBUG    Handling: '01131', header '7E0', ECU '7E0'
2024-09-20 19:29:55,447  root       handle_request INFO     Unknown ELM command: '01131', header=7E0
2024-09-20 19:29:55,448  root       handle_response DEBUG    Processing: '<writeln>?</writeln>'
2024-09-20 19:29:55,448  root       handle_response DEBUG    Write: '?\r\r>'
2024-09-20 19:29:55,449  root       run        DEBUG    Received '01151'
2024-09-20 19:29:55,449  root       handle_request DEBUG    Handling: '01151', header '7E0', ECU '7E0'
2024-09-20 19:29:55,450  root       handle_request INFO     Unknown ELM command: '01151', header=7E0
2024-09-20 19:29:55,450  root       handle_response DEBUG    Processing: '<writeln>?</writeln>'
2024-09-20 19:29:55,451  root       handle_response DEBUG    Write: '?\r\r>'
2024-09-20 19:29:55,452  root       run        DEBUG    Received '011C1'
2024-09-20 19:29:55,452  root       handle_request DEBUG    Handling: '011C1', header '7E0', ECU '7E0'
2024-09-20 19:29:55,452  root       handle_request DEBUG    Description: OBD Standards Compliance, PID OBD_COMPLIANCE (011C1)
2024-09-20 19:29:55,452  root       handle_response DEBUG    Processing: '<pos_answer>06</pos_answer>'
2024-09-20 19:29:55,453  root       handle_response DEBUG    Write: '7E8 03 41 1C 06 \r\r>'
2024-09-20 19:29:55,453  root       run        DEBUG    Received '011F1'
2024-09-20 19:29:55,454  root       handle_request DEBUG    Handling: '011F1', header '7E0', ECU '7E0'
2024-09-20 19:29:55,454  root       handle_request DEBUG    Description: Engine Run Time, PID RUN_TIME (011F1)
2024-09-20 19:29:55,454  root       handle_response DEBUG    Processing: '<pos_answer>00 8C</pos_answer>'
2024-09-20 19:29:55,455  root       handle_response DEBUG    Write: '7E8 04 41 1F 00 8C \r\r>'
2024-09-20 19:29:55,456  root       run        DEBUG    Received '01211'
2024-09-20 19:29:55,456  root       handle_request DEBUG    Handling: '01211', header '7E0', ECU '7E0'
2024-09-20 19:29:55,456  root       handle_request DEBUG    Description: Distance Traveled with MIL on, PID DISTANCE_W_MIL (01211)
2024-09-20 19:29:55,456  root       handle_response DEBUG    Processing: '<pos_answer>00 00</pos_answer>'
2024-09-20 19:29:55,457  root       handle_response DEBUG    Write: '7E8 04 41 21 00 00 \r\r>'
2024-09-20 19:29:55,457  root       run        DEBUG    Received '01241'
2024-09-20 19:29:55,458  root       handle_request DEBUG    Handling: '01241', header '7E0', ECU '7E0'
2024-09-20 19:29:55,458  root       handle_request INFO     Unknown ELM command: '01241', header=7E0
2024-09-20 19:29:55,459  root       handle_response DEBUG    Processing: '<writeln>?</writeln>'
2024-09-20 19:29:55,459  root       handle_response DEBUG    Write: '?\r\r>'
2024-09-20 19:29:55,460  root       run        DEBUG    Received '012C1'
2024-09-20 19:29:55,460  root       handle_request DEBUG    Handling: '012C1', header '7E0', ECU '7E0'
2024-09-20 19:29:55,460  root       handle_request DEBUG    Description: Commanded EGR, PID COMMANDED_EGR (012C1)
2024-09-20 19:29:55,461  root       handle_response DEBUG    Processing: '<pos_answer>0D</pos_answer>'
2024-09-20 19:29:55,461  root       handle_response DEBUG    Write: '7E8 03 41 2C 0D \r\r>'
2024-09-20 19:29:55,462  root       run        DEBUG    Received '012E1'
2024-09-20 19:29:55,462  root       handle_request DEBUG    Handling: '012E1', header '7E0', ECU '7E0'
2024-09-20 19:29:55,464  root       handle_request INFO     Unknown ELM command: '012E1', header=7E0
2024-09-20 19:29:55,464  root       handle_response DEBUG    Processing: '<writeln>?</writeln>'
2024-09-20 19:29:55,464  root       handle_response DEBUG    Write: '?\r\r>'
2024-09-20 19:29:55,465  root       run        DEBUG    Received '01301'
2024-09-20 19:29:55,466  root       handle_request DEBUG    Handling: '01301', header '7E0', ECU '7E0'
2024-09-20 19:29:55,466  root       handle_request INFO     Unknown ELM command: '01301', header=7E0
2024-09-20 19:29:55,467  root       handle_response DEBUG    Processing: '<writeln>?</writeln>'
2024-09-20 19:29:55,467  root       handle_response DEBUG    Write: '?\r\r>'
2024-09-20 19:29:55,468  root       run        DEBUG    Received '01311'
2024-09-20 19:29:55,468  root       handle_request DEBUG    Handling: '01311', header '7E0', ECU '7E0'
2024-09-20 19:29:55,468  root       handle_request DEBUG    Description: Distance traveled since codes cleared, PID DISTANCE_SINCE_DTC_CLEAR (01311)
2024-09-20 19:29:55,469  root       handle_response DEBUG    Processing: '<pos_answer>C8 1F</pos_answer>'
2024-09-20 19:29:55,469  root       handle_response DEBUG    Write: '7E8 04 41 31 C8 1F \r\r>'
2024-09-20 19:29:55,470  root       run        DEBUG    Received '01331'
2024-09-20 19:29:55,470  root       handle_request DEBUG    Handling: '01331', header '7E0', ECU '7E0'
2024-09-20 19:29:55,471  root       handle_request DEBUG    Description: Barometric Pressure, PID BAROMETRIC_PRESSURE (01331)
2024-09-20 19:29:55,471  root       handle_response DEBUG    Processing: '<pos_answer>65</pos_answer>'
2024-09-20 19:29:55,471  root       handle_response DEBUG    Write: '7E8 03 41 33 65 \r\r>'
2024-09-20 19:29:55,472  root       run        DEBUG    Received '01341'
2024-09-20 19:29:55,472  root       handle_request DEBUG    Handling: '01341', header '7E0', ECU '7E0'
2024-09-20 19:29:55,473  root       handle_request INFO     Unknown ELM command: '01341', header=7E0
2024-09-20 19:29:55,473  root       handle_response DEBUG    Processing: '<writeln>?</writeln>'
2024-09-20 19:29:55,473  root       handle_response DEBUG    Write: '?\r\r>'
2024-09-20 19:29:55,474  root       run        DEBUG    Received '013C1'
2024-09-20 19:29:55,474  root       handle_request DEBUG    Handling: '013C1', header '7E0', ECU '7E0'
2024-09-20 19:29:55,474  root       handle_request DEBUG    Description: Catalyst Temperature: Bank 1 - Sensor 1, PID CATALYST_TEMP_B1S1 (013C1)
2024-09-20 19:29:55,474  root       handle_response DEBUG    Processing: '<pos_answer>04 44</pos_answer>'
2024-09-20 19:29:55,474  root       handle_response DEBUG    Write: '7E8 04 41 3C 04 44 \r\r>'
2024-09-20 19:29:55,475  root       run        DEBUG    Received '013E1'
2024-09-20 19:29:55,475  root       handle_request DEBUG    Handling: '013E1', header '7E0', ECU '7E0'
2024-09-20 19:29:55,476  root       handle_request INFO     Unknown ELM command: '013E1', header=7E0
2024-09-20 19:29:55,476  root       handle_response DEBUG    Processing: '<writeln>?</writeln>'
2024-09-20 19:29:55,476  root       handle_response DEBUG    Write: '?\r\r>'
2024-09-20 19:29:55,476  root       run        DEBUG    Received '01421'
2024-09-20 19:29:55,477  root       handle_request DEBUG    Handling: '01421', header '7E0', ECU '7E0'
2024-09-20 19:29:55,477  root       handle_request DEBUG    Description: Control module voltage, PID CONTROL_MODULE_VOLTAGE (01421)
2024-09-20 19:29:55,477  root       handle_response DEBUG    Processing: '<pos_answer>39 D6</pos_answer>'
2024-09-20 19:29:55,477  root       handle_response DEBUG    Write: '7E8 04 41 42 39 D6 \r\r>'
2024-09-20 19:29:55,478  root       run        DEBUG    Received '01431'
2024-09-20 19:29:55,478  root       handle_request DEBUG    Handling: '01431', header '7E0', ECU '7E0'
2024-09-20 19:29:55,479  root       handle_request INFO     Unknown ELM command: '01431', header=7E0
2024-09-20 19:29:55,479  root       handle_response DEBUG    Processing: '<writeln>?</writeln>'
2024-09-20 19:29:55,479  root       handle_response DEBUG    Write: '?\r\r>'
2024-09-20 19:29:55,480  root       run        DEBUG    Received '01441'
2024-09-20 19:29:55,480  root       handle_request DEBUG    Handling: '01441', header '7E0', ECU '7E0'
2024-09-20 19:29:55,480  root       handle_request INFO     Unknown ELM command: '01441', header=7E0
2024-09-20 19:29:55,480  root       handle_response DEBUG    Processing: '<writeln>?</writeln>'
2024-09-20 19:29:55,481  root       handle_response DEBUG    Write: '?\r\r>'
2024-09-20 19:29:55,481  root       run        DEBUG    Received '01451'
2024-09-20 19:29:55,481  root       handle_request DEBUG    Handling: '01451', header '7E0', ECU '7E0'
2024-09-20 19:29:55,482  root       handle_request INFO     Unknown ELM command: '01451', header=7E0
2024-09-20 19:29:55,482  root       handle_response DEBUG    Processing: '<writeln>?</writeln>'
2024-09-20 19:29:55,482  root       handle_response DEBUG    Write: '?\r\r>'
2024-09-20 19:29:55,482  root       run        DEBUG    Received '01471'
2024-09-20 19:29:55,482  root       handle_request DEBUG    Handling: '01471', header '7E0', ECU '7E0'
2024-09-20 19:29:55,483  root       handle_request INFO     Unknown ELM command: '01471', header=7E0
2024-09-20 19:29:55,483  root       handle_response DEBUG    Processing: '<writeln>?</writeln>'
2024-09-20 19:29:55,483  root       handle_response DEBUG    Write: '?\r\r>'
2024-09-20 19:29:55,483  root       run        DEBUG    Received '014C1'
2024-09-20 19:29:55,484  root       handle_request DEBUG    Handling: '014C1', header '7E0', ECU '7E0'
2024-09-20 19:29:55,484  root       handle_request DEBUG    Description: Commanded throttle actuator, PID THROTTLE_ACTUATOR (014C1)
2024-09-20 19:29:55,484  root       handle_response DEBUG    Processing: '<pos_answer>00</pos_answer>'
2024-09-20 19:29:55,484  root       handle_response DEBUG    Write: '7E8 03 41 4C 00 \r\r>'
2024-09-20 19:29:55,485  root       run        DEBUG    Received '014D1'
2024-09-20 19:29:55,485  root       handle_request DEBUG    Handling: '014D1', header '7E0', ECU '7E0'
2024-09-20 19:29:55,485  root       handle_request DEBUG    Description: Time run with MIL on, PID RUN_TIME_MIL (014D1)
2024-09-20 19:29:55,485  root       handle_response DEBUG    Processing: '<pos_answer>00 00</pos_answer>'
2024-09-20 19:29:55,485  root       handle_response DEBUG    Write: '7E8 04 41 4D 00 00 \r\r>'
2024-09-20 19:29:55,485  root       run        DEBUG    Received '014E1'
2024-09-20 19:29:55,486  root       handle_request DEBUG    Handling: '014E1', header '7E0', ECU '7E0'
2024-09-20 19:29:55,486  root       handle_request DEBUG    Description: Time since trouble codes cleared, PID TIME_SINCE_DTC_CLEARED (014E1)
2024-09-20 19:29:55,486  root       handle_response DEBUG    Processing: '<pos_answer>4C 69</pos_answer>'
2024-09-20 19:29:55,486  root       handle_response DEBUG    Write: '7E8 04 41 4E 4C 69 \r\r>'
2024-09-20 19:29:55,486  root       run        DEBUG    Received '01511'
2024-09-20 19:29:55,486  root       handle_request DEBUG    Handling: '01511', header '7E0', ECU '7E0'
2024-09-20 19:29:55,487  root       handle_request DEBUG    Description: Fuel Type, PID FUEL_TYPE (01511)
2024-09-20 19:29:55,487  root       handle_response DEBUG    Processing: '<pos_answer>01</pos_answer>'
2024-09-20 19:29:55,487  root       handle_response DEBUG    Write: '7E8 03 41 51 01 \r\r>'
2024-09-20 19:29:55,738  root       run        DEBUG    Received '01002'
2024-09-20 19:29:55,739  root       handle_request DEBUG    Handling: '01002', header '7E0', ECU '7E0'
2024-09-20 19:29:55,739  root       handle_request DEBUG    Description: PIDS_A, PID ELM_PIDS_A (01002)
2024-09-20 19:29:55,740  root       handle_response DEBUG    Processing: '<header>7EA</header><size>06</size><data>41 00 98 3A 80 13</data><pos_answer>BE 3F A8 13</pos_answer>'
2024-09-20 19:29:55,740  root       handle_response DEBUG    Write: '7EA 06 41 00 98 3A 80 13 \r7E8 06 41 00 BE 3F A8 13 \r\r>'
2024-09-20 19:29:55,742  root       run        DEBUG    Received '01202'
2024-09-20 19:29:55,742  root       handle_request DEBUG    Handling: '01202', header '7E0', ECU '7E0'
2024-09-20 19:29:55,743  root       handle_request DEBUG    Description: PIDS_B, PID ELM_PIDS_B (01202)
2024-09-20 19:29:55,743  root       handle_response DEBUG    Processing: '<header>7EA</header><size>06</size><data>41 20 80 01 A0 01</data><pos_answer>90 15 B0 15</pos_answer>'
2024-09-20 19:29:55,744  root       handle_response DEBUG    Write: '7EA 06 41 20 80 01 A0 01 \r7E8 06 41 20 90 15 B0 15 \r\r>'
2024-09-20 19:29:55,746  root       run        DEBUG    Received '01402'
2024-09-20 19:29:55,746  root       handle_request DEBUG    Handling: '01402', header '7E0', ECU '7E0'
2024-09-20 19:29:55,747  root       handle_request DEBUG    Description: PIDS_C, PID ELM_PIDS_C (01402)
2024-09-20 19:29:55,747  root       handle_response DEBUG    Processing: '<header>7EA</header><size>06</size><data>41 40 44 CC 00 21</data><pos_answer>7A 1C 80 00</pos_answer>'
2024-09-20 19:29:55,748  root       handle_response DEBUG    Write: '7EA 06 41 40 44 CC 00 21 \r7E8 06 41 40 7A 1C 80 00 \r\r>'
2024-09-20 19:29:55,749  root       run        DEBUG    Received '01011'
2024-09-20 19:29:55,750  root       handle_request DEBUG    Handling: '01011', header '7E0', ECU '7E0'
2024-09-20 19:29:55,751  root       handle_request INFO     Unknown ELM command: '01011', header=7E0
2024-09-20 19:29:55,751  root       handle_response DEBUG    Processing: '<writeln>?</writeln>'
2024-09-20 19:29:55,752  root       handle_response DEBUG    Write: '?\r\r>'
2024-09-20 19:29:55,758  root       run        DEBUG    Received '01031'
2024-09-20 19:29:55,759  root       handle_request DEBUG    Handling: '01031', header '7E0', ECU '7E0'
2024-09-20 19:29:55,759  root       handle_request DEBUG    Description: Fuel System Status, PID FUEL_STATUS (01031)
2024-09-20 19:29:55,760  root       handle_response DEBUG    Processing: '<pos_answer>00 00</pos_answer>'
2024-09-20 19:29:55,760  root       handle_response DEBUG    Write: '7E8 04 41 03 00 00 \r\r>'
2024-09-20 19:29:55,762  root       run        DEBUG    Received '01041'
2024-09-20 19:29:55,762  root       handle_request DEBUG    Handling: '01041', header '7E0', ECU '7E0'
2024-09-20 19:29:55,762  root       handle_request DEBUG    Description: Calculated Engine Load, PID ENGINE_LOAD (01041)
2024-09-20 19:29:55,763  root       handle_response DEBUG    Processing: '<pos_answer>00</pos_answer>'
2024-09-20 19:29:55,763  root       handle_response DEBUG    Write: '7E8 03 41 04 00 \r\r>'
2024-09-20 19:29:55,766  root       run        DEBUG    Received '01051'
2024-09-20 19:29:55,766  root       handle_request DEBUG    Handling: '01051', header '7E0', ECU '7E0'
2024-09-20 19:29:55,767  root       handle_request DEBUG    Description: Engine Coolant Temperature, PID COOLANT_TEMP (01051)
2024-09-20 19:29:55,767  root       handle_response DEBUG    Processing: '<pos_answer>7B</pos_answer>'
2024-09-20 19:29:55,768  root       handle_response DEBUG    Write: '7E8 03 41 05 7B \r\r>'
2024-09-20 19:29:55,769  root       run        DEBUG    Received '01061'
2024-09-20 19:29:55,770  root       handle_request DEBUG    Handling: '01061', header '7E0', ECU '7E0'
2024-09-20 19:29:55,771  root       handle_request INFO     Unknown ELM command: '01061', header=7E0
2024-09-20 19:29:55,772  root       handle_response DEBUG    Processing: '<writeln>?</writeln>'
2024-09-20 19:29:55,772  root       handle_response DEBUG    Write: '?\r\r>'
2024-09-20 19:29:55,773  root       run        DEBUG    Received '01071'
2024-09-20 19:29:55,774  root       handle_request DEBUG    Handling: '01071', header '7E0', ECU '7E0'
2024-09-20 19:29:55,775  root       handle_request INFO     Unknown ELM command: '01071', header=7E0
2024-09-20 19:29:55,775  root       handle_response DEBUG    Processing: '<writeln>?</writeln>'
2024-09-20 19:29:55,776  root       handle_response DEBUG    Write: '?\r\r>'
2024-09-20 19:29:55,777  root       run        DEBUG    Received '010B1'
2024-09-20 19:29:55,778  root       handle_request DEBUG    Handling: '010B1', header '7E0', ECU '7E0'
2024-09-20 19:29:55,778  root       handle_request DEBUG    Description: Intake Manifold Pressure, PID INTAKE_PRESSURE (010B1)
2024-09-20 19:29:55,778  root       handle_response DEBUG    Processing: '<pos_answer>73</pos_answer>'
2024-09-20 19:29:55,779  root       handle_response DEBUG    Write: '7E8 03 41 0B 73 \r\r>'
2024-09-20 19:29:55,781  root       run        DEBUG    Received '010C2'
2024-09-20 19:29:55,781  root       handle_request DEBUG    Handling: '010C2', header '7E0', ECU '7E0'
2024-09-20 19:29:55,782  root       handle_request DEBUG    Description: Engine RPM, PID RPM (010C2)
2024-09-20 19:29:55,782  root       handle_response DEBUG    Processing: '<pos_answer>14 F0</pos_answer> <header>7EA</header><size>04</size><data>41 0C 14 F0</data>'
2024-09-20 19:29:55,783  root       handle_response DEBUG    Write: '7E8 04 41 0C 14 F0 \r7EA 04 41 0C 14 F0 \r\r>'
2024-09-20 19:29:55,785  root       run        DEBUG    Received '010D2'
2024-09-20 19:29:55,785  root       handle_request DEBUG    Handling: '010D2', header '7E0', ECU '7E0'
2024-09-20 19:29:55,786  root       handle_request DEBUG    Description: Vehicle Speed, PID SPEED (010D2)
2024-09-20 19:29:55,786  root       handle_response DEBUG    Processing: '<pos_answer>44</pos_answer> <header>7EA</header><size>03</size><data>41 0D 44</data>'
2024-09-20 19:29:55,787  root       handle_response DEBUG    Write: '7E8 03 41 0D 44 \r7EA 03 41 0D 44 \r\r>'
2024-09-20 19:29:55,788  root       run        DEBUG    Received '010E1'
2024-09-20 19:29:55,789  root       handle_request DEBUG    Handling: '010E1', header '7E0', ECU '7E0'
2024-09-20 19:29:55,790  root       handle_request INFO     Unknown ELM command: '010E1', header=7E0
2024-09-20 19:29:55,791  root       handle_response DEBUG    Processing: '<writeln>?</writeln>'
2024-09-20 19:29:55,791  root       handle_response DEBUG    Write: '?\r\r>'
2024-09-20 19:29:55,792  root       run        DEBUG    Received '010F1'
2024-09-20 19:29:55,793  root       handle_request DEBUG    Handling: '010F1', header '7E0', ECU '7E0'
2024-09-20 19:29:55,793  root       handle_request DEBUG    Description: Intake Air Temp, PID INTAKE_TEMP (010F1)
2024-09-20 19:29:55,794  root       handle_response DEBUG    Processing: '<pos_answer>44</pos_answer>'
2024-09-20 19:29:55,794  root       handle_response DEBUG    Write: '7E8 03 41 0F 44 \r\r>'
2024-09-20 19:29:55,796  root       run        DEBUG    Received '01101'
2024-09-20 19:29:55,796  root       handle_request DEBUG    Handling: '01101', header '7E0', ECU '7E0'
2024-09-20 19:29:55,797  root       handle_request DEBUG    Description: Air Flow Rate (MAF), PID MAF (01101)
2024-09-20 19:29:55,797  root       handle_response DEBUG    Processing: '<pos_answer>05 1F</pos_answer>'
2024-09-20 19:29:55,798  root       handle_response DEBUG    Write: '7E8 04 41 10 05 1F \r\r>'
2024-09-20 19:29:55,800  root       run        DEBUG    Received '01111'
2024-09-20 19:29:55,800  root       handle_request DEBUG    Handling: '01111', header '7E0', ECU '7E0'
2024-09-20 19:29:55,801  root       handle_request DEBUG    Description: Throttle Position, PID THROTTLE_POS (01111)
2024-09-20 19:29:55,801  root       handle_response DEBUG    Processing: '<pos_answer>FF</pos_answer>'
2024-09-20 19:29:55,802  root       handle_response DEBUG    Write: '7E8 03 41 11 FF \r\r>'
2024-09-20 19:29:55,804  root       run        DEBUG    Received '01131'
2024-09-20 19:29:55,804  root       handle_request DEBUG    Handling: '01131', header '7E0', ECU '7E0'
2024-09-20 19:29:55,805  root       handle_request INFO     Unknown ELM command: '01131', header=7E0
2024-09-20 19:29:55,806  root       handle_response DEBUG    Processing: '<writeln>?</writeln>'
2024-09-20 19:29:55,806  root       handle_response DEBUG    Write: '?\r\r>'
2024-09-20 19:29:55,807  root       run        DEBUG    Received '01151'
2024-09-20 19:29:55,808  root       handle_request DEBUG    Handling: '01151', header '7E0', ECU '7E0'
2024-09-20 19:29:55,809  root       handle_request INFO     Unknown ELM command: '01151', header=7E0
2024-09-20 19:29:55,809  root       handle_response DEBUG    Processing: '<writeln>?</writeln>'
2024-09-20 19:29:55,809  root       handle_response DEBUG    Write: '?\r\r>'
2024-09-20 19:29:55,810  root       run        DEBUG    Received '011C1'
2024-09-20 19:29:55,811  root       handle_request DEBUG    Handling: '011C1', header '7E0', ECU '7E0'
2024-09-20 19:29:55,811  root       handle_request DEBUG    Description: OBD Standards Compliance, PID OBD_COMPLIANCE (011C1)
2024-09-20 19:29:55,811  root       handle_response DEBUG    Processing: '<pos_answer>06</pos_answer>'
2024-09-20 19:29:55,812  root       handle_response DEBUG    Write: '7E8 03 41 1C 06 \r\r>'
2024-09-20 19:29:55,813  root       run        DEBUG    Received '011F1'
2024-09-20 19:29:55,813  root       handle_request DEBUG    Handling: '011F1', header '7E0', ECU '7E0'
2024-09-20 19:29:55,814  root       handle_request DEBUG    Description: Engine Run Time, PID RUN_TIME (011F1)
2024-09-20 19:29:55,814  root       handle_response DEBUG    Processing: '<pos_answer>00 8C</pos_answer>'
2024-09-20 19:29:55,814  root       handle_response DEBUG    Write: '7E8 04 41 1F 00 8C \r\r>'
2024-09-20 19:29:55,815  root       run        DEBUG    Received '01211'
2024-09-20 19:29:55,815  root       handle_request DEBUG    Handling: '01211', header '7E0', ECU '7E0'
2024-09-20 19:29:55,816  root       handle_request DEBUG    Description: Distance Traveled with MIL on, PID DISTANCE_W_MIL (01211)
2024-09-20 19:29:55,816  root       handle_response DEBUG    Processing: '<pos_answer>00 00</pos_answer>'
2024-09-20 19:29:55,816  root       handle_response DEBUG    Write: '7E8 04 41 21 00 00 \r\r>'
2024-09-20 19:29:55,817  root       run        DEBUG    Received '01241'
2024-09-20 19:29:55,817  root       handle_request DEBUG    Handling: '01241', header '7E0', ECU '7E0'
2024-09-20 19:29:55,818  root       handle_request INFO     Unknown ELM command: '01241', header=7E0
2024-09-20 19:29:55,818  root       handle_response DEBUG    Processing: '<writeln>?</writeln>'
2024-09-20 19:29:55,818  root       handle_response DEBUG    Write: '?\r\r>'
2024-09-20 19:29:55,819  root       run        DEBUG    Received '012C1'
2024-09-20 19:29:55,819  root       handle_request DEBUG    Handling: '012C1', header '7E0', ECU '7E0'
2024-09-20 19:29:55,819  root       handle_request DEBUG    Description: Commanded EGR, PID COMMANDED_EGR (012C1)
2024-09-20 19:29:55,819  root       handle_response DEBUG    Processing: '<pos_answer>0D</pos_answer>'
2024-09-20 19:29:55,819  root       handle_response DEBUG    Write: '7E8 03 41 2C 0D \r\r>'
2024-09-20 19:29:55,820  root       run        DEBUG    Received '012E1'
2024-09-20 19:29:55,820  root       handle_request DEBUG    Handling: '012E1', header '7E0', ECU '7E0'
2024-09-20 19:29:55,821  root       handle_request INFO     Unknown ELM command: '012E1', header=7E0
2024-09-20 19:29:55,822  root       handle_response DEBUG    Processing: '<writeln>?</writeln>'
2024-09-20 19:29:55,822  root       handle_response DEBUG    Write: '?\r\r>'
2024-09-20 19:29:55,822  root       run        DEBUG    Received '01301'
2024-09-20 19:29:55,822  root       handle_request DEBUG    Handling: '01301', header '7E0', ECU '7E0'
2024-09-20 19:29:55,823  root       handle_request INFO     Unknown ELM command: '01301', header=7E0
2024-09-20 19:29:55,823  root       handle_response DEBUG    Processing: '<writeln>?</writeln>'
2024-09-20 19:29:55,823  root       handle_response DEBUG    Write: '?\r\r>'
2024-09-20 19:29:55,824  root       run        DEBUG    Received '01311'
2024-09-20 19:29:55,824  root       handle_request DEBUG    Handling: '01311', header '7E0', ECU '7E0'
2024-09-20 19:29:55,824  root       handle_request DEBUG    Description: Distance traveled since codes cleared, PID DISTANCE_SINCE_DTC_CLEAR (01311)
2024-09-20 19:29:55,824  root       handle_response DEBUG    Processing: '<pos_answer>C8 1F</pos_answer>'
2024-09-20 19:29:55,824  root       handle_response DEBUG    Write: '7E8 04 41 31 C8 1F \r\r>'
2024-09-20 19:29:55,825  root       run        DEBUG    Received '01331'
2024-09-20 19:29:55,825  root       handle_request DEBUG    Handling: '01331', header '7E0', ECU '7E0'
2024-09-20 19:29:55,825  root       handle_request DEBUG    Description: Barometric Pressure, PID BAROMETRIC_PRESSURE (01331)
2024-09-20 19:29:55,825  root       handle_response DEBUG    Processing: '<pos_answer>65</pos_answer>'
2024-09-20 19:29:55,825  root       handle_response DEBUG    Write: '7E8 03 41 33 65 \r\r>'
2024-09-20 19:29:55,826  root       run        DEBUG    Received '01341'
2024-09-20 19:29:55,826  root       handle_request DEBUG    Handling: '01341', header '7E0', ECU '7E0'
2024-09-20 19:29:55,826  root       handle_request INFO     Unknown ELM command: '01341', header=7E0
2024-09-20 19:29:55,826  root       handle_response DEBUG    Processing: '<writeln>?</writeln>'
2024-09-20 19:29:55,826  root       handle_response DEBUG    Write: '?\r\r>'
2024-09-20 19:29:55,827  root       run        DEBUG    Received '013C1'
2024-09-20 19:29:55,827  root       handle_request DEBUG    Handling: '013C1', header '7E0', ECU '7E0'
2024-09-20 19:29:55,827  root       handle_request DEBUG    Description: Catalyst Temperature: Bank 1 - Sensor 1, PID CATALYST_TEMP_B1S1 (013C1)
2024-09-20 19:29:55,827  root       handle_response DEBUG    Processing: '<pos_answer>04 44</pos_answer>'
2024-09-20 19:29:55,827  root       handle_response DEBUG    Write: '7E8 04 41 3C 04 44 \r\r>'
2024-09-20 19:29:55,828  root       run        DEBUG    Received '013E1'
2024-09-20 19:29:55,828  root       handle_request DEBUG    Handling: '013E1', header '7E0', ECU '7E0'
2024-09-20 19:29:55,828  root       handle_request INFO     Unknown ELM command: '013E1', header=7E0
2024-09-20 19:29:55,829  root       handle_response DEBUG    Processing: '<writeln>?</writeln>'
2024-09-20 19:29:55,829  root       handle_response DEBUG    Write: '?\r\r>'
2024-09-20 19:29:55,829  root       run        DEBUG    Received '01421'
2024-09-20 19:29:55,829  root       handle_request DEBUG    Handling: '01421', header '7E0', ECU '7E0'
2024-09-20 19:29:55,829  root       handle_request DEBUG    Description: Control module voltage, PID CONTROL_MODULE_VOLTAGE (01421)
2024-09-20 19:29:55,829  root       handle_response DEBUG    Processing: '<pos_answer>39 D6</pos_answer>'
2024-09-20 19:29:55,830  root       handle_response DEBUG    Write: '7E8 04 41 42 39 D6 \r\r>'
2024-09-20 19:29:55,830  root       run        DEBUG    Received '01431'
2024-09-20 19:29:55,830  root       handle_request DEBUG    Handling: '01431', header '7E0', ECU '7E0'
2024-09-20 19:29:55,830  root       handle_request INFO     Unknown ELM command: '01431', header=7E0
2024-09-20 19:29:55,830  root       handle_response DEBUG    Processing: '<writeln>?</writeln>'
2024-09-20 19:29:55,831  root       handle_response DEBUG    Write: '?\r\r>'
2024-09-20 19:29:55,831  root       run        DEBUG    Received '01441'
2024-09-20 19:29:55,831  root       handle_request DEBUG    Handling: '01441', header '7E0', ECU '7E0'
2024-09-20 19:29:55,831  root       handle_request INFO     Unknown ELM command: '01441', header=7E0
2024-09-20 19:29:55,831  root       handle_response DEBUG    Processing: '<writeln>?</writeln>'
2024-09-20 19:29:55,831  root       handle_response DEBUG    Write: '?\r\r>'
2024-09-20 19:29:55,832  root       run        DEBUG    Received '01451'
2024-09-20 19:29:55,832  root       handle_request DEBUG    Handling: '01451', header '7E0', ECU '7E0'
2024-09-20 19:29:55,832  root       handle_request INFO     Unknown ELM command: '01451', header=7E0
2024-09-20 19:29:55,832  root       handle_response DEBUG    Processing: '<writeln>?</writeln>'
2024-09-20 19:29:55,832  root       handle_response DEBUG    Write: '?\r\r>'
2024-09-20 19:29:55,833  root       run        DEBUG    Received '01471'
2024-09-20 19:29:55,833  root       handle_request DEBUG    Handling: '01471', header '7E0', ECU '7E0'
2024-09-20 19:29:55,833  root       handle_request INFO     Unknown ELM command: '01471', header=7E0
2024-09-20 19:29:55,834  root       handle_response DEBUG    Processing: '<writeln>?</writeln>'
2024-09-20 19:29:55,834  root       handle_response DEBUG    Write: '?\r\r>'
2024-09-20 19:29:55,834  root       run        DEBUG    Received '014C1'
2024-09-20 19:29:55,834  root       handle_request DEBUG    Handling: '014C1', header '7E0', ECU '7E0'
2024-09-20 19:29:55,834  root       handle_request DEBUG    Description: Commanded throttle actuator, PID THROTTLE_ACTUATOR (014C1)
2024-09-20 19:29:55,834  root       handle_response DEBUG    Processing: '<pos_answer>00</pos_answer>'
2024-09-20 19:29:55,834  root       handle_response DEBUG    Write: '7E8 03 41 4C 00 \r\r>'
2024-09-20 19:29:55,835  root       run        DEBUG    Received '014D1'
2024-09-20 19:29:55,835  root       handle_request DEBUG    Handling: '014D1', header '7E0', ECU '7E0'
2024-09-20 19:29:55,835  root       handle_request DEBUG    Description: Time run with MIL on, PID RUN_TIME_MIL (014D1)
2024-09-20 19:29:55,835  root       handle_response DEBUG    Processing: '<pos_answer>00 00</pos_answer>'
2024-09-20 19:29:55,835  root       handle_response DEBUG    Write: '7E8 04 41 4D 00 00 \r\r>'
2024-09-20 19:29:55,836  root       run        DEBUG    Received '014E1'
2024-09-20 19:29:55,836  root       handle_request DEBUG    Handling: '014E1', header '7E0', ECU '7E0'
2024-09-20 19:29:55,836  root       handle_request DEBUG    Description: Time since trouble codes cleared, PID TIME_SINCE_DTC_CLEARED (014E1)
2024-09-20 19:29:55,836  root       handle_response DEBUG    Processing: '<pos_answer>4C 69</pos_answer>'
2024-09-20 19:29:55,836  root       handle_response DEBUG    Write: '7E8 04 41 4E 4C 69 \r\r>'
2024-09-20 19:29:55,837  root       run        DEBUG    Received '01511'
2024-09-20 19:29:55,837  root       handle_request DEBUG    Handling: '01511', header '7E0', ECU '7E0'
2024-09-20 19:29:55,837  root       handle_request DEBUG    Description: Fuel Type, PID FUEL_TYPE (01511)
2024-09-20 19:29:55,837  root       handle_response DEBUG    Processing: '<pos_answer>01</pos_answer>'
2024-09-20 19:29:55,838  root       handle_response DEBUG    Write: '7E8 03 41 51 01 \r\r>'
2024-09-20 19:29:56,089  root       run        DEBUG    Received '01002'
2024-09-20 19:29:56,089  root       handle_request DEBUG    Handling: '01002', header '7E0', ECU '7E0'
2024-09-20 19:29:56,090  root       handle_request DEBUG    Description: PIDS_A, PID ELM_PIDS_A (01002)
2024-09-20 19:29:56,091  root       handle_response DEBUG    Processing: '<header>7EA</header><size>06</size><data>41 00 98 3A 80 13</data><pos_answer>BE 3F A8 13</pos_answer>'
2024-09-20 19:29:56,091  root       handle_response DEBUG    Write: '7EA 06 41 00 98 3A 80 13 \r7E8 06 41 00 BE 3F A8 13 \r\r>'
2024-09-20 19:29:56,093  root       run        DEBUG    Received '01202'
2024-09-20 19:29:56,093  root       handle_request DEBUG    Handling: '01202', header '7E0', ECU '7E0'
2024-09-20 19:29:56,094  root       handle_request DEBUG    Description: PIDS_B, PID ELM_PIDS_B (01202)
2024-09-20 19:29:56,094  root       handle_response DEBUG    Processing: '<header>7EA</header><size>06</size><data>41 20 80 01 A0 01</data><pos_answer>90 15 B0 15</pos_answer>'
2024-09-20 19:29:56,095  root       handle_response DEBUG    Write: '7EA 06 41 20 80 01 A0 01 \r7E8 06 41 20 90 15 B0 15 \r\r>'
2024-09-20 19:29:56,096  root       run        DEBUG    Received '01402'
2024-09-20 19:29:56,097  root       handle_request DEBUG    Handling: '01402', header '7E0', ECU '7E0'
2024-09-20 19:29:56,098  root       handle_request DEBUG    Description: PIDS_C, PID ELM_PIDS_C (01402)
2024-09-20 19:29:56,098  root       handle_response DEBUG    Processing: '<header>7EA</header><size>06</size><data>41 40 44 CC 00 21</data><pos_answer>7A 1C 80 00</pos_answer>'
2024-09-20 19:29:56,099  root       handle_response DEBUG    Write: '7EA 06 41 40 44 CC 00 21 \r7E8 06 41 40 7A 1C 80 00 \r\r>'
2024-09-20 19:29:56,100  root       run        DEBUG    Received '01011'
2024-09-20 19:29:56,101  root       handle_request DEBUG    Handling: '01011', header '7E0', ECU '7E0'
2024-09-20 19:29:56,102  root       handle_request INFO     Unknown ELM command: '01011', header=7E0
2024-09-20 19:29:56,102  root       handle_response DEBUG    Processing: '<writeln>?</writeln>'
2024-09-20 19:29:56,103  root       handle_response DEBUG    Write: '?\r\r>'
2024-09-20 19:29:56,110  root       run        DEBUG    Received '01031'
2024-09-20 19:29:56,110  root       handle_request DEBUG    Handling: '01031', header '7E0', ECU '7E0'
2024-09-20 19:29:56,110  root       handle_request DEBUG    Description: Fuel System Status, PID FUEL_STATUS (01031)
2024-09-20 19:29:56,111  root       handle_response DEBUG    Processing: '<pos_answer>00 00</pos_answer>'
2024-09-20 19:29:56,111  root       handle_response DEBUG    Write: '7E8 04 41 03 00 00 \r\r>'
2024-09-20 19:29:56,113  root       run        DEBUG    Received '01041'
2024-09-20 19:29:56,113  root       handle_request DEBUG    Handling: '01041', header '7E0', ECU '7E0'
2024-09-20 19:29:56,114  root       handle_request DEBUG    Description: Calculated Engine Load, PID ENGINE_LOAD (01041)
2024-09-20 19:29:56,114  root       handle_response DEBUG    Processing: '<pos_answer>00</pos_answer>'
2024-09-20 19:29:56,114  root       handle_response DEBUG    Write: '7E8 03 41 04 00 \r\r>'
2024-09-20 19:29:56,116  root       run        DEBUG    Received '01051'
2024-09-20 19:29:56,117  root       handle_request DEBUG    Handling: '01051', header '7E0', ECU '7E0'
2024-09-20 19:29:56,117  root       handle_request DEBUG    Description: Engine Coolant Temperature, PID COOLANT_TEMP (01051)
2024-09-20 19:29:56,117  root       handle_response DEBUG    Processing: '<pos_answer>7B</pos_answer>'
2024-09-20 19:29:56,118  root       handle_response DEBUG    Write: '7E8 03 41 05 7B \r\r>'
2024-09-20 19:29:56,120  root       run        DEBUG    Received '01061'
2024-09-20 19:29:56,120  root       handle_request DEBUG    Handling: '01061', header '7E0', ECU '7E0'
2024-09-20 19:29:56,122  root       handle_request INFO     Unknown ELM command: '01061', header=7E0
2024-09-20 19:29:56,122  root       handle_response DEBUG    Processing: '<writeln>?</writeln>'
2024-09-20 19:29:56,123  root       handle_response DEBUG    Write: '?\r\r>'
2024-09-20 19:29:56,125  root       run        DEBUG    Received '01071'
2024-09-20 19:29:56,125  root       handle_request DEBUG    Handling: '01071', header '7E0', ECU '7E0'
2024-09-20 19:29:56,128  root       handle_request INFO     Unknown ELM command: '01071', header=7E0
2024-09-20 19:29:56,128  root       handle_response DEBUG    Processing: '<writeln>?</writeln>'
2024-09-20 19:29:56,129  root       handle_response DEBUG    Write: '?\r\r>'
2024-09-20 19:29:56,131  root       run        DEBUG    Received '010B1'
2024-09-20 19:29:56,131  root       handle_request DEBUG    Handling: '010B1', header '7E0', ECU '7E0'
2024-09-20 19:29:56,131  root       handle_request DEBUG    Description: Intake Manifold Pressure, PID INTAKE_PRESSURE (010B1)
2024-09-20 19:29:56,132  root       handle_response DEBUG    Processing: '<pos_answer>73</pos_answer>'
2024-09-20 19:29:56,132  root       handle_response DEBUG    Write: '7E8 03 41 0B 73 \r\r>'
2024-09-20 19:29:56,134  root       run        DEBUG    Received '010C2'
2024-09-20 19:29:56,134  root       handle_request DEBUG    Handling: '010C2', header '7E0', ECU '7E0'
2024-09-20 19:29:56,135  root       handle_request DEBUG    Description: Engine RPM, PID RPM (010C2)
2024-09-20 19:29:56,135  root       handle_response DEBUG    Processing: '<pos_answer>15 40</pos_answer> <header>7EA</header><size>04</size><data>41 0C 15 40</data>'
2024-09-20 19:29:56,136  root       handle_response DEBUG    Write: '7E8 04 41 0C 15 40 \r7EA 04 41 0C 15 40 \r\r>'
2024-09-20 19:29:56,137  root       run        DEBUG    Received '010D2'
2024-09-20 19:29:56,138  root       handle_request DEBUG    Handling: '010D2', header '7E0', ECU '7E0'
2024-09-20 19:29:56,139  root       handle_request DEBUG    Description: Vehicle Speed, PID SPEED (010D2)
2024-09-20 19:29:56,139  root       handle_response DEBUG    Processing: '<pos_answer>48</pos_answer> <header>7EA</header><size>03</size><data>41 0D 48</data>'
2024-09-20 19:29:56,140  root       handle_response DEBUG    Write: '7E8 03 41 0D 48 \r7EA 03 41 0D 48 \r\r>'
2024-09-20 19:29:56,141  root       run        DEBUG    Received '010E1'
2024-09-20 19:29:56,142  root       handle_request DEBUG    Handling: '010E1', header '7E0', ECU '7E0'
2024-09-20 19:29:56,143  root       handle_request INFO     Unknown ELM command: '010E1', header=7E0
2024-09-20 19:29:56,144  root       handle_response DEBUG    Processing: '<writeln>?</writeln>'
2024-09-20 19:29:56,145  root       handle_response DEBUG    Write: '?\r\r>'
2024-09-20 19:29:56,146  root       run        DEBUG    Received '010F1'
2024-09-20 19:29:56,147  root       handle_request DEBUG    Handling: '010F1', header '7E0', ECU '7E0'
2024-09-20 19:29:56,147  root       handle_request DEBUG    Description: Intake Air Temp, PID INTAKE_TEMP (010F1)
2024-09-20 19:29:56,148  root       handle_response DEBUG    Processing: '<pos_answer>44</pos_answer>'
2024-09-20 19:29:56,148  root       handle_response DEBUG    Write: '7E8 03 41 0F 44 \r\r>'
2024-09-20 19:29:56,150  root       run        DEBUG    Received '01101'
2024-09-20 19:29:56,150  root       handle_request DEBUG    Handling: '01101', header '7E0', ECU '7E0'
2024-09-20 19:29:56,151  root       handle_request DEBUG    Description: Air Flow Rate (MAF), PID MAF (01101)
2024-09-20 19:29:56,151  root       handle_response DEBUG    Processing: '<pos_answer>05 1F</pos_answer>'
2024-09-20 19:29:56,152  root       handle_response DEBUG    Write: '7E8 04 41 10 05 1F \r\r>'
2024-09-20 19:29:56,153  root       run        DEBUG    Received '01111'
2024-09-20 19:29:56,154  root       handle_request DEBUG    Handling: '01111', header '7E0', ECU '7E0'
2024-09-20 19:29:56,154  root       handle_request DEBUG    Description: Throttle Position, PID THROTTLE_POS (01111)
2024-09-20 19:29:56,154  root       handle_response DEBUG    Processing: '<pos_answer>FF</pos_answer>'
2024-09-20 19:29:56,155  root       handle_response DEBUG    Write: '7E8 03 41 11 FF \r\r>'
2024-09-20 19:29:56,156  root       run        DEBUG    Received '01131'
2024-09-20 19:29:56,157  root       handle_request DEBUG    Handling: '01131', header '7E0', ECU '7E0'
2024-09-20 19:29:56,158  root       handle_request INFO     Unknown ELM command: '01131', header=7E0
2024-09-20 19:29:56,158  root       handle_response DEBUG    Processing: '<writeln>?</writeln>'
2024-09-20 19:29:56,159  root       handle_response DEBUG    Write: '?\r\r>'
2024-09-20 19:29:56,160  root       run        DEBUG    Received '01151'
2024-09-20 19:29:56,160  root       handle_request DEBUG    Handling: '01151', header '7E0', ECU '7E0'
2024-09-20 19:29:56,162  root       handle_request INFO     Unknown ELM command: '01151', header=7E0
2024-09-20 19:29:56,162  root       handle_response DEBUG    Processing: '<writeln>?</writeln>'
2024-09-20 19:29:56,163  root       handle_response DEBUG    Write: '?\r\r>'
2024-09-20 19:29:56,164  root       run        DEBUG    Received '011C1'
2024-09-20 19:29:56,165  root       handle_request DEBUG    Handling: '011C1', header '7E0', ECU '7E0'
2024-09-20 19:29:56,165  root       handle_request DEBUG    Description: OBD Standards Compliance, PID OBD_COMPLIANCE (011C1)
2024-09-20 19:29:56,166  root       handle_response DEBUG    Processing: '<pos_answer>06</pos_answer>'
2024-09-20 19:29:56,166  root       handle_response DEBUG    Write: '7E8 03 41 1C 06 \r\r>'
2024-09-20 19:29:56,168  root       run        DEBUG    Received '011F1'
2024-09-20 19:29:56,169  root       handle_request DEBUG    Handling: '011F1', header '7E0', ECU '7E0'
2024-09-20 19:29:56,169  root       handle_request DEBUG    Description: Engine Run Time, PID RUN_TIME (011F1)
2024-09-20 19:29:56,170  root       handle_response DEBUG    Processing: '<pos_answer>00 8C</pos_answer>'
2024-09-20 19:29:56,170  root       handle_response DEBUG    Write: '7E8 04 41 1F 00 8C \r\r>'
2024-09-20 19:29:56,172  root       run        DEBUG    Received '01211'
2024-09-20 19:29:56,172  root       handle_request DEBUG    Handling: '01211', header '7E0', ECU '7E0'
2024-09-20 19:29:56,173  root       handle_request DEBUG    Description: Distance Traveled with MIL on, PID DISTANCE_W_MIL (01211)
2024-09-20 19:29:56,173  root       handle_response DEBUG    Processing: '<pos_answer>00 00</pos_answer>'
2024-09-20 19:29:56,174  root       handle_response DEBUG    Write: '7E8 04 41 21 00 00 \r\r>'
2024-09-20 19:29:56,175  root       run        DEBUG    Received '01241'
2024-09-20 19:29:56,175  root       handle_request DEBUG    Handling: '01241', header '7E0', ECU '7E0'
2024-09-20 19:29:56,177  root       handle_request INFO     Unknown ELM command: '01241', header=7E0
2024-09-20 19:29:56,177  root       handle_response DEBUG    Processing: '<writeln>?</writeln>'
2024-09-20 19:29:56,177  root       handle_response DEBUG    Write: '?\r\r>'
2024-09-20 19:29:56,178  root       run        DEBUG    Received '012C1'
2024-09-20 19:29:56,179  root       handle_request DEBUG    Handling: '012C1', header '7E0', ECU '7E0'
2024-09-20 19:29:56,179  root       handle_request DEBUG    Description: Commanded EGR, PID COMMANDED_EGR (012C1)
2024-09-20 19:29:56,179  root       handle_response DEBUG    Processing: '<pos_answer>0D</pos_answer>'
2024-09-20 19:29:56,180  root       handle_response DEBUG    Write: '7E8 03 41 2C 0D \r\r>'
2024-09-20 19:29:56,181  root       run        DEBUG    Received '012E1'
2024-09-20 19:29:56,181  root       handle_request DEBUG    Handling: '012E1', header '7E0', ECU '7E0'
2024-09-20 19:29:56,182  root       handle_request INFO     Unknown ELM command: '012E1', header=7E0
2024-09-20 19:29:56,182  root       handle_response DEBUG    Processing: '<writeln>?</writeln>'
2024-09-20 19:29:56,183  root       handle_response DEBUG    Write: '?\r\r>'
2024-09-20 19:29:56,184  root       run        DEBUG    Received '01301'
2024-09-20 19:29:56,184  root       handle_request DEBUG    Handling: '01301', header '7E0', ECU '7E0'
2024-09-20 19:29:56,184  root       handle_request INFO     Unknown ELM command: '01301', header=7E0
2024-09-20 19:29:56,185  root       handle_response DEBUG    Processing: '<writeln>?</writeln>'
2024-09-20 19:29:56,185  root       handle_response DEBUG    Write: '?\r\r>'
2024-09-20 19:29:56,186  root       run        DEBUG    Received '01311'
2024-09-20 19:29:56,186  root       handle_request DEBUG    Handling: '01311', header '7E0', ECU '7E0'
2024-09-20 19:29:56,186  root       handle_request DEBUG    Description: Distance traveled since codes cleared, PID DISTANCE_SINCE_DTC_CLEAR (01311)
2024-09-20 19:29:56,187  root       handle_response DEBUG    Processing: '<pos_answer>C8 1F</pos_answer>'
2024-09-20 19:29:56,187  root       handle_response DEBUG    Write: '7E8 04 41 31 C8 1F \r\r>'
2024-09-20 19:29:56,188  root       run        DEBUG    Received '01331'
2024-09-20 19:29:56,188  root       handle_request DEBUG    Handling: '01331', header '7E0', ECU '7E0'
2024-09-20 19:29:56,188  root       handle_request DEBUG    Description: Barometric Pressure, PID BAROMETRIC_PRESSURE (01331)
2024-09-20 19:29:56,188  root       handle_response DEBUG    Processing: '<pos_answer>65</pos_answer>'
2024-09-20 19:29:56,188  root       handle_response DEBUG    Write: '7E8 03 41 33 65 \r\r>'
2024-09-20 19:29:56,189  root       run        DEBUG    Received '01341'
2024-09-20 19:29:56,189  root       handle_request DEBUG    Handling: '01341', header '7E0', ECU '7E0'
2024-09-20 19:29:56,190  root       handle_request INFO     Unknown ELM command: '01341', header=7E0
2024-09-20 19:29:56,190  root       handle_response DEBUG    Processing: '<writeln>?</writeln>'
2024-09-20 19:29:56,190  root       handle_response DEBUG    Write: '?\r\r>'
2024-09-20 19:29:56,191  root       run        DEBUG    Received '013C1'
2024-09-20 19:29:56,191  root       handle_request DEBUG    Handling: '013C1', header '7E0', ECU '7E0'
2024-09-20 19:29:56,191  root       handle_request DEBUG    Description: Catalyst Temperature: Bank 1 - Sensor 1, PID CATALYST_TEMP_B1S1 (013C1)
2024-09-20 19:29:56,191  root       handle_response DEBUG    Processing: '<pos_answer>04 44</pos_answer>'
2024-09-20 19:29:56,191  root       handle_response DEBUG    Write: '7E8 04 41 3C 04 44 \r\r>'
2024-09-20 19:29:56,192  root       run        DEBUG    Received '013E1'
2024-09-20 19:29:56,192  root       handle_request DEBUG    Handling: '013E1', header '7E0', ECU '7E0'
2024-09-20 19:29:56,193  root       handle_request INFO     Unknown ELM command: '013E1', header=7E0
2024-09-20 19:29:56,193  root       handle_response DEBUG    Processing: '<writeln>?</writeln>'
2024-09-20 19:29:56,193  root       handle_response DEBUG    Write: '?\r\r>'
2024-09-20 19:29:56,193  root       run        DEBUG    Received '01421'
2024-09-20 19:29:56,193  root       handle_request DEBUG    Handling: '01421', header '7E0', ECU '7E0'
2024-09-20 19:29:56,194  root       handle_request DEBUG    Description: Control module voltage, PID CONTROL_MODULE_VOLTAGE (01421)
2024-09-20 19:29:56,194  root       handle_response DEBUG    Processing: '<pos_answer>39 D6</pos_answer>'
2024-09-20 19:29:56,194  root       handle_response DEBUG    Write: '7E8 04 41 42 39 D6 \r\r>'
2024-09-20 19:29:56,195  root       run        DEBUG    Received '01431'
2024-09-20 19:29:56,195  root       handle_request DEBUG    Handling: '01431', header '7E0', ECU '7E0'
2024-09-20 19:29:56,196  root       handle_request INFO     Unknown ELM command: '01431', header=7E0
2024-09-20 19:29:56,196  root       handle_response DEBUG    Processing: '<writeln>?</writeln>'
2024-09-20 19:29:56,196  root       handle_response DEBUG    Write: '?\r\r>'
2024-09-20 19:29:56,197  root       run        DEBUG    Received '01441'
2024-09-20 19:29:56,197  root       handle_request DEBUG    Handling: '01441', header '7E0', ECU '7E0'
2024-09-20 19:29:56,198  root       handle_request INFO     Unknown ELM command: '01441', header=7E0
2024-09-20 19:29:56,198  root       handle_response DEBUG    Processing: '<writeln>?</writeln>'
2024-09-20 19:29:56,198  root       handle_response DEBUG    Write: '?\r\r>'
2024-09-20 19:29:56,199  root       run        DEBUG    Received '01451'
2024-09-20 19:29:56,199  root       handle_request DEBUG    Handling: '01451', header '7E0', ECU '7E0'
2024-09-20 19:29:56,199  root       handle_request INFO     Unknown ELM command: '01451', header=7E0
2024-09-20 19:29:56,199  root       handle_response DEBUG    Processing: '<writeln>?</writeln>'
2024-09-20 19:29:56,199  root       handle_response DEBUG    Write: '?\r\r>'
2024-09-20 19:29:56,200  root       run        DEBUG    Received '01471'
2024-09-20 19:29:56,200  root       handle_request DEBUG    Handling: '01471', header '7E0', ECU '7E0'
2024-09-20 19:29:56,200  root       handle_request INFO     Unknown ELM command: '01471', header=7E0
2024-09-20 19:29:56,200  root       handle_response DEBUG    Processing: '<writeln>?</writeln>'
2024-09-20 19:29:56,200  root       handle_response DEBUG    Write: '?\r\r>'
2024-09-20 19:29:56,201  root       run        DEBUG    Received '014C1'
2024-09-20 19:29:56,201  root       handle_request DEBUG    Handling: '014C1', header '7E0', ECU '7E0'
2024-09-20 19:29:56,201  root       handle_request DEBUG    Description: Commanded throttle actuator, PID THROTTLE_ACTUATOR (014C1)
2024-09-20 19:29:56,201  root       handle_response DEBUG    Processing: '<pos_answer>00</pos_answer>'
2024-09-20 19:29:56,201  root       handle_response DEBUG    Write: '7E8 03 41 4C 00 \r\r>'
2024-09-20 19:29:56,202  root       run        DEBUG    Received '014D1'
2024-09-20 19:29:56,202  root       handle_request DEBUG    Handling: '014D1', header '7E0', ECU '7E0'
2024-09-20 19:29:56,202  root       handle_request DEBUG    Description: Time run with MIL on, PID RUN_TIME_MIL (014D1)
2024-09-20 19:29:56,202  root       handle_response DEBUG    Processing: '<pos_answer>00 00</pos_answer>'
2024-09-20 19:29:56,202  root       handle_response DEBUG    Write: '7E8 04 41 4D 00 00 \r\r>'
2024-09-20 19:29:56,203  root       run        DEBUG    Received '014E1'
2024-09-20 19:29:56,203  root       handle_request DEBUG    Handling: '014E1', header '7E0', ECU '7E0'
2024-09-20 19:29:56,203  root       handle_request DEBUG    Description: Time since trouble codes cleared, PID TIME_SINCE_DTC_CLEARED (014E1)
2024-09-20 19:29:56,203  root       handle_response DEBUG    Processing: '<pos_answer>4C 69</pos_answer>'
2024-09-20 19:29:56,203  root       handle_response DEBUG    Write: '7E8 04 41 4E 4C 69 \r\r>'
2024-09-20 19:29:56,204  root       run        DEBUG    Received '01511'
2024-09-20 19:29:56,204  root       handle_request DEBUG    Handling: '01511', header '7E0', ECU '7E0'
2024-09-20 19:29:56,204  root       handle_request DEBUG    Description: Fuel Type, PID FUEL_TYPE (01511)
2024-09-20 19:29:56,204  root       handle_response DEBUG    Processing: '<pos_answer>01</pos_answer>'
2024-09-20 19:29:56,204  root       handle_response DEBUG    Write: '7E8 03 41 51 01 \r\r>'
2024-09-20 19:29:56,455  root       run        DEBUG    Received '01002'
2024-09-20 19:29:56,456  root       handle_request DEBUG    Handling: '01002', header '7E0', ECU '7E0'
2024-09-20 19:29:56,456  root       handle_request DEBUG    Description: PIDS_A, PID ELM_PIDS_A (01002)
2024-09-20 19:29:56,457  root       handle_response DEBUG    Processing: '<header>7EA</header><size>06</size><data>41 00 98 3A 80 13</data><pos_answer>BE 3F A8 13</pos_answer>'
2024-09-20 19:29:56,457  root       handle_response DEBUG    Write: '7EA 06 41 00 98 3A 80 13 \r7E8 06 41 00 BE 3F A8 13 \r\r>'
2024-09-20 19:29:56,459  root       run        DEBUG    Received '01202'
2024-09-20 19:29:56,459  root       handle_request DEBUG    Handling: '01202', header '7E0', ECU '7E0'
2024-09-20 19:29:56,459  root       handle_request DEBUG    Description: PIDS_B, PID ELM_PIDS_B (01202)
2024-09-20 19:29:56,460  root       handle_response DEBUG    Processing: '<header>7EA</header><size>06</size><data>41 20 80 01 A0 01</data><pos_answer>90 15 B0 15</pos_answer>'
2024-09-20 19:29:56,460  root       handle_response DEBUG    Write: '7EA 06 41 20 80 01 A0 01 \r7E8 06 41 20 90 15 B0 15 \r\r>'
2024-09-20 19:29:56,462  root       run        DEBUG    Received '01402'
2024-09-20 19:29:56,462  root       handle_request DEBUG    Handling: '01402', header '7E0', ECU '7E0'
2024-09-20 19:29:56,463  root       handle_request DEBUG    Description: PIDS_C, PID ELM_PIDS_C (01402)
2024-09-20 19:29:56,463  root       handle_response DEBUG    Processing: '<header>7EA</header><size>06</size><data>41 40 44 CC 00 21</data><pos_answer>7A 1C 80 00</pos_answer>'
2024-09-20 19:29:56,464  root       handle_response DEBUG    Write: '7EA 06 41 40 44 CC 00 21 \r7E8 06 41 40 7A 1C 80 00 \r\r>'
2024-09-20 19:29:56,466  root       run        DEBUG    Received '01011'
2024-09-20 19:29:56,466  root       handle_request DEBUG    Handling: '01011', header '7E0', ECU '7E0'
2024-09-20 19:29:56,468  root       handle_request INFO     Unknown ELM command: '01011', header=7E0
2024-09-20 19:29:56,468  root       handle_response DEBUG    Processing: '<writeln>?</writeln>'
2024-09-20 19:29:56,469  root       handle_response DEBUG    Write: '?\r\r>'
2024-09-20 19:29:56,476  root       run        DEBUG    Received '01031'
2024-09-20 19:29:56,476  root       handle_request DEBUG    Handling: '01031', header '7E0', ECU '7E0'
2024-09-20 19:29:56,477  root       handle_request DEBUG    Description: Fuel System Status, PID FUEL_STATUS (01031)
2024-09-20 19:29:56,477  root       handle_response DEBUG    Processing: '<pos_answer>00 00</pos_answer>'
2024-09-20 19:29:56,478  root       handle_response DEBUG    Write: '7E8 04 41 03 00 00 \r\r>'
2024-09-20 19:29:56,479  root       run        DEBUG    Received '01041'
2024-09-20 19:29:56,479  root       handle_request DEBUG    Handling: '01041', header '7E0', ECU '7E0'
2024-09-20 19:29:56,480  root       handle_request DEBUG    Description: Calculated Engine Load, PID ENGINE_LOAD (01041)
2024-09-20 19:29:56,480  root       handle_response DEBUG    Processing: '<pos_answer>00</pos_answer>'
2024-09-20 19:29:56,481  root       handle_response DEBUG    Write: '7E8 03 41 04 00 \r\r>'
2024-09-20 19:29:56,482  root       run        DEBUG    Received '01051'
2024-09-20 19:29:56,483  root       handle_request DEBUG    Handling: '01051', header '7E0', ECU '7E0'
2024-09-20 19:29:56,484  root       handle_request DEBUG    Description: Engine Coolant Temperature, PID COOLANT_TEMP (01051)
2024-09-20 19:29:56,484  root       handle_response DEBUG    Processing: '<pos_answer>7B</pos_answer>'
2024-09-20 19:29:56,485  root       handle_response DEBUG    Write: '7E8 03 41 05 7B \r\r>'
2024-09-20 19:29:56,487  root       run        DEBUG    Received '01061'
2024-09-20 19:29:56,488  root       handle_request DEBUG    Handling: '01061', header '7E0', ECU '7E0'
2024-09-20 19:29:56,490  root       handle_request INFO     Unknown ELM command: '01061', header=7E0
2024-09-20 19:29:56,490  root       handle_response DEBUG    Processing: '<writeln>?</writeln>'
2024-09-20 19:29:56,491  root       handle_response DEBUG    Write: '?\r\r>'
2024-09-20 19:29:56,493  root       run        DEBUG    Received '01071'
2024-09-20 19:29:56,494  root       handle_request DEBUG    Handling: '01071', header '7E0', ECU '7E0'
2024-09-20 19:29:56,495  root       handle_request INFO     Unknown ELM command: '01071', header=7E0
2024-09-20 19:29:56,495  root       handle_response DEBUG    Processing: '<writeln>?</writeln>'
2024-09-20 19:29:56,496  root       handle_response DEBUG    Write: '?\r\r>'
2024-09-20 19:29:56,497  root       run        DEBUG    Received '010B1'
2024-09-20 19:29:56,498  root       handle_request DEBUG    Handling: '010B1', header '7E0', ECU '7E0'
2024-09-20 19:29:56,498  root       handle_request DEBUG    Description: Intake Manifold Pressure, PID INTAKE_PRESSURE (010B1)
2024-09-20 19:29:56,498  root       handle_response DEBUG    Processing: '<pos_answer>73</pos_answer>'
2024-09-20 19:29:56,499  root       handle_response DEBUG    Write: '7E8 03 41 0B 73 \r\r>'
2024-09-20 19:29:56,500  root       run        DEBUG    Received '010C2'
2024-09-20 19:29:56,501  root       handle_request DEBUG    Handling: '010C2', header '7E0', ECU '7E0'
2024-09-20 19:29:56,501  root       handle_request DEBUG    Description: Engine RPM, PID RPM (010C2)
2024-09-20 19:29:56,502  root       handle_response DEBUG    Processing: '<pos_answer>15 90</pos_answer> <header>7EA</header><size>04</size><data>41 0C 15 90</data>'
2024-09-20 19:29:56,502  root       handle_response DEBUG    Write: '7E8 04 41 0C 15 90 \r7EA 04 41 0C 15 90 \r\r>'
2024-09-20 19:29:56,504  root       run        DEBUG    Received '010D2'
2024-09-20 19:29:56,504  root       handle_request DEBUG    Handling: '010D2', header '7E0', ECU '7E0'
2024-09-20 19:29:56,505  root       handle_request DEBUG    Description: Vehicle Speed, PID SPEED (010D2)
2024-09-20 19:29:56,505  root       handle_response DEBUG    Processing: '<pos_answer>4C</pos_answer> <header>7EA</header><size>03</size><data>41 0D 4C</data>'
2024-09-20 19:29:56,506  root       handle_response DEBUG    Write: '7E8 03 41 0D 4C \r7EA 03 41 0D 4C \r\r>'
2024-09-20 19:29:56,507  root       run        DEBUG    Received '010E1'
2024-09-20 19:29:56,508  root       handle_request DEBUG    Handling: '010E1', header '7E0', ECU '7E0'
2024-09-20 19:29:56,509  root       handle_request INFO     Unknown ELM command: '010E1', header=7E0
2024-09-20 19:29:56,509  root       handle_response DEBUG    Processing: '<writeln>?</writeln>'
2024-09-20 19:29:56,510  root       handle_response DEBUG    Write: '?\r\r>'
2024-09-20 19:29:56,511  root       run        DEBUG    Received '010F1'
2024-09-20 19:29:56,511  root       handle_request DEBUG    Handling: '010F1', header '7E0', ECU '7E0'
2024-09-20 19:29:56,512  root       handle_request DEBUG    Description: Intake Air Temp, PID INTAKE_TEMP (010F1)
2024-09-20 19:29:56,512  root       handle_response DEBUG    Processing: '<pos_answer>44</pos_answer>'
2024-09-20 19:29:56,512  root       handle_response DEBUG    Write: '7E8 03 41 0F 44 \r\r>'
2024-09-20 19:29:56,514  root       run        DEBUG    Received '01101'
2024-09-20 19:29:56,514  root       handle_request DEBUG    Handling: '01101', header '7E0', ECU '7E0'
2024-09-20 19:29:56,514  root       handle_request DEBUG    Description: Air Flow Rate (MAF), PID MAF (01101)
2024-09-20 19:29:56,515  root       handle_response DEBUG    Processing: '<pos_answer>05 1F</pos_answer>'
2024-09-20 19:29:56,515  root       handle_response DEBUG    Write: '7E8 04 41 10 05 1F \r\r>'
2024-09-20 19:29:56,516  root       run        DEBUG    Received '01111'
2024-09-20 19:29:56,517  root       handle_request DEBUG    Handling: '01111', header '7E0', ECU '7E0'
2024-09-20 19:29:56,517  root       handle_request DEBUG    Description: Throttle Position, PID THROTTLE_POS (01111)
2024-09-20 19:29:56,517  root       handle_response DEBUG    Processing: '<pos_answer>FF</pos_answer>'
2024-09-20 19:29:56,517  root       handle_response DEBUG    Write: '7E8 03 41 11 FF \r\r>'
2024-09-20 19:29:56,518  root       run        DEBUG    Received '01131'
2024-09-20 19:29:56,519  root       handle_request DEBUG    Handling: '01131', header '7E0', ECU '7E0'
2024-09-20 19:29:56,519  root       handle_request INFO     Unknown ELM command: '01131', header=7E0
2024-09-20 19:29:56,519  root       handle_response DEBUG    Processing: '<writeln>?</writeln>'
2024-09-20 19:29:56,520  root       handle_response DEBUG    Write: '?\r\r>'
2024-09-20 19:29:56,520  root       run        DEBUG    Received '01151'
2024-09-20 19:29:56,520  root       handle_request DEBUG    Handling: '01151', header '7E0', ECU '7E0'
2024-09-20 19:29:56,521  root       handle_request INFO     Unknown ELM command: '01151', header=7E0
2024-09-20 19:29:56,521  root       handle_response DEBUG    Processing: '<writeln>?</writeln>'
2024-09-20 19:29:56,521  root       handle_response DEBUG    Write: '?\r\r>'
2024-09-20 19:29:56,521  root       run        DEBUG    Received '011C1'
2024-09-20 19:29:56,522  root       handle_request DEBUG    Handling: '011C1', header '7E0', ECU '7E0'
2024-09-20 19:29:56,522  root       handle_request DEBUG    Description: OBD Standards Compliance, PID OBD_COMPLIANCE (011C1)
2024-09-20 19:29:56,522  root       handle_response DEBUG    Processing: '<pos_answer>06</pos_answer>'
2024-09-20 19:29:56,522  root       handle_response DEBUG    Write: '7E8 03 41 1C 06 \r\r>'
2024-09-20 19:29:56,522  root       run        DEBUG    Received '011F1'
2024-09-20 19:29:56,523  root       handle_request DEBUG    Handling: '011F1', header '7E0', ECU '7E0'
2024-09-20 19:29:56,523  root       handle_request DEBUG    Description: Engine Run Time, PID RUN_TIME (011F1)
2024-09-20 19:29:56,523  root       handle_response DEBUG    Processing: '<pos_answer>00 8C</pos_answer>'
2024-09-20 19:29:56,523  root       handle_response DEBUG    Write: '7E8 04 41 1F 00 8C \r\r>'
2024-09-20 19:29:56,524  root       run        DEBUG    Received '01211'
2024-09-20 19:29:56,524  root       handle_request DEBUG    Handling: '01211', header '7E0', ECU '7E0'
2024-09-20 19:29:56,524  root       handle_request DEBUG    Description: Distance Traveled with MIL on, PID DISTANCE_W_MIL (01211)
2024-09-20 19:29:56,524  root       handle_response DEBUG    Processing: '<pos_answer>00 00</pos_answer>'
2024-09-20 19:29:56,524  root       handle_response DEBUG    Write: '7E8 04 41 21 00 00 \r\r>'
2024-09-20 19:29:56,525  root       run        DEBUG    Received '01241'
2024-09-20 19:29:56,525  root       handle_request DEBUG    Handling: '01241', header '7E0', ECU '7E0'
2024-09-20 19:29:56,525  root       handle_request INFO     Unknown ELM command: '01241', header=7E0
2024-09-20 19:29:56,525  root       handle_response DEBUG    Processing: '<writeln>?</writeln>'
2024-09-20 19:29:56,525  root       handle_response DEBUG    Write: '?\r\r>'
2024-09-20 19:29:56,526  root       run        DEBUG    Received '012C1'
2024-09-20 19:29:56,526  root       handle_request DEBUG    Handling: '012C1', header '7E0', ECU '7E0'
2024-09-20 19:29:56,526  root       handle_request DEBUG    Description: Commanded EGR, PID COMMANDED_EGR (012C1)
2024-09-20 19:29:56,526  root       handle_response DEBUG    Processing: '<pos_answer>0D</pos_answer>'
2024-09-20 19:29:56,526  root       handle_response DEBUG    Write: '7E8 03 41 2C 0D \r\r>'
2024-09-20 19:29:56,527  root       run        DEBUG    Received '012E1'
2024-09-20 19:29:56,527  root       handle_request DEBUG    Handling: '012E1', header '7E0', ECU '7E0'
2024-09-20 19:29:56,528  root       handle_request INFO     Unknown ELM command: '012E1', header=7E0
2024-09-20 19:29:56,528  root       handle_response DEBUG    Processing: '<writeln>?</writeln>'
2024-09-20 19:29:56,528  root       handle_response DEBUG    Write: '?\r\r>'
2024-09-20 19:29:56,529  root       run        DEBUG    Received '01301'
2024-09-20 19:29:56,529  root       handle_request DEBUG    Handling: '01301', header '7E0', ECU '7E0'
2024-09-20 19:29:56,529  root       handle_request INFO     Unknown ELM command: '01301', header=7E0
2024-09-20 19:29:56,529  root       handle_response DEBUG    Processing: '<writeln>?</writeln>'
2024-09-20 19:29:56,529  root       handle_response DEBUG    Write: '?\r\r>'
2024-09-20 19:29:56,530  root       run        DEBUG    Received '01311'
2024-09-20 19:29:56,530  root       handle_request DEBUG    Handling: '01311', header '7E0', ECU '7E0'
2024-09-20 19:29:56,531  root       handle_request DEBUG    Description: Distance traveled since codes cleared, PID DISTANCE_SINCE_DTC_CLEAR (01311)
2024-09-20 19:29:56,531  root       handle_response DEBUG    Processing: '<pos_answer>C8 1F</pos_answer>'
2024-09-20 19:29:56,531  root       handle_response DEBUG    Write: '7E8 04 41 31 C8 1F \r\r>'
2024-09-20 19:29:56,532  root       run        DEBUG    Received '01331'
2024-09-20 19:29:56,532  root       handle_request DEBUG    Handling: '01331', header '7E0', ECU '7E0'
2024-09-20 19:29:56,532  root       handle_request DEBUG    Description: Barometric Pressure, PID BAROMETRIC_PRESSURE (01331)
2024-09-20 19:29:56,532  root       handle_response DEBUG    Processing: '<pos_answer>65</pos_answer>'
2024-09-20 19:29:56,532  root       handle_response DEBUG    Write: '7E8 03 41 33 65 \r\r>'
2024-09-20 19:29:56,533  root       run        DEBUG    Received '01341'
2024-09-20 19:29:56,533  root       handle_request DEBUG    Handling: '01341', header '7E0', ECU '7E0'
2024-09-20 19:29:56,534  root       handle_request INFO     Unknown ELM command: '01341', header=7E0
2024-09-20 19:29:56,534  root       handle_response DEBUG    Processing: '<writeln>?</writeln>'
2024-09-20 19:29:56,534  root       handle_response DEBUG    Write: '?\r\r>'
2024-09-20 19:29:56,535  root       run        DEBUG    Received '013C1'
2024-09-20 19:29:56,535  root       handle_request DEBUG    Handling: '013C1', header '7E0', ECU '7E0'
2024-09-20 19:29:56,535  root       handle_request DEBUG    Description: Catalyst Temperature: Bank 1 - Sensor 1, PID CATALYST_TEMP_B1S1 (013C1)
2024-09-20 19:29:56,535  root       handle_response DEBUG    Processing: '<pos_answer>04 44</pos_answer>'
2024-09-20 19:29:56,535  root       handle_response DEBUG    Write: '7E8 04 41 3C 04 44 \r\r>'
2024-09-20 19:29:56,536  root       run        DEBUG    Received '013E1'
2024-09-20 19:29:56,536  root       handle_request DEBUG    Handling: '013E1', header '7E0', ECU '7E0'
2024-09-20 19:29:56,536  root       handle_request INFO     Unknown ELM command: '013E1', header=7E0
2024-09-20 19:29:56,537  root       handle_response DEBUG    Processing: '<writeln>?</writeln>'
2024-09-20 19:29:56,537  root       handle_response DEBUG    Write: '?\r\r>'
2024-09-20 19:29:56,537  root       run        DEBUG    Received '01421'
2024-09-20 19:29:56,538  root       handle_request DEBUG    Handling: '01421', header '7E0', ECU '7E0'
2024-09-20 19:29:56,538  root       handle_request DEBUG    Description: Control module voltage, PID CONTROL_MODULE_VOLTAGE (01421)
2024-09-20 19:29:56,538  root       handle_response DEBUG    Processing: '<pos_answer>39 D6</pos_answer>'
2024-09-20 19:29:56,538  root       handle_response DEBUG    Write: '7E8 04 41 42 39 D6 \r\r>'
2024-09-20 19:29:56,539  root       run        DEBUG    Received '01431'
2024-09-20 19:29:56,539  root       handle_request DEBUG    Handling: '01431', header '7E0', ECU '7E0'
2024-09-20 19:29:56,539  root       handle_request INFO     Unknown ELM command: '01431', header=7E0
2024-09-20 19:29:56,540  root       handle_response DEBUG    Processing: '<writeln>?</writeln>'
2024-09-20 19:29:56,540  root       handle_response DEBUG    Write: '?\r\r>'
2024-09-20 19:29:56,540  root       run        DEBUG    Received '01441'
2024-09-20 19:29:56,540  root       handle_request DEBUG    Handling: '01441', header '7E0', ECU '7E0'
2024-09-20 19:29:56,541  root       handle_request INFO     Unknown ELM command: '01441', header=7E0
2024-09-20 19:29:56,541  root       handle_response DEBUG    Processing: '<writeln>?</writeln>'
2024-09-20 19:29:56,541  root       handle_response DEBUG    Write: '?\r\r>'
2024-09-20 19:29:56,542  root       run        DEBUG    Received '01451'
2024-09-20 19:29:56,542  root       handle_request DEBUG    Handling: '01451', header '7E0', ECU '7E0'
2024-09-20 19:29:56,542  root       handle_request INFO     Unknown ELM command: '01451', header=7E0
2024-09-20 19:29:56,542  root       handle_response DEBUG    Processing: '<writeln>?</writeln>'
2024-09-20 19:29:56,542  root       handle_response DEBUG    Write: '?\r\r>'
2024-09-20 19:29:56,543  root       run        DEBUG    Received '01471'
2024-09-20 19:29:56,543  root       handle_request DEBUG    Handling: '01471', header '7E0', ECU '7E0'
2024-09-20 19:29:56,543  root       handle_request INFO     Unknown ELM command: '01471', header=7E0
2024-09-20 19:29:56,544  root       handle_response DEBUG    Processing: '<writeln>?</writeln>'
2024-09-20 19:29:56,544  root       handle_response DEBUG    Write: '?\r\r>'
2024-09-20 19:29:56,544  root       run        DEBUG    Received '014C1'
2024-09-20 19:29:56,544  root       handle_request DEBUG    Handling: '014C1', header '7E0', ECU '7E0'
2024-09-20 19:29:56,545  root       handle_request DEBUG    Description: Commanded throttle actuator, PID THROTTLE_ACTUATOR (014C1)
2024-09-20 19:29:56,545  root       handle_response DEBUG    Processing: '<pos_answer>00</pos_answer>'
2024-09-20 19:29:56,545  root       handle_response DEBUG    Write: '7E8 03 41 4C 00 \r\r>'
2024-09-20 19:29:56,546  root       run        DEBUG    Received '014D1'
2024-09-20 19:29:56,546  root       handle_request DEBUG    Handling: '014D1', header '7E0', ECU '7E0'
2024-09-20 19:29:56,546  root       handle_request DEBUG    Description: Time run with MIL on, PID RUN_TIME_MIL (014D1)
2024-09-20 19:29:56,546  root       handle_response DEBUG    Processing: '<pos_answer>00 00</pos_answer>'
2024-09-20 19:29:56,546  root       handle_response DEBUG    Write: '7E8 04 41 4D 00 00 \r\r>'
2024-09-20 19:29:56,547  root       run        DEBUG    Received '014E1'
2024-09-20 19:29:56,547  root       handle_request DEBUG    Handling: '014E1', header '7E0', ECU '7E0'
2024-09-20 19:29:56,547  root       handle_request DEBUG    Description: Time since trouble codes cleared, PID TIME_SINCE_DTC_CLEARED (014E1)
2024-09-20 19:29:56,548  root       handle_response DEBUG    Processing: '<pos_answer>4C 69</pos_answer>'
2024-09-20 19:29:56,548  root       handle_response DEBUG    Write: '7E8 04 41 4E 4C 69 \r\r>'
2024-09-20 19:29:56,548  root       run        DEBUG    Received '01511'
2024-09-20 19:29:56,549  root       handle_request DEBUG    Handling: '01511', header '7E0', ECU '7E0'
2024-09-20 19:29:56,549  root       handle_request DEBUG    Description: Fuel Type, PID FUEL_TYPE (01511)
2024-09-20 19:29:56,549  root       handle_response DEBUG    Processing: '<pos_answer>01</pos_answer>'
2024-09-20 19:29:56,549  root       handle_response DEBUG    Write: '7E8 03 41 51 01 \r\r>'
2024-09-20 19:29:56,800  root       run        DEBUG    Received '01002'
2024-09-20 19:29:56,801  root       handle_request DEBUG    Handling: '01002', header '7E0', ECU '7E0'
2024-09-20 19:29:56,802  root       handle_request DEBUG    Description: PIDS_A, PID ELM_PIDS_A (01002)
2024-09-20 19:29:56,802  root       handle_response DEBUG    Processing: '<header>7EA</header><size>06</size><data>41 00 98 3A 80 13</data><pos_answer>BE 3F A8 13</pos_answer>'
2024-09-20 19:29:56,803  root       handle_response DEBUG    Write: '7EA 06 41 00 98 3A 80 13 \r7E8 06 41 00 BE 3F A8 13 \r\r>'
2024-09-20 19:29:56,804  root       run        DEBUG    Received '01202'
2024-09-20 19:29:56,804  root       handle_request DEBUG    Handling: '01202', header '7E0', ECU '7E0'
2024-09-20 19:29:56,805  root       handle_request DEBUG    Description: PIDS_B, PID ELM_PIDS_B (01202)
2024-09-20 19:29:56,805  root       handle_response DEBUG    Processing: '<header>7EA</header><size>06</size><data>41 20 80 01 A0 01</data><pos_answer>90 15 B0 15</pos_answer>'
2024-09-20 19:29:56,806  root       handle_response DEBUG    Write: '7EA 06 41 20 80 01 A0 01 \r7E8 06 41 20 90 15 B0 15 \r\r>'
2024-09-20 19:29:56,808  root       run        DEBUG    Received '01402'
2024-09-20 19:29:56,808  root       handle_request DEBUG    Handling: '01402', header '7E0', ECU '7E0'
2024-09-20 19:29:56,809  root       handle_request DEBUG    Description: PIDS_C, PID ELM_PIDS_C (01402)
2024-09-20 19:29:56,809  root       handle_response DEBUG    Processing: '<header>7EA</header><size>06</size><data>41 40 44 CC 00 21</data><pos_answer>7A 1C 80 00</pos_answer>'
2024-09-20 19:29:56,810  root       handle_response DEBUG    Write: '7EA 06 41 40 44 CC 00 21 \r7E8 06 41 40 7A 1C 80 00 \r\r>'
2024-09-20 19:29:56,811  root       run        DEBUG    Received '01011'
2024-09-20 19:29:56,812  root       handle_request DEBUG    Handling: '01011', header '7E0', ECU '7E0'
2024-09-20 19:29:56,813  root       handle_request INFO     Unknown ELM command: '01011', header=7E0
2024-09-20 19:29:56,813  root       handle_response DEBUG    Processing: '<writeln>?</writeln>'
2024-09-20 19:29:56,814  root       handle_response DEBUG    Write: '?\r\r>'
2024-09-20 19:29:56,820  root       run        DEBUG    Received '01031'
2024-09-20 19:29:56,821  root       handle_request DEBUG    Handling: '01031', header '7E0', ECU '7E0'
2024-09-20 19:29:56,821  root       handle_request DEBUG    Description: Fuel System Status, PID FUEL_STATUS (01031)
2024-09-20 19:29:56,822  root       handle_response DEBUG    Processing: '<pos_answer>00 00</pos_answer>'
2024-09-20 19:29:56,822  root       handle_response DEBUG    Write: '7E8 04 41 03 00 00 \r\r>'
2024-09-20 19:29:56,824  root       run        DEBUG    Received '01041'
2024-09-20 19:29:56,824  root       handle_request DEBUG    Handling: '01041', header '7E0', ECU '7E0'
2024-09-20 19:29:56,825  root       handle_request DEBUG    Description: Calculated Engine Load, PID ENGINE_LOAD (01041)
2024-09-20 19:29:56,825  root       handle_response DEBUG    Processing: '<pos_answer>00</pos_answer>'
2024-09-20 19:29:56,826  root       handle_response DEBUG    Write: '7E8 03 41 04 00 \r\r>'
2024-09-20 19:29:56,828  root       run        DEBUG    Received '01051'
2024-09-20 19:29:56,828  root       handle_request DEBUG    Handling: '01051', header '7E0', ECU '7E0'
2024-09-20 19:29:56,829  root       handle_request DEBUG    Description: Engine Coolant Temperature, PID COOLANT_TEMP (01051)
2024-09-20 19:29:56,830  root       handle_response DEBUG    Processing: '<pos_answer>7B</pos_answer>'
2024-09-20 19:29:56,831  root       handle_response DEBUG    Write: '7E8 03 41 05 7B \r\r>'
2024-09-20 19:29:56,832  root       run        DEBUG    Received '01061'
2024-09-20 19:29:56,833  root       handle_request DEBUG    Handling: '01061', header '7E0', ECU '7E0'
2024-09-20 19:29:56,834  root       handle_request INFO     Unknown ELM command: '01061', header=7E0
2024-09-20 19:29:56,835  root       handle_response DEBUG    Processing: '<writeln>?</writeln>'
2024-09-20 19:29:56,835  root       handle_response DEBUG    Write: '?\r\r>'
2024-09-20 19:29:56,837  root       run        DEBUG    Received '01071'
2024-09-20 19:29:56,837  root       handle_request DEBUG    Handling: '01071', header '7E0', ECU '7E0'
2024-09-20 19:29:56,839  root       handle_request INFO     Unknown ELM command: '01071', header=7E0
2024-09-20 19:29:56,839  root       handle_response DEBUG    Processing: '<writeln>?</writeln>'
2024-09-20 19:29:56,840  root       handle_response DEBUG    Write: '?\r\r>'
2024-09-20 19:29:56,842  root       run        DEBUG    Received '010B1'
2024-09-20 19:29:56,842  root       handle_request DEBUG    Handling: '010B1', header '7E0', ECU '7E0'
2024-09-20 19:29:56,843  root       handle_request DEBUG    Description: Intake Manifold Pressure, PID INTAKE_PRESSURE (010B1)
2024-09-20 19:29:56,843  root       handle_response DEBUG    Processing: '<pos_answer>73</pos_answer>'
2024-09-20 19:29:56,844  root       handle_response DEBUG    Write: '7E8 03 41 0B 73 \r\r>'
2024-09-20 19:29:56,846  root       run        DEBUG    Received '010C2'
2024-09-20 19:29:56,846  root       handle_request DEBUG    Handling: '010C2', header '7E0', ECU '7E0'
2024-09-20 19:29:56,847  root       handle_request DEBUG    Description: Engine RPM, PID RPM (010C2)
2024-09-20 19:29:56,847  root       handle_response DEBUG    Processing: '<pos_answer>15 E0</pos_answer> <header>7EA</header><size>04</size><data>41 0C 15 E0</data>'
2024-09-20 19:29:56,848  root       handle_response DEBUG    Write: '7E8 04 41 0C 15 E0 \r7EA 04 41 0C 15 E0 \r\r>'
2024-09-20 19:29:56,849  root       run        DEBUG    Received '010D2'
2024-09-20 19:29:56,850  root       handle_request DEBUG    Handling: '010D2', header '7E0', ECU '7E0'
2024-09-20 19:29:56,850  root       handle_request DEBUG    Description: Vehicle Speed, PID SPEED (010D2)
2024-09-20 19:29:56,851  root       handle_response DEBUG    Processing: '<pos_answer>50</pos_answer> <header>7EA</header><size>03</size><data>41 0D 50</data>'
2024-09-20 19:29:56,851  root       handle_response DEBUG    Write: '7E8 03 41 0D 50 \r7EA 03 41 0D 50 \r\r>'
2024-09-20 19:29:56,853  root       run        DEBUG    Received '010E1'
2024-09-20 19:29:56,853  root       handle_request DEBUG    Handling: '010E1', header '7E0', ECU '7E0'
2024-09-20 19:29:56,855  root       handle_request INFO     Unknown ELM command: '010E1', header=7E0
2024-09-20 19:29:56,855  root       handle_response DEBUG    Processing: '<writeln>?</writeln>'
2024-09-20 19:29:56,856  root       handle_response DEBUG    Write: '?\r\r>'
2024-09-20 19:29:56,857  root       run        DEBUG    Received '010F1'
2024-09-20 19:29:56,857  root       handle_request DEBUG    Handling: '010F1', header '7E0', ECU '7E0'
2024-09-20 19:29:56,858  root       handle_request DEBUG    Description: Intake Air Temp, PID INTAKE_TEMP (010F1)
2024-09-20 19:29:56,858  root       handle_response DEBUG    Processing: '<pos_answer>44</pos_answer>'
2024-09-20 19:29:56,858  root       handle_response DEBUG    Write: '7E8 03 41 0F 44 \r\r>'
2024-09-20 19:29:56,859  root       run        DEBUG    Received '01101'
2024-09-20 19:29:56,860  root       handle_request DEBUG    Handling: '01101', header '7E0', ECU '7E0'
2024-09-20 19:29:56,860  root       handle_request DEBUG    Description: Air Flow Rate (MAF), PID MAF (01101)
2024-09-20 19:29:56,860  root       handle_response DEBUG    Processing: '<pos_answer>05 1F</pos_answer>'
2024-09-20 19:29:56,861  root       handle_response DEBUG    Write: '7E8 04 41 10 05 1F \r\r>'
2024-09-20 19:29:56,862  root       run        DEBUG    Received '01111'
2024-09-20 19:29:56,862  root       handle_request DEBUG    Handling: '01111', header '7E0', ECU '7E0'
2024-09-20 19:29:56,862  root       handle_request DEBUG    Description: Throttle Position, PID THROTTLE_POS (01111)
2024-09-20 19:29:56,862  root       handle_response DEBUG    Processing: '<pos_answer>FF</pos_answer>'
2024-09-20 19:29:56,863  root       handle_response DEBUG    Write: '7E8 03 41 11 FF \r\r>'
2024-09-20 19:29:56,864  root       run        DEBUG    Received '01131'
2024-09-20 19:29:56,864  root       handle_request DEBUG    Handling: '01131', header '7E0', ECU '7E0'
2024-09-20 19:29:56,865  root       handle_request INFO     Unknown ELM command: '01131', header=7E0
2024-09-20 19:29:56,865  root       handle_response DEBUG    Processing: '<writeln>?</writeln>'
2024-09-20 19:29:56,865  root       handle_response DEBUG    Write: '?\r\r>'
2024-09-20 19:29:56,866  root       run        DEBUG    Received '01151'
2024-09-20 19:29:56,866  root       handle_request DEBUG    Handling: '01151', header '7E0', ECU '7E0'
2024-09-20 19:29:56,867  root       handle_request INFO     Unknown ELM command: '01151', header=7E0
2024-09-20 19:29:56,867  root       handle_response DEBUG    Processing: '<writeln>?</writeln>'
2024-09-20 19:29:56,867  root       handle_response DEBUG    Write: '?\r\r>'
2024-09-20 19:29:56,868  root       run        DEBUG    Received '011C1'
2024-09-20 19:29:56,868  root       handle_request DEBUG    Handling: '011C1', header '7E0', ECU '7E0'
2024-09-20 19:29:56,868  root       handle_request DEBUG    Description: OBD Standards Compliance, PID OBD_COMPLIANCE (011C1)
2024-09-20 19:29:56,868  root       handle_response DEBUG    Processing: '<pos_answer>06</pos_answer>'
2024-09-20 19:29:56,868  root       handle_response DEBUG    Write: '7E8 03 41 1C 06 \r\r>'
2024-09-20 19:29:56,869  root       run        DEBUG    Received '011F1'
2024-09-20 19:29:56,869  root       handle_request DEBUG    Handling: '011F1', header '7E0', ECU '7E0'
2024-09-20 19:29:56,869  root       handle_request DEBUG    Description: Engine Run Time, PID RUN_TIME (011F1)
2024-09-20 19:29:56,869  root       handle_response DEBUG    Processing: '<pos_answer>00 8C</pos_answer>'
2024-09-20 19:29:56,870  root       handle_response DEBUG    Write: '7E8 04 41 1F 00 8C \r\r>'
2024-09-20 19:29:56,870  root       run        DEBUG    Received '01211'
2024-09-20 19:29:56,870  root       handle_request DEBUG    Handling: '01211', header '7E0', ECU '7E0'
2024-09-20 19:29:56,871  root       handle_request DEBUG    Description: Distance Traveled with MIL on, PID DISTANCE_W_MIL (01211)
2024-09-20 19:29:56,871  root       handle_response DEBUG    Processing: '<pos_answer>00 00</pos_answer>'
2024-09-20 19:29:56,871  root       handle_response DEBUG    Write: '7E8 04 41 21 00 00 \r\r>'
2024-09-20 19:29:56,871  root       run        DEBUG    Received '01241'
2024-09-20 19:29:56,872  root       handle_request DEBUG    Handling: '01241', header '7E0', ECU '7E0'
2024-09-20 19:29:56,872  root       handle_request INFO     Unknown ELM command: '01241', header=7E0
2024-09-20 19:29:56,872  root       handle_response DEBUG    Processing: '<writeln>?</writeln>'
2024-09-20 19:29:56,872  root       handle_response DEBUG    Write: '?\r\r>'
2024-09-20 19:29:56,873  root       run        DEBUG    Received '012C1'
2024-09-20 19:29:56,873  root       handle_request DEBUG    Handling: '012C1', header '7E0', ECU '7E0'
2024-09-20 19:29:56,873  root       handle_request DEBUG    Description: Commanded EGR, PID COMMANDED_EGR (012C1)
2024-09-20 19:29:56,873  root       handle_response DEBUG    Processing: '<pos_answer>0D</pos_answer>'
2024-09-20 19:29:56,873  root       handle_response DEBUG    Write: '7E8 03 41 2C 0D \r\r>'
2024-09-20 19:29:56,874  root       run        DEBUG    Received '012E1'
2024-09-20 19:29:56,874  root       handle_request DEBUG    Handling: '012E1', header '7E0', ECU '7E0'
2024-09-20 19:29:56,874  root       handle_request INFO     Unknown ELM command: '012E1', header=7E0
2024-09-20 19:29:56,874  root       handle_response DEBUG    Processing: '<writeln>?</writeln>'
2024-09-20 19:29:56,875  root       handle_response DEBUG    Write: '?\r\r>'
2024-09-20 19:29:56,875  root       run        DEBUG    Received '01301'
2024-09-20 19:29:56,875  root       handle_request DEBUG    Handling: '01301', header '7E0', ECU '7E0'
2024-09-20 19:29:56,875  root       handle_request INFO     Unknown ELM command: '01301', header=7E0
2024-09-20 19:29:56,876  root       handle_response DEBUG    Processing: '<writeln>?</writeln>'
2024-09-20 19:29:56,876  root       handle_response DEBUG    Write: '?\r\r>'
2024-09-20 19:29:56,876  root       run        DEBUG    Received '01311'
2024-09-20 19:29:56,876  root       handle_request DEBUG    Handling: '01311', header '7E0', ECU '7E0'
2024-09-20 19:29:56,876  root       handle_request DEBUG    Description: Distance traveled since codes cleared, PID DISTANCE_SINCE_DTC_CLEAR (01311)
2024-09-20 19:29:56,876  root       handle_response DEBUG    Processing: '<pos_answer>C8 1F</pos_answer>'
2024-09-20 19:29:56,877  root       handle_response DEBUG    Write: '7E8 04 41 31 C8 1F \r\r>'
2024-09-20 19:29:56,877  root       run        DEBUG    Received '01331'
2024-09-20 19:29:56,877  root       handle_request DEBUG    Handling: '01331', header '7E0', ECU '7E0'
2024-09-20 19:29:56,877  root       handle_request DEBUG    Description: Barometric Pressure, PID BAROMETRIC_PRESSURE (01331)
2024-09-20 19:29:56,877  root       handle_response DEBUG    Processing: '<pos_answer>65</pos_answer>'
2024-09-20 19:29:56,877  root       handle_response DEBUG    Write: '7E8 03 41 33 65 \r\r>'
2024-09-20 19:29:56,878  root       run        DEBUG    Received '01341'
2024-09-20 19:29:56,878  root       handle_request DEBUG    Handling: '01341', header '7E0', ECU '7E0'
2024-09-20 19:29:56,878  root       handle_request INFO     Unknown ELM command: '01341', header=7E0
2024-09-20 19:29:56,878  root       handle_response DEBUG    Processing: '<writeln>?</writeln>'
2024-09-20 19:29:56,879  root       handle_response DEBUG    Write: '?\r\r>'
2024-09-20 19:29:56,879  root       run        DEBUG    Received '013C1'
2024-09-20 19:29:56,879  root       handle_request DEBUG    Handling: '013C1', header '7E0', ECU '7E0'
2024-09-20 19:29:56,879  root       handle_request DEBUG    Description: Catalyst Temperature: Bank 1 - Sensor 1, PID CATALYST_TEMP_B1S1 (013C1)
2024-09-20 19:29:56,879  root       handle_response DEBUG    Processing: '<pos_answer>04 44</pos_answer>'
2024-09-20 19:29:56,880  root       handle_response DEBUG    Write: '7E8 04 41 3C 04 44 \r\r>'
2024-09-20 19:29:56,880  root       run        DEBUG    Received '013E1'
2024-09-20 19:29:56,881  root       handle_request DEBUG    Handling: '013E1', header '7E0', ECU '7E0'
2024-09-20 19:29:56,881  root       handle_request INFO     Unknown ELM command: '013E1', header=7E0
2024-09-20 19:29:56,881  root       handle_response DEBUG    Processing: '<writeln>?</writeln>'
2024-09-20 19:29:56,881  root       handle_response DEBUG    Write: '?\r\r>'
2024-09-20 19:29:56,882  root       run        DEBUG    Received '01421'
2024-09-20 19:29:56,882  root       handle_request DEBUG    Handling: '01421', header '7E0', ECU '7E0'
2024-09-20 19:29:56,882  root       handle_request DEBUG    Description: Control module voltage, PID CONTROL_MODULE_VOLTAGE (01421)
2024-09-20 19:29:56,882  root       handle_response DEBUG    Processing: '<pos_answer>39 D6</pos_answer>'
2024-09-20 19:29:56,882  root       handle_response DEBUG    Write: '7E8 04 41 42 39 D6 \r\r>'
2024-09-20 19:29:56,882  root       run        DEBUG    Received '01431'
2024-09-20 19:29:56,882  root       handle_request DEBUG    Handling: '01431', header '7E0', ECU '7E0'
2024-09-20 19:29:56,883  root       handle_request INFO     Unknown ELM command: '01431', header=7E0
2024-09-20 19:29:56,883  root       handle_response DEBUG    Processing: '<writeln>?</writeln>'
2024-09-20 19:29:56,883  root       handle_response DEBUG    Write: '?\r\r>'
2024-09-20 19:29:56,883  root       run        DEBUG    Received '01441'
2024-09-20 19:29:56,883  root       handle_request DEBUG    Handling: '01441', header '7E0', ECU '7E0'
2024-09-20 19:29:56,884  root       handle_request INFO     Unknown ELM command: '01441', header=7E0
2024-09-20 19:29:56,884  root       handle_response DEBUG    Processing: '<writeln>?</writeln>'
2024-09-20 19:29:56,884  root       handle_response DEBUG    Write: '?\r\r>'
2024-09-20 19:29:56,884  root       run        DEBUG    Received '01451'
2024-09-20 19:29:56,884  root       handle_request DEBUG    Handling: '01451', header '7E0', ECU '7E0'
2024-09-20 19:29:56,884  root       handle_request INFO     Unknown ELM command: '01451', header=7E0
2024-09-20 19:29:56,885  root       handle_response DEBUG    Processing: '<writeln>?</writeln>'
2024-09-20 19:29:56,885  root       handle_response DEBUG    Write: '?\r\r>'
2024-09-20 19:29:56,885  root       run        DEBUG    Received '01471'
2024-09-20 19:29:56,885  root       handle_request DEBUG    Handling: '01471', header '7E0', ECU '7E0'
2024-09-20 19:29:56,885  root       handle_request INFO     Unknown ELM command: '01471', header=7E0
2024-09-20 19:29:56,885  root       handle_response DEBUG    Processing: '<writeln>?</writeln>'
2024-09-20 19:29:56,886  root       handle_response DEBUG    Write: '?\r\r>'
2024-09-20 19:29:56,886  root       run        DEBUG    Received '014C1'
2024-09-20 19:29:56,886  root       handle_request DEBUG    Handling: '014C1', header '7E0', ECU '7E0'
2024-09-20 19:29:56,886  root       handle_request DEBUG    Description: Commanded throttle actuator, PID THROTTLE_ACTUATOR (014C1)
2024-09-20 19:29:56,886  root       handle_response DEBUG    Processing: '<pos_answer>00</pos_answer>'
2024-09-20 19:29:56,886  root       handle_response DEBUG    Write: '7E8 03 41 4C 00 \r\r>'
2024-09-20 19:29:56,887  root       run        DEBUG    Received '014D1'
2024-09-20 19:29:56,887  root       handle_request DEBUG    Handling: '014D1', header '7E0', ECU '7E0'
2024-09-20 19:29:56,887  root       handle_request DEBUG    Description: Time run with MIL on, PID RUN_TIME_MIL (014D1)
2024-09-20 19:29:56,887  root       handle_response DEBUG    Processing: '<pos_answer>00 00</pos_answer>'
2024-09-20 19:29:56,887  root       handle_response DEBUG    Write: '7E8 04 41 4D 00 00 \r\r>'
2024-09-20 19:29:56,888  root       run        DEBUG    Received '014E1'
2024-09-20 19:29:56,888  root       handle_request DEBUG    Handling: '014E1', header '7E0', ECU '7E0'
2024-09-20 19:29:56,888  root       handle_request DEBUG    Description: Time since trouble codes cleared, PID TIME_SINCE_DTC_CLEARED (014E1)
2024-09-20 19:29:56,888  root       handle_response DEBUG    Processing: '<pos_answer>4C 69</pos_answer>'
2024-09-20 19:29:56,888  root       handle_response DEBUG    Write: '7E8 04 41 4E 4C 69 \r\r>'
2024-09-20 19:29:56,889  root       run        DEBUG    Received '01511'
2024-09-20 19:29:56,889  root       handle_request DEBUG    Handling: '01511', header '7E0', ECU '7E0'
2024-09-20 19:29:56,889  root       handle_request DEBUG    Description: Fuel Type, PID FUEL_TYPE (01511)
2024-09-20 19:29:56,889  root       handle_response DEBUG    Processing: '<pos_answer>01</pos_answer>'
2024-09-20 19:29:56,890  root       handle_response DEBUG    Write: '7E8 03 41 51 01 \r\r>'
2024-09-20 19:29:57,141  root       run        DEBUG    Received '01002'
2024-09-20 19:29:57,141  root       handle_request DEBUG    Handling: '01002', header '7E0', ECU '7E0'
2024-09-20 19:29:57,142  root       handle_request DEBUG    Description: PIDS_A, PID ELM_PIDS_A (01002)
2024-09-20 19:29:57,142  root       handle_response DEBUG    Processing: '<header>7EA</header><size>06</size><data>41 00 98 3A 80 13</data><pos_answer>BE 3F A8 13</pos_answer>'
2024-09-20 19:29:57,143  root       handle_response DEBUG    Write: '7EA 06 41 00 98 3A 80 13 \r7E8 06 41 00 BE 3F A8 13 \r\r>'
2024-09-20 19:29:57,144  root       run        DEBUG    Received '01202'
2024-09-20 19:29:57,145  root       handle_request DEBUG    Handling: '01202', header '7E0', ECU '7E0'
2024-09-20 19:29:57,145  root       handle_request DEBUG    Description: PIDS_B, PID ELM_PIDS_B (01202)
2024-09-20 19:29:57,146  root       handle_response DEBUG    Processing: '<header>7EA</header><size>06</size><data>41 20 80 01 A0 01</data><pos_answer>90 15 B0 15</pos_answer>'
2024-09-20 19:29:57,146  root       handle_response DEBUG    Write: '7EA 06 41 20 80 01 A0 01 \r7E8 06 41 20 90 15 B0 15 \r\r>'
2024-09-20 19:29:57,148  root       run        DEBUG    Received '01402'
2024-09-20 19:29:57,148  root       handle_request DEBUG    Handling: '01402', header '7E0', ECU '7E0'
2024-09-20 19:29:57,149  root       handle_request DEBUG    Description: PIDS_C, PID ELM_PIDS_C (01402)
2024-09-20 19:29:57,149  root       handle_response DEBUG    Processing: '<header>7EA</header><size>06</size><data>41 40 44 CC 00 21</data><pos_answer>7A 1C 80 00</pos_answer>'
2024-09-20 19:29:57,150  root       handle_response DEBUG    Write: '7EA 06 41 40 44 CC 00 21 \r7E8 06 41 40 7A 1C 80 00 \r\r>'
2024-09-20 19:29:57,151  root       run        DEBUG    Received '01011'
2024-09-20 19:29:57,152  root       handle_request DEBUG    Handling: '01011', header '7E0', ECU '7E0'
2024-09-20 19:29:57,153  root       handle_request INFO     Unknown ELM command: '01011', header=7E0
2024-09-20 19:29:57,153  root       handle_response DEBUG    Processing: '<writeln>?</writeln>'
2024-09-20 19:29:57,154  root       handle_response DEBUG    Write: '?\r\r>'
2024-09-20 19:29:57,160  root       run        DEBUG    Received '01031'
2024-09-20 19:29:57,160  root       handle_request DEBUG    Handling: '01031', header '7E0', ECU '7E0'
2024-09-20 19:29:57,161  root       handle_request DEBUG    Description: Fuel System Status, PID FUEL_STATUS (01031)
2024-09-20 19:29:57,161  root       handle_response DEBUG    Processing: '<pos_answer>00 00</pos_answer>'
2024-09-20 19:29:57,162  root       handle_response DEBUG    Write: '7E8 04 41 03 00 00 \r\r>'
2024-09-20 19:29:57,163  root       run        DEBUG    Received '01041'
2024-09-20 19:29:57,164  root       handle_request DEBUG    Handling: '01041', header '7E0', ECU '7E0'
2024-09-20 19:29:57,164  root       handle_request DEBUG    Description: Calculated Engine Load, PID ENGINE_LOAD (01041)
2024-09-20 19:29:57,164  root       handle_response DEBUG    Processing: '<pos_answer>00</pos_answer>'
2024-09-20 19:29:57,165  root       handle_response DEBUG    Write: '7E8 03 41 04 00 \r\r>'
2024-09-20 19:29:57,167  root       run        DEBUG    Received '01051'
2024-09-20 19:29:57,167  root       handle_request DEBUG    Handling: '01051', header '7E0', ECU '7E0'
2024-09-20 19:29:57,167  root       handle_request DEBUG    Description: Engine Coolant Temperature, PID COOLANT_TEMP (01051)
2024-09-20 19:29:57,168  root       handle_response DEBUG    Processing: '<pos_answer>7B</pos_answer>'
2024-09-20 19:29:57,168  root       handle_response DEBUG    Write: '7E8 03 41 05 7B \r\r>'
2024-09-20 19:29:57,170  root       run        DEBUG    Received '01061'
2024-09-20 19:29:57,170  root       handle_request DEBUG    Handling: '01061', header '7E0', ECU '7E0'
2024-09-20 19:29:57,172  root       handle_request INFO     Unknown ELM command: '01061', header=7E0
2024-09-20 19:29:57,172  root       handle_response DEBUG    Processing: '<writeln>?</writeln>'
2024-09-20 19:29:57,173  root       handle_response DEBUG    Write: '?\r\r>'
2024-09-20 19:29:57,174  root       run        DEBUG    Received '01071'
2024-09-20 19:29:57,175  root       handle_request DEBUG    Handling: '01071', header '7E0', ECU '7E0'
2024-09-20 19:29:57,176  root       handle_request INFO     Unknown ELM command: '01071', header=7E0
2024-09-20 19:29:57,177  root       handle_response DEBUG    Processing: '<writeln>?</writeln>'
2024-09-20 19:29:57,177  root       handle_response DEBUG    Write: '?\r\r>'
2024-09-20 19:29:57,179  root       run        DEBUG    Received '010B1'
2024-09-20 19:29:57,179  root       handle_request DEBUG    Handling: '010B1', header '7E0', ECU '7E0'
2024-09-20 19:29:57,180  root       handle_request DEBUG    Description: Intake Manifold Pressure, PID INTAKE_PRESSURE (010B1)
2024-09-20 19:29:57,180  root       handle_response DEBUG    Processing: '<pos_answer>73</pos_answer>'
2024-09-20 19:29:57,181  root       handle_response DEBUG    Write: '7E8 03 41 0B 73 \r\r>'
2024-09-20 19:29:57,182  root       run        DEBUG    Received '010C2'
2024-09-20 19:29:57,183  root       handle_request DEBUG    Handling: '010C2', header '7E0', ECU '7E0'
2024-09-20 19:29:57,183  root       handle_request DEBUG    Description: Engine RPM, PID RPM (010C2)
2024-09-20 19:29:57,183  root       handle_response DEBUG    Processing: '<pos_answer>16 30</pos_answer> <header>7EA</header><size>04</size><data>41 0C 16 30</data>'
2024-09-20 19:29:57,184  root       handle_response DEBUG    Write: '7E8 04 41 0C 16 30 \r7EA 04 41 0C 16 30 \r\r>'
2024-09-20 19:29:57,185  root       run        DEBUG    Received '010D2'
2024-09-20 19:29:57,186  root       handle_request DEBUG    Handling: '010D2', header '7E0', ECU '7E0'
2024-09-20 19:29:57,186  root       handle_request DEBUG    Description: Vehicle Speed, PID SPEED (010D2)
2024-09-20 19:29:57,187  root       handle_response DEBUG    Processing: '<pos_answer>54</pos_answer> <header>7EA</header><size>03</size><data>41 0D 54</data>'
2024-09-20 19:29:57,187  root       handle_response DEBUG    Write: '7E8 03 41 0D 54 \r7EA 03 41 0D 54 \r\r>'
2024-09-20 19:29:57,189  root       run        DEBUG    Received '010E1'
2024-09-20 19:29:57,189  root       handle_request DEBUG    Handling: '010E1', header '7E0', ECU '7E0'
2024-09-20 19:29:57,190  root       handle_request INFO     Unknown ELM command: '010E1', header=7E0
2024-09-20 19:29:57,191  root       handle_response DEBUG    Processing: '<writeln>?</writeln>'
2024-09-20 19:29:57,191  root       handle_response DEBUG    Write: '?\r\r>'
2024-09-20 19:29:57,192  root       run        DEBUG    Received '010F1'
2024-09-20 19:29:57,193  root       handle_request DEBUG    Handling: '010F1', header '7E0', ECU '7E0'
2024-09-20 19:29:57,193  root       handle_request DEBUG    Description: Intake Air Temp, PID INTAKE_TEMP (010F1)
2024-09-20 19:29:57,194  root       handle_response DEBUG    Processing: '<pos_answer>44</pos_answer>'
2024-09-20 19:29:57,195  root       handle_response DEBUG    Write: '7E8 03 41 0F 44 \r\r>'
2024-09-20 19:29:57,197  root       run        DEBUG    Received '01101'
2024-09-20 19:29:57,197  root       handle_request DEBUG    Handling: '01101', header '7E0', ECU '7E0'
2024-09-20 19:29:57,198  root       handle_request DEBUG    Description: Air Flow Rate (MAF), PID MAF (01101)
2024-09-20 19:29:57,198  root       handle_response DEBUG    Processing: '<pos_answer>05 1F</pos_answer>'
2024-09-20 19:29:57,198  root       handle_response DEBUG    Write: '7E8 04 41 10 05 1F \r\r>'
2024-09-20 19:29:57,200  root       run        DEBUG    Received '01111'
2024-09-20 19:29:57,200  root       handle_request DEBUG    Handling: '01111', header '7E0', ECU '7E0'
2024-09-20 19:29:57,200  root       handle_request DEBUG    Description: Throttle Position, PID THROTTLE_POS (01111)
2024-09-20 19:29:57,201  root       handle_response DEBUG    Processing: '<pos_answer>FF</pos_answer>'
2024-09-20 19:29:57,201  root       handle_response DEBUG    Write: '7E8 03 41 11 FF \r\r>'
2024-09-20 19:29:57,203  root       run        DEBUG    Received '01131'
2024-09-20 19:29:57,203  root       handle_request DEBUG    Handling: '01131', header '7E0', ECU '7E0'
2024-09-20 19:29:57,203  root       handle_request INFO     Unknown ELM command: '01131', header=7E0
2024-09-20 19:29:57,204  root       handle_response DEBUG    Processing: '<writeln>?</writeln>'
2024-09-20 19:29:57,204  root       handle_response DEBUG    Write: '?\r\r>'
2024-09-20 19:29:57,205  root       run        DEBUG    Received '01151'
2024-09-20 19:29:57,205  root       handle_request DEBUG    Handling: '01151', header '7E0', ECU '7E0'
2024-09-20 19:29:57,206  root       handle_request INFO     Unknown ELM command: '01151', header=7E0
2024-09-20 19:29:57,206  root       handle_response DEBUG    Processing: '<writeln>?</writeln>'
2024-09-20 19:29:57,206  root       handle_response DEBUG    Write: '?\r\r>'
2024-09-20 19:29:57,207  root       run        DEBUG    Received '011C1'
2024-09-20 19:29:57,207  root       handle_request DEBUG    Handling: '011C1', header '7E0', ECU '7E0'
2024-09-20 19:29:57,207  root       handle_request DEBUG    Description: OBD Standards Compliance, PID OBD_COMPLIANCE (011C1)
2024-09-20 19:29:57,207  root       handle_response DEBUG    Processing: '<pos_answer>06</pos_answer>'
2024-09-20 19:29:57,208  root       handle_response DEBUG    Write: '7E8 03 41 1C 06 \r\r>'
2024-09-20 19:29:57,208  root       run        DEBUG    Received '011F1'
2024-09-20 19:29:57,208  root       handle_request DEBUG    Handling: '011F1', header '7E0', ECU '7E0'
2024-09-20 19:29:57,209  root       handle_request DEBUG    Description: Engine Run Time, PID RUN_TIME (011F1)
2024-09-20 19:29:57,209  root       handle_response DEBUG    Processing: '<pos_answer>00 8C</pos_answer>'
2024-09-20 19:29:57,209  root       handle_response DEBUG    Write: '7E8 04 41 1F 00 8C \r\r>'
2024-09-20 19:29:57,210  root       run        DEBUG    Received '01211'
2024-09-20 19:29:57,210  root       handle_request DEBUG    Handling: '01211', header '7E0', ECU '7E0'
2024-09-20 19:29:57,210  root       handle_request DEBUG    Description: Distance Traveled with MIL on, PID DISTANCE_W_MIL (01211)
2024-09-20 19:29:57,210  root       handle_response DEBUG    Processing: '<pos_answer>00 00</pos_answer>'
2024-09-20 19:29:57,210  root       handle_response DEBUG    Write: '7E8 04 41 21 00 00 \r\r>'
2024-09-20 19:29:57,211  root       run        DEBUG    Received '01241'
2024-09-20 19:29:57,211  root       handle_request DEBUG    Handling: '01241', header '7E0', ECU '7E0'
2024-09-20 19:29:57,212  root       handle_request INFO     Unknown ELM command: '01241', header=7E0
2024-09-20 19:29:57,212  root       handle_response DEBUG    Processing: '<writeln>?</writeln>'
2024-09-20 19:29:57,212  root       handle_response DEBUG    Write: '?\r\r>'
2024-09-20 19:29:57,213  root       run        DEBUG    Received '012C1'
2024-09-20 19:29:57,213  root       handle_request DEBUG    Handling: '012C1', header '7E0', ECU '7E0'
2024-09-20 19:29:57,213  root       handle_request DEBUG    Description: Commanded EGR, PID COMMANDED_EGR (012C1)
2024-09-20 19:29:57,213  root       handle_response DEBUG    Processing: '<pos_answer>0D</pos_answer>'
2024-09-20 19:29:57,213  root       handle_response DEBUG    Write: '7E8 03 41 2C 0D \r\r>'
2024-09-20 19:29:57,214  root       run        DEBUG    Received '012E1'
2024-09-20 19:29:57,214  root       handle_request DEBUG    Handling: '012E1', header '7E0', ECU '7E0'
2024-09-20 19:29:57,215  root       handle_request INFO     Unknown ELM command: '012E1', header=7E0
2024-09-20 19:29:57,215  root       handle_response DEBUG    Processing: '<writeln>?</writeln>'
2024-09-20 19:29:57,215  root       handle_response DEBUG    Write: '?\r\r>'
2024-09-20 19:29:57,216  root       run        DEBUG    Received '01301'
2024-09-20 19:29:57,216  root       handle_request DEBUG    Handling: '01301', header '7E0', ECU '7E0'
2024-09-20 19:29:57,216  root       handle_request INFO     Unknown ELM command: '01301', header=7E0
2024-09-20 19:29:57,216  root       handle_response DEBUG    Processing: '<writeln>?</writeln>'
2024-09-20 19:29:57,216  root       handle_response DEBUG    Write: '?\r\r>'
2024-09-20 19:29:57,217  root       run        DEBUG    Received '01311'
2024-09-20 19:29:57,217  root       handle_request DEBUG    Handling: '01311', header '7E0', ECU '7E0'
2024-09-20 19:29:57,217  root       handle_request DEBUG    Description: Distance traveled since codes cleared, PID DISTANCE_SINCE_DTC_CLEAR (01311)
2024-09-20 19:29:57,217  root       handle_response DEBUG    Processing: '<pos_answer>C8 1F</pos_answer>'
2024-09-20 19:29:57,218  root       handle_response DEBUG    Write: '7E8 04 41 31 C8 1F \r\r>'
2024-09-20 19:29:57,218  root       run        DEBUG    Received '01331'
2024-09-20 19:29:57,218  root       handle_request DEBUG    Handling: '01331', header '7E0', ECU '7E0'
2024-09-20 19:29:57,218  root       handle_request DEBUG    Description: Barometric Pressure, PID BAROMETRIC_PRESSURE (01331)
2024-09-20 19:29:57,219  root       handle_response DEBUG    Processing: '<pos_answer>65</pos_answer>'
2024-09-20 19:29:57,219  root       handle_response DEBUG    Write: '7E8 03 41 33 65 \r\r>'
2024-09-20 19:29:57,219  root       run        DEBUG    Received '01341'
2024-09-20 19:29:57,219  root       handle_request DEBUG    Handling: '01341', header '7E0', ECU '7E0'
2024-09-20 19:29:57,220  root       handle_request INFO     Unknown ELM command: '01341', header=7E0
2024-09-20 19:29:57,220  root       handle_response DEBUG    Processing: '<writeln>?</writeln>'
2024-09-20 19:29:57,220  root       handle_response DEBUG    Write: '?\r\r>'
2024-09-20 19:29:57,221  root       run        DEBUG    Received '013C1'
2024-09-20 19:29:57,221  root       handle_request DEBUG    Handling: '013C1', header '7E0', ECU '7E0'
2024-09-20 19:29:57,221  root       handle_request DEBUG    Description: Catalyst Temperature: Bank 1 - Sensor 1, PID CATALYST_TEMP_B1S1 (013C1)
2024-09-20 19:29:57,221  root       handle_response DEBUG    Processing: '<pos_answer>04 44</pos_answer>'
2024-09-20 19:29:57,221  root       handle_response DEBUG    Write: '7E8 04 41 3C 04 44 \r\r>'
2024-09-20 19:29:57,222  root       run        DEBUG    Received '013E1'
2024-09-20 19:29:57,222  root       handle_request DEBUG    Handling: '013E1', header '7E0', ECU '7E0'
2024-09-20 19:29:57,223  root       handle_request INFO     Unknown ELM command: '013E1', header=7E0
2024-09-20 19:29:57,223  root       handle_response DEBUG    Processing: '<writeln>?</writeln>'
2024-09-20 19:29:57,223  root       handle_response DEBUG    Write: '?\r\r>'
2024-09-20 19:29:57,223  root       run        DEBUG    Received '01421'
2024-09-20 19:29:57,223  root       handle_request DEBUG    Handling: '01421', header '7E0', ECU '7E0'
2024-09-20 19:29:57,223  root       handle_request DEBUG    Description: Control module voltage, PID CONTROL_MODULE_VOLTAGE (01421)
2024-09-20 19:29:57,224  root       handle_response DEBUG    Processing: '<pos_answer>39 D6</pos_answer>'
2024-09-20 19:29:57,224  root       handle_response DEBUG    Write: '7E8 04 41 42 39 D6 \r\r>'
2024-09-20 19:29:57,224  root       run        DEBUG    Received '01431'
2024-09-20 19:29:57,224  root       handle_request DEBUG    Handling: '01431', header '7E0', ECU '7E0'
2024-09-20 19:29:57,224  root       handle_request INFO     Unknown ELM command: '01431', header=7E0
2024-09-20 19:29:57,225  root       handle_response DEBUG    Processing: '<writeln>?</writeln>'
2024-09-20 19:29:57,225  root       handle_response DEBUG    Write: '?\r\r>'
2024-09-20 19:29:57,225  root       run        DEBUG    Received '01441'
2024-09-20 19:29:57,225  root       handle_request DEBUG    Handling: '01441', header '7E0', ECU '7E0'
2024-09-20 19:29:57,226  root       handle_request INFO     Unknown ELM command: '01441', header=7E0
2024-09-20 19:29:57,226  root       handle_response DEBUG    Processing: '<writeln>?</writeln>'
2024-09-20 19:29:57,226  root       handle_response DEBUG    Write: '?\r\r>'
2024-09-20 19:29:57,226  root       run        DEBUG    Received '01451'
2024-09-20 19:29:57,226  root       handle_request DEBUG    Handling: '01451', header '7E0', ECU '7E0'
2024-09-20 19:29:57,226  root       handle_request INFO     Unknown ELM command: '01451', header=7E0
2024-09-20 19:29:57,227  root       handle_response DEBUG    Processing: '<writeln>?</writeln>'
2024-09-20 19:29:57,227  root       handle_response DEBUG    Write: '?\r\r>'
2024-09-20 19:29:57,227  root       run        DEBUG    Received '01471'
2024-09-20 19:29:57,227  root       handle_request DEBUG    Handling: '01471', header '7E0', ECU '7E0'
2024-09-20 19:29:57,227  root       handle_request INFO     Unknown ELM command: '01471', header=7E0
2024-09-20 19:29:57,228  root       handle_response DEBUG    Processing: '<writeln>?</writeln>'
2024-09-20 19:29:57,228  root       handle_response DEBUG    Write: '?\r\r>'
2024-09-20 19:29:57,228  root       run        DEBUG    Received '014C1'
2024-09-20 19:29:57,228  root       handle_request DEBUG    Handling: '014C1', header '7E0', ECU '7E0'
2024-09-20 19:29:57,228  root       handle_request DEBUG    Description: Commanded throttle actuator, PID THROTTLE_ACTUATOR (014C1)
2024-09-20 19:29:57,229  root       handle_response DEBUG    Processing: '<pos_answer>00</pos_answer>'
2024-09-20 19:29:57,229  root       handle_response DEBUG    Write: '7E8 03 41 4C 00 \r\r>'
2024-09-20 19:29:57,229  root       run        DEBUG    Received '014D1'
2024-09-20 19:29:57,230  root       handle_request DEBUG    Handling: '014D1', header '7E0', ECU '7E0'
2024-09-20 19:29:57,230  root       handle_request DEBUG    Description: Time run with MIL on, PID RUN_TIME_MIL (014D1)
2024-09-20 19:29:57,230  root       handle_response DEBUG    Processing: '<pos_answer>00 00</pos_answer>'
2024-09-20 19:29:57,230  root       handle_response DEBUG    Write: '7E8 04 41 4D 00 00 \r\r>'
2024-09-20 19:29:57,231  root       run        DEBUG    Received '014E1'
2024-09-20 19:29:57,231  root       handle_request DEBUG    Handling: '014E1', header '7E0', ECU '7E0'
2024-09-20 19:29:57,231  root       handle_request DEBUG    Description: Time since trouble codes cleared, PID TIME_SINCE_DTC_CLEARED (014E1)
2024-09-20 19:29:57,231  root       handle_response DEBUG    Processing: '<pos_answer>4C 69</pos_answer>'
2024-09-20 19:29:57,231  root       handle_response DEBUG    Write: '7E8 04 41 4E 4C 69 \r\r>'
2024-09-20 19:29:57,232  root       run        DEBUG    Received '01511'
2024-09-20 19:29:57,232  root       handle_request DEBUG    Handling: '01511', header '7E0', ECU '7E0'
2024-09-20 19:29:57,232  root       handle_request DEBUG    Description: Fuel Type, PID FUEL_TYPE (01511)
2024-09-20 19:29:57,232  root       handle_response DEBUG    Processing: '<pos_answer>01</pos_answer>'
2024-09-20 19:29:57,232  root       handle_response DEBUG    Write: '7E8 03 41 51 01 \r\r>'
2024-09-20 19:29:57,483  root       run        DEBUG    Received '01002'
2024-09-20 19:29:57,484  root       handle_request DEBUG    Handling: '01002', header '7E0', ECU '7E0'
2024-09-20 19:29:57,484  root       handle_request DEBUG    Description: PIDS_A, PID ELM_PIDS_A (01002)
2024-09-20 19:29:57,485  root       handle_response DEBUG    Processing: '<header>7EA</header><size>06</size><data>41 00 98 3A 80 13</data><pos_answer>BE 3F A8 13</pos_answer>'
2024-09-20 19:29:57,485  root       handle_response DEBUG    Write: '7EA 06 41 00 98 3A 80 13 \r7E8 06 41 00 BE 3F A8 13 \r\r>'
2024-09-20 19:29:57,486  root       run        DEBUG    Received '01202'
2024-09-20 19:29:57,487  root       handle_request DEBUG    Handling: '01202', header '7E0', ECU '7E0'
2024-09-20 19:29:57,487  root       handle_request DEBUG    Description: PIDS_B, PID ELM_PIDS_B (01202)
2024-09-20 19:29:57,488  root       handle_response DEBUG    Processing: '<header>7EA</header><size>06</size><data>41 20 80 01 A0 01</data><pos_answer>90 15 B0 15</pos_answer>'
2024-09-20 19:29:57,488  root       handle_response DEBUG    Write: '7EA 06 41 20 80 01 A0 01 \r7E8 06 41 20 90 15 B0 15 \r\r>'
2024-09-20 19:29:57,490  root       run        DEBUG    Received '01402'
2024-09-20 19:29:57,490  root       handle_request DEBUG    Handling: '01402', header '7E0', ECU '7E0'
2024-09-20 19:29:57,491  root       handle_request DEBUG    Description: PIDS_C, PID ELM_PIDS_C (01402)
2024-09-20 19:29:57,491  root       handle_response DEBUG    Processing: '<header>7EA</header><size>06</size><data>41 40 44 CC 00 21</data><pos_answer>7A 1C 80 00</pos_answer>'
2024-09-20 19:29:57,492  root       handle_response DEBUG    Write: '7EA 06 41 40 44 CC 00 21 \r7E8 06 41 40 7A 1C 80 00 \r\r>'
2024-09-20 19:29:57,493  root       run        DEBUG    Received '01011'
2024-09-20 19:29:57,494  root       handle_request DEBUG    Handling: '01011', header '7E0', ECU '7E0'
2024-09-20 19:29:57,496  root       handle_request INFO     Unknown ELM command: '01011', header=7E0
2024-09-20 19:29:57,496  root       handle_response DEBUG    Processing: '<writeln>?</writeln>'
2024-09-20 19:29:57,497  root       handle_response DEBUG    Write: '?\r\r>'
2024-09-20 19:29:57,504  root       run        DEBUG    Received '01031'
2024-09-20 19:29:57,504  root       handle_request DEBUG    Handling: '01031', header '7E0', ECU '7E0'
2024-09-20 19:29:57,505  root       handle_request DEBUG    Description: Fuel System Status, PID FUEL_STATUS (01031)
2024-09-20 19:29:57,505  root       handle_response DEBUG    Processing: '<pos_answer>00 00</pos_answer>'
2024-09-20 19:29:57,506  root       handle_response DEBUG    Write: '7E8 04 41 03 00 00 \r\r>'
2024-09-20 19:29:57,507  root       run        DEBUG    Received '01041'
2024-09-20 19:29:57,508  root       handle_request DEBUG    Handling: '01041', header '7E0', ECU '7E0'
2024-09-20 19:29:57,508  root       handle_request DEBUG    Description: Calculated Engine Load, PID ENGINE_LOAD (01041)
2024-09-20 19:29:57,508  root       handle_response DEBUG    Processing: '<pos_answer>00</pos_answer>'
2024-09-20 19:29:57,509  root       handle_response DEBUG    Write: '7E8 03 41 04 00 \r\r>'
2024-09-20 19:29:57,510  root       run        DEBUG    Received '01051'
2024-09-20 19:29:57,511  root       handle_request DEBUG    Handling: '01051', header '7E0', ECU '7E0'
2024-09-20 19:29:57,511  root       handle_request DEBUG    Description: Engine Coolant Temperature, PID COOLANT_TEMP (01051)
2024-09-20 19:29:57,512  root       handle_response DEBUG    Processing: '<pos_answer>7B</pos_answer>'
2024-09-20 19:29:57,512  root       handle_response DEBUG    Write: '7E8 03 41 05 7B \r\r>'
2024-09-20 19:29:57,514  root       run        DEBUG    Received '01061'
2024-09-20 19:29:57,515  root       handle_request DEBUG    Handling: '01061', header '7E0', ECU '7E0'
2024-09-20 19:29:57,516  root       handle_request INFO     Unknown ELM command: '01061', header=7E0
2024-09-20 19:29:57,517  root       handle_response DEBUG    Processing: '<writeln>?</writeln>'
2024-09-20 19:29:57,517  root       handle_response DEBUG    Write: '?\r\r>'
2024-09-20 19:29:57,519  root       run        DEBUG    Received '01071'
2024-09-20 19:29:57,519  root       handle_request DEBUG    Handling: '01071', header '7E0', ECU '7E0'
2024-09-20 19:29:57,520  root       handle_request INFO     Unknown ELM command: '01071', header=7E0
2024-09-20 19:29:57,521  root       handle_response DEBUG    Processing: '<writeln>?</writeln>'
2024-09-20 19:29:57,521  root       handle_response DEBUG    Write: '?\r\r>'
2024-09-20 19:29:57,523  root       run        DEBUG    Received '010B1'
2024-09-20 19:29:57,523  root       handle_request DEBUG    Handling: '010B1', header '7E0', ECU '7E0'
2024-09-20 19:29:57,524  root       handle_request DEBUG    Description: Intake Manifold Pressure, PID INTAKE_PRESSURE (010B1)
2024-09-20 19:29:57,524  root       handle_response DEBUG    Processing: '<pos_answer>73</pos_answer>'
2024-09-20 19:29:57,525  root       handle_response DEBUG    Write: '7E8 03 41 0B 73 \r\r>'
2024-09-20 19:29:57,526  root       run        DEBUG    Received '010C2'
2024-09-20 19:29:57,527  root       handle_request DEBUG    Handling: '010C2', header '7E0', ECU '7E0'
2024-09-20 19:29:57,527  root       handle_request DEBUG    Description: Engine RPM, PID RPM (010C2)
2024-09-20 19:29:57,528  root       handle_response DEBUG    Processing: '<pos_answer>16 80</pos_answer> <header>7EA</header><size>04</size><data>41 0C 16 80</data>'
2024-09-20 19:29:57,528  root       handle_response DEBUG    Write: '7E8 04 41 0C 16 80 \r7EA 04 41 0C 16 80 \r\r>'
2024-09-20 19:29:57,530  root       run        DEBUG    Received '010D2'
2024-09-20 19:29:57,531  root       handle_request DEBUG    Handling: '010D2', header '7E0', ECU '7E0'
2024-09-20 19:29:57,531  root       handle_request DEBUG    Description: Vehicle Speed, PID SPEED (010D2)
2024-09-20 19:29:57,531  root       handle_response DEBUG    Processing: '<pos_answer>58</pos_answer> <header>7EA</header><size>03</size><data>41 0D 58</data>'
2024-09-20 19:29:57,532  root       handle_response DEBUG    Write: '7E8 03 41 0D 58 \r7EA 03 41 0D 58 \r\r>'
2024-09-20 19:29:57,534  root       run        DEBUG    Received '010E1'
2024-09-20 19:29:57,534  root       handle_request DEBUG    Handling: '010E1', header '7E0', ECU '7E0'
2024-09-20 19:29:57,535  root       handle_request INFO     Unknown ELM command: '010E1', header=7E0
2024-09-20 19:29:57,536  root       handle_response DEBUG    Processing: '<writeln>?</writeln>'
2024-09-20 19:29:57,536  root       handle_response DEBUG    Write: '?\r\r>'
2024-09-20 19:29:57,537  root       run        DEBUG    Received '010F1'
2024-09-20 19:29:57,537  root       handle_request DEBUG    Handling: '010F1', header '7E0', ECU '7E0'
2024-09-20 19:29:57,538  root       handle_request DEBUG    Description: Intake Air Temp, PID INTAKE_TEMP (010F1)
2024-09-20 19:29:57,538  root       handle_response DEBUG    Processing: '<pos_answer>44</pos_answer>'
2024-09-20 19:29:57,538  root       handle_response DEBUG    Write: '7E8 03 41 0F 44 \r\r>'
2024-09-20 19:29:57,540  root       run        DEBUG    Received '01101'
2024-09-20 19:29:57,540  root       handle_request DEBUG    Handling: '01101', header '7E0', ECU '7E0'
2024-09-20 19:29:57,541  root       handle_request DEBUG    Description: Air Flow Rate (MAF), PID MAF (01101)
2024-09-20 19:29:57,541  root       handle_response DEBUG    Processing: '<pos_answer>05 1F</pos_answer>'
2024-09-20 19:29:57,541  root       handle_response DEBUG    Write: '7E8 04 41 10 05 1F \r\r>'
2024-09-20 19:29:57,542  root       run        DEBUG    Received '01111'
2024-09-20 19:29:57,542  root       handle_request DEBUG    Handling: '01111', header '7E0', ECU '7E0'
2024-09-20 19:29:57,543  root       handle_request DEBUG    Description: Throttle Position, PID THROTTLE_POS (01111)
2024-09-20 19:29:57,543  root       handle_response DEBUG    Processing: '<pos_answer>FF</pos_answer>'
2024-09-20 19:29:57,543  root       handle_response DEBUG    Write: '7E8 03 41 11 FF \r\r>'
2024-09-20 19:29:57,544  root       run        DEBUG    Received '01131'
2024-09-20 19:29:57,544  root       handle_request DEBUG    Handling: '01131', header '7E0', ECU '7E0'
2024-09-20 19:29:57,545  root       handle_request INFO     Unknown ELM command: '01131', header=7E0
2024-09-20 19:29:57,545  root       handle_response DEBUG    Processing: '<writeln>?</writeln>'
2024-09-20 19:29:57,545  root       handle_response DEBUG    Write: '?\r\r>'
2024-09-20 19:29:57,546  root       run        DEBUG    Received '01151'
2024-09-20 19:29:57,546  root       handle_request DEBUG    Handling: '01151', header '7E0', ECU '7E0'
2024-09-20 19:29:57,547  root       handle_request INFO     Unknown ELM command: '01151', header=7E0
2024-09-20 19:29:57,547  root       handle_response DEBUG    Processing: '<writeln>?</writeln>'
2024-09-20 19:29:57,548  root       handle_response DEBUG    Write: '?\r\r>'
2024-09-20 19:29:57,548  root       run        DEBUG    Received '011C1'
2024-09-20 19:29:57,549  root       handle_request DEBUG    Handling: '011C1', header '7E0', ECU '7E0'
2024-09-20 19:29:57,549  root       handle_request DEBUG    Description: OBD Standards Compliance, PID OBD_COMPLIANCE (011C1)
2024-09-20 19:29:57,549  root       handle_response DEBUG    Processing: '<pos_answer>06</pos_answer>'
2024-09-20 19:29:57,549  root       handle_response DEBUG    Write: '7E8 03 41 1C 06 \r\r>'
2024-09-20 19:29:57,550  root       run        DEBUG    Received '011F1'
2024-09-20 19:29:57,550  root       handle_request DEBUG    Handling: '011F1', header '7E0', ECU '7E0'
2024-09-20 19:29:57,550  root       handle_request DEBUG    Description: Engine Run Time, PID RUN_TIME (011F1)
2024-09-20 19:29:57,550  root       handle_response DEBUG    Processing: '<pos_answer>00 8C</pos_answer>'
2024-09-20 19:29:57,550  root       handle_response DEBUG    Write: '7E8 04 41 1F 00 8C \r\r>'
2024-09-20 19:29:57,551  root       run        DEBUG    Received '01211'
2024-09-20 19:29:57,551  root       handle_request DEBUG    Handling: '01211', header '7E0', ECU '7E0'
2024-09-20 19:29:57,551  root       handle_request DEBUG    Description: Distance Traveled with MIL on, PID DISTANCE_W_MIL (01211)
2024-09-20 19:29:57,551  root       handle_response DEBUG    Processing: '<pos_answer>00 00</pos_answer>'
2024-09-20 19:29:57,552  root       handle_response DEBUG    Write: '7E8 04 41 21 00 00 \r\r>'
2024-09-20 19:29:57,552  root       run        DEBUG    Received '01241'
2024-09-20 19:29:57,552  root       handle_request DEBUG    Handling: '01241', header '7E0', ECU '7E0'
2024-09-20 19:29:57,553  root       handle_request INFO     Unknown ELM command: '01241', header=7E0
2024-09-20 19:29:57,553  root       handle_response DEBUG    Processing: '<writeln>?</writeln>'
2024-09-20 19:29:57,553  root       handle_response DEBUG    Write: '?\r\r>'
2024-09-20 19:29:57,554  root       run        DEBUG    Received '012C1'
2024-09-20 19:29:57,554  root       handle_request DEBUG    Handling: '012C1', header '7E0', ECU '7E0'
2024-09-20 19:29:57,554  root       handle_request DEBUG    Description: Commanded EGR, PID COMMANDED_EGR (012C1)
2024-09-20 19:29:57,554  root       handle_response DEBUG    Processing: '<pos_answer>0D</pos_answer>'
2024-09-20 19:29:57,554  root       handle_response DEBUG    Write: '7E8 03 41 2C 0D \r\r>'
2024-09-20 19:29:57,555  root       run        DEBUG    Received '012E1'
2024-09-20 19:29:57,555  root       handle_request DEBUG    Handling: '012E1', header '7E0', ECU '7E0'
2024-09-20 19:29:57,556  root       handle_request INFO     Unknown ELM command: '012E1', header=7E0
2024-09-20 19:29:57,556  root       handle_response DEBUG    Processing: '<writeln>?</writeln>'
2024-09-20 19:29:57,556  root       handle_response DEBUG    Write: '?\r\r>'
2024-09-20 19:29:57,556  root       run        DEBUG    Received '01301'
2024-09-20 19:29:57,557  root       handle_request DEBUG    Handling: '01301', header '7E0', ECU '7E0'
2024-09-20 19:29:57,557  root       handle_request INFO     Unknown ELM command: '01301', header=7E0
2024-09-20 19:29:57,557  root       handle_response DEBUG    Processing: '<writeln>?</writeln>'
2024-09-20 19:29:57,557  root       handle_response DEBUG    Write: '?\r\r>'
2024-09-20 19:29:57,558  root       run        DEBUG    Received '01311'
2024-09-20 19:29:57,558  root       handle_request DEBUG    Handling: '01311', header '7E0', ECU '7E0'
2024-09-20 19:29:57,558  root       handle_request DEBUG    Description: Distance traveled since codes cleared, PID DISTANCE_SINCE_DTC_CLEAR (01311)
2024-09-20 19:29:57,558  root       handle_response DEBUG    Processing: '<pos_answer>C8 1F</pos_answer>'
2024-09-20 19:29:57,559  root       handle_response DEBUG    Write: '7E8 04 41 31 C8 1F \r\r>'
2024-09-20 19:29:57,559  root       run        DEBUG    Received '01331'
2024-09-20 19:29:57,559  root       handle_request DEBUG    Handling: '01331', header '7E0', ECU '7E0'
2024-09-20 19:29:57,559  root       handle_request DEBUG    Description: Barometric Pressure, PID BAROMETRIC_PRESSURE (01331)
2024-09-20 19:29:57,560  root       handle_response DEBUG    Processing: '<pos_answer>65</pos_answer>'
2024-09-20 19:29:57,560  root       handle_response DEBUG    Write: '7E8 03 41 33 65 \r\r>'
2024-09-20 19:29:57,560  root       run        DEBUG    Received '01341'
2024-09-20 19:29:57,561  root       handle_request DEBUG    Handling: '01341', header '7E0', ECU '7E0'
2024-09-20 19:29:57,561  root       handle_request INFO     Unknown ELM command: '01341', header=7E0
2024-09-20 19:29:57,561  root       handle_response DEBUG    Processing: '<writeln>?</writeln>'
2024-09-20 19:29:57,561  root       handle_response DEBUG    Write: '?\r\r>'
2024-09-20 19:29:57,562  root       run        DEBUG    Received '013C1'
2024-09-20 19:29:57,562  root       handle_request DEBUG    Handling: '013C1', header '7E0', ECU '7E0'
2024-09-20 19:29:57,562  root       handle_request DEBUG    Description: Catalyst Temperature: Bank 1 - Sensor 1, PID CATALYST_TEMP_B1S1 (013C1)
2024-09-20 19:29:57,562  root       handle_response DEBUG    Processing: '<pos_answer>04 44</pos_answer>'
2024-09-20 19:29:57,563  root       handle_response DEBUG    Write: '7E8 04 41 3C 04 44 \r\r>'
2024-09-20 19:29:57,564  root       run        DEBUG    Received '013E1'
2024-09-20 19:29:57,564  root       handle_request DEBUG    Handling: '013E1', header '7E0', ECU '7E0'
2024-09-20 19:29:57,564  root       handle_request INFO     Unknown ELM command: '013E1', header=7E0
2024-09-20 19:29:57,565  root       handle_response DEBUG    Processing: '<writeln>?</writeln>'
2024-09-20 19:29:57,565  root       handle_response DEBUG    Write: '?\r\r>'
2024-09-20 19:29:57,565  root       run        DEBUG    Received '01421'
2024-09-20 19:29:57,566  root       handle_request DEBUG    Handling: '01421', header '7E0', ECU '7E0'
2024-09-20 19:29:57,566  root       handle_request DEBUG    Description: Control module voltage, PID CONTROL_MODULE_VOLTAGE (01421)
2024-09-20 19:29:57,566  root       handle_response DEBUG    Processing: '<pos_answer>39 D6</pos_answer>'
2024-09-20 19:29:57,566  root       handle_response DEBUG    Write: '7E8 04 41 42 39 D6 \r\r>'
2024-09-20 19:29:57,567  root       run        DEBUG    Received '01431'
2024-09-20 19:29:57,567  root       handle_request DEBUG    Handling: '01431', header '7E0', ECU '7E0'
2024-09-20 19:29:57,567  root       handle_request INFO     Unknown ELM command: '01431', header=7E0
2024-09-20 19:29:57,567  root       handle_response DEBUG    Processing: '<writeln>?</writeln>'
2024-09-20 19:29:57,568  root       handle_response DEBUG    Write: '?\r\r>'
2024-09-20 19:29:57,568  root       run        DEBUG    Received '01441'
2024-09-20 19:29:57,568  root       handle_request DEBUG    Handling: '01441', header '7E0', ECU '7E0'
2024-09-20 19:29:57,569  root       handle_request INFO     Unknown ELM command: '01441', header=7E0
2024-09-20 19:29:57,569  root       handle_response DEBUG    Processing: '<writeln>?</writeln>'
2024-09-20 19:29:57,569  root       handle_response DEBUG    Write: '?\r\r>'
2024-09-20 19:29:57,570  root       run        DEBUG    Received '01451'
2024-09-20 19:29:57,570  root       handle_request DEBUG    Handling: '01451', header '7E0', ECU '7E0'
2024-09-20 19:29:57,570  root       handle_request INFO     Unknown ELM command: '01451', header=7E0
2024-09-20 19:29:57,570  root       handle_response DEBUG    Processing: '<writeln>?</writeln>'
2024-09-20 19:29:57,571  root       handle_response DEBUG    Write: '?\r\r>'
2024-09-20 19:29:57,571  root       run        DEBUG    Received '01471'
2024-09-20 19:29:57,571  root       handle_request DEBUG    Handling: '01471', header '7E0', ECU '7E0'
2024-09-20 19:29:57,572  root       handle_request INFO     Unknown ELM command: '01471', header=7E0
2024-09-20 19:29:57,572  root       handle_response DEBUG    Processing: '<writeln>?</writeln>'
2024-09-20 19:29:57,572  root       handle_response DEBUG    Write: '?\r\r>'
2024-09-20 19:29:57,572  root       run        DEBUG    Received '014C1'
2024-09-20 19:29:57,573  root       handle_request DEBUG    Handling: '014C1', header '7E0', ECU '7E0'
2024-09-20 19:29:57,573  root       handle_request DEBUG    Description: Commanded throttle actuator, PID THROTTLE_ACTUATOR (014C1)
2024-09-20 19:29:57,573  root       handle_response DEBUG    Processing: '<pos_answer>00</pos_answer>'
2024-09-20 19:29:57,573  root       handle_response DEBUG    Write: '7E8 03 41 4C 00 \r\r>'
2024-09-20 19:29:57,574  root       run        DEBUG    Received '014D1'
2024-09-20 19:29:57,574  root       handle_request DEBUG    Handling: '014D1', header '7E0', ECU '7E0'
2024-09-20 19:29:57,574  root       handle_request DEBUG    Description: Time run with MIL on, PID RUN_TIME_MIL (014D1)
2024-09-20 19:29:57,574  root       handle_response DEBUG    Processing: '<pos_answer>00 00</pos_answer>'
2024-09-20 19:29:57,574  root       handle_response DEBUG    Write: '7E8 04 41 4D 00 00 \r\r>'
2024-09-20 19:29:57,575  root       run        DEBUG    Received '014E1'
2024-09-20 19:29:57,575  root       handle_request DEBUG    Handling: '014E1', header '7E0', ECU '7E0'
2024-09-20 19:29:57,575  root       handle_request DEBUG    Description: Time since trouble codes cleared, PID TIME_SINCE_DTC_CLEARED (014E1)
2024-09-20 19:29:57,575  root       handle_response DEBUG    Processing: '<pos_answer>4C 69</pos_answer>'
2024-09-20 19:29:57,576  root       handle_response DEBUG    Write: '7E8 04 41 4E 4C 69 \r\r>'
2024-09-20 19:29:57,576  root       run        DEBUG    Received '01511'
2024-09-20 19:29:57,576  root       handle_request DEBUG    Handling: '01511', header '7E0', ECU '7E0'
2024-09-20 19:29:57,577  root       handle_request DEBUG    Description: Fuel Type, PID FUEL_TYPE (01511)
2024-09-20 19:29:57,577  root       handle_response DEBUG    Processing: '<pos_answer>01</pos_answer>'
2024-09-20 19:29:57,577  root       handle_response DEBUG    Write: '7E8 03 41 51 01 \r\r>'
2024-09-20 19:29:57,828  root       run        DEBUG    Received '01002'
2024-09-20 19:29:57,828  root       handle_request DEBUG    Handling: '01002', header '7E0', ECU '7E0'
2024-09-20 19:29:57,829  root       handle_request DEBUG    Description: PIDS_A, PID ELM_PIDS_A (01002)
2024-09-20 19:29:57,829  root       handle_response DEBUG    Processing: '<header>7EA</header><size>06</size><data>41 00 98 3A 80 13</data><pos_answer>BE 3F A8 13</pos_answer>'
2024-09-20 19:29:57,830  root       handle_response DEBUG    Write: '7EA 06 41 00 98 3A 80 13 \r7E8 06 41 00 BE 3F A8 13 \r\r>'
2024-09-20 19:29:57,831  root       run        DEBUG    Received '01202'
2024-09-20 19:29:57,832  root       handle_request DEBUG    Handling: '01202', header '7E0', ECU '7E0'
2024-09-20 19:29:57,832  root       handle_request DEBUG    Description: PIDS_B, PID ELM_PIDS_B (01202)
2024-09-20 19:29:57,833  root       handle_response DEBUG    Processing: '<header>7EA</header><size>06</size><data>41 20 80 01 A0 01</data><pos_answer>90 15 B0 15</pos_answer>'
2024-09-20 19:29:57,834  root       handle_response DEBUG    Write: '7EA 06 41 20 80 01 A0 01 \r7E8 06 41 20 90 15 B0 15 \r\r>'
2024-09-20 19:29:57,835  root       run        DEBUG    Received '01402'
2024-09-20 19:29:57,836  root       handle_request DEBUG    Handling: '01402', header '7E0', ECU '7E0'
2024-09-20 19:29:57,836  root       handle_request DEBUG    Description: PIDS_C, PID ELM_PIDS_C (01402)
2024-09-20 19:29:57,837  root       handle_response DEBUG    Processing: '<header>7EA</header><size>06</size><data>41 40 44 CC 00 21</data><pos_answer>7A 1C 80 00</pos_answer>'
2024-09-20 19:29:57,837  root       handle_response DEBUG    Write: '7EA 06 41 40 44 CC 00 21 \r7E8 06 41 40 7A 1C 80 00 \r\r>'
2024-09-20 19:29:57,838  root       run        DEBUG    Received '01011'
2024-09-20 19:29:57,839  root       handle_request DEBUG    Handling: '01011', header '7E0', ECU '7E0'
2024-09-20 19:29:57,840  root       handle_request INFO     Unknown ELM command: '01011', header=7E0
2024-09-20 19:29:57,840  root       handle_response DEBUG    Processing: '<writeln>?</writeln>'
2024-09-20 19:29:57,841  root       handle_response DEBUG    Write: '?\r\r>'
2024-09-20 19:29:57,848  root       run        DEBUG    Received '01031'
2024-09-20 19:29:57,848  root       handle_request DEBUG    Handling: '01031', header '7E0', ECU '7E0'
2024-09-20 19:29:57,849  root       handle_request DEBUG    Description: Fuel System Status, PID FUEL_STATUS (01031)
2024-09-20 19:29:57,849  root       handle_response DEBUG    Processing: '<pos_answer>00 00</pos_answer>'
2024-09-20 19:29:57,850  root       handle_response DEBUG    Write: '7E8 04 41 03 00 00 \r\r>'
2024-09-20 19:29:57,851  root       run        DEBUG    Received '01041'
2024-09-20 19:29:57,852  root       handle_request DEBUG    Handling: '01041', header '7E0', ECU '7E0'
2024-09-20 19:29:57,852  root       handle_request DEBUG    Description: Calculated Engine Load, PID ENGINE_LOAD (01041)
2024-09-20 19:29:57,853  root       handle_response DEBUG    Processing: '<pos_answer>00</pos_answer>'
2024-09-20 19:29:57,853  root       handle_response DEBUG    Write: '7E8 03 41 04 00 \r\r>'
2024-09-20 19:29:57,855  root       run        DEBUG    Received '01051'
2024-09-20 19:29:57,855  root       handle_request DEBUG    Handling: '01051', header '7E0', ECU '7E0'
2024-09-20 19:29:57,856  root       handle_request DEBUG    Description: Engine Coolant Temperature, PID COOLANT_TEMP (01051)
2024-09-20 19:29:57,856  root       handle_response DEBUG    Processing: '<pos_answer>7B</pos_answer>'
2024-09-20 19:29:57,857  root       handle_response DEBUG    Write: '7E8 03 41 05 7B \r\r>'
2024-09-20 19:29:57,859  root       run        DEBUG    Received '01061'
2024-09-20 19:29:57,859  root       handle_request DEBUG    Handling: '01061', header '7E0', ECU '7E0'
2024-09-20 19:29:57,861  root       handle_request INFO     Unknown ELM command: '01061', header=7E0
2024-09-20 19:29:57,862  root       handle_response DEBUG    Processing: '<writeln>?</writeln>'
2024-09-20 19:29:57,863  root       handle_response DEBUG    Write: '?\r\r>'
2024-09-20 19:29:57,864  root       run        DEBUG    Received '01071'
2024-09-20 19:29:57,865  root       handle_request DEBUG    Handling: '01071', header '7E0', ECU '7E0'
2024-09-20 19:29:57,866  root       handle_request INFO     Unknown ELM command: '01071', header=7E0
2024-09-20 19:29:57,867  root       handle_response DEBUG    Processing: '<writeln>?</writeln>'
2024-09-20 19:29:57,868  root       handle_response DEBUG    Write: '?\r\r>'
2024-09-20 19:29:57,869  root       run        DEBUG    Received '010B1'
2024-09-20 19:29:57,870  root       handle_request DEBUG    Handling: '010B1', header '7E0', ECU '7E0'
2024-09-20 19:29:57,870  root       handle_request DEBUG    Description: Intake Manifold Pressure, PID INTAKE_PRESSURE (010B1)
2024-09-20 19:29:57,870  root       handle_response DEBUG    Processing: '<pos_answer>73</pos_answer>'
2024-09-20 19:29:57,871  root       handle_response DEBUG    Write: '7E8 03 41 0B 73 \r\r>'
2024-09-20 19:29:57,873  root       run        DEBUG    Received '010C2'
2024-09-20 19:29:57,873  root       handle_request DEBUG    Handling: '010C2', header '7E0', ECU '7E0'
2024-09-20 19:29:57,873  root       handle_request DEBUG    Description: Engine RPM, PID RPM (010C2)
2024-09-20 19:29:57,874  root       handle_response DEBUG    Processing: '<pos_answer>16 D0</pos_answer> <header>7EA</header><size>04</size><data>41 0C 16 D0</data>'
2024-09-20 19:29:57,874  root       handle_response DEBUG    Write: '7E8 04 41 0C 16 D0 \r7EA 04 41 0C 16 D0 \r\r>'
2024-09-20 19:29:57,876  root       run        DEBUG    Received '010D2'
2024-09-20 19:29:57,876  root       handle_request DEBUG    Handling: '010D2', header '7E0', ECU '7E0'
2024-09-20 19:29:57,877  root       handle_request DEBUG    Description: Vehicle Speed, PID SPEED (010D2)
2024-09-20 19:29:57,877  root       handle_response DEBUG    Processing: '<pos_answer>5C</pos_answer> <header>7EA</header><size>03</size><data>41 0D 5C</data>'
2024-09-20 19:29:57,878  root       handle_response DEBUG    Write: '7E8 03 41 0D 5C \r7EA 03 41 0D 5C \r\r>'
2024-09-20 19:29:57,880  root       run        DEBUG    Received '010E1'
2024-09-20 19:29:57,880  root       handle_request DEBUG    Handling: '010E1', header '7E0', ECU '7E0'
2024-09-20 19:29:57,882  root       handle_request INFO     Unknown ELM command: '010E1', header=7E0
2024-09-20 19:29:57,882  root       handle_response DEBUG    Processing: '<writeln>?</writeln>'
2024-09-20 19:29:57,883  root       handle_response DEBUG    Write: '?\r\r>'
2024-09-20 19:29:57,884  root       run        DEBUG    Received '010F1'
2024-09-20 19:29:57,885  root       handle_request DEBUG    Handling: '010F1', header '7E0', ECU '7E0'
2024-09-20 19:29:57,886  root       handle_request DEBUG    Description: Intake Air Temp, PID INTAKE_TEMP (010F1)
2024-09-20 19:29:57,886  root       handle_response DEBUG    Processing: '<pos_answer>44</pos_answer>'
2024-09-20 19:29:57,886  root       handle_response DEBUG    Write: '7E8 03 41 0F 44 \r\r>'
2024-09-20 19:29:57,888  root       run        DEBUG    Received '01101'
2024-09-20 19:29:57,888  root       handle_request DEBUG    Handling: '01101', header '7E0', ECU '7E0'
2024-09-20 19:29:57,889  root       handle_request DEBUG    Description: Air Flow Rate (MAF), PID MAF (01101)
2024-09-20 19:29:57,889  root       handle_response DEBUG    Processing: '<pos_answer>05 1F</pos_answer>'
2024-09-20 19:29:57,890  root       handle_response DEBUG    Write: '7E8 04 41 10 05 1F \r\r>'
2024-09-20 19:29:57,891  root       run        DEBUG    Received '01111'
2024-09-20 19:29:57,891  root       handle_request DEBUG    Handling: '01111', header '7E0', ECU '7E0'
2024-09-20 19:29:57,892  root       handle_request DEBUG    Description: Throttle Position, PID THROTTLE_POS (01111)
2024-09-20 19:29:57,892  root       handle_response DEBUG    Processing: '<pos_answer>FF</pos_answer>'
2024-09-20 19:29:57,892  root       handle_response DEBUG    Write: '7E8 03 41 11 FF \r\r>'
2024-09-20 19:29:57,893  root       run        DEBUG    Received '01131'
2024-09-20 19:29:57,894  root       handle_request DEBUG    Handling: '01131', header '7E0', ECU '7E0'
2024-09-20 19:29:57,895  root       handle_request INFO     Unknown ELM command: '01131', header=7E0
2024-09-20 19:29:57,895  root       handle_response DEBUG    Processing: '<writeln>?</writeln>'
2024-09-20 19:29:57,895  root       handle_response DEBUG    Write: '?\r\r>'
2024-09-20 19:29:57,896  root       run        DEBUG    Received '01151'
2024-09-20 19:29:57,896  root       handle_request DEBUG    Handling: '01151', header '7E0', ECU '7E0'
2024-09-20 19:29:57,897  root       handle_request INFO     Unknown ELM command: '01151', header=7E0
2024-09-20 19:29:57,897  root       handle_response DEBUG    Processing: '<writeln>?</writeln>'
2024-09-20 19:29:57,898  root       handle_response DEBUG    Write: '?\r\r>'
2024-09-20 19:29:57,898  root       run        DEBUG    Received '011C1'
2024-09-20 19:29:57,898  root       handle_request DEBUG    Handling: '011C1', header '7E0', ECU '7E0'
2024-09-20 19:29:57,899  root       handle_request DEBUG    Description: OBD Standards Compliance, PID OBD_COMPLIANCE (011C1)
2024-09-20 19:29:57,899  root       handle_response DEBUG    Processing: '<pos_answer>06</pos_answer>'
2024-09-20 19:29:57,899  root       handle_response DEBUG    Write: '7E8 03 41 1C 06 \r\r>'
2024-09-20 19:29:57,900  root       run        DEBUG    Received '011F1'
2024-09-20 19:29:57,900  root       handle_request DEBUG    Handling: '011F1', header '7E0', ECU '7E0'
2024-09-20 19:29:57,900  root       handle_request DEBUG    Description: Engine Run Time, PID RUN_TIME (011F1)
2024-09-20 19:29:57,900  root       handle_response DEBUG    Processing: '<pos_answer>00 8C</pos_answer>'
2024-09-20 19:29:57,900  root       handle_response DEBUG    Write: '7E8 04 41 1F 00 8C \r\r>'
2024-09-20 19:29:57,901  root       run        DEBUG    Received '01211'
2024-09-20 19:29:57,901  root       handle_request DEBUG    Handling: '01211', header '7E0', ECU '7E0'
2024-09-20 19:29:57,901  root       handle_request DEBUG    Description: Distance Traveled with MIL on, PID DISTANCE_W_MIL (01211)
2024-09-20 19:29:57,901  root       handle_response DEBUG    Processing: '<pos_answer>00 00</pos_answer>'
2024-09-20 19:29:57,902  root       handle_response DEBUG    Write: '7E8 04 41 21 00 00 \r\r>'
2024-09-20 19:29:57,902  root       run        DEBUG    Received '01241'
2024-09-20 19:29:57,902  root       handle_request DEBUG    Handling: '01241', header '7E0', ECU '7E0'
2024-09-20 19:29:57,903  root       handle_request INFO     Unknown ELM command: '01241', header=7E0
2024-09-20 19:29:57,903  root       handle_response DEBUG    Processing: '<writeln>?</writeln>'
2024-09-20 19:29:57,903  root       handle_response DEBUG    Write: '?\r\r>'
2024-09-20 19:29:57,903  root       run        DEBUG    Received '012C1'
2024-09-20 19:29:57,903  root       handle_request DEBUG    Handling: '012C1', header '7E0', ECU '7E0'
2024-09-20 19:29:57,903  root       handle_request DEBUG    Description: Commanded EGR, PID COMMANDED_EGR (012C1)
2024-09-20 19:29:57,904  root       handle_response DEBUG    Processing: '<pos_answer>0D</pos_answer>'
2024-09-20 19:29:57,904  root       handle_response DEBUG    Write: '7E8 03 41 2C 0D \r\r>'
2024-09-20 19:29:57,904  root       run        DEBUG    Received '012E1'
2024-09-20 19:29:57,904  root       handle_request DEBUG    Handling: '012E1', header '7E0', ECU '7E0'
2024-09-20 19:29:57,904  root       handle_request INFO     Unknown ELM command: '012E1', header=7E0
2024-09-20 19:29:57,904  root       handle_response DEBUG    Processing: '<writeln>?</writeln>'
2024-09-20 19:29:57,905  root       handle_response DEBUG    Write: '?\r\r>'
2024-09-20 19:29:57,905  root       run        DEBUG    Received '01301'
2024-09-20 19:29:57,905  root       handle_request DEBUG    Handling: '01301', header '7E0', ECU '7E0'
2024-09-20 19:29:57,905  root       handle_request INFO     Unknown ELM command: '01301', header=7E0
2024-09-20 19:29:57,905  root       handle_response DEBUG    Processing: '<writeln>?</writeln>'
2024-09-20 19:29:57,905  root       handle_response DEBUG    Write: '?\r\r>'
2024-09-20 19:29:57,906  root       run        DEBUG    Received '01311'
2024-09-20 19:29:57,906  root       handle_request DEBUG    Handling: '01311', header '7E0', ECU '7E0'
2024-09-20 19:29:57,906  root       handle_request DEBUG    Description: Distance traveled since codes cleared, PID DISTANCE_SINCE_DTC_CLEAR (01311)
2024-09-20 19:29:57,906  root       handle_response DEBUG    Processing: '<pos_answer>C8 1F</pos_answer>'
2024-09-20 19:29:57,906  root       handle_response DEBUG    Write: '7E8 04 41 31 C8 1F \r\r>'
2024-09-20 19:29:57,907  root       run        DEBUG    Received '01331'
2024-09-20 19:29:57,907  root       handle_request DEBUG    Handling: '01331', header '7E0', ECU '7E0'
2024-09-20 19:29:57,907  root       handle_request DEBUG    Description: Barometric Pressure, PID BAROMETRIC_PRESSURE (01331)
2024-09-20 19:29:57,907  root       handle_response DEBUG    Processing: '<pos_answer>65</pos_answer>'
2024-09-20 19:29:57,907  root       handle_response DEBUG    Write: '7E8 03 41 33 65 \r\r>'
2024-09-20 19:29:57,907  root       run        DEBUG    Received '01341'
2024-09-20 19:29:57,908  root       handle_request DEBUG    Handling: '01341', header '7E0', ECU '7E0'
2024-09-20 19:29:57,908  root       handle_request INFO     Unknown ELM command: '01341', header=7E0
2024-09-20 19:29:57,908  root       handle_response DEBUG    Processing: '<writeln>?</writeln>'
2024-09-20 19:29:57,908  root       handle_response DEBUG    Write: '?\r\r>'
2024-09-20 19:29:57,908  root       run        DEBUG    Received '013C1'
2024-09-20 19:29:57,908  root       handle_request DEBUG    Handling: '013C1', header '7E0', ECU '7E0'
2024-09-20 19:29:57,908  root       handle_request DEBUG    Description: Catalyst Temperature: Bank 1 - Sensor 1, PID CATALYST_TEMP_B1S1 (013C1)
2024-09-20 19:29:57,909  root       handle_response DEBUG    Processing: '<pos_answer>04 44</pos_answer>'
2024-09-20 19:29:57,909  root       handle_response DEBUG    Write: '7E8 04 41 3C 04 44 \r\r>'
2024-09-20 19:29:57,909  root       run        DEBUG    Received '013E1'
2024-09-20 19:29:57,909  root       handle_request DEBUG    Handling: '013E1', header '7E0', ECU '7E0'
2024-09-20 19:29:57,909  root       handle_request INFO     Unknown ELM command: '013E1', header=7E0
2024-09-20 19:29:57,909  root       handle_response DEBUG    Processing: '<writeln>?</writeln>'
2024-09-20 19:29:57,910  root       handle_response DEBUG    Write: '?\r\r>'
2024-09-20 19:29:57,910  root       run        DEBUG    Received '01421'
2024-09-20 19:29:57,910  root       handle_request DEBUG    Handling: '01421', header '7E0', ECU '7E0'
2024-09-20 19:29:57,910  root       handle_request DEBUG    Description: Control module voltage, PID CONTROL_MODULE_VOLTAGE (01421)
2024-09-20 19:29:57,910  root       handle_response DEBUG    Processing: '<pos_answer>39 D6</pos_answer>'
2024-09-20 19:29:57,910  root       handle_response DEBUG    Write: '7E8 04 41 42 39 D6 \r\r>'
2024-09-20 19:29:57,911  root       run        DEBUG    Received '01431'
2024-09-20 19:29:57,911  root       handle_request DEBUG    Handling: '01431', header '7E0', ECU '7E0'
2024-09-20 19:29:57,912  root       handle_request INFO     Unknown ELM command: '01431', header=7E0
2024-09-20 19:29:57,912  root       handle_response DEBUG    Processing: '<writeln>?</writeln>'
2024-09-20 19:29:57,912  root       handle_response DEBUG    Write: '?\r\r>'
2024-09-20 19:29:57,913  root       run        DEBUG    Received '01441'
2024-09-20 19:29:57,913  root       handle_request DEBUG    Handling: '01441', header '7E0', ECU '7E0'
2024-09-20 19:29:57,914  root       handle_request INFO     Unknown ELM command: '01441', header=7E0
2024-09-20 19:29:57,914  root       handle_response DEBUG    Processing: '<writeln>?</writeln>'
2024-09-20 19:29:57,914  root       handle_response DEBUG    Write: '?\r\r>'
2024-09-20 19:29:57,915  root       run        DEBUG    Received '01451'
2024-09-20 19:29:57,915  root       handle_request DEBUG    Handling: '01451', header '7E0', ECU '7E0'
2024-09-20 19:29:57,915  root       handle_request INFO     Unknown ELM command: '01451', header=7E0
2024-09-20 19:29:57,915  root       handle_response DEBUG    Processing: '<writeln>?</writeln>'
2024-09-20 19:29:57,916  root       handle_response DEBUG    Write: '?\r\r>'
2024-09-20 19:29:57,916  root       run        DEBUG    Received '01471'
2024-09-20 19:29:57,916  root       handle_request DEBUG    Handling: '01471', header '7E0', ECU '7E0'
2024-09-20 19:29:57,916  root       handle_request INFO     Unknown ELM command: '01471', header=7E0
2024-09-20 19:29:57,916  root       handle_response DEBUG    Processing: '<writeln>?</writeln>'
2024-09-20 19:29:57,917  root       handle_response DEBUG    Write: '?\r\r>'
2024-09-20 19:29:57,917  root       run        DEBUG    Received '014C1'
2024-09-20 19:29:57,917  root       handle_request DEBUG    Handling: '014C1', header '7E0', ECU '7E0'
2024-09-20 19:29:57,917  root       handle_request DEBUG    Description: Commanded throttle actuator, PID THROTTLE_ACTUATOR (014C1)
2024-09-20 19:29:57,917  root       handle_response DEBUG    Processing: '<pos_answer>00</pos_answer>'
2024-09-20 19:29:57,917  root       handle_response DEBUG    Write: '7E8 03 41 4C 00 \r\r>'
2024-09-20 19:29:57,918  root       run        DEBUG    Received '014D1'
2024-09-20 19:29:57,918  root       handle_request DEBUG    Handling: '014D1', header '7E0', ECU '7E0'
2024-09-20 19:29:57,918  root       handle_request DEBUG    Description: Time run with MIL on, PID RUN_TIME_MIL (014D1)
2024-09-20 19:29:57,918  root       handle_response DEBUG    Processing: '<pos_answer>00 00</pos_answer>'
2024-09-20 19:29:57,918  root       handle_response DEBUG    Write: '7E8 04 41 4D 00 00 \r\r>'
2024-09-20 19:29:57,918  root       run        DEBUG    Received '014E1'
2024-09-20 19:29:57,918  root       handle_request DEBUG    Handling: '014E1', header '7E0', ECU '7E0'
2024-09-20 19:29:57,919  root       handle_request DEBUG    Description: Time since trouble codes cleared, PID TIME_SINCE_DTC_CLEARED (014E1)
2024-09-20 19:29:57,919  root       handle_response DEBUG    Processing: '<pos_answer>4C 69</pos_answer>'
2024-09-20 19:29:57,919  root       handle_response DEBUG    Write: '7E8 04 41 4E 4C 69 \r\r>'
2024-09-20 19:29:57,919  root       run        DEBUG    Received '01511'
2024-09-20 19:29:57,919  root       handle_request DEBUG    Handling: '01511', header '7E0', ECU '7E0'
2024-09-20 19:29:57,919  root       handle_request DEBUG    Description: Fuel Type, PID FUEL_TYPE (01511)
2024-09-20 19:29:57,919  root       handle_response DEBUG    Processing: '<pos_answer>01</pos_answer>'
2024-09-20 19:29:57,919  root       handle_response DEBUG    Write: '7E8 03 41 51 01 \r\r>'
2024-09-20 19:29:58,170  root       run        DEBUG    Received '01002'
2024-09-20 19:29:58,171  root       handle_request DEBUG    Handling: '01002', header '7E0', ECU '7E0'
2024-09-20 19:29:58,171  root       handle_request DEBUG    Description: PIDS_A, PID ELM_PIDS_A (01002)
2024-09-20 19:29:58,172  root       handle_response DEBUG    Processing: '<header>7EA</header><size>06</size><data>41 00 98 3A 80 13</data><pos_answer>BE 3F A8 13</pos_answer>'
2024-09-20 19:29:58,172  root       handle_response DEBUG    Write: '7EA 06 41 00 98 3A 80 13 \r7E8 06 41 00 BE 3F A8 13 \r\r>'
2024-09-20 19:29:58,174  root       run        DEBUG    Received '01202'
2024-09-20 19:29:58,174  root       handle_request DEBUG    Handling: '01202', header '7E0', ECU '7E0'
2024-09-20 19:29:58,175  root       handle_request DEBUG    Description: PIDS_B, PID ELM_PIDS_B (01202)
2024-09-20 19:29:58,175  root       handle_response DEBUG    Processing: '<header>7EA</header><size>06</size><data>41 20 80 01 A0 01</data><pos_answer>90 15 B0 15</pos_answer>'
2024-09-20 19:29:58,175  root       handle_response DEBUG    Write: '7EA 06 41 20 80 01 A0 01 \r7E8 06 41 20 90 15 B0 15 \r\r>'
2024-09-20 19:29:58,177  root       run        DEBUG    Received '01402'
2024-09-20 19:29:58,177  root       handle_request DEBUG    Handling: '01402', header '7E0', ECU '7E0'
2024-09-20 19:29:58,178  root       handle_request DEBUG    Description: PIDS_C, PID ELM_PIDS_C (01402)
2024-09-20 19:29:58,178  root       handle_response DEBUG    Processing: '<header>7EA</header><size>06</size><data>41 40 44 CC 00 21</data><pos_answer>7A 1C 80 00</pos_answer>'
2024-09-20 19:29:58,179  root       handle_response DEBUG    Write: '7EA 06 41 40 44 CC 00 21 \r7E8 06 41 40 7A 1C 80 00 \r\r>'
2024-09-20 19:29:58,180  root       run        DEBUG    Received '01011'
2024-09-20 19:29:58,181  root       handle_request DEBUG    Handling: '01011', header '7E0', ECU '7E0'
2024-09-20 19:29:58,182  root       handle_request INFO     Unknown ELM command: '01011', header=7E0
2024-09-20 19:29:58,182  root       handle_response DEBUG    Processing: '<writeln>?</writeln>'
2024-09-20 19:29:58,183  root       handle_response DEBUG    Write: '?\r\r>'
2024-09-20 19:29:58,190  root       run        DEBUG    Received '01031'
2024-09-20 19:29:58,190  root       handle_request DEBUG    Handling: '01031', header '7E0', ECU '7E0'
2024-09-20 19:29:58,190  root       handle_request DEBUG    Description: Fuel System Status, PID FUEL_STATUS (01031)
2024-09-20 19:29:58,191  root       handle_response DEBUG    Processing: '<pos_answer>00 00</pos_answer>'
2024-09-20 19:29:58,191  root       handle_response DEBUG    Write: '7E8 04 41 03 00 00 \r\r>'
2024-09-20 19:29:58,193  root       run        DEBUG    Received '01041'
2024-09-20 19:29:58,193  root       handle_request DEBUG    Handling: '01041', header '7E0', ECU '7E0'
2024-09-20 19:29:58,194  root       handle_request DEBUG    Description: Calculated Engine Load, PID ENGINE_LOAD (01041)
2024-09-20 19:29:58,194  root       handle_response DEBUG    Processing: '<pos_answer>00</pos_answer>'
2024-09-20 19:29:58,195  root       handle_response DEBUG    Write: '7E8 03 41 04 00 \r\r>'
2024-09-20 19:29:58,197  root       run        DEBUG    Received '01051'
2024-09-20 19:29:58,198  root       handle_request DEBUG    Handling: '01051', header '7E0', ECU '7E0'
2024-09-20 19:29:58,198  root       handle_request DEBUG    Description: Engine Coolant Temperature, PID COOLANT_TEMP (01051)
2024-09-20 19:29:58,198  root       handle_response DEBUG    Processing: '<pos_answer>7B</pos_answer>'
2024-09-20 19:29:58,199  root       handle_response DEBUG    Write: '7E8 03 41 05 7B \r\r>'
2024-09-20 19:29:58,201  root       run        DEBUG    Received '01061'
2024-09-20 19:29:58,201  root       handle_request DEBUG    Handling: '01061', header '7E0', ECU '7E0'
2024-09-20 19:29:58,203  root       handle_request INFO     Unknown ELM command: '01061', header=7E0
2024-09-20 19:29:58,203  root       handle_response DEBUG    Processing: '<writeln>?</writeln>'
2024-09-20 19:29:58,204  root       handle_response DEBUG    Write: '?\r\r>'
2024-09-20 19:29:58,205  root       run        DEBUG    Received '01071'
2024-09-20 19:29:58,205  root       handle_request DEBUG    Handling: '01071', header '7E0', ECU '7E0'
2024-09-20 19:29:58,207  root       handle_request INFO     Unknown ELM command: '01071', header=7E0
2024-09-20 19:29:58,207  root       handle_response DEBUG    Processing: '<writeln>?</writeln>'
2024-09-20 19:29:58,207  root       handle_response DEBUG    Write: '?\r\r>'
2024-09-20 19:29:58,209  root       run        DEBUG    Received '010B1'
2024-09-20 19:29:58,209  root       handle_request DEBUG    Handling: '010B1', header '7E0', ECU '7E0'
2024-09-20 19:29:58,210  root       handle_request DEBUG    Description: Intake Manifold Pressure, PID INTAKE_PRESSURE (010B1)
2024-09-20 19:29:58,210  root       handle_response DEBUG    Processing: '<pos_answer>73</pos_answer>'
2024-09-20 19:29:58,211  root       handle_response DEBUG    Write: '7E8 03 41 0B 73 \r\r>'
2024-09-20 19:29:58,212  root       run        DEBUG    Received '010C2'
2024-09-20 19:29:58,213  root       handle_request DEBUG    Handling: '010C2', header '7E0', ECU '7E0'
2024-09-20 19:29:58,213  root       handle_request DEBUG    Description: Engine RPM, PID RPM (010C2)
2024-09-20 19:29:58,214  root       handle_response DEBUG    Processing: '<pos_answer>17 20</pos_answer> <header>7EA</header><size>04</size><data>41 0C 17 20</data>'
2024-09-20 19:29:58,214  root       handle_response DEBUG    Write: '7E8 04 41 0C 17 20 \r7EA 04 41 0C 17 20 \r\r>'
2024-09-20 19:29:58,216  root       run        DEBUG    Received '010D2'
2024-09-20 19:29:58,216  root       handle_request DEBUG    Handling: '010D2', header '7E0', ECU '7E0'
2024-09-20 19:29:58,217  root       handle_request DEBUG    Description: Vehicle Speed, PID SPEED (010D2)
2024-09-20 19:29:58,217  root       handle_response DEBUG    Processing: '<pos_answer>60</pos_answer> <header>7EA</header><size>03</size><data>41 0D 60</data>'
2024-09-20 19:29:58,218  root       handle_response DEBUG    Write: '7E8 03 41 0D 60 \r7EA 03 41 0D 60 \r\r>'
2024-09-20 19:29:58,219  root       run        DEBUG    Received '010E1'
2024-09-20 19:29:58,220  root       handle_request DEBUG    Handling: '010E1', header '7E0', ECU '7E0'
2024-09-20 19:29:58,221  root       handle_request INFO     Unknown ELM command: '010E1', header=7E0
2024-09-20 19:29:58,222  root       handle_response DEBUG    Processing: '<writeln>?</writeln>'
2024-09-20 19:29:58,222  root       handle_response DEBUG    Write: '?\r\r>'
2024-09-20 19:29:58,223  root       run        DEBUG    Received '010F1'
2024-09-20 19:29:58,224  root       handle_request DEBUG    Handling: '010F1', header '7E0', ECU '7E0'
2024-09-20 19:29:58,224  root       handle_request DEBUG    Description: Intake Air Temp, PID INTAKE_TEMP (010F1)
2024-09-20 19:29:58,225  root       handle_response DEBUG    Processing: '<pos_answer>44</pos_answer>'
2024-09-20 19:29:58,225  root       handle_response DEBUG    Write: '7E8 03 41 0F 44 \r\r>'
2024-09-20 19:29:58,227  root       run        DEBUG    Received '01101'
2024-09-20 19:29:58,227  root       handle_request DEBUG    Handling: '01101', header '7E0', ECU '7E0'
2024-09-20 19:29:58,228  root       handle_request DEBUG    Description: Air Flow Rate (MAF), PID MAF (01101)
2024-09-20 19:29:58,229  root       handle_response DEBUG    Processing: '<pos_answer>05 1F</pos_answer>'
2024-09-20 19:29:58,229  root       handle_response DEBUG    Write: '7E8 04 41 10 05 1F \r\r>'
2024-09-20 19:29:58,232  root       run        DEBUG    Received '01111'
2024-09-20 19:29:58,232  root       handle_request DEBUG    Handling: '01111', header '7E0', ECU '7E0'
2024-09-20 19:29:58,233  root       handle_request DEBUG    Description: Throttle Position, PID THROTTLE_POS (01111)
2024-09-20 19:29:58,233  root       handle_response DEBUG    Processing: '<pos_answer>FF</pos_answer>'
2024-09-20 19:29:58,234  root       handle_response DEBUG    Write: '7E8 03 41 11 FF \r\r>'
2024-09-20 19:29:58,236  root       run        DEBUG    Received '01131'
2024-09-20 19:29:58,236  root       handle_request DEBUG    Handling: '01131', header '7E0', ECU '7E0'
2024-09-20 19:29:58,238  root       handle_request INFO     Unknown ELM command: '01131', header=7E0
2024-09-20 19:29:58,238  root       handle_response DEBUG    Processing: '<writeln>?</writeln>'
2024-09-20 19:29:58,239  root       handle_response DEBUG    Write: '?\r\r>'
2024-09-20 19:29:58,240  root       run        DEBUG    Received '01151'
2024-09-20 19:29:58,240  root       handle_request DEBUG    Handling: '01151', header '7E0', ECU '7E0'
2024-09-20 19:29:58,242  root       handle_request INFO     Unknown ELM command: '01151', header=7E0
2024-09-20 19:29:58,242  root       handle_response DEBUG    Processing: '<writeln>?</writeln>'
2024-09-20 19:29:58,243  root       handle_response DEBUG    Write: '?\r\r>'
2024-09-20 19:29:58,245  root       run        DEBUG    Received '011C1'
2024-09-20 19:29:58,245  root       handle_request DEBUG    Handling: '011C1', header '7E0', ECU '7E0'
2024-09-20 19:29:58,246  root       handle_request DEBUG    Description: OBD Standards Compliance, PID OBD_COMPLIANCE (011C1)
2024-09-20 19:29:58,246  root       handle_response DEBUG    Processing: '<pos_answer>06</pos_answer>'
2024-09-20 19:29:58,247  root       handle_response DEBUG    Write: '7E8 03 41 1C 06 \r\r>'
2024-09-20 19:29:58,248  root       run        DEBUG    Received '011F1'
2024-09-20 19:29:58,249  root       handle_request DEBUG    Handling: '011F1', header '7E0', ECU '7E0'
2024-09-20 19:29:58,249  root       handle_request DEBUG    Description: Engine Run Time, PID RUN_TIME (011F1)
2024-09-20 19:29:58,250  root       handle_response DEBUG    Processing: '<pos_answer>00 8C</pos_answer>'
2024-09-20 19:29:58,250  root       handle_response DEBUG    Write: '7E8 04 41 1F 00 8C \r\r>'
2024-09-20 19:29:58,252  root       run        DEBUG    Received '01211'
2024-09-20 19:29:58,252  root       handle_request DEBUG    Handling: '01211', header '7E0', ECU '7E0'
2024-09-20 19:29:58,252  root       handle_request DEBUG    Description: Distance Traveled with MIL on, PID DISTANCE_W_MIL (01211)
2024-09-20 19:29:58,252  root       handle_response DEBUG    Processing: '<pos_answer>00 00</pos_answer>'
2024-09-20 19:29:58,253  root       handle_response DEBUG    Write: '7E8 04 41 21 00 00 \r\r>'
2024-09-20 19:29:58,254  root       run        DEBUG    Received '01241'
2024-09-20 19:29:58,254  root       handle_request DEBUG    Handling: '01241', header '7E0', ECU '7E0'
2024-09-20 19:29:58,255  root       handle_request INFO     Unknown ELM command: '01241', header=7E0
2024-09-20 19:29:58,255  root       handle_response DEBUG    Processing: '<writeln>?</writeln>'
2024-09-20 19:29:58,255  root       handle_response DEBUG    Write: '?\r\r>'
2024-09-20 19:29:58,256  root       run        DEBUG    Received '012C1'
2024-09-20 19:29:58,256  root       handle_request DEBUG    Handling: '012C1', header '7E0', ECU '7E0'
2024-09-20 19:29:58,257  root       handle_request DEBUG    Description: Commanded EGR, PID COMMANDED_EGR (012C1)
2024-09-20 19:29:58,257  root       handle_response DEBUG    Processing: '<pos_answer>0D</pos_answer>'
2024-09-20 19:29:58,257  root       handle_response DEBUG    Write: '7E8 03 41 2C 0D \r\r>'
2024-09-20 19:29:58,258  root       run        DEBUG    Received '012E1'
2024-09-20 19:29:58,258  root       handle_request DEBUG    Handling: '012E1', header '7E0', ECU '7E0'
2024-09-20 19:29:58,259  root       handle_request INFO     Unknown ELM command: '012E1', header=7E0
2024-09-20 19:29:58,259  root       handle_response DEBUG    Processing: '<writeln>?</writeln>'
2024-09-20 19:29:58,259  root       handle_response DEBUG    Write: '?\r\r>'
2024-09-20 19:29:58,260  root       run        DEBUG    Received '01301'
2024-09-20 19:29:58,261  root       handle_request DEBUG    Handling: '01301', header '7E0', ECU '7E0'
2024-09-20 19:29:58,262  root       handle_request INFO     Unknown ELM command: '01301', header=7E0
2024-09-20 19:29:58,262  root       handle_response DEBUG    Processing: '<writeln>?</writeln>'
2024-09-20 19:29:58,262  root       handle_response DEBUG    Write: '?\r\r>'
2024-09-20 19:29:58,263  root       run        DEBUG    Received '01311'
2024-09-20 19:29:58,263  root       handle_request DEBUG    Handling: '01311', header '7E0', ECU '7E0'
2024-09-20 19:29:58,263  root       handle_request DEBUG    Description: Distance traveled since codes cleared, PID DISTANCE_SINCE_DTC_CLEAR (01311)
2024-09-20 19:29:58,264  root       handle_response DEBUG    Processing: '<pos_answer>C8 1F</pos_answer>'
2024-09-20 19:29:58,264  root       handle_response DEBUG    Write: '7E8 04 41 31 C8 1F \r\r>'
2024-09-20 19:29:58,264  root       run        DEBUG    Received '01331'
2024-09-20 19:29:58,265  root       handle_request DEBUG    Handling: '01331', header '7E0', ECU '7E0'
2024-09-20 19:29:58,265  root       handle_request DEBUG    Description: Barometric Pressure, PID BAROMETRIC_PRESSURE (01331)
2024-09-20 19:29:58,265  root       handle_response DEBUG    Processing: '<pos_answer>65</pos_answer>'
2024-09-20 19:29:58,265  root       handle_response DEBUG    Write: '7E8 03 41 33 65 \r\r>'
2024-09-20 19:29:58,266  root       run        DEBUG    Received '01341'
2024-09-20 19:29:58,266  root       handle_request DEBUG    Handling: '01341', header '7E0', ECU '7E0'
2024-09-20 19:29:58,266  root       handle_request INFO     Unknown ELM command: '01341', header=7E0
2024-09-20 19:29:58,266  root       handle_response DEBUG    Processing: '<writeln>?</writeln>'
2024-09-20 19:29:58,266  root       handle_response DEBUG    Write: '?\r\r>'
2024-09-20 19:29:58,267  root       run        DEBUG    Received '013C1'
2024-09-20 19:29:58,267  root       handle_request DEBUG    Handling: '013C1', header '7E0', ECU '7E0'
2024-09-20 19:29:58,267  root       handle_request DEBUG    Description: Catalyst Temperature: Bank 1 - Sensor 1, PID CATALYST_TEMP_B1S1 (013C1)
2024-09-20 19:29:58,267  root       handle_response DEBUG    Processing: '<pos_answer>04 44</pos_answer>'
2024-09-20 19:29:58,267  root       handle_response DEBUG    Write: '7E8 04 41 3C 04 44 \r\r>'
2024-09-20 19:29:58,268  root       run        DEBUG    Received '013E1'
2024-09-20 19:29:58,268  root       handle_request DEBUG    Handling: '013E1', header '7E0', ECU '7E0'
2024-09-20 19:29:58,269  root       handle_request INFO     Unknown ELM command: '013E1', header=7E0
2024-09-20 19:29:58,269  root       handle_response DEBUG    Processing: '<writeln>?</writeln>'
2024-09-20 19:29:58,269  root       handle_response DEBUG    Write: '?\r\r>'
2024-09-20 19:29:58,269  root       run        DEBUG    Received '01421'
2024-09-20 19:29:58,269  root       handle_request DEBUG    Handling: '01421', header '7E0', ECU '7E0'
2024-09-20 19:29:58,270  root       handle_request DEBUG    Description: Control module voltage, PID CONTROL_MODULE_VOLTAGE (01421)
2024-09-20 19:29:58,270  root       handle_response DEBUG    Processing: '<pos_answer>39 D6</pos_answer>'
2024-09-20 19:29:58,270  root       handle_response DEBUG    Write: '7E8 04 41 42 39 D6 \r\r>'
2024-09-20 19:29:58,270  root       run        DEBUG    Received '01431'
2024-09-20 19:29:58,270  root       handle_request DEBUG    Handling: '01431', header '7E0', ECU '7E0'
2024-09-20 19:29:58,271  root       handle_request INFO     Unknown ELM command: '01431', header=7E0
2024-09-20 19:29:58,271  root       handle_response DEBUG    Processing: '<writeln>?</writeln>'
2024-09-20 19:29:58,272  root       handle_response DEBUG    Write: '?\r\r>'
2024-09-20 19:29:58,272  root       run        DEBUG    Received '01441'
2024-09-20 19:29:58,272  root       handle_request DEBUG    Handling: '01441', header '7E0', ECU '7E0'
2024-09-20 19:29:58,272  root       handle_request INFO     Unknown ELM command: '01441', header=7E0
2024-09-20 19:29:58,273  root       handle_response DEBUG    Processing: '<writeln>?</writeln>'
2024-09-20 19:29:58,273  root       handle_response DEBUG    Write: '?\r\r>'
2024-09-20 19:29:58,273  root       run        DEBUG    Received '01451'
2024-09-20 19:29:58,273  root       handle_request DEBUG    Handling: '01451', header '7E0', ECU '7E0'
2024-09-20 19:29:58,274  root       handle_request INFO     Unknown ELM command: '01451', header=7E0
2024-09-20 19:29:58,274  root       handle_response DEBUG    Processing: '<writeln>?</writeln>'
2024-09-20 19:29:58,274  root       handle_response DEBUG    Write: '?\r\r>'
2024-09-20 19:29:58,275  root       run        DEBUG    Received '01471'
2024-09-20 19:29:58,275  root       handle_request DEBUG    Handling: '01471', header '7E0', ECU '7E0'
2024-09-20 19:29:58,275  root       handle_request INFO     Unknown ELM command: '01471', header=7E0
2024-09-20 19:29:58,276  root       handle_response DEBUG    Processing: '<writeln>?</writeln>'
2024-09-20 19:29:58,276  root       handle_response DEBUG    Write: '?\r\r>'
2024-09-20 19:29:58,276  root       run        DEBUG    Received '014C1'
2024-09-20 19:29:58,277  root       handle_request DEBUG    Handling: '014C1', header '7E0', ECU '7E0'
2024-09-20 19:29:58,277  root       handle_request DEBUG    Description: Commanded throttle actuator, PID THROTTLE_ACTUATOR (014C1)
2024-09-20 19:29:58,277  root       handle_response DEBUG    Processing: '<pos_answer>00</pos_answer>'
2024-09-20 19:29:58,277  root       handle_response DEBUG    Write: '7E8 03 41 4C 00 \r\r>'
2024-09-20 19:29:58,278  root       run        DEBUG    Received '014D1'
2024-09-20 19:29:58,279  root       handle_request DEBUG    Handling: '014D1', header '7E0', ECU '7E0'
2024-09-20 19:29:58,279  root       handle_request DEBUG    Description: Time run with MIL on, PID RUN_TIME_MIL (014D1)
2024-09-20 19:29:58,279  root       handle_response DEBUG    Processing: '<pos_answer>00 00</pos_answer>'
2024-09-20 19:29:58,279  root       handle_response DEBUG    Write: '7E8 04 41 4D 00 00 \r\r>'
2024-09-20 19:29:58,280  root       run        DEBUG    Received '014E1'
2024-09-20 19:29:58,280  root       handle_request DEBUG    Handling: '014E1', header '7E0', ECU '7E0'
2024-09-20 19:29:58,280  root       handle_request DEBUG    Description: Time since trouble codes cleared, PID TIME_SINCE_DTC_CLEARED (014E1)
2024-09-20 19:29:58,280  root       handle_response DEBUG    Processing: '<pos_answer>4C 69</pos_answer>'
2024-09-20 19:29:58,280  root       handle_response DEBUG    Write: '7E8 04 41 4E 4C 69 \r\r>'
2024-09-20 19:29:58,281  root       run        DEBUG    Received '01511'
2024-09-20 19:29:58,281  root       handle_request DEBUG    Handling: '01511', header '7E0', ECU '7E0'
2024-09-20 19:29:58,281  root       handle_request DEBUG    Description: Fuel Type, PID FUEL_TYPE (01511)
2024-09-20 19:29:58,281  root       handle_response DEBUG    Processing: '<pos_answer>01</pos_answer>'
2024-09-20 19:29:58,282  root       handle_response DEBUG    Write: '7E8 03 41 51 01 \r\r>'
2024-09-20 19:29:58,533  root       run        DEBUG    Received '01002'
2024-09-20 19:29:58,533  root       handle_request DEBUG    Handling: '01002', header '7E0', ECU '7E0'
2024-09-20 19:29:58,534  root       handle_request DEBUG    Description: PIDS_A, PID ELM_PIDS_A (01002)
2024-09-20 19:29:58,534  root       handle_response DEBUG    Processing: '<header>7EA</header><size>06</size><data>41 00 98 3A 80 13</data><pos_answer>BE 3F A8 13</pos_answer>'
2024-09-20 19:29:58,535  root       handle_response DEBUG    Write: '7EA 06 41 00 98 3A 80 13 \r7E8 06 41 00 BE 3F A8 13 \r\r>'
2024-09-20 19:29:58,536  root       run        DEBUG    Received '01202'
2024-09-20 19:29:58,537  root       handle_request DEBUG    Handling: '01202', header '7E0', ECU '7E0'
2024-09-20 19:29:58,537  root       handle_request DEBUG    Description: PIDS_B, PID ELM_PIDS_B (01202)
2024-09-20 19:29:58,538  root       handle_response DEBUG    Processing: '<header>7EA</header><size>06</size><data>41 20 80 01 A0 01</data><pos_answer>90 15 B0 15</pos_answer>'
2024-09-20 19:29:58,538  root       handle_response DEBUG    Write: '7EA 06 41 20 80 01 A0 01 \r7E8 06 41 20 90 15 B0 15 \r\r>'
2024-09-20 19:29:58,540  root       run        DEBUG    Received '01402'
2024-09-20 19:29:58,540  root       handle_request DEBUG    Handling: '01402', header '7E0', ECU '7E0'
2024-09-20 19:29:58,541  root       handle_request DEBUG    Description: PIDS_C, PID ELM_PIDS_C (01402)
2024-09-20 19:29:58,541  root       handle_response DEBUG    Processing: '<header>7EA</header><size>06</size><data>41 40 44 CC 00 21</data><pos_answer>7A 1C 80 00</pos_answer>'
2024-09-20 19:29:58,542  root       handle_response DEBUG    Write: '7EA 06 41 40 44 CC 00 21 \r7E8 06 41 40 7A 1C 80 00 \r\r>'
2024-09-20 19:29:58,543  root       run        DEBUG    Received '01011'
2024-09-20 19:29:58,544  root       handle_request DEBUG    Handling: '01011', header '7E0', ECU '7E0'
2024-09-20 19:29:58,546  root       handle_request INFO     Unknown ELM command: '01011', header=7E0
2024-09-20 19:29:58,546  root       handle_response DEBUG    Processing: '<writeln>?</writeln>'
2024-09-20 19:29:58,547  root       handle_response DEBUG    Write: '?\r\r>'
2024-09-20 19:29:58,554  root       run        DEBUG    Received '01031'
2024-09-20 19:29:58,554  root       handle_request DEBUG    Handling: '01031', header '7E0', ECU '7E0'
2024-09-20 19:29:58,555  root       handle_request DEBUG    Description: Fuel System Status, PID FUEL_STATUS (01031)
2024-09-20 19:29:58,555  root       handle_response DEBUG    Processing: '<pos_answer>00 00</pos_answer>'
2024-09-20 19:29:58,556  root       handle_response DEBUG    Write: '7E8 04 41 03 00 00 \r\r>'
2024-09-20 19:29:58,557  root       run        DEBUG    Received '01041'
2024-09-20 19:29:58,558  root       handle_request DEBUG    Handling: '01041', header '7E0', ECU '7E0'
2024-09-20 19:29:58,558  root       handle_request DEBUG    Description: Calculated Engine Load, PID ENGINE_LOAD (01041)
2024-09-20 19:29:58,559  root       handle_response DEBUG    Processing: '<pos_answer>00</pos_answer>'
2024-09-20 19:29:58,559  root       handle_response DEBUG    Write: '7E8 03 41 04 00 \r\r>'
2024-09-20 19:29:58,561  root       run        DEBUG    Received '01051'
2024-09-20 19:29:58,562  root       handle_request DEBUG    Handling: '01051', header '7E0', ECU '7E0'
2024-09-20 19:29:58,562  root       handle_request DEBUG    Description: Engine Coolant Temperature, PID COOLANT_TEMP (01051)
2024-09-20 19:29:58,563  root       handle_response DEBUG    Processing: '<pos_answer>7B</pos_answer>'
2024-09-20 19:29:58,563  root       handle_response DEBUG    Write: '7E8 03 41 05 7B \r\r>'
2024-09-20 19:29:58,565  root       run        DEBUG    Received '01061'
2024-09-20 19:29:58,566  root       handle_request DEBUG    Handling: '01061', header '7E0', ECU '7E0'
2024-09-20 19:29:58,567  root       handle_request INFO     Unknown ELM command: '01061', header=7E0
2024-09-20 19:29:58,567  root       handle_response DEBUG    Processing: '<writeln>?</writeln>'
2024-09-20 19:29:58,568  root       handle_response DEBUG    Write: '?\r\r>'
2024-09-20 19:29:58,569  root       run        DEBUG    Received '01071'
2024-09-20 19:29:58,570  root       handle_request DEBUG    Handling: '01071', header '7E0', ECU '7E0'
2024-09-20 19:29:58,571  root       handle_request INFO     Unknown ELM command: '01071', header=7E0
2024-09-20 19:29:58,572  root       handle_response DEBUG    Processing: '<writeln>?</writeln>'
2024-09-20 19:29:58,572  root       handle_response DEBUG    Write: '?\r\r>'
2024-09-20 19:29:58,574  root       run        DEBUG    Received '010B1'
2024-09-20 19:29:58,574  root       handle_request DEBUG    Handling: '010B1', header '7E0', ECU '7E0'
2024-09-20 19:29:58,575  root       handle_request DEBUG    Description: Intake Manifold Pressure, PID INTAKE_PRESSURE (010B1)
2024-09-20 19:29:58,575  root       handle_response DEBUG    Processing: '<pos_answer>73</pos_answer>'
2024-09-20 19:29:58,576  root       handle_response DEBUG    Write: '7E8 03 41 0B 73 \r\r>'
2024-09-20 19:29:58,577  root       run        DEBUG    Received '010C2'
2024-09-20 19:29:58,578  root       handle_request DEBUG    Handling: '010C2', header '7E0', ECU '7E0'
2024-09-20 19:29:58,578  root       handle_request DEBUG    Description: Engine RPM, PID RPM (010C2)
2024-09-20 19:29:58,579  root       handle_response DEBUG    Processing: '<pos_answer>17 70</pos_answer> <header>7EA</header><size>04</size><data>41 0C 17 70</data>'
2024-09-20 19:29:58,579  root       handle_response DEBUG    Write: '7E8 04 41 0C 17 70 \r7EA 04 41 0C 17 70 \r\r>'
2024-09-20 19:29:58,581  root       run        DEBUG    Received '010D2'
2024-09-20 19:29:58,581  root       handle_request DEBUG    Handling: '010D2', header '7E0', ECU '7E0'
2024-09-20 19:29:58,582  root       handle_request DEBUG    Description: Vehicle Speed, PID SPEED (010D2)
2024-09-20 19:29:58,582  root       handle_response DEBUG    Processing: '<pos_answer>64</pos_answer> <header>7EA</header><size>03</size><data>41 0D 64</data>'
2024-09-20 19:29:58,583  root       handle_response DEBUG    Write: '7E8 03 41 0D 64 \r7EA 03 41 0D 64 \r\r>'
2024-09-20 19:29:58,584  root       run        DEBUG    Received '010E1'
2024-09-20 19:29:58,584  root       handle_request DEBUG    Handling: '010E1', header '7E0', ECU '7E0'
2024-09-20 19:29:58,586  root       handle_request INFO     Unknown ELM command: '010E1', header=7E0
2024-09-20 19:29:58,586  root       handle_response DEBUG    Processing: '<writeln>?</writeln>'
2024-09-20 19:29:58,587  root       handle_response DEBUG    Write: '?\r\r>'
2024-09-20 19:29:58,588  root       run        DEBUG    Received '010F1'
2024-09-20 19:29:58,588  root       handle_request DEBUG    Handling: '010F1', header '7E0', ECU '7E0'
2024-09-20 19:29:58,589  root       handle_request DEBUG    Description: Intake Air Temp, PID INTAKE_TEMP (010F1)
2024-09-20 19:29:58,589  root       handle_response DEBUG    Processing: '<pos_answer>44</pos_answer>'
2024-09-20 19:29:58,590  root       handle_response DEBUG    Write: '7E8 03 41 0F 44 \r\r>'
2024-09-20 19:29:58,592  root       run        DEBUG    Received '01101'
2024-09-20 19:29:58,592  root       handle_request DEBUG    Handling: '01101', header '7E0', ECU '7E0'
2024-09-20 19:29:58,593  root       handle_request DEBUG    Description: Air Flow Rate (MAF), PID MAF (01101)
2024-09-20 19:29:58,593  root       handle_response DEBUG    Processing: '<pos_answer>05 1F</pos_answer>'
2024-09-20 19:29:58,594  root       handle_response DEBUG    Write: '7E8 04 41 10 05 1F \r\r>'
2024-09-20 19:29:58,596  root       run        DEBUG    Received '01111'
2024-09-20 19:29:58,596  root       handle_request DEBUG    Handling: '01111', header '7E0', ECU '7E0'
2024-09-20 19:29:58,597  root       handle_request DEBUG    Description: Throttle Position, PID THROTTLE_POS (01111)
2024-09-20 19:29:58,597  root       handle_response DEBUG    Processing: '<pos_answer>FF</pos_answer>'
2024-09-20 19:29:58,598  root       handle_response DEBUG    Write: '7E8 03 41 11 FF \r\r>'
2024-09-20 19:29:58,600  root       run        DEBUG    Received '01131'
2024-09-20 19:29:58,600  root       handle_request DEBUG    Handling: '01131', header '7E0', ECU '7E0'
2024-09-20 19:29:58,602  root       handle_request INFO     Unknown ELM command: '01131', header=7E0
2024-09-20 19:29:58,603  root       handle_response DEBUG    Processing: '<writeln>?</writeln>'
2024-09-20 19:29:58,603  root       handle_response DEBUG    Write: '?\r\r>'
2024-09-20 19:29:58,605  root       run        DEBUG    Received '01151'
2024-09-20 19:29:58,606  root       handle_request DEBUG    Handling: '01151', header '7E0', ECU '7E0'
2024-09-20 19:29:58,608  root       handle_request INFO     Unknown ELM command: '01151', header=7E0
2024-09-20 19:29:58,609  root       handle_response DEBUG    Processing: '<writeln>?</writeln>'
2024-09-20 19:29:58,610  root       handle_response DEBUG    Write: '?\r\r>'
2024-09-20 19:29:58,612  root       run        DEBUG    Received '011C1'
2024-09-20 19:29:58,612  root       handle_request DEBUG    Handling: '011C1', header '7E0', ECU '7E0'
2024-09-20 19:29:58,613  root       handle_request DEBUG    Description: OBD Standards Compliance, PID OBD_COMPLIANCE (011C1)
2024-09-20 19:29:58,613  root       handle_response DEBUG    Processing: '<pos_answer>06</pos_answer>'
2024-09-20 19:29:58,613  root       handle_response DEBUG    Write: '7E8 03 41 1C 06 \r\r>'
2024-09-20 19:29:58,615  root       run        DEBUG    Received '011F1'
2024-09-20 19:29:58,615  root       handle_request DEBUG    Handling: '011F1', header '7E0', ECU '7E0'
2024-09-20 19:29:58,615  root       handle_request DEBUG    Description: Engine Run Time, PID RUN_TIME (011F1)
2024-09-20 19:29:58,615  root       handle_response DEBUG    Processing: '<pos_answer>00 8C</pos_answer>'
2024-09-20 19:29:58,616  root       handle_response DEBUG    Write: '7E8 04 41 1F 00 8C \r\r>'
2024-09-20 19:29:58,617  root       run        DEBUG    Received '01211'
2024-09-20 19:29:58,617  root       handle_request DEBUG    Handling: '01211', header '7E0', ECU '7E0'
2024-09-20 19:29:58,617  root       handle_request DEBUG    Description: Distance Traveled with MIL on, PID DISTANCE_W_MIL (01211)
2024-09-20 19:29:58,617  root       handle_response DEBUG    Processing: '<pos_answer>00 00</pos_answer>'
2024-09-20 19:29:58,618  root       handle_response DEBUG    Write: '7E8 04 41 21 00 00 \r\r>'
2024-09-20 19:29:58,619  root       run        DEBUG    Received '01241'
2024-09-20 19:29:58,619  root       handle_request DEBUG    Handling: '01241', header '7E0', ECU '7E0'
2024-09-20 19:29:58,620  root       handle_request INFO     Unknown ELM command: '01241', header=7E0
2024-09-20 19:29:58,620  root       handle_response DEBUG    Processing: '<writeln>?</writeln>'
2024-09-20 19:29:58,620  root       handle_response DEBUG    Write: '?\r\r>'
2024-09-20 19:29:58,621  root       run        DEBUG    Received '012C1'
2024-09-20 19:29:58,621  root       handle_request DEBUG    Handling: '012C1', header '7E0', ECU '7E0'
2024-09-20 19:29:58,622  root       handle_request DEBUG    Description: Commanded EGR, PID COMMANDED_EGR (012C1)
2024-09-20 19:29:58,622  root       handle_response DEBUG    Processing: '<pos_answer>0D</pos_answer>'
2024-09-20 19:29:58,622  root       handle_response DEBUG    Write: '7E8 03 41 2C 0D \r\r>'
2024-09-20 19:29:58,623  root       run        DEBUG    Received '012E1'
2024-09-20 19:29:58,624  root       handle_request DEBUG    Handling: '012E1', header '7E0', ECU '7E0'
2024-09-20 19:29:58,624  root       handle_request INFO     Unknown ELM command: '012E1', header=7E0
2024-09-20 19:29:58,625  root       handle_response DEBUG    Processing: '<writeln>?</writeln>'
2024-09-20 19:29:58,625  root       handle_response DEBUG    Write: '?\r\r>'
2024-09-20 19:29:58,626  root       run        DEBUG    Received '01301'
2024-09-20 19:29:58,626  root       handle_request DEBUG    Handling: '01301', header '7E0', ECU '7E0'
2024-09-20 19:29:58,627  root       handle_request INFO     Unknown ELM command: '01301', header=7E0
2024-09-20 19:29:58,627  root       handle_response DEBUG    Processing: '<writeln>?</writeln>'
2024-09-20 19:29:58,628  root       handle_response DEBUG    Write: '?\r\r>'
2024-09-20 19:29:58,629  root       run        DEBUG    Received '01311'
2024-09-20 19:29:58,630  root       handle_request DEBUG    Handling: '01311', header '7E0', ECU '7E0'
2024-09-20 19:29:58,630  root       handle_request DEBUG    Description: Distance traveled since codes cleared, PID DISTANCE_SINCE_DTC_CLEAR (01311)
2024-09-20 19:29:58,630  root       handle_response DEBUG    Processing: '<pos_answer>C8 1F</pos_answer>'
2024-09-20 19:29:58,631  root       handle_response DEBUG    Write: '7E8 04 41 31 C8 1F \r\r>'
2024-09-20 19:29:58,632  root       run        DEBUG    Received '01331'
2024-09-20 19:29:58,632  root       handle_request DEBUG    Handling: '01331', header '7E0', ECU '7E0'
2024-09-20 19:29:58,632  root       handle_request DEBUG    Description: Barometric Pressure, PID BAROMETRIC_PRESSURE (01331)
2024-09-20 19:29:58,633  root       handle_response DEBUG    Processing: '<pos_answer>65</pos_answer>'
2024-09-20 19:29:58,633  root       handle_response DEBUG    Write: '7E8 03 41 33 65 \r\r>'
2024-09-20 19:29:58,634  root       run        DEBUG    Received '01341'
2024-09-20 19:29:58,634  root       handle_request DEBUG    Handling: '01341', header '7E0', ECU '7E0'
2024-09-20 19:29:58,635  root       handle_request INFO     Unknown ELM command: '01341', header=7E0
2024-09-20 19:29:58,636  root       handle_response DEBUG    Processing: '<writeln>?</writeln>'
2024-09-20 19:29:58,636  root       handle_response DEBUG    Write: '?\r\r>'
2024-09-20 19:29:58,637  root       run        DEBUG    Received '013C1'
2024-09-20 19:29:58,637  root       handle_request DEBUG    Handling: '013C1', header '7E0', ECU '7E0'
2024-09-20 19:29:58,638  root       handle_request DEBUG    Description: Catalyst Temperature: Bank 1 - Sensor 1, PID CATALYST_TEMP_B1S1 (013C1)
2024-09-20 19:29:58,638  root       handle_response DEBUG    Processing: '<pos_answer>04 44</pos_answer>'
2024-09-20 19:29:58,638  root       handle_response DEBUG    Write: '7E8 04 41 3C 04 44 \r\r>'
2024-09-20 19:29:58,639  root       run        DEBUG    Received '013E1'
2024-09-20 19:29:58,639  root       handle_request DEBUG    Handling: '013E1', header '7E0', ECU '7E0'
2024-09-20 19:29:58,640  root       handle_request INFO     Unknown ELM command: '013E1', header=7E0
2024-09-20 19:29:58,641  root       handle_response DEBUG    Processing: '<writeln>?</writeln>'
2024-09-20 19:29:58,641  root       handle_response DEBUG    Write: '?\r\r>'
2024-09-20 19:29:58,642  root       run        DEBUG    Received '01421'
2024-09-20 19:29:58,643  root       handle_request DEBUG    Handling: '01421', header '7E0', ECU '7E0'
2024-09-20 19:29:58,643  root       handle_request DEBUG    Description: Control module voltage, PID CONTROL_MODULE_VOLTAGE (01421)
2024-09-20 19:29:58,643  root       handle_response DEBUG    Processing: '<pos_answer>39 D6</pos_answer>'
2024-09-20 19:29:58,643  root       handle_response DEBUG    Write: '7E8 04 41 42 39 D6 \r\r>'
2024-09-20 19:29:58,644  root       run        DEBUG    Received '01431'
2024-09-20 19:29:58,644  root       handle_request DEBUG    Handling: '01431', header '7E0', ECU '7E0'
2024-09-20 19:29:58,645  root       handle_request INFO     Unknown ELM command: '01431', header=7E0
2024-09-20 19:29:58,645  root       handle_response DEBUG    Processing: '<writeln>?</writeln>'
2024-09-20 19:29:58,645  root       handle_response DEBUG    Write: '?\r\r>'
2024-09-20 19:29:58,646  root       run        DEBUG    Received '01441'
2024-09-20 19:29:58,646  root       handle_request DEBUG    Handling: '01441', header '7E0', ECU '7E0'
2024-09-20 19:29:58,647  root       handle_request INFO     Unknown ELM command: '01441', header=7E0
2024-09-20 19:29:58,647  root       handle_response DEBUG    Processing: '<writeln>?</writeln>'
2024-09-20 19:29:58,647  root       handle_response DEBUG    Write: '?\r\r>'
2024-09-20 19:29:58,648  root       run        DEBUG    Received '01451'
2024-09-20 19:29:58,648  root       handle_request DEBUG    Handling: '01451', header '7E0', ECU '7E0'
2024-09-20 19:29:58,648  root       handle_request INFO     Unknown ELM command: '01451', header=7E0
2024-09-20 19:29:58,648  root       handle_response DEBUG    Processing: '<writeln>?</writeln>'
2024-09-20 19:29:58,648  root       handle_response DEBUG    Write: '?\r\r>'
2024-09-20 19:29:58,649  root       run        DEBUG    Received '01471'
2024-09-20 19:29:58,649  root       handle_request DEBUG    Handling: '01471', header '7E0', ECU '7E0'
2024-09-20 19:29:58,650  root       handle_request INFO     Unknown ELM command: '01471', header=7E0
2024-09-20 19:29:58,650  root       handle_response DEBUG    Processing: '<writeln>?</writeln>'
2024-09-20 19:29:58,650  root       handle_response DEBUG    Write: '?\r\r>'
2024-09-20 19:29:58,650  root       run        DEBUG    Received '014C1'
2024-09-20 19:29:58,651  root       handle_request DEBUG    Handling: '014C1', header '7E0', ECU '7E0'
2024-09-20 19:29:58,651  root       handle_request DEBUG    Description: Commanded throttle actuator, PID THROTTLE_ACTUATOR (014C1)
2024-09-20 19:29:58,651  root       handle_response DEBUG    Processing: '<pos_answer>00</pos_answer>'
2024-09-20 19:29:58,651  root       handle_response DEBUG    Write: '7E8 03 41 4C 00 \r\r>'
2024-09-20 19:29:58,652  root       run        DEBUG    Received '014D1'
2024-09-20 19:29:58,652  root       handle_request DEBUG    Handling: '014D1', header '7E0', ECU '7E0'
2024-09-20 19:29:58,652  root       handle_request DEBUG    Description: Time run with MIL on, PID RUN_TIME_MIL (014D1)
2024-09-20 19:29:58,652  root       handle_response DEBUG    Processing: '<pos_answer>00 00</pos_answer>'
2024-09-20 19:29:58,652  root       handle_response DEBUG    Write: '7E8 04 41 4D 00 00 \r\r>'
2024-09-20 19:29:58,653  root       run        DEBUG    Received '014E1'
2024-09-20 19:29:58,653  root       handle_request DEBUG    Handling: '014E1', header '7E0', ECU '7E0'
2024-09-20 19:29:58,653  root       handle_request DEBUG    Description: Time since trouble codes cleared, PID TIME_SINCE_DTC_CLEARED (014E1)
2024-09-20 19:29:58,653  root       handle_response DEBUG    Processing: '<pos_answer>4C 69</pos_answer>'
2024-09-20 19:29:58,653  root       handle_response DEBUG    Write: '7E8 04 41 4E 4C 69 \r\r>'
2024-09-20 19:29:58,654  root       run        DEBUG    Received '01511'
2024-09-20 19:29:58,654  root       handle_request DEBUG    Handling: '01511', header '7E0', ECU '7E0'
2024-09-20 19:29:58,654  root       handle_request DEBUG    Description: Fuel Type, PID FUEL_TYPE (01511)
2024-09-20 19:29:58,654  root       handle_response DEBUG    Processing: '<pos_answer>01</pos_answer>'
2024-09-20 19:29:58,654  root       handle_response DEBUG    Write: '7E8 03 41 51 01 \r\r>'
2024-09-20 19:29:58,905  root       run        DEBUG    Received '01002'
2024-09-20 19:29:58,906  root       handle_request DEBUG    Handling: '01002', header '7E0', ECU '7E0'
2024-09-20 19:29:58,906  root       handle_request DEBUG    Description: PIDS_A, PID ELM_PIDS_A (01002)
2024-09-20 19:29:58,907  root       handle_response DEBUG    Processing: '<header>7EA</header><size>06</size><data>41 00 98 3A 80 13</data><pos_answer>BE 3F A8 13</pos_answer>'
2024-09-20 19:29:58,907  root       handle_response DEBUG    Write: '7EA 06 41 00 98 3A 80 13 \r7E8 06 41 00 BE 3F A8 13 \r\r>'
2024-09-20 19:29:58,908  root       run        DEBUG    Received '01202'
2024-09-20 19:29:58,909  root       handle_request DEBUG    Handling: '01202', header '7E0', ECU '7E0'
2024-09-20 19:29:58,910  root       handle_request DEBUG    Description: PIDS_B, PID ELM_PIDS_B (01202)
2024-09-20 19:29:58,910  root       handle_response DEBUG    Processing: '<header>7EA</header><size>06</size><data>41 20 80 01 A0 01</data><pos_answer>90 15 B0 15</pos_answer>'
2024-09-20 19:29:58,911  root       handle_response DEBUG    Write: '7EA 06 41 20 80 01 A0 01 \r7E8 06 41 20 90 15 B0 15 \r\r>'
2024-09-20 19:29:58,913  root       run        DEBUG    Received '01402'
2024-09-20 19:29:58,913  root       handle_request DEBUG    Handling: '01402', header '7E0', ECU '7E0'
2024-09-20 19:29:58,914  root       handle_request DEBUG    Description: PIDS_C, PID ELM_PIDS_C (01402)
2024-09-20 19:29:58,914  root       handle_response DEBUG    Processing: '<header>7EA</header><size>06</size><data>41 40 44 CC 00 21</data><pos_answer>7A 1C 80 00</pos_answer>'
2024-09-20 19:29:58,915  root       handle_response DEBUG    Write: '7EA 06 41 40 44 CC 00 21 \r7E8 06 41 40 7A 1C 80 00 \r\r>'
2024-09-20 19:29:58,917  root       run        DEBUG    Received '01011'
2024-09-20 19:29:58,917  root       handle_request DEBUG    Handling: '01011', header '7E0', ECU '7E0'
2024-09-20 19:29:58,919  root       handle_request INFO     Unknown ELM command: '01011', header=7E0
2024-09-20 19:29:58,919  root       handle_response DEBUG    Processing: '<writeln>?</writeln>'
2024-09-20 19:29:58,920  root       handle_response DEBUG    Write: '?\r\r>'
2024-09-20 19:29:58,927  root       run        DEBUG    Received '01031'
2024-09-20 19:29:58,928  root       handle_request DEBUG    Handling: '01031', header '7E0', ECU '7E0'
2024-09-20 19:29:58,928  root       handle_request DEBUG    Description: Fuel System Status, PID FUEL_STATUS (01031)
2024-09-20 19:29:58,929  root       handle_response DEBUG    Processing: '<pos_answer>00 00</pos_answer>'
2024-09-20 19:29:58,929  root       handle_response DEBUG    Write: '7E8 04 41 03 00 00 \r\r>'
2024-09-20 19:29:58,931  root       run        DEBUG    Received '01041'
2024-09-20 19:29:58,931  root       handle_request DEBUG    Handling: '01041', header '7E0', ECU '7E0'
2024-09-20 19:29:58,931  root       handle_request DEBUG    Description: Calculated Engine Load, PID ENGINE_LOAD (01041)
2024-09-20 19:29:58,932  root       handle_response DEBUG    Processing: '<pos_answer>00</pos_answer>'
2024-09-20 19:29:58,932  root       handle_response DEBUG    Write: '7E8 03 41 04 00 \r\r>'
2024-09-20 19:29:58,934  root       run        DEBUG    Received '01051'
2024-09-20 19:29:58,955  root       handle_request DEBUG    Handling: '01051', header '7E0', ECU '7E0'
2024-09-20 19:29:58,956  root       handle_request DEBUG    Description: Engine Coolant Temperature, PID COOLANT_TEMP (01051)
2024-09-20 19:29:58,956  root       handle_response DEBUG    Processing: '<pos_answer>7B</pos_answer>'
2024-09-20 19:29:58,957  root       handle_response DEBUG    Write: '7E8 03 41 05 7B \r\r>'
2024-09-20 19:29:58,959  root       run        DEBUG    Received '01061'
2024-09-20 19:29:58,959  root       handle_request DEBUG    Handling: '01061', header '7E0', ECU '7E0'
2024-09-20 19:29:58,960  root       handle_request INFO     Unknown ELM command: '01061', header=7E0
2024-09-20 19:29:58,961  root       handle_response DEBUG    Processing: '<writeln>?</writeln>'
2024-09-20 19:29:58,962  root       handle_response DEBUG    Write: '?\r\r>'
2024-09-20 19:29:58,963  root       run        DEBUG    Received '01071'
2024-09-20 19:29:58,964  root       handle_request DEBUG    Handling: '01071', header '7E0', ECU '7E0'
2024-09-20 19:29:58,965  root       handle_request INFO     Unknown ELM command: '01071', header=7E0
2024-09-20 19:29:58,965  root       handle_response DEBUG    Processing: '<writeln>?</writeln>'
2024-09-20 19:29:58,966  root       handle_response DEBUG    Write: '?\r\r>'
2024-09-20 19:29:58,967  root       run        DEBUG    Received '010B1'
2024-09-20 19:29:58,968  root       handle_request DEBUG    Handling: '010B1', header '7E0', ECU '7E0'
2024-09-20 19:29:58,968  root       handle_request DEBUG    Description: Intake Manifold Pressure, PID INTAKE_PRESSURE (010B1)
2024-09-20 19:29:58,968  root       handle_response DEBUG    Processing: '<pos_answer>73</pos_answer>'
2024-09-20 19:29:58,969  root       handle_response DEBUG    Write: '7E8 03 41 0B 73 \r\r>'
2024-09-20 19:29:58,971  root       run        DEBUG    Received '010C2'
2024-09-20 19:29:58,971  root       handle_request DEBUG    Handling: '010C2', header '7E0', ECU '7E0'
2024-09-20 19:29:58,972  root       handle_request DEBUG    Description: Engine RPM, PID RPM (010C2)
2024-09-20 19:29:58,972  root       handle_response DEBUG    Processing: '<pos_answer>17 C0</pos_answer> <header>7EA</header><size>04</size><data>41 0C 17 C0</data>'
2024-09-20 19:29:58,972  root       handle_response DEBUG    Write: '7E8 04 41 0C 17 C0 \r7EA 04 41 0C 17 C0 \r\r>'
2024-09-20 19:29:58,974  root       run        DEBUG    Received '010D2'
2024-09-20 19:29:58,974  root       handle_request DEBUG    Handling: '010D2', header '7E0', ECU '7E0'
2024-09-20 19:29:58,975  root       handle_request DEBUG    Description: Vehicle Speed, PID SPEED (010D2)
2024-09-20 19:29:58,975  root       handle_response DEBUG    Processing: '<pos_answer>68</pos_answer> <header>7EA</header><size>03</size><data>41 0D 68</data>'
2024-09-20 19:29:58,976  root       handle_response DEBUG    Write: '7E8 03 41 0D 68 \r7EA 03 41 0D 68 \r\r>'
2024-09-20 19:29:58,978  root       run        DEBUG    Received '010E1'
2024-09-20 19:29:58,978  root       handle_request DEBUG    Handling: '010E1', header '7E0', ECU '7E0'
2024-09-20 19:29:58,979  root       handle_request INFO     Unknown ELM command: '010E1', header=7E0
2024-09-20 19:29:58,980  root       handle_response DEBUG    Processing: '<writeln>?</writeln>'
2024-09-20 19:29:58,980  root       handle_response DEBUG    Write: '?\r\r>'
2024-09-20 19:29:58,981  root       run        DEBUG    Received '010F1'
2024-09-20 19:29:58,982  root       handle_request DEBUG    Handling: '010F1', header '7E0', ECU '7E0'
2024-09-20 19:29:58,982  root       handle_request DEBUG    Description: Intake Air Temp, PID INTAKE_TEMP (010F1)
2024-09-20 19:29:58,983  root       handle_response DEBUG    Processing: '<pos_answer>44</pos_answer>'
2024-09-20 19:29:58,983  root       handle_response DEBUG    Write: '7E8 03 41 0F 44 \r\r>'
2024-09-20 19:29:58,985  root       run        DEBUG    Received '01101'
2024-09-20 19:29:58,985  root       handle_request DEBUG    Handling: '01101', header '7E0', ECU '7E0'
2024-09-20 19:29:58,986  root       handle_request DEBUG    Description: Air Flow Rate (MAF), PID MAF (01101)
2024-09-20 19:29:58,986  root       handle_response DEBUG    Processing: '<pos_answer>05 1F</pos_answer>'
2024-09-20 19:29:58,987  root       handle_response DEBUG    Write: '7E8 04 41 10 05 1F \r\r>'
2024-09-20 19:29:58,989  root       run        DEBUG    Received '01111'
2024-09-20 19:29:58,990  root       handle_request DEBUG    Handling: '01111', header '7E0', ECU '7E0'
2024-09-20 19:29:58,990  root       handle_request DEBUG    Description: Throttle Position, PID THROTTLE_POS (01111)
2024-09-20 19:29:58,990  root       handle_response DEBUG    Processing: '<pos_answer>FF</pos_answer>'
2024-09-20 19:29:58,991  root       handle_response DEBUG    Write: '7E8 03 41 11 FF \r\r>'
2024-09-20 19:29:58,993  root       run        DEBUG    Received '01131'
2024-09-20 19:29:58,994  root       handle_request DEBUG    Handling: '01131', header '7E0', ECU '7E0'
2024-09-20 19:29:58,995  root       handle_request INFO     Unknown ELM command: '01131', header=7E0
2024-09-20 19:29:58,996  root       handle_response DEBUG    Processing: '<writeln>?</writeln>'
2024-09-20 19:29:58,996  root       handle_response DEBUG    Write: '?\r\r>'
2024-09-20 19:29:58,998  root       run        DEBUG    Received '01151'
2024-09-20 19:29:58,998  root       handle_request DEBUG    Handling: '01151', header '7E0', ECU '7E0'
2024-09-20 19:29:58,999  root       handle_request INFO     Unknown ELM command: '01151', header=7E0
2024-09-20 19:29:58,999  root       handle_response DEBUG    Processing: '<writeln>?</writeln>'
2024-09-20 19:29:59,000  root       handle_response DEBUG    Write: '?\r\r>'
2024-09-20 19:29:59,001  root       run        DEBUG    Received '011C1'
2024-09-20 19:29:59,001  root       handle_request DEBUG    Handling: '011C1', header '7E0', ECU '7E0'
2024-09-20 19:29:59,001  root       handle_request DEBUG    Description: OBD Standards Compliance, PID OBD_COMPLIANCE (011C1)
2024-09-20 19:29:59,002  root       handle_response DEBUG    Processing: '<pos_answer>06</pos_answer>'
2024-09-20 19:29:59,002  root       handle_response DEBUG    Write: '7E8 03 41 1C 06 \r\r>'
2024-09-20 19:29:59,003  root       run        DEBUG    Received '011F1'
2024-09-20 19:29:59,003  root       handle_request DEBUG    Handling: '011F1', header '7E0', ECU '7E0'
2024-09-20 19:29:59,003  root       handle_request DEBUG    Description: Engine Run Time, PID RUN_TIME (011F1)
2024-09-20 19:29:59,003  root       handle_response DEBUG    Processing: '<pos_answer>00 8C</pos_answer>'
2024-09-20 19:29:59,004  root       handle_response DEBUG    Write: '7E8 04 41 1F 00 8C \r\r>'
2024-09-20 19:29:59,005  root       run        DEBUG    Received '01211'
2024-09-20 19:29:59,005  root       handle_request DEBUG    Handling: '01211', header '7E0', ECU '7E0'
2024-09-20 19:29:59,005  root       handle_request DEBUG    Description: Distance Traveled with MIL on, PID DISTANCE_W_MIL (01211)
2024-09-20 19:29:59,005  root       handle_response DEBUG    Processing: '<pos_answer>00 00</pos_answer>'
2024-09-20 19:29:59,005  root       handle_response DEBUG    Write: '7E8 04 41 21 00 00 \r\r>'
2024-09-20 19:29:59,006  root       run        DEBUG    Received '01241'
2024-09-20 19:29:59,006  root       handle_request DEBUG    Handling: '01241', header '7E0', ECU '7E0'
2024-09-20 19:29:59,007  root       handle_request INFO     Unknown ELM command: '01241', header=7E0
2024-09-20 19:29:59,007  root       handle_response DEBUG    Processing: '<writeln>?</writeln>'
2024-09-20 19:29:59,007  root       handle_response DEBUG    Write: '?\r\r>'
2024-09-20 19:29:59,008  root       run        DEBUG    Received '012C1'
2024-09-20 19:29:59,008  root       handle_request DEBUG    Handling: '012C1', header '7E0', ECU '7E0'
2024-09-20 19:29:59,008  root       handle_request DEBUG    Description: Commanded EGR, PID COMMANDED_EGR (012C1)
2024-09-20 19:29:59,008  root       handle_response DEBUG    Processing: '<pos_answer>0D</pos_answer>'
2024-09-20 19:29:59,008  root       handle_response DEBUG    Write: '7E8 03 41 2C 0D \r\r>'
2024-09-20 19:29:59,009  root       run        DEBUG    Received '012E1'
2024-09-20 19:29:59,009  root       handle_request DEBUG    Handling: '012E1', header '7E0', ECU '7E0'
2024-09-20 19:29:59,010  root       handle_request INFO     Unknown ELM command: '012E1', header=7E0
2024-09-20 19:29:59,010  root       handle_response DEBUG    Processing: '<writeln>?</writeln>'
2024-09-20 19:29:59,011  root       handle_response DEBUG    Write: '?\r\r>'
2024-09-20 19:29:59,012  root       run        DEBUG    Received '01301'
2024-09-20 19:29:59,012  root       handle_request DEBUG    Handling: '01301', header '7E0', ECU '7E0'
2024-09-20 19:29:59,013  root       handle_request INFO     Unknown ELM command: '01301', header=7E0
2024-09-20 19:29:59,013  root       handle_response DEBUG    Processing: '<writeln>?</writeln>'
2024-09-20 19:29:59,013  root       handle_response DEBUG    Write: '?\r\r>'
2024-09-20 19:29:59,014  root       run        DEBUG    Received '01311'
2024-09-20 19:29:59,014  root       handle_request DEBUG    Handling: '01311', header '7E0', ECU '7E0'
2024-09-20 19:29:59,014  root       handle_request DEBUG    Description: Distance traveled since codes cleared, PID DISTANCE_SINCE_DTC_CLEAR (01311)
2024-09-20 19:29:59,014  root       handle_response DEBUG    Processing: '<pos_answer>C8 1F</pos_answer>'
2024-09-20 19:29:59,014  root       handle_response DEBUG    Write: '7E8 04 41 31 C8 1F \r\r>'
2024-09-20 19:29:59,015  root       run        DEBUG    Received '01331'
2024-09-20 19:29:59,015  root       handle_request DEBUG    Handling: '01331', header '7E0', ECU '7E0'
2024-09-20 19:29:59,015  root       handle_request DEBUG    Description: Barometric Pressure, PID BAROMETRIC_PRESSURE (01331)
2024-09-20 19:29:59,015  root       handle_response DEBUG    Processing: '<pos_answer>65</pos_answer>'
2024-09-20 19:29:59,015  root       handle_response DEBUG    Write: '7E8 03 41 33 65 \r\r>'
2024-09-20 19:29:59,016  root       run        DEBUG    Received '01341'
2024-09-20 19:29:59,016  root       handle_request DEBUG    Handling: '01341', header '7E0', ECU '7E0'
2024-09-20 19:29:59,017  root       handle_request INFO     Unknown ELM command: '01341', header=7E0
2024-09-20 19:29:59,017  root       handle_response DEBUG    Processing: '<writeln>?</writeln>'
2024-09-20 19:29:59,017  root       handle_response DEBUG    Write: '?\r\r>'
2024-09-20 19:29:59,017  root       run        DEBUG    Received '013C1'
2024-09-20 19:29:59,017  root       handle_request DEBUG    Handling: '013C1', header '7E0', ECU '7E0'
2024-09-20 19:29:59,018  root       handle_request DEBUG    Description: Catalyst Temperature: Bank 1 - Sensor 1, PID CATALYST_TEMP_B1S1 (013C1)
2024-09-20 19:29:59,018  root       handle_response DEBUG    Processing: '<pos_answer>04 44</pos_answer>'
2024-09-20 19:29:59,018  root       handle_response DEBUG    Write: '7E8 04 41 3C 04 44 \r\r>'
2024-09-20 19:29:59,018  root       run        DEBUG    Received '013E1'
2024-09-20 19:29:59,018  root       handle_request DEBUG    Handling: '013E1', header '7E0', ECU '7E0'
2024-09-20 19:29:59,019  root       handle_request INFO     Unknown ELM command: '013E1', header=7E0
2024-09-20 19:29:59,019  root       handle_response DEBUG    Processing: '<writeln>?</writeln>'
2024-09-20 19:29:59,019  root       handle_response DEBUG    Write: '?\r\r>'
2024-09-20 19:29:59,019  root       run        DEBUG    Received '01421'
2024-09-20 19:29:59,019  root       handle_request DEBUG    Handling: '01421', header '7E0', ECU '7E0'
2024-09-20 19:29:59,019  root       handle_request DEBUG    Description: Control module voltage, PID CONTROL_MODULE_VOLTAGE (01421)
2024-09-20 19:29:59,020  root       handle_response DEBUG    Processing: '<pos_answer>39 D6</pos_answer>'
2024-09-20 19:29:59,020  root       handle_response DEBUG    Write: '7E8 04 41 42 39 D6 \r\r>'
2024-09-20 19:29:59,020  root       run        DEBUG    Received '01431'
2024-09-20 19:29:59,020  root       handle_request DEBUG    Handling: '01431', header '7E0', ECU '7E0'
2024-09-20 19:29:59,021  root       handle_request INFO     Unknown ELM command: '01431', header=7E0
2024-09-20 19:29:59,021  root       handle_response DEBUG    Processing: '<writeln>?</writeln>'
2024-09-20 19:29:59,021  root       handle_response DEBUG    Write: '?\r\r>'
2024-09-20 19:29:59,022  root       run        DEBUG    Received '01441'
2024-09-20 19:29:59,022  root       handle_request DEBUG    Handling: '01441', header '7E0', ECU '7E0'
2024-09-20 19:29:59,022  root       handle_request INFO     Unknown ELM command: '01441', header=7E0
2024-09-20 19:29:59,022  root       handle_response DEBUG    Processing: '<writeln>?</writeln>'
2024-09-20 19:29:59,023  root       handle_response DEBUG    Write: '?\r\r>'
2024-09-20 19:29:59,023  root       run        DEBUG    Received '01451'
2024-09-20 19:29:59,023  root       handle_request DEBUG    Handling: '01451', header '7E0', ECU '7E0'
2024-09-20 19:29:59,024  root       handle_request INFO     Unknown ELM command: '01451', header=7E0
2024-09-20 19:29:59,024  root       handle_response DEBUG    Processing: '<writeln>?</writeln>'
2024-09-20 19:29:59,024  root       handle_response DEBUG    Write: '?\r\r>'
2024-09-20 19:29:59,025  root       run        DEBUG    Received '01471'
2024-09-20 19:29:59,025  root       handle_request DEBUG    Handling: '01471', header '7E0', ECU '7E0'
2024-09-20 19:29:59,025  root       handle_request INFO     Unknown ELM command: '01471', header=7E0
2024-09-20 19:29:59,025  root       handle_response DEBUG    Processing: '<writeln>?</writeln>'
2024-09-20 19:29:59,026  root       handle_response DEBUG    Write: '?\r\r>'
2024-09-20 19:29:59,026  root       run        DEBUG    Received '014C1'
2024-09-20 19:29:59,026  root       handle_request DEBUG    Handling: '014C1', header '7E0', ECU '7E0'
2024-09-20 19:29:59,026  root       handle_request DEBUG    Description: Commanded throttle actuator, PID THROTTLE_ACTUATOR (014C1)
2024-09-20 19:29:59,027  root       handle_response DEBUG    Processing: '<pos_answer>00</pos_answer>'
2024-09-20 19:29:59,027  root       handle_response DEBUG    Write: '7E8 03 41 4C 00 \r\r>'
2024-09-20 19:29:59,027  root       run        DEBUG    Received '014D1'
2024-09-20 19:29:59,027  root       handle_request DEBUG    Handling: '014D1', header '7E0', ECU '7E0'
2024-09-20 19:29:59,028  root       handle_request DEBUG    Description: Time run with MIL on, PID RUN_TIME_MIL (014D1)
2024-09-20 19:29:59,028  root       handle_response DEBUG    Processing: '<pos_answer>00 00</pos_answer>'
2024-09-20 19:29:59,028  root       handle_response DEBUG    Write: '7E8 04 41 4D 00 00 \r\r>'
2024-09-20 19:29:59,028  root       run        DEBUG    Received '014E1'
2024-09-20 19:29:59,029  root       handle_request DEBUG    Handling: '014E1', header '7E0', ECU '7E0'
2024-09-20 19:29:59,029  root       handle_request DEBUG    Description: Time since trouble codes cleared, PID TIME_SINCE_DTC_CLEARED (014E1)
2024-09-20 19:29:59,029  root       handle_response DEBUG    Processing: '<pos_answer>4C 69</pos_answer>'
2024-09-20 19:29:59,029  root       handle_response DEBUG    Write: '7E8 04 41 4E 4C 69 \r\r>'
2024-09-20 19:29:59,030  root       run        DEBUG    Received '01511'
2024-09-20 19:29:59,030  root       handle_request DEBUG    Handling: '01511', header '7E0', ECU '7E0'
2024-09-20 19:29:59,030  root       handle_request DEBUG    Description: Fuel Type, PID FUEL_TYPE (01511)
2024-09-20 19:29:59,030  root       handle_response DEBUG    Processing: '<pos_answer>01</pos_answer>'
2024-09-20 19:29:59,030  root       handle_response DEBUG    Write: '7E8 03 41 51 01 \r\r>'
2024-09-20 19:29:59,281  root       run        DEBUG    Received '01002'
2024-09-20 19:29:59,282  root       handle_request DEBUG    Handling: '01002', header '7E0', ECU '7E0'
2024-09-20 19:29:59,282  root       handle_request DEBUG    Description: PIDS_A, PID ELM_PIDS_A (01002)
2024-09-20 19:29:59,283  root       handle_response DEBUG    Processing: '<header>7EA</header><size>06</size><data>41 00 98 3A 80 13</data><pos_answer>BE 3F A8 13</pos_answer>'
2024-09-20 19:29:59,283  root       handle_response DEBUG    Write: '7EA 06 41 00 98 3A 80 13 \r7E8 06 41 00 BE 3F A8 13 \r\r>'
2024-09-20 19:29:59,284  root       run        DEBUG    Received '01202'
2024-09-20 19:29:59,285  root       handle_request DEBUG    Handling: '01202', header '7E0', ECU '7E0'
2024-09-20 19:29:59,285  root       handle_request DEBUG    Description: PIDS_B, PID ELM_PIDS_B (01202)
2024-09-20 19:29:59,286  root       handle_response DEBUG    Processing: '<header>7EA</header><size>06</size><data>41 20 80 01 A0 01</data><pos_answer>90 15 B0 15</pos_answer>'
2024-09-20 19:29:59,286  root       handle_response DEBUG    Write: '7EA 06 41 20 80 01 A0 01 \r7E8 06 41 20 90 15 B0 15 \r\r>'
2024-09-20 19:29:59,288  root       run        DEBUG    Received '01402'
2024-09-20 19:29:59,288  root       handle_request DEBUG    Handling: '01402', header '7E0', ECU '7E0'
2024-09-20 19:29:59,289  root       handle_request DEBUG    Description: PIDS_C, PID ELM_PIDS_C (01402)
2024-09-20 19:29:59,289  root       handle_response DEBUG    Processing: '<header>7EA</header><size>06</size><data>41 40 44 CC 00 21</data><pos_answer>7A 1C 80 00</pos_answer>'
2024-09-20 19:29:59,290  root       handle_response DEBUG    Write: '7EA 06 41 40 44 CC 00 21 \r7E8 06 41 40 7A 1C 80 00 \r\r>'
2024-09-20 19:29:59,291  root       run        DEBUG    Received '01011'
2024-09-20 19:29:59,291  root       handle_request DEBUG    Handling: '01011', header '7E0', ECU '7E0'
2024-09-20 19:29:59,293  root       handle_request INFO     Unknown ELM command: '01011', header=7E0
2024-09-20 19:29:59,293  root       handle_response DEBUG    Processing: '<writeln>?</writeln>'
2024-09-20 19:29:59,294  root       handle_response DEBUG    Write: '?\r\r>'
2024-09-20 19:29:59,301  root       run        DEBUG    Received '01031'
2024-09-20 19:29:59,301  root       handle_request DEBUG    Handling: '01031', header '7E0', ECU '7E0'
2024-09-20 19:29:59,301  root       handle_request DEBUG    Description: Fuel System Status, PID FUEL_STATUS (01031)
2024-09-20 19:29:59,302  root       handle_response DEBUG    Processing: '<pos_answer>00 00</pos_answer>'
2024-09-20 19:29:59,302  root       handle_response DEBUG    Write: '7E8 04 41 03 00 00 \r\r>'
2024-09-20 19:29:59,304  root       run        DEBUG    Received '01041'
2024-09-20 19:29:59,304  root       handle_request DEBUG    Handling: '01041', header '7E0', ECU '7E0'
2024-09-20 19:29:59,304  root       handle_request DEBUG    Description: Calculated Engine Load, PID ENGINE_LOAD (01041)
2024-09-20 19:29:59,305  root       handle_response DEBUG    Processing: '<pos_answer>00</pos_answer>'
2024-09-20 19:29:59,305  root       handle_response DEBUG    Write: '7E8 03 41 04 00 \r\r>'
2024-09-20 19:29:59,307  root       run        DEBUG    Received '01051'
2024-09-20 19:29:59,307  root       handle_request DEBUG    Handling: '01051', header '7E0', ECU '7E0'
2024-09-20 19:29:59,307  root       handle_request DEBUG    Description: Engine Coolant Temperature, PID COOLANT_TEMP (01051)
2024-09-20 19:29:59,308  root       handle_response DEBUG    Processing: '<pos_answer>7B</pos_answer>'
2024-09-20 19:29:59,308  root       handle_response DEBUG    Write: '7E8 03 41 05 7B \r\r>'
2024-09-20 19:29:59,309  root       run        DEBUG    Received '01061'
2024-09-20 19:29:59,309  root       handle_request DEBUG    Handling: '01061', header '7E0', ECU '7E0'
2024-09-20 19:29:59,310  root       handle_request INFO     Unknown ELM command: '01061', header=7E0
2024-09-20 19:29:59,311  root       handle_response DEBUG    Processing: '<writeln>?</writeln>'
2024-09-20 19:29:59,311  root       handle_response DEBUG    Write: '?\r\r>'
2024-09-20 19:29:59,312  root       run        DEBUG    Received '01071'
2024-09-20 19:29:59,312  root       handle_request DEBUG    Handling: '01071', header '7E0', ECU '7E0'
2024-09-20 19:29:59,313  root       handle_request INFO     Unknown ELM command: '01071', header=7E0
2024-09-20 19:29:59,313  root       handle_response DEBUG    Processing: '<writeln>?</writeln>'
2024-09-20 19:29:59,314  root       handle_response DEBUG    Write: '?\r\r>'
2024-09-20 19:29:59,315  root       run        DEBUG    Received '010B1'
2024-09-20 19:29:59,315  root       handle_request DEBUG    Handling: '010B1', header '7E0', ECU '7E0'
2024-09-20 19:29:59,315  root       handle_request DEBUG    Description: Intake Manifold Pressure, PID INTAKE_PRESSURE (010B1)
2024-09-20 19:29:59,315  root       handle_response DEBUG    Processing: '<pos_answer>73</pos_answer>'
2024-09-20 19:29:59,316  root       handle_response DEBUG    Write: '7E8 03 41 0B 73 \r\r>'
2024-09-20 19:29:59,316  root       run        DEBUG    Received '010C2'
2024-09-20 19:29:59,317  root       handle_request DEBUG    Handling: '010C2', header '7E0', ECU '7E0'
2024-09-20 19:29:59,317  root       handle_request DEBUG    Description: Engine RPM, PID RPM (010C2)
2024-09-20 19:29:59,317  root       handle_response DEBUG    Processing: '<pos_answer>18 10</pos_answer> <header>7EA</header><size>04</size><data>41 0C 18 10</data>'
2024-09-20 19:29:59,317  root       handle_response DEBUG    Write: '7E8 04 41 0C 18 10 \r7EA 04 41 0C 18 10 \r\r>'
2024-09-20 19:29:59,318  root       run        DEBUG    Received '010D2'
2024-09-20 19:29:59,318  root       handle_request DEBUG    Handling: '010D2', header '7E0', ECU '7E0'
2024-09-20 19:29:59,319  root       handle_request DEBUG    Description: Vehicle Speed, PID SPEED (010D2)
2024-09-20 19:29:59,319  root       handle_response DEBUG    Processing: '<pos_answer>6C</pos_answer> <header>7EA</header><size>03</size><data>41 0D 6C</data>'
2024-09-20 19:29:59,319  root       handle_response DEBUG    Write: '7E8 03 41 0D 6C \r7EA 03 41 0D 6C \r\r>'
2024-09-20 19:29:59,320  root       run        DEBUG    Received '010E1'
2024-09-20 19:29:59,320  root       handle_request DEBUG    Handling: '010E1', header '7E0', ECU '7E0'
2024-09-20 19:29:59,321  root       handle_request INFO     Unknown ELM command: '010E1', header=7E0
2024-09-20 19:29:59,321  root       handle_response DEBUG    Processing: '<writeln>?</writeln>'
2024-09-20 19:29:59,321  root       handle_response DEBUG    Write: '?\r\r>'
2024-09-20 19:29:59,322  root       run        DEBUG    Received '010F1'
2024-09-20 19:29:59,322  root       handle_request DEBUG    Handling: '010F1', header '7E0', ECU '7E0'
2024-09-20 19:29:59,322  root       handle_request DEBUG    Description: Intake Air Temp, PID INTAKE_TEMP (010F1)
2024-09-20 19:29:59,323  root       handle_response DEBUG    Processing: '<pos_answer>44</pos_answer>'
2024-09-20 19:29:59,323  root       handle_response DEBUG    Write: '7E8 03 41 0F 44 \r\r>'
2024-09-20 19:29:59,324  root       run        DEBUG    Received '01101'
2024-09-20 19:29:59,324  root       handle_request DEBUG    Handling: '01101', header '7E0', ECU '7E0'
2024-09-20 19:29:59,324  root       handle_request DEBUG    Description: Air Flow Rate (MAF), PID MAF (01101)
2024-09-20 19:29:59,324  root       handle_response DEBUG    Processing: '<pos_answer>05 1F</pos_answer>'
2024-09-20 19:29:59,325  root       handle_response DEBUG    Write: '7E8 04 41 10 05 1F \r\r>'
2024-09-20 19:29:59,325  root       run        DEBUG    Received '01111'
2024-09-20 19:29:59,326  root       handle_request DEBUG    Handling: '01111', header '7E0', ECU '7E0'
2024-09-20 19:29:59,326  root       handle_request DEBUG    Description: Throttle Position, PID THROTTLE_POS (01111)
2024-09-20 19:29:59,326  root       handle_response DEBUG    Processing: '<pos_answer>FF</pos_answer>'
2024-09-20 19:29:59,327  root       handle_response DEBUG    Write: '7E8 03 41 11 FF \r\r>'
2024-09-20 19:29:59,327  root       run        DEBUG    Received '01131'
2024-09-20 19:29:59,328  root       handle_request DEBUG    Handling: '01131', header '7E0', ECU '7E0'
2024-09-20 19:29:59,328  root       handle_request INFO     Unknown ELM command: '01131', header=7E0
2024-09-20 19:29:59,328  root       handle_response DEBUG    Processing: '<writeln>?</writeln>'
2024-09-20 19:29:59,329  root       handle_response DEBUG    Write: '?\r\r>'
2024-09-20 19:29:59,329  root       run        DEBUG    Received '01151'
2024-09-20 19:29:59,330  root       handle_request DEBUG    Handling: '01151', header '7E0', ECU '7E0'
2024-09-20 19:29:59,331  root       handle_request INFO     Unknown ELM command: '01151', header=7E0
2024-09-20 19:29:59,331  root       handle_response DEBUG    Processing: '<writeln>?</writeln>'
2024-09-20 19:29:59,331  root       handle_response DEBUG    Write: '?\r\r>'
2024-09-20 19:29:59,332  root       run        DEBUG    Received '011C1'
2024-09-20 19:29:59,332  root       handle_request DEBUG    Handling: '011C1', header '7E0', ECU '7E0'
2024-09-20 19:29:59,333  root       handle_request DEBUG    Description: OBD Standards Compliance, PID OBD_COMPLIANCE (011C1)
2024-09-20 19:29:59,333  root       handle_response DEBUG    Processing: '<pos_answer>06</pos_answer>'
2024-09-20 19:29:59,333  root       handle_response DEBUG    Write: '7E8 03 41 1C 06 \r\r>'
2024-09-20 19:29:59,334  root       run        DEBUG    Received '011F1'
2024-09-20 19:29:59,334  root       handle_request DEBUG    Handling: '011F1', header '7E0', ECU '7E0'
2024-09-20 19:29:59,335  root       handle_request DEBUG    Description: Engine Run Time, PID RUN_TIME (011F1)
2024-09-20 19:29:59,335  root       handle_response DEBUG    Processing: '<pos_answer>00 8C</pos_answer>'
2024-09-20 19:29:59,335  root       handle_response DEBUG    Write: '7E8 04 41 1F 00 8C \r\r>'
2024-09-20 19:29:59,336  root       run        DEBUG    Received '01211'
2024-09-20 19:29:59,336  root       handle_request DEBUG    Handling: '01211', header '7E0', ECU '7E0'
2024-09-20 19:29:59,336  root       handle_request DEBUG    Description: Distance Traveled with MIL on, PID DISTANCE_W_MIL (01211)
2024-09-20 19:29:59,337  root       handle_response DEBUG    Processing: '<pos_answer>00 00</pos_answer>'
2024-09-20 19:29:59,337  root       handle_response DEBUG    Write: '7E8 04 41 21 00 00 \r\r>'
2024-09-20 19:29:59,338  root       run        DEBUG    Received '01241'
2024-09-20 19:29:59,338  root       handle_request DEBUG    Handling: '01241', header '7E0', ECU '7E0'
2024-09-20 19:29:59,339  root       handle_request INFO     Unknown ELM command: '01241', header=7E0
2024-09-20 19:29:59,339  root       handle_response DEBUG    Processing: '<writeln>?</writeln>'
2024-09-20 19:29:59,339  root       handle_response DEBUG    Write: '?\r\r>'
2024-09-20 19:29:59,340  root       run        DEBUG    Received '012C1'
2024-09-20 19:29:59,340  root       handle_request DEBUG    Handling: '012C1', header '7E0', ECU '7E0'
2024-09-20 19:29:59,341  root       handle_request DEBUG    Description: Commanded EGR, PID COMMANDED_EGR (012C1)
2024-09-20 19:29:59,341  root       handle_response DEBUG    Processing: '<pos_answer>0D</pos_answer>'
2024-09-20 19:29:59,341  root       handle_response DEBUG    Write: '7E8 03 41 2C 0D \r\r>'
2024-09-20 19:29:59,342  root       run        DEBUG    Received '012E1'
2024-09-20 19:29:59,342  root       handle_request DEBUG    Handling: '012E1', header '7E0', ECU '7E0'
2024-09-20 19:29:59,343  root       handle_request INFO     Unknown ELM command: '012E1', header=7E0
2024-09-20 19:29:59,343  root       handle_response DEBUG    Processing: '<writeln>?</writeln>'
2024-09-20 19:29:59,343  root       handle_response DEBUG    Write: '?\r\r>'
2024-09-20 19:29:59,344  root       run        DEBUG    Received '01301'
2024-09-20 19:29:59,344  root       handle_request DEBUG    Handling: '01301', header '7E0', ECU '7E0'
2024-09-20 19:29:59,345  root       handle_request INFO     Unknown ELM command: '01301', header=7E0
2024-09-20 19:29:59,345  root       handle_response DEBUG    Processing: '<writeln>?</writeln>'
2024-09-20 19:29:59,346  root       handle_response DEBUG    Write: '?\r\r>'
2024-09-20 19:29:59,347  root       run        DEBUG    Received '01311'
2024-09-20 19:29:59,347  root       handle_request DEBUG    Handling: '01311', header '7E0', ECU '7E0'
2024-09-20 19:29:59,347  root       handle_request DEBUG    Description: Distance traveled since codes cleared, PID DISTANCE_SINCE_DTC_CLEAR (01311)
2024-09-20 19:29:59,347  root       handle_response DEBUG    Processing: '<pos_answer>C8 1F</pos_answer>'
2024-09-20 19:29:59,347  root       handle_response DEBUG    Write: '7E8 04 41 31 C8 1F \r\r>'
2024-09-20 19:29:59,348  root       run        DEBUG    Received '01331'
2024-09-20 19:29:59,348  root       handle_request DEBUG    Handling: '01331', header '7E0', ECU '7E0'
2024-09-20 19:29:59,348  root       handle_request DEBUG    Description: Barometric Pressure, PID BAROMETRIC_PRESSURE (01331)
2024-09-20 19:29:59,348  root       handle_response DEBUG    Processing: '<pos_answer>65</pos_answer>'
2024-09-20 19:29:59,349  root       handle_response DEBUG    Write: '7E8 03 41 33 65 \r\r>'
2024-09-20 19:29:59,349  root       run        DEBUG    Received '01341'
2024-09-20 19:29:59,349  root       handle_request DEBUG    Handling: '01341', header '7E0', ECU '7E0'
2024-09-20 19:29:59,350  root       handle_request INFO     Unknown ELM command: '01341', header=7E0
2024-09-20 19:29:59,350  root       handle_response DEBUG    Processing: '<writeln>?</writeln>'
2024-09-20 19:29:59,350  root       handle_response DEBUG    Write: '?\r\r>'
2024-09-20 19:29:59,351  root       run        DEBUG    Received '013C1'
2024-09-20 19:29:59,351  root       handle_request DEBUG    Handling: '013C1', header '7E0', ECU '7E0'
2024-09-20 19:29:59,351  root       handle_request DEBUG    Description: Catalyst Temperature: Bank 1 - Sensor 1, PID CATALYST_TEMP_B1S1 (013C1)
2024-09-20 19:29:59,351  root       handle_response DEBUG    Processing: '<pos_answer>04 44</pos_answer>'
2024-09-20 19:29:59,351  root       handle_response DEBUG    Write: '7E8 04 41 3C 04 44 \r\r>'
2024-09-20 19:29:59,352  root       run        DEBUG    Received '013E1'
2024-09-20 19:29:59,352  root       handle_request DEBUG    Handling: '013E1', header '7E0', ECU '7E0'
2024-09-20 19:29:59,352  root       handle_request INFO     Unknown ELM command: '013E1', header=7E0
2024-09-20 19:29:59,352  root       handle_response DEBUG    Processing: '<writeln>?</writeln>'
2024-09-20 19:29:59,353  root       handle_response DEBUG    Write: '?\r\r>'
2024-09-20 19:29:59,353  root       run        DEBUG    Received '01421'
2024-09-20 19:29:59,353  root       handle_request DEBUG    Handling: '01421', header '7E0', ECU '7E0'
2024-09-20 19:29:59,353  root       handle_request DEBUG    Description: Control module voltage, PID CONTROL_MODULE_VOLTAGE (01421)
2024-09-20 19:29:59,353  root       handle_response DEBUG    Processing: '<pos_answer>39 D6</pos_answer>'
2024-09-20 19:29:59,354  root       handle_response DEBUG    Write: '7E8 04 41 42 39 D6 \r\r>'
2024-09-20 19:29:59,354  root       run        DEBUG    Received '01431'
2024-09-20 19:29:59,354  root       handle_request DEBUG    Handling: '01431', header '7E0', ECU '7E0'
2024-09-20 19:29:59,355  root       handle_request INFO     Unknown ELM command: '01431', header=7E0
2024-09-20 19:29:59,355  root       handle_response DEBUG    Processing: '<writeln>?</writeln>'
2024-09-20 19:29:59,355  root       handle_response DEBUG    Write: '?\r\r>'
2024-09-20 19:29:59,355  root       run        DEBUG    Received '01441'
2024-09-20 19:29:59,355  root       handle_request DEBUG    Handling: '01441', header '7E0', ECU '7E0'
2024-09-20 19:29:59,356  root       handle_request INFO     Unknown ELM command: '01441', header=7E0
2024-09-20 19:29:59,356  root       handle_response DEBUG    Processing: '<writeln>?</writeln>'
2024-09-20 19:29:59,356  root       handle_response DEBUG    Write: '?\r\r>'
2024-09-20 19:29:59,357  root       run        DEBUG    Received '01451'
2024-09-20 19:29:59,357  root       handle_request DEBUG    Handling: '01451', header '7E0', ECU '7E0'
2024-09-20 19:29:59,357  root       handle_request INFO     Unknown ELM command: '01451', header=7E0
2024-09-20 19:29:59,357  root       handle_response DEBUG    Processing: '<writeln>?</writeln>'
2024-09-20 19:29:59,357  root       handle_response DEBUG    Write: '?\r\r>'
2024-09-20 19:29:59,358  root       run        DEBUG    Received '01471'
2024-09-20 19:29:59,358  root       handle_request DEBUG    Handling: '01471', header '7E0', ECU '7E0'
2024-09-20 19:29:59,358  root       handle_request INFO     Unknown ELM command: '01471', header=7E0
2024-09-20 19:29:59,358  root       handle_response DEBUG    Processing: '<writeln>?</writeln>'
2024-09-20 19:29:59,359  root       handle_response DEBUG    Write: '?\r\r>'
2024-09-20 19:29:59,359  root       run        DEBUG    Received '014C1'
2024-09-20 19:29:59,359  root       handle_request DEBUG    Handling: '014C1', header '7E0', ECU '7E0'
2024-09-20 19:29:59,359  root       handle_request DEBUG    Description: Commanded throttle actuator, PID THROTTLE_ACTUATOR (014C1)
2024-09-20 19:29:59,359  root       handle_response DEBUG    Processing: '<pos_answer>00</pos_answer>'
2024-09-20 19:29:59,359  root       handle_response DEBUG    Write: '7E8 03 41 4C 00 \r\r>'
2024-09-20 19:29:59,360  root       run        DEBUG    Received '014D1'
2024-09-20 19:29:59,360  root       handle_request DEBUG    Handling: '014D1', header '7E0', ECU '7E0'
2024-09-20 19:29:59,360  root       handle_request DEBUG    Description: Time run with MIL on, PID RUN_TIME_MIL (014D1)
2024-09-20 19:29:59,360  root       handle_response DEBUG    Processing: '<pos_answer>00 00</pos_answer>'
2024-09-20 19:29:59,360  root       handle_response DEBUG    Write: '7E8 04 41 4D 00 00 \r\r>'
2024-09-20 19:29:59,361  root       run        DEBUG    Received '014E1'
2024-09-20 19:29:59,361  root       handle_request DEBUG    Handling: '014E1', header '7E0', ECU '7E0'
2024-09-20 19:29:59,361  root       handle_request DEBUG    Description: Time since trouble codes cleared, PID TIME_SINCE_DTC_CLEARED (014E1)
2024-09-20 19:29:59,361  root       handle_response DEBUG    Processing: '<pos_answer>4C 69</pos_answer>'
2024-09-20 19:29:59,361  root       handle_response DEBUG    Write: '7E8 04 41 4E 4C 69 \r\r>'
2024-09-20 19:29:59,362  root       run        DEBUG    Received '01511'
2024-09-20 19:29:59,362  root       handle_request DEBUG    Handling: '01511', header '7E0', ECU '7E0'
2024-09-20 19:29:59,362  root       handle_request DEBUG    Description: Fuel Type, PID FUEL_TYPE (01511)
2024-09-20 19:29:59,362  root       handle_response DEBUG    Processing: '<pos_answer>01</pos_answer>'
2024-09-20 19:29:59,363  root       handle_response DEBUG    Write: '7E8 03 41 51 01 \r\r>'
2024-09-20 19:29:59,614  root       run        DEBUG    Received '01002'
2024-09-20 19:29:59,614  root       handle_request DEBUG    Handling: '01002', header '7E0', ECU '7E0'
2024-09-20 19:29:59,615  root       handle_request DEBUG    Description: PIDS_A, PID ELM_PIDS_A (01002)
2024-09-20 19:29:59,615  root       handle_response DEBUG    Processing: '<header>7EA</header><size>06</size><data>41 00 98 3A 80 13</data><pos_answer>BE 3F A8 13</pos_answer>'
2024-09-20 19:29:59,616  root       handle_response DEBUG    Write: '7EA 06 41 00 98 3A 80 13 \r7E8 06 41 00 BE 3F A8 13 \r\r>'
2024-09-20 19:29:59,618  root       run        DEBUG    Received '01202'
2024-09-20 19:29:59,618  root       handle_request DEBUG    Handling: '01202', header '7E0', ECU '7E0'
2024-09-20 19:29:59,619  root       handle_request DEBUG    Description: PIDS_B, PID ELM_PIDS_B (01202)
2024-09-20 19:29:59,619  root       handle_response DEBUG    Processing: '<header>7EA</header><size>06</size><data>41 20 80 01 A0 01</data><pos_answer>90 15 B0 15</pos_answer>'
2024-09-20 19:29:59,620  root       handle_response DEBUG    Write: '7EA 06 41 20 80 01 A0 01 \r7E8 06 41 20 90 15 B0 15 \r\r>'
2024-09-20 19:29:59,622  root       run        DEBUG    Received '01402'
2024-09-20 19:29:59,622  root       handle_request DEBUG    Handling: '01402', header '7E0', ECU '7E0'
2024-09-20 19:29:59,623  root       handle_request DEBUG    Description: PIDS_C, PID ELM_PIDS_C (01402)
2024-09-20 19:29:59,623  root       handle_response DEBUG    Processing: '<header>7EA</header><size>06</size><data>41 40 44 CC 00 21</data><pos_answer>7A 1C 80 00</pos_answer>'
2024-09-20 19:29:59,624  root       handle_response DEBUG    Write: '7EA 06 41 40 44 CC 00 21 \r7E8 06 41 40 7A 1C 80 00 \r\r>'
2024-09-20 19:29:59,625  root       run        DEBUG    Received '01011'
2024-09-20 19:29:59,626  root       handle_request DEBUG    Handling: '01011', header '7E0', ECU '7E0'
2024-09-20 19:29:59,627  root       handle_request INFO     Unknown ELM command: '01011', header=7E0
2024-09-20 19:29:59,627  root       handle_response DEBUG    Processing: '<writeln>?</writeln>'
2024-09-20 19:29:59,628  root       handle_response DEBUG    Write: '?\r\r>'
2024-09-20 19:29:59,634  root       run        DEBUG    Received '01031'
2024-09-20 19:29:59,635  root       handle_request DEBUG    Handling: '01031', header '7E0', ECU '7E0'
2024-09-20 19:29:59,635  root       handle_request DEBUG    Description: Fuel System Status, PID FUEL_STATUS (01031)
2024-09-20 19:29:59,636  root       handle_response DEBUG    Processing: '<pos_answer>00 00</pos_answer>'
2024-09-20 19:29:59,636  root       handle_response DEBUG    Write: '7E8 04 41 03 00 00 \r\r>'
2024-09-20 19:29:59,638  root       run        DEBUG    Received '01041'
2024-09-20 19:29:59,638  root       handle_request DEBUG    Handling: '01041', header '7E0', ECU '7E0'
2024-09-20 19:29:59,638  root       handle_request DEBUG    Description: Calculated Engine Load, PID ENGINE_LOAD (01041)
2024-09-20 19:29:59,639  root       handle_response DEBUG    Processing: '<pos_answer>00</pos_answer>'
2024-09-20 19:29:59,639  root       handle_response DEBUG    Write: '7E8 03 41 04 00 \r\r>'
2024-09-20 19:29:59,641  root       run        DEBUG    Received '01051'
2024-09-20 19:29:59,641  root       handle_request DEBUG    Handling: '01051', header '7E0', ECU '7E0'
2024-09-20 19:29:59,642  root       handle_request DEBUG    Description: Engine Coolant Temperature, PID COOLANT_TEMP (01051)
2024-09-20 19:29:59,642  root       handle_response DEBUG    Processing: '<pos_answer>7B</pos_answer>'
2024-09-20 19:29:59,643  root       handle_response DEBUG    Write: '7E8 03 41 05 7B \r\r>'
2024-09-20 19:29:59,645  root       run        DEBUG    Received '01061'
2024-09-20 19:29:59,645  root       handle_request DEBUG    Handling: '01061', header '7E0', ECU '7E0'
2024-09-20 19:29:59,646  root       handle_request INFO     Unknown ELM command: '01061', header=7E0
2024-09-20 19:29:59,647  root       handle_response DEBUG    Processing: '<writeln>?</writeln>'
2024-09-20 19:29:59,647  root       handle_response DEBUG    Write: '?\r\r>'
2024-09-20 19:29:59,649  root       run        DEBUG    Received '01071'
2024-09-20 19:29:59,650  root       handle_request DEBUG    Handling: '01071', header '7E0', ECU '7E0'
2024-09-20 19:29:59,651  root       handle_request INFO     Unknown ELM command: '01071', header=7E0
2024-09-20 19:29:59,651  root       handle_response DEBUG    Processing: '<writeln>?</writeln>'
2024-09-20 19:29:59,652  root       handle_response DEBUG    Write: '?\r\r>'
2024-09-20 19:29:59,653  root       run        DEBUG    Received '010B1'
2024-09-20 19:29:59,654  root       handle_request DEBUG    Handling: '010B1', header '7E0', ECU '7E0'
2024-09-20 19:29:59,654  root       handle_request DEBUG    Description: Intake Manifold Pressure, PID INTAKE_PRESSURE (010B1)
2024-09-20 19:29:59,655  root       handle_response DEBUG    Processing: '<pos_answer>73</pos_answer>'
2024-09-20 19:29:59,655  root       handle_response DEBUG    Write: '7E8 03 41 0B 73 \r\r>'
2024-09-20 19:29:59,657  root       run        DEBUG    Received '010C2'
2024-09-20 19:29:59,657  root       handle_request DEBUG    Handling: '010C2', header '7E0', ECU '7E0'
2024-09-20 19:29:59,658  root       handle_request DEBUG    Description: Engine RPM, PID RPM (010C2)
2024-09-20 19:29:59,659  root       handle_response DEBUG    Processing: '<pos_answer>18 60</pos_answer> <header>7EA</header><size>04</size><data>41 0C 18 60</data>'
2024-09-20 19:29:59,659  root       handle_response DEBUG    Write: '7E8 04 41 0C 18 60 \r7EA 04 41 0C 18 60 \r\r>'
2024-09-20 19:29:59,661  root       run        DEBUG    Received '010D2'
2024-09-20 19:29:59,662  root       handle_request DEBUG    Handling: '010D2', header '7E0', ECU '7E0'
2024-09-20 19:29:59,662  root       handle_request DEBUG    Description: Vehicle Speed, PID SPEED (010D2)
2024-09-20 19:29:59,662  root       handle_response DEBUG    Processing: '<pos_answer>70</pos_answer> <header>7EA</header><size>03</size><data>41 0D 70</data>'
2024-09-20 19:29:59,663  root       handle_response DEBUG    Write: '7E8 03 41 0D 70 \r7EA 03 41 0D 70 \r\r>'
2024-09-20 19:29:59,665  root       run        DEBUG    Received '010E1'
2024-09-20 19:29:59,665  root       handle_request DEBUG    Handling: '010E1', header '7E0', ECU '7E0'
2024-09-20 19:29:59,666  root       handle_request INFO     Unknown ELM command: '010E1', header=7E0
2024-09-20 19:29:59,667  root       handle_response DEBUG    Processing: '<writeln>?</writeln>'
2024-09-20 19:29:59,667  root       handle_response DEBUG    Write: '?\r\r>'
2024-09-20 19:29:59,669  root       run        DEBUG    Received '010F1'
2024-09-20 19:29:59,669  root       handle_request DEBUG    Handling: '010F1', header '7E0', ECU '7E0'
2024-09-20 19:29:59,670  root       handle_request DEBUG    Description: Intake Air Temp, PID INTAKE_TEMP (010F1)
2024-09-20 19:29:59,670  root       handle_response DEBUG    Processing: '<pos_answer>44</pos_answer>'
2024-09-20 19:29:59,671  root       handle_response DEBUG    Write: '7E8 03 41 0F 44 \r\r>'
2024-09-20 19:29:59,673  root       run        DEBUG    Received '01101'
2024-09-20 19:29:59,674  root       handle_request DEBUG    Handling: '01101', header '7E0', ECU '7E0'
2024-09-20 19:29:59,674  root       handle_request DEBUG    Description: Air Flow Rate (MAF), PID MAF (01101)
2024-09-20 19:29:59,674  root       handle_response DEBUG    Processing: '<pos_answer>05 1F</pos_answer>'
2024-09-20 19:29:59,674  root       handle_response DEBUG    Write: '7E8 04 41 10 05 1F \r\r>'
2024-09-20 19:29:59,676  root       run        DEBUG    Received '01111'
2024-09-20 19:29:59,676  root       handle_request DEBUG    Handling: '01111', header '7E0', ECU '7E0'
2024-09-20 19:29:59,676  root       handle_request DEBUG    Description: Throttle Position, PID THROTTLE_POS (01111)
2024-09-20 19:29:59,677  root       handle_response DEBUG    Processing: '<pos_answer>FF</pos_answer>'
2024-09-20 19:29:59,677  root       handle_response DEBUG    Write: '7E8 03 41 11 FF \r\r>'
2024-09-20 19:29:59,678  root       run        DEBUG    Received '01131'
2024-09-20 19:29:59,679  root       handle_request DEBUG    Handling: '01131', header '7E0', ECU '7E0'
2024-09-20 19:29:59,679  root       handle_request INFO     Unknown ELM command: '01131', header=7E0
2024-09-20 19:29:59,679  root       handle_response DEBUG    Processing: '<writeln>?</writeln>'
2024-09-20 19:29:59,680  root       handle_response DEBUG    Write: '?\r\r>'
2024-09-20 19:29:59,680  root       run        DEBUG    Received '01151'
2024-09-20 19:29:59,681  root       handle_request DEBUG    Handling: '01151', header '7E0', ECU '7E0'
2024-09-20 19:29:59,681  root       handle_request INFO     Unknown ELM command: '01151', header=7E0
2024-09-20 19:29:59,681  root       handle_response DEBUG    Processing: '<writeln>?</writeln>'
2024-09-20 19:29:59,682  root       handle_response DEBUG    Write: '?\r\r>'
2024-09-20 19:29:59,682  root       run        DEBUG    Received '011C1'
2024-09-20 19:29:59,682  root       handle_request DEBUG    Handling: '011C1', header '7E0', ECU '7E0'
2024-09-20 19:29:59,683  root       handle_request DEBUG    Description: OBD Standards Compliance, PID OBD_COMPLIANCE (011C1)
2024-09-20 19:29:59,683  root       handle_response DEBUG    Processing: '<pos_answer>06</pos_answer>'
2024-09-20 19:29:59,683  root       handle_response DEBUG    Write: '7E8 03 41 1C 06 \r\r>'
2024-09-20 19:29:59,684  root       run        DEBUG    Received '011F1'
2024-09-20 19:29:59,684  root       handle_request DEBUG    Handling: '011F1', header '7E0', ECU '7E0'
2024-09-20 19:29:59,684  root       handle_request DEBUG    Description: Engine Run Time, PID RUN_TIME (011F1)
2024-09-20 19:29:59,684  root       handle_response DEBUG    Processing: '<pos_answer>00 8C</pos_answer>'
2024-09-20 19:29:59,685  root       handle_response DEBUG    Write: '7E8 04 41 1F 00 8C \r\r>'
2024-09-20 19:29:59,685  root       run        DEBUG    Received '01211'
2024-09-20 19:29:59,686  root       handle_request DEBUG    Handling: '01211', header '7E0', ECU '7E0'
2024-09-20 19:29:59,686  root       handle_request DEBUG    Description: Distance Traveled with MIL on, PID DISTANCE_W_MIL (01211)
2024-09-20 19:29:59,686  root       handle_response DEBUG    Processing: '<pos_answer>00 00</pos_answer>'
2024-09-20 19:29:59,686  root       handle_response DEBUG    Write: '7E8 04 41 21 00 00 \r\r>'
2024-09-20 19:29:59,687  root       run        DEBUG    Received '01241'
2024-09-20 19:29:59,687  root       handle_request DEBUG    Handling: '01241', header '7E0', ECU '7E0'
2024-09-20 19:29:59,688  root       handle_request INFO     Unknown ELM command: '01241', header=7E0
2024-09-20 19:29:59,688  root       handle_response DEBUG    Processing: '<writeln>?</writeln>'
2024-09-20 19:29:59,688  root       handle_response DEBUG    Write: '?\r\r>'
2024-09-20 19:29:59,689  root       run        DEBUG    Received '012C1'
2024-09-20 19:29:59,689  root       handle_request DEBUG    Handling: '012C1', header '7E0', ECU '7E0'
2024-09-20 19:29:59,689  root       handle_request DEBUG    Description: Commanded EGR, PID COMMANDED_EGR (012C1)
2024-09-20 19:29:59,689  root       handle_response DEBUG    Processing: '<pos_answer>0D</pos_answer>'
2024-09-20 19:29:59,689  root       handle_response DEBUG    Write: '7E8 03 41 2C 0D \r\r>'
2024-09-20 19:29:59,690  root       run        DEBUG    Received '012E1'
2024-09-20 19:29:59,691  root       handle_request DEBUG    Handling: '012E1', header '7E0', ECU '7E0'
2024-09-20 19:29:59,691  root       handle_request INFO     Unknown ELM command: '012E1', header=7E0
2024-09-20 19:29:59,691  root       handle_response DEBUG    Processing: '<writeln>?</writeln>'
2024-09-20 19:29:59,691  root       handle_response DEBUG    Write: '?\r\r>'
2024-09-20 19:29:59,692  root       run        DEBUG    Received '01301'
2024-09-20 19:29:59,692  root       handle_request DEBUG    Handling: '01301', header '7E0', ECU '7E0'
2024-09-20 19:29:59,693  root       handle_request INFO     Unknown ELM command: '01301', header=7E0
2024-09-20 19:29:59,693  root       handle_response DEBUG    Processing: '<writeln>?</writeln>'
2024-09-20 19:29:59,694  root       handle_response DEBUG    Write: '?\r\r>'
2024-09-20 19:29:59,695  root       run        DEBUG    Received '01311'
2024-09-20 19:29:59,695  root       handle_request DEBUG    Handling: '01311', header '7E0', ECU '7E0'
2024-09-20 19:29:59,695  root       handle_request DEBUG    Description: Distance traveled since codes cleared, PID DISTANCE_SINCE_DTC_CLEAR (01311)
2024-09-20 19:29:59,695  root       handle_response DEBUG    Processing: '<pos_answer>C8 1F</pos_answer>'
2024-09-20 19:29:59,696  root       handle_response DEBUG    Write: '7E8 04 41 31 C8 1F \r\r>'
2024-09-20 19:29:59,697  root       run        DEBUG    Received '01331'
2024-09-20 19:29:59,697  root       handle_request DEBUG    Handling: '01331', header '7E0', ECU '7E0'
2024-09-20 19:29:59,697  root       handle_request DEBUG    Description: Barometric Pressure, PID BAROMETRIC_PRESSURE (01331)
2024-09-20 19:29:59,697  root       handle_response DEBUG    Processing: '<pos_answer>65</pos_answer>'
2024-09-20 19:29:59,697  root       handle_response DEBUG    Write: '7E8 03 41 33 65 \r\r>'
2024-09-20 19:29:59,698  root       run        DEBUG    Received '01341'
2024-09-20 19:29:59,698  root       handle_request DEBUG    Handling: '01341', header '7E0', ECU '7E0'
2024-09-20 19:29:59,699  root       handle_request INFO     Unknown ELM command: '01341', header=7E0
2024-09-20 19:29:59,699  root       handle_response DEBUG    Processing: '<writeln>?</writeln>'
2024-09-20 19:29:59,699  root       handle_response DEBUG    Write: '?\r\r>'
2024-09-20 19:29:59,700  root       run        DEBUG    Received '013C1'
2024-09-20 19:29:59,700  root       handle_request DEBUG    Handling: '013C1', header '7E0', ECU '7E0'
2024-09-20 19:29:59,700  root       handle_request DEBUG    Description: Catalyst Temperature: Bank 1 - Sensor 1, PID CATALYST_TEMP_B1S1 (013C1)
2024-09-20 19:29:59,701  root       handle_response DEBUG    Processing: '<pos_answer>04 44</pos_answer>'
2024-09-20 19:29:59,701  root       handle_response DEBUG    Write: '7E8 04 41 3C 04 44 \r\r>'
2024-09-20 19:29:59,702  root       run        DEBUG    Received '013E1'
2024-09-20 19:29:59,702  root       handle_request DEBUG    Handling: '013E1', header '7E0', ECU '7E0'
2024-09-20 19:29:59,702  root       handle_request INFO     Unknown ELM command: '013E1', header=7E0
2024-09-20 19:29:59,703  root       handle_response DEBUG    Processing: '<writeln>?</writeln>'
2024-09-20 19:29:59,703  root       handle_response DEBUG    Write: '?\r\r>'
2024-09-20 19:29:59,703  root       run        DEBUG    Received '01421'
2024-09-20 19:29:59,704  root       handle_request DEBUG    Handling: '01421', header '7E0', ECU '7E0'
2024-09-20 19:29:59,704  root       handle_request DEBUG    Description: Control module voltage, PID CONTROL_MODULE_VOLTAGE (01421)
2024-09-20 19:29:59,704  root       handle_response DEBUG    Processing: '<pos_answer>39 D6</pos_answer>'
2024-09-20 19:29:59,704  root       handle_response DEBUG    Write: '7E8 04 41 42 39 D6 \r\r>'
2024-09-20 19:29:59,705  root       run        DEBUG    Received '01431'
2024-09-20 19:29:59,705  root       handle_request DEBUG    Handling: '01431', header '7E0', ECU '7E0'
2024-09-20 19:29:59,706  root       handle_request INFO     Unknown ELM command: '01431', header=7E0
2024-09-20 19:29:59,706  root       handle_response DEBUG    Processing: '<writeln>?</writeln>'
2024-09-20 19:29:59,707  root       handle_response DEBUG    Write: '?\r\r>'
2024-09-20 19:29:59,707  root       run        DEBUG    Received '01441'
2024-09-20 19:29:59,708  root       handle_request DEBUG    Handling: '01441', header '7E0', ECU '7E0'
2024-09-20 19:29:59,709  root       handle_request INFO     Unknown ELM command: '01441', header=7E0
2024-09-20 19:29:59,709  root       handle_response DEBUG    Processing: '<writeln>?</writeln>'
2024-09-20 19:29:59,709  root       handle_response DEBUG    Write: '?\r\r>'
2024-09-20 19:29:59,710  root       run        DEBUG    Received '01451'
2024-09-20 19:29:59,710  root       handle_request DEBUG    Handling: '01451', header '7E0', ECU '7E0'
2024-09-20 19:29:59,710  root       handle_request INFO     Unknown ELM command: '01451', header=7E0
2024-09-20 19:29:59,711  root       handle_response DEBUG    Processing: '<writeln>?</writeln>'
2024-09-20 19:29:59,711  root       handle_response DEBUG    Write: '?\r\r>'
2024-09-20 19:29:59,711  root       run        DEBUG    Received '01471'
2024-09-20 19:29:59,711  root       handle_request DEBUG    Handling: '01471', header '7E0', ECU '7E0'
2024-09-20 19:29:59,712  root       handle_request INFO     Unknown ELM command: '01471', header=7E0
2024-09-20 19:29:59,712  root       handle_response DEBUG    Processing: '<writeln>?</writeln>'
2024-09-20 19:29:59,712  root       handle_response DEBUG    Write: '?\r\r>'
2024-09-20 19:29:59,713  root       run        DEBUG    Received '014C1'
2024-09-20 19:29:59,713  root       handle_request DEBUG    Handling: '014C1', header '7E0', ECU '7E0'
2024-09-20 19:29:59,713  root       handle_request DEBUG    Description: Commanded throttle actuator, PID THROTTLE_ACTUATOR (014C1)
2024-09-20 19:29:59,713  root       handle_response DEBUG    Processing: '<pos_answer>00</pos_answer>'
2024-09-20 19:29:59,713  root       handle_response DEBUG    Write: '7E8 03 41 4C 00 \r\r>'
2024-09-20 19:29:59,714  root       run        DEBUG    Received '014D1'
2024-09-20 19:29:59,714  root       handle_request DEBUG    Handling: '014D1', header '7E0', ECU '7E0'
2024-09-20 19:29:59,715  root       handle_request DEBUG    Description: Time run with MIL on, PID RUN_TIME_MIL (014D1)
2024-09-20 19:29:59,715  root       handle_response DEBUG    Processing: '<pos_answer>00 00</pos_answer>'
2024-09-20 19:29:59,715  root       handle_response DEBUG    Write: '7E8 04 41 4D 00 00 \r\r>'
2024-09-20 19:29:59,716  root       run        DEBUG    Received '014E1'
2024-09-20 19:29:59,716  root       handle_request DEBUG    Handling: '014E1', header '7E0', ECU '7E0'
2024-09-20 19:29:59,716  root       handle_request DEBUG    Description: Time since trouble codes cleared, PID TIME_SINCE_DTC_CLEARED (014E1)
2024-09-20 19:29:59,717  root       handle_response DEBUG    Processing: '<pos_answer>4C 69</pos_answer>'
2024-09-20 19:29:59,717  root       handle_response DEBUG    Write: '7E8 04 41 4E 4C 69 \r\r>'
2024-09-20 19:29:59,717  root       run        DEBUG    Received '01511'
2024-09-20 19:29:59,718  root       handle_request DEBUG    Handling: '01511', header '7E0', ECU '7E0'
2024-09-20 19:29:59,718  root       handle_request DEBUG    Description: Fuel Type, PID FUEL_TYPE (01511)
2024-09-20 19:29:59,718  root       handle_response DEBUG    Processing: '<pos_answer>01</pos_answer>'
2024-09-20 19:29:59,718  root       handle_response DEBUG    Write: '7E8 03 41 51 01 \r\r>'
