timestamp_obd,status,fuel_status,engine_load,coolant_temp,short_fuel_trim_1,long_fuel_trim_1,intake_pressure,rpm,speed,timing_advance,intake_temp,throttle_pos,o2_sensors,o2_b1s2,obd_compliance,run_time,pids_b,distance_w_mil,evaporative_purge,fuel_level,warmups_since_dtc_clear,distance_since_dtc_clear,barometric_pressure,o2_s1_wr_current,catalyst_temp_b1s1,pids_c,status_drive_cycle,control_module_voltage,absolute_load,commanded_equiv_ratio,relative_throttle_pos,ambiant_air_temp,throttle_pos_b,accelerator_pos_d,accelerator_pos_e,throttle_actuator,fuel_type,long_o2_trim_b1,unknown
1734340661,<obd.OBDResponse.Status object at 0x7d80417f9160>,"('Closed loop, using oxygen sensor feedback to determine fuel mix', '')",23.1372549,97,-1.5625,0.78125,36,1173.5,26,15,57,13.7254902,"((), (False, False, False, False), (False, False, True, True))",0.73,India OBD II (IOBD II),108,1E+31,0,28.23529412,80,255,2562,100,0.0078125,370.3,1.11111E+31,<obd.OBDResponse.Status object at 0x7d80417fa4b0>,14.12,26.2745098,0.999424,3.529411765,36,14.11764706,21.56862745,21.56862745,4.705882353,Gasoline,0,
1734340664,<obd.OBDResponse.Status object at 0x7d80417faf60>,"('Closed loop, using oxygen sensor feedback to determine fuel mix', '')",32.94117647,96,-1.5625,1.5625,50,1174,26,12,58,15.29411765,"((), (False, False, False, False), (False, False, True, True))",0.735,India OBD II (IOBD II),112,1E+31,0,34.50980392,80,255,2562,100,0.0078125,371.2,1.11111E+31,<obd.OBDResponse.Status object at 0x7d80417f8a40>,14.12,30.98039216,0.999424,3.529411765,36,14.50980392,14.90196078,14.90196078,3.921568627,Gasoline,0,
1734340668,<obd.OBDResponse.Status object at 0x7d804181f7a0>,"('Closed loop, using oxygen sensor feedback to determine fuel mix', '')",36.8627451,96,3.125,0.78125,41,905.5,15,4.5,58,12.94117647,"((), (False, False, False, False), (False, False, True, True))",0.74,India OBD II (IOBD II),115,1E+31,0,21.56862745,80,255,2562,100,-0.0390625,370.6,1.11111E+31,<obd.OBDResponse.Status object at 0x7d804181d0a0>,14.12,27.45098039,0.999424,2.745098039,36,13.33333333,14.90196078,14.90196078,3.921568627,Gasoline,0,
1734340671,<obd.OBDResponse.Status object at 0x7d80417f9460>,"('Closed loop, using oxygen sensor feedback to determine fuel mix', '')",73.7254902,96,-2.34375,1.5625,98,967.5,14,0.5,58,26.2745098,"((), (False, False, False, False), (False, False, True, True))",0.755,India OBD II (IOBD II),118,1E+31,0,74.90196078,80,255,2562,100,0.01171875,371.7,1.11111E+31,<obd.OBDResponse.Status object at 0x7d804181ccb0>,14.14,68.23529412,0.999424,15.68627451,36,25.88235294,31.76470588,31.76470588,16.07843137,Gasoline,0,
1734340674,<obd.OBDResponse.Status object at 0x7d804181d610>,"('Closed loop, using oxygen sensor feedback to determine fuel mix', '')",38.82352941,96,0,1.5625,92,1578,23,10.5,57,21.96078431,"((), (False, False, False, False), (False, False, True, True))",0.75,India OBD II (IOBD II),121,1E+31,0,25.88235294,80,255,2562,100,-0.00390625,381,1.11111E+31,<obd.OBDResponse.Status object at 0x7d80417fb500>,14.14,25.88235294,0.999424,3.137254902,36,14.11764706,14.90196078,14.90196078,3.921568627,Gasoline,0,
1734340677,<obd.OBDResponse.Status object at 0x7d804181d9a0>,"('Closed loop, using oxygen sensor feedback to determine fuel mix', '')",56.8627451,96,1.5625,1.5625,96,1145.5,25,4.5,57,24.70588235,"((), (False, False, False, False), (False, False, True, True))",0.75,India OBD II (IOBD II),124,1E+31,0,80.39215686,80,255,2562,100,-0.06640625,384.9,1.11111E+31,<obd.OBDResponse.Status object at 0x7d804181cb60>,14.06,69.01960784,0.999424,18.43137255,36,27.84313725,32.54901961,32.54901961,21.96078431,Gasoline,0,
1734340680,<obd.OBDResponse.Status object at 0x7d8040e49c40>,"('Closed loop, using oxygen sensor feedback to determine fuel mix', '')",39.21568627,96,-2.34375,1.5625,85,1383.5,30,16.5,56,15.29411765,"((), (False, False, False, False), (False, False, True, True))",0.75,India OBD II (IOBD II),127,1E+31,0,3.921568627,80,255,2562,100,0.0234375,395,1.11111E+31,<obd.OBDResponse.Status object at 0x7d804181c8c0>,14.08,28.23529412,0.999424,4.31372549,36,14.90196078,21.56862745,21.56862745,4.705882353,Gasoline,0,
1734340683,<obd.OBDResponse.Status object at 0x7d8040e48fb0>,"('Open loop due to engine load OR fuel cut due to deceleration', '')",0,96,0,0,29,1258,27,-11.5,56,12.54901961,"((), (False, False, False, False), (False, False, True, True))",0.745,India OBD II (IOBD II),130,1E+31,0,0,80,255,2562,100,0.3671875,393.1,1.11111E+31,<obd.OBDResponse.Status object at 0x7d80417fb6b0>,14.02,28.62745098,1.283196,4.31372549,35,14.50980392,15.29411765,15.29411765,5.098039216,Gasoline,0,
1734340686,<obd.OBDResponse.Status object at 0x7d804181d8b0>,"('Closed loop, using oxygen sensor feedback to determine fuel mix', '')",32.94117647,96,-3.125,0.78125,44,933.5,12,-7.5,57,13.7254902,"((), (False, False, False, False), (False, False, True, True))",0.215,India OBD II (IOBD II),133,1E+31,0,3.137254902,80,255,2562,100,-0.16796875,392.1,1.11111E+31,<obd.OBDResponse.Status object at 0x7d80417f9010>,14.06,28.62745098,0.924272,3.137254902,35,13.7254902,14.90196078,14.90196078,3.921568627,Gasoline,0,
1734340689,<obd.OBDResponse.Status object at 0x7d8040e49280>,"('Closed loop, using oxygen sensor feedback to determine fuel mix', '')",83.52941176,97,0,1.5625,105,1060.5,15,-5.5,57,85.88235294,"((), (False, False, False, False), (False, False, True, True))",0.58,India OBD II (IOBD II),136,1E+31,0,80.39215686,80,255,2562,100,-0.0078125,395.3,1.11111E+31,<obd.OBDResponse.Status object at 0x7d804181c590>,14.02,89.01960784,0.999424,77.25490196,35,88.23529412,39.60784314,39.60784314,99.60784314,Gasoline,0,
1734340692,<obd.OBDResponse.Status object at 0x7d8040e4b440>,"('Closed loop, using oxygen sensor feedback to determine fuel mix', '')",34.90196078,97,1.5625,1.5625,58,1909,29,-13,55,13.7254902,"((), (False, False, False, False), (False, False, True, True))",0.655,India OBD II (IOBD II),139,1E+31,0,5.882352941,80,255,2562,100,0.015625,426.6,1.11111E+31,<obd.OBDResponse.Status object at 0x7d80417fad20>,14.02,20,0.999424,3.137254902,35,13.7254902,16.47058824,16.47058824,3.921568627,Gasoline,0,
1734340696,<obd.OBDResponse.Status object at 0x7d804181d070>,"('Closed loop, using oxygen sensor feedback to determine fuel mix', '')",25.88235294,96,-3.125,1.5625,50,1289.5,28,15,56,15.29411765,"((), (False, False, False, False), (False, False, True, True))",0.595,India OBD II (IOBD II),143,1E+31,0,31.37254902,80,255,2562,100,-0.015625,428.1,1.11111E+31,<obd.OBDResponse.Status object at 0x7d80417f8980>,14.02,24.31372549,0.999424,2.745098039,35,13.33333333,19.21568627,19.21568627,3.529411765,Gasoline,0,
1734340699,<obd.OBDResponse.Status object at 0x7d8040e61100>,"('Closed loop, using oxygen sensor feedback to determine fuel mix', '')",16.47058824,96,-5.46875,0.78125,29,1247.5,27,19.5,57,13.33333333,"((), (False, False, False, False), (False, False, True, True))",0.505,India OBD II (IOBD II),146,1E+31,0,31.76470588,80,255,2562,100,0.01953125,427.8,1.11111E+31,<obd.OBDResponse.Status object at 0x7d80417f8530>,14.02,20.78431373,0.999424,2.745098039,35,13.33333333,20,20,3.529411765,Gasoline,0,
1734340702,<obd.OBDResponse.Status object at 0x7d80417fac60>,"('Closed loop, using oxygen sensor feedback to determine fuel mix', '')",18.03921569,96,0,0.78125,30,1229,27,18.5,57,13.33333333,"((), (False, False, False, False), (False, False, True, True))",0.425,India OBD II (IOBD II),149,1E+31,0,30.58823529,80,255,2562,100,0,426.2,1.11111E+31,<obd.OBDResponse.Status object at 0x7d8040e4a5a0>,14.04,21.56862745,0.999424,3.137254902,34,13.7254902,15.68627451,15.68627451,3.529411765,Gasoline,0,
1734340705,<obd.OBDResponse.Status object at 0x7d80417f9610>,"('Closed loop, using oxygen sensor feedback to determine fuel mix', '')",21.96078431,96,3.90625,0,34,1001,23,-1,58,12.94117647,"((), (False, False, False, False), (False, False, True, True))",0.395,India OBD II (IOBD II),152,1E+31,0,20.78431373,80,255,2562,100,-0.0078125,424.4,1.11111E+31,<obd.OBDResponse.Status object at 0x7d80417f8740>,14.08,28.23529412,0.999424,2.352941176,34,12.94117647,14.90196078,15.29411765,3.529411765,Gasoline,0,
1734340708,<obd.OBDResponse.Status object at 0x7d804181fad0>,"('Closed loop, using oxygen sensor feedback to determine fuel mix', '')",32.54901961,97,0.78125,0,41,926,3,0,58,13.33333333,"((), (False, False, False, False), (False, False, True, True))",0.37,India OBD II (IOBD II),155,1E+31,0,21.17647059,80,255,2562,100,-0.0234375,422.7,1.11111E+31,<obd.OBDResponse.Status object at 0x7d80417f9b80>,14.06,27.05882353,0.999424,2.745098039,34,13.33333333,14.90196078,14.90196078,3.529411765,Gasoline,0,
1734340711,<obd.OBDResponse.Status object at 0x7d8040e4a900>,"('Closed loop, using oxygen sensor feedback to determine fuel mix', '')",36.07843137,98,0.78125,0.78125,42,929.5,2,9.5,58,13.33333333,"((), (False, False, False, False), (False, False, True, True))",0.355,India OBD II (IOBD II),158,1E+31,0,21.96078431,80,255,2562,100,-0.0078125,421,1.11111E+31,<obd.OBDResponse.Status object at 0x7d8040e4ac00>,14.06,27.84313725,0.999424,3.137254902,34,13.7254902,14.90196078,15.29411765,3.921568627,Gasoline,0,
1734340714,<obd.OBDResponse.Status object at 0x7d8040e61ca0>,"('Closed loop, using oxygen sensor feedback to determine fuel mix', '')",44.31372549,98,-0.78125,2.34375,101,1670,10,-4,58,62.35294118,"((), (False, False, False, False), (False, False, True, True))",0.685,India OBD II (IOBD II),161,1E+31,0,91.37254902,80,255,2562,100,0.03515625,425.3,1.11111E+31,<obd.OBDResponse.Status object at 0x7d8040e4ae10>,13.92,61.17647059,0.999424,10.58823529,34,18.03921569,27.05882353,26.66666667,9.803921569,Gasoline,0,
1734340717,<obd.OBDResponse.Status object at 0x7d8040e4a930>,"('Closed loop, using oxygen sensor feedback to determine fuel mix', '')",22.35294118,98,2.34375,1.5625,52,1250.5,17,12,56,16.47058824,"((), (False, False, False, False), (False, False, True, True))",0.665,India OBD II (IOBD II),164,1E+31,0,18.82352941,80,255,2562,100,-0.07421875,430.1,1.11111E+31,<obd.OBDResponse.Status object at 0x7d8040e4ade0>,14.1,46.2745098,0.999424,6.274509804,34,16.47058824,28.23529412,26.66666667,6.274509804,Gasoline,0,
1734340721,<obd.OBDResponse.Status object at 0x7d8040e61040>,"('Closed loop, using oxygen sensor feedback to determine fuel mix', '')",16.8627451,98,-1.5625,1.5625,38,1434.5,20,18,56,14.90196078,"((), (False, False, False, False), (False, False, True, True))",0.69,India OBD II (IOBD II),168,1E+31,0,41.56862745,80,255,2562,100,-0.0078125,430.5,1.11111E+31,<obd.OBDResponse.Status object at 0x7d8040e4bcb0>,14.1,26.66666667,0.999424,4.31372549,34,14.90196078,23.1372549,23.1372549,5.490196078,Gasoline,0,
1734340724,<obd.OBDResponse.Status object at 0x7d80417f8c20>,"('Closed loop, using oxygen sensor feedback to determine fuel mix', '')",7.843137255,98,-0.78125,0.78125,27,1538,21,-5.5,57,13.7254902,"((), (False, False, False, False), (False, False, True, True))",0.71,India OBD II (IOBD II),171,1E+31,0,0,80,255,2562,100,0.0078125,429.8,1.11111E+31,<obd.OBDResponse.Status object at 0x7d8040e49d30>,14.08,17.25490196,0.999424,3.137254902,34,13.33333333,18.82352941,18.82352941,7.450980392,Gasoline,0,
1734340727,<obd.OBDResponse.Status object at 0x7d8040e604a0>,"('Closed loop, using oxygen sensor feedback to determine fuel mix', '')",9.411764706,98,-3.90625,-1.5625,48,1339,19,23,58,12.15686275,"((), (False, False, False, False), (False, False, True, True))",0.705,India OBD II (IOBD II),174,1E+31,0,3.529411765,80,255,2562,100,-0.02734375,428.8,1.11111E+31,<obd.OBDResponse.Status object at 0x7d8040e60fe0>,14.06,32.15686275,0.999424,1.960784314,34,13.7254902,18.43137255,18.43137255,4.705882353,Gasoline,0,
1734340730,<obd.OBDResponse.Status object at 0x7d80417fa060>,"('Open loop due to engine load OR fuel cut due to deceleration', '')",27.84313725,98,0,0.78125,45,970.5,16,-8.5,57,14.11764706,"((), (False, False, False, False), (False, False, True, True))",0.725,India OBD II (IOBD II),177,1E+31,0,0.784313725,80,255,2562,100,0.01171875,426.5,1.11111E+31,<obd.OBDResponse.Status object at 0x7d8040e62570>,14.04,30.58823529,1.006256,3.921568627,34,13.7254902,14.90196078,14.90196078,4.705882353,Gasoline,0,
1734340733,<obd.OBDResponse.Status object at 0x7d8040e48dd0>,"('Closed loop, using oxygen sensor feedback to determine fuel mix', '')",32.94117647,99,0.78125,1.5625,60,1218,16,7.5,57,17.25490196,"((), (False, False, False, False), (False, False, True, True))",0.725,India OBD II (IOBD II),180,1E+31,0,11.76470588,80,255,2562,100,-0.06640625,424.9,1.11111E+31,<obd.OBDResponse.Status object at 0x7d8040e61fa0>,14.12,49.01960784,0.999424,8.235294118,33,18.82352941,29.41176471,29.41176471,10.58823529,Gasoline,0,
1734340736,<obd.OBDResponse.Status object at 0x7d80417f8890>,"('Closed loop, using oxygen sensor feedback to determine fuel mix', '')",32.54901961,99,-1.5625,1.5625,77,1731.5,24,15.5,56,20,"((), (False, False, False, False), (False, False, True, True))",0.72,India OBD II (IOBD II),183,1E+31,0,71.37254902,80,255,2562,100,0.00390625,427.4,1.11111E+31,<obd.OBDResponse.Status object at 0x7d8040e61850>,14.12,44.70588235,0.999424,8.62745098,33,16.47058824,24.70588235,26.2745098,4.31372549,Gasoline,0,
1734340739,<obd.OBDResponse.Status object at 0x7d8040e63bc0>,"('Closed loop, using oxygen sensor feedback to determine fuel mix', '')",33.7254902,98,0.78125,1.5625,62,1215.5,27,14,56,16.47058824,"((), (False, False, False, False), (False, False, True, True))",0.725,India OBD II (IOBD II),186,1E+31,0,46.2745098,80,255,2562,100,-0.06640625,427.4,1.11111E+31,<obd.OBDResponse.Status object at 0x7d8040e61a30>,14.1,33.33333333,0.999424,3.137254902,33,13.7254902,21.96078431,21.96078431,4.705882353,Gasoline,0,
1734340743,<obd.OBDResponse.Status object at 0x7d8040e4bc50>,"('Closed loop, using oxygen sensor feedback to determine fuel mix', '')",18.82352941,98,-4.6875,0.78125,33,1269.5,28,17,56,14.50980392,"((), (False, False, False, False), (False, False, True, True))",0.72,India OBD II (IOBD II),190,1E+31,0,32.15686275,80,255,2562,100,-0.00390625,427,1.11111E+31,<obd.OBDResponse.Status object at 0x7d8040e637d0>,14.1,30.19607843,0.999424,4.31372549,33,14.90196078,24.70588235,24.70588235,5.882352941,Gasoline,0,
1734340746,<obd.OBDResponse.Status object at 0x7d80417fa870>,"('Closed loop, using oxygen sensor feedback to determine fuel mix', '')",27.05882353,98,0.78125,1.5625,52,1272,28,15,57,15.29411765,"((), (False, False, False, False), (False, False, True, True))",0.715,India OBD II (IOBD II),193,1E+31,0,40,80,255,2562,100,-0.00390625,425.3,1.11111E+31,<obd.OBDResponse.Status object at 0x7d8040e62690>,14.06,33.7254902,0.999424,5.098039216,33,16.07843137,25.49019608,25.09803922,6.666666667,Gasoline,0,
1734340749,<obd.OBDResponse.Status object at 0x7d8040e70830>,"('Closed loop, using oxygen sensor feedback to determine fuel mix', '')",25.88235294,98,2.34375,1.5625,50,1311,29,15,57,14.90196078,"((), (False, False, False, False), (False, False, True, True))",0.715,India OBD II (IOBD II),196,1E+31,0,38.82352941,80,255,2562,100,-0.00390625,424.9,1.11111E+31,<obd.OBDResponse.Status object at 0x7d8040e71be0>,14.1,29.80392157,0.999424,4.31372549,33,14.90196078,22.74509804,22.74509804,4.705882353,Gasoline,0,
1734340752,<obd.OBDResponse.Status object at 0x7d8040e72360>,"('Closed loop, using oxygen sensor feedback to determine fuel mix', '')",11.76470588,98,0,0.78125,26,1301,28,3.5,57,12.54901961,"((), (False, False, False, False), (False, False, True, True))",0.71,India OBD II (IOBD II),199,1E+31,0,33.7254902,80,255,2562,100,-0.015625,424.2,1.11111E+31,<obd.OBDResponse.Status object at 0x7d8040e73f20>,14.06,18.03921569,0.999424,1.960784314,33,12.94117647,14.90196078,14.90196078,4.31372549,Gasoline,0,
1734340755,<obd.OBDResponse.Status object at 0x7d8040e61fd0>,"('Closed loop, using oxygen sensor feedback to determine fuel mix', '')",35.29411765,98,0.78125,0,39,898,18,12.5,57,12.94117647,"((), (False, False, False, False), (False, False, True, True))",0.705,India OBD II (IOBD II),202,1E+31,0,20.78431373,80,255,2562,100,-0.03125,423.1,1.11111E+31,<obd.OBDResponse.Status object at 0x7d8040e717f0>,14.04,26.66666667,0.999424,2.745098039,33,13.33333333,14.90196078,14.90196078,3.529411765,Gasoline,0,
1734340758,<obd.OBDResponse.Status object at 0x7d8040e726c0>,"('Closed loop, using oxygen sensor feedback to determine fuel mix', '')",17.64705882,98,0.78125,0.78125,34,1168.5,16,17,57,14.50980392,"((), (False, False, False, False), (False, False, True, True))",0.705,India OBD II (IOBD II),205,1E+31,0,27.84313725,80,255,2562,100,-0.01953125,422,1.11111E+31,<obd.OBDResponse.Status object at 0x7d8040e71bb0>,14.1,30.98039216,0.999424,3.921568627,33,14.50980392,23.52941176,23.52941176,4.31372549,Gasoline,0,
1734340761,<obd.OBDResponse.Status object at 0x7d8040e709e0>,"('Closed loop, using oxygen sensor feedback to determine fuel mix', '')",16.07843137,98,-3.125,0.78125,32,1171.5,17,0,57,12.54901961,"((), (False, False, False, False), (False, False, True, True))",0.705,India OBD II (IOBD II),208,1E+31,0,23.1372549,80,255,2562,100,0.05078125,420.7,1.11111E+31,<obd.OBDResponse.Status object at 0x7d8040e719d0>,14.1,23.92156863,0.999424,1.960784314,33,13.33333333,14.90196078,14.90196078,3.137254902,Gasoline,0,
1734340765,<obd.OBDResponse.Status object at 0x7d8040e605c0>,"('Closed loop, using oxygen sensor feedback to determine fuel mix', '')",31.37254902,98,1.5625,0,39,926.5,7,0,58,12.94117647,"((), (False, False, False, False), (False, False, True, True))",0.7,India OBD II (IOBD II),212,1E+31,0,20.78431373,80,255,2562,100,-0.03125,418.6,1.11111E+31,<obd.OBDResponse.Status object at 0x7d8040e701d0>,14.1,24.31372549,0.999424,5.882352941,33,17.64705882,27.45098039,27.45098039,9.411764706,Gasoline,0,
1734340768,<obd.OBDResponse.Status object at 0x7d8040e726c0>,"('Closed loop, using oxygen sensor feedback to determine fuel mix', '')",41.17647059,98,0,2.34375,98,2167.5,17,11,56,12.54901961,"((), (False, False, False, False), (False, False, True, True))",0.705,India OBD II (IOBD II),215,1E+31,0,14.50980392,80,255,2562,100,-0.00390625,423.9,1.11111E+31,<obd.OBDResponse.Status object at 0x7d8040e71790>,14.1,19.21568627,0.999424,1.960784314,33,13.7254902,14.90196078,14.90196078,1.568627451,Gasoline,0,
1734340771,<obd.OBDResponse.Status object at 0x7d8040e62450>,"('Closed loop, using oxygen sensor feedback to determine fuel mix', '')",52.15686275,98,-0.78125,2.34375,105,1595.5,23,1.5,55,51.76470588,"((), (False, False, False, False), (False, False, True, True))",0.72,India OBD II (IOBD II),218,1E+31,0,15.68627451,80,255,2562,100,-0.00390625,434.6,1.11111E+31,<obd.OBDResponse.Status object at 0x7d804181ca70>,14.08,52.54901961,0.999424,7.843137255,33,18.43137255,27.84313725,27.45098039,8.62745098,Gasoline,0,
1734340774,<obd.OBDResponse.Status object at 0x7d8040e709b0>,"('Closed loop, using oxygen sensor feedback to determine fuel mix', '')",18.03921569,98,2.34375,0,30,1190.5,26,0.5,55,12.94117647,"((), (False, False, False, False), (False, False, True, True))",0.73,India OBD II (IOBD II),221,1E+31,0,12.15686275,80,255,2562,100,-0.03125,437.8,1.11111E+31,<obd.OBDResponse.Status object at 0x7d80417f8a70>,14.06,17.64705882,0.999424,1.960784314,33,12.54901961,14.90196078,14.90196078,2.745098039,Gasoline,0,
1734340777,<obd.OBDResponse.Status object at 0x7d8040e75100>,"('Closed loop, using oxygen sensor feedback to determine fuel mix', '')",14.11764706,98,-0.78125,0,26,1062,23,-1,56,12.15686275,"((), (False, False, False, False), (False, False, True, True))",0.73,India OBD II (IOBD II),224,1E+31,0,21.96078431,80,255,2562,100,0.01171875,437.4,1.11111E+31,<obd.OBDResponse.Status object at 0x7d8040e75760>,14.06,16.07843137,0.999424,1.176470588,33,11.76470588,18.82352941,18.82352941,2.352941176,Gasoline,0,
1734340780,<obd.OBDResponse.Status object at 0x7d8040e73da0>,"('Closed loop, using oxygen sensor feedback to determine fuel mix', '')",28.62745098,98,-2.34375,0,35,964.5,21,15.5,57,12.54901961,"((), (False, False, False, False), (False, False, True, True))",0.725,India OBD II (IOBD II),227,1E+31,0,20.78431373,80,255,2562,100,-0.01171875,436.6,1.11111E+31,<obd.OBDResponse.Status object at 0x7d8040e63f80>,14.1,23.1372549,0.999424,1.960784314,33,12.54901961,18.82352941,18.82352941,2.745098039,Gasoline,0,
1734340783,<obd.OBDResponse.Status object at 0x7d8040e77260>,"('Closed loop, using oxygen sensor feedback to determine fuel mix', '')",30.58823529,99,-1.5625,0.78125,42,922.5,17,-4.5,57,13.33333333,"((), (False, False, False, False), (False, False, True, True))",0.725,India OBD II (IOBD II),230,1E+31,0,21.56862745,80,255,2562,100,0.0078125,435.7,1.11111E+31,<obd.OBDResponse.Status object at 0x7d80417fb920>,14.04,28.62745098,0.999424,3.137254902,33,13.33333333,14.90196078,14.90196078,3.921568627,Gasoline,0,
1734340786,<obd.OBDResponse.Status object at 0x7d8040e73440>,"('Closed loop, using oxygen sensor feedback to determine fuel mix', '')",29.41176471,99,0.78125,0,39,929.5,14,0.5,57,13.33333333,"((), (False, False, False, False), (False, False, True, True))",0.72,India OBD II (IOBD II),233,1E+31,0,20.78431373,80,255,2562,100,0,434.5,1.11111E+31,<obd.OBDResponse.Status object at 0x7d8040e75910>,14.06,25.49019608,0.999424,2.745098039,33,13.33333333,14.90196078,14.90196078,3.137254902,Gasoline,0,
1734340790,<obd.OBDResponse.Status object at 0x7d8040e61af0>,"('Closed loop, using oxygen sensor feedback to determine fuel mix', '')",29.80392157,99,1.5625,0,39,932.5,14,0.5,57,13.33333333,"((), (False, False, False, False), (False, False, True, True))",0.72,India OBD II (IOBD II),237,1E+31,0,20.78431373,80,255,2562,100,-0.015625,433.5,1.11111E+31,<obd.OBDResponse.Status object at 0x7d8040e75490>,14.04,25.09803922,0.999424,2.745098039,33,13.33333333,14.90196078,14.90196078,3.529411765,Gasoline,0,
1734340793,<obd.OBDResponse.Status object at 0x7d804181d5b0>,"('Closed loop, using oxygen sensor feedback to determine fuel mix', '')",29.80392157,99,1.5625,0,38,925.5,4,0.5,57,12.94117647,"((), (False, False, False, False), (False, False, True, True))",0.72,India OBD II (IOBD II),240,1E+31,0,20.78431373,80,255,2562,100,-0.015625,432.4,1.11111E+31,<obd.OBDResponse.Status object at 0x7d8040e76420>,14.06,25.49019608,0.999424,2.745098039,33,13.33333333,14.90196078,14.90196078,3.529411765,Gasoline,0,
1734340796,<obd.OBDResponse.Status object at 0x7d8040e748c0>,"('Closed loop, using oxygen sensor feedback to determine fuel mix', '')",29.41176471,100,1.5625,0,38,929,0,-1,58,12.94117647,"((), (False, False, False, False), (False, False, True, True))",0.72,India OBD II (IOBD II),243,1E+31,0,20.78431373,80,255,2562,100,-0.015625,431.1,1.11111E+31,<obd.OBDResponse.Status object at 0x7d8040e763f0>,14.1,25.09803922,0.999424,2.745098039,33,13.33333333,14.90196078,14.90196078,3.529411765,Gasoline,0,
1734340799,<obd.OBDResponse.Status object at 0x7d8040e76630>,"('Closed loop, using oxygen sensor feedback to determine fuel mix', '')",29.41176471,100,1.5625,0,39,928,0,1.5,58,13.33333333,"((), (False, False, False, False), (False, False, True, True))",0.72,India OBD II (IOBD II),246,1E+31,0,20.78431373,80,255,2562,100,-0.015625,429.9,1.11111E+31,<obd.OBDResponse.Status object at 0x7d8040e74380>,14.06,25.49019608,0.999424,2.745098039,33,13.33333333,14.90196078,14.90196078,3.529411765,Gasoline,0,
1734340802,<obd.OBDResponse.Status object at 0x7d8040e75220>,"('Closed loop, using oxygen sensor feedback to determine fuel mix', '')",30.19607843,100,1.5625,0,39,934.5,0,-1.5,58,13.33333333,"((), (False, False, False, False), (False, False, True, True))",0.72,India OBD II (IOBD II),249,1E+31,0,20.78431373,80,255,2562,100,-0.015625,428.6,1.11111E+31,<obd.OBDResponse.Status object at 0x7d8040e767b0>,14.12,25.88235294,0.999424,2.745098039,33,13.33333333,14.90196078,14.90196078,3.529411765,Gasoline,0,
1734340805,<obd.OBDResponse.Status object at 0x7d8040e60980>,"('Closed loop, using oxygen sensor feedback to determine fuel mix', '')",30.58823529,100,1.5625,0,39,926,0,1.5,58,13.33333333,"((), (False, False, False, False), (False, False, True, True))",0.72,India OBD II (IOBD II),252,1E+31,0,20.78431373,80,255,2562,100,-0.015625,427.4,1.11111E+31,<obd.OBDResponse.Status object at 0x7d8040e74ef0>,14.06,25.88235294,0.999424,2.745098039,33,13.33333333,14.90196078,14.90196078,3.529411765,Gasoline,0,
1734340808,<obd.OBDResponse.Status object at 0x7d8040e78b00>,"('Closed loop, using oxygen sensor feedback to determine fuel mix', '')",30.19607843,100,1.5625,0,39,927,0,0.5,58,13.33333333,"((), (False, False, False, False), (False, False, True, True))",0.725,India OBD II (IOBD II),255,1E+31,0,20.78431373,80,255,2562,100,-0.00390625,426.1,1.11111E+31,<obd.OBDResponse.Status object at 0x7d8040e7b4a0>,14.1,25.49019608,0.999424,3.137254902,33,12.94117647,14.90196078,14.90196078,3.529411765,Gasoline,0,
1734340811,<obd.OBDResponse.Status object at 0x7d8040e74fb0>,"('Closed loop, using oxygen sensor feedback to determine fuel mix', '')",30.19607843,100,1.5625,0,39,935,0,1.5,58,12.94117647,"((), (False, False, False, False), (False, False, True, True))",0.725,India OBD II (IOBD II),258,1E+31,0,20.78431373,80,255,2562,100,-0.0078125,424.9,1.11111E+31,<obd.OBDResponse.Status object at 0x7d8040e7a900>,14.08,25.49019608,0.999424,2.745098039,33,13.33333333,14.90196078,14.90196078,3.529411765,Gasoline,0,
1734340815,<obd.OBDResponse.Status object at 0x7d8040e78290>,"('Closed loop, using oxygen sensor feedback to determine fuel mix', '')",30.19607843,100,1.5625,0,39,929.5,0,-1,58,13.33333333,"((), (False, False, False, False), (False, False, True, True))",0.725,India OBD II (IOBD II),262,1E+31,0,20.78431373,80,255,2562,100,-0.00390625,423.7,1.11111E+31,<obd.OBDResponse.Status object at 0x7d8040e605c0>,14.12,26.2745098,0.999424,2.745098039,33,13.33333333,14.90196078,14.90196078,3.529411765,Gasoline,0,
1734340818,<obd.OBDResponse.Status object at 0x7d8040e7b1a0>,"('Closed loop, using oxygen sensor feedback to determine fuel mix', '')",34.50980392,100,1.5625,0.78125,46,907.5,0,9,58,13.33333333,"((), (False, False, False, False), (False, False, True, True))",0.725,India OBD II (IOBD II),265,1E+31,0,23.52941176,80,255,2562,100,-0.0234375,422.6,1.11111E+31,<obd.OBDResponse.Status object at 0x7d8040e75c10>,13.98,32.15686275,0.999424,4.31372549,33,14.90196078,14.90196078,14.90196078,5.490196078,Gasoline,0,
1734340821,<obd.OBDResponse.Status object at 0x7d8040e79760>,"('Closed loop, using oxygen sensor feedback to determine fuel mix', '')",34.50980392,100,2.34375,0.78125,52,986.5,2,-3,57,14.50980392,"((), (False, False, False, False), (False, False, True, True))",0.725,India OBD II (IOBD II),268,1E+31,0,25.49019608,80,255,2562,100,-0.0078125,421.8,1.11111E+31,<obd.OBDResponse.Status object at 0x7d8040e74dd0>,14.06,33.33333333,0.999424,3.921568627,33,14.50980392,14.90196078,14.90196078,5.098039216,Gasoline,0,
1734340824,<obd.OBDResponse.Status object at 0x7d80417fa060>,"('Closed loop, using oxygen sensor feedback to determine fuel mix', '')",30.58823529,100,1.5625,0.78125,49,1023,5,-8.5,57,14.11764706,"((), (False, False, False, False), (False, False, True, True))",0.735,India OBD II (IOBD II),271,1E+31,0,23.1372549,80,255,2562,100,-0.01171875,421.3,1.11111E+31,<obd.OBDResponse.Status object at 0x7d8040e63e00>,14.12,26.2745098,0.999424,3.137254902,33,13.33333333,14.90196078,14.90196078,3.921568627,Gasoline,0,
1734340827,<obd.OBDResponse.Status object at 0x7d8040e79760>,"('Closed loop, using oxygen sensor feedback to determine fuel mix', '')",24.70588235,99,2.34375,0,38,998,4,0.5,57,13.33333333,"((), (False, False, False, False), (False, False, True, True))",0.745,India OBD II (IOBD II),274,1E+31,0,20.78431373,80,255,2562,100,-0.0234375,420.8,1.11111E+31,<obd.OBDResponse.Status object at 0x7d8040e77e60>,14.1,45.88235294,0.999424,1.960784314,33,13.33333333,14.50980392,14.90196078,4.705882353,Gasoline,0,
1734340830,<obd.OBDResponse.Status object at 0x7d8040e7b440>,"('Closed loop, using oxygen sensor feedback to determine fuel mix', '')",38.03921569,98,1.5625,1.5625,60,1052,8,-12,56,14.90196078,"((), (False, False, False, False), (False, False, True, True))",0.755,India OBD II (IOBD II),277,1E+31,0,25.88235294,80,255,2562,100,-0.0078125,420,1.11111E+31,<obd.OBDResponse.Status object at 0x7d8040e7bd70>,14.08,30.19607843,0.999424,3.921568627,33,13.7254902,17.64705882,17.64705882,2.352941176,Gasoline,0,
1734340833,<obd.OBDResponse.Status object at 0x7d804181d070>,"('Closed loop, using oxygen sensor feedback to determine fuel mix', '')",29.41176471,97,1.5625,0,38,916,5,2,56,12.94117647,"((), (False, False, False, False), (False, False, True, True))",0.755,India OBD II (IOBD II),280,1E+31,0,20.78431373,80,255,2562,100,-0.02734375,420.1,1.11111E+31,<obd.OBDResponse.Status object at 0x7d8040e7ac00>,14.08,24.70588235,0.999424,2.745098039,33,13.33333333,14.90196078,14.90196078,3.529411765,Gasoline,0,
1734340837,<obd.OBDResponse.Status object at 0x7d8040e79130>,"('Closed loop, using oxygen sensor feedback to determine fuel mix', '')",25.49019608,97,-0.78125,0.78125,41,1001,1,-4.5,57,13.7254902,"((), (False, False, False, False), (False, False, True, True))",0.755,India OBD II (IOBD II),284,1E+31,0,21.56862745,80,255,2562,100,-0.00390625,420,1.11111E+31,<obd.OBDResponse.Status object at 0x7d8040e75460>,14.04,38.03921569,0.999424,5.882352941,33,17.64705882,18.43137255,18.43137255,15.29411765,Gasoline,0,
1734340840,<obd.OBDResponse.Status object at 0x7d8040e81220>,"('Closed loop, using oxygen sensor feedback to determine fuel mix', '')",40.39215686,96,0.78125,0.78125,56,985,2,7.5,57,16.07843137,"((), (False, False, False, False), (False, False, True, True))",0.745,India OBD II (IOBD II),287,1E+31,0,23.52941176,80,255,2562,100,0.03125,420.2,1.11111E+31,<obd.OBDResponse.Status object at 0x7d8040e82bd0>,13.88,76.07843137,0.999424,55.68627451,34,15.68627451,14.50980392,14.90196078,27.45098039,Gasoline,0,
1734340843,<obd.OBDResponse.Status object at 0x7d8040e7a840>,"('Closed loop, using oxygen sensor feedback to determine fuel mix', '')",20,96,0.78125,0.78125,39,1084,8,5,55,15.29411765,"((), (False, False, False, False), (False, False, True, True))",0.74,India OBD II (IOBD II),290,1E+31,0,4.31372549,80,255,2562,100,0,425.1,1.11111E+31,<obd.OBDResponse.Status object at 0x7d8040e75a30>,14.06,36.8627451,0.999424,5.098039216,34,15.68627451,21.17647059,21.17647059,6.666666667,Gasoline,0,
1734340846,<obd.OBDResponse.Status object at 0x7d8040e82f30>,"('Closed loop, using oxygen sensor feedback to determine fuel mix', '')",24.70588235,96,0,0,36,963,6,2,56,12.94117647,"((), (False, False, False, False), (False, False, True, True))",0.735,India OBD II (IOBD II),293,1E+31,0,5.098039216,80,255,2562,100,0.01953125,426.4,1.11111E+31,<obd.OBDResponse.Status object at 0x7d80417d89b0>,14.08,24.31372549,0.999424,2.745098039,34,13.33333333,14.90196078,14.90196078,3.921568627,Gasoline,0,
1734340849,<obd.OBDResponse.Status object at 0x7d8040e76360>,"('Closed loop, using oxygen sensor feedback to determine fuel mix', '')",32.15686275,96,-0.78125,0,39,920,2,3.5,57,12.94117647,"((), (False, False, False, False), (False, False, True, True))",0.735,India OBD II (IOBD II),296,1E+31,0,20.78431373,80,255,2562,100,-0.0234375,426.4,1.11111E+31,<obd.OBDResponse.Status object at 0x7d8040e82810>,14.08,25.49019608,0.999424,2.352941176,34,12.94117647,14.90196078,14.90196078,3.529411765,Gasoline,0,
1734340852,<obd.OBDResponse.Status object at 0x7d8040e80620>,"('Closed loop, using oxygen sensor feedback to determine fuel mix', '')",31.37254902,95,-2.34375,0,39,925.5,0,1.5,58,12.94117647,"((), (False, False, False, False), (False, False, True, True))",0.73,India OBD II (IOBD II),299,1E+31,0,20.78431373,80,255,2562,100,-0.0078125,426.4,1.11111E+31,<obd.OBDResponse.Status object at 0x7d8040e82450>,14.1,26.2745098,0.999424,2.745098039,35,13.33333333,14.90196078,14.90196078,3.921568627,Gasoline,0,
1734340855,<obd.OBDResponse.Status object at 0x7d8040e79940>,"('Closed loop, using oxygen sensor feedback to determine fuel mix', '')",29.80392157,96,-0.78125,1.5625,54,1114,0,-16,58,14.90196078,"((), (False, False, False, False), (False, False, True, True))",0.725,India OBD II (IOBD II),302,1E+31,0,14.90196078,80,255,2562,100,0.015625,426.1,1.11111E+31,<obd.OBDResponse.Status object at 0x7d8040e76960>,14.08,30.98039216,0.999424,3.137254902,35,14.11764706,14.90196078,14.90196078,4.31372549,Gasoline,0,
1734340858,<obd.OBDResponse.Status object at 0x7d8040e83410>,"('Closed loop, using oxygen sensor feedback to determine fuel mix', '')",34.50980392,96,0.78125,0.78125,54,936,0,0,57,10.19607843,"((), (False, False, False, False), (False, False, True, True))",0.725,India OBD II (IOBD II),305,1E+31,0,29.41176471,80,255,2562,100,0.01171875,426.2,1.11111E+31,<obd.OBDResponse.Status object at 0x7d80417fa060>,13.98,77.25490196,0.999424,2.745098039,36,29.41176471,26.66666667,26.66666667,85.09803922,Gasoline,0,
1734340862,<obd.OBDResponse.Status object at 0x7d8040e760f0>,"('Closed loop, using oxygen sensor feedback to determine fuel mix', '')",33.7254902,96,0.78125,0.78125,43,921.5,0,-3,56,14.11764706,"((), (False, False, False, False), (False, False, True, True))",0.72,India OBD II (IOBD II),309,1E+31,0,5.490196078,80,255,2562,100,0.00390625,427.9,1.11111E+31,<obd.OBDResponse.Status object at 0x7d8040e7aab0>,14.06,29.41176471,0.999424,3.529411765,36,14.50980392,16.47058824,16.47058824,4.705882353,Gasoline,0,
1734340865,<obd.OBDResponse.Status object at 0x7d8040e60980>,"('Closed loop, using oxygen sensor feedback to determine fuel mix', '')",31.76470588,97,-2.34375,1.5625,84,1535,8,1.5,57,20.39215686,"((), (False, False, False, False), (False, False, True, True))",0.715,India OBD II (IOBD II),312,1E+31,0,1.176470588,80,255,2562,100,-0.0078125,432.9,1.11111E+31,<obd.OBDResponse.Status object at 0x7d8040e769f0>,14.1,55.68627451,0.999424,10.58823529,36,20.39215686,24.31372549,24.31372549,11.37254902,Gasoline,0,
1734340868,<obd.OBDResponse.Status object at 0x7d8040e7afc0>,"('Closed loop, using oxygen sensor feedback to determine fuel mix', '')",15.68627451,96,3.125,1.5625,44,1287,17,8,56,18.82352941,"((), (False, False, False, False), (False, False, True, True))",0.71,India OBD II (IOBD II),315,1E+31,0,4.705882353,80,255,2562,100,-0.0703125,439.1,1.11111E+31,<obd.OBDResponse.Status object at 0x7d8040e78740>,14.08,70.19607843,0.999424,42.35294118,36,58.03921569,34.50980392,34.50980392,65.09803922,Gasoline,0,
1734340871,<obd.OBDResponse.Status object at 0x7d8040e7be30>,"('Closed loop, using oxygen sensor feedback to determine fuel mix', '')",34.50980392,96,0.78125,1.5625,77,1957.5,28,19.5,56,12.15686275,"((), (False, False, False, False), (False, False, True, True))",0.71,India OBD II (IOBD II),318,1E+31,0,0,80,255,2562,100,0,457.7,1.11111E+31,<obd.OBDResponse.Status object at 0x7d8040e78a10>,14.12,19.60784314,0.999424,3.137254902,36,14.11764706,14.90196078,14.90196078,4.705882353,Gasoline,0,
1734340874,<obd.OBDResponse.Status object at 0x7d8040e77830>,"('Closed loop, using oxygen sensor feedback to determine fuel mix', '')",31.37254902,97,-2.34375,1.5625,64,1314.5,29,17,57,16.07843137,"((), (False, False, False, False), (False, False, True, True))",0.71,India OBD II (IOBD II),321,1E+31,0,0,80,255,2562,100,0.01953125,458.7,1.11111E+31,<obd.OBDResponse.Status object at 0x7d8040e79670>,14.12,26.66666667,0.999424,3.137254902,36,14.50980392,14.90196078,14.90196078,4.31372549,Gasoline,0,
1734340877,<obd.OBDResponse.Status object at 0x7d8040e83d70>,"('Closed loop, using oxygen sensor feedback to determine fuel mix', '')",29.41176471,97,0.78125,0,36,902.5,23,14,57,13.33333333,"((), (False, False, False, False), (False, False, True, True))",0.71,India OBD II (IOBD II),324,1E+31,0,4.31372549,80,255,2562,100,-0.03125,458.1,1.11111E+31,<obd.OBDResponse.Status object at 0x7d8040e81e20>,14.08,25.49019608,0.999424,3.137254902,36,13.7254902,14.90196078,14.90196078,3.529411765,Gasoline,0,
1734340880,<obd.OBDResponse.Status object at 0x7d8040e73050>,"('Closed loop, using oxygen sensor feedback to determine fuel mix', '')",30.19607843,97,-2.34375,0,39,930.5,20,-1.5,58,12.94117647,"((), (False, False, False, False), (False, False, True, True))",0.705,India OBD II (IOBD II),327,1E+31,0,18.82352941,80,255,2562,100,-0.01171875,457.5,1.11111E+31,<obd.OBDResponse.Status object at 0x7d8040e7bef0>,14.06,26.66666667,0.999424,2.352941176,36,12.94117647,14.90196078,14.90196078,3.921568627,Gasoline,0,
1734340883,<obd.OBDResponse.Status object at 0x7d8040e813a0>,"('Closed loop, using oxygen sensor feedback to determine fuel mix', '')",38.43137255,97,-3.125,0.78125,41,893,19,9,58,14.50980392,"((), (False, False, False, False), (False, False, True, True))",0.7,India OBD II (IOBD II),330,1E+31,0,24.70588235,80,255,2562,100,-0.015625,456.4,1.11111E+31,<obd.OBDResponse.Status object at 0x7d8040e79370>,14.06,27.84313725,0.999424,3.137254902,35,13.7254902,14.90196078,14.90196078,3.529411765,Gasoline,0,
1734340887,<obd.OBDResponse.Status object at 0x7d8040e74110>,"('Closed loop, using oxygen sensor feedback to determine fuel mix', '')",30.19607843,97,-1.5625,0.78125,42,929,15,-4.5,58,13.33333333,"((), (False, False, False, False), (False, False, True, True))",0.695,India OBD II (IOBD II),334,1E+31,0,21.17647059,80,255,2562,100,-0.00390625,454.8,1.11111E+31,<obd.OBDResponse.Status object at 0x7d8040e83890>,14.08,46.2745098,0.999424,7.843137255,35,19.60784314,30.58823529,30.58823529,20.78431373,Gasoline,0,
1734340890,<obd.OBDResponse.Status object at 0x7d8040e7a7e0>,"('Closed loop, using oxygen sensor feedback to determine fuel mix', '')",56.07843137,97,3.125,2.34375,116,1712.5,24,-1.5,57,87.45098039,"((), (False, False, False, False), (False, False, True, True))",0.68,India OBD II (IOBD II),337,1E+31,0,0,80,255,2563,100,-0.0390625,466.1,1.11111E+31,<obd.OBDResponse.Status object at 0x7d8040e82930>,14.12,98.82352941,0.999424,4.31372549,35,10.98039216,14.50980392,14.90196078,0.392156863,Gasoline,0,
1734340893,<obd.OBDResponse.Status object at 0x7d8040e767e0>,"('Closed loop, using oxygen sensor feedback to determine fuel mix', '')",47.45098039,97,-0.78125,2.34375,98,1413.5,31,-1.5,56,56.47058824,"((), (False, False, False, False), (False, False, True, True))",0.685,India OBD II (IOBD II),340,1E+31,0,29.80392157,80,255,2563,100,0,479,1.11111E+31,<obd.OBDResponse.Status object at 0x7d8040e814f0>,14.14,55.68627451,0.999424,4.705882353,35,14.90196078,25.88235294,25.88235294,4.705882353,Gasoline,0,
1734340896,<obd.OBDResponse.Status object at 0x7d8040e7abd0>,"('Closed loop, using oxygen sensor feedback to determine fuel mix', '')",5.882352941,97,0,0.78125,25,1460,32,-11.5,56,13.7254902,"((), (False, False, False, False), (False, False, True, True))",0.685,India OBD II (IOBD II),343,1E+31,0,0,80,255,2563,100,0.41015625,480.6,1.11111E+31,<obd.OBDResponse.Status object at 0x7d8040e75f10>,14.14,16.07843137,1.9988175,3.137254902,35,13.33333333,18.03921569,18.03921569,3.921568627,Gasoline,0,
1734340899,<obd.OBDResponse.Status object at 0x7d8040e75a00>,"('Open loop due to engine load OR fuel cut due to deceleration', '')",10.19607843,96,-4.6875,-1.5625,50,1350,29,19.5,57,12.54901961,"((), (False, False, False, False), (False, False, True, True))",0.095,India OBD II (IOBD II),346,1E+31,0,1.176470588,80,255,2563,100,-0.3125,477,1.11111E+31,<obd.OBDResponse.Status object at 0x7d8040e79400>,14.04,35.29411765,0.899872,4.31372549,34,14.50980392,22.74509804,22.74509804,5.490196078,Gasoline,0,
1734340902,<obd.OBDResponse.Status object at 0x7d804181c110>,"('Closed loop, using oxygen sensor feedback to determine fuel mix', '')",15.29411765,96,0,0.78125,29,1245,27,19.5,57,13.7254902,"((), (False, False, False, False), (False, False, True, True))",0.205,India OBD II (IOBD II),349,1E+31,0,7.843137255,80,255,2563,100,-0.1796875,474.5,1.11111E+31,<obd.OBDResponse.Status object at 0x7d804181fad0>,14.12,20,0.936716,2.745098039,34,13.7254902,20,20,3.921568627,Gasoline,0,
1734340905,<obd.OBDResponse.Status object at 0x7d80417fba70>,"('Closed loop, using oxygen sensor feedback to determine fuel mix', '')",5.882352941,96,0,0,26,1138,24,-7,58,12.54901961,"((), (False, False, False, False), (False, False, True, True))",0.68,India OBD II (IOBD II),352,1E+31,0,0,80,255,2563,100,-0.00390625,472.4,1.11111E+31,<obd.OBDResponse.Status object at 0x7d804181d130>,14.1,24.31372549,0.967704,3.137254902,34,13.7254902,14.90196078,14.90196078,3.529411765,Gasoline,0,
1734340908,<obd.OBDResponse.Status object at 0x7d804181c770>,"('Closed loop, using oxygen sensor feedback to determine fuel mix', '')",30.19607843,97,0,0,39,927.5,16,0.5,58,13.7254902,"((), (False, False, False, False), (False, False, True, True))",0.74,India OBD II (IOBD II),355,1E+31,0,4.705882353,80,255,2563,100,-0.01953125,470.4,1.11111E+31,<obd.OBDResponse.Status object at 0x7d804181f440>,14.04,25.88235294,0.998204,2.745098039,34,13.7254902,14.90196078,14.90196078,3.921568627,Gasoline,0,
1734340912,<obd.OBDResponse.Status object at 0x7d8040e7bef0>,"('Closed loop, using oxygen sensor feedback to determine fuel mix', '')",30.19607843,97,0,0,38,929.5,11,0.5,58,12.94117647,"((), (False, False, False, False), (False, False, True, True))",0.775,India OBD II (IOBD II),359,1E+31,0,20.39215686,80,255,2563,100,-0.01171875,468.6,1.11111E+31,<obd.OBDResponse.Status object at 0x7d804181f260>,14.06,25.88235294,0.999424,2.745098039,34,13.33333333,14.90196078,14.90196078,3.921568627,Gasoline,0,
1734340915,<obd.OBDResponse.Status object at 0x7d80417f8950>,"('Closed loop, using oxygen sensor feedback to determine fuel mix', '')",63.52941176,98,-3.125,1.5625,66,907,13,3.5,58,19.60784314,"((), (False, False, False, False), (False, False, True, True))",0.75,India OBD II (IOBD II),362,1E+31,0,9.803921569,80,255,2563,100,-0.00390625,466,1.11111E+31,<obd.OBDResponse.Status object at 0x7d804181f530>,14.1,54.11764706,0.999424,6.666666667,34,16.8627451,27.84313725,27.45098039,7.843137255,Gasoline,0,
1734340918,<obd.OBDResponse.Status object at 0x7d80417d8b60>,"('Closed loop, using oxygen sensor feedback to determine fuel mix', '')",32.54901961,98,-0.78125,1.5625,69,1352,19,15,57,17.64705882,"((), (False, False, False, False), (False, False, True, True))",0.745,India OBD II (IOBD II),365,1E+31,0,32.15686275,80,255,2563,100,-0.0078125,463.6,1.11111E+31,<obd.OBDResponse.Status object at 0x7d80417f8680>,14.12,50.98039216,0.999424,9.803921569,34,20.39215686,30.19607843,30.19607843,13.33333333,Gasoline,0,
1734340921,<obd.OBDResponse.Status object at 0x7d8040e7abd0>,"('Closed loop, using oxygen sensor feedback to determine fuel mix', '')",34.50980392,98,-2.34375,1.5625,57,1775,25,12.5,56,14.90196078,"((), (False, False, False, False), (False, False, True, True))",0.19,India OBD II (IOBD II),368,1E+31,0,0,80,255,2563,100,0.07421875,460,1.11111E+31,<obd.OBDResponse.Status object at 0x7d80417f89b0>,14.12,20,0.96624,3.921568627,34,14.50980392,15.29411765,15.68627451,5.098039216,Gasoline,0,
1734340924,<obd.OBDResponse.Status object at 0x7d8040e79c70>,"('Closed loop, using oxygen sensor feedback to determine fuel mix', '')",23.1372549,97,-3.125,1.5625,56,1557,22,18,57,17.25490196,"((), (False, False, False, False), (False, False, True, True))",0.175,India OBD II (IOBD II),371,1E+31,0,0,80,255,2563,100,-0.015625,459.5,1.11111E+31,<obd.OBDResponse.Status object at 0x7d80417f87d0>,14.14,33.33333333,0.999424,6.274509804,34,16.47058824,24.70588235,22.35294118,5.882352941,Gasoline,0,
1734340927,<obd.OBDResponse.Status object at 0x7d8040e78b30>,"('Open loop due to engine load OR fuel cut due to deceleration', '')",24.70588235,97,0,0,39,968.5,21,-3,57,13.7254902,"((), (False, False, False, False), (False, False, True, True))",0.07,India OBD II (IOBD II),374,1E+31,0,1.176470588,80,255,2563,100,0.05078125,457.2,1.11111E+31,<obd.OBDResponse.Status object at 0x7d80417f8590>,14.1,26.2745098,1.021384,2.745098039,34,13.33333333,14.90196078,14.90196078,3.921568627,Gasoline,0,
1734340930,<obd.OBDResponse.Status object at 0x7d8040e7a480>,"('Closed loop, using oxygen sensor feedback to determine fuel mix', '')",31.37254902,97,0,0,39,929.5,12,-3,58,13.33333333,"((), (False, False, False, False), (False, False, True, True))",0.135,India OBD II (IOBD II),377,1E+31,0,8.62745098,80,255,2563,100,-0.23828125,455.1,1.11111E+31,<obd.OBDResponse.Status object at 0x7d80417f9700>,14.1,26.2745098,0.899872,3.137254902,34,13.33333333,14.90196078,14.90196078,3.921568627,Gasoline,0,
1734340933,<obd.OBDResponse.Status object at 0x7d804181ebd0>,"('Closed loop, using oxygen sensor feedback to determine fuel mix', '')",30.19607843,98,0.78125,0.78125,48,938.5,8,5,58,13.7254902,"((), (False, False, False, False), (False, False, True, True))",0.67,India OBD II (IOBD II),380,1E+31,0,27.45098039,80,255,2563,100,-0.23046875,452.7,1.11111E+31,<obd.OBDResponse.Status object at 0x7d804181c9b0>,13.36,54.11764706,0.942572,11.37254902,34,10.58823529,18.03921569,14.90196078,0,Gasoline,0,
1734340937,<obd.OBDResponse.Status object at 0x7d80417f8e00>,"('Closed loop, using oxygen sensor feedback to determine fuel mix', '')",100,98,-2.34375,1.5625,103,813.5,11,-7.5,57,72.54901961,"((), (False, False, False, False), (False, False, True, True))",0.76,India OBD II (IOBD II),384,1E+31,0,73.7254902,80,255,2563,100,0.0078125,452.1,1.11111E+31,<obd.OBDResponse.Status object at 0x7d804181cb30>,14.34,82.35294118,0.999424,62.35294118,34,70.98039216,30.98039216,30.98039216,65.09803922,Gasoline,0,
1734340940,<obd.OBDResponse.Status object at 0x7d804181cc20>,"('Closed loop, using oxygen sensor feedback to determine fuel mix', '')",38.82352941,98,-2.34375,1.5625,89,1410.5,20,12,56,20,"((), (False, False, False, False), (False, False, True, True))",0.735,India OBD II (IOBD II),387,1E+31,0,0,80,255,2563,100,0,457.9,1.11111E+31,<obd.OBDResponse.Status object at 0x7d804181e690>,14.22,53.7254902,0.999424,10.58823529,34,16.8627451,22.35294118,22.35294118,3.137254902,Gasoline,0,
1734340943,<obd.OBDResponse.Status object at 0x7d8040e77530>,"('Closed loop, using oxygen sensor feedback to determine fuel mix', '')",56.8627451,97,3.125,1.5625,90,1026,22,-1,56,24.31372549,"((), (False, False, False, False), (False, False, True, True))",0.73,India OBD II (IOBD II),390,1E+31,0,18.03921569,80,255,2563,100,-0.06640625,458.9,1.11111E+31,<obd.OBDResponse.Status object at 0x7d804181eea0>,14.08,72.54901961,0.999424,32.54901961,34,42.35294118,33.7254902,33.33333333,40.39215686,Gasoline,0,
1734340946,<obd.OBDResponse.Status object at 0x7d8040e7ad80>,"('Closed loop, using oxygen sensor feedback to determine fuel mix', '')",22.35294118,96,-5.46875,1.5625,41,1222,27,-1.5,55,13.7254902,"((), (False, False, False, False), (False, False, True, True))",0.735,India OBD II (IOBD II),393,1E+31,0,4.31372549,80,255,2563,100,0.0078125,462.5,1.11111E+31,<obd.OBDResponse.Status object at 0x7d80417f9730>,14.14,21.56862745,0.999424,2.352941176,33,13.33333333,17.25490196,17.25490196,3.529411765,Gasoline,0,
1734340949,<obd.OBDResponse.Status object at 0x7d804181f920>,"('Closed loop, using oxygen sensor feedback to determine fuel mix', '')",14.90196078,95,-3.125,0,28,1149,25,0.5,56,12.54901961,"((), (False, False, False, False), (False, False, True, True))",0.735,India OBD II (IOBD II),396,1E+31,0,18.43137255,80,255,2563,100,-0.0234375,462.2,1.11111E+31,<obd.OBDResponse.Status object at 0x7d8040e79d30>,14.08,17.25490196,0.999424,1.960784314,33,12.54901961,16.47058824,16.8627451,2.745098039,Gasoline,0,
1734341015,<obd.OBDResponse.Status object at 0x7d8040e76360>,"('Open loop due to engine load OR fuel cut due to deceleration', '')",0,95,0,-1.5625,28,1352.5,39,-13.5,57,13.33333333,"((), (False, False, False, False), (False, False, True, True))",0.005,India OBD II (IOBD II),462,1E+31,0,0,80,255,2563,100,1.22265625,547.3,1.11111E+31,<obd.OBDResponse.Status object at 0x7d8040e829c0>,14.04,16.8627451,1.9988175,2.745098039,33,12.94117647,14.90196078,14.90196078,3.137254902,Gasoline,0,
1734341018,<obd.OBDResponse.Status object at 0x7d8040e6caa0>,"('Open loop due to engine load OR fuel cut due to deceleration', '')",28.62745098,96,0,0.78125,40,990.5,31,-7.5,58,13.7254902,"((), (False, False, False, False), (False, False, True, True))",0.045,India OBD II (IOBD II),465,1E+31,0,0,80,255,2563,100,-0.03125,540.4,1.11111E+31,<obd.OBDResponse.Status object at 0x7d8040e6d0d0>,14,26.66666667,1.042856,3.137254902,33,13.7254902,14.90196078,14.90196078,3.921568627,Gasoline,0,
1734341021,<obd.OBDResponse.Status object at 0x7d8040e74200>,"('Closed loop, using oxygen sensor feedback to determine fuel mix', '')",28.23529412,97,0.78125,0,38,937,24,-1.5,57,13.33333333,"((), (False, False, False, False), (False, False, True, True))",0.11,India OBD II (IOBD II),468,1E+31,0,5.098039216,80,255,2563,100,-0.22265625,535.7,1.11111E+31,<obd.OBDResponse.Status object at 0x7d8040e801d0>,13.9,25.09803922,0.900116,2.745098039,33,13.33333333,14.90196078,14.90196078,3.921568627,Gasoline,0,
1734341024,<obd.OBDResponse.Status object at 0x7d8040e6d010>,"('Closed loop, using oxygen sensor feedback to determine fuel mix', '')",29.41176471,98,1.5625,0,37,925,18,0,57,12.94117647,"((), (False, False, False, False), (False, False, True, True))",0.14,India OBD II (IOBD II),471,1E+31,0,20.78431373,80,255,2563,100,-0.25390625,530.6,1.11111E+31,<obd.OBDResponse.Status object at 0x7d8040e81b80>,14,25.09803922,0.899384,2.745098039,33,13.33333333,14.90196078,14.90196078,3.529411765,Gasoline,0,
1734341027,<obd.OBDResponse.Status object at 0x7d8040e6e0c0>,"('Closed loop, using oxygen sensor feedback to determine fuel mix', '')",29.01960784,98,2.34375,0,38,931.5,2,-2.5,58,13.33333333,"((), (False, False, False, False), (False, False, True, True))",0.74,India OBD II (IOBD II),474,1E+31,0,20.78431373,80,255,2563,100,-0.19921875,525.4,1.11111E+31,<obd.OBDResponse.Status object at 0x7d8040e81af0>,13.98,25.49019608,0.919392,2.352941176,33,13.33333333,14.90196078,14.90196078,3.529411765,Gasoline,0,
1734341030,<obd.OBDResponse.Status object at 0x7d8040e6c7a0>,"('Closed loop, using oxygen sensor feedback to determine fuel mix', '')",28.23529412,99,2.34375,0,38,936.5,0,-3,58,12.94117647,"((), (False, False, False, False), (False, False, True, True))",0.79,India OBD II (IOBD II),477,1E+31,0,20.78431373,80,255,2563,100,-0.12109375,520.4,1.11111E+31,<obd.OBDResponse.Status object at 0x7d8040e80c80>,13.96,25.49019608,0.9577,2.745098039,33,13.33333333,14.90196078,14.90196078,3.529411765,Gasoline,0,
1734341034,<obd.OBDResponse.Status object at 0x7d8040e6d430>,"('Closed loop, using oxygen sensor feedback to determine fuel mix', '')",42.35294118,99,0.78125,0.78125,52,945.5,0,6.5,58,14.50980392,"((), (False, False, False, False), (False, False, True, True))",0.775,India OBD II (IOBD II),480,1E+31,0,26.2745098,80,255,2563,100,-0.0078125,515.6,1.11111E+31,<obd.OBDResponse.Status object at 0x7d8040e6c4a0>,14.12,34.11764706,0.99918,3.529411765,33,14.50980392,14.90196078,14.90196078,3.921568627,Gasoline,0,
1734341037,<obd.OBDResponse.Status object at 0x7d8040e6c7a0>,"('Closed loop, using oxygen sensor feedback to determine fuel mix', '')",25.88235294,100,3.125,0,35,966,0,17,57,13.7254902,"((), (False, False, False, False), (False, False, True, True))",0.74,India OBD II (IOBD II),484,1E+31,0,22.35294118,80,255,2563,100,-0.0546875,511.7,1.11111E+31,<obd.OBDResponse.Status object at 0x7d8040e6dfa0>,14.14,32.15686275,0.999424,3.529411765,34,14.11764706,14.50980392,14.90196078,4.705882353,Gasoline,0,
1734341040,<obd.OBDResponse.Status object at 0x7d8040e77350>,"('Closed loop, using oxygen sensor feedback to determine fuel mix', '')",29.41176471,100,0.78125,0.78125,43,977.5,2,0.5,58,14.11764706,"((), (False, False, False, False), (False, False, True, True))",0.715,India OBD II (IOBD II),487,1E+31,0,23.1372549,80,255,2563,100,-0.0078125,507.8,1.11111E+31,<obd.OBDResponse.Status object at 0x7d8040e6e870>,14.04,38.82352941,0.999424,3.921568627,34,14.50980392,14.90196078,14.90196078,5.490196078,Gasoline,0,
1734341043,<obd.OBDResponse.Status object at 0x7d8040e72f90>,"('Closed loop, using oxygen sensor feedback to determine fuel mix', '')",32.15686275,100,0.78125,0.78125,49,1000,3,-2.5,57,14.11764706,"((), (False, False, False, False), (False, False, True, True))",0.705,India OBD II (IOBD II),490,1E+31,0,24.70588235,80,255,2563,100,0.00390625,503.9,1.11111E+31,<obd.OBDResponse.Status object at 0x7d8040e71400>,14.1,32.94117647,0.999424,3.529411765,34,14.90196078,14.90196078,14.90196078,5.490196078,Gasoline,0,
1734340952,<obd.OBDResponse.Status object at 0x7d80417f9160>,"('Closed loop, using oxygen sensor feedback to determine fuel mix', '')",14.11764706,95,3.125,0,26,1054,23,-1,57,12.15686275,"((), (False, False, False, False), (False, False, True, True))",0.74,India OBD II (IOBD II),399,1E+31,0,20.78431373,80,255,2563,100,0.015625,460.8,1.11111E+31,<obd.OBDResponse.Status object at 0x7d80417fbc50>,14.1,30.19607843,0.999424,1.960784314,33,13.33333333,14.90196078,14.90196078,4.31372549,Gasoline,0,
1734340955,<obd.OBDResponse.Status object at 0x7d8040e78410>,"('Closed loop, using oxygen sensor feedback to determine fuel mix', '')",30.19607843,96,0,0,38,920.5,14,3,58,13.33333333,"((), (False, False, False, False), (False, False, True, True))",0.755,India OBD II (IOBD II),402,1E+31,0,20.78431373,80,255,2563,100,-0.0078125,459.9,1.11111E+31,<obd.OBDResponse.Status object at 0x7d8040e78680>,14.12,27.84313725,0.999424,9.019607843,33,19.60784314,30.19607843,30.19607843,7.843137255,Gasoline,0,
1734340958,<obd.OBDResponse.Status object at 0x7d8040e76240>,"('Closed loop, using oxygen sensor feedback to determine fuel mix', '')",61.56862745,97,2.34375,2.34375,114,1567,22,-1.5,57,87.84313725,"((), (False, False, False, False), (False, False, True, True))",0.73,India OBD II (IOBD II),405,1E+31,0,0,80,255,2563,100,-0.0390625,470.2,1.11111E+31,<obd.OBDResponse.Status object at 0x7d8040e77f50>,13.88,56.47058824,0.999424,0.784313725,33,10.98039216,14.50980392,14.90196078,1.176470588,Gasoline,0,
1734340962,<obd.OBDResponse.Status object at 0x7d8040e7be60>,"('Closed loop, using oxygen sensor feedback to determine fuel mix', '')",40.39215686,97,-1.5625,1.5625,86,1259,28,10.5,56,21.17647059,"((), (False, False, False, False), (False, False, True, True))",0.735,India OBD II (IOBD II),409,1E+31,0,5.098039216,80,255,2563,100,-0.00390625,477.1,1.11111E+31,<obd.OBDResponse.Status object at 0x7d804181f9b0>,14.14,54.50980392,0.999424,9.411764706,33,18.43137255,29.80392157,28.23529412,8.62745098,Gasoline,0,
1734340965,<obd.OBDResponse.Status object at 0x7d8040e75fd0>,"('Closed loop, using oxygen sensor feedback to determine fuel mix', '')",12.15686275,97,0,0.78125,30,1424,31,3.5,56,13.33333333,"((), (False, False, False, False), (False, False, True, True))",0.725,India OBD II (IOBD II),412,1E+31,0,10.19607843,80,255,2563,100,0.046875,476.6,1.11111E+31,<obd.OBDResponse.Status object at 0x7d804181d070>,14.12,17.25490196,1.034316,2.745098039,33,13.33333333,14.90196078,14.90196078,3.921568627,Gasoline,0,
1734340968,<obd.OBDResponse.Status object at 0x7d8040e79730>,"('Open loop due to engine load OR fuel cut due to deceleration', '')",0,97,0,0,29,1268.5,27,-12,57,12.94117647,"((), (False, False, False, False), (False, False, True, True))",0.005,India OBD II (IOBD II),415,1E+31,0,0,80,255,2563,100,1.26171875,472.9,1.11111E+31,<obd.OBDResponse.Status object at 0x7d8040e773b0>,14.12,16.47058824,1.9988175,2.352941176,33,12.94117647,14.90196078,14.90196078,3.137254902,Gasoline,0,
1734340971,<obd.OBDResponse.Status object at 0x7d80417fa9c0>,"('Closed loop, using oxygen sensor feedback to determine fuel mix', '')",27.84313725,97,-7.03125,0.78125,42,942,15,-9,57,13.7254902,"((), (False, False, False, False), (False, False, True, True))",0.08,India OBD II (IOBD II),418,1E+31,0,0.784313725,80,255,2563,100,-0.09375,469.2,1.11111E+31,<obd.OBDResponse.Status object at 0x7d8040e761e0>,14.06,28.23529412,0.935984,3.529411765,33,13.7254902,14.90196078,14.90196078,4.31372549,Gasoline,0,
1734340974,<obd.OBDResponse.Status object at 0x7d804181d6d0>,"('Closed loop, using oxygen sensor feedback to determine fuel mix', '')",89.80392157,98,-1.5625,1.5625,101,868,13,-7.5,57,54.90196078,"((), (False, False, False, False), (False, False, True, True))",0.18,India OBD II (IOBD II),421,1E+31,0,74.11764706,80,255,2563,100,-0.171875,466.3,1.11111E+31,<obd.OBDResponse.Status object at 0x7d8040e747a0>,14.08,77.25490196,0.922564,40,33,50.58823529,34.90196078,34.90196078,51.37254902,Gasoline,0,
1734340977,<obd.OBDResponse.Status object at 0x7d8040e74c50>,"('Closed loop, using oxygen sensor feedback to determine fuel mix', '')",30.19607843,98,-3.125,1.5625,49,1624.5,23,-10,56,14.11764706,"((), (False, False, False, False), (False, False, True, True))",0.765,India OBD II (IOBD II),424,1E+31,0,0.392156863,80,255,2563,100,0.04296875,469.3,1.11111E+31,<obd.OBDResponse.Status object at 0x7d8040e751f0>,14.08,22.74509804,0.999424,2.745098039,33,13.7254902,14.90196078,21.17647059,6.666666667,Gasoline,0,
1734340980,<obd.OBDResponse.Status object at 0x7d8040e74050>,"('Closed loop, using oxygen sensor feedback to determine fuel mix', '')",47.45098039,97,-1.5625,1.5625,80,1148,25,11,56,17.64705882,"((), (False, False, False, False), (False, False, True, True))",0.73,India OBD II (IOBD II),427,1E+31,0,9.411764706,80,255,2563,100,0.01171875,469.1,1.11111E+31,<obd.OBDResponse.Status object at 0x7d8040e75a00>,14.12,41.96078431,0.999424,6.274509804,33,16.8627451,27.05882353,26.66666667,8.235294118,Gasoline,0,
1734340983,<obd.OBDResponse.Status object at 0x7d804181e930>,"('Closed loop, using oxygen sensor feedback to determine fuel mix', '')",24.70588235,97,-1.5625,1.5625,43,1268.5,28,14,56,14.50980392,"((), (False, False, False, False), (False, False, True, True))",0.72,India OBD II (IOBD II),430,1E+31,0,32.94117647,80,255,2563,100,-0.05859375,468.9,1.11111E+31,<obd.OBDResponse.Status object at 0x7d8040e77e90>,14.14,23.1372549,1.016504,3.137254902,33,13.7254902,16.8627451,16.8627451,3.529411765,Gasoline,0,
1734340987,<obd.OBDResponse.Status object at 0x7d80417f8530>,"('Closed loop, using oxygen sensor feedback to determine fuel mix', '')",20,97,-1.5625,0.78125,34,1049.5,25,-1.5,57,12.94117647,"((), (False, False, False, False), (False, False, True, True))",0.71,India OBD II (IOBD II),434,1E+31,0,20.78431373,80,255,2563,100,0.03125,467,1.11111E+31,<obd.OBDResponse.Status object at 0x7d8040e74b00>,14.08,23.92156863,0.999912,2.352941176,33,12.94117647,14.90196078,14.90196078,3.529411765,Gasoline,0,
1734340990,<obd.OBDResponse.Status object at 0x7d8040e83020>,"('Closed loop, using oxygen sensor feedback to determine fuel mix', '')",30.98039216,97,0,0,38,924,9,0.5,57,13.33333333,"((), (False, False, False, False), (False, False, True, True))",0.705,India OBD II (IOBD II),437,1E+31,0,20.78431373,80,255,2563,100,-0.015625,465.8,1.11111E+31,<obd.OBDResponse.Status object at 0x7d8040e80a10>,14.06,25.49019608,0.999424,2.745098039,33,13.33333333,14.90196078,14.90196078,3.529411765,Gasoline,0,
1734340993,<obd.OBDResponse.Status object at 0x7d8040e74860>,"('Closed loop, using oxygen sensor feedback to determine fuel mix', '')",100,97,-3.90625,1.5625,84,737.5,5,-7.5,58,23.1372549,"((), (False, False, False, False), (False, False, True, True))",0.7,India OBD II (IOBD II),440,1E+31,0,73.33333333,80,255,2563,100,0.05078125,464.5,1.11111E+31,<obd.OBDResponse.Status object at 0x7d80417f84a0>,14.08,74.11764706,0.999424,27.84313725,33,22.35294118,25.88235294,25.88235294,8.235294118,Gasoline,0,
1734340996,<obd.OBDResponse.Status object at 0x7d8040e82210>,"('Closed loop, using oxygen sensor feedback to determine fuel mix', '')",43.1372549,97,0,2.34375,101,2164,17,9.5,56,12.94117647,"((), (False, False, False, False), (False, False, True, True))",0.69,India OBD II (IOBD II),443,1E+31,0,2.352941176,80,255,2563,100,-0.05859375,470.8,1.11111E+31,<obd.OBDResponse.Status object at 0x7d8041dde780>,14.12,18.82352941,1.008208,3.137254902,33,13.7254902,15.68627451,15.68627451,8.235294118,Gasoline,0,
1734340999,<obd.OBDResponse.Status object at 0x7d8040e75250>,"('Closed loop, using oxygen sensor feedback to determine fuel mix', '')",69.01960784,97,0.78125,2.34375,143,1907,27,-7,55,87.84313725,"((), (False, False, False, False), (False, False, True, True))",0.705,India OBD II (IOBD II),446,1E+31,0,32.15686275,80,255,2563,100,-0.00390625,503,1.11111E+31,<obd.OBDResponse.Status object at 0x7d8040e82660>,14.14,133.3333333,0.999424,77.25490196,33,88.23529412,45.49019608,45.88235294,99.60784314,Gasoline,0,
1734341002,<obd.OBDResponse.Status object at 0x7d8040e81940>,"('Open loop due to engine load OR fuel cut due to deceleration', '')",51.37254902,96,-2.34375,2.34375,110,1741,37,-4.5,54,87.84313725,"((), (False, False, False, False), (False, False, True, True))",0.095,India OBD II (IOBD II),449,1E+31,0,29.01960784,80,255,2563,100,-0.234375,534.9,1.11111E+31,<obd.OBDResponse.Status object at 0x7d80417d8aa0>,14.14,104.3137255,0.922076,77.25490196,33,88.23529412,41.17647059,41.17647059,99.60784314,Gasoline,0,
1734341005,<obd.OBDResponse.Status object at 0x7d8040e82ba0>,"('Closed loop, using oxygen sensor feedback to determine fuel mix', '')",4.31372549,94,-3.125,0.78125,26,1302.5,46,15,53,18.03921569,"((), (False, False, False, False), (False, False, True, True))",0.695,India OBD II (IOBD II),452,1E+31,0,5.490196078,80,255,2563,100,-0.03515625,554.4,1.11111E+31,<obd.OBDResponse.Status object at 0x7d8040e80d70>,14.12,62.74509804,0.999424,16.07843137,33,26.66666667,33.7254902,33.7254902,20.78431373,Gasoline,0,
1734341008,<obd.OBDResponse.Status object at 0x7d8040e82480>,"('Closed loop, using oxygen sensor feedback to determine fuel mix', '')",16.47058824,94,-3.125,1.5625,38,1659,48,23,54,14.11764706,"((), (False, False, False, False), (False, False, True, True))",0.695,India OBD II (IOBD II),455,1E+31,0,1.568627451,80,255,2563,100,0,555.5,1.11111E+31,<obd.OBDResponse.Status object at 0x7d80417f9370>,14.14,18.43137255,1.03212,3.529411765,33,14.11764706,19.60784314,19.60784314,4.31372549,Gasoline,0,
1734341012,<obd.OBDResponse.Status object at 0x7d8040e808c0>,"('Closed loop, using oxygen sensor feedback to determine fuel mix', '')",1.568627451,94,2.34375,-1.5625,26,1538.5,45,-4,56,11.76470588,"((), (False, False, False, False), (False, False, True, True))",0.695,India OBD II (IOBD II),459,1E+31,0,0,80,255,2563,100,0.0859375,551.9,1.11111E+31,<obd.OBDResponse.Status object at 0x7d8040e81070>,14.06,16.47058824,1.9988175,1.176470588,33,11.76470588,14.90196078,15.29411765,1.568627451,Gasoline,0,
1734341046,<obd.OBDResponse.Status object at 0x7d8040e73a40>,"('Closed loop, using oxygen sensor feedback to determine fuel mix', '')",22.35294118,100,0.78125,0.78125,44,1068.5,5,-9,57,13.7254902,"((), (False, False, False, False), (False, False, True, True))",0.7,India OBD II (IOBD II),493,1E+31,0,22.35294118,80,255,2563,100,-0.00390625,500.7,1.11111E+31,<obd.OBDResponse.Status object at 0x7d8040e72660>,14.08,33.7254902,0.999424,19.60784314,35,27.05882353,16.47058824,16.47058824,1.960784314,Gasoline,0,
1734341049,<obd.OBDResponse.Status object at 0x7d8040e6dd60>,"('Closed loop, using oxygen sensor feedback to determine fuel mix', '')",25.49019608,99,2.34375,0.78125,48,1080,8,9,57,16.8627451,"((), (False, False, False, False), (False, False, True, True))",0.695,India OBD II (IOBD II),496,1E+31,0,6.666666667,80,255,2563,100,-0.0625,497.2,1.11111E+31,<obd.OBDResponse.Status object at 0x7d8040e70320>,14.14,38.03921569,0.999424,5.490196078,35,16.07843137,20,20,7.058823529,Gasoline,0,
1734341052,<obd.OBDResponse.Status object at 0x7d8040e71fa0>,"('Closed loop, using oxygen sensor feedback to determine fuel mix', '')",19.21568627,99,-2.34375,1.5625,38,1162,9,0,57,13.7254902,"((), (False, False, False, False), (False, False, True, True))",0.695,India OBD II (IOBD II),499,1E+31,0,25.49019608,80,255,2563,100,0.07421875,492.1,1.11111E+31,<obd.OBDResponse.Status object at 0x7d8041d84d40>,14.14,21.96078431,1.079456,2.745098039,35,13.33333333,19.21568627,19.21568627,7.058823529,Gasoline,0,
1734341055,<obd.OBDResponse.Status object at 0x7d8040e6e210>,"('Closed loop, using oxygen sensor feedback to determine fuel mix', '')",28.62745098,97,-2.34375,1.5625,49,1124,8,-4,57,14.50980392,"((), (False, False, False, False), (False, False, True, True))",0.695,India OBD II (IOBD II),502,1E+31,0,26.2745098,80,255,2563,100,-0.015625,489,1.11111E+31,<obd.OBDResponse.Status object at 0x7d8040e735c0>,14.12,24.31372549,0.999424,3.137254902,35,13.7254902,18.82352941,18.82352941,3.529411765,Gasoline,0,
1734341058,<obd.OBDResponse.Status object at 0x7d8040e71fa0>,"('Closed loop, using oxygen sensor feedback to determine fuel mix', '')",20.39215686,96,-3.125,0.78125,42,1006,6,-8.5,57,13.33333333,"((), (False, False, False, False), (False, False, True, True))",0.695,India OBD II (IOBD II),505,1E+31,0,21.56862745,80,255,2563,100,0.01171875,487,1.11111E+31,<obd.OBDResponse.Status object at 0x7d8040e70200>,14.12,27.45098039,0.999424,3.137254902,35,13.7254902,14.90196078,14.90196078,3.529411765,Gasoline,0,
1734341062,<obd.OBDResponse.Status object at 0x7d8040e6dbb0>,"('Closed loop, using oxygen sensor feedback to determine fuel mix', '')",30.98039216,95,0,0,40,922,0,-1,58,13.33333333,"((), (False, False, False, False), (False, False, True, True))",,,,,,,,,,,,,,,,,,,,,,,,,,
1734341065,,,,,,,,,,,,,,,,,,,,,,,,,,,,,,,,,,,,,,,
1734341069,,,,,,,,,,,,,,,,,,,,,,,,,,,,,,,,,,,,,,,
1734341072,,,,,,,,,,,,,,,,,,,,,,,,,,,,,,,,,,,,,,,
1734341076,,,,,,,,,,,,,,,,,,,,,,,,,,,,,,,,,,,,,,,
1734341471,<obd.OBDResponse.Status object at 0x7ce2a0ebc0b0>,"('Closed loop, using oxygen sensor feedback to determine fuel mix', '')",75.68627451,95,1.5625,1.5625,101,1048.5,39,0,59,47.84313725,"((), (False, False, False, False), (False, False, True, True))",0.56,India OBD II (IOBD II),58,1E+31,0,0,77.64705882,255,2564,100,0.0078125,473.6,1.11111E+31,<obd.OBDResponse.Status object at 0x7ce2a0ebd5b0>,14.08,74.50980392,0.999424,38.03921569,35,49.01960784,34.11764706,34.11764706,49.80392157,Gasoline,0,
1734341474,<obd.OBDResponse.Status object at 0x7ce2a0ebeea0>,"('Closed loop, using oxygen sensor feedback to determine fuel mix', '')",69.41176471,95,3.125,1.5625,101,1124,42,3,58,21.56862745,"((), (False, False, False, False), (False, False, True, True))",0.59,India OBD II (IOBD II),61,1E+31,0,0.392156863,77.64705882,255,2564,100,-0.125,475.6,1.11111E+31,<obd.OBDResponse.Status object at 0x7ce2a0ebd520>,14.12,49.41176471,0.999424,5.098039216,35,15.68627451,27.05882353,27.05882353,6.666666667,Gasoline,0,
1734341477,<obd.OBDResponse.Status object at 0x7ce2a0ebfda0>,"('Closed loop, using oxygen sensor feedback to determine fuel mix', '')",39.60784314,95,-0.78125,1.5625,56,1109,41,10.5,58,16.07843137,"((), (False, False, False, False), (False, False, True, True))",0.615,India OBD II (IOBD II),64,1E+31,0,1.568627451,77.64705882,255,2564,100,-0.0234375,472.5,1.11111E+31,<obd.OBDResponse.Status object at 0x7ce2a19f9ac0>,14.06,28.62745098,0.999424,3.529411765,35,13.7254902,14.90196078,14.90196078,4.705882353,Gasoline,0,
1734341480,<obd.OBDResponse.Status object at 0x7ce2a04e03e0>,"('Closed loop, using oxygen sensor feedback to determine fuel mix', '')",35.29411765,95,0,1.5625,54,1043.5,38,4.5,59,21.96078431,"((), (False, False, False, False), (False, False, True, True))",0.635,India OBD II (IOBD II),67,1E+31,0,0,77.64705882,255,2564,100,-0.03515625,469,1.11111E+31,<obd.OBDResponse.Status object at 0x7ce2a0ebd3d0>,14.06,41.56862745,0.999424,3.137254902,34,14.11764706,21.56862745,21.96078431,5.098039216,Gasoline,0,
1734341483,<obd.OBDResponse.Status object at 0x7ce2a04e01d0>,"('Closed loop, using oxygen sensor feedback to determine fuel mix', '')",81.17647059,95,1.5625,1.5625,102,1031.5,38,-1,58,56.47058824,"((), (False, False, False, False), (False, False, True, True))",0.71,India OBD II (IOBD II),70,1E+31,0,0,77.64705882,255,2564,100,0.00390625,464.8,1.11111E+31,<obd.OBDResponse.Status object at 0x7ce2a0ebd160>,14.04,77.64705882,0.999424,48.23529412,34,59.21568627,36.47058824,36.47058824,62.35294118,Gasoline,0,
1734341486,<obd.OBDResponse.Status object at 0x7ce2a04e0e60>,"('Closed loop, using oxygen sensor feedback to determine fuel mix', '')",76.8627451,95,2.34375,1.5625,104,1095.5,40,0,57,59.60784314,"((), (False, False, False, False), (False, False, True, True))",0.72,India OBD II (IOBD II),73,1E+31,0,0,77.64705882,255,2564,100,-0.02734375,468.3,1.11111E+31,<obd.OBDResponse.Status object at 0x7ce2a0ebd1c0>,14.06,80.39215686,0.999424,49.01960784,34,59.60784314,36.07843137,36.07843137,63.1372549,Gasoline,0,
1734341489,<obd.OBDResponse.Status object at 0x7ce2a0508ce0>,"('Closed loop, using oxygen sensor feedback to determine fuel mix', '')",70.98039216,95,2.34375,1.5625,100,1117,41,4.5,57,20,"((), (False, False, False, False), (False, False, True, True))",0.73,India OBD II (IOBD II),77,1E+31,0,1.568627451,77.64705882,255,2564,100,-0.12890625,472.9,1.11111E+31,<obd.OBDResponse.Status object at 0x7ce2a0ebcfb0>,14.08,49.41176471,0.999424,5.490196078,34,16.47058824,28.23529412,28.23529412,7.843137255,Gasoline,0,
1734341492,<obd.OBDResponse.Status object at 0x7ce2a0509850>,"('Closed loop, using oxygen sensor feedback to determine fuel mix', '')",50.98039216,95,-2.34375,1.5625,74,1058,39,9.5,57,16.47058824,"((), (False, False, False, False), (False, False, True, True))",0.735,India OBD II (IOBD II),80,1E+31,0,2.352941176,77.64705882,255,2564,100,0.0078125,470.8,1.11111E+31,<obd.OBDResponse.Status object at 0x7ce2a0ebdfd0>,14.12,30.58823529,0.999424,4.31372549,34,14.11764706,21.56862745,21.56862745,5.098039216,Gasoline,0,
1734341496,<obd.OBDResponse.Status object at 0x7ce2a0ebdeb0>,"('Closed loop, using oxygen sensor feedback to determine fuel mix', '')",31.76470588,94,-2.34375,0.78125,41,964.5,35,12.5,58,13.7254902,"((), (False, False, False, False), (False, False, True, True))",0.78,India OBD II (IOBD II),83,1E+31,0,1.960784314,77.64705882,255,2564,100,-0.02734375,468.2,1.11111E+31,<obd.OBDResponse.Status object at 0x7ce2a04e1160>,14.08,26.2745098,0.999424,3.137254902,34,13.7254902,21.56862745,21.56862745,3.529411765,Gasoline,0,
1734341499,<obd.OBDResponse.Status object at 0x7ce2a0ebfd10>,"('Closed loop, using oxygen sensor feedback to determine fuel mix', '')",35.29411765,93,-6.25,0.78125,40,879.5,32,8,59,13.7254902,"((), (False, False, False, False), (False, False, True, True))",0.78,India OBD II (IOBD II),86,1E+31,0,2.352941176,77.64705882,255,2564,100,-0.00390625,465.9,1.11111E+31,<obd.OBDResponse.Status object at 0x7ce2a0ebcd70>,14.1,26.66666667,0.999424,2.745098039,34,13.33333333,14.90196078,14.90196078,3.529411765,Gasoline,0,
1734341502,<obd.OBDResponse.Status object at 0x7ce2a050a4e0>,"('Closed loop, using oxygen sensor feedback to determine fuel mix', '')",60.39215686,94,-3.125,2.34375,107,1363,30,-4,59,87.84313725,"((), (False, False, False, False), (False, False, True, True))",0.765,India OBD II (IOBD II),89,1E+31,0,0,77.64705882,255,2564,100,0.015625,463.4,1.11111E+31,<obd.OBDResponse.Status object at 0x7ce2a0ebd6a0>,14.1,106.6666667,0.999424,77.25490196,34,88.23529412,57.64705882,58.03921569,99.60784314,Gasoline,0,
1734341505,<obd.OBDResponse.Status object at 0x7ce2a0508bf0>,"('Closed loop, using oxygen sensor feedback to determine fuel mix', '')",90.19607843,95,1.5625,2.34375,187,1975,44,-10,56,87.84313725,"((), (False, False, False, False), (False, False, True, True))",0.695,India OBD II (IOBD II),92,1E+31,0,0,77.64705882,255,2564,100,-0.11328125,533.8,1.11111E+31,<obd.OBDResponse.Status object at 0x7ce2a0ebd5b0>,14.14,40.39215686,0.999424,1.960784314,34,13.33333333,14.50980392,14.90196078,3.137254902,Gasoline,0,
1734341508,<obd.OBDResponse.Status object at 0x7ce2a050be00>,"('Closed loop, using oxygen sensor feedback to determine fuel mix', '')",70.19607843,94,0.78125,2.34375,138,1700.5,50,-7.5,54,87.84313725,"((), (False, False, False, False), (False, False, True, True))",0.71,India OBD II (IOBD II),95,1E+31,0,0,77.64705882,255,2564,100,-0.0234375,556.5,1.11111E+31,<obd.OBDResponse.Status object at 0x7ce2a0ebd610>,14.1,143.5294118,0.999424,77.25490196,34,88.23529412,47.45098039,47.84313725,99.60784314,Gasoline,0,
1734341511,<obd.OBDResponse.Status object at 0x7ce2a050a7b0>,"('Closed loop, using oxygen sensor feedback to determine fuel mix', '')",16.8627451,92,-3.125,0,32,1081,56,2,53,13.33333333,"((), (False, False, False, False), (False, False, True, True))",0.715,India OBD II (IOBD II),98,1E+31,0,1.960784314,77.64705882,255,2564,100,0.015625,576,1.11111E+31,<obd.OBDResponse.Status object at 0x7ce2a0ebffb0>,14.14,23.52941176,0.999424,2.745098039,34,13.33333333,14.90196078,14.90196078,3.529411765,Gasoline,0,
1734341514,<obd.OBDResponse.Status object at 0x7ce2a0ebda60>,"('Closed loop, using oxygen sensor feedback to determine fuel mix', '')",11.37254902,93,-8.59375,0.78125,28,1508.5,56,3,56,13.33333333,"((), (False, False, False, False), (False, False, True, True))",0.705,India OBD II (IOBD II),101,1E+31,0,0,77.64705882,255,2564,100,0.0078125,570.8,1.11111E+31,<obd.OBDResponse.Status object at 0x7ce2a0ebc890>,14.12,15.29411765,0.999424,3.529411765,34,13.7254902,14.90196078,14.90196078,3.529411765,Gasoline,0,
1734341517,<obd.OBDResponse.Status object at 0x7ce2a04e0410>,"('Open loop due to engine load OR fuel cut due to deceleration', '')",0,93,0,0.78125,29,1483,55,-10.5,58,13.33333333,"((), (False, False, False, False), (False, False, True, True))",0.005,India OBD II (IOBD II),105,1E+31,0,0,77.64705882,255,2564,100,1.28125,562,1.11111E+31,<obd.OBDResponse.Status object at 0x7ce2a0ebc590>,14.14,16.8627451,1.9988175,3.137254902,34,13.33333333,17.25490196,17.25490196,3.529411765,Gasoline,0,
1734341521,<obd.OBDResponse.Status object at 0x7ce2a050ade0>,"('Open loop due to engine load OR fuel cut due to deceleration', '')",0,94,0,0.78125,29,1376.5,51,-10,58,13.33333333,"((), (False, False, False, False), (False, False, True, True))",0.005,India OBD II (IOBD II),108,1E+31,0,0,77.64705882,255,2564,100,1.265625,552.5,1.11111E+31,<obd.OBDResponse.Status object at 0x7ce2a0508530>,14.16,16.47058824,1.9988175,2.745098039,34,13.33333333,14.90196078,14.90196078,3.529411765,Gasoline,0,
1734341524,<obd.OBDResponse.Status object at 0x7ce2a0ebff20>,"('Open loop due to engine load OR fuel cut due to deceleration', '')",0,95,0,0.78125,29,1351,50,-11.5,59,13.33333333,"((), (False, False, False, False), (False, False, True, True))",0.005,India OBD II (IOBD II),111,1E+31,0,0,77.64705882,255,2564,100,1.2890625,542.6,1.11111E+31,<obd.OBDResponse.Status object at 0x7ce2a0ebcf80>,14.14,16.8627451,1.9988175,2.745098039,33,13.33333333,14.90196078,14.90196078,3.529411765,Gasoline,0,
1734341527,<obd.OBDResponse.Status object at 0x7ce2a050b2f0>,"('Open loop due to engine load OR fuel cut due to deceleration', '')",0,95,0,0.78125,29,1324.5,49,-11.5,59,12.94117647,"((), (False, False, False, False), (False, False, True, True))",0.005,India OBD II (IOBD II),114,1E+31,0,0,77.64705882,255,2564,100,1.2890625,532.5,1.11111E+31,<obd.OBDResponse.Status object at 0x7ce2a050b320>,14.12,16.47058824,1.9988175,2.745098039,33,13.33333333,14.90196078,14.90196078,3.529411765,Gasoline,0,
1734341530,<obd.OBDResponse.Status object at 0x7ce2a0ebdf10>,"('Open loop due to engine load OR fuel cut due to deceleration', '')",0,96,0,0.78125,29,1290,48,-11.5,59,12.94117647,"((), (False, False, False, False), (False, False, True, True))",0.01,India OBD II (IOBD II),117,1E+31,0,0,77.64705882,255,2564,100,1.29296875,522.4,1.11111E+31,<obd.OBDResponse.Status object at 0x7ce2a050be60>,14.14,16.47058824,1.9988175,2.745098039,33,13.33333333,14.90196078,14.90196078,3.137254902,Gasoline,0,
1734341533,<obd.OBDResponse.Status object at 0x7ce2a05082c0>,"('Open loop due to engine load OR fuel cut due to deceleration', '')",0,96,0,0.78125,28,1228,45,-11.5,59,12.94117647,"((), (False, False, False, False), (False, False, True, True))",0.01,India OBD II (IOBD II),120,1E+31,0,0,77.64705882,255,2564,100,1.2890625,512.6,1.11111E+31,<obd.OBDResponse.Status object at 0x7ce2a0508140>,14.14,16.47058824,1.9988175,2.352941176,33,12.94117647,14.90196078,14.90196078,3.137254902,Gasoline,0,
1734341536,<obd.OBDResponse.Status object at 0x7ce2a0520b00>,"('Open loop due to engine load OR fuel cut due to deceleration', '')",6.666666667,96,0,0.78125,26,1144,42,7.5,59,14.11764706,"((), (False, False, False, False), (False, False, True, True))",0.01,India OBD II (IOBD II),123,1E+31,0,0,77.64705882,255,2564,100,0.25390625,503.1,1.11111E+31,<obd.OBDResponse.Status object at 0x7ce2a0520e60>,14.12,23.52941176,1.214876,2.745098039,33,12.94117647,14.90196078,14.90196078,2.745098039,Gasoline,0,
1734341539,<obd.OBDResponse.Status object at 0x7ce2a050b290>,"('Closed loop, using oxygen sensor feedback to determine fuel mix', '')",10.98039216,97,6.25,0.78125,26,1226,37,-2.5,59,12.94117647,"((), (False, False, False, False), (False, False, True, True))",0.095,India OBD II (IOBD II),127,1E+31,0,1.960784314,77.64705882,255,2564,100,-0.24609375,494.7,1.11111E+31,<obd.OBDResponse.Status object at 0x7ce2a0ebc470>,14.08,16.8627451,0.899872,2.352941176,33,12.94117647,14.90196078,14.90196078,2.745098039,Gasoline,0,
1734341543,<obd.OBDResponse.Status object at 0x7ce2a0523200>,"('Closed loop, using oxygen sensor feedback to determine fuel mix', '')",30.98039216,97,4.6875,0,39,925.5,28,0.5,59,13.7254902,"((), (False, False, False, False), (False, False, True, True))",0.125,India OBD II (IOBD II),130,1E+31,0,2.745098039,77.64705882,255,2565,100,-0.29296875,488.4,1.11111E+31,<obd.OBDResponse.Status object at 0x7ce2a11e39e0>,14.12,25.49019608,0.899384,2.745098039,33,13.7254902,14.90196078,14.90196078,3.921568627,Gasoline,0,
1734341546,<obd.OBDResponse.Status object at 0x7ce2a0521d60>,"('Closed loop, using oxygen sensor feedback to determine fuel mix', '')",27.84313725,98,4.6875,0,37,928,20,-1,59,13.33333333,"((), (False, False, False, False), (False, False, True, True))",0.175,India OBD II (IOBD II),133,1E+31,0,3.137254902,77.64705882,255,2565,100,-0.25,482.1,1.11111E+31,<obd.OBDResponse.Status object at 0x7ce2a0f212b0>,14.08,24.70588235,0.899628,2.745098039,33,13.33333333,14.90196078,14.90196078,3.921568627,Gasoline,0,
1734341549,<obd.OBDResponse.Status object at 0x7ce2a0520140>,"('Closed loop, using oxygen sensor feedback to determine fuel mix', '')",67.45098039,98,2.34375,1.5625,87,966,21,0,59,21.17647059,"((), (False, False, False, False), (False, False, True, True))",0.81,India OBD II (IOBD II),136,1E+31,0,0,77.64705882,255,2565,100,-0.06640625,473.9,1.11111E+31,<obd.OBDResponse.Status object at 0x7ce2a0f51d30>,14.08,61.17647059,0.995032,13.33333333,33,24.31372549,32.94117647,32.94117647,17.64705882,Gasoline,0,
1734341552,<obd.OBDResponse.Status object at 0x7ce2a05080b0>,"('Closed loop, using oxygen sensor feedback to determine fuel mix', '')",59.60784314,99,3.125,1.5625,102,1277.5,28,1.5,57,47.45098039,"((), (False, False, False, False), (False, False, True, True))",0.72,India OBD II (IOBD II),139,1E+31,0,0,77.64705882,255,2565,100,-0.0390625,469.7,1.11111E+31,<obd.OBDResponse.Status object at 0x7ce2a0521610>,13.9,56.47058824,0.999424,5.098039216,33,15.68627451,26.2745098,26.2745098,5.098039216,Gasoline,0,
1734341555,<obd.OBDResponse.Status object at 0x7ce2a0523050>,"('Closed loop, using oxygen sensor feedback to determine fuel mix', '')",12.94117647,99,2.34375,0.78125,32,1443.5,32,21,56,14.90196078,"((), (False, False, False, False), (False, False, True, True))",0.705,India OBD II (IOBD II),142,1E+31,0,4.31372549,77.64705882,255,2565,100,-0.05078125,468.8,1.11111E+31,<obd.OBDResponse.Status object at 0x7ce2a0522480>,14.14,24.70588235,0.999424,4.31372549,33,15.29411765,22.74509804,22.74509804,5.882352941,Gasoline,0,
1734341558,<obd.OBDResponse.Status object at 0x7ce2a0522090>,"('Closed loop, using oxygen sensor feedback to determine fuel mix', '')",30.58823529,99,-2.34375,1.5625,71,1547.5,34,15,56,18.82352941,"((), (False, False, False, False), (False, False, True, True))",0.7,India OBD II (IOBD II),145,1E+31,0,0.392156863,77.64705882,255,2565,100,0.01171875,467.7,1.11111E+31,<obd.OBDResponse.Status object at 0x7ce2a05220c0>,14.12,47.05882353,0.999424,9.019607843,33,20,29.01960784,29.01960784,12.15686275,Gasoline,0,
1734341561,<obd.OBDResponse.Status object at 0x7ce2a0e97bc0>,"('Closed loop, using oxygen sensor feedback to determine fuel mix', '')",23.1372549,99,-0.78125,1.5625,52,1712,38,19.5,56,16.8627451,"((), (False, False, False, False), (False, False, True, True))",0.7,India OBD II (IOBD II),149,1E+31,0,8.235294118,77.64705882,255,2565,100,-0.0234375,468.8,1.11111E+31,<obd.OBDResponse.Status object at 0x7ce2a05220f0>,14.14,30.19607843,0.999424,5.882352941,33,15.68627451,25.09803922,25.09803922,7.058823529,Gasoline,0,
1734341565,<obd.OBDResponse.Status object at 0x7ce2a0521100>,"('Closed loop, using oxygen sensor feedback to determine fuel mix', '')",12.94117647,99,-5.46875,1.5625,48,1754,39,6,56,13.33333333,"((), (False, False, False, False), (False, False, True, True))",0.695,India OBD II (IOBD II),152,1E+31,0,7.843137255,77.64705882,255,2565,100,0.03125,467.8,1.11111E+31,<obd.OBDResponse.Status object at 0x7ce2a0ebcbc0>,14.18,27.05882353,0.999424,3.137254902,33,13.7254902,22.35294118,22.35294118,3.921568627,Gasoline,0,
1734341568,<obd.OBDResponse.Status object at 0x7ce2a052c3e0>,"('Closed loop, using oxygen sensor feedback to determine fuel mix', '')",16.07843137,99,-0.78125,-0.78125,84,1719,38,12.5,57,16.07843137,"((), (False, False, False, False), (False, False, True, True))",0.695,India OBD II (IOBD II),155,1E+31,0,0,77.64705882,255,2565,100,-0.0234375,465.7,1.11111E+31,<obd.OBDResponse.Status object at 0x7ce2a052f020>,14.02,48.23529412,0.999424,5.882352941,33,16.47058824,23.1372549,23.1372549,7.450980392,Gasoline,0,
1734341571,<obd.OBDResponse.Status object at 0x7ce2a0523cb0>,"('Closed loop, using oxygen sensor feedback to determine fuel mix', '')",15.29411765,99,-3.125,-0.78125,81,1707.5,38,16.5,57,16.07843137,"((), (False, False, False, False), (False, False, True, True))",0.695,India OBD II (IOBD II),158,1E+31,0,6.274509804,77.64705882,255,2565,100,-0.0078125,464,1.11111E+31,<obd.OBDResponse.Status object at 0x7ce2a050b470>,14.04,45.49019608,0.999424,5.490196078,33,16.07843137,23.1372549,23.1372549,7.058823529,Gasoline,0,
1734341574,<obd.OBDResponse.Status object at 0x7ce2a052cb60>,"('Closed loop, using oxygen sensor feedback to determine fuel mix', '')",14.90196078,98,-3.125,-0.78125,83,1710,38,17,57,15.68627451,"((), (False, False, False, False), (False, False, True, True))",0.695,India OBD II (IOBD II),161,1E+31,0,38.43137255,77.64705882,255,2565,100,-0.015625,462.7,1.11111E+31,<obd.OBDResponse.Status object at 0x7ce2a0e976b0>,14.04,47.45098039,0.999424,5.882352941,33,16.47058824,23.92156863,23.92156863,7.450980392,Gasoline,0,
1734341577,<obd.OBDResponse.Status object at 0x7ce2a0ebc3b0>,"('Closed loop, using oxygen sensor feedback to determine fuel mix', '')",18.03921569,98,-2.34375,-0.78125,87,1737,38,6.5,56,22.35294118,"((), (False, False, False, False), (False, False, True, True))",0.7,India OBD II (IOBD II),164,1E+31,0,98.43137255,77.64705882,255,2565,100,0.05078125,461.2,1.11111E+31,<obd.OBDResponse.Status object at 0x7ce2a0e97c50>,14.02,82.74509804,0.999424,40.39215686,33,70.98039216,27.84313725,36.8627451,97.64705882,Gasoline,0,
1734341580,<obd.OBDResponse.Status object at 0x7ce2a052d880>,"('Closed loop, using oxygen sensor feedback to determine fuel mix', '')",67.84313725,97,3.125,2.34375,140,2112,47,-2.5,54,87.84313725,"((), (False, False, False, False), (False, False, True, True))",0.71,India OBD II (IOBD II),167,1E+31,0,71.76470588,77.64705882,255,2565,100,-0.03515625,502.3,1.11111E+31,<obd.OBDResponse.Status object at 0x7ce2a0ebcd10>,14,158.8235294,0.999424,77.25490196,33,88.23529412,51.76470588,52.15686275,99.60784314,Gasoline,0,
1734341583,<obd.OBDResponse.Status object at 0x7ce2a050ae40>,"('Open loop due to engine load OR fuel cut due to deceleration', '')",48.62745098,97,-3.125,2.34375,105,2014,58,0.5,52,73.33333333,"((), (False, False, False, False), (False, False, True, True))",0.115,India OBD II (IOBD II),170,1E+31,0,37.64705882,77.64705882,255,2565,100,-0.20703125,562.9,1.11111E+31,<obd.OBDResponse.Status object at 0x7ce2a052d5e0>,14.04,81.56862745,0.92354,61.17647059,33,71.76470588,36.47058824,36.07843137,77.25490196,Gasoline,0,
1734341586,<obd.OBDResponse.Status object at 0x7ce2a0ebcd10>,"('Closed loop, using oxygen sensor feedback to determine fuel mix', '')",9.803921569,93,-3.125,1.5625,33,2131,63,-10.5,53,15.29411765,"((), (False, False, False, False), (False, False, True, True))",0.72,India OBD II (IOBD II),174,1E+31,0,0,77.64705882,255,2565,100,1.12890625,567.5,1.11111E+31,<obd.OBDResponse.Status object at 0x7ce2a0ebdaf0>,14,18.03921569,1.9988175,2.352941176,33,15.29411765,20.39215686,20.39215686,6.666666667,Gasoline,0,
1734341590,<obd.OBDResponse.Status object at 0x7ce2a052caa0>,"('Closed loop, using oxygen sensor feedback to determine fuel mix', '')",27.84313725,93,-4.6875,1.5625,66,1686,62,16.5,55,18.43137255,"((), (False, False, False, False), (False, False, True, True))",0.18,India OBD II (IOBD II),177,1E+31,0,4.31372549,77.64705882,255,2565,100,-0.140625,556.3,1.11111E+31,<obd.OBDResponse.Status object at 0x7ce2a0ebf8c0>,14.04,43.1372549,0.95892,8.235294118,33,18.82352941,28.23529412,28.23529412,10.98039216,Gasoline,0,
1734341593,<obd.OBDResponse.Status object at 0x7ce2a0531c10>,"('Closed loop, using oxygen sensor feedback to determine fuel mix', '')",2.745098039,94,0,0.78125,31,1198.5,63,-7.5,54,12.54901961,"((), (False, False, False, False), (False, False, True, True))",0.73,India OBD II (IOBD II),180,1E+31,0,19.60784314,77.64705882,255,2565,100,0.0234375,548.7,1.11111E+31,<obd.OBDResponse.Status object at 0x7ce2a0532ae0>,14.06,51.76470588,0.999424,10.98039216,33,22.35294118,33.7254902,33.7254902,17.64705882,Gasoline,0,
1734341596,<obd.OBDResponse.Status object at 0x7ce2a0ebf020>,"('Closed loop, using oxygen sensor feedback to determine fuel mix', '')",38.03921569,95,-1.5625,1.5625,91,1412.5,65,12,55,19.21568627,"((), (False, False, False, False), (False, False, True, True))",0.72,India OBD II (IOBD II),183,1E+31,0,53.7254902,77.64705882,255,2565,100,-0.00390625,540.7,1.11111E+31,<obd.OBDResponse.Status object at 0x7ce2a0532870>,14.02,45.09803922,0.999424,7.450980392,33,18.03921569,30.19607843,30.19607843,9.803921569,Gasoline,0,
1734341599,<obd.OBDResponse.Status object at 0x7ce2a052d580>,"('Closed loop, using oxygen sensor feedback to determine fuel mix', '')",29.41176471,97,-2.34375,1.5625,67,1452,67,18,54,18.43137255,"((), (False, False, False, False), (False, False, True, True))",0.705,India OBD II (IOBD II),186,1E+31,0,59.60784314,77.64705882,255,2565,100,0.0703125,529.7,1.11111E+31,<obd.OBDResponse.Status object at 0x7ce2a05317f0>,14.04,43.92156863,1.079456,7.058823529,33,17.64705882,26.66666667,26.66666667,9.019607843,Gasoline,0,
1734341602,<obd.OBDResponse.Status object at 0x7ce2a0532720>,"('Closed loop, using oxygen sensor feedback to determine fuel mix', '')",27.45098039,97,0.78125,1.5625,62,1464.5,67,15,54,16.8627451,"((), (False, False, False, False), (False, False, True, True))",0.14,India OBD II (IOBD II),189,1E+31,0,53.7254902,77.64705882,255,2565,100,-0.1875,519.3,1.11111E+31,<obd.OBDResponse.Status object at 0x7ce2a05315b0>,14.06,32.94117647,0.919392,5.098039216,33,15.68627451,24.31372549,24.31372549,7.058823529,Gasoline,0,
1734341605,<obd.OBDResponse.Status object at 0x7ce2a052ef60>,"('Closed loop, using oxygen sensor feedback to determine fuel mix', '')",21.56862745,98,0.78125,1.5625,48,1456,67,17,54,15.29411765,"((), (False, False, False, False), (False, False, True, True))",0.725,India OBD II (IOBD II),192,1E+31,0,45.49019608,77.64705882,255,2565,100,-0.1953125,512.6,1.11111E+31,<obd.OBDResponse.Status object at 0x7ce2a0532b40>,14.02,29.80392157,0.919392,4.705882353,33,15.68627451,23.92156863,23.92156863,6.274509804,Gasoline,0,
1734341608,<obd.OBDResponse.Status object at 0x7ce2a0530680>,"('Closed loop, using oxygen sensor feedback to determine fuel mix', '')",20.78431373,98,-0.78125,1.5625,47,1439,66,18.5,55,15.29411765,"((), (False, False, False, False), (False, False, True, True))",0.75,India OBD II (IOBD II),195,1E+31,0,45.09803922,77.64705882,255,2565,100,0.09375,504.6,1.11111E+31,<obd.OBDResponse.Status object at 0x7ce2a05315e0>,14.04,29.80392157,1.079456,4.705882353,33,15.29411765,23.92156863,23.92156863,6.274509804,Gasoline,0,
1734341611,<obd.OBDResponse.Status object at 0x7ce2a052d580>,"('Closed loop, using oxygen sensor feedback to determine fuel mix', '')",21.17647059,98,0.78125,1.5625,48,1417,65,18,55,15.29411765,"((), (False, False, False, False), (False, False, True, True))",0.405,India OBD II (IOBD II),198,1E+31,0,42.74509804,77.64705882,255,2565,100,0.0859375,495.5,1.11111E+31,<obd.OBDResponse.Status object at 0x7ce2a0531430>,14.04,28.62745098,0.990152,4.705882353,33,15.29411765,23.52941176,23.52941176,6.274509804,Gasoline,0,
1734341614,<obd.OBDResponse.Status object at 0x7ce2a0530d40>,"('Closed loop, using oxygen sensor feedback to determine fuel mix', '')",11.76470588,98,3.125,0.78125,29,1388,64,-5.5,55,12.94117647,"((), (False, False, False, False), (False, False, True, True))",0.15,India OBD II (IOBD II),202,1E+31,0,0,77.64705882,255,2565,100,0.00390625,491.7,1.11111E+31,<obd.OBDResponse.Status object at 0x7ce2a0531610>,14.06,15.68627451,1.9988175,2.745098039,33,13.33333333,14.90196078,14.90196078,3.529411765,Gasoline,0,
1734341618,<obd.OBDResponse.Status object at 0x7ce2a05324e0>,"('Open loop due to engine load OR fuel cut due to deceleration', '')",0,98,0,0.78125,29,1338.5,62,-11.5,55,12.94117647,"((), (False, False, False, False), (False, False, True, True))",0.005,India OBD II (IOBD II),205,1E+31,0,0,77.64705882,255,2566,100,1.28515625,485.7,1.11111E+31,<obd.OBDResponse.Status object at 0x7ce2a0533740>,14.08,16.07843137,1.9988175,2.745098039,33,13.33333333,15.29411765,15.29411765,3.137254902,Gasoline,0,
1734341621,<obd.OBDResponse.Status object at 0x7ce2a052ed50>,"('Open loop due to engine load OR fuel cut due to deceleration', '')",0,98,0,0.78125,28,1272.5,58,-10.5,56,12.94117647,"((), (False, False, False, False), (False, False, True, True))",0.005,India OBD II (IOBD II),208,1E+31,0,0,77.64705882,255,2566,100,1.28515625,479.3,1.11111E+31,<obd.OBDResponse.Status object at 0x7ce2a0533aa0>,14.06,16.47058824,1.9988175,2.352941176,33,12.94117647,15.68627451,16.07843137,3.137254902,Gasoline,0,
1734341624,<obd.OBDResponse.Status object at 0x7ce2a0534ce0>,"('Open loop due to engine load OR fuel cut due to deceleration', '')",0,98,0,0.78125,29,1199,55,-11.5,56,12.54901961,"((), (False, False, False, False), (False, False, True, True))",0.005,India OBD II (IOBD II),211,1E+31,0,0,77.64705882,255,2566,100,1.28515625,472.9,1.11111E+31,<obd.OBDResponse.Status object at 0x7ce2a05372f0>,14.04,16.47058824,1.9988175,2.352941176,33,12.94117647,15.68627451,15.68627451,3.137254902,Gasoline,0,
1734341627,<obd.OBDResponse.Status object at 0x7ce2a0533fb0>,"('Open loop due to engine load OR fuel cut due to deceleration', '')",0,98,0,0,29,1126.5,51,-12,56,12.54901961,"((), (False, False, False, False), (False, False, True, True))",0,India OBD II (IOBD II),214,1E+31,0,0,77.64705882,255,2566,100,1.2890625,466.6,1.11111E+31,<obd.OBDResponse.Status object at 0x7ce2a0536ab0>,14.04,16.07843137,1.9988175,1.960784314,33,12.54901961,18.43137255,18.43137255,2.352941176,Gasoline,0,
1734341630,<obd.OBDResponse.Status object at 0x7ce2a0537e00>,"('Open loop due to engine load OR fuel cut due to deceleration', '')",20.39215686,98,0,0,31,1075.5,49,17,56,13.33333333,"((), (False, False, False, False), (False, False, True, True))",0.065,India OBD II (IOBD II),217,1E+31,0,2.352941176,77.64705882,255,2566,100,-0.04296875,459.7,1.11111E+31,<obd.OBDResponse.Status object at 0x7ce2a052d9a0>,14.04,31.76470588,0.930128,4.31372549,33,14.90196078,25.09803922,25.09803922,5.882352941,Gasoline,0,
1734341633,<obd.OBDResponse.Status object at 0x7ce2a0530a70>,"('Closed loop, using oxygen sensor feedback to determine fuel mix', '')",34.90196078,98,2.34375,0.78125,48,1067,49,8,56,14.90196078,"((), (False, False, False, False), (False, False, True, True))",0.125,India OBD II (IOBD II),220,1E+31,0,15.68627451,77.64705882,255,2566,100,-0.2578125,453.3,1.11111E+31,<obd.OBDResponse.Status object at 0x7ce2a0f20860>,14.08,35.29411765,0.899384,4.31372549,33,14.90196078,25.09803922,25.09803922,5.882352941,Gasoline,0,
1734341636,<obd.OBDResponse.Status object at 0x7ce2a0537fb0>,"('Closed loop, using oxygen sensor feedback to determine fuel mix', '')",38.03921569,99,0.78125,1.5625,51,1063.5,49,7.5,55,15.29411765,"((), (False, False, False, False), (False, False, True, True))",0.78,India OBD II (IOBD II),223,1E+31,0,29.01960784,77.64705882,255,2566,100,-0.15234375,448.1,1.11111E+31,<obd.OBDResponse.Status object at 0x7ce2a0534e60>,14.06,38.82352941,0.943304,4.705882353,33,15.29411765,26.2745098,26.2745098,6.274509804,Gasoline,0,
1734341639,<obd.OBDResponse.Status object at 0x7ce2a05313d0>,"('Closed loop, using oxygen sensor feedback to determine fuel mix', '')",39.21568627,99,0,1.5625,52,1075,49,9,55,15.29411765,"((), (False, False, False, False), (False, False, True, True))",0.76,India OBD II (IOBD II),227,1E+31,0,30.58823529,77.64705882,255,2566,100,-0.01171875,445.6,1.11111E+31,<obd.OBDResponse.Status object at 0x7ce2a0535d00>,14.08,32.94117647,0.999424,3.921568627,33,14.50980392,26.2745098,26.2745098,5.098039216,Gasoline,0,
1734341643,<obd.OBDResponse.Status object at 0x7ce2a0534980>,"('Closed loop, using oxygen sensor feedback to determine fuel mix', '')",28.23529412,99,-0.78125,0.78125,44,1090,50,10.5,55,14.90196078,"((), (False, False, False, False), (False, False, True, True))",0.725,India OBD II (IOBD II),230,1E+31,0,30.19607843,77.64705882,255,2566,100,-0.01953125,444.6,1.11111E+31,<obd.OBDResponse.Status object at 0x7ce2a0535c40>,14.08,38.03921569,0.999424,4.705882353,33,15.29411765,28.62745098,28.62745098,6.274509804,Gasoline,0,
1734341646,<obd.OBDResponse.Status object at 0x7ce2a05323f0>,"('Closed loop, using oxygen sensor feedback to determine fuel mix', '')",33.7254902,99,-1.5625,1.5625,52,1109,51,9.5,54,15.29411765,"((), (False, False, False, False), (False, False, True, True))",0.71,India OBD II (IOBD II),233,1E+31,0,32.15686275,77.64705882,255,2566,100,-0.0078125,443.8,1.11111E+31,<obd.OBDResponse.Status object at 0x7ce2a05374a0>,14.02,45.09803922,0.999424,6.274509804,33,16.8627451,28.62745098,28.62745098,8.62745098,Gasoline,0,
1734341649,<obd.OBDResponse.Status object at 0x7ce2a0537e30>,"('Closed loop, using oxygen sensor feedback to determine fuel mix', '')",39.21568627,99,-0.78125,1.5625,58,1132,52,11,54,15.29411765,"((), (False, False, False, False), (False, False, True, True))",0.71,India OBD II (IOBD II),236,1E+31,0,33.33333333,77.64705882,255,2566,100,-0.015625,443.4,1.11111E+31,<obd.OBDResponse.Status object at 0x7ce2a05080b0>,14.04,34.90196078,0.999424,3.921568627,33,14.50980392,23.52941176,23.52941176,5.490196078,Gasoline,0,
1734341652,<obd.OBDResponse.Status object at 0x7ce2a0531430>,"('Closed loop, using oxygen sensor feedback to determine fuel mix', '')",25.49019608,98,-1.5625,0.78125,39,1127,52,12.5,54,14.50980392,"((), (False, False, False, False), (False, False, True, True))",0.71,India OBD II (IOBD II),239,1E+31,0,26.66666667,77.64705882,255,2566,100,-0.03125,443.3,1.11111E+31,<obd.OBDResponse.Status object at 0x7ce2a0534560>,14.06,30.98039216,0.999424,3.921568627,33,14.90196078,25.09803922,25.09803922,6.274509804,Gasoline,0,
1734341655,<obd.OBDResponse.Status object at 0x7ce2a0537fb0>,"('Closed loop, using oxygen sensor feedback to determine fuel mix', '')",33.7254902,97,-2.34375,1.5625,48,1132.5,52,11,54,14.90196078,"((), (False, False, False, False), (False, False, True, True))",0.705,India OBD II (IOBD II),242,1E+31,0,31.37254902,77.64705882,255,2566,100,0.0078125,442.9,1.11111E+31,<obd.OBDResponse.Status object at 0x7ce2a0535190>,14.04,36.07843137,0.999424,4.705882353,33,15.29411765,25.49019608,25.49019608,6.274509804,Gasoline,0,
1734341658,<obd.OBDResponse.Status object at 0x7ce2a0531970>,"('Closed loop, using oxygen sensor feedback to determine fuel mix', '')",39.21568627,97,-1.5625,1.5625,63,1139,52,11,54,17.25490196,"((), (False, False, False, False), (False, False, True, True))",0.7,India OBD II (IOBD II),245,1E+31,0,45.49019608,77.64705882,255,2566,100,-0.01953125,442.9,1.11111E+31,<obd.OBDResponse.Status object at 0x7ce2a052ff80>,14.06,49.41176471,0.999424,7.058823529,33,18.03921569,29.80392157,29.80392157,9.019607843,Gasoline,0,
1734341661,<obd.OBDResponse.Status object at 0x7ce2a0536a80>,"('Closed loop, using oxygen sensor feedback to determine fuel mix', '')",42.35294118,96,0,1.5625,71,1161.5,53,12.5,53,16.8627451,"((), (False, False, False, False), (False, False, True, True))",0.705,India OBD II (IOBD II),248,1E+31,0,43.1372549,77.64705882,255,2566,100,-0.0234375,443.5,1.11111E+31,<obd.OBDResponse.Status object at 0x7ce2a05366f0>,14.08,44.31372549,0.999424,4.705882353,33,16.07843137,28.62745098,28.62745098,7.058823529,Gasoline,0,
1734341664,<obd.OBDResponse.Status object at 0x7ce2a05306b0>,"('Closed loop, using oxygen sensor feedback to determine fuel mix', '')",31.76470588,96,0,1.5625,56,1187.5,55,12,53,16.07843137,"((), (False, False, False, False), (False, False, True, True))",0.71,India OBD II (IOBD II),252,1E+31,0,37.25490196,77.64705882,255,2566,100,-0.015625,444.3,1.11111E+31,<obd.OBDResponse.Status object at 0x7ce2a0534980>,14.1,38.82352941,0.999424,5.490196078,32,16.07843137,28.62745098,28.62745098,7.058823529,Gasoline,0,
1734341668,<obd.OBDResponse.Status object at 0x7ce2a05349b0>,"('Closed loop, using oxygen sensor feedback to determine fuel mix', '')",30.98039216,96,0,1.5625,56,1205,55,13.5,53,15.68627451,"((), (False, False, False, False), (False, False, True, True))",0.71,India OBD II (IOBD II),255,1E+31,0,38.82352941,77.64705882,255,2566,100,-0.0078125,445,1.11111E+31,<obd.OBDResponse.Status object at 0x7ce2a052d9a0>,14.08,38.03921569,0.999424,5.490196078,32,16.07843137,28.62745098,28.62745098,7.058823529,Gasoline,0,
1734341671,<obd.OBDResponse.Status object at 0x7ce2a0530800>,"('Closed loop, using oxygen sensor feedback to determine fuel mix', '')",33.33333333,95,-2.34375,1.5625,58,1219.5,56,11,53,15.29411765,"((), (False, False, False, False), (False, False, True, True))",0.71,India OBD II (IOBD II),258,1E+31,0,35.68627451,77.64705882,255,2566,100,0.01953125,445.4,1.11111E+31,<obd.OBDResponse.Status object at 0x7ce2a0535430>,14.04,32.54901961,0.999424,3.529411765,32,14.90196078,23.1372549,23.1372549,5.098039216,Gasoline,0,
1734341674,<obd.OBDResponse.Status object at 0x7ce2a04e1580>,"('Closed loop, using oxygen sensor feedback to determine fuel mix', '')",23.52941176,95,-4.6875,1.5625,38,1212.5,56,13.5,53,14.11764706,"((), (False, False, False, False), (False, False, True, True))",0.71,India OBD II (IOBD II),261,1E+31,0,30.19607843,77.64705882,255,2566,100,0.01171875,445.1,1.11111E+31,<obd.OBDResponse.Status object at 0x7ce2a0534590>,14,28.23529412,0.999424,3.529411765,32,14.11764706,23.1372549,23.1372549,4.705882353,Gasoline,0,
1734341677,<obd.OBDResponse.Status object at 0x7ce2a05306b0>,"('Closed loop, using oxygen sensor feedback to determine fuel mix', '')",23.92156863,95,-0.78125,1.5625,37,1194.5,55,13.5,53,14.11764706,"((), (False, False, False, False), (False, False, True, True))",0.71,India OBD II (IOBD II),264,1E+31,0,29.41176471,77.64705882,255,2566,100,-0.00390625,444.3,1.11111E+31,<obd.OBDResponse.Status object at 0x7ce2a0537560>,14.08,28.23529412,0.999424,3.921568627,32,14.50980392,23.92156863,23.92156863,5.098039216,Gasoline,0,
1734341680,<obd.OBDResponse.Status object at 0x7ce2a05374a0>,"('Closed loop, using oxygen sensor feedback to determine fuel mix', '')",24.70588235,94,0.78125,1.5625,43,1178.5,54,12,53,14.50980392,"((), (False, False, False, False), (False, False, True, True))",0.715,India OBD II (IOBD II),267,1E+31,0,30.58823529,77.64705882,255,2566,100,-0.0546875,443.8,1.11111E+31,<obd.OBDResponse.Status object at 0x7ce2a0535d00>,14.08,29.80392157,0.999424,2.745098039,32,12.15686275,23.52941176,23.52941176,4.705882353,Gasoline,0,
1734341683,<obd.OBDResponse.Status object at 0x7ce2a0533830>,"('Closed loop, using oxygen sensor feedback to determine fuel mix', '')",30.58823529,95,-0.78125,1.5625,52,1170.5,54,12.5,53,15.29411765,"((), (False, False, False, False), (False, False, True, True))",0.715,India OBD II (IOBD II),270,1E+31,0,35.68627451,77.64705882,255,2566,100,0.01171875,443.2,1.11111E+31,<obd.OBDResponse.Status object at 0x7ce2a0fdf800>,14.06,38.43137255,0.999424,5.098039216,32,15.29411765,28.62745098,28.23529412,6.666666667,Gasoline,0,
1734341686,<obd.OBDResponse.Status object at 0x7ce2a0534590>,"('Closed loop, using oxygen sensor feedback to determine fuel mix', '')",34.11764706,95,2.34375,1.5625,58,1190,55,10.5,53,15.68627451,"((), (False, False, False, False), (False, False, True, True))",0.715,India OBD II (IOBD II),273,1E+31,0,36.8627451,77.64705882,255,2567,100,-0.00390625,443.1,1.11111E+31,<obd.OBDResponse.Status object at 0x7ce2a05353a0>,14.06,35.68627451,0.999424,4.705882353,32,15.29411765,25.09803922,24.70588235,5.882352941,Gasoline,0,
1734341690,<obd.OBDResponse.Status object at 0x7ce2a05314f0>,"('Closed loop, using oxygen sensor feedback to determine fuel mix', '')",30.58823529,95,0,1.5625,48,1191,55,12,52,14.90196078,"((), (False, False, False, False), (False, False, True, True))",0.715,India OBD II (IOBD II),277,1E+31,0,32.54901961,77.64705882,255,2567,100,-0.015625,443.3,1.11111E+31,<obd.OBDResponse.Status object at 0x7ce2a0535550>,14.02,34.90196078,0.999424,3.137254902,32,12.15686275,21.56862745,21.56862745,3.529411765,Gasoline,0,
1734341693,<obd.OBDResponse.Status object at 0x7ce2a0536d80>,"('Open loop due to engine load OR fuel cut due to deceleration', '')",0,95,0,0.78125,29,1148.5,53,-6,53,12.54901961,"((), (False, False, False, False), (False, False, True, True))",0.715,India OBD II (IOBD II),280,1E+31,0,0,77.64705882,255,2567,100,0.3359375,441.9,1.11111E+31,<obd.OBDResponse.Status object at 0x7ce2a05368d0>,14.04,19.60784314,1.286368,2.745098039,32,13.33333333,20.39215686,20.39215686,3.529411765,Gasoline,0,
1734341696,<obd.OBDResponse.Status object at 0x7ce2a0533ad0>,"('Closed loop, using oxygen sensor feedback to determine fuel mix', '')",19.21568627,95,-3.125,0.78125,30,1123,52,19.5,53,13.33333333,"((), (False, False, False, False), (False, False, True, True))",0.71,India OBD II (IOBD II),283,1E+31,0,3.137254902,77.64705882,255,2567,100,-0.00390625,440.4,1.11111E+31,<obd.OBDResponse.Status object at 0x7ce2a0534da0>,14.06,20.39215686,0.996496,1.568627451,32,11.37254902,20.39215686,20.39215686,2.745098039,Gasoline,0,
1734341699,<obd.OBDResponse.Status object at 0x7ce2a05356d0>,"('Closed loop, using oxygen sensor feedback to determine fuel mix', '')",12.15686275,96,3.90625,0,26,1101,50,0.5,54,12.54901961,"((), (False, False, False, False), (False, False, True, True))",0.705,India OBD II (IOBD II),286,1E+31,0,9.803921569,77.64705882,255,2567,100,0.00390625,439.3,1.11111E+31,<obd.OBDResponse.Status object at 0x7ce2a0537f20>,14.08,20.39215686,0.999424,2.352941176,32,12.94117647,23.1372549,23.1372549,3.137254902,Gasoline,0,
1734341702,<obd.OBDResponse.Status object at 0x7ce2a0533bf0>,"('Closed loop, using oxygen sensor feedback to determine fuel mix', '')",24.31372549,96,0.78125,0.78125,39,1093,50,12,54,14.11764706,"((), (False, False, False, False), (False, False, True, True))",0.7,India OBD II (IOBD II),289,1E+31,0,25.49019608,77.64705882,255,2567,100,-0.02734375,438.7,1.11111E+31,<obd.OBDResponse.Status object at 0x7ce2a050b8c0>,14.06,29.80392157,0.999424,3.921568627,32,14.50980392,26.2745098,26.2745098,4.705882353,Gasoline,0,
1734341705,<obd.OBDResponse.Status object at 0x7ce2a0531100>,"('Closed loop, using oxygen sensor feedback to determine fuel mix', '')",38.82352941,97,-0.78125,1.5625,53,1098,50,9.5,53,15.29411765,"((), (False, False, False, False), (False, False, True, True))",0.695,India OBD II (IOBD II),292,1E+31,0,31.37254902,77.64705882,255,2567,100,0.00390625,438.3,1.11111E+31,<obd.OBDResponse.Status object at 0x7ce2a05355b0>,14.06,39.60784314,0.999424,5.098039216,32,15.68627451,26.2745098,26.2745098,6.666666667,Gasoline,0,
1734341708,<obd.OBDResponse.Status object at 0x7ce2a0531010>,"('Closed loop, using oxygen sensor feedback to determine fuel mix', '')",38.43137255,98,0.78125,1.5625,54,1100,51,9.5,52,15.29411765,"((), (False, False, False, False), (False, False, True, True))",0.695,India OBD II (IOBD II),295,1E+31,0,31.76470588,77.64705882,255,2567,100,-0.015625,438.4,1.11111E+31,<obd.OBDResponse.Status object at 0x7ce2a05366c0>,14.04,38.82352941,0.999424,5.098039216,32,15.29411765,26.2745098,26.2745098,6.274509804,Gasoline,0,
1734341712,<obd.OBDResponse.Status object at 0x7ce2a0e97800>,"('Closed loop, using oxygen sensor feedback to determine fuel mix', '')",37.64705882,98,0.78125,1.5625,53,1107.5,51,9.5,52,15.29411765,"((), (False, False, False, False), (False, False, True, True))",0.695,India OBD II (IOBD II),299,1E+31,0,32.15686275,77.64705882,255,2567,100,-0.01953125,438.9,1.11111E+31,<obd.OBDResponse.Status object at 0x7ce2a0ebdc40>,14.06,38.43137255,0.999424,5.098039216,32,15.29411765,26.2745098,26.2745098,6.274509804,Gasoline,0,
1734341715,<obd.OBDResponse.Status object at 0x7ce2a0531b80>,"('Closed loop, using oxygen sensor feedback to determine fuel mix', '')",28.23529412,98,0.78125,0.78125,43,1118.5,51,10.5,52,14.11764706,"((), (False, False, False, False), (False, False, True, True))",0.695,India OBD II (IOBD II),302,1E+31,0,27.84313725,77.64705882,255,2567,100,-0.01171875,439.1,1.11111E+31,<obd.OBDResponse.Status object at 0x7ce2a0ebdfa0>,14.08,30.98039216,0.999424,3.921568627,32,14.11764706,25.88235294,25.88235294,4.31372549,Gasoline,0,
1734341718,<obd.OBDResponse.Status object at 0x7ce2a0531e20>,"('Closed loop, using oxygen sensor feedback to determine fuel mix', '')",23.52941176,98,0,0.78125,38,1122,52,12,52,13.7254902,"((), (False, False, False, False), (False, False, True, True))",0.685,India OBD II (IOBD II),305,1E+31,0,26.66666667,77.64705882,255,2567,100,-0.0078125,439.2,1.11111E+31,<obd.OBDResponse.Status object at 0x7ce2a0ebde80>,14.08,22.74509804,0.999424,2.745098039,32,13.33333333,23.92156863,23.92156863,3.529411765,Gasoline,0,
1734341721,<obd.OBDResponse.Status object at 0x7ce2a0531400>,"('Closed loop, using oxygen sensor feedback to determine fuel mix', '')",30.58823529,98,0,1.5625,43,1126,52,8,53,14.11764706,"((), (False, False, False, False), (False, False, True, True))",0.68,India OBD II (IOBD II),308,1E+31,0,27.84313725,77.64705882,255,2567,100,-0.0390625,438.8,1.11111E+31,<obd.OBDResponse.Status object at 0x7ce2a0530d40>,14.08,33.7254902,0.999424,4.31372549,32,14.90196078,24.70588235,24.70588235,5.490196078,Gasoline,0,
1734341724,<obd.OBDResponse.Status object at 0x7ce2a0ebfbc0>,"('Closed loop, using oxygen sensor feedback to determine fuel mix', '')",32.15686275,98,0,1.5625,46,1125.5,52,10.5,52,14.50980392,"((), (False, False, False, False), (False, False, True, True))",0.68,India OBD II (IOBD II),311,1E+31,0,29.01960784,77.64705882,255,2567,100,-0.00390625,438.3,1.11111E+31,<obd.OBDResponse.Status object at 0x7ce2a05310a0>,14.08,32.54901961,0.999424,4.31372549,32,14.90196078,24.31372549,24.31372549,4.705882353,Gasoline,0,
1734341727,<obd.OBDResponse.Status object at 0x7ce2a0ebcad0>,"('Closed loop, using oxygen sensor feedback to determine fuel mix', '')",16.07843137,98,2.34375,0.78125,30,1121.5,51,0.5,52,12.54901961,"((), (False, False, False, False), (False, False, True, True))",0.675,India OBD II (IOBD II),314,1E+31,0,25.88235294,77.64705882,255,2567,100,0.0078125,437.9,1.11111E+31,<obd.OBDResponse.Status object at 0x7ce2a0531610>,14.08,18.82352941,0.999424,1.960784314,32,12.54901961,14.90196078,14.90196078,2.745098039,Gasoline,0,
1734341730,<obd.OBDResponse.Status object at 0x7ce2a0ebc170>,"('Closed loop, using oxygen sensor feedback to determine fuel mix', '')",13.33333333,97,0.78125,0,26,1092,50,2,53,12.15686275,"((), (False, False, False, False), (False, False, True, True))",0.675,India OBD II (IOBD II),317,1E+31,0,21.56862745,77.64705882,255,2567,100,-0.01171875,437.3,1.11111E+31,<obd.OBDResponse.Status object at 0x7ce2a0530620>,14.06,16.07843137,0.999424,1.568627451,32,12.15686275,14.90196078,14.90196078,2.352941176,Gasoline,0,
1734341733,<obd.OBDResponse.Status object at 0x7ce2a04e38f0>,"('Closed loop, using oxygen sensor feedback to determine fuel mix', '')",5.490196078,97,4.6875,0,26,1056.5,48,-12,53,12.15686275,"((), (False, False, False, False), (False, False, True, True))",0.675,India OBD II (IOBD II),320,1E+31,0,22.74509804,77.64705882,255,2567,100,-0.01171875,436.7,1.11111E+31,<obd.OBDResponse.Status object at 0x7ce2a0531ca0>,14.08,16.07843137,0.999424,1.568627451,32,12.15686275,14.90196078,14.90196078,2.352941176,Gasoline,0,
1734341736,<obd.OBDResponse.Status object at 0x7ce2a04e2540>,"('Closed loop, using oxygen sensor feedback to determine fuel mix', '')",16.47058824,97,1.5625,-0.78125,25,864.5,44,-2.5,54,11.76470588,"((), (False, False, False, False), (False, False, True, True))",0.67,India OBD II (IOBD II),323,1E+31,0,20,77.64705882,255,2567,100,-0.046875,436.4,1.11111E+31,<obd.OBDResponse.Status object at 0x7ce2a0530050>,14.04,15.29411765,0.999424,0.784313725,32,11.37254902,14.90196078,14.90196078,1.568627451,Gasoline,0,
1734341739,<obd.OBDResponse.Status object at 0x7ce2a0533ec0>,"('Closed loop, using oxygen sensor feedback to determine fuel mix', '')",4.705882353,98,0,0.78125,27,1407,37,-10,54,12.54901961,"((), (False, False, False, False), (False, False, True, True))",0.675,India OBD II (IOBD II),327,1E+31,0,0,77.64705882,255,2567,100,0.67578125,435.4,1.11111E+31,<obd.OBDResponse.Status object at 0x7ce2a0530260>,14.02,16.07843137,1.9988175,4.31372549,32,15.29411765,14.90196078,14.90196078,3.529411765,Gasoline,0,
1734341743,<obd.OBDResponse.Status object at 0x7ce2a0532480>,"('Closed loop, using oxygen sensor feedback to determine fuel mix', '')",26.66666667,99,0,0,36,942.5,22,-3,53,12.94117647,"((), (False, False, False, False), (False, False, True, True))",0.645,India OBD II (IOBD II),330,1E+31,0,2.745098039,77.64705882,255,2567,100,-0.01953125,433.4,1.11111E+31,<obd.OBDResponse.Status object at 0x7ce2a0531040>,14.06,23.1372549,0.972828,2.745098039,32,13.33333333,14.90196078,14.90196078,3.137254902,Gasoline,0,
1734341746,<obd.OBDResponse.Status object at 0x7ce2a04e2720>,"('Closed loop, using oxygen sensor feedback to determine fuel mix', '')",27.05882353,99,2.34375,0,36,936,17,-1.5,53,12.54901961,"((), (False, False, False, False), (False, False, True, True))",0.665,India OBD II (IOBD II),333,1E+31,0,10.98039216,77.64705882,255,2567,100,-0.04296875,432.9,1.11111E+31,<obd.OBDResponse.Status object at 0x7ce2a0533650>,14.04,59.60784314,0.997228,14.90196078,32,25.88235294,34.90196078,34.90196078,18.82352941,Gasoline,0,
1734341749,<obd.OBDResponse.Status object at 0x7ce2a04e2150>,"('Closed loop, using oxygen sensor feedback to determine fuel mix', '')",54.50980392,100,1.5625,2.34375,108,1878,27,3,51,69.80392157,"((), (False, False, False, False), (False, False, True, True))",0.655,India OBD II (IOBD II),336,1E+31,0,0,77.64705882,255,2567,100,-0.0234375,450.1,1.11111E+31,<obd.OBDResponse.Status object at 0x7ce2a05328d0>,14.12,20,0.999424,3.529411765,32,14.11764706,14.50980392,14.90196078,4.31372549,Gasoline,0,
1734341752,<obd.OBDResponse.Status object at 0x7ce2a05365d0>,"('Closed loop, using oxygen sensor feedback to determine fuel mix', '')",38.43137255,100,0.78125,1.5625,95,1448.5,32,9,50,25.09803922,"((), (False, False, False, False), (False, False, True, True))",0.575,India OBD II (IOBD II),339,1E+31,0,10.98039216,77.64705882,255,2567,100,-0.0234375,455.1,1.11111E+31,<obd.OBDResponse.Status object at 0x7ce2a0531d90>,14.08,60.78431373,0.99918,14.11764706,32,24.31372549,32.94117647,32.94117647,13.7254902,Gasoline,0,
1734341755,<obd.OBDResponse.Status object at 0x7ce2a04e1820>,"('Closed loop, using oxygen sensor feedback to determine fuel mix', '')",2.745098039,100,0.78125,0.78125,34,1549.5,38,-18,49,13.7254902,"((), (False, False, False, False), (False, False, True, True))",0.525,India OBD II (IOBD II),342,1E+31,0,0,77.64705882,255,2567,100,0.421875,460.5,1.11111E+31,<obd.OBDResponse.Status object at 0x7ce2a0ebf4d0>,14.06,31.76470588,1.928088,7.450980392,32,19.21568627,30.58823529,30.58823529,8.62745098,Gasoline,0,
1734341758,<obd.OBDResponse.Status object at 0x7ce2a0532570>,"('Closed loop, using oxygen sensor feedback to determine fuel mix', '')",6.274509804,100,0,0.78125,26,1210.5,35,-14.5,50,13.33333333,"((), (False, False, False, False), (False, False, True, True))",0.29,India OBD II (IOBD II),345,1E+31,0,0,77.64705882,255,2567,100,0.5859375,459,1.11111E+31,<obd.OBDResponse.Status object at 0x7ce2a19ac080>,14.1,16.07843137,1.9988175,2.352941176,32,12.94117647,15.68627451,15.68627451,2.745098039,Gasoline,0,
1734341761,<obd.OBDResponse.Status object at 0x7ce2a04e2510>,"('Open loop due to engine load OR fuel cut due to deceleration', '')",40,99,-2.34375,1.5625,51,1071.5,31,8,52,15.68627451,"((), (False, False, False, False), (False, False, True, True))",0.085,India OBD II (IOBD II),348,1E+31,0,2.352941176,77.64705882,255,2567,100,-0.1640625,455.3,1.11111E+31,<obd.OBDResponse.Status object at 0x7ce2a0ebdaf0>,14.08,40.78431373,0.921344,5.882352941,32,16.47058824,27.84313725,28.62745098,8.235294118,Gasoline,0,
1734341764,<obd.OBDResponse.Status object at 0x7ce2a0533650>,"('Closed loop, using oxygen sensor feedback to determine fuel mix', '')",51.76470588,99,0.78125,1.5625,84,1099.5,32,9.5,51,19.21568627,"((), (False, False, False, False), (False, False, True, True))",0.21,India OBD II (IOBD II),351,1E+31,0,27.45098039,77.64705882,255,2567,100,-0.02734375,454.1,1.11111E+31,<obd.OBDResponse.Status object at 0x7ce2a0e97290>,14.08,55.29411765,0.997228,9.411764706,32,20,30.98039216,30.98039216,12.15686275,Gasoline,0,
1734341768,<obd.OBDResponse.Status object at 0x7ce2a04e3290>,"('Closed loop, using oxygen sensor feedback to determine fuel mix', '')",38.43137255,99,0,1.5625,74,1203.5,35,13.5,50,17.64705882,"((), (False, False, False, False), (False, False, True, True))",0.38,India OBD II (IOBD II),355,1E+31,0,49.41176471,77.64705882,255,2568,100,-0.015625,454.9,1.11111E+31,<obd.OBDResponse.Status object at 0x7ce2a0e97c20>,14.06,48.23529412,0.999424,6.666666667,32,17.64705882,30.58823529,30.58823529,8.235294118,Gasoline,0,
1734341771,<obd.OBDResponse.Status object at 0x7ce2a0e6a6f0>,"('Closed loop, using oxygen sensor feedback to determine fuel mix', '')",30.58823529,98,-0.78125,1.5625,64,1268.5,37,15,50,16.47058824,"((), (False, False, False, False), (False, False, True, True))",0.475,India OBD II (IOBD II),358,1E+31,0,44.31372549,77.64705882,255,2568,100,-0.0234375,455.4,1.11111E+31,<obd.OBDResponse.Status object at 0x7ce2a0ebd220>,14.02,37.25490196,0.999424,5.490196078,32,15.68627451,27.84313725,27.84313725,7.058823529,Gasoline,0,
1734341774,<obd.OBDResponse.Status object at 0x7ce2a0537dd0>,"('Closed loop, using oxygen sensor feedback to determine fuel mix', '')",14.50980392,97,0,0.78125,30,1247.5,36,-1,50,12.94117647,"((), (False, False, False, False), (False, False, True, True))",0.44,India OBD II (IOBD II),361,1E+31,0,0,77.64705882,255,2568,100,-0.015625,455.2,1.11111E+31,<obd.OBDResponse.Status object at 0x7ce2a05367b0>,14.08,15.68627451,0.999424,3.137254902,32,12.94117647,16.47058824,17.64705882,3.137254902,Gasoline,0,
1734341777,<obd.OBDResponse.Status object at 0x7ce2a0ebcad0>,"('Closed loop, using oxygen sensor feedback to determine fuel mix', '')",44.70588235,96,-5.46875,1.5625,68,1100.5,32,10.5,51,18.82352941,"((), (False, False, False, False), (False, False, True, True))",0.305,India OBD II (IOBD II),364,1E+31,0,4.31372549,77.64705882,255,2568,100,-0.09375,452.3,1.11111E+31,<obd.OBDResponse.Status object at 0x7ce2a0535e80>,14.08,56.47058824,0.949648,9.803921569,32,20.39215686,31.76470588,31.37254902,12.94117647,Gasoline,0,
1734341780,<obd.OBDResponse.Status object at 0x7ce2a0530560>,"('Closed loop, using oxygen sensor feedback to determine fuel mix', '')",24.70588235,96,0,0.78125,41,1108.5,32,-6,49,13.7254902,"((), (False, False, False, False), (False, False, True, True))",0.745,India OBD II (IOBD II),367,1E+31,0,14.90196078,77.64705882,255,2568,100,0.01953125,452.4,1.11111E+31,<obd.OBDResponse.Status object at 0x7ce2a0534e60>,14.06,21.96078431,0.99918,3.529411765,32,14.90196078,23.52941176,23.52941176,6.274509804,Gasoline,0,
1734341783,<obd.OBDResponse.Status object at 0x7ce2a05354f0>,"('Closed loop, using oxygen sensor feedback to determine fuel mix', '')",45.49019608,96,-3.90625,1.5625,78,1068,31,10.5,50,18.82352941,"((), (False, False, False, False), (False, False, True, True))",0.755,India OBD II (IOBD II),370,1E+31,0,49.80392157,77.64705882,255,2568,100,0.01171875,451.9,1.11111E+31,<obd.OBDResponse.Status object at 0x7ce2a05375c0>,14.08,53.7254902,0.999424,8.62745098,31,18.82352941,32.94117647,32.94117647,10.58823529,Gasoline,0,
1734341786,<obd.OBDResponse.Status object at 0x7ce2a05354c0>,"('Closed loop, using oxygen sensor feedback to determine fuel mix', '')",28.62745098,95,1.5625,0.78125,40,1109.5,32,13.5,50,12.94117647,"((), (False, False, False, False), (False, False, True, True))",0.755,India OBD II (IOBD II),374,1E+31,0,25.09803922,77.64705882,255,2568,100,-0.00390625,450.6,1.11111E+31,<obd.OBDResponse.Status object at 0x7ce2a0537530>,14.08,19.60784314,0.999424,2.352941176,31,12.94117647,22.74509804,22.74509804,2.745098039,Gasoline,0,
1734341790,<obd.OBDResponse.Status object at 0x7ce2a0536330>,"('Closed loop, using oxygen sensor feedback to determine fuel mix', '')",27.84313725,95,-0.78125,0.78125,44,1045,30,11,51,17.25490196,"((), (False, False, False, False), (False, False, True, True))",0.745,India OBD II (IOBD II),377,1E+31,0,30.19607843,77.64705882,255,2568,100,-0.078125,450.1,1.11111E+31,<obd.OBDResponse.Status object at 0x7ce2a0537aa0>,14.06,43.92156863,0.999424,5.490196078,31,15.29411765,27.45098039,27.45098039,6.666666667,Gasoline,0,
1734341793,<obd.OBDResponse.Status object at 0x7ce2a0537950>,"('Closed loop, using oxygen sensor feedback to determine fuel mix', '')",30.58823529,95,0,0.78125,41,1039.5,30,12,51,13.7254902,"((), (False, False, False, False), (False, False, True, True))",0.735,India OBD II (IOBD II),380,1E+31,0,21.96078431,77.64705882,255,2568,100,0.03125,448.5,1.11111E+31,<obd.OBDResponse.Status object at 0x7ce2a05341a0>,14.08,43.92156863,0.999424,8.235294118,31,20.39215686,33.7254902,33.33333333,19.21568627,Gasoline,0,
1734341796,<obd.OBDResponse.Status object at 0x7ce2a0537fe0>,"('Closed loop, using oxygen sensor feedback to determine fuel mix', '')",70.58823529,95,-0.78125,1.5625,101,1074,31,1.5,50,61.56862745,"((), (False, False, False, False), (False, False, True, True))",0.725,India OBD II (IOBD II),383,1E+31,0,76.07843137,77.64705882,255,2568,100,-0.00390625,449.2,1.11111E+31,<obd.OBDResponse.Status object at 0x7ce2a05375c0>,14.08,81.96078431,0.999424,50.98039216,31,61.96078431,37.64705882,38.03921569,66.2745098,Gasoline,0,
1734341799,<obd.OBDResponse.Status object at 0x7ce2a0537290>,"('Closed loop, using oxygen sensor feedback to determine fuel mix', '')",52.54901961,95,2.34375,1.5625,96,1305,38,10.5,49,20.78431373,"((), (False, False, False, False), (False, False, True, True))",0.725,India OBD II (IOBD II),386,1E+31,0,0,77.64705882,255,2568,100,-0.05859375,460.5,1.11111E+31,<obd.OBDResponse.Status object at 0x7ce2a0535a00>,14.1,53.7254902,0.999424,9.019607843,31,19.60784314,31.76470588,31.76470588,11.37254902,Gasoline,0,
1734341802,<obd.OBDResponse.Status object at 0x7ce2a053f080>,"('Closed loop, using oxygen sensor feedback to determine fuel mix', '')",29.80392157,95,-1.5625,1.5625,71,1473.5,43,15.5,49,18.43137255,"((), (False, False, False, False), (False, False, True, True))",0.72,India OBD II (IOBD II),389,1E+31,0,0,77.64705882,255,2568,100,-0.015625,464.3,1.11111E+31,<obd.OBDResponse.Status object at 0x7ce2a053f0b0>,14.08,43.92156863,0.999424,7.843137255,31,18.43137255,29.80392157,29.80392157,9.803921569,Gasoline,0,
1734341805,<obd.OBDResponse.Status object at 0x7ce2a05359a0>,"('Closed loop, using oxygen sensor feedback to determine fuel mix', '')",27.84313725,95,-2.34375,1.5625,67,1592,46,16.5,49,18.43137255,"((), (False, False, False, False), (False, False, True, True))",0.72,India OBD II (IOBD II),392,1E+31,0,0,77.64705882,255,2568,100,-0.0078125,467,1.11111E+31,<obd.OBDResponse.Status object at 0x7ce2a0537800>,14.1,43.52941176,0.999424,7.843137255,31,18.43137255,29.41176471,29.41176471,10.19607843,Gasoline,0,
1734341808,<obd.OBDResponse.Status object at 0x7ce2a053ddc0>,"('Closed loop, using oxygen sensor feedback to determine fuel mix', '')",30.19607843,94,-2.34375,1.5625,72,1711,50,15,49,19.21568627,"((), (False, False, False, False), (False, False, True, True))",0.72,India OBD II (IOBD II),395,1E+31,0,0,77.64705882,255,2568,100,-0.015625,470.2,1.11111E+31,<obd.OBDResponse.Status object at 0x7ce2a0535790>,14.1,44.70588235,0.999424,9.019607843,31,18.82352941,27.84313725,27.84313725,10.19607843,Gasoline,0,
1734341812,<obd.OBDResponse.Status object at 0x7ce2a053ce00>,"('Closed loop, using oxygen sensor feedback to determine fuel mix', '')",20.39215686,94,-2.34375,1.5625,48,1792.5,52,20,49,16.8627451,"((), (False, False, False, False), (False, False, True, True))",0.73,India OBD II (IOBD II),399,1E+31,0,4.705882353,77.64705882,255,2568,100,-0.01171875,472.5,1.11111E+31,<obd.OBDResponse.Status object at 0x7ce2a05350d0>,14.12,28.62745098,0.999424,5.882352941,31,16.47058824,24.31372549,24.31372549,7.843137255,Gasoline,0,
1734341815,<obd.OBDResponse.Status object at 0x7ce2a0534500>,"('Closed loop, using oxygen sensor feedback to determine fuel mix', '')",11.37254902,94,-5.46875,-0.78125,62,1817,53,1.5,49,10.58823529,"((), (False, False, False, False), (False, False, True, True))",0.73,India OBD II (IOBD II),402,1E+31,0,0,77.64705882,255,2568,100,0.56640625,472.3,1.11111E+31,<obd.OBDResponse.Status object at 0x7ce2a0534ad0>,14.14,18.43137255,1.9988175,1.176470588,31,12.15686275,14.90196078,14.90196078,1.960784314,Gasoline,0,
1734341818,<obd.OBDResponse.Status object at 0x7ce2a053f2c0>,"('Open loop due to engine load OR fuel cut due to deceleration', '')",0,94,0,-1.5625,30,1557,50,-11.5,50,13.7254902,"((), (False, False, False, False), (False, False, True, True))",0.005,India OBD II (IOBD II),405,1E+31,0,0,77.64705882,255,2568,100,1.20703125,468.7,1.11111E+31,<obd.OBDResponse.Status object at 0x7ce2a0536ea0>,14.12,16.47058824,1.9988175,2.745098039,31,13.33333333,14.90196078,14.90196078,3.529411765,Gasoline,0,
1734341821,<obd.OBDResponse.Status object at 0x7ce2a053edb0>,"('Open loop due to engine load OR fuel cut due to deceleration', '')",0,95,0,0.78125,30,1830.5,40,-8.5,51,10.98039216,"((), (False, False, False, False), (False, False, True, True))",0,India OBD II (IOBD II),408,1E+31,0,0,77.64705882,255,2568,100,1.27734375,462.9,1.11111E+31,<obd.OBDResponse.Status object at 0x7ce2a0534a10>,14.14,16.8627451,1.9988175,0.784313725,31,11.76470588,14.90196078,14.90196078,0.784313725,Gasoline,0,
1734341824,<obd.OBDResponse.Status object at 0x7ce2a0537d40>,"('Open loop due to engine load OR fuel cut due to deceleration', '')",33.7254902,95,0,0.78125,36,829,19,-3,52,12.54901961,"((), (False, False, False, False), (False, False, True, True))",0.03,India OBD II (IOBD II),411,1E+31,0,0.392156863,77.64705882,255,2568,100,0.0390625,458.5,1.11111E+31,<obd.OBDResponse.Status object at 0x7ce2a05340e0>,14.02,23.1372549,1.065548,1.960784314,31,12.54901961,14.90196078,14.90196078,2.745098039,Gasoline,0,
1734341827,<obd.OBDResponse.Status object at 0x7ce2a053eae0>,"('Closed loop, using oxygen sensor feedback to determine fuel mix', '')",36.07843137,96,0,0,37,801,12,-2.5,52,12.54901961,"((), (False, False, False, False), (False, False, True, True))",0.1,India OBD II (IOBD II),414,1E+31,0,4.31372549,77.64705882,255,2568,100,-0.20703125,455.6,1.11111E+31,<obd.OBDResponse.Status object at 0x7ce2a053cad0>,14.06,24.31372549,0.902068,2.352941176,31,12.94117647,14.90196078,14.90196078,2.745098039,Gasoline,0,
1734341830,<obd.OBDResponse.Status object at 0x7ce2a0e974a0>,"('Closed loop, using oxygen sensor feedback to determine fuel mix', '')",47.45098039,96,-0.78125,1.5625,69,1081,15,9.5,52,17.25490196,"((), (False, False, False, False), (False, False, True, True))",0.205,India OBD II (IOBD II),417,1E+31,0,32.54901961,77.64705882,255,2568,100,-0.2265625,450.8,1.11111E+31,<obd.OBDResponse.Status object at 0x7ce2a053d910>,14.08,47.84313725,0.918416,7.058823529,31,17.64705882,29.01960784,29.01960784,9.019607843,Gasoline,0,
1734341833,<obd.OBDResponse.Status object at 0x7ce2a0521ac0>,"('Closed loop, using oxygen sensor feedback to determine fuel mix', '')",23.52941176,97,-0.78125,1.5625,50,1564.5,22,6,50,13.33333333,"((), (False, False, False, False), (False, False, True, True))",0.76,India OBD II (IOBD II),421,1E+31,0,38.03921569,77.64705882,255,2568,100,0.04296875,448.4,1.11111E+31,<obd.OBDResponse.Status object at 0x7ce2a05208c0>,14.08,17.25490196,0.999424,3.137254902,31,13.33333333,14.90196078,14.90196078,1.568627451,Gasoline,0,
1734341837,<obd.OBDResponse.Status object at 0x7ce2a0534e30>,"('Open loop due to engine load OR fuel cut due to deceleration', '')",21.56862745,97,0,-0.78125,27,787.5,19,4.5,50,11.37254902,"((), (False, False, False, False), (False, False, True, True))",0.76,India OBD II (IOBD II),424,1E+31,0,1.568627451,77.64705882,255,2568,100,-0.0234375,445.9,1.11111E+31,<obd.OBDResponse.Status object at 0x7ce2a053d7c0>,14.06,17.25490196,1.007964,1.176470588,31,11.76470588,14.90196078,15.29411765,1.568627451,Gasoline,0,
1734341840,<obd.OBDResponse.Status object at 0x7ce2a0522ea0>,"('Closed loop, using oxygen sensor feedback to determine fuel mix', '')",21.96078431,98,-3.90625,-0.78125,28,792,11,4.5,51,11.76470588,"((), (False, False, False, False), (False, False, True, True))",0.755,India OBD II (IOBD II),427,1E+31,0,5.098039216,77.64705882,255,2568,100,-0.03515625,444.8,1.11111E+31,<obd.OBDResponse.Status object at 0x7ce2a0e6a780>,14.04,21.56862745,0.994544,7.843137255,31,24.31372549,23.92156863,26.2745098,0,Gasoline,0,
1734341843,<obd.OBDResponse.Status object at 0x7ce2a053cda0>,"('Closed loop, using oxygen sensor feedback to determine fuel mix', '')",100,98,-4.6875,1.5625,100,844,14,-25,51,10.98039216,"((), (False, False, False, False), (False, False, True, True))",0.735,India OBD II (IOBD II),430,1E+31,0,1.568627451,77.64705882,255,2568,100,-0.03125,442.9,1.11111E+31,<obd.OBDResponse.Status object at 0x7ce2a0e69a60>,14.28,36.07843137,0.999424,11.37254902,31,21.56862745,32.54901961,32.54901961,18.82352941,Gasoline,0,
1734341846,<obd.OBDResponse.Status object at 0x7ce2a0520b90>,"('Closed loop, using oxygen sensor feedback to determine fuel mix', '')",51.37254902,99,0.78125,1.5625,104,1579.5,23,3,49,57.64705882,"((), (False, False, False, False), (False, False, True, True))",0.715,India OBD II (IOBD II),433,1E+31,0,98.03921569,77.64705882,255,2568,100,-0.01171875,454.6,1.11111E+31,<obd.OBDResponse.Status object at 0x7ce2a0e97710>,14.18,41.17647059,0.999424,0.392156863,31,10.98039216,14.50980392,14.90196078,4.705882353,Gasoline,0,
1734341849,<obd.OBDResponse.Status object at 0x7ce2a053d670>,"('Closed loop, using oxygen sensor feedback to determine fuel mix', '')",51.76470588,99,-0.78125,1.5625,97,1342.5,30,6.5,49,21.17647059,"((), (False, False, False, False), (False, False, True, True))",0.72,India OBD II (IOBD II),436,1E+31,0,2.745098039,77.64705882,255,2568,100,-0.05859375,462.4,1.11111E+31,<obd.OBDResponse.Status object at 0x7ce2a0e6bce0>,14.1,34.50980392,0.999424,5.490196078,31,16.47058824,27.05882353,27.05882353,7.450980392,Gasoline,0,
1734341852,<obd.OBDResponse.Status object at 0x7ce2a0523d40>,"('Closed loop, using oxygen sensor feedback to determine fuel mix', '')",21.96078431,99,-2.34375,1.5625,55,1592,35,18,49,16.8627451,"((), (False, False, False, False), (False, False, True, True))",0.705,India OBD II (IOBD II),439,1E+31,0,16.47058824,77.64705882,255,2568,100,-0.01171875,465.1,1.11111E+31,<obd.OBDResponse.Status object at 0x7ce2a0522e40>,14.12,34.50980392,0.999424,1.960784314,31,13.7254902,18.43137255,18.43137255,4.705882353,Gasoline,0,
1734341855,<obd.OBDResponse.Status object at 0x7ce2a05222d0>,"('Closed loop, using oxygen sensor feedback to determine fuel mix', '')",36.8627451,98,-2.34375,1.5625,82,1301,38,13.5,50,19.21568627,"((), (False, False, False, False), (False, False, True, True))",0.705,India OBD II (IOBD II),443,1E+31,0,3.137254902,77.64705882,255,2568,100,0,464.7,1.11111E+31,<obd.OBDResponse.Status object at 0x7ce2a053ebd0>,14.12,48.62745098,0.999424,7.843137255,31,18.82352941,30.98039216,30.98039216,9.019607843,Gasoline,0,
1734341859,<obd.OBDResponse.Status object at 0x7ce2a0520f20>,"('Closed loop, using oxygen sensor feedback to determine fuel mix', '')",30.98039216,98,-1.5625,1.5625,68,1446.5,42,13.5,49,17.64705882,"((), (False, False, False, False), (False, False, True, True))",0.7,India OBD II (IOBD II),446,1E+31,0,18.03921569,77.64705882,255,2568,100,-0.03515625,466.3,1.11111E+31,<obd.OBDResponse.Status object at 0x7ce2a0521bb0>,14.04,41.17647059,0.999424,7.058823529,31,17.25490196,27.05882353,27.05882353,8.62745098,Gasoline,0,
1734341862,<obd.OBDResponse.Status object at 0x7ce2a053f560>,"('Closed loop, using oxygen sensor feedback to determine fuel mix', '')",25.09803922,98,-0.78125,1.5625,58,1510,44,17,49,16.8627451,"((), (False, False, False, False), (False, False, True, True))",0.695,India OBD II (IOBD II),449,1E+31,0,55.29411765,77.64705882,255,2568,100,-0.01171875,467.1,1.11111E+31,<obd.OBDResponse.Status object at 0x7ce2a0520980>,14.06,36.8627451,0.999424,6.274509804,31,16.8627451,25.88235294,25.88235294,7.843137255,Gasoline,0,
1734341865,<obd.OBDResponse.Status object at 0x7ce2a0539c40>,"('Closed loop, using oxygen sensor feedback to determine fuel mix', '')",22.74509804,98,-0.78125,1.5625,51,1559,45,19.5,49,14.90196078,"((), (False, False, False, False), (False, False, True, True))",0.695,India OBD II (IOBD II),452,1E+31,0,50.19607843,77.64705882,255,2568,100,0.00390625,467.7,1.11111E+31,<obd.OBDResponse.Status object at 0x7ce2a05397c0>,14.1,27.05882353,0.999424,4.31372549,31,14.90196078,25.09803922,25.09803922,5.882352941,Gasoline,0,
1734341868,<obd.OBDResponse.Status object at 0x7ce2a0ebd9d0>,"('Closed loop, using oxygen sensor feedback to determine fuel mix', '')",7.843137255,97,-0.78125,-1.5625,40,1582,46,23,49,12.15686275,"((), (False, False, False, False), (False, False, True, True))",0.695,India OBD II (IOBD II),455,1E+31,0,26.66666667,77.64705882,255,2568,100,0.015625,467.4,1.11111E+31,<obd.OBDResponse.Status object at 0x7ce2a0521550>,14.12,23.1372549,0.999424,1.176470588,31,12.54901961,21.56862745,21.56862745,1.568627451,Gasoline,0,
1734341871,<obd.OBDResponse.Status object at 0x7ce2a0539bb0>,"('Closed loop, using oxygen sensor feedback to determine fuel mix', '')",7.058823529,97,-3.125,-1.5625,40,1540,45,26,51,11.76470588,"((), (False, False, False, False), (False, False, True, True))",0.695,India OBD II (IOBD II),458,1E+31,0,32.94117647,77.64705882,255,2569,100,0.00390625,466.4,1.11111E+31,<obd.OBDResponse.Status object at 0x7ce2a04e20c0>,14.12,21.96078431,0.999424,1.568627451,31,12.15686275,21.56862745,21.56862745,2.352941176,Gasoline,0,
1734341874,<obd.OBDResponse.Status object at 0x7ce2a05231a0>,"('Closed loop, using oxygen sensor feedback to determine fuel mix', '')",7.058823529,97,-0.78125,-1.5625,45,1518,44,27,52,11.76470588,"((), (False, False, False, False), (False, False, True, True))",0.695,India OBD II (IOBD II),461,1E+31,0,47.05882353,77.64705882,255,2569,100,-0.0234375,465.4,1.11111E+31,<obd.OBDResponse.Status object at 0x7ce2a04e1bb0>,14.08,35.29411765,0.999424,3.529411765,31,13.7254902,21.96078431,21.96078431,3.529411765,Gasoline,0,
1734341877,<obd.OBDResponse.Status object at 0x7ce2a053a1e0>,"('Closed loop, using oxygen sensor feedback to determine fuel mix', '')",15.68627451,98,-3.125,-0.78125,88,1492,43,9.5,52,17.25490196,"((), (False, False, False, False), (False, False, True, True))",0.69,India OBD II (IOBD II),464,1E+31,0,0,77.64705882,255,2569,100,0.0078125,464.4,1.11111E+31,<obd.OBDResponse.Status object at 0x7ce2a0520d40>,14.08,56.8627451,0.999424,7.843137255,31,18.43137255,25.09803922,24.70588235,9.803921569,Gasoline,0,
