ABSOLUTE_LOAD,ACCELERATOR_POS_D,ACCELERATOR_POS_E,BAROMETRIC_PRESSURE,CALIBRATION_ID,CATALYST_TEMP_B1S1,CLEAR_DTC,COMMANDED_EQUIV_RATIO,CONTROL_MODULE_VOLTAGE,COOLANT_TEMP,CVN,DISTANCE_SINCE_DTC_CLEAR,DISTANCE_W_MIL,DTC_ABSOLUTE_LOAD,DTC_ACCELERATOR_POS_D,DTC_ACCELERATOR_POS_E,DTC_BAROMETRIC_PRESSURE,DTC_CATALYST_TEMP_B1S1,DTC_COMMANDED_EQUIV_RATIO,DTC_CONTROL_MODULE_VOLTAGE,DTC_COOLANT_TEMP,DTC_DISTANCE_SINCE_DTC_CLEAR,DTC_DISTANCE_W_MIL,DTC_ENGINE_LOAD,DTC_EVAPORATIVE_PURGE,DTC_FUEL_STATUS,DTC_FUEL_TYPE,DTC_INTAKE_PRESSURE,DTC_INTAKE_TEMP,DTC_LONG_FUEL_TRIM_1,DTC_O2_B1S2,DTC_O2_S1_WR_CURRENT,DTC_O2_SENSORS,DTC_OBD_COMPLIANCE,DTC_PIDS_B,DTC_PIDS_C,DTC_RELATIVE_THROTTLE_POS,DTC_RPM,DTC_RUN_TIME,DTC_SHORT_FUEL_TRIM_1,DTC_SPEED,DTC_STATUS,DTC_THROTTLE_ACTUATOR,DTC_THROTTLE_POS,DTC_THROTTLE_POS_B,DTC_TIMING_ADVANCE,DTC_WARMUPS_SINCE_DTC_CLEAR,ELM_VERSION,ELM_VOLTAGE,ENGINE_LOAD,EVAPORATIVE_PURGE,FUEL_STATUS,FUEL_TYPE,GET_CURRENT_DTC,GET_DTC,INTAKE_PRESSURE,INTAKE_TEMP,LONG_FUEL_TRIM_1,MIDS_A,MIDS_B,MIDS_C,MIDS_D,MIDS_E,MIDS_F,MONITOR_CATALYST_B1,MONITOR_MISFIRE_CYLINDER_1,MONITOR_MISFIRE_CYLINDER_2,MONITOR_MISFIRE_CYLINDER_3,MONITOR_MISFIRE_CYLINDER_4,MONITOR_O2_B1S1,MONITOR_O2_B1S2,O2_B1S2,O2_S1_WR_CURRENT,O2_SENSORS,OBD_COMPLIANCE,PIDS_9A,PIDS_A,PIDS_B,PIDS_C,RELATIVE_THROTTLE_POS,RPM,RUN_TIME,SHORT_FUEL_TRIM_1,SPEED,STATUS,THROTTLE_ACTUATOR,THROTTLE_POS,THROTTLE_POS_B,TIMING_ADVANCE,VIN,WARMUPS_SINCE_DTC_CLEAR
66.27450980392157 percent,29.019607843137255 percent,14.509803921568627 percent,0 kilopascal,bytearray(b'37805-5V6-D6'),575.2 degree_Celsius,,1.019188 ratio,14.142 volt,80 degree_Celsius,f02cf04a,5102.0 kilometer,27.0 kilometer,,,,,,,,,,,,,,,,,,,,,,,,,,,,,,,,,,,ELM327 v1.5,14.2 volt,64.31372549019608 percent,79.6078431372549 percent,"('Closed loop, using oxygen sensor feedback to determine fuel mix', '')",Gasoline,[],"[('P0138', 'O2 Sensor Circuit High Voltage')]",60 kilopascal,38 degree_Celsius,9.375 percent,11000000000000000000000000000001,10000000000000000000000000000001,00000000000000000000000000000001,00000000000000000000000000000001,00000000000000000000000000000001,01111000000000000000000000000000,Unknown : 0.0 volt [PASSED],"Average misfire counts for last ten driving cycles : 0.0 count [PASSED]
Misfire counts for last/current driving cycles : 0.0 count [PASSED]","Average misfire counts for last ten driving cycles : 0.0 count [PASSED]
Misfire counts for last/current driving cycles : 0.0 count [PASSED]","Average misfire counts for last ten driving cycles : 0.0 count [PASSED]
Misfire counts for last/current driving cycles : 0.0 count [PASSED]","Average misfire counts for last ten driving cycles : 0.0 count [PASSED]
Misfire counts for last/current driving cycles : 0.0 count [PASSED]",,,0.735 volt,-0.0078125 milliampere,"((), (False, False, False, False), (False, False, True, True))",India OBD II (IOBD II),0101010001000000000000000000000000000000,10111110001111101010100000010011,10000000000001011011000000010001,01111010110100001000000000000000,5.098039215686274 percent,1021.0 revolutions_per_minute,544.0 second,7.8125 percent,47.0 kilometer_per_hour,<obd.OBDResponse.Status object at 0x788289b23290>,5.098039215686274 percent,15.294117647058824 percent,32.15686274509804 percent,18.0 degree,bytearray(b'MAKGK785FG4100583'),255.0 count
36.07843137254902 percent,21.568627450980394 percent,10.588235294117647 percent,0 kilopascal,bytearray(b'37805-5V6-D6'),577.3000000000001 degree_Celsius,,1.0304119999999999 ratio,14.272 volt,80 degree_Celsius,f02cf04a,5102.0 kilometer,27.0 kilometer,,,,,,,,,,,,,,,,,,,,,,,,,,,,,,,,,,,ELM327 v1.5,14.3 volt,31.764705882352942 percent,30.58823529411765 percent,"('Closed loop, using oxygen sensor feedback to determine fuel mix', '')",Gasoline,[],"[('P0138', 'O2 Sensor Circuit High Voltage')]",32 kilopascal,38 degree_Celsius,9.375 percent,11000000000000000000000000000001,10000000000000000000000000000001,00000000000000000000000000000001,00000000000000000000000000000001,00000000000000000000000000000001,01111000000000000000000000000000,Unknown : 0.0 volt [PASSED],"Average misfire counts for last ten driving cycles : 0.0 count [PASSED]
Misfire counts for last/current driving cycles : 0.0 count [PASSED]","Average misfire counts for last ten driving cycles : 0.0 count [PASSED]
Misfire counts for last/current driving cycles : 0.0 count [PASSED]","Average misfire counts for last ten driving cycles : 0.0 count [PASSED]
Misfire counts for last/current driving cycles : 0.0 count [PASSED]","Average misfire counts for last ten driving cycles : 0.0 count [PASSED]
Misfire counts for last/current driving cycles : 0.0 count [PASSED]",,Unknown : 0.715 volt [PASSED],0.715 volt,0.04296875 milliampere,"((), (False, False, False, False), (False, False, True, True))",India OBD II (IOBD II),0101010001000000000000000000000000000000,10111110001111101010100000010011,10000000000001011011000000010001,01111010110100001000000000000000,3.9215686274509802 percent,1132.0 revolutions_per_minute,549.0 second,0.0 percent,48.0 kilometer_per_hour,<obd.OBDResponse.Status object at 0x788289b26090>,4.313725490196078 percent,14.901960784313726 percent,31.764705882352942 percent,-25.0 degree,bytearray(b'MAKGK785FG4100583'),255.0 count
23.137254901960784 percent,19.215686274509803 percent,9.803921568627452 percent,0 kilopascal,bytearray(b'37805-5V6-D6'),573.4 degree_Celsius,,1.9988175 ratio,14.292 volt,80 degree_Celsius,f02cf04a,5102.0 kilometer,27.0 kilometer,,,,,,,,,,,,,,,,,,,,,,,,,,,,,,,,,,,ELM327 v1.5,14.3 volt,23.529411764705884 percent,0.0 percent,"('Open loop due to engine load OR fuel cut due to deceleration', '')",Gasoline,[],"[('P0138', 'O2 Sensor Circuit High Voltage')]",24 kilopascal,38 degree_Celsius,9.375 percent,11000000000000000000000000000001,10000000000000000000000000000001,00000000000000000000000000000001,00000000000000000000000000000001,00000000000000000000000000000001,01111000000000000000000000000000,Unknown : 0.0 volt [PASSED],"Average misfire counts for last ten driving cycles : 0.0 count [PASSED]
Misfire counts for last/current driving cycles : 0.0 count [PASSED]","Average misfire counts for last ten driving cycles : 0.0 count [PASSED]
Misfire counts for last/current driving cycles : 0.0 count [PASSED]","Average misfire counts for last ten driving cycles : 0.0 count [PASSED]
Misfire counts for last/current driving cycles : 0.0 count [PASSED]","Average misfire counts for last ten driving cycles : 0.0 count [PASSED]
Misfire counts for last/current driving cycles : 0.0 count [PASSED]",,,0.0 volt,1.4765625 milliampere,"((), (False, False, False, False), (False, False, True, True))",India OBD II (IOBD II),0101010001000000000000000000000000000000,10111110001111101010100000010011,10000000000001011011000000010001,01111010110100001000000000000000,7.0588235294117645 percent,1286.0 revolutions_per_minute,553.0 second,0.0 percent,38.0 kilometer_per_hour,<obd.OBDResponse.Status object at 0x788289b27b90>,9.411764705882353 percent,18.03921568627451 percent,34.90196078431372 percent,6.0 degree,bytearray(b'MAKGK785FG4100583'),255.0 count
44.31372549019608 percent,26.666666666666668 percent,13.333333333333334 percent,0 kilopascal,bytearray(b'37805-5V6-D6'),566.6 degree_Celsius,,0.9352214999999999 ratio,14.235 volt,80 degree_Celsius,f02cf04a,5102.0 kilometer,27.0 kilometer,,,,,,,,,,,,,,,,,,,,,,,,,,,,,,,,,,,ELM327 v1.5,14.3 volt,71.37254901960785 percent,45.88235294117647 percent,"('Closed loop, using oxygen sensor feedback to determine fuel mix', '')",Gasoline,[],"[('P0138', 'O2 Sensor Circuit High Voltage')]",74 kilopascal,38 degree_Celsius,9.375 percent,11000000000000000000000000000001,10000000000000000000000000000001,00000000000000000000000000000001,00000000000000000000000000000001,00000000000000000000000000000001,01111000000000000000000000000000,Unknown : 0.0 volt [PASSED],"Average misfire counts for last ten driving cycles : 0.0 count [PASSED]
Misfire counts for last/current driving cycles : 0.0 count [PASSED]","Average misfire counts for last ten driving cycles : 0.0 count [PASSED]
Misfire counts for last/current driving cycles : 0.0 count [PASSED]","Average misfire counts for last ten driving cycles : 0.0 count [PASSED]
Misfire counts for last/current driving cycles : 0.0 count [PASSED]","Average misfire counts for last ten driving cycles : 0.0 count [PASSED]
Misfire counts for last/current driving cycles : 0.0 count [PASSED]",,,0.685 volt,-0.15234375 milliampere,"((), (False, False, False, False), (False, False, True, True))",India OBD II (IOBD II),0101010001000000000000000000000000000000,10111110001111101010100000010011,10000000000001011011000000010001,01111010110100001000000000000000,16.07843137254902 percent,1526.0 revolutions_per_minute,557.0 second,12.5 percent,42.0 kilometer_per_hour,<obd.OBDResponse.Status object at 0x788289b31c90>,12.156862745098039 percent,19.607843137254903 percent,35.294117647058826 percent,16.0 degree,bytearray(b'MAKGK785FG4100583'),255.0 count
57.254901960784316 percent,25.49019607843137 percent,12.941176470588236 percent,0 kilopascal,bytearray(b'37805-5V6-D6'),574.7 degree_Celsius,,1.013759 ratio,13.64 volt,80 degree_Celsius,f02cf04a,5102.0 kilometer,27.0 kilometer,,,,,,,,,,,,,,,,,,,,,,,,,,,,,,,,,,,ELM327 v1.5,14.0 volt,52.94117647058823 percent,56.86274509803921 percent,"('Closed loop, using oxygen sensor feedback to determine fuel mix', '')",Gasoline,[],"[('P0138', 'O2 Sensor Circuit High Voltage')]",54 kilopascal,38 degree_Celsius,9.375 percent,11000000000000000000000000000001,10000000000000000000000000000001,00000000000000000000000000000001,00000000000000000000000000000001,00000000000000000000000000000001,01111000000000000000000000000000,Unknown : 0.0 volt [PASSED],"Average misfire counts for last ten driving cycles : 0.0 count [PASSED]
Misfire counts for last/current driving cycles : 0.0 count [PASSED]","Average misfire counts for last ten driving cycles : 0.0 count [PASSED]
Misfire counts for last/current driving cycles : 0.0 count [PASSED]","Average misfire counts for last ten driving cycles : 0.0 count [PASSED]
Misfire counts for last/current driving cycles : 0.0 count [PASSED]","Average misfire counts for last ten driving cycles : 0.0 count [PASSED]
Misfire counts for last/current driving cycles : 0.0 count [PASSED]",,,0.745 volt,0.046875 milliampere,"((), (False, False, False, False), (False, False, True, True))",India OBD II (IOBD II),0101010001000000000000000000000000000000,10111110001111101010100000010011,10000000000001011011000000010001,01111010110100001000000000000000,7.8431372549019605 percent,1144.0 revolutions_per_minute,561.0 second,7.8125 percent,44.0 kilometer_per_hour,<obd.OBDResponse.Status object at 0x788289b3d2d0>,8.235294117647058 percent,17.647058823529413 percent,34.11764705882353 percent,17.5 degree,bytearray(b'MAKGK785FG4100583'),255.0 count
53.333333333333336 percent,27.058823529411764 percent,13.72549019607843 percent,0 kilopascal,bytearray(b'37805-5V6-D6'),574.4000000000001 degree_Celsius,,1.027484 ratio,14.342 volt,80 degree_Celsius,f02cf04a,5102.0 kilometer,27.0 kilometer,,,,,,,,,,,,,,,,,,,,,,,,,,,,,,,,,,,ELM327 v1.5,14.3 volt,57.254901960784316 percent,59.21568627450981 percent,"('Closed loop, using oxygen sensor feedback to determine fuel mix', '')",Gasoline,[],"[('P0138', 'O2 Sensor Circuit High Voltage')]",60 kilopascal,38 degree_Celsius,9.375 percent,11000000000000000000000000000001,10000000000000000000000000000001,00000000000000000000000000000001,00000000000000000000000000000001,00000000000000000000000000000001,01111000000000000000000000000000,Unknown : 0.0 volt [PASSED],"Average misfire counts for last ten driving cycles : 0.0 count [PASSED]
Misfire counts for last/current driving cycles : 0.0 count [PASSED]","Average misfire counts for last ten driving cycles : 0.0 count [PASSED]
Misfire counts for last/current driving cycles : 0.0 count [PASSED]","Average misfire counts for last ten driving cycles : 0.0 count [PASSED]
Misfire counts for last/current driving cycles : 0.0 count [PASSED]","Average misfire counts for last ten driving cycles : 0.0 count [PASSED]
Misfire counts for last/current driving cycles : 0.0 count [PASSED]",,,0.715 volt,0.0546875 milliampere,"((), (False, False, False, False), (False, False, True, True))",India OBD II (IOBD II),0101010001000000000000000000000000000000,10111110001111101010100000010011,10000000000001011011000000010001,01111010110100001000000000000000,8.627450980392156 percent,1213.0 revolutions_per_minute,565.0 second,9.375 percent,44.0 kilometer_per_hour,<obd.OBDResponse.Status object at 0x788289b3f590>,9.803921568627452 percent,18.431372549019606 percent,34.90196078431372 percent,17.0 degree,bytearray(b'MAKGK785FG4100583'),255.0 count
59.6078431372549 percent,27.45098039215686 percent,13.72549019607843 percent,0 kilopascal,bytearray(b'37805-5V6-D6'),575.6 degree_Celsius,,1.023458 ratio,14.21 volt,80 degree_Celsius,f02cf04a,5102.0 kilometer,27.0 kilometer,,,,,,,,,,,,,,,,,,,,,,,,,,,,,,,,,,,ELM327 v1.5,14.3 volt,68.23529411764706 percent,75.29411764705883 percent,"('Closed loop, using oxygen sensor feedback to determine fuel mix', '')",Gasoline,[],"[('P0138', 'O2 Sensor Circuit High Voltage')]",70 kilopascal,38 degree_Celsius,9.375 percent,11000000000000000000000000000001,10000000000000000000000000000001,00000000000000000000000000000001,00000000000000000000000000000001,00000000000000000000000000000001,01111000000000000000000000000000,Unknown : 0.0 volt [PASSED],"Average misfire counts for last ten driving cycles : 0.0 count [PASSED]
Misfire counts for last/current driving cycles : 0.0 count [PASSED]","Average misfire counts for last ten driving cycles : 0.0 count [PASSED]
Misfire counts for last/current driving cycles : 0.0 count [PASSED]","Average misfire counts for last ten driving cycles : 0.0 count [PASSED]
Misfire counts for last/current driving cycles : 0.0 count [PASSED]","Average misfire counts for last ten driving cycles : 0.0 count [PASSED]
Misfire counts for last/current driving cycles : 0.0 count [PASSED]",,,0.59 volt,-0.00390625 milliampere,"((), (False, False, False, False), (False, False, True, True))",India OBD II (IOBD II),0101010001000000000000000000000000000000,10111110001111101010100000010011,10000000000001011011000000010001,01111010110100001000000000000000,10.980392156862745 percent,1335.0 revolutions_per_minute,569.0 second,10.15625 percent,45.0 kilometer_per_hour,<obd.OBDResponse.Status object at 0x788289b416d0>,11.764705882352942 percent,19.607843137254903 percent,36.07843137254902 percent,13.5 degree,bytearray(b'MAKGK785FG4100583'),255.0 count
66.27450980392157 percent,28.627450980392158 percent,14.509803921568627 percent,0 kilopascal,bytearray(b'37805-5V6-D6'),581.7 degree_Celsius,,1.002474 ratio,14.192 volt,80 degree_Celsius,f02cf04a,5102.0 kilometer,27.0 kilometer,,,,,,,,,,,,,,,,,,,,,,,,,,,,,,,,,,,ELM327 v1.5,14.3 volt,61.1764705882353 percent,66.27450980392157 percent,"('Closed loop, using oxygen sensor feedback to determine fuel mix', '')",Gasoline,[],"[('P0138', 'O2 Sensor Circuit High Voltage')]",58 kilopascal,38 degree_Celsius,9.375 percent,11000000000000000000000000000001,10000000000000000000000000000001,00000000000000000000000000000001,00000000000000000000000000000001,00000000000000000000000000000001,01111000000000000000000000000000,Unknown : 0.0 volt [PASSED],"Average misfire counts for last ten driving cycles : 0.0 count [PASSED]
Misfire counts for last/current driving cycles : 0.0 count [PASSED]","Average misfire counts for last ten driving cycles : 0.0 count [PASSED]
Misfire counts for last/current driving cycles : 0.0 count [PASSED]","Average misfire counts for last ten driving cycles : 0.0 count [PASSED]
Misfire counts for last/current driving cycles : 0.0 count [PASSED]","Average misfire counts for last ten driving cycles : 0.0 count [PASSED]
Misfire counts for last/current driving cycles : 0.0 count [PASSED]",,Unknown : 0.582 volt [PASSED],0.58 volt,-0.0078125 milliampere,"((), (False, False, False, False), (False, False, True, True))",India OBD II (IOBD II),0101010001000000000000000000000000000000,10111110001111101010100000010011,10000000000001011011000000010001,01111010110100001000000000000000,7.8431372549019605 percent,1134.0 revolutions_per_minute,573.0 second,7.8125 percent,43.0 kilometer_per_hour,<obd.OBDResponse.Status object at 0x788289b43d10>,8.235294117647058 percent,17.647058823529413 percent,34.11764705882353 percent,17.0 degree,bytearray(b'MAKGK785FG4100583'),255.0 count
51.76470588235294 percent,29.80392156862745 percent,14.901960784313726 percent,0 kilopascal,bytearray(b'37805-5V6-D6'),586.6 degree_Celsius,,0.996374 ratio,14.255 volt,80 degree_Celsius,f02cf04a,5102.0 kilometer,27.0 kilometer,,,,,,,,,,,,,,,,,,,,,,,,,,,,,,,,,,,ELM327 v1.5,14.3 volt,71.76470588235294 percent,85.88235294117646 percent,"('Closed loop, using oxygen sensor feedback to determine fuel mix', '')",Gasoline,[],"[('P0138', 'O2 Sensor Circuit High Voltage')]",73 kilopascal,37 degree_Celsius,9.375 percent,11000000000000000000000000000001,10000000000000000000000000000001,00000000000000000000000000000001,00000000000000000000000000000001,00000000000000000000000000000001,01111000000000000000000000000000,Unknown : 0.0 volt [PASSED],"Average misfire counts for last ten driving cycles : 0.0 count [PASSED]
Misfire counts for last/current driving cycles : 0.0 count [PASSED]","Average misfire counts for last ten driving cycles : 0.0 count [PASSED]
Misfire counts for last/current driving cycles : 0.0 count [PASSED]","Average misfire counts for last ten driving cycles : 0.0 count [PASSED]
Misfire counts for last/current driving cycles : 0.0 count [PASSED]","Average misfire counts for last ten driving cycles : 0.0 count [PASSED]
Misfire counts for last/current driving cycles : 0.0 count [PASSED]",,,0.555 volt,-0.01171875 milliampere,"((), (False, False, False, False), (False, False, True, True))",India OBD II (IOBD II),0101010001000000000000000000000000000000,10111110001111101010100000010011,10000000000001011011000000010001,01111010110100001000000000000000,10.980392156862745 percent,1337.0 revolutions_per_minute,577.0 second,8.59375 percent,47.0 kilometer_per_hour,<obd.OBDResponse.Status object at 0x788289b22010>,11.764705882352942 percent,20.0 percent,36.07843137254902 percent,13.0 degree,bytearray(b'MAKGK785FG4100583'),255.0 count
67.84313725490196 percent,29.019607843137255 percent,14.509803921568627 percent,0 kilopascal,bytearray(b'37805-5V6-D6'),600.7 degree_Celsius,,0.9931715 ratio,14.255 volt,80 degree_Celsius,f02cf04a,5102.0 kilometer,27.0 kilometer,,,,,,,,,,,,,,,,,,,,,,,,,,,,,,,,,,,ELM327 v1.5,14.3 volt,70.19607843137256 percent,85.49019607843137 percent,"('Closed loop, using oxygen sensor feedback to determine fuel mix', '')",Gasoline,[],"[('P0138', 'O2 Sensor Circuit High Voltage')]",72 kilopascal,37 degree_Celsius,9.375 percent,11000000000000000000000000000001,10000000000000000000000000000001,00000000000000000000000000000001,00000000000000000000000000000001,00000000000000000000000000000001,01111000000000000000000000000000,Unknown : 0.0 volt [PASSED],"Average misfire counts for last ten driving cycles : 0.0 count [PASSED]
Misfire counts for last/current driving cycles : 0.0 count [PASSED]","Average misfire counts for last ten driving cycles : 0.0 count [PASSED]
Misfire counts for last/current driving cycles : 0.0 count [PASSED]","Average misfire counts for last ten driving cycles : 0.0 count [PASSED]
Misfire counts for last/current driving cycles : 0.0 count [PASSED]","Average misfire counts for last ten driving cycles : 0.0 count [PASSED]
Misfire counts for last/current driving cycles : 0.0 count [PASSED]",,,0.54 volt,0.0 milliampere,"((), (False, False, False, False), (False, False, True, True))",India OBD II (IOBD II),0101010001000000000000000000000000000000,10111110001111101010100000010011,10000000000001011011000000010001,01111010110100001000000000000000,10.196078431372548 percent,1305.0 revolutions_per_minute,581.0 second,8.59375 percent,49.0 kilometer_per_hour,<obd.OBDResponse.Status object at 0x788289b4a550>,12.549019607843137 percent,20.392156862745097 percent,36.470588235294116 percent,11.0 degree,bytearray(b'MAKGK785FG4100583'),255.0 count
70.58823529411765 percent,29.41176470588235 percent,14.901960784313726 percent,0 kilopascal,bytearray(b'37805-5V6-D6'),610.8000000000001 degree_Celsius,,0.9876815 ratio,14.222 volt,80 degree_Celsius,f02cf04a,5102.0 kilometer,27.0 kilometer,,,,,,,,,,,,,,,,,,,,,,,,,,,,,,,,,,,ELM327 v1.5,14.2 volt,63.13725490196079 percent,63.92156862745098 percent,"('Closed loop, using oxygen sensor feedback to determine fuel mix', '')",Gasoline,[],"[('P0138', 'O2 Sensor Circuit High Voltage')]",59 kilopascal,37 degree_Celsius,9.375 percent,11000000000000000000000000000001,10000000000000000000000000000001,00000000000000000000000000000001,00000000000000000000000000000001,00000000000000000000000000000001,01111000000000000000000000000000,Unknown : 0.0 volt [PASSED],"Average misfire counts for last ten driving cycles : 0.0 count [PASSED]
Misfire counts for last/current driving cycles : 0.0 count [PASSED]","Average misfire counts for last ten driving cycles : 0.0 count [PASSED]
Misfire counts for last/current driving cycles : 0.0 count [PASSED]","Average misfire counts for last ten driving cycles : 0.0 count [PASSED]
Misfire counts for last/current driving cycles : 0.0 count [PASSED]","Average misfire counts for last ten driving cycles : 0.0 count [PASSED]
Misfire counts for last/current driving cycles : 0.0 count [PASSED]",,,0.525 volt,-0.0546875 milliampere,"((), (False, False, False, False), (False, False, True, True))",India OBD II (IOBD II),0101010001000000000000000000000000000000,10111110001111101010100000010011,10000000000001011011000000010001,01111010110100001000000000000000,5.882352941176471 percent,1061.0 revolutions_per_minute,586.0 second,7.8125 percent,44.0 kilometer_per_hour,<obd.OBDResponse.Status object at 0x788289b54690>,6.2745098039215685 percent,16.07843137254902 percent,32.94117647058823 percent,18.0 degree,bytearray(b'MAKGK785FG4100583'),255.0 count
40.78431372549019 percent,22.745098039215687 percent,11.372549019607844 percent,0 kilopascal,bytearray(b'37805-5V6-D6'),610.0 degree_Celsius,,0.9823135 ratio,14.242 volt,81 degree_Celsius,f02cf04a,5103.0 kilometer,27.0 kilometer,,,,,,,,,,,,,,,,,,,,,,,,,,,,,,,,,,,ELM327 v1.5,14.3 volt,38.431372549019606 percent,38.431372549019606 percent,"('Closed loop, using oxygen sensor feedback to determine fuel mix', '')",Gasoline,[],"[('P0138', 'O2 Sensor Circuit High Voltage')]",40 kilopascal,37 degree_Celsius,8.59375 percent,11000000000000000000000000000001,10000000000000000000000000000001,00000000000000000000000000000001,00000000000000000000000000000001,00000000000000000000000000000001,01111000000000000000000000000000,Unknown : 0.0 volt [PASSED],"Average misfire counts for last ten driving cycles : 0.0 count [PASSED]
Misfire counts for last/current driving cycles : 0.0 count [PASSED]","Average misfire counts for last ten driving cycles : 0.0 count [PASSED]
Misfire counts for last/current driving cycles : 0.0 count [PASSED]","Average misfire counts for last ten driving cycles : 0.0 count [PASSED]
Misfire counts for last/current driving cycles : 0.0 count [PASSED]","Average misfire counts for last ten driving cycles : 0.0 count [PASSED]
Misfire counts for last/current driving cycles : 0.0 count [PASSED]",,,0.435 volt,-0.05859375 milliampere,"((), (False, False, False, False), (False, False, True, True))",India OBD II (IOBD II),0101010001000000000000000000000000000000,10111110001111101010100000010011,10000000000001011011000000010001,01111010110100001000000000000000,8.235294117647058 percent,1132.0 revolutions_per_minute,590.0 second,7.8125 percent,41.0 kilometer_per_hour,<obd.OBDResponse.Status object at 0x788289b56790>,8.627450980392156 percent,17.647058823529413 percent,34.11764705882353 percent,17.5 degree,bytearray(b'MAKGK785FG4100583'),255.0 count
52.15686274509804 percent,27.45098039215686 percent,13.72549019607843 percent,0 kilopascal,bytearray(b'37805-5V6-D6'),602.9000000000001 degree_Celsius,,0.9795685 ratio,14.322000000000001 volt,81 degree_Celsius,f02cf04a,5103.0 kilometer,27.0 kilometer,,,,,,,,,,,,,,,,,,,,,,,,,,,,,,,,,,,ELM327 v1.5,14.1 volt,44.705882352941174 percent,45.09803921568628 percent,"('Closed loop, using oxygen sensor feedback to determine fuel mix', '')",Gasoline,[],"[('P0138', 'O2 Sensor Circuit High Voltage')]",45 kilopascal,37 degree_Celsius,8.59375 percent,11000000000000000000000000000001,10000000000000000000000000000001,00000000000000000000000000000001,00000000000000000000000000000001,00000000000000000000000000000001,01111000000000000000000000000000,Unknown : 0.0 volt [PASSED],"Average misfire counts for last ten driving cycles : 0.0 count [PASSED]
Misfire counts for last/current driving cycles : 0.0 count [PASSED]","Average misfire counts for last ten driving cycles : 0.0 count [PASSED]
Misfire counts for last/current driving cycles : 0.0 count [PASSED]","Average misfire counts for last ten driving cycles : 0.0 count [PASSED]
Misfire counts for last/current driving cycles : 0.0 count [PASSED]","Average misfire counts for last ten driving cycles : 0.0 count [PASSED]
Misfire counts for last/current driving cycles : 0.0 count [PASSED]",,,0.495 volt,-0.0390625 milliampere,"((), (False, False, False, False), (False, False, True, True))",India OBD II (IOBD II),0101010001000000000000000000000000000000,10111110001111101010100000010011,10000000000001011011000000010001,01111010110100001000000000000000,8.235294117647058 percent,1164.0 revolutions_per_minute,594.0 second,8.59375 percent,44.0 kilometer_per_hour,<obd.OBDResponse.Status object at 0x788289b648d0>,8.627450980392156 percent,17.647058823529413 percent,34.509803921568626 percent,17.5 degree,bytearray(b'MAKGK785FG4100583'),255.0 count
51.76470588235294 percent,23.92156862745098 percent,11.764705882352942 percent,0 kilopascal,bytearray(b'37805-5V6-D6'),600.0 degree_Celsius,,0.9815815 ratio,14.247 volt,81 degree_Celsius,f02cf04a,5103.0 kilometer,27.0 kilometer,,,,,,,,,,,,,,,,,,,,,,,,,,,,,,,,,,,ELM327 v1.5,14.3 volt,41.96078431372549 percent,43.13725490196079 percent,"('Closed loop, using oxygen sensor feedback to determine fuel mix', '')",Gasoline,[],"[('P0138', 'O2 Sensor Circuit High Voltage')]",44 kilopascal,37 degree_Celsius,8.59375 percent,11000000000000000000000000000001,10000000000000000000000000000001,00000000000000000000000000000001,00000000000000000000000000000001,00000000000000000000000000000001,01111000000000000000000000000000,Unknown : 0.0 volt [PASSED],"Average misfire counts for last ten driving cycles : 0.0 count [PASSED]
Misfire counts for last/current driving cycles : 0.0 count [PASSED]","Average misfire counts for last ten driving cycles : 0.0 count [PASSED]
Misfire counts for last/current driving cycles : 0.0 count [PASSED]","Average misfire counts for last ten driving cycles : 0.0 count [PASSED]
Misfire counts for last/current driving cycles : 0.0 count [PASSED]","Average misfire counts for last ten driving cycles : 0.0 count [PASSED]
Misfire counts for last/current driving cycles : 0.0 count [PASSED]",,,0.445 volt,-0.0703125 milliampere,"((), (False, False, False, False), (False, False, True, True))",India OBD II (IOBD II),0101010001000000000000000000000000000000,10111110001111101010100000010011,10000000000001011011000000010001,01111010110100001000000000000000,7.450980392156863 percent,1107.0 revolutions_per_minute,598.0 second,8.59375 percent,47.0 kilometer_per_hour,<obd.OBDResponse.Status object at 0x788289b669d0>,8.235294117647058 percent,17.254901960784313 percent,34.11764705882353 percent,18.0 degree,bytearray(b'MAKGK785FG4100583'),255.0 count
49.80392156862745 percent,26.666666666666668 percent,13.333333333333334 percent,0 kilopascal,bytearray(b'37805-5V6-D6'),593.2 degree_Celsius,,0.9802394999999999 ratio,14.222 volt,81 degree_Celsius,f02cf04a,5103.0 kilometer,27.0 kilometer,,,,,,,,,,,,,,,,,,,,,,,,,,,,,,,,,,,ELM327 v1.5,14.0 volt,64.31372549019608 percent,63.13725490196079 percent,"('Closed loop, using oxygen sensor feedback to determine fuel mix', '')",Gasoline,[],"[('P0138', 'O2 Sensor Circuit High Voltage')]",69 kilopascal,37 degree_Celsius,8.59375 percent,11000000000000000000000000000001,10000000000000000000000000000001,00000000000000000000000000000001,00000000000000000000000000000001,00000000000000000000000000000001,01111000000000000000000000000000,Unknown : 0.0 volt [PASSED],"Average misfire counts for last ten driving cycles : 0.0 count [PASSED]
Misfire counts for last/current driving cycles : 0.0 count [PASSED]","Average misfire counts for last ten driving cycles : 0.0 count [PASSED]
Misfire counts for last/current driving cycles : 0.0 count [PASSED]","Average misfire counts for last ten driving cycles : 0.0 count [PASSED]
Misfire counts for last/current driving cycles : 0.0 count [PASSED]","Average misfire counts for last ten driving cycles : 0.0 count [PASSED]
Misfire counts for last/current driving cycles : 0.0 count [PASSED]",,,0.68 volt,0.01171875 milliampere,"((), (False, False, False, False), (False, False, True, True))",India OBD II (IOBD II),0101010001000000000000000000000000000000,10111110001111101010100000010011,10000000000001011011000000010001,01111010110100001000000000000000,10.980392156862745 percent,1357.0 revolutions_per_minute,602.0 second,10.15625 percent,47.0 kilometer_per_hour,<obd.OBDResponse.Status object at 0x788289170b10>,12.156862745098039 percent,20.0 percent,36.07843137254902 percent,14.0 degree,bytearray(b'MAKGK785FG4100583'),255.0 count
66.27450980392157 percent,29.019607843137255 percent,14.509803921568627 percent,0 kilopascal,bytearray(b'37805-5V6-D6'),599.3000000000001 degree_Celsius,,1.010587 ratio,14.23 volt,81 degree_Celsius,f02cf04a,5103.0 kilometer,27.0 kilometer,,,,,,,,,,,,,,,,,,,,,,,,,,,,,,,,,,,ELM327 v1.5,14.1 volt,76.07843137254902 percent,90.98039215686275 percent,"('Closed loop, using oxygen sensor feedback to determine fuel mix', '')",Gasoline,[],"[('P0138', 'O2 Sensor Circuit High Voltage')]",79 kilopascal,37 degree_Celsius,8.59375 percent,11000000000000000000000000000001,10000000000000000000000000000001,00000000000000000000000000000001,00000000000000000000000000000001,00000000000000000000000000000001,01111000000000000000000000000000,Unknown : 0.0 volt [PASSED],"Average misfire counts for last ten driving cycles : 0.0 count [PASSED]
Misfire counts for last/current driving cycles : 0.0 count [PASSED]","Average misfire counts for last ten driving cycles : 0.0 count [PASSED]
Misfire counts for last/current driving cycles : 0.0 count [PASSED]","Average misfire counts for last ten driving cycles : 0.0 count [PASSED]
Misfire counts for last/current driving cycles : 0.0 count [PASSED]","Average misfire counts for last ten driving cycles : 0.0 count [PASSED]
Misfire counts for last/current driving cycles : 0.0 count [PASSED]",,Unknown : 0.649 volt [PASSED],0.64 volt,0.0234375 milliampere,"((), (False, False, False, False), (False, False, True, True))",India OBD II (IOBD II),0101010001000000000000000000000000000000,10111110001111101010100000010011,10000000000001011011000000010001,01111010110100001000000000000000,15.686274509803921 percent,1570.0 revolutions_per_minute,606.0 second,10.9375 percent,49.0 kilometer_per_hour,<obd.OBDResponse.Status object at 0x788289173150>,16.862745098039216 percent,23.137254901960784 percent,38.8235294117647 percent,9.5 degree,bytearray(b'MAKGK785FG4100583'),255.0 count
78.0392156862745 percent,32.15686274509804 percent,16.07843137254902 percent,0 kilopascal,bytearray(b'37805-5V6-D6'),615.6 degree_Celsius,,1.014735 ratio,14.16 volt,81 degree_Celsius,f02cf04a,5103.0 kilometer,27.0 kilometer,,,,,,,,,,,,,,,,,,,,,,,,,,,,,,,,,,,ELM327 v1.5,14.2 volt,70.19607843137256 percent,67.05882352941177 percent,"('Closed loop, using oxygen sensor feedback to determine fuel mix', '')",Gasoline,[],"[('P0138', 'O2 Sensor Circuit High Voltage')]",72 kilopascal,37 degree_Celsius,8.59375 percent,11000000000000000000000000000001,10000000000000000000000000000001,00000000000000000000000000000001,00000000000000000000000000000001,00000000000000000000000000000001,01111000000000000000000000000000,Unknown : 0.0 volt [PASSED],"Average misfire counts for last ten driving cycles : 0.0 count [PASSED]
Misfire counts for last/current driving cycles : 0.0 count [PASSED]","Average misfire counts for last ten driving cycles : 0.0 count [PASSED]
Misfire counts for last/current driving cycles : 0.0 count [PASSED]","Average misfire counts for last ten driving cycles : 0.0 count [PASSED]
Misfire counts for last/current driving cycles : 0.0 count [PASSED]","Average misfire counts for last ten driving cycles : 0.0 count [PASSED]
Misfire counts for last/current driving cycles : 0.0 count [PASSED]",,,0.625 volt,-0.0390625 milliampere,"((), (False, False, False, False), (False, False, True, True))",India OBD II (IOBD II),0101010001000000000000000000000000000000,10111110001111101010100000010011,10000000000001011011000000010001,01111010110100001000000000000000,6.2745098039215685 percent,1015.0 revolutions_per_minute,610.0 second,7.8125 percent,50.0 kilometer_per_hour,<obd.OBDResponse.Status object at 0x788289174f90>,8.627450980392156 percent,17.647058823529413 percent,34.11764705882353 percent,16.0 degree,bytearray(b'MAKGK785FG4100583'),255.0 count
51.372549019607845 percent,26.274509803921568 percent,13.333333333333334 percent,0 kilopascal,bytearray(b'37805-5V6-D6'),623.7 degree_Celsius,,1.0083605 ratio,14.285 volt,81 degree_Celsius,f02cf04a,5103.0 kilometer,27.0 kilometer,,,,,,,,,,,,,,,,,,,,,,,,,,,,,,,,,,,ELM327 v1.5,14.1 volt,64.70588235294117 percent,63.92156862745098 percent,"('Closed loop, using oxygen sensor feedback to determine fuel mix', '')",Gasoline,[],"[('P0138', 'O2 Sensor Circuit High Voltage')]",66 kilopascal,37 degree_Celsius,8.59375 percent,11000000000000000000000000000001,10000000000000000000000000000001,00000000000000000000000000000001,00000000000000000000000000000001,00000000000000000000000000000001,01111000000000000000000000000000,Unknown : 0.0 volt [PASSED],"Average misfire counts for last ten driving cycles : 0.0 count [PASSED]
Misfire counts for last/current driving cycles : 0.0 count [PASSED]","Average misfire counts for last ten driving cycles : 0.0 count [PASSED]
Misfire counts for last/current driving cycles : 0.0 count [PASSED]","Average misfire counts for last ten driving cycles : 0.0 count [PASSED]
Misfire counts for last/current driving cycles : 0.0 count [PASSED]","Average misfire counts for last ten driving cycles : 0.0 count [PASSED]
Misfire counts for last/current driving cycles : 0.0 count [PASSED]",,,0.605 volt,0.015625 milliampere,"((), (False, False, False, False), (False, False, True, True))",India OBD II (IOBD II),0101010001000000000000000000000000000000,10111110001111101010100000010011,10000000000001011011000000010001,01111010110100001000000000000000,9.019607843137255 percent,1198.0 revolutions_per_minute,614.0 second,9.375 percent,49.0 kilometer_per_hour,<obd.OBDResponse.Status object at 0x788289177050>,9.803921568627452 percent,18.431372549019606 percent,34.90196078431372 percent,16.5 degree,bytearray(b'MAKGK785FG4100583'),255.0 count
60.78431372549019 percent,27.45098039215686 percent,13.72549019607843 percent,0 kilopascal,bytearray(b'37805-5V6-D6'),624.2 degree_Celsius,,1.002962 ratio,14.117 volt,81 degree_Celsius,f02cf04a,5103.0 kilometer,27.0 kilometer,,,,,,,,,,,,,,,,,,,,,,,,,,,,,,,,,,,ELM327 v1.5,14.2 volt,61.1764705882353 percent,71.37254901960785 percent,"('Closed loop, using oxygen sensor feedback to determine fuel mix', '')",Gasoline,[],"[('P0138', 'O2 Sensor Circuit High Voltage')]",62 kilopascal,37 degree_Celsius,9.375 percent,11000000000000000000000000000001,10000000000000000000000000000001,00000000000000000000000000000001,00000000000000000000000000000001,00000000000000000000000000000001,01111000000000000000000000000000,Unknown : 0.0 volt [PASSED],"Average misfire counts for last ten driving cycles : 0.0 count [PASSED]
Misfire counts for last/current driving cycles : 0.0 count [PASSED]","Average misfire counts for last ten driving cycles : 0.0 count [PASSED]
Misfire counts for last/current driving cycles : 0.0 count [PASSED]","Average misfire counts for last ten driving cycles : 0.0 count [PASSED]
Misfire counts for last/current driving cycles : 0.0 count [PASSED]","Average misfire counts for last ten driving cycles : 0.0 count [PASSED]
Misfire counts for last/current driving cycles : 0.0 count [PASSED]",,,0.6 volt,-0.0078125 milliampere,"((), (False, False, False, False), (False, False, True, True))",India OBD II (IOBD II),0101010001000000000000000000000000000000,10111110001111101010100000010011,10000000000001011011000000010001,01111010110100001000000000000000,9.019607843137255 percent,1217.0 revolutions_per_minute,619.0 second,9.375 percent,49.0 kilometer_per_hour,<obd.OBDResponse.Status object at 0x788289185190>,9.803921568627452 percent,18.431372549019606 percent,34.90196078431372 percent,16.5 degree,bytearray(b'MAKGK785FG4100583'),255.0 count
61.568627450980394 percent,27.45098039215686 percent,13.72549019607843 percent,0 kilopascal,bytearray(b'37805-5V6-D6'),623.7 degree_Celsius,,1.0006745 ratio,14.235 volt,81 degree_Celsius,f02cf04a,5103.0 kilometer,27.0 kilometer,,,,,,,,,,,,,,,,,,,,,,,,,,,,,,,,,,,ELM327 v1.5,14.3 volt,65.49019607843137 percent,76.07843137254902 percent,"('Closed loop, using oxygen sensor feedback to determine fuel mix', '')",Gasoline,[],"[('P0138', 'O2 Sensor Circuit High Voltage')]",68 kilopascal,37 degree_Celsius,9.375 percent,11000000000000000000000000000001,10000000000000000000000000000001,00000000000000000000000000000001,00000000000000000000000000000001,00000000000000000000000000000001,01111000000000000000000000000000,Unknown : 0.0 volt [PASSED],"Average misfire counts for last ten driving cycles : 0.0 count [PASSED]
Misfire counts for last/current driving cycles : 0.0 count [PASSED]","Average misfire counts for last ten driving cycles : 0.0 count [PASSED]
Misfire counts for last/current driving cycles : 0.0 count [PASSED]","Average misfire counts for last ten driving cycles : 0.0 count [PASSED]
Misfire counts for last/current driving cycles : 0.0 count [PASSED]","Average misfire counts for last ten driving cycles : 0.0 count [PASSED]
Misfire counts for last/current driving cycles : 0.0 count [PASSED]",,,0.59 volt,-0.00390625 milliampere,"((), (False, False, False, False), (False, False, True, True))",India OBD II (IOBD II),0101010001000000000000000000000000000000,10111110001111101010100000010011,10000000000001011011000000010001,01111010110100001000000000000000,10.196078431372548 percent,1285.0 revolutions_per_minute,623.0 second,9.375 percent,49.0 kilometer_per_hour,<obd.OBDResponse.Status object at 0x788289187290>,10.980392156862745 percent,19.215686274509803 percent,35.68627450980392 percent,15.5 degree,bytearray(b'MAKGK785FG4100583'),255.0 count
64.70588235294117 percent,28.235294117647058 percent,14.117647058823529 percent,0 kilopascal,bytearray(b'37805-5V6-D6'),625.9000000000001 degree_Celsius,,0.996313 ratio,14.135 volt,81 degree_Celsius,f02cf04a,5103.0 kilometer,27.0 kilometer,,,,,,,,,,,,,,,,,,,,,,,,,,,,,,,,,,,ELM327 v1.5,14.3 volt,65.88235294117646 percent,78.82352941176471 percent,"('Closed loop, using oxygen sensor feedback to determine fuel mix', '')",Gasoline,[],"[('P0138', 'O2 Sensor Circuit High Voltage')]",67 kilopascal,37 degree_Celsius,9.375 percent,11000000000000000000000000000001,10000000000000000000000000000001,00000000000000000000000000000001,00000000000000000000000000000001,00000000000000000000000000000001,01111000000000000000000000000000,Unknown : 0.0 volt [PASSED],"Average misfire counts for last ten driving cycles : 0.0 count [PASSED]
Misfire counts for last/current driving cycles : 0.0 count [PASSED]","Average misfire counts for last ten driving cycles : 0.0 count [PASSED]
Misfire counts for last/current driving cycles : 0.0 count [PASSED]","Average misfire counts for last ten driving cycles : 0.0 count [PASSED]
Misfire counts for last/current driving cycles : 0.0 count [PASSED]","Average misfire counts for last ten driving cycles : 0.0 count [PASSED]
Misfire counts for last/current driving cycles : 0.0 count [PASSED]",,,0.585 volt,0.00390625 milliampere,"((), (False, False, False, False), (False, False, True, True))",India OBD II (IOBD II),0101010001000000000000000000000000000000,10111110001111101010100000010011,10000000000001011011000000010001,01111010110100001000000000000000,9.803921568627452 percent,1253.0 revolutions_per_minute,627.0 second,9.375 percent,49.0 kilometer_per_hour,<obd.OBDResponse.Status object at 0x78828918d3d0>,10.588235294117647 percent,19.215686274509803 percent,34.90196078431372 percent,15.5 degree,bytearray(b'MAKGK785FG4100583'),255.0 count
56.07843137254902 percent,24.705882352941178 percent,12.156862745098039 percent,0 kilopascal,bytearray(b'37805-5V6-D6'),627.9000000000001 degree_Celsius,,0.9971365 ratio,14.185 volt,81 degree_Celsius,f02cf04a,5103.0 kilometer,27.0 kilometer,,,,,,,,,,,,,,,,,,,,,,,,,,,,,,,,,,,ELM327 v1.5,14.3 volt,63.13725490196079 percent,56.86274509803921 percent,"('Closed loop, using oxygen sensor feedback to determine fuel mix', '')",Gasoline,[],"[('P0138', 'O2 Sensor Circuit High Voltage')]",65 kilopascal,37 degree_Celsius,9.375 percent,11000000000000000000000000000001,10000000000000000000000000000001,00000000000000000000000000000001,00000000000000000000000000000001,00000000000000000000000000000001,01111000000000000000000000000000,Unknown : 0.0 volt [PASSED],"Average misfire counts for last ten driving cycles : 0.0 count [PASSED]
Misfire counts for last/current driving cycles : 0.0 count [PASSED]","Average misfire counts for last ten driving cycles : 0.0 count [PASSED]
Misfire counts for last/current driving cycles : 0.0 count [PASSED]","Average misfire counts for last ten driving cycles : 0.0 count [PASSED]
Misfire counts for last/current driving cycles : 0.0 count [PASSED]","Average misfire counts for last ten driving cycles : 0.0 count [PASSED]
Misfire counts for last/current driving cycles : 0.0 count [PASSED]",,,0.585 volt,0.0 milliampere,"((), (False, False, False, False), (False, False, True, True))",India OBD II (IOBD II),0101010001000000000000000000000000000000,10111110001111101010100000010011,10000000000001011011000000010001,01111010110100001000000000000000,9.411764705882353 percent,1246.0 revolutions_per_minute,631.0 second,9.375 percent,48.0 kilometer_per_hour,<obd.OBDResponse.Status object at 0x78828918f4d0>,10.196078431372548 percent,18.823529411764707 percent,34.90196078431372 percent,16.5 degree,bytearray(b'MAKGK785FG4100583'),255.0 count
59.6078431372549 percent,27.058823529411764 percent,13.333333333333334 percent,0 kilopascal,bytearray(b'37805-5V6-D6'),625.6 degree_Celsius,,0.9964655 ratio,14.172 volt,81 degree_Celsius,f02cf04a,5103.0 kilometer,27.0 kilometer,,,,,,,,,,,,,,,,,,,,,,,,,,,,,,,,,,,ELM327 v1.5,14.2 volt,59.21568627450981 percent,66.66666666666667 percent,"('Closed loop, using oxygen sensor feedback to determine fuel mix', '')",Gasoline,[],"[('P0138', 'O2 Sensor Circuit High Voltage')]",61 kilopascal,37 degree_Celsius,9.375 percent,11000000000000000000000000000001,10000000000000000000000000000001,00000000000000000000000000000001,00000000000000000000000000000001,00000000000000000000000000000001,01111000000000000000000000000000,Unknown : 0.0 volt [PASSED],"Average misfire counts for last ten driving cycles : 0.0 count [PASSED]
Misfire counts for last/current driving cycles : 0.0 count [PASSED]","Average misfire counts for last ten driving cycles : 0.0 count [PASSED]
Misfire counts for last/current driving cycles : 0.0 count [PASSED]","Average misfire counts for last ten driving cycles : 0.0 count [PASSED]
Misfire counts for last/current driving cycles : 0.0 count [PASSED]","Average misfire counts for last ten driving cycles : 0.0 count [PASSED]
Misfire counts for last/current driving cycles : 0.0 count [PASSED]",,,0.58 volt,-0.015625 milliampere,"((), (False, False, False, False), (False, False, True, True))",India OBD II (IOBD II),0101010001000000000000000000000000000000,10111110001111101010100000010011,10000000000001011011000000010001,01111010110100001000000000000000,8.627450980392156 percent,1193.0 revolutions_per_minute,635.0 second,9.375 percent,45.0 kilometer_per_hour,<obd.OBDResponse.Status object at 0x788289195610>,9.411764705882353 percent,18.03921568627451 percent,34.509803921568626 percent,17.0 degree,bytearray(b'MAKGK785FG4100583'),255.0 count
57.254901960784316 percent,27.058823529411764 percent,13.72549019607843 percent,0 kilopascal,bytearray(b'37805-5V6-D6'),623.7 degree_Celsius,,0.9958859999999999 ratio,14.135 volt,81 degree_Celsius,f02cf04a,5103.0 kilometer,27.0 kilometer,,,,,,,,,,,,,,,,,,,,,,,,,,,,,,,,,,,ELM327 v1.5,14.3 volt,70.98039215686275 percent,78.03921568627452 percent,"('Closed loop, using oxygen sensor feedback to determine fuel mix', '')",Gasoline,[],"[('P0138', 'O2 Sensor Circuit High Voltage')]",73 kilopascal,37 degree_Celsius,9.375 percent,11000000000000000000000000000001,10000000000000000000000000000001,00000000000000000000000000000001,00000000000000000000000000000001,00000000000000000000000000000001,01111000000000000000000000000000,Unknown : 0.0 volt [PASSED],"Average misfire counts for last ten driving cycles : 0.0 count [PASSED]
Misfire counts for last/current driving cycles : 0.0 count [PASSED]","Average misfire counts for last ten driving cycles : 0.0 count [PASSED]
Misfire counts for last/current driving cycles : 0.0 count [PASSED]","Average misfire counts for last ten driving cycles : 0.0 count [PASSED]
Misfire counts for last/current driving cycles : 0.0 count [PASSED]","Average misfire counts for last ten driving cycles : 0.0 count [PASSED]
Misfire counts for last/current driving cycles : 0.0 count [PASSED]",,,0.595 volt,0.0 milliampere,"((), (False, False, False, False), (False, False, True, True))",India OBD II (IOBD II),0101010001000000000000000000000000000000,10111110001111101010100000010011,10000000000001011011000000010001,01111010110100001000000000000000,11.764705882352942 percent,1398.0 revolutions_per_minute,639.0 second,10.15625 percent,45.0 kilometer_per_hour,<obd.OBDResponse.Status object at 0x788289197710>,12.941176470588236 percent,20.392156862745097 percent,36.470588235294116 percent,13.0 degree,bytearray(b'MAKGK785FG4100583'),255.0 count
68.62745098039215 percent,29.80392156862745 percent,14.901960784313726 percent,0 kilopascal,bytearray(b'37805-5V6-D6'),628.3000000000001 degree_Celsius,,1.001742 ratio,14.255 volt,81 degree_Celsius,f02cf04a,5103.0 kilometer,27.0 kilometer,,,,,,,,,,,,,,,,,,,,,,,,,,,,,,,,,,,ELM327 v1.5,14.2 volt,72.54901960784314 percent,85.88235294117646 percent,"('Closed loop, using oxygen sensor feedback to determine fuel mix', '')",Gasoline,[],"[('P0138', 'O2 Sensor Circuit High Voltage')]",74 kilopascal,37 degree_Celsius,9.375 percent,11000000000000000000000000000001,10000000000000000000000000000001,00000000000000000000000000000001,00000000000000000000000000000001,00000000000000000000000000000001,01111000000000000000000000000000,Unknown : 0.0 volt [PASSED],"Average misfire counts for last ten driving cycles : 0.0 count [PASSED]
Misfire counts for last/current driving cycles : 0.0 count [PASSED]","Average misfire counts for last ten driving cycles : 0.0 count [PASSED]
Misfire counts for last/current driving cycles : 0.0 count [PASSED]","Average misfire counts for last ten driving cycles : 0.0 count [PASSED]
Misfire counts for last/current driving cycles : 0.0 count [PASSED]","Average misfire counts for last ten driving cycles : 0.0 count [PASSED]
Misfire counts for last/current driving cycles : 0.0 count [PASSED]",,,0.605 volt,-0.00390625 milliampere,"((), (False, False, False, False), (False, False, True, True))",India OBD II (IOBD II),0101010001000000000000000000000000000000,10111110001111101010100000010011,10000000000001011011000000010001,01111010110100001000000000000000,12.156862745098039 percent,1397.0 revolutions_per_minute,643.0 second,9.375 percent,48.0 kilometer_per_hour,<obd.OBDResponse.Status object at 0x78828919d850>,12.941176470588236 percent,20.784313725490197 percent,36.470588235294116 percent,12.5 degree,bytearray(b'MAKGK785FG4100583'),255.0 count
70.58823529411765 percent,29.80392156862745 percent,14.901960784313726 percent,0 kilopascal,bytearray(b'37805-5V6-D6'),637.3000000000001 degree_Celsius,,0.9602315 ratio,14.08 volt,81 degree_Celsius,f02cf04a,5103.0 kilometer,27.0 kilometer,,,,,,,,,,,,,,,,,,,,,,,,,,,,,,,,,,,ELM327 v1.5,14.3 volt,62.745098039215684 percent,71.76470588235294 percent,"('Closed loop, using oxygen sensor feedback to determine fuel mix', '')",Gasoline,[],"[('P0138', 'O2 Sensor Circuit High Voltage')]",64 kilopascal,36 degree_Celsius,9.375 percent,11000000000000000000000000000001,10000000000000000000000000000001,00000000000000000000000000000001,00000000000000000000000000000001,00000000000000000000000000000001,01111000000000000000000000000000,Unknown : 0.0 volt [PASSED],"Average misfire counts for last ten driving cycles : 0.0 count [PASSED]
Misfire counts for last/current driving cycles : 0.0 count [PASSED]","Average misfire counts for last ten driving cycles : 0.0 count [PASSED]
Misfire counts for last/current driving cycles : 0.0 count [PASSED]","Average misfire counts for last ten driving cycles : 0.0 count [PASSED]
Misfire counts for last/current driving cycles : 0.0 count [PASSED]","Average misfire counts for last ten driving cycles : 0.0 count [PASSED]
Misfire counts for last/current driving cycles : 0.0 count [PASSED]",,,0.605 volt,0.01171875 milliampere,"((), (False, False, False, False), (False, False, True, True))",India OBD II (IOBD II),0101010001000000000000000000000000000000,10111110001111101010100000010011,10000000000001011011000000010001,01111010110100001000000000000000,8.627450980392156 percent,1179.0 revolutions_per_minute,647.0 second,9.375 percent,49.0 kilometer_per_hour,<obd.OBDResponse.Status object at 0x78828919f950>,9.411764705882353 percent,18.03921568627451 percent,34.509803921568626 percent,16.5 degree,bytearray(b'MAKGK785FG4100583'),255.0 count
56.86274509803921 percent,25.88235294117647 percent,12.941176470588236 percent,0 kilopascal,bytearray(b'37805-5V6-D6'),636.7 degree_Celsius,,1.0023215 ratio,14.297 volt,81 degree_Celsius,f02cf04a,5103.0 kilometer,27.0 kilometer,,,,,,,,,,,,,,,,,,,,,,,,,,,,,,,,,,,ELM327 v1.5,14.3 volt,50.98039215686274 percent,54.509803921568626 percent,"('Closed loop, using oxygen sensor feedback to determine fuel mix', '')",Gasoline,[],"[('P0138', 'O2 Sensor Circuit High Voltage')]",52 kilopascal,36 degree_Celsius,9.375 percent,11000000000000000000000000000001,10000000000000000000000000000001,00000000000000000000000000000001,00000000000000000000000000000001,00000000000000000000000000000001,01111000000000000000000000000000,Unknown : 0.0 volt [PASSED],"Average misfire counts for last ten driving cycles : 0.0 count [PASSED]
Misfire counts for last/current driving cycles : 0.0 count [PASSED]","Average misfire counts for last ten driving cycles : 0.0 count [PASSED]
Misfire counts for last/current driving cycles : 0.0 count [PASSED]","Average misfire counts for last ten driving cycles : 0.0 count [PASSED]
Misfire counts for last/current driving cycles : 0.0 count [PASSED]","Average misfire counts for last ten driving cycles : 0.0 count [PASSED]
Misfire counts for last/current driving cycles : 0.0 count [PASSED]",,,0.59 volt,-0.0234375 milliampere,"((), (False, False, False, False), (False, False, True, True))",India OBD II (IOBD II),0101010001000000000000000000000000000000,10111110001111101010100000010011,10000000000001011011000000010001,01111010110100001000000000000000,7.450980392156863 percent,1143.0 revolutions_per_minute,651.0 second,9.375 percent,44.0 kilometer_per_hour,<obd.OBDResponse.Status object at 0x7882891a9a90>,8.235294117647058 percent,17.254901960784313 percent,34.11764705882353 percent,17.5 degree,bytearray(b'MAKGK785FG4100583'),255.0 count
50.588235294117645 percent,24.705882352941178 percent,12.156862745098039 percent,0 kilopascal,bytearray(b'37805-5V6-D6'),629.9000000000001 degree_Celsius,,0.9969534999999999 ratio,14.242 volt,81 degree_Celsius,f02cf04a,5103.0 kilometer,27.0 kilometer,,,,,,,,,,,,,,,,,,,,,,,,,,,,,,,,,,,ELM327 v1.5,14.2 volt,48.627450980392155 percent,47.84313725490196 percent,"('Closed loop, using oxygen sensor feedback to determine fuel mix', '')",Gasoline,[],"[('P0138', 'O2 Sensor Circuit High Voltage')]",49 kilopascal,36 degree_Celsius,9.375 percent,11000000000000000000000000000001,10000000000000000000000000000001,00000000000000000000000000000001,00000000000000000000000000000001,00000000000000000000000000000001,01111000000000000000000000000000,Unknown : 0.0 volt [PASSED],"Average misfire counts for last ten driving cycles : 0.0 count [PASSED]
Misfire counts for last/current driving cycles : 0.0 count [PASSED]","Average misfire counts for last ten driving cycles : 0.0 count [PASSED]
Misfire counts for last/current driving cycles : 0.0 count [PASSED]","Average misfire counts for last ten driving cycles : 0.0 count [PASSED]
Misfire counts for last/current driving cycles : 0.0 count [PASSED]","Average misfire counts for last ten driving cycles : 0.0 count [PASSED]
Misfire counts for last/current driving cycles : 0.0 count [PASSED]","Unknown : 10600.0 millisecond [PASSED]
Unknown : 31.0 ohm [PASSED]
Unknown : -1.53125 milliampere [PASSED]
Unknown : 3749.0 count [PASSED]",Unknown : 0.5710000000000001 volt [PASSED],0.56 volt,-0.02734375 milliampere,"((), (False, False, False, False), (False, False, True, True))",India OBD II (IOBD II),0101010001000000000000000000000000000000,10111110001111101010100000010011,10000000000001011011000000010001,01111010110100001000000000000000,6.2745098039215685 percent,1089.0 revolutions_per_minute,656.0 second,8.59375 percent,42.0 kilometer_per_hour,<obd.OBDResponse.Status object at 0x7882891b0a10>,7.0588235294117645 percent,16.862745098039216 percent,33.72549019607843 percent,18.0 degree,bytearray(b'MAKGK785FG4100583'),255.0 count
45.09803921568627 percent,24.705882352941178 percent,12.549019607843137 percent,0 kilopascal,bytearray(b'37805-5V6-D6'),621.2 degree_Celsius,,0.9935375 ratio,14.192 volt,81 degree_Celsius,f02cf04a,5103.0 kilometer,27.0 kilometer,,,,,,,,,,,,,,,,,,,,,,,,,,,,,,,,,,,ELM327 v1.5,14.2 volt,48.627450980392155 percent,50.588235294117645 percent,"('Closed loop, using oxygen sensor feedback to determine fuel mix', '')",Gasoline,[],"[('P0138', 'O2 Sensor Circuit High Voltage')]",49 kilopascal,36 degree_Celsius,9.375 percent,11000000000000000000000000000001,10000000000000000000000000000001,00000000000000000000000000000001,00000000000000000000000000000001,00000000000000000000000000000001,01111000000000000000000000000000,Unknown : 0.0 volt [PASSED],"Average misfire counts for last ten driving cycles : 0.0 count [PASSED]
Misfire counts for last/current driving cycles : 0.0 count [PASSED]","Average misfire counts for last ten driving cycles : 0.0 count [PASSED]
Misfire counts for last/current driving cycles : 0.0 count [PASSED]","Average misfire counts for last ten driving cycles : 0.0 count [PASSED]
Misfire counts for last/current driving cycles : 0.0 count [PASSED]","Average misfire counts for last ten driving cycles : 0.0 count [PASSED]
Misfire counts for last/current driving cycles : 0.0 count [PASSED]",,,0.64 volt,0.0 milliampere,"((), (False, False, False, False), (False, False, True, True))",India OBD II (IOBD II),0101010001000000000000000000000000000000,10111110001111101010100000010011,10000000000001011011000000010001,01111010110100001000000000000000,7.0588235294117645 percent,1111.0 revolutions_per_minute,660.0 second,8.59375 percent,42.0 kilometer_per_hour,<obd.OBDResponse.Status object at 0x788289196410>,8.235294117647058 percent,17.254901960784313 percent,33.72549019607843 percent,17.5 degree,bytearray(b'MAKGK785FG4100583'),255.0 count
48.23529411764706 percent,25.49019607843137 percent,12.549019607843137 percent,0 kilopascal,bytearray(b'37805-5V6-D6'),614.2 degree_Celsius,,1.009794 ratio,14.185 volt,81 degree_Celsius,f02cf04a,5103.0 kilometer,27.0 kilometer,,,,,,,,,,,,,,,,,,,,,,,,,,,,,,,,,,,ELM327 v1.5,14.2 volt,55.294117647058826 percent,54.11764705882353 percent,"('Closed loop, using oxygen sensor feedback to determine fuel mix', '')",Gasoline,[],"[('P0138', 'O2 Sensor Circuit High Voltage')]",61 kilopascal,36 degree_Celsius,9.375 percent,11000000000000000000000000000001,10000000000000000000000000000001,00000000000000000000000000000001,00000000000000000000000000000001,00000000000000000000000000000001,01111000000000000000000000000000,Unknown : 0.0 volt [PASSED],"Average misfire counts for last ten driving cycles : 0.0 count [PASSED]
Misfire counts for last/current driving cycles : 0.0 count [PASSED]","Average misfire counts for last ten driving cycles : 0.0 count [PASSED]
Misfire counts for last/current driving cycles : 0.0 count [PASSED]","Average misfire counts for last ten driving cycles : 0.0 count [PASSED]
Misfire counts for last/current driving cycles : 0.0 count [PASSED]","Average misfire counts for last ten driving cycles : 0.0 count [PASSED]
Misfire counts for last/current driving cycles : 0.0 count [PASSED]",,,0.74 volt,0.02734375 milliampere,"((), (False, False, False, False), (False, False, True, True))",India OBD II (IOBD II),0101010001000000000000000000000000000000,10111110001111101010100000010011,10000000000001011011000000010001,01111010110100001000000000000000,8.627450980392156 percent,1231.0 revolutions_per_minute,664.0 second,9.375 percent,41.0 kilometer_per_hour,<obd.OBDResponse.Status object at 0x7882891b8510>,9.411764705882353 percent,18.431372549019606 percent,34.90196078431372 percent,17.0 degree,bytearray(b'MAKGK785FG4100583'),255.0 count
57.64705882352941 percent,27.058823529411764 percent,13.333333333333334 percent,0 kilopascal,bytearray(b'37805-5V6-D6'),611.1 degree_Celsius,,1.0227565 ratio,14.06 volt,81 degree_Celsius,f02cf04a,5104.0 kilometer,27.0 kilometer,,,,,,,,,,,,,,,,,,,,,,,,,,,,,,,,,,,ELM327 v1.5,14.3 volt,59.21568627450981 percent,64.31372549019608 percent,"('Closed loop, using oxygen sensor feedback to determine fuel mix', '')",Gasoline,[],"[('P0138', 'O2 Sensor Circuit High Voltage')]",65 kilopascal,36 degree_Celsius,9.375 percent,11000000000000000000000000000001,10000000000000000000000000000001,00000000000000000000000000000001,00000000000000000000000000000001,00000000000000000000000000000001,01111000000000000000000000000000,Unknown : 0.0 volt [PASSED],"Average misfire counts for last ten driving cycles : 0.0 count [PASSED]
Misfire counts for last/current driving cycles : 0.0 count [PASSED]","Average misfire counts for last ten driving cycles : 0.0 count [PASSED]
Misfire counts for last/current driving cycles : 0.0 count [PASSED]","Average misfire counts for last ten driving cycles : 0.0 count [PASSED]
Misfire counts for last/current driving cycles : 0.0 count [PASSED]","Average misfire counts for last ten driving cycles : 0.0 count [PASSED]
Misfire counts for last/current driving cycles : 0.0 count [PASSED]",,,0.715 volt,0.05859375 milliampere,"((), (False, False, False, False), (False, False, True, True))",India OBD II (IOBD II),0101010001000000000000000000000000000000,10111110001111101010100000010011,10000000000001011011000000010001,01111010110100001000000000000000,12.156862745098039 percent,1370.0 revolutions_per_minute,668.0 second,10.15625 percent,41.0 kilometer_per_hour,<obd.OBDResponse.Status object at 0x7882891ba610>,12.941176470588236 percent,20.784313725490197 percent,36.86274509803921 percent,12.5 degree,bytearray(b'MAKGK785FG4100583'),255.0 count
69.80392156862744 percent,29.80392156862745 percent,14.901960784313726 percent,0 kilopascal,bytearray(b'37805-5V6-D6'),614.2 degree_Celsius,,1.014247 ratio,14.16 volt,81 degree_Celsius,f02cf04a,5104.0 kilometer,27.0 kilometer,,,,,,,,,,,,,,,,,,,,,,,,,,,,,,,,,,,ELM327 v1.5,14.3 volt,63.529411764705884 percent,75.68627450980392 percent,"('Closed loop, using oxygen sensor feedback to determine fuel mix', '')",Gasoline,[],"[('P0138', 'O2 Sensor Circuit High Voltage')]",71 kilopascal,36 degree_Celsius,9.375 percent,11000000000000000000000000000001,10000000000000000000000000000001,00000000000000000000000000000001,00000000000000000000000000000001,00000000000000000000000000000001,01111000000000000000000000000000,Unknown : 0.0 volt [PASSED],"Average misfire counts for last ten driving cycles : 0.0 count [PASSED]
Misfire counts for last/current driving cycles : 0.0 count [PASSED]","Average misfire counts for last ten driving cycles : 0.0 count [PASSED]
Misfire counts for last/current driving cycles : 0.0 count [PASSED]","Average misfire counts for last ten driving cycles : 0.0 count [PASSED]
Misfire counts for last/current driving cycles : 0.0 count [PASSED]","Average misfire counts for last ten driving cycles : 0.0 count [PASSED]
Misfire counts for last/current driving cycles : 0.0 count [PASSED]",,,0.655 volt,-0.08984375 milliampere,"((), (False, False, False, False), (False, False, True, True))",India OBD II (IOBD II),0101010001000000000000000000000000000000,10111110001111101010100000010011,10000000000001011011000000010001,01111010110100001000000000000000,9.411764705882353 percent,1234.0 revolutions_per_minute,672.0 second,10.15625 percent,44.0 kilometer_per_hour,<obd.OBDResponse.Status object at 0x7882891c4750>,10.196078431372548 percent,18.823529411764707 percent,35.294117647058826 percent,16.5 degree,bytearray(b'MAKGK785FG4100583'),255.0 count
62.35294117647059 percent,27.84313725490196 percent,13.72549019607843 percent,0 kilopascal,bytearray(b'37805-5V6-D6'),618.7 degree_Celsius,,0.9602315 ratio,14.255 volt,81 degree_Celsius,f02cf04a,5104.0 kilometer,27.0 kilometer,,,,,,,,,,,,,,,,,,,,,,,,,,,,,,,,,,,ELM327 v1.5,14.3 volt,63.92156862745098 percent,75.29411764705883 percent,"('Closed loop, using oxygen sensor feedback to determine fuel mix', '')",Gasoline,[],"[('P0138', 'O2 Sensor Circuit High Voltage')]",67 kilopascal,36 degree_Celsius,9.375 percent,11000000000000000000000000000001,10000000000000000000000000000001,00000000000000000000000000000001,00000000000000000000000000000001,00000000000000000000000000000001,01111000000000000000000000000000,Unknown : 0.0 volt [PASSED],"Average misfire counts for last ten driving cycles : 0.0 count [PASSED]
Misfire counts for last/current driving cycles : 0.0 count [PASSED]","Average misfire counts for last ten driving cycles : 0.0 count [PASSED]
Misfire counts for last/current driving cycles : 0.0 count [PASSED]","Average misfire counts for last ten driving cycles : 0.0 count [PASSED]
Misfire counts for last/current driving cycles : 0.0 count [PASSED]","Average misfire counts for last ten driving cycles : 0.0 count [PASSED]
Misfire counts for last/current driving cycles : 0.0 count [PASSED]",,,0.65 volt,0.01953125 milliampere,"((), (False, False, False, False), (False, False, True, True))",India OBD II (IOBD II),0101010001000000000000000000000000000000,10111110001111101010100000010011,10000000000001011011000000010001,01111010110100001000000000000000,9.019607843137255 percent,1243.0 revolutions_per_minute,676.0 second,10.15625 percent,46.0 kilometer_per_hour,<obd.OBDResponse.Status object at 0x7882891c6850>,9.803921568627452 percent,18.431372549019606 percent,34.90196078431372 percent,16.5 degree,bytearray(b'MAKGK785FG4100583'),255.0 count
60.78431372549019 percent,27.45098039215686 percent,13.72549019607843 percent,0 kilopascal,bytearray(b'37805-5V6-D6'),620.5 degree_Celsius,,0.9602315 ratio,14.280000000000001 volt,81 degree_Celsius,f02cf04a,5104.0 kilometer,27.0 kilometer,,,,,,,,,,,,,,,,,,,,,,,,,,,,,,,,,,,ELM327 v1.5,14.3 volt,68.23529411764706 percent,77.6470588235294 percent,"('Closed loop, using oxygen sensor feedback to determine fuel mix', '')",Gasoline,[],"[('P0138', 'O2 Sensor Circuit High Voltage')]",70 kilopascal,36 degree_Celsius,9.375 percent,11000000000000000000000000000001,10000000000000000000000000000001,00000000000000000000000000000001,00000000000000000000000000000001,00000000000000000000000000000001,01111000000000000000000000000000,Unknown : 0.0 volt [PASSED],"Average misfire counts for last ten driving cycles : 0.0 count [PASSED]
Misfire counts for last/current driving cycles : 0.0 count [PASSED]","Average misfire counts for last ten driving cycles : 0.0 count [PASSED]
Misfire counts for last/current driving cycles : 0.0 count [PASSED]","Average misfire counts for last ten driving cycles : 0.0 count [PASSED]
Misfire counts for last/current driving cycles : 0.0 count [PASSED]","Average misfire counts for last ten driving cycles : 0.0 count [PASSED]
Misfire counts for last/current driving cycles : 0.0 count [PASSED]",,,0.705 volt,0.03125 milliampere,"((), (False, False, False, False), (False, False, True, True))",India OBD II (IOBD II),0101010001000000000000000000000000000000,10111110001111101010100000010011,10000000000001011011000000010001,01111010110100001000000000000000,10.196078431372548 percent,1322.0 revolutions_per_minute,680.0 second,10.15625 percent,42.0 kilometer_per_hour,<obd.OBDResponse.Status object at 0x7882891d0990>,9.411764705882353 percent,18.03921568627451 percent,34.11764705882353 percent,16.5 degree,bytearray(b'MAKGK785FG4100583'),255.0 count
54.90196078431372 percent,22.352941176470587 percent,11.372549019607844 percent,0 kilopascal,bytearray(b'37805-5V6-D6'),623.7 degree_Celsius,,1.0148875 ratio,14.097 volt,81 degree_Celsius,f02cf04a,5104.0 kilometer,27.0 kilometer,,,,,,,,,,,,,,,,,,,,,,,,,,,,,,,,,,,ELM327 v1.5,14.3 volt,70.98039215686275 percent,60.0 percent,"('Closed loop, using oxygen sensor feedback to determine fuel mix', '')",Gasoline,[],"[('P0138', 'O2 Sensor Circuit High Voltage')]",81 kilopascal,36 degree_Celsius,9.375 percent,11000000000000000000000000000001,10000000000000000000000000000001,00000000000000000000000000000001,00000000000000000000000000000001,00000000000000000000000000000001,01111000000000000000000000000000,Unknown : 0.0 volt [PASSED],"Average misfire counts for last ten driving cycles : 0.0 count [PASSED]
Misfire counts for last/current driving cycles : 0.0 count [PASSED]","Average misfire counts for last ten driving cycles : 0.0 count [PASSED]
Misfire counts for last/current driving cycles : 0.0 count [PASSED]","Average misfire counts for last ten driving cycles : 0.0 count [PASSED]
Misfire counts for last/current driving cycles : 0.0 count [PASSED]","Average misfire counts for last ten driving cycles : 0.0 count [PASSED]
Misfire counts for last/current driving cycles : 0.0 count [PASSED]",,,0.715 volt,0.0390625 milliampere,"((), (False, False, False, False), (False, False, True, True))",India OBD II (IOBD II),0101010001000000000000000000000000000000,10111110001111101010100000010011,10000000000001011011000000010001,01111010110100001000000000000000,20.0 percent,1792.0 revolutions_per_minute,684.0 second,11.71875 percent,33.0 kilometer_per_hour,<obd.OBDResponse.Status object at 0x7882891d2a90>,23.529411764705884 percent,27.45098039215686 percent,42.35294117647059 percent,9.0 degree,bytearray(b'MAKGK785FG4100583'),255.0 count
85.49019607843137 percent,35.68627450980392 percent,17.647058823529413 percent,0 kilopascal,bytearray(b'37805-5V6-D6'),635.7 degree_Celsius,,1.02846 ratio,14.097 volt,81 degree_Celsius,f02cf04a,5104.0 kilometer,27.0 kilometer,,,,,,,,,,,,,,,,,,,,,,,,,,,,,,,,,,,ELM327 v1.5,14.2 volt,36.07843137254902 percent,39.6078431372549 percent,"('Closed loop, using oxygen sensor feedback to determine fuel mix', '')",Gasoline,[],"[('P0138', 'O2 Sensor Circuit High Voltage')]",27 kilopascal,36 degree_Celsius,9.375 percent,11000000000000000000000000000001,10000000000000000000000000000001,00000000000000000000000000000001,00000000000000000000000000000001,00000000000000000000000000000001,01111000000000000000000000000000,Unknown : 0.0 volt [PASSED],"Average misfire counts for last ten driving cycles : 0.0 count [PASSED]
Misfire counts for last/current driving cycles : 0.0 count [PASSED]","Average misfire counts for last ten driving cycles : 0.0 count [PASSED]
Misfire counts for last/current driving cycles : 0.0 count [PASSED]","Average misfire counts for last ten driving cycles : 0.0 count [PASSED]
Misfire counts for last/current driving cycles : 0.0 count [PASSED]","Average misfire counts for last ten driving cycles : 0.0 count [PASSED]
Misfire counts for last/current driving cycles : 0.0 count [PASSED]",,,0.65 volt,-0.08984375 milliampere,"((), (False, False, False, False), (False, False, True, True))",India OBD II (IOBD II),0101010001000000000000000000000000000000,10111110001111101010100000010011,10000000000001011011000000010001,01111010110100001000000000000000,20.0 percent,1504.0 revolutions_per_minute,688.0 second,11.71875 percent,28.0 kilometer_per_hour,<obd.OBDResponse.Status object at 0x7882891d8bd0>,21.96078431372549 percent,26.666666666666668 percent,41.568627450980394 percent,7.5 degree,bytearray(b'MAKGK785FG4100583'),255.0 count
83.52941176470588 percent,34.90196078431372 percent,17.254901960784313 percent,0 kilopascal,bytearray(b'37805-5V6-D6'),652.1 degree_Celsius,,1.02724 ratio,14.167 volt,81 degree_Celsius,f02cf04a,5104.0 kilometer,27.0 kilometer,,,,,,,,,,,,,,,,,,,,,,,,,,,,,,,,,,,ELM327 v1.5,14.3 volt,90.58823529411765 percent,99.2156862745098 percent,"('Closed loop, using oxygen sensor feedback to determine fuel mix', '')",Gasoline,[],"[('P0138', 'O2 Sensor Circuit High Voltage')]",91 kilopascal,36 degree_Celsius,9.375 percent,11000000000000000000000000000001,10000000000000000000000000000001,00000000000000000000000000000001,00000000000000000000000000000001,00000000000000000000000000000001,01111000000000000000000000000000,Unknown : 0.0 volt [PASSED],"Average misfire counts for last ten driving cycles : 0.0 count [PASSED]
Misfire counts for last/current driving cycles : 0.0 count [PASSED]","Average misfire counts for last ten driving cycles : 0.0 count [PASSED]
Misfire counts for last/current driving cycles : 0.0 count [PASSED]","Average misfire counts for last ten driving cycles : 0.0 count [PASSED]
Misfire counts for last/current driving cycles : 0.0 count [PASSED]","Average misfire counts for last ten driving cycles : 0.0 count [PASSED]
Misfire counts for last/current driving cycles : 0.0 count [PASSED]",,,0.625 volt,0.0234375 milliampere,"((), (False, False, False, False), (False, False, True, True))",India OBD II (IOBD II),0101010001000000000000000000000000000000,10111110001111101010100000010011,10000000000001011011000000010001,01111010110100001000000000000000,23.137254901960784 percent,1894.0 revolutions_per_minute,693.0 second,10.15625 percent,29.0 kilometer_per_hour,<obd.OBDResponse.Status object at 0x7882891dacd0>,23.529411764705884 percent,27.84313725490196 percent,42.35294117647059 percent,11.0 degree,bytearray(b'MAKGK785FG4100583'),255.0 count
84.70588235294117 percent,35.294117647058826 percent,17.647058823529413 percent,0 kilopascal,bytearray(b'37805-5V6-D6'),675.1 degree_Celsius,,0.9946659999999999 ratio,14.047 volt,80 degree_Celsius,f02cf04a,5104.0 kilometer,27.0 kilometer,,,,,,,,,,,,,,,,,,,,,,,,,,,,,,,,,,,ELM327 v1.5,14.3 volt,69.80392156862744 percent,81.56862745098039 percent,"('Closed loop, using oxygen sensor feedback to determine fuel mix', '')",Gasoline,[],"[('P0138', 'O2 Sensor Circuit High Voltage')]",63 kilopascal,36 degree_Celsius,9.375 percent,11000000000000000000000000000001,10000000000000000000000000000001,00000000000000000000000000000001,00000000000000000000000000000001,00000000000000000000000000000001,01111000000000000000000000000000,Unknown : 0.0 volt [PASSED],"Average misfire counts for last ten driving cycles : 0.0 count [PASSED]
Misfire counts for last/current driving cycles : 0.0 count [PASSED]","Average misfire counts for last ten driving cycles : 0.0 count [PASSED]
Misfire counts for last/current driving cycles : 0.0 count [PASSED]","Average misfire counts for last ten driving cycles : 0.0 count [PASSED]
Misfire counts for last/current driving cycles : 0.0 count [PASSED]","Average misfire counts for last ten driving cycles : 0.0 count [PASSED]
Misfire counts for last/current driving cycles : 0.0 count [PASSED]",,,0.62 volt,-0.0703125 milliampere,"((), (False, False, False, False), (False, False, True, True))",India OBD II (IOBD II),0101010001000000000000000000000000000000,10111110001111101010100000010011,10000000000001011011000000010001,01111010110100001000000000000000,20.392156862745097 percent,1649.0 revolutions_per_minute,697.0 second,7.8125 percent,29.0 kilometer_per_hour,<obd.OBDResponse.Status object at 0x7882891dce10>,24.313725490196077 percent,28.235294117647058 percent,42.745098039215684 percent,7.5 degree,bytearray(b'MAKGK785FG4100583'),255.0 count
87.45098039215686 percent,35.68627450980392 percent,18.03921568627451 percent,0 kilopascal,bytearray(b'37805-5V6-D6'),688.0 degree_Celsius,,0.9860955 ratio,14.242 volt,80 degree_Celsius,f02cf04a,5104.0 kilometer,27.0 kilometer,,,,,,,,,,,,,,,,,,,,,,,,,,,,,,,,,,,ELM327 v1.5,14.2 volt,85.88235294117646 percent,89.41176470588235 percent,"('Closed loop, using oxygen sensor feedback to determine fuel mix', '')",Gasoline,[],"[('P0138', 'O2 Sensor Circuit High Voltage')]",87 kilopascal,35 degree_Celsius,9.375 percent,11000000000000000000000000000001,10000000000000000000000000000001,00000000000000000000000000000001,00000000000000000000000000000001,00000000000000000000000000000001,01111000000000000000000000000000,Unknown : 0.0 volt [PASSED],"Average misfire counts for last ten driving cycles : 0.0 count [PASSED]
Misfire counts for last/current driving cycles : 0.0 count [PASSED]","Average misfire counts for last ten driving cycles : 0.0 count [PASSED]
Misfire counts for last/current driving cycles : 0.0 count [PASSED]","Average misfire counts for last ten driving cycles : 0.0 count [PASSED]
Misfire counts for last/current driving cycles : 0.0 count [PASSED]","Average misfire counts for last ten driving cycles : 0.0 count [PASSED]
Misfire counts for last/current driving cycles : 0.0 count [PASSED]","Unknown : 10600.0 millisecond [PASSED]
Unknown : 31.0 ohm [PASSED]
Unknown : -1.53125 milliampere [PASSED]
Unknown : 3749.0 count [PASSED]",Unknown : 0.594 volt [PASSED],0.585 volt,0.0 milliampere,"((), (False, False, False, False), (False, False, True, True))",India OBD II (IOBD II),0101010001000000000000000000000000000000,10111110001111101010100000010011,10000000000001011011000000010001,01111010110100001000000000000000,19.215686274509803 percent,1860.0 revolutions_per_minute,701.0 second,7.8125 percent,35.0 kilometer_per_hour,<obd.OBDResponse.Status object at 0x7882891dfd50>,20.784313725490197 percent,25.88235294117647 percent,40.78431372549019 percent,11.0 degree,bytearray(b'MAKGK785FG4100583'),255.0 count
82.3529411764706 percent,34.11764705882353 percent,17.254901960784313 percent,0 kilopascal,bytearray(b'37805-5V6-D6'),706.3000000000001 degree_Celsius,,1.005097 ratio,14.235 volt,80 degree_Celsius,f02cf04a,5104.0 kilometer,27.0 kilometer,,,,,,,,,,,,,,,,,,,,,,,,,,,,,,,,,,,ELM327 v1.5,14.2 volt,61.568627450980394 percent,83.13725490196079 percent,"('Closed loop, using oxygen sensor feedback to determine fuel mix', '')",Gasoline,[],"[('P0138', 'O2 Sensor Circuit High Voltage')]",63 kilopascal,35 degree_Celsius,9.375 percent,11000000000000000000000000000001,10000000000000000000000000000001,00000000000000000000000000000001,00000000000000000000000000000001,00000000000000000000000000000001,01111000000000000000000000000000,Unknown : 0.0 volt [PASSED],"Average misfire counts for last ten driving cycles : 0.0 count [PASSED]
Misfire counts for last/current driving cycles : 0.0 count [PASSED]","Average misfire counts for last ten driving cycles : 0.0 count [PASSED]
Misfire counts for last/current driving cycles : 0.0 count [PASSED]","Average misfire counts for last ten driving cycles : 0.0 count [PASSED]
Misfire counts for last/current driving cycles : 0.0 count [PASSED]","Average misfire counts for last ten driving cycles : 0.0 count [PASSED]
Misfire counts for last/current driving cycles : 0.0 count [PASSED]",,,0.6 volt,0.0 milliampere,"((), (False, False, False, False), (False, False, True, True))",India OBD II (IOBD II),0101010001000000000000000000000000000000,10111110001111101010100000010011,10000000000001011011000000010001,01111010110100001000000000000000,11.372549019607844 percent,1574.0 revolutions_per_minute,705.0 second,7.03125 percent,35.0 kilometer_per_hour,<obd.OBDResponse.Status object at 0x788289b22910>,11.764705882352942 percent,20.0 percent,36.07843137254902 percent,20.5 degree,bytearray(b'MAKGK785FG4100583'),255.0 count
57.64705882352941 percent,27.84313725490196 percent,14.117647058823529 percent,0 kilopascal,bytearray(b'37805-5V6-D6'),703.6 degree_Celsius,,1.0056765 ratio,14.08 volt,81 degree_Celsius,f02cf04a,5104.0 kilometer,27.0 kilometer,,,,,,,,,,,,,,,,,,,,,,,,,,,,,,,,,,,ELM327 v1.5,14.2 volt,43.92156862745098 percent,52.549019607843135 percent,"('Closed loop, using oxygen sensor feedback to determine fuel mix', '')",Gasoline,[],"[('P0138', 'O2 Sensor Circuit High Voltage')]",35 kilopascal,35 degree_Celsius,9.375 percent,11000000000000000000000000000001,10000000000000000000000000000001,00000000000000000000000000000001,00000000000000000000000000000001,00000000000000000000000000000001,01111000000000000000000000000000,Unknown : 0.0 volt [PASSED],"Average misfire counts for last ten driving cycles : 0.0 count [PASSED]
Misfire counts for last/current driving cycles : 0.0 count [PASSED]","Average misfire counts for last ten driving cycles : 0.0 count [PASSED]
Misfire counts for last/current driving cycles : 0.0 count [PASSED]","Average misfire counts for last ten driving cycles : 0.0 count [PASSED]
Misfire counts for last/current driving cycles : 0.0 count [PASSED]","Average misfire counts for last ten driving cycles : 0.0 count [PASSED]
Misfire counts for last/current driving cycles : 0.0 count [PASSED]",,,0.585 volt,-0.00390625 milliampere,"((), (False, False, False, False), (False, False, True, True))",India OBD II (IOBD II),0101010001000000000000000000000000000000,10111110001111101010100000010011,10000000000001011011000000010001,01111010110100001000000000000000,7.450980392156863 percent,1337.0 revolutions_per_minute,709.0 second,7.03125 percent,33.0 kilometer_per_hour,<obd.OBDResponse.Status object at 0x7882891ef850>,7.450980392156863 percent,16.862745098039216 percent,33.72549019607843 percent,19.5 degree,bytearray(b'MAKGK785FG4100583'),255.0 count
42.35294117647059 percent,21.568627450980394 percent,10.588235294117647 percent,0 kilopascal,bytearray(b'37805-5V6-D6'),693.9000000000001 degree_Celsius,,0.995337 ratio,13.42 volt,81 degree_Celsius,f02cf04a,5104.0 kilometer,27.0 kilometer,,,,,,,,,,,,,,,,,,,,,,,,,,,,,,,,,,,ELM327 v1.5,13.8 volt,25.49019607843137 percent,0.0 percent,"('Open loop due to engine load OR fuel cut due to deceleration', '')",Gasoline,[],"[('P0138', 'O2 Sensor Circuit High Voltage')]",25 kilopascal,35 degree_Celsius,9.375 percent,11000000000000000000000000000001,10000000000000000000000000000001,00000000000000000000000000000001,00000000000000000000000000000001,00000000000000000000000000000001,01111000000000000000000000000000,Unknown : 0.0 volt [PASSED],"Average misfire counts for last ten driving cycles : 0.0 count [PASSED]
Misfire counts for last/current driving cycles : 0.0 count [PASSED]","Average misfire counts for last ten driving cycles : 0.0 count [PASSED]
Misfire counts for last/current driving cycles : 0.0 count [PASSED]","Average misfire counts for last ten driving cycles : 0.0 count [PASSED]
Misfire counts for last/current driving cycles : 0.0 count [PASSED]","Average misfire counts for last ten driving cycles : 0.0 count [PASSED]
Misfire counts for last/current driving cycles : 0.0 count [PASSED]",,,0.0 volt,1.44140625 milliampere,"((), (False, False, False, False), (False, False, True, True))",India OBD II (IOBD II),0101010001000000000000000000000000000000,10111110001111101010100000010011,10000000000001011011000000010001,01111010110100001000000000000000,4.313725490196078 percent,1167.0 revolutions_per_minute,713.0 second,0.0 percent,20.0 kilometer_per_hour,<obd.OBDResponse.Status object at 0x7882891a1990>,4.705882352941177 percent,15.294117647058824 percent,32.15686274509804 percent,-23.5 degree,bytearray(b'MAKGK785FG4100583'),255.0 count
27.84313725490196 percent,25.098039215686274 percent,12.549019607843137 percent,0 kilopascal,bytearray(b'37805-5V6-D6'),672.3000000000001 degree_Celsius,,0.9368075 ratio,14.205 volt,81 degree_Celsius,f02cf04a,5104.0 kilometer,27.0 kilometer,,,,,,,,,,,,,,,,,,,,,,,,,,,,,,,,,,,ELM327 v1.5,14.2 volt,91.76470588235294 percent,78.43137254901961 percent,"('Closed loop, using oxygen sensor feedback to determine fuel mix', '')",Gasoline,[],"[('P0138', 'O2 Sensor Circuit High Voltage')]",82 kilopascal,35 degree_Celsius,9.375 percent,11000000000000000000000000000001,10000000000000000000000000000001,00000000000000000000000000000001,00000000000000000000000000000001,00000000000000000000000000000001,01111000000000000000000000000000,Unknown : 0.0 volt [PASSED],"Average misfire counts for last ten driving cycles : 0.0 count [PASSED]
Misfire counts for last/current driving cycles : 0.0 count [PASSED]","Average misfire counts for last ten driving cycles : 0.0 count [PASSED]
Misfire counts for last/current driving cycles : 0.0 count [PASSED]","Average misfire counts for last ten driving cycles : 0.0 count [PASSED]
Misfire counts for last/current driving cycles : 0.0 count [PASSED]","Average misfire counts for last ten driving cycles : 0.0 count [PASSED]
Misfire counts for last/current driving cycles : 0.0 count [PASSED]",,Unknown : 0.708 volt [PASSED],0.715 volt,-0.140625 milliampere,"((), (False, False, False, False), (False, False, True, True))",India OBD II (IOBD II),0101010001000000000000000000000000000000,10111110001111101010100000010011,10000000000001011011000000010001,01111010110100001000000000000000,19.607843137254903 percent,1747.0 revolutions_per_minute,717.0 second,10.9375 percent,14.0 kilometer_per_hour,<obd.OBDResponse.Status object at 0x7882891a3fd0>,22.352941176470587 percent,26.666666666666668 percent,41.568627450980394 percent,9.5 degree,bytearray(b'MAKGK785FG4100583'),255.0 count
83.92156862745098 percent,34.90196078431372 percent,17.647058823529413 percent,0 kilopascal,bytearray(b'37805-5V6-D6'),684.4000000000001 degree_Celsius,,1.019554 ratio,14.222 volt,81 degree_Celsius,f02cf04a,5104.0 kilometer,27.0 kilometer,,,,,,,,,,,,,,,,,,,,,,,,,,,,,,,,,,,ELM327 v1.5,14.3 volt,90.98039215686275 percent,99.2156862745098 percent,"('Closed loop, using oxygen sensor feedback to determine fuel mix', '')",Gasoline,[],"[('P0138', 'O2 Sensor Circuit High Voltage')]",92 kilopascal,35 degree_Celsius,9.375 percent,11000000000000000000000000000001,10000000000000000000000000000001,00000000000000000000000000000001,00000000000000000000000000000001,00000000000000000000000000000001,01111000000000000000000000000000,Unknown : 0.0 volt [PASSED],"Average misfire counts for last ten driving cycles : 0.0 count [PASSED]
Misfire counts for last/current driving cycles : 0.0 count [PASSED]","Average misfire counts for last ten driving cycles : 0.0 count [PASSED]
Misfire counts for last/current driving cycles : 0.0 count [PASSED]","Average misfire counts for last ten driving cycles : 0.0 count [PASSED]
Misfire counts for last/current driving cycles : 0.0 count [PASSED]","Average misfire counts for last ten driving cycles : 0.0 count [PASSED]
Misfire counts for last/current driving cycles : 0.0 count [PASSED]",,,0.615 volt,0.00390625 milliampere,"((), (False, False, False, False), (False, False, True, True))",India OBD II (IOBD II),0101010001000000000000000000000000000000,10111110001111101010100000010011,10000000000001011011000000010001,01111010110100001000000000000000,23.92156862745098 percent,1892.0 revolutions_per_minute,721.0 second,10.15625 percent,25.0 kilometer_per_hour,<obd.OBDResponse.Status object at 0x788289201e10>,25.49019607843137 percent,29.019607843137255 percent,42.745098039215684 percent,10.5 degree,bytearray(b'MAKGK785FG4100583'),255.0 count
78.43137254901961 percent,31.764705882352942 percent,16.07843137254902 percent,0 kilopascal,bytearray(b'37805-5V6-D6'),703.4000000000001 degree_Celsius,,1.014369 ratio,14.122 volt,81 degree_Celsius,f02cf04a,5104.0 kilometer,27.0 kilometer,,,,,,,,,,,,,,,,,,,,,,,,,,,,,,,,,,,ELM327 v1.5,14.3 volt,91.37254901960785 percent,99.6078431372549 percent,"('Closed loop, using oxygen sensor feedback to determine fuel mix', '')",Gasoline,[],"[('P0138', 'O2 Sensor Circuit High Voltage')]",92 kilopascal,35 degree_Celsius,8.59375 percent,11000000000000000000000000000001,10000000000000000000000000000001,00000000000000000000000000000001,00000000000000000000000000000001,00000000000000000000000000000001,01111000000000000000000000000000,Unknown : 0.0 volt [PASSED],"Average misfire counts for last ten driving cycles : 0.0 count [PASSED]
Misfire counts for last/current driving cycles : 0.0 count [PASSED]","Average misfire counts for last ten driving cycles : 0.0 count [PASSED]
Misfire counts for last/current driving cycles : 0.0 count [PASSED]","Average misfire counts for last ten driving cycles : 0.0 count [PASSED]
Misfire counts for last/current driving cycles : 0.0 count [PASSED]","Average misfire counts for last ten driving cycles : 0.0 count [PASSED]
Misfire counts for last/current driving cycles : 0.0 count [PASSED]",,,0.58 volt,-0.0078125 milliampere,"((), (False, False, False, False), (False, False, True, True))",India OBD II (IOBD II),0101010001000000000000000000000000000000,10111110001111101010100000010011,10000000000001011011000000010001,01111010110100001000000000000000,15.294117647058824 percent,1834.0 revolutions_per_minute,726.0 second,7.8125 percent,28.0 kilometer_per_hour,<obd.OBDResponse.Status object at 0x788289203ed0>,15.686274509803921 percent,22.352941176470587 percent,38.03921568627451 percent,16.5 degree,bytearray(b'MAKGK785FG4100583'),255.0 count
73.72549019607843 percent,29.80392156862745 percent,14.901960784313726 percent,0 kilopascal,bytearray(b'37805-5V6-D6'),712.7 degree_Celsius,,0.9962825 ratio,14.21 volt,81 degree_Celsius,f02cf04a,5104.0 kilometer,27.0 kilometer,,,,,,,,,,,,,,,,,,,,,,,,,,,,,,,,,,,ELM327 v1.5,14.2 volt,29.019607843137255 percent,34.509803921568626 percent,"('Closed loop, using oxygen sensor feedback to determine fuel mix', '')",Gasoline,[],"[('P0138', 'O2 Sensor Circuit High Voltage')]",29 kilopascal,35 degree_Celsius,8.59375 percent,11000000000000000000000000000001,10000000000000000000000000000001,00000000000000000000000000000001,00000000000000000000000000000001,00000000000000000000000000000001,01111000000000000000000000000000,Unknown : 0.0 volt [PASSED],"Average misfire counts for last ten driving cycles : 0.0 count [PASSED]
Misfire counts for last/current driving cycles : 0.0 count [PASSED]","Average misfire counts for last ten driving cycles : 0.0 count [PASSED]
Misfire counts for last/current driving cycles : 0.0 count [PASSED]","Average misfire counts for last ten driving cycles : 0.0 count [PASSED]
Misfire counts for last/current driving cycles : 0.0 count [PASSED]","Average misfire counts for last ten driving cycles : 0.0 count [PASSED]
Misfire counts for last/current driving cycles : 0.0 count [PASSED]",,Unknown : 0.401 volt [PASSED],0.42 volt,0.0 milliampere,"((), (False, False, False, False), (False, False, True, True))",India OBD II (IOBD II),0101010001000000000000000000000000000000,10111110001111101010100000010011,10000000000001011011000000010001,01111010110100001000000000000000,20.392156862745097 percent,1580.0 revolutions_per_minute,730.0 second,3.90625 percent,25.0 kilometer_per_hour,<obd.OBDResponse.Status object at 0x788289206550>,25.49019607843137 percent,30.19607843137255 percent,44.705882352941174 percent,7.0 degree,bytearray(b'MAKGK785FG4100583'),255.0 count
91.76470588235294 percent,39.21568627450981 percent,19.607843137254903 percent,0 kilopascal,bytearray(b'37805-5V6-D6'),707.6 degree_Celsius,,0.9956725 ratio,14.217 volt,81 degree_Celsius,f02cf04a,5104.0 kilometer,27.0 kilometer,,,,,,,,,,,,,,,,,,,,,,,,,,,,,,,,,,,ELM327 v1.5,14.3 volt,60.0 percent,80.0 percent,"('Closed loop, using oxygen sensor feedback to determine fuel mix', '')",Gasoline,[],"[('P0138', 'O2 Sensor Circuit High Voltage')]",59 kilopascal,35 degree_Celsius,8.59375 percent,11000000000000000000000000000001,10000000000000000000000000000001,00000000000000000000000000000001,00000000000000000000000000000001,00000000000000000000000000000001,01111000000000000000000000000000,Unknown : 0.0 volt [PASSED],"Average misfire counts for last ten driving cycles : 0.0 count [PASSED]
Misfire counts for last/current driving cycles : 0.0 count [PASSED]","Average misfire counts for last ten driving cycles : 0.0 count [PASSED]
Misfire counts for last/current driving cycles : 0.0 count [PASSED]","Average misfire counts for last ten driving cycles : 0.0 count [PASSED]
Misfire counts for last/current driving cycles : 0.0 count [PASSED]","Average misfire counts for last ten driving cycles : 0.0 count [PASSED]
Misfire counts for last/current driving cycles : 0.0 count [PASSED]",,,0.58 volt,-0.0078125 milliampere,"((), (False, False, False, False), (False, False, True, True))",India OBD II (IOBD II),0101010001000000000000000000000000000000,10111110001111101010100000010011,10000000000001011011000000010001,01111010110100001000000000000000,16.862745098039216 percent,1564.0 revolutions_per_minute,734.0 second,7.8125 percent,30.0 kilometer_per_hour,<obd.OBDResponse.Status object at 0x788289210390>,18.03921568627451 percent,23.92156862745098 percent,39.21568627450981 percent,7.5 degree,bytearray(b'MAKGK785FG4100583'),255.0 count
72.94117647058823 percent,29.80392156862745 percent,14.901960784313726 percent,0 kilopascal,bytearray(b'37805-5V6-D6'),714.9000000000001 degree_Celsius,,1.000827 ratio,14.21 volt,81 degree_Celsius,f02cf04a,5104.0 kilometer,27.0 kilometer,,,,,,,,,,,,,,,,,,,,,,,,,,,,,,,,,,,ELM327 v1.5,14.2 volt,85.09803921568627 percent,99.6078431372549 percent,"('Closed loop, using oxygen sensor feedback to determine fuel mix', '')",Gasoline,[],"[('P0138', 'O2 Sensor Circuit High Voltage')]",86 kilopascal,35 degree_Celsius,8.59375 percent,11000000000000000000000000000001,10000000000000000000000000000001,00000000000000000000000000000001,00000000000000000000000000000001,00000000000000000000000000000001,01111000000000000000000000000000,Unknown : 0.0 volt [PASSED],"Average misfire counts for last ten driving cycles : 0.0 count [PASSED]
Misfire counts for last/current driving cycles : 0.0 count [PASSED]","Average misfire counts for last ten driving cycles : 0.0 count [PASSED]
Misfire counts for last/current driving cycles : 0.0 count [PASSED]","Average misfire counts for last ten driving cycles : 0.0 count [PASSED]
Misfire counts for last/current driving cycles : 0.0 count [PASSED]","Average misfire counts for last ten driving cycles : 0.0 count [PASSED]
Misfire counts for last/current driving cycles : 0.0 count [PASSED]",,,0.6 volt,0.00390625 milliampere,"((), (False, False, False, False), (False, False, True, True))",India OBD II (IOBD II),0101010001000000000000000000000000000000,10111110001111101010100000010011,10000000000001011011000000010001,01111010110100001000000000000000,18.823529411764707 percent,1722.0 revolutions_per_minute,738.0 second,8.59375 percent,32.0 kilometer_per_hour,<obd.OBDResponse.Status object at 0x788289212450>,20.392156862745097 percent,25.49019607843137 percent,40.78431372549019 percent,10.5 degree,bytearray(b'MAKGK785FG4100583'),255.0 count
81.56862745098039 percent,34.11764705882353 percent,17.254901960784313 percent,0 kilopascal,bytearray(b'37805-5V6-D6'),719.9000000000001 degree_Celsius,,0.99796 ratio,14.13 volt,81 degree_Celsius,f02cf04a,5104.0 kilometer,27.0 kilometer,,,,,,,,,,,,,,,,,,,,,,,,,,,,,,,,,,,ELM327 v1.5,14.3 volt,87.05882352941177 percent,99.6078431372549 percent,"('Closed loop, using oxygen sensor feedback to determine fuel mix', '')",Gasoline,[],"[('P0138', 'O2 Sensor Circuit High Voltage')]",87 kilopascal,35 degree_Celsius,8.59375 percent,11000000000000000000000000000001,10000000000000000000000000000001,00000000000000000000000000000001,00000000000000000000000000000001,00000000000000000000000000000001,01111000000000000000000000000000,Unknown : 0.0 volt [PASSED],"Average misfire counts for last ten driving cycles : 0.0 count [PASSED]
Misfire counts for last/current driving cycles : 0.0 count [PASSED]","Average misfire counts for last ten driving cycles : 0.0 count [PASSED]
Misfire counts for last/current driving cycles : 0.0 count [PASSED]","Average misfire counts for last ten driving cycles : 0.0 count [PASSED]
Misfire counts for last/current driving cycles : 0.0 count [PASSED]","Average misfire counts for last ten driving cycles : 0.0 count [PASSED]
Misfire counts for last/current driving cycles : 0.0 count [PASSED]",,,0.575 volt,-0.00390625 milliampere,"((), (False, False, False, False), (False, False, True, True))",India OBD II (IOBD II),0101010001000000000000000000000000000000,10111110001111101010100000010011,10000000000001011011000000010001,01111010110100001000000000000000,18.823529411764707 percent,1798.0 revolutions_per_minute,742.0 second,8.59375 percent,35.0 kilometer_per_hour,<obd.OBDResponse.Status object at 0x788289218590>,19.607843137254903 percent,25.098039215686274 percent,40.3921568627451 percent,10.0 degree,bytearray(b'MAKGK785FG4100583'),255.0 count
81.56862745098039 percent,32.15686274509804 percent,16.07843137254902 percent,0 kilopascal,bytearray(b'37805-5V6-D6'),729.5 degree_Celsius,,0.999119 ratio,14.11 volt,81 degree_Celsius,f02cf04a,5104.0 kilometer,27.0 kilometer,,,,,,,,,,,,,,,,,,,,,,,,,,,,,,,,,,,ELM327 v1.5,14.3 volt,80.7843137254902 percent,99.6078431372549 percent,"('Closed loop, using oxygen sensor feedback to determine fuel mix', '')",Gasoline,[],"[('P0138', 'O2 Sensor Circuit High Voltage')]",80 kilopascal,34 degree_Celsius,8.59375 percent,11000000000000000000000000000001,10000000000000000000000000000001,00000000000000000000000000000001,00000000000000000000000000000001,00000000000000000000000000000001,01111000000000000000000000000000,Unknown : 0.0 volt [PASSED],"Average misfire counts for last ten driving cycles : 0.0 count [PASSED]
Misfire counts for last/current driving cycles : 0.0 count [PASSED]","Average misfire counts for last ten driving cycles : 0.0 count [PASSED]
Misfire counts for last/current driving cycles : 0.0 count [PASSED]","Average misfire counts for last ten driving cycles : 0.0 count [PASSED]
Misfire counts for last/current driving cycles : 0.0 count [PASSED]","Average misfire counts for last ten driving cycles : 0.0 count [PASSED]
Misfire counts for last/current driving cycles : 0.0 count [PASSED]","Unknown : 10600.0 millisecond [PASSED]
Unknown : 31.0 ohm [PASSED]
Unknown : -1.53125 milliampere [PASSED]
Unknown : 3749.0 count [PASSED]",Unknown : 0.592 volt [PASSED],0.585 volt,-0.0390625 milliampere,"((), (False, False, False, False), (False, False, True, True))",India OBD II (IOBD II),0101010001000000000000000000000000000000,10111110001111101010100000010011,10000000000001011011000000010001,01111010110100001000000000000000,8.627450980392156 percent,1542.0 revolutions_per_minute,746.0 second,7.03125 percent,33.0 kilometer_per_hour,<obd.OBDResponse.Status object at 0x78828921b4d0>,8.235294117647058 percent,17.647058823529413 percent,34.11764705882353 percent,23.0 degree,bytearray(b'MAKGK785FG4100583'),255.0 count
41.1764705882353 percent,23.137254901960784 percent,11.372549019607844 percent,0 kilopascal,bytearray(b'37805-5V6-D6'),725.8000000000001 degree_Celsius,,0.9938425 ratio,14.122 volt,81 degree_Celsius,f02cf04a,5104.0 kilometer,27.0 kilometer,,,,,,,,,,,,,,,,,,,,,,,,,,,,,,,,,,,ELM327 v1.5,14.3 volt,22.352941176470587 percent,0.0 percent,"('Open loop due to engine load OR fuel cut due to deceleration', '')",Gasoline,[],"[('P0138', 'O2 Sensor Circuit High Voltage')]",22 kilopascal,34 degree_Celsius,8.59375 percent,11000000000000000000000000000001,10000000000000000000000000000001,00000000000000000000000000000001,00000000000000000000000000000001,00000000000000000000000000000001,01111000000000000000000000000000,Unknown : 0.0 volt [PASSED],"Average misfire counts for last ten driving cycles : 0.0 count [PASSED]
Misfire counts for last/current driving cycles : 0.0 count [PASSED]","Average misfire counts for last ten driving cycles : 0.0 count [PASSED]
Misfire counts for last/current driving cycles : 0.0 count [PASSED]","Average misfire counts for last ten driving cycles : 0.0 count [PASSED]
Misfire counts for last/current driving cycles : 0.0 count [PASSED]","Average misfire counts for last ten driving cycles : 0.0 count [PASSED]
Misfire counts for last/current driving cycles : 0.0 count [PASSED]",,,0.0 volt,1.45703125 milliampere,"((), (False, False, False, False), (False, False, True, True))",India OBD II (IOBD II),0101010001000000000000000000000000000000,10111110001111101010100000010011,10000000000001011011000000010001,01111010110100001000000000000000,8.627450980392156 percent,1450.0 revolutions_per_minute,750.0 second,0.0 percent,21.0 kilometer_per_hour,<obd.OBDResponse.Status object at 0x788289b3d090>,11.764705882352942 percent,20.0 percent,36.07843137254902 percent,19.0 degree,bytearray(b'MAKGK785FG4100583'),255.0 count
58.8235294117647 percent,30.58823529411765 percent,15.294117647058824 percent,0 kilopascal,bytearray(b'37805-5V6-D6'),708.1 degree_Celsius,,0.9368075 ratio,14.105 volt,82 degree_Celsius,f02cf04a,5104.0 kilometer,27.0 kilometer,,,,,,,,,,,,,,,,,,,,,,,,,,,,,,,,,,,ELM327 v1.5,14.3 volt,72.94117647058823 percent,54.11764705882353 percent,"('Closed loop, using oxygen sensor feedback to determine fuel mix', '')",Gasoline,[],"[('P0138', 'O2 Sensor Circuit High Voltage')]",73 kilopascal,35 degree_Celsius,8.59375 percent,11000000000000000000000000000001,10000000000000000000000000000001,00000000000000000000000000000001,00000000000000000000000000000001,00000000000000000000000000000001,01111000000000000000000000000000,Unknown : 0.0 volt [PASSED],"Average misfire counts for last ten driving cycles : 0.0 count [PASSED]
Misfire counts for last/current driving cycles : 0.0 count [PASSED]","Average misfire counts for last ten driving cycles : 0.0 count [PASSED]
Misfire counts for last/current driving cycles : 0.0 count [PASSED]","Average misfire counts for last ten driving cycles : 0.0 count [PASSED]
Misfire counts for last/current driving cycles : 0.0 count [PASSED]","Average misfire counts for last ten driving cycles : 0.0 count [PASSED]
Misfire counts for last/current driving cycles : 0.0 count [PASSED]",,,0.695 volt,-0.1484375 milliampere,"((), (False, False, False, False), (False, False, True, True))",India OBD II (IOBD II),0101010001000000000000000000000000000000,10111110001111101010100000010011,10000000000001011011000000010001,01111010110100001000000000000000,20.784313725490197 percent,1573.0 revolutions_per_minute,754.0 second,10.9375 percent,22.0 kilometer_per_hour,<obd.OBDResponse.Status object at 0x78828921efd0>,27.058823529411764 percent,30.19607843137255 percent,45.09803921568628 percent,5.0 degree,bytearray(b'MAKGK785FG4100583'),255.0 count
90.98039215686275 percent,39.21568627450981 percent,19.607843137254903 percent,0 kilopascal,bytearray(b'37805-5V6-D6'),709.7 degree_Celsius,,1.015589 ratio,14.247 volt,82 degree_Celsius,f02cf04a,5104.0 kilometer,27.0 kilometer,,,,,,,,,,,,,,,,,,,,,,,,,,,,,,,,,,,ELM327 v1.5,14.3 volt,90.19607843137256 percent,99.6078431372549 percent,"('Closed loop, using oxygen sensor feedback to determine fuel mix', '')",Gasoline,[],"[('P0138', 'O2 Sensor Circuit High Voltage')]",88 kilopascal,34 degree_Celsius,8.59375 percent,11000000000000000000000000000001,10000000000000000000000000000001,00000000000000000000000000000001,00000000000000000000000000000001,00000000000000000000000000000001,01111000000000000000000000000000,Unknown : 0.0 volt [PASSED],"Average misfire counts for last ten driving cycles : 0.0 count [PASSED]
Misfire counts for last/current driving cycles : 0.0 count [PASSED]","Average misfire counts for last ten driving cycles : 0.0 count [PASSED]
Misfire counts for last/current driving cycles : 0.0 count [PASSED]","Average misfire counts for last ten driving cycles : 0.0 count [PASSED]
Misfire counts for last/current driving cycles : 0.0 count [PASSED]","Average misfire counts for last ten driving cycles : 0.0 count [PASSED]
Misfire counts for last/current driving cycles : 0.0 count [PASSED]","Unknown : 10600.0 millisecond [PASSED]
Unknown : 32.0 ohm [PASSED]
Unknown : -1.53125 milliampere [PASSED]
Unknown : 3749.0 count [PASSED]",Unknown : 0.773 volt [PASSED],0.77 volt,0.03515625 milliampere,"((), (False, False, False, False), (False, False, True, True))",India OBD II (IOBD II),0101010001000000000000000000000000000000,10111110001111101010100000010011,10000000000001011011000000010001,01111010110100001000000000000000,20.392156862745097 percent,1770.0 revolutions_per_minute,759.0 second,8.59375 percent,32.0 kilometer_per_hour,<obd.OBDResponse.Status object at 0x7882891f5f50>,21.96078431372549 percent,26.666666666666668 percent,41.568627450980394 percent,8.5 degree,bytearray(b'MAKGK785FG4100583'),255.0 count
81.56862745098039 percent,34.11764705882353 percent,16.862745098039216 percent,0 kilopascal,bytearray(b'37805-5V6-D6'),723.7 degree_Celsius,,1.0289785 ratio,14.122 volt,81 degree_Celsius,f02cf04a,5104.0 kilometer,27.0 kilometer,,,,,,,,,,,,,,,,,,,,,,,,,,,,,,,,,,,ELM327 v1.5,14.3 volt,58.03921568627451 percent,78.43137254901961 percent,"('Closed loop, using oxygen sensor feedback to determine fuel mix', '')",Gasoline,[],"[('P0138', 'O2 Sensor Circuit High Voltage')]",54 kilopascal,34 degree_Celsius,8.59375 percent,11000000000000000000000000000001,10000000000000000000000000000001,00000000000000000000000000000001,00000000000000000000000000000001,00000000000000000000000000000001,01111000000000000000000000000000,Unknown : 0.0 volt [PASSED],"Average misfire counts for last ten driving cycles : 0.0 count [PASSED]
Misfire counts for last/current driving cycles : 0.0 count [PASSED]","Average misfire counts for last ten driving cycles : 0.0 count [PASSED]
Misfire counts for last/current driving cycles : 0.0 count [PASSED]","Average misfire counts for last ten driving cycles : 0.0 count [PASSED]
Misfire counts for last/current driving cycles : 0.0 count [PASSED]","Average misfire counts for last ten driving cycles : 0.0 count [PASSED]
Misfire counts for last/current driving cycles : 0.0 count [PASSED]",,Unknown : 0.666 volt [PASSED],0.585 volt,0.046875 milliampere,"((), (False, False, False, False), (False, False, True, True))",India OBD II (IOBD II),0101010001000000000000000000000000000000,10111110001111101010100000010011,10000000000001011011000000010001,01111010110100001000000000000000,14.117647058823529 percent,1592.0 revolutions_per_minute,763.0 second,5.46875 percent,35.0 kilometer_per_hour,<obd.OBDResponse.Status object at 0x7882891f7ed0>,14.901960784313726 percent,21.96078431372549 percent,37.64705882352941 percent,13.5 degree,bytearray(b'MAKGK785FG4100583'),255.0 count
72.15686274509804 percent,30.980392156862745 percent,15.294117647058824 percent,0 kilopascal,bytearray(b'37805-5V6-D6'),723.3000000000001 degree_Celsius,,0.993995 ratio,14.197000000000001 volt,82 degree_Celsius,f02cf04a,5104.0 kilometer,27.0 kilometer,,,,,,,,,,,,,,,,,,,,,,,,,,,,,,,,,,,ELM327 v1.5,14.3 volt,76.07843137254902 percent,89.80392156862744 percent,"('Closed loop, using oxygen sensor feedback to determine fuel mix', '')",Gasoline,[],"[('P0138', 'O2 Sensor Circuit High Voltage')]",75 kilopascal,34 degree_Celsius,8.59375 percent,11000000000000000000000000000001,10000000000000000000000000000001,00000000000000000000000000000001,00000000000000000000000000000001,00000000000000000000000000000001,01111000000000000000000000000000,Unknown : 0.0 volt [PASSED],"Average misfire counts for last ten driving cycles : 0.0 count [PASSED]
Misfire counts for last/current driving cycles : 0.0 count [PASSED]","Average misfire counts for last ten driving cycles : 0.0 count [PASSED]
Misfire counts for last/current driving cycles : 0.0 count [PASSED]","Average misfire counts for last ten driving cycles : 0.0 count [PASSED]
Misfire counts for last/current driving cycles : 0.0 count [PASSED]","Average misfire counts for last ten driving cycles : 0.0 count [PASSED]
Misfire counts for last/current driving cycles : 0.0 count [PASSED]",,,0.565 volt,0.0 milliampere,"((), (False, False, False, False), (False, False, True, True))",India OBD II (IOBD II),0101010001000000000000000000000000000000,10111110001111101010100000010011,10000000000001011011000000010001,01111010110100001000000000000000,12.549019607843137 percent,1567.0 revolutions_per_minute,767.0 second,7.03125 percent,35.0 kilometer_per_hour,<obd.OBDResponse.Status object at 0x7882891f9c90>,12.941176470588236 percent,20.392156862745097 percent,36.470588235294116 percent,19.0 degree,bytearray(b'MAKGK785FG4100583'),255.0 count
64.31372549019608 percent,29.019607843137255 percent,14.117647058823529 percent,0 kilopascal,bytearray(b'37805-5V6-D6'),721.2 degree_Celsius,,0.995398 ratio,14.11 volt,82 degree_Celsius,f02cf04a,5104.0 kilometer,27.0 kilometer,,,,,,,,,,,,,,,,,,,,,,,,,,,,,,,,,,,ELM327 v1.5,14.3 volt,39.21568627450981 percent,45.09803921568628 percent,"('Closed loop, using oxygen sensor feedback to determine fuel mix', '')",Gasoline,[],"[('P0138', 'O2 Sensor Circuit High Voltage')]",63 kilopascal,34 degree_Celsius,8.59375 percent,11000000000000000000000000000001,10000000000000000000000000000001,00000000000000000000000000000001,00000000000000000000000000000001,00000000000000000000000000000001,01111000000000000000000000000000,Unknown : 0.0 volt [PASSED],"Average misfire counts for last ten driving cycles : 0.0 count [PASSED]
Misfire counts for last/current driving cycles : 0.0 count [PASSED]","Average misfire counts for last ten driving cycles : 0.0 count [PASSED]
Misfire counts for last/current driving cycles : 0.0 count [PASSED]","Average misfire counts for last ten driving cycles : 0.0 count [PASSED]
Misfire counts for last/current driving cycles : 0.0 count [PASSED]","Average misfire counts for last ten driving cycles : 0.0 count [PASSED]
Misfire counts for last/current driving cycles : 0.0 count [PASSED]",,,0.6 volt,-0.01171875 milliampere,"((), (False, False, False, False), (False, False, True, True))",India OBD II (IOBD II),0101010001000000000000000000000000000000,10111110001111101010100000010011,10000000000001011011000000010001,01111010110100001000000000000000,10.196078431372548 percent,1555.0 revolutions_per_minute,771.0 second,5.46875 percent,30.0 kilometer_per_hour,<obd.OBDResponse.Status object at 0x7882891fbd50>,10.196078431372548 percent,18.431372549019606 percent,34.90196078431372 percent,21.0 degree,bytearray(b'MAKGK785FG4100583'),255.0 count
53.72549019607843 percent,29.41176470588235 percent,14.901960784313726 percent,0 kilopascal,bytearray(b'37805-5V6-D6'),712.1 degree_Celsius,,0.9939645 ratio,14.185 volt,82 degree_Celsius,f02cf04a,5104.0 kilometer,27.0 kilometer,,,,,,,,,,,,,,,,,,,,,,,,,,,,,,,,,,,ELM327 v1.5,14.3 volt,60.3921568627451 percent,79.2156862745098 percent,"('Closed loop, using oxygen sensor feedback to determine fuel mix', '')",Gasoline,[],"[('P0138', 'O2 Sensor Circuit High Voltage')]",70 kilopascal,34 degree_Celsius,8.59375 percent,11000000000000000000000000000001,10000000000000000000000000000001,00000000000000000000000000000001,00000000000000000000000000000001,00000000000000000000000000000001,01111000000000000000000000000000,Unknown : 0.0 volt [PASSED],"Average misfire counts for last ten driving cycles : 0.0 count [PASSED]
Misfire counts for last/current driving cycles : 0.0 count [PASSED]","Average misfire counts for last ten driving cycles : 0.0 count [PASSED]
Misfire counts for last/current driving cycles : 0.0 count [PASSED]","Average misfire counts for last ten driving cycles : 0.0 count [PASSED]
Misfire counts for last/current driving cycles : 0.0 count [PASSED]","Average misfire counts for last ten driving cycles : 0.0 count [PASSED]
Misfire counts for last/current driving cycles : 0.0 count [PASSED]",,,0.535 volt,-0.01953125 milliampere,"((), (False, False, False, False), (False, False, True, True))",India OBD II (IOBD II),0101010001000000000000000000000000000000,10111110001111101010100000010011,10000000000001011011000000010001,01111010110100001000000000000000,12.156862745098039 percent,1556.0 revolutions_per_minute,775.0 second,7.8125 percent,27.0 kilometer_per_hour,<obd.OBDResponse.Status object at 0x788289245e90>,12.941176470588236 percent,20.392156862745097 percent,36.470588235294116 percent,17.5 degree,bytearray(b'MAKGK785FG4100583'),255.0 count
66.66666666666667 percent,28.627450980392158 percent,14.117647058823529 percent,0 kilopascal,bytearray(b'37805-5V6-D6'),707.8000000000001 degree_Celsius,,0.9933545 ratio,14.21 volt,82 degree_Celsius,f02cf04a,5104.0 kilometer,27.0 kilometer,,,,,,,,,,,,,,,,,,,,,,,,,,,,,,,,,,,ELM327 v1.5,14.3 volt,63.92156862745098 percent,61.96078431372549 percent,"('Closed loop, using oxygen sensor feedback to determine fuel mix', '')",Gasoline,[],"[('P0138', 'O2 Sensor Circuit High Voltage')]",66 kilopascal,34 degree_Celsius,8.59375 percent,11000000000000000000000000000001,10000000000000000000000000000001,00000000000000000000000000000001,00000000000000000000000000000001,00000000000000000000000000000001,01111000000000000000000000000000,Unknown : 0.0 volt [PASSED],"Average misfire counts for last ten driving cycles : 0.0 count [PASSED]
Misfire counts for last/current driving cycles : 0.0 count [PASSED]","Average misfire counts for last ten driving cycles : 0.0 count [PASSED]
Misfire counts for last/current driving cycles : 0.0 count [PASSED]","Average misfire counts for last ten driving cycles : 0.0 count [PASSED]
Misfire counts for last/current driving cycles : 0.0 count [PASSED]","Average misfire counts for last ten driving cycles : 0.0 count [PASSED]
Misfire counts for last/current driving cycles : 0.0 count [PASSED]",,,0.56 volt,0.0 milliampere,"((), (False, False, False, False), (False, False, True, True))",India OBD II (IOBD II),0101010001000000000000000000000000000000,10111110001111101010100000010011,10000000000001011011000000010001,01111010110100001000000000000000,13.333333333333334 percent,1502.0 revolutions_per_minute,779.0 second,7.8125 percent,23.0 kilometer_per_hour,<obd.OBDResponse.Status object at 0x788289247f90>,16.470588235294116 percent,23.137254901960784 percent,38.431372549019606 percent,9.0 degree,bytearray(b'MAKGK785FG4100583'),255.0 count
78.82352941176471 percent,32.94117647058823 percent,16.470588235294116 percent,0 kilopascal,bytearray(b'37805-5V6-D6'),701.3000000000001 degree_Celsius,,0.996069 ratio,14.197000000000001 volt,82 degree_Celsius,f02cf04a,5105.0 kilometer,27.0 kilometer,,,,,,,,,,,,,,,,,,,,,,,,,,,,,,,,,,,ELM327 v1.5,14.2 volt,89.80392156862744 percent,96.86274509803921 percent,"('Closed loop, using oxygen sensor feedback to determine fuel mix', '')",Gasoline,[],"[('P0138', 'O2 Sensor Circuit High Voltage')]",90 kilopascal,34 degree_Celsius,7.8125 percent,11000000000000000000000000000001,10000000000000000000000000000001,00000000000000000000000000000001,00000000000000000000000000000001,00000000000000000000000000000001,01111000000000000000000000000000,Unknown : 0.0 volt [PASSED],"Average misfire counts for last ten driving cycles : 0.0 count [PASSED]
Misfire counts for last/current driving cycles : 0.0 count [PASSED]","Average misfire counts for last ten driving cycles : 0.0 count [PASSED]
Misfire counts for last/current driving cycles : 0.0 count [PASSED]","Average misfire counts for last ten driving cycles : 0.0 count [PASSED]
Misfire counts for last/current driving cycles : 0.0 count [PASSED]","Average misfire counts for last ten driving cycles : 0.0 count [PASSED]
Misfire counts for last/current driving cycles : 0.0 count [PASSED]",,,0.6 volt,0.0 milliampere,"((), (False, False, False, False), (False, False, True, True))",India OBD II (IOBD II),0101010001000000000000000000000000000000,10111110001111101010100000010011,10000000000001011011000000010001,01111010110100001000000000000000,22.352941176470587 percent,1846.0 revolutions_per_minute,783.0 second,8.59375 percent,27.0 kilometer_per_hour,<obd.OBDResponse.Status object at 0x78828924e0d0>,23.92156862745098 percent,27.84313725490196 percent,42.35294117647059 percent,9.5 degree,bytearray(b'MAKGK785FG4100583'),255.0 count
86.27450980392156 percent,35.294117647058826 percent,17.647058823529413 percent,0 kilopascal,bytearray(b'37805-5V6-D6'),715.4000000000001 degree_Celsius,,1.0010405 ratio,14.255 volt,82 degree_Celsius,f02cf04a,5105.0 kilometer,27.0 kilometer,,,,,,,,,,,,,,,,,,,,,,,,,,,,,,,,,,,ELM327 v1.5,14.2 volt,85.49019607843137 percent,94.50980392156863 percent,"('Closed loop, using oxygen sensor feedback to determine fuel mix', '')",Gasoline,[],"[('P0138', 'O2 Sensor Circuit High Voltage')]",85 kilopascal,34 degree_Celsius,7.8125 percent,11000000000000000000000000000001,10000000000000000000000000000001,00000000000000000000000000000001,00000000000000000000000000000001,00000000000000000000000000000001,01111000000000000000000000000000,Unknown : 0.0 volt [PASSED],"Average misfire counts for last ten driving cycles : 0.0 count [PASSED]
Misfire counts for last/current driving cycles : 0.0 count [PASSED]","Average misfire counts for last ten driving cycles : 0.0 count [PASSED]
Misfire counts for last/current driving cycles : 0.0 count [PASSED]","Average misfire counts for last ten driving cycles : 0.0 count [PASSED]
Misfire counts for last/current driving cycles : 0.0 count [PASSED]","Average misfire counts for last ten driving cycles : 0.0 count [PASSED]
Misfire counts for last/current driving cycles : 0.0 count [PASSED]",,,0.595 volt,0.0 milliampere,"((), (False, False, False, False), (False, False, True, True))",India OBD II (IOBD II),0101010001000000000000000000000000000000,10111110001111101010100000010011,10000000000001011011000000010001,01111010110100001000000000000000,12.156862745098039 percent,1719.0 revolutions_per_minute,787.0 second,7.8125 percent,32.0 kilometer_per_hour,<obd.OBDResponse.Status object at 0x788289254210>,8.235294117647058 percent,17.647058823529413 percent,34.11764705882353 percent,23.5 degree,bytearray(b'MAKGK785FG4100583'),255.0 count
42.745098039215684 percent,23.92156862745098 percent,11.764705882352942 percent,0 kilopascal,bytearray(b'37805-5V6-D6'),720.7 degree_Celsius,,0.9954895 ratio,14.26 volt,82 degree_Celsius,f02cf04a,5105.0 kilometer,27.0 kilometer,,,,,,,,,,,,,,,,,,,,,,,,,,,,,,,,,,,ELM327 v1.5,14.3 volt,75.68627450980392 percent,69.41176470588235 percent,"('Closed loop, using oxygen sensor feedback to determine fuel mix', '')",Gasoline,[],"[('P0138', 'O2 Sensor Circuit High Voltage')]",76 kilopascal,34 degree_Celsius,7.8125 percent,11000000000000000000000000000001,10000000000000000000000000000001,00000000000000000000000000000001,00000000000000000000000000000001,00000000000000000000000000000001,01111000000000000000000000000000,Unknown : 0.0 volt [PASSED],"Average misfire counts for last ten driving cycles : 0.0 count [PASSED]
Misfire counts for last/current driving cycles : 0.0 count [PASSED]","Average misfire counts for last ten driving cycles : 0.0 count [PASSED]
Misfire counts for last/current driving cycles : 0.0 count [PASSED]","Average misfire counts for last ten driving cycles : 0.0 count [PASSED]
Misfire counts for last/current driving cycles : 0.0 count [PASSED]","Average misfire counts for last ten driving cycles : 0.0 count [PASSED]
Misfire counts for last/current driving cycles : 0.0 count [PASSED]",,,0.56 volt,0.0234375 milliampere,"((), (False, False, False, False), (False, False, True, True))",India OBD II (IOBD II),0101010001000000000000000000000000000000,10111110001111101010100000010011,10000000000001011011000000010001,01111010110100001000000000000000,12.156862745098039 percent,1325.0 revolutions_per_minute,791.0 second,7.8125 percent,33.0 kilometer_per_hour,<obd.OBDResponse.Status object at 0x788289256310>,12.941176470588236 percent,20.392156862745097 percent,36.470588235294116 percent,9.0 degree,bytearray(b'MAKGK785FG4100583'),255.0 count
72.94117647058823 percent,30.19607843137255 percent,14.901960784313726 percent,0 kilopascal,bytearray(b'37805-5V6-D6'),711.3000000000001 degree_Celsius,,0.9925309999999999 ratio,14.185 volt,82 degree_Celsius,f02cf04a,5105.0 kilometer,27.0 kilometer,,,,,,,,,,,,,,,,,,,,,,,,,,,,,,,,,,,ELM327 v1.5,14.3 volt,81.56862745098039 percent,96.86274509803921 percent,"('Closed loop, using oxygen sensor feedback to determine fuel mix', '')",Gasoline,[],"[('P0138', 'O2 Sensor Circuit High Voltage')]",80 kilopascal,34 degree_Celsius,7.8125 percent,11000000000000000000000000000001,10000000000000000000000000000001,00000000000000000000000000000001,00000000000000000000000000000001,00000000000000000000000000000001,01111000000000000000000000000000,Unknown : 0.0 volt [PASSED],"Average misfire counts for last ten driving cycles : 0.0 count [PASSED]
Misfire counts for last/current driving cycles : 0.0 count [PASSED]","Average misfire counts for last ten driving cycles : 0.0 count [PASSED]
Misfire counts for last/current driving cycles : 0.0 count [PASSED]","Average misfire counts for last ten driving cycles : 0.0 count [PASSED]
Misfire counts for last/current driving cycles : 0.0 count [PASSED]","Average misfire counts for last ten driving cycles : 0.0 count [PASSED]
Misfire counts for last/current driving cycles : 0.0 count [PASSED]",,,0.575 volt,-0.0078125 milliampere,"((), (False, False, False, False), (False, False, True, True))",India OBD II (IOBD II),0101010001000000000000000000000000000000,10111110001111101010100000010011,10000000000001011011000000010001,01111010110100001000000000000000,14.901960784313726 percent,1527.0 revolutions_per_minute,796.0 second,7.8125 percent,37.0 kilometer_per_hour,<obd.OBDResponse.Status object at 0x78828925c450>,16.07843137254902 percent,22.745098039215687 percent,38.431372549019606 percent,9.5 degree,bytearray(b'MAKGK785FG4100583'),255.0 count
77.25490196078431 percent,31.372549019607842 percent,15.294117647058824 percent,0 kilopascal,bytearray(b'37805-5V6-D6'),712.4000000000001 degree_Celsius,,0.996679 ratio,14.135 volt,82 degree_Celsius,f02cf04a,5105.0 kilometer,27.0 kilometer,,,,,,,,,,,,,,,,,,,,,,,,,,,,,,,,,,,ELM327 v1.5,14.2 volt,71.37254901960785 percent,85.88235294117646 percent,"('Closed loop, using oxygen sensor feedback to determine fuel mix', '')",Gasoline,[],"[('P0138', 'O2 Sensor Circuit High Voltage')]",72 kilopascal,34 degree_Celsius,7.8125 percent,11000000000000000000000000000001,10000000000000000000000000000001,00000000000000000000000000000001,00000000000000000000000000000001,00000000000000000000000000000001,01111000000000000000000000000000,Unknown : 0.0 volt [PASSED],"Average misfire counts for last ten driving cycles : 0.0 count [PASSED]
Misfire counts for last/current driving cycles : 0.0 count [PASSED]","Average misfire counts for last ten driving cycles : 0.0 count [PASSED]
Misfire counts for last/current driving cycles : 0.0 count [PASSED]","Average misfire counts for last ten driving cycles : 0.0 count [PASSED]
Misfire counts for last/current driving cycles : 0.0 count [PASSED]","Average misfire counts for last ten driving cycles : 0.0 count [PASSED]
Misfire counts for last/current driving cycles : 0.0 count [PASSED]",,,0.57 volt,0.00390625 milliampere,"((), (False, False, False, False), (False, False, True, True))",India OBD II (IOBD II),0101010001000000000000000000000000000000,10111110001111101010100000010011,10000000000001011011000000010001,01111010110100001000000000000000,14.901960784313726 percent,1402.0 revolutions_per_minute,800.0 second,7.8125 percent,40.0 kilometer_per_hour,<obd.OBDResponse.Status object at 0x78828925e550>,16.07843137254902 percent,22.745098039215687 percent,38.431372549019606 percent,7.5 degree,bytearray(b'MAKGK785FG4100583'),255.0 count
78.43137254901961 percent,32.15686274509804 percent,16.07843137254902 percent,0 kilopascal,bytearray(b'37805-5V6-D6'),709.5 degree_Celsius,,0.9962215 ratio,14.122 volt,82 degree_Celsius,f02cf04a,5105.0 kilometer,27.0 kilometer,,,,,,,,,,,,,,,,,,,,,,,,,,,,,,,,,,,ELM327 v1.5,14.2 volt,81.96078431372548 percent,98.82352941176471 percent,"('Closed loop, using oxygen sensor feedback to determine fuel mix', '')",Gasoline,[],"[('P0138', 'O2 Sensor Circuit High Voltage')]",80 kilopascal,34 degree_Celsius,7.8125 percent,11000000000000000000000000000001,10000000000000000000000000000001,00000000000000000000000000000001,00000000000000000000000000000001,00000000000000000000000000000001,01111000000000000000000000000000,Unknown : 0.0 volt [PASSED],"Average misfire counts for last ten driving cycles : 0.0 count [PASSED]
Misfire counts for last/current driving cycles : 0.0 count [PASSED]","Average misfire counts for last ten driving cycles : 0.0 count [PASSED]
Misfire counts for last/current driving cycles : 0.0 count [PASSED]","Average misfire counts for last ten driving cycles : 0.0 count [PASSED]
Misfire counts for last/current driving cycles : 0.0 count [PASSED]","Average misfire counts for last ten driving cycles : 0.0 count [PASSED]
Misfire counts for last/current driving cycles : 0.0 count [PASSED]",,,0.595 volt,-0.00390625 milliampere,"((), (False, False, False, False), (False, False, True, True))",India OBD II (IOBD II),0101010001000000000000000000000000000000,10111110001111101010100000010011,10000000000001011011000000010001,01111010110100001000000000000000,16.470588235294116 percent,1766.0 revolutions_per_minute,804.0 second,8.59375 percent,42.0 kilometer_per_hour,<obd.OBDResponse.Status object at 0x788289260690>,17.647058823529413 percent,23.92156862745098 percent,39.21568627450981 percent,12.5 degree,bytearray(b'MAKGK785FG4100583'),255.0 count
76.86274509803921 percent,32.549019607843135 percent,16.470588235294116 percent,0 kilopascal,bytearray(b'37805-5V6-D6'),715.9000000000001 degree_Celsius,,1.0004305 ratio,14.105 volt,82 degree_Celsius,f02cf04a,5105.0 kilometer,27.0 kilometer,,,,,,,,,,,,,,,,,,,,,,,,,,,,,,,,,,,ELM327 v1.5,14.0 volt,65.49019607843137 percent,60.78431372549019 percent,"('Closed loop, using oxygen sensor feedback to determine fuel mix', '')",Gasoline,[],"[('P0138', 'O2 Sensor Circuit High Voltage')]",70 kilopascal,34 degree_Celsius,7.8125 percent,11000000000000000000000000000001,10000000000000000000000000000001,00000000000000000000000000000001,00000000000000000000000000000001,00000000000000000000000000000001,01111000000000000000000000000000,Unknown : 0.0 volt [PASSED],"Average misfire counts for last ten driving cycles : 0.0 count [PASSED]
Misfire counts for last/current driving cycles : 0.0 count [PASSED]","Average misfire counts for last ten driving cycles : 0.0 count [PASSED]
Misfire counts for last/current driving cycles : 0.0 count [PASSED]","Average misfire counts for last ten driving cycles : 0.0 count [PASSED]
Misfire counts for last/current driving cycles : 0.0 count [PASSED]","Average misfire counts for last ten driving cycles : 0.0 count [PASSED]
Misfire counts for last/current driving cycles : 0.0 count [PASSED]",,,0.56 volt,0.01171875 milliampere,"((), (False, False, False, False), (False, False, True, True))",India OBD II (IOBD II),0101010001000000000000000000000000000000,10111110001111101010100000010011,10000000000001011011000000010001,01111010110100001000000000000000,11.372549019607844 percent,1341.0 revolutions_per_minute,808.0 second,7.03125 percent,43.0 kilometer_per_hour,<obd.OBDResponse.Status object at 0x788289262790>,12.549019607843137 percent,20.0 percent,36.07843137254902 percent,13.0 degree,bytearray(b'MAKGK785FG4100583'),255.0 count
69.01960784313725 percent,29.41176470588235 percent,14.509803921568627 percent,0 kilopascal,bytearray(b'37805-5V6-D6'),711.1 degree_Celsius,,0.9603229999999999 ratio,14.21 volt,82 degree_Celsius,f02cf04a,5105.0 kilometer,27.0 kilometer,,,,,,,,,,,,,,,,,,,,,,,,,,,,,,,,,,,ELM327 v1.5,14.1 volt,34.90196078431372 percent,34.509803921568626 percent,"('Closed loop, using oxygen sensor feedback to determine fuel mix', '')",Gasoline,[],"[('P0138', 'O2 Sensor Circuit High Voltage')]",30 kilopascal,34 degree_Celsius,7.8125 percent,11000000000000000000000000000001,10000000000000000000000000000001,00000000000000000000000000000001,00000000000000000000000000000001,00000000000000000000000000000001,01111000000000000000000000000000,Unknown : 0.0 volt [PASSED],"Average misfire counts for last ten driving cycles : 0.0 count [PASSED]
Misfire counts for last/current driving cycles : 0.0 count [PASSED]","Average misfire counts for last ten driving cycles : 0.0 count [PASSED]
Misfire counts for last/current driving cycles : 0.0 count [PASSED]","Average misfire counts for last ten driving cycles : 0.0 count [PASSED]
Misfire counts for last/current driving cycles : 0.0 count [PASSED]","Average misfire counts for last ten driving cycles : 0.0 count [PASSED]
Misfire counts for last/current driving cycles : 0.0 count [PASSED]",,,0.465 volt,-0.01953125 milliampere,"((), (False, False, False, False), (False, False, True, True))",India OBD II (IOBD II),0101010001000000000000000000000000000000,10111110001111101010100000010011,10000000000001011011000000010001,01111010110100001000000000000000,3.9215686274509802 percent,1243.0 revolutions_per_minute,812.0 second,0.0 percent,36.0 kilometer_per_hour,<obd.OBDResponse.Status object at 0x78828922c8d0>,4.313725490196078 percent,14.901960784313726 percent,31.764705882352942 percent,-25.0 degree,bytearray(b'MAKGK785FG4100583'),255.0 count
22.745098039215687 percent,18.823529411764707 percent,9.411764705882353 percent,0 kilopascal,bytearray(b'37805-5V6-D6'),694.6 degree_Celsius,,1.9988175 ratio,14.242 volt,82 degree_Celsius,f02cf04a,5105.0 kilometer,27.0 kilometer,,,,,,,,,,,,,,,,,,,,,,,,,,,,,,,,,,,ELM327 v1.5,14.3 volt,24.705882352941178 percent,0.0 percent,"('Open loop due to engine load OR fuel cut due to deceleration', '')",Gasoline,[],"[('P0138', 'O2 Sensor Circuit High Voltage')]",26 kilopascal,34 degree_Celsius,7.8125 percent,11000000000000000000000000000001,10000000000000000000000000000001,00000000000000000000000000000001,00000000000000000000000000000001,00000000000000000000000000000001,01111000000000000000000000000000,Unknown : 0.0 volt [PASSED],"Average misfire counts for last ten driving cycles : 0.0 count [PASSED]
Misfire counts for last/current driving cycles : 0.0 count [PASSED]","Average misfire counts for last ten driving cycles : 0.0 count [PASSED]
Misfire counts for last/current driving cycles : 0.0 count [PASSED]","Average misfire counts for last ten driving cycles : 0.0 count [PASSED]
Misfire counts for last/current driving cycles : 0.0 count [PASSED]","Average misfire counts for last ten driving cycles : 0.0 count [PASSED]
Misfire counts for last/current driving cycles : 0.0 count [PASSED]",,,0.0 volt,1.49609375 milliampere,"((), (False, False, False, False), (False, False, True, True))",India OBD II (IOBD II),0101010001000000000000000000000000000000,10111110001111101010100000010011,10000000000001011011000000010001,01111010110100001000000000000000,7.450980392156863 percent,1238.0 revolutions_per_minute,816.0 second,0.0 percent,22.0 kilometer_per_hour,<obd.OBDResponse.Status object at 0x78828922e9d0>,12.549019607843137 percent,20.392156862745097 percent,36.86274509803921 percent,8.0 degree,bytearray(b'MAKGK785FG4100583'),255.0 count
65.49019607843137 percent,30.19607843137255 percent,15.294117647058824 percent,0 kilopascal,bytearray(b'37805-5V6-D6'),673.4000000000001 degree_Celsius,,0.935313 ratio,14.167 volt,82 degree_Celsius,f02cf04a,5105.0 kilometer,27.0 kilometer,,,,,,,,,,,,,,,,,,,,,,,,,,,,,,,,,,,ELM327 v1.5,14.1 volt,87.84313725490196 percent,92.54901960784314 percent,"('Closed loop, using oxygen sensor feedback to determine fuel mix', '')",Gasoline,[],"[('P0138', 'O2 Sensor Circuit High Voltage')]",87 kilopascal,34 degree_Celsius,7.8125 percent,11000000000000000000000000000001,10000000000000000000000000000001,00000000000000000000000000000001,00000000000000000000000000000001,00000000000000000000000000000001,01111000000000000000000000000000,Unknown : 0.0 volt [PASSED],"Average misfire counts for last ten driving cycles : 0.0 count [PASSED]
Misfire counts for last/current driving cycles : 0.0 count [PASSED]","Average misfire counts for last ten driving cycles : 0.0 count [PASSED]
Misfire counts for last/current driving cycles : 0.0 count [PASSED]","Average misfire counts for last ten driving cycles : 0.0 count [PASSED]
Misfire counts for last/current driving cycles : 0.0 count [PASSED]","Average misfire counts for last ten driving cycles : 0.0 count [PASSED]
Misfire counts for last/current driving cycles : 0.0 count [PASSED]",,,0.805 volt,-0.015625 milliampere,"((), (False, False, False, False), (False, False, True, True))",India OBD II (IOBD II),0101010001000000000000000000000000000000,10111110001111101010100000010011,10000000000001011011000000010001,01111010110100001000000000000000,10.980392156862745 percent,1671.0 revolutions_per_minute,820.0 second,9.375 percent,29.0 kilometer_per_hour,<obd.OBDResponse.Status object at 0x788289070b10>,10.980392156862745 percent,19.215686274509803 percent,35.68627450980392 percent,21.5 degree,bytearray(b'MAKGK785FG4100583'),255.0 count
56.07843137254902 percent,27.84313725490196 percent,14.117647058823529 percent,0 kilopascal,bytearray(b'37805-5V6-D6'),683.0 degree_Celsius,,1.017907 ratio,14.222 volt,81 degree_Celsius,f02cf04a,5105.0 kilometer,27.0 kilometer,,,,,,,,,,,,,,,,,,,,,,,,,,,,,,,,,,,ELM327 v1.5,14.1 volt,64.70588235294117 percent,67.45098039215686 percent,"('Closed loop, using oxygen sensor feedback to determine fuel mix', '')",Gasoline,[],"[('P0138', 'O2 Sensor Circuit High Voltage')]",65 kilopascal,34 degree_Celsius,7.8125 percent,11000000000000000000000000000001,10000000000000000000000000000001,00000000000000000000000000000001,00000000000000000000000000000001,00000000000000000000000000000001,01111000000000000000000000000000,Unknown : 0.0 volt [PASSED],"Average misfire counts for last ten driving cycles : 0.0 count [PASSED]
Misfire counts for last/current driving cycles : 0.0 count [PASSED]","Average misfire counts for last ten driving cycles : 0.0 count [PASSED]
Misfire counts for last/current driving cycles : 0.0 count [PASSED]","Average misfire counts for last ten driving cycles : 0.0 count [PASSED]
Misfire counts for last/current driving cycles : 0.0 count [PASSED]","Average misfire counts for last ten driving cycles : 0.0 count [PASSED]
Misfire counts for last/current driving cycles : 0.0 count [PASSED]",,,0.785 volt,0.05859375 milliampere,"((), (False, False, False, False), (False, False, True, True))",India OBD II (IOBD II),0101010001000000000000000000000000000000,10111110001111101010100000010011,10000000000001011011000000010001,01111010110100001000000000000000,9.803921568627452 percent,1196.0 revolutions_per_minute,824.0 second,7.8125 percent,33.0 kilometer_per_hour,<obd.OBDResponse.Status object at 0x788289072c10>,10.588235294117647 percent,18.823529411764707 percent,35.294117647058826 percent,15.0 degree,bytearray(b'MAKGK785FG4100583'),255.0 count
62.745098039215684 percent,27.84313725490196 percent,14.117647058823529 percent,0 kilopascal,bytearray(b'37805-5V6-D6'),676.6 degree_Celsius,,1.030595 ratio,14.122 volt,81 degree_Celsius,f02cf04a,5105.0 kilometer,27.0 kilometer,,,,,,,,,,,,,,,,,,,,,,,,,,,,,,,,,,,ELM327 v1.5,14.2 volt,77.25490196078431 percent,81.56862745098039 percent,"('Closed loop, using oxygen sensor feedback to determine fuel mix', '')",Gasoline,[],"[('P0138', 'O2 Sensor Circuit High Voltage')]",76 kilopascal,34 degree_Celsius,7.8125 percent,11000000000000000000000000000001,10000000000000000000000000000001,00000000000000000000000000000001,00000000000000000000000000000001,00000000000000000000000000000001,01111000000000000000000000000000,Unknown : 0.0 volt [PASSED],"Average misfire counts for last ten driving cycles : 0.0 count [PASSED]
Misfire counts for last/current driving cycles : 0.0 count [PASSED]","Average misfire counts for last ten driving cycles : 0.0 count [PASSED]
Misfire counts for last/current driving cycles : 0.0 count [PASSED]","Average misfire counts for last ten driving cycles : 0.0 count [PASSED]
Misfire counts for last/current driving cycles : 0.0 count [PASSED]","Average misfire counts for last ten driving cycles : 0.0 count [PASSED]
Misfire counts for last/current driving cycles : 0.0 count [PASSED]","Unknown : 10600.0 millisecond [PASSED]
Unknown : 32.0 ohm [PASSED]
Unknown : -1.53125 milliampere [PASSED]
Unknown : 3749.0 count [PASSED]",Unknown : 0.677 volt [PASSED],0.68 volt,-0.0390625 milliampere,"((), (False, False, False, False), (False, False, True, True))",India OBD II (IOBD II),0101010001000000000000000000000000000000,10111110001111101010100000010011,10000000000001011011000000010001,01111010110100001000000000000000,12.941176470588236 percent,1464.0 revolutions_per_minute,828.0 second,9.375 percent,34.0 kilometer_per_hour,<obd.OBDResponse.Status object at 0x78828907db90>,14.117647058823529 percent,21.176470588235293 percent,37.254901960784316 percent,11.5 degree,bytearray(b'MAKGK785FG4100583'),255.0 count
72.54901960784314 percent,27.45098039215686 percent,13.72549019607843 percent,0 kilopascal,bytearray(b'37805-5V6-D6'),675.7 degree_Celsius,,1.014003 ratio,14.147 volt,81 degree_Celsius,f02cf04a,5105.0 kilometer,27.0 kilometer,,,,,,,,,,,,,,,,,,,,,,,,,,,,,,,,,,,ELM327 v1.5,13.8 volt,41.568627450980394 percent,36.07843137254902 percent,"('Closed loop, using oxygen sensor feedback to determine fuel mix', '')",Gasoline,[],"[('P0138', 'O2 Sensor Circuit High Voltage')]",34 kilopascal,34 degree_Celsius,7.8125 percent,11000000000000000000000000000001,10000000000000000000000000000001,00000000000000000000000000000001,00000000000000000000000000000001,00000000000000000000000000000001,01111000000000000000000000000000,Unknown : 0.0 volt [PASSED],"Average misfire counts for last ten driving cycles : 0.0 count [PASSED]
Misfire counts for last/current driving cycles : 0.0 count [PASSED]","Average misfire counts for last ten driving cycles : 0.0 count [PASSED]
Misfire counts for last/current driving cycles : 0.0 count [PASSED]","Average misfire counts for last ten driving cycles : 0.0 count [PASSED]
Misfire counts for last/current driving cycles : 0.0 count [PASSED]","Average misfire counts for last ten driving cycles : 0.0 count [PASSED]
Misfire counts for last/current driving cycles : 0.0 count [PASSED]",,,0.65 volt,0.0390625 milliampere,"((), (False, False, False, False), (False, False, True, True))",India OBD II (IOBD II),0101010001000000000000000000000000000000,10111110001111101010100000010011,10000000000001011011000000010001,01111010110100001000000000000000,3.9215686274509802 percent,1139.0 revolutions_per_minute,833.0 second,0.0 percent,33.0 kilometer_per_hour,<obd.OBDResponse.Status object at 0x78828907c910>,8.235294117647058 percent,17.254901960784313 percent,33.72549019607843 percent,7.0 degree,bytearray(b'MAKGK785FG4100583'),255.0 count
43.13725490196078 percent,29.41176470588235 percent,14.901960784313726 percent,0 kilopascal,bytearray(b'37805-5V6-D6'),665.7 degree_Celsius,,0.935313 ratio,14.185 volt,81 degree_Celsius,f02cf04a,5105.0 kilometer,27.0 kilometer,,,,,,,,,,,,,,,,,,,,,,,,,,,,,,,,,,,ELM327 v1.5,14.3 volt,48.23529411764706 percent,51.76470588235294 percent,"('Closed loop, using oxygen sensor feedback to determine fuel mix', '')",Gasoline,[],"[('P0138', 'O2 Sensor Circuit High Voltage')]",40 kilopascal,34 degree_Celsius,7.8125 percent,11000000000000000000000000000001,10000000000000000000000000000001,00000000000000000000000000000001,00000000000000000000000000000001,00000000000000000000000000000001,01111000000000000000000000000000,Unknown : 0.0 volt [PASSED],"Average misfire counts for last ten driving cycles : 0.0 count [PASSED]
Misfire counts for last/current driving cycles : 0.0 count [PASSED]","Average misfire counts for last ten driving cycles : 0.0 count [PASSED]
Misfire counts for last/current driving cycles : 0.0 count [PASSED]","Average misfire counts for last ten driving cycles : 0.0 count [PASSED]
Misfire counts for last/current driving cycles : 0.0 count [PASSED]","Average misfire counts for last ten driving cycles : 0.0 count [PASSED]
Misfire counts for last/current driving cycles : 0.0 count [PASSED]",,,0.22 volt,-0.15234375 milliampere,"((), (False, False, False, False), (False, False, True, True))",India OBD II (IOBD II),0101010001000000000000000000000000000000,10111110001111101010100000010011,10000000000001011011000000010001,01111010110100001000000000000000,3.9215686274509802 percent,1186.0 revolutions_per_minute,837.0 second,7.03125 percent,36.0 kilometer_per_hour,<obd.OBDResponse.Status object at 0x788289085690>,4.313725490196078 percent,14.901960784313726 percent,31.764705882352942 percent,-24.0 degree,bytearray(b'MAKGK785FG4100583'),255.0 count
24.313725490196077 percent,18.823529411764707 percent,9.411764705882353 percent,0 kilopascal,bytearray(b'37805-5V6-D6'),660.6 degree_Celsius,,1.9988175 ratio,14.280000000000001 volt,81 degree_Celsius,f02cf04a,5105.0 kilometer,27.0 kilometer,,,,,,,,,,,,,,,,,,,,,,,,,,,,,,,,,,,ELM327 v1.5,14.2 volt,24.313725490196077 percent,0.0 percent,"('Open loop due to engine load OR fuel cut due to deceleration', '')",Gasoline,[],"[('P0138', 'O2 Sensor Circuit High Voltage')]",24 kilopascal,34 degree_Celsius,7.8125 percent,11000000000000000000000000000001,10000000000000000000000000000001,00000000000000000000000000000001,00000000000000000000000000000001,00000000000000000000000000000001,01111000000000000000000000000000,Unknown : 0.0 volt [PASSED],"Average misfire counts for last ten driving cycles : 0.0 count [PASSED]
Misfire counts for last/current driving cycles : 0.0 count [PASSED]","Average misfire counts for last ten driving cycles : 0.0 count [PASSED]
Misfire counts for last/current driving cycles : 0.0 count [PASSED]","Average misfire counts for last ten driving cycles : 0.0 count [PASSED]
Misfire counts for last/current driving cycles : 0.0 count [PASSED]","Average misfire counts for last ten driving cycles : 0.0 count [PASSED]
Misfire counts for last/current driving cycles : 0.0 count [PASSED]",,,0.0 volt,1.49609375 milliampere,"((), (False, False, False, False), (False, False, True, True))",India OBD II (IOBD II),0101010001000000000000000000000000000000,10111110001111101010100000010011,10000000000001011011000000010001,01111010110100001000000000000000,3.9215686274509802 percent,1273.0 revolutions_per_minute,841.0 second,0.0 percent,36.0 kilometer_per_hour,<obd.OBDResponse.Status object at 0x788289087790>,4.313725490196078 percent,14.901960784313726 percent,32.15686274509804 percent,-25.0 degree,bytearray(b'MAKGK785FG4100583'),255.0 count
22.745098039215687 percent,18.823529411764707 percent,9.411764705882353 percent,0 kilopascal,bytearray(b'37805-5V6-D6'),632.4000000000001 degree_Celsius,,1.9988175 ratio,14.335 volt,81 degree_Celsius,f02cf04a,5105.0 kilometer,27.0 kilometer,,,,,,,,,,,,,,,,,,,,,,,,,,,,,,,,,,,ELM327 v1.5,14.3 volt,38.431372549019606 percent,0.0 percent,"('Open loop due to insufficient engine temperature', '')",Gasoline,[],"[('P0138', 'O2 Sensor Circuit High Voltage')]",42 kilopascal,34 degree_Celsius,7.8125 percent,11000000000000000000000000000001,10000000000000000000000000000001,00000000000000000000000000000001,00000000000000000000000000000001,00000000000000000000000000000001,01111000000000000000000000000000,Unknown : 0.0 volt [PASSED],"Average misfire counts for last ten driving cycles : 0.0 count [PASSED]
Misfire counts for last/current driving cycles : 0.0 count [PASSED]","Average misfire counts for last ten driving cycles : 0.0 count [PASSED]
Misfire counts for last/current driving cycles : 0.0 count [PASSED]","Average misfire counts for last ten driving cycles : 0.0 count [PASSED]
Misfire counts for last/current driving cycles : 0.0 count [PASSED]","Average misfire counts for last ten driving cycles : 0.0 count [PASSED]
Misfire counts for last/current driving cycles : 0.0 count [PASSED]",,,0.075 volt,-0.19140625 milliampere,"((), (False, False, False, False), (False, False, True, True))",India OBD II (IOBD II),0101010001000000000000000000000000000000,10111110001111101010100000010011,10000000000001011011000000010001,01111010110100001000000000000000,7.450980392156863 percent,1119.0 revolutions_per_minute,845.0 second,10.9375 percent,40.0 kilometer_per_hour,<obd.OBDResponse.Status object at 0x78828908d8d0>,8.627450980392156 percent,17.647058823529413 percent,34.509803921568626 percent,18.0 degree,bytearray(b'MAKGK785FG4100583'),255.0 count
50.588235294117645 percent,25.88235294117647 percent,12.941176470588236 percent,0 kilopascal,bytearray(b'37805-5V6-D6'),619.6 degree_Celsius,,0.935313 ratio,14.255 volt,80 degree_Celsius,f02cf04a,5105.0 kilometer,27.0 kilometer,,,,,,,,,,,,,,,,,,,,,,,,,,,,,,,,,,,ELM327 v1.5,14.2 volt,52.15686274509804 percent,23.529411764705884 percent,"('Closed loop, using oxygen sensor feedback to determine fuel mix', '')",Gasoline,[],"[('P0138', 'O2 Sensor Circuit High Voltage')]",43 kilopascal,34 degree_Celsius,7.8125 percent,11000000000000000000000000000001,10000000000000000000000000000001,00000000000000000000000000000001,00000000000000000000000000000001,00000000000000000000000000000001,01111000000000000000000000000000,Unknown : 0.0 volt [PASSED],"Average misfire counts for last ten driving cycles : 0.0 count [PASSED]
Misfire counts for last/current driving cycles : 0.0 count [PASSED]","Average misfire counts for last ten driving cycles : 0.0 count [PASSED]
Misfire counts for last/current driving cycles : 0.0 count [PASSED]","Average misfire counts for last ten driving cycles : 0.0 count [PASSED]
Misfire counts for last/current driving cycles : 0.0 count [PASSED]","Average misfire counts for last ten driving cycles : 0.0 count [PASSED]
Misfire counts for last/current driving cycles : 0.0 count [PASSED]",,,0.125 volt,-0.12109375 milliampere,"((), (False, False, False, False), (False, False, True, True))",India OBD II (IOBD II),0101010001000000000000000000000000000000,10111110001111101010100000010011,10000000000001011011000000010001,01111010110100001000000000000000,3.9215686274509802 percent,1078.0 revolutions_per_minute,849.0 second,10.9375 percent,47.0 kilometer_per_hour,<obd.OBDResponse.Status object at 0x78828908f9d0>,4.313725490196078 percent,14.901960784313726 percent,31.764705882352942 percent,-5.5 degree,bytearray(b'MAKGK785FG4100583'),255.0 count
25.49019607843137 percent,19.215686274509803 percent,9.411764705882353 percent,0 kilopascal,bytearray(b'37805-5V6-D6'),613.8000000000001 degree_Celsius,,1.9988175 ratio,14.297 volt,80 degree_Celsius,f02cf04a,5105.0 kilometer,27.0 kilometer,,,,,,,,,,,,,,,,,,,,,,,,,,,,,,,,,,,ELM327 v1.5,14.2 volt,22.745098039215687 percent,0.0 percent,"('Open loop due to engine load OR fuel cut due to deceleration', '')",Gasoline,[],"[('P0138', 'O2 Sensor Circuit High Voltage')]",23 kilopascal,34 degree_Celsius,7.8125 percent,11000000000000000000000000000001,10000000000000000000000000000001,00000000000000000000000000000001,00000000000000000000000000000001,00000000000000000000000000000001,01111000000000000000000000000000,Unknown : 0.0 volt [PASSED],"Average misfire counts for last ten driving cycles : 0.0 count [PASSED]
Misfire counts for last/current driving cycles : 0.0 count [PASSED]","Average misfire counts for last ten driving cycles : 0.0 count [PASSED]
Misfire counts for last/current driving cycles : 0.0 count [PASSED]","Average misfire counts for last ten driving cycles : 0.0 count [PASSED]
Misfire counts for last/current driving cycles : 0.0 count [PASSED]","Average misfire counts for last ten driving cycles : 0.0 count [PASSED]
Misfire counts for last/current driving cycles : 0.0 count [PASSED]",,,0.0 volt,1.4609375 milliampere,"((), (False, False, False, False), (False, False, True, True))",India OBD II (IOBD II),0101010001000000000000000000000000000000,10111110001111101010100000010011,10000000000001011011000000010001,01111010110100001000000000000000,3.9215686274509802 percent,1287.0 revolutions_per_minute,853.0 second,0.0 percent,47.0 kilometer_per_hour,<obd.OBDResponse.Status object at 0x788289091b10>,4.313725490196078 percent,14.901960784313726 percent,32.15686274509804 percent,-25.0 degree,bytearray(b'MAKGK785FG4100583'),255.0 count
23.137254901960784 percent,18.823529411764707 percent,9.411764705882353 percent,0 kilopascal,bytearray(b'37805-5V6-D6'),587.5 degree_Celsius,,1.9988175 ratio,14.242 volt,80 degree_Celsius,f02cf04a,5105.0 kilometer,27.0 kilometer,,,,,,,,,,,,,,,,,,,,,,,,,,,,,,,,,,,ELM327 v1.5,14.3 volt,23.529411764705884 percent,0.0 percent,"('Open loop due to engine load OR fuel cut due to deceleration', '')",Gasoline,[],"[('P0138', 'O2 Sensor Circuit High Voltage')]",23 kilopascal,34 degree_Celsius,7.8125 percent,11000000000000000000000000000001,10000000000000000000000000000001,00000000000000000000000000000001,00000000000000000000000000000001,00000000000000000000000000000001,01111000000000000000000000000000,Unknown : 0.0 volt [PASSED],"Average misfire counts for last ten driving cycles : 0.0 count [PASSED]
Misfire counts for last/current driving cycles : 0.0 count [PASSED]","Average misfire counts for last ten driving cycles : 0.0 count [PASSED]
Misfire counts for last/current driving cycles : 0.0 count [PASSED]","Average misfire counts for last ten driving cycles : 0.0 count [PASSED]
Misfire counts for last/current driving cycles : 0.0 count [PASSED]","Average misfire counts for last ten driving cycles : 0.0 count [PASSED]
Misfire counts for last/current driving cycles : 0.0 count [PASSED]",,,0.0 volt,1.51953125 milliampere,"((), (False, False, False, False), (False, False, True, True))",India OBD II (IOBD II),0101010001000000000000000000000000000000,10111110001111101010100000010011,10000000000001011011000000010001,01111010110100001000000000000000,4.313725490196078 percent,1278.0 revolutions_per_minute,857.0 second,0.0 percent,46.0 kilometer_per_hour,<obd.OBDResponse.Status object at 0x788289093c10>,4.313725490196078 percent,14.901960784313726 percent,32.15686274509804 percent,-25.0 degree,bytearray(b'MAKGK785FG4100583'),255.0 count
22.352941176470587 percent,18.823529411764707 percent,9.411764705882353 percent,0 kilopascal,bytearray(b'37805-5V6-D6'),572.4 degree_Celsius,,1.9988175 ratio,14.280000000000001 volt,79 degree_Celsius,f02cf04a,5105.0 kilometer,27.0 kilometer,,,,,,,,,,,,,,,,,,,,,,,,,,,,,,,,,,,ELM327 v1.5,14.3 volt,24.313725490196077 percent,0.0 percent,"('Open loop due to engine load OR fuel cut due to deceleration', '')",Gasoline,[],"[('P0138', 'O2 Sensor Circuit High Voltage')]",25 kilopascal,34 degree_Celsius,7.8125 percent,11000000000000000000000000000001,10000000000000000000000000000001,00000000000000000000000000000001,00000000000000000000000000000001,00000000000000000000000000000001,01111000000000000000000000000000,Unknown : 0.0 volt [PASSED],"Average misfire counts for last ten driving cycles : 0.0 count [PASSED]
Misfire counts for last/current driving cycles : 0.0 count [PASSED]","Average misfire counts for last ten driving cycles : 0.0 count [PASSED]
Misfire counts for last/current driving cycles : 0.0 count [PASSED]","Average misfire counts for last ten driving cycles : 0.0 count [PASSED]
Misfire counts for last/current driving cycles : 0.0 count [PASSED]","Average misfire counts for last ten driving cycles : 0.0 count [PASSED]
Misfire counts for last/current driving cycles : 0.0 count [PASSED]",,,0.0 volt,1.46484375 milliampere,"((), (False, False, False, False), (False, False, True, True))",India OBD II (IOBD II),0101010001000000000000000000000000000000,10111110001111101010100000010011,10000000000001011011000000010001,01111010110100001000000000000000,9.019607843137255 percent,1246.0 revolutions_per_minute,861.0 second,0.0 percent,39.0 kilometer_per_hour,<obd.OBDResponse.Status object at 0x7882890a5d50>,9.803921568627452 percent,18.431372549019606 percent,34.90196078431372 percent,8.5 degree,bytearray(b'MAKGK785FG4100583'),255.0 count
51.76470588235294 percent,27.84313725490196 percent,14.117647058823529 percent,0 kilopascal,bytearray(b'37805-5V6-D6'),565.9 degree_Celsius,,0.935313 ratio,14.217 volt,78 degree_Celsius,f02cf04a,5105.0 kilometer,27.0 kilometer,,,,,,,,,,,,,,,,,,,,,,,,,,,,,,,,,,,ELM327 v1.5,14.3 volt,47.450980392156865 percent,36.07843137254902 percent,"('Closed loop, using oxygen sensor feedback to determine fuel mix', '')",Gasoline,[],"[('P0138', 'O2 Sensor Circuit High Voltage')]",39 kilopascal,35 degree_Celsius,7.8125 percent,11000000000000000000000000000001,10000000000000000000000000000001,00000000000000000000000000000001,00000000000000000000000000000001,00000000000000000000000000000001,01111000000000000000000000000000,Unknown : 0.0 volt [PASSED],"Average misfire counts for last ten driving cycles : 0.0 count [PASSED]
Misfire counts for last/current driving cycles : 0.0 count [PASSED]","Average misfire counts for last ten driving cycles : 0.0 count [PASSED]
Misfire counts for last/current driving cycles : 0.0 count [PASSED]","Average misfire counts for last ten driving cycles : 0.0 count [PASSED]
Misfire counts for last/current driving cycles : 0.0 count [PASSED]","Average misfire counts for last ten driving cycles : 0.0 count [PASSED]
Misfire counts for last/current driving cycles : 0.0 count [PASSED]",,,0.135 volt,-0.1171875 milliampere,"((), (False, False, False, False), (False, False, True, True))",India OBD II (IOBD II),0101010001000000000000000000000000000000,10111110001111101010100000010011,10000000000001011011000000010001,01111010110100001000000000000000,4.313725490196078 percent,1172.0 revolutions_per_minute,865.0 second,0.0 percent,38.0 kilometer_per_hour,<obd.OBDResponse.Status object at 0x7882890a7e50>,4.705882352941177 percent,14.901960784313726 percent,32.15686274509804 percent,-22.5 degree,bytearray(b'MAKGK785FG4100583'),255.0 count
25.49019607843137 percent,18.823529411764707 percent,9.411764705882353 percent,0 kilopascal,bytearray(b'37805-5V6-D6'),568.4 degree_Celsius,,1.9988175 ratio,14.272 volt,78 degree_Celsius,f02cf04a,5105.0 kilometer,27.0 kilometer,,,,,,,,,,,,,,,,,,,,,,,,,,,,,,,,,,,ELM327 v1.5,14.2 volt,70.98039215686275 percent,0.0 percent,"('Closed loop, using oxygen sensor feedback to determine fuel mix', '')",Gasoline,[],"[('P0138', 'O2 Sensor Circuit High Voltage')]",63 kilopascal,34 degree_Celsius,7.8125 percent,11000000000000000000000000000001,10000000000000000000000000000001,00000000000000000000000000000001,00000000000000000000000000000001,00000000000000000000000000000001,01111000000000000000000000000000,Unknown : 0.0 volt [PASSED],"Average misfire counts for last ten driving cycles : 0.0 count [PASSED]
Misfire counts for last/current driving cycles : 0.0 count [PASSED]","Average misfire counts for last ten driving cycles : 0.0 count [PASSED]
Misfire counts for last/current driving cycles : 0.0 count [PASSED]","Average misfire counts for last ten driving cycles : 0.0 count [PASSED]
Misfire counts for last/current driving cycles : 0.0 count [PASSED]","Average misfire counts for last ten driving cycles : 0.0 count [PASSED]
Misfire counts for last/current driving cycles : 0.0 count [PASSED]",,,0.155 volt,-0.0234375 milliampere,"((), (False, False, False, False), (False, False, True, True))",India OBD II (IOBD II),0101010001000000000000000000000000000000,10111110001111101010100000010011,10000000000001011011000000010001,01111010110100001000000000000000,16.07843137254902 percent,1455.0 revolutions_per_minute,870.0 second,14.84375 percent,38.0 kilometer_per_hour,<obd.OBDResponse.Status object at 0x7882890adf90>,18.823529411764707 percent,24.705882352941178 percent,40.0 percent,7.5 degree,bytearray(b'MAKGK785FG4100583'),255.0 count
82.74509803921569 percent,34.509803921568626 percent,17.254901960784313 percent,0 kilopascal,bytearray(b'37805-5V6-D6'),572.8000000000001 degree_Celsius,,0.935313 ratio,14.172 volt,78 degree_Celsius,f02cf04a,5105.0 kilometer,27.0 kilometer,,,,,,,,,,,,,,,,,,,,,,,,,,,,,,,,,,,ELM327 v1.5,14.2 volt,81.56862745098039 percent,87.05882352941177 percent,"('Closed loop, using oxygen sensor feedback to determine fuel mix', '')",Gasoline,[],"[('P0138', 'O2 Sensor Circuit High Voltage')]",82 kilopascal,34 degree_Celsius,7.8125 percent,11000000000000000000000000000001,10000000000000000000000000000001,00000000000000000000000000000001,00000000000000000000000000000001,00000000000000000000000000000001,01111000000000000000000000000000,Unknown : 0.0 volt [PASSED],"Average misfire counts for last ten driving cycles : 0.0 count [PASSED]
Misfire counts for last/current driving cycles : 0.0 count [PASSED]","Average misfire counts for last ten driving cycles : 0.0 count [PASSED]
Misfire counts for last/current driving cycles : 0.0 count [PASSED]","Average misfire counts for last ten driving cycles : 0.0 count [PASSED]
Misfire counts for last/current driving cycles : 0.0 count [PASSED]","Average misfire counts for last ten driving cycles : 0.0 count [PASSED]
Misfire counts for last/current driving cycles : 0.0 count [PASSED]",,,0.76 volt,0.0234375 milliampere,"((), (False, False, False, False), (False, False, True, True))",India OBD II (IOBD II),0101010001000000000000000000000000000000,10111110001111101010100000010011,10000000000001011011000000010001,01111010110100001000000000000000,16.470588235294116 percent,1627.0 revolutions_per_minute,874.0 second,10.15625 percent,46.0 kilometer_per_hour,<obd.OBDResponse.Status object at 0x7882890b40d0>,18.03921568627451 percent,23.92156862745098 percent,39.21568627450981 percent,10.0 degree,bytearray(b'MAKGK785FG4100583'),255.0 count
79.2156862745098 percent,32.94117647058823 percent,16.470588235294116 percent,0 kilopascal,bytearray(b'37805-5V6-D6'),595.7 degree_Celsius,,1.0252269999999999 ratio,14.31 volt,78 degree_Celsius,f02cf04a,5105.0 kilometer,27.0 kilometer,,,,,,,,,,,,,,,,,,,,,,,,,,,,,,,,,,,ELM327 v1.5,14.2 volt,80.7843137254902 percent,0.0 percent,"('Closed loop, using oxygen sensor feedback to determine fuel mix', '')",Gasoline,[],"[('P0138', 'O2 Sensor Circuit High Voltage')]",81 kilopascal,34 degree_Celsius,7.8125 percent,11000000000000000000000000000001,10000000000000000000000000000001,00000000000000000000000000000001,00000000000000000000000000000001,00000000000000000000000000000001,01111000000000000000000000000000,Unknown : 0.0 volt [PASSED],"Average misfire counts for last ten driving cycles : 0.0 count [PASSED]
Misfire counts for last/current driving cycles : 0.0 count [PASSED]","Average misfire counts for last ten driving cycles : 0.0 count [PASSED]
Misfire counts for last/current driving cycles : 0.0 count [PASSED]","Average misfire counts for last ten driving cycles : 0.0 count [PASSED]
Misfire counts for last/current driving cycles : 0.0 count [PASSED]","Average misfire counts for last ten driving cycles : 0.0 count [PASSED]
Misfire counts for last/current driving cycles : 0.0 count [PASSED]",,,0.675 volt,-0.015625 milliampere,"((), (False, False, False, False), (False, False, True, True))",India OBD II (IOBD II),0101010001000000000000000000000000000000,10111110001111101010100000010011,10000000000001011011000000010001,01111010110100001000000000000000,4.313725490196078 percent,1118.0 revolutions_per_minute,878.0 second,6.25 percent,49.0 kilometer_per_hour,<obd.OBDResponse.Status object at 0x7882890b61d0>,4.705882352941177 percent,14.901960784313726 percent,32.15686274509804 percent,4.0 degree,bytearray(b'MAKGK785FG4100583'),255.0 count
29.019607843137255 percent,19.215686274509803 percent,9.411764705882353 percent,0 kilopascal,bytearray(b'37805-5V6-D6'),613.0 degree_Celsius,,1.009611 ratio,14.272 volt,79 degree_Celsius,f02cf04a,5106.0 kilometer,27.0 kilometer,,,,,,,,,,,,,,,,,,,,,,,,,,,,,,,,,,,ELM327 v1.5,14.1 volt,24.313725490196077 percent,0.0 percent,"('Open loop due to engine load OR fuel cut due to deceleration', '')",Gasoline,[],"[('P0138', 'O2 Sensor Circuit High Voltage')]",24 kilopascal,34 degree_Celsius,7.8125 percent,11000000000000000000000000000001,10000000000000000000000000000001,00000000000000000000000000000001,00000000000000000000000000000001,00000000000000000000000000000001,01111000000000000000000000000000,Unknown : 0.0 volt [PASSED],"Average misfire counts for last ten driving cycles : 0.0 count [PASSED]
Misfire counts for last/current driving cycles : 0.0 count [PASSED]","Average misfire counts for last ten driving cycles : 0.0 count [PASSED]
Misfire counts for last/current driving cycles : 0.0 count [PASSED]","Average misfire counts for last ten driving cycles : 0.0 count [PASSED]
Misfire counts for last/current driving cycles : 0.0 count [PASSED]","Average misfire counts for last ten driving cycles : 0.0 count [PASSED]
Misfire counts for last/current driving cycles : 0.0 count [PASSED]","Unknown : 10600.0 millisecond [PASSED]
Unknown : 31.0 ohm [PASSED]
Unknown : -1.53125 milliampere [PASSED]
Unknown : 3749.0 count [PASSED]",Unknown : 0.673 volt [PASSED],0.0 volt,1.40625 milliampere,"((), (False, False, False, False), (False, False, True, True))",India OBD II (IOBD II),0101010001000000000000000000000000000000,10111110001111101010100000010011,10000000000001011011000000010001,01111010110100001000000000000000,4.313725490196078 percent,1215.0 revolutions_per_minute,882.0 second,0.0 percent,39.0 kilometer_per_hour,<obd.OBDResponse.Status object at 0x7882890b9150>,4.705882352941177 percent,14.901960784313726 percent,32.15686274509804 percent,-25.0 degree,bytearray(b'MAKGK785FG4100583'),255.0 count
25.49019607843137 percent,23.529411764705884 percent,11.764705882352942 percent,0 kilopascal,bytearray(b'37805-5V6-D6'),591.7 degree_Celsius,,0.935313 ratio,13.98 volt,79 degree_Celsius,f02cf04a,5106.0 kilometer,27.0 kilometer,,,,,,,,,,,,,,,,,,,,,,,,,,,,,,,,,,,ELM327 v1.5,14.2 volt,85.09803921568627 percent,69.41176470588235 percent,"('Closed loop, using oxygen sensor feedback to determine fuel mix', '')",Gasoline,[],"[('P0138', 'O2 Sensor Circuit High Voltage')]",85 kilopascal,34 degree_Celsius,7.8125 percent,11000000000000000000000000000001,10000000000000000000000000000001,00000000000000000000000000000001,00000000000000000000000000000001,00000000000000000000000000000001,01111000000000000000000000000000,Unknown : 0.0 volt [PASSED],"Average misfire counts for last ten driving cycles : 0.0 count [PASSED]
Misfire counts for last/current driving cycles : 0.0 count [PASSED]","Average misfire counts for last ten driving cycles : 0.0 count [PASSED]
Misfire counts for last/current driving cycles : 0.0 count [PASSED]","Average misfire counts for last ten driving cycles : 0.0 count [PASSED]
Misfire counts for last/current driving cycles : 0.0 count [PASSED]","Average misfire counts for last ten driving cycles : 0.0 count [PASSED]
Misfire counts for last/current driving cycles : 0.0 count [PASSED]","Unknown : 10600.0 millisecond [PASSED]
Unknown : 32.0 ohm [PASSED]
Unknown : -1.53125 milliampere [PASSED]
Unknown : 3749.0 count [PASSED]",Unknown : 0.683 volt [PASSED],0.69 volt,-0.1875 milliampere,"((), (False, False, False, False), (False, False, True, True))",India OBD II (IOBD II),0101010001000000000000000000000000000000,10111110001111101010100000010011,10000000000001011011000000010001,01111010110100001000000000000000,18.03921568627451 percent,1681.0 revolutions_per_minute,886.0 second,13.28125 percent,40.0 kilometer_per_hour,<obd.OBDResponse.Status object at 0x7882890bb990>,19.215686274509803 percent,24.705882352941178 percent,40.0 percent,9.5 degree,bytearray(b'MAKGK785FG4100583'),255.0 count
80.3921568627451 percent,33.333333333333336 percent,16.862745098039216 percent,0 kilopascal,bytearray(b'37805-5V6-D6'),613.6 degree_Celsius,,1.015894 ratio,14.122 volt,79 degree_Celsius,f02cf04a,5106.0 kilometer,27.0 kilometer,,,,,,,,,,,,,,,,,,,,,,,,,,,,,,,,,,,ELM327 v1.5,14.1 volt,41.568627450980394 percent,40.0 percent,"('Closed loop, using oxygen sensor feedback to determine fuel mix', '')",Gasoline,[],"[('P0138', 'O2 Sensor Circuit High Voltage')]",43 kilopascal,34 degree_Celsius,7.8125 percent,11000000000000000000000000000001,10000000000000000000000000000001,00000000000000000000000000000001,00000000000000000000000000000001,00000000000000000000000000000001,01111000000000000000000000000000,Unknown : 0.0 volt [PASSED],"Average misfire counts for last ten driving cycles : 0.0 count [PASSED]
Misfire counts for last/current driving cycles : 0.0 count [PASSED]","Average misfire counts for last ten driving cycles : 0.0 count [PASSED]
Misfire counts for last/current driving cycles : 0.0 count [PASSED]","Average misfire counts for last ten driving cycles : 0.0 count [PASSED]
Misfire counts for last/current driving cycles : 0.0 count [PASSED]","Average misfire counts for last ten driving cycles : 0.0 count [PASSED]
Misfire counts for last/current driving cycles : 0.0 count [PASSED]",,,0.73 volt,0.0078125 milliampere,"((), (False, False, False, False), (False, False, True, True))",India OBD II (IOBD II),0101010001000000000000000000000000000000,10111110001111101010100000010011,10000000000001011011000000010001,01111010110100001000000000000000,6.666666666666667 percent,1092.0 revolutions_per_minute,890.0 second,2.34375 percent,48.0 kilometer_per_hour,<obd.OBDResponse.Status object at 0x7882891aaa50>,7.0588235294117645 percent,16.470588235294116 percent,33.333333333333336 percent,18.5 degree,bytearray(b'MAKGK785FG4100583'),255.0 count
41.96078431372549 percent,22.745098039215687 percent,11.372549019607844 percent,0 kilopascal,bytearray(b'37805-5V6-D6'),614.4000000000001 degree_Celsius,,1.0291005 ratio,14.035 volt,79 degree_Celsius,f02cf04a,5106.0 kilometer,27.0 kilometer,,,,,,,,,,,,,,,,,,,,,,,,,,,,,,,,,,,ELM327 v1.5,14.3 volt,25.49019607843137 percent,0.0 percent,"('Open loop due to engine load OR fuel cut due to deceleration', '')",Gasoline,[],"[('P0138', 'O2 Sensor Circuit High Voltage')]",24 kilopascal,34 degree_Celsius,7.8125 percent,11000000000000000000000000000001,10000000000000000000000000000001,00000000000000000000000000000001,00000000000000000000000000000001,00000000000000000000000000000001,01111000000000000000000000000000,Unknown : 0.0 volt [PASSED],"Average misfire counts for last ten driving cycles : 0.0 count [PASSED]
Misfire counts for last/current driving cycles : 0.0 count [PASSED]","Average misfire counts for last ten driving cycles : 0.0 count [PASSED]
Misfire counts for last/current driving cycles : 0.0 count [PASSED]","Average misfire counts for last ten driving cycles : 0.0 count [PASSED]
Misfire counts for last/current driving cycles : 0.0 count [PASSED]","Average misfire counts for last ten driving cycles : 0.0 count [PASSED]
Misfire counts for last/current driving cycles : 0.0 count [PASSED]",,,0.015 volt,1.421875 milliampere,"((), (False, False, False, False), (False, False, True, True))",India OBD II (IOBD II),0101010001000000000000000000000000000000,10111110001111101010100000010011,10000000000001011011000000010001,01111010110100001000000000000000,4.313725490196078 percent,1310.0 revolutions_per_minute,894.0 second,0.0 percent,50.0 kilometer_per_hour,<obd.OBDResponse.Status object at 0x7882890c7450>,4.313725490196078 percent,14.901960784313726 percent,32.15686274509804 percent,-25.0 degree,bytearray(b'MAKGK785FG4100583'),255.0 count
21.96078431372549 percent,18.823529411764707 percent,9.411764705882353 percent,0 kilopascal,bytearray(b'37805-5V6-D6'),595.8000000000001 degree_Celsius,,1.9988175 ratio,14.23 volt,80 degree_Celsius,f02cf04a,5106.0 kilometer,27.0 kilometer,,,,,,,,,,,,,,,,,,,,,,,,,,,,,,,,,,,ELM327 v1.5,14.3 volt,23.529411764705884 percent,0.0 percent,"('Open loop due to engine load OR fuel cut due to deceleration', '')",Gasoline,[],"[('P0138', 'O2 Sensor Circuit High Voltage')]",23 kilopascal,34 degree_Celsius,7.8125 percent,11000000000000000000000000000001,10000000000000000000000000000001,00000000000000000000000000000001,00000000000000000000000000000001,00000000000000000000000000000001,01111000000000000000000000000000,Unknown : 0.0 volt [PASSED],"Average misfire counts for last ten driving cycles : 0.0 count [PASSED]
Misfire counts for last/current driving cycles : 0.0 count [PASSED]","Average misfire counts for last ten driving cycles : 0.0 count [PASSED]
Misfire counts for last/current driving cycles : 0.0 count [PASSED]","Average misfire counts for last ten driving cycles : 0.0 count [PASSED]
Misfire counts for last/current driving cycles : 0.0 count [PASSED]","Average misfire counts for last ten driving cycles : 0.0 count [PASSED]
Misfire counts for last/current driving cycles : 0.0 count [PASSED]",,,0.0 volt,1.484375 milliampere,"((), (False, False, False, False), (False, False, True, True))",India OBD II (IOBD II),0101010001000000000000000000000000000000,10111110001111101010100000010011,10000000000001011011000000010001,01111010110100001000000000000000,4.313725490196078 percent,1286.0 revolutions_per_minute,898.0 second,0.0 percent,46.0 kilometer_per_hour,<obd.OBDResponse.Status object at 0x7882890cd590>,4.705882352941177 percent,14.901960784313726 percent,32.15686274509804 percent,-25.0 degree,bytearray(b'MAKGK785FG4100583'),255.0 count
21.56862745098039 percent,18.823529411764707 percent,9.411764705882353 percent,0 kilopascal,bytearray(b'37805-5V6-D6'),575.1 degree_Celsius,,1.9988175 ratio,14.317 volt,80 degree_Celsius,f02cf04a,5106.0 kilometer,27.0 kilometer,,,,,,,,,,,,,,,,,,,,,,,,,,,,,,,,,,,ELM327 v1.5,14.3 volt,23.92156862745098 percent,0.0 percent,"('Open loop due to engine load OR fuel cut due to deceleration', '')",Gasoline,[],"[('P0138', 'O2 Sensor Circuit High Voltage')]",23 kilopascal,34 degree_Celsius,7.8125 percent,11000000000000000000000000000001,10000000000000000000000000000001,00000000000000000000000000000001,00000000000000000000000000000001,00000000000000000000000000000001,01111000000000000000000000000000,Unknown : 0.0 volt [PASSED],"Average misfire counts for last ten driving cycles : 0.0 count [PASSED]
Misfire counts for last/current driving cycles : 0.0 count [PASSED]","Average misfire counts for last ten driving cycles : 0.0 count [PASSED]
Misfire counts for last/current driving cycles : 0.0 count [PASSED]","Average misfire counts for last ten driving cycles : 0.0 count [PASSED]
Misfire counts for last/current driving cycles : 0.0 count [PASSED]","Average misfire counts for last ten driving cycles : 0.0 count [PASSED]
Misfire counts for last/current driving cycles : 0.0 count [PASSED]",,,0.0 volt,1.5234375 milliampere,"((), (False, False, False, False), (False, False, True, True))",India OBD II (IOBD II),0101010001000000000000000000000000000000,10111110001111101010100000010011,10000000000001011011000000010001,01111010110100001000000000000000,4.313725490196078 percent,1281.0 revolutions_per_minute,903.0 second,0.0 percent,45.0 kilometer_per_hour,<obd.OBDResponse.Status object at 0x7882890cf690>,4.705882352941177 percent,14.901960784313726 percent,32.15686274509804 percent,-25.0 degree,bytearray(b'MAKGK785FG4100583'),255.0 count
22.745098039215687 percent,18.823529411764707 percent,9.411764705882353 percent,0 kilopascal,bytearray(b'37805-5V6-D6'),565.7 degree_Celsius,,1.9988175 ratio,14.285 volt,79 degree_Celsius,f02cf04a,5106.0 kilometer,27.0 kilometer,,,,,,,,,,,,,,,,,,,,,,,,,,,,,,,,,,,ELM327 v1.5,14.1 volt,23.529411764705884 percent,0.0 percent,"('Open loop due to engine load OR fuel cut due to deceleration', '')",Gasoline,[],"[('P0138', 'O2 Sensor Circuit High Voltage')]",23 kilopascal,34 degree_Celsius,7.8125 percent,11000000000000000000000000000001,10000000000000000000000000000001,00000000000000000000000000000001,00000000000000000000000000000001,00000000000000000000000000000001,01111000000000000000000000000000,Unknown : 0.0 volt [PASSED],"Average misfire counts for last ten driving cycles : 0.0 count [PASSED]
Misfire counts for last/current driving cycles : 0.0 count [PASSED]","Average misfire counts for last ten driving cycles : 0.0 count [PASSED]
Misfire counts for last/current driving cycles : 0.0 count [PASSED]","Average misfire counts for last ten driving cycles : 0.0 count [PASSED]
Misfire counts for last/current driving cycles : 0.0 count [PASSED]","Average misfire counts for last ten driving cycles : 0.0 count [PASSED]
Misfire counts for last/current driving cycles : 0.0 count [PASSED]",,,0.0 volt,1.4765625 milliampere,"((), (False, False, False, False), (False, False, True, True))",India OBD II (IOBD II),0101010001000000000000000000000000000000,10111110001111101010100000010011,10000000000001011011000000010001,01111010110100001000000000000000,4.313725490196078 percent,1275.0 revolutions_per_minute,907.0 second,0.0 percent,45.0 kilometer_per_hour,<obd.OBDResponse.Status object at 0x7882890d17d0>,4.705882352941177 percent,14.901960784313726 percent,32.15686274509804 percent,-25.0 degree,bytearray(b'MAKGK785FG4100583'),255.0 count
22.352941176470587 percent,19.215686274509803 percent,9.411764705882353 percent,0 kilopascal,bytearray(b'37805-5V6-D6'),555.9 degree_Celsius,,1.9988175 ratio,14.297 volt,79 degree_Celsius,f02cf04a,5106.0 kilometer,27.0 kilometer,,,,,,,,,,,,,,,,,,,,,,,,,,,,,,,,,,,ELM327 v1.5,14.3 volt,23.137254901960784 percent,0.0 percent,"('Open loop due to engine load OR fuel cut due to deceleration', '')",Gasoline,[],"[('P0138', 'O2 Sensor Circuit High Voltage')]",27 kilopascal,34 degree_Celsius,7.8125 percent,11000000000000000000000000000001,10000000000000000000000000000001,00000000000000000000000000000001,00000000000000000000000000000001,00000000000000000000000000000001,01111000000000000000000000000000,Unknown : 0.0 volt [PASSED],"Average misfire counts for last ten driving cycles : 0.0 count [PASSED]
Misfire counts for last/current driving cycles : 0.0 count [PASSED]","Average misfire counts for last ten driving cycles : 0.0 count [PASSED]
Misfire counts for last/current driving cycles : 0.0 count [PASSED]","Average misfire counts for last ten driving cycles : 0.0 count [PASSED]
Misfire counts for last/current driving cycles : 0.0 count [PASSED]","Average misfire counts for last ten driving cycles : 0.0 count [PASSED]
Misfire counts for last/current driving cycles : 0.0 count [PASSED]",,,0.025 volt,0.12109375 milliampere,"((), (False, False, False, False), (False, False, True, True))",India OBD II (IOBD II),0101010001000000000000000000000000000000,10111110001111101010100000010011,10000000000001011011000000010001,01111010110100001000000000000000,8.235294117647058 percent,1091.0 revolutions_per_minute,911.0 second,0.0 percent,40.0 kilometer_per_hour,<obd.OBDResponse.Status object at 0x7882890d38d0>,9.411764705882353 percent,18.431372549019606 percent,34.90196078431372 percent,17.5 degree,bytearray(b'MAKGK785FG4100583'),255.0 count
53.333333333333336 percent,25.098039215686274 percent,12.549019607843137 percent,0 kilopascal,bytearray(b'37805-5V6-D6'),550.9 degree_Celsius,,0.935313 ratio,14.205 volt,78 degree_Celsius,f02cf04a,5106.0 kilometer,27.0 kilometer,,,,,,,,,,,,,,,,,,,,,,,,,,,,,,,,,,,ELM327 v1.5,14.0 volt,37.64705882352941 percent,5.098039215686274 percent,"('Closed loop, using oxygen sensor feedback to determine fuel mix', '')",Gasoline,[],"[('P0138', 'O2 Sensor Circuit High Voltage')]",41 kilopascal,34 degree_Celsius,7.8125 percent,11000000000000000000000000000001,10000000000000000000000000000001,00000000000000000000000000000001,00000000000000000000000000000001,00000000000000000000000000000001,01111000000000000000000000000000,Unknown : 0.0 volt [PASSED],"Average misfire counts for last ten driving cycles : 0.0 count [PASSED]
Misfire counts for last/current driving cycles : 0.0 count [PASSED]","Average misfire counts for last ten driving cycles : 0.0 count [PASSED]
Misfire counts for last/current driving cycles : 0.0 count [PASSED]","Average misfire counts for last ten driving cycles : 0.0 count [PASSED]
Misfire counts for last/current driving cycles : 0.0 count [PASSED]","Average misfire counts for last ten driving cycles : 0.0 count [PASSED]
Misfire counts for last/current driving cycles : 0.0 count [PASSED]",,,0.105 volt,-0.17578125 milliampere,"((), (False, False, False, False), (False, False, True, True))",India OBD II (IOBD II),0101010001000000000000000000000000000000,10111110001111101010100000010011,10000000000001011011000000010001,01111010110100001000000000000000,7.0588235294117645 percent,1087.0 revolutions_per_minute,915.0 second,13.28125 percent,37.0 kilometer_per_hour,<obd.OBDResponse.Status object at 0x7882890e1a10>,8.235294117647058 percent,17.254901960784313 percent,33.72549019607843 percent,18.5 degree,bytearray(b'MAKGK785FG4100583'),255.0 count
45.09803921568627 percent,25.098039215686274 percent,12.549019607843137 percent,0 kilopascal,bytearray(b'37805-5V6-D6'),549.5 degree_Celsius,,0.935313 ratio,14.205 volt,78 degree_Celsius,f02cf04a,5106.0 kilometer,27.0 kilometer,,,,,,,,,,,,,,,,,,,,,,,,,,,,,,,,,,,ELM327 v1.5,14.2 volt,52.94117647058823 percent,10.980392156862745 percent,"('Closed loop, using oxygen sensor feedback to determine fuel mix', '')",Gasoline,[],"[('P0138', 'O2 Sensor Circuit High Voltage')]",56 kilopascal,34 degree_Celsius,7.8125 percent,11000000000000000000000000000001,10000000000000000000000000000001,00000000000000000000000000000001,00000000000000000000000000000001,00000000000000000000000000000001,01111000000000000000000000000000,Unknown : 0.0 volt [PASSED],"Average misfire counts for last ten driving cycles : 0.0 count [PASSED]
Misfire counts for last/current driving cycles : 0.0 count [PASSED]","Average misfire counts for last ten driving cycles : 0.0 count [PASSED]
Misfire counts for last/current driving cycles : 0.0 count [PASSED]","Average misfire counts for last ten driving cycles : 0.0 count [PASSED]
Misfire counts for last/current driving cycles : 0.0 count [PASSED]","Average misfire counts for last ten driving cycles : 0.0 count [PASSED]
Misfire counts for last/current driving cycles : 0.0 count [PASSED]",,Unknown : 0.677 volt [PASSED],0.7 volt,-0.15625 milliampere,"((), (False, False, False, False), (False, False, True, True))",India OBD II (IOBD II),0101010001000000000000000000000000000000,10111110001111101010100000010011,10000000000001011011000000010001,01111010110100001000000000000000,7.8431372549019605 percent,1207.0 revolutions_per_minute,919.0 second,11.71875 percent,39.0 kilometer_per_hour,<obd.OBDResponse.Status object at 0x7882890e3fd0>,6.2745098039215685 percent,15.686274509803921 percent,32.15686274509804 percent,15.5 degree,bytearray(b'MAKGK785FG4100583'),255.0 count
37.254901960784316 percent,18.823529411764707 percent,9.411764705882353 percent,0 kilopascal,bytearray(b'37805-5V6-D6'),550.2 degree_Celsius,,0.935313 ratio,14.255 volt,78 degree_Celsius,f02cf04a,5106.0 kilometer,27.0 kilometer,,,,,,,,,,,,,,,,,,,,,,,,,,,,,,,,,,,ELM327 v1.5,14.2 volt,25.88235294117647 percent,0.0 percent,"('Open loop due to engine load OR fuel cut due to deceleration', '')",Gasoline,[],"[('P0138', 'O2 Sensor Circuit High Voltage')]",25 kilopascal,34 degree_Celsius,7.8125 percent,11000000000000000000000000000001,10000000000000000000000000000001,00000000000000000000000000000001,00000000000000000000000000000001,00000000000000000000000000000001,01111000000000000000000000000000,Unknown : 0.0 volt [PASSED],"Average misfire counts for last ten driving cycles : 0.0 count [PASSED]
Misfire counts for last/current driving cycles : 0.0 count [PASSED]","Average misfire counts for last ten driving cycles : 0.0 count [PASSED]
Misfire counts for last/current driving cycles : 0.0 count [PASSED]","Average misfire counts for last ten driving cycles : 0.0 count [PASSED]
Misfire counts for last/current driving cycles : 0.0 count [PASSED]","Average misfire counts for last ten driving cycles : 0.0 count [PASSED]
Misfire counts for last/current driving cycles : 0.0 count [PASSED]",,,0.0 volt,1.49609375 milliampere,"((), (False, False, False, False), (False, False, True, True))",India OBD II (IOBD II),0101010001000000000000000000000000000000,10111110001111101010100000010011,10000000000001011011000000010001,01111010110100001000000000000000,5.490196078431373 percent,826.0 revolutions_per_minute,923.0 second,0.0 percent,16.0 kilometer_per_hour,<obd.OBDResponse.Status object at 0x7882890e9e90>,4.705882352941177 percent,14.901960784313726 percent,32.15686274509804 percent,-7.5 degree,bytearray(b'MAKGK785FG4100583'),255.0 count
30.19607843137255 percent,18.823529411764707 percent,9.411764705882353 percent,0 kilopascal,bytearray(b'37805-5V6-D6'),544.8000000000001 degree_Celsius,,0.935313 ratio,14.297 volt,78 degree_Celsius,f02cf04a,5106.0 kilometer,27.0 kilometer,,,,,,,,,,,,,,,,,,,,,,,,,,,,,,,,,,,ELM327 v1.5,13.9 volt,38.03921568627451 percent,0.0 percent,"('Closed loop, using oxygen sensor feedback to determine fuel mix', '')",Gasoline,[],"[('P0138', 'O2 Sensor Circuit High Voltage')]",36 kilopascal,34 degree_Celsius,7.8125 percent,11000000000000000000000000000001,10000000000000000000000000000001,00000000000000000000000000000001,00000000000000000000000000000001,00000000000000000000000000000001,01111000000000000000000000000000,Unknown : 0.0 volt [PASSED],"Average misfire counts for last ten driving cycles : 0.0 count [PASSED]
Misfire counts for last/current driving cycles : 0.0 count [PASSED]","Average misfire counts for last ten driving cycles : 0.0 count [PASSED]
Misfire counts for last/current driving cycles : 0.0 count [PASSED]","Average misfire counts for last ten driving cycles : 0.0 count [PASSED]
Misfire counts for last/current driving cycles : 0.0 count [PASSED]","Average misfire counts for last ten driving cycles : 0.0 count [PASSED]
Misfire counts for last/current driving cycles : 0.0 count [PASSED]",,,0.1 volt,-0.12890625 milliampere,"((), (False, False, False, False), (False, False, True, True))",India OBD II (IOBD II),0101010001000000000000000000000000000000,10111110001111101010100000010011,10000000000001011011000000010001,01111010110100001000000000000000,4.705882352941177 percent,804.0 revolutions_per_minute,927.0 second,10.9375 percent,3.0 kilometer_per_hour,<obd.OBDResponse.Status object at 0x7882890ebf50>,5.098039215686274 percent,15.294117647058824 percent,32.15686274509804 percent,-0.5 degree,bytearray(b'MAKGK785FG4100583'),255.0 count
37.254901960784316 percent,18.823529411764707 percent,9.411764705882353 percent,0 kilopascal,bytearray(b'37805-5V6-D6'),543.5 degree_Celsius,,0.935313 ratio,14.31 volt,78 degree_Celsius,f02cf04a,5106.0 kilometer,27.0 kilometer,,,,,,,,,,,,,,,,,,,,,,,,,,,,,,,,,,,ELM327 v1.5,14.1 volt,74.50980392156863 percent,8.235294117647058 percent,"('Closed loop, using oxygen sensor feedback to determine fuel mix', '')",Gasoline,[],"[('P0138', 'O2 Sensor Circuit High Voltage')]",54 kilopascal,34 degree_Celsius,7.8125 percent,11000000000000000000000000000001,10000000000000000000000000000001,00000000000000000000000000000001,00000000000000000000000000000001,00000000000000000000000000000001,01111000000000000000000000000000,Unknown : 0.0 volt [PASSED],"Average misfire counts for last ten driving cycles : 0.0 count [PASSED]
Misfire counts for last/current driving cycles : 0.0 count [PASSED]","Average misfire counts for last ten driving cycles : 0.0 count [PASSED]
Misfire counts for last/current driving cycles : 0.0 count [PASSED]","Average misfire counts for last ten driving cycles : 0.0 count [PASSED]
Misfire counts for last/current driving cycles : 0.0 count [PASSED]","Average misfire counts for last ten driving cycles : 0.0 count [PASSED]
Misfire counts for last/current driving cycles : 0.0 count [PASSED]",,,0.655 volt,-0.01953125 milliampere,"((), (False, False, False, False), (False, False, True, True))",India OBD II (IOBD II),0101010001000000000000000000000000000000,10111110001111101010100000010011,10000000000001011011000000010001,01111010110100001000000000000000,19.607843137254903 percent,2028.0 revolutions_per_minute,931.0 second,14.84375 percent,11.0 kilometer_per_hour,<obd.OBDResponse.Status object at 0x7882890f2090>,18.823529411764707 percent,24.705882352941178 percent,40.0 percent,19.0 degree,bytearray(b'MAKGK785FG4100583'),255.0 count
73.72549019607843 percent,33.333333333333336 percent,16.862745098039216 percent,0 kilopascal,bytearray(b'37805-5V6-D6'),550.7 degree_Celsius,,1.0135455 ratio,14.117 volt,79 degree_Celsius,f02cf04a,5106.0 kilometer,27.0 kilometer,,,,,,,,,,,,,,,,,,,,,,,,,,,,,,,,,,,ELM327 v1.5,14.2 volt,86.66666666666667 percent,46.27450980392157 percent,"('Closed loop, using oxygen sensor feedback to determine fuel mix', '')",Gasoline,[],"[('P0138', 'O2 Sensor Circuit High Voltage')]",86 kilopascal,34 degree_Celsius,7.8125 percent,11000000000000000000000000000001,10000000000000000000000000000001,00000000000000000000000000000001,00000000000000000000000000000001,00000000000000000000000000000001,01111000000000000000000000000000,Unknown : 0.0 volt [PASSED],"Average misfire counts for last ten driving cycles : 0.0 count [PASSED]
Misfire counts for last/current driving cycles : 0.0 count [PASSED]","Average misfire counts for last ten driving cycles : 0.0 count [PASSED]
Misfire counts for last/current driving cycles : 0.0 count [PASSED]","Average misfire counts for last ten driving cycles : 0.0 count [PASSED]
Misfire counts for last/current driving cycles : 0.0 count [PASSED]","Average misfire counts for last ten driving cycles : 0.0 count [PASSED]
Misfire counts for last/current driving cycles : 0.0 count [PASSED]",,,0.73 volt,0.015625 milliampere,"((), (False, False, False, False), (False, False, True, True))",India OBD II (IOBD II),0101010001000000000000000000000000000000,10111110001111101010100000010011,10000000000001011011000000010001,01111010110100001000000000000000,17.647058823529413 percent,1413.0 revolutions_per_minute,935.0 second,10.15625 percent,28.0 kilometer_per_hour,<obd.OBDResponse.Status object at 0x7882890f81d0>,19.215686274509803 percent,24.705882352941178 percent,40.0 percent,5.0 degree,bytearray(b'MAKGK785FG4100583'),255.0 count
83.13725490196079 percent,33.72549019607843 percent,16.862745098039216 percent,0 kilopascal,bytearray(b'37805-5V6-D6'),568.5 degree_Celsius,,1.0275755 ratio,14.280000000000001 volt,79 degree_Celsius,f02cf04a,5106.0 kilometer,27.0 kilometer,,,,,,,,,,,,,,,,,,,,,,,,,,,,,,,,,,,ELM327 v1.5,14.1 volt,85.49019607843137 percent,85.49019607843137 percent,"('Closed loop, using oxygen sensor feedback to determine fuel mix', '')",Gasoline,[],"[('P0138', 'O2 Sensor Circuit High Voltage')]",86 kilopascal,34 degree_Celsius,7.8125 percent,11000000000000000000000000000001,10000000000000000000000000000001,00000000000000000000000000000001,00000000000000000000000000000001,00000000000000000000000000000001,01111000000000000000000000000000,Unknown : 0.0 volt [PASSED],"Average misfire counts for last ten driving cycles : 0.0 count [PASSED]
Misfire counts for last/current driving cycles : 0.0 count [PASSED]","Average misfire counts for last ten driving cycles : 0.0 count [PASSED]
Misfire counts for last/current driving cycles : 0.0 count [PASSED]","Average misfire counts for last ten driving cycles : 0.0 count [PASSED]
Misfire counts for last/current driving cycles : 0.0 count [PASSED]","Average misfire counts for last ten driving cycles : 0.0 count [PASSED]
Misfire counts for last/current driving cycles : 0.0 count [PASSED]",,,0.605 volt,0.01171875 milliampere,"((), (False, False, False, False), (False, False, True, True))",India OBD II (IOBD II),0101010001000000000000000000000000000000,10111110001111101010100000010011,10000000000001011011000000010001,01111010110100001000000000000000,18.03921568627451 percent,1609.0 revolutions_per_minute,940.0 second,10.15625 percent,39.0 kilometer_per_hour,<obd.OBDResponse.Status object at 0x7882890fa2d0>,19.607843137254903 percent,24.705882352941178 percent,40.0 percent,8.5 degree,bytearray(b'MAKGK785FG4100583'),255.0 count
80.0 percent,33.333333333333336 percent,16.470588235294116 percent,0 kilopascal,bytearray(b'37805-5V6-D6'),587.4000000000001 degree_Celsius,,1.010831 ratio,14.185 volt,79 degree_Celsius,f02cf04a,5106.0 kilometer,27.0 kilometer,,,,,,,,,,,,,,,,,,,,,,,,,,,,,,,,,,,ELM327 v1.5,14.3 volt,78.82352941176471 percent,89.80392156862744 percent,"('Closed loop, using oxygen sensor feedback to determine fuel mix', '')",Gasoline,[],"[('P0138', 'O2 Sensor Circuit High Voltage')]",70 kilopascal,34 degree_Celsius,7.8125 percent,11000000000000000000000000000001,10000000000000000000000000000001,00000000000000000000000000000001,00000000000000000000000000000001,00000000000000000000000000000001,01111000000000000000000000000000,Unknown : 0.0 volt [PASSED],"Average misfire counts for last ten driving cycles : 0.0 count [PASSED]
Misfire counts for last/current driving cycles : 0.0 count [PASSED]","Average misfire counts for last ten driving cycles : 0.0 count [PASSED]
Misfire counts for last/current driving cycles : 0.0 count [PASSED]","Average misfire counts for last ten driving cycles : 0.0 count [PASSED]
Misfire counts for last/current driving cycles : 0.0 count [PASSED]","Average misfire counts for last ten driving cycles : 0.0 count [PASSED]
Misfire counts for last/current driving cycles : 0.0 count [PASSED]",,,0.615 volt,-0.01953125 milliampere,"((), (False, False, False, False), (False, False, True, True))",India OBD II (IOBD II),0101010001000000000000000000000000000000,10111110001111101010100000010011,10000000000001011011000000010001,01111010110100001000000000000000,9.411764705882353 percent,1215.0 revolutions_per_minute,944.0 second,7.03125 percent,48.0 kilometer_per_hour,<obd.OBDResponse.Status object at 0x788289104410>,10.196078431372548 percent,18.823529411764707 percent,35.294117647058826 percent,16.5 degree,bytearray(b'MAKGK785FG4100583'),255.0 count
61.96078431372549 percent,27.45098039215686 percent,13.72549019607843 percent,0 kilopascal,bytearray(b'37805-5V6-D6'),604.8000000000001 degree_Celsius,,1.0093365 ratio,14.267 volt,80 degree_Celsius,f02cf04a,5106.0 kilometer,27.0 kilometer,,,,,,,,,,,,,,,,,,,,,,,,,,,,,,,,,,,ELM327 v1.5,14.3 volt,26.666666666666668 percent,0.0 percent,"('Open loop due to engine load OR fuel cut due to deceleration', '')",Gasoline,[],"[('P0138', 'O2 Sensor Circuit High Voltage')]",25 kilopascal,34 degree_Celsius,8.59375 percent,11000000000000000000000000000001,10000000000000000000000000000001,00000000000000000000000000000001,00000000000000000000000000000001,00000000000000000000000000000001,01111000000000000000000000000000,Unknown : 0.0 volt [PASSED],"Average misfire counts for last ten driving cycles : 0.0 count [PASSED]
Misfire counts for last/current driving cycles : 0.0 count [PASSED]","Average misfire counts for last ten driving cycles : 0.0 count [PASSED]
Misfire counts for last/current driving cycles : 0.0 count [PASSED]","Average misfire counts for last ten driving cycles : 0.0 count [PASSED]
Misfire counts for last/current driving cycles : 0.0 count [PASSED]","Average misfire counts for last ten driving cycles : 0.0 count [PASSED]
Misfire counts for last/current driving cycles : 0.0 count [PASSED]",,,0.0 volt,0.1796875 milliampere,"((), (False, False, False, False), (False, False, True, True))",India OBD II (IOBD II),0101010001000000000000000000000000000000,10111110001111101010100000010011,10000000000001011011000000010001,01111010110100001000000000000000,3.9215686274509802 percent,1133.0 revolutions_per_minute,948.0 second,0.0 percent,49.0 kilometer_per_hour,<obd.OBDResponse.Status object at 0x788289106510>,4.313725490196078 percent,14.901960784313726 percent,31.764705882352942 percent,-22.5 degree,bytearray(b'MAKGK785FG4100583'),255.0 count
22.745098039215687 percent,18.823529411764707 percent,9.411764705882353 percent,0 kilopascal,bytearray(b'37805-5V6-D6'),594.4000000000001 degree_Celsius,,1.9988175 ratio,14.117 volt,81 degree_Celsius,f02cf04a,5106.0 kilometer,27.0 kilometer,,,,,,,,,,,,,,,,,,,,,,,,,,,,,,,,,,,ELM327 v1.5,14.3 volt,22.745098039215687 percent,0.0 percent,"('Open loop due to engine load OR fuel cut due to deceleration', '')",Gasoline,[],"[('P0138', 'O2 Sensor Circuit High Voltage')]",24 kilopascal,34 degree_Celsius,8.59375 percent,11000000000000000000000000000001,10000000000000000000000000000001,00000000000000000000000000000001,00000000000000000000000000000001,00000000000000000000000000000001,01111000000000000000000000000000,Unknown : 0.0 volt [PASSED],"Average misfire counts for last ten driving cycles : 0.0 count [PASSED]
Misfire counts for last/current driving cycles : 0.0 count [PASSED]","Average misfire counts for last ten driving cycles : 0.0 count [PASSED]
Misfire counts for last/current driving cycles : 0.0 count [PASSED]","Average misfire counts for last ten driving cycles : 0.0 count [PASSED]
Misfire counts for last/current driving cycles : 0.0 count [PASSED]","Average misfire counts for last ten driving cycles : 0.0 count [PASSED]
Misfire counts for last/current driving cycles : 0.0 count [PASSED]",,,0.0 volt,1.44140625 milliampere,"((), (False, False, False, False), (False, False, True, True))",India OBD II (IOBD II),0101010001000000000000000000000000000000,10111110001111101010100000010011,10000000000001011011000000010001,01111010110100001000000000000000,17.647058823529413 percent,1339.0 revolutions_per_minute,952.0 second,0.0 percent,32.0 kilometer_per_hour,<obd.OBDResponse.Status object at 0x788289110650>,18.823529411764707 percent,24.313725490196077 percent,39.6078431372549 percent,6.5 degree,bytearray(b'MAKGK785FG4100583'),255.0 count
80.3921568627451 percent,33.333333333333336 percent,16.470588235294116 percent,0 kilopascal,bytearray(b'37805-5V6-D6'),581.0 degree_Celsius,,0.935313 ratio,14.105 volt,81 degree_Celsius,f02cf04a,5106.0 kilometer,27.0 kilometer,,,,,,,,,,,,,,,,,,,,,,,,,,,,,,,,,,,ELM327 v1.5,14.3 volt,85.49019607843137 percent,87.45098039215686 percent,"('Closed loop, using oxygen sensor feedback to determine fuel mix', '')",Gasoline,[],"[('P0138', 'O2 Sensor Circuit High Voltage')]",80 kilopascal,34 degree_Celsius,8.59375 percent,11000000000000000000000000000001,10000000000000000000000000000001,00000000000000000000000000000001,00000000000000000000000000000001,00000000000000000000000000000001,01111000000000000000000000000000,Unknown : 0.0 volt [PASSED],"Average misfire counts for last ten driving cycles : 0.0 count [PASSED]
Misfire counts for last/current driving cycles : 0.0 count [PASSED]","Average misfire counts for last ten driving cycles : 0.0 count [PASSED]
Misfire counts for last/current driving cycles : 0.0 count [PASSED]","Average misfire counts for last ten driving cycles : 0.0 count [PASSED]
Misfire counts for last/current driving cycles : 0.0 count [PASSED]","Average misfire counts for last ten driving cycles : 0.0 count [PASSED]
Misfire counts for last/current driving cycles : 0.0 count [PASSED]",,,0.775 volt,-0.0234375 milliampere,"((), (False, False, False, False), (False, False, True, True))",India OBD II (IOBD II),0101010001000000000000000000000000000000,10111110001111101010100000010011,10000000000001011011000000010001,01111010110100001000000000000000,8.627450980392156 percent,1256.0 revolutions_per_minute,956.0 second,8.59375 percent,40.0 kilometer_per_hour,<obd.OBDResponse.Status object at 0x788289112750>,8.627450980392156 percent,17.647058823529413 percent,34.11764705882353 percent,16.5 degree,bytearray(b'MAKGK785FG4100583'),255.0 count
58.03921568627451 percent,27.45098039215686 percent,13.72549019607843 percent,0 kilopascal,bytearray(b'37805-5V6-D6'),606.7 degree_Celsius,,1.020347 ratio,14.267 volt,81 degree_Celsius,f02cf04a,5106.0 kilometer,27.0 kilometer,,,,,,,,,,,,,,,,,,,,,,,,,,,,,,,,,,,ELM327 v1.5,14.2 volt,53.333333333333336 percent,60.78431372549019 percent,"('Closed loop, using oxygen sensor feedback to determine fuel mix', '')",Gasoline,[],"[('P0138', 'O2 Sensor Circuit High Voltage')]",44 kilopascal,34 degree_Celsius,8.59375 percent,11000000000000000000000000000001,10000000000000000000000000000001,00000000000000000000000000000001,00000000000000000000000000000001,00000000000000000000000000000001,01111000000000000000000000000000,Unknown : 0.0 volt [PASSED],"Average misfire counts for last ten driving cycles : 0.0 count [PASSED]
Misfire counts for last/current driving cycles : 0.0 count [PASSED]","Average misfire counts for last ten driving cycles : 0.0 count [PASSED]
Misfire counts for last/current driving cycles : 0.0 count [PASSED]","Average misfire counts for last ten driving cycles : 0.0 count [PASSED]
Misfire counts for last/current driving cycles : 0.0 count [PASSED]","Average misfire counts for last ten driving cycles : 0.0 count [PASSED]
Misfire counts for last/current driving cycles : 0.0 count [PASSED]",,,0.745 volt,0.015625 milliampere,"((), (False, False, False, False), (False, False, True, True))",India OBD II (IOBD II),0101010001000000000000000000000000000000,10111110001111101010100000010011,10000000000001011011000000010001,01111010110100001000000000000000,3.9215686274509802 percent,1082.0 revolutions_per_minute,960.0 second,6.25 percent,41.0 kilometer_per_hour,<obd.OBDResponse.Status object at 0x788289114890>,4.313725490196078 percent,14.901960784313726 percent,31.764705882352942 percent,-5.0 degree,bytearray(b'MAKGK785FG4100583'),255.0 count
23.92156862745098 percent,20.392156862745097 percent,10.196078431372548 percent,0 kilopascal,bytearray(b'37805-5V6-D6'),604.6 degree_Celsius,,1.9988175 ratio,14.297 volt,80 degree_Celsius,f02cf04a,5106.0 kilometer,27.0 kilometer,,,,,,,,,,,,,,,,,,,,,,,,,,,,,,,,,,,ELM327 v1.5,14.3 volt,22.352941176470587 percent,0.0 percent,"('Open loop due to engine load OR fuel cut due to deceleration', '')",Gasoline,[],"[('P0138', 'O2 Sensor Circuit High Voltage')]",22 kilopascal,34 degree_Celsius,8.59375 percent,11000000000000000000000000000001,10000000000000000000000000000001,00000000000000000000000000000001,00000000000000000000000000000001,00000000000000000000000000000001,01111000000000000000000000000000,Unknown : 0.0 volt [PASSED],"Average misfire counts for last ten driving cycles : 0.0 count [PASSED]
Misfire counts for last/current driving cycles : 0.0 count [PASSED]","Average misfire counts for last ten driving cycles : 0.0 count [PASSED]
Misfire counts for last/current driving cycles : 0.0 count [PASSED]","Average misfire counts for last ten driving cycles : 0.0 count [PASSED]
Misfire counts for last/current driving cycles : 0.0 count [PASSED]","Average misfire counts for last ten driving cycles : 0.0 count [PASSED]
Misfire counts for last/current driving cycles : 0.0 count [PASSED]",,,0.0 volt,1.46484375 milliampere,"((), (False, False, False, False), (False, False, True, True))",India OBD II (IOBD II),0101010001000000000000000000000000000000,10111110001111101010100000010011,10000000000001011011000000010001,01111010110100001000000000000000,3.9215686274509802 percent,1273.0 revolutions_per_minute,964.0 second,0.0 percent,43.0 kilometer_per_hour,<obd.OBDResponse.Status object at 0x788289116990>,4.313725490196078 percent,14.901960784313726 percent,31.764705882352942 percent,-25.0 degree,bytearray(b'MAKGK785FG4100583'),255.0 count
21.176470588235293 percent,18.823529411764707 percent,9.411764705882353 percent,0 kilopascal,bytearray(b'37805-5V6-D6'),578.8000000000001 degree_Celsius,,1.9988175 ratio,14.272 volt,80 degree_Celsius,f02cf04a,5106.0 kilometer,27.0 kilometer,,,,,,,,,,,,,,,,,,,,,,,,,,,,,,,,,,,ELM327 v1.5,14.3 volt,22.352941176470587 percent,0.0 percent,"('Open loop due to engine load OR fuel cut due to deceleration', '')",Gasoline,[],"[('P0138', 'O2 Sensor Circuit High Voltage')]",22 kilopascal,34 degree_Celsius,8.59375 percent,11000000000000000000000000000001,10000000000000000000000000000001,00000000000000000000000000000001,00000000000000000000000000000001,00000000000000000000000000000001,01111000000000000000000000000000,Unknown : 0.0 volt [PASSED],"Average misfire counts for last ten driving cycles : 0.0 count [PASSED]
Misfire counts for last/current driving cycles : 0.0 count [PASSED]","Average misfire counts for last ten driving cycles : 0.0 count [PASSED]
Misfire counts for last/current driving cycles : 0.0 count [PASSED]","Average misfire counts for last ten driving cycles : 0.0 count [PASSED]
Misfire counts for last/current driving cycles : 0.0 count [PASSED]","Average misfire counts for last ten driving cycles : 0.0 count [PASSED]
Misfire counts for last/current driving cycles : 0.0 count [PASSED]",,,0.0 volt,1.46875 milliampere,"((), (False, False, False, False), (False, False, True, True))",India OBD II (IOBD II),0101010001000000000000000000000000000000,10111110001111101010100000010011,10000000000001011011000000010001,01111010110100001000000000000000,3.9215686274509802 percent,1113.0 revolutions_per_minute,968.0 second,0.0 percent,30.0 kilometer_per_hour,<obd.OBDResponse.Status object at 0x788289124ad0>,4.313725490196078 percent,15.294117647058824 percent,32.94117647058823 percent,-16.0 degree,bytearray(b'MAKGK785FG4100583'),255.0 count
29.019607843137255 percent,18.823529411764707 percent,9.411764705882353 percent,0 kilopascal,bytearray(b'37805-5V6-D6'),569.9 degree_Celsius,,0.935313 ratio,14.285 volt,80 degree_Celsius,f02cf04a,5106.0 kilometer,27.0 kilometer,,,,,,,,,,,,,,,,,,,,,,,,,,,,,,,,,,,ELM327 v1.5,14.2 volt,69.01960784313725 percent,77.25490196078431 percent,"('Closed loop, using oxygen sensor feedback to determine fuel mix', '')",Gasoline,[],"[('P0138', 'O2 Sensor Circuit High Voltage')]",73 kilopascal,34 degree_Celsius,8.59375 percent,11000000000000000000000000000001,10000000000000000000000000000001,00000000000000000000000000000001,00000000000000000000000000000001,00000000000000000000000000000001,01111000000000000000000000000000,Unknown : 0.0 volt [PASSED],"Average misfire counts for last ten driving cycles : 0.0 count [PASSED]
Misfire counts for last/current driving cycles : 0.0 count [PASSED]","Average misfire counts for last ten driving cycles : 0.0 count [PASSED]
Misfire counts for last/current driving cycles : 0.0 count [PASSED]","Average misfire counts for last ten driving cycles : 0.0 count [PASSED]
Misfire counts for last/current driving cycles : 0.0 count [PASSED]","Average misfire counts for last ten driving cycles : 0.0 count [PASSED]
Misfire counts for last/current driving cycles : 0.0 count [PASSED]",,,0.6 volt,-0.1328125 milliampere,"((), (False, False, False, False), (False, False, True, True))",India OBD II (IOBD II),0101010001000000000000000000000000000000,10111110001111101010100000010011,10000000000001011011000000010001,01111010110100001000000000000000,18.03921568627451 percent,1636.0 revolutions_per_minute,972.0 second,14.0625 percent,33.0 kilometer_per_hour,<obd.OBDResponse.Status object at 0x788289126bd0>,19.607843137254903 percent,25.098039215686274 percent,40.3921568627451 percent,10.5 degree,bytearray(b'MAKGK785FG4100583'),255.0 count
80.3921568627451 percent,33.72549019607843 percent,16.862745098039216 percent,0 kilopascal,bytearray(b'37805-5V6-D6'),580.2 degree_Celsius,,0.935313 ratio,14.167 volt,79 degree_Celsius,f02cf04a,5107.0 kilometer,27.0 kilometer,,,,,,,,,,,,,,,,,,,,,,,,,,,,,,,,,,,ELM327 v1.5,14.2 volt,31.764705882352942 percent,33.333333333333336 percent,"('Closed loop, using oxygen sensor feedback to determine fuel mix', '')",Gasoline,[],"[('P0138', 'O2 Sensor Circuit High Voltage')]",28 kilopascal,34 degree_Celsius,8.59375 percent,11000000000000000000000000000001,10000000000000000000000000000001,00000000000000000000000000000001,00000000000000000000000000000001,00000000000000000000000000000001,01111000000000000000000000000000,Unknown : 0.0 volt [PASSED],"Average misfire counts for last ten driving cycles : 0.0 count [PASSED]
Misfire counts for last/current driving cycles : 0.0 count [PASSED]","Average misfire counts for last ten driving cycles : 0.0 count [PASSED]
Misfire counts for last/current driving cycles : 0.0 count [PASSED]","Average misfire counts for last ten driving cycles : 0.0 count [PASSED]
Misfire counts for last/current driving cycles : 0.0 count [PASSED]","Average misfire counts for last ten driving cycles : 0.0 count [PASSED]
Misfire counts for last/current driving cycles : 0.0 count [PASSED]",,,0.765 volt,0.16015625 milliampere,"((), (False, False, False, False), (False, False, True, True))",India OBD II (IOBD II),0101010001000000000000000000000000000000,10111110001111101010100000010011,10000000000001011011000000010001,01111010110100001000000000000000,3.9215686274509802 percent,1211.0 revolutions_per_minute,977.0 second,0.0 percent,38.0 kilometer_per_hour,<obd.OBDResponse.Status object at 0x788289128d10>,4.313725490196078 percent,14.901960784313726 percent,31.764705882352942 percent,-24.0 degree,bytearray(b'MAKGK785FG4100583'),255.0 count
22.745098039215687 percent,18.823529411764707 percent,9.411764705882353 percent,0 kilopascal,bytearray(b'37805-5V6-D6'),583.2 degree_Celsius,,1.9988175 ratio,14.197000000000001 volt,79 degree_Celsius,f02cf04a,5107.0 kilometer,27.0 kilometer,,,,,,,,,,,,,,,,,,,,,,,,,,,,,,,,,,,ELM327 v1.5,14.3 volt,23.137254901960784 percent,0.0 percent,"('Open loop due to engine load OR fuel cut due to deceleration', '')",Gasoline,[],"[('P0138', 'O2 Sensor Circuit High Voltage')]",23 kilopascal,34 degree_Celsius,8.59375 percent,11000000000000000000000000000001,10000000000000000000000000000001,00000000000000000000000000000001,00000000000000000000000000000001,00000000000000000000000000000001,01111000000000000000000000000000,Unknown : 0.0 volt [PASSED],"Average misfire counts for last ten driving cycles : 0.0 count [PASSED]
Misfire counts for last/current driving cycles : 0.0 count [PASSED]","Average misfire counts for last ten driving cycles : 0.0 count [PASSED]
Misfire counts for last/current driving cycles : 0.0 count [PASSED]","Average misfire counts for last ten driving cycles : 0.0 count [PASSED]
Misfire counts for last/current driving cycles : 0.0 count [PASSED]","Average misfire counts for last ten driving cycles : 0.0 count [PASSED]
Misfire counts for last/current driving cycles : 0.0 count [PASSED]",,,0.0 volt,1.4609375 milliampere,"((), (False, False, False, False), (False, False, True, True))",India OBD II (IOBD II),0101010001000000000000000000000000000000,10111110001111101010100000010011,10000000000001011011000000010001,01111010110100001000000000000000,3.9215686274509802 percent,1233.0 revolutions_per_minute,981.0 second,0.0 percent,29.0 kilometer_per_hour,<obd.OBDResponse.Status object at 0x78828912ae10>,4.313725490196078 percent,14.901960784313726 percent,31.764705882352942 percent,-25.0 degree,bytearray(b'MAKGK785FG4100583'),255.0 count
21.96078431372549 percent,18.823529411764707 percent,9.411764705882353 percent,0 kilopascal,bytearray(b'37805-5V6-D6'),570.7 degree_Celsius,,1.9988175 ratio,14.255 volt,79 degree_Celsius,f02cf04a,5107.0 kilometer,27.0 kilometer,,,,,,,,,,,,,,,,,,,,,,,,,,,,,,,,,,,ELM327 v1.5,14.2 volt,67.84313725490196 percent,10.588235294117647 percent,"('Closed loop, using oxygen sensor feedback to determine fuel mix', '')",Gasoline,[],"[('P0138', 'O2 Sensor Circuit High Voltage')]",72 kilopascal,34 degree_Celsius,8.59375 percent,11000000000000000000000000000001,10000000000000000000000000000001,00000000000000000000000000000001,00000000000000000000000000000001,00000000000000000000000000000001,01111000000000000000000000000000,Unknown : 0.0 volt [PASSED],"Average misfire counts for last ten driving cycles : 0.0 count [PASSED]
Misfire counts for last/current driving cycles : 0.0 count [PASSED]","Average misfire counts for last ten driving cycles : 0.0 count [PASSED]
Misfire counts for last/current driving cycles : 0.0 count [PASSED]","Average misfire counts for last ten driving cycles : 0.0 count [PASSED]
Misfire counts for last/current driving cycles : 0.0 count [PASSED]","Average misfire counts for last ten driving cycles : 0.0 count [PASSED]
Misfire counts for last/current driving cycles : 0.0 count [PASSED]",,,0.125 volt,-0.1171875 milliampere,"((), (False, False, False, False), (False, False, True, True))",India OBD II (IOBD II),0101010001000000000000000000000000000000,10111110001111101010100000010011,10000000000001011011000000010001,01111010110100001000000000000000,12.156862745098039 percent,1459.0 revolutions_per_minute,985.0 second,13.28125 percent,28.0 kilometer_per_hour,<obd.OBDResponse.Status object at 0x788289134f50>,12.156862745098039 percent,20.0 percent,35.68627450980392 percent,18.0 degree,bytearray(b'MAKGK785FG4100583'),255.0 count
54.509803921568626 percent,20.784313725490197 percent,10.196078431372548 percent,0 kilopascal,bytearray(b'37805-5V6-D6'),574.1 degree_Celsius,,0.935313 ratio,13.935 volt,79 degree_Celsius,f02cf04a,5107.0 kilometer,27.0 kilometer,,,,,,,,,,,,,,,,,,,,,,,,,,,,,,,,,,,ELM327 v1.5,14.0 volt,79.6078431372549 percent,80.3921568627451 percent,"('Closed loop, using oxygen sensor feedback to determine fuel mix', '')",Gasoline,[],"[('P0138', 'O2 Sensor Circuit High Voltage')]",79 kilopascal,34 degree_Celsius,8.59375 percent,11000000000000000000000000000001,10000000000000000000000000000001,00000000000000000000000000000001,00000000000000000000000000000001,00000000000000000000000000000001,01111000000000000000000000000000,Unknown : 0.0 volt [PASSED],"Average misfire counts for last ten driving cycles : 0.0 count [PASSED]
Misfire counts for last/current driving cycles : 0.0 count [PASSED]","Average misfire counts for last ten driving cycles : 0.0 count [PASSED]
Misfire counts for last/current driving cycles : 0.0 count [PASSED]","Average misfire counts for last ten driving cycles : 0.0 count [PASSED]
Misfire counts for last/current driving cycles : 0.0 count [PASSED]","Average misfire counts for last ten driving cycles : 0.0 count [PASSED]
Misfire counts for last/current driving cycles : 0.0 count [PASSED]",,,0.87 volt,-0.2421875 milliampere,"((), (False, False, False, False), (False, False, True, True))",India OBD II (IOBD II),0101010001000000000000000000000000000000,10111110001111101010100000010011,10000000000001011011000000010001,01111010110100001000000000000000,7.450980392156863 percent,1247.0 revolutions_per_minute,989.0 second,8.59375 percent,33.0 kilometer_per_hour,<obd.OBDResponse.Status object at 0x788289137050>,9.019607843137255 percent,18.03921568627451 percent,34.509803921568626 percent,15.5 degree,bytearray(b'MAKGK785FG4100583'),255.0 count
50.98039215686274 percent,19.215686274509803 percent,9.411764705882353 percent,0 kilopascal,bytearray(b'37805-5V6-D6'),577.0 degree_Celsius,,0.981978 ratio,13.615 volt,79 degree_Celsius,f02cf04a,5107.0 kilometer,27.0 kilometer,,,,,,,,,,,,,,,,,,,,,,,,,,,,,,,,,,,ELM327 v1.5,14.2 volt,25.098039215686274 percent,0.0 percent,"('Open loop due to engine load OR fuel cut due to deceleration', '')",Gasoline,[],"[('P0138', 'O2 Sensor Circuit High Voltage')]",26 kilopascal,34 degree_Celsius,8.59375 percent,11000000000000000000000000000001,10000000000000000000000000000001,00000000000000000000000000000001,00000000000000000000000000000001,00000000000000000000000000000001,01111000000000000000000000000000,Unknown : 0.0 volt [PASSED],"Average misfire counts for last ten driving cycles : 0.0 count [PASSED]
Misfire counts for last/current driving cycles : 0.0 count [PASSED]","Average misfire counts for last ten driving cycles : 0.0 count [PASSED]
Misfire counts for last/current driving cycles : 0.0 count [PASSED]","Average misfire counts for last ten driving cycles : 0.0 count [PASSED]
Misfire counts for last/current driving cycles : 0.0 count [PASSED]","Average misfire counts for last ten driving cycles : 0.0 count [PASSED]
Misfire counts for last/current driving cycles : 0.0 count [PASSED]",,,0.825 volt,1.40234375 milliampere,"((), (False, False, False, False), (False, False, True, True))",India OBD II (IOBD II),0101010001000000000000000000000000000000,10111110001111101010100000010011,10000000000001011011000000010001,01111010110100001000000000000000,5.882352941176471 percent,1239.0 revolutions_per_minute,993.0 second,0.0 percent,17.0 kilometer_per_hour,<obd.OBDResponse.Status object at 0x78828913d190>,7.0588235294117645 percent,17.254901960784313 percent,33.72549019607843 percent,11.5 degree,bytearray(b'MAKGK785FG4100583'),255.0 count
43.92156862745098 percent,29.41176470588235 percent,14.901960784313726 percent,0 kilopascal,bytearray(b'37805-5V6-D6'),572.1 degree_Celsius,,0.935313 ratio,14.297 volt,79 degree_Celsius,f02cf04a,5107.0 kilometer,27.0 kilometer,,,,,,,,,,,,,,,,,,,,,,,,,,,,,,,,,,,ELM327 v1.5,14.2 volt,29.019607843137255 percent,32.15686274509804 percent,"('Closed loop, using oxygen sensor feedback to determine fuel mix', '')",Gasoline,[],"[('P0138', 'O2 Sensor Circuit High Voltage')]",27 kilopascal,34 degree_Celsius,8.59375 percent,11000000000000000000000000000001,10000000000000000000000000000001,00000000000000000000000000000001,00000000000000000000000000000001,00000000000000000000000000000001,01111000000000000000000000000000,Unknown : 0.0 volt [PASSED],"Average misfire counts for last ten driving cycles : 0.0 count [PASSED]
Misfire counts for last/current driving cycles : 0.0 count [PASSED]","Average misfire counts for last ten driving cycles : 0.0 count [PASSED]
Misfire counts for last/current driving cycles : 0.0 count [PASSED]","Average misfire counts for last ten driving cycles : 0.0 count [PASSED]
Misfire counts for last/current driving cycles : 0.0 count [PASSED]","Average misfire counts for last ten driving cycles : 0.0 count [PASSED]
Misfire counts for last/current driving cycles : 0.0 count [PASSED]","Unknown : 10600.0 millisecond [PASSED]
Unknown : 32.0 ohm [PASSED]
Unknown : -1.53125 milliampere [PASSED]
Unknown : 3749.0 count [PASSED]",,0.155 volt,-0.08984375 milliampere,"((), (False, False, False, False), (False, False, True, True))",India OBD II (IOBD II),0101010001000000000000000000000000000000,10111110001111101010100000010011,10000000000001011011000000010001,01111010110100001000000000000000,3.9215686274509802 percent,1039.0 revolutions_per_minute,997.0 second,10.9375 percent,17.0 kilometer_per_hour,<obd.OBDResponse.Status object at 0x78828913fb50>,4.313725490196078 percent,14.901960784313726 percent,31.764705882352942 percent,-1.0 degree,bytearray(b'MAKGK785FG4100583'),255.0 count
25.88235294117647 percent,18.823529411764707 percent,9.411764705882353 percent,0 kilopascal,bytearray(b'37805-5V6-D6'),576.0 degree_Celsius,,0.935313 ratio,14.297 volt,79 degree_Celsius,f02cf04a,5107.0 kilometer,27.0 kilometer,,,,,,,,,,,,,,,,,,,,,,,,,,,,,,,,,,,ELM327 v1.5,14.2 volt,68.62745098039215 percent,49.01960784313726 percent,"('Closed loop, using oxygen sensor feedback to determine fuel mix', '')",Gasoline,[],"[('P0138', 'O2 Sensor Circuit High Voltage')]",66 kilopascal,34 degree_Celsius,8.59375 percent,11000000000000000000000000000001,10000000000000000000000000000001,00000000000000000000000000000001,00000000000000000000000000000001,00000000000000000000000000000001,01111000000000000000000000000000,Unknown : 0.0 volt [PASSED],"Average misfire counts for last ten driving cycles : 0.0 count [PASSED]
Misfire counts for last/current driving cycles : 0.0 count [PASSED]","Average misfire counts for last ten driving cycles : 0.0 count [PASSED]
Misfire counts for last/current driving cycles : 0.0 count [PASSED]","Average misfire counts for last ten driving cycles : 0.0 count [PASSED]
Misfire counts for last/current driving cycles : 0.0 count [PASSED]","Average misfire counts for last ten driving cycles : 0.0 count [PASSED]
Misfire counts for last/current driving cycles : 0.0 count [PASSED]",,,0.84 volt,-0.07421875 milliampere,"((), (False, False, False, False), (False, False, True, True))",India OBD II (IOBD II),0101010001000000000000000000000000000000,10111110001111101010100000010011,10000000000001011011000000010001,01111010110100001000000000000000,12.156862745098039 percent,2124.0 revolutions_per_minute,1001.0 second,12.5 percent,15.0 kilometer_per_hour,<obd.OBDResponse.Status object at 0x788289145910>,14.509803921568627 percent,21.568627450980394 percent,38.03921568627451 percent,24.5 degree,bytearray(b'MAKGK785FG4100583'),255.0 count
72.15686274509804 percent,34.11764705882353 percent,16.862745098039216 percent,0 kilopascal,bytearray(b'37805-5V6-D6'),586.8000000000001 degree_Celsius,,1.0150705 ratio,14.16 volt,80 degree_Celsius,f02cf04a,5107.0 kilometer,27.0 kilometer,,,,,,,,,,,,,,,,,,,,,,,,,,,,,,,,,,,ELM327 v1.5,14.2 volt,85.09803921568627 percent,87.05882352941177 percent,"('Closed loop, using oxygen sensor feedback to determine fuel mix', '')",Gasoline,[],"[('P0138', 'O2 Sensor Circuit High Voltage')]",80 kilopascal,34 degree_Celsius,8.59375 percent,11000000000000000000000000000001,10000000000000000000000000000001,00000000000000000000000000000001,00000000000000000000000000000001,00000000000000000000000000000001,01111000000000000000000000000000,Unknown : 0.0 volt [PASSED],"Average misfire counts for last ten driving cycles : 0.0 count [PASSED]
Misfire counts for last/current driving cycles : 0.0 count [PASSED]","Average misfire counts for last ten driving cycles : 0.0 count [PASSED]
Misfire counts for last/current driving cycles : 0.0 count [PASSED]","Average misfire counts for last ten driving cycles : 0.0 count [PASSED]
Misfire counts for last/current driving cycles : 0.0 count [PASSED]","Average misfire counts for last ten driving cycles : 0.0 count [PASSED]
Misfire counts for last/current driving cycles : 0.0 count [PASSED]",,,0.75 volt,-0.1171875 milliampere,"((), (False, False, False, False), (False, False, True, True))",India OBD II (IOBD II),0101010001000000000000000000000000000000,10111110001111101010100000010011,10000000000001011011000000010001,01111010110100001000000000000000,3.5294117647058822 percent,1170.0 revolutions_per_minute,1005.0 second,4.6875 percent,26.0 kilometer_per_hour,<obd.OBDResponse.Status object at 0x7882891479d0>,6.666666666666667 percent,15.294117647058824 percent,31.764705882352942 percent,-1.0 degree,bytearray(b'MAKGK785FG4100583'),255.0 count
30.588235294117645 percent,18.823529411764707 percent,9.411764705882353 percent,0 kilopascal,bytearray(b'37805-5V6-D6'),613.8000000000001 degree_Celsius,,1.0108005 ratio,14.280000000000001 volt,80 degree_Celsius,f02cf04a,5107.0 kilometer,27.0 kilometer,,,,,,,,,,,,,,,,,,,,,,,,,,,,,,,,,,,ELM327 v1.5,14.0 volt,52.94117647058823 percent,27.058823529411764 percent,"('Closed loop, using oxygen sensor feedback to determine fuel mix', '')",Gasoline,[],"[('P0138', 'O2 Sensor Circuit High Voltage')]",76 kilopascal,34 degree_Celsius,8.59375 percent,11000000000000000000000000000001,10000000000000000000000000000001,00000000000000000000000000000001,00000000000000000000000000000001,00000000000000000000000000000001,01111000000000000000000000000000,Unknown : 0.0 volt [PASSED],"Average misfire counts for last ten driving cycles : 0.0 count [PASSED]
Misfire counts for last/current driving cycles : 0.0 count [PASSED]","Average misfire counts for last ten driving cycles : 0.0 count [PASSED]
Misfire counts for last/current driving cycles : 0.0 count [PASSED]","Average misfire counts for last ten driving cycles : 0.0 count [PASSED]
Misfire counts for last/current driving cycles : 0.0 count [PASSED]","Average misfire counts for last ten driving cycles : 0.0 count [PASSED]
Misfire counts for last/current driving cycles : 0.0 count [PASSED]",,,0.695 volt,0.08203125 milliampere,"((), (False, False, False, False), (False, False, True, True))",India OBD II (IOBD II),0101010001000000000000000000000000000000,10111110001111101010100000010011,10000000000001011011000000010001,01111010110100001000000000000000,17.647058823529413 percent,1815.0 revolutions_per_minute,1009.0 second,11.71875 percent,22.0 kilometer_per_hour,<obd.OBDResponse.Status object at 0x788289149b10>,20.784313725490197 percent,25.88235294117647 percent,40.78431372549019 percent,10.5 degree,bytearray(b'MAKGK785FG4100583'),255.0 count
85.49019607843137 percent,35.294117647058826 percent,17.647058823529413 percent,0 kilopascal,bytearray(b'37805-5V6-D6'),623.6 degree_Celsius,,1.0278805 ratio,14.122 volt,80 degree_Celsius,f02cf04a,5107.0 kilometer,27.0 kilometer,,,,,,,,,,,,,,,,,,,,,,,,,,,,,,,,,,,ELM327 v1.5,14.3 volt,87.45098039215686 percent,99.6078431372549 percent,"('Closed loop, using oxygen sensor feedback to determine fuel mix', '')",Gasoline,[],"[('P0138', 'O2 Sensor Circuit High Voltage')]",87 kilopascal,34 degree_Celsius,8.59375 percent,11000000000000000000000000000001,10000000000000000000000000000001,00000000000000000000000000000001,00000000000000000000000000000001,00000000000000000000000000000001,01111000000000000000000000000000,Unknown : 0.0 volt [PASSED],"Average misfire counts for last ten driving cycles : 0.0 count [PASSED]
Misfire counts for last/current driving cycles : 0.0 count [PASSED]","Average misfire counts for last ten driving cycles : 0.0 count [PASSED]
Misfire counts for last/current driving cycles : 0.0 count [PASSED]","Average misfire counts for last ten driving cycles : 0.0 count [PASSED]
Misfire counts for last/current driving cycles : 0.0 count [PASSED]","Average misfire counts for last ten driving cycles : 0.0 count [PASSED]
Misfire counts for last/current driving cycles : 0.0 count [PASSED]",,Unknown : 0.548 volt [PASSED],0.305 volt,0.0234375 milliampere,"((), (False, False, False, False), (False, False, True, True))",India OBD II (IOBD II),0101010001000000000000000000000000000000,10111110001111101010100000010011,10000000000001011011000000010001,01111010110100001000000000000000,20.784313725490197 percent,1710.0 revolutions_per_minute,1014.0 second,10.15625 percent,30.0 kilometer_per_hour,<obd.OBDResponse.Status object at 0x78828915c190>,22.745098039215687 percent,27.058823529411764 percent,41.96078431372549 percent,8.5 degree,bytearray(b'MAKGK785FG4100583'),255.0 count
85.49019607843137 percent,35.294117647058826 percent,17.647058823529413 percent,0 kilopascal,bytearray(b'37805-5V6-D6'),650.1 degree_Celsius,,1.0027485 ratio,14.117 volt,80 degree_Celsius,f02cf04a,5107.0 kilometer,27.0 kilometer,,,,,,,,,,,,,,,,,,,,,,,,,,,,,,,,,,,ELM327 v1.5,14.2 volt,60.3921568627451 percent,81.56862745098039 percent,"('Closed loop, using oxygen sensor feedback to determine fuel mix', '')",Gasoline,[],"[('P0138', 'O2 Sensor Circuit High Voltage')]",56 kilopascal,34 degree_Celsius,8.59375 percent,11000000000000000000000000000001,10000000000000000000000000000001,00000000000000000000000000000001,00000000000000000000000000000001,00000000000000000000000000000001,01111000000000000000000000000000,Unknown : 0.0 volt [PASSED],"Average misfire counts for last ten driving cycles : 0.0 count [PASSED]
Misfire counts for last/current driving cycles : 0.0 count [PASSED]","Average misfire counts for last ten driving cycles : 0.0 count [PASSED]
Misfire counts for last/current driving cycles : 0.0 count [PASSED]","Average misfire counts for last ten driving cycles : 0.0 count [PASSED]
Misfire counts for last/current driving cycles : 0.0 count [PASSED]","Average misfire counts for last ten driving cycles : 0.0 count [PASSED]
Misfire counts for last/current driving cycles : 0.0 count [PASSED]",,,0.61 volt,0.01953125 milliampere,"((), (False, False, False, False), (False, False, True, True))",India OBD II (IOBD II),0101010001000000000000000000000000000000,10111110001111101010100000010011,10000000000001011011000000010001,01111010110100001000000000000000,7.8431372549019605 percent,1112.0 revolutions_per_minute,1018.0 second,6.25 percent,35.0 kilometer_per_hour,<obd.OBDResponse.Status object at 0x78828915df90>,8.627450980392156 percent,17.647058823529413 percent,34.11764705882353 percent,16.5 degree,bytearray(b'MAKGK785FG4100583'),255.0 count
52.549019607843135 percent,25.88235294117647 percent,12.549019607843137 percent,0 kilopascal,bytearray(b'37805-5V6-D6'),656.7 degree_Celsius,,1.0038465 ratio,14.185 volt,80 degree_Celsius,f02cf04a,5107.0 kilometer,27.0 kilometer,,,,,,,,,,,,,,,,,,,,,,,,,,,,,,,,,,,ELM327 v1.5,14.1 volt,69.01960784313725 percent,59.6078431372549 percent,"('Closed loop, using oxygen sensor feedback to determine fuel mix', '')",Gasoline,[],"[('P0138', 'O2 Sensor Circuit High Voltage')]",43 kilopascal,34 degree_Celsius,8.59375 percent,11000000000000000000000000000001,10000000000000000000000000000001,00000000000000000000000000000001,00000000000000000000000000000001,00000000000000000000000000000001,01111000000000000000000000000000,Unknown : 0.0 volt [PASSED],"Average misfire counts for last ten driving cycles : 0.0 count [PASSED]
Misfire counts for last/current driving cycles : 0.0 count [PASSED]","Average misfire counts for last ten driving cycles : 0.0 count [PASSED]
Misfire counts for last/current driving cycles : 0.0 count [PASSED]","Average misfire counts for last ten driving cycles : 0.0 count [PASSED]
Misfire counts for last/current driving cycles : 0.0 count [PASSED]","Average misfire counts for last ten driving cycles : 0.0 count [PASSED]
Misfire counts for last/current driving cycles : 0.0 count [PASSED]",,,0.43 volt,0.05078125 milliampere,"((), (False, False, False, False), (False, False, True, True))",India OBD II (IOBD II),0101010001000000000000000000000000000000,10111110001111101010100000010011,10000000000001011011000000010001,01111010110100001000000000000000,3.9215686274509802 percent,1131.0 revolutions_per_minute,1022.0 second,10.15625 percent,33.0 kilometer_per_hour,<obd.OBDResponse.Status object at 0x78828915ffd0>,4.313725490196078 percent,14.901960784313726 percent,31.764705882352942 percent,-22.5 degree,bytearray(b'MAKGK785FG4100583'),255.0 count
24.313725490196077 percent,28.235294117647058 percent,14.509803921568627 percent,0 kilopascal,bytearray(b'37805-5V6-D6'),648.7 degree_Celsius,,0.936777 ratio,14.11 volt,81 degree_Celsius,f02cf04a,5107.0 kilometer,27.0 kilometer,,,,,,,,,,,,,,,,,,,,,,,,,,,,,,,,,,,ELM327 v1.5,14.2 volt,81.56862745098039 percent,89.80392156862744 percent,"('Closed loop, using oxygen sensor feedback to determine fuel mix', '')",Gasoline,[],"[('P0138', 'O2 Sensor Circuit High Voltage')]",81 kilopascal,34 degree_Celsius,8.59375 percent,11000000000000000000000000000001,10000000000000000000000000000001,00000000000000000000000000000001,00000000000000000000000000000001,00000000000000000000000000000001,01111000000000000000000000000000,Unknown : 0.0 volt [PASSED],"Average misfire counts for last ten driving cycles : 0.0 count [PASSED]
Misfire counts for last/current driving cycles : 0.0 count [PASSED]","Average misfire counts for last ten driving cycles : 0.0 count [PASSED]
Misfire counts for last/current driving cycles : 0.0 count [PASSED]","Average misfire counts for last ten driving cycles : 0.0 count [PASSED]
Misfire counts for last/current driving cycles : 0.0 count [PASSED]","Average misfire counts for last ten driving cycles : 0.0 count [PASSED]
Misfire counts for last/current driving cycles : 0.0 count [PASSED]",,,0.77 volt,-0.15234375 milliampere,"((), (False, False, False, False), (False, False, True, True))",India OBD II (IOBD II),0101010001000000000000000000000000000000,10111110001111101010100000010011,10000000000001011011000000010001,01111010110100001000000000000000,16.470588235294116 percent,1625.0 revolutions_per_minute,1026.0 second,10.9375 percent,35.0 kilometer_per_hour,<obd.OBDResponse.Status object at 0x788289162190>,17.647058823529413 percent,23.529411764705884 percent,39.21568627450981 percent,8.0 degree,bytearray(b'MAKGK785FG4100583'),255.0 count
80.3921568627451 percent,32.549019607843135 percent,16.470588235294116 percent,0 kilopascal,bytearray(b'37805-5V6-D6'),662.2 degree_Celsius,,1.019371 ratio,14.222 volt,81 degree_Celsius,f02cf04a,5107.0 kilometer,27.0 kilometer,,,,,,,,,,,,,,,,,,,,,,,,,,,,,,,,,,,ELM327 v1.5,14.3 volt,63.13725490196079 percent,70.19607843137256 percent,"('Closed loop, using oxygen sensor feedback to determine fuel mix', '')",Gasoline,[],"[('P0138', 'O2 Sensor Circuit High Voltage')]",60 kilopascal,34 degree_Celsius,8.59375 percent,11000000000000000000000000000001,10000000000000000000000000000001,00000000000000000000000000000001,00000000000000000000000000000001,00000000000000000000000000000001,01111000000000000000000000000000,Unknown : 0.0 volt [PASSED],"Average misfire counts for last ten driving cycles : 0.0 count [PASSED]
Misfire counts for last/current driving cycles : 0.0 count [PASSED]","Average misfire counts for last ten driving cycles : 0.0 count [PASSED]
Misfire counts for last/current driving cycles : 0.0 count [PASSED]","Average misfire counts for last ten driving cycles : 0.0 count [PASSED]
Misfire counts for last/current driving cycles : 0.0 count [PASSED]","Average misfire counts for last ten driving cycles : 0.0 count [PASSED]
Misfire counts for last/current driving cycles : 0.0 count [PASSED]",,,0.7 volt,0.0 milliampere,"((), (False, False, False, False), (False, False, True, True))",India OBD II (IOBD II),0101010001000000000000000000000000000000,10111110001111101010100000010011,10000000000001011011000000010001,01111010110100001000000000000000,3.5294117647058822 percent,1061.0 revolutions_per_minute,1030.0 second,4.6875 percent,38.0 kilometer_per_hour,<obd.OBDResponse.Status object at 0x788288f682d0>,3.9215686274509802 percent,14.509803921568627 percent,31.764705882352942 percent,4.0 degree,bytearray(b'MAKGK785FG4100583'),255.0 count
32.94117647058823 percent,18.823529411764707 percent,9.411764705882353 percent,0 kilopascal,bytearray(b'37805-5V6-D6'),663.4000000000001 degree_Celsius,,1.011258 ratio,14.217 volt,81 degree_Celsius,f02cf04a,5107.0 kilometer,27.0 kilometer,,,,,,,,,,,,,,,,,,,,,,,,,,,,,,,,,,,ELM327 v1.5,14.3 volt,22.745098039215687 percent,0.0 percent,"('Open loop due to engine load OR fuel cut due to deceleration', '')",Gasoline,[],"[('P0138', 'O2 Sensor Circuit High Voltage')]",23 kilopascal,34 degree_Celsius,8.59375 percent,11000000000000000000000000000001,10000000000000000000000000000001,00000000000000000000000000000001,00000000000000000000000000000001,00000000000000000000000000000001,01111000000000000000000000000000,Unknown : 0.0 volt [PASSED],"Average misfire counts for last ten driving cycles : 0.0 count [PASSED]
Misfire counts for last/current driving cycles : 0.0 count [PASSED]","Average misfire counts for last ten driving cycles : 0.0 count [PASSED]
Misfire counts for last/current driving cycles : 0.0 count [PASSED]","Average misfire counts for last ten driving cycles : 0.0 count [PASSED]
Misfire counts for last/current driving cycles : 0.0 count [PASSED]","Average misfire counts for last ten driving cycles : 0.0 count [PASSED]
Misfire counts for last/current driving cycles : 0.0 count [PASSED]",,,0.0 volt,1.41796875 milliampere,"((), (False, False, False, False), (False, False, True, True))",India OBD II (IOBD II),0101010001000000000000000000000000000000,10111110001111101010100000010011,10000000000001011011000000010001,01111010110100001000000000000000,3.9215686274509802 percent,1233.0 revolutions_per_minute,1034.0 second,0.0 percent,31.0 kilometer_per_hour,<obd.OBDResponse.Status object at 0x788288f6a3d0>,4.313725490196078 percent,14.901960784313726 percent,31.764705882352942 percent,-25.0 degree,bytearray(b'MAKGK785FG4100583'),255.0 count
21.56862745098039 percent,18.823529411764707 percent,9.411764705882353 percent,0 kilopascal,bytearray(b'37805-5V6-D6'),637.4000000000001 degree_Celsius,,1.9988175 ratio,14.267 volt,81 degree_Celsius,f02cf04a,5107.0 kilometer,27.0 kilometer,,,,,,,,,,,,,,,,,,,,,,,,,,,,,,,,,,,ELM327 v1.5,14.3 volt,22.352941176470587 percent,0.0 percent,"('Open loop due to engine load OR fuel cut due to deceleration', '')",Gasoline,[],"[('P0138', 'O2 Sensor Circuit High Voltage')]",23 kilopascal,34 degree_Celsius,8.59375 percent,11000000000000000000000000000001,10000000000000000000000000000001,00000000000000000000000000000001,00000000000000000000000000000001,00000000000000000000000000000001,01111000000000000000000000000000,Unknown : 0.0 volt [PASSED],"Average misfire counts for last ten driving cycles : 0.0 count [PASSED]
Misfire counts for last/current driving cycles : 0.0 count [PASSED]","Average misfire counts for last ten driving cycles : 0.0 count [PASSED]
Misfire counts for last/current driving cycles : 0.0 count [PASSED]","Average misfire counts for last ten driving cycles : 0.0 count [PASSED]
Misfire counts for last/current driving cycles : 0.0 count [PASSED]","Average misfire counts for last ten driving cycles : 0.0 count [PASSED]
Misfire counts for last/current driving cycles : 0.0 count [PASSED]",,,0.0 volt,1.46484375 milliampere,"((), (False, False, False, False), (False, False, True, True))",India OBD II (IOBD II),0101010001000000000000000000000000000000,10111110001111101010100000010011,10000000000001011011000000010001,01111010110100001000000000000000,3.9215686274509802 percent,1202.0 revolutions_per_minute,1038.0 second,0.0 percent,23.0 kilometer_per_hour,<obd.OBDResponse.Status object at 0x788288f74510>,7.0588235294117645 percent,16.470588235294116 percent,33.72549019607843 percent,6.0 degree,bytearray(b'MAKGK785FG4100583'),255.0 count
39.21568627450981 percent,31.764705882352942 percent,16.07843137254902 percent,0 kilopascal,bytearray(b'37805-5V6-D6'),616.6 degree_Celsius,,0.936777 ratio,14.26 volt,81 degree_Celsius,f02cf04a,5107.0 kilometer,27.0 kilometer,,,,,,,,,,,,,,,,,,,,,,,,,,,,,,,,,,,ELM327 v1.5,14.3 volt,73.72549019607843 percent,82.74509803921569 percent,"('Closed loop, using oxygen sensor feedback to determine fuel mix', '')",Gasoline,[],"[('P0138', 'O2 Sensor Circuit High Voltage')]",74 kilopascal,34 degree_Celsius,8.59375 percent,11000000000000000000000000000001,10000000000000000000000000000001,00000000000000000000000000000001,00000000000000000000000000000001,00000000000000000000000000000001,01111000000000000000000000000000,Unknown : 0.0 volt [PASSED],"Average misfire counts for last ten driving cycles : 0.0 count [PASSED]
Misfire counts for last/current driving cycles : 0.0 count [PASSED]","Average misfire counts for last ten driving cycles : 0.0 count [PASSED]
Misfire counts for last/current driving cycles : 0.0 count [PASSED]","Average misfire counts for last ten driving cycles : 0.0 count [PASSED]
Misfire counts for last/current driving cycles : 0.0 count [PASSED]","Average misfire counts for last ten driving cycles : 0.0 count [PASSED]
Misfire counts for last/current driving cycles : 0.0 count [PASSED]",,,0.68 volt,-0.15625 milliampere,"((), (False, False, False, False), (False, False, True, True))",India OBD II (IOBD II),0101010001000000000000000000000000000000,10111110001111101010100000010011,10000000000001011011000000010001,01111010110100001000000000000000,3.5294117647058822 percent,1291.0 revolutions_per_minute,1042.0 second,11.71875 percent,27.0 kilometer_per_hour,<obd.OBDResponse.Status object at 0x788288f765d0>,3.9215686274509802 percent,14.509803921568627 percent,31.372549019607842 percent,4.0 degree,bytearray(b'MAKGK785FG4100583'),255.0 count
