ABSOLUTE_LOAD,ACCELERATOR_POS_D,ACCELERATOR_POS_E,AMBIANT_AIR_TEMP,BAROMETRIC_PRESSURE,CALIBRATION_ID,CATALYST_TEMP_B1S1,CLEAR_DTC,COMMANDED_EQUIV_RATIO,CONTROL_MODULE_VOLTAGE,COOLANT_TEMP,CVN,DISTANCE_SINCE_DTC_CLEAR,DISTANCE_W_MIL,DTC_ABSOLUTE_LOAD,DTC_ACCELERATOR_POS_D,DTC_ACCELERATOR_POS_E,DTC_AMBIANT_AIR_TEMP,DTC_BAROMETRIC_PRESSURE,DTC_CATALYST_TEMP_B1S1,DTC_COMMANDED_EQUIV_RATIO,DTC_CONTROL_MODULE_VOLTAGE,DTC_COOLANT_TEMP,DTC_DISTANCE_SINCE_DTC_CLEAR,DTC_DISTANCE_W_MIL,DTC_ENGINE_LOAD,DTC_EVAPORATIVE_PURGE,DTC_FUEL_LEVEL,DTC_FUEL_STATUS,DTC_FUEL_TYPE,DTC_INTAKE_PRESSURE,DTC_INTAKE_TEMP,DTC_LONG_FUEL_TRIM_1,DTC_LONG_O2_TRIM_B1,DTC_O2_B1S2,DTC_O2_S1_WR_CURRENT,DTC_O2_SENSORS,DTC_OBD_COMPLIANCE,DTC_PIDS_B,DTC_PIDS_C,DTC_RELATIVE_THROTTLE_POS,DTC_RPM,DTC_RUN_TIME,DTC_SHORT_FUEL_TRIM_1,DTC_SPEED,DTC_STATUS,DTC_STATUS_DRIVE_CYCLE,DTC_THROTTLE_ACTUATOR,DTC_THROTTLE_POS,DTC_THROTTLE_POS_B,DTC_TIMING_ADVANCE,DTC_WARMUPS_SINCE_DTC_CLEAR,ELM_VERSION,ELM_VOLTAGE,ENGINE_LOAD,EVAPORATIVE_PURGE,FUEL_LEVEL,FUEL_STATUS,FUEL_TYPE,GET_CURRENT_DTC,GET_DTC,INTAKE_PRESSURE,INTAKE_TEMP,LONG_FUEL_TRIM_1,LONG_O2_TRIM_B1,MIDS_A,MIDS_B,MIDS_C,MIDS_D,MIDS_E,MIDS_F,MONITOR_CATALYST_B1,MONITOR_MISFIRE_CYLINDER_1,MONITOR_MISFIRE_CYLINDER_2,MONITOR_MISFIRE_CYLINDER_3,MONITOR_MISFIRE_CYLINDER_4,MONITOR_O2_B1S1,MONITOR_O2_B1S2,MONITOR_O2_HEATER_B1S1,MONITOR_O2_HEATER_B1S2,MONITOR_PURGE_FLOW,MONITOR_VVT_B1,O2_B1S2,O2_S1_WR_CURRENT,O2_SENSORS,OBD_COMPLIANCE,PIDS_9A,PIDS_A,PIDS_B,PIDS_C,RELATIVE_THROTTLE_POS,RPM,RUN_TIME,SHORT_FUEL_TRIM_1,SPEED,STATUS,STATUS_DRIVE_CYCLE,THROTTLE_ACTUATOR,THROTTLE_POS,THROTTLE_POS_B,TIMING_ADVANCE,VIN,WARMUPS_SINCE_DTC_CLEAR,TIMESTAMP_OBD,MERGED_TIMESTAMP,TIMESTAMP_EPS8266,GPS_STATUS,LATITUDE,LONGITUDE,ACC_X,ACC_Y,ACC_Z,GYRO_X,GYRO_Y,GYRO_Z,VIBRATION_STATUS
31.372549019607842 percent,14.901960784313726 percent,14.901960784313726 percent,39 degree_Celsius,100 kilopascal,bytearray(b'5E018DD3844BEA'),409.8 degree_Celsius,,,,,,,,,,,,,,,,,,,,,,,,,,,,,,,,,,,,,,,,,,,,,,ELM327 v1.5,12.8 volt,41.568627450980394 percent,23.137254901960784 percent,91.76470588235294 percent,"('Closed loop, using oxygen sensor feedback to determine fuel mix', '')",Gasoline,[],[],45 kilopascal,50 degree_Celsius,1.5625 percent,0.0 percent,11000000000000000000000000000001,10000000000000000000100000001001,11000000000000000000000000000001,1.0,1.0,01111000000000000000000000000000,Unknown : 0.0 percent [PASSED],"Average misfire counts for last ten driving cycles : 0.0 count [PASSED]
Misfire counts for last/current driving cycles : 0.0 count [PASSED]","Average misfire counts for last ten driving cycles : 0.0 count [PASSED]
Misfire counts for last/current driving cycles : 0.0 count [PASSED]","Average misfire counts for last ten driving cycles : 0.0 count [PASSED]
Misfire counts for last/current driving cycles : 0.0 count [PASSED]","Average misfire counts for last ten driving cycles : 0.0 count [PASSED]
Misfire counts for last/current driving cycles : 0.0 count [PASSED]","Unknown : 0.0 count [PASSED]
Unknown : 0.0 count [PASSED]
Unknown : 0.0 ratio [PASSED]
Unknown : 0.0 millisecond [PASSED]","Rich to lean sensor switch time : 0.0 millisecond [PASSED]
Unknown : 0.0 millivolt [PASSED]
Unknown : 0.0 millivolt [PASSED]",Unknown : 719.7 degree_Celsius [PASSED],Unknown : 0.0 ohm [PASSED],Unknown : 0.0 count [PASSED],"Unknown : 0.0 degree [PASSED]
Unknown : 0.0 degree [PASSED]
Unknown : 0.0 degree [PASSED]
Unknown : 0.0 degree [PASSED]",0.555 volt,-0.015625 milliampere,"((), (False, False, False, False), (False, False, True, True))",India OBD II (IOBD II),0101010001000000000000000000000000000000,10111110001111101010100000010011,10000000000001111011000000010001,11111110110100001000010000000001,3.5294117647058822 percent,924.5 revolutions_per_minute,195.0 second,0.78125 percent,0.0 kilometer_per_hour,<obd.OBDResponse.Status object at 0x7f6f83e0edd0>,<obd.OBDResponse.Status object at 0x7f6f83e0f310>,4.705882352941177 percent,14.117647058823529 percent,14.117647058823529 percent,0.5 degree,bytearray(b'MEXKRDPA7NG020286'),0.0 count,2025-04-28 14:48:03,2025-04-28 14:48:08,2025-04-28 14:48:03,Signal Acquired,15.326475,73.932784,1.15,0.65,9.17,-0.01,0.01,-0.0,NO
,,,,,,,,,,,,,,,,,,,,,,,,,,,,,,,,,,,,,,,,,,,,,,,,,,,,,,,,,,,,,,,,,,,,,,,,,,,,,,,,,,,,,,,,,,,,,,,,,,,,,,,,,2025-04-28 14:48:04,Signal Acquired,15.326472,73.932787,0.69,0.44,8.97,-0.02,0.02,-0.01,NO
,,,,,,,,,,,,,,,,,,,,,,,,,,,,,,,,,,,,,,,,,,,,,,,,,,,,,,,,,,,,,,,,,,,,,,,,,,,,,,,,,,,,,,,,,,,,,,,,,,,,,,,,,2025-04-28 14:48:04,Signal Acquired,15.326472,73.932787,1.36,0.42,8.89,-0.04,0.02,0.0,NO
30.980392156862745 percent,14.901960784313726 percent,14.901960784313726 percent,39 degree_Celsius,100 kilopascal,bytearray(b'5E018DD3844BEA'),409.1 degree_Celsius,,,,,,,0.0 kilometer,,,,,,,,,,,,,,,,,,,,,,,,,,,,,,,,,,,,,,,ELM327 v1.5,12.8 volt,39.6078431372549 percent,23.137254901960784 percent,91.76470588235294 percent,"('Closed loop, using oxygen sensor feedback to determine fuel mix', '')",Gasoline,[],[],45 kilopascal,50 degree_Celsius,1.5625 percent,0.0 percent,11000000000000000000000000000001,10000000000000000000100000001001,11000000000000000000000000000001,1.0,1.0,01111000000000000000000000000000,Unknown : 0.0 percent [PASSED],"Average misfire counts for last ten driving cycles : 0.0 count [PASSED]
Misfire counts for last/current driving cycles : 0.0 count [PASSED]","Average misfire counts for last ten driving cycles : 0.0 count [PASSED]
Misfire counts for last/current driving cycles : 0.0 count [PASSED]","Average misfire counts for last ten driving cycles : 0.0 count [PASSED]
Misfire counts for last/current driving cycles : 0.0 count [PASSED]","Average misfire counts for last ten driving cycles : 0.0 count [PASSED]
Misfire counts for last/current driving cycles : 0.0 count [PASSED]","Unknown : 0.0 count [PASSED]
Unknown : 0.0 count [PASSED]
Unknown : 0.0 ratio [PASSED]
Unknown : 0.0 millisecond [PASSED]","Rich to lean sensor switch time : 0.0 millisecond [PASSED]
Unknown : 0.0 millivolt [PASSED]
Unknown : 0.0 millivolt [PASSED]",Unknown : -40.0 degree_Celsius [PASSED],Unknown : 0.0 ohm [PASSED],Unknown : 0.0 count [PASSED],"Unknown : 0.0 degree [PASSED]
Unknown : 0.0 degree [PASSED]
Unknown : 0.0 degree [PASSED]
Unknown : 0.0 degree [PASSED]",0.54 volt,-0.0078125 milliampere,"((), (False, False, False, False), (False, False, True, True))",India OBD II (IOBD II),0101010001000000000000000000000000000000,10111110001111101010100000010011,10000000000001111011000000010001,11111110110100001000010000000001,3.5294117647058822 percent,933.0 revolutions_per_minute,203.0 second,1.5625 percent,0.0 kilometer_per_hour,<obd.OBDResponse.Status object at 0x7f6f824a74c0>,<obd.OBDResponse.Status object at 0x7f6f824a7580>,4.705882352941177 percent,14.117647058823529 percent,14.117647058823529 percent,1.5 degree,bytearray(b'MEXKRDPA7NG020286'),0.0 count,2025-04-28 14:48:11,2025-04-28 14:48:16,2025-04-28 14:48:11,Signal Acquired,15.326469,73.93279,1.03,0.63,8.98,-0.03,0.02,-0.0,NO
,,,,,,,,,,,,,,,,,,,,,,,,,,,,,,,,,,,,,,,,,,,,,,,,,,,,,,,,,,,,,,,,,,,,,,,,,,,,,,,,,,,,,,,,,,,,,,,,,,,,,,,,,2025-04-28 14:48:11,Signal Acquired,15.326469,73.93279,1.04,0.45,8.94,-0.03,0.01,0.0,NO
,,,,,,,,,,,,,,,,,,,,,,,,,,,,,,,,,,,,,,,,,,,,,,,,,,,,,,,,,,,,,,,,,,,,,,,,,,,,,,,,,,,,,,,,,,,,,,,,,,,,,,,,,2025-04-28 14:48:11,Signal Acquired,15.326467,73.932794,1.24,0.59,8.88,-0.02,0.01,-0.0,NO
31.764705882352942 percent,14.901960784313726 percent,14.901960784313726 percent,38 degree_Celsius,100 kilopascal,bytearray(b'5E018DD3844BEA'),408.5 degree_Celsius,,,,,,,0.0 kilometer,,,,,,,,,,,,,,,,,,,,,,,,,,,,,,,,,,,,,,,ELM327 v1.5,12.8 volt,40.0 percent,23.137254901960784 percent,91.76470588235294 percent,"('Closed loop, using oxygen sensor feedback to determine fuel mix', '')",Gasoline,[],[],45 kilopascal,50 degree_Celsius,1.5625 percent,0.0 percent,11000000000000000000000000000001,10000000000000000000100000001001,11000000000000000000000000000001,1.0,1.0,01111000000000000000000000000000,Unknown : 0.0 percent [PASSED],"Average misfire counts for last ten driving cycles : 0.0 count [PASSED]
Misfire counts for last/current driving cycles : 0.0 count [PASSED]","Average misfire counts for last ten driving cycles : 0.0 count [PASSED]
Misfire counts for last/current driving cycles : 0.0 count [PASSED]","Average misfire counts for last ten driving cycles : 0.0 count [PASSED]
Misfire counts for last/current driving cycles : 0.0 count [PASSED]","Average misfire counts for last ten driving cycles : 0.0 count [PASSED]
Misfire counts for last/current driving cycles : 0.0 count [PASSED]","Unknown : 0.0 count [PASSED]
Unknown : 0.0 count [PASSED]
Unknown : 0.0 ratio [PASSED]
Unknown : 0.0 millisecond [PASSED]","Rich to lean sensor switch time : 0.0 millisecond [PASSED]
Unknown : 0.0 millivolt [PASSED]
Unknown : 0.0 millivolt [PASSED]",Unknown : -40.0 degree_Celsius [PASSED],Unknown : 0.0 ohm [PASSED],Unknown : 0.0 count [PASSED],"Unknown : 0.0 degree [PASSED]
Unknown : 0.0 degree [PASSED]
Unknown : 0.0 degree [PASSED]
Unknown : 0.0 degree [PASSED]",0.57 volt,-0.01953125 milliampere,"((), (False, False, False, False), (False, False, True, True))",India OBD II (IOBD II),0101010001000000000000000000000000000000,10111110001111101010100000010011,10000000000001111011000000010001,11111110110100001000010000000001,3.5294117647058822 percent,931.5 revolutions_per_minute,210.0 second,1.5625 percent,0.0 kilometer_per_hour,<obd.OBDResponse.Status object at 0x7f6f824bfdc0>,<obd.OBDResponse.Status object at 0x7f6f83de4df0>,4.705882352941177 percent,14.117647058823529 percent,14.117647058823529 percent,1.5 degree,bytearray(b'MEXKRDPA7NG020286'),0.0 count,2025-04-28 14:48:17,2025-04-28 14:48:23,2025-04-28 14:48:17,Signal Acquired,15.326467,73.932794,1.07,0.44,8.94,-0.06,0.02,0.0,NO
,,,,,,,,,,,,,,,,,,,,,,,,,,,,,,,,,,,,,,,,,,,,,,,,,,,,,,,,,,,,,,,,,,,,,,,,,,,,,,,,,,,,,,,,,,,,,,,,,,,,,,,,,2025-04-28 14:48:17,Signal Acquired,15.326465,73.932797,1.44,0.67,8.75,-0.03,0.02,0.01,NO
,,,,,,,,,,,,,,,,,,,,,,,,,,,,,,,,,,,,,,,,,,,,,,,,,,,,,,,,,,,,,,,,,,,,,,,,,,,,,,,,,,,,,,,,,,,,,,,,,,,,,,,,,2025-04-28 14:48:17,Signal Acquired,15.326465,73.932797,0.88,0.45,8.79,-0.04,0.02,0.0,NO
31.372549019607842 percent,14.901960784313726 percent,14.901960784313726 percent,38 degree_Celsius,100 kilopascal,bytearray(b'5E018DD3844BEA'),408.20000000000005 degree_Celsius,,,,,,0.0 kilometer,0.0 kilometer,,,,,,,,,,,,,,,,,,,,,,,,,,,,,,,,,,,,,,,ELM327 v1.5,12.8 volt,72.15686274509804 percent,34.90196078431372 percent,91.76470588235294 percent,"('Closed loop, using oxygen sensor feedback to determine fuel mix', '')",Gasoline,[],[],81 kilopascal,51 degree_Celsius,1.5625 percent,0.0 percent,11000000000000000000000000000001,10000000000000000000100000001001,11000000000000000000000000000001,1.0,1.0,01111000000000000000000000000000,Unknown : 0.0 percent [PASSED],"Average misfire counts for last ten driving cycles : 0.0 count [PASSED]
Misfire counts for last/current driving cycles : 0.0 count [PASSED]","Average misfire counts for last ten driving cycles : 0.0 count [PASSED]
Misfire counts for last/current driving cycles : 0.0 count [PASSED]","Average misfire counts for last ten driving cycles : 0.0 count [PASSED]
Misfire counts for last/current driving cycles : 0.0 count [PASSED]","Average misfire counts for last ten driving cycles : 0.0 count [PASSED]
Misfire counts for last/current driving cycles : 0.0 count [PASSED]","Unknown : 0.0 count [PASSED]
Unknown : 0.0 count [PASSED]
Unknown : 0.0 ratio [PASSED]
Unknown : 0.0 millisecond [PASSED]","Rich to lean sensor switch time : 0.0 millisecond [PASSED]
Unknown : 0.0 millivolt [PASSED]
Unknown : 0.0 millivolt [PASSED]",Unknown : -40.0 degree_Celsius [PASSED],Unknown : 0.0 ohm [PASSED],Unknown : 0.0 count [PASSED],"Unknown : 0.0 degree [PASSED]
Unknown : 0.0 degree [PASSED]
Unknown : 0.0 degree [PASSED]
Unknown : 0.0 degree [PASSED]",0.615 volt,0.0078125 milliampere,"((), (False, False, False, False), (False, False, True, True))",India OBD II (IOBD II),0101010001000000000000000000000000000000,10111110001111101010100000010011,10000000000001111011000000010001,11111110110100001000010000000001,5.882352941176471 percent,1055.5 revolutions_per_minute,216.0 second,5.46875 percent,8.0 kilometer_per_hour,<obd.OBDResponse.Status object at 0x7f6f824e9f90>,<obd.OBDResponse.Status object at 0x7f6f824ea260>,7.8431372549019605 percent,16.470588235294116 percent,16.470588235294116 percent,-15.0 degree,bytearray(b'MEXKRDPA7NG020286'),0.0 count,2025-04-28 14:48:24,2025-04-28 14:48:29,2025-04-28 14:48:24,Signal Acquired,15.326462,73.9328,1.47,0.75,8.8,-0.0,0.01,0.01,NO
,,,,,,,,,,,,,,,,,,,,,,,,,,,,,,,,,,,,,,,,,,,,,,,,,,,,,,,,,,,,,,,,,,,,,,,,,,,,,,,,,,,,,,,,,,,,,,,,,,,,,,,,,2025-04-28 14:48:24,Signal Acquired,15.326462,73.9328,1.08,0.57,8.87,-0.05,0.02,-0.01,NO
,,,,,,,,,,,,,,,,,,,,,,,,,,,,,,,,,,,,,,,,,,,,,,,,,,,,,,,,,,,,,,,,,,,,,,,,,,,,,,,,,,,,,,,,,,,,,,,,,,,,,,,,,2025-04-28 14:48:24,Signal Acquired,15.326459,73.932802,1.01,0.43,8.93,-0.02,0.02,-0.0,NO
43.529411764705884 percent,26.666666666666668 percent,26.666666666666668 percent,38 degree_Celsius,100 kilopascal,bytearray(b'5E018DD3844BEA'),410.90000000000003 degree_Celsius,,,,,,,0.0 kilometer,,,,,,,,,,,,,,,,,,,,,,,,,,,,,,,,,,,,,,,ELM327 v1.5,12.8 volt,73.72549019607843 percent,8.235294117647058 percent,91.76470588235294 percent,"('Closed loop, using oxygen sensor feedback to determine fuel mix', '')",Gasoline,[],[],64 kilopascal,50 degree_Celsius,1.5625 percent,0.0 percent,11000000000000000000000000000001,10000000000000000000100000001001,11000000000000000000000000000001,1.0,1.0,01111000000000000000000000000000,Unknown : 0.0 percent [PASSED],"Average misfire counts for last ten driving cycles : 0.0 count [PASSED]
Misfire counts for last/current driving cycles : 0.0 count [PASSED]","Average misfire counts for last ten driving cycles : 0.0 count [PASSED]
Misfire counts for last/current driving cycles : 0.0 count [PASSED]","Average misfire counts for last ten driving cycles : 0.0 count [PASSED]
Misfire counts for last/current driving cycles : 1.0 count [PASSED]","Average misfire counts for last ten driving cycles : 0.0 count [PASSED]
Misfire counts for last/current driving cycles : 1.0 count [PASSED]","Unknown : 0.0 count [PASSED]
Unknown : 0.0 count [PASSED]
Unknown : 0.0 ratio [PASSED]
Unknown : 0.0 millisecond [PASSED]","Rich to lean sensor switch time : 0.0 millisecond [PASSED]
Unknown : 0.0 millivolt [PASSED]
Unknown : 0.0 millivolt [PASSED]",Unknown : -40.0 degree_Celsius [PASSED],Unknown : 0.0 ohm [PASSED],Unknown : 0.0 count [PASSED],"Unknown : 0.0 degree [PASSED]
Unknown : 0.0 degree [PASSED]
Unknown : 0.0 degree [PASSED]
Unknown : 0.0 degree [PASSED]",0.655 volt,-0.015625 milliampere,"((), (False, False, False, False), (False, False, True, True))",India OBD II (IOBD II),0101010001000000000000000000000000000000,10111110001111101010100000010011,10000000000001111011000000010001,11111110110100001000010000000001,13.72549019607843 percent,992.0 revolutions_per_minute,223.0 second,-0.78125 percent,11.0 kilometer_per_hour,<obd.OBDResponse.Status object at 0x7f6f8250d870>,<obd.OBDResponse.Status object at 0x7f6f8250d930>,0.0 percent,10.588235294117647 percent,10.980392156862745 percent,-15.0 degree,bytearray(b'MEXKRDPA7NG020286'),0.0 count,2025-04-28 14:48:31,2025-04-28 14:48:36,2025-04-28 14:48:31,Signal Acquired,15.326459,73.932802,0.96,0.47,8.85,-0.05,0.04,-0.0,NO
,,,,,,,,,,,,,,,,,,,,,,,,,,,,,,,,,,,,,,,,,,,,,,,,,,,,,,,,,,,,,,,,,,,,,,,,,,,,,,,,,,,,,,,,,,,,,,,,,,,,,,,,,2025-04-28 14:48:31,Signal Acquired,15.326455,73.932803,0.97,0.54,9.1,-0.01,0.01,-0.0,NO
,,,,,,,,,,,,,,,,,,,,,,,,,,,,,,,,,,,,,,,,,,,,,,,,,,,,,,,,,,,,,,,,,,,,,,,,,,,,,,,,,,,,,,,,,,,,,,,,,,,,,,,,,2025-04-28 14:48:31,Signal Acquired,15.326455,73.932803,1.4,0.62,8.84,-0.02,0.01,0.0,NO
56.07843137254902 percent,17.647058823529413 percent,17.254901960784313 percent,37 degree_Celsius,100 kilopascal,bytearray(b'5E018DD3844BEA'),412.1 degree_Celsius,,,,,,,0.0 kilometer,,,,,,,,,,,,,,,,,,,,,,,,,,,,,,,,,,,,,,,ELM327 v1.5,12.7 volt,40.0 percent,24.313725490196077 percent,91.76470588235294 percent,"('Closed loop, using oxygen sensor feedback to determine fuel mix', '')",Gasoline,[],[],47 kilopascal,50 degree_Celsius,1.5625 percent,0.0 percent,11000000000000000000000000000001,10000000000000000000100000001001,11000000000000000000000000000001,1.0,1.0,01111000000000000000000000000000,Unknown : 0.0 percent [PASSED],"Average misfire counts for last ten driving cycles : 0.0 count [PASSED]
Misfire counts for last/current driving cycles : 0.0 count [PASSED]","Average misfire counts for last ten driving cycles : 0.0 count [PASSED]
Misfire counts for last/current driving cycles : 0.0 count [PASSED]","Average misfire counts for last ten driving cycles : 0.0 count [PASSED]
Misfire counts for last/current driving cycles : 0.0 count [PASSED]","Average misfire counts for last ten driving cycles : 0.0 count [PASSED]
Misfire counts for last/current driving cycles : 0.0 count [PASSED]","Unknown : 0.0 count [PASSED]
Unknown : 0.0 count [PASSED]
Unknown : 0.0 ratio [PASSED]
Unknown : 0.0 millisecond [PASSED]","Rich to lean sensor switch time : 0.0 millisecond [PASSED]
Unknown : 0.0 millivolt [PASSED]
Unknown : 0.0 millivolt [PASSED]",Unknown : -40.0 degree_Celsius [PASSED],Unknown : 0.0 ohm [PASSED],Unknown : 0.0 count [PASSED],"Unknown : 0.0 degree [PASSED]
Unknown : 0.0 degree [PASSED]
Unknown : 0.0 degree [PASSED]
Unknown : 0.0 degree [PASSED]",0.675 volt,-0.01171875 milliampere,"((), (False, False, False, False), (False, False, True, True))",India OBD II (IOBD II),0101010001000000000000000000000000000000,10111110001111101010100000010011,10000000000001111011000000010001,11111110110100001000010000000001,3.5294117647058822 percent,916.5 revolutions_per_minute,229.0 second,0.78125 percent,6.0 kilometer_per_hour,<obd.OBDResponse.Status object at 0x7f6f82521e10>,<obd.OBDResponse.Status object at 0x7f6f82523280>,4.705882352941177 percent,14.117647058823529 percent,14.509803921568627 percent,9.0 degree,bytearray(b'MEXKRDPA7NG020286'),0.0 count,2025-04-28 14:48:37,2025-04-28 14:48:42,2025-04-28 14:48:37,Signal Acquired,15.326452,73.932805,1.02,0.52,8.85,-0.05,0.03,-0.01,NO
,,,,,,,,,,,,,,,,,,,,,,,,,,,,,,,,,,,,,,,,,,,,,,,,,,,,,,,,,,,,,,,,,,,,,,,,,,,,,,,,,,,,,,,,,,,,,,,,,,,,,,,,,2025-04-28 14:48:37,Signal Acquired,15.326452,73.932805,1.29,0.35,8.99,-0.04,0.02,0.0,NO
,,,,,,,,,,,,,,,,,,,,,,,,,,,,,,,,,,,,,,,,,,,,,,,,,,,,,,,,,,,,,,,,,,,,,,,,,,,,,,,,,,,,,,,,,,,,,,,,,,,,,,,,,2025-04-28 14:48:37,Signal Acquired,15.32645,73.932805,1.1,0.6,8.94,-0.02,0.03,-0.0,NO
76.07843137254902 percent,16.862745098039216 percent,16.862745098039216 percent,37 degree_Celsius,100 kilopascal,bytearray(b'5E018DD3844BEA'),413.40000000000003 degree_Celsius,,,,,,0.0 kilometer,0.0 kilometer,,,,,,,,,,,,,,,,,,,,,,,,,,,,,,,,,,,,,,,ELM327 v1.5,12.7 volt,82.74509803921569 percent,74.90196078431373 percent,91.76470588235294 percent,"('Closed loop, using oxygen sensor feedback to determine fuel mix', '')",Gasoline,[],[],100 kilopascal,51 degree_Celsius,1.5625 percent,0.0 percent,11000000000000000000000000000001,10000000000000000000100000001001,11000000000000000000000000000001,1.0,1.0,01111000000000000000000000000000,Unknown : 0.0 percent [PASSED],"Average misfire counts for last ten driving cycles : 0.0 count [PASSED]
Misfire counts for last/current driving cycles : 0.0 count [PASSED]","Average misfire counts for last ten driving cycles : 0.0 count [PASSED]
Misfire counts for last/current driving cycles : 0.0 count [PASSED]","Average misfire counts for last ten driving cycles : 0.0 count [PASSED]
Misfire counts for last/current driving cycles : 0.0 count [PASSED]","Average misfire counts for last ten driving cycles : 0.0 count [PASSED]
Misfire counts for last/current driving cycles : 0.0 count [PASSED]","Unknown : 0.0 count [PASSED]
Unknown : 0.0 count [PASSED]
Unknown : 0.0 ratio [PASSED]
Unknown : 0.0 millisecond [PASSED]","Rich to lean sensor switch time : 0.0 millisecond [PASSED]
Unknown : 0.0 millivolt [PASSED]
Unknown : 0.0 millivolt [PASSED]",Unknown : -40.0 degree_Celsius [PASSED],Unknown : 0.0 ohm [PASSED],Unknown : 0.0 count [PASSED],"Unknown : 0.0 degree [PASSED]
Unknown : 0.0 degree [PASSED]
Unknown : 0.0 degree [PASSED]
Unknown : 0.0 degree [PASSED]",0.71 volt,-0.0546875 milliampere,"((), (False, False, False, False), (False, False, True, True))",India OBD II (IOBD II),0101010001000000000000000000000000000000,10111110001111101010100000010011,10000000000001111011000000010001,11111110110100001000010000000001,3.5294117647058822 percent,906.5 revolutions_per_minute,236.0 second,2.34375 percent,17.0 kilometer_per_hour,<obd.OBDResponse.Status object at 0x7f6f82537f10>,<obd.OBDResponse.Status object at 0x7f6f82537ee0>,4.705882352941177 percent,13.72549019607843 percent,14.117647058823529 percent,4.5 degree,bytearray(b'MEXKRDPA7NG020286'),0.0 count,2025-04-28 14:48:44,2025-04-28 14:48:49,2025-04-28 14:48:44,Signal Acquired,15.32645,73.932805,1.04,0.36,9.01,-0.04,0.03,0.0,NO
,,,,,,,,,,,,,,,,,,,,,,,,,,,,,,,,,,,,,,,,,,,,,,,,,,,,,,,,,,,,,,,,,,,,,,,,,,,,,,,,,,,,,,,,,,,,,,,,,,,,,,,,,2025-04-28 14:48:44,Signal Acquired,15.326447,73.932805,1.51,0.65,8.84,-0.03,0.02,-0.0,NO
,,,,,,,,,,,,,,,,,,,,,,,,,,,,,,,,,,,,,,,,,,,,,,,,,,,,,,,,,,,,,,,,,,,,,,,,,,,,,,,,,,,,,,,,,,,,,,,,,,,,,,,,,2025-04-28 14:48:44,Signal Acquired,15.326447,73.932805,0.98,0.27,8.93,-0.05,0.04,-0.0,NO
29.41176470588235 percent,14.901960784313726 percent,14.901960784313726 percent,36 degree_Celsius,100 kilopascal,bytearray(b'5E018DD3844BEA'),418.70000000000005 degree_Celsius,,,,,,,0.0 kilometer,,,,,,,,,,,,,,,,,,,,,,,,,,,,,,,,,,,,,,,ELM327 v1.5,12.8 volt,57.64705882352941 percent,4.705882352941177 percent,91.76470588235294 percent,"('Closed loop, using oxygen sensor feedback to determine fuel mix', '')",Gasoline,[],[],65 kilopascal,50 degree_Celsius,1.5625 percent,0.0 percent,11000000000000000000000000000001,10000000000000000000100000001001,11000000000000000000000000000001,1.0,1.0,01111000000000000000000000000000,Unknown : 0.0 percent [PASSED],"Average misfire counts for last ten driving cycles : 0.0 count [PASSED]
Misfire counts for last/current driving cycles : 0.0 count [PASSED]","Average misfire counts for last ten driving cycles : 0.0 count [PASSED]
Misfire counts for last/current driving cycles : 0.0 count [PASSED]","Average misfire counts for last ten driving cycles : 0.0 count [PASSED]
Misfire counts for last/current driving cycles : 0.0 count [PASSED]","Average misfire counts for last ten driving cycles : 0.0 count [PASSED]
Misfire counts for last/current driving cycles : 0.0 count [PASSED]","Unknown : 0.0 count [PASSED]
Unknown : 0.0 count [PASSED]
Unknown : 0.0 ratio [PASSED]
Unknown : 0.0 millisecond [PASSED]","Rich to lean sensor switch time : 0.0 millisecond [PASSED]
Unknown : 0.0 millivolt [PASSED]
Unknown : 0.0 millivolt [PASSED]",Unknown : -40.0 degree_Celsius [PASSED],Unknown : 0.0 ohm [PASSED],Unknown : 0.0 count [PASSED],"Unknown : 0.0 degree [PASSED]
Unknown : 0.0 degree [PASSED]
Unknown : 0.0 degree [PASSED]
Unknown : 0.0 degree [PASSED]",0.71 volt,-0.00390625 milliampere,"((), (False, False, False, False), (False, False, True, True))",India OBD II (IOBD II),0101010001000000000000000000000000000000,10111110001111101010100000010011,10000000000001111011000000010001,11111110110100001000010000000001,60.3921568627451 percent,944.0 revolutions_per_minute,242.0 second,0.0 percent,14.0 kilometer_per_hour,<obd.OBDResponse.Status object at 0x7f6f825477c0>,<obd.OBDResponse.Status object at 0x7f6f82547c70>,83.52941176470588 percent,75.68627450980392 percent,77.25490196078431 percent,0.5 degree,bytearray(b'MEXKRDPA7NG020286'),0.0 count,2025-04-28 14:48:50,2025-04-28 14:48:55,2025-04-28 14:48:50,Signal Acquired,15.326444,73.932805,1.17,0.52,8.89,-0.03,0.03,-0.0,NO
,,,,,,,,,,,,,,,,,,,,,,,,,,,,,,,,,,,,,,,,,,,,,,,,,,,,,,,,,,,,,,,,,,,,,,,,,,,,,,,,,,,,,,,,,,,,,,,,,,,,,,,,,2025-04-28 14:48:50,Signal Acquired,15.326444,73.932805,0.82,0.31,9.12,-0.04,0.03,-0.0,NO
,,,,,,,,,,,,,,,,,,,,,,,,,,,,,,,,,,,,,,,,,,,,,,,,,,,,,,,,,,,,,,,,,,,,,,,,,,,,,,,,,,,,,,,,,,,,,,,,,,,,,,,,,2025-04-28 14:48:50,Signal Acquired,15.326441,73.932806,1.16,0.78,9.03,-0.02,0.04,-0.0,NO
105.09803921568627 percent,45.09803921568628 percent,45.490196078431374 percent,36 degree_Celsius,100 kilopascal,bytearray(b'5E018DD3844BEA'),433.0 degree_Celsius,,,,,,0.0 kilometer,0.0 kilometer,,,,,,,,,,,,,,,,,,,,,,,,,,,,,,,,,,,,,,,ELM327 v1.5,12.8 volt,64.70588235294117 percent,81.17647058823529 percent,91.76470588235294 percent,"('Closed loop, using oxygen sensor feedback to determine fuel mix', '')",Gasoline,[],[],107 kilopascal,50 degree_Celsius,1.5625 percent,0.0 percent,11000000000000000000000000000001,10000000000000000000100000001001,11000000000000000000000000000001,1.0,1.0,01111000000000000000000000000000,Unknown : 0.0 percent [PASSED],"Average misfire counts for last ten driving cycles : 0.0 count [PASSED]
Misfire counts for last/current driving cycles : 0.0 count [PASSED]","Average misfire counts for last ten driving cycles : 0.0 count [PASSED]
Misfire counts for last/current driving cycles : 0.0 count [PASSED]","Average misfire counts for last ten driving cycles : 0.0 count [PASSED]
Misfire counts for last/current driving cycles : 1.0 count [PASSED]","Average misfire counts for last ten driving cycles : 0.0 count [PASSED]
Misfire counts for last/current driving cycles : 0.0 count [PASSED]","Unknown : 0.0 count [PASSED]
Unknown : 0.0 count [PASSED]
Unknown : 0.0 ratio [PASSED]
Unknown : 0.0 millisecond [PASSED]","Rich to lean sensor switch time : 0.0 millisecond [PASSED]
Unknown : 0.0 millivolt [PASSED]
Unknown : 0.0 millivolt [PASSED]",Unknown : -40.0 degree_Celsius [PASSED],Unknown : 0.0 ohm [PASSED],Unknown : 0.0 count [PASSED],"Unknown : 0.0 degree [PASSED]
Unknown : 0.0 degree [PASSED]
Unknown : 0.0 degree [PASSED]
Unknown : 0.0 degree [PASSED]",0.74 volt,-0.01953125 milliampere,"((), (False, False, False, False), (False, False, True, True))",India OBD II (IOBD II),0101010001000000000000000000000000000000,10111110001111101010100000010011,10000000000001111011000000010001,11111110110100001000010000000001,66.66666666666667 percent,1315.5 revolutions_per_minute,249.0 second,3.90625 percent,29.0 kilometer_per_hour,<obd.OBDResponse.Status object at 0x7f6f8256b160>,<obd.OBDResponse.Status object at 0x7f6f8256b790>,86.27450980392157 percent,77.25490196078431 percent,77.6470588235294 percent,-1.0 degree,bytearray(b'MEXKRDPA7NG020286'),0.0 count,2025-04-28 14:48:57,2025-04-28 14:49:02,2025-04-28 14:48:57,Signal Acquired,15.326441,73.932806,1.06,0.35,9.1,-0.05,0.02,-0.0,NO
,,,,,,,,,,,,,,,,,,,,,,,,,,,,,,,,,,,,,,,,,,,,,,,,,,,,,,,,,,,,,,,,,,,,,,,,,,,,,,,,,,,,,,,,,,,,,,,,,,,,,,,,,2025-04-28 14:48:57,Signal Acquired,15.326439,73.932807,1.04,0.58,8.83,-0.03,0.03,-0.01,NO
,,,,,,,,,,,,,,,,,,,,,,,,,,,,,,,,,,,,,,,,,,,,,,,,,,,,,,,,,,,,,,,,,,,,,,,,,,,,,,,,,,,,,,,,,,,,,,,,,,,,,,,,,2025-04-28 14:48:57,Signal Acquired,15.326439,73.932807,1.0,0.41,8.84,-0.05,0.03,0.0,NO
117.6470588235294 percent,46.666666666666664 percent,47.05882352941177 percent,36 degree_Celsius,100 kilopascal,bytearray(b'5E018DD3844BEA'),482.6 degree_Celsius,,,,,,0.0 kilometer,0.0 kilometer,,,,,,,,,,,,,,,,,,,,,,,,,,,,,,,,,,,,,,,ELM327 v1.5,12.7 volt,16.470588235294116 percent,8.627450980392156 percent,91.76470588235294 percent,"('Closed loop, using oxygen sensor feedback to determine fuel mix', '')",Gasoline,[],[],31 kilopascal,49 degree_Celsius,1.5625 percent,0.0 percent,11000000000000000000000000000001,10000000000000000000100000001001,11000000000000000000000000000001,1.0,1.0,01111000000000000000000000000000,Unknown : 0.0 percent [PASSED],"Average misfire counts for last ten driving cycles : 0.0 count [PASSED]
Misfire counts for last/current driving cycles : 0.0 count [PASSED]","Average misfire counts for last ten driving cycles : 0.0 count [PASSED]
Misfire counts for last/current driving cycles : 0.0 count [PASSED]","Average misfire counts for last ten driving cycles : 0.0 count [PASSED]
Misfire counts for last/current driving cycles : 0.0 count [PASSED]","Average misfire counts for last ten driving cycles : 0.0 count [PASSED]
Misfire counts for last/current driving cycles : 0.0 count [PASSED]","Unknown : 0.0 count [PASSED]
Unknown : 0.0 count [PASSED]
Unknown : 0.0 ratio [PASSED]
Unknown : 0.0 millisecond [PASSED]","Rich to lean sensor switch time : 0.0 millisecond [PASSED]
Unknown : 0.0 millivolt [PASSED]
Unknown : 0.0 millivolt [PASSED]",Unknown : -40.0 degree_Celsius [PASSED],Unknown : 0.0 ohm [PASSED],Unknown : 0.0 count [PASSED],"Unknown : 0.0 degree [PASSED]
Unknown : 0.0 degree [PASSED]
Unknown : 0.0 degree [PASSED]
Unknown : 0.0 degree [PASSED]",0.735 volt,-0.03125 milliampere,"((), (False, False, False, False), (False, False, True, True))",India OBD II (IOBD II),0101010001000000000000000000000000000000,10111110001111101010100000010011,10000000000001111011000000010001,11111110110100001000010000000001,2.3529411764705883 percent,1071.0 revolutions_per_minute,255.0 second,0.0 percent,31.0 kilometer_per_hour,<obd.OBDResponse.Status object at 0x7f6f82545630>,<obd.OBDResponse.Status object at 0x7f6f83e0e350>,2.7450980392156863 percent,12.549019607843137 percent,12.941176470588236 percent,1.5 degree,bytearray(b'MEXKRDPA7NG020286'),0.0 count,2025-04-28 14:49:03,2025-04-28 14:49:08,2025-04-28 14:49:03,Signal Acquired,15.326436,73.932806,1.14,0.58,8.99,-0.02,0.01,0.0,NO
,,,,,,,,,,,,,,,,,,,,,,,,,,,,,,,,,,,,,,,,,,,,,,,,,,,,,,,,,,,,,,,,,,,,,,,,,,,,,,,,,,,,,,,,,,,,,,,,,,,,,,,,,2025-04-28 14:49:03,Signal Acquired,15.326436,73.932806,0.94,0.36,8.92,-0.06,0.03,-0.0,NO
,,,,,,,,,,,,,,,,,,,,,,,,,,,,,,,,,,,,,,,,,,,,,,,,,,,,,,,,,,,,,,,,,,,,,,,,,,,,,,,,,,,,,,,,,,,,,,,,,,,,,,,,,2025-04-28 14:49:03,Signal Acquired,15.326437,73.932807,1.28,0.55,8.88,-0.02,0.01,-0.0,NO
21.176470588235293 percent,17.647058823529413 percent,17.647058823529413 percent,36 degree_Celsius,100 kilopascal,bytearray(b'5E018DD3844BEA'),497.70000000000005 degree_Celsius,,,,,,0.0 kilometer,0.0 kilometer,,,,,,,,,,,,,,,,,,,,,,,,,,,,,,,,,,,,,,,ELM327 v1.5,12.8 volt,40.3921568627451 percent,23.92156862745098 percent,91.76470588235294 percent,"('Closed loop, using oxygen sensor feedback to determine fuel mix', '')",Gasoline,[],[],47 kilopascal,50 degree_Celsius,1.5625 percent,0.0 percent,11000000000000000000000000000001,10000000000000000000100000001001,11000000000000000000000000000001,1.0,1.0,01111000000000000000000000000000,Unknown : 0.0 percent [PASSED],"Average misfire counts for last ten driving cycles : 0.0 count [PASSED]
Misfire counts for last/current driving cycles : 0.0 count [PASSED]","Average misfire counts for last ten driving cycles : 0.0 count [PASSED]
Misfire counts for last/current driving cycles : 0.0 count [PASSED]","Average misfire counts for last ten driving cycles : 0.0 count [PASSED]
Misfire counts for last/current driving cycles : 0.0 count [PASSED]","Average misfire counts for last ten driving cycles : 0.0 count [PASSED]
Misfire counts for last/current driving cycles : 0.0 count [PASSED]","Unknown : 0.0 count [PASSED]
Unknown : 0.0 count [PASSED]
Unknown : 0.0 ratio [PASSED]
Unknown : 0.0 millisecond [PASSED]","Rich to lean sensor switch time : 0.0 millisecond [PASSED]
Unknown : 0.0 millivolt [PASSED]
Unknown : 0.0 millivolt [PASSED]",Unknown : -40.0 degree_Celsius [PASSED],Unknown : 0.0 ohm [PASSED],Unknown : 0.0 count [PASSED],"Unknown : 0.0 degree [PASSED]
Unknown : 0.0 degree [PASSED]
Unknown : 0.0 degree [PASSED]
Unknown : 0.0 degree [PASSED]",0.735 volt,0.01171875 milliampere,"((), (False, False, False, False), (False, False, True, True))",India OBD II (IOBD II),0101010001000000000000000000000000000000,10111110001111101010100000010011,10000000000001111011000000010001,11111110110100001000010000000001,3.5294117647058822 percent,917.5 revolutions_per_minute,262.0 second,0.0 percent,11.0 kilometer_per_hour,<obd.OBDResponse.Status object at 0x7f6f824fe770>,<obd.OBDResponse.Status object at 0x7f6f823aa6b0>,4.705882352941177 percent,14.117647058823529 percent,14.117647058823529 percent,-2.5 degree,bytearray(b'MEXKRDPA7NG020286'),0.0 count,2025-04-28 14:49:10,2025-04-28 14:49:15,2025-04-28 14:49:10,Signal Acquired,15.326437,73.932807,1.04,0.29,8.96,-0.05,0.02,0.0,NO
,,,,,,,,,,,,,,,,,,,,,,,,,,,,,,,,,,,,,,,,,,,,,,,,,,,,,,,,,,,,,,,,,,,,,,,,,,,,,,,,,,,,,,,,,,,,,,,,,,,,,,,,,2025-04-28 14:49:10,Signal Acquired,15.326436,73.932806,1.34,0.57,8.8,-0.03,0.03,-0.0,NO
,,,,,,,,,,,,,,,,,,,,,,,,,,,,,,,,,,,,,,,,,,,,,,,,,,,,,,,,,,,,,,,,,,,,,,,,,,,,,,,,,,,,,,,,,,,,,,,,,,,,,,,,,2025-04-28 14:49:10,Signal Acquired,15.326436,73.932806,1.28,0.26,8.79,-0.05,0.02,0.0,NO
47.450980392156865 percent,25.49019607843137 percent,25.49019607843137 percent,36 degree_Celsius,100 kilopascal,bytearray(b'5E018DD3844BEA'),491.1 degree_Celsius,,,,,,,0.0 kilometer,,,,,,,,,,,,,,,,,,,,,,,,,,,,,,,,,,,,,,,ELM327 v1.5,12.7 volt,73.72549019607843 percent,36.470588235294116 percent,91.76470588235294 percent,"('Closed loop, using oxygen sensor feedback to determine fuel mix', '')",Gasoline,[],[],86 kilopascal,51 degree_Celsius,1.5625 percent,0.0 percent,11000000000000000000000000000001,10000000000000000000100000001001,11000000000000000000000000000001,1.0,1.0,01111000000000000000000000000000,Unknown : 0.0 percent [PASSED],"Average misfire counts for last ten driving cycles : 0.0 count [PASSED]
Misfire counts for last/current driving cycles : 0.0 count [PASSED]","Average misfire counts for last ten driving cycles : 0.0 count [PASSED]
Misfire counts for last/current driving cycles : 0.0 count [PASSED]","Average misfire counts for last ten driving cycles : 0.0 count [PASSED]
Misfire counts for last/current driving cycles : 0.0 count [PASSED]","Average misfire counts for last ten driving cycles : 0.0 count [PASSED]
Misfire counts for last/current driving cycles : 0.0 count [PASSED]","Unknown : 0.0 count [PASSED]
Unknown : 0.0 count [PASSED]
Unknown : 0.0 ratio [PASSED]
Unknown : 0.0 millisecond [PASSED]","Rich to lean sensor switch time : 0.0 millisecond [PASSED]
Unknown : 0.0 millivolt [PASSED]
Unknown : 0.0 millivolt [PASSED]",Unknown : -40.0 degree_Celsius [PASSED],Unknown : 0.0 ohm [PASSED],Unknown : 0.0 count [PASSED],"Unknown : 0.0 degree [PASSED]
Unknown : 0.0 degree [PASSED]
Unknown : 0.0 degree [PASSED]
Unknown : 0.0 degree [PASSED]",0.73 volt,-0.09375 milliampere,"((), (False, False, False, False), (False, False, True, True))",India OBD II (IOBD II),0101010001000000000000000000000000000000,10111110001111101010100000010011,10000000000001111011000000010001,11111110110100001000010000000001,6.666666666666667 percent,653.5 revolutions_per_minute,269.0 second,0.78125 percent,5.0 kilometer_per_hour,<obd.OBDResponse.Status object at 0x7f6f823bc310>,<obd.OBDResponse.Status object at 0x7f6f823bc3d0>,10.980392156862745 percent,18.823529411764707 percent,24.313725490196077 percent,-3.0 degree,bytearray(b'MEXKRDPA7NG020286'),0.0 count,2025-04-28 14:49:17,2025-04-28 14:49:22,2025-04-28 14:49:17,Signal Acquired,15.326435,73.932806,1.21,0.53,8.88,-0.02,0.02,0.0,NO
,,,,,,,,,,,,,,,,,,,,,,,,,,,,,,,,,,,,,,,,,,,,,,,,,,,,,,,,,,,,,,,,,,,,,,,,,,,,,,,,,,,,,,,,,,,,,,,,,,,,,,,,,2025-04-28 14:49:17,Signal Acquired,15.326435,73.932806,1.36,0.28,8.88,-0.06,0.03,-0.0,NO
,,,,,,,,,,,,,,,,,,,,,,,,,,,,,,,,,,,,,,,,,,,,,,,,,,,,,,,,,,,,,,,,,,,,,,,,,,,,,,,,,,,,,,,,,,,,,,,,,,,,,,,,,2025-04-28 14:49:17,Signal Acquired,15.326434,73.932809,1.21,0.62,8.86,-0.02,0.02,-0.0,NO
80.3921568627451 percent,33.333333333333336 percent,33.333333333333336 percent,36 degree_Celsius,100 kilopascal,bytearray(b'5E018DD3844BEA'),485.6 degree_Celsius,,,,,,0.0 kilometer,0.0 kilometer,,,,,,,,,,,,,,,,,,,,,,,,,,,,,,,,,,,,,,,ELM327 v1.5,12.8 volt,59.6078431372549 percent,83.92156862745098 percent,91.76470588235294 percent,"('Closed loop, using oxygen sensor feedback to determine fuel mix', '')",Gasoline,[],[],108 kilopascal,51 degree_Celsius,2.34375 percent,0.0 percent,11000000000000000000000000000001,10000000000000000000100000001001,11000000000000000000000000000001,1.0,1.0,01111000000000000000000000000000,Unknown : 0.0 percent [PASSED],"Average misfire counts for last ten driving cycles : 0.0 count [PASSED]
Misfire counts for last/current driving cycles : 0.0 count [PASSED]","Average misfire counts for last ten driving cycles : 0.0 count [PASSED]
Misfire counts for last/current driving cycles : 0.0 count [PASSED]","Average misfire counts for last ten driving cycles : 0.0 count [PASSED]
Misfire counts for last/current driving cycles : 0.0 count [PASSED]","Average misfire counts for last ten driving cycles : 0.0 count [PASSED]
Misfire counts for last/current driving cycles : 0.0 count [PASSED]","Unknown : 0.0 count [PASSED]
Unknown : 0.0 count [PASSED]
Unknown : 0.0 ratio [PASSED]
Unknown : 0.0 millisecond [PASSED]","Rich to lean sensor switch time : 0.0 millisecond [PASSED]
Unknown : 0.0 millivolt [PASSED]
Unknown : 0.0 millivolt [PASSED]",Unknown : -40.0 degree_Celsius [PASSED],Unknown : 0.0 ohm [PASSED],Unknown : 0.0 count [PASSED],"Unknown : 0.0 degree [PASSED]
Unknown : 0.0 degree [PASSED]
Unknown : 0.0 degree [PASSED]
Unknown : 0.0 degree [PASSED]",0.74 volt,-0.0546875 milliampere,"((), (False, False, False, False), (False, False, True, True))",India OBD II (IOBD II),0101010001000000000000000000000000000000,10111110001111101010100000010011,10000000000001111011000000010001,11111110110100001000010000000001,77.25490196078431 percent,1739.5 revolutions_per_minute,275.0 second,0.78125 percent,25.0 kilometer_per_hour,<obd.OBDResponse.Status object at 0x7f6f823c5ff0>,<obd.OBDResponse.Status object at 0x7f6f823c6650>,99.6078431372549 percent,87.45098039215686 percent,88.23529411764706 percent,0.0 degree,bytearray(b'MEXKRDPA7NG020286'),0.0 count,2025-04-28 14:49:23,2025-04-28 14:49:28,2025-04-28 14:49:23,Signal Acquired,15.326434,73.932809,0.98,0.34,8.77,-0.04,0.03,0.0,NO
,,,,,,,,,,,,,,,,,,,,,,,,,,,,,,,,,,,,,,,,,,,,,,,,,,,,,,,,,,,,,,,,,,,,,,,,,,,,,,,,,,,,,,,,,,,,,,,,,,,,,,,,,2025-04-28 14:49:23,Signal Acquired,15.326435,73.932807,1.27,0.52,8.6,-0.02,0.01,0.01,NO
,,,,,,,,,,,,,,,,,,,,,,,,,,,,,,,,,,,,,,,,,,,,,,,,,,,,,,,,,,,,,,,,,,,,,,,,,,,,,,,,,,,,,,,,,,,,,,,,,,,,,,,,,2025-04-28 14:49:23,Signal Acquired,15.326435,73.932807,0.8,0.57,8.95,-0.02,0.02,0.0,NO
72.94117647058823 percent,39.6078431372549 percent,39.6078431372549 percent,36 degree_Celsius,100 kilopascal,bytearray(b'5E018DD3844BEA'),516.7 degree_Celsius,,,,,,0.0 kilometer,0.0 kilometer,,,,,,,,,,,,,,,,,,,,,,,,,,,,,,,,,,,,,,,ELM327 v1.5,12.8 volt,49.80392156862745 percent,68.62745098039215 percent,91.76470588235294 percent,"('Closed loop, using oxygen sensor feedback to determine fuel mix', '')",Gasoline,[],[],105 kilopascal,51 degree_Celsius,2.34375 percent,0.0 percent,11000000000000000000000000000001,10000000000000000000100000001001,11000000000000000000000000000001,1.0,1.0,01111000000000000000000000000000,Unknown : 0.0 percent [PASSED],"Average misfire counts for last ten driving cycles : 0.0 count [PASSED]
Misfire counts for last/current driving cycles : 0.0 count [PASSED]","Average misfire counts for last ten driving cycles : 0.0 count [PASSED]
Misfire counts for last/current driving cycles : 1.0 count [PASSED]","Average misfire counts for last ten driving cycles : 0.0 count [PASSED]
Misfire counts for last/current driving cycles : 0.0 count [PASSED]","Average misfire counts for last ten driving cycles : 0.0 count [PASSED]
Misfire counts for last/current driving cycles : 0.0 count [PASSED]","Unknown : 0.0 count [PASSED]
Unknown : 0.0 count [PASSED]
Unknown : 0.0 ratio [PASSED]
Unknown : 0.0 millisecond [PASSED]","Rich to lean sensor switch time : 0.0 millisecond [PASSED]
Unknown : 0.0 millivolt [PASSED]
Unknown : 0.0 millivolt [PASSED]",Unknown : -40.0 degree_Celsius [PASSED],Unknown : 0.0 ohm [PASSED],Unknown : 0.0 count [PASSED],"Unknown : 0.0 degree [PASSED]
Unknown : 0.0 degree [PASSED]
Unknown : 0.0 degree [PASSED]
Unknown : 0.0 degree [PASSED]",0.77 volt,-0.01171875 milliampere,"((), (False, False, False, False), (False, False, True, True))",India OBD II (IOBD II),0101010001000000000000000000000000000000,10111110001111101010100000010011,10000000000001111011000000010001,11111110110100001000010000000001,41.568627450980394 percent,1781.5 revolutions_per_minute,282.0 second,3.125 percent,39.0 kilometer_per_hour,<obd.OBDResponse.Status object at 0x7f6f823db5b0>,<obd.OBDResponse.Status object at 0x7f6f823db850>,33.72549019607843 percent,36.470588235294116 percent,34.509803921568626 percent,6.0 degree,bytearray(b'MEXKRDPA7NG020286'),0.0 count,2025-04-28 14:49:30,2025-04-28 14:49:35,2025-04-28 14:49:30,Signal Acquired,15.326435,73.932807,1.0,0.7,8.99,-0.01,0.04,-0.0,NO
,,,,,,,,,,,,,,,,,,,,,,,,,,,,,,,,,,,,,,,,,,,,,,,,,,,,,,,,,,,,,,,,,,,,,,,,,,,,,,,,,,,,,,,,,,,,,,,,,,,,,,,,,2025-04-28 14:49:30,Signal Acquired,15.326435,73.932807,1.52,0.34,8.75,-0.05,0.03,0.0,NO
,,,,,,,,,,,,,,,,,,,,,,,,,,,,,,,,,,,,,,,,,,,,,,,,,,,,,,,,,,,,,,,,,,,,,,,,,,,,,,,,,,,,,,,,,,,,,,,,,,,,,,,,,2025-04-28 14:49:30,Signal Acquired,15.326435,73.932807,0.78,0.34,9.19,-0.01,0.01,0.0,NO
45.88235294117647 percent,28.235294117647058 percent,28.235294117647058 percent,36 degree_Celsius,100 kilopascal,bytearray(b'5E018DD3844BEA'),536.3000000000001 degree_Celsius,,,,,,0.0 kilometer,0.0 kilometer,,,,,,,,,,,,,,,,,,,,,,,,,,,,,,,,,,,,,,,ELM327 v1.5,12.8 volt,24.705882352941178 percent,61.96078431372549 percent,91.76470588235294 percent,"('Closed loop, using oxygen sensor feedback to determine fuel mix', '')",Gasoline,[],[],60 kilopascal,51 degree_Celsius,1.5625 percent,0.0 percent,11000000000000000000000000000001,10000000000000000000100000001001,11000000000000000000000000000001,1.0,1.0,01111000000000000000000000000000,Unknown : 0.0 percent [PASSED],"Average misfire counts for last ten driving cycles : 0.0 count [PASSED]
Misfire counts for last/current driving cycles : 0.0 count [PASSED]","Average misfire counts for last ten driving cycles : 0.0 count [PASSED]
Misfire counts for last/current driving cycles : 0.0 count [PASSED]","Average misfire counts for last ten driving cycles : 0.0 count [PASSED]
Misfire counts for last/current driving cycles : 0.0 count [PASSED]","Average misfire counts for last ten driving cycles : 0.0 count [PASSED]
Misfire counts for last/current driving cycles : 0.0 count [PASSED]","Unknown : 0.0 count [PASSED]
Unknown : 0.0 count [PASSED]
Unknown : 0.0 ratio [PASSED]
Unknown : 0.0 millisecond [PASSED]","Rich to lean sensor switch time : 0.0 millisecond [PASSED]
Unknown : 0.0 millivolt [PASSED]
Unknown : 0.0 millivolt [PASSED]",Unknown : -40.0 degree_Celsius [PASSED],Unknown : 0.0 ohm [PASSED],Unknown : 0.0 count [PASSED],"Unknown : 0.0 degree [PASSED]
Unknown : 0.0 degree [PASSED]
Unknown : 0.0 degree [PASSED]
Unknown : 0.0 degree [PASSED]",0.765 volt,-0.00390625 milliampere,"((), (False, False, False, False), (False, False, True, True))",India OBD II (IOBD II),0101010001000000000000000000000000000000,10111110001111101010100000010011,10000000000001111011000000010001,11111110110100001000010000000001,8.235294117647058 percent,1946.5 revolutions_per_minute,288.0 second,-1.5625 percent,43.0 kilometer_per_hour,<obd.OBDResponse.Status object at 0x7f6f823ebb50>,<obd.OBDResponse.Status object at 0x7f6f823eb8b0>,10.588235294117647 percent,18.431372549019606 percent,18.823529411764707 percent,19.5 degree,bytearray(b'MEXKRDPA7NG020286'),0.0 count,2025-04-28 14:49:36,2025-04-28 14:49:41,2025-04-28 14:49:36,Signal Acquired,15.326435,73.932807,0.79,0.51,9.12,-0.03,0.01,-0.0,NO
,,,,,,,,,,,,,,,,,,,,,,,,,,,,,,,,,,,,,,,,,,,,,,,,,,,,,,,,,,,,,,,,,,,,,,,,,,,,,,,,,,,,,,,,,,,,,,,,,,,,,,,,,2025-04-28 14:49:36,Signal Acquired,15.326435,73.932807,0.86,0.25,8.95,-0.01,-0.01,-0.0,NO
,,,,,,,,,,,,,,,,,,,,,,,,,,,,,,,,,,,,,,,,,,,,,,,,,,,,,,,,,,,,,,,,,,,,,,,,,,,,,,,,,,,,,,,,,,,,,,,,,,,,,,,,,2025-04-28 14:49:36,Signal Acquired,15.326435,73.932807,0.87,0.49,9.07,-0.04,0.0,0.0,NO
67.84313725490196 percent,32.549019607843135 percent,36.86274509803921 percent,35 degree_Celsius,100 kilopascal,bytearray(b'5E018DD3844BEA'),527.2 degree_Celsius,,,,,,,0.0 kilometer,,,,,,,,,,,,,,,,,,,,,,,,,,,,,,,,,,,,,,,ELM327 v1.5,12.8 volt,38.03921568627451 percent,9.019607843137255 percent,91.76470588235294 percent,"('Closed loop, using oxygen sensor feedback to determine fuel mix', '')",Gasoline,[],[],86 kilopascal,51 degree_Celsius,1.5625 percent,0.0 percent,11000000000000000000000000000001,10000000000000000000100000001001,11000000000000000000000000000001,1.0,1.0,01111000000000000000000000000000,Unknown : 0.0 percent [PASSED],"Average misfire counts for last ten driving cycles : 0.0 count [PASSED]
Misfire counts for last/current driving cycles : 0.0 count [PASSED]","Average misfire counts for last ten driving cycles : 0.0 count [PASSED]
Misfire counts for last/current driving cycles : 0.0 count [PASSED]","Average misfire counts for last ten driving cycles : 0.0 count [PASSED]
Misfire counts for last/current driving cycles : 0.0 count [PASSED]","Average misfire counts for last ten driving cycles : 0.0 count [PASSED]
Misfire counts for last/current driving cycles : 0.0 count [PASSED]","Unknown : 0.0 count [PASSED]
Unknown : 0.0 count [PASSED]
Unknown : 0.0 ratio [PASSED]
Unknown : 0.0 millisecond [PASSED]","Rich to lean sensor switch time : 0.0 millisecond [PASSED]
Unknown : 0.0 millivolt [PASSED]
Unknown : 0.0 millivolt [PASSED]",Unknown : -40.0 degree_Celsius [PASSED],Unknown : 0.0 ohm [PASSED],Unknown : 0.0 count [PASSED],"Unknown : 0.0 degree [PASSED]
Unknown : 0.0 degree [PASSED]
Unknown : 0.0 degree [PASSED]
Unknown : 0.0 degree [PASSED]",0.73 volt,-0.00390625 milliampere,"((), (False, False, False, False), (False, False, True, True))",India OBD II (IOBD II),0101010001000000000000000000000000000000,10111110001111101010100000010011,10000000000001111011000000010001,11111110110100001000010000000001,10.196078431372548 percent,1580.0 revolutions_per_minute,295.0 second,0.0 percent,46.0 kilometer_per_hour,<obd.OBDResponse.Status object at 0x7f6f823e9210>,<obd.OBDResponse.Status object at 0x7f6f823e9360>,12.941176470588236 percent,20.392156862745097 percent,20.784313725490197 percent,15.0 degree,bytearray(b'MEXKRDPA7NG020286'),0.0 count,2025-04-28 14:49:43,2025-04-28 14:49:48,2025-04-28 14:49:43,Signal Acquired,15.326435,73.932807,1.64,0.93,8.84,-0.03,0.02,-0.01,NO
,,,,,,,,,,,,,,,,,,,,,,,,,,,,,,,,,,,,,,,,,,,,,,,,,,,,,,,,,,,,,,,,,,,,,,,,,,,,,,,,,,,,,,,,,,,,,,,,,,,,,,,,,2025-04-28 14:49:43,Signal Acquired,15.326435,73.932807,0.94,1.13,8.8,-0.04,0.01,-0.04,NO
,,,,,,,,,,,,,,,,,,,,,,,,,,,,,,,,,,,,,,,,,,,,,,,,,,,,,,,,,,,,,,,,,,,,,,,,,,,,,,,,,,,,,,,,,,,,,,,,,,,,,,,,,2025-04-28 14:49:43,Signal Acquired,15.326435,73.932807,1.07,2.1,9.03,0.03,-0.05,-0.13,NO
41.96078431372549 percent,26.666666666666668 percent,26.666666666666668 percent,35 degree_Celsius,100 kilopascal,bytearray(b'5E018DD3844BEA'),523.0 degree_Celsius,,,,,,0.0 kilometer,0.0 kilometer,,,,,,,,,,,,,,,,,,,,,,,,,,,,,,,,,,,,,,,ELM327 v1.5,12.8 volt,23.92156862745098 percent,58.431372549019606 percent,91.76470588235294 percent,"('Closed loop, using oxygen sensor feedback to determine fuel mix', '')",Gasoline,[],[],43 kilopascal,51 degree_Celsius,1.5625 percent,0.0 percent,11000000000000000000000000000001,10000000000000000000100000001001,11000000000000000000000000000001,1.0,1.0,01111000000000000000000000000000,Unknown : 0.0 percent [PASSED],"Average misfire counts for last ten driving cycles : 0.0 count [PASSED]
Misfire counts for last/current driving cycles : 0.0 count [PASSED]","Average misfire counts for last ten driving cycles : 0.0 count [PASSED]
Misfire counts for last/current driving cycles : 0.0 count [PASSED]","Average misfire counts for last ten driving cycles : 0.0 count [PASSED]
Misfire counts for last/current driving cycles : 0.0 count [PASSED]","Average misfire counts for last ten driving cycles : 0.0 count [PASSED]
Misfire counts for last/current driving cycles : 0.0 count [PASSED]","Unknown : 0.0 count [PASSED]
Unknown : 0.0 count [PASSED]
Unknown : 0.0 ratio [PASSED]
Unknown : 0.0 millisecond [PASSED]","Rich to lean sensor switch time : 0.0 millisecond [PASSED]
Unknown : 0.0 millivolt [PASSED]
Unknown : 0.0 millivolt [PASSED]",Unknown : -40.0 degree_Celsius [PASSED],Unknown : 0.0 ohm [PASSED],Unknown : 0.0 count [PASSED],"Unknown : 0.0 degree [PASSED]
Unknown : 0.0 degree [PASSED]
Unknown : 0.0 degree [PASSED]
Unknown : 0.0 degree [PASSED]",0.77 volt,0.01953125 milliampere,"((), (False, False, False, False), (False, False, True, True))",India OBD II (IOBD II),0101010001000000000000000000000000000000,10111110001111101010100000010011,10000000000001111011000000010001,11111110110100001000010000000001,3.5294117647058822 percent,1641.0 revolutions_per_minute,302.0 second,0.0 percent,47.0 kilometer_per_hour,<obd.OBDResponse.Status object at 0x7f6f8243b070>,<obd.OBDResponse.Status object at 0x7f6f8243b130>,4.705882352941177 percent,14.117647058823529 percent,14.509803921568627 percent,-9.0 degree,bytearray(b'MEXKRDPA7NG020286'),0.0 count,2025-04-28 14:49:50,2025-04-28 14:49:55,2025-04-28 14:49:50,Signal Acquired,15.326435,73.932807,2.69,1.96,8.2,0.04,-0.05,-0.25,NO
,,,,,,,,,,,,,,,,,,,,,,,,,,,,,,,,,,,,,,,,,,,,,,,,,,,,,,,,,,,,,,,,,,,,,,,,,,,,,,,,,,,,,,,,,,,,,,,,,,,,,,,,,2025-04-28 14:49:50,Signal Acquired,15.326463,73.932785,1.39,1.08,9.15,-0.07,-0.01,-0.35,NO
,,,,,,,,,,,,,,,,,,,,,,,,,,,,,,,,,,,,,,,,,,,,,,,,,,,,,,,,,,,,,,,,,,,,,,,,,,,,,,,,,,,,,,,,,,,,,,,,,,,,,,,,,2025-04-28 14:49:50,Signal Acquired,15.326463,73.932785,3.42,1.46,8.79,0.02,-0.21,-0.47,NO
17.254901960784313 percent,17.647058823529413 percent,17.647058823529413 percent,35 degree_Celsius,100 kilopascal,bytearray(b'5E018DD3844BEA'),510.80000000000007 degree_Celsius,,,,,,0.0 kilometer,0.0 kilometer,,,,,,,,,,,,,,,,,,,,,,,,,,,,,,,,,,,,,,,ELM327 v1.5,13.9 volt,6.2745098039215685 percent,0.7843137254901961 percent,91.76470588235294 percent,"('Open loop due to engine load OR fuel cut due to deceleration', '')",Gasoline,[],[],37 kilopascal,51 degree_Celsius,-1.5625 percent,0.0 percent,11000000000000000000000000000001,10000000000000000000100000001001,11000000000000000000000000000001,1.0,1.0,01111000000000000000000000000000,Unknown : 0.0 percent [PASSED],"Average misfire counts for last ten driving cycles : 0.0 count [PASSED]
Misfire counts for last/current driving cycles : 0.0 count [PASSED]","Average misfire counts for last ten driving cycles : 0.0 count [PASSED]
Misfire counts for last/current driving cycles : 0.0 count [PASSED]","Average misfire counts for last ten driving cycles : 0.0 count [PASSED]
Misfire counts for last/current driving cycles : 0.0 count [PASSED]","Average misfire counts for last ten driving cycles : 0.0 count [PASSED]
Misfire counts for last/current driving cycles : 0.0 count [PASSED]","Unknown : 0.0 count [PASSED]
Unknown : 0.0 count [PASSED]
Unknown : 0.0 ratio [PASSED]
Unknown : 0.0 millisecond [PASSED]","Rich to lean sensor switch time : 0.0 millisecond [PASSED]
Unknown : 0.0 millivolt [PASSED]
Unknown : 0.0 millivolt [PASSED]",Unknown : -40.0 degree_Celsius [PASSED],Unknown : 0.0 ohm [PASSED],Unknown : 0.0 count [PASSED],"Unknown : 0.0 degree [PASSED]
Unknown : 0.0 degree [PASSED]
Unknown : 0.0 degree [PASSED]
Unknown : 0.0 degree [PASSED]",0.095 volt,-0.19921875 milliampere,"((), (False, False, False, False), (False, False, True, True))",India OBD II (IOBD II),0101010001000000000000000000000000000000,10111110001111101010100000010011,10000000000001111011000000010001,11111110110100001000010000000001,2.7450980392156863 percent,1527.5 revolutions_per_minute,309.0 second,3.90625 percent,44.0 kilometer_per_hour,<obd.OBDResponse.Status object at 0x7f6f82453310>,<obd.OBDResponse.Status object at 0x7f6f824534f0>,3.9215686274509802 percent,13.333333333333334 percent,13.333333333333334 percent,25.5 degree,bytearray(b'MEXKRDPA7NG020286'),0.0 count,2025-04-28 14:49:57,2025-04-28 14:50:02,2025-04-28 14:49:57,Signal Acquired,15.326461,73.932778,4.72,1.61,7.95,0.13,0.04,-0.42,NO
,,,,,,,,,,,,,,,,,,,,,,,,,,,,,,,,,,,,,,,,,,,,,,,,,,,,,,,,,,,,,,,,,,,,,,,,,,,,,,,,,,,,,,,,,,,,,,,,,,,,,,,,,2025-04-28 14:49:57,Signal Acquired,15.326461,73.932778,0.21,1.2,9.39,-0.06,-0.1,-0.29,NO
,,,,,,,,,,,,,,,,,,,,,,,,,,,,,,,,,,,,,,,,,,,,,,,,,,,,,,,,,,,,,,,,,,,,,,,,,,,,,,,,,,,,,,,,,,,,,,,,,,,,,,,,,2025-04-28 14:49:57,Signal Acquired,15.326477,73.932779,-1.45,0.41,11.01,-0.02,-0.13,-0.31,NO
32.549019607843135 percent,21.176470588235293 percent,21.176470588235293 percent,35 degree_Celsius,100 kilopascal,bytearray(b'5E018DD3844BEA'),499.4 degree_Celsius,,,,,,,0.0 kilometer,,,,,,,,,,,,,,,,,,,,,,,,,,,,,,,,,,,,,,,ELM327 v1.5,12.8 volt,9.411764705882353 percent,41.96078431372549 percent,91.76470588235294 percent,"('Closed loop, using oxygen sensor feedback to determine fuel mix', '')",Gasoline,[],[],63 kilopascal,51 degree_Celsius,-1.5625 percent,0.0 percent,11000000000000000000000000000001,10000000000000000000100000001001,11000000000000000000000000000001,1.0,1.0,01111000000000000000000000000000,Unknown : 0.0 percent [PASSED],"Average misfire counts for last ten driving cycles : 0.0 count [PASSED]
Misfire counts for last/current driving cycles : 0.0 count [PASSED]","Average misfire counts for last ten driving cycles : 0.0 count [PASSED]
Misfire counts for last/current driving cycles : 0.0 count [PASSED]","Average misfire counts for last ten driving cycles : 0.0 count [PASSED]
Misfire counts for last/current driving cycles : 0.0 count [PASSED]","Average misfire counts for last ten driving cycles : 0.0 count [PASSED]
Misfire counts for last/current driving cycles : 0.0 count [PASSED]","Unknown : 0.0 count [PASSED]
Unknown : 0.0 count [PASSED]
Unknown : 0.0 ratio [PASSED]
Unknown : 0.0 millisecond [PASSED]","Rich to lean sensor switch time : 0.0 millisecond [PASSED]
Unknown : 0.0 millivolt [PASSED]
Unknown : 0.0 millivolt [PASSED]",Unknown : -40.0 degree_Celsius [PASSED],Unknown : 0.0 ohm [PASSED],Unknown : 0.0 count [PASSED],,0.165 volt,-0.109375 milliampere,"((), (False, False, False, False), (False, False, True, True))",India OBD II (IOBD II),0101010001000000000000000000000000000000,10111110001111101010100000010011,10000000000001111011000000010001,11111110110100001000010000000001,2.7450980392156863 percent,1641.5 revolutions_per_minute,316.0 second,3.90625 percent,48.0 kilometer_per_hour,<obd.OBDResponse.Status object at 0x7f6f8246f520>,<obd.OBDResponse.Status object at 0x7f6f8246f5e0>,3.9215686274509802 percent,13.333333333333334 percent,13.333333333333334 percent,27.0 degree,bytearray(b'MEXKRDPA7NG020286'),0.0 count,2025-04-28 14:50:04,2025-04-28 14:50:09,2025-04-28 14:50:04,Signal Acquired,15.326477,73.932779,7.41,2.68,8.62,0.02,0.09,-0.35,NO
,,,,,,,,,,,,,,,,,,,,,,,,,,,,,,,,,,,,,,,,,,,,,,,,,,,,,,,,,,,,,,,,,,,,,,,,,,,,,,,,,,,,,,,,,,,,,,,,,,,,,,,,,2025-04-28 14:50:04,Signal Acquired,15.326494,73.932793,-2.21,-1.18,10.06,-0.14,-0.01,-0.15,NO
,,,,,,,,,,,,,,,,,,,,,,,,,,,,,,,,,,,,,,,,,,,,,,,,,,,,,,,,,,,,,,,,,,,,,,,,,,,,,,,,,,,,,,,,,,,,,,,,,,,,,,,,,2025-04-28 14:50:04,Signal Acquired,15.326494,73.932793,-3.18,-0.19,11.01,-0.05,-0.05,-0.09,NO
33.333333333333336 percent,21.176470588235293 percent,21.176470588235293 percent,35 degree_Celsius,100 kilopascal,bytearray(b'5E018DD3844BEA'),491.4 degree_Celsius,,,,,,0.0 kilometer,0.0 kilometer,,,,,,,,,,,,,,,,,,,,,,,,,,,,,,,,,,,,,,,ELM327 v1.5,12.8 volt,8.235294117647058 percent,33.333333333333336 percent,91.76470588235294 percent,"('Closed loop, using oxygen sensor feedback to determine fuel mix', '')",Gasoline,[],[],50 kilopascal,51 degree_Celsius,-1.5625 percent,0.0 percent,11000000000000000000000000000001,10000000000000000000100000001001,11000000000000000000000000000001,1.0,1.0,01111000000000000000000000000000,Unknown : 0.0 percent [PASSED],"Average misfire counts for last ten driving cycles : 0.0 count [PASSED]
Misfire counts for last/current driving cycles : 0.0 count [PASSED]","Average misfire counts for last ten driving cycles : 0.0 count [PASSED]
Misfire counts for last/current driving cycles : 0.0 count [PASSED]","Average misfire counts for last ten driving cycles : 0.0 count [PASSED]
Misfire counts for last/current driving cycles : 0.0 count [PASSED]","Average misfire counts for last ten driving cycles : 0.0 count [PASSED]
Misfire counts for last/current driving cycles : 0.0 count [PASSED]","Unknown : 0.0 count [PASSED]
Unknown : 0.0 count [PASSED]
Unknown : 0.0 ratio [PASSED]
Unknown : 0.0 millisecond [PASSED]","Rich to lean sensor switch time : 0.0 millisecond [PASSED]
Unknown : 0.0 millivolt [PASSED]
Unknown : 0.0 millivolt [PASSED]",Unknown : -40.0 degree_Celsius [PASSED],Unknown : 0.0 ohm [PASSED],Unknown : 0.0 count [PASSED],"Unknown : 0.0 degree [PASSED]
Unknown : 0.0 degree [PASSED]
Unknown : 0.0 degree [PASSED]
Unknown : 0.0 degree [PASSED]",0.19 volt,-0.0078125 milliampere,"((), (False, False, False, False), (False, False, True, True))",India OBD II (IOBD II),0101010001000000000000000000000000000000,10111110001111101010100000010011,10000000000001111011000000010001,11111110110100001000010000000001,2.3529411764705883 percent,1598.0 revolutions_per_minute,323.0 second,4.6875 percent,47.0 kilometer_per_hour,<obd.OBDResponse.Status object at 0x7f6f822892a0>,<obd.OBDResponse.Status object at 0x7f6f82289360>,3.1372549019607843 percent,12.941176470588236 percent,12.941176470588236 percent,26.0 degree,bytearray(b'MEXKRDPA7NG020286'),0.0 count,2025-04-28 14:50:11,2025-04-28 14:50:16,2025-04-28 14:50:11,Signal Acquired,15.326531,73.932822,1.17,-0.5,8.97,-0.07,-0.04,-0.05,NO
,,,,,,,,,,,,,,,,,,,,,,,,,,,,,,,,,,,,,,,,,,,,,,,,,,,,,,,,,,,,,,,,,,,,,,,,,,,,,,,,,,,,,,,,,,,,,,,,,,,,,,,,,2025-04-28 14:50:11,Signal Acquired,15.326531,73.932822,5.07,-0.13,7.93,0.26,-0.33,-0.19,NO
,,,,,,,,,,,,,,,,,,,,,,,,,,,,,,,,,,,,,,,,,,,,,,,,,,,,,,,,,,,,,,,,,,,,,,,,,,,,,,,,,,,,,,,,,,,,,,,,,,,,,,,,,2025-04-28 14:50:11,Signal Acquired,15.326556,73.932845,8.03,-0.11,6.54,0.03,0.04,-0.11,NO
25.88235294117647 percent,20.784313725490197 percent,20.784313725490197 percent,35 degree_Celsius,100 kilopascal,bytearray(b'5E018DD3844BEA'),485.9 degree_Celsius,,,,,,0.0 kilometer,0.0 kilometer,,,,,,,,,,,,,,,,,,,,,,,,,,,,,,,,,,,,,,,ELM327 v1.5,12.9 volt,28.235294117647058 percent,0.0 percent,91.76470588235294 percent,"('Open loop due to engine load OR fuel cut due to deceleration', '')",Gasoline,[],[],41 kilopascal,51 degree_Celsius,1.5625 percent,0.0 percent,11000000000000000000000000000001,10000000000000000000100000001001,11000000000000000000000000000001,1.0,1.0,01111000000000000000000000000000,Unknown : 0.0 percent [PASSED],"Average misfire counts for last ten driving cycles : 0.0 count [PASSED]
Misfire counts for last/current driving cycles : 0.0 count [PASSED]","Average misfire counts for last ten driving cycles : 0.0 count [PASSED]
Misfire counts for last/current driving cycles : 0.0 count [PASSED]","Average misfire counts for last ten driving cycles : 0.0 count [PASSED]
Misfire counts for last/current driving cycles : 0.0 count [PASSED]","Average misfire counts for last ten driving cycles : 0.0 count [PASSED]
Misfire counts for last/current driving cycles : 0.0 count [PASSED]","Unknown : 0.0 count [PASSED]
Unknown : 0.0 count [PASSED]
Unknown : 0.0 ratio [PASSED]
Unknown : 0.0 millisecond [PASSED]","Rich to lean sensor switch time : 0.0 millisecond [PASSED]
Unknown : 0.0 millivolt [PASSED]
Unknown : 0.0 millivolt [PASSED]",Unknown : -40.0 degree_Celsius [PASSED],Unknown : 0.0 ohm [PASSED],Unknown : 0.0 count [PASSED],"Unknown : 0.0 degree [PASSED]
Unknown : 0.0 degree [PASSED]
Unknown : 0.0 degree [PASSED]
Unknown : 0.0 degree [PASSED]",0.1 volt,0.0234375 milliampere,"((), (False, False, False, False), (False, False, True, True))",India OBD II (IOBD II),0101010001000000000000000000000000000000,10111110001111101010100000010011,10000000000001111011000000010001,11111110110100001000010000000001,3.5294117647058822 percent,928.5 revolutions_per_minute,330.0 second,0.0 percent,36.0 kilometer_per_hour,<obd.OBDResponse.Status object at 0x7f6f822a38b0>,<obd.OBDResponse.Status object at 0x7f6f822a3970>,4.705882352941177 percent,14.117647058823529 percent,14.117647058823529 percent,-3.0 degree,bytearray(b'MEXKRDPA7NG020286'),0.0 count,2025-04-28 14:50:18,2025-04-28 14:50:24,2025-04-28 14:50:18,Signal Acquired,15.326556,73.932845,2.64,0.72,7.7,0.04,-0.13,-0.01,NO
,,,,,,,,,,,,,,,,,,,,,,,,,,,,,,,,,,,,,,,,,,,,,,,,,,,,,,,,,,,,,,,,,,,,,,,,,,,,,,,,,,,,,,,,,,,,,,,,,,,,,,,,,2025-04-28 14:50:18,Signal Acquired,15.326581,73.932864,2.98,1.06,8.98,0.01,-0.1,-0.01,NO
,,,,,,,,,,,,,,,,,,,,,,,,,,,,,,,,,,,,,,,,,,,,,,,,,,,,,,,,,,,,,,,,,,,,,,,,,,,,,,,,,,,,,,,,,,,,,,,,,,,,,,,,,2025-04-28 14:50:18,Signal Acquired,15.326581,73.932864,5.88,1.98,7.29,0.08,-0.01,-0.06,NO
29.019607843137255 percent,14.901960784313726 percent,15.294117647058824 percent,35 degree_Celsius,100 kilopascal,bytearray(b'5E018DD3844BEA'),476.80000000000007 degree_Celsius,,,,,,0.0 kilometer,0.0 kilometer,,,,,,,,,,,,,,,,,,,,,,,,,,,,,,,,,,,,,,,ELM327 v1.5,12.8 volt,33.333333333333336 percent,8.235294117647058 percent,91.76470588235294 percent,"('Closed loop, using oxygen sensor feedback to determine fuel mix', '')",Gasoline,[],[],43 kilopascal,51 degree_Celsius,1.5625 percent,0.0 percent,11000000000000000000000000000001,10000000000000000000100000001001,11000000000000000000000000000001,1.0,1.0,01111000000000000000000000000000,Unknown : 0.0 percent [PASSED],"Average misfire counts for last ten driving cycles : 0.0 count [PASSED]
Misfire counts for last/current driving cycles : 0.0 count [PASSED]","Average misfire counts for last ten driving cycles : 0.0 count [PASSED]
Misfire counts for last/current driving cycles : 0.0 count [PASSED]","Average misfire counts for last ten driving cycles : 0.0 count [PASSED]
Misfire counts for last/current driving cycles : 0.0 count [PASSED]","Average misfire counts for last ten driving cycles : 0.0 count [PASSED]
Misfire counts for last/current driving cycles : 0.0 count [PASSED]","Unknown : 0.0 count [PASSED]
Unknown : 0.0 count [PASSED]
Unknown : 0.0 ratio [PASSED]
Unknown : 0.0 millisecond [PASSED]","Rich to lean sensor switch time : 0.0 millisecond [PASSED]
Unknown : 0.0 millivolt [PASSED]
Unknown : 0.0 millivolt [PASSED]",Unknown : -40.0 degree_Celsius [PASSED],Unknown : 0.0 ohm [PASSED],Unknown : 0.0 count [PASSED],"Unknown : 0.0 degree [PASSED]
Unknown : 0.0 degree [PASSED]
Unknown : 0.0 degree [PASSED]
Unknown : 0.0 degree [PASSED]",0.25 volt,-0.1015625 milliampere,"((), (False, False, False, False), (False, False, True, True))",India OBD II (IOBD II),0101010001000000000000000000000000000000,10111110001111101010100000010011,10000000000001111011000000010001,11111110110100001000010000000001,3.5294117647058822 percent,930.0 revolutions_per_minute,338.0 second,2.34375 percent,3.0 kilometer_per_hour,<obd.OBDResponse.Status object at 0x7f6f822c5600>,<obd.OBDResponse.Status object at 0x7f6f822c56c0>,4.313725490196078 percent,13.72549019607843 percent,14.117647058823529 percent,3.0 degree,bytearray(b'MEXKRDPA7NG020286'),0.0 count,2025-04-28 14:50:25,2025-04-28 14:50:31,2025-04-28 14:50:25,Signal Acquired,15.3266,73.932883,0.94,2.89,7.02,-0.12,0.16,-0.12,NO
,,,,,,,,,,,,,,,,,,,,,,,,,,,,,,,,,,,,,,,,,,,,,,,,,,,,,,,,,,,,,,,,,,,,,,,,,,,,,,,,,,,,,,,,,,,,,,,,,,,,,,,,,2025-04-28 14:50:25,Signal Acquired,15.3266,73.932883,4.94,-0.82,6.88,0.18,-0.17,-0.25,NO
,,,,,,,,,,,,,,,,,,,,,,,,,,,,,,,,,,,,,,,,,,,,,,,,,,,,,,,,,,,,,,,,,,,,,,,,,,,,,,,,,,,,,,,,,,,,,,,,,,,,,,,,,2025-04-28 14:50:25,Signal Acquired,15.326619,73.932906,1.28,-0.48,10.21,-0.05,-0.31,-0.06,NO
61.568627450980394 percent,27.45098039215686 percent,27.45098039215686 percent,35 degree_Celsius,100 kilopascal,bytearray(b'5E018DD3844BEA'),468.8 degree_Celsius,,,,,,0.0 kilometer,0.0 kilometer,,,,,,,,,,,,,,,,,,,,,,,,,,,,,,,,,,,,,,,ELM327 v1.5,12.8 volt,56.470588235294116 percent,76.47058823529412 percent,91.76470588235294 percent,"('Closed loop, using oxygen sensor feedback to determine fuel mix', '')",Gasoline,[],[],97 kilopascal,51 degree_Celsius,1.5625 percent,0.0 percent,11000000000000000000000000000001,10000000000000000000100000001001,11000000000000000000000000000001,1.0,1.0,01111000000000000000000000000000,Unknown : 0.0 percent [PASSED],"Average misfire counts for last ten driving cycles : 0.0 count [PASSED]
Misfire counts for last/current driving cycles : 0.0 count [PASSED]","Average misfire counts for last ten driving cycles : 0.0 count [PASSED]
Misfire counts for last/current driving cycles : 1.0 count [PASSED]","Average misfire counts for last ten driving cycles : 0.0 count [PASSED]
Misfire counts for last/current driving cycles : 0.0 count [PASSED]","Average misfire counts for last ten driving cycles : 0.0 count [PASSED]
Misfire counts for last/current driving cycles : 0.0 count [PASSED]","Unknown : 0.0 count [PASSED]
Unknown : 0.0 count [PASSED]
Unknown : 0.0 ratio [PASSED]
Unknown : 0.0 millisecond [PASSED]","Rich to lean sensor switch time : 0.0 millisecond [PASSED]
Unknown : 0.0 millivolt [PASSED]
Unknown : 0.0 millivolt [PASSED]",Unknown : -40.0 degree_Celsius [PASSED],Unknown : 0.0 ohm [PASSED],Unknown : 0.0 count [PASSED],"Unknown : 0.0 degree [PASSED]
Unknown : 0.0 degree [PASSED]
Unknown : 0.0 degree [PASSED]
Unknown : 0.0 degree [PASSED]",0.755 volt,-0.05078125 milliampere,"((), (False, False, False, False), (False, False, True, True))",India OBD II (IOBD II),0101010001000000000000000000000000000000,10111110001111101010100000010011,10000000000001111011000000010001,11111110110100001000010000000001,16.862745098039216 percent,1324.0 revolutions_per_minute,345.0 second,-1.5625 percent,19.0 kilometer_per_hour,<obd.OBDResponse.Status object at 0x7f6f822d7c10>,<obd.OBDResponse.Status object at 0x7f6f822d7cd0>,22.745098039215687 percent,28.235294117647058 percent,28.627450980392158 percent,6.5 degree,bytearray(b'MEXKRDPA7NG020286'),0.0 count,2025-04-28 14:50:33,2025-04-28 14:50:38,2025-04-28 14:50:33,Signal Acquired,15.326619,73.932906,-1.09,0.95,9.5,-0.15,0.15,-0.01,NO
,,,,,,,,,,,,,,,,,,,,,,,,,,,,,,,,,,,,,,,,,,,,,,,,,,,,,,,,,,,,,,,,,,,,,,,,,,,,,,,,,,,,,,,,,,,,,,,,,,,,,,,,,2025-04-28 14:50:33,Signal Acquired,15.326635,73.932935,0.12,0.57,9.17,-0.08,-0.03,0.01,NO
,,,,,,,,,,,,,,,,,,,,,,,,,,,,,,,,,,,,,,,,,,,,,,,,,,,,,,,,,,,,,,,,,,,,,,,,,,,,,,,,,,,,,,,,,,,,,,,,,,,,,,,,,2025-04-28 14:50:33,Signal Acquired,15.326635,73.932935,5.7,0.91,7.8,0.17,0.03,-0.06,NO
22.745098039215687 percent,15.686274509803921 percent,16.07843137254902 percent,35 degree_Celsius,100 kilopascal,bytearray(b'5E018DD3844BEA'),475.9 degree_Celsius,,,,,,,,,,,,,,,,,,,,,,,,,,,,,,,,,,,,,,,,,,,,,,ELM327 v1.5,12.8 volt,48.23529411764706 percent,82.74509803921569 percent,91.76470588235294 percent,"('Closed loop, using oxygen sensor feedback to determine fuel mix', '')",Gasoline,[],[],100 kilopascal,51 degree_Celsius,1.5625 percent,0.0 percent,11000000000000000000000000000001,10000000000000000000100000001001,11000000000000000000000000000001,1.0,1.0,01111000000000000000000000000000,Unknown : 0.0 percent [PASSED],"Average misfire counts for last ten driving cycles : 0.0 count [PASSED]
Misfire counts for last/current driving cycles : 0.0 count [PASSED]","Average misfire counts for last ten driving cycles : 0.0 count [PASSED]
Misfire counts for last/current driving cycles : 0.0 count [PASSED]","Average misfire counts for last ten driving cycles : 0.0 count [PASSED]
Misfire counts for last/current driving cycles : 0.0 count [PASSED]","Average misfire counts for last ten driving cycles : 0.0 count [PASSED]
Misfire counts for last/current driving cycles : 0.0 count [PASSED]","Unknown : 0.0 count [PASSED]
Unknown : 0.0 count [PASSED]
Unknown : 0.0 ratio [PASSED]
Unknown : 0.0 millisecond [PASSED]","Rich to lean sensor switch time : 0.0 millisecond [PASSED]
Unknown : 0.0 millivolt [PASSED]
Unknown : 0.0 millivolt [PASSED]",Unknown : -40.0 degree_Celsius [PASSED],Unknown : 0.0 ohm [PASSED],Unknown : 0.0 count [PASSED],"Unknown : 0.0 degree [PASSED]
Unknown : 0.0 degree [PASSED]
Unknown : 0.0 degree [PASSED]
Unknown : 0.0 degree [PASSED]",0.735 volt,-0.03125 milliampere,"((), (False, False, False, False), (False, False, True, True))",India OBD II (IOBD II),0101010001000000000000000000000000000000,10111110001111101010100000010011,10000000000001111011000000010001,11111110110100001000010000000001,5.490196078431373 percent,1456.5 revolutions_per_minute,352.0 second,-2.34375 percent,32.0 kilometer_per_hour,<obd.OBDResponse.Status object at 0x7f6f822ed540>,<obd.OBDResponse.Status object at 0x7f6f822ed600>,4.705882352941177 percent,13.72549019607843 percent,14.117647058823529 percent,2.0 degree,bytearray(b'MEXKRDPA7NG020286'),0.0 count,2025-04-28 14:50:40,2025-04-28 14:50:46,2025-04-28 14:50:40,Signal Acquired,15.326635,73.932935,-0.84,-0.0,10.58,-0.12,-0.12,-0.03,NO
,,,,,,,,,,,,,,,,,,,,,,,,,,,,,,,,,,,,,,,,,,,,,,,,,,,,,,,,,,,,,,,,,,,,,,,,,,,,,,,,,,,,,,,,,,,,,,,,,,,,,,,,,2025-04-28 14:50:40,Signal Acquired,15.326635,73.932935,2.97,1.03,8.15,-0.04,-0.15,-0.03,NO
,,,,,,,,,,,,,,,,,,,,,,,,,,,,,,,,,,,,,,,,,,,,,,,,,,,,,,,,,,,,,,,,,,,,,,,,,,,,,,,,,,,,,,,,,,,,,,,,,,,,,,,,,2025-04-28 14:50:40,Signal Acquired,15.326635,73.932935,6.79,0.61,8.65,0.15,0.02,-0.27,NO
31.372549019607842 percent,25.098039215686274 percent,25.098039215686274 percent,34 degree_Celsius,100 kilopascal,bytearray(b'5E018DD3844BEA'),480.9 degree_Celsius,,,,,,0.0 kilometer,0.0 kilometer,,,,,,,,,,,,,,,,,,,,,,,,,,,,,,,,,,,,,,,ELM327 v1.5,12.8 volt,19.607843137254903 percent,37.64705882352941 percent,91.76470588235294 percent,"('Closed loop, using oxygen sensor feedback to determine fuel mix', '')",Gasoline,[],[],43 kilopascal,51 degree_Celsius,1.5625 percent,0.0 percent,11000000000000000000000000000001,10000000000000000000100000001001,11000000000000000000000000000001,1.0,1.0,01111000000000000000000000000000,Unknown : 0.0 percent [PASSED],"Average misfire counts for last ten driving cycles : 0.0 count [PASSED]
Misfire counts for last/current driving cycles : 0.0 count [PASSED]","Average misfire counts for last ten driving cycles : 0.0 count [PASSED]
Misfire counts for last/current driving cycles : 0.0 count [PASSED]","Average misfire counts for last ten driving cycles : 0.0 count [PASSED]
Misfire counts for last/current driving cycles : 0.0 count [PASSED]","Average misfire counts for last ten driving cycles : 0.0 count [PASSED]
Misfire counts for last/current driving cycles : 0.0 count [PASSED]","Unknown : 0.0 count [PASSED]
Unknown : 0.0 count [PASSED]
Unknown : 0.0 ratio [PASSED]
Unknown : 0.0 millisecond [PASSED]","Rich to lean sensor switch time : 0.0 millisecond [PASSED]
Unknown : 0.0 millivolt [PASSED]
Unknown : 0.0 millivolt [PASSED]",Unknown : -40.0 degree_Celsius [PASSED],Unknown : 0.0 ohm [PASSED],Unknown : 0.0 count [PASSED],"Unknown : 0.0 degree [PASSED]
Unknown : 0.0 degree [PASSED]
Unknown : 0.0 degree [PASSED]
Unknown : 0.0 degree [PASSED]",0.725 volt,-0.015625 milliampere,"((), (False, False, False, False), (False, False, True, True))",India OBD II (IOBD II),0101010001000000000000000000000000000000,10111110001111101010100000010011,10000000000001111011000000010001,11111110110100001000010000000001,3.5294117647058822 percent,1394.0 revolutions_per_minute,360.0 second,-3.125 percent,31.0 kilometer_per_hour,<obd.OBDResponse.Status object at 0x7f6f822e7c70>,<obd.OBDResponse.Status object at 0x7f6f822e7d30>,6.666666666666667 percent,15.686274509803921 percent,14.901960784313726 percent,7.5 degree,bytearray(b'MEXKRDPA7NG020286'),0.0 count,2025-04-28 14:50:47,2025-04-28 14:50:53,2025-04-28 14:50:47,Signal Acquired,15.326635,73.932935,6.17,1.81,7.29,0.01,0.08,-0.32,NO
,,,,,,,,,,,,,,,,,,,,,,,,,,,,,,,,,,,,,,,,,,,,,,,,,,,,,,,,,,,,,,,,,,,,,,,,,,,,,,,,,,,,,,,,,,,,,,,,,,,,,,,,,2025-04-28 14:50:47,Signal Acquired,15.326635,73.932935,1.14,0.53,10.7,-0.04,-0.17,-0.06,NO
,,,,,,,,,,,,,,,,,,,,,,,,,,,,,,,,,,,,,,,,,,,,,,,,,,,,,,,,,,,,,,,,,,,,,,,,,,,,,,,,,,,,,,,,,,,,,,,,,,,,,,,,,2025-04-28 14:50:47,Signal Acquired,15.326635,73.932935,-0.92,-0.31,9.45,-0.12,0.13,-0.13,NO
77.25490196078431 percent,27.058823529411764 percent,26.666666666666668 percent,34 degree_Celsius,100 kilopascal,bytearray(b'5E018DD3844BEA'),478.5 degree_Celsius,,,,,,,0.0 kilometer,,,,,,,,,,,,,,,,,,,,,,,,,,,,,,,,,,,,,,,ELM327 v1.5,12.7 volt,32.15686274509804 percent,58.431372549019606 percent,91.76470588235294 percent,"('Closed loop, using oxygen sensor feedback to determine fuel mix', '')",Gasoline,[],[],73 kilopascal,51 degree_Celsius,1.5625 percent,0.0 percent,11000000000000000000000000000001,10000000000000000000100000001001,11000000000000000000000000000001,1.0,1.0,01111000000000000000000000000000,Unknown : 0.0 percent [PASSED],"Average misfire counts for last ten driving cycles : 0.0 count [PASSED]
Misfire counts for last/current driving cycles : 0.0 count [PASSED]","Average misfire counts for last ten driving cycles : 0.0 count [PASSED]
Misfire counts for last/current driving cycles : 0.0 count [PASSED]","Average misfire counts for last ten driving cycles : 0.0 count [PASSED]
Misfire counts for last/current driving cycles : 0.0 count [PASSED]","Average misfire counts for last ten driving cycles : 0.0 count [PASSED]
Misfire counts for last/current driving cycles : 0.0 count [PASSED]","Unknown : 0.0 count [PASSED]
Unknown : 0.0 count [PASSED]
Unknown : 0.0 ratio [PASSED]
Unknown : 0.0 millisecond [PASSED]","Rich to lean sensor switch time : 0.0 millisecond [PASSED]
Unknown : 0.0 millivolt [PASSED]
Unknown : 0.0 millivolt [PASSED]",Unknown : -40.0 degree_Celsius [PASSED],Unknown : 0.0 ohm [PASSED],Unknown : 0.0 count [PASSED],"Unknown : 0.0 degree [PASSED]
Unknown : 0.0 degree [PASSED]
Unknown : 0.0 degree [PASSED]
Unknown : 0.0 degree [PASSED]",0.72 volt,-0.0078125 milliampere,"((), (False, False, False, False), (False, False, True, True))",India OBD II (IOBD II),0101010001000000000000000000000000000000,10111110001111101010100000010011,10000000000001111011000000010001,11111110110100001000010000000001,3.1372549019607843 percent,1578.0 revolutions_per_minute,366.0 second,0.78125 percent,34.0 kilometer_per_hour,<obd.OBDResponse.Status object at 0x7f6f823258d0>,<obd.OBDResponse.Status object at 0x7f6f82325990>,5.098039215686274 percent,14.509803921568627 percent,14.509803921568627 percent,-2.5 degree,bytearray(b'MEXKRDPA7NG020286'),0.0 count,2025-04-28 14:50:54,2025-04-28 14:50:59,2025-04-28 14:50:54,Signal Acquired,15.326635,73.932935,0.99,0.45,8.69,-0.03,-0.24,-0.17,NO
,,,,,,,,,,,,,,,,,,,,,,,,,,,,,,,,,,,,,,,,,,,,,,,,,,,,,,,,,,,,,,,,,,,,,,,,,,,,,,,,,,,,,,,,,,,,,,,,,,,,,,,,,2025-04-28 14:50:54,Signal Acquired,15.326635,73.932935,0.54,0.88,9.72,0.16,-0.0,-0.25,NO
,,,,,,,,,,,,,,,,,,,,,,,,,,,,,,,,,,,,,,,,,,,,,,,,,,,,,,,,,,,,,,,,,,,,,,,,,,,,,,,,,,,,,,,,,,,,,,,,,,,,,,,,,2025-04-28 14:50:54,Signal Acquired,15.326635,73.932935,1.96,0.57,8.67,-0.06,0.01,-0.21,NO
24.313725490196077 percent,24.313725490196077 percent,24.313725490196077 percent,34 degree_Celsius,100 kilopascal,bytearray(b'5E018DD3844BEA'),479.0 degree_Celsius,,,,,,0.0 kilometer,0.0 kilometer,,,,,,,,,,,,,,,,,,,,,,,,,,,,,,,,,,,,,,,ELM327 v1.5,12.8 volt,21.176470588235293 percent,42.745098039215684 percent,91.76470588235294 percent,"('Closed loop, using oxygen sensor feedback to determine fuel mix', '')",Gasoline,[],[],42 kilopascal,52 degree_Celsius,1.5625 percent,0.0 percent,11000000000000000000000000000001,10000000000000000000100000001001,11000000000000000000000000000001,1.0,1.0,01111000000000000000000000000000,Unknown : 0.0 percent [PASSED],"Average misfire counts for last ten driving cycles : 0.0 count [PASSED]
Misfire counts for last/current driving cycles : 0.0 count [PASSED]","Average misfire counts for last ten driving cycles : 0.0 count [PASSED]
Misfire counts for last/current driving cycles : 0.0 count [PASSED]","Average misfire counts for last ten driving cycles : 0.0 count [PASSED]
Misfire counts for last/current driving cycles : 0.0 count [PASSED]","Average misfire counts for last ten driving cycles : 0.0 count [PASSED]
Misfire counts for last/current driving cycles : 0.0 count [PASSED]","Unknown : 0.0 count [PASSED]
Unknown : 0.0 count [PASSED]
Unknown : 0.0 ratio [PASSED]
Unknown : 0.0 millisecond [PASSED]","Rich to lean sensor switch time : 0.0 millisecond [PASSED]
Unknown : 0.0 millivolt [PASSED]
Unknown : 0.0 millivolt [PASSED]",Unknown : -40.0 degree_Celsius [PASSED],Unknown : 0.0 ohm [PASSED],Unknown : 0.0 count [PASSED],"Unknown : 0.0 degree [PASSED]
Unknown : 0.0 degree [PASSED]
Unknown : 0.0 degree [PASSED]
Unknown : 0.0 degree [PASSED]",0.715 volt,-0.01953125 milliampere,"((), (False, False, False, False), (False, False, True, True))",India OBD II (IOBD II),0101010001000000000000000000000000000000,10111110001111101010100000010011,10000000000001111011000000010001,11111110110100001000010000000001,4.705882352941177 percent,1459.0 revolutions_per_minute,373.0 second,1.5625 percent,32.0 kilometer_per_hour,<obd.OBDResponse.Status object at 0x7f6f82343f70>,<obd.OBDResponse.Status object at 0x7f6f82343fa0>,7.0588235294117645 percent,15.686274509803921 percent,16.07843137254902 percent,18.0 degree,bytearray(b'MEXKRDPA7NG020286'),0.0 count,2025-04-28 14:51:01,2025-04-28 14:51:06,2025-04-28 14:51:01,Signal Acquired,15.326635,73.932935,1.36,0.74,8.77,-0.11,-0.03,-0.21,NO
,,,,,,,,,,,,,,,,,,,,,,,,,,,,,,,,,,,,,,,,,,,,,,,,,,,,,,,,,,,,,,,,,,,,,,,,,,,,,,,,,,,,,,,,,,,,,,,,,,,,,,,,,2025-04-28 14:51:01,Signal Acquired,15.326698,73.933028,4.29,1.19,7.85,-0.04,-0.03,-0.27,NO
,,,,,,,,,,,,,,,,,,,,,,,,,,,,,,,,,,,,,,,,,,,,,,,,,,,,,,,,,,,,,,,,,,,,,,,,,,,,,,,,,,,,,,,,,,,,,,,,,,,,,,,,,2025-04-28 14:51:01,Signal Acquired,15.326698,73.933028,1.73,1.77,9.2,-0.02,-0.02,-0.34,NO
27.45098039215686 percent,14.901960784313726 percent,15.294117647058824 percent,34 degree_Celsius,100 kilopascal,bytearray(b'5E018DD3844BEA'),476.0 degree_Celsius,,,,,,,0.0 kilometer,,,,,,,,,,,,,,,,,,,,,,,,,,,,,,,,,,,,,,,ELM327 v1.5,12.8 volt,35.68627450980392 percent,6.2745098039215685 percent,91.76470588235294 percent,"('Closed loop, using oxygen sensor feedback to determine fuel mix', '')",Gasoline,[],[],43 kilopascal,52 degree_Celsius,1.5625 percent,0.0 percent,11000000000000000000000000000001,10000000000000000000100000001001,11000000000000000000000000000001,1.0,1.0,01111000000000000000000000000000,Unknown : 0.0 percent [PASSED],"Average misfire counts for last ten driving cycles : 0.0 count [PASSED]
Misfire counts for last/current driving cycles : 0.0 count [PASSED]","Average misfire counts for last ten driving cycles : 0.0 count [PASSED]
Misfire counts for last/current driving cycles : 0.0 count [PASSED]","Average misfire counts for last ten driving cycles : 0.0 count [PASSED]
Misfire counts for last/current driving cycles : 0.0 count [PASSED]","Average misfire counts for last ten driving cycles : 0.0 count [PASSED]
Misfire counts for last/current driving cycles : 0.0 count [PASSED]","Unknown : 0.0 count [PASSED]
Unknown : 0.0 count [PASSED]
Unknown : 0.0 ratio [PASSED]
Unknown : 0.0 millisecond [PASSED]","Rich to lean sensor switch time : 0.0 millisecond [PASSED]
Unknown : 0.0 millivolt [PASSED]
Unknown : 0.0 millivolt [PASSED]",Unknown : -40.0 degree_Celsius [PASSED],Unknown : 0.0 ohm [PASSED],Unknown : 0.0 count [PASSED],"Unknown : 0.0 degree [PASSED]
Unknown : 0.0 degree [PASSED]
Unknown : 0.0 degree [PASSED]
Unknown : 0.0 degree [PASSED]",0.715 volt,-0.01953125 milliampere,"((), (False, False, False, False), (False, False, True, True))",India OBD II (IOBD II),0101010001000000000000000000000000000000,10111110001111101010100000010011,10000000000001111011000000010001,11111110110100001000010000000001,7.8431372549019605 percent,1322.5 revolutions_per_minute,380.0 second,-1.5625 percent,28.0 kilometer_per_hour,<obd.OBDResponse.Status object at 0x7f6f8235a050>,<obd.OBDResponse.Status object at 0x7f6f8235a110>,10.196078431372548 percent,18.03921568627451 percent,18.823529411764707 percent,6.0 degree,bytearray(b'MEXKRDPA7NG020286'),0.0 count,2025-04-28 14:51:08,2025-04-28 14:51:13,2025-04-28 14:51:08,Signal Acquired,15.326704,73.933032,1.27,1.65,9.14,-0.02,-0.11,-0.28,NO
,,,,,,,,,,,,,,,,,,,,,,,,,,,,,,,,,,,,,,,,,,,,,,,,,,,,,,,,,,,,,,,,,,,,,,,,,,,,,,,,,,,,,,,,,,,,,,,,,,,,,,,,,2025-04-28 14:51:08,Signal Acquired,15.326704,73.933032,1.08,0.77,9.28,-0.09,-0.09,-0.33,NO
,,,,,,,,,,,,,,,,,,,,,,,,,,,,,,,,,,,,,,,,,,,,,,,,,,,,,,,,,,,,,,,,,,,,,,,,,,,,,,,,,,,,,,,,,,,,,,,,,,,,,,,,,2025-04-28 14:51:08,Signal Acquired,15.326704,73.933043,0.64,1.75,9.55,-0.1,0.01,-0.35,NO
55.294117647058826 percent,30.980392156862745 percent,30.58823529411765 percent,34 degree_Celsius,100 kilopascal,bytearray(b'5E018DD3844BEA'),473.70000000000005 degree_Celsius,,,,,,0.0 kilometer,0.0 kilometer,,,,,,,,,,,,,,,,,,,,,,,,,,,,,,,,,,,,,,,ELM327 v1.5,12.8 volt,36.07843137254902 percent,69.41176470588235 percent,91.76470588235294 percent,"('Closed loop, using oxygen sensor feedback to determine fuel mix', '')",Gasoline,[],[],84 kilopascal,52 degree_Celsius,1.5625 percent,0.0 percent,11000000000000000000000000000001,10000000000000000000100000001001,11000000000000000000000000000001,1.0,1.0,01111000000000000000000000000000,Unknown : 0.0 percent [PASSED],"Average misfire counts for last ten driving cycles : 0.0 count [PASSED]
Misfire counts for last/current driving cycles : 0.0 count [PASSED]","Average misfire counts for last ten driving cycles : 0.0 count [PASSED]
Misfire counts for last/current driving cycles : 0.0 count [PASSED]","Average misfire counts for last ten driving cycles : 0.0 count [PASSED]
Misfire counts for last/current driving cycles : 0.0 count [PASSED]","Average misfire counts for last ten driving cycles : 0.0 count [PASSED]
Misfire counts for last/current driving cycles : 0.0 count [PASSED]","Unknown : 0.0 count [PASSED]
Unknown : 0.0 count [PASSED]
Unknown : 0.0 ratio [PASSED]
Unknown : 0.0 millisecond [PASSED]","Rich to lean sensor switch time : 0.0 millisecond [PASSED]
Unknown : 0.0 millivolt [PASSED]
Unknown : 0.0 millivolt [PASSED]",Unknown : -40.0 degree_Celsius [PASSED],Unknown : 0.0 ohm [PASSED],Unknown : 0.0 count [PASSED],"Unknown : 0.0 degree [PASSED]
Unknown : 0.0 degree [PASSED]
Unknown : 0.0 degree [PASSED]
Unknown : 0.0 degree [PASSED]",0.72 volt,-0.01171875 milliampere,"((), (False, False, False, False), (False, False, True, True))",India OBD II (IOBD II),0101010001000000000000000000000000000000,10111110001111101010100000010011,10000000000001111011000000010001,11111110110100001000010000000001,7.0588235294117645 percent,1625.5 revolutions_per_minute,387.0 second,0.78125 percent,36.0 kilometer_per_hour,<obd.OBDResponse.Status object at 0x7f6f821882b0>,<obd.OBDResponse.Status object at 0x7f6f82188370>,9.019607843137255 percent,17.254901960784313 percent,17.647058823529413 percent,18.0 degree,bytearray(b'MEXKRDPA7NG020286'),0.0 count,2025-04-28 14:51:14,2025-04-28 14:51:20,2025-04-28 14:51:14,Signal Acquired,15.326704,73.933043,3.1,2.0,7.93,0.02,-0.05,-0.2,NO
,,,,,,,,,,,,,,,,,,,,,,,,,,,,,,,,,,,,,,,,,,,,,,,,,,,,,,,,,,,,,,,,,,,,,,,,,,,,,,,,,,,,,,,,,,,,,,,,,,,,,,,,,2025-04-28 14:51:14,Signal Acquired,15.326709,73.933024,0.75,1.98,8.88,-0.03,0.09,-0.04,NO
,,,,,,,,,,,,,,,,,,,,,,,,,,,,,,,,,,,,,,,,,,,,,,,,,,,,,,,,,,,,,,,,,,,,,,,,,,,,,,,,,,,,,,,,,,,,,,,,,,,,,,,,,2025-04-28 14:51:14,Signal Acquired,15.326709,73.933024,1.85,1.81,8.76,0.01,-0.03,0.02,NO
21.176470588235293 percent,14.901960784313726 percent,14.901960784313726 percent,34 degree_Celsius,100 kilopascal,bytearray(b'5E018DD3844BEA'),478.5 degree_Celsius,,,,,,,0.0 kilometer,,,,,,,,,,,,,,,,,,,,,,,,,,,,,,,,,,,,,,,ELM327 v1.5,12.8 volt,35.294117647058826 percent,3.1372549019607843 percent,91.76470588235294 percent,"('Closed loop, using oxygen sensor feedback to determine fuel mix', '')",Gasoline,[],[],44 kilopascal,52 degree_Celsius,1.5625 percent,0.0 percent,11000000000000000000000000000001,10000000000000000000100000001001,11000000000000000000000000000001,1.0,1.0,01111000000000000000000000000000,Unknown : 0.0 percent [PASSED],"Average misfire counts for last ten driving cycles : 0.0 count [PASSED]
Misfire counts for last/current driving cycles : 0.0 count [PASSED]","Average misfire counts for last ten driving cycles : 0.0 count [PASSED]
Misfire counts for last/current driving cycles : 0.0 count [PASSED]","Average misfire counts for last ten driving cycles : 0.0 count [PASSED]
Misfire counts for last/current driving cycles : 0.0 count [PASSED]","Average misfire counts for last ten driving cycles : 0.0 count [PASSED]
Misfire counts for last/current driving cycles : 0.0 count [PASSED]","Unknown : 0.0 count [PASSED]
Unknown : 0.0 count [PASSED]
Unknown : 0.0 ratio [PASSED]
Unknown : 0.0 millisecond [PASSED]","Rich to lean sensor switch time : 0.0 millisecond [PASSED]
Unknown : 0.0 millivolt [PASSED]
Unknown : 0.0 millivolt [PASSED]",Unknown : -40.0 degree_Celsius [PASSED],Unknown : 0.0 ohm [PASSED],Unknown : 0.0 count [PASSED],"Unknown : 0.0 degree [PASSED]
Unknown : 0.0 degree [PASSED]
Unknown : 0.0 degree [PASSED]
Unknown : 0.0 degree [PASSED]",0.715 volt,-0.03515625 milliampere,"((), (False, False, False, False), (False, False, True, True))",India OBD II (IOBD II),0101010001000000000000000000000000000000,10111110001111101010100000010011,10000000000001111011000000010001,11111110110100001000010000000001,71.37254901960785 percent,1099.5 revolutions_per_minute,393.0 second,-0.78125 percent,24.0 kilometer_per_hour,<obd.OBDResponse.Status object at 0x7f6f821967d0>,<obd.OBDResponse.Status object at 0x7f6f82196890>,98.82352941176471 percent,87.05882352941177 percent,87.84313725490196 percent,-1.5 degree,bytearray(b'MEXKRDPA7NG020286'),0.0 count,2025-04-28 14:51:21,2025-04-28 14:51:27,2025-04-28 14:51:21,Signal Acquired,15.326691,73.932985,-1.22,2.4,9.76,-0.04,0.02,-0.01,NO
,,,,,,,,,,,,,,,,,,,,,,,,,,,,,,,,,,,,,,,,,,,,,,,,,,,,,,,,,,,,,,,,,,,,,,,,,,,,,,,,,,,,,,,,,,,,,,,,,,,,,,,,,2025-04-28 14:51:21,Signal Acquired,15.326691,73.932985,1.72,1.62,8.22,-0.04,0.11,0.0,NO
,,,,,,,,,,,,,,,,,,,,,,,,,,,,,,,,,,,,,,,,,,,,,,,,,,,,,,,,,,,,,,,,,,,,,,,,,,,,,,,,,,,,,,,,,,,,,,,,,,,,,,,,,2025-04-28 14:51:21,Signal Acquired,15.326646,73.932946,1.11,0.21,9.51,-0.0,-0.12,-0.01,NO
105.49019607843137 percent,52.94117647058823 percent,53.333333333333336 percent,34 degree_Celsius,100 kilopascal,bytearray(b'5E018DD3844BEA'),484.5 degree_Celsius,,,,,,0.0 kilometer,0.0 kilometer,,,,,,,,,,,,,,,,,,,,,,,,,,,,,,,,,,,,,,,ELM327 v1.5,12.8 volt,97.25490196078431 percent,96.86274509803921 percent,91.76470588235294 percent,"('Closed loop, using oxygen sensor feedback to determine fuel mix', '')",Gasoline,[],[],189 kilopascal,53 degree_Celsius,2.34375 percent,0.0 percent,11000000000000000000000000000001,10000000000000000000100000001001,11000000000000000000000000000001,1.0,1.0,01111000000000000000000000000000,Unknown : 0.0 percent [PASSED],"Average misfire counts for last ten driving cycles : 0.0 count [PASSED]
Misfire counts for last/current driving cycles : 0.0 count [PASSED]","Average misfire counts for last ten driving cycles : 0.0 count [PASSED]
Misfire counts for last/current driving cycles : 0.0 count [PASSED]","Average misfire counts for last ten driving cycles : 0.0 count [PASSED]
Misfire counts for last/current driving cycles : 0.0 count [PASSED]","Average misfire counts for last ten driving cycles : 0.0 count [PASSED]
Misfire counts for last/current driving cycles : 0.0 count [PASSED]",,"Rich to lean sensor switch time : 0.0 millisecond [PASSED]
Unknown : 0.0 millivolt [PASSED]
Unknown : 0.0 millivolt [PASSED]",Unknown : -40.0 degree_Celsius [PASSED],Unknown : 0.0 ohm [PASSED],Unknown : 0.0 count [PASSED],"Unknown : 0.0 degree [PASSED]
Unknown : 0.0 degree [PASSED]
Unknown : 0.0 degree [PASSED]
Unknown : 0.0 degree [PASSED]",0.71 volt,-0.02734375 milliampere,"((), (False, False, False, False), (False, False, True, True))",India OBD II (IOBD II),0101010001000000000000000000000000000000,10111110001111101010100000010011,10000000000001111011000000010001,11111110110100001000010000000001,21.176470588235293 percent,1747.0 revolutions_per_minute,400.0 second,-1.5625 percent,46.0 kilometer_per_hour,<obd.OBDResponse.Status object at 0x7f6f821afbe0>,<obd.OBDResponse.Status object at 0x7f6f821afca0>,69.41176470588235 percent,69.41176470588235 percent,83.52941176470588 percent,0.0 degree,bytearray(b'MEXKRDPA7NG020286'),0.0 count,2025-04-28 14:51:28,2025-04-28 14:51:33,2025-04-28 14:51:28,Signal Acquired,15.326646,73.932946,0.06,0.63,9.48,-0.06,0.0,-0.03,NO
,,,,,,,,,,,,,,,,,,,,,,,,,,,,,,,,,,,,,,,,,,,,,,,,,,,,,,,,,,,,,,,,,,,,,,,,,,,,,,,,,,,,,,,,,,,,,,,,,,,,,,,,,2025-04-28 14:51:28,Signal Acquired,15.326646,73.932946,-2.21,-1.34,9.68,-0.14,-0.04,-0.01,NO
,,,,,,,,,,,,,,,,,,,,,,,,,,,,,,,,,,,,,,,,,,,,,,,,,,,,,,,,,,,,,,,,,,,,,,,,,,,,,,,,,,,,,,,,,,,,,,,,,,,,,,,,,2025-04-28 14:51:28,Signal Acquired,15.326646,73.932946,0.73,0.81,9.27,-0.14,0.25,-0.05,NO
135.2941176470588 percent,51.372549019607845 percent,51.76470588235294 percent,34 degree_Celsius,100 kilopascal,bytearray(b'5E018DD3844BEA'),582.5 degree_Celsius,,,,,,0.0 kilometer,0.0 kilometer,,,,,,,,,,,,,,,,,,,,,,,,,,,,,,,,,,,,,,,ELM327 v1.5,12.8 volt,94.90196078431373 percent,97.25490196078431 percent,91.76470588235294 percent,"('Closed loop, using oxygen sensor feedback to determine fuel mix', '')",Gasoline,[],[],189 kilopascal,52 degree_Celsius,2.34375 percent,0.0 percent,11000000000000000000000000000001,10000000000000000000100000001001,11000000000000000000000000000001,1.0,1.0,01111000000000000000000000000000,Unknown : 0.0 percent [PASSED],"Average misfire counts for last ten driving cycles : 0.0 count [PASSED]
Misfire counts for last/current driving cycles : 0.0 count [PASSED]","Average misfire counts for last ten driving cycles : 0.0 count [PASSED]
Misfire counts for last/current driving cycles : 0.0 count [PASSED]","Average misfire counts for last ten driving cycles : 0.0 count [PASSED]
Misfire counts for last/current driving cycles : 0.0 count [PASSED]","Average misfire counts for last ten driving cycles : 0.0 count [PASSED]
Misfire counts for last/current driving cycles : 0.0 count [PASSED]","Unknown : 0.0 count [PASSED]
Unknown : 0.0 count [PASSED]
Unknown : 0.0 ratio [PASSED]
Unknown : 0.0 millisecond [PASSED]","Rich to lean sensor switch time : 0.0 millisecond [PASSED]
Unknown : 0.0 millivolt [PASSED]
Unknown : 0.0 millivolt [PASSED]",Unknown : -40.0 degree_Celsius [PASSED],Unknown : 0.0 ohm [PASSED],Unknown : 0.0 count [PASSED],"Unknown : 0.0 degree [PASSED]
Unknown : 0.0 degree [PASSED]
Unknown : 0.0 degree [PASSED]
Unknown : 0.0 degree [PASSED]",0.765 volt,0.015625 milliampere,"((), (False, False, False, False), (False, False, True, True))",India OBD II (IOBD II),0101010001000000000000000000000000000000,10111110001111101010100000010011,10000000000001111011000000010001,11111110110100001000010000000001,3.5294117647058822 percent,1149.5 revolutions_per_minute,407.0 second,-3.90625 percent,65.0 kilometer_per_hour,<obd.OBDResponse.Status object at 0x7f6f821ca3e0>,<obd.OBDResponse.Status object at 0x7f6f821ca4a0>,11.372549019607844 percent,19.215686274509803 percent,20.784313725490197 percent,9.5 degree,bytearray(b'MEXKRDPA7NG020286'),0.0 count,2025-04-28 14:51:35,2025-04-28 14:51:40,2025-04-28 14:51:35,Signal Acquired,15.326646,73.932946,-0.2,0.19,9.54,-0.06,0.03,-0.03,NO
,,,,,,,,,,,,,,,,,,,,,,,,,,,,,,,,,,,,,,,,,,,,,,,,,,,,,,,,,,,,,,,,,,,,,,,,,,,,,,,,,,,,,,,,,,,,,,,,,,,,,,,,,2025-04-28 14:51:35,Signal Acquired,15.326646,73.932946,1.37,0.37,8.82,-0.08,0.12,-0.02,NO
,,,,,,,,,,,,,,,,,,,,,,,,,,,,,,,,,,,,,,,,,,,,,,,,,,,,,,,,,,,,,,,,,,,,,,,,,,,,,,,,,,,,,,,,,,,,,,,,,,,,,,,,,2025-04-28 14:51:35,Signal Acquired,15.326646,73.932946,0.88,0.28,9.29,0.02,-0.06,0.02,NO
69.01960784313725 percent,38.431372549019606 percent,38.431372549019606 percent,34 degree_Celsius,100 kilopascal,bytearray(b'5E018DD3844BEA'),647.2 degree_Celsius,,,,,,0.0 kilometer,0.0 kilometer,,,,,,,,,,,,,,,,,,,,,,,,,,,,,,,,,,,,,,,ELM327 v1.5,12.8 volt,100.0 percent,97.25490196078431 percent,91.76470588235294 percent,"('Closed loop, using oxygen sensor feedback to determine fuel mix', '')",Gasoline,[],[],201 kilopascal,52 degree_Celsius,2.34375 percent,0.0 percent,11000000000000000000000000000001,10000000000000000000100000001001,11000000000000000000000000000001,1.0,1.0,01111000000000000000000000000000,Unknown : 0.0 percent [PASSED],"Average misfire counts for last ten driving cycles : 0.0 count [PASSED]
Misfire counts for last/current driving cycles : 0.0 count [PASSED]","Average misfire counts for last ten driving cycles : 0.0 count [PASSED]
Misfire counts for last/current driving cycles : 0.0 count [PASSED]","Average misfire counts for last ten driving cycles : 0.0 count [PASSED]
Misfire counts for last/current driving cycles : 0.0 count [PASSED]","Average misfire counts for last ten driving cycles : 0.0 count [PASSED]
Misfire counts for last/current driving cycles : 0.0 count [PASSED]","Unknown : 0.0 count [PASSED]
Unknown : 0.0 count [PASSED]
Unknown : 0.0 ratio [PASSED]
Unknown : 0.0 millisecond [PASSED]","Rich to lean sensor switch time : 0.0 millisecond [PASSED]
Unknown : 0.0 millivolt [PASSED]
Unknown : 0.0 millivolt [PASSED]",Unknown : -40.0 degree_Celsius [PASSED],Unknown : 0.0 ohm [PASSED],Unknown : 0.0 count [PASSED],"Unknown : 0.0 degree [PASSED]
Unknown : 0.0 degree [PASSED]
Unknown : 0.0 degree [PASSED]
Unknown : 0.0 degree [PASSED]",0.75 volt,-0.05078125 milliampere,"((), (False, False, False, False), (False, False, True, True))",India OBD II (IOBD II),0101010001000000000000000000000000000000,10111110001111101010100000010011,10000000000001111011000000010001,11111110110100001000010000000001,77.25490196078431 percent,2078.5 revolutions_per_minute,414.0 second,0.78125 percent,78.0 kilometer_per_hour,<obd.OBDResponse.Status object at 0x7f6f821f45b0>,<obd.OBDResponse.Status object at 0x7f6f821f4670>,10.980392156862745 percent,34.509803921568626 percent,17.254901960784313 percent,-15.0 degree,bytearray(b'MEXKRDPA7NG020286'),0.0 count,2025-04-28 14:51:42,2025-04-28 14:51:47,2025-04-28 14:51:42,Signal Acquired,15.326646,73.932946,-3.57,-0.4,10.37,-0.15,0.19,0.15,NO
,,,,,,,,,,,,,,,,,,,,,,,,,,,,,,,,,,,,,,,,,,,,,,,,,,,,,,,,,,,,,,,,,,,,,,,,,,,,,,,,,,,,,,,,,,,,,,,,,,,,,,,,,2025-04-28 14:51:42,Signal Acquired,15.326646,73.932946,-1.98,0.4,9.49,-0.04,0.1,0.31,NO
,,,,,,,,,,,,,,,,,,,,,,,,,,,,,,,,,,,,,,,,,,,,,,,,,,,,,,,,,,,,,,,,,,,,,,,,,,,,,,,,,,,,,,,,,,,,,,,,,,,,,,,,,2025-04-28 14:51:42,Signal Acquired,15.326646,73.932946,3.5,0.0,8.15,0.13,-0.17,0.52,NO
32.15686274509804 percent,15.686274509803921 percent,15.686274509803921 percent,34 degree_Celsius,100 kilopascal,bytearray(b'5E018DD3844BEA'),682.9000000000001 degree_Celsius,,,,,,0.0 kilometer,0.0 kilometer,,,,,,,,,,,,,,,,,,,,,,,,,,,,,,,,,,,,,,,ELM327 v1.5,12.8 volt,0.0 percent,0.0 percent,91.76470588235294 percent,"('Open loop due to engine load OR fuel cut due to deceleration', '')",Gasoline,[],[],30 kilopascal,51 degree_Celsius,1.5625 percent,0.0 percent,11000000000000000000000000000001,10000000000000000000100000001001,11000000000000000000000000000001,1.0,1.0,01111000000000000000000000000000,Unknown : 0.0 percent [PASSED],"Average misfire counts for last ten driving cycles : 0.0 count [PASSED]
Misfire counts for last/current driving cycles : 0.0 count [PASSED]","Average misfire counts for last ten driving cycles : 0.0 count [PASSED]
Misfire counts for last/current driving cycles : 0.0 count [PASSED]","Average misfire counts for last ten driving cycles : 0.0 count [PASSED]
Misfire counts for last/current driving cycles : 0.0 count [PASSED]","Average misfire counts for last ten driving cycles : 0.0 count [PASSED]
Misfire counts for last/current driving cycles : 0.0 count [PASSED]","Unknown : 0.0 count [PASSED]
Unknown : 0.0 count [PASSED]
Unknown : 0.0 ratio [PASSED]
Unknown : 0.0 millisecond [PASSED]","Rich to lean sensor switch time : 0.0 millisecond [PASSED]
Unknown : 0.0 millivolt [PASSED]
Unknown : 0.0 millivolt [PASSED]",Unknown : -40.0 degree_Celsius [PASSED],Unknown : 0.0 ohm [PASSED],Unknown : 0.0 count [PASSED],"Unknown : 0.0 degree [PASSED]
Unknown : 0.0 degree [PASSED]
Unknown : 0.0 degree [PASSED]
Unknown : 0.0 degree [PASSED]",0.135 volt,-0.1953125 milliampere,"((), (False, False, False, False), (False, False, True, True))",India OBD II (IOBD II),0101010001000000000000000000000000000000,10111110001111101010100000010011,10000000000001111011000000010001,11111110110100001000010000000001,5.490196078431373 percent,2354.5 revolutions_per_minute,421.0 second,-5.46875 percent,56.0 kilometer_per_hour,<obd.OBDResponse.Status object at 0x7f6f821fa500>,<obd.OBDResponse.Status object at 0x7f6f821fa5c0>,5.882352941176471 percent,15.294117647058824 percent,15.294117647058824 percent,-10.0 degree,bytearray(b'MEXKRDPA7NG020286'),0.0 count,2025-04-28 14:51:49,2025-04-28 14:51:54,2025-04-28 14:51:49,Signal Acquired,15.326646,73.932946,-1.53,1.25,8.94,-0.0,0.09,0.55,NO
,,,,,,,,,,,,,,,,,,,,,,,,,,,,,,,,,,,,,,,,,,,,,,,,,,,,,,,,,,,,,,,,,,,,,,,,,,,,,,,,,,,,,,,,,,,,,,,,,,,,,,,,,2025-04-28 14:51:49,Signal Acquired,15.326646,73.932946,-2.49,1.42,9.81,-0.01,0.06,0.58,NO
,,,,,,,,,,,,,,,,,,,,,,,,,,,,,,,,,,,,,,,,,,,,,,,,,,,,,,,,,,,,,,,,,,,,,,,,,,,,,,,,,,,,,,,,,,,,,,,,,,,,,,,,,2025-04-28 14:51:49,Signal Acquired,15.326646,73.932946,-1.86,0.33,9.68,-0.08,0.17,0.55,NO
16.862745098039216 percent,16.07843137254902 percent,26.666666666666668 percent,34 degree_Celsius,100 kilopascal,bytearray(b'5E018DD3844BEA'),652.3000000000001 degree_Celsius,,,,,,,0.0 kilometer,,,,,,,,,,,,,,,,,,,,,,,,,,,,,,,,,,,,,,,ELM327 v1.5,13.1 volt,82.3529411764706 percent,41.96078431372549 percent,91.76470588235294 percent,"('Closed loop, using oxygen sensor feedback to determine fuel mix', '')",Gasoline,[],[],161 kilopascal,53 degree_Celsius,2.34375 percent,0.0 percent,11000000000000000000000000000001,10000000000000000000100000001001,11000000000000000000000000000001,1.0,1.0,01111000000000000000000000000000,Unknown : 0.0 percent [PASSED],"Average misfire counts for last ten driving cycles : 0.0 count [PASSED]
Misfire counts for last/current driving cycles : 0.0 count [PASSED]","Average misfire counts for last ten driving cycles : 0.0 count [PASSED]
Misfire counts for last/current driving cycles : 0.0 count [PASSED]","Average misfire counts for last ten driving cycles : 0.0 count [PASSED]
Misfire counts for last/current driving cycles : 0.0 count [PASSED]","Average misfire counts for last ten driving cycles : 0.0 count [PASSED]
Misfire counts for last/current driving cycles : 0.0 count [PASSED]","Unknown : 0.0 count [PASSED]
Unknown : 0.0 count [PASSED]
Unknown : 0.0 ratio [PASSED]
Unknown : 0.0 millisecond [PASSED]","Rich to lean sensor switch time : 0.0 millisecond [PASSED]
Unknown : 0.0 millivolt [PASSED]
Unknown : 0.0 millivolt [PASSED]",Unknown : -40.0 degree_Celsius [PASSED],Unknown : 0.0 ohm [PASSED],Unknown : 0.0 count [PASSED],"Unknown : 0.0 degree [PASSED]
Unknown : 0.0 degree [PASSED]
Unknown : 0.0 degree [PASSED]
Unknown : 0.0 degree [PASSED]",0.695 volt,-0.015625 milliampere,"((), (False, False, False, False), (False, False, True, True))",India OBD II (IOBD II),0101010001000000000000000000000000000000,10111110001111101010100000010011,10000000000001111011000000010001,11111110110100001000010000000001,1.1764705882352942 percent,2071.0 revolutions_per_minute,429.0 second,-3.90625 percent,65.0 kilometer_per_hour,<obd.OBDResponse.Status object at 0x7f6f8222ca60>,<obd.OBDResponse.Status object at 0x7f6f8222cb20>,3.1372549019607843 percent,12.549019607843137 percent,12.941176470588236 percent,-10.5 degree,bytearray(b'MEXKRDPA7NG020286'),0.0 count,2025-04-28 14:51:56,2025-04-28 14:52:02,2025-04-28 14:51:56,Signal Acquired,15.326646,73.932946,-0.47,1.66,9.48,-0.06,0.07,0.36,NO
,,,,,,,,,,,,,,,,,,,,,,,,,,,,,,,,,,,,,,,,,,,,,,,,,,,,,,,,,,,,,,,,,,,,,,,,,,,,,,,,,,,,,,,,,,,,,,,,,,,,,,,,,2025-04-28 14:51:56,Signal Acquired,15.326632,73.933207,3.42,1.41,8.54,0.15,-0.25,0.17,NO
,,,,,,,,,,,,,,,,,,,,,,,,,,,,,,,,,,,,,,,,,,,,,,,,,,,,,,,,,,,,,,,,,,,,,,,,,,,,,,,,,,,,,,,,,,,,,,,,,,,,,,,,,2025-04-28 14:51:56,Signal Acquired,15.326632,73.933207,2.61,2.37,8.09,0.02,0.02,0.03,NO
70.19607843137254 percent,37.64705882352941 percent,37.254901960784316 percent,34 degree_Celsius,100 kilopascal,bytearray(b'5E018DD3844BEA'),654.9000000000001 degree_Celsius,,,,,,0.0 kilometer,0.0 kilometer,,,,,,,,,,,,,,,,,,,,,,,,,,,,,,,,,,,,,,,ELM327 v1.5,12.6 volt,91.76470588235294 percent,98.43137254901961 percent,91.76470588235294 percent,"('Closed loop, using oxygen sensor feedback to determine fuel mix', '')",Gasoline,[],[],188 kilopascal,52 degree_Celsius,2.34375 percent,0.0 percent,11000000000000000000000000000001,10000000000000000000100000001001,11000000000000000000000000000001,1.0,1.0,01111000000000000000000000000000,Unknown : 0.0 percent [PASSED],"Average misfire counts for last ten driving cycles : 0.0 count [PASSED]
Misfire counts for last/current driving cycles : 0.0 count [PASSED]","Average misfire counts for last ten driving cycles : 0.0 count [PASSED]
Misfire counts for last/current driving cycles : 0.0 count [PASSED]","Average misfire counts for last ten driving cycles : 0.0 count [PASSED]
Misfire counts for last/current driving cycles : 0.0 count [PASSED]","Average misfire counts for last ten driving cycles : 0.0 count [PASSED]
Misfire counts for last/current driving cycles : 0.0 count [PASSED]","Unknown : 0.0 count [PASSED]
Unknown : 0.0 count [PASSED]
Unknown : 0.0 ratio [PASSED]
Unknown : 0.0 millisecond [PASSED]","Rich to lean sensor switch time : 0.0 millisecond [PASSED]
Unknown : 0.0 millivolt [PASSED]
Unknown : 0.0 millivolt [PASSED]",Unknown : -40.0 degree_Celsius [PASSED],Unknown : 0.0 ohm [PASSED],Unknown : 0.0 count [PASSED],"Unknown : 0.0 degree [PASSED]
Unknown : 0.0 degree [PASSED]
Unknown : 0.0 degree [PASSED]
Unknown : 0.0 degree [PASSED]",0.715 volt,-0.0546875 milliampere,"((), (False, False, False, False), (False, False, True, True))",India OBD II (IOBD II),0101010001000000000000000000000000000000,10111110001111101010100000010011,10000000000001111011000000010001,11111110110100001000010000000001,77.25490196078431 percent,2011.0 revolutions_per_minute,436.0 second,2.34375 percent,76.0 kilometer_per_hour,<obd.OBDResponse.Status object at 0x7f6f8222f8b0>,<obd.OBDResponse.Status object at 0x7f6f8222faf0>,99.6078431372549 percent,87.84313725490196 percent,88.23529411764706 percent,-9.0 degree,bytearray(b'MEXKRDPA7NG020286'),0.0 count,2025-04-28 14:52:03,2025-04-28 14:52:09,2025-04-28 14:52:03,Signal Acquired,15.326632,73.933207,0.31,2.4,9.76,-0.02,0.07,-0.02,NO
,,,,,,,,,,,,,,,,,,,,,,,,,,,,,,,,,,,,,,,,,,,,,,,,,,,,,,,,,,,,,,,,,,,,,,,,,,,,,,,,,,,,,,,,,,,,,,,,,,,,,,,,,2025-04-28 14:52:03,Signal Acquired,15.326632,73.933207,3.13,2.48,7.87,0.04,0.0,-0.0,NO
,,,,,,,,,,,,,,,,,,,,,,,,,,,,,,,,,,,,,,,,,,,,,,,,,,,,,,,,,,,,,,,,,,,,,,,,,,,,,,,,,,,,,,,,,,,,,,,,,,,,,,,,,2025-04-28 14:52:03,Signal Acquired,15.326632,73.933207,-1.12,2.33,10.77,-0.24,0.05,0.05,NO
81.56862745098039 percent,36.86274509803921 percent,44.31372549019608 percent,34 degree_Celsius,100 kilopascal,bytearray(b'5E018DD3844BEA'),698.9000000000001 degree_Celsius,,,,,,0.0 kilometer,0.0 kilometer,,,,,,,,,,,,,,,,,,,,,,,,,,,,,,,,,,,,,,,ELM327 v1.5,12.8 volt,75.68627450980392 percent,98.43137254901961 percent,91.76470588235294 percent,"('Closed loop, using oxygen sensor feedback to determine fuel mix', '')",Gasoline,[],[],139 kilopascal,51 degree_Celsius,2.34375 percent,0.0 percent,11000000000000000000000000000001,10000000000000000000100000001001,11000000000000000000000000000001,1.0,1.0,01111000000000000000000000000000,Unknown : 0.0 percent [PASSED],"Average misfire counts for last ten driving cycles : 0.0 count [PASSED]
Misfire counts for last/current driving cycles : 0.0 count [PASSED]","Average misfire counts for last ten driving cycles : 0.0 count [PASSED]
Misfire counts for last/current driving cycles : 0.0 count [PASSED]","Average misfire counts for last ten driving cycles : 0.0 count [PASSED]
Misfire counts for last/current driving cycles : 0.0 count [PASSED]","Average misfire counts for last ten driving cycles : 0.0 count [PASSED]
Misfire counts for last/current driving cycles : 0.0 count [PASSED]","Unknown : 0.0 count [PASSED]
Unknown : 0.0 count [PASSED]
Unknown : 0.0 ratio [PASSED]
Unknown : 0.0 millisecond [PASSED]","Rich to lean sensor switch time : 0.0 millisecond [PASSED]
Unknown : 0.0 millivolt [PASSED]
Unknown : 0.0 millivolt [PASSED]",Unknown : -40.0 degree_Celsius [PASSED],Unknown : 0.0 ohm [PASSED],Unknown : 0.0 count [PASSED],"Unknown : 0.0 degree [PASSED]
Unknown : 0.0 degree [PASSED]
Unknown : 0.0 degree [PASSED]
Unknown : 0.0 degree [PASSED]",0.73 volt,0.0078125 milliampere,"((), (False, False, False, False), (False, False, True, True))",India OBD II (IOBD II),0101010001000000000000000000000000000000,10111110001111101010100000010011,10000000000001111011000000010001,11111110110100001000010000000001,16.07843137254902 percent,1839.5 revolutions_per_minute,442.0 second,1.5625 percent,85.0 kilometer_per_hour,<obd.OBDResponse.Status object at 0x7f6f82237fa0>,<obd.OBDResponse.Status object at 0x7f6f82237df0>,18.03921568627451 percent,24.313725490196077 percent,24.313725490196077 percent,10.5 degree,bytearray(b'MEXKRDPA7NG020286'),0.0 count,2025-04-28 14:52:10,2025-04-28 14:52:16,2025-04-28 14:52:10,Signal Acquired,15.326632,73.933207,1.22,2.43,8.08,-0.05,0.06,0.09,NO
,,,,,,,,,,,,,,,,,,,,,,,,,,,,,,,,,,,,,,,,,,,,,,,,,,,,,,,,,,,,,,,,,,,,,,,,,,,,,,,,,,,,,,,,,,,,,,,,,,,,,,,,,2025-04-28 14:52:10,Signal Acquired,15.326632,73.933207,1.16,1.18,7.91,0.04,-0.05,0.13,NO
,,,,,,,,,,,,,,,,,,,,,,,,,,,,,,,,,,,,,,,,,,,,,,,,,,,,,,,,,,,,,,,,,,,,,,,,,,,,,,,,,,,,,,,,,,,,,,,,,,,,,,,,,2025-04-28 14:52:10,Signal Acquired,15.326632,73.933207,1.23,0.13,8.27,0.07,0.06,0.13,NO
34.11764705882353 percent,25.098039215686274 percent,24.705882352941178 percent,34 degree_Celsius,100 kilopascal,bytearray(b'5E018DD3844BEA'),680.2 degree_Celsius,,,,,,,0.0 kilometer,,,,,,,,,,,,,,,,,,,,,,,,,,,,,,,,,,,,,,,ELM327 v1.5,12.8 volt,6.666666666666667 percent,16.07843137254902 percent,91.76470588235294 percent,"('Closed loop, using oxygen sensor feedback to determine fuel mix', '')",Gasoline,[],[],38 kilopascal,52 degree_Celsius,-1.5625 percent,0.0 percent,11000000000000000000000000000001,10000000000000000000100000001001,11000000000000000000000000000001,1.0,1.0,01111000000000000000000000000000,Unknown : 0.0 percent [PASSED],"Average misfire counts for last ten driving cycles : 0.0 count [PASSED]
Misfire counts for last/current driving cycles : 0.0 count [PASSED]","Average misfire counts for last ten driving cycles : 0.0 count [PASSED]
Misfire counts for last/current driving cycles : 1.0 count [PASSED]","Average misfire counts for last ten driving cycles : 0.0 count [PASSED]
Misfire counts for last/current driving cycles : 0.0 count [PASSED]","Average misfire counts for last ten driving cycles : 0.0 count [PASSED]
Misfire counts for last/current driving cycles : 0.0 count [PASSED]","Unknown : 0.0 count [PASSED]
Unknown : 0.0 count [PASSED]
Unknown : 0.0 ratio [PASSED]
Unknown : 0.0 millisecond [PASSED]","Rich to lean sensor switch time : 0.0 millisecond [PASSED]
Unknown : 0.0 millivolt [PASSED]
Unknown : 0.0 millivolt [PASSED]",Unknown : -40.0 degree_Celsius [PASSED],Unknown : 0.0 ohm [PASSED],Unknown : 0.0 count [PASSED],"Unknown : 0.0 degree [PASSED]
Unknown : 0.0 degree [PASSED]
Unknown : 0.0 degree [PASSED]
Unknown : 0.0 degree [PASSED]",0.705 volt,0.0 milliampere,"((), (False, False, False, False), (False, False, True, True))",India OBD II (IOBD II),0101010001000000000000000000000000000000,10111110001111101010100000010011,10000000000001111011000000010001,11111110110100001000010000000001,4.705882352941177 percent,1723.0 revolutions_per_minute,449.0 second,3.90625 percent,79.0 kilometer_per_hour,<obd.OBDResponse.Status object at 0x7f6f8224dea0>,<obd.OBDResponse.Status object at 0x7f6f8224dd20>,6.2745098039215685 percent,14.901960784313726 percent,15.294117647058824 percent,23.0 degree,bytearray(b'MEXKRDPA7NG020286'),0.0 count,2025-04-28 14:52:17,2025-04-28 14:52:23,2025-04-28 14:52:17,Signal Acquired,15.326632,73.933207,-2.55,1.18,8.97,-0.22,0.13,0.15,NO
,,,,,,,,,,,,,,,,,,,,,,,,,,,,,,,,,,,,,,,,,,,,,,,,,,,,,,,,,,,,,,,,,,,,,,,,,,,,,,,,,,,,,,,,,,,,,,,,,,,,,,,,,2025-04-28 14:52:17,Signal Acquired,15.326632,73.933207,2.4,1.19,7.75,0.07,-0.08,0.17,NO
,,,,,,,,,,,,,,,,,,,,,,,,,,,,,,,,,,,,,,,,,,,,,,,,,,,,,,,,,,,,,,,,,,,,,,,,,,,,,,,,,,,,,,,,,,,,,,,,,,,,,,,,,2025-04-28 14:52:17,Signal Acquired,15.326632,73.933207,2.52,2.04,8.41,-0.0,0.04,0.17,NO
43.13725490196078 percent,22.745098039215687 percent,22.745098039215687 percent,34 degree_Celsius,100 kilopascal,bytearray(b'5E018DD3844BEA'),659.8000000000001 degree_Celsius,,,,,,,0.0 kilometer,,,,,,,,,,,,,,,,,,,,,,,,,,,,,,,,,,,,,,,ELM327 v1.5,12.8 volt,27.058823529411764 percent,98.03921568627452 percent,91.76470588235294 percent,"('Closed loop, using oxygen sensor feedback to determine fuel mix', '')",Gasoline,[],[],101 kilopascal,53 degree_Celsius,-1.5625 percent,0.0 percent,11000000000000000000000000000001,10000000000000000000100000001001,11000000000000000000000000000001,1.0,1.0,01111000000000000000000000000000,Unknown : 0.0 percent [PASSED],"Average misfire counts for last ten driving cycles : 0.0 count [PASSED]
Misfire counts for last/current driving cycles : 0.0 count [PASSED]","Average misfire counts for last ten driving cycles : 0.0 count [PASSED]
Misfire counts for last/current driving cycles : 0.0 count [PASSED]","Average misfire counts for last ten driving cycles : 0.0 count [PASSED]
Misfire counts for last/current driving cycles : 0.0 count [PASSED]","Average misfire counts for last ten driving cycles : 0.0 count [PASSED]
Misfire counts for last/current driving cycles : 0.0 count [PASSED]","Unknown : 0.0 count [PASSED]
Unknown : 0.0 count [PASSED]
Unknown : 0.0 ratio [PASSED]
Unknown : 0.0 millisecond [PASSED]","Rich to lean sensor switch time : 0.0 millisecond [PASSED]
Unknown : 0.0 millivolt [PASSED]
Unknown : 0.0 millivolt [PASSED]",Unknown : -40.0 degree_Celsius [PASSED],Unknown : 0.0 ohm [PASSED],Unknown : 0.0 count [PASSED],"Unknown : 0.0 degree [PASSED]
Unknown : 0.0 degree [PASSED]
Unknown : 0.0 degree [PASSED]
Unknown : 0.0 degree [PASSED]",0.705 volt,-0.0078125 milliampere,"((), (False, False, False, False), (False, False, True, True))",India OBD II (IOBD II),0101010001000000000000000000000000000000,10111110001111101010100000010011,10000000000001111011000000010001,11111110110100001000010000000001,13.72549019607843 percent,1607.0 revolutions_per_minute,456.0 second,2.34375 percent,74.0 kilometer_per_hour,<obd.OBDResponse.Status object at 0x7f6f820900a0>,<obd.OBDResponse.Status object at 0x7f6f82090160>,18.03921568627451 percent,24.313725490196077 percent,24.705882352941178 percent,3.0 degree,bytearray(b'MEXKRDPA7NG020286'),0.0 count,2025-04-28 14:52:24,2025-04-28 14:52:29,2025-04-28 14:52:24,Signal Acquired,15.326632,73.933207,-0.36,4.91,9.44,0.12,0.37,0.9,NO
,,,,,,,,,,,,,,,,,,,,,,,,,,,,,,,,,,,,,,,,,,,,,,,,,,,,,,,,,,,,,,,,,,,,,,,,,,,,,,,,,,,,,,,,,,,,,,,,,,,,,,,,,2025-04-28 14:52:24,Signal Acquired,15.326632,73.933207,2.94,1.48,8.48,-0.21,0.17,0.0,NO
,,,,,,,,,,,,,,,,,,,,,,,,,,,,,,,,,,,,,,,,,,,,,,,,,,,,,,,,,,,,,,,,,,,,,,,,,,,,,,,,,,,,,,,,,,,,,,,,,,,,,,,,,2025-04-28 14:52:24,Signal Acquired,15.326632,73.933207,3.04,1.61,7.92,-0.05,-0.0,-0.08,NO
39.21568627450981 percent,26.666666666666668 percent,26.666666666666668 percent,34 degree_Celsius,100 kilopascal,bytearray(b'5E018DD3844BEA'),628.4000000000001 degree_Celsius,,,,,,,0.0 kilometer,,,,,,,,,,,,,,,,,,,,,,,,,,,,,,,,,,,,,,,ELM327 v1.5,12.8 volt,25.88235294117647 percent,43.92156862745098 percent,91.76470588235294 percent,"('Closed loop, using oxygen sensor feedback to determine fuel mix', '')",Gasoline,[],[],61 kilopascal,52 degree_Celsius,1.5625 percent,0.0 percent,11000000000000000000000000000001,10000000000000000000100000001001,11000000000000000000000000000001,1.0,1.0,01111000000000000000000000000000,Unknown : 0.0 percent [PASSED],"Average misfire counts for last ten driving cycles : 0.0 count [PASSED]
Misfire counts for last/current driving cycles : 0.0 count [PASSED]","Average misfire counts for last ten driving cycles : 0.0 count [PASSED]
Misfire counts for last/current driving cycles : 0.0 count [PASSED]","Average misfire counts for last ten driving cycles : 0.0 count [PASSED]
Misfire counts for last/current driving cycles : 0.0 count [PASSED]","Average misfire counts for last ten driving cycles : 0.0 count [PASSED]
Misfire counts for last/current driving cycles : 0.0 count [PASSED]","Unknown : 0.0 count [PASSED]
Unknown : 0.0 count [PASSED]
Unknown : 0.0 ratio [PASSED]
Unknown : 0.0 millisecond [PASSED]","Rich to lean sensor switch time : 0.0 millisecond [PASSED]
Unknown : 0.0 millivolt [PASSED]
Unknown : 0.0 millivolt [PASSED]",Unknown : -40.0 degree_Celsius [PASSED],Unknown : 0.0 ohm [PASSED],Unknown : 0.0 count [PASSED],"Unknown : 0.0 degree [PASSED]
Unknown : 0.0 degree [PASSED]
Unknown : 0.0 degree [PASSED]
Unknown : 0.0 degree [PASSED]",0.695 volt,-0.00390625 milliampere,"((), (False, False, False, False), (False, False, True, True))",India OBD II (IOBD II),0101010001000000000000000000000000000000,10111110001111101010100000010011,10000000000001111011000000010001,11111110110100001000010000000001,7.0588235294117645 percent,1563.5 revolutions_per_minute,464.0 second,-0.78125 percent,72.0 kilometer_per_hour,<obd.OBDResponse.Status object at 0x7f6f82093a00>,<obd.OBDResponse.Status object at 0x7f6f82093dc0>,11.372549019607844 percent,19.215686274509803 percent,19.215686274509803 percent,15.5 degree,bytearray(b'MEXKRDPA7NG020286'),0.0 count,2025-04-28 14:52:31,2025-04-28 14:52:37,2025-04-28 14:52:31,Signal Acquired,15.326632,73.933207,1.82,1.32,9.84,-0.08,-0.07,-0.21,NO
,,,,,,,,,,,,,,,,,,,,,,,,,,,,,,,,,,,,,,,,,,,,,,,,,,,,,,,,,,,,,,,,,,,,,,,,,,,,,,,,,,,,,,,,,,,,,,,,,,,,,,,,,2025-04-28 14:52:31,Signal Acquired,15.326632,73.933207,0.69,1.02,9.1,-0.15,0.01,-0.25,NO
,,,,,,,,,,,,,,,,,,,,,,,,,,,,,,,,,,,,,,,,,,,,,,,,,,,,,,,,,,,,,,,,,,,,,,,,,,,,,,,,,,,,,,,,,,,,,,,,,,,,,,,,,2025-04-28 14:52:31,Signal Acquired,15.326876,73.933497,0.74,2.04,8.95,-0.08,0.02,-0.12,NO
45.88235294117647 percent,27.84313725490196 percent,27.84313725490196 percent,34 degree_Celsius,100 kilopascal,bytearray(b'5E018DD3844BEA'),603.6 degree_Celsius,,,,,,,0.0 kilometer,,,,,,,,,,,,,,,,,,,,,,,,,,,,,,,,,,,,,,,ELM327 v1.5,12.8 volt,0.0 percent,0.0 percent,91.76470588235294 percent,"('Open loop due to engine load OR fuel cut due to deceleration', '')",Gasoline,[],[],28 kilopascal,52 degree_Celsius,1.5625 percent,0.0 percent,11000000000000000000000000000001,10000000000000000000100000001001,11000000000000000000000000000001,1.0,1.0,01111000000000000000000000000000,Unknown : 0.0 percent [PASSED],"Average misfire counts for last ten driving cycles : 0.0 count [PASSED]
Misfire counts for last/current driving cycles : 0.0 count [PASSED]","Average misfire counts for last ten driving cycles : 0.0 count [PASSED]
Misfire counts for last/current driving cycles : 0.0 count [PASSED]","Average misfire counts for last ten driving cycles : 0.0 count [PASSED]
Misfire counts for last/current driving cycles : 0.0 count [PASSED]","Average misfire counts for last ten driving cycles : 0.0 count [PASSED]
Misfire counts for last/current driving cycles : 0.0 count [PASSED]","Unknown : 0.0 count [PASSED]
Unknown : 0.0 count [PASSED]
Unknown : 0.0 ratio [PASSED]
Unknown : 0.0 millisecond [PASSED]","Rich to lean sensor switch time : 0.0 millisecond [PASSED]
Unknown : 0.0 millivolt [PASSED]
Unknown : 0.0 millivolt [PASSED]",Unknown : -40.0 degree_Celsius [PASSED],Unknown : 0.0 ohm [PASSED],Unknown : 0.0 count [PASSED],"Unknown : 0.0 degree [PASSED]
Unknown : 0.0 degree [PASSED]
Unknown : 0.0 degree [PASSED]
Unknown : 0.0 degree [PASSED]",0.06 volt,-0.07421875 milliampere,"((), (False, False, False, False), (False, False, True, True))",India OBD II (IOBD II),0101010001000000000000000000000000000000,10111110001111101010100000010011,10000000000001111011000000010001,11111110110100001000010000000001,3.9215686274509802 percent,959.0 revolutions_per_minute,471.0 second,-6.25 percent,56.0 kilometer_per_hour,<obd.OBDResponse.Status object at 0x7f6f8209dd80>,<obd.OBDResponse.Status object at 0x7f6f8209d780>,4.313725490196078 percent,13.72549019607843 percent,14.117647058823529 percent,-2.5 degree,bytearray(b'MEXKRDPA7NG020286'),0.0 count,2025-04-28 14:52:38,2025-04-28 14:52:44,2025-04-28 14:52:38,Signal Acquired,15.326876,73.933497,-1.49,1.51,9.41,-0.1,0.06,-0.13,NO
,,,,,,,,,,,,,,,,,,,,,,,,,,,,,,,,,,,,,,,,,,,,,,,,,,,,,,,,,,,,,,,,,,,,,,,,,,,,,,,,,,,,,,,,,,,,,,,,,,,,,,,,,2025-04-28 14:52:38,Signal Acquired,15.326936,73.933663,-3.58,0.41,9.1,-0.09,0.04,-0.05,NO
,,,,,,,,,,,,,,,,,,,,,,,,,,,,,,,,,,,,,,,,,,,,,,,,,,,,,,,,,,,,,,,,,,,,,,,,,,,,,,,,,,,,,,,,,,,,,,,,,,,,,,,,,2025-04-28 14:52:38,Signal Acquired,15.326936,73.933663,2.09,2.28,9.33,-0.09,-0.08,-0.03,NO
17.254901960784313 percent,14.901960784313726 percent,14.901960784313726 percent,34 degree_Celsius,100 kilopascal,bytearray(b'5E018DD3844BEA'),588.5 degree_Celsius,,,,,,0.0 kilometer,0.0 kilometer,,,,,,,,,,,,,,,,,,,,,,,,,,,,,,,,,,,,,,,ELM327 v1.5,12.8 volt,34.509803921568626 percent,7.8431372549019605 percent,91.76470588235294 percent,"('Closed loop, using oxygen sensor feedback to determine fuel mix', '')",Gasoline,[],[],42 kilopascal,53 degree_Celsius,1.5625 percent,0.0 percent,11000000000000000000000000000001,10000000000000000000100000001001,11000000000000000000000000000001,1.0,1.0,01111000000000000000000000000000,Unknown : 0.0 percent [PASSED],"Average misfire counts for last ten driving cycles : 0.0 count [PASSED]
Misfire counts for last/current driving cycles : 0.0 count [PASSED]","Average misfire counts for last ten driving cycles : 0.0 count [PASSED]
Misfire counts for last/current driving cycles : 0.0 count [PASSED]","Average misfire counts for last ten driving cycles : 0.0 count [PASSED]
Misfire counts for last/current driving cycles : 0.0 count [PASSED]","Average misfire counts for last ten driving cycles : 0.0 count [PASSED]
Misfire counts for last/current driving cycles : 0.0 count [PASSED]","Unknown : 0.0 count [PASSED]
Unknown : 0.0 count [PASSED]
Unknown : 0.0 ratio [PASSED]
Unknown : 0.0 millisecond [PASSED]","Rich to lean sensor switch time : 0.0 millisecond [PASSED]
Unknown : 0.0 millivolt [PASSED]
Unknown : 0.0 millivolt [PASSED]",Unknown : -40.0 degree_Celsius [PASSED],Unknown : 0.0 ohm [PASSED],Unknown : 0.0 count [PASSED],"Unknown : 0.0 degree [PASSED]
Unknown : 0.0 degree [PASSED]
Unknown : 0.0 degree [PASSED]
Unknown : 0.0 degree [PASSED]",0.155 volt,-0.16015625 milliampere,"((), (False, False, False, False), (False, False, True, True))",India OBD II (IOBD II),0101010001000000000000000000000000000000,10111110001111101010100000010011,10000000000001111011000000010001,11111110110100001000010000000001,3.1372549019607843 percent,928.5 revolutions_per_minute,478.0 second,0.0 percent,23.0 kilometer_per_hour,<obd.OBDResponse.Status object at 0x7f6f83de6f80>,<obd.OBDResponse.Status object at 0x7f6f820eab60>,4.313725490196078 percent,13.72549019607843 percent,13.72549019607843 percent,-1.0 degree,bytearray(b'MEXKRDPA7NG020286'),0.0 count,2025-04-28 14:52:45,2025-04-28 14:52:51,2025-04-28 14:52:45,Signal Acquired,15.327011,73.933756,-1.11,0.73,9.01,-0.0,-0.07,-0.03,NO
,,,,,,,,,,,,,,,,,,,,,,,,,,,,,,,,,,,,,,,,,,,,,,,,,,,,,,,,,,,,,,,,,,,,,,,,,,,,,,,,,,,,,,,,,,,,,,,,,,,,,,,,,2025-04-28 14:52:45,Signal Acquired,15.327011,73.933756,-0.11,-0.49,9.12,-0.03,-0.1,-0.02,NO
,,,,,,,,,,,,,,,,,,,,,,,,,,,,,,,,,,,,,,,,,,,,,,,,,,,,,,,,,,,,,,,,,,,,,,,,,,,,,,,,,,,,,,,,,,,,,,,,,,,,,,,,,2025-04-28 14:52:45,Signal Acquired,15.327087,73.933836,3.21,2.05,9.24,0.46,-0.28,0.06,NO
28.627450980392158 percent,14.901960784313726 percent,15.294117647058824 percent,34 degree_Celsius,100 kilopascal,bytearray(b'5E018DD3844BEA'),575.6 degree_Celsius,,,,,,0.0 kilometer,0.0 kilometer,,,,,,,,,,,,,,,,,,,,,,,,,,,,,,,,,,,,,,,ELM327 v1.5,12.8 volt,24.705882352941178 percent,8.627450980392156 percent,91.76470588235294 percent,"('Closed loop, using oxygen sensor feedback to determine fuel mix', '')",Gasoline,[],[],51 kilopascal,53 degree_Celsius,1.5625 percent,0.0 percent,11000000000000000000000000000001,10000000000000000000100000001001,11000000000000000000000000000001,1.0,1.0,01111000000000000000000000000000,Unknown : 0.0 percent [PASSED],"Average misfire counts for last ten driving cycles : 0.0 count [PASSED]
Misfire counts for last/current driving cycles : 0.0 count [PASSED]","Average misfire counts for last ten driving cycles : 0.0 count [PASSED]
Misfire counts for last/current driving cycles : 0.0 count [PASSED]","Average misfire counts for last ten driving cycles : 0.0 count [PASSED]
Misfire counts for last/current driving cycles : 0.0 count [PASSED]","Average misfire counts for last ten driving cycles : 0.0 count [PASSED]
Misfire counts for last/current driving cycles : 0.0 count [PASSED]","Unknown : 0.0 count [PASSED]
Unknown : 0.0 count [PASSED]
Unknown : 0.0 ratio [PASSED]
Unknown : 0.0 millisecond [PASSED]","Rich to lean sensor switch time : 0.0 millisecond [PASSED]
Unknown : 0.0 millivolt [PASSED]
Unknown : 0.0 millivolt [PASSED]",Unknown : -40.0 degree_Celsius [PASSED],Unknown : 0.0 ohm [PASSED],Unknown : 0.0 count [PASSED],"Unknown : 0.0 degree [PASSED]
Unknown : 0.0 degree [PASSED]
Unknown : 0.0 degree [PASSED]
Unknown : 0.0 degree [PASSED]",0.74 volt,-0.00390625 milliampere,"((), (False, False, False, False), (False, False, True, True))",India OBD II (IOBD II),0101010001000000000000000000000000000000,10111110001111101010100000010011,10000000000001111011000000010001,11111110110100001000010000000001,16.470588235294116 percent,1506.0 revolutions_per_minute,484.0 second,-1.5625 percent,22.0 kilometer_per_hour,<obd.OBDResponse.Status object at 0x7f6f8210c8b0>,<obd.OBDResponse.Status object at 0x7f6f8210c970>,23.529411764705884 percent,28.627450980392158 percent,29.019607843137255 percent,9.5 degree,bytearray(b'MEXKRDPA7NG020286'),0.0 count,2025-04-28 14:52:52,2025-04-28 14:52:57,2025-04-28 14:52:52,Signal Acquired,15.327087,73.933836,3.08,0.39,9.08,-0.12,-0.14,0.02,NO
,,,,,,,,,,,,,,,,,,,,,,,,,,,,,,,,,,,,,,,,,,,,,,,,,,,,,,,,,,,,,,,,,,,,,,,,,,,,,,,,,,,,,,,,,,,,,,,,,,,,,,,,,2025-04-28 14:52:52,Signal Acquired,15.327087,73.933836,5.2,0.46,7.51,0.07,-0.06,0.02,NO
,,,,,,,,,,,,,,,,,,,,,,,,,,,,,,,,,,,,,,,,,,,,,,,,,,,,,,,,,,,,,,,,,,,,,,,,,,,,,,,,,,,,,,,,,,,,,,,,,,,,,,,,,2025-04-28 14:52:52,Signal Acquired,15.327087,73.933836,-1.39,1.14,9.4,-0.03,0.24,0.02,NO
51.372549019607845 percent,29.80392156862745 percent,14.901960784313726 percent,34 degree_Celsius,100 kilopascal,bytearray(b'5E018DD3844BEA'),561.7 degree_Celsius,,,,,,,0.0 kilometer,,,,,,,,,,,,,,,,,,,,,,,,,,,,,,,,,,,,,,,ELM327 v1.5,12.8 volt,37.64705882352941 percent,8.235294117647058 percent,91.76470588235294 percent,"('Closed loop, using oxygen sensor feedback to determine fuel mix', '')",Gasoline,[],[],44 kilopascal,52 degree_Celsius,1.5625 percent,0.0 percent,11000000000000000000000000000001,10000000000000000000100000001001,11000000000000000000000000000001,1.0,1.0,01111000000000000000000000000000,Unknown : 0.0 percent [PASSED],"Average misfire counts for last ten driving cycles : 0.0 count [PASSED]
Misfire counts for last/current driving cycles : 0.0 count [PASSED]","Average misfire counts for last ten driving cycles : 0.0 count [PASSED]
Misfire counts for last/current driving cycles : 0.0 count [PASSED]","Average misfire counts for last ten driving cycles : 0.0 count [PASSED]
Misfire counts for last/current driving cycles : 0.0 count [PASSED]","Average misfire counts for last ten driving cycles : 0.0 count [PASSED]
Misfire counts for last/current driving cycles : 0.0 count [PASSED]","Unknown : 0.0 count [PASSED]
Unknown : 0.0 count [PASSED]
Unknown : 0.0 ratio [PASSED]
Unknown : 0.0 millisecond [PASSED]","Rich to lean sensor switch time : 0.0 millisecond [PASSED]
Unknown : 0.0 millivolt [PASSED]
Unknown : 0.0 millivolt [PASSED]",Unknown : -40.0 degree_Celsius [PASSED],Unknown : 0.0 ohm [PASSED],Unknown : 0.0 count [PASSED],"Unknown : 0.0 degree [PASSED]
Unknown : 0.0 degree [PASSED]
Unknown : 0.0 degree [PASSED]
Unknown : 0.0 degree [PASSED]",0.715 volt,-0.0234375 milliampere,"((), (False, False, False, False), (False, False, True, True))",India OBD II (IOBD II),0101010001000000000000000000000000000000,10111110001111101010100000010011,10000000000001111011000000010001,11111110110100001000010000000001,3.5294117647058822 percent,917.0 revolutions_per_minute,491.0 second,-2.34375 percent,27.0 kilometer_per_hour,<obd.OBDResponse.Status object at 0x7f6f8210f0d0>,<obd.OBDResponse.Status object at 0x7f6f8210f340>,4.705882352941177 percent,14.117647058823529 percent,14.117647058823529 percent,-3.0 degree,bytearray(b'MEXKRDPA7NG020286'),0.0 count,2025-04-28 14:52:59,2025-04-28 14:53:04,2025-04-28 14:52:59,Signal Acquired,15.327087,73.933836,4.71,0.67,9.04,0.12,-0.24,-0.01,NO
,,,,,,,,,,,,,,,,,,,,,,,,,,,,,,,,,,,,,,,,,,,,,,,,,,,,,,,,,,,,,,,,,,,,,,,,,,,,,,,,,,,,,,,,,,,,,,,,,,,,,,,,,2025-04-28 14:52:59,Signal Acquired,15.327087,73.933836,3.08,1.21,9.15,-0.02,0.2,0.03,NO
,,,,,,,,,,,,,,,,,,,,,,,,,,,,,,,,,,,,,,,,,,,,,,,,,,,,,,,,,,,,,,,,,,,,,,,,,,,,,,,,,,,,,,,,,,,,,,,,,,,,,,,,,2025-04-28 14:52:59,Signal Acquired,15.327087,73.933836,-4.72,-0.62,10.1,-0.05,0.01,-0.01,NO
30.19607843137255 percent,14.901960784313726 percent,14.901960784313726 percent,34 degree_Celsius,100 kilopascal,bytearray(b'5E018DD3844BEA'),555.5 degree_Celsius,,,,,,,0.0 kilometer,,,,,,,,,,,,,,,,,,,,,,,,,,,,,,,,,,,,,,,ELM327 v1.5,12.7 volt,67.45098039215686 percent,79.2156862745098 percent,91.76470588235294 percent,"('Closed loop, using oxygen sensor feedback to determine fuel mix', '')",Gasoline,[],[],106 kilopascal,53 degree_Celsius,1.5625 percent,0.0 percent,11000000000000000000000000000001,10000000000000000000100000001001,11000000000000000000000000000001,1.0,1.0,01111000000000000000000000000000,Unknown : 0.0 percent [PASSED],"Average misfire counts for last ten driving cycles : 0.0 count [PASSED]
Misfire counts for last/current driving cycles : 0.0 count [PASSED]","Average misfire counts for last ten driving cycles : 0.0 count [PASSED]
Misfire counts for last/current driving cycles : 0.0 count [PASSED]","Average misfire counts for last ten driving cycles : 0.0 count [PASSED]
Misfire counts for last/current driving cycles : 1.0 count [PASSED]","Average misfire counts for last ten driving cycles : 0.0 count [PASSED]
Misfire counts for last/current driving cycles : 0.0 count [PASSED]","Unknown : 0.0 count [PASSED]
Unknown : 0.0 count [PASSED]
Unknown : 0.0 ratio [PASSED]
Unknown : 0.0 millisecond [PASSED]","Rich to lean sensor switch time : 0.0 millisecond [PASSED]
Unknown : 0.0 millivolt [PASSED]
Unknown : 0.0 millivolt [PASSED]",Unknown : -40.0 degree_Celsius [PASSED],Unknown : 0.0 ohm [PASSED],Unknown : 0.0 count [PASSED],"Unknown : 0.0 degree [PASSED]
Unknown : 0.0 degree [PASSED]
Unknown : 0.0 degree [PASSED]
Unknown : 0.0 degree [PASSED]",0.73 volt,-0.00390625 milliampere,"((), (False, False, False, False), (False, False, True, True))",India OBD II (IOBD II),0101010001000000000000000000000000000000,10111110001111101010100000010011,10000000000001111011000000010001,11111110110100001000010000000001,67.05882352941177 percent,1399.5 revolutions_per_minute,498.0 second,5.46875 percent,31.0 kilometer_per_hour,<obd.OBDResponse.Status object at 0x7f6f82152470>,<obd.OBDResponse.Status object at 0x7f6f82152530>,76.47058823529412 percent,69.80392156862744 percent,70.19607843137256 percent,0.0 degree,bytearray(b'MEXKRDPA7NG020286'),0.0 count,2025-04-28 14:53:06,2025-04-28 14:53:11,2025-04-28 14:53:06,Signal Acquired,15.327087,73.933836,5.89,1.1,7.87,0.0,0.01,0.0,NO
,,,,,,,,,,,,,,,,,,,,,,,,,,,,,,,,,,,,,,,,,,,,,,,,,,,,,,,,,,,,,,,,,,,,,,,,,,,,,,,,,,,,,,,,,,,,,,,,,,,,,,,,,2025-04-28 14:53:06,Signal Acquired,15.327087,73.933836,-0.53,1.58,8.2,-0.18,0.43,-0.03,NO
,,,,,,,,,,,,,,,,,,,,,,,,,,,,,,,,,,,,,,,,,,,,,,,,,,,,,,,,,,,,,,,,,,,,,,,,,,,,,,,,,,,,,,,,,,,,,,,,,,,,,,,,,2025-04-28 14:53:06,Signal Acquired,15.327087,73.933836,-3.61,1.28,9.66,-0.18,0.19,0.02,NO
32.15686274509804 percent,26.666666666666668 percent,26.666666666666668 percent,34 degree_Celsius,100 kilopascal,bytearray(b'5E018DD3844BEA'),554.4 degree_Celsius,,,,,,,0.0 kilometer,,,,,,,,,,,,,,,,,,,,,,,,,,,,,,,,,,,,,,,ELM327 v1.5,12.8 volt,70.19607843137256 percent,87.45098039215686 percent,91.76470588235294 percent,"('Closed loop, using oxygen sensor feedback to determine fuel mix', '')",Gasoline,[],[],126 kilopascal,52 degree_Celsius,2.34375 percent,0.0 percent,11000000000000000000000000000001,10000000000000000000100000001001,11000000000000000000000000000001,1.0,1.0,01111000000000000000000000000000,Unknown : 0.0 percent [PASSED],"Average misfire counts for last ten driving cycles : 0.0 count [PASSED]
Misfire counts for last/current driving cycles : 0.0 count [PASSED]","Average misfire counts for last ten driving cycles : 0.0 count [PASSED]
Misfire counts for last/current driving cycles : 0.0 count [PASSED]","Average misfire counts for last ten driving cycles : 0.0 count [PASSED]
Misfire counts for last/current driving cycles : 0.0 count [PASSED]","Average misfire counts for last ten driving cycles : 0.0 count [PASSED]
Misfire counts for last/current driving cycles : 0.0 count [PASSED]","Unknown : 0.0 count [PASSED]
Unknown : 0.0 count [PASSED]
Unknown : 0.0 ratio [PASSED]
Unknown : 0.0 millisecond [PASSED]","Rich to lean sensor switch time : 0.0 millisecond [PASSED]
Unknown : 0.0 millivolt [PASSED]
Unknown : 0.0 millivolt [PASSED]",Unknown : -40.0 degree_Celsius [PASSED],Unknown : 0.0 ohm [PASSED],Unknown : 0.0 count [PASSED],"Unknown : 0.0 degree [PASSED]
Unknown : 0.0 degree [PASSED]
Unknown : 0.0 degree [PASSED]
Unknown : 0.0 degree [PASSED]",0.725 volt,-0.015625 milliampere,"((), (False, False, False, False), (False, False, True, True))",India OBD II (IOBD II),0101010001000000000000000000000000000000,10111110001111101010100000010011,10000000000001111011000000010001,11111110110100001000010000000001,77.25490196078431 percent,1554.0 revolutions_per_minute,505.0 second,0.0 percent,46.0 kilometer_per_hour,<obd.OBDResponse.Status object at 0x7f6f8216b1c0>,<obd.OBDResponse.Status object at 0x7f6f8216b280>,99.6078431372549 percent,87.45098039215686 percent,88.23529411764706 percent,-7.5 degree,bytearray(b'MEXKRDPA7NG020286'),0.0 count,2025-04-28 14:53:13,2025-04-28 14:53:19,2025-04-28 14:53:13,Signal Acquired,15.327087,73.933836,-1.47,0.7,9.17,-0.07,0.02,0.01,NO
,,,,,,,,,,,,,,,,,,,,,,,,,,,,,,,,,,,,,,,,,,,,,,,,,,,,,,,,,,,,,,,,,,,,,,,,,,,,,,,,,,,,,,,,,,,,,,,,,,,,,,,,,2025-04-28 14:53:13,Signal Acquired,15.327087,73.933836,0.39,0.22,8.37,-0.02,-0.07,-0.01,NO
,,,,,,,,,,,,,,,,,,,,,,,,,,,,,,,,,,,,,,,,,,,,,,,,,,,,,,,,,,,,,,,,,,,,,,,,,,,,,,,,,,,,,,,,,,,,,,,,,,,,,,,,,2025-04-28 14:53:13,Signal Acquired,15.327087,73.933836,-3.69,0.2,9.94,-0.06,0.1,0.04,NO
77.6470588235294 percent,37.64705882352941 percent,38.03921568627451 percent,34 degree_Celsius,100 kilopascal,bytearray(b'5E018DD3844BEA'),581.8000000000001 degree_Celsius,,,,,,0.0 kilometer,0.0 kilometer,,,,,,,,,,,,,,,,,,,,,,,,,,,,,,,,,,,,,,,ELM327 v1.5,12.7 volt,58.03921568627451 percent,89.01960784313725 percent,91.76470588235294 percent,"('Closed loop, using oxygen sensor feedback to determine fuel mix', '')",Gasoline,[],[],111 kilopascal,52 degree_Celsius,2.34375 percent,0.0 percent,11000000000000000000000000000001,10000000000000000000100000001001,11000000000000000000000000000001,1.0,1.0,01111000000000000000000000000000,Unknown : 0.0 percent [PASSED],"Average misfire counts for last ten driving cycles : 0.0 count [PASSED]
Misfire counts for last/current driving cycles : 0.0 count [PASSED]","Average misfire counts for last ten driving cycles : 0.0 count [PASSED]
Misfire counts for last/current driving cycles : 0.0 count [PASSED]","Average misfire counts for last ten driving cycles : 0.0 count [PASSED]
Misfire counts for last/current driving cycles : 0.0 count [PASSED]","Average misfire counts for last ten driving cycles : 0.0 count [PASSED]
Misfire counts for last/current driving cycles : 0.0 count [PASSED]","Unknown : 0.0 count [PASSED]
Unknown : 0.0 count [PASSED]
Unknown : 0.0 ratio [PASSED]
Unknown : 0.0 millisecond [PASSED]","Rich to lean sensor switch time : 0.0 millisecond [PASSED]
Unknown : 0.0 millivolt [PASSED]
Unknown : 0.0 millivolt [PASSED]",Unknown : -40.0 degree_Celsius [PASSED],Unknown : 0.0 ohm [PASSED],Unknown : 0.0 count [PASSED],"Unknown : 0.0 degree [PASSED]
Unknown : 0.0 degree [PASSED]
Unknown : 0.0 degree [PASSED]
Unknown : 0.0 degree [PASSED]",0.695 volt,-0.03125 milliampere,"((), (False, False, False, False), (False, False, True, True))",India OBD II (IOBD II),0101010001000000000000000000000000000000,10111110001111101010100000010011,10000000000001111011000000010001,11111110110100001000010000000001,69.41176470588235 percent,1509.0 revolutions_per_minute,513.0 second,4.6875 percent,56.0 kilometer_per_hour,<obd.OBDResponse.Status object at 0x7f6f81f85ae0>,<obd.OBDResponse.Status object at 0x7f6f81f85ba0>,13.72549019607843 percent,25.49019607843137 percent,21.568627450980394 percent,4.5 degree,bytearray(b'MEXKRDPA7NG020286'),0.0 count,2025-04-28 14:53:20,2025-04-28 14:53:26,2025-04-28 14:53:20,Signal Acquired,15.327087,73.933836,2.27,0.02,8.42,-0.01,-0.05,0.03,NO
,,,,,,,,,,,,,,,,,,,,,,,,,,,,,,,,,,,,,,,,,,,,,,,,,,,,,,,,,,,,,,,,,,,,,,,,,,,,,,,,,,,,,,,,,,,,,,,,,,,,,,,,,2025-04-28 14:53:20,Signal Acquired,15.327087,73.933836,-4.24,-1.01,10.24,-0.2,0.07,0.12,NO
,,,,,,,,,,,,,,,,,,,,,,,,,,,,,,,,,,,,,,,,,,,,,,,,,,,,,,,,,,,,,,,,,,,,,,,,,,,,,,,,,,,,,,,,,,,,,,,,,,,,,,,,,2025-04-28 14:53:20,Signal Acquired,15.327087,73.933836,1.81,0.82,7.87,-0.15,0.13,0.08,NO
22.352941176470587 percent,21.176470588235293 percent,21.176470588235293 percent,34 degree_Celsius,100 kilopascal,bytearray(b'5E018DD3844BEA'),592.9000000000001 degree_Celsius,,,,,,0.0 kilometer,0.0 kilometer,,,,,,,,,,,,,,,,,,,,,,,,,,,,,,,,,,,,,,,ELM327 v1.5,12.8 volt,48.627450980392155 percent,92.94117647058823 percent,91.76470588235294 percent,"('Closed loop, using oxygen sensor feedback to determine fuel mix', '')",Gasoline,[],[],108 kilopascal,53 degree_Celsius,2.34375 percent,0.0 percent,11000000000000000000000000000001,10000000000000000000100000001001,11000000000000000000000000000001,1.0,1.0,01111000000000000000000000000000,Unknown : 0.0 percent [PASSED],"Average misfire counts for last ten driving cycles : 0.0 count [PASSED]
Misfire counts for last/current driving cycles : 0.0 count [PASSED]","Average misfire counts for last ten driving cycles : 0.0 count [PASSED]
Misfire counts for last/current driving cycles : 0.0 count [PASSED]","Average misfire counts for last ten driving cycles : 0.0 count [PASSED]
Misfire counts for last/current driving cycles : 0.0 count [PASSED]","Average misfire counts for last ten driving cycles : 0.0 count [PASSED]
Misfire counts for last/current driving cycles : 0.0 count [PASSED]","Unknown : 0.0 count [PASSED]
Unknown : 0.0 count [PASSED]
Unknown : 0.0 ratio [PASSED]
Unknown : 0.0 millisecond [PASSED]","Rich to lean sensor switch time : 0.0 millisecond [PASSED]
Unknown : 0.0 millivolt [PASSED]
Unknown : 0.0 millivolt [PASSED]",Unknown : -40.0 degree_Celsius [PASSED],Unknown : 0.0 ohm [PASSED],Unknown : 0.0 count [PASSED],"Unknown : 0.0 degree [PASSED]
Unknown : 0.0 degree [PASSED]
Unknown : 0.0 degree [PASSED]
Unknown : 0.0 degree [PASSED]",0.715 volt,-0.08203125 milliampere,"((), (False, False, False, False), (False, False, True, True))",India OBD II (IOBD II),0101010001000000000000000000000000000000,10111110001111101010100000010011,10000000000001111011000000010001,11111110110100001000010000000001,77.25490196078431 percent,1565.5 revolutions_per_minute,520.0 second,-0.78125 percent,58.0 kilometer_per_hour,<obd.OBDResponse.Status object at 0x7f6f81faf5b0>,<obd.OBDResponse.Status object at 0x7f6f81faf670>,99.6078431372549 percent,87.45098039215686 percent,88.23529411764706 percent,-5.5 degree,bytearray(b'MEXKRDPA7NG020286'),0.0 count,2025-04-28 14:53:28,2025-04-28 14:53:33,2025-04-28 14:53:27,Signal Acquired,15.327087,73.933836,0.41,-0.84,8.12,-0.1,0.04,0.07,NO
,,,,,,,,,,,,,,,,,,,,,,,,,,,,,,,,,,,,,,,,,,,,,,,,,,,,,,,,,,,,,,,,,,,,,,,,,,,,,,,,,,,,,,,,,,,,,,,,,,,,,,,,,2025-04-28 14:53:27,Signal Acquired,15.327087,73.933836,-4.24,-2.94,10.15,0.12,-0.13,0.23,NO
,,,,,,,,,,,,,,,,,,,,,,,,,,,,,,,,,,,,,,,,,,,,,,,,,,,,,,,,,,,,,,,,,,,,,,,,,,,,,,,,,,,,,,,,,,,,,,,,,,,,,,,,,2025-04-28 14:53:28,Signal Acquired,15.327538,73.934356,0.75,0.58,9.11,0.19,0.09,0.08,NO
43.13725490196078 percent,23.137254901960784 percent,23.137254901960784 percent,34 degree_Celsius,100 kilopascal,bytearray(b'5E018DD3844BEA'),607.9000000000001 degree_Celsius,,,,,,,0.0 kilometer,,,,,,,,,,,,,,,,,,,,,,,,,,,,,,,,,,,,,,,ELM327 v1.5,12.7 volt,32.94117647058823 percent,3.9215686274509802 percent,91.76470588235294 percent,"('Closed loop, using oxygen sensor feedback to determine fuel mix', '')",Gasoline,[],[],71 kilopascal,52 degree_Celsius,1.5625 percent,0.0 percent,11000000000000000000000000000001,10000000000000000000100000001001,11000000000000000000000000000001,1.0,1.0,01111000000000000000000000000000,Unknown : 0.0 percent [PASSED],"Average misfire counts for last ten driving cycles : 0.0 count [PASSED]
Misfire counts for last/current driving cycles : 0.0 count [PASSED]","Average misfire counts for last ten driving cycles : 0.0 count [PASSED]
Misfire counts for last/current driving cycles : 0.0 count [PASSED]","Average misfire counts for last ten driving cycles : 0.0 count [PASSED]
Misfire counts for last/current driving cycles : 0.0 count [PASSED]","Average misfire counts for last ten driving cycles : 0.0 count [PASSED]
Misfire counts for last/current driving cycles : 0.0 count [PASSED]","Unknown : 0.0 count [PASSED]
Unknown : 0.0 count [PASSED]
Unknown : 0.0 ratio [PASSED]
Unknown : 0.0 millisecond [PASSED]","Rich to lean sensor switch time : 0.0 millisecond [PASSED]
Unknown : 0.0 millivolt [PASSED]
Unknown : 0.0 millivolt [PASSED]",Unknown : -40.0 degree_Celsius [PASSED],Unknown : 0.0 ohm [PASSED],Unknown : 0.0 count [PASSED],"Unknown : 0.0 degree [PASSED]
Unknown : 0.0 degree [PASSED]
Unknown : 0.0 degree [PASSED]
Unknown : 0.0 degree [PASSED]",0.695 volt,-0.00390625 milliampere,"((), (False, False, False, False), (False, False, True, True))",India OBD II (IOBD II),0101010001000000000000000000000000000000,10111110001111101010100000010011,10000000000001111011000000010001,11111110110100001000010000000001,7.450980392156863 percent,1354.0 revolutions_per_minute,527.0 second,-3.125 percent,62.0 kilometer_per_hour,<obd.OBDResponse.Status object at 0x7f6f820b5b10>,<obd.OBDResponse.Status object at 0x7f6f820b5bd0>,9.411764705882353 percent,17.647058823529413 percent,17.647058823529413 percent,15.5 degree,bytearray(b'MEXKRDPA7NG020286'),0.0 count,2025-04-28 14:53:35,2025-04-28 14:53:40,2025-04-28 14:53:35,Signal Acquired,15.327538,73.934356,-0.42,1.67,9.86,-0.02,-0.08,0.07,NO
,,,,,,,,,,,,,,,,,,,,,,,,,,,,,,,,,,,,,,,,,,,,,,,,,,,,,,,,,,,,,,,,,,,,,,,,,,,,,,,,,,,,,,,,,,,,,,,,,,,,,,,,,2025-04-28 14:53:35,Signal Acquired,15.327538,73.934356,-0.15,0.49,9.2,-0.09,0.03,0.07,NO
,,,,,,,,,,,,,,,,,,,,,,,,,,,,,,,,,,,,,,,,,,,,,,,,,,,,,,,,,,,,,,,,,,,,,,,,,,,,,,,,,,,,,,,,,,,,,,,,,,,,,,,,,2025-04-28 14:53:35,Signal Acquired,15.327538,73.934356,-0.01,1.0,8.66,-0.07,0.09,0.07,NO
22.352941176470587 percent,16.07843137254902 percent,16.470588235294116 percent,34 degree_Celsius,100 kilopascal,bytearray(b'5E018DD3844BEA'),596.0 degree_Celsius,,,,,,0.0 kilometer,0.0 kilometer,,,,,,,,,,,,,,,,,,,,,,,,,,,,,,,,,,,,,,,ELM327 v1.5,12.6 volt,0.0 percent,0.0 percent,91.76470588235294 percent,"('Open loop due to engine load OR fuel cut due to deceleration', '')",Gasoline,[],[],29 kilopascal,53 degree_Celsius,0.78125 percent,0.0 percent,11000000000000000000000000000001,10000000000000000000100000001001,11000000000000000000000000000001,1.0,1.0,01111000000000000000000000000000,Unknown : 0.0 percent [PASSED],"Average misfire counts for last ten driving cycles : 0.0 count [PASSED]
Misfire counts for last/current driving cycles : 0.0 count [PASSED]","Average misfire counts for last ten driving cycles : 0.0 count [PASSED]
Misfire counts for last/current driving cycles : 0.0 count [PASSED]","Average misfire counts for last ten driving cycles : 0.0 count [PASSED]
Misfire counts for last/current driving cycles : 0.0 count [PASSED]","Average misfire counts for last ten driving cycles : 0.0 count [PASSED]
Misfire counts for last/current driving cycles : 0.0 count [PASSED]","Unknown : 0.0 count [PASSED]
Unknown : 0.0 count [PASSED]
Unknown : 0.0 ratio [PASSED]
Unknown : 0.0 millisecond [PASSED]","Rich to lean sensor switch time : 0.0 millisecond [PASSED]
Unknown : 0.0 millivolt [PASSED]
Unknown : 0.0 millivolt [PASSED]",Unknown : -40.0 degree_Celsius [PASSED],Unknown : 0.0 ohm [PASSED],Unknown : 0.0 count [PASSED],"Unknown : 0.0 degree [PASSED]
Unknown : 0.0 degree [PASSED]
Unknown : 0.0 degree [PASSED]
Unknown : 0.0 degree [PASSED]",0.02 volt,0.11328125 milliampere,"((), (False, False, False, False), (False, False, True, True))",India OBD II (IOBD II),0101010001000000000000000000000000000000,10111110001111101010100000010011,10000000000001111011000000010001,11111110110100001000010000000001,3.1372549019607843 percent,1409.0 revolutions_per_minute,534.0 second,0.0 percent,53.0 kilometer_per_hour,<obd.OBDResponse.Status object at 0x7f6f81fef8b0>,<obd.OBDResponse.Status object at 0x7f6f81fef970>,3.9215686274509802 percent,13.333333333333334 percent,13.72549019607843 percent,-6.0 degree,bytearray(b'MEXKRDPA7NG020286'),0.0 count,2025-04-28 14:53:42,2025-04-28 14:53:47,2025-04-28 14:53:42,Signal Acquired,15.327538,73.934356,0.53,0.86,8.92,-0.01,0.03,0.09,NO
,,,,,,,,,,,,,,,,,,,,,,,,,,,,,,,,,,,,,,,,,,,,,,,,,,,,,,,,,,,,,,,,,,,,,,,,,,,,,,,,,,,,,,,,,,,,,,,,,,,,,,,,,2025-04-28 14:53:42,Signal Acquired,15.327538,73.934356,0.13,0.6,9.03,-0.05,0.07,0.07,NO
,,,,,,,,,,,,,,,,,,,,,,,,,,,,,,,,,,,,,,,,,,,,,,,,,,,,,,,,,,,,,,,,,,,,,,,,,,,,,,,,,,,,,,,,,,,,,,,,,,,,,,,,,2025-04-28 14:53:42,Signal Acquired,15.327538,73.934356,1.05,1.29,8.67,-0.04,0.04,0.04,NO
16.470588235294116 percent,14.901960784313726 percent,14.901960784313726 percent,34 degree_Celsius,100 kilopascal,bytearray(b'5E018DD3844BEA'),581.8000000000001 degree_Celsius,,,,,,0.0 kilometer,0.0 kilometer,,,,,,,,,,,,,,,,,,,,,,,,,,,,,,,,,,,,,,,ELM327 v1.5,12.4 volt,0.0 percent,0.0 percent,91.76470588235294 percent,"('Open loop due to engine load OR fuel cut due to deceleration', '')",Gasoline,[],[],30 kilopascal,54 degree_Celsius,1.5625 percent,0.0 percent,11000000000000000000000000000001,10000000000000000000100000001001,11000000000000000000000000000001,1.0,1.0,01111000000000000000000000000000,Unknown : 0.0 percent [PASSED],"Average misfire counts for last ten driving cycles : 0.0 count [PASSED]
Misfire counts for last/current driving cycles : 0.0 count [PASSED]","Average misfire counts for last ten driving cycles : 0.0 count [PASSED]
Misfire counts for last/current driving cycles : 0.0 count [PASSED]","Average misfire counts for last ten driving cycles : 0.0 count [PASSED]
Misfire counts for last/current driving cycles : 0.0 count [PASSED]","Average misfire counts for last ten driving cycles : 0.0 count [PASSED]
Misfire counts for last/current driving cycles : 0.0 count [PASSED]","Unknown : 0.0 count [PASSED]
Unknown : 0.0 count [PASSED]
Unknown : 0.0 ratio [PASSED]
Unknown : 0.0 millisecond [PASSED]","Rich to lean sensor switch time : 0.0 millisecond [PASSED]
Unknown : 0.0 millivolt [PASSED]
Unknown : 0.0 millivolt [PASSED]",Unknown : -40.0 degree_Celsius [PASSED],Unknown : 0.0 ohm [PASSED],Unknown : 0.0 count [PASSED],"Unknown : 0.0 degree [PASSED]
Unknown : 0.0 degree [PASSED]
Unknown : 0.0 degree [PASSED]
Unknown : 0.0 degree [PASSED]",0.015 volt,0.578125 milliampere,"((), (False, False, False, False), (False, False, True, True))",India OBD II (IOBD II),0101010001000000000000000000000000000000,10111110001111101010100000010011,10000000000001111011000000010001,11111110110100001000010000000001,2.7450980392156863 percent,951.0 revolutions_per_minute,541.0 second,0.0 percent,27.0 kilometer_per_hour,<obd.OBDResponse.Status object at 0x7f6f82009f00>,<obd.OBDResponse.Status object at 0x7f6f82009fc0>,3.9215686274509802 percent,13.333333333333334 percent,13.333333333333334 percent,3.0 degree,bytearray(b'MEXKRDPA7NG020286'),0.0 count,2025-04-28 14:53:49,2025-04-28 14:53:55,2025-04-28 14:53:49,Signal Acquired,15.327538,73.934356,-0.51,1.13,9.15,-0.03,0.03,0.04,NO
,,,,,,,,,,,,,,,,,,,,,,,,,,,,,,,,,,,,,,,,,,,,,,,,,,,,,,,,,,,,,,,,,,,,,,,,,,,,,,,,,,,,,,,,,,,,,,,,,,,,,,,,,2025-04-28 14:53:49,Signal Acquired,15.327538,73.934356,0.29,0.96,8.86,-0.05,0.05,0.03,NO
,,,,,,,,,,,,,,,,,,,,,,,,,,,,,,,,,,,,,,,,,,,,,,,,,,,,,,,,,,,,,,,,,,,,,,,,,,,,,,,,,,,,,,,,,,,,,,,,,,,,,,,,,2025-04-28 14:53:49,Signal Acquired,15.327538,73.934356,2.42,1.84,8.56,0.03,-0.06,0.05,NO
25.88235294117647 percent,16.07843137254902 percent,16.07843137254902 percent,34 degree_Celsius,100 kilopascal,bytearray(b'5E018DD3844BEA'),567.8000000000001 degree_Celsius,,,,,,,,,,,,,,,,,,,,,,,,,,,,,,,,,,,,,,,,,,,,,,ELM327 v1.5,12.5 volt,17.254901960784313 percent,18.823529411764707 percent,91.76470588235294 percent,"('Closed loop, using oxygen sensor feedback to determine fuel mix', '')",Gasoline,[],[],39 kilopascal,53 degree_Celsius,1.5625 percent,0.0 percent,11000000000000000000000000000001,10000000000000000000100000001001,11000000000000000000000000000001,1.0,1.0,01111000000000000000000000000000,Unknown : 0.0 percent [PASSED],"Average misfire counts for last ten driving cycles : 0.0 count [PASSED]
Misfire counts for last/current driving cycles : 0.0 count [PASSED]","Average misfire counts for last ten driving cycles : 0.0 count [PASSED]
Misfire counts for last/current driving cycles : 0.0 count [PASSED]","Average misfire counts for last ten driving cycles : 0.0 count [PASSED]
Misfire counts for last/current driving cycles : 1.0 count [PASSED]","Average misfire counts for last ten driving cycles : 0.0 count [PASSED]
Misfire counts for last/current driving cycles : 0.0 count [PASSED]","Unknown : 0.0 count [PASSED]
Unknown : 0.0 count [PASSED]
Unknown : 0.0 ratio [PASSED]
Unknown : 0.0 millisecond [PASSED]","Rich to lean sensor switch time : 0.0 millisecond [PASSED]
Unknown : 0.0 millivolt [PASSED]
Unknown : 0.0 millivolt [PASSED]",Unknown : -40.0 degree_Celsius [PASSED],Unknown : 0.0 ohm [PASSED],Unknown : 0.0 count [PASSED],"Unknown : 0.0 degree [PASSED]
Unknown : 0.0 degree [PASSED]
Unknown : 0.0 degree [PASSED]
Unknown : 0.0 degree [PASSED]",0.83 volt,-0.0546875 milliampere,"((), (False, False, False, False), (False, False, True, True))",India OBD II (IOBD II),0101010001000000000000000000000000000000,10111110001111101010100000010011,10000000000001111011000000010001,11111110110100001000010000000001,53.333333333333336 percent,1599.0 revolutions_per_minute,549.0 second,0.78125 percent,23.0 kilometer_per_hour,<obd.OBDResponse.Status object at 0x7f6f82027eb0>,<obd.OBDResponse.Status object at 0x7f6f82027f70>,72.15686274509804 percent,66.27450980392157 percent,67.05882352941177 percent,0.5 degree,bytearray(b'MEXKRDPA7NG020286'),0.0 count,2025-04-28 14:53:56,2025-04-28 14:54:02,2025-04-28 14:53:56,Signal Acquired,15.327538,73.934356,1.78,3.11,8.55,-0.01,0.03,0.08,NO
,,,,,,,,,,,,,,,,,,,,,,,,,,,,,,,,,,,,,,,,,,,,,,,,,,,,,,,,,,,,,,,,,,,,,,,,,,,,,,,,,,,,,,,,,,,,,,,,,,,,,,,,,2025-04-28 14:53:56,Signal Acquired,15.327538,73.934356,1.89,1.61,8.35,-0.08,0.01,0.15,NO
,,,,,,,,,,,,,,,,,,,,,,,,,,,,,,,,,,,,,,,,,,,,,,,,,,,,,,,,,,,,,,,,,,,,,,,,,,,,,,,,,,,,,,,,,,,,,,,,,,,,,,,,,2025-04-28 14:53:56,Signal Acquired,15.327538,73.934356,-5.12,0.64,10.27,-0.08,-0.02,0.27,NO
19.215686274509803 percent,18.03921568627451 percent,18.431372549019606 percent,34 degree_Celsius,100 kilopascal,bytearray(b'5E018DD3844BEA'),556.6 degree_Celsius,,,,,,,0.0 kilometer,,,,,,,,,,,,,,,,,,,,,,,,,,,,,,,,,,,,,,,ELM327 v1.5,12.5 volt,21.568627450980394 percent,12.549019607843137 percent,91.76470588235294 percent,"('Closed loop, using oxygen sensor feedback to determine fuel mix', '')",Gasoline,[],[],33 kilopascal,53 degree_Celsius,1.5625 percent,0.0 percent,11000000000000000000000000000001,10000000000000000000100000001001,11000000000000000000000000000001,1.0,1.0,01111000000000000000000000000000,Unknown : 0.0 percent [PASSED],"Average misfire counts for last ten driving cycles : 0.0 count [PASSED]
Misfire counts for last/current driving cycles : 0.0 count [PASSED]","Average misfire counts for last ten driving cycles : 0.0 count [PASSED]
Misfire counts for last/current driving cycles : 0.0 count [PASSED]","Average misfire counts for last ten driving cycles : 0.0 count [PASSED]
Misfire counts for last/current driving cycles : 0.0 count [PASSED]","Average misfire counts for last ten driving cycles : 0.0 count [PASSED]
Misfire counts for last/current driving cycles : 0.0 count [PASSED]","Unknown : 0.0 count [PASSED]
Unknown : 0.0 count [PASSED]
Unknown : 0.0 ratio [PASSED]
Unknown : 0.0 millisecond [PASSED]","Rich to lean sensor switch time : 0.0 millisecond [PASSED]
Unknown : 0.0 millivolt [PASSED]
Unknown : 0.0 millivolt [PASSED]",Unknown : -40.0 degree_Celsius [PASSED],Unknown : 0.0 ohm [PASSED],Unknown : 0.0 count [PASSED],"Unknown : 0.0 degree [PASSED]
Unknown : 0.0 degree [PASSED]
Unknown : 0.0 degree [PASSED]
Unknown : 0.0 degree [PASSED]",0.735 volt,-0.03515625 milliampere,"((), (False, False, False, False), (False, False, True, True))",India OBD II (IOBD II),0101010001000000000000000000000000000000,10111110001111101010100000010011,10000000000001111011000000010001,11111110110100001000010000000001,12.156862745098039 percent,1111.5 revolutions_per_minute,556.0 second,-3.90625 percent,24.0 kilometer_per_hour,<obd.OBDResponse.Status object at 0x7f6f8203e0b0>,<obd.OBDResponse.Status object at 0x7f6f8203e170>,18.03921568627451 percent,24.313725490196077 percent,24.705882352941178 percent,6.0 degree,bytearray(b'MEXKRDPA7NG020286'),0.0 count,2025-04-28 14:54:04,2025-04-28 14:54:09,2025-04-28 14:54:04,Signal Acquired,15.327538,73.934356,0.98,2.58,8.41,-0.02,0.08,0.28,NO
,,,,,,,,,,,,,,,,,,,,,,,,,,,,,,,,,,,,,,,,,,,,,,,,,,,,,,,,,,,,,,,,,,,,,,,,,,,,,,,,,,,,,,,,,,,,,,,,,,,,,,,,,2025-04-28 14:54:04,Signal Acquired,15.327538,73.934356,-0.52,1.58,8.78,-0.08,0.11,0.36,NO
,,,,,,,,,,,,,,,,,,,,,,,,,,,,,,,,,,,,,,,,,,,,,,,,,,,,,,,,,,,,,,,,,,,,,,,,,,,,,,,,,,,,,,,,,,,,,,,,,,,,,,,,,2025-04-28 14:54:04,Signal Acquired,15.327538,73.934356,0.22,2.56,8.36,-0.04,0.14,0.41,NO
32.549019607843135 percent,23.92156862745098 percent,23.92156862745098 percent,34 degree_Celsius,100 kilopascal,bytearray(b'5E018DD3844BEA'),550.2 degree_Celsius,,,,,,,0.0 kilometer,,,,,,,,,,,,,,,,,,,,,,,,,,,,,,,,,,,,,,,ELM327 v1.5,12.5 volt,58.03921568627451 percent,84.31372549019608 percent,91.76470588235294 percent,"('Closed loop, using oxygen sensor feedback to determine fuel mix', '')",Gasoline,[],[],109 kilopascal,53 degree_Celsius,1.5625 percent,0.0 percent,11000000000000000000000000000001,10000000000000000000100000001001,11000000000000000000000000000001,1.0,1.0,01111000000000000000000000000000,Unknown : 0.0 percent [PASSED],"Average misfire counts for last ten driving cycles : 0.0 count [PASSED]
Misfire counts for last/current driving cycles : 0.0 count [PASSED]","Average misfire counts for last ten driving cycles : 0.0 count [PASSED]
Misfire counts for last/current driving cycles : 0.0 count [PASSED]","Average misfire counts for last ten driving cycles : 0.0 count [PASSED]
Misfire counts for last/current driving cycles : 0.0 count [PASSED]","Average misfire counts for last ten driving cycles : 0.0 count [PASSED]
Misfire counts for last/current driving cycles : 0.0 count [PASSED]","Unknown : 0.0 count [PASSED]
Unknown : 0.0 count [PASSED]
Unknown : 0.0 ratio [PASSED]
Unknown : 0.0 millisecond [PASSED]","Rich to lean sensor switch time : 0.0 millisecond [PASSED]
Unknown : 0.0 millivolt [PASSED]
Unknown : 0.0 millivolt [PASSED]",Unknown : -40.0 degree_Celsius [PASSED],Unknown : 0.0 ohm [PASSED],Unknown : 0.0 count [PASSED],"Unknown : 0.0 degree [PASSED]
Unknown : 0.0 degree [PASSED]
Unknown : 0.0 degree [PASSED]
Unknown : 0.0 degree [PASSED]",0.7 volt,-0.01171875 milliampere,"((), (False, False, False, False), (False, False, True, True))",India OBD II (IOBD II),0101010001000000000000000000000000000000,10111110001111101010100000010011,10000000000001111011000000010001,11111110110100001000010000000001,3.1372549019607843 percent,1329.0 revolutions_per_minute,563.0 second,1.5625 percent,29.0 kilometer_per_hour,<obd.OBDResponse.Status object at 0x7f6f81e846a0>,<obd.OBDResponse.Status object at 0x7f6f81e84760>,3.9215686274509802 percent,13.333333333333334 percent,13.333333333333334 percent,-4.0 degree,bytearray(b'MEXKRDPA7NG020286'),0.0 count,2025-04-28 14:54:11,2025-04-28 14:54:16,2025-04-28 14:54:10,Signal Acquired,15.327538,73.934356,0.89,2.52,8.61,-0.01,0.03,0.32,NO
,,,,,,,,,,,,,,,,,,,,,,,,,,,,,,,,,,,,,,,,,,,,,,,,,,,,,,,,,,,,,,,,,,,,,,,,,,,,,,,,,,,,,,,,,,,,,,,,,,,,,,,,,2025-04-28 14:54:11,Signal Acquired,15.327538,73.934356,-0.35,2.66,8.88,-0.05,0.09,0.19,NO
,,,,,,,,,,,,,,,,,,,,,,,,,,,,,,,,,,,,,,,,,,,,,,,,,,,,,,,,,,,,,,,,,,,,,,,,,,,,,,,,,,,,,,,,,,,,,,,,,,,,,,,,,2025-04-28 14:54:11,Signal Acquired,15.327538,73.934356,-0.05,0.36,9.22,-0.12,0.03,0.18,NO
16.470588235294116 percent,14.901960784313726 percent,14.901960784313726 percent,34 degree_Celsius,100 kilopascal,bytearray(b'5E018DD3844BEA'),543.5 degree_Celsius,,,,,,,0.0 kilometer,,,,,,,,,,,,,,,,,,,,,,,,,,,,,,,,,,,,,,,ELM327 v1.5,12.8 volt,82.74509803921569 percent,73.72549019607843 percent,91.76470588235294 percent,"('Closed loop, using oxygen sensor feedback to determine fuel mix', '')",Gasoline,[],[],100 kilopascal,54 degree_Celsius,1.5625 percent,0.0 percent,11000000000000000000000000000001,10000000000000000000100000001001,11000000000000000000000000000001,1.0,1.0,01111000000000000000000000000000,Unknown : 0.0 percent [PASSED],"Average misfire counts for last ten driving cycles : 0.0 count [PASSED]
Misfire counts for last/current driving cycles : 0.0 count [PASSED]","Average misfire counts for last ten driving cycles : 0.0 count [PASSED]
Misfire counts for last/current driving cycles : 0.0 count [PASSED]","Average misfire counts for last ten driving cycles : 0.0 count [PASSED]
Misfire counts for last/current driving cycles : 0.0 count [PASSED]","Average misfire counts for last ten driving cycles : 0.0 count [PASSED]
Misfire counts for last/current driving cycles : 0.0 count [PASSED]","Unknown : 0.0 count [PASSED]
Unknown : 0.0 count [PASSED]
Unknown : 0.0 ratio [PASSED]
Unknown : 0.0 millisecond [PASSED]","Rich to lean sensor switch time : 0.0 millisecond [PASSED]
Unknown : 0.0 millivolt [PASSED]
Unknown : 0.0 millivolt [PASSED]",Unknown : -40.0 degree_Celsius [PASSED],Unknown : 0.0 ohm [PASSED],Unknown : 0.0 count [PASSED],"Unknown : 0.0 degree [PASSED]
Unknown : 0.0 degree [PASSED]
Unknown : 0.0 degree [PASSED]
Unknown : 0.0 degree [PASSED]",0.675 volt,-0.1015625 milliampere,"((), (False, False, False, False), (False, False, True, True))",India OBD II (IOBD II),0101010001000000000000000000000000000000,10111110001111101010100000010011,10000000000001111011000000010001,11111110110100001000010000000001,77.25490196078431 percent,1138.5 revolutions_per_minute,571.0 second,3.125 percent,25.0 kilometer_per_hour,<obd.OBDResponse.Status object at 0x7f6f81e8e110>,<obd.OBDResponse.Status object at 0x7f6f81e8e1d0>,99.6078431372549 percent,87.45098039215686 percent,88.23529411764706 percent,-2.5 degree,bytearray(b'MEXKRDPA7NG020286'),0.0 count,2025-04-28 14:54:18,2025-04-28 14:54:24,2025-04-28 14:54:18,Signal Acquired,15.327538,73.934356,1.49,0.57,8.78,0.01,-0.02,0.15,NO
,,,,,,,,,,,,,,,,,,,,,,,,,,,,,,,,,,,,,,,,,,,,,,,,,,,,,,,,,,,,,,,,,,,,,,,,,,,,,,,,,,,,,,,,,,,,,,,,,,,,,,,,,2025-04-28 14:54:18,Signal Acquired,15.327625,73.934547,1.71,0.59,8.5,-0.01,-0.07,0.08,NO
,,,,,,,,,,,,,,,,,,,,,,,,,,,,,,,,,,,,,,,,,,,,,,,,,,,,,,,,,,,,,,,,,,,,,,,,,,,,,,,,,,,,,,,,,,,,,,,,,,,,,,,,,2025-04-28 14:54:18,Signal Acquired,15.327625,73.934547,1.23,1.95,8.48,-0.02,-0.03,0.06,NO
22.745098039215687 percent,14.901960784313726 percent,14.901960784313726 percent,34 degree_Celsius,100 kilopascal,bytearray(b'5E018DD3844BEA'),540.7 degree_Celsius,,,,,,0.0 kilometer,0.0 kilometer,,,,,,,,,,,,,,,,,,,,,,,,,,,,,,,,,,,,,,,ELM327 v1.5,12.5 volt,65.88235294117646 percent,78.82352941176471 percent,91.76470588235294 percent,"('Closed loop, using oxygen sensor feedback to determine fuel mix', '')",Gasoline,[],[],105 kilopascal,54 degree_Celsius,1.5625 percent,0.0 percent,11000000000000000000000000000001,10000000000000000000100000001001,11000000000000000000000000000001,1.0,1.0,01111000000000000000000000000000,Unknown : 0.0 percent [PASSED],"Average misfire counts for last ten driving cycles : 0.0 count [PASSED]
Misfire counts for last/current driving cycles : 0.0 count [PASSED]","Average misfire counts for last ten driving cycles : 0.0 count [PASSED]
Misfire counts for last/current driving cycles : 0.0 count [PASSED]","Average misfire counts for last ten driving cycles : 0.0 count [PASSED]
Misfire counts for last/current driving cycles : 0.0 count [PASSED]","Average misfire counts for last ten driving cycles : 0.0 count [PASSED]
Misfire counts for last/current driving cycles : 0.0 count [PASSED]","Unknown : 0.0 count [PASSED]
Unknown : 0.0 count [PASSED]
Unknown : 0.0 ratio [PASSED]
Unknown : 0.0 millisecond [PASSED]","Rich to lean sensor switch time : 0.0 millisecond [PASSED]
Unknown : 0.0 millivolt [PASSED]
Unknown : 0.0 millivolt [PASSED]",Unknown : -40.0 degree_Celsius [PASSED],Unknown : 0.0 ohm [PASSED],Unknown : 0.0 count [PASSED],"Unknown : 0.0 degree [PASSED]
Unknown : 0.0 degree [PASSED]
Unknown : 0.0 degree [PASSED]
Unknown : 0.0 degree [PASSED]",0.725 volt,-0.0234375 milliampere,"((), (False, False, False, False), (False, False, True, True))",India OBD II (IOBD II),0101010001000000000000000000000000000000,10111110001111101010100000010011,10000000000001111011000000010001,11111110110100001000010000000001,77.25490196078431 percent,1311.5 revolutions_per_minute,578.0 second,3.90625 percent,29.0 kilometer_per_hour,<obd.OBDResponse.Status object at 0x7f6f81ed07f0>,<obd.OBDResponse.Status object at 0x7f6f81ed08b0>,99.6078431372549 percent,87.45098039215686 percent,88.23529411764706 percent,-5.5 degree,bytearray(b'MEXKRDPA7NG020286'),0.0 count,2025-04-28 14:54:25,2025-04-28 14:54:31,2025-04-28 14:54:25,Signal Acquired,15.327676,73.934429,-0.26,1.77,9.0,-0.05,0.07,0.03,NO
,,,,,,,,,,,,,,,,,,,,,,,,,,,,,,,,,,,,,,,,,,,,,,,,,,,,,,,,,,,,,,,,,,,,,,,,,,,,,,,,,,,,,,,,,,,,,,,,,,,,,,,,,2025-04-28 14:54:25,Signal Acquired,15.327676,73.934429,1.34,2.05,8.83,-0.01,0.0,0.01,NO
,,,,,,,,,,,,,,,,,,,,,,,,,,,,,,,,,,,,,,,,,,,,,,,,,,,,,,,,,,,,,,,,,,,,,,,,,,,,,,,,,,,,,,,,,,,,,,,,,,,,,,,,,2025-04-28 14:54:25,Signal Acquired,15.327708,73.934354,0.59,2.43,8.54,-0.1,0.15,0.0,NO
136.47058823529412 percent,43.13725490196079 percent,43.529411764705884 percent,34 degree_Celsius,100 kilopascal,bytearray(b'5E018DD3844BEA'),566.0 degree_Celsius,,,,,,,0.0 kilometer,,,,,,,,,,,,,,,,,,,,,,,,,,,,,,,,,,,,,,,ELM327 v1.5,12.5 volt,34.509803921568626 percent,7.450980392156863 percent,91.76470588235294 percent,"('Closed loop, using oxygen sensor feedback to determine fuel mix', '')",Gasoline,[],[],38 kilopascal,52 degree_Celsius,1.5625 percent,0.0 percent,11000000000000000000000000000001,10000000000000000000100000001001,11000000000000000000000000000001,1.0,1.0,01111000000000000000000000000000,Unknown : 0.0 percent [PASSED],"Average misfire counts for last ten driving cycles : 0.0 count [PASSED]
Misfire counts for last/current driving cycles : 0.0 count [PASSED]","Average misfire counts for last ten driving cycles : 0.0 count [PASSED]
Misfire counts for last/current driving cycles : 0.0 count [PASSED]","Average misfire counts for last ten driving cycles : 0.0 count [PASSED]
Misfire counts for last/current driving cycles : 0.0 count [PASSED]","Average misfire counts for last ten driving cycles : 0.0 count [PASSED]
Misfire counts for last/current driving cycles : 0.0 count [PASSED]","Unknown : 0.0 count [PASSED]
Unknown : 0.0 count [PASSED]
Unknown : 0.0 ratio [PASSED]
Unknown : 0.0 millisecond [PASSED]","Rich to lean sensor switch time : 0.0 millisecond [PASSED]
Unknown : 0.0 millivolt [PASSED]
Unknown : 0.0 millivolt [PASSED]",Unknown : -40.0 degree_Celsius [PASSED],Unknown : 0.0 ohm [PASSED],Unknown : 0.0 count [PASSED],"Unknown : 0.0 degree [PASSED]
Unknown : 0.0 degree [PASSED]
Unknown : 0.0 degree [PASSED]
Unknown : 0.0 degree [PASSED]",0.695 volt,-0.01953125 milliampere,"((), (False, False, False, False), (False, False, True, True))",India OBD II (IOBD II),0101010001000000000000000000000000000000,10111110001111101010100000010011,10000000000001111011000000010001,11111110110100001000010000000001,2.7450980392156863 percent,920.5 revolutions_per_minute,585.0 second,-4.6875 percent,18.0 kilometer_per_hour,<obd.OBDResponse.Status object at 0x7f6f81eda890>,<obd.OBDResponse.Status object at 0x7f6f81eda950>,3.9215686274509802 percent,13.333333333333334 percent,13.72549019607843 percent,-3.0 degree,bytearray(b'MEXKRDPA7NG020286'),0.0 count,2025-04-28 14:54:33,2025-04-28 14:54:38,2025-04-28 14:54:33,Signal Acquired,15.327708,73.934354,4.75,2.64,7.56,-0.01,0.12,0.01,NO
,,,,,,,,,,,,,,,,,,,,,,,,,,,,,,,,,,,,,,,,,,,,,,,,,,,,,,,,,,,,,,,,,,,,,,,,,,,,,,,,,,,,,,,,,,,,,,,,,,,,,,,,,2025-04-28 14:54:33,Signal Acquired,15.327737,73.934287,5.33,2.09,8.08,-0.0,-0.09,0.04,NO
,,,,,,,,,,,,,,,,,,,,,,,,,,,,,,,,,,,,,,,,,,,,,,,,,,,,,,,,,,,,,,,,,,,,,,,,,,,,,,,,,,,,,,,,,,,,,,,,,,,,,,,,,2025-04-28 14:54:33,Signal Acquired,15.327737,73.934287,0.63,2.38,9.35,-0.05,-0.03,-0.02,NO
90.19607843137254 percent,60.3921568627451 percent,60.78431372549019 percent,34 degree_Celsius,100 kilopascal,bytearray(b'5E018DD3844BEA'),566.9 degree_Celsius,,,,,,0.0 kilometer,0.0 kilometer,,,,,,,,,,,,,,,,,,,,,,,,,,,,,,,,,,,,,,,ELM327 v1.5,12.5 volt,100.0 percent,98.43137254901961 percent,91.76470588235294 percent,"('Closed loop, using oxygen sensor feedback to determine fuel mix', '')",Gasoline,[],[],88 kilopascal,54 degree_Celsius,1.5625 percent,0.0 percent,11000000000000000000000000000001,10000000000000000000100000001001,11000000000000000000000000000001,1.0,1.0,01111000000000000000000000000000,Unknown : 0.0 percent [PASSED],"Average misfire counts for last ten driving cycles : 0.0 count [PASSED]
Misfire counts for last/current driving cycles : 0.0 count [PASSED]","Average misfire counts for last ten driving cycles : 0.0 count [PASSED]
Misfire counts for last/current driving cycles : 0.0 count [PASSED]","Average misfire counts for last ten driving cycles : 0.0 count [PASSED]
Misfire counts for last/current driving cycles : 0.0 count [PASSED]","Average misfire counts for last ten driving cycles : 0.0 count [PASSED]
Misfire counts for last/current driving cycles : 0.0 count [PASSED]","Unknown : 0.0 count [PASSED]
Unknown : 0.0 count [PASSED]
Unknown : 0.0 ratio [PASSED]
Unknown : 0.0 millisecond [PASSED]","Rich to lean sensor switch time : 0.0 millisecond [PASSED]
Unknown : 0.0 millivolt [PASSED]
Unknown : 0.0 millivolt [PASSED]",Unknown : -40.0 degree_Celsius [PASSED],Unknown : 0.0 ohm [PASSED],Unknown : 0.0 count [PASSED],"Unknown : 0.0 degree [PASSED]
Unknown : 0.0 degree [PASSED]
Unknown : 0.0 degree [PASSED]
Unknown : 0.0 degree [PASSED]",0.09 volt,-0.2109375 milliampere,"((), (False, False, False, False), (False, False, True, True))",India OBD II (IOBD II),0101010001000000000000000000000000000000,10111110001111101010100000010011,10000000000001111011000000010001,11111110110100001000010000000001,77.25490196078431 percent,1887.5 revolutions_per_minute,592.0 second,0.0 percent,42.0 kilometer_per_hour,<obd.OBDResponse.Status object at 0x7f6f81f0c970>,<obd.OBDResponse.Status object at 0x7f6f81f0ca30>,99.6078431372549 percent,87.45098039215686 percent,88.23529411764706 percent,-5.5 degree,bytearray(b'MEXKRDPA7NG020286'),0.0 count,2025-04-28 14:54:40,2025-04-28 14:54:45,2025-04-28 14:54:40,Signal Acquired,15.327781,73.93419,3.33,1.21,8.09,-0.02,-0.06,0.02,NO
,,,,,,,,,,,,,,,,,,,,,,,,,,,,,,,,,,,,,,,,,,,,,,,,,,,,,,,,,,,,,,,,,,,,,,,,,,,,,,,,,,,,,,,,,,,,,,,,,,,,,,,,,2025-04-28 14:54:40,Signal Acquired,15.327781,73.93419,3.36,1.51,8.26,0.02,-0.06,0.03,NO
,,,,,,,,,,,,,,,,,,,,,,,,,,,,,,,,,,,,,,,,,,,,,,,,,,,,,,,,,,,,,,,,,,,,,,,,,,,,,,,,,,,,,,,,,,,,,,,,,,,,,,,,,2025-04-28 14:54:40,Signal Acquired,15.327825,73.934096,3.43,2.06,7.89,-0.03,-0.03,0.01,NO
26.666666666666668 percent,14.901960784313726 percent,14.901960784313726 percent,35 degree_Celsius,100 kilopascal,bytearray(b'5E018DD3844BEA'),660.6 degree_Celsius,,,,,,0.0 kilometer,0.0 kilometer,,,,,,,,,,,,,,,,,,,,,,,,,,,,,,,,,,,,,,,ELM327 v1.5,12.5 volt,31.372549019607842 percent,5.098039215686274 percent,91.76470588235294 percent,"('Closed loop, using oxygen sensor feedback to determine fuel mix', '')",Gasoline,[],[],73 kilopascal,53 degree_Celsius,1.5625 percent,0.0 percent,11000000000000000000000000000001,10000000000000000000100000001001,11000000000000000000000000000001,1.0,1.0,01111000000000000000000000000000,Unknown : 0.0 percent [PASSED],"Average misfire counts for last ten driving cycles : 0.0 count [PASSED]
Misfire counts for last/current driving cycles : 0.0 count [PASSED]","Average misfire counts for last ten driving cycles : 0.0 count [PASSED]
Misfire counts for last/current driving cycles : 0.0 count [PASSED]","Average misfire counts for last ten driving cycles : 0.0 count [PASSED]
Misfire counts for last/current driving cycles : 0.0 count [PASSED]","Average misfire counts for last ten driving cycles : 0.0 count [PASSED]
Misfire counts for last/current driving cycles : 0.0 count [PASSED]","Unknown : 0.0 count [PASSED]
Unknown : 0.0 count [PASSED]
Unknown : 0.0 ratio [PASSED]
Unknown : 0.0 millisecond [PASSED]","Rich to lean sensor switch time : 0.0 millisecond [PASSED]
Unknown : 0.0 millivolt [PASSED]
Unknown : 0.0 millivolt [PASSED]",Unknown : -40.0 degree_Celsius [PASSED],Unknown : 0.0 ohm [PASSED],Unknown : 0.0 count [PASSED],,0.715 volt,0.01171875 milliampere,"((), (False, False, False, False), (False, False, True, True))",India OBD II (IOBD II),0101010001000000000000000000000000000000,10111110001111101010100000010011,10000000000001111011000000010001,11111110110100001000010000000001,49.01960784313726 percent,1670.5 revolutions_per_minute,600.0 second,-0.78125 percent,49.0 kilometer_per_hour,<obd.OBDResponse.Status object at 0x7f6f81f167a0>,<obd.OBDResponse.Status object at 0x7f6f81f16860>,68.23529411764706 percent,63.529411764705884 percent,64.31372549019608 percent,4.5 degree,bytearray(b'MEXKRDPA7NG020286'),0.0 count,2025-04-28 14:54:47,2025-04-28 14:54:53,2025-04-28 14:54:47,Signal Acquired,15.327825,73.934096,6.3,2.17,7.89,-0.03,0.11,0.01,NO
,,,,,,,,,,,,,,,,,,,,,,,,,,,,,,,,,,,,,,,,,,,,,,,,,,,,,,,,,,,,,,,,,,,,,,,,,,,,,,,,,,,,,,,,,,,,,,,,,,,,,,,,,2025-04-28 14:54:47,Signal Acquired,15.327882,73.934019,-0.95,0.12,9.05,-0.05,0.11,0.02,NO
,,,,,,,,,,,,,,,,,,,,,,,,,,,,,,,,,,,,,,,,,,,,,,,,,,,,,,,,,,,,,,,,,,,,,,,,,,,,,,,,,,,,,,,,,,,,,,,,,,,,,,,,,2025-04-28 14:54:47,Signal Acquired,15.327882,73.934019,-0.0,-1.29,9.04,-0.08,0.03,-0.01,NO
81.96078431372548 percent,36.86274509803921 percent,36.86274509803921 percent,35 degree_Celsius,100 kilopascal,bytearray(b'5E018DD3844BEA'),644.3000000000001 degree_Celsius,,,,,,0.0 kilometer,0.0 kilometer,,,,,,,,,,,,,,,,,,,,,,,,,,,,,,,,,,,,,,,ELM327 v1.5,12.5 volt,30.58823529411765 percent,10.588235294117647 percent,91.76470588235294 percent,"('Closed loop, using oxygen sensor feedback to determine fuel mix', '')",Gasoline,[],[],99 kilopascal,54 degree_Celsius,1.5625 percent,0.0 percent,11000000000000000000000000000001,10000000000000000000100000001001,11000000000000000000000000000001,1.0,1.0,01111000000000000000000000000000,Unknown : 0.0 percent [PASSED],"Average misfire counts for last ten driving cycles : 0.0 count [PASSED]
Misfire counts for last/current driving cycles : 0.0 count [PASSED]","Average misfire counts for last ten driving cycles : 0.0 count [PASSED]
Misfire counts for last/current driving cycles : 0.0 count [PASSED]","Average misfire counts for last ten driving cycles : 0.0 count [PASSED]
Misfire counts for last/current driving cycles : 0.0 count [PASSED]","Average misfire counts for last ten driving cycles : 0.0 count [PASSED]
Misfire counts for last/current driving cycles : 0.0 count [PASSED]","Unknown : 0.0 count [PASSED]
Unknown : 0.0 count [PASSED]
Unknown : 0.0 ratio [PASSED]
Unknown : 0.0 millisecond [PASSED]","Rich to lean sensor switch time : 0.0 millisecond [PASSED]
Unknown : 0.0 millivolt [PASSED]
Unknown : 0.0 millivolt [PASSED]",Unknown : -40.0 degree_Celsius [PASSED],Unknown : 0.0 ohm [PASSED],Unknown : 0.0 count [PASSED],"Unknown : 0.0 degree [PASSED]
Unknown : 0.0 degree [PASSED]
Unknown : 0.0 degree [PASSED]
Unknown : 0.0 degree [PASSED]",0.675 volt,-0.015625 milliampere,"((), (False, False, False, False), (False, False, True, True))",India OBD II (IOBD II),0101010001000000000000000000000000000000,10111110001111101010100000010011,10000000000001111011000000010001,11111110110100001000010000000001,77.25490196078431 percent,1782.5 revolutions_per_minute,607.0 second,1.5625 percent,52.0 kilometer_per_hour,<obd.OBDResponse.Status object at 0x7f6f81f50460>,<obd.OBDResponse.Status object at 0x7f6f81f50520>,99.6078431372549 percent,87.45098039215686 percent,88.23529411764706 percent,0.0 degree,bytearray(b'MEXKRDPA7NG020286'),0.0 count,2025-04-28 14:54:54,2025-04-28 14:55:00,2025-04-28 14:54:54,Signal Acquired,15.327939,73.933946,-0.02,1.1,9.36,-0.04,-0.0,-0.03,NO
,,,,,,,,,,,,,,,,,,,,,,,,,,,,,,,,,,,,,,,,,,,,,,,,,,,,,,,,,,,,,,,,,,,,,,,,,,,,,,,,,,,,,,,,,,,,,,,,,,,,,,,,,2025-04-28 14:54:54,Signal Acquired,15.327939,73.933946,1.08,1.49,9.0,-0.05,0.04,-0.0,NO
,,,,,,,,,,,,,,,,,,,,,,,,,,,,,,,,,,,,,,,,,,,,,,,,,,,,,,,,,,,,,,,,,,,,,,,,,,,,,,,,,,,,,,,,,,,,,,,,,,,,,,,,,2025-04-28 14:54:54,Signal Acquired,15.327994,73.933884,2.88,0.99,8.42,-0.08,0.03,0.0,NO
165.49019607843138 percent,54.90196078431372 percent,54.90196078431372 percent,35 degree_Celsius,100 kilopascal,bytearray(b'5E018DD3844BEA'),651.8000000000001 degree_Celsius,,,,,,0.0 kilometer,0.0 kilometer,,,,,,,,,,,,,,,,,,,,,,,,,,,,,,,,,,,,,,,ELM327 v1.5,12.5 volt,2.3529411764705883 percent,7.0588235294117645 percent,91.76470588235294 percent,"('Closed loop, using oxygen sensor feedback to determine fuel mix', '')",Gasoline,[],[],48 kilopascal,51 degree_Celsius,1.5625 percent,0.0 percent,11000000000000000000000000000001,10000000000000000000100000001001,11000000000000000000000000000001,1.0,1.0,01111000000000000000000000000000,Unknown : 0.0 percent [PASSED],"Average misfire counts for last ten driving cycles : 0.0 count [PASSED]
Misfire counts for last/current driving cycles : 0.0 count [PASSED]","Average misfire counts for last ten driving cycles : 0.0 count [PASSED]
Misfire counts for last/current driving cycles : 0.0 count [PASSED]","Average misfire counts for last ten driving cycles : 0.0 count [PASSED]
Misfire counts for last/current driving cycles : 0.0 count [PASSED]","Average misfire counts for last ten driving cycles : 0.0 count [PASSED]
Misfire counts for last/current driving cycles : 0.0 count [PASSED]","Unknown : 0.0 count [PASSED]
Unknown : 0.0 count [PASSED]
Unknown : 0.0 ratio [PASSED]
Unknown : 0.0 millisecond [PASSED]","Rich to lean sensor switch time : 0.0 millisecond [PASSED]
Unknown : 0.0 millivolt [PASSED]
Unknown : 0.0 millivolt [PASSED]",Unknown : -40.0 degree_Celsius [PASSED],Unknown : 0.0 ohm [PASSED],Unknown : 0.0 count [PASSED],"Unknown : 0.0 degree [PASSED]
Unknown : 0.0 degree [PASSED]
Unknown : 0.0 degree [PASSED]
Unknown : 0.0 degree [PASSED]",0.73 volt,-0.0625 milliampere,"((), (False, False, False, False), (False, False, True, True))",India OBD II (IOBD II),0101010001000000000000000000000000000000,10111110001111101010100000010011,10000000000001111011000000010001,11111110110100001000010000000001,10.980392156862745 percent,1698.5 revolutions_per_minute,615.0 second,-0.78125 percent,63.0 kilometer_per_hour,<obd.OBDResponse.Status object at 0x7f6f81f62a70>,<obd.OBDResponse.Status object at 0x7f6f81f62b30>,10.588235294117647 percent,18.431372549019606 percent,18.431372549019606 percent,14.0 degree,bytearray(b'MEXKRDPA7NG020286'),0.0 count,2025-04-28 14:55:02,2025-04-28 14:55:08,2025-04-28 14:55:02,Signal Acquired,15.327994,73.933884,0.82,1.42,9.36,-0.01,-0.11,-0.03,NO
,,,,,,,,,,,,,,,,,,,,,,,,,,,,,,,,,,,,,,,,,,,,,,,,,,,,,,,,,,,,,,,,,,,,,,,,,,,,,,,,,,,,,,,,,,,,,,,,,,,,,,,,,2025-04-28 14:55:02,Signal Acquired,15.328046,73.933812,2.51,1.2,8.64,0.02,-0.04,-0.01,NO
,,,,,,,,,,,,,,,,,,,,,,,,,,,,,,,,,,,,,,,,,,,,,,,,,,,,,,,,,,,,,,,,,,,,,,,,,,,,,,,,,,,,,,,,,,,,,,,,,,,,,,,,,2025-04-28 14:55:02,Signal Acquired,15.328046,73.933812,-1.15,1.19,9.29,-0.06,0.05,-0.01,NO
70.58823529411765 percent,36.07843137254902 percent,36.07843137254902 percent,35 degree_Celsius,100 kilopascal,bytearray(b'5E018DD3844BEA'),691.1 degree_Celsius,,,,,,0.0 kilometer,0.0 kilometer,,,,,,,,,,,,,,,,,,,,,,,,,,,,,,,,,,,,,,,ELM327 v1.5,12.5 volt,47.84313725490196 percent,2.7450980392156863 percent,91.76470588235294 percent,"('Closed loop, using oxygen sensor feedback to determine fuel mix', '')",Gasoline,[],[],72 kilopascal,54 degree_Celsius,1.5625 percent,0.0 percent,11000000000000000000000000000001,10000000000000000000100000001001,11000000000000000000000000000001,1.0,1.0,01111000000000000000000000000000,Unknown : 0.0 percent [PASSED],"Average misfire counts for last ten driving cycles : 0.0 count [PASSED]
Misfire counts for last/current driving cycles : 0.0 count [PASSED]","Average misfire counts for last ten driving cycles : 0.0 count [PASSED]
Misfire counts for last/current driving cycles : 0.0 count [PASSED]","Average misfire counts for last ten driving cycles : 0.0 count [PASSED]
Misfire counts for last/current driving cycles : 0.0 count [PASSED]","Average misfire counts for last ten driving cycles : 0.0 count [PASSED]
Misfire counts for last/current driving cycles : 0.0 count [PASSED]","Unknown : 0.0 count [PASSED]
Unknown : 0.0 count [PASSED]
Unknown : 0.0 ratio [PASSED]
Unknown : 0.0 millisecond [PASSED]","Rich to lean sensor switch time : 0.0 millisecond [PASSED]
Unknown : 0.0 millivolt [PASSED]
Unknown : 0.0 millivolt [PASSED]",Unknown : -40.0 degree_Celsius [PASSED],Unknown : 0.0 ohm [PASSED],Unknown : 0.0 count [PASSED],"Unknown : 0.0 degree [PASSED]
Unknown : 0.0 degree [PASSED]
Unknown : 0.0 degree [PASSED]
Unknown : 0.0 degree [PASSED]",0.71 volt,0.01953125 milliampere,"((), (False, False, False, False), (False, False, True, True))",India OBD II (IOBD II),0101010001000000000000000000000000000000,10111110001111101010100000010011,10000000000001111011000000010001,11111110110100001000010000000001,3.1372549019607843 percent,1369.0 revolutions_per_minute,622.0 second,-3.125 percent,50.0 kilometer_per_hour,<obd.OBDResponse.Status object at 0x7f6f81d987c0>,<obd.OBDResponse.Status object at 0x7f6f81d98880>,3.5294117647058822 percent,13.333333333333334 percent,13.333333333333334 percent,22.5 degree,bytearray(b'MEXKRDPA7NG020286'),0.0 count,2025-04-28 14:55:09,2025-04-28 14:55:15,2025-04-28 14:55:09,Signal Acquired,15.328109,73.933736,-2.36,0.58,9.37,-0.06,-0.02,-0.03,NO
,,,,,,,,,,,,,,,,,,,,,,,,,,,,,,,,,,,,,,,,,,,,,,,,,,,,,,,,,,,,,,,,,,,,,,,,,,,,,,,,,,,,,,,,,,,,,,,,,,,,,,,,,2025-04-28 14:55:09,Signal Acquired,15.328109,73.933736,2.57,1.32,8.93,0.01,-0.0,-0.05,NO
,,,,,,,,,,,,,,,,,,,,,,,,,,,,,,,,,,,,,,,,,,,,,,,,,,,,,,,,,,,,,,,,,,,,,,,,,,,,,,,,,,,,,,,,,,,,,,,,,,,,,,,,,2025-04-28 14:55:09,Signal Acquired,15.328175,73.933655,3.01,1.95,8.95,-0.04,0.14,-0.01,NO
45.88235294117647 percent,38.03921568627451 percent,38.03921568627451 percent,35 degree_Celsius,100 kilopascal,bytearray(b'5E018DD3844BEA'),668.0 degree_Celsius,,,,,,,0.0 kilometer,,,,,,,,,,,,,,,,,,,,,,,,,,,,,,,,,,,,,,,ELM327 v1.5,12.5 volt,81.56862745098039 percent,79.2156862745098 percent,89.80392156862744 percent,"('Closed loop, using oxygen sensor feedback to determine fuel mix', '')",Gasoline,[],[],117 kilopascal,54 degree_Celsius,1.5625 percent,0.0 percent,11000000000000000000000000000001,10000000000000000000100000001001,11000000000000000000000000000001,1.0,1.0,01111000000000000000000000000000,Unknown : 0.0 percent [PASSED],"Average misfire counts for last ten driving cycles : 0.0 count [PASSED]
Misfire counts for last/current driving cycles : 0.0 count [PASSED]","Average misfire counts for last ten driving cycles : 0.0 count [PASSED]
Misfire counts for last/current driving cycles : 0.0 count [PASSED]","Average misfire counts for last ten driving cycles : 0.0 count [PASSED]
Misfire counts for last/current driving cycles : 0.0 count [PASSED]","Average misfire counts for last ten driving cycles : 0.0 count [PASSED]
Misfire counts for last/current driving cycles : 0.0 count [PASSED]","Unknown : 0.0 count [PASSED]
Unknown : 0.0 count [PASSED]
Unknown : 0.0 ratio [PASSED]
Unknown : 0.0 millisecond [PASSED]","Rich to lean sensor switch time : 0.0 millisecond [PASSED]
Unknown : 0.0 millivolt [PASSED]
Unknown : 0.0 millivolt [PASSED]",Unknown : -40.0 degree_Celsius [PASSED],Unknown : 0.0 ohm [PASSED],Unknown : 0.0 count [PASSED],"Unknown : 0.0 degree [PASSED]
Unknown : 0.0 degree [PASSED]
Unknown : 0.0 degree [PASSED]
Unknown : 0.0 degree [PASSED]",0.72 volt,-0.02734375 milliampere,"((), (False, False, False, False), (False, False, True, True))",India OBD II (IOBD II),0101010001000000000000000000000000000000,10111110001111101010100000010011,10000000000001111011000000010001,11111110110100001000010000000001,77.25490196078431 percent,1211.0 revolutions_per_minute,629.0 second,0.0 percent,45.0 kilometer_per_hour,<obd.OBDResponse.Status object at 0x7f6f81da60b0>,<obd.OBDResponse.Status object at 0x7f6f81da61a0>,99.6078431372549 percent,87.45098039215686 percent,88.23529411764706 percent,-7.0 degree,bytearray(b'MEXKRDPA7NG020286'),0.0 count,2025-04-28 14:55:17,2025-04-28 14:55:22,2025-04-28 14:55:16,Signal Acquired,15.328175,73.933655,2.47,0.96,9.0,0.01,-0.11,0.0,NO
,,,,,,,,,,,,,,,,,,,,,,,,,,,,,,,,,,,,,,,,,,,,,,,,,,,,,,,,,,,,,,,,,,,,,,,,,,,,,,,,,,,,,,,,,,,,,,,,,,,,,,,,,2025-04-28 14:55:16,Signal Acquired,15.328246,73.933575,1.15,1.09,8.95,-0.04,0.09,0.01,NO
,,,,,,,,,,,,,,,,,,,,,,,,,,,,,,,,,,,,,,,,,,,,,,,,,,,,,,,,,,,,,,,,,,,,,,,,,,,,,,,,,,,,,,,,,,,,,,,,,,,,,,,,,2025-04-28 14:55:16,Signal Acquired,15.328246,73.933575,4.19,-0.23,7.84,-0.01,-0.02,-0.14,NO
113.72549019607843 percent,54.11764705882353 percent,54.509803921568626 percent,35 degree_Celsius,100 kilopascal,bytearray(b'5E018DD3844BEA'),647.6 degree_Celsius,,,,,,0.0 kilometer,0.0 kilometer,,,,,,,,,,,,,,,,,,,,,,,,,,,,,,,,,,,,,,,ELM327 v1.5,12.5 volt,81.96078431372548 percent,89.01960784313725 percent,89.80392156862744 percent,"('Closed loop, using oxygen sensor feedback to determine fuel mix', '')",Gasoline,[],[],147 kilopascal,54 degree_Celsius,2.34375 percent,0.0 percent,11000000000000000000000000000001,10000000000000000000100000001001,11000000000000000000000000000001,1.0,1.0,01111000000000000000000000000000,Unknown : 0.0 percent [PASSED],"Average misfire counts for last ten driving cycles : 0.0 count [PASSED]
Misfire counts for last/current driving cycles : 0.0 count [PASSED]","Average misfire counts for last ten driving cycles : 0.0 count [PASSED]
Misfire counts for last/current driving cycles : 0.0 count [PASSED]","Average misfire counts for last ten driving cycles : 0.0 count [PASSED]
Misfire counts for last/current driving cycles : 0.0 count [PASSED]","Average misfire counts for last ten driving cycles : 0.0 count [PASSED]
Misfire counts for last/current driving cycles : 0.0 count [PASSED]","Unknown : 0.0 count [PASSED]
Unknown : 0.0 count [PASSED]
Unknown : 0.0 ratio [PASSED]
Unknown : 0.0 millisecond [PASSED]","Rich to lean sensor switch time : 0.0 millisecond [PASSED]
Unknown : 0.0 millivolt [PASSED]
Unknown : 0.0 millivolt [PASSED]",Unknown : -40.0 degree_Celsius [PASSED],Unknown : 0.0 ohm [PASSED],Unknown : 0.0 count [PASSED],"Unknown : 0.0 degree [PASSED]
Unknown : 0.0 degree [PASSED]
Unknown : 0.0 degree [PASSED]
Unknown : 0.0 degree [PASSED]",0.68 volt,-0.0546875 milliampere,"((), (False, False, False, False), (False, False, True, True))",India OBD II (IOBD II),0101010001000000000000000000000000000000,10111110001111101010100000010011,10000000000001111011000000010001,11111110110100001000010000000001,77.25490196078431 percent,1584.0 revolutions_per_minute,637.0 second,2.34375 percent,59.0 kilometer_per_hour,<obd.OBDResponse.Status object at 0x7f6f81dcc7c0>,<obd.OBDResponse.Status object at 0x7f6f81dcc880>,99.6078431372549 percent,87.45098039215686 percent,88.23529411764706 percent,-8.5 degree,bytearray(b'MEXKRDPA7NG020286'),0.0 count,2025-04-28 14:55:24,2025-04-28 14:55:30,2025-04-28 14:55:24,Signal Acquired,15.328319,73.933493,4.05,1.02,8.11,0.02,-0.06,0.05,NO
,,,,,,,,,,,,,,,,,,,,,,,,,,,,,,,,,,,,,,,,,,,,,,,,,,,,,,,,,,,,,,,,,,,,,,,,,,,,,,,,,,,,,,,,,,,,,,,,,,,,,,,,,2025-04-28 14:55:24,Signal Acquired,15.328319,73.933493,3.97,0.49,8.03,0.0,0.02,0.02,NO
,,,,,,,,,,,,,,,,,,,,,,,,,,,,,,,,,,,,,,,,,,,,,,,,,,,,,,,,,,,,,,,,,,,,,,,,,,,,,,,,,,,,,,,,,,,,,,,,,,,,,,,,,2025-04-28 14:55:24,Signal Acquired,15.328392,73.93341,-0.78,0.32,9.32,-0.06,-0.03,-0.0,NO
162.35294117647058 percent,53.72549019607843 percent,54.11764705882353 percent,35 degree_Celsius,100 kilopascal,bytearray(b'5E018DD3844BEA'),686.0 degree_Celsius,,,,,,,0.0 kilometer,,,,,,,,,,,,,,,,,,,,,,,,,,,,,,,,,,,,,,,ELM327 v1.5,12.4 volt,58.431372549019606 percent,82.74509803921569 percent,89.80392156862744 percent,"('Closed loop, using oxygen sensor feedback to determine fuel mix', '')",Gasoline,[],[],117 kilopascal,52 degree_Celsius,2.34375 percent,0.0 percent,11000000000000000000000000000001,10000000000000000000100000001001,11000000000000000000000000000001,1.0,1.0,01111000000000000000000000000000,Unknown : 0.0 percent [PASSED],"Average misfire counts for last ten driving cycles : 0.0 count [PASSED]
Misfire counts for last/current driving cycles : 0.0 count [PASSED]","Average misfire counts for last ten driving cycles : 0.0 count [PASSED]
Misfire counts for last/current driving cycles : 0.0 count [PASSED]","Average misfire counts for last ten driving cycles : 0.0 count [PASSED]
Misfire counts for last/current driving cycles : 0.0 count [PASSED]","Average misfire counts for last ten driving cycles : 0.0 count [PASSED]
Misfire counts for last/current driving cycles : 0.0 count [PASSED]","Unknown : 0.0 count [PASSED]
Unknown : 0.0 count [PASSED]
Unknown : 0.0 ratio [PASSED]
Unknown : 0.0 millisecond [PASSED]","Rich to lean sensor switch time : 0.0 millisecond [PASSED]
Unknown : 0.0 millivolt [PASSED]
Unknown : 0.0 millivolt [PASSED]",Unknown : -40.0 degree_Celsius [PASSED],Unknown : 0.0 ohm [PASSED],Unknown : 0.0 count [PASSED],"Unknown : 0.0 degree [PASSED]
Unknown : 0.0 degree [PASSED]
Unknown : 0.0 degree [PASSED]
Unknown : 0.0 degree [PASSED]",0.735 volt,-0.0078125 milliampere,"((), (False, False, False, False), (False, False, True, True))",India OBD II (IOBD II),0101010001000000000000000000000000000000,10111110001111101010100000010011,10000000000001111011000000010001,11111110110100001000010000000001,77.25490196078431 percent,1547.5 revolutions_per_minute,644.0 second,0.0 percent,72.0 kilometer_per_hour,<obd.OBDResponse.Status object at 0x7f6f81de4760>,<obd.OBDResponse.Status object at 0x7f6f81de47c0>,99.6078431372549 percent,87.45098039215686 percent,88.23529411764706 percent,-1.5 degree,bytearray(b'MEXKRDPA7NG020286'),0.0 count,2025-04-28 14:55:31,2025-04-28 14:55:37,2025-04-28 14:55:31,Signal Acquired,15.328392,73.93341,-1.79,0.15,9.91,-0.05,0.01,0.02,NO
,,,,,,,,,,,,,,,,,,,,,,,,,,,,,,,,,,,,,,,,,,,,,,,,,,,,,,,,,,,,,,,,,,,,,,,,,,,,,,,,,,,,,,,,,,,,,,,,,,,,,,,,,2025-04-28 14:55:31,Signal Acquired,15.328466,73.933326,2.34,0.48,8.97,-0.02,-0.17,-0.03,NO
,,,,,,,,,,,,,,,,,,,,,,,,,,,,,,,,,,,,,,,,,,,,,,,,,,,,,,,,,,,,,,,,,,,,,,,,,,,,,,,,,,,,,,,,,,,,,,,,,,,,,,,,,2025-04-28 14:55:31,Signal Acquired,15.328466,73.933326,0.51,1.15,9.28,0.01,-0.11,-0.02,NO
126.66666666666667 percent,46.666666666666664 percent,47.05882352941177 percent,35 degree_Celsius,100 kilopascal,bytearray(b'5E018DD3844BEA'),685.7 degree_Celsius,,,,,,,0.0 kilometer,,,,,,,,,,,,,,,,,,,,,,,,,,,,,,,,,,,,,,,ELM327 v1.5,12.5 volt,21.96078431372549 percent,6.2745098039215685 percent,89.80392156862744 percent,"('Closed loop, using oxygen sensor feedback to determine fuel mix', '')",Gasoline,[],[],40 kilopascal,53 degree_Celsius,1.5625 percent,0.0 percent,11000000000000000000000000000001,10000000000000000000100000001001,11000000000000000000000000000001,1.0,1.0,01111000000000000000000000000000,Unknown : 0.0 percent [PASSED],"Average misfire counts for last ten driving cycles : 0.0 count [PASSED]
Misfire counts for last/current driving cycles : 0.0 count [PASSED]","Average misfire counts for last ten driving cycles : 0.0 count [PASSED]
Misfire counts for last/current driving cycles : 0.0 count [PASSED]","Average misfire counts for last ten driving cycles : 0.0 count [PASSED]
Misfire counts for last/current driving cycles : 1.0 count [PASSED]","Average misfire counts for last ten driving cycles : 0.0 count [PASSED]
Misfire counts for last/current driving cycles : 0.0 count [PASSED]","Unknown : 0.0 count [PASSED]
Unknown : 0.0 count [PASSED]
Unknown : 0.0 ratio [PASSED]
Unknown : 0.0 millisecond [PASSED]","Rich to lean sensor switch time : 0.0 millisecond [PASSED]
Unknown : 0.0 millivolt [PASSED]
Unknown : 0.0 millivolt [PASSED]",Unknown : -40.0 degree_Celsius [PASSED],Unknown : 0.0 ohm [PASSED],Unknown : 0.0 count [PASSED],"Unknown : 0.0 degree [PASSED]
Unknown : 0.0 degree [PASSED]
Unknown : 0.0 degree [PASSED]
Unknown : 0.0 degree [PASSED]",0.695 volt,0.26171875 milliampere,"((), (False, False, False, False), (False, False, True, True))",India OBD II (IOBD II),0101010001000000000000000000000000000000,10111110001111101010100000010011,10000000000001111011000000010001,11111110110100001000010000000001,3.1372549019607843 percent,1517.0 revolutions_per_minute,651.0 second,0.0 percent,69.0 kilometer_per_hour,<obd.OBDResponse.Status object at 0x7f6f82056e60>,<obd.OBDResponse.Status object at 0x7f6f82056f20>,4.313725490196078 percent,13.333333333333334 percent,13.72549019607843 percent,-10.0 degree,bytearray(b'MEXKRDPA7NG020286'),0.0 count,2025-04-28 14:55:38,2025-04-28 14:55:44,2025-04-28 14:55:38,Signal Acquired,15.328537,73.933242,-1.51,1.27,8.99,-0.06,0.09,0.02,NO
,,,,,,,,,,,,,,,,,,,,,,,,,,,,,,,,,,,,,,,,,,,,,,,,,,,,,,,,,,,,,,,,,,,,,,,,,,,,,,,,,,,,,,,,,,,,,,,,,,,,,,,,,2025-04-28 14:55:38,Signal Acquired,15.328537,73.933242,3.28,1.16,8.05,-0.01,-0.02,0.01,NO
,,,,,,,,,,,,,,,,,,,,,,,,,,,,,,,,,,,,,,,,,,,,,,,,,,,,,,,,,,,,,,,,,,,,,,,,,,,,,,,,,,,,,,,,,,,,,,,,,,,,,,,,,2025-04-28 14:55:38,Signal Acquired,15.328607,73.933157,2.41,0.45,8.7,-0.07,0.07,0.02,NO
16.862745098039216 percent,17.254901960784313 percent,17.254901960784313 percent,34 degree_Celsius,99 kilopascal,bytearray(b'5E018DD3844BEA'),670.7 degree_Celsius,,,,,,0.0 kilometer,0.0 kilometer,,,,,,,,,,,,,,,,,,,,,,,,,,,,,,,,,,,,,,,ELM327 v1.5,12.3 volt,30.19607843137255 percent,2.7450980392156863 percent,89.80392156862744 percent,"('Closed loop, using oxygen sensor feedback to determine fuel mix', '')",Gasoline,[],[],66 kilopascal,55 degree_Celsius,1.5625 percent,0.0 percent,11000000000000000000000000000001,10000000000000000000100000001001,11000000000000000000000000000001,1.0,1.0,01111000000000000000000000000000,Unknown : 0.0 percent [PASSED],"Average misfire counts for last ten driving cycles : 0.0 count [PASSED]
Misfire counts for last/current driving cycles : 0.0 count [PASSED]","Average misfire counts for last ten driving cycles : 0.0 count [PASSED]
Misfire counts for last/current driving cycles : 0.0 count [PASSED]","Average misfire counts for last ten driving cycles : 0.0 count [PASSED]
Misfire counts for last/current driving cycles : 0.0 count [PASSED]","Average misfire counts for last ten driving cycles : 0.0 count [PASSED]
Misfire counts for last/current driving cycles : 0.0 count [PASSED]","Unknown : 0.0 count [PASSED]
Unknown : 0.0 count [PASSED]
Unknown : 0.0 ratio [PASSED]
Unknown : 0.0 millisecond [PASSED]","Rich to lean sensor switch time : 0.0 millisecond [PASSED]
Unknown : 0.0 millivolt [PASSED]
Unknown : 0.0 millivolt [PASSED]",Unknown : -40.0 degree_Celsius [PASSED],Unknown : 0.0 ohm [PASSED],Unknown : 0.0 count [PASSED],"Unknown : 0.0 degree [PASSED]
Unknown : 0.0 degree [PASSED]
Unknown : 0.0 degree [PASSED]
Unknown : 0.0 degree [PASSED]",0.13 volt,-0.0546875 milliampere,"((), (False, False, False, False), (False, False, True, True))",India OBD II (IOBD II),0101010001000000000000000000000000000000,10111110001111101010100000010011,10000000000001111011000000010001,11111110110100001000010000000001,5.098039215686274 percent,1390.0 revolutions_per_minute,658.0 second,2.34375 percent,64.0 kilometer_per_hour,<obd.OBDResponse.Status object at 0x7f6f81de7220>,<obd.OBDResponse.Status object at 0x7f6f81de7070>,6.2745098039215685 percent,15.294117647058824 percent,15.686274509803921 percent,15.5 degree,bytearray(b'MEXKRDPA7NG020286'),0.0 count,2025-04-28 14:55:46,2025-04-28 14:55:51,2025-04-28 14:55:46,Signal Acquired,15.328607,73.933157,3.92,0.49,8.6,-0.02,0.06,-0.01,NO
,,,,,,,,,,,,,,,,,,,,,,,,,,,,,,,,,,,,,,,,,,,,,,,,,,,,,,,,,,,,,,,,,,,,,,,,,,,,,,,,,,,,,,,,,,,,,,,,,,,,,,,,,2025-04-28 14:55:46,Signal Acquired,15.328676,73.933073,1.05,1.49,9.95,0.1,-0.17,-0.04,NO
,,,,,,,,,,,,,,,,,,,,,,,,,,,,,,,,,,,,,,,,,,,,,,,,,,,,,,,,,,,,,,,,,,,,,,,,,,,,,,,,,,,,,,,,,,,,,,,,,,,,,,,,,2025-04-28 14:55:46,Signal Acquired,15.328676,73.933073,2.73,1.45,8.38,0.02,-0.1,-0.0,NO
23.52941176470588 percent,22.352941176470587 percent,22.352941176470587 percent,34 degree_Celsius,99 kilopascal,bytearray(b'5E018DD3844BEA'),644.2 degree_Celsius,,,,,,,0.0 kilometer,,,,,,,,,,,,,,,,,,,,,,,,,,,,,,,,,,,,,,,ELM327 v1.5,12.5 volt,4.705882352941177 percent,0.0 percent,89.80392156862744 percent,"('Closed loop, using oxygen sensor feedback to determine fuel mix', '')",Gasoline,[],[],27 kilopascal,55 degree_Celsius,1.5625 percent,0.0 percent,11000000000000000000000000000001,10000000000000000000100000001001,11000000000000000000000000000001,1.0,1.0,01111000000000000000000000000000,Unknown : 0.0 percent [PASSED],"Average misfire counts for last ten driving cycles : 0.0 count [PASSED]
Misfire counts for last/current driving cycles : 0.0 count [PASSED]","Average misfire counts for last ten driving cycles : 0.0 count [PASSED]
Misfire counts for last/current driving cycles : 0.0 count [PASSED]","Average misfire counts for last ten driving cycles : 0.0 count [PASSED]
Misfire counts for last/current driving cycles : 0.0 count [PASSED]","Average misfire counts for last ten driving cycles : 0.0 count [PASSED]
Misfire counts for last/current driving cycles : 0.0 count [PASSED]","Unknown : 0.0 count [PASSED]
Unknown : 0.0 count [PASSED]
Unknown : 0.0 ratio [PASSED]
Unknown : 0.0 millisecond [PASSED]","Rich to lean sensor switch time : 0.0 millisecond [PASSED]
Unknown : 0.0 millivolt [PASSED]
Unknown : 0.0 millivolt [PASSED]",Unknown : -40.0 degree_Celsius [PASSED],Unknown : 0.0 ohm [PASSED],Unknown : 0.0 count [PASSED],"Unknown : 0.0 degree [PASSED]
Unknown : 0.0 degree [PASSED]
Unknown : 0.0 degree [PASSED]
Unknown : 0.0 degree [PASSED]",0.715 volt,1.21484375 milliampere,"((), (False, False, False, False), (False, False, True, True))",India OBD II (IOBD II),0101010001000000000000000000000000000000,10111110001111101010100000010011,10000000000001111011000000010001,11111110110100001000010000000001,2.3529411764705883 percent,1343.0 revolutions_per_minute,666.0 second,0.0 percent,61.0 kilometer_per_hour,<obd.OBDResponse.Status object at 0x7f6f81e20d00>,<obd.OBDResponse.Status object at 0x7f6f81e20dc0>,3.5294117647058822 percent,13.333333333333334 percent,13.333333333333334 percent,-11.5 degree,bytearray(b'MEXKRDPA7NG020286'),0.0 count,2025-04-28 14:55:53,2025-04-28 14:55:59,2025-04-28 14:55:53,Signal Acquired,15.328747,73.932989,-0.21,1.33,9.8,0.0,-0.15,-0.07,NO
,,,,,,,,,,,,,,,,,,,,,,,,,,,,,,,,,,,,,,,,,,,,,,,,,,,,,,,,,,,,,,,,,,,,,,,,,,,,,,,,,,,,,,,,,,,,,,,,,,,,,,,,,2025-04-28 14:55:53,Signal Acquired,15.328747,73.932989,2.47,1.26,8.5,-0.01,-0.04,0.0,NO
,,,,,,,,,,,,,,,,,,,,,,,,,,,,,,,,,,,,,,,,,,,,,,,,,,,,,,,,,,,,,,,,,,,,,,,,,,,,,,,,,,,,,,,,,,,,,,,,,,,,,,,,,2025-04-28 14:55:53,Signal Acquired,15.328819,73.932902,-1.25,0.46,9.22,-0.06,0.05,0.02,NO
16.470588235294116 percent,18.431372549019606 percent,18.431372549019606 percent,34 degree_Celsius,99 kilopascal,bytearray(b'5E018DD3844BEA'),624.8000000000001 degree_Celsius,,,,,,0.0 kilometer,0.0 kilometer,,,,,,,,,,,,,,,,,,,,,,,,,,,,,,,,,,,,,,,ELM327 v1.5,12.5 volt,56.86274509803921 percent,80.3921568627451 percent,89.80392156862744 percent,"('Closed loop, using oxygen sensor feedback to determine fuel mix', '')",Gasoline,[],[],101 kilopascal,56 degree_Celsius,1.5625 percent,0.0 percent,11000000000000000000000000000001,10000000000000000000100000001001,11000000000000000000000000000001,1.0,1.0,01111000000000000000000000000000,Unknown : 0.0 percent [PASSED],"Average misfire counts for last ten driving cycles : 0.0 count [PASSED]
Misfire counts for last/current driving cycles : 0.0 count [PASSED]","Average misfire counts for last ten driving cycles : 0.0 count [PASSED]
Misfire counts for last/current driving cycles : 0.0 count [PASSED]","Average misfire counts for last ten driving cycles : 0.0 count [PASSED]
Misfire counts for last/current driving cycles : 0.0 count [PASSED]","Average misfire counts for last ten driving cycles : 0.0 count [PASSED]
Misfire counts for last/current driving cycles : 0.0 count [PASSED]","Unknown : 0.0 count [PASSED]
Unknown : 0.0 count [PASSED]
Unknown : 0.0 ratio [PASSED]
Unknown : 0.0 millisecond [PASSED]","Rich to lean sensor switch time : 0.0 millisecond [PASSED]
Unknown : 0.0 millivolt [PASSED]
Unknown : 0.0 millivolt [PASSED]",Unknown : -40.0 degree_Celsius [PASSED],Unknown : 0.0 ohm [PASSED],Unknown : 0.0 count [PASSED],"Unknown : 0.0 degree [PASSED]
Unknown : 0.0 degree [PASSED]
Unknown : 0.0 degree [PASSED]
Unknown : 0.0 degree [PASSED]",0.295 volt,-0.10546875 milliampere,"((), (False, False, False, False), (False, False, True, True))",India OBD II (IOBD II),0101010001000000000000000000000000000000,10111110001111101010100000010011,10000000000001111011000000010001,11111110110100001000010000000001,2.7450980392156863 percent,1198.5 revolutions_per_minute,674.0 second,0.0 percent,55.0 kilometer_per_hour,<obd.OBDResponse.Status object at 0x7f6f81e34d00>,<obd.OBDResponse.Status object at 0x7f6f81e34e50>,4.313725490196078 percent,13.333333333333334 percent,12.156862745098039 percent,-12.0 degree,bytearray(b'MEXKRDPA7NG020286'),0.0 count,2025-04-28 14:56:01,2025-04-28 14:56:07,2025-04-28 14:56:01,Signal Acquired,15.328819,73.932902,3.48,1.05,8.79,0.03,-0.16,-0.04,NO
,,,,,,,,,,,,,,,,,,,,,,,,,,,,,,,,,,,,,,,,,,,,,,,,,,,,,,,,,,,,,,,,,,,,,,,,,,,,,,,,,,,,,,,,,,,,,,,,,,,,,,,,,2025-04-28 14:56:01,Signal Acquired,15.328894,73.932813,0.57,0.86,9.63,-0.03,-0.03,-0.02,NO
,,,,,,,,,,,,,,,,,,,,,,,,,,,,,,,,,,,,,,,,,,,,,,,,,,,,,,,,,,,,,,,,,,,,,,,,,,,,,,,,,,,,,,,,,,,,,,,,,,,,,,,,,2025-04-28 14:56:01,Signal Acquired,15.328894,73.932813,1.01,0.26,8.89,-0.04,-0.03,0.01,NO
25.49019607843137 percent,14.901960784313726 percent,14.901960784313726 percent,34 degree_Celsius,99 kilopascal,bytearray(b'5E018DD3844BEA'),600.6 degree_Celsius,,,,,,0.0 kilometer,0.0 kilometer,,,,,,,,,,,,,,,,,,,,,,,,,,,,,,,,,,,,,,,ELM327 v1.5,12.5 volt,28.627450980392158 percent,7.450980392156863 percent,89.80392156862744 percent,"('Closed loop, using oxygen sensor feedback to determine fuel mix', '')",Gasoline,[],[],38 kilopascal,56 degree_Celsius,1.5625 percent,0.0 percent,11000000000000000000000000000001,10000000000000000000100000001001,11000000000000000000000000000001,1.0,1.0,01111000000000000000000000000000,Unknown : 0.0 percent [PASSED],"Average misfire counts for last ten driving cycles : 0.0 count [PASSED]
Misfire counts for last/current driving cycles : 0.0 count [PASSED]","Average misfire counts for last ten driving cycles : 0.0 count [PASSED]
Misfire counts for last/current driving cycles : 0.0 count [PASSED]","Average misfire counts for last ten driving cycles : 0.0 count [PASSED]
Misfire counts for last/current driving cycles : 0.0 count [PASSED]","Average misfire counts for last ten driving cycles : 0.0 count [PASSED]
Misfire counts for last/current driving cycles : 0.0 count [PASSED]","Unknown : 0.0 count [PASSED]
Unknown : 0.0 count [PASSED]
Unknown : 0.0 ratio [PASSED]
Unknown : 0.0 millisecond [PASSED]","Rich to lean sensor switch time : 0.0 millisecond [PASSED]
Unknown : 0.0 millivolt [PASSED]
Unknown : 0.0 millivolt [PASSED]",Unknown : -40.0 degree_Celsius [PASSED],Unknown : 0.0 ohm [PASSED],Unknown : 0.0 count [PASSED],"Unknown : 0.0 degree [PASSED]
Unknown : 0.0 degree [PASSED]
Unknown : 0.0 degree [PASSED]
Unknown : 0.0 degree [PASSED]",0.73 volt,-0.00390625 milliampere,"((), (False, False, False, False), (False, False, True, True))",India OBD II (IOBD II),0101010001000000000000000000000000000000,10111110001111101010100000010011,10000000000001111011000000010001,11111110110100001000010000000001,3.1372549019607843 percent,926.0 revolutions_per_minute,681.0 second,-1.5625 percent,3.0 kilometer_per_hour,<obd.OBDResponse.Status object at 0x7f6f81e51cc0>,<obd.OBDResponse.Status object at 0x7f6f81e51d80>,4.313725490196078 percent,13.333333333333334 percent,13.72549019607843 percent,0.0 degree,bytearray(b'MEXKRDPA7NG020286'),0.0 count,2025-04-28 14:56:08,2025-04-28 14:56:14,2025-04-28 14:56:08,Signal Acquired,15.328972,73.932723,0.74,-0.45,9.4,-0.08,0.1,0.0,NO
,,,,,,,,,,,,,,,,,,,,,,,,,,,,,,,,,,,,,,,,,,,,,,,,,,,,,,,,,,,,,,,,,,,,,,,,,,,,,,,,,,,,,,,,,,,,,,,,,,,,,,,,,2025-04-28 14:56:08,Signal Acquired,15.328972,73.932723,0.13,1.34,8.95,-0.01,-0.05,-0.03,NO
,,,,,,,,,,,,,,,,,,,,,,,,,,,,,,,,,,,,,,,,,,,,,,,,,,,,,,,,,,,,,,,,,,,,,,,,,,,,,,,,,,,,,,,,,,,,,,,,,,,,,,,,,2025-04-28 14:56:08,Signal Acquired,15.329049,73.93263,-1.2,1.1,9.5,-0.01,0.04,0.01,NO
26.274509803921568 percent,14.901960784313726 percent,14.901960784313726 percent,34 degree_Celsius,99 kilopascal,bytearray(b'5E018DD3844BEA'),591.3000000000001 degree_Celsius,,,,,,,0.0 kilometer,,,,,,,,,,,,,,,,,,,,,,,,,,,,,,,,,,,,,,,ELM327 v1.5,12.5 volt,28.627450980392158 percent,7.8431372549019605 percent,89.80392156862744 percent,"('Closed loop, using oxygen sensor feedback to determine fuel mix', '')",Gasoline,[],[],38 kilopascal,56 degree_Celsius,1.5625 percent,0.0 percent,11000000000000000000000000000001,10000000000000000000100000001001,11000000000000000000000000000001,1.0,1.0,01111000000000000000000000000000,Unknown : 0.0 percent [PASSED],"Average misfire counts for last ten driving cycles : 0.0 count [PASSED]
Misfire counts for last/current driving cycles : 0.0 count [PASSED]","Average misfire counts for last ten driving cycles : 0.0 count [PASSED]
Misfire counts for last/current driving cycles : 0.0 count [PASSED]","Average misfire counts for last ten driving cycles : 0.0 count [PASSED]
Misfire counts for last/current driving cycles : 0.0 count [PASSED]","Average misfire counts for last ten driving cycles : 0.0 count [PASSED]
Misfire counts for last/current driving cycles : 0.0 count [PASSED]","Unknown : 0.0 count [PASSED]
Unknown : 0.0 count [PASSED]
Unknown : 0.0 ratio [PASSED]
Unknown : 0.0 millisecond [PASSED]","Rich to lean sensor switch time : 0.0 millisecond [PASSED]
Unknown : 0.0 millivolt [PASSED]
Unknown : 0.0 millivolt [PASSED]",Unknown : -40.0 degree_Celsius [PASSED],Unknown : 0.0 ohm [PASSED],Unknown : 0.0 count [PASSED],"Unknown : 0.0 degree [PASSED]
Unknown : 0.0 degree [PASSED]
Unknown : 0.0 degree [PASSED]
Unknown : 0.0 degree [PASSED]",0.73 volt,-0.015625 milliampere,"((), (False, False, False, False), (False, False, True, True))",India OBD II (IOBD II),0101010001000000000000000000000000000000,10111110001111101010100000010011,10000000000001111011000000010001,11111110110100001000010000000001,3.1372549019607843 percent,926.5 revolutions_per_minute,688.0 second,0.0 percent,0.0 kilometer_per_hour,<obd.OBDResponse.Status object at 0x7f6f81e678e0>,<obd.OBDResponse.Status object at 0x7f6f81e679a0>,3.9215686274509802 percent,13.333333333333334 percent,13.72549019607843 percent,1.5 degree,bytearray(b'MEXKRDPA7NG020286'),0.0 count,2025-04-28 14:56:16,2025-04-28 14:56:22,2025-04-28 14:56:16,Signal Acquired,15.329049,73.93263,0.21,0.34,9.07,-0.07,0.05,-0.01,NO
,,,,,,,,,,,,,,,,,,,,,,,,,,,,,,,,,,,,,,,,,,,,,,,,,,,,,,,,,,,,,,,,,,,,,,,,,,,,,,,,,,,,,,,,,,,,,,,,,,,,,,,,,2025-04-28 14:56:16,Signal Acquired,15.329128,73.932538,0.39,1.42,8.98,-0.05,0.1,0.01,NO
,,,,,,,,,,,,,,,,,,,,,,,,,,,,,,,,,,,,,,,,,,,,,,,,,,,,,,,,,,,,,,,,,,,,,,,,,,,,,,,,,,,,,,,,,,,,,,,,,,,,,,,,,2025-04-28 14:56:16,Signal Acquired,15.329128,73.932538,3.71,1.1,8.03,0.03,0.08,0.03,NO
26.274509803921568 percent,14.901960784313726 percent,14.901960784313726 percent,35 degree_Celsius,99 kilopascal,bytearray(b'5E018DD3844BEA'),582.0 degree_Celsius,,,,,,0.0 kilometer,0.0 kilometer,,,,,,,,,,,,,,,,,,,,,,,,,,,,,,,,,,,,,,,ELM327 v1.5,12.5 volt,29.019607843137255 percent,7.8431372549019605 percent,89.80392156862744 percent,"('Closed loop, using oxygen sensor feedback to determine fuel mix', '')",Gasoline,[],[],39 kilopascal,56 degree_Celsius,1.5625 percent,0.0 percent,11000000000000000000000000000001,10000000000000000000100000001001,11000000000000000000000000000001,1.0,1.0,01111000000000000000000000000000,Unknown : 0.0 percent [PASSED],"Average misfire counts for last ten driving cycles : 0.0 count [PASSED]
Misfire counts for last/current driving cycles : 0.0 count [PASSED]","Average misfire counts for last ten driving cycles : 0.0 count [PASSED]
Misfire counts for last/current driving cycles : 0.0 count [PASSED]","Average misfire counts for last ten driving cycles : 0.0 count [PASSED]
Misfire counts for last/current driving cycles : 0.0 count [PASSED]","Average misfire counts for last ten driving cycles : 0.0 count [PASSED]
Misfire counts for last/current driving cycles : 0.0 count [PASSED]","Unknown : 0.0 count [PASSED]
Unknown : 0.0 count [PASSED]
Unknown : 0.0 ratio [PASSED]
Unknown : 0.0 millisecond [PASSED]","Rich to lean sensor switch time : 0.0 millisecond [PASSED]
Unknown : 0.0 millivolt [PASSED]
Unknown : 0.0 millivolt [PASSED]",Unknown : -40.0 degree_Celsius [PASSED],Unknown : 0.0 ohm [PASSED],Unknown : 0.0 count [PASSED],"Unknown : 0.0 degree [PASSED]
Unknown : 0.0 degree [PASSED]
Unknown : 0.0 degree [PASSED]
Unknown : 0.0 degree [PASSED]",0.725 volt,-0.0078125 milliampere,"((), (False, False, False, False), (False, False, True, True))",India OBD II (IOBD II),0101010001000000000000000000000000000000,10111110001111101010100000010011,10000000000001111011000000010001,11111110110100001000010000000001,2.7450980392156863 percent,928.5 revolutions_per_minute,696.0 second,0.0 percent,0.0 kilometer_per_hour,<obd.OBDResponse.Status object at 0x7f6f81e6d900>,<obd.OBDResponse.Status object at 0x7f6f81e6d9c0>,3.9215686274509802 percent,13.72549019607843 percent,13.72549019607843 percent,-1.5 degree,bytearray(b'MEXKRDPA7NG020286'),0.0 count,2025-04-28 14:56:23,2025-04-28 14:56:29,2025-04-28 14:56:23,Signal Acquired,15.329207,73.932444,-0.23,0.8,9.06,-0.05,0.06,0.03,NO
,,,,,,,,,,,,,,,,,,,,,,,,,,,,,,,,,,,,,,,,,,,,,,,,,,,,,,,,,,,,,,,,,,,,,,,,,,,,,,,,,,,,,,,,,,,,,,,,,,,,,,,,,2025-04-28 14:56:23,Signal Acquired,15.329207,73.932444,3.6,1.2,8.66,0.02,0.07,0.01,NO
,,,,,,,,,,,,,,,,,,,,,,,,,,,,,,,,,,,,,,,,,,,,,,,,,,,,,,,,,,,,,,,,,,,,,,,,,,,,,,,,,,,,,,,,,,,,,,,,,,,,,,,,,2025-04-28 14:56:23,Signal Acquired,15.329286,73.932349,1.66,0.79,8.46,-0.0,-0.0,0.01,NO
25.88235294117647 percent,14.901960784313726 percent,14.901960784313726 percent,35 degree_Celsius,99 kilopascal,bytearray(b'5E018DD3844BEA'),573.4 degree_Celsius,,,,,,,0.0 kilometer,,,,,,,,,,,,,,,,,,,,,,,,,,,,,,,,,,,,,,,ELM327 v1.5,12.5 volt,29.019607843137255 percent,7.8431372549019605 percent,89.80392156862744 percent,"('Closed loop, using oxygen sensor feedback to determine fuel mix', '')",Gasoline,[],[],38 kilopascal,57 degree_Celsius,1.5625 percent,0.0 percent,11000000000000000000000000000001,10000000000000000000100000001001,11000000000000000000000000000001,1.0,1.0,01111000000000000000000000000000,Unknown : 0.0 percent [PASSED],"Average misfire counts for last ten driving cycles : 0.0 count [PASSED]
Misfire counts for last/current driving cycles : 0.0 count [PASSED]","Average misfire counts for last ten driving cycles : 0.0 count [PASSED]
Misfire counts for last/current driving cycles : 0.0 count [PASSED]","Average misfire counts for last ten driving cycles : 0.0 count [PASSED]
Misfire counts for last/current driving cycles : 0.0 count [PASSED]","Average misfire counts for last ten driving cycles : 0.0 count [PASSED]
Misfire counts for last/current driving cycles : 0.0 count [PASSED]","Unknown : 0.0 count [PASSED]
Unknown : 0.0 count [PASSED]
Unknown : 0.0 ratio [PASSED]
Unknown : 0.0 millisecond [PASSED]","Rich to lean sensor switch time : 0.0 millisecond [PASSED]
Unknown : 0.0 millivolt [PASSED]
Unknown : 0.0 millivolt [PASSED]",Unknown : -40.0 degree_Celsius [PASSED],Unknown : 0.0 ohm [PASSED],Unknown : 0.0 count [PASSED],"Unknown : 0.0 degree [PASSED]
Unknown : 0.0 degree [PASSED]
Unknown : 0.0 degree [PASSED]
Unknown : 0.0 degree [PASSED]",0.725 volt,-0.01171875 milliampere,"((), (False, False, False, False), (False, False, True, True))",India OBD II (IOBD II),0101010001000000000000000000000000000000,10111110001111101010100000010011,10000000000001111011000000010001,11111110110100001000010000000001,2.7450980392156863 percent,933.0 revolutions_per_minute,703.0 second,0.78125 percent,0.0 kilometer_per_hour,<obd.OBDResponse.Status object at 0x7f6f81c8f9d0>,<obd.OBDResponse.Status object at 0x7f6f81c8fa90>,3.9215686274509802 percent,13.333333333333334 percent,13.72549019607843 percent,0.0 degree,bytearray(b'MEXKRDPA7NG020286'),0.0 count,2025-04-28 14:56:31,2025-04-28 14:56:36,2025-04-28 14:56:30,Signal Acquired,15.329286,73.932349,0.51,1.1,9.0,0.01,-0.05,-0.02,NO
,,,,,,,,,,,,,,,,,,,,,,,,,,,,,,,,,,,,,,,,,,,,,,,,,,,,,,,,,,,,,,,,,,,,,,,,,,,,,,,,,,,,,,,,,,,,,,,,,,,,,,,,,2025-04-28 14:56:30,Signal Acquired,15.329365,73.932252,4.74,1.02,7.86,-0.01,0.06,0.02,NO
,,,,,,,,,,,,,,,,,,,,,,,,,,,,,,,,,,,,,,,,,,,,,,,,,,,,,,,,,,,,,,,,,,,,,,,,,,,,,,,,,,,,,,,,,,,,,,,,,,,,,,,,,2025-04-28 14:56:30,Signal Acquired,15.329365,73.932252,3.06,0.81,8.52,-0.02,-0.03,0.0,NO
26.274509803921568 percent,14.901960784313726 percent,14.901960784313726 percent,36 degree_Celsius,99 kilopascal,bytearray(b'5E018DD3844BEA'),565.5 degree_Celsius,,,,,,0.0 kilometer,0.0 kilometer,,,,,,,,,,,,,,,,,,,,,,,,,,,,,,,,,,,,,,,ELM327 v1.5,12.4 volt,29.41176470588235 percent,7.8431372549019605 percent,89.80392156862744 percent,"('Closed loop, using oxygen sensor feedback to determine fuel mix', '')",Gasoline,[],[],39 kilopascal,57 degree_Celsius,1.5625 percent,0.0 percent,11000000000000000000000000000001,10000000000000000000100000001001,11000000000000000000000000000001,1.0,1.0,01111000000000000000000000000000,Unknown : 0.0 percent [PASSED],"Average misfire counts for last ten driving cycles : 0.0 count [PASSED]
Misfire counts for last/current driving cycles : 0.0 count [PASSED]","Average misfire counts for last ten driving cycles : 0.0 count [PASSED]
Misfire counts for last/current driving cycles : 0.0 count [PASSED]","Average misfire counts for last ten driving cycles : 0.0 count [PASSED]
Misfire counts for last/current driving cycles : 0.0 count [PASSED]","Average misfire counts for last ten driving cycles : 0.0 count [PASSED]
Misfire counts for last/current driving cycles : 0.0 count [PASSED]","Unknown : 0.0 count [PASSED]
Unknown : 0.0 count [PASSED]
Unknown : 0.0 ratio [PASSED]
Unknown : 0.0 millisecond [PASSED]","Rich to lean sensor switch time : 0.0 millisecond [PASSED]
Unknown : 0.0 millivolt [PASSED]
Unknown : 0.0 millivolt [PASSED]",Unknown : -40.0 degree_Celsius [PASSED],Unknown : 0.0 ohm [PASSED],Unknown : 0.0 count [PASSED],"Unknown : 0.0 degree [PASSED]
Unknown : 0.0 degree [PASSED]
Unknown : 0.0 degree [PASSED]
Unknown : 0.0 degree [PASSED]",0.73 volt,-0.01171875 milliampere,"((), (False, False, False, False), (False, False, True, True))",India OBD II (IOBD II),0101010001000000000000000000000000000000,10111110001111101010100000010011,10000000000001111011000000010001,11111110110100001000010000000001,3.1372549019607843 percent,925.0 revolutions_per_minute,711.0 second,0.78125 percent,0.0 kilometer_per_hour,<obd.OBDResponse.Status object at 0x7f6f81c9dc30>,<obd.OBDResponse.Status object at 0x7f6f81c9dcf0>,3.9215686274509802 percent,13.333333333333334 percent,13.72549019607843 percent,0.5 degree,bytearray(b'MEXKRDPA7NG020286'),0.0 count,2025-04-28 14:56:38,2025-04-28 14:56:44,2025-04-28 14:56:38,Signal Acquired,15.329444,73.932155,1.12,0.58,8.76,-0.02,-0.13,-0.02,NO
,,,,,,,,,,,,,,,,,,,,,,,,,,,,,,,,,,,,,,,,,,,,,,,,,,,,,,,,,,,,,,,,,,,,,,,,,,,,,,,,,,,,,,,,,,,,,,,,,,,,,,,,,2025-04-28 14:56:38,Signal Acquired,15.329444,73.932155,-0.79,-0.05,9.24,-0.1,0.03,0.01,NO
,,,,,,,,,,,,,,,,,,,,,,,,,,,,,,,,,,,,,,,,,,,,,,,,,,,,,,,,,,,,,,,,,,,,,,,,,,,,,,,,,,,,,,,,,,,,,,,,,,,,,,,,,2025-04-28 14:56:38,Signal Acquired,15.329525,73.932056,4.04,0.84,7.43,0.0,-0.05,0.07,NO
26.274509803921568 percent,14.901960784313726 percent,14.901960784313726 percent,37 degree_Celsius,99 kilopascal,bytearray(b'5E018DD3844BEA'),557.9 degree_Celsius,,,,,,0.0 kilometer,0.0 kilometer,,,,,,,,,,,,,,,,,,,,,,,,,,,,,,,,,,,,,,,ELM327 v1.5,12.5 volt,29.41176470588235 percent,7.8431372549019605 percent,89.80392156862744 percent,"('Closed loop, using oxygen sensor feedback to determine fuel mix', '')",Gasoline,[],[],39 kilopascal,57 degree_Celsius,1.5625 percent,0.0 percent,11000000000000000000000000000001,10000000000000000000100000001001,11000000000000000000000000000001,1.0,1.0,01111000000000000000000000000000,Unknown : 0.0 percent [PASSED],"Average misfire counts for last ten driving cycles : 0.0 count [PASSED]
Misfire counts for last/current driving cycles : 0.0 count [PASSED]","Average misfire counts for last ten driving cycles : 0.0 count [PASSED]
Misfire counts for last/current driving cycles : 0.0 count [PASSED]","Average misfire counts for last ten driving cycles : 0.0 count [PASSED]
Misfire counts for last/current driving cycles : 0.0 count [PASSED]","Average misfire counts for last ten driving cycles : 0.0 count [PASSED]
Misfire counts for last/current driving cycles : 0.0 count [PASSED]","Unknown : 0.0 count [PASSED]
Unknown : 0.0 count [PASSED]
Unknown : 0.0 ratio [PASSED]
Unknown : 0.0 millisecond [PASSED]","Rich to lean sensor switch time : 0.0 millisecond [PASSED]
Unknown : 0.0 millivolt [PASSED]
Unknown : 0.0 millivolt [PASSED]",Unknown : -40.0 degree_Celsius [PASSED],Unknown : 0.0 ohm [PASSED],Unknown : 0.0 count [PASSED],"Unknown : 0.0 degree [PASSED]
Unknown : 0.0 degree [PASSED]
Unknown : 0.0 degree [PASSED]
Unknown : 0.0 degree [PASSED]",0.735 volt,-0.01171875 milliampere,"((), (False, False, False, False), (False, False, True, True))",India OBD II (IOBD II),0101010001000000000000000000000000000000,10111110001111101010100000010011,10000000000001111011000000010001,11111110110100001000010000000001,3.1372549019607843 percent,928.5 revolutions_per_minute,718.0 second,0.78125 percent,0.0 kilometer_per_hour,<obd.OBDResponse.Status object at 0x7f6f81cb7dc0>,<obd.OBDResponse.Status object at 0x7f6f81cb7e80>,3.9215686274509802 percent,13.333333333333334 percent,13.72549019607843 percent,0.0 degree,bytearray(b'MEXKRDPA7NG020286'),0.0 count,2025-04-28 14:56:45,2025-04-28 14:56:51,2025-04-28 14:56:45,Signal Acquired,15.329525,73.932056,-3.48,-0.38,9.15,-0.16,0.14,0.1,NO
,,,,,,,,,,,,,,,,,,,,,,,,,,,,,,,,,,,,,,,,,,,,,,,,,,,,,,,,,,,,,,,,,,,,,,,,,,,,,,,,,,,,,,,,,,,,,,,,,,,,,,,,,2025-04-28 14:56:45,Signal Acquired,15.329599,73.931954,-0.04,0.17,9.38,0.05,-0.02,0.05,NO
,,,,,,,,,,,,,,,,,,,,,,,,,,,,,,,,,,,,,,,,,,,,,,,,,,,,,,,,,,,,,,,,,,,,,,,,,,,,,,,,,,,,,,,,,,,,,,,,,,,,,,,,,2025-04-28 14:56:45,Signal Acquired,15.329599,73.931954,3.54,0.75,8.57,0.03,0.09,0.07,NO
26.274509803921568 percent,14.901960784313726 percent,14.901960784313726 percent,37 degree_Celsius,99 kilopascal,bytearray(b'5E018DD3844BEA'),551.2 degree_Celsius,,,,,,0.0 kilometer,0.0 kilometer,,,,,,,,,,,,,,,,,,,,,,,,,,,,,,,,,,,,,,,ELM327 v1.5,12.5 volt,30.58823529411765 percent,7.8431372549019605 percent,89.80392156862744 percent,"('Closed loop, using oxygen sensor feedback to determine fuel mix', '')",Gasoline,[],[],39 kilopascal,57 degree_Celsius,1.5625 percent,0.0 percent,11000000000000000000000000000001,10000000000000000000100000001001,11000000000000000000000000000001,1.0,1.0,01111000000000000000000000000000,Unknown : 0.0 percent [PASSED],"Average misfire counts for last ten driving cycles : 0.0 count [PASSED]
Misfire counts for last/current driving cycles : 0.0 count [PASSED]","Average misfire counts for last ten driving cycles : 0.0 count [PASSED]
Misfire counts for last/current driving cycles : 0.0 count [PASSED]","Average misfire counts for last ten driving cycles : 0.0 count [PASSED]
Misfire counts for last/current driving cycles : 0.0 count [PASSED]","Average misfire counts for last ten driving cycles : 0.0 count [PASSED]
Misfire counts for last/current driving cycles : 0.0 count [PASSED]","Unknown : 0.0 count [PASSED]
Unknown : 0.0 count [PASSED]
Unknown : 0.0 ratio [PASSED]
Unknown : 0.0 millisecond [PASSED]","Rich to lean sensor switch time : 0.0 millisecond [PASSED]
Unknown : 0.0 millivolt [PASSED]
Unknown : 0.0 millivolt [PASSED]",Unknown : -40.0 degree_Celsius [PASSED],Unknown : 0.0 ohm [PASSED],Unknown : 0.0 count [PASSED],"Unknown : 0.0 degree [PASSED]
Unknown : 0.0 degree [PASSED]
Unknown : 0.0 degree [PASSED]
Unknown : 0.0 degree [PASSED]",0.735 volt,-0.015625 milliampere,"((), (False, False, False, False), (False, False, True, True))",India OBD II (IOBD II),0101010001000000000000000000000000000000,10111110001111101010100000010011,10000000000001111011000000010001,11111110110100001000010000000001,3.1372549019607843 percent,930.0 revolutions_per_minute,726.0 second,0.78125 percent,0.0 kilometer_per_hour,<obd.OBDResponse.Status object at 0x7f6f81cc6410>,<obd.OBDResponse.Status object at 0x7f6f81cc64d0>,4.313725490196078 percent,13.72549019607843 percent,13.72549019607843 percent,0.0 degree,bytearray(b'MEXKRDPA7NG020286'),0.0 count,2025-04-28 14:56:53,2025-04-28 14:56:59,2025-04-28 14:56:53,Signal Acquired,15.329666,73.931849,4.86,0.52,7.95,0.01,0.03,0.1,NO
,,,,,,,,,,,,,,,,,,,,,,,,,,,,,,,,,,,,,,,,,,,,,,,,,,,,,,,,,,,,,,,,,,,,,,,,,,,,,,,,,,,,,,,,,,,,,,,,,,,,,,,,,2025-04-28 14:56:53,Signal Acquired,15.329666,73.931849,-3.21,0.2,10.11,0.02,0.06,0.02,NO
,,,,,,,,,,,,,,,,,,,,,,,,,,,,,,,,,,,,,,,,,,,,,,,,,,,,,,,,,,,,,,,,,,,,,,,,,,,,,,,,,,,,,,,,,,,,,,,,,,,,,,,,,2025-04-28 14:56:53,Signal Acquired,15.329726,73.931742,-1.43,-0.1,8.45,-0.06,0.05,0.03,NO
26.274509803921568 percent,14.901960784313726 percent,14.901960784313726 percent,38 degree_Celsius,99 kilopascal,bytearray(b'5E018DD3844BEA'),544.6 degree_Celsius,,,,,,,0.0 kilometer,,,,,,,,,,,,,,,,,,,,,,,,,,,,,,,,,,,,,,,ELM327 v1.5,12.3 volt,30.58823529411765 percent,7.8431372549019605 percent,89.80392156862744 percent,"('Closed loop, using oxygen sensor feedback to determine fuel mix', '')",Gasoline,[],[],40 kilopascal,57 degree_Celsius,1.5625 percent,0.0 percent,11000000000000000000000000000001,10000000000000000000100000001001,11000000000000000000000000000001,1.0,1.0,01111000000000000000000000000000,Unknown : 0.0 percent [PASSED],"Average misfire counts for last ten driving cycles : 0.0 count [PASSED]
Misfire counts for last/current driving cycles : 0.0 count [PASSED]","Average misfire counts for last ten driving cycles : 0.0 count [PASSED]
Misfire counts for last/current driving cycles : 0.0 count [PASSED]","Average misfire counts for last ten driving cycles : 0.0 count [PASSED]
Misfire counts for last/current driving cycles : 0.0 count [PASSED]","Average misfire counts for last ten driving cycles : 0.0 count [PASSED]
Misfire counts for last/current driving cycles : 0.0 count [PASSED]","Unknown : 0.0 count [PASSED]
Unknown : 0.0 count [PASSED]
Unknown : 0.0 ratio [PASSED]
Unknown : 0.0 millisecond [PASSED]","Rich to lean sensor switch time : 0.0 millisecond [PASSED]
Unknown : 0.0 millivolt [PASSED]
Unknown : 0.0 millivolt [PASSED]",Unknown : -40.0 degree_Celsius [PASSED],Unknown : 0.0 ohm [PASSED],Unknown : 0.0 count [PASSED],"Unknown : 0.0 degree [PASSED]
Unknown : 0.0 degree [PASSED]
Unknown : 0.0 degree [PASSED]
Unknown : 0.0 degree [PASSED]",0.74 volt,-0.015625 milliampere,"((), (False, False, False, False), (False, False, True, True))",India OBD II (IOBD II),0101010001000000000000000000000000000000,10111110001111101010100000010011,10000000000001111011000000010001,11111110110100001000010000000001,3.1372549019607843 percent,933.0 revolutions_per_minute,734.0 second,0.78125 percent,0.0 kilometer_per_hour,<obd.OBDResponse.Status object at 0x7f6f81ce4070>,<obd.OBDResponse.Status object at 0x7f6f81ce4130>,3.9215686274509802 percent,13.333333333333334 percent,13.72549019607843 percent,-1.0 degree,bytearray(b'MEXKRDPA7NG020286'),0.0 count,2025-04-28 14:57:01,2025-04-28 14:57:07,2025-04-28 14:57:01,Signal Acquired,15.329726,73.931742,-0.5,0.0,8.79,-0.03,0.11,0.08,NO
,,,,,,,,,,,,,,,,,,,,,,,,,,,,,,,,,,,,,,,,,,,,,,,,,,,,,,,,,,,,,,,,,,,,,,,,,,,,,,,,,,,,,,,,,,,,,,,,,,,,,,,,,2025-04-28 14:57:01,Signal Acquired,15.329779,73.931632,-1.16,-0.22,9.03,-0.06,0.0,0.04,NO
,,,,,,,,,,,,,,,,,,,,,,,,,,,,,,,,,,,,,,,,,,,,,,,,,,,,,,,,,,,,,,,,,,,,,,,,,,,,,,,,,,,,,,,,,,,,,,,,,,,,,,,,,2025-04-28 14:57:01,Signal Acquired,15.329779,73.931632,-1.84,0.4,9.69,0.0,-0.09,-0.02,NO
26.666666666666668 percent,14.901960784313726 percent,14.901960784313726 percent,38 degree_Celsius,99 kilopascal,bytearray(b'5E018DD3844BEA'),538.7 degree_Celsius,,,,,,,0.0 kilometer,,,,,,,,,,,,,,,,,,,,,,,,,,,,,,,,,,,,,,,ELM327 v1.5,12.5 volt,30.19607843137255 percent,7.8431372549019605 percent,89.80392156862744 percent,"('Closed loop, using oxygen sensor feedback to determine fuel mix', '')",Gasoline,[],[],40 kilopascal,58 degree_Celsius,1.5625 percent,0.0 percent,11000000000000000000000000000001,10000000000000000000100000001001,11000000000000000000000000000001,1.0,1.0,01111000000000000000000000000000,Unknown : 0.0 percent [PASSED],"Average misfire counts for last ten driving cycles : 0.0 count [PASSED]
Misfire counts for last/current driving cycles : 0.0 count [PASSED]","Average misfire counts for last ten driving cycles : 0.0 count [PASSED]
Misfire counts for last/current driving cycles : 0.0 count [PASSED]","Average misfire counts for last ten driving cycles : 0.0 count [PASSED]
Misfire counts for last/current driving cycles : 0.0 count [PASSED]","Average misfire counts for last ten driving cycles : 0.0 count [PASSED]
Misfire counts for last/current driving cycles : 0.0 count [PASSED]","Unknown : 0.0 count [PASSED]
Unknown : 0.0 count [PASSED]
Unknown : 0.0 ratio [PASSED]
Unknown : 0.0 millisecond [PASSED]","Rich to lean sensor switch time : 0.0 millisecond [PASSED]
Unknown : 0.0 millivolt [PASSED]
Unknown : 0.0 millivolt [PASSED]",Unknown : -40.0 degree_Celsius [PASSED],Unknown : 0.0 ohm [PASSED],Unknown : 0.0 count [PASSED],"Unknown : 0.0 degree [PASSED]
Unknown : 0.0 degree [PASSED]
Unknown : 0.0 degree [PASSED]
Unknown : 0.0 degree [PASSED]",0.75 volt,-0.01171875 milliampere,"((), (False, False, False, False), (False, False, True, True))",India OBD II (IOBD II),0101010001000000000000000000000000000000,10111110001111101010100000010011,10000000000001111011000000010001,11111110110100001000010000000001,3.1372549019607843 percent,932.0 revolutions_per_minute,741.0 second,0.78125 percent,0.0 kilometer_per_hour,<obd.OBDResponse.Status object at 0x7f6f81cf6620>,<obd.OBDResponse.Status object at 0x7f6f81cf66e0>,3.9215686274509802 percent,13.72549019607843 percent,13.72549019607843 percent,0.0 degree,bytearray(b'MEXKRDPA7NG020286'),0.0 count,2025-04-28 14:57:09,2025-04-28 14:57:15,2025-04-28 14:57:08,Signal Acquired,15.329779,73.931632,0.8,0.08,9.07,-0.05,-0.05,0.0,NO
,,,,,,,,,,,,,,,,,,,,,,,,,,,,,,,,,,,,,,,,,,,,,,,,,,,,,,,,,,,,,,,,,,,,,,,,,,,,,,,,,,,,,,,,,,,,,,,,,,,,,,,,,2025-04-28 14:57:08,Signal Acquired,15.329779,73.931632,-2.55,0.28,9.9,-0.04,0.02,0.01,NO
,,,,,,,,,,,,,,,,,,,,,,,,,,,,,,,,,,,,,,,,,,,,,,,,,,,,,,,,,,,,,,,,,,,,,,,,,,,,,,,,,,,,,,,,,,,,,,,,,,,,,,,,,2025-04-28 14:57:08,Signal Acquired,15.329779,73.931632,1.2,0.35,8.9,-0.03,0.03,-0.0,NO
26.274509803921568 percent,14.901960784313726 percent,14.901960784313726 percent,38 degree_Celsius,99 kilopascal,bytearray(b'5E018DD3844BEA'),533.3000000000001 degree_Celsius,,,,,,0.0 kilometer,0.0 kilometer,,,,,,,,,,,,,,,,,,,,,,,,,,,,,,,,,,,,,,,ELM327 v1.5,12.5 volt,30.19607843137255 percent,7.8431372549019605 percent,89.80392156862744 percent,"('Closed loop, using oxygen sensor feedback to determine fuel mix', '')",Gasoline,[],[],39 kilopascal,58 degree_Celsius,1.5625 percent,0.0 percent,11000000000000000000000000000001,10000000000000000000100000001001,11000000000000000000000000000001,1.0,1.0,01111000000000000000000000000000,Unknown : 0.0 percent [PASSED],"Average misfire counts for last ten driving cycles : 0.0 count [PASSED]
Misfire counts for last/current driving cycles : 0.0 count [PASSED]","Average misfire counts for last ten driving cycles : 0.0 count [PASSED]
Misfire counts for last/current driving cycles : 0.0 count [PASSED]","Average misfire counts for last ten driving cycles : 0.0 count [PASSED]
Misfire counts for last/current driving cycles : 0.0 count [PASSED]","Average misfire counts for last ten driving cycles : 0.0 count [PASSED]
Misfire counts for last/current driving cycles : 0.0 count [PASSED]","Unknown : 0.0 count [PASSED]
Unknown : 0.0 count [PASSED]
Unknown : 0.0 ratio [PASSED]
Unknown : 0.0 millisecond [PASSED]","Rich to lean sensor switch time : 0.0 millisecond [PASSED]
Unknown : 0.0 millivolt [PASSED]
Unknown : 0.0 millivolt [PASSED]",Unknown : -40.0 degree_Celsius [PASSED],Unknown : 0.0 ohm [PASSED],Unknown : 0.0 count [PASSED],"Unknown : 0.0 degree [PASSED]
Unknown : 0.0 degree [PASSED]
Unknown : 0.0 degree [PASSED]
Unknown : 0.0 degree [PASSED]",0.75 volt,-0.0078125 milliampere,"((), (False, False, False, False), (False, False, True, True))",India OBD II (IOBD II),0101010001000000000000000000000000000000,10111110001111101010100000010011,10000000000001111011000000010001,11111110110100001000010000000001,4.313725490196078 percent,942.0 revolutions_per_minute,749.0 second,0.78125 percent,0.0 kilometer_per_hour,<obd.OBDResponse.Status object at 0x7f6f81d141c0>,<obd.OBDResponse.Status object at 0x7f6f81d14280>,6.666666666666667 percent,15.294117647058824 percent,15.686274509803921 percent,7.5 degree,bytearray(b'MEXKRDPA7NG020286'),0.0 count,2025-04-28 14:57:16,2025-04-28 14:57:22,2025-04-28 14:57:16,Signal Acquired,15.329779,73.931632,2.42,0.28,9.3,0.01,-0.08,-0.03,NO
,,,,,,,,,,,,,,,,,,,,,,,,,,,,,,,,,,,,,,,,,,,,,,,,,,,,,,,,,,,,,,,,,,,,,,,,,,,,,,,,,,,,,,,,,,,,,,,,,,,,,,,,,2025-04-28 14:57:16,Signal Acquired,15.329779,73.931632,3.52,0.49,8.7,-0.05,0.12,-0.02,NO
,,,,,,,,,,,,,,,,,,,,,,,,,,,,,,,,,,,,,,,,,,,,,,,,,,,,,,,,,,,,,,,,,,,,,,,,,,,,,,,,,,,,,,,,,,,,,,,,,,,,,,,,,2025-04-28 14:57:16,Signal Acquired,15.329779,73.931632,-2.29,0.6,9.25,-0.05,0.03,-0.02,NO
40.3921568627451 percent,14.901960784313726 percent,14.901960784313726 percent,39 degree_Celsius,99 kilopascal,bytearray(b'5E018DD3844BEA'),527.6 degree_Celsius,,,,,,0.0 kilometer,0.0 kilometer,,,,,,,,,,,,,,,,,,,,,,,,,,,,,,,,,,,,,,,ELM327 v1.5,12.5 volt,65.49019607843137 percent,74.90196078431373 percent,89.80392156862744 percent,"('Closed loop, using oxygen sensor feedback to determine fuel mix', '')",Gasoline,[],[],104 kilopascal,58 degree_Celsius,2.34375 percent,0.0 percent,11000000000000000000000000000001,10000000000000000000100000001001,11000000000000000000000000000001,1.0,1.0,01111000000000000000000000000000,Unknown : 0.0 percent [PASSED],"Average misfire counts for last ten driving cycles : 0.0 count [PASSED]
Misfire counts for last/current driving cycles : 0.0 count [PASSED]","Average misfire counts for last ten driving cycles : 0.0 count [PASSED]
Misfire counts for last/current driving cycles : 0.0 count [PASSED]","Average misfire counts for last ten driving cycles : 0.0 count [PASSED]
Misfire counts for last/current driving cycles : 0.0 count [PASSED]","Average misfire counts for last ten driving cycles : 0.0 count [PASSED]
Misfire counts for last/current driving cycles : 0.0 count [PASSED]","Unknown : 0.0 count [PASSED]
Unknown : 0.0 count [PASSED]
Unknown : 0.0 ratio [PASSED]
Unknown : 0.0 millisecond [PASSED]","Rich to lean sensor switch time : 0.0 millisecond [PASSED]
Unknown : 0.0 millivolt [PASSED]
Unknown : 0.0 millivolt [PASSED]",Unknown : -40.0 degree_Celsius [PASSED],Unknown : 0.0 ohm [PASSED],Unknown : 0.0 count [PASSED],"Unknown : 0.0 degree [PASSED]
Unknown : 0.0 degree [PASSED]
Unknown : 0.0 degree [PASSED]
Unknown : 0.0 degree [PASSED]",0.75 volt,-0.109375 milliampere,"((), (False, False, False, False), (False, False, True, True))",India OBD II (IOBD II),0101010001000000000000000000000000000000,10111110001111101010100000010011,10000000000001111011000000010001,11111110110100001000010000000001,2.3529411764705883 percent,1218.5 revolutions_per_minute,757.0 second,0.78125 percent,14.0 kilometer_per_hour,<obd.OBDResponse.Status object at 0x7f6f81d22830>,<obd.OBDResponse.Status object at 0x7f6f81d228f0>,10.588235294117647 percent,18.431372549019606 percent,18.431372549019606 percent,9.0 degree,bytearray(b'MEXKRDPA7NG020286'),0.0 count,2025-04-28 14:57:24,2025-04-28 14:57:30,2025-04-28 14:57:24,Signal Acquired,15.329779,73.931632,-0.74,0.78,9.48,0.0,0.01,0.02,NO
,,,,,,,,,,,,,,,,,,,,,,,,,,,,,,,,,,,,,,,,,,,,,,,,,,,,,,,,,,,,,,,,,,,,,,,,,,,,,,,,,,,,,,,,,,,,,,,,,,,,,,,,,2025-04-28 14:57:24,Signal Acquired,15.329779,73.931632,-1.47,0.49,9.63,-0.04,-0.03,0.02,NO
,,,,,,,,,,,,,,,,,,,,,,,,,,,,,,,,,,,,,,,,,,,,,,,,,,,,,,,,,,,,,,,,,,,,,,,,,,,,,,,,,,,,,,,,,,,,,,,,,,,,,,,,,2025-04-28 14:57:24,Signal Acquired,15.329779,73.931632,-0.53,0.61,8.74,-0.06,0.13,0.01,NO
85.49019607843137 percent,58.8235294117647 percent,59.21568627450981 percent,39 degree_Celsius,99 kilopascal,bytearray(b'5E018DD3844BEA'),532.2 degree_Celsius,,,,,,,0.0 kilometer,,,,,,,,,,,,,,,,,,,,,,,,,,,,,,,,,,,,,,,ELM327 v1.5,12.5 volt,3.1372549019607843 percent,0.0 percent,89.80392156862744 percent,"('Closed loop, using oxygen sensor feedback to determine fuel mix', '')",Gasoline,[],[],56 kilopascal,54 degree_Celsius,1.5625 percent,0.0 percent,11000000000000000000000000000001,10000000000000000000100000001001,11000000000000000000000000000001,1.0,1.0,01111000000000000000000000000000,Unknown : 0.0 percent [PASSED],"Average misfire counts for last ten driving cycles : 0.0 count [PASSED]
Misfire counts for last/current driving cycles : 0.0 count [PASSED]","Average misfire counts for last ten driving cycles : 0.0 count [PASSED]
Misfire counts for last/current driving cycles : 0.0 count [PASSED]","Average misfire counts for last ten driving cycles : 0.0 count [PASSED]
Misfire counts for last/current driving cycles : 0.0 count [PASSED]","Average misfire counts for last ten driving cycles : 0.0 count [PASSED]
Misfire counts for last/current driving cycles : 0.0 count [PASSED]","Unknown : 0.0 count [PASSED]
Unknown : 0.0 count [PASSED]
Unknown : 0.0 ratio [PASSED]
Unknown : 0.0 millisecond [PASSED]","Rich to lean sensor switch time : 0.0 millisecond [PASSED]
Unknown : 0.0 millivolt [PASSED]
Unknown : 0.0 millivolt [PASSED]",Unknown : -40.0 degree_Celsius [PASSED],Unknown : 0.0 ohm [PASSED],Unknown : 0.0 count [PASSED],"Unknown : 0.0 degree [PASSED]
Unknown : 0.0 degree [PASSED]
Unknown : 0.0 degree [PASSED]
Unknown : 0.0 degree [PASSED]",0.745 volt,-0.04296875 milliampere,"((), (False, False, False, False), (False, False, True, True))",India OBD II (IOBD II),0101010001000000000000000000000000000000,10111110001111101010100000010011,10000000000001111011000000010001,11111110110100001000010000000001,77.25490196078431 percent,1871.5 revolutions_per_minute,764.0 second,-0.78125 percent,43.0 kilometer_per_hour,<obd.OBDResponse.Status object at 0x7f6f81d38490>,<obd.OBDResponse.Status object at 0x7f6f81d38550>,99.6078431372549 percent,87.45098039215686 percent,88.23529411764706 percent,-6.0 degree,bytearray(b'MEXKRDPA7NG020286'),0.0 count,2025-04-28 14:57:31,2025-04-28 14:57:37,2025-04-28 14:57:31,Signal Acquired,15.329779,73.931632,1.7,0.62,8.18,-0.08,0.3,0.04,NO
,,,,,,,,,,,,,,,,,,,,,,,,,,,,,,,,,,,,,,,,,,,,,,,,,,,,,,,,,,,,,,,,,,,,,,,,,,,,,,,,,,,,,,,,,,,,,,,,,,,,,,,,,2025-04-28 14:57:31,Signal Acquired,15.330054,73.930958,3.06,1.42,8.4,0.14,0.04,0.02,NO
,,,,,,,,,,,,,,,,,,,,,,,,,,,,,,,,,,,,,,,,,,,,,,,,,,,,,,,,,,,,,,,,,,,,,,,,,,,,,,,,,,,,,,,,,,,,,,,,,,,,,,,,,2025-04-28 14:57:31,Signal Acquired,15.330054,73.930958,1.24,0.31,8.55,0.07,0.05,0.02,NO
,2025-04-28 14:57:39,Signal Acquired,15.330083,73.930843,2.94,0.68,8.67,0.07,-0.1,0.0,NO
,2025-04-28 14:57:39,Signal Acquired,15.330083,73.930843,3.03,0.4,8.9,-0.04,0.18,0.03,NO
,2025-04-28 14:57:39,Signal Acquired,15.330118,73.930727,2.5,0.59,8.48,0.04,-0.02,-0.0,NO
,,,,,,,,,,,,,,,,,,,,,,,,,,,,,,,,,,,,,,,,,,,,,,,,,,,,,,,,,,,,,,,,,,,,,,,,,,,,,,,,,,,,,,,,,,,,,,,,,,,,,,,,,2025-04-28 14:57:41,Signal Acquired,15.330118,73.930727,-5.08,-0.23,10.22,-0.09,0.02,0.06,NO
,,,,,,,,,,,,,,,,,,,,,,,,,,,,,,,,,,,,,,,,,,,,,,,,,,,,,,,,,,,,,,,,,,,,,,,,,,,,,,,,,,,,,,,,,,,,,,,,,,,,,,,,,2025-04-28 14:57:41,Signal Acquired,15.330157,73.930605,1.34,0.51,8.9,-0.04,-0.07,-0.05,NO
,,,,,,,,,,,,,,,,,,,,,,,,,,,,,,,,,,,,,,,,,,,,,,,,,,,,,,,,,,,,,,,,,,,,,,,,,,,,,,,,,,,,,,,,,,,,,,,,,,,,,,,,,2025-04-28 14:57:41,Signal Acquired,15.330157,73.930605,5.64,0.52,7.67,0.03,-0.09,-0.01,NO
,,,,,,,,,,,,,,,,,,,,,,,,,,,,,,,,,,,,,,,,,,,,,,,,,,,,,,,,,,,,,,,,,,,,,,,,,,,,,,,,,,,,,,,,,,,,,,,,,,,,,,,,,2025-04-28 14:57:44,Signal Acquired,15.3302,73.930482,2.88,0.35,8.6,-0.01,-0.04,0.0,NO
,,,,,,,,,,,,,,,,,,,,,,,,,,,,,,,,,,,,,,,,,,,,,,,,,,,,,,,,,,,,,,,,,,,,,,,,,,,,,,,,,,,,,,,,,,,,,,,,,,,,,,,,,2025-04-28 14:57:44,Signal Acquired,15.3302,73.930482,4.52,0.98,8.34,0.0,-0.12,0.02,NO
,,,,,,,,,,,,,,,,,,,,,,,,,,,,,,,,,,,,,,,,,,,,,,,,,,,,,,,,,,,,,,,,,,,,,,,,,,,,,,,,,,,,,,,,,,,,,,,,,,,,,,,,,2025-04-28 14:57:44,Signal Acquired,15.330243,73.930366,-0.25,0.87,9.46,0.04,-0.06,-0.01,NO
,,,,,,,,,,,,,,,,,,,,,,,,,,,,,,,,,,,,,,,,,,,,,,,,,,,,,,,,,,,,,,,,,,,,,,,,,,,,,,,,,,,,,,,,,,,,,,,,,,,,,,,,,2025-04-28 14:57:46,Signal Acquired,15.330243,73.930366,2.1,-0.2,9.4,-0.12,0.16,0.0,NO
,,,,,,,,,,,,,,,,,,,,,,,,,,,,,,,,,,,,,,,,,,,,,,,,,,,,,,,,,,,,,,,,,,,,,,,,,,,,,,,,,,,,,,,,,,,,,,,,,,,,,,,,,2025-04-28 14:57:46,Signal Acquired,15.330284,73.930253,1.4,1.11,8.83,-0.07,0.15,-0.0,NO
,,,,,,,,,,,,,,,,,,,,,,,,,,,,,,,,,,,,,,,,,,,,,,,,,,,,,,,,,,,,,,,,,,,,,,,,,,,,,,,,,,,,,,,,,,,,,,,,,,,,,,,,,2025-04-28 14:57:46,Signal Acquired,15.330284,73.930253,2.48,1.06,9.74,0.08,-0.17,-0.03,NO
,,,,,,,,,,,,,,,,,,,,,,,,,,,,,,,,,,,,,,,,,,,,,,,,,,,,,,,,,,,,,,,,,,,,,,,,,,,,,,,,,,,,,,,,,,,,,,,,,,,,,,,,,2025-04-28 14:57:49,Signal Acquired,15.330318,73.930144,3.69,1.23,8.53,0.13,-0.11,0.02,NO
,,,,,,,,,,,,,,,,,,,,,,,,,,,,,,,,,,,,,,,,,,,,,,,,,,,,,,,,,,,,,,,,,,,,,,,,,,,,,,,,,,,,,,,,,,,,,,,,,,,,,,,,,2025-04-28 14:57:49,Signal Acquired,15.330318,73.930144,-0.8,0.38,9.35,-0.05,0.05,0.03,NO
,,,,,,,,,,,,,,,,,,,,,,,,,,,,,,,,,,,,,,,,,,,,,,,,,,,,,,,,,,,,,,,,,,,,,,,,,,,,,,,,,,,,,,,,,,,,,,,,,,,,,,,,,2025-04-28 14:57:49,Signal Acquired,15.330355,73.930033,-1.72,0.37,9.45,-0.03,-0.05,-0.05,NO
,,,,,,,,,,,,,,,,,,,,,,,,,,,,,,,,,,,,,,,,,,,,,,,,,,,,,,,,,,,,,,,,,,,,,,,,,,,,,,,,,,,,,,,,,,,,,,,,,,,,,,,,,2025-04-28 14:57:51,Signal Acquired,15.330355,73.930033,-0.17,0.7,8.94,0.03,0.03,-0.04,NO
,,,,,,,,,,,,,,,,,,,,,,,,,,,,,,,,,,,,,,,,,,,,,,,,,,,,,,,,,,,,,,,,,,,,,,,,,,,,,,,,,,,,,,,,,,,,,,,,,,,,,,,,,2025-04-28 14:57:51,Signal Acquired,15.330392,73.929923,0.3,0.68,8.93,-0.01,0.04,-0.0,NO
,,,,,,,,,,,,,,,,,,,,,,,,,,,,,,,,,,,,,,,,,,,,,,,,,,,,,,,,,,,,,,,,,,,,,,,,,,,,,,,,,,,,,,,,,,,,,,,,,,,,,,,,,2025-04-28 14:57:52,Signal Acquired,15.330392,73.929923,4.02,0.44,8.2,-0.06,0.08,-0.01,NO
,,,,,,,,,,,,,,,,,,,,,,,,,,,,,,,,,,,,,,,,,,,,,,,,,,,,,,,,,,,,,,,,,,,,,,,,,,,,,,,,,,,,,,,,,,,,,,,,,,,,,,,,,2025-04-28 14:57:54,Signal Acquired,15.330431,73.929807,-0.59,1.52,9.28,0.01,0.13,0.02,NO
,,,,,,,,,,,,,,,,,,,,,,,,,,,,,,,,,,,,,,,,,,,,,,,,,,,,,,,,,,,,,,,,,,,,,,,,,,,,,,,,,,,,,,,,,,,,,,,,,,,,,,,,,2025-04-28 14:57:54,Signal Acquired,15.330431,73.929807,6.0,1.38,8.07,0.01,0.09,0.0,NO
,,,,,,,,,,,,,,,,,,,,,,,,,,,,,,,,,,,,,,,,,,,,,,,,,,,,,,,,,,,,,,,,,,,,,,,,,,,,,,,,,,,,,,,,,,,,,,,,,,,,,,,,,2025-04-28 14:57:54,Signal Acquired,15.330475,73.92969,0.31,0.44,8.64,-0.0,-0.1,-0.03,NO
,,,,,,,,,,,,,,,,,,,,,,,,,,,,,,,,,,,,,,,,,,,,,,,,,,,,,,,,,,,,,,,,,,,,,,,,,,,,,,,,,,,,,,,,,,,,,,,,,,,,,,,,,2025-04-28 14:57:57,Signal Acquired,15.330475,73.92969,-0.91,0.96,9.05,-0.11,0.17,-0.01,NO
,,,,,,,,,,,,,,,,,,,,,,,,,,,,,,,,,,,,,,,,,,,,,,,,,,,,,,,,,,,,,,,,,,,,,,,,,,,,,,,,,,,,,,,,,,,,,,,,,,,,,,,,,2025-04-28 14:57:57,Signal Acquired,15.330518,73.929578,0.72,0.32,9.59,0.03,-0.08,-0.05,NO
,,,,,,,,,,,,,,,,,,,,,,,,,,,,,,,,,,,,,,,,,,,,,,,,,,,,,,,,,,,,,,,,,,,,,,,,,,,,,,,,,,,,,,,,,,,,,,,,,,,,,,,,,2025-04-28 14:57:57,Signal Acquired,15.330518,73.929578,-1.21,0.04,9.62,0.05,0.02,-0.02,NO
,,,,,,,,,,,,,,,,,,,,,,,,,,,,,,,,,,,,,,,,,,,,,,,,,,,,,,,,,,,,,,,,,,,,,,,,,,,,,,,,,,,,,,,,,,,,,,,,,,,,,,,,,2025-04-28 14:57:59,Signal Acquired,15.33056,73.929462,-0.18,1.03,9.61,0.07,-0.06,-0.05,NO
,,,,,,,,,,,,,,,,,,,,,,,,,,,,,,,,,,,,,,,,,,,,,,,,,,,,,,,,,,,,,,,,,,,,,,,,,,,,,,,,,,,,,,,,,,,,,,,,,,,,,,,,,2025-04-28 14:57:59,Signal Acquired,15.33056,73.929462,4.34,0.4,7.89,-0.01,-0.05,-0.0,NO
,,,,,,,,,,,,,,,,,,,,,,,,,,,,,,,,,,,,,,,,,,,,,,,,,,,,,,,,,,,,,,,,,,,,,,,,,,,,,,,,,,,,,,,,,,,,,,,,,,,,,,,,,2025-04-28 14:57:59,Signal Acquired,15.330616,73.929353,0.69,0.66,9.27,-0.02,-0.03,-0.03,NO
,,,,,,,,,,,,,,,,,,,,,,,,,,,,,,,,,,,,,,,,,,,,,,,,,,,,,,,,,,,,,,,,,,,,,,,,,,,,,,,,,,,,,,,,,,,,,,,,,,,,,,,,,2025-04-28 14:58:02,Signal Acquired,15.330616,73.929353,1.87,0.2,8.86,-0.03,0.01,-0.05,NO
,,,,,,,,,,,,,,,,,,,,,,,,,,,,,,,,,,,,,,,,,,,,,,,,,,,,,,,,,,,,,,,,,,,,,,,,,,,,,,,,,,,,,,,,,,,,,,,,,,,,,,,,,2025-04-28 14:58:02,Signal Acquired,15.330668,73.929247,3.91,-0.05,8.41,-0.03,0.05,-0.04,NO
,,,,,,,,,,,,,,,,,,,,,,,,,,,,,,,,,,,,,,,,,,,,,,,,,,,,,,,,,,,,,,,,,,,,,,,,,,,,,,,,,,,,,,,,,,,,,,,,,,,,,,,,,2025-04-28 14:58:02,Signal Acquired,15.330668,73.929247,0.25,0.07,8.81,-0.07,0.01,-0.07,NO
57.254901960784316 percent,31.372549019607842 percent,31.372549019607842 percent,36 degree_Celsius,99 kilopascal,bytearray(b'5E018DD3844BEA'),563.4 degree_Celsius,,,,,,0.0 kilometer,0.0 kilometer,,,,,,,,,,,,,,,,,,,,,,,,,,,,,,,,,,,,,,,ELM327 v1.5,12.5 volt,23.137254901960784 percent,50.98039215686274 percent,89.80392156862744 percent,"('Closed loop, using oxygen sensor feedback to determine fuel mix', '')",Gasoline,[],[],54 kilopascal,58 degree_Celsius,1.5625 percent,0.0 percent,11000000000000000000000000000001,10000000000000000000100000001001,11000000000000000000000000000001,1.0,1.0,01111000000000000000000000000000,Unknown : 0.0 percent [PASSED],"Average misfire counts for last ten driving cycles : 0.0 count [PASSED]
Misfire counts for last/current driving cycles : 0.0 count [PASSED]","Average misfire counts for last ten driving cycles : 0.0 count [PASSED]
Misfire counts for last/current driving cycles : 0.0 count [PASSED]","Average misfire counts for last ten driving cycles : 0.0 count [PASSED]
Misfire counts for last/current driving cycles : 0.0 count [PASSED]","Average misfire counts for last ten driving cycles : 0.0 count [PASSED]
Misfire counts for last/current driving cycles : 0.0 count [PASSED]","Unknown : 0.0 count [PASSED]
Unknown : 0.0 count [PASSED]
Unknown : 0.0 ratio [PASSED]
Unknown : 0.0 millisecond [PASSED]","Rich to lean sensor switch time : 0.0 millisecond [PASSED]
Unknown : 0.0 millivolt [PASSED]
Unknown : 0.0 millivolt [PASSED]",Unknown : -40.0 degree_Celsius [PASSED],Unknown : 0.0 ohm [PASSED],Unknown : 0.0 count [PASSED],"Unknown : 0.0 degree [PASSED]
Unknown : 0.0 degree [PASSED]
Unknown : 0.0 degree [PASSED]
Unknown : 0.0 degree [PASSED]",0.745 volt,-0.015625 milliampere,"((), (False, False, False, False), (False, False, True, True))",India OBD II (IOBD II),0101010001000000000000000000000000000000,10111110001111101010100000010011,10000000000001111011000000010001,11111110110100001000010000000001,7.0588235294117645 percent,1564.5 revolutions_per_minute,859.0 second,0.78125 percent,34.0 kilometer_per_hour,<obd.OBDResponse.Status object at 0x7dd5d67ff1f0>,<obd.OBDResponse.Status object at 0x7dd5d67ff730>,9.411764705882353 percent,17.647058823529413 percent,17.647058823529413 percent,16.5 degree,bytearray(b'MEXKRDPA7NG020286'),0.0 count,2025-04-28 14:59:07,2025-04-28 14:59:13,2025-04-28 14:59:08,Signal Acquired,15.376306,73.925689,1.58,0.56,8.58,-0.05,0.04,-0.02,NO
,,,,,,,,,,,,,,,,,,,,,,,,,,,,,,,,,,,,,,,,,,,,,,,,,,,,,,,,,,,,,,,,,,,,,,,,,,,,,,,,,,,,,,,,,,,,,,,,,,,,,,,,,2025-04-28 14:59:08,Signal Acquired,15.376306,73.925689,2.12,0.41,8.87,-0.05,-0.0,-0.01,NO
,,,,,,,,,,,,,,,,,,,,,,,,,,,,,,,,,,,,,,,,,,,,,,,,,,,,,,,,,,,,,,,,,,,,,,,,,,,,,,,,,,,,,,,,,,,,,,,,,,,,,,,,,2025-04-28 14:59:09,Signal Acquired,15.376387,73.92567,-1.23,0.57,9.49,-0.06,0.13,-0.0,NO
107.05882352941177 percent,49.01960784313726 percent,49.411764705882355 percent,36 degree_Celsius,99 kilopascal,bytearray(b'5E018DD3844BEA'),561.2 degree_Celsius,,,,,,0.0 kilometer,0.0 kilometer,,,,,,,,,,,,,,,,,,,,,,,,,,,,,,,,,,,,,,,ELM327 v1.5,12.5 volt,98.43137254901961 percent,98.43137254901961 percent,89.80392156862744 percent,"('Closed loop, using oxygen sensor feedback to determine fuel mix', '')",Gasoline,[],[],89 kilopascal,57 degree_Celsius,1.5625 percent,0.0 percent,11000000000000000000000000000001,10000000000000000000100000001001,11000000000000000000000000000001,1.0,1.0,01111000000000000000000000000000,Unknown : 0.0 percent [PASSED],"Average misfire counts for last ten driving cycles : 0.0 count [PASSED]
Misfire counts for last/current driving cycles : 0.0 count [PASSED]","Average misfire counts for last ten driving cycles : 0.0 count [PASSED]
Misfire counts for last/current driving cycles : 0.0 count [PASSED]","Average misfire counts for last ten driving cycles : 0.0 count [PASSED]
Misfire counts for last/current driving cycles : 0.0 count [PASSED]","Average misfire counts for last ten driving cycles : 0.0 count [PASSED]
Misfire counts for last/current driving cycles : 0.0 count [PASSED]","Unknown : 0.0 count [PASSED]
Unknown : 0.0 count [PASSED]
Unknown : 0.0 ratio [PASSED]
Unknown : 0.0 millisecond [PASSED]","Rich to lean sensor switch time : 0.0 millisecond [PASSED]
Unknown : 0.0 millivolt [PASSED]
Unknown : 0.0 millivolt [PASSED]",Unknown : -40.0 degree_Celsius [PASSED],Unknown : 0.0 ohm [PASSED],Unknown : 0.0 count [PASSED],"Unknown : 0.0 degree [PASSED]
Unknown : 0.0 degree [PASSED]
Unknown : 0.0 degree [PASSED]
Unknown : 0.0 degree [PASSED]",0.695 volt,0.05859375 milliampere,"((), (False, False, False, False), (False, False, True, True))",India OBD II (IOBD II),0101010001000000000000000000000000000000,10111110001111101010100000010011,10000000000001111011000000010001,11111110110100001000010000000001,74.50980392156863 percent,1902.5 revolutions_per_minute,866.0 second,-1.5625 percent,55.0 kilometer_per_hour,<obd.OBDResponse.Status object at 0x7dd5d4e978b0>,<obd.OBDResponse.Status object at 0x7dd5d4e97970>,99.6078431372549 percent,87.45098039215686 percent,88.23529411764706 percent,0.5 degree,bytearray(b'MEXKRDPA7NG020286'),0.0 count,2025-04-28 14:59:14,2025-04-28 14:59:19,2025-04-28 14:59:14,Signal Acquired,15.376387,73.92567,1.2,0.74,8.71,-0.01,0.05,-0.01,NO
,,,,,,,,,,,,,,,,,,,,,,,,,,,,,,,,,,,,,,,,,,,,,,,,,,,,,,,,,,,,,,,,,,,,,,,,,,,,,,,,,,,,,,,,,,,,,,,,,,,,,,,,,2025-04-28 14:59:14,Signal Acquired,15.376467,73.925658,1.7,0.55,8.94,-0.0,-0.02,-0.01,NO
,,,,,,,,,,,,,,,,,,,,,,,,,,,,,,,,,,,,,,,,,,,,,,,,,,,,,,,,,,,,,,,,,,,,,,,,,,,,,,,,,,,,,,,,,,,,,,,,,,,,,,,,,2025-04-28 14:59:14,Signal Acquired,15.376467,73.925658,1.27,0.19,9.07,0.01,0.02,-0.02,NO
143.13725490196077 percent,48.23529411764706 percent,48.23529411764706 percent,36 degree_Celsius,99 kilopascal,bytearray(b'5E018DD3844BEA'),665.8000000000001 degree_Celsius,,,,,,0.0 kilometer,0.0 kilometer,,,,,,,,,,,,,,,,,,,,,,,,,,,,,,,,,,,,,,,ELM327 v1.5,12.5 volt,17.647058823529413 percent,1.5686274509803921 percent,89.80392156862744 percent,"('Closed loop, using oxygen sensor feedback to determine fuel mix', '')",Gasoline,[],[],34 kilopascal,56 degree_Celsius,1.5625 percent,0.0 percent,11000000000000000000000000000001,10000000000000000000100000001001,11000000000000000000000000000001,1.0,1.0,01111000000000000000000000000000,Unknown : 0.0 percent [PASSED],"Average misfire counts for last ten driving cycles : 0.0 count [PASSED]
Misfire counts for last/current driving cycles : 0.0 count [PASSED]","Average misfire counts for last ten driving cycles : 0.0 count [PASSED]
Misfire counts for last/current driving cycles : 0.0 count [PASSED]","Average misfire counts for last ten driving cycles : 0.0 count [PASSED]
Misfire counts for last/current driving cycles : 0.0 count [PASSED]","Average misfire counts for last ten driving cycles : 0.0 count [PASSED]
Misfire counts for last/current driving cycles : 0.0 count [PASSED]","Unknown : 0.0 count [PASSED]
Unknown : 0.0 count [PASSED]
Unknown : 0.0 ratio [PASSED]
Unknown : 0.0 millisecond [PASSED]","Rich to lean sensor switch time : 0.0 millisecond [PASSED]
Unknown : 0.0 millivolt [PASSED]
Unknown : 0.0 millivolt [PASSED]",Unknown : -40.0 degree_Celsius [PASSED],Unknown : 0.0 ohm [PASSED],Unknown : 0.0 count [PASSED],"Unknown : 0.0 degree [PASSED]
Unknown : 0.0 degree [PASSED]
Unknown : 0.0 degree [PASSED]
Unknown : 0.0 degree [PASSED]",0.71 volt,0.046875 milliampere,"((), (False, False, False, False), (False, False, True, True))",India OBD II (IOBD II),0101010001000000000000000000000000000000,10111110001111101010100000010011,10000000000001111011000000010001,11111110110100001000010000000001,3.5294117647058822 percent,1698.5 revolutions_per_minute,873.0 second,0.0 percent,62.0 kilometer_per_hour,<obd.OBDResponse.Status object at 0x7dd5d67fe5c0>,<obd.OBDResponse.Status object at 0x7dd5d67fdf90>,3.9215686274509802 percent,13.72549019607843 percent,13.72549019607843 percent,-9.0 degree,bytearray(b'MEXKRDPA7NG020286'),0.0 count,2025-04-28 14:59:21,2025-04-28 14:59:26,2025-04-28 14:59:21,Signal Acquired,15.376555,73.925649,1.15,0.85,8.61,0.01,0.02,-0.01,NO
,,,,,,,,,,,,,,,,,,,,,,,,,,,,,,,,,,,,,,,,,,,,,,,,,,,,,,,,,,,,,,,,,,,,,,,,,,,,,,,,,,,,,,,,,,,,,,,,,,,,,,,,,2025-04-28 14:59:21,Signal Acquired,15.376555,73.925649,-0.76,0.52,9.18,-0.01,0.02,0.01,NO
,,,,,,,,,,,,,,,,,,,,,,,,,,,,,,,,,,,,,,,,,,,,,,,,,,,,,,,,,,,,,,,,,,,,,,,,,,,,,,,,,,,,,,,,,,,,,,,,,,,,,,,,,2025-04-28 14:59:21,Signal Acquired,15.376644,73.92564,1.7,0.73,9.08,-0.02,0.03,-0.0,NO
15.686274509803921 percent,14.901960784313726 percent,14.901960784313726 percent,36 degree_Celsius,99 kilopascal,bytearray(b'5E018DD3844BEA'),658.9000000000001 degree_Celsius,,,,,,0.0 kilometer,0.0 kilometer,,,,,,,,,,,,,,,,,,,,,,,,,,,,,,,,,,,,,,,ELM327 v1.5,13.9 volt,0.0 percent,0.0 percent,89.80392156862744 percent,"('Open loop due to engine load OR fuel cut due to deceleration', '')",Gasoline,[],[],28 kilopascal,58 degree_Celsius,-2.34375 percent,0.0 percent,11000000000000000000000000000001,10000000000000000000100000001001,11000000000000000000000000000001,1.0,1.0,01111000000000000000000000000000,Unknown : 0.0 percent [PASSED],"Average misfire counts for last ten driving cycles : 0.0 count [PASSED]
Misfire counts for last/current driving cycles : 0.0 count [PASSED]","Average misfire counts for last ten driving cycles : 0.0 count [PASSED]
Misfire counts for last/current driving cycles : 0.0 count [PASSED]","Average misfire counts for last ten driving cycles : 0.0 count [PASSED]
Misfire counts for last/current driving cycles : 0.0 count [PASSED]","Average misfire counts for last ten driving cycles : 0.0 count [PASSED]
Misfire counts for last/current driving cycles : 0.0 count [PASSED]","Unknown : 0.0 count [PASSED]
Unknown : 0.0 count [PASSED]
Unknown : 0.0 ratio [PASSED]
Unknown : 0.0 millisecond [PASSED]","Rich to lean sensor switch time : 0.0 millisecond [PASSED]
Unknown : 0.0 millivolt [PASSED]
Unknown : 0.0 millivolt [PASSED]",Unknown : -40.0 degree_Celsius [PASSED],Unknown : 0.0 ohm [PASSED],Unknown : 0.0 count [PASSED],"Unknown : 0.0 degree [PASSED]
Unknown : 0.0 degree [PASSED]
Unknown : 0.0 degree [PASSED]
Unknown : 0.0 degree [PASSED]",0.0 volt,1.1953125 milliampere,"((), (False, False, False, False), (False, False, True, True))",India OBD II (IOBD II),0101010001000000000000000000000000000000,10111110001111101010100000010011,10000000000001111011000000010001,11111110110100001000010000000001,1.1764705882352942 percent,1566.0 revolutions_per_minute,880.0 second,0.0 percent,58.0 kilometer_per_hour,<obd.OBDResponse.Status object at 0x7dd5d4ecbbe0>,<obd.OBDResponse.Status object at 0x7dd5d4ecbca0>,1.5686274509803921 percent,11.372549019607844 percent,11.764705882352942 percent,-10.0 degree,bytearray(b'MEXKRDPA7NG020286'),0.0 count,2025-04-28 14:59:28,2025-04-28 14:59:33,2025-04-28 14:59:28,Signal Acquired,15.376644,73.92564,-0.79,1.15,8.89,-0.04,0.06,0.01,NO
,,,,,,,,,,,,,,,,,,,,,,,,,,,,,,,,,,,,,,,,,,,,,,,,,,,,,,,,,,,,,,,,,,,,,,,,,,,,,,,,,,,,,,,,,,,,,,,,,,,,,,,,,2025-04-28 14:59:28,Signal Acquired,15.376734,73.925631,-0.99,1.0,9.1,-0.02,0.05,0.04,NO
,,,,,,,,,,,,,,,,,,,,,,,,,,,,,,,,,,,,,,,,,,,,,,,,,,,,,,,,,,,,,,,,,,,,,,,,,,,,,,,,,,,,,,,,,,,,,,,,,,,,,,,,,2025-04-28 14:59:28,Signal Acquired,15.376734,73.925631,0.61,1.19,9.07,0.02,0.05,0.05,NO
17.254901960784313 percent,14.901960784313726 percent,15.294117647058824 percent,35 degree_Celsius,99 kilopascal,bytearray(b'5E018DD3844BEA'),646.6 degree_Celsius,,,,,,0.0 kilometer,0.0 kilometer,,,,,,,,,,,,,,,,,,,,,,,,,,,,,,,,,,,,,,,ELM327 v1.5,13.9 volt,0.0 percent,0.0 percent,89.80392156862744 percent,"('Open loop due to engine load OR fuel cut due to deceleration', '')",Gasoline,[],[],29 kilopascal,59 degree_Celsius,1.5625 percent,0.0 percent,11000000000000000000000000000001,10000000000000000000100000001001,11000000000000000000000000000001,1.0,1.0,01111000000000000000000000000000,Unknown : 0.0 percent [PASSED],"Average misfire counts for last ten driving cycles : 0.0 count [PASSED]
Misfire counts for last/current driving cycles : 0.0 count [PASSED]","Average misfire counts for last ten driving cycles : 0.0 count [PASSED]
Misfire counts for last/current driving cycles : 0.0 count [PASSED]","Average misfire counts for last ten driving cycles : 0.0 count [PASSED]
Misfire counts for last/current driving cycles : 0.0 count [PASSED]","Average misfire counts for last ten driving cycles : 0.0 count [PASSED]
Misfire counts for last/current driving cycles : 0.0 count [PASSED]","Unknown : 0.0 count [PASSED]
Unknown : 0.0 count [PASSED]
Unknown : 0.0 ratio [PASSED]
Unknown : 0.0 millisecond [PASSED]","Rich to lean sensor switch time : 0.0 millisecond [PASSED]
Unknown : 0.0 millivolt [PASSED]
Unknown : 0.0 millivolt [PASSED]",Unknown : -40.0 degree_Celsius [PASSED],Unknown : 0.0 ohm [PASSED],Unknown : 0.0 count [PASSED],"Unknown : 0.0 degree [PASSED]
Unknown : 0.0 degree [PASSED]
Unknown : 0.0 degree [PASSED]
Unknown : 0.0 degree [PASSED]",0.0 volt,1.28125 milliampere,"((), (False, False, False, False), (False, False, True, True))",India OBD II (IOBD II),0101010001000000000000000000000000000000,10111110001111101010100000010011,10000000000001111011000000010001,11111110110100001000010000000001,3.1372549019607843 percent,1443.5 revolutions_per_minute,887.0 second,0.0 percent,53.0 kilometer_per_hour,<obd.OBDResponse.Status object at 0x7dd5d4f01d20>,<obd.OBDResponse.Status object at 0x7dd5d4f01de0>,3.9215686274509802 percent,13.333333333333334 percent,13.72549019607843 percent,-10.5 degree,bytearray(b'MEXKRDPA7NG020286'),0.0 count,2025-04-28 14:59:35,2025-04-28 14:59:40,2025-04-28 14:59:35,Signal Acquired,15.376825,73.925618,0.64,1.52,8.96,-0.04,-0.02,0.04,NO
,,,,,,,,,,,,,,,,,,,,,,,,,,,,,,,,,,,,,,,,,,,,,,,,,,,,,,,,,,,,,,,,,,,,,,,,,,,,,,,,,,,,,,,,,,,,,,,,,,,,,,,,,2025-04-28 14:59:35,Signal Acquired,15.376825,73.925618,0.72,1.73,9.55,-0.05,0.03,-0.02,NO
,,,,,,,,,,,,,,,,,,,,,,,,,,,,,,,,,,,,,,,,,,,,,,,,,,,,,,,,,,,,,,,,,,,,,,,,,,,,,,,,,,,,,,,,,,,,,,,,,,,,,,,,,2025-04-28 14:59:35,Signal Acquired,15.376922,73.925602,4.33,1.31,8.57,-0.01,-0.02,-0.08,NO
27.84313725490196 percent,15.686274509803921 percent,15.686274509803921 percent,35 degree_Celsius,99 kilopascal,bytearray(b'5E018DD3844BEA'),623.4000000000001 degree_Celsius,,,,,,0.0 kilometer,0.0 kilometer,,,,,,,,,,,,,,,,,,,,,,,,,,,,,,,,,,,,,,,ELM327 v1.5,12.5 volt,40.0 percent,5.098039215686274 percent,89.80392156862744 percent,"('Closed loop, using oxygen sensor feedback to determine fuel mix', '')",Gasoline,[],[],93 kilopascal,59 degree_Celsius,2.34375 percent,0.0 percent,11000000000000000000000000000001,10000000000000000000100000001001,11000000000000000000000000000001,1.0,1.0,01111000000000000000000000000000,Unknown : 0.0 percent [PASSED],"Average misfire counts for last ten driving cycles : 0.0 count [PASSED]
Misfire counts for last/current driving cycles : 1.0 count [PASSED]","Average misfire counts for last ten driving cycles : 0.0 count [PASSED]
Misfire counts for last/current driving cycles : 0.0 count [PASSED]","Average misfire counts for last ten driving cycles : 0.0 count [PASSED]
Misfire counts for last/current driving cycles : 0.0 count [PASSED]","Average misfire counts for last ten driving cycles : 0.0 count [PASSED]
Misfire counts for last/current driving cycles : 0.0 count [PASSED]","Unknown : 0.0 count [PASSED]
Unknown : 0.0 count [PASSED]
Unknown : 0.0 ratio [PASSED]
Unknown : 0.0 millisecond [PASSED]","Rich to lean sensor switch time : 0.0 millisecond [PASSED]
Unknown : 0.0 millivolt [PASSED]
Unknown : 0.0 millivolt [PASSED]",Unknown : -40.0 degree_Celsius [PASSED],Unknown : 0.0 ohm [PASSED],Unknown : 0.0 count [PASSED],"Unknown : 0.0 degree [PASSED]
Unknown : 0.0 degree [PASSED]
Unknown : 0.0 degree [PASSED]
Unknown : 0.0 degree [PASSED]",0.19 volt,-0.078125 milliampere,"((), (False, False, False, False), (False, False, True, True))",India OBD II (IOBD II),0101010001000000000000000000000000000000,10111110001111101010100000010011,10000000000001111011000000010001,11111110110100001000010000000001,50.98039215686274 percent,1662.0 revolutions_per_minute,894.0 second,2.34375 percent,49.0 kilometer_per_hour,<obd.OBDResponse.Status object at 0x7dd5d4f241c0>,<obd.OBDResponse.Status object at 0x7dd5d4f24280>,66.66666666666667 percent,61.96078431372549 percent,62.745098039215684 percent,2.0 degree,bytearray(b'MEXKRDPA7NG020286'),0.0 count,2025-04-28 14:59:42,2025-04-28 14:59:47,2025-04-28 14:59:42,Signal Acquired,15.376922,73.925602,0.33,1.67,8.91,-0.04,0.13,-0.12,NO
,,,,,,,,,,,,,,,,,,,,,,,,,,,,,,,,,,,,,,,,,,,,,,,,,,,,,,,,,,,,,,,,,,,,,,,,,,,,,,,,,,,,,,,,,,,,,,,,,,,,,,,,,2025-04-28 14:59:42,Signal Acquired,15.377031,73.925591,2.63,2.48,9.16,-0.03,-0.13,-0.12,NO
,,,,,,,,,,,,,,,,,,,,,,,,,,,,,,,,,,,,,,,,,,,,,,,,,,,,,,,,,,,,,,,,,,,,,,,,,,,,,,,,,,,,,,,,,,,,,,,,,,,,,,,,,2025-04-28 14:59:42,Signal Acquired,15.377031,73.925591,3.94,2.35,8.95,0.0,-0.04,-0.06,NO
27.058823529411764 percent,14.901960784313726 percent,14.901960784313726 percent,35 degree_Celsius,99 kilopascal,bytearray(b'5E018DD3844BEA'),598.1 degree_Celsius,,,,,,0.0 kilometer,0.0 kilometer,,,,,,,,,,,,,,,,,,,,,,,,,,,,,,,,,,,,,,,ELM327 v1.5,12.4 volt,21.96078431372549 percent,0.0 percent,89.80392156862744 percent,"('Open loop due to engine load OR fuel cut due to deceleration', '')",Gasoline,[],[],32 kilopascal,57 degree_Celsius,0.78125 percent,0.0 percent,11000000000000000000000000000001,10000000000000000000100000001001,11000000000000000000000000000001,1.0,1.0,01111000000000000000000000000000,Unknown : 0.0 percent [PASSED],"Average misfire counts for last ten driving cycles : 0.0 count [PASSED]
Misfire counts for last/current driving cycles : 0.0 count [PASSED]","Average misfire counts for last ten driving cycles : 0.0 count [PASSED]
Misfire counts for last/current driving cycles : 0.0 count [PASSED]","Average misfire counts for last ten driving cycles : 0.0 count [PASSED]
Misfire counts for last/current driving cycles : 0.0 count [PASSED]","Average misfire counts for last ten driving cycles : 0.0 count [PASSED]
Misfire counts for last/current driving cycles : 0.0 count [PASSED]","Unknown : 0.0 count [PASSED]
Unknown : 0.0 count [PASSED]
Unknown : 0.0 ratio [PASSED]
Unknown : 0.0 millisecond [PASSED]","Rich to lean sensor switch time : 0.0 millisecond [PASSED]
Unknown : 0.0 millivolt [PASSED]
Unknown : 0.0 millivolt [PASSED]",Unknown : -40.0 degree_Celsius [PASSED],Unknown : 0.0 ohm [PASSED],Unknown : 0.0 count [PASSED],"Unknown : 0.0 degree [PASSED]
Unknown : 0.0 degree [PASSED]
Unknown : 0.0 degree [PASSED]
Unknown : 0.0 degree [PASSED]",0.705 volt,-0.07421875 milliampere,"((), (False, False, False, False), (False, False, True, True))",India OBD II (IOBD II),0101010001000000000000000000000000000000,10111110001111101010100000010011,10000000000001111011000000010001,11111110110100001000010000000001,3.1372549019607843 percent,1138.0 revolutions_per_minute,900.0 second,-3.90625 percent,44.0 kilometer_per_hour,<obd.OBDResponse.Status object at 0x7dd5d4f27f40>,<obd.OBDResponse.Status object at 0x7dd5d4f27fa0>,3.5294117647058822 percent,12.941176470588236 percent,12.941176470588236 percent,-4.0 degree,bytearray(b'MEXKRDPA7NG020286'),0.0 count,2025-04-28 14:59:48,2025-04-28 14:59:54,2025-04-28 14:59:48,Signal Acquired,15.377152,73.92559,-0.48,2.6,8.73,-0.07,0.12,-0.02,NO
,,,,,,,,,,,,,,,,,,,,,,,,,,,,,,,,,,,,,,,,,,,,,,,,,,,,,,,,,,,,,,,,,,,,,,,,,,,,,,,,,,,,,,,,,,,,,,,,,,,,,,,,,2025-04-28 14:59:48,Signal Acquired,15.377152,73.92559,2.7,1.5,8.92,0.01,-0.03,-0.04,NO
,,,,,,,,,,,,,,,,,,,,,,,,,,,,,,,,,,,,,,,,,,,,,,,,,,,,,,,,,,,,,,,,,,,,,,,,,,,,,,,,,,,,,,,,,,,,,,,,,,,,,,,,,2025-04-28 14:59:48,Signal Acquired,15.377288,73.925597,3.97,0.76,8.91,0.03,-0.08,-0.01,NO
16.07843137254902 percent,14.901960784313726 percent,14.901960784313726 percent,35 degree_Celsius,99 kilopascal,bytearray(b'5E018DD3844BEA'),591.5 degree_Celsius,,,,,,0.0 kilometer,0.0 kilometer,,,,,,,,,,,,,,,,,,,,,,,,,,,,,,,,,,,,,,,ELM327 v1.5,12.5 volt,52.549019607843135 percent,97.6470588235294 percent,89.80392156862744 percent,"('Closed loop, using oxygen sensor feedback to determine fuel mix', '')",Gasoline,[],[],107 kilopascal,57 degree_Celsius,2.34375 percent,0.0 percent,11000000000000000000000000000001,10000000000000000000100000001001,11000000000000000000000000000001,1.0,1.0,01111000000000000000000000000000,Unknown : 0.0 percent [PASSED],"Average misfire counts for last ten driving cycles : 0.0 count [PASSED]
Misfire counts for last/current driving cycles : 1.0 count [PASSED]","Average misfire counts for last ten driving cycles : 0.0 count [PASSED]
Misfire counts for last/current driving cycles : 0.0 count [PASSED]","Average misfire counts for last ten driving cycles : 0.0 count [PASSED]
Misfire counts for last/current driving cycles : 0.0 count [PASSED]","Average misfire counts for last ten driving cycles : 0.0 count [PASSED]
Misfire counts for last/current driving cycles : 0.0 count [PASSED]","Unknown : 0.0 count [PASSED]
Unknown : 0.0 count [PASSED]
Unknown : 0.0 ratio [PASSED]
Unknown : 0.0 millisecond [PASSED]","Rich to lean sensor switch time : 0.0 millisecond [PASSED]
Unknown : 0.0 millivolt [PASSED]
Unknown : 0.0 millivolt [PASSED]",Unknown : -40.0 degree_Celsius [PASSED],Unknown : 0.0 ohm [PASSED],Unknown : 0.0 count [PASSED],"Unknown : 0.0 degree [PASSED]
Unknown : 0.0 degree [PASSED]
Unknown : 0.0 degree [PASSED]
Unknown : 0.0 degree [PASSED]",0.72 volt,-0.02734375 milliampere,"((), (False, False, False, False), (False, False, True, True))",India OBD II (IOBD II),0101010001000000000000000000000000000000,10111110001111101010100000010011,10000000000001111011000000010001,11111110110100001000010000000001,50.98039215686274 percent,1819.5 revolutions_per_minute,907.0 second,0.78125 percent,53.0 kilometer_per_hour,<obd.OBDResponse.Status object at 0x7dd5d4f37f40>,<obd.OBDResponse.Status object at 0x7dd5d4f37be0>,0.0 percent,10.588235294117647 percent,10.588235294117647 percent,-15.0 degree,bytearray(b'MEXKRDPA7NG020286'),0.0 count,2025-04-28 14:59:55,2025-04-28 15:00:00,2025-04-28 14:59:55,Signal Acquired,15.377288,73.925597,4.01,0.76,8.49,-0.05,0.18,-0.02,NO
,,,,,,,,,,,,,,,,,,,,,,,,,,,,,,,,,,,,,,,,,,,,,,,,,,,,,,,,,,,,,,,,,,,,,,,,,,,,,,,,,,,,,,,,,,,,,,,,,,,,,,,,,2025-04-28 14:59:55,Signal Acquired,15.377427,73.92561,-0.86,0.79,9.72,-0.05,-0.09,-0.07,NO
,,,,,,,,,,,,,,,,,,,,,,,,,,,,,,,,,,,,,,,,,,,,,,,,,,,,,,,,,,,,,,,,,,,,,,,,,,,,,,,,,,,,,,,,,,,,,,,,,,,,,,,,,2025-04-28 14:59:55,Signal Acquired,15.377427,73.92561,-1.13,1.42,8.92,-0.12,0.16,-0.03,NO
34.90196078431372 percent,26.274509803921568 percent,25.88235294117647 percent,35 degree_Celsius,99 kilopascal,bytearray(b'5E018DD3844BEA'),592.2 degree_Celsius,,,,,,0.0 kilometer,0.0 kilometer,,,,,,,,,,,,,,,,,,,,,,,,,,,,,,,,,,,,,,,ELM327 v1.5,12.5 volt,52.15686274509804 percent,96.07843137254902 percent,89.80392156862744 percent,"('Closed loop, using oxygen sensor feedback to determine fuel mix', '')",Gasoline,[],[],114 kilopascal,57 degree_Celsius,2.34375 percent,0.0 percent,11000000000000000000000000000001,10000000000000000000100000001001,11000000000000000000000000000001,1.0,1.0,01111000000000000000000000000000,Unknown : 0.0 percent [PASSED],"Average misfire counts for last ten driving cycles : 0.0 count [PASSED]
Misfire counts for last/current driving cycles : 0.0 count [PASSED]","Average misfire counts for last ten driving cycles : 0.0 count [PASSED]
Misfire counts for last/current driving cycles : 0.0 count [PASSED]","Average misfire counts for last ten driving cycles : 0.0 count [PASSED]
Misfire counts for last/current driving cycles : 0.0 count [PASSED]","Average misfire counts for last ten driving cycles : 0.0 count [PASSED]
Misfire counts for last/current driving cycles : 0.0 count [PASSED]","Unknown : 0.0 count [PASSED]
Unknown : 0.0 count [PASSED]
Unknown : 0.0 ratio [PASSED]
Unknown : 0.0 millisecond [PASSED]","Rich to lean sensor switch time : 0.0 millisecond [PASSED]
Unknown : 0.0 millivolt [PASSED]
Unknown : 0.0 millivolt [PASSED]",Unknown : -40.0 degree_Celsius [PASSED],Unknown : 0.0 ohm [PASSED],Unknown : 0.0 count [PASSED],"Unknown : 0.0 degree [PASSED]
Unknown : 0.0 degree [PASSED]
Unknown : 0.0 degree [PASSED]
Unknown : 0.0 degree [PASSED]",0.725 volt,-0.078125 milliampere,"((), (False, False, False, False), (False, False, True, True))",India OBD II (IOBD II),0101010001000000000000000000000000000000,10111110001111101010100000010011,10000000000001111011000000010001,11111110110100001000010000000001,77.25490196078431 percent,1688.5 revolutions_per_minute,914.0 second,0.0 percent,63.0 kilometer_per_hour,<obd.OBDResponse.Status object at 0x7dd5d4f5b460>,<obd.OBDResponse.Status object at 0x7dd5d4f5b520>,1.5686274509803921 percent,14.509803921568627 percent,11.372549019607844 percent,-27.0 degree,bytearray(b'MEXKRDPA7NG020286'),0.0 count,2025-04-28 15:00:02,2025-04-28 15:00:07,2025-04-28 15:00:02,Signal Acquired,15.377569,73.925626,3.45,1.85,8.03,-0.02,-0.05,-0.03,NO
,,,,,,,,,,,,,,,,,,,,,,,,,,,,,,,,,,,,,,,,,,,,,,,,,,,,,,,,,,,,,,,,,,,,,,,,,,,,,,,,,,,,,,,,,,,,,,,,,,,,,,,,,2025-04-28 15:00:02,Signal Acquired,15.377569,73.925626,4.48,1.22,8.31,0.08,-0.16,-0.03,NO
,,,,,,,,,,,,,,,,,,,,,,,,,,,,,,,,,,,,,,,,,,,,,,,,,,,,,,,,,,,,,,,,,,,,,,,,,,,,,,,,,,,,,,,,,,,,,,,,,,,,,,,,,2025-04-28 15:00:02,Signal Acquired,15.377724,73.92565,-1.77,1.33,10.18,-0.05,-0.04,-0.06,NO
90.98039215686275 percent,39.21568627450981 percent,39.6078431372549 percent,35 degree_Celsius,100 kilopascal,bytearray(b'5E018DD3844BEA'),596.9000000000001 degree_Celsius,,,,,,0.0 kilometer,0.0 kilometer,,,,,,,,,,,,,,,,,,,,,,,,,,,,,,,,,,,,,,,ELM327 v1.5,12.5 volt,33.333333333333336 percent,3.9215686274509802 percent,89.80392156862744 percent,"('Closed loop, using oxygen sensor feedback to determine fuel mix', '')",Gasoline,[],[],75 kilopascal,55 degree_Celsius,1.5625 percent,0.0 percent,11000000000000000000000000000001,10000000000000000000100000001001,11000000000000000000000000000001,1.0,1.0,01111000000000000000000000000000,Unknown : 0.0 percent [PASSED],"Average misfire counts for last ten driving cycles : 0.0 count [PASSED]
Misfire counts for last/current driving cycles : 0.0 count [PASSED]","Average misfire counts for last ten driving cycles : 0.0 count [PASSED]
Misfire counts for last/current driving cycles : 0.0 count [PASSED]","Average misfire counts for last ten driving cycles : 0.0 count [PASSED]
Misfire counts for last/current driving cycles : 0.0 count [PASSED]","Average misfire counts for last ten driving cycles : 0.0 count [PASSED]
Misfire counts for last/current driving cycles : 0.0 count [PASSED]","Unknown : 0.0 count [PASSED]
Unknown : 0.0 count [PASSED]
Unknown : 0.0 ratio [PASSED]
Unknown : 0.0 millisecond [PASSED]","Rich to lean sensor switch time : 0.0 millisecond [PASSED]
Unknown : 0.0 millivolt [PASSED]
Unknown : 0.0 millivolt [PASSED]",Unknown : -40.0 degree_Celsius [PASSED],Unknown : 0.0 ohm [PASSED],Unknown : 0.0 count [PASSED],"Unknown : 0.0 degree [PASSED]
Unknown : 0.0 degree [PASSED]
Unknown : 0.0 degree [PASSED]
Unknown : 0.0 degree [PASSED]",0.705 volt,0.01171875 milliampere,"((), (False, False, False, False), (False, False, True, True))",India OBD II (IOBD II),0101010001000000000000000000000000000000,10111110001111101010100000010011,10000000000001111011000000010001,11111110110100001000010000000001,3.1372549019607843 percent,1587.5 revolutions_per_minute,921.0 second,-1.5625 percent,73.0 kilometer_per_hour,<obd.OBDResponse.Status object at 0x7dd5d4f4a8c0>,<obd.OBDResponse.Status object at 0x7dd5d4f4a3b0>,5.098039215686274 percent,14.509803921568627 percent,14.901960784313726 percent,-5.5 degree,bytearray(b'MEXKRDPA7NG020286'),0.0 count,2025-04-28 15:00:09,2025-04-28 15:00:14,2025-04-28 15:00:09,Signal Acquired,15.377724,73.92565,-1.13,2.47,9.17,-0.02,0.1,-0.01,NO
,,,,,,,,,,,,,,,,,,,,,,,,,,,,,,,,,,,,,,,,,,,,,,,,,,,,,,,,,,,,,,,,,,,,,,,,,,,,,,,,,,,,,,,,,,,,,,,,,,,,,,,,,2025-04-28 15:00:09,Signal Acquired,15.377883,73.925677,-2.37,0.45,9.86,-0.06,0.03,0.03,NO
,,,,,,,,,,,,,,,,,,,,,,,,,,,,,,,,,,,,,,,,,,,,,,,,,,,,,,,,,,,,,,,,,,,,,,,,,,,,,,,,,,,,,,,,,,,,,,,,,,,,,,,,,2025-04-28 15:00:09,Signal Acquired,15.377883,73.925677,-0.58,0.64,9.14,-0.15,0.04,0.05,NO
25.88235294117647 percent,23.529411764705884 percent,23.529411764705884 percent,35 degree_Celsius,100 kilopascal,bytearray(b'5E018DD3844BEA'),591.7 degree_Celsius,,,,,,0.0 kilometer,0.0 kilometer,,,,,,,,,,,,,,,,,,,,,,,,,,,,,,,,,,,,,,,ELM327 v1.5,12.4 volt,14.117647058823529 percent,72.15686274509804 percent,89.80392156862744 percent,"('Closed loop, using oxygen sensor feedback to determine fuel mix', '')",Gasoline,[],[],76 kilopascal,57 degree_Celsius,-1.5625 percent,0.0 percent,11000000000000000000000000000001,10000000000000000000100000001001,11000000000000000000000000000001,1.0,1.0,01111000000000000000000000000000,Unknown : 0.0 percent [PASSED],"Average misfire counts for last ten driving cycles : 0.0 count [PASSED]
Misfire counts for last/current driving cycles : 0.0 count [PASSED]","Average misfire counts for last ten driving cycles : 0.0 count [PASSED]
Misfire counts for last/current driving cycles : 0.0 count [PASSED]","Average misfire counts for last ten driving cycles : 0.0 count [PASSED]
Misfire counts for last/current driving cycles : 0.0 count [PASSED]","Average misfire counts for last ten driving cycles : 0.0 count [PASSED]
Misfire counts for last/current driving cycles : 0.0 count [PASSED]","Unknown : 0.0 count [PASSED]
Unknown : 0.0 count [PASSED]
Unknown : 0.0 ratio [PASSED]
Unknown : 0.0 millisecond [PASSED]","Rich to lean sensor switch time : 0.0 millisecond [PASSED]
Unknown : 0.0 millivolt [PASSED]
Unknown : 0.0 millivolt [PASSED]",Unknown : -40.0 degree_Celsius [PASSED],Unknown : 0.0 ohm [PASSED],Unknown : 0.0 count [PASSED],"Unknown : 0.0 degree [PASSED]
Unknown : 0.0 degree [PASSED]
Unknown : 0.0 degree [PASSED]
Unknown : 0.0 degree [PASSED]",0.69 volt,-0.0546875 milliampere,"((), (False, False, False, False), (False, False, True, True))",India OBD II (IOBD II),0101010001000000000000000000000000000000,10111110001111101010100000010011,10000000000001111011000000010001,11111110110100001000010000000001,4.705882352941177 percent,1802.5 revolutions_per_minute,936.0 second,4.6875 percent,83.0 kilometer_per_hour,<obd.OBDResponse.Status object at 0x79ab2d803010>,<obd.OBDResponse.Status object at 0x79ab2d803550>,5.490196078431373 percent,14.509803921568627 percent,14.901960784313726 percent,21.0 degree,bytearray(b'MEXKRDPA7NG020286'),0.0 count,2025-04-28 15:00:24,2025-04-28 15:00:29,2025-04-28 15:00:24,Signal Acquired,15.385253,73.921065,6.44,0.13,6.84,-0.11,0.02,-0.05,NO
,,,,,,,,,,,,,,,,,,,,,,,,,,,,,,,,,,,,,,,,,,,,,,,,,,,,,,,,,,,,,,,,,,,,,,,,,,,,,,,,,,,,,,,,,,,,,,,,,,,,,,,,,2025-04-28 15:00:24,Signal Acquired,15.385253,73.921065,4.47,0.85,7.83,-0.1,-0.19,-0.07,NO
,,,,,,,,,,,,,,,,,,,,,,,,,,,,,,,,,,,,,,,,,,,,,,,,,,,,,,,,,,,,,,,,,,,,,,,,,,,,,,,,,,,,,,,,,,,,,,,,,,,,,,,,,2025-04-28 15:00:25,Signal Acquired,15.385448,73.920988,7.5,-0.01,9.54,-0.16,-0.33,-0.1,NO
41.568627450980394 percent,23.137254901960784 percent,23.137254901960784 percent,35 degree_Celsius,100 kilopascal,bytearray(b'5E018DD3844BEA'),581.9000000000001 degree_Celsius,,,,,,,,,,,,,,,,,,,,,,,,,,,,,,,,,,,,,,,,,,,,,,ELM327 v1.5,12.5 volt,17.254901960784313 percent,76.86274509803921 percent,89.80392156862744 percent,"('Closed loop, using oxygen sensor feedback to determine fuel mix', '')",Gasoline,[],[],86 kilopascal,56 degree_Celsius,-1.5625 percent,0.0 percent,11000000000000000000000000000001,10000000000000000000100000001001,11000000000000000000000000000001,1.0,1.0,01111000000000000000000000000000,Unknown : 0.0 percent [PASSED],"Average misfire counts for last ten driving cycles : 0.0 count [PASSED]
Misfire counts for last/current driving cycles : 0.0 count [PASSED]","Average misfire counts for last ten driving cycles : 0.0 count [PASSED]
Misfire counts for last/current driving cycles : 0.0 count [PASSED]","Average misfire counts for last ten driving cycles : 0.0 count [PASSED]
Misfire counts for last/current driving cycles : 0.0 count [PASSED]","Average misfire counts for last ten driving cycles : 0.0 count [PASSED]
Misfire counts for last/current driving cycles : 0.0 count [PASSED]","Unknown : 0.0 count [PASSED]
Unknown : 0.0 count [PASSED]
Unknown : 0.0 ratio [PASSED]
Unknown : 0.0 millisecond [PASSED]","Rich to lean sensor switch time : 0.0 millisecond [PASSED]
Unknown : 0.0 millivolt [PASSED]
Unknown : 0.0 millivolt [PASSED]",Unknown : -40.0 degree_Celsius [PASSED],Unknown : 0.0 ohm [PASSED],Unknown : 0.0 count [PASSED],"Unknown : 0.0 degree [PASSED]
Unknown : 0.0 degree [PASSED]
Unknown : 0.0 degree [PASSED]
Unknown : 0.0 degree [PASSED]",0.69 volt,-0.015625 milliampere,"((), (False, False, False, False), (False, False, True, True))",India OBD II (IOBD II),0101010001000000000000000000000000000000,10111110001111101010100000010011,10000000000001111011000000010001,11111110110100001000010000000001,7.0588235294117645 percent,1857.5 revolutions_per_minute,943.0 second,-0.78125 percent,86.0 kilometer_per_hour,<obd.OBDResponse.Status object at 0x79ab2c69ee30>,<obd.OBDResponse.Status object at 0x79ab2c69eef0>,9.803921568627452 percent,17.647058823529413 percent,18.03921568627451 percent,12.0 degree,bytearray(b'MEXKRDPA7NG020286'),0.0 count,2025-04-28 15:00:31,2025-04-28 15:00:36,2025-04-28 15:00:31,Signal Acquired,15.385448,73.920988,0.6,-1.49,8.58,-0.02,0.05,-0.15,NO
,,,,,,,,,,,,,,,,,,,,,,,,,,,,,,,,,,,,,,,,,,,,,,,,,,,,,,,,,,,,,,,,,,,,,,,,,,,,,,,,,,,,,,,,,,,,,,,,,,,,,,,,,2025-04-28 15:00:31,Signal Acquired,15.385651,73.920927,-1.07,-2.26,9.43,-0.03,0.33,0.01,NO
,,,,,,,,,,,,,,,,,,,,,,,,,,,,,,,,,,,,,,,,,,,,,,,,,,,,,,,,,,,,,,,,,,,,,,,,,,,,,,,,,,,,,,,,,,,,,,,,,,,,,,,,,2025-04-28 15:00:31,Signal Acquired,15.385651,73.920927,-2.12,-1.56,11.25,0.06,0.16,-0.02,NO
50.19607843137255 percent,30.58823529411765 percent,30.58823529411765 percent,35 degree_Celsius,100 kilopascal,bytearray(b'5E018DD3844BEA'),571.7 degree_Celsius,,,,,,0.0 kilometer,0.0 kilometer,,,,,,,,,,,,,,,,,,,,,,,,,,,,,,,,,,,,,,,ELM327 v1.5,12.5 volt,33.72549019607843 percent,78.43137254901961 percent,89.80392156862744 percent,"('Closed loop, using oxygen sensor feedback to determine fuel mix', '')",Gasoline,[],[],85 kilopascal,54 degree_Celsius,1.5625 percent,0.0 percent,11000000000000000000000000000001,10000000000000000000100000001001,11000000000000000000000000000001,1.0,1.0,01111000000000000000000000000000,Unknown : 0.0 percent [PASSED],"Average misfire counts for last ten driving cycles : 0.0 count [PASSED]
Misfire counts for last/current driving cycles : 0.0 count [PASSED]","Average misfire counts for last ten driving cycles : 0.0 count [PASSED]
Misfire counts for last/current driving cycles : 0.0 count [PASSED]","Average misfire counts for last ten driving cycles : 0.0 count [PASSED]
Misfire counts for last/current driving cycles : 0.0 count [PASSED]","Average misfire counts for last ten driving cycles : 0.0 count [PASSED]
Misfire counts for last/current driving cycles : 0.0 count [PASSED]","Unknown : 0.0 count [PASSED]
Unknown : 0.0 count [PASSED]
Unknown : 0.0 ratio [PASSED]
Unknown : 0.0 millisecond [PASSED]","Rich to lean sensor switch time : 0.0 millisecond [PASSED]
Unknown : 0.0 millivolt [PASSED]
Unknown : 0.0 millivolt [PASSED]",Unknown : -40.0 degree_Celsius [PASSED],Unknown : 0.0 ohm [PASSED],Unknown : 0.0 count [PASSED],"Unknown : 0.0 degree [PASSED]
Unknown : 0.0 degree [PASSED]
Unknown : 0.0 degree [PASSED]
Unknown : 0.0 degree [PASSED]",0.69 volt,-0.015625 milliampere,"((), (False, False, False, False), (False, False, True, True))",India OBD II (IOBD II),0101010001000000000000000000000000000000,10111110001111101010100000010011,10000000000001111011000000010001,11111110110100001000010000000001,12.549019607843137 percent,1984.0 revolutions_per_minute,950.0 second,2.34375 percent,92.0 kilometer_per_hour,<obd.OBDResponse.Status object at 0x79ab2c6b74c0>,<obd.OBDResponse.Status object at 0x79ab2c6b7460>,16.07843137254902 percent,22.745098039215687 percent,23.137254901960784 percent,15.5 degree,bytearray(b'MEXKRDPA7NG020286'),0.0 count,2025-04-28 15:00:38,2025-04-28 15:00:43,2025-04-28 15:00:38,Signal Acquired,15.385859,73.920879,1.06,-0.24,11.74,0.06,-0.24,0.05,NO
,,,,,,,,,,,,,,,,,,,,,,,,,,,,,,,,,,,,,,,,,,,,,,,,,,,,,,,,,,,,,,,,,,,,,,,,,,,,,,,,,,,,,,,,,,,,,,,,,,,,,,,,,2025-04-28 15:00:38,Signal Acquired,15.385859,73.920879,1.87,-1.02,9.37,-0.08,-0.07,0.08,NO
,,,,,,,,,,,,,,,,,,,,,,,,,,,,,,,,,,,,,,,,,,,,,,,,,,,,,,,,,,,,,,,,,,,,,,,,,,,,,,,,,,,,,,,,,,,,,,,,,,,,,,,,,2025-04-28 15:00:38,Signal Acquired,15.386066,73.920826,-4.06,0.38,11.27,0.08,-0.1,0.02,NO
49.80392156862745 percent,29.80392156862745 percent,29.41176470588235 percent,35 degree_Celsius,100 kilopascal,bytearray(b'5E018DD3844BEA'),573.7 degree_Celsius,,,,,,,0.0 kilometer,,,,,,,,,,,,,,,,,,,,,,,,,,,,,,,,,,,,,,,ELM327 v1.5,12.5 volt,31.764705882352942 percent,80.0 percent,89.80392156862744 percent,"('Closed loop, using oxygen sensor feedback to determine fuel mix', '')",Gasoline,[],[],82 kilopascal,53 degree_Celsius,1.5625 percent,0.0 percent,11000000000000000000000000000001,10000000000000000000100000001001,11000000000000000000000000000001,1.0,1.0,01111000000000000000000000000000,Unknown : 0.0 percent [PASSED],"Average misfire counts for last ten driving cycles : 0.0 count [PASSED]
Misfire counts for last/current driving cycles : 0.0 count [PASSED]","Average misfire counts for last ten driving cycles : 0.0 count [PASSED]
Misfire counts for last/current driving cycles : 0.0 count [PASSED]","Average misfire counts for last ten driving cycles : 0.0 count [PASSED]
Misfire counts for last/current driving cycles : 0.0 count [PASSED]","Average misfire counts for last ten driving cycles : 0.0 count [PASSED]
Misfire counts for last/current driving cycles : 0.0 count [PASSED]","Unknown : 0.0 count [PASSED]
Unknown : 0.0 count [PASSED]
Unknown : 0.0 ratio [PASSED]
Unknown : 0.0 millisecond [PASSED]","Rich to lean sensor switch time : 0.0 millisecond [PASSED]
Unknown : 0.0 millivolt [PASSED]
Unknown : 0.0 millivolt [PASSED]",Unknown : -40.0 degree_Celsius [PASSED],Unknown : 0.0 ohm [PASSED],Unknown : 0.0 count [PASSED],"Unknown : 0.0 degree [PASSED]
Unknown : 0.0 degree [PASSED]
Unknown : 0.0 degree [PASSED]
Unknown : 0.0 degree [PASSED]",0.72 volt,-0.0234375 milliampere,"((), (False, False, False, False), (False, False, True, True))",India OBD II (IOBD II),0101010001000000000000000000000000000000,10111110001111101010100000010011,10000000000001111011000000010001,11111110110100001000010000000001,12.156862745098039 percent,2093.0 revolutions_per_minute,957.0 second,0.78125 percent,97.0 kilometer_per_hour,<obd.OBDResponse.Status object at 0x79ab2d816830>,<obd.OBDResponse.Status object at 0x79ab2c6ddd20>,15.294117647058824 percent,22.352941176470587 percent,22.352941176470587 percent,17.0 degree,bytearray(b'MEXKRDPA7NG020286'),0.0 count,2025-04-28 15:00:45,2025-04-28 15:00:50,2025-04-28 15:00:45,Signal Acquired,15.386066,73.920826,2.72,-0.33,7.57,-0.1,0.05,0.12,NO
,,,,,,,,,,,,,,,,,,,,,,,,,,,,,,,,,,,,,,,,,,,,,,,,,,,,,,,,,,,,,,,,,,,,,,,,,,,,,,,,,,,,,,,,,,,,,,,,,,,,,,,,,2025-04-28 15:00:45,Signal Acquired,15.386272,73.920762,1.79,-2.14,10.99,0.08,0.18,0.06,NO
,,,,,,,,,,,,,,,,,,,,,,,,,,,,,,,,,,,,,,,,,,,,,,,,,,,,,,,,,,,,,,,,,,,,,,,,,,,,,,,,,,,,,,,,,,,,,,,,,,,,,,,,,2025-04-28 15:00:45,Signal Acquired,15.386272,73.920762,-0.27,0.96,9.91,-0.01,-0.02,0.05,NO
44.705882352941174 percent,28.627450980392158 percent,28.235294117647058 percent,34 degree_Celsius,100 kilopascal,bytearray(b'5E018DD3844BEA'),575.6 degree_Celsius,,,,,,0.0 kilometer,0.0 kilometer,,,,,,,,,,,,,,,,,,,,,,,,,,,,,,,,,,,,,,,ELM327 v1.5,12.5 volt,28.627450980392158 percent,79.2156862745098 percent,89.80392156862744 percent,"('Closed loop, using oxygen sensor feedback to determine fuel mix', '')",Gasoline,[],[],75 kilopascal,52 degree_Celsius,1.5625 percent,0.0 percent,11000000000000000000000000000001,10000000000000000000100000001001,11000000000000000000000000000001,1.0,1.0,01111000000000000000000000000000,Unknown : 0.0 percent [PASSED],"Average misfire counts for last ten driving cycles : 0.0 count [PASSED]
Misfire counts for last/current driving cycles : 0.0 count [PASSED]","Average misfire counts for last ten driving cycles : 0.0 count [PASSED]
Misfire counts for last/current driving cycles : 0.0 count [PASSED]","Average misfire counts for last ten driving cycles : 0.0 count [PASSED]
Misfire counts for last/current driving cycles : 0.0 count [PASSED]","Average misfire counts for last ten driving cycles : 0.0 count [PASSED]
Misfire counts for last/current driving cycles : 0.0 count [PASSED]","Unknown : 0.0 count [PASSED]
Unknown : 0.0 count [PASSED]
Unknown : 0.0 ratio [PASSED]
Unknown : 0.0 millisecond [PASSED]","Rich to lean sensor switch time : 0.0 millisecond [PASSED]
Unknown : 0.0 millivolt [PASSED]
Unknown : 0.0 millivolt [PASSED]",Unknown : -40.0 degree_Celsius [PASSED],Unknown : 0.0 ohm [PASSED],Unknown : 0.0 count [PASSED],"Unknown : 0.0 degree [PASSED]
Unknown : 0.0 degree [PASSED]
Unknown : 0.0 degree [PASSED]
Unknown : 0.0 degree [PASSED]",0.735 volt,-0.01171875 milliampere,"((), (False, False, False, False), (False, False, True, True))",India OBD II (IOBD II),0101010001000000000000000000000000000000,10111110001111101010100000010011,10000000000001111011000000010001,11111110110100001000010000000001,10.588235294117647 percent,2165.0 revolutions_per_minute,964.0 second,-1.5625 percent,100.0 kilometer_per_hour,<obd.OBDResponse.Status object at 0x79ab2c7015a0>,<obd.OBDResponse.Status object at 0x79ab2c701660>,13.72549019607843 percent,21.176470588235293 percent,21.176470588235293 percent,18.5 degree,bytearray(b'MEXKRDPA7NG020286'),0.0 count,2025-04-28 15:00:52,2025-04-28 15:00:57,2025-04-28 15:00:52,Signal Acquired,15.386476,73.920687,-1.7,1.28,7.92,0.02,0.04,0.01,NO
,,,,,,,,,,,,,,,,,,,,,,,,,,,,,,,,,,,,,,,,,,,,,,,,,,,,,,,,,,,,,,,,,,,,,,,,,,,,,,,,,,,,,,,,,,,,,,,,,,,,,,,,,2025-04-28 15:00:52,Signal Acquired,15.386476,73.920687,1.62,1.96,11.95,-0.01,-0.09,0.18,NO
,,,,,,,,,,,,,,,,,,,,,,,,,,,,,,,,,,,,,,,,,,,,,,,,,,,,,,,,,,,,,,,,,,,,,,,,,,,,,,,,,,,,,,,,,,,,,,,,,,,,,,,,,2025-04-28 15:00:52,Signal Acquired,15.386678,73.920599,-0.88,0.43,9.02,-0.04,0.03,0.1,NO
44.31372549019608 percent,28.627450980392158 percent,28.627450980392158 percent,34 degree_Celsius,100 kilopascal,bytearray(b'5E018DD3844BEA'),574.8000000000001 degree_Celsius,,,,,,0.0 kilometer,0.0 kilometer,,,,,,,,,,,,,,,,,,,,,,,,,,,,,,,,,,,,,,,ELM327 v1.5,12.6 volt,28.235294117647058 percent,78.43137254901961 percent,89.80392156862744 percent,"('Closed loop, using oxygen sensor feedback to determine fuel mix', '')",Gasoline,[],[],76 kilopascal,52 degree_Celsius,1.5625 percent,0.0 percent,11000000000000000000000000000001,10000000000000000000100000001001,11000000000000000000000000000001,1.0,1.0,01111000000000000000000000000000,Unknown : 0.0 percent [PASSED],"Average misfire counts for last ten driving cycles : 0.0 count [PASSED]
Misfire counts for last/current driving cycles : 0.0 count [PASSED]","Average misfire counts for last ten driving cycles : 0.0 count [PASSED]
Misfire counts for last/current driving cycles : 0.0 count [PASSED]","Average misfire counts for last ten driving cycles : 0.0 count [PASSED]
Misfire counts for last/current driving cycles : 0.0 count [PASSED]","Average misfire counts for last ten driving cycles : 0.0 count [PASSED]
Misfire counts for last/current driving cycles : 0.0 count [PASSED]","Unknown : 0.0 count [PASSED]
Unknown : 0.0 count [PASSED]
Unknown : 0.0 ratio [PASSED]
Unknown : 0.0 millisecond [PASSED]","Rich to lean sensor switch time : 0.0 millisecond [PASSED]
Unknown : 0.0 millivolt [PASSED]
Unknown : 0.0 millivolt [PASSED]",Unknown : -40.0 degree_Celsius [PASSED],Unknown : 0.0 ohm [PASSED],Unknown : 0.0 count [PASSED],"Unknown : 0.0 degree [PASSED]
Unknown : 0.0 degree [PASSED]
Unknown : 0.0 degree [PASSED]
Unknown : 0.0 degree [PASSED]",0.74 volt,-0.0234375 milliampere,"((), (False, False, False, False), (False, False, True, True))",India OBD II (IOBD II),0101010001000000000000000000000000000000,10111110001111101010100000010011,10000000000001111011000000010001,11111110110100001000010000000001,10.980392156862745 percent,2141.0 revolutions_per_minute,970.0 second,-1.5625 percent,99.0 kilometer_per_hour,<obd.OBDResponse.Status object at 0x79ab2c719ae0>,<obd.OBDResponse.Status object at 0x79ab2c719ab0>,14.117647058823529 percent,21.568627450980394 percent,21.568627450980394 percent,18.0 degree,bytearray(b'MEXKRDPA7NG020286'),0.0 count,2025-04-28 15:00:58,2025-04-28 15:01:03,2025-04-28 15:00:58,Signal Acquired,15.386678,73.920599,1.83,1.94,8.34,-0.01,-0.06,0.15,NO
,,,,,,,,,,,,,,,,,,,,,,,,,,,,,,,,,,,,,,,,,,,,,,,,,,,,,,,,,,,,,,,,,,,,,,,,,,,,,,,,,,,,,,,,,,,,,,,,,,,,,,,,,2025-04-28 15:00:58,Signal Acquired,15.386868,73.920489,-2.96,1.38,10.13,-0.05,0.02,0.16,NO
,,,,,,,,,,,,,,,,,,,,,,,,,,,,,,,,,,,,,,,,,,,,,,,,,,,,,,,,,,,,,,,,,,,,,,,,,,,,,,,,,,,,,,,,,,,,,,,,,,,,,,,,,2025-04-28 15:00:58,Signal Acquired,15.386868,73.920489,-1.47,-0.18,9.33,-0.04,0.12,0.06,NO
44.31372549019608 percent,28.627450980392158 percent,28.627450980392158 percent,34 degree_Celsius,100 kilopascal,bytearray(b'5E018DD3844BEA'),573.9 degree_Celsius,,,,,,0.0 kilometer,0.0 kilometer,,,,,,,,,,,,,,,,,,,,,,,,,,,,,,,,,,,,,,,ELM327 v1.5,12.5 volt,28.235294117647058 percent,76.86274509803921 percent,89.80392156862744 percent,"('Closed loop, using oxygen sensor feedback to determine fuel mix', '')",Gasoline,[],[],74 kilopascal,52 degree_Celsius,1.5625 percent,0.0 percent,11000000000000000000000000000001,10000000000000000000100000001001,11000000000000000000000000000001,1.0,1.0,01111000000000000000000000000000,Unknown : 0.0 percent [PASSED],"Average misfire counts for last ten driving cycles : 0.0 count [PASSED]
Misfire counts for last/current driving cycles : 0.0 count [PASSED]","Average misfire counts for last ten driving cycles : 0.0 count [PASSED]
Misfire counts for last/current driving cycles : 0.0 count [PASSED]","Average misfire counts for last ten driving cycles : 0.0 count [PASSED]
Misfire counts for last/current driving cycles : 0.0 count [PASSED]","Average misfire counts for last ten driving cycles : 0.0 count [PASSED]
Misfire counts for last/current driving cycles : 0.0 count [PASSED]","Unknown : 0.0 count [PASSED]
Unknown : 0.0 count [PASSED]
Unknown : 0.0 ratio [PASSED]
Unknown : 0.0 millisecond [PASSED]","Rich to lean sensor switch time : 0.0 millisecond [PASSED]
Unknown : 0.0 millivolt [PASSED]
Unknown : 0.0 millivolt [PASSED]",Unknown : -40.0 degree_Celsius [PASSED],Unknown : 0.0 ohm [PASSED],Unknown : 0.0 count [PASSED],"Unknown : 0.0 degree [PASSED]
Unknown : 0.0 degree [PASSED]
Unknown : 0.0 degree [PASSED]
Unknown : 0.0 degree [PASSED]",0.74 volt,-0.0078125 milliampere,"((), (False, False, False, False), (False, False, True, True))",India OBD II (IOBD II),0101010001000000000000000000000000000000,10111110001111101010100000010011,10000000000001111011000000010001,11111110110100001000010000000001,10.196078431372548 percent,2091.5 revolutions_per_minute,977.0 second,-2.34375 percent,97.0 kilometer_per_hour,<obd.OBDResponse.Status object at 0x79ab2d8014b0>,<obd.OBDResponse.Status object at 0x79ab2c719810>,13.333333333333334 percent,20.784313725490197 percent,20.392156862745097 percent,19.5 degree,bytearray(b'MEXKRDPA7NG020286'),0.0 count,2025-04-28 15:01:05,2025-04-28 15:01:10,2025-04-28 15:01:05,Signal Acquired,15.387045,73.920357,5.7,2.25,1.99,-0.31,-0.38,0.69,NO
,,,,,,,,,,,,,,,,,,,,,,,,,,,,,,,,,,,,,,,,,,,,,,,,,,,,,,,,,,,,,,,,,,,,,,,,,,,,,,,,,,,,,,,,,,,,,,,,,,,,,,,,,2025-04-28 15:01:05,Signal Acquired,15.387045,73.920357,3.1,-0.63,6.05,-0.17,-0.0,0.16,NO
,,,,,,,,,,,,,,,,,,,,,,,,,,,,,,,,,,,,,,,,,,,,,,,,,,,,,,,,,,,,,,,,,,,,,,,,,,,,,,,,,,,,,,,,,,,,,,,,,,,,,,,,,2025-04-28 15:01:05,Signal Acquired,15.387209,73.920206,-2.31,1.17,11.0,0.05,0.09,0.04,NO
63.92156862745098 percent,32.549019607843135 percent,32.549019607843135 percent,34 degree_Celsius,100 kilopascal,bytearray(b'5E018DD3844BEA'),571.3000000000001 degree_Celsius,,,,,,,0.0 kilometer,,,,,,,,,,,,,,,,,,,,,,,,,,,,,,,,,,,,,,,ELM327 v1.5,12.5 volt,40.3921568627451 percent,98.43137254901961 percent,89.80392156862744 percent,"('Closed loop, using oxygen sensor feedback to determine fuel mix', '')",Gasoline,[],[],97 kilopascal,51 degree_Celsius,1.5625 percent,0.0 percent,11000000000000000000000000000001,10000000000000000000100000001001,11000000000000000000000000000001,1.0,1.0,01111000000000000000000000000000,Unknown : 0.0 percent [PASSED],"Average misfire counts for last ten driving cycles : 0.0 count [PASSED]
Misfire counts for last/current driving cycles : 0.0 count [PASSED]","Average misfire counts for last ten driving cycles : 0.0 count [PASSED]
Misfire counts for last/current driving cycles : 0.0 count [PASSED]","Average misfire counts for last ten driving cycles : 0.0 count [PASSED]
Misfire counts for last/current driving cycles : 0.0 count [PASSED]","Average misfire counts for last ten driving cycles : 0.0 count [PASSED]
Misfire counts for last/current driving cycles : 0.0 count [PASSED]","Unknown : 0.0 count [PASSED]
Unknown : 0.0 count [PASSED]
Unknown : 0.0 ratio [PASSED]
Unknown : 0.0 millisecond [PASSED]","Rich to lean sensor switch time : 0.0 millisecond [PASSED]
Unknown : 0.0 millivolt [PASSED]
Unknown : 0.0 millivolt [PASSED]",Unknown : -40.0 degree_Celsius [PASSED],Unknown : 0.0 ohm [PASSED],Unknown : 0.0 count [PASSED],"Unknown : 0.0 degree [PASSED]
Unknown : 0.0 degree [PASSED]
Unknown : 0.0 degree [PASSED]
Unknown : 0.0 degree [PASSED]",0.74 volt,-0.01171875 milliampere,"((), (False, False, False, False), (False, False, True, True))",India OBD II (IOBD II),0101010001000000000000000000000000000000,10111110001111101010100000010011,10000000000001111011000000010001,11111110110100001000010000000001,18.431372549019606 percent,2111.0 revolutions_per_minute,984.0 second,-1.5625 percent,97.0 kilometer_per_hour,<obd.OBDResponse.Status object at 0x79ab2c73fe20>,<obd.OBDResponse.Status object at 0x79ab2c73ff40>,23.92156862745098 percent,29.019607843137255 percent,29.019607843137255 percent,12.0 degree,bytearray(b'MEXKRDPA7NG020286'),0.0 count,2025-04-28 15:01:12,2025-04-28 15:01:17,2025-04-28 15:01:12,Signal Acquired,15.387209,73.920206,-1.8,0.87,10.13,0.04,0.21,-0.0,NO
,,,,,,,,,,,,,,,,,,,,,,,,,,,,,,,,,,,,,,,,,,,,,,,,,,,,,,,,,,,,,,,,,,,,,,,,,,,,,,,,,,,,,,,,,,,,,,,,,,,,,,,,,2025-04-28 15:01:12,Signal Acquired,15.387366,73.920045,-1.34,1.02,9.57,-0.14,-0.04,0.09,NO
,,,,,,,,,,,,,,,,,,,,,,,,,,,,,,,,,,,,,,,,,,,,,,,,,,,,,,,,,,,,,,,,,,,,,,,,,,,,,,,,,,,,,,,,,,,,,,,,,,,,,,,,,2025-04-28 15:01:12,Signal Acquired,15.387366,73.920045,-2.94,1.63,11.21,0.08,-0.0,-0.01,NO
62.745098039215684 percent,32.549019607843135 percent,32.549019607843135 percent,34 degree_Celsius,100 kilopascal,bytearray(b'5E018DD3844BEA'),586.3000000000001 degree_Celsius,,,,,,,0.0 kilometer,,,,,,,,,,,,,,,,,,,,,,,,,,,,,,,,,,,,,,,ELM327 v1.5,12.6 volt,34.11764705882353 percent,87.45098039215686 percent,89.80392156862744 percent,"('Closed loop, using oxygen sensor feedback to determine fuel mix', '')",Gasoline,[],[],90 kilopascal,50 degree_Celsius,1.5625 percent,0.0 percent,11000000000000000000000000000001,10000000000000000000100000001001,11000000000000000000000000000001,1.0,1.0,01111000000000000000000000000000,Unknown : 0.0 percent [PASSED],"Average misfire counts for last ten driving cycles : 0.0 count [PASSED]
Misfire counts for last/current driving cycles : 0.0 count [PASSED]","Average misfire counts for last ten driving cycles : 0.0 count [PASSED]
Misfire counts for last/current driving cycles : 0.0 count [PASSED]","Average misfire counts for last ten driving cycles : 0.0 count [PASSED]
Misfire counts for last/current driving cycles : 0.0 count [PASSED]","Average misfire counts for last ten driving cycles : 0.0 count [PASSED]
Misfire counts for last/current driving cycles : 0.0 count [PASSED]","Unknown : 0.0 count [PASSED]
Unknown : 0.0 count [PASSED]
Unknown : 0.0 ratio [PASSED]
Unknown : 0.0 millisecond [PASSED]","Rich to lean sensor switch time : 0.0 millisecond [PASSED]
Unknown : 0.0 millivolt [PASSED]
Unknown : 0.0 millivolt [PASSED]",Unknown : -40.0 degree_Celsius [PASSED],Unknown : 0.0 ohm [PASSED],Unknown : 0.0 count [PASSED],"Unknown : 0.0 degree [PASSED]
Unknown : 0.0 degree [PASSED]
Unknown : 0.0 degree [PASSED]
Unknown : 0.0 degree [PASSED]",0.735 volt,-0.01171875 milliampere,"((), (False, False, False, False), (False, False, True, True))",India OBD II (IOBD II),0101010001000000000000000000000000000000,10111110001111101010100000010011,10000000000001111011000000010001,11111110110100001000010000000001,13.72549019607843 percent,2120.0 revolutions_per_minute,991.0 second,-0.78125 percent,98.0 kilometer_per_hour,<obd.OBDResponse.Status object at 0x79ab2c75f1c0>,<obd.OBDResponse.Status object at 0x79ab2c75f430>,17.647058823529413 percent,24.313725490196077 percent,24.313725490196077 percent,15.5 degree,bytearray(b'MEXKRDPA7NG020286'),0.0 count,2025-04-28 15:01:19,2025-04-28 15:01:24,2025-04-28 15:01:19,Signal Acquired,15.387523,73.919882,-0.12,0.38,8.43,-0.05,0.43,-0.03,NO
,,,,,,,,,,,,,,,,,,,,,,,,,,,,,,,,,,,,,,,,,,,,,,,,,,,,,,,,,,,,,,,,,,,,,,,,,,,,,,,,,,,,,,,,,,,,,,,,,,,,,,,,,2025-04-28 15:01:19,Signal Acquired,15.387523,73.919882,2.47,0.56,8.77,-0.03,-0.06,0.02,NO
,,,,,,,,,,,,,,,,,,,,,,,,,,,,,,,,,,,,,,,,,,,,,,,,,,,,,,,,,,,,,,,,,,,,,,,,,,,,,,,,,,,,,,,,,,,,,,,,,,,,,,,,,2025-04-28 15:01:19,Signal Acquired,15.387679,73.919719,-0.29,0.25,9.65,-0.02,0.04,-0.0,NO
54.90196078431372 percent,32.15686274509804 percent,32.15686274509804 percent,34 degree_Celsius,100 kilopascal,bytearray(b'5E018DD3844BEA'),591.6 degree_Celsius,,,,,,,0.0 kilometer,,,,,,,,,,,,,,,,,,,,,,,,,,,,,,,,,,,,,,,ELM327 v1.5,12.6 volt,38.03921568627451 percent,78.03921568627452 percent,89.80392156862744 percent,"('Closed loop, using oxygen sensor feedback to determine fuel mix', '')",Gasoline,[],[],94 kilopascal,50 degree_Celsius,1.5625 percent,0.0 percent,11000000000000000000000000000001,10000000000000000000100000001001,11000000000000000000000000000001,1.0,1.0,01111000000000000000000000000000,Unknown : 0.0 percent [PASSED],"Average misfire counts for last ten driving cycles : 0.0 count [PASSED]
Misfire counts for last/current driving cycles : 0.0 count [PASSED]","Average misfire counts for last ten driving cycles : 0.0 count [PASSED]
Misfire counts for last/current driving cycles : 0.0 count [PASSED]","Average misfire counts for last ten driving cycles : 0.0 count [PASSED]
Misfire counts for last/current driving cycles : 0.0 count [PASSED]","Average misfire counts for last ten driving cycles : 0.0 count [PASSED]
Misfire counts for last/current driving cycles : 0.0 count [PASSED]","Unknown : 0.0 count [PASSED]
Unknown : 0.0 count [PASSED]
Unknown : 0.0 ratio [PASSED]
Unknown : 0.0 millisecond [PASSED]","Rich to lean sensor switch time : 0.0 millisecond [PASSED]
Unknown : 0.0 millivolt [PASSED]
Unknown : 0.0 millivolt [PASSED]",Unknown : -40.0 degree_Celsius [PASSED],Unknown : 0.0 ohm [PASSED],Unknown : 0.0 count [PASSED],"Unknown : 0.0 degree [PASSED]
Unknown : 0.0 degree [PASSED]
Unknown : 0.0 degree [PASSED]
Unknown : 0.0 degree [PASSED]",0.74 volt,-0.0234375 milliampere,"((), (False, False, False, False), (False, False, True, True))",India OBD II (IOBD II),0101010001000000000000000000000000000000,10111110001111101010100000010011,10000000000001111011000000010001,11111110110100001000010000000001,16.470588235294116 percent,2103.0 revolutions_per_minute,998.0 second,-0.78125 percent,97.0 kilometer_per_hour,<obd.OBDResponse.Status object at 0x79ab2c75e9e0>,<obd.OBDResponse.Status object at 0x79ab2c75d300>,21.176470588235293 percent,26.666666666666668 percent,27.058823529411764 percent,13.5 degree,bytearray(b'MEXKRDPA7NG020286'),0.0 count,2025-04-28 15:01:26,2025-04-28 15:01:31,2025-04-28 15:01:26,Signal Acquired,15.387679,73.919719,-0.48,1.52,9.95,0.01,-0.2,0.02,NO
,,,,,,,,,,,,,,,,,,,,,,,,,,,,,,,,,,,,,,,,,,,,,,,,,,,,,,,,,,,,,,,,,,,,,,,,,,,,,,,,,,,,,,,,,,,,,,,,,,,,,,,,,2025-04-28 15:01:26,Signal Acquired,15.387835,73.919554,0.51,0.95,9.02,-0.01,0.03,-0.01,NO
,,,,,,,,,,,,,,,,,,,,,,,,,,,,,,,,,,,,,,,,,,,,,,,,,,,,,,,,,,,,,,,,,,,,,,,,,,,,,,,,,,,,,,,,,,,,,,,,,,,,,,,,,2025-04-28 15:01:26,Signal Acquired,15.387835,73.919554,1.95,1.05,9.78,-0.03,-0.14,0.01,NO
59.2156862745098 percent,31.764705882352942 percent,31.764705882352942 percent,34 degree_Celsius,100 kilopascal,bytearray(b'5E018DD3844BEA'),596.2 degree_Celsius,,,,,,0.0 kilometer,0.0 kilometer,,,,,,,,,,,,,,,,,,,,,,,,,,,,,,,,,,,,,,,ELM327 v1.5,12.5 volt,37.64705882352941 percent,94.50980392156863 percent,89.80392156862744 percent,"('Closed loop, using oxygen sensor feedback to determine fuel mix', '')",Gasoline,[],[],94 kilopascal,49 degree_Celsius,1.5625 percent,0.0 percent,11000000000000000000000000000001,10000000000000000000100000001001,11000000000000000000000000000001,1.0,1.0,01111000000000000000000000000000,Unknown : 0.0 percent [PASSED],"Average misfire counts for last ten driving cycles : 0.0 count [PASSED]
Misfire counts for last/current driving cycles : 0.0 count [PASSED]","Average misfire counts for last ten driving cycles : 0.0 count [PASSED]
Misfire counts for last/current driving cycles : 0.0 count [PASSED]","Average misfire counts for last ten driving cycles : 0.0 count [PASSED]
Misfire counts for last/current driving cycles : 0.0 count [PASSED]","Average misfire counts for last ten driving cycles : 0.0 count [PASSED]
Misfire counts for last/current driving cycles : 0.0 count [PASSED]","Unknown : 0.0 count [PASSED]
Unknown : 0.0 count [PASSED]
Unknown : 0.0 ratio [PASSED]
Unknown : 0.0 millisecond [PASSED]","Rich to lean sensor switch time : 0.0 millisecond [PASSED]
Unknown : 0.0 millivolt [PASSED]
Unknown : 0.0 millivolt [PASSED]",Unknown : -40.0 degree_Celsius [PASSED],Unknown : 0.0 ohm [PASSED],Unknown : 0.0 count [PASSED],"Unknown : 0.0 degree [PASSED]
Unknown : 0.0 degree [PASSED]
Unknown : 0.0 degree [PASSED]
Unknown : 0.0 degree [PASSED]",0.755 volt,-0.0234375 milliampere,"((), (False, False, False, False), (False, False, True, True))",India OBD II (IOBD II),0101010001000000000000000000000000000000,10111110001111101010100000010011,10000000000001111011000000010001,11111110110100001000010000000001,12.549019607843137 percent,2092.5 revolutions_per_minute,1005.0 second,-1.5625 percent,97.0 kilometer_per_hour,<obd.OBDResponse.Status object at 0x79ab2c6cc340>,<obd.OBDResponse.Status object at 0x79ab2c59e770>,16.07843137254902 percent,22.745098039215687 percent,23.137254901960784 percent,16.5 degree,bytearray(b'MEXKRDPA7NG020286'),0.0 count,2025-04-28 15:01:33,2025-04-28 15:01:38,2025-04-28 15:01:33,Signal Acquired,15.387993,73.919387,3.47,0.61,5.21,-0.08,0.04,0.01,NO
,,,,,,,,,,,,,,,,,,,,,,,,,,,,,,,,,,,,,,,,,,,,,,,,,,,,,,,,,,,,,,,,,,,,,,,,,,,,,,,,,,,,,,,,,,,,,,,,,,,,,,,,,2025-04-28 15:01:33,Signal Acquired,15.387993,73.919387,0.79,1.33,10.89,-0.01,-0.0,0.0,NO
,,,,,,,,,,,,,,,,,,,,,,,,,,,,,,,,,,,,,,,,,,,,,,,,,,,,,,,,,,,,,,,,,,,,,,,,,,,,,,,,,,,,,,,,,,,,,,,,,,,,,,,,,2025-04-28 15:01:33,Signal Acquired,15.388154,73.919219,3.33,0.59,6.57,-0.03,0.07,-0.01,NO
49.411764705882355 percent,29.80392156862745 percent,29.80392156862745 percent,34 degree_Celsius,100 kilopascal,bytearray(b'5E018DD3844BEA'),597.0 degree_Celsius,,,,,,,0.0 kilometer,,,,,,,,,,,,,,,,,,,,,,,,,,,,,,,,,,,,,,,ELM327 v1.5,12.5 volt,31.764705882352942 percent,80.0 percent,89.80392156862744 percent,"('Closed loop, using oxygen sensor feedback to determine fuel mix', '')",Gasoline,[],[],83 kilopascal,49 degree_Celsius,1.5625 percent,0.0 percent,11000000000000000000000000000001,10000000000000000000100000001001,11000000000000000000000000000001,1.0,1.0,01111000000000000000000000000000,Unknown : 0.0 percent [PASSED],"Average misfire counts for last ten driving cycles : 0.0 count [PASSED]
Misfire counts for last/current driving cycles : 0.0 count [PASSED]","Average misfire counts for last ten driving cycles : 0.0 count [PASSED]
Misfire counts for last/current driving cycles : 0.0 count [PASSED]","Average misfire counts for last ten driving cycles : 0.0 count [PASSED]
Misfire counts for last/current driving cycles : 0.0 count [PASSED]","Average misfire counts for last ten driving cycles : 0.0 count [PASSED]
Misfire counts for last/current driving cycles : 0.0 count [PASSED]","Unknown : 0.0 count [PASSED]
Unknown : 0.0 count [PASSED]
Unknown : 0.0 ratio [PASSED]
Unknown : 0.0 millisecond [PASSED]","Rich to lean sensor switch time : 0.0 millisecond [PASSED]
Unknown : 0.0 millivolt [PASSED]
Unknown : 0.0 millivolt [PASSED]",Unknown : -40.0 degree_Celsius [PASSED],Unknown : 0.0 ohm [PASSED],Unknown : 0.0 count [PASSED],"Unknown : 0.0 degree [PASSED]
Unknown : 0.0 degree [PASSED]
Unknown : 0.0 degree [PASSED]
Unknown : 0.0 degree [PASSED]",0.75 volt,-0.01171875 milliampere,"((), (False, False, False, False), (False, False, True, True))",India OBD II (IOBD II),0101010001000000000000000000000000000000,10111110001111101010100000010011,10000000000001111011000000010001,11111110110100001000010000000001,11.764705882352942 percent,2053.0 revolutions_per_minute,1011.0 second,0.0 percent,95.0 kilometer_per_hour,<obd.OBDResponse.Status object at 0x79ab2c5b03d0>,<obd.OBDResponse.Status object at 0x79ab2c5b0490>,15.686274509803921 percent,22.352941176470587 percent,22.745098039215687 percent,17.0 degree,bytearray(b'MEXKRDPA7NG020286'),0.0 count,2025-04-28 15:01:39,2025-04-28 15:01:44,2025-04-28 15:01:39,Signal Acquired,15.388154,73.919219,-0.53,0.99,10.32,-0.0,0.03,-0.01,NO
,,,,,,,,,,,,,,,,,,,,,,,,,,,,,,,,,,,,,,,,,,,,,,,,,,,,,,,,,,,,,,,,,,,,,,,,,,,,,,,,,,,,,,,,,,,,,,,,,,,,,,,,,2025-04-28 15:01:39,Signal Acquired,15.388316,73.919051,3.8,0.89,4.89,-0.17,-0.13,0.02,NO
,,,,,,,,,,,,,,,,,,,,,,,,,,,,,,,,,,,,,,,,,,,,,,,,,,,,,,,,,,,,,,,,,,,,,,,,,,,,,,,,,,,,,,,,,,,,,,,,,,,,,,,,,2025-04-28 15:01:39,Signal Acquired,15.388316,73.919051,-1.25,0.5,9.98,-0.07,0.2,-0.03,NO
43.92156862745098 percent,29.80392156862745 percent,29.80392156862745 percent,34 degree_Celsius,100 kilopascal,bytearray(b'5E018DD3844BEA'),591.2 degree_Celsius,,,,,,0.0 kilometer,0.0 kilometer,,,,,,,,,,,,,,,,,,,,,,,,,,,,,,,,,,,,,,,ELM327 v1.5,12.5 volt,27.84313725490196 percent,73.72549019607843 percent,89.80392156862744 percent,"('Closed loop, using oxygen sensor feedback to determine fuel mix', '')",Gasoline,[],[],74 kilopascal,49 degree_Celsius,1.5625 percent,0.0 percent,11000000000000000000000000000001,10000000000000000000100000001001,11000000000000000000000000000001,1.0,1.0,01111000000000000000000000000000,Unknown : 0.0 percent [PASSED],"Average misfire counts for last ten driving cycles : 0.0 count [PASSED]
Misfire counts for last/current driving cycles : 0.0 count [PASSED]","Average misfire counts for last ten driving cycles : 0.0 count [PASSED]
Misfire counts for last/current driving cycles : 0.0 count [PASSED]","Average misfire counts for last ten driving cycles : 0.0 count [PASSED]
Misfire counts for last/current driving cycles : 0.0 count [PASSED]","Average misfire counts for last ten driving cycles : 0.0 count [PASSED]
Misfire counts for last/current driving cycles : 0.0 count [PASSED]","Unknown : 0.0 count [PASSED]
Unknown : 0.0 count [PASSED]
Unknown : 0.0 ratio [PASSED]
Unknown : 0.0 millisecond [PASSED]","Rich to lean sensor switch time : 0.0 millisecond [PASSED]
Unknown : 0.0 millivolt [PASSED]
Unknown : 0.0 millivolt [PASSED]",Unknown : -40.0 degree_Celsius [PASSED],Unknown : 0.0 ohm [PASSED],Unknown : 0.0 count [PASSED],"Unknown : 0.0 degree [PASSED]
Unknown : 0.0 degree [PASSED]
Unknown : 0.0 degree [PASSED]
Unknown : 0.0 degree [PASSED]",0.74 volt,-0.0078125 milliampere,"((), (False, False, False, False), (False, False, True, True))",India OBD II (IOBD II),0101010001000000000000000000000000000000,10111110001111101010100000010011,10000000000001111011000000010001,11111110110100001000010000000001,12.941176470588236 percent,1928.5 revolutions_per_minute,1018.0 second,-2.34375 percent,88.0 kilometer_per_hour,<obd.OBDResponse.Status object at 0x79ab2c5b9ea0>,<obd.OBDResponse.Status object at 0x79ab2c5ba710>,16.07843137254902 percent,22.745098039215687 percent,23.137254901960784 percent,13.5 degree,bytearray(b'MEXKRDPA7NG020286'),0.0 count,2025-04-28 15:01:46,2025-04-28 15:01:51,2025-04-28 15:01:46,Signal Acquired,15.38848,73.918881,4.48,0.67,8.11,-0.04,-0.16,0.0,NO
,,,,,,,,,,,,,,,,,,,,,,,,,,,,,,,,,,,,,,,,,,,,,,,,,,,,,,,,,,,,,,,,,,,,,,,,,,,,,,,,,,,,,,,,,,,,,,,,,,,,,,,,,2025-04-28 15:01:46,Signal Acquired,15.38848,73.918881,1.88,1.74,11.61,0.08,-0.23,-0.02,NO
,,,,,,,,,,,,,,,,,,,,,,,,,,,,,,,,,,,,,,,,,,,,,,,,,,,,,,,,,,,,,,,,,,,,,,,,,,,,,,,,,,,,,,,,,,,,,,,,,,,,,,,,,2025-04-28 15:01:46,Signal Acquired,15.388647,73.918713,0.73,0.93,8.27,-0.1,-0.14,-0.01,NO
50.98039215686274 percent,29.80392156862745 percent,29.80392156862745 percent,34 degree_Celsius,100 kilopascal,bytearray(b'5E018DD3844BEA'),582.7 degree_Celsius,,,,,,0.0 kilometer,0.0 kilometer,,,,,,,,,,,,,,,,,,,,,,,,,,,,,,,,,,,,,,,ELM327 v1.5,12.6 volt,33.72549019607843 percent,74.90196078431373 percent,89.80392156862744 percent,"('Closed loop, using oxygen sensor feedback to determine fuel mix', '')",Gasoline,[],[],83 kilopascal,49 degree_Celsius,1.5625 percent,0.0 percent,11000000000000000000000000000001,10000000000000000000100000001001,11000000000000000000000000000001,1.0,1.0,01111000000000000000000000000000,Unknown : 0.0 percent [PASSED],"Average misfire counts for last ten driving cycles : 0.0 count [PASSED]
Misfire counts for last/current driving cycles : 0.0 count [PASSED]","Average misfire counts for last ten driving cycles : 0.0 count [PASSED]
Misfire counts for last/current driving cycles : 0.0 count [PASSED]","Average misfire counts for last ten driving cycles : 0.0 count [PASSED]
Misfire counts for last/current driving cycles : 0.0 count [PASSED]","Average misfire counts for last ten driving cycles : 0.0 count [PASSED]
Misfire counts for last/current driving cycles : 0.0 count [PASSED]","Unknown : 0.0 count [PASSED]
Unknown : 0.0 count [PASSED]
Unknown : 0.0 ratio [PASSED]
Unknown : 0.0 millisecond [PASSED]","Rich to lean sensor switch time : 0.0 millisecond [PASSED]
Unknown : 0.0 millivolt [PASSED]
Unknown : 0.0 millivolt [PASSED]",Unknown : -40.0 degree_Celsius [PASSED],Unknown : 0.0 ohm [PASSED],Unknown : 0.0 count [PASSED],"Unknown : 0.0 degree [PASSED]
Unknown : 0.0 degree [PASSED]
Unknown : 0.0 degree [PASSED]
Unknown : 0.0 degree [PASSED]",0.74 volt,-0.01171875 milliampere,"((), (False, False, False, False), (False, False, True, True))",India OBD II (IOBD II),0101010001000000000000000000000000000000,10111110001111101010100000010011,10000000000001111011000000010001,11111110110100001000010000000001,10.588235294117647 percent,1800.5 revolutions_per_minute,1025.0 second,-2.34375 percent,83.0 kilometer_per_hour,<obd.OBDResponse.Status object at 0x79ab2c5cb1f0>,<obd.OBDResponse.Status object at 0x79ab2c5cb790>,13.72549019607843 percent,21.176470588235293 percent,21.176470588235293 percent,15.0 degree,bytearray(b'MEXKRDPA7NG020286'),0.0 count,2025-04-28 15:01:53,2025-04-28 15:01:58,2025-04-28 15:01:53,Signal Acquired,15.388647,73.918713,3.68,0.27,5.68,-0.05,-0.11,-0.0,NO
,,,,,,,,,,,,,,,,,,,,,,,,,,,,,,,,,,,,,,,,,,,,,,,,,,,,,,,,,,,,,,,,,,,,,,,,,,,,,,,,,,,,,,,,,,,,,,,,,,,,,,,,,2025-04-28 15:01:53,Signal Acquired,15.388822,73.918546,1.27,1.19,9.64,0.01,-0.01,-0.03,NO
,,,,,,,,,,,,,,,,,,,,,,,,,,,,,,,,,,,,,,,,,,,,,,,,,,,,,,,,,,,,,,,,,,,,,,,,,,,,,,,,,,,,,,,,,,,,,,,,,,,,,,,,,2025-04-28 15:01:53,Signal Acquired,15.388822,73.918546,3.54,1.62,8.49,0.01,-0.09,-0.02,NO
47.450980392156865 percent,29.019607843137255 percent,29.019607843137255 percent,34 degree_Celsius,100 kilopascal,bytearray(b'5E018DD3844BEA'),577.2 degree_Celsius,,,,,,,0.0 kilometer,,,,,,,,,,,,,,,,,,,,,,,,,,,,,,,,,,,,,,,ELM327 v1.5,12.5 volt,28.235294117647058 percent,67.05882352941177 percent,89.80392156862744 percent,"('Closed loop, using oxygen sensor feedback to determine fuel mix', '')",Gasoline,[],[],67 kilopascal,49 degree_Celsius,1.5625 percent,0.0 percent,11000000000000000000000000000001,10000000000000000000100000001001,11000000000000000000000000000001,1.0,1.0,01111000000000000000000000000000,Unknown : 0.0 percent [PASSED],"Average misfire counts for last ten driving cycles : 0.0 count [PASSED]
Misfire counts for last/current driving cycles : 0.0 count [PASSED]","Average misfire counts for last ten driving cycles : 0.0 count [PASSED]
Misfire counts for last/current driving cycles : 0.0 count [PASSED]","Average misfire counts for last ten driving cycles : 0.0 count [PASSED]
Misfire counts for last/current driving cycles : 0.0 count [PASSED]","Average misfire counts for last ten driving cycles : 0.0 count [PASSED]
Misfire counts for last/current driving cycles : 0.0 count [PASSED]","Unknown : 0.0 count [PASSED]
Unknown : 0.0 count [PASSED]
Unknown : 0.0 ratio [PASSED]
Unknown : 0.0 millisecond [PASSED]","Rich to lean sensor switch time : 0.0 millisecond [PASSED]
Unknown : 0.0 millivolt [PASSED]
Unknown : 0.0 millivolt [PASSED]",Unknown : -40.0 degree_Celsius [PASSED],Unknown : 0.0 ohm [PASSED],Unknown : 0.0 count [PASSED],"Unknown : 0.0 degree [PASSED]
Unknown : 0.0 degree [PASSED]
Unknown : 0.0 degree [PASSED]
Unknown : 0.0 degree [PASSED]",0.745 volt,-0.00390625 milliampere,"((), (False, False, False, False), (False, False, True, True))",India OBD II (IOBD II),0101010001000000000000000000000000000000,10111110001111101010100000010011,10000000000001111011000000010001,11111110110100001000010000000001,8.235294117647058 percent,1704.0 revolutions_per_minute,1032.0 second,-3.90625 percent,78.0 kilometer_per_hour,<obd.OBDResponse.Status object at 0x79ab2c5df910>,<obd.OBDResponse.Status object at 0x79ab2c5df850>,10.980392156862745 percent,18.823529411764707 percent,19.215686274509803 percent,17.0 degree,bytearray(b'MEXKRDPA7NG020286'),0.0 count,2025-04-28 15:02:00,2025-04-28 15:02:05,2025-04-28 15:02:00,Signal Acquired,15.389002,73.918383,3.11,0.08,7.7,-0.03,0.07,-0.03,NO
,,,,,,,,,,,,,,,,,,,,,,,,,,,,,,,,,,,,,,,,,,,,,,,,,,,,,,,,,,,,,,,,,,,,,,,,,,,,,,,,,,,,,,,,,,,,,,,,,,,,,,,,,2025-04-28 15:02:00,Signal Acquired,15.389002,73.918383,1.59,0.93,9.73,-0.03,0.12,-0.02,NO
,,,,,,,,,,,,,,,,,,,,,,,,,,,,,,,,,,,,,,,,,,,,,,,,,,,,,,,,,,,,,,,,,,,,,,,,,,,,,,,,,,,,,,,,,,,,,,,,,,,,,,,,,2025-04-28 15:02:00,Signal Acquired,15.389186,73.918221,1.98,0.76,9.73,-0.03,-0.16,0.01,NO
47.05882352941176 percent,29.41176470588235 percent,29.41176470588235 percent,33 degree_Celsius,100 kilopascal,bytearray(b'5E018DD3844BEA'),568.0 degree_Celsius,,,,,,0.0 kilometer,0.0 kilometer,,,,,,,,,,,,,,,,,,,,,,,,,,,,,,,,,,,,,,,ELM327 v1.5,12.5 volt,30.58823529411765 percent,69.01960784313725 percent,89.80392156862744 percent,"('Closed loop, using oxygen sensor feedback to determine fuel mix', '')",Gasoline,[],[],74 kilopascal,49 degree_Celsius,1.5625 percent,0.0 percent,11000000000000000000000000000001,10000000000000000000100000001001,11000000000000000000000000000001,1.0,1.0,01111000000000000000000000000000,Unknown : 0.0 percent [PASSED],"Average misfire counts for last ten driving cycles : 0.0 count [PASSED]
Misfire counts for last/current driving cycles : 0.0 count [PASSED]","Average misfire counts for last ten driving cycles : 0.0 count [PASSED]
Misfire counts for last/current driving cycles : 0.0 count [PASSED]","Average misfire counts for last ten driving cycles : 0.0 count [PASSED]
Misfire counts for last/current driving cycles : 0.0 count [PASSED]","Average misfire counts for last ten driving cycles : 0.0 count [PASSED]
Misfire counts for last/current driving cycles : 0.0 count [PASSED]","Unknown : 0.0 count [PASSED]
Unknown : 0.0 count [PASSED]
Unknown : 0.0 ratio [PASSED]
Unknown : 0.0 millisecond [PASSED]","Rich to lean sensor switch time : 0.0 millisecond [PASSED]
Unknown : 0.0 millivolt [PASSED]
Unknown : 0.0 millivolt [PASSED]",Unknown : -40.0 degree_Celsius [PASSED],Unknown : 0.0 ohm [PASSED],Unknown : 0.0 count [PASSED],"Unknown : 0.0 degree [PASSED]
Unknown : 0.0 degree [PASSED]
Unknown : 0.0 degree [PASSED]
Unknown : 0.0 degree [PASSED]",0.76 volt,-0.0234375 milliampere,"((), (False, False, False, False), (False, False, True, True))",India OBD II (IOBD II),0101010001000000000000000000000000000000,10111110001111101010100000010011,10000000000001111011000000010001,11111110110100001000010000000001,9.019607843137255 percent,1692.0 revolutions_per_minute,1039.0 second,-2.34375 percent,78.0 kilometer_per_hour,<obd.OBDResponse.Status object at 0x79ab2d7be9b0>,<obd.OBDResponse.Status object at 0x79ab2c6191b0>,12.156862745098039 percent,20.0 percent,20.0 percent,16.5 degree,bytearray(b'MEXKRDPA7NG020286'),0.0 count,2025-04-28 15:02:07,2025-04-28 15:02:12,2025-04-28 15:02:07,Signal Acquired,15.389186,73.918221,1.99,0.53,8.83,0.02,-0.07,0.0,NO
,,,,,,,,,,,,,,,,,,,,,,,,,,,,,,,,,,,,,,,,,,,,,,,,,,,,,,,,,,,,,,,,,,,,,,,,,,,,,,,,,,,,,,,,,,,,,,,,,,,,,,,,,2025-04-28 15:02:07,Signal Acquired,15.389373,73.918061,1.17,1.05,7.48,-0.07,0.38,-0.03,NO
,,,,,,,,,,,,,,,,,,,,,,,,,,,,,,,,,,,,,,,,,,,,,,,,,,,,,,,,,,,,,,,,,,,,,,,,,,,,,,,,,,,,,,,,,,,,,,,,,,,,,,,,,2025-04-28 15:02:07,Signal Acquired,15.389373,73.918061,0.13,1.64,11.17,0.04,-0.13,0.02,NO
45.88235294117647 percent,29.019607843137255 percent,29.019607843137255 percent,33 degree_Celsius,100 kilopascal,bytearray(b'5E018DD3844BEA'),561.4 degree_Celsius,,,,,,,,,,,,,,,,,,,,,,,,,,,,,,,,,,,,,,,,,,,,,,ELM327 v1.5,12.5 volt,30.58823529411765 percent,70.19607843137256 percent,89.80392156862744 percent,"('Closed loop, using oxygen sensor feedback to determine fuel mix', '')",Gasoline,[],[],74 kilopascal,49 degree_Celsius,1.5625 percent,0.0 percent,11000000000000000000000000000001,10000000000000000000100000001001,11000000000000000000000000000001,1.0,1.0,01111000000000000000000000000000,Unknown : 0.0 percent [PASSED],"Average misfire counts for last ten driving cycles : 0.0 count [PASSED]
Misfire counts for last/current driving cycles : 0.0 count [PASSED]","Average misfire counts for last ten driving cycles : 0.0 count [PASSED]
Misfire counts for last/current driving cycles : 0.0 count [PASSED]","Average misfire counts for last ten driving cycles : 0.0 count [PASSED]
Misfire counts for last/current driving cycles : 0.0 count [PASSED]","Average misfire counts for last ten driving cycles : 0.0 count [PASSED]
Misfire counts for last/current driving cycles : 0.0 count [PASSED]","Unknown : 0.0 count [PASSED]
Unknown : 0.0 count [PASSED]
Unknown : 0.0 ratio [PASSED]
Unknown : 0.0 millisecond [PASSED]","Rich to lean sensor switch time : 0.0 millisecond [PASSED]
Unknown : 0.0 millivolt [PASSED]
Unknown : 0.0 millivolt [PASSED]",Unknown : -40.0 degree_Celsius [PASSED],Unknown : 0.0 ohm [PASSED],Unknown : 0.0 count [PASSED],"Unknown : 0.0 degree [PASSED]
Unknown : 0.0 degree [PASSED]
Unknown : 0.0 degree [PASSED]
Unknown : 0.0 degree [PASSED]",0.75 volt,-0.0078125 milliampere,"((), (False, False, False, False), (False, False, True, True))",India OBD II (IOBD II),0101010001000000000000000000000000000000,10111110001111101010100000010011,10000000000001111011000000010001,11111110110100001000010000000001,9.803921568627452 percent,1757.5 revolutions_per_minute,1046.0 second,-2.34375 percent,81.0 kilometer_per_hour,<obd.OBDResponse.Status object at 0x79ab2c62e620>,<obd.OBDResponse.Status object at 0x79ab2c62eda0>,12.549019607843137 percent,20.0 percent,20.0 percent,16.5 degree,bytearray(b'MEXKRDPA7NG020286'),0.0 count,2025-04-28 15:02:13,2025-04-28 15:02:19,2025-04-28 15:02:13,Signal Acquired,15.389562,73.917899,-1.67,1.19,10.69,0.03,-0.06,0.01,NO
,,,,,,,,,,,,,,,,,,,,,,,,,,,,,,,,,,,,,,,,,,,,,,,,,,,,,,,,,,,,,,,,,,,,,,,,,,,,,,,,,,,,,,,,,,,,,,,,,,,,,,,,,2025-04-28 15:02:13,Signal Acquired,15.389562,73.917899,-1.1,1.2,9.43,-0.09,0.17,-0.03,NO
,,,,,,,,,,,,,,,,,,,,,,,,,,,,,,,,,,,,,,,,,,,,,,,,,,,,,,,,,,,,,,,,,,,,,,,,,,,,,,,,,,,,,,,,,,,,,,,,,,,,,,,,,2025-04-28 15:02:13,Signal Acquired,15.389752,73.917736,1.75,0.91,8.04,-0.05,0.17,-0.01,NO
47.05882352941176 percent,29.019607843137255 percent,29.019607843137255 percent,33 degree_Celsius,100 kilopascal,bytearray(b'5E018DD3844BEA'),556.8000000000001 degree_Celsius,,,,,,0.0 kilometer,0.0 kilometer,,,,,,,,,,,,,,,,,,,,,,,,,,,,,,,,,,,,,,,ELM327 v1.5,12.6 volt,30.980392156862745 percent,72.94117647058823 percent,89.80392156862744 percent,"('Closed loop, using oxygen sensor feedback to determine fuel mix', '')",Gasoline,[],[],77 kilopascal,49 degree_Celsius,1.5625 percent,0.0 percent,11000000000000000000000000000001,10000000000000000000100000001001,11000000000000000000000000000001,1.0,1.0,01111000000000000000000000000000,Unknown : 0.0 percent [PASSED],"Average misfire counts for last ten driving cycles : 0.0 count [PASSED]
Misfire counts for last/current driving cycles : 0.0 count [PASSED]","Average misfire counts for last ten driving cycles : 0.0 count [PASSED]
Misfire counts for last/current driving cycles : 0.0 count [PASSED]","Average misfire counts for last ten driving cycles : 0.0 count [PASSED]
Misfire counts for last/current driving cycles : 0.0 count [PASSED]","Average misfire counts for last ten driving cycles : 0.0 count [PASSED]
Misfire counts for last/current driving cycles : 0.0 count [PASSED]","Unknown : 0.0 count [PASSED]
Unknown : 0.0 count [PASSED]
Unknown : 0.0 ratio [PASSED]
Unknown : 0.0 millisecond [PASSED]","Rich to lean sensor switch time : 0.0 millisecond [PASSED]
Unknown : 0.0 millivolt [PASSED]
Unknown : 0.0 millivolt [PASSED]",Unknown : -40.0 degree_Celsius [PASSED],Unknown : 0.0 ohm [PASSED],Unknown : 0.0 count [PASSED],"Unknown : 0.0 degree [PASSED]
Unknown : 0.0 degree [PASSED]
Unknown : 0.0 degree [PASSED]
Unknown : 0.0 degree [PASSED]",0.755 volt,-0.0078125 milliampere,"((), (False, False, False, False), (False, False, True, True))",India OBD II (IOBD II),0101010001000000000000000000000000000000,10111110001111101010100000010011,10000000000001111011000000010001,11111110110100001000010000000001,10.588235294117647 percent,1834.5 revolutions_per_minute,1053.0 second,-1.5625 percent,84.0 kilometer_per_hour,<obd.OBDResponse.Status object at 0x79ab2c5aa5c0>,<obd.OBDResponse.Status object at 0x79ab2c5a94e0>,13.72549019607843 percent,21.176470588235293 percent,21.568627450980394 percent,15.5 degree,bytearray(b'MEXKRDPA7NG020286'),0.0 count,2025-04-28 15:02:21,2025-04-28 15:02:26,2025-04-28 15:02:21,Signal Acquired,15.389752,73.917736,-1.29,1.03,10.96,-0.01,-0.23,0.03,NO
,,,,,,,,,,,,,,,,,,,,,,,,,,,,,,,,,,,,,,,,,,,,,,,,,,,,,,,,,,,,,,,,,,,,,,,,,,,,,,,,,,,,,,,,,,,,,,,,,,,,,,,,,2025-04-28 15:02:21,Signal Acquired,15.389942,73.917572,1.11,0.24,8.54,-0.01,-0.03,-0.0,NO
,,,,,,,,,,,,,,,,,,,,,,,,,,,,,,,,,,,,,,,,,,,,,,,,,,,,,,,,,,,,,,,,,,,,,,,,,,,,,,,,,,,,,,,,,,,,,,,,,,,,,,,,,2025-04-28 15:02:21,Signal Acquired,15.389942,73.917572,2.19,0.99,7.32,-0.02,-0.34,0.04,NO
47.05882352941176 percent,30.19607843137255 percent,30.19607843137255 percent,33 degree_Celsius,100 kilopascal,bytearray(b'5E018DD3844BEA'),556.3000000000001 degree_Celsius,,,,,,,0.0 kilometer,,,,,,,,,,,,,,,,,,,,,,,,,,,,,,,,,,,,,,,ELM327 v1.5,12.5 volt,30.980392156862745 percent,74.11764705882354 percent,89.80392156862744 percent,"('Closed loop, using oxygen sensor feedback to determine fuel mix', '')",Gasoline,[],[],80 kilopascal,49 degree_Celsius,1.5625 percent,0.0 percent,11000000000000000000000000000001,10000000000000000000100000001001,11000000000000000000000000000001,1.0,1.0,01111000000000000000000000000000,Unknown : 0.0 percent [PASSED],"Average misfire counts for last ten driving cycles : 0.0 count [PASSED]
Misfire counts for last/current driving cycles : 0.0 count [PASSED]","Average misfire counts for last ten driving cycles : 0.0 count [PASSED]
Misfire counts for last/current driving cycles : 0.0 count [PASSED]","Average misfire counts for last ten driving cycles : 0.0 count [PASSED]
Misfire counts for last/current driving cycles : 0.0 count [PASSED]","Average misfire counts for last ten driving cycles : 0.0 count [PASSED]
Misfire counts for last/current driving cycles : 0.0 count [PASSED]","Unknown : 0.0 count [PASSED]
Unknown : 0.0 count [PASSED]
Unknown : 0.0 ratio [PASSED]
Unknown : 0.0 millisecond [PASSED]","Rich to lean sensor switch time : 0.0 millisecond [PASSED]
Unknown : 0.0 millivolt [PASSED]
Unknown : 0.0 millivolt [PASSED]",Unknown : -40.0 degree_Celsius [PASSED],Unknown : 0.0 ohm [PASSED],Unknown : 0.0 count [PASSED],"Unknown : 0.0 degree [PASSED]
Unknown : 0.0 degree [PASSED]
Unknown : 0.0 degree [PASSED]
Unknown : 0.0 degree [PASSED]",0.765 volt,-0.00390625 milliampere,"((), (False, False, False, False), (False, False, True, True))",India OBD II (IOBD II),0101010001000000000000000000000000000000,10111110001111101010100000010011,10000000000001111011000000010001,11111110110100001000010000000001,10.588235294117647 percent,1835.5 revolutions_per_minute,1060.0 second,-0.78125 percent,85.0 kilometer_per_hour,<obd.OBDResponse.Status object at 0x79ab2c6521d0>,<obd.OBDResponse.Status object at 0x79ab2c652260>,13.72549019607843 percent,20.784313725490197 percent,21.176470588235293 percent,15.5 degree,bytearray(b'MEXKRDPA7NG020286'),0.0 count,2025-04-28 15:02:27,2025-04-28 15:02:33,2025-04-28 15:02:27,Signal Acquired,15.390135,73.917409,2.54,0.28,8.76,-0.03,0.08,0.01,NO
,,,,,,,,,,,,,,,,,,,,,,,,,,,,,,,,,,,,,,,,,,,,,,,,,,,,,,,,,,,,,,,,,,,,,,,,,,,,,,,,,,,,,,,,,,,,,,,,,,,,,,,,,2025-04-28 15:02:27,Signal Acquired,15.390135,73.917409,-0.48,1.22,10.84,-0.01,0.02,0.02,NO
,,,,,,,,,,,,,,,,,,,,,,,,,,,,,,,,,,,,,,,,,,,,,,,,,,,,,,,,,,,,,,,,,,,,,,,,,,,,,,,,,,,,,,,,,,,,,,,,,,,,,,,,,2025-04-28 15:02:27,Signal Acquired,15.390328,73.917245,1.85,0.94,8.12,0.02,-0.08,0.02,NO
57.64705882352941 percent,30.980392156862745 percent,30.980392156862745 percent,33 degree_Celsius,100 kilopascal,bytearray(b'5E018DD3844BEA'),557.3000000000001 degree_Celsius,,,,,,0.0 kilometer,0.0 kilometer,,,,,,,,,,,,,,,,,,,,,,,,,,,,,,,,,,,,,,,ELM327 v1.5,12.5 volt,36.07843137254902 percent,78.03921568627452 percent,89.80392156862744 percent,"('Closed loop, using oxygen sensor feedback to determine fuel mix', '')",Gasoline,[],[],89 kilopascal,48 degree_Celsius,1.5625 percent,0.0 percent,11000000000000000000000000000001,10000000000000000000100000001001,11000000000000000000000000000001,1.0,1.0,01111000000000000000000000000000,Unknown : 0.0 percent [PASSED],"Average misfire counts for last ten driving cycles : 0.0 count [PASSED]
Misfire counts for last/current driving cycles : 0.0 count [PASSED]","Average misfire counts for last ten driving cycles : 0.0 count [PASSED]
Misfire counts for last/current driving cycles : 0.0 count [PASSED]","Average misfire counts for last ten driving cycles : 0.0 count [PASSED]
Misfire counts for last/current driving cycles : 0.0 count [PASSED]","Average misfire counts for last ten driving cycles : 0.0 count [PASSED]
Misfire counts for last/current driving cycles : 0.0 count [PASSED]","Unknown : 0.0 count [PASSED]
Unknown : 0.0 count [PASSED]
Unknown : 0.0 ratio [PASSED]
Unknown : 0.0 millisecond [PASSED]","Rich to lean sensor switch time : 0.0 millisecond [PASSED]
Unknown : 0.0 millivolt [PASSED]
Unknown : 0.0 millivolt [PASSED]",Unknown : -40.0 degree_Celsius [PASSED],Unknown : 0.0 ohm [PASSED],Unknown : 0.0 count [PASSED],"Unknown : 0.0 degree [PASSED]
Unknown : 0.0 degree [PASSED]
Unknown : 0.0 degree [PASSED]
Unknown : 0.0 degree [PASSED]",0.755 volt,-0.0234375 milliampere,"((), (False, False, False, False), (False, False, True, True))",India OBD II (IOBD II),0101010001000000000000000000000000000000,10111110001111101010100000010011,10000000000001111011000000010001,11111110110100001000010000000001,12.941176470588236 percent,1861.0 revolutions_per_minute,1066.0 second,-0.78125 percent,86.0 kilometer_per_hour,<obd.OBDResponse.Status object at 0x79ab2c486140>,<obd.OBDResponse.Status object at 0x79ab2c486200>,16.862745098039216 percent,23.137254901960784 percent,23.529411764705884 percent,13.5 degree,bytearray(b'MEXKRDPA7NG020286'),0.0 count,2025-04-28 15:02:34,2025-04-28 15:02:39,2025-04-28 15:02:34,Signal Acquired,15.390328,73.917245,2.93,0.76,8.12,-0.01,-0.16,0.03,NO
,,,,,,,,,,,,,,,,,,,,,,,,,,,,,,,,,,,,,,,,,,,,,,,,,,,,,,,,,,,,,,,,,,,,,,,,,,,,,,,,,,,,,,,,,,,,,,,,,,,,,,,,,2025-04-28 15:02:34,Signal Acquired,15.390522,73.917079,1.94,1.34,9.15,0.01,0.0,-0.0,NO
,,,,,,,,,,,,,,,,,,,,,,,,,,,,,,,,,,,,,,,,,,,,,,,,,,,,,,,,,,,,,,,,,,,,,,,,,,,,,,,,,,,,,,,,,,,,,,,,,,,,,,,,,2025-04-28 15:02:34,Signal Acquired,15.390522,73.917079,-0.81,0.56,11.84,-0.05,0.15,-0.03,NO
54.509803921568626 percent,30.980392156862745 percent,30.980392156862745 percent,33 degree_Celsius,100 kilopascal,bytearray(b'5E018DD3844BEA'),563.6 degree_Celsius,,,,,,0.0 kilometer,0.0 kilometer,,,,,,,,,,,,,,,,,,,,,,,,,,,,,,,,,,,,,,,ELM327 v1.5,12.5 volt,34.90196078431372 percent,78.43137254901961 percent,89.80392156862744 percent,"('Closed loop, using oxygen sensor feedback to determine fuel mix', '')",Gasoline,[],[],88 kilopascal,48 degree_Celsius,1.5625 percent,0.0 percent,11000000000000000000000000000001,10000000000000000000100000001001,11000000000000000000000000000001,1.0,1.0,01111000000000000000000000000000,Unknown : 0.0 percent [PASSED],"Average misfire counts for last ten driving cycles : 0.0 count [PASSED]
Misfire counts for last/current driving cycles : 0.0 count [PASSED]","Average misfire counts for last ten driving cycles : 0.0 count [PASSED]
Misfire counts for last/current driving cycles : 0.0 count [PASSED]","Average misfire counts for last ten driving cycles : 0.0 count [PASSED]
Misfire counts for last/current driving cycles : 0.0 count [PASSED]","Average misfire counts for last ten driving cycles : 0.0 count [PASSED]
Misfire counts for last/current driving cycles : 0.0 count [PASSED]","Unknown : 0.0 count [PASSED]
Unknown : 0.0 count [PASSED]
Unknown : 0.0 ratio [PASSED]
Unknown : 0.0 millisecond [PASSED]","Rich to lean sensor switch time : 0.0 millisecond [PASSED]
Unknown : 0.0 millivolt [PASSED]
Unknown : 0.0 millivolt [PASSED]",Unknown : -40.0 degree_Celsius [PASSED],Unknown : 0.0 ohm [PASSED],Unknown : 0.0 count [PASSED],"Unknown : 0.0 degree [PASSED]
Unknown : 0.0 degree [PASSED]
Unknown : 0.0 degree [PASSED]
Unknown : 0.0 degree [PASSED]",0.75 volt,-0.0078125 milliampere,"((), (False, False, False, False), (False, False, True, True))",India OBD II (IOBD II),0101010001000000000000000000000000000000,10111110001111101010100000010011,10000000000001111011000000010001,11111110110100001000010000000001,11.764705882352942 percent,1893.5 revolutions_per_minute,1073.0 second,0.0 percent,87.0 kilometer_per_hour,<obd.OBDResponse.Status object at 0x79ab2c497e50>,<obd.OBDResponse.Status object at 0x79ab2c497f10>,15.294117647058824 percent,22.352941176470587 percent,22.745098039215687 percent,15.0 degree,bytearray(b'MEXKRDPA7NG020286'),0.0 count,2025-04-28 15:02:41,2025-04-28 15:02:46,2025-04-28 15:02:41,Signal Acquired,15.390717,73.916911,-0.62,0.37,12.15,-0.09,-0.07,0.02,NO
,,,,,,,,,,,,,,,,,,,,,,,,,,,,,,,,,,,,,,,,,,,,,,,,,,,,,,,,,,,,,,,,,,,,,,,,,,,,,,,,,,,,,,,,,,,,,,,,,,,,,,,,,2025-04-28 15:02:41,Signal Acquired,15.390717,73.916911,0.84,0.61,9.84,0.05,-0.16,0.01,NO
,,,,,,,,,,,,,,,,,,,,,,,,,,,,,,,,,,,,,,,,,,,,,,,,,,,,,,,,,,,,,,,,,,,,,,,,,,,,,,,,,,,,,,,,,,,,,,,,,,,,,,,,,2025-04-28 15:02:41,Signal Acquired,15.390913,73.916742,-3.64,0.99,10.99,-0.02,0.11,-0.02,NO
45.88235294117647 percent,29.019607843137255 percent,29.019607843137255 percent,33 degree_Celsius,100 kilopascal,bytearray(b'5E018DD3844BEA'),566.9 degree_Celsius,,,,,,,0.0 kilometer,,,,,,,,,,,,,,,,,,,,,,,,,,,,,,,,,,,,,,,ELM327 v1.5,12.6 volt,23.137254901960784 percent,64.70588235294117 percent,89.80392156862744 percent,"('Closed loop, using oxygen sensor feedback to determine fuel mix', '')",Gasoline,[],[],56 kilopascal,48 degree_Celsius,1.5625 percent,0.0 percent,11000000000000000000000000000001,10000000000000000000100000001001,11000000000000000000000000000001,1.0,1.0,01111000000000000000000000000000,Unknown : 0.0 percent [PASSED],"Average misfire counts for last ten driving cycles : 0.0 count [PASSED]
Misfire counts for last/current driving cycles : 0.0 count [PASSED]","Average misfire counts for last ten driving cycles : 0.0 count [PASSED]
Misfire counts for last/current driving cycles : 0.0 count [PASSED]","Average misfire counts for last ten driving cycles : 0.0 count [PASSED]
Misfire counts for last/current driving cycles : 0.0 count [PASSED]","Average misfire counts for last ten driving cycles : 0.0 count [PASSED]
Misfire counts for last/current driving cycles : 0.0 count [PASSED]","Unknown : 0.0 count [PASSED]
Unknown : 0.0 count [PASSED]
Unknown : 0.0 ratio [PASSED]
Unknown : 0.0 millisecond [PASSED]","Rich to lean sensor switch time : 0.0 millisecond [PASSED]
Unknown : 0.0 millivolt [PASSED]
Unknown : 0.0 millivolt [PASSED]",Unknown : -40.0 degree_Celsius [PASSED],Unknown : 0.0 ohm [PASSED],Unknown : 0.0 count [PASSED],"Unknown : 0.0 degree [PASSED]
Unknown : 0.0 degree [PASSED]
Unknown : 0.0 degree [PASSED]
Unknown : 0.0 degree [PASSED]",0.755 volt,-0.00390625 milliampere,"((), (False, False, False, False), (False, False, True, True))",India OBD II (IOBD II),0101010001000000000000000000000000000000,10111110001111101010100000010011,10000000000001111011000000010001,11111110110100001000010000000001,4.705882352941177 percent,1861.0 revolutions_per_minute,1080.0 second,-3.125 percent,86.0 kilometer_per_hour,<obd.OBDResponse.Status object at 0x79ab2c4b9ab0>,<obd.OBDResponse.Status object at 0x79ab2c4b9b70>,6.2745098039215685 percent,14.901960784313726 percent,15.294117647058824 percent,22.5 degree,bytearray(b'MEXKRDPA7NG020286'),0.0 count,2025-04-28 15:02:48,2025-04-28 15:02:53,2025-04-28 15:02:48,Signal Acquired,15.390913,73.916742,-0.53,0.73,11.24,-0.05,-0.27,0.02,NO
,,,,,,,,,,,,,,,,,,,,,,,,,,,,,,,,,,,,,,,,,,,,,,,,,,,,,,,,,,,,,,,,,,,,,,,,,,,,,,,,,,,,,,,,,,,,,,,,,,,,,,,,,2025-04-28 15:02:48,Signal Acquired,15.391109,73.916573,-0.79,1.34,9.96,0.01,-0.13,0.01,NO
,,,,,,,,,,,,,,,,,,,,,,,,,,,,,,,,,,,,,,,,,,,,,,,,,,,,,,,,,,,,,,,,,,,,,,,,,,,,,,,,,,,,,,,,,,,,,,,,,,,,,,,,,2025-04-28 15:02:48,Signal Acquired,15.391109,73.916573,5.83,0.54,10.04,0.01,0.04,0.0,NO
35.68627450980392 percent,22.352941176470587 percent,22.352941176470587 percent,32 degree_Celsius,100 kilopascal,bytearray(b'5E018DD3844BEA'),560.3000000000001 degree_Celsius,,,,,,0.0 kilometer,0.0 kilometer,,,,,,,,,,,,,,,,,,,,,,,,,,,,,,,,,,,,,,,ELM327 v1.5,12.6 volt,12.549019607843137 percent,71.76470588235294 percent,89.80392156862744 percent,"('Closed loop, using oxygen sensor feedback to determine fuel mix', '')",Gasoline,[],[],72 kilopascal,50 degree_Celsius,-1.5625 percent,0.0 percent,11000000000000000000000000000001,10000000000000000000100000001001,11000000000000000000000000000001,1.0,1.0,01111000000000000000000000000000,Unknown : 0.0 percent [PASSED],"Average misfire counts for last ten driving cycles : 0.0 count [PASSED]
Misfire counts for last/current driving cycles : 0.0 count [PASSED]","Average misfire counts for last ten driving cycles : 0.0 count [PASSED]
Misfire counts for last/current driving cycles : 0.0 count [PASSED]","Average misfire counts for last ten driving cycles : 0.0 count [PASSED]
Misfire counts for last/current driving cycles : 0.0 count [PASSED]","Average misfire counts for last ten driving cycles : 0.0 count [PASSED]
Misfire counts for last/current driving cycles : 0.0 count [PASSED]","Unknown : 0.0 count [PASSED]
Unknown : 0.0 count [PASSED]
Unknown : 0.0 ratio [PASSED]
Unknown : 0.0 millisecond [PASSED]","Rich to lean sensor switch time : 0.0 millisecond [PASSED]
Unknown : 0.0 millivolt [PASSED]
Unknown : 0.0 millivolt [PASSED]",Unknown : -40.0 degree_Celsius [PASSED],Unknown : 0.0 ohm [PASSED],Unknown : 0.0 count [PASSED],"Unknown : 0.0 degree [PASSED]
Unknown : 0.0 degree [PASSED]
Unknown : 0.0 degree [PASSED]
Unknown : 0.0 degree [PASSED]",0.765 volt,-0.0078125 milliampere,"((), (False, False, False, False), (False, False, True, True))",India OBD II (IOBD II),0101010001000000000000000000000000000000,10111110001111101010100000010011,10000000000001111011000000010001,11111110110100001000010000000001,4.313725490196078 percent,1831.0 revolutions_per_minute,1087.0 second,0.78125 percent,84.0 kilometer_per_hour,<obd.OBDResponse.Status object at 0x79ab2c4d8190>,<obd.OBDResponse.Status object at 0x79ab2c4d8250>,8.235294117647058 percent,17.647058823529413 percent,21.176470588235293 percent,13.5 degree,bytearray(b'MEXKRDPA7NG020286'),0.0 count,2025-04-28 15:02:55,2025-04-28 15:03:00,2025-04-28 15:02:55,Signal Acquired,15.391306,73.916404,0.05,0.96,9.28,-0.01,-0.17,0.03,NO
,,,,,,,,,,,,,,,,,,,,,,,,,,,,,,,,,,,,,,,,,,,,,,,,,,,,,,,,,,,,,,,,,,,,,,,,,,,,,,,,,,,,,,,,,,,,,,,,,,,,,,,,,2025-04-28 15:02:55,Signal Acquired,15.391306,73.916404,-0.11,-0.66,11.74,-0.1,-0.03,0.01,NO
,,,,,,,,,,,,,,,,,,,,,,,,,,,,,,,,,,,,,,,,,,,,,,,,,,,,,,,,,,,,,,,,,,,,,,,,,,,,,,,,,,,,,,,,,,,,,,,,,,,,,,,,,2025-04-28 15:02:55,Signal Acquired,15.391503,73.916233,0.49,1.24,9.95,0.01,-0.19,0.01,NO
74.90196078431373 percent,26.666666666666668 percent,26.666666666666668 percent,32 degree_Celsius,100 kilopascal,bytearray(b'5E018DD3844BEA'),552.4 degree_Celsius,,,,,,,0.0 kilometer,,,,,,,,,,,,,,,,,,,,,,,,,,,,,,,,,,,,,,,ELM327 v1.5,12.5 volt,24.705882352941178 percent,66.66666666666667 percent,89.80392156862744 percent,"('Closed loop, using oxygen sensor feedback to determine fuel mix', '')",Gasoline,[],[],92 kilopascal,49 degree_Celsius,-1.5625 percent,0.0 percent,11000000000000000000000000000001,10000000000000000000100000001001,11000000000000000000000000000001,1.0,1.0,01111000000000000000000000000000,Unknown : 0.0 percent [PASSED],"Average misfire counts for last ten driving cycles : 0.0 count [PASSED]
Misfire counts for last/current driving cycles : 0.0 count [PASSED]","Average misfire counts for last ten driving cycles : 0.0 count [PASSED]
Misfire counts for last/current driving cycles : 0.0 count [PASSED]","Average misfire counts for last ten driving cycles : 0.0 count [PASSED]
Misfire counts for last/current driving cycles : 0.0 count [PASSED]","Average misfire counts for last ten driving cycles : 0.0 count [PASSED]
Misfire counts for last/current driving cycles : 0.0 count [PASSED]","Unknown : 0.0 count [PASSED]
Unknown : 0.0 count [PASSED]
Unknown : 0.0 ratio [PASSED]
Unknown : 0.0 millisecond [PASSED]","Rich to lean sensor switch time : 0.0 millisecond [PASSED]
Unknown : 0.0 millivolt [PASSED]
Unknown : 0.0 millivolt [PASSED]",Unknown : -40.0 degree_Celsius [PASSED],Unknown : 0.0 ohm [PASSED],Unknown : 0.0 count [PASSED],"Unknown : 0.0 degree [PASSED]
Unknown : 0.0 degree [PASSED]
Unknown : 0.0 degree [PASSED]
Unknown : 0.0 degree [PASSED]",0.74 volt,0.0 milliampere,"((), (False, False, False, False), (False, False, True, True))",India OBD II (IOBD II),0101010001000000000000000000000000000000,10111110001111101010100000010011,10000000000001111011000000010001,11111110110100001000010000000001,50.98039215686274 percent,1801.0 revolutions_per_minute,1094.0 second,2.34375 percent,83.0 kilometer_per_hour,<obd.OBDResponse.Status object at 0x79ab2c4e1b70>,<obd.OBDResponse.Status object at 0x79ab2c4e1c30>,98.82352941176471 percent,82.3529411764706 percent,29.019607843137255 percent,-13.5 degree,bytearray(b'MEXKRDPA7NG020286'),0.0 count,2025-04-28 15:03:02,2025-04-28 15:03:07,2025-04-28 15:03:02,Signal Acquired,15.391503,73.916233,-0.47,1.16,9.89,-0.05,-0.07,0.01,NO
,,,,,,,,,,,,,,,,,,,,,,,,,,,,,,,,,,,,,,,,,,,,,,,,,,,,,,,,,,,,,,,,,,,,,,,,,,,,,,,,,,,,,,,,,,,,,,,,,,,,,,,,,2025-04-28 15:03:02,Signal Acquired,15.3917,73.916062,2.22,1.15,8.62,0.0,-0.16,0.02,NO
,,,,,,,,,,,,,,,,,,,,,,,,,,,,,,,,,,,,,,,,,,,,,,,,,,,,,,,,,,,,,,,,,,,,,,,,,,,,,,,,,,,,,,,,,,,,,,,,,,,,,,,,,2025-04-28 15:03:02,Signal Acquired,15.3917,73.916062,-2.23,0.53,10.87,0.02,-0.12,0.06,NO
56.07843137254902 percent,32.549019607843135 percent,32.549019607843135 percent,32 degree_Celsius,100 kilopascal,bytearray(b'5E018DD3844BEA'),554.1 degree_Celsius,,,,,,0.0 kilometer,0.0 kilometer,,,,,,,,,,,,,,,,,,,,,,,,,,,,,,,,,,,,,,,ELM327 v1.5,12.6 volt,44.31372549019608 percent,98.03921568627452 percent,89.80392156862744 percent,"('Closed loop, using oxygen sensor feedback to determine fuel mix', '')",Gasoline,[],[],100 kilopascal,48 degree_Celsius,1.5625 percent,0.0 percent,11000000000000000000000000000001,10000000000000000000100000001001,11000000000000000000000000000001,1.0,1.0,01111000000000000000000000000000,Unknown : 0.0 percent [PASSED],"Average misfire counts for last ten driving cycles : 0.0 count [PASSED]
Misfire counts for last/current driving cycles : 0.0 count [PASSED]","Average misfire counts for last ten driving cycles : 0.0 count [PASSED]
Misfire counts for last/current driving cycles : 0.0 count [PASSED]","Average misfire counts for last ten driving cycles : 0.0 count [PASSED]
Misfire counts for last/current driving cycles : 0.0 count [PASSED]","Average misfire counts for last ten driving cycles : 0.0 count [PASSED]
Misfire counts for last/current driving cycles : 0.0 count [PASSED]","Unknown : 0.0 count [PASSED]
Unknown : 0.0 count [PASSED]
Unknown : 0.0 ratio [PASSED]
Unknown : 0.0 millisecond [PASSED]","Rich to lean sensor switch time : 0.0 millisecond [PASSED]
Unknown : 0.0 millivolt [PASSED]
Unknown : 0.0 millivolt [PASSED]",Unknown : -40.0 degree_Celsius [PASSED],Unknown : 0.0 ohm [PASSED],Unknown : 0.0 count [PASSED],"Unknown : 0.0 degree [PASSED]
Unknown : 0.0 degree [PASSED]
Unknown : 0.0 degree [PASSED]
Unknown : 0.0 degree [PASSED]",0.715 volt,-0.0078125 milliampere,"((), (False, False, False, False), (False, False, True, True))",India OBD II (IOBD II),0101010001000000000000000000000000000000,10111110001111101010100000010011,10000000000001111011000000010001,11111110110100001000010000000001,19.607843137254903 percent,1849.0 revolutions_per_minute,1101.0 second,0.78125 percent,86.0 kilometer_per_hour,<obd.OBDResponse.Status object at 0x79ab2c50c250>,<obd.OBDResponse.Status object at 0x79ab2c50c310>,25.49019607843137 percent,30.19607843137255 percent,30.19607843137255 percent,8.0 degree,bytearray(b'MEXKRDPA7NG020286'),0.0 count,2025-04-28 15:03:09,2025-04-28 15:03:14,2025-04-28 15:03:08,Signal Acquired,15.391896,73.915892,-0.03,0.85,9.43,0.02,-0.1,-0.02,NO
,,,,,,,,,,,,,,,,,,,,,,,,,,,,,,,,,,,,,,,,,,,,,,,,,,,,,,,,,,,,,,,,,,,,,,,,,,,,,,,,,,,,,,,,,,,,,,,,,,,,,,,,,2025-04-28 15:03:08,Signal Acquired,15.391896,73.915892,0.95,1.25,9.74,0.0,-0.21,0.01,NO
,,,,,,,,,,,,,,,,,,,,,,,,,,,,,,,,,,,,,,,,,,,,,,,,,,,,,,,,,,,,,,,,,,,,,,,,,,,,,,,,,,,,,,,,,,,,,,,,,,,,,,,,,2025-04-28 15:03:09,Signal Acquired,15.392095,73.915724,-0.68,-0.04,5.64,-0.24,0.26,0.04,NO
60.78431372549019 percent,32.549019607843135 percent,32.549019607843135 percent,32 degree_Celsius,100 kilopascal,bytearray(b'5E018DD3844BEA'),569.4 degree_Celsius,,,,,,,0.0 kilometer,,,,,,,,,,,,,,,,,,,,,,,,,,,,,,,,,,,,,,,ELM327 v1.5,12.5 volt,39.21568627450981 percent,98.43137254901961 percent,89.80392156862744 percent,"('Closed loop, using oxygen sensor feedback to determine fuel mix', '')",Gasoline,[],[],95 kilopascal,48 degree_Celsius,1.5625 percent,0.0 percent,11000000000000000000000000000001,10000000000000000000100000001001,11000000000000000000000000000001,1.0,1.0,01111000000000000000000000000000,Unknown : 0.0 percent [PASSED],"Average misfire counts for last ten driving cycles : 0.0 count [PASSED]
Misfire counts for last/current driving cycles : 0.0 count [PASSED]","Average misfire counts for last ten driving cycles : 0.0 count [PASSED]
Misfire counts for last/current driving cycles : 0.0 count [PASSED]","Average misfire counts for last ten driving cycles : 0.0 count [PASSED]
Misfire counts for last/current driving cycles : 0.0 count [PASSED]","Average misfire counts for last ten driving cycles : 0.0 count [PASSED]
Misfire counts for last/current driving cycles : 0.0 count [PASSED]","Unknown : 0.0 count [PASSED]
Unknown : 0.0 count [PASSED]
Unknown : 0.0 ratio [PASSED]
Unknown : 0.0 millisecond [PASSED]","Rich to lean sensor switch time : 0.0 millisecond [PASSED]
Unknown : 0.0 millivolt [PASSED]
Unknown : 0.0 millivolt [PASSED]",Unknown : -40.0 degree_Celsius [PASSED],Unknown : 0.0 ohm [PASSED],Unknown : 0.0 count [PASSED],"Unknown : 0.0 degree [PASSED]
Unknown : 0.0 degree [PASSED]
Unknown : 0.0 degree [PASSED]
Unknown : 0.0 degree [PASSED]",0.74 volt,-0.01171875 milliampere,"((), (False, False, False, False), (False, False, True, True))",India OBD II (IOBD II),0101010001000000000000000000000000000000,10111110001111101010100000010011,10000000000001111011000000010001,11111110110100001000010000000001,16.862745098039216 percent,1920.0 revolutions_per_minute,1108.0 second,0.78125 percent,88.0 kilometer_per_hour,<obd.OBDResponse.Status object at 0x79ab2c51de70>,<obd.OBDResponse.Status object at 0x79ab2c51df30>,20.0 percent,25.88235294117647 percent,26.274509803921568 percent,12.0 degree,bytearray(b'MEXKRDPA7NG020286'),0.0 count,2025-04-28 15:03:15,2025-04-28 15:03:21,2025-04-28 15:03:15,Signal Acquired,15.392095,73.915724,-2.66,1.34,10.06,0.02,0.02,-0.01,NO
,,,,,,,,,,,,,,,,,,,,,,,,,,,,,,,,,,,,,,,,,,,,,,,,,,,,,,,,,,,,,,,,,,,,,,,,,,,,,,,,,,,,,,,,,,,,,,,,,,,,,,,,,2025-04-28 15:03:15,Signal Acquired,15.392292,73.915556,-1.23,1.07,9.71,-0.01,0.05,0.01,NO
,,,,,,,,,,,,,,,,,,,,,,,,,,,,,,,,,,,,,,,,,,,,,,,,,,,,,,,,,,,,,,,,,,,,,,,,,,,,,,,,,,,,,,,,,,,,,,,,,,,,,,,,,2025-04-28 15:03:15,Signal Acquired,15.392292,73.915556,-0.24,0.6,9.05,-0.05,0.08,0.0,NO
60.0 percent,32.15686274509804 percent,32.15686274509804 percent,32 degree_Celsius,100 kilopascal,bytearray(b'5E018DD3844BEA'),576.8000000000001 degree_Celsius,,,,,,,0.0 kilometer,,,,,,,,,,,,,,,,,,,,,,,,,,,,,,,,,,,,,,,ELM327 v1.5,12.6 volt,38.8235294117647 percent,94.90196078431373 percent,89.80392156862744 percent,"('Closed loop, using oxygen sensor feedback to determine fuel mix', '')",Gasoline,[],[],95 kilopascal,48 degree_Celsius,1.5625 percent,0.0 percent,11000000000000000000000000000001,10000000000000000000100000001001,11000000000000000000000000000001,1.0,1.0,01111000000000000000000000000000,Unknown : 0.0 percent [PASSED],"Average misfire counts for last ten driving cycles : 0.0 count [PASSED]
Misfire counts for last/current driving cycles : 0.0 count [PASSED]","Average misfire counts for last ten driving cycles : 0.0 count [PASSED]
Misfire counts for last/current driving cycles : 0.0 count [PASSED]","Average misfire counts for last ten driving cycles : 0.0 count [PASSED]
Misfire counts for last/current driving cycles : 0.0 count [PASSED]","Average misfire counts for last ten driving cycles : 0.0 count [PASSED]
Misfire counts for last/current driving cycles : 0.0 count [PASSED]","Unknown : 0.0 count [PASSED]
Unknown : 0.0 count [PASSED]
Unknown : 0.0 ratio [PASSED]
Unknown : 0.0 millisecond [PASSED]","Rich to lean sensor switch time : 0.0 millisecond [PASSED]
Unknown : 0.0 millivolt [PASSED]
Unknown : 0.0 millivolt [PASSED]",Unknown : -40.0 degree_Celsius [PASSED],Unknown : 0.0 ohm [PASSED],Unknown : 0.0 count [PASSED],"Unknown : 0.0 degree [PASSED]
Unknown : 0.0 degree [PASSED]
Unknown : 0.0 degree [PASSED]
Unknown : 0.0 degree [PASSED]",0.76 volt,-0.00390625 milliampere,"((), (False, False, False, False), (False, False, True, True))",India OBD II (IOBD II),0101010001000000000000000000000000000000,10111110001111101010100000010011,10000000000001111011000000010001,11111110110100001000010000000001,16.470588235294116 percent,1963.5 revolutions_per_minute,1114.0 second,0.0 percent,90.0 kilometer_per_hour,<obd.OBDResponse.Status object at 0x79ab2c544460>,<obd.OBDResponse.Status object at 0x79ab2c544520>,21.176470588235293 percent,27.058823529411764 percent,27.45098039215686 percent,12.5 degree,bytearray(b'MEXKRDPA7NG020286'),0.0 count,2025-04-28 15:03:22,2025-04-28 15:03:27,2025-04-28 15:03:22,Signal Acquired,15.392488,73.915389,-2.73,0.42,10.3,-0.08,-0.07,0.02,NO
,,,,,,,,,,,,,,,,,,,,,,,,,,,,,,,,,,,,,,,,,,,,,,,,,,,,,,,,,,,,,,,,,,,,,,,,,,,,,,,,,,,,,,,,,,,,,,,,,,,,,,,,,2025-04-28 15:03:22,Signal Acquired,15.392488,73.915389,1.15,0.27,8.69,-0.04,0.07,-0.01,NO
,,,,,,,,,,,,,,,,,,,,,,,,,,,,,,,,,,,,,,,,,,,,,,,,,,,,,,,,,,,,,,,,,,,,,,,,,,,,,,,,,,,,,,,,,,,,,,,,,,,,,,,,,2025-04-28 15:03:22,Signal Acquired,15.392682,73.91522,-1.0,0.35,9.09,-0.03,0.16,-0.01,NO
59.2156862745098 percent,31.764705882352942 percent,31.764705882352942 percent,33 degree_Celsius,100 kilopascal,bytearray(b'5E018DD3844BEA'),582.1 degree_Celsius,,,,,,,0.0 kilometer,,,,,,,,,,,,,,,,,,,,,,,,,,,,,,,,,,,,,,,ELM327 v1.5,12.5 volt,15.294117647058824 percent,55.68627450980392 percent,89.80392156862744 percent,"('Closed loop, using oxygen sensor feedback to determine fuel mix', '')",Gasoline,[],[],35 kilopascal,48 degree_Celsius,1.5625 percent,0.0 percent,11000000000000000000000000000001,10000000000000000000100000001001,11000000000000000000000000000001,1.0,1.0,01111000000000000000000000000000,Unknown : 0.0 percent [PASSED],"Average misfire counts for last ten driving cycles : 0.0 count [PASSED]
Misfire counts for last/current driving cycles : 0.0 count [PASSED]","Average misfire counts for last ten driving cycles : 0.0 count [PASSED]
Misfire counts for last/current driving cycles : 0.0 count [PASSED]","Average misfire counts for last ten driving cycles : 0.0 count [PASSED]
Misfire counts for last/current driving cycles : 0.0 count [PASSED]","Average misfire counts for last ten driving cycles : 0.0 count [PASSED]
Misfire counts for last/current driving cycles : 0.0 count [PASSED]","Unknown : 0.0 count [PASSED]
Unknown : 0.0 count [PASSED]
Unknown : 0.0 ratio [PASSED]
Unknown : 0.0 millisecond [PASSED]","Rich to lean sensor switch time : 0.0 millisecond [PASSED]
Unknown : 0.0 millivolt [PASSED]
Unknown : 0.0 millivolt [PASSED]",Unknown : -40.0 degree_Celsius [PASSED],Unknown : 0.0 ohm [PASSED],Unknown : 0.0 count [PASSED],"Unknown : 0.0 degree [PASSED]
Unknown : 0.0 degree [PASSED]
Unknown : 0.0 degree [PASSED]
Unknown : 0.0 degree [PASSED]",0.75 volt,0.21875 milliampere,"((), (False, False, False, False), (False, False, True, True))",India OBD II (IOBD II),0101010001000000000000000000000000000000,10111110001111101010100000010011,10000000000001111011000000010001,11111110110100001000010000000001,1.5686274509803921 percent,1884.0 revolutions_per_minute,1121.0 second,0.0 percent,86.0 kilometer_per_hour,<obd.OBDResponse.Status object at 0x79ab2c54e590>,<obd.OBDResponse.Status object at 0x79ab2c54e650>,1.9607843137254901 percent,11.764705882352942 percent,12.156862745098039 percent,-7.5 degree,bytearray(b'MEXKRDPA7NG020286'),0.0 count,2025-04-28 15:03:29,2025-04-28 15:03:34,2025-04-28 15:03:29,Signal Acquired,15.392682,73.91522,0.01,-0.15,6.15,-0.01,0.17,-0.0,NO
,,,,,,,,,,,,,,,,,,,,,,,,,,,,,,,,,,,,,,,,,,,,,,,,,,,,,,,,,,,,,,,,,,,,,,,,,,,,,,,,,,,,,,,,,,,,,,,,,,,,,,,,,2025-04-28 15:03:29,Signal Acquired,15.392877,73.915053,2.06,0.24,8.05,-0.08,0.31,-0.01,NO
,,,,,,,,,,,,,,,,,,,,,,,,,,,,,,,,,,,,,,,,,,,,,,,,,,,,,,,,,,,,,,,,,,,,,,,,,,,,,,,,,,,,,,,,,,,,,,,,,,,,,,,,,2025-04-28 15:03:29,Signal Acquired,15.392877,73.915053,1.96,0.65,8.85,-0.0,-0.13,0.03,NO
18.03921568627451 percent,20.0 percent,21.568627450980394 percent,33 degree_Celsius,100 kilopascal,bytearray(b'5E018DD3844BEA'),575.2 degree_Celsius,,,,,,,0.0 kilometer,,,,,,,,,,,,,,,,,,,,,,,,,,,,,,,,,,,,,,,ELM327 v1.5,12.5 volt,7.0588235294117645 percent,3.5294117647058822 percent,89.80392156862744 percent,"('Closed loop, using oxygen sensor feedback to determine fuel mix', '')",Gasoline,[],[],39 kilopascal,50 degree_Celsius,-1.5625 percent,0.0 percent,11000000000000000000000000000001,10000000000000000000100000001001,11000000000000000000000000000001,1.0,1.0,01111000000000000000000000000000,Unknown : 0.0 percent [PASSED],"Average misfire counts for last ten driving cycles : 0.0 count [PASSED]
Misfire counts for last/current driving cycles : 0.0 count [PASSED]","Average misfire counts for last ten driving cycles : 0.0 count [PASSED]
Misfire counts for last/current driving cycles : 0.0 count [PASSED]","Average misfire counts for last ten driving cycles : 0.0 count [PASSED]
Misfire counts for last/current driving cycles : 0.0 count [PASSED]","Average misfire counts for last ten driving cycles : 0.0 count [PASSED]
Misfire counts for last/current driving cycles : 0.0 count [PASSED]","Unknown : 0.0 count [PASSED]
Unknown : 0.0 count [PASSED]
Unknown : 0.0 ratio [PASSED]
Unknown : 0.0 millisecond [PASSED]","Rich to lean sensor switch time : 0.0 millisecond [PASSED]
Unknown : 0.0 millivolt [PASSED]
Unknown : 0.0 millivolt [PASSED]",Unknown : -40.0 degree_Celsius [PASSED],Unknown : 0.0 ohm [PASSED],Unknown : 0.0 count [PASSED],"Unknown : 0.0 degree [PASSED]
Unknown : 0.0 degree [PASSED]
Unknown : 0.0 degree [PASSED]
Unknown : 0.0 degree [PASSED]",0.13 volt,0.08984375 milliampere,"((), (False, False, False, False), (False, False, True, True))",India OBD II (IOBD II),0101010001000000000000000000000000000000,10111110001111101010100000010011,10000000000001111011000000010001,11111110110100001000010000000001,1.1764705882352942 percent,1774.0 revolutions_per_minute,1128.0 second,0.0 percent,81.0 kilometer_per_hour,<obd.OBDResponse.Status object at 0x79ab2c37c700>,<obd.OBDResponse.Status object at 0x79ab2c37c7c0>,1.9607843137254901 percent,11.764705882352942 percent,11.764705882352942 percent,-8.5 degree,bytearray(b'MEXKRDPA7NG020286'),0.0 count,2025-04-28 15:03:36,2025-04-28 15:03:41,2025-04-28 15:03:36,Signal Acquired,15.393069,73.914885,1.4,1.09,10.46,0.04,-0.13,0.03,NO
,,,,,,,,,,,,,,,,,,,,,,,,,,,,,,,,,,,,,,,,,,,,,,,,,,,,,,,,,,,,,,,,,,,,,,,,,,,,,,,,,,,,,,,,,,,,,,,,,,,,,,,,,2025-04-28 15:03:36,Signal Acquired,15.393069,73.914885,-3.97,1.1,11.11,-0.05,0.02,0.02,NO
,,,,,,,,,,,,,,,,,,,,,,,,,,,,,,,,,,,,,,,,,,,,,,,,,,,,,,,,,,,,,,,,,,,,,,,,,,,,,,,,,,,,,,,,,,,,,,,,,,,,,,,,,2025-04-28 15:03:36,Signal Acquired,15.39326,73.914715,-1.19,0.8,8.88,-0.08,0.22,-0.01,NO
17.254901960784313 percent,14.901960784313726 percent,14.901960784313726 percent,33 degree_Celsius,100 kilopascal,bytearray(b'5E018DD3844BEA'),564.8000000000001 degree_Celsius,,,,,,,0.0 kilometer,,,,,,,,,,,,,,,,,,,,,,,,,,,,,,,,,,,,,,,ELM327 v1.5,13.8 volt,21.176470588235293 percent,1.9607843137254901 percent,89.80392156862744 percent,"('Closed loop, using oxygen sensor feedback to determine fuel mix', '')",Gasoline,[],[],53 kilopascal,50 degree_Celsius,1.5625 percent,0.0 percent,11000000000000000000000000000001,10000000000000000000100000001001,11000000000000000000000000000001,1.0,1.0,01111000000000000000000000000000,Unknown : 0.0 percent [PASSED],"Average misfire counts for last ten driving cycles : 0.0 count [PASSED]
Misfire counts for last/current driving cycles : 0.0 count [PASSED]","Average misfire counts for last ten driving cycles : 0.0 count [PASSED]
Misfire counts for last/current driving cycles : 0.0 count [PASSED]","Average misfire counts for last ten driving cycles : 0.0 count [PASSED]
Misfire counts for last/current driving cycles : 0.0 count [PASSED]","Average misfire counts for last ten driving cycles : 0.0 count [PASSED]
Misfire counts for last/current driving cycles : 0.0 count [PASSED]","Unknown : 0.0 count [PASSED]
Unknown : 0.0 count [PASSED]
Unknown : 0.0 ratio [PASSED]
Unknown : 0.0 millisecond [PASSED]","Rich to lean sensor switch time : 0.0 millisecond [PASSED]
Unknown : 0.0 millivolt [PASSED]
Unknown : 0.0 millivolt [PASSED]",Unknown : -40.0 degree_Celsius [PASSED],Unknown : 0.0 ohm [PASSED],Unknown : 0.0 count [PASSED],"Unknown : 0.0 degree [PASSED]
Unknown : 0.0 degree [PASSED]
Unknown : 0.0 degree [PASSED]
Unknown : 0.0 degree [PASSED]",0.285 volt,-0.1953125 milliampere,"((), (False, False, False, False), (False, False, True, True))",India OBD II (IOBD II),0101010001000000000000000000000000000000,10111110001111101010100000010011,10000000000001111011000000010001,11111110110100001000010000000001,8.235294117647058 percent,1721.0 revolutions_per_minute,1135.0 second,-1.5625 percent,79.0 kilometer_per_hour,<obd.OBDResponse.Status object at 0x79ab2c38acb0>,<obd.OBDResponse.Status object at 0x79ab2c38ad70>,10.588235294117647 percent,18.823529411764707 percent,18.823529411764707 percent,15.5 degree,bytearray(b'MEXKRDPA7NG020286'),0.0 count,2025-04-28 15:03:43,2025-04-28 15:03:48,2025-04-28 15:03:42,Signal Acquired,15.39326,73.914715,-0.79,1.41,9.49,-0.01,0.07,0.0,NO
,,,,,,,,,,,,,,,,,,,,,,,,,,,,,,,,,,,,,,,,,,,,,,,,,,,,,,,,,,,,,,,,,,,,,,,,,,,,,,,,,,,,,,,,,,,,,,,,,,,,,,,,,2025-04-28 15:03:42,Signal Acquired,15.393447,73.914545,-2.35,0.91,12.5,-0.1,0.22,-0.03,NO
,,,,,,,,,,,,,,,,,,,,,,,,,,,,,,,,,,,,,,,,,,,,,,,,,,,,,,,,,,,,,,,,,,,,,,,,,,,,,,,,,,,,,,,,,,,,,,,,,,,,,,,,,2025-04-28 15:03:42,Signal Acquired,15.393447,73.914545,2.3,0.9,7.14,0.0,0.17,-0.01,NO
23.137254901960784 percent,14.901960784313726 percent,14.901960784313726 percent,33 degree_Celsius,100 kilopascal,bytearray(b'5E018DD3844BEA'),546.0 degree_Celsius,,,,,,,0.0 kilometer,,,,,,,,,,,,,,,,,,,,,,,,,,,,,,,,,,,,,,,ELM327 v1.5,12.8 volt,0.0 percent,0.0 percent,89.80392156862744 percent,"('Open loop due to engine load OR fuel cut due to deceleration', '')",Gasoline,[],[],25 kilopascal,49 degree_Celsius,1.5625 percent,0.0 percent,11000000000000000000000000000001,10000000000000000000100000001001,11000000000000000000000000000001,1.0,1.0,01111000000000000000000000000000,Unknown : 0.0 percent [PASSED],"Average misfire counts for last ten driving cycles : 0.0 count [PASSED]
Misfire counts for last/current driving cycles : 0.0 count [PASSED]","Average misfire counts for last ten driving cycles : 0.0 count [PASSED]
Misfire counts for last/current driving cycles : 0.0 count [PASSED]","Average misfire counts for last ten driving cycles : 0.0 count [PASSED]
Misfire counts for last/current driving cycles : 0.0 count [PASSED]","Average misfire counts for last ten driving cycles : 0.0 count [PASSED]
Misfire counts for last/current driving cycles : 0.0 count [PASSED]","Unknown : 0.0 count [PASSED]
Unknown : 0.0 count [PASSED]
Unknown : 0.0 ratio [PASSED]
Unknown : 0.0 millisecond [PASSED]","Rich to lean sensor switch time : 0.0 millisecond [PASSED]
Unknown : 0.0 millivolt [PASSED]
Unknown : 0.0 millivolt [PASSED]",Unknown : -40.0 degree_Celsius [PASSED],Unknown : 0.0 ohm [PASSED],Unknown : 0.0 count [PASSED],"Unknown : 0.0 degree [PASSED]
Unknown : 0.0 degree [PASSED]
Unknown : 0.0 degree [PASSED]
Unknown : 0.0 degree [PASSED]",0.035 volt,0.0234375 milliampere,"((), (False, False, False, False), (False, False, True, True))",India OBD II (IOBD II),0101010001000000000000000000000000000000,10111110001111101010100000010011,10000000000001111011000000010001,11111110110100001000010000000001,2.7450980392156863 percent,850.0 revolutions_per_minute,1142.0 second,0.0 percent,66.0 kilometer_per_hour,<obd.OBDResponse.Status object at 0x79ab2c3b4760>,<obd.OBDResponse.Status object at 0x79ab2c3b4820>,4.313725490196078 percent,13.72549019607843 percent,13.72549019607843 percent,-1.0 degree,bytearray(b'MEXKRDPA7NG020286'),0.0 count,2025-04-28 15:03:50,2025-04-28 15:03:55,2025-04-28 15:03:50,Signal Acquired,15.393634,73.914373,1.04,0.36,8.24,-0.08,-0.03,0.01,NO
,,,,,,,,,,,,,,,,,,,,,,,,,,,,,,,,,,,,,,,,,,,,,,,,,,,,,,,,,,,,,,,,,,,,,,,,,,,,,,,,,,,,,,,,,,,,,,,,,,,,,,,,,2025-04-28 15:03:50,Signal Acquired,15.393634,73.914373,-0.14,1.29,10.09,-0.06,0.13,-0.02,NO
,,,,,,,,,,,,,,,,,,,,,,,,,,,,,,,,,,,,,,,,,,,,,,,,,,,,,,,,,,,,,,,,,,,,,,,,,,,,,,,,,,,,,,,,,,,,,,,,,,,,,,,,,2025-04-28 15:03:50,Signal Acquired,15.39382,73.914203,1.85,3.65,10.26,0.31,-0.06,-0.0,NO
26.274509803921568 percent,14.901960784313726 percent,14.901960784313726 percent,33 degree_Celsius,100 kilopascal,bytearray(b'5E018DD3844BEA'),536.7 degree_Celsius,,,,,,,0.0 kilometer,,,,,,,,,,,,,,,,,,,,,,,,,,,,,,,,,,,,,,,ELM327 v1.5,12.5 volt,21.176470588235293 percent,12.941176470588236 percent,89.80392156862744 percent,"('Closed loop, using oxygen sensor feedback to determine fuel mix', '')",Gasoline,[],[],55 kilopascal,50 degree_Celsius,1.5625 percent,0.0 percent,11000000000000000000000000000001,10000000000000000000100000001001,11000000000000000000000000000001,1.0,1.0,01111000000000000000000000000000,Unknown : 0.0 percent [PASSED],"Average misfire counts for last ten driving cycles : 0.0 count [PASSED]
Misfire counts for last/current driving cycles : 1.0 count [PASSED]","Average misfire counts for last ten driving cycles : 0.0 count [PASSED]
Misfire counts for last/current driving cycles : 0.0 count [PASSED]","Average misfire counts for last ten driving cycles : 0.0 count [PASSED]
Misfire counts for last/current driving cycles : 0.0 count [PASSED]","Average misfire counts for last ten driving cycles : 0.0 count [PASSED]
Misfire counts for last/current driving cycles : 0.0 count [PASSED]","Unknown : 0.0 count [PASSED]
Unknown : 0.0 count [PASSED]
Unknown : 0.0 ratio [PASSED]
Unknown : 0.0 millisecond [PASSED]","Rich to lean sensor switch time : 0.0 millisecond [PASSED]
Unknown : 0.0 millivolt [PASSED]
Unknown : 0.0 millivolt [PASSED]",Unknown : -40.0 degree_Celsius [PASSED],Unknown : 0.0 ohm [PASSED],Unknown : 0.0 count [PASSED],"Unknown : 0.0 degree [PASSED]
Unknown : 0.0 degree [PASSED]
Unknown : 0.0 degree [PASSED]
Unknown : 0.0 degree [PASSED]",0.77 volt,0.15625 milliampere,"((), (False, False, False, False), (False, False, True, True))",India OBD II (IOBD II),0101010001000000000000000000000000000000,10111110001111101010100000010011,10000000000001111011000000010001,11111110110100001000010000000001,1.9607843137254901 percent,1295.0 revolutions_per_minute,1149.0 second,4.6875 percent,59.0 kilometer_per_hour,<obd.OBDResponse.Status object at 0x79ab2c3bed10>,<obd.OBDResponse.Status object at 0x79ab2c3bedd0>,8.235294117647058 percent,16.862745098039216 percent,19.607843137254903 percent,9.5 degree,bytearray(b'MEXKRDPA7NG020286'),0.0 count,2025-04-28 15:03:56,2025-04-28 15:04:02,2025-04-28 15:03:56,Signal Acquired,15.39382,73.914203,0.6,0.99,9.41,-0.05,0.06,-0.02,NO
,,,,,,,,,,,,,,,,,,,,,,,,,,,,,,,,,,,,,,,,,,,,,,,,,,,,,,,,,,,,,,,,,,,,,,,,,,,,,,,,,,,,,,,,,,,,,,,,,,,,,,,,,2025-04-28 15:03:56,Signal Acquired,15.394006,73.914034,1.85,0.4,9.58,-0.01,-0.03,0.02,NO
,,,,,,,,,,,,,,,,,,,,,,,,,,,,,,,,,,,,,,,,,,,,,,,,,,,,,,,,,,,,,,,,,,,,,,,,,,,,,,,,,,,,,,,,,,,,,,,,,,,,,,,,,2025-04-28 15:03:56,Signal Acquired,15.394006,73.914034,-2.52,0.92,9.72,-0.05,0.18,-0.0,NO
74.11764705882352 percent,35.68627450980392 percent,35.68627450980392 percent,33 degree_Celsius,100 kilopascal,bytearray(b'5E018DD3844BEA'),527.7 degree_Celsius,,,,,,0.0 kilometer,0.0 kilometer,,,,,,,,,,,,,,,,,,,,,,,,,,,,,,,,,,,,,,,ELM327 v1.5,12.5 volt,51.76470588235294 percent,89.01960784313725 percent,89.80392156862744 percent,"('Closed loop, using oxygen sensor feedback to determine fuel mix', '')",Gasoline,[],[],105 kilopascal,48 degree_Celsius,2.34375 percent,0.0 percent,11000000000000000000000000000001,10000000000000000000100000001001,11000000000000000000000000000001,1.0,1.0,01111000000000000000000000000000,Unknown : 0.0 percent [PASSED],"Average misfire counts for last ten driving cycles : 0.0 count [PASSED]
Misfire counts for last/current driving cycles : 0.0 count [PASSED]","Average misfire counts for last ten driving cycles : 0.0 count [PASSED]
Misfire counts for last/current driving cycles : 0.0 count [PASSED]","Average misfire counts for last ten driving cycles : 0.0 count [PASSED]
Misfire counts for last/current driving cycles : 0.0 count [PASSED]","Average misfire counts for last ten driving cycles : 0.0 count [PASSED]
Misfire counts for last/current driving cycles : 0.0 count [PASSED]","Unknown : 0.0 count [PASSED]
Unknown : 0.0 count [PASSED]
Unknown : 0.0 ratio [PASSED]
Unknown : 0.0 millisecond [PASSED]","Rich to lean sensor switch time : 0.0 millisecond [PASSED]
Unknown : 0.0 millivolt [PASSED]
Unknown : 0.0 millivolt [PASSED]",Unknown : -40.0 degree_Celsius [PASSED],Unknown : 0.0 ohm [PASSED],Unknown : 0.0 count [PASSED],"Unknown : 0.0 degree [PASSED]
Unknown : 0.0 degree [PASSED]
Unknown : 0.0 degree [PASSED]
Unknown : 0.0 degree [PASSED]",0.7 volt,-0.01953125 milliampere,"((), (False, False, False, False), (False, False, True, True))",India OBD II (IOBD II),0101010001000000000000000000000000000000,10111110001111101010100000010011,10000000000001111011000000010001,11111110110100001000010000000001,46.666666666666664 percent,1508.5 revolutions_per_minute,1156.0 second,3.125 percent,70.0 kilometer_per_hour,<obd.OBDResponse.Status object at 0x79ab2c3e4f70>,<obd.OBDResponse.Status object at 0x79ab2c3e5030>,60.3921568627451 percent,57.254901960784316 percent,57.64705882352941 percent,3.0 degree,bytearray(b'MEXKRDPA7NG020286'),0.0 count,2025-04-28 15:04:03,2025-04-28 15:04:09,2025-04-28 15:04:03,Signal Acquired,15.394191,73.913866,1.49,1.07,8.95,0.04,-0.06,0.03,NO
,,,,,,,,,,,,,,,,,,,,,,,,,,,,,,,,,,,,,,,,,,,,,,,,,,,,,,,,,,,,,,,,,,,,,,,,,,,,,,,,,,,,,,,,,,,,,,,,,,,,,,,,,2025-04-28 15:04:03,Signal Acquired,15.394191,73.913866,0.71,1.3,9.04,0.01,0.13,0.0,NO
,,,,,,,,,,,,,,,,,,,,,,,,,,,,,,,,,,,,,,,,,,,,,,,,,,,,,,,,,,,,,,,,,,,,,,,,,,,,,,,,,,,,,,,,,,,,,,,,,,,,,,,,,2025-04-28 15:04:03,Signal Acquired,15.394372,73.913696,3.67,1.01,7.73,0.02,0.01,0.01,NO
78.82352941176471 percent,35.294117647058826 percent,35.294117647058826 percent,33 degree_Celsius,100 kilopascal,bytearray(b'5E018DD3844BEA'),552.9 degree_Celsius,,,,,,,0.0 kilometer,,,,,,,,,,,,,,,,,,,,,,,,,,,,,,,,,,,,,,,ELM327 v1.5,12.6 volt,50.588235294117645 percent,98.03921568627452 percent,89.80392156862744 percent,"('Closed loop, using oxygen sensor feedback to determine fuel mix', '')",Gasoline,[],[],105 kilopascal,48 degree_Celsius,2.34375 percent,0.0 percent,11000000000000000000000000000001,10000000000000000000100000001001,11000000000000000000000000000001,1.0,1.0,01111000000000000000000000000000,Unknown : 0.0 percent [PASSED],"Average misfire counts for last ten driving cycles : 0.0 count [PASSED]
Misfire counts for last/current driving cycles : 0.0 count [PASSED]","Average misfire counts for last ten driving cycles : 0.0 count [PASSED]
Misfire counts for last/current driving cycles : 0.0 count [PASSED]","Average misfire counts for last ten driving cycles : 0.0 count [PASSED]
Misfire counts for last/current driving cycles : 0.0 count [PASSED]","Average misfire counts for last ten driving cycles : 0.0 count [PASSED]
Misfire counts for last/current driving cycles : 0.0 count [PASSED]","Unknown : 0.0 count [PASSED]
Unknown : 0.0 count [PASSED]
Unknown : 0.0 ratio [PASSED]
Unknown : 0.0 millisecond [PASSED]","Rich to lean sensor switch time : 0.0 millisecond [PASSED]
Unknown : 0.0 millivolt [PASSED]
Unknown : 0.0 millivolt [PASSED]",Unknown : -40.0 degree_Celsius [PASSED],Unknown : 0.0 ohm [PASSED],Unknown : 0.0 count [PASSED],"Unknown : 0.0 degree [PASSED]
Unknown : 0.0 degree [PASSED]
Unknown : 0.0 degree [PASSED]
Unknown : 0.0 degree [PASSED]",0.72 volt,-0.01171875 milliampere,"((), (False, False, False, False), (False, False, True, True))",India OBD II (IOBD II),0101010001000000000000000000000000000000,10111110001111101010100000010011,10000000000001111011000000010001,11111110110100001000010000000001,48.627450980392155 percent,1689.5 revolutions_per_minute,1163.0 second,0.78125 percent,78.0 kilometer_per_hour,<obd.OBDResponse.Status object at 0x79ab2c3eedd0>,<obd.OBDResponse.Status object at 0x79ab2c3eee90>,62.745098039215684 percent,59.21568627450981 percent,59.6078431372549 percent,3.5 degree,bytearray(b'MEXKRDPA7NG020286'),0.0 count,2025-04-28 15:04:11,2025-04-28 15:04:16,2025-04-28 15:04:10,Signal Acquired,15.394372,73.913696,0.73,2.46,9.46,-0.04,0.09,0.0,NO
,,,,,,,,,,,,,,,,,,,,,,,,,,,,,,,,,,,,,,,,,,,,,,,,,,,,,,,,,,,,,,,,,,,,,,,,,,,,,,,,,,,,,,,,,,,,,,,,,,,,,,,,,2025-04-28 15:04:10,Signal Acquired,15.394552,73.913521,-0.22,1.81,9.13,0.01,0.14,-0.01,NO
,,,,,,,,,,,,,,,,,,,,,,,,,,,,,,,,,,,,,,,,,,,,,,,,,,,,,,,,,,,,,,,,,,,,,,,,,,,,,,,,,,,,,,,,,,,,,,,,,,,,,,,,,2025-04-28 15:04:10,Signal Acquired,15.394552,73.913521,0.47,1.66,9.5,-0.01,0.08,-0.02,NO
78.0392156862745 percent,34.509803921568626 percent,34.509803921568626 percent,33 degree_Celsius,100 kilopascal,bytearray(b'5E018DD3844BEA'),580.8000000000001 degree_Celsius,,,,,,0.0 kilometer,0.0 kilometer,,,,,,,,,,,,,,,,,,,,,,,,,,,,,,,,,,,,,,,ELM327 v1.5,12.6 volt,49.80392156862745 percent,98.43137254901961 percent,89.80392156862744 percent,"('Closed loop, using oxygen sensor feedback to determine fuel mix', '')",Gasoline,[],[],105 kilopascal,48 degree_Celsius,2.34375 percent,0.0 percent,11000000000000000000000000000001,10000000000000000000100000001001,11000000000000000000000000000001,1.0,1.0,01111000000000000000000000000000,Unknown : 0.0 percent [PASSED],"Average misfire counts for last ten driving cycles : 0.0 count [PASSED]
Misfire counts for last/current driving cycles : 0.0 count [PASSED]","Average misfire counts for last ten driving cycles : 0.0 count [PASSED]
Misfire counts for last/current driving cycles : 0.0 count [PASSED]","Average misfire counts for last ten driving cycles : 0.0 count [PASSED]
Misfire counts for last/current driving cycles : 0.0 count [PASSED]","Average misfire counts for last ten driving cycles : 0.0 count [PASSED]
Misfire counts for last/current driving cycles : 0.0 count [PASSED]","Unknown : 0.0 count [PASSED]
Unknown : 0.0 count [PASSED]
Unknown : 0.0 ratio [PASSED]
Unknown : 0.0 millisecond [PASSED]","Rich to lean sensor switch time : 0.0 millisecond [PASSED]
Unknown : 0.0 millivolt [PASSED]
Unknown : 0.0 millivolt [PASSED]",Unknown : -40.0 degree_Celsius [PASSED],Unknown : 0.0 ohm [PASSED],Unknown : 0.0 count [PASSED],"Unknown : 0.0 degree [PASSED]
Unknown : 0.0 degree [PASSED]
Unknown : 0.0 degree [PASSED]
Unknown : 0.0 degree [PASSED]",0.75 volt,-0.00390625 milliampere,"((), (False, False, False, False), (False, False, True, True))",India OBD II (IOBD II),0101010001000000000000000000000000000000,10111110001111101010100000010011,10000000000001111011000000010001,11111110110100001000010000000001,47.05882352941177 percent,1812.5 revolutions_per_minute,1171.0 second,0.0 percent,84.0 kilometer_per_hour,<obd.OBDResponse.Status object at 0x79ab2c4194b0>,<obd.OBDResponse.Status object at 0x79ab2c419570>,61.1764705882353 percent,57.64705882352941 percent,58.431372549019606 percent,4.5 degree,bytearray(b'MEXKRDPA7NG020286'),0.0 count,2025-04-28 15:04:18,2025-04-28 15:04:24,2025-04-28 15:04:18,Signal Acquired,15.394729,73.913344,2.94,1.59,9.41,-0.03,0.2,-0.01,NO
,,,,,,,,,,,,,,,,,,,,,,,,,,,,,,,,,,,,,,,,,,,,,,,,,,,,,,,,,,,,,,,,,,,,,,,,,,,,,,,,,,,,,,,,,,,,,,,,,,,,,,,,,2025-04-28 15:04:18,Signal Acquired,15.394729,73.913344,2.28,0.52,7.28,-0.04,-0.26,0.04,NO
,,,,,,,,,,,,,,,,,,,,,,,,,,,,,,,,,,,,,,,,,,,,,,,,,,,,,,,,,,,,,,,,,,,,,,,,,,,,,,,,,,,,,,,,,,,,,,,,,,,,,,,,,2025-04-28 15:04:18,Signal Acquired,15.394909,73.913166,0.06,0.67,9.37,-0.02,-0.03,0.01,NO
77.25490196078431 percent,34.509803921568626 percent,34.509803921568626 percent,33 degree_Celsius,100 kilopascal,bytearray(b'5E018DD3844BEA'),598.8000000000001 degree_Celsius,,,,,,,0.0 kilometer,,,,,,,,,,,,,,,,,,,,,,,,,,,,,,,,,,,,,,,ELM327 v1.5,12.4 volt,49.411764705882355 percent,98.03921568627452 percent,89.80392156862744 percent,"('Closed loop, using oxygen sensor feedback to determine fuel mix', '')",Gasoline,[],[],105 kilopascal,48 degree_Celsius,2.34375 percent,0.0 percent,11000000000000000000000000000001,10000000000000000000100000001001,11000000000000000000000000000001,1.0,1.0,01111000000000000000000000000000,Unknown : 0.0 percent [PASSED],"Average misfire counts for last ten driving cycles : 0.0 count [PASSED]
Misfire counts for last/current driving cycles : 0.0 count [PASSED]","Average misfire counts for last ten driving cycles : 0.0 count [PASSED]
Misfire counts for last/current driving cycles : 0.0 count [PASSED]","Average misfire counts for last ten driving cycles : 0.0 count [PASSED]
Misfire counts for last/current driving cycles : 0.0 count [PASSED]","Average misfire counts for last ten driving cycles : 0.0 count [PASSED]
Misfire counts for last/current driving cycles : 0.0 count [PASSED]","Unknown : 0.0 count [PASSED]
Unknown : 0.0 count [PASSED]
Unknown : 0.0 ratio [PASSED]
Unknown : 0.0 millisecond [PASSED]","Rich to lean sensor switch time : 0.0 millisecond [PASSED]
Unknown : 0.0 millivolt [PASSED]
Unknown : 0.0 millivolt [PASSED]",Unknown : -40.0 degree_Celsius [PASSED],Unknown : 0.0 ohm [PASSED],Unknown : 0.0 count [PASSED],"Unknown : 0.0 degree [PASSED]
Unknown : 0.0 degree [PASSED]
Unknown : 0.0 degree [PASSED]
Unknown : 0.0 degree [PASSED]",0.745 volt,-0.03125 milliampere,"((), (False, False, False, False), (False, False, True, True))",India OBD II (IOBD II),0101010001000000000000000000000000000000,10111110001111101010100000010011,10000000000001111011000000010001,11111110110100001000010000000001,20.392156862745097 percent,1908.5 revolutions_per_minute,1178.0 second,-0.78125 percent,88.0 kilometer_per_hour,<obd.OBDResponse.Status object at 0x79ab2c41a800>,<obd.OBDResponse.Status object at 0x79ab2c41a380>,26.274509803921568 percent,30.58823529411765 percent,30.980392156862745 percent,9.5 degree,bytearray(b'MEXKRDPA7NG020286'),0.0 count,2025-04-28 15:04:26,2025-04-28 15:04:31,2025-04-28 15:04:26,Signal Acquired,15.394909,73.913166,1.01,1.17,9.91,-0.01,0.38,-0.04,NO
,,,,,,,,,,,,,,,,,,,,,,,,,,,,,,,,,,,,,,,,,,,,,,,,,,,,,,,,,,,,,,,,,,,,,,,,,,,,,,,,,,,,,,,,,,,,,,,,,,,,,,,,,2025-04-28 15:04:26,Signal Acquired,15.39509,73.912989,1.1,0.77,7.29,-0.05,-0.07,0.01,NO
,,,,,,,,,,,,,,,,,,,,,,,,,,,,,,,,,,,,,,,,,,,,,,,,,,,,,,,,,,,,,,,,,,,,,,,,,,,,,,,,,,,,,,,,,,,,,,,,,,,,,,,,,2025-04-28 15:04:26,Signal Acquired,15.39509,73.912989,-0.48,1.78,11.11,0.03,-0.07,0.0,NO
39.21568627450981 percent,28.235294117647058 percent,28.235294117647058 percent,33 degree_Celsius,100 kilopascal,bytearray(b'5E018DD3844BEA'),604.8000000000001 degree_Celsius,,,,,,0.0 kilometer,0.0 kilometer,,,,,,,,,,,,,,,,,,,,,,,,,,,,,,,,,,,,,,,ELM327 v1.5,12.6 volt,30.19607843137255 percent,73.72549019607843 percent,89.80392156862744 percent,"('Closed loop, using oxygen sensor feedback to determine fuel mix', '')",Gasoline,[],[],75 kilopascal,49 degree_Celsius,1.5625 percent,0.0 percent,11000000000000000000000000000001,10000000000000000000100000001001,11000000000000000000000000000001,1.0,1.0,01111000000000000000000000000000,Unknown : 0.0 percent [PASSED],"Average misfire counts for last ten driving cycles : 0.0 count [PASSED]
Misfire counts for last/current driving cycles : 0.0 count [PASSED]","Average misfire counts for last ten driving cycles : 0.0 count [PASSED]
Misfire counts for last/current driving cycles : 0.0 count [PASSED]","Average misfire counts for last ten driving cycles : 0.0 count [PASSED]
Misfire counts for last/current driving cycles : 0.0 count [PASSED]","Average misfire counts for last ten driving cycles : 0.0 count [PASSED]
Misfire counts for last/current driving cycles : 0.0 count [PASSED]","Unknown : 0.0 count [PASSED]
Unknown : 0.0 count [PASSED]
Unknown : 0.0 ratio [PASSED]
Unknown : 0.0 millisecond [PASSED]","Rich to lean sensor switch time : 0.0 millisecond [PASSED]
Unknown : 0.0 millivolt [PASSED]
Unknown : 0.0 millivolt [PASSED]",Unknown : -40.0 degree_Celsius [PASSED],Unknown : 0.0 ohm [PASSED],Unknown : 0.0 count [PASSED],"Unknown : 0.0 degree [PASSED]
Unknown : 0.0 degree [PASSED]
Unknown : 0.0 degree [PASSED]
Unknown : 0.0 degree [PASSED]",0.755 volt,-0.01953125 milliampere,"((), (False, False, False, False), (False, False, True, True))",India OBD II (IOBD II),0101010001000000000000000000000000000000,10111110001111101010100000010011,10000000000001111011000000010001,11111110110100001000010000000001,5.490196078431373 percent,1908.5 revolutions_per_minute,1185.0 second,-1.5625 percent,88.0 kilometer_per_hour,<obd.OBDResponse.Status object at 0x79ab2d7bec80>,<obd.OBDResponse.Status object at 0x79ab2d7be470>,6.666666666666667 percent,15.294117647058824 percent,15.686274509803921 percent,21.5 degree,bytearray(b'MEXKRDPA7NG020286'),0.0 count,2025-04-28 15:04:33,2025-04-28 15:04:38,2025-04-28 15:04:33,Signal Acquired,15.395273,73.912811,2.04,1.07,11.65,0.04,-0.06,-0.01,NO
,,,,,,,,,,,,,,,,,,,,,,,,,,,,,,,,,,,,,,,,,,,,,,,,,,,,,,,,,,,,,,,,,,,,,,,,,,,,,,,,,,,,,,,,,,,,,,,,,,,,,,,,,2025-04-28 15:04:33,Signal Acquired,15.395273,73.912811,1.67,0.85,7.91,-0.09,0.04,0.0,NO
,,,,,,,,,,,,,,,,,,,,,,,,,,,,,,,,,,,,,,,,,,,,,,,,,,,,,,,,,,,,,,,,,,,,,,,,,,,,,,,,,,,,,,,,,,,,,,,,,,,,,,,,,2025-04-28 15:04:33,Signal Acquired,15.395455,73.912635,3.97,2.12,8.18,0.07,0.13,-0.04,NO
18.431372549019606 percent,21.176470588235293 percent,21.176470588235293 percent,33 degree_Celsius,100 kilopascal,bytearray(b'5E018DD3844BEA'),590.2 degree_Celsius,,,,,,0.0 kilometer,0.0 kilometer,,,,,,,,,,,,,,,,,,,,,,,,,,,,,,,,,,,,,,,ELM327 v1.5,12.6 volt,10.980392156862745 percent,61.568627450980394 percent,89.80392156862744 percent,"('Closed loop, using oxygen sensor feedback to determine fuel mix', '')",Gasoline,[],[],74 kilopascal,50 degree_Celsius,-1.5625 percent,0.0 percent,11000000000000000000000000000001,10000000000000000000100000001001,11000000000000000000000000000001,1.0,1.0,01111000000000000000000000000000,Unknown : 0.0 percent [PASSED],"Average misfire counts for last ten driving cycles : 0.0 count [PASSED]
Misfire counts for last/current driving cycles : 0.0 count [PASSED]","Average misfire counts for last ten driving cycles : 0.0 count [PASSED]
Misfire counts for last/current driving cycles : 0.0 count [PASSED]","Average misfire counts for last ten driving cycles : 0.0 count [PASSED]
Misfire counts for last/current driving cycles : 0.0 count [PASSED]","Average misfire counts for last ten driving cycles : 0.0 count [PASSED]
Misfire counts for last/current driving cycles : 0.0 count [PASSED]","Unknown : 0.0 count [PASSED]
Unknown : 0.0 count [PASSED]
Unknown : 0.0 ratio [PASSED]
Unknown : 0.0 millisecond [PASSED]","Rich to lean sensor switch time : 0.0 millisecond [PASSED]
Unknown : 0.0 millivolt [PASSED]
Unknown : 0.0 millivolt [PASSED]",Unknown : -40.0 degree_Celsius [PASSED],Unknown : 0.0 ohm [PASSED],Unknown : 0.0 count [PASSED],"Unknown : 0.0 degree [PASSED]
Unknown : 0.0 degree [PASSED]
Unknown : 0.0 degree [PASSED]
Unknown : 0.0 degree [PASSED]",0.75 volt,-0.0078125 milliampere,"((), (False, False, False, False), (False, False, True, True))",India OBD II (IOBD II),0101010001000000000000000000000000000000,10111110001111101010100000010011,10000000000001111011000000010001,11111110110100001000010000000001,5.882352941176471 percent,1781.0 revolutions_per_minute,1192.0 second,0.0 percent,82.0 kilometer_per_hour,<obd.OBDResponse.Status object at 0x79ab2c4626b0>,<obd.OBDResponse.Status object at 0x79ab2c4626e0>,8.235294117647058 percent,16.470588235294116 percent,16.470588235294116 percent,15.5 degree,bytearray(b'MEXKRDPA7NG020286'),0.0 count,2025-04-28 15:04:40,2025-04-28 15:04:45,2025-04-28 15:04:40,Signal Acquired,15.395455,73.912635,2.8,0.52,9.21,0.02,0.08,-0.0,NO
,,,,,,,,,,,,,,,,,,,,,,,,,,,,,,,,,,,,,,,,,,,,,,,,,,,,,,,,,,,,,,,,,,,,,,,,,,,,,,,,,,,,,,,,,,,,,,,,,,,,,,,,,2025-04-28 15:04:40,Signal Acquired,15.39564,73.912459,-0.45,1.04,7.74,-0.06,0.02,-0.01,NO
,,,,,,,,,,,,,,,,,,,,,,,,,,,,,,,,,,,,,,,,,,,,,,,,,,,,,,,,,,,,,,,,,,,,,,,,,,,,,,,,,,,,,,,,,,,,,,,,,,,,,,,,,2025-04-28 15:04:40,Signal Acquired,15.39564,73.912459,1.24,0.82,9.29,0.02,-0.03,-0.02,NO
48.627450980392155 percent,24.313725490196077 percent,23.92156862745098 percent,33 degree_Celsius,100 kilopascal,bytearray(b'5E018DD3844BEA'),578.1 degree_Celsius,,,,,,0.0 kilometer,0.0 kilometer,,,,,,,,,,,,,,,,,,,,,,,,,,,,,,,,,,,,,,,ELM327 v1.5,12.6 volt,15.294117647058824 percent,72.15686274509804 percent,89.80392156862744 percent,"('Closed loop, using oxygen sensor feedback to determine fuel mix', '')",Gasoline,[],[],80 kilopascal,50 degree_Celsius,-1.5625 percent,0.0 percent,11000000000000000000000000000001,10000000000000000000100000001001,11000000000000000000000000000001,1.0,1.0,01111000000000000000000000000000,Unknown : 0.0 percent [PASSED],"Average misfire counts for last ten driving cycles : 0.0 count [PASSED]
Misfire counts for last/current driving cycles : 0.0 count [PASSED]","Average misfire counts for last ten driving cycles : 0.0 count [PASSED]
Misfire counts for last/current driving cycles : 0.0 count [PASSED]","Average misfire counts for last ten driving cycles : 0.0 count [PASSED]
Misfire counts for last/current driving cycles : 0.0 count [PASSED]","Average misfire counts for last ten driving cycles : 0.0 count [PASSED]
Misfire counts for last/current driving cycles : 0.0 count [PASSED]","Unknown : 0.0 count [PASSED]
Unknown : 0.0 count [PASSED]
Unknown : 0.0 ratio [PASSED]
Unknown : 0.0 millisecond [PASSED]","Rich to lean sensor switch time : 0.0 millisecond [PASSED]
Unknown : 0.0 millivolt [PASSED]
Unknown : 0.0 millivolt [PASSED]",Unknown : -40.0 degree_Celsius [PASSED],Unknown : 0.0 ohm [PASSED],Unknown : 0.0 count [PASSED],"Unknown : 0.0 degree [PASSED]
Unknown : 0.0 degree [PASSED]
Unknown : 0.0 degree [PASSED]
Unknown : 0.0 degree [PASSED]",0.74 volt,0.046875 milliampere,"((), (False, False, False, False), (False, False, True, True))",India OBD II (IOBD II),0101010001000000000000000000000000000000,10111110001111101010100000010011,10000000000001111011000000010001,11111110110100001000010000000001,1.5686274509803921 percent,1678.5 revolutions_per_minute,1199.0 second,0.0 percent,77.0 kilometer_per_hour,<obd.OBDResponse.Status object at 0x79ab2c27cb80>,<obd.OBDResponse.Status object at 0x79ab2c27cc70>,1.9607843137254901 percent,11.764705882352942 percent,11.372549019607844 percent,0.5 degree,bytearray(b'MEXKRDPA7NG020286'),0.0 count,2025-04-28 15:04:47,2025-04-28 15:04:53,2025-04-28 15:04:47,Signal Acquired,15.395826,73.912286,3.21,0.88,10.29,-0.0,-0.11,0.01,NO
,,,,,,,,,,,,,,,,,,,,,,,,,,,,,,,,,,,,,,,,,,,,,,,,,,,,,,,,,,,,,,,,,,,,,,,,,,,,,,,,,,,,,,,,,,,,,,,,,,,,,,,,,2025-04-28 15:04:47,Signal Acquired,15.395826,73.912286,0.72,0.59,9.01,-0.02,-0.01,-0.0,NO
,,,,,,,,,,,,,,,,,,,,,,,,,,,,,,,,,,,,,,,,,,,,,,,,,,,,,,,,,,,,,,,,,,,,,,,,,,,,,,,,,,,,,,,,,,,,,,,,,,,,,,,,,2025-04-28 15:04:47,Signal Acquired,15.396014,73.912113,2.31,1.86,9.88,0.02,-0.15,0.02,NO
21.96078431372549 percent,14.901960784313726 percent,14.901960784313726 percent,33 degree_Celsius,100 kilopascal,bytearray(b'5E018DD3844BEA'),566.2 degree_Celsius,,,,,,,0.0 kilometer,,,,,,,,,,,,,,,,,,,,,,,,,,,,,,,,,,,,,,,ELM327 v1.5,12.5 volt,52.15686274509804 percent,98.03921568627452 percent,89.80392156862744 percent,"('Closed loop, using oxygen sensor feedback to determine fuel mix', '')",Gasoline,[],[],106 kilopascal,49 degree_Celsius,2.34375 percent,0.0 percent,11000000000000000000000000000001,10000000000000000000100000001001,11000000000000000000000000000001,1.0,1.0,01111000000000000000000000000000,Unknown : 0.0 percent [PASSED],"Average misfire counts for last ten driving cycles : 0.0 count [PASSED]
Misfire counts for last/current driving cycles : 0.0 count [PASSED]","Average misfire counts for last ten driving cycles : 0.0 count [PASSED]
Misfire counts for last/current driving cycles : 0.0 count [PASSED]","Average misfire counts for last ten driving cycles : 0.0 count [PASSED]
Misfire counts for last/current driving cycles : 0.0 count [PASSED]","Average misfire counts for last ten driving cycles : 0.0 count [PASSED]
Misfire counts for last/current driving cycles : 0.0 count [PASSED]","Unknown : 0.0 count [PASSED]
Unknown : 0.0 count [PASSED]
Unknown : 0.0 ratio [PASSED]
Unknown : 0.0 millisecond [PASSED]","Rich to lean sensor switch time : 0.0 millisecond [PASSED]
Unknown : 0.0 millivolt [PASSED]
Unknown : 0.0 millivolt [PASSED]",Unknown : -40.0 degree_Celsius [PASSED],Unknown : 0.0 ohm [PASSED],Unknown : 0.0 count [PASSED],"Unknown : 0.0 degree [PASSED]
Unknown : 0.0 degree [PASSED]
Unknown : 0.0 degree [PASSED]
Unknown : 0.0 degree [PASSED]",0.695 volt,-0.03515625 milliampere,"((), (False, False, False, False), (False, False, True, True))",India OBD II (IOBD II),0101010001000000000000000000000000000000,10111110001111101010100000010011,10000000000001111011000000010001,11111110110100001000010000000001,51.76470588235294 percent,1706.5 revolutions_per_minute,1206.0 second,1.5625 percent,79.0 kilometer_per_hour,<obd.OBDResponse.Status object at 0x79ab2c27f400>,<obd.OBDResponse.Status object at 0x79ab2c27f2b0>,65.49019607843137 percent,61.1764705882353 percent,61.568627450980394 percent,3.5 degree,bytearray(b'MEXKRDPA7NG020286'),0.0 count,2025-04-28 15:04:54,2025-04-28 15:05:00,2025-04-28 15:04:54,Signal Acquired,15.396014,73.912113,2.05,0.77,8.4,0.05,-0.0,-0.0,NO
,,,,,,,,,,,,,,,,,,,,,,,,,,,,,,,,,,,,,,,,,,,,,,,,,,,,,,,,,,,,,,,,,,,,,,,,,,,,,,,,,,,,,,,,,,,,,,,,,,,,,,,,,2025-04-28 15:04:54,Signal Acquired,15.396202,73.911942,0.69,2.03,9.79,-0.06,0.1,-0.0,NO
,,,,,,,,,,,,,,,,,,,,,,,,,,,,,,,,,,,,,,,,,,,,,,,,,,,,,,,,,,,,,,,,,,,,,,,,,,,,,,,,,,,,,,,,,,,,,,,,,,,,,,,,,2025-04-28 15:04:54,Signal Acquired,15.396202,73.911942,-0.77,0.85,8.61,-0.04,-0.01,0.02,NO
80.0 percent,35.68627450980392 percent,35.68627450980392 percent,33 degree_Celsius,100 kilopascal,bytearray(b'5E018DD3844BEA'),580.4000000000001 degree_Celsius,,,,,,,0.0 kilometer,,,,,,,,,,,,,,,,,,,,,,,,,,,,,,,,,,,,,,,ELM327 v1.5,12.5 volt,0.0 percent,0.0 percent,89.80392156862744 percent,"('Open loop due to engine load OR fuel cut due to deceleration', '')",Gasoline,[],[],30 kilopascal,48 degree_Celsius,1.5625 percent,0.0 percent,11000000000000000000000000000001,10000000000000000000100000001001,11000000000000000000000000000001,1.0,1.0,01111000000000000000000000000000,Unknown : 0.0 percent [PASSED],"Average misfire counts for last ten driving cycles : 0.0 count [PASSED]
Misfire counts for last/current driving cycles : 0.0 count [PASSED]","Average misfire counts for last ten driving cycles : 0.0 count [PASSED]
Misfire counts for last/current driving cycles : 0.0 count [PASSED]","Average misfire counts for last ten driving cycles : 0.0 count [PASSED]
Misfire counts for last/current driving cycles : 0.0 count [PASSED]","Average misfire counts for last ten driving cycles : 0.0 count [PASSED]
Misfire counts for last/current driving cycles : 0.0 count [PASSED]","Unknown : 0.0 count [PASSED]
Unknown : 0.0 count [PASSED]
Unknown : 0.0 ratio [PASSED]
Unknown : 0.0 millisecond [PASSED]","Rich to lean sensor switch time : 0.0 millisecond [PASSED]
Unknown : 0.0 millivolt [PASSED]
Unknown : 0.0 millivolt [PASSED]",Unknown : -40.0 degree_Celsius [PASSED],Unknown : 0.0 ohm [PASSED],Unknown : 0.0 count [PASSED],"Unknown : 0.0 degree [PASSED]
Unknown : 0.0 degree [PASSED]
Unknown : 0.0 degree [PASSED]
Unknown : 0.0 degree [PASSED]",0.005 volt,1.2578125 milliampere,"((), (False, False, False, False), (False, False, True, True))",India OBD II (IOBD II),0101010001000000000000000000000000000000,10111110001111101010100000010011,10000000000001111011000000010001,11111110110100001000010000000001,3.5294117647058822 percent,1678.5 revolutions_per_minute,1214.0 second,0.0 percent,77.0 kilometer_per_hour,<obd.OBDResponse.Status object at 0x79ab2c2af2b0>,<obd.OBDResponse.Status object at 0x79ab2c2af4c0>,1.5686274509803921 percent,11.764705882352942 percent,11.764705882352942 percent,-7.5 degree,bytearray(b'MEXKRDPA7NG020286'),0.0 count,2025-04-28 15:05:01,2025-04-28 15:05:07,2025-04-28 15:05:01,Signal Acquired,15.39639,73.911769,-0.2,1.07,10.41,-0.03,0.15,-0.02,NO
,,,,,,,,,,,,,,,,,,,,,,,,,,,,,,,,,,,,,,,,,,,,,,,,,,,,,,,,,,,,,,,,,,,,,,,,,,,,,,,,,,,,,,,,,,,,,,,,,,,,,,,,,2025-04-28 15:05:01,Signal Acquired,15.39639,73.911769,3.32,0.32,7.49,0.08,0.13,-0.02,NO
,,,,,,,,,,,,,,,,,,,,,,,,,,,,,,,,,,,,,,,,,,,,,,,,,,,,,,,,,,,,,,,,,,,,,,,,,,,,,,,,,,,,,,,,,,,,,,,,,,,,,,,,,2025-04-28 15:05:01,Signal Acquired,15.396577,73.911597,2.28,1.25,8.75,0.02,-0.05,0.01,NO
17.254901960784313 percent,14.901960784313726 percent,14.901960784313726 percent,33 degree_Celsius,100 kilopascal,bytearray(b'5E018DD3844BEA'),574.3000000000001 degree_Celsius,,,,,,,0.0 kilometer,,,,,,,,,,,,,,,,,,,,,,,,,,,,,,,,,,,,,,,ELM327 v1.5,14.1 volt,0.0 percent,0.0 percent,89.80392156862744 percent,"('Open loop due to engine load OR fuel cut due to deceleration', '')",Gasoline,[],[],28 kilopascal,50 degree_Celsius,-2.34375 percent,0.0 percent,11000000000000000000000000000001,10000000000000000000100000001001,11000000000000000000000000000001,1.0,1.0,01111000000000000000000000000000,Unknown : 0.0 percent [PASSED],"Average misfire counts for last ten driving cycles : 0.0 count [PASSED]
Misfire counts for last/current driving cycles : 0.0 count [PASSED]","Average misfire counts for last ten driving cycles : 0.0 count [PASSED]
Misfire counts for last/current driving cycles : 0.0 count [PASSED]","Average misfire counts for last ten driving cycles : 0.0 count [PASSED]
Misfire counts for last/current driving cycles : 0.0 count [PASSED]","Average misfire counts for last ten driving cycles : 0.0 count [PASSED]
Misfire counts for last/current driving cycles : 0.0 count [PASSED]","Unknown : 0.0 count [PASSED]
Unknown : 0.0 count [PASSED]
Unknown : 0.0 ratio [PASSED]
Unknown : 0.0 millisecond [PASSED]","Rich to lean sensor switch time : 0.0 millisecond [PASSED]
Unknown : 0.0 millivolt [PASSED]
Unknown : 0.0 millivolt [PASSED]",Unknown : -40.0 degree_Celsius [PASSED],Unknown : 0.0 ohm [PASSED],Unknown : 0.0 count [PASSED],"Unknown : 0.0 degree [PASSED]
Unknown : 0.0 degree [PASSED]
Unknown : 0.0 degree [PASSED]
Unknown : 0.0 degree [PASSED]",0.01 volt,1.21484375 milliampere,"((), (False, False, False, False), (False, False, True, True))",India OBD II (IOBD II),0101010001000000000000000000000000000000,10111110001111101010100000010011,10000000000001111011000000010001,11111110110100001000010000000001,1.1764705882352942 percent,1531.0 revolutions_per_minute,1221.0 second,0.0 percent,70.0 kilometer_per_hour,<obd.OBDResponse.Status object at 0x79ab2c2bb910>,<obd.OBDResponse.Status object at 0x79ab2c2bba90>,1.5686274509803921 percent,11.372549019607844 percent,11.764705882352942 percent,-10.0 degree,bytearray(b'MEXKRDPA7NG020286'),0.0 count,2025-04-28 15:05:08,2025-04-28 15:05:14,2025-04-28 15:05:08,Signal Acquired,15.396577,73.911597,-0.53,0.74,10.27,-0.08,0.05,-0.0,NO
,,,,,,,,,,,,,,,,,,,,,,,,,,,,,,,,,,,,,,,,,,,,,,,,,,,,,,,,,,,,,,,,,,,,,,,,,,,,,,,,,,,,,,,,,,,,,,,,,,,,,,,,,2025-04-28 15:05:08,Signal Acquired,15.396764,73.911423,0.65,-0.12,8.29,-0.08,0.07,0.0,NO
,,,,,,,,,,,,,,,,,,,,,,,,,,,,,,,,,,,,,,,,,,,,,,,,,,,,,,,,,,,,,,,,,,,,,,,,,,,,,,,,,,,,,,,,,,,,,,,,,,,,,,,,,2025-04-28 15:05:08,Signal Acquired,15.396764,73.911423,0.38,0.94,8.48,-0.03,0.09,-0.01,NO
29.80392156862745 percent,28.627450980392158 percent,28.235294117647058 percent,33 degree_Celsius,100 kilopascal,bytearray(b'5E018DD3844BEA'),561.0 degree_Celsius,,,,,,0.0 kilometer,0.0 kilometer,,,,,,,,,,,,,,,,,,,,,,,,,,,,,,,,,,,,,,,ELM327 v1.5,12.7 volt,34.90196078431372 percent,8.627450980392156 percent,89.80392156862744 percent,"('Closed loop, using oxygen sensor feedback to determine fuel mix', '')",Gasoline,[],[],85 kilopascal,51 degree_Celsius,1.5625 percent,0.0 percent,11000000000000000000000000000001,10000000000000000000100000001001,11000000000000000000000000000001,1.0,1.0,01111000000000000000000000000000,Unknown : 0.0 percent [PASSED],"Average misfire counts for last ten driving cycles : 0.0 count [PASSED]
Misfire counts for last/current driving cycles : 0.0 count [PASSED]","Average misfire counts for last ten driving cycles : 0.0 count [PASSED]
Misfire counts for last/current driving cycles : 0.0 count [PASSED]","Average misfire counts for last ten driving cycles : 0.0 count [PASSED]
Misfire counts for last/current driving cycles : 0.0 count [PASSED]","Average misfire counts for last ten driving cycles : 0.0 count [PASSED]
Misfire counts for last/current driving cycles : 0.0 count [PASSED]","Unknown : 0.0 count [PASSED]
Unknown : 0.0 count [PASSED]
Unknown : 0.0 ratio [PASSED]
Unknown : 0.0 millisecond [PASSED]","Rich to lean sensor switch time : 0.0 millisecond [PASSED]
Unknown : 0.0 millivolt [PASSED]
Unknown : 0.0 millivolt [PASSED]",Unknown : -40.0 degree_Celsius [PASSED],Unknown : 0.0 ohm [PASSED],Unknown : 0.0 count [PASSED],"Unknown : 0.0 degree [PASSED]
Unknown : 0.0 degree [PASSED]
Unknown : 0.0 degree [PASSED]
Unknown : 0.0 degree [PASSED]",0.785 volt,-0.00390625 milliampere,"((), (False, False, False, False), (False, False, True, True))",India OBD II (IOBD II),0101010001000000000000000000000000000000,10111110001111101010100000010011,10000000000001111011000000010001,11111110110100001000010000000001,24.313725490196077 percent,1498.0 revolutions_per_minute,1228.0 second,0.78125 percent,69.0 kilometer_per_hour,<obd.OBDResponse.Status object at 0x79ab2c3052a0>,<obd.OBDResponse.Status object at 0x79ab2c305360>,49.80392156862745 percent,49.01960784313726 percent,49.80392156862745 percent,4.5 degree,bytearray(b'MEXKRDPA7NG020286'),0.0 count,2025-04-28 15:05:15,2025-04-28 15:05:21,2025-04-28 15:05:15,Signal Acquired,15.396951,73.91125,1.88,0.4,8.3,-0.02,-0.05,0.01,NO
,,,,,,,,,,,,,,,,,,,,,,,,,,,,,,,,,,,,,,,,,,,,,,,,,,,,,,,,,,,,,,,,,,,,,,,,,,,,,,,,,,,,,,,,,,,,,,,,,,,,,,,,,2025-04-28 15:05:15,Signal Acquired,15.396951,73.91125,-0.47,0.92,9.8,-0.04,0.03,0.0,NO
,,,,,,,,,,,,,,,,,,,,,,,,,,,,,,,,,,,,,,,,,,,,,,,,,,,,,,,,,,,,,,,,,,,,,,,,,,,,,,,,,,,,,,,,,,,,,,,,,,,,,,,,,2025-04-28 15:05:15,Signal Acquired,15.397139,73.911077,2.65,1.57,7.95,0.01,0.0,-0.0,NO
103.92156862745098 percent,47.450980392156865 percent,47.450980392156865 percent,33 degree_Celsius,100 kilopascal,bytearray(b'5E018DD3844BEA'),546.7 degree_Celsius,,,,,,,0.0 kilometer,,,,,,,,,,,,,,,,,,,,,,,,,,,,,,,,,,,,,,,ELM327 v1.5,12.5 volt,80.0 percent,98.43137254901961 percent,89.80392156862744 percent,"('Closed loop, using oxygen sensor feedback to determine fuel mix', '')",Gasoline,[],[],150 kilopascal,49 degree_Celsius,2.34375 percent,0.0 percent,11000000000000000000000000000001,10000000000000000000100000001001,11000000000000000000000000000001,1.0,1.0,01111000000000000000000000000000,Unknown : 0.0 percent [PASSED],"Average misfire counts for last ten driving cycles : 0.0 count [PASSED]
Misfire counts for last/current driving cycles : 0.0 count [PASSED]","Average misfire counts for last ten driving cycles : 0.0 count [PASSED]
Misfire counts for last/current driving cycles : 0.0 count [PASSED]","Average misfire counts for last ten driving cycles : 0.0 count [PASSED]
Misfire counts for last/current driving cycles : 0.0 count [PASSED]","Average misfire counts for last ten driving cycles : 0.0 count [PASSED]
Misfire counts for last/current driving cycles : 0.0 count [PASSED]","Unknown : 0.0 count [PASSED]
Unknown : 0.0 count [PASSED]
Unknown : 0.0 ratio [PASSED]
Unknown : 0.0 millisecond [PASSED]","Rich to lean sensor switch time : 0.0 millisecond [PASSED]
Unknown : 0.0 millivolt [PASSED]
Unknown : 0.0 millivolt [PASSED]",Unknown : -40.0 degree_Celsius [PASSED],Unknown : 0.0 ohm [PASSED],Unknown : 0.0 count [PASSED],"Unknown : 0.0 degree [PASSED]
Unknown : 0.0 degree [PASSED]
Unknown : 0.0 degree [PASSED]
Unknown : 0.0 degree [PASSED]",0.675 volt,-0.0234375 milliampere,"((), (False, False, False, False), (False, False, True, True))",India OBD II (IOBD II),0101010001000000000000000000000000000000,10111110001111101010100000010011,10000000000001111011000000010001,11111110110100001000010000000001,77.25490196078431 percent,1727.0 revolutions_per_minute,1235.0 second,0.78125 percent,81.0 kilometer_per_hour,<obd.OBDResponse.Status object at 0x79ab2c307610>,<obd.OBDResponse.Status object at 0x79ab2c3072b0>,99.6078431372549 percent,87.45098039215686 percent,88.23529411764706 percent,-4.5 degree,bytearray(b'MEXKRDPA7NG020286'),0.0 count,2025-04-28 15:05:22,2025-04-28 15:05:28,2025-04-28 15:05:22,Signal Acquired,15.397139,73.911077,3.69,0.45,8.54,0.01,-0.09,0.01,NO
,,,,,,,,,,,,,,,,,,,,,,,,,,,,,,,,,,,,,,,,,,,,,,,,,,,,,,,,,,,,,,,,,,,,,,,,,,,,,,,,,,,,,,,,,,,,,,,,,,,,,,,,,2025-04-28 15:05:22,Signal Acquired,15.397328,73.910907,0.97,0.69,9.97,-0.03,0.05,-0.02,NO
,,,,,,,,,,,,,,,,,,,,,,,,,,,,,,,,,,,,,,,,,,,,,,,,,,,,,,,,,,,,,,,,,,,,,,,,,,,,,,,,,,,,,,,,,,,,,,,,,,,,,,,,,2025-04-28 15:05:22,Signal Acquired,15.397328,73.910907,-1.36,0.45,8.19,-0.15,0.14,-0.03,NO
130.58823529411765 percent,46.27450980392157 percent,46.666666666666664 percent,33 degree_Celsius,100 kilopascal,bytearray(b'5E018DD3844BEA'),627.7 degree_Celsius,,,,,,0.0 kilometer,0.0 kilometer,,,,,,,,,,,,,,,,,,,,,,,,,,,,,,,,,,,,,,,ELM327 v1.5,12.5 volt,71.37254901960785 percent,98.43137254901961 percent,89.80392156862744 percent,"('Closed loop, using oxygen sensor feedback to determine fuel mix', '')",Gasoline,[],[],138 kilopascal,48 degree_Celsius,2.34375 percent,0.0 percent,11000000000000000000000000000001,10000000000000000000100000001001,11000000000000000000000000000001,1.0,1.0,01111000000000000000000000000000,Unknown : 0.0 percent [PASSED],"Average misfire counts for last ten driving cycles : 0.0 count [PASSED]
Misfire counts for last/current driving cycles : 0.0 count [PASSED]","Average misfire counts for last ten driving cycles : 0.0 count [PASSED]
Misfire counts for last/current driving cycles : 0.0 count [PASSED]","Average misfire counts for last ten driving cycles : 0.0 count [PASSED]
Misfire counts for last/current driving cycles : 0.0 count [PASSED]","Average misfire counts for last ten driving cycles : 0.0 count [PASSED]
Misfire counts for last/current driving cycles : 0.0 count [PASSED]","Unknown : 0.0 count [PASSED]
Unknown : 0.0 count [PASSED]
Unknown : 0.0 ratio [PASSED]
Unknown : 0.0 millisecond [PASSED]","Rich to lean sensor switch time : 0.0 millisecond [PASSED]
Unknown : 0.0 millivolt [PASSED]
Unknown : 0.0 millivolt [PASSED]",Unknown : -40.0 degree_Celsius [PASSED],Unknown : 0.0 ohm [PASSED],Unknown : 0.0 count [PASSED],"Unknown : 0.0 degree [PASSED]
Unknown : 0.0 degree [PASSED]
Unknown : 0.0 degree [PASSED]
Unknown : 0.0 degree [PASSED]",0.635 volt,-0.0234375 milliampere,"((), (False, False, False, False), (False, False, True, True))",India OBD II (IOBD II),0101010001000000000000000000000000000000,10111110001111101010100000010011,10000000000001111011000000010001,11111110110100001000010000000001,77.25490196078431 percent,2007.0 revolutions_per_minute,1242.0 second,0.0 percent,93.0 kilometer_per_hour,<obd.OBDResponse.Status object at 0x79ab2c34a620>,<obd.OBDResponse.Status object at 0x79ab2c34a6e0>,99.6078431372549 percent,87.84313725490196 percent,88.23529411764706 percent,0.0 degree,bytearray(b'MEXKRDPA7NG020286'),0.0 count,2025-04-28 15:05:29,2025-04-28 15:05:35,2025-04-28 15:05:29,Signal Acquired,15.397519,73.910739,2.99,0.89,8.17,-0.01,0.0,-0.03,NO
,,,,,,,,,,,,,,,,,,,,,,,,,,,,,,,,,,,,,,,,,,,,,,,,,,,,,,,,,,,,,,,,,,,,,,,,,,,,,,,,,,,,,,,,,,,,,,,,,,,,,,,,,2025-04-28 15:05:29,Signal Acquired,15.397519,73.910739,0.88,1.53,10.26,0.05,0.05,-0.04,NO
,,,,,,,,,,,,,,,,,,,,,,,,,,,,,,,,,,,,,,,,,,,,,,,,,,,,,,,,,,,,,,,,,,,,,,,,,,,,,,,,,,,,,,,,,,,,,,,,,,,,,,,,,2025-04-28 15:05:29,Signal Acquired,15.397714,73.910577,2.81,1.03,10.65,0.0,0.13,-0.05,NO
18.431372549019606 percent,22.745098039215687 percent,22.745098039215687 percent,33 degree_Celsius,100 kilopascal,bytearray(b'5E018DD3844BEA'),665.4000000000001 degree_Celsius,,,,,,0.0 kilometer,0.0 kilometer,,,,,,,,,,,,,,,,,,,,,,,,,,,,,,,,,,,,,,,ELM327 v1.5,12.5 volt,39.6078431372549 percent,95.68627450980392 percent,89.80392156862744 percent,"('Closed loop, using oxygen sensor feedback to determine fuel mix', '')",Gasoline,[],[],96 kilopascal,49 degree_Celsius,1.5625 percent,0.0 percent,11000000000000000000000000000001,10000000000000000000100000001001,11000000000000000000000000000001,1.0,1.0,01111000000000000000000000000000,Unknown : 0.0 percent [PASSED],"Average misfire counts for last ten driving cycles : 0.0 count [PASSED]
Misfire counts for last/current driving cycles : 0.0 count [PASSED]","Average misfire counts for last ten driving cycles : 0.0 count [PASSED]
Misfire counts for last/current driving cycles : 0.0 count [PASSED]","Average misfire counts for last ten driving cycles : 0.0 count [PASSED]
Misfire counts for last/current driving cycles : 0.0 count [PASSED]","Average misfire counts for last ten driving cycles : 0.0 count [PASSED]
Misfire counts for last/current driving cycles : 0.0 count [PASSED]","Unknown : 0.0 count [PASSED]
Unknown : 0.0 count [PASSED]
Unknown : 0.0 ratio [PASSED]
Unknown : 0.0 millisecond [PASSED]","Rich to lean sensor switch time : 0.0 millisecond [PASSED]
Unknown : 0.0 millivolt [PASSED]
Unknown : 0.0 millivolt [PASSED]",Unknown : -40.0 degree_Celsius [PASSED],Unknown : 0.0 ohm [PASSED],Unknown : 0.0 count [PASSED],"Unknown : 0.0 degree [PASSED]
Unknown : 0.0 degree [PASSED]
Unknown : 0.0 degree [PASSED]
Unknown : 0.0 degree [PASSED]",0.59 volt,-0.01953125 milliampere,"((), (False, False, False, False), (False, False, True, True))",India OBD II (IOBD II),0101010001000000000000000000000000000000,10111110001111101010100000010011,10000000000001111011000000010001,11111110110100001000010000000001,21.568627450980394 percent,1992.0 revolutions_per_minute,1249.0 second,0.0 percent,92.0 kilometer_per_hour,<obd.OBDResponse.Status object at 0x79ab2c35ff10>,<obd.OBDResponse.Status object at 0x79ab2c35ffd0>,27.84313725490196 percent,31.764705882352942 percent,32.15686274509804 percent,9.5 degree,bytearray(b'MEXKRDPA7NG020286'),0.0 count,2025-04-28 15:05:37,2025-04-28 15:05:43,2025-04-28 15:05:37,Signal Acquired,15.397714,73.910577,3.67,0.94,10.03,0.09,-0.24,-0.02,NO
,,,,,,,,,,,,,,,,,,,,,,,,,,,,,,,,,,,,,,,,,,,,,,,,,,,,,,,,,,,,,,,,,,,,,,,,,,,,,,,,,,,,,,,,,,,,,,,,,,,,,,,,,2025-04-28 15:05:37,Signal Acquired,15.397915,73.910423,0.8,1.11,9.71,-0.05,0.02,-0.03,NO
,,,,,,,,,,,,,,,,,,,,,,,,,,,,,,,,,,,,,,,,,,,,,,,,,,,,,,,,,,,,,,,,,,,,,,,,,,,,,,,,,,,,,,,,,,,,,,,,,,,,,,,,,2025-04-28 15:05:37,Signal Acquired,15.397915,73.910423,1.31,1.47,9.61,-0.04,0.12,-0.03,NO
75.29411764705883 percent,33.72549019607843 percent,33.72549019607843 percent,33 degree_Celsius,100 kilopascal,bytearray(b'5E018DD3844BEA'),636.3000000000001 degree_Celsius,,,,,,0.0 kilometer,0.0 kilometer,,,,,,,,,,,,,,,,,,,,,,,,,,,,,,,,,,,,,,,ELM327 v1.5,12.5 volt,47.450980392156865 percent,98.43137254901961 percent,89.80392156862744 percent,"('Closed loop, using oxygen sensor feedback to determine fuel mix', '')",Gasoline,[],[],104 kilopascal,48 degree_Celsius,2.34375 percent,0.0 percent,11000000000000000000000000000001,10000000000000000000100000001001,11000000000000000000000000000001,1.0,1.0,01111000000000000000000000000000,Unknown : 0.0 percent [PASSED],"Average misfire counts for last ten driving cycles : 0.0 count [PASSED]
Misfire counts for last/current driving cycles : 0.0 count [PASSED]","Average misfire counts for last ten driving cycles : 0.0 count [PASSED]
Misfire counts for last/current driving cycles : 0.0 count [PASSED]","Average misfire counts for last ten driving cycles : 0.0 count [PASSED]
Misfire counts for last/current driving cycles : 0.0 count [PASSED]","Average misfire counts for last ten driving cycles : 0.0 count [PASSED]
Misfire counts for last/current driving cycles : 0.0 count [PASSED]","Unknown : 0.0 count [PASSED]
Unknown : 0.0 count [PASSED]
Unknown : 0.0 ratio [PASSED]
Unknown : 0.0 millisecond [PASSED]","Rich to lean sensor switch time : 0.0 millisecond [PASSED]
Unknown : 0.0 millivolt [PASSED]
Unknown : 0.0 millivolt [PASSED]",Unknown : -40.0 degree_Celsius [PASSED],Unknown : 0.0 ohm [PASSED],Unknown : 0.0 count [PASSED],"Unknown : 0.0 degree [PASSED]
Unknown : 0.0 degree [PASSED]
Unknown : 0.0 degree [PASSED]
Unknown : 0.0 degree [PASSED]",0.615 volt,-0.05859375 milliampere,"((), (False, False, False, False), (False, False, True, True))",India OBD II (IOBD II),0101010001000000000000000000000000000000,10111110001111101010100000010011,10000000000001111011000000010001,11111110110100001000010000000001,5.098039215686274 percent,1946.5 revolutions_per_minute,1257.0 second,-4.6875 percent,90.0 kilometer_per_hour,<obd.OBDResponse.Status object at 0x79ab2c182560>,<obd.OBDResponse.Status object at 0x79ab2c182620>,7.0588235294117645 percent,16.07843137254902 percent,16.07843137254902 percent,22.5 degree,bytearray(b'MEXKRDPA7NG020286'),0.0 count,2025-04-28 15:05:44,2025-04-28 15:05:50,2025-04-28 15:05:44,Signal Acquired,15.398121,73.910275,2.6,1.41,9.91,-0.01,0.19,-0.05,NO
,,,,,,,,,,,,,,,,,,,,,,,,,,,,,,,,,,,,,,,,,,,,,,,,,,,,,,,,,,,,,,,,,,,,,,,,,,,,,,,,,,,,,,,,,,,,,,,,,,,,,,,,,2025-04-28 15:05:44,Signal Acquired,15.398121,73.910275,2.74,-0.32,10.83,-0.07,-0.13,-0.02,NO
,,,,,,,,,,,,,,,,,,,,,,,,,,,,,,,,,,,,,,,,,,,,,,,,,,,,,,,,,,,,,,,,,,,,,,,,,,,,,,,,,,,,,,,,,,,,,,,,,,,,,,,,,2025-04-28 15:05:44,Signal Acquired,15.398328,73.910132,0.92,1.16,8.99,0.0,-0.01,-0.02,NO
16.862745098039216 percent,15.686274509803921 percent,15.686274509803921 percent,33 degree_Celsius,100 kilopascal,bytearray(b'5E018DD3844BEA'),625.8000000000001 degree_Celsius,,,,,,,0.0 kilometer,,,,,,,,,,,,,,,,,,,,,,,,,,,,,,,,,,,,,,,ELM327 v1.5,13.1 volt,23.529411764705884 percent,3.9215686274509802 percent,89.80392156862744 percent,"('Closed loop, using oxygen sensor feedback to determine fuel mix', '')",Gasoline,[],[],102 kilopascal,50 degree_Celsius,-1.5625 percent,0.0 percent,11000000000000000000000000000001,10000000000000000000100000001001,11000000000000000000000000000001,1.0,1.0,01111000000000000000000000000000,Unknown : 0.0 percent [PASSED],"Average misfire counts for last ten driving cycles : 0.0 count [PASSED]
Misfire counts for last/current driving cycles : 0.0 count [PASSED]","Average misfire counts for last ten driving cycles : 0.0 count [PASSED]
Misfire counts for last/current driving cycles : 0.0 count [PASSED]","Average misfire counts for last ten driving cycles : 0.0 count [PASSED]
Misfire counts for last/current driving cycles : 0.0 count [PASSED]","Average misfire counts for last ten driving cycles : 0.0 count [PASSED]
Misfire counts for last/current driving cycles : 0.0 count [PASSED]","Unknown : 0.0 count [PASSED]
Unknown : 0.0 count [PASSED]
Unknown : 0.0 ratio [PASSED]
Unknown : 0.0 millisecond [PASSED]","Rich to lean sensor switch time : 0.0 millisecond [PASSED]
Unknown : 0.0 millivolt [PASSED]
Unknown : 0.0 millivolt [PASSED]",Unknown : -40.0 degree_Celsius [PASSED],Unknown : 0.0 ohm [PASSED],Unknown : 0.0 count [PASSED],"Unknown : 0.0 degree [PASSED]
Unknown : 0.0 degree [PASSED]
Unknown : 0.0 degree [PASSED]
Unknown : 0.0 degree [PASSED]",0.55 volt,-0.046875 milliampere,"((), (False, False, False, False), (False, False, True, True))",India OBD II (IOBD II),0101010001000000000000000000000000000000,10111110001111101010100000010011,10000000000001111011000000010001,11111110110100001000010000000001,9.411764705882353 percent,1690.5 revolutions_per_minute,1265.0 second,-3.90625 percent,78.0 kilometer_per_hour,<obd.OBDResponse.Status object at 0x79ab2c1a3f40>,<obd.OBDResponse.Status object at 0x79ab2c1a3f70>,13.72549019607843 percent,20.784313725490197 percent,21.176470588235293 percent,15.0 degree,bytearray(b'MEXKRDPA7NG020286'),0.0 count,2025-04-28 15:05:52,2025-04-28 15:05:58,2025-04-28 15:05:52,Signal Acquired,15.398328,73.910132,-0.35,-0.18,8.49,-0.01,0.05,-0.01,NO
,,,,,,,,,,,,,,,,,,,,,,,,,,,,,,,,,,,,,,,,,,,,,,,,,,,,,,,,,,,,,,,,,,,,,,,,,,,,,,,,,,,,,,,,,,,,,,,,,,,,,,,,,2025-04-28 15:05:52,Signal Acquired,15.398538,73.909992,-0.42,1.83,10.28,-0.02,0.09,-0.02,NO
,,,,,,,,,,,,,,,,,,,,,,,,,,,,,,,,,,,,,,,,,,,,,,,,,,,,,,,,,,,,,,,,,,,,,,,,,,,,,,,,,,,,,,,,,,,,,,,,,,,,,,,,,2025-04-28 15:05:52,Signal Acquired,15.398538,73.909992,2.37,0.32,6.03,-0.15,0.11,-0.01,NO
62.745098039215684 percent,32.94117647058823 percent,32.94117647058823 percent,33 degree_Celsius,100 kilopascal,bytearray(b'5E018DD3844BEA'),602.1 degree_Celsius,,,,,,0.0 kilometer,0.0 kilometer,,,,,,,,,,,,,,,,,,,,,,,,,,,,,,,,,,,,,,,ELM327 v1.5,12.6 volt,43.92156862745098 percent,98.03921568627452 percent,89.80392156862744 percent,"('Closed loop, using oxygen sensor feedback to determine fuel mix', '')",Gasoline,[],[],100 kilopascal,48 degree_Celsius,1.5625 percent,0.0 percent,11000000000000000000000000000001,10000000000000000000100000001001,11000000000000000000000000000001,1.0,1.0,01111000000000000000000000000000,Unknown : 0.0 percent [PASSED],"Average misfire counts for last ten driving cycles : 0.0 count [PASSED]
Misfire counts for last/current driving cycles : 0.0 count [PASSED]","Average misfire counts for last ten driving cycles : 0.0 count [PASSED]
Misfire counts for last/current driving cycles : 0.0 count [PASSED]","Average misfire counts for last ten driving cycles : 0.0 count [PASSED]
Misfire counts for last/current driving cycles : 0.0 count [PASSED]","Average misfire counts for last ten driving cycles : 0.0 count [PASSED]
Misfire counts for last/current driving cycles : 0.0 count [PASSED]","Unknown : 0.0 count [PASSED]
Unknown : 0.0 count [PASSED]
Unknown : 0.0 ratio [PASSED]
Unknown : 0.0 millisecond [PASSED]","Rich to lean sensor switch time : 0.0 millisecond [PASSED]
Unknown : 0.0 millivolt [PASSED]
Unknown : 0.0 millivolt [PASSED]",Unknown : -40.0 degree_Celsius [PASSED],Unknown : 0.0 ohm [PASSED],Unknown : 0.0 count [PASSED],"Unknown : 0.0 degree [PASSED]
Unknown : 0.0 degree [PASSED]
Unknown : 0.0 degree [PASSED]
Unknown : 0.0 degree [PASSED]",0.6 volt,-0.015625 milliampere,"((), (False, False, False, False), (False, False, True, True))",India OBD II (IOBD II),0101010001000000000000000000000000000000,10111110001111101010100000010011,10000000000001111011000000010001,11111110110100001000010000000001,19.215686274509803 percent,1719.0 revolutions_per_minute,1272.0 second,0.0 percent,80.0 kilometer_per_hour,<obd.OBDResponse.Status object at 0x79ab2c2aa620>,<obd.OBDResponse.Status object at 0x79ab2c2aa6e0>,24.705882352941178 percent,29.80392156862745 percent,29.80392156862745 percent,6.5 degree,bytearray(b'MEXKRDPA7NG020286'),0.0 count,2025-04-28 15:06:00,2025-04-28 15:06:05,2025-04-28 15:06:00,Signal Acquired,15.398749,73.909855,3.95,0.23,6.13,-0.09,-0.08,0.02,NO
,,,,,,,,,,,,,,,,,,,,,,,,,,,,,,,,,,,,,,,,,,,,,,,,,,,,,,,,,,,,,,,,,,,,,,,,,,,,,,,,,,,,,,,,,,,,,,,,,,,,,,,,,2025-04-28 15:06:00,Signal Acquired,15.398749,73.909855,1.82,1.02,8.09,-0.04,-0.11,-0.01,NO
,,,,,,,,,,,,,,,,,,,,,,,,,,,,,,,,,,,,,,,,,,,,,,,,,,,,,,,,,,,,,,,,,,,,,,,,,,,,,,,,,,,,,,,,,,,,,,,,,,,,,,,,,2025-04-28 15:06:00,Signal Acquired,15.39896,73.90972,1.43,2.44,8.91,-0.07,0.26,-0.01,NO
67.84313725490196 percent,32.549019607843135 percent,32.549019607843135 percent,33 degree_Celsius,100 kilopascal,bytearray(b'5E018DD3844BEA'),597.1 degree_Celsius,,,,,,,0.0 kilometer,,,,,,,,,,,,,,,,,,,,,,,,,,,,,,,,,,,,,,,ELM327 v1.5,12.5 volt,44.31372549019608 percent,97.6470588235294 percent,89.80392156862744 percent,"('Closed loop, using oxygen sensor feedback to determine fuel mix', '')",Gasoline,[],[],101 kilopascal,48 degree_Celsius,1.5625 percent,0.0 percent,11000000000000000000000000000001,10000000000000000000100000001001,11000000000000000000000000000001,1.0,1.0,01111000000000000000000000000000,Unknown : 0.0 percent [PASSED],"Average misfire counts for last ten driving cycles : 0.0 count [PASSED]
Misfire counts for last/current driving cycles : 0.0 count [PASSED]","Average misfire counts for last ten driving cycles : 0.0 count [PASSED]
Misfire counts for last/current driving cycles : 0.0 count [PASSED]","Average misfire counts for last ten driving cycles : 0.0 count [PASSED]
Misfire counts for last/current driving cycles : 0.0 count [PASSED]","Average misfire counts for last ten driving cycles : 0.0 count [PASSED]
Misfire counts for last/current driving cycles : 0.0 count [PASSED]","Unknown : 0.0 count [PASSED]
Unknown : 0.0 count [PASSED]
Unknown : 0.0 ratio [PASSED]
Unknown : 0.0 millisecond [PASSED]","Rich to lean sensor switch time : 0.0 millisecond [PASSED]
Unknown : 0.0 millivolt [PASSED]
Unknown : 0.0 millivolt [PASSED]",Unknown : -40.0 degree_Celsius [PASSED],Unknown : 0.0 ohm [PASSED],Unknown : 0.0 count [PASSED],"Unknown : 0.0 degree [PASSED]
Unknown : 0.0 degree [PASSED]
Unknown : 0.0 degree [PASSED]
Unknown : 0.0 degree [PASSED]",0.66 volt,-0.00390625 milliampere,"((), (False, False, False, False), (False, False, True, True))",India OBD II (IOBD II),0101010001000000000000000000000000000000,10111110001111101010100000010011,10000000000001111011000000010001,11111110110100001000010000000001,13.333333333333334 percent,1807.5 revolutions_per_minute,1279.0 second,-1.5625 percent,83.0 kilometer_per_hour,<obd.OBDResponse.Status object at 0x79ab2c1f0280>,<obd.OBDResponse.Status object at 0x79ab2c1f0340>,17.254901960784313 percent,23.92156862745098 percent,24.313725490196077 percent,12.5 degree,bytearray(b'MEXKRDPA7NG020286'),0.0 count,2025-04-28 15:06:07,2025-04-28 15:06:12,2025-04-28 15:06:07,Signal Acquired,15.39896,73.90972,1.3,1.05,9.68,-0.01,-0.14,0.01,NO
,,,,,,,,,,,,,,,,,,,,,,,,,,,,,,,,,,,,,,,,,,,,,,,,,,,,,,,,,,,,,,,,,,,,,,,,,,,,,,,,,,,,,,,,,,,,,,,,,,,,,,,,,2025-04-28 15:06:07,Signal Acquired,15.399173,73.909588,0.97,0.37,9.5,-0.04,0.07,-0.02,NO
,,,,,,,,,,,,,,,,,,,,,,,,,,,,,,,,,,,,,,,,,,,,,,,,,,,,,,,,,,,,,,,,,,,,,,,,,,,,,,,,,,,,,,,,,,,,,,,,,,,,,,,,,2025-04-28 15:06:07,Signal Acquired,15.399173,73.909588,0.46,0.27,9.21,-0.08,-0.04,-0.0,NO
57.64705882352941 percent,32.94117647058823 percent,32.94117647058823 percent,33 degree_Celsius,100 kilopascal,bytearray(b'5E018DD3844BEA'),594.7 degree_Celsius,,,,,,0.0 kilometer,0.0 kilometer,,,,,,,,,,,,,,,,,,,,,,,,,,,,,,,,,,,,,,,ELM327 v1.5,12.6 volt,44.31372549019608 percent,98.03921568627452 percent,89.80392156862744 percent,"('Closed loop, using oxygen sensor feedback to determine fuel mix', '')",Gasoline,[],[],101 kilopascal,48 degree_Celsius,1.5625 percent,0.0 percent,11000000000000000000000000000001,10000000000000000000100000001001,11000000000000000000000000000001,1.0,1.0,01111000000000000000000000000000,Unknown : 0.0 percent [PASSED],"Average misfire counts for last ten driving cycles : 0.0 count [PASSED]
Misfire counts for last/current driving cycles : 0.0 count [PASSED]","Average misfire counts for last ten driving cycles : 0.0 count [PASSED]
Misfire counts for last/current driving cycles : 0.0 count [PASSED]","Average misfire counts for last ten driving cycles : 0.0 count [PASSED]
Misfire counts for last/current driving cycles : 0.0 count [PASSED]","Average misfire counts for last ten driving cycles : 0.0 count [PASSED]
Misfire counts for last/current driving cycles : 0.0 count [PASSED]","Unknown : 0.0 count [PASSED]
Unknown : 0.0 count [PASSED]
Unknown : 0.0 ratio [PASSED]
Unknown : 0.0 millisecond [PASSED]","Rich to lean sensor switch time : 0.0 millisecond [PASSED]
Unknown : 0.0 millivolt [PASSED]
Unknown : 0.0 millivolt [PASSED]",Unknown : -40.0 degree_Celsius [PASSED],Unknown : 0.0 ohm [PASSED],Unknown : 0.0 count [PASSED],"Unknown : 0.0 degree [PASSED]
Unknown : 0.0 degree [PASSED]
Unknown : 0.0 degree [PASSED]
Unknown : 0.0 degree [PASSED]",0.74 volt,-0.01953125 milliampere,"((), (False, False, False, False), (False, False, True, True))",India OBD II (IOBD II),0101010001000000000000000000000000000000,10111110001111101010100000010011,10000000000001111011000000010001,11111110110100001000010000000001,22.352941176470587 percent,1857.5 revolutions_per_minute,1286.0 second,-0.78125 percent,86.0 kilometer_per_hour,<obd.OBDResponse.Status object at 0x79ab2c1fe920>,<obd.OBDResponse.Status object at 0x79ab2c1fe9e0>,29.019607843137255 percent,32.94117647058823 percent,32.94117647058823 percent,7.5 degree,bytearray(b'MEXKRDPA7NG020286'),0.0 count,2025-04-28 15:06:14,2025-04-28 15:06:20,2025-04-28 15:06:14,Signal Acquired,15.399386,73.909458,0.85,1.0,9.33,-0.05,0.21,-0.02,NO
,,,,,,,,,,,,,,,,,,,,,,,,,,,,,,,,,,,,,,,,,,,,,,,,,,,,,,,,,,,,,,,,,,,,,,,,,,,,,,,,,,,,,,,,,,,,,,,,,,,,,,,,,2025-04-28 15:06:14,Signal Acquired,15.399386,73.909458,-0.9,0.49,10.33,-0.0,-0.16,0.02,NO
,,,,,,,,,,,,,,,,,,,,,,,,,,,,,,,,,,,,,,,,,,,,,,,,,,,,,,,,,,,,,,,,,,,,,,,,,,,,,,,,,,,,,,,,,,,,,,,,,,,,,,,,,2025-04-28 15:06:14,Signal Acquired,15.3996,73.909329,0.62,1.11,10.92,-0.01,0.21,-0.05,NO
69.41176470588235 percent,32.94117647058823 percent,32.94117647058823 percent,33 degree_Celsius,100 kilopascal,bytearray(b'5E018DD3844BEA'),595.9000000000001 degree_Celsius,,,,,,0.0 kilometer,0.0 kilometer,,,,,,,,,,,,,,,,,,,,,,,,,,,,,,,,,,,,,,,ELM327 v1.5,12.6 volt,43.92156862745098 percent,98.03921568627452 percent,89.80392156862744 percent,"('Closed loop, using oxygen sensor feedback to determine fuel mix', '')",Gasoline,[],[],101 kilopascal,47 degree_Celsius,1.5625 percent,0.0 percent,11000000000000000000000000000001,10000000000000000000100000001001,11000000000000000000000000000001,1.0,1.0,01111000000000000000000000000000,Unknown : 0.0 percent [PASSED],"Average misfire counts for last ten driving cycles : 0.0 count [PASSED]
Misfire counts for last/current driving cycles : 0.0 count [PASSED]","Average misfire counts for last ten driving cycles : 0.0 count [PASSED]
Misfire counts for last/current driving cycles : 0.0 count [PASSED]","Average misfire counts for last ten driving cycles : 0.0 count [PASSED]
Misfire counts for last/current driving cycles : 0.0 count [PASSED]","Average misfire counts for last ten driving cycles : 0.0 count [PASSED]
Misfire counts for last/current driving cycles : 0.0 count [PASSED]","Unknown : 0.0 count [PASSED]
Unknown : 0.0 count [PASSED]
Unknown : 0.0 ratio [PASSED]
Unknown : 0.0 millisecond [PASSED]","Rich to lean sensor switch time : 0.0 millisecond [PASSED]
Unknown : 0.0 millivolt [PASSED]
Unknown : 0.0 millivolt [PASSED]",Unknown : -40.0 degree_Celsius [PASSED],Unknown : 0.0 ohm [PASSED],Unknown : 0.0 count [PASSED],"Unknown : 0.0 degree [PASSED]
Unknown : 0.0 degree [PASSED]
Unknown : 0.0 degree [PASSED]
Unknown : 0.0 degree [PASSED]",0.765 volt,-0.0078125 milliampere,"((), (False, False, False, False), (False, False, True, True))",India OBD II (IOBD II),0101010001000000000000000000000000000000,10111110001111101010100000010011,10000000000001111011000000010001,11111110110100001000010000000001,20.392156862745097 percent,1936.0 revolutions_per_minute,1293.0 second,-0.78125 percent,89.0 kilometer_per_hour,<obd.OBDResponse.Status object at 0x79ab2c228af0>,<obd.OBDResponse.Status object at 0x79ab2c228bb0>,26.666666666666668 percent,30.980392156862745 percent,31.372549019607842 percent,9.5 degree,bytearray(b'MEXKRDPA7NG020286'),0.0 count,2025-04-28 15:06:21,2025-04-28 15:06:27,2025-04-28 15:06:21,Signal Acquired,15.3996,73.909329,4.61,0.23,6.31,-0.01,-0.1,0.05,NO
,,,,,,,,,,,,,,,,,,,,,,,,,,,,,,,,,,,,,,,,,,,,,,,,,,,,,,,,,,,,,,,,,,,,,,,,,,,,,,,,,,,,,,,,,,,,,,,,,,,,,,,,,2025-04-28 15:06:21,Signal Acquired,15.399815,73.909202,-2.56,-0.06,10.79,-0.04,-0.0,0.01,NO
,,,,,,,,,,,,,,,,,,,,,,,,,,,,,,,,,,,,,,,,,,,,,,,,,,,,,,,,,,,,,,,,,,,,,,,,,,,,,,,,,,,,,,,,,,,,,,,,,,,,,,,,,2025-04-28 15:06:21,Signal Acquired,15.399815,73.909202,0.46,0.22,8.35,-0.1,0.06,0.03,NO
68.23529411764706 percent,32.94117647058823 percent,32.94117647058823 percent,33 degree_Celsius,100 kilopascal,bytearray(b'5E018DD3844BEA'),601.5 degree_Celsius,,,,,,0.0 kilometer,0.0 kilometer,,,,,,,,,,,,,,,,,,,,,,,,,,,,,,,,,,,,,,,ELM327 v1.5,12.5 volt,43.92156862745098 percent,98.03921568627452 percent,89.80392156862744 percent,"('Closed loop, using oxygen sensor feedback to determine fuel mix', '')",Gasoline,[],[],101 kilopascal,47 degree_Celsius,1.5625 percent,0.0 percent,11000000000000000000000000000001,10000000000000000000100000001001,11000000000000000000000000000001,1.0,1.0,01111000000000000000000000000000,Unknown : 0.0 percent [PASSED],"Average misfire counts for last ten driving cycles : 0.0 count [PASSED]
Misfire counts for last/current driving cycles : 0.0 count [PASSED]","Average misfire counts for last ten driving cycles : 0.0 count [PASSED]
Misfire counts for last/current driving cycles : 0.0 count [PASSED]","Average misfire counts for last ten driving cycles : 0.0 count [PASSED]
Misfire counts for last/current driving cycles : 0.0 count [PASSED]","Average misfire counts for last ten driving cycles : 0.0 count [PASSED]
Misfire counts for last/current driving cycles : 0.0 count [PASSED]","Unknown : 0.0 count [PASSED]
Unknown : 0.0 count [PASSED]
Unknown : 0.0 ratio [PASSED]
Unknown : 0.0 millisecond [PASSED]","Rich to lean sensor switch time : 0.0 millisecond [PASSED]
Unknown : 0.0 millivolt [PASSED]
Unknown : 0.0 millivolt [PASSED]",Unknown : -40.0 degree_Celsius [PASSED],Unknown : 0.0 ohm [PASSED],Unknown : 0.0 count [PASSED],"Unknown : 0.0 degree [PASSED]
Unknown : 0.0 degree [PASSED]
Unknown : 0.0 degree [PASSED]
Unknown : 0.0 degree [PASSED]",0.75 volt,-0.01953125 milliampere,"((), (False, False, False, False), (False, False, True, True))",India OBD II (IOBD II),0101010001000000000000000000000000000000,10111110001111101010100000010011,10000000000001111011000000010001,11111110110100001000010000000001,14.509803921568627 percent,1987.0 revolutions_per_minute,1301.0 second,-2.34375 percent,92.0 kilometer_per_hour,<obd.OBDResponse.Status object at 0x79ab2c232c80>,<obd.OBDResponse.Status object at 0x79ab2c232d40>,19.215686274509803 percent,25.098039215686274 percent,25.49019607843137 percent,13.5 degree,bytearray(b'MEXKRDPA7NG020286'),0.0 count,2025-04-28 15:06:28,2025-04-28 15:06:34,2025-04-28 15:06:28,Signal Acquired,15.400027,73.909075,-2.84,1.47,10.62,-0.13,0.17,-0.01,NO
,,,,,,,,,,,,,,,,,,,,,,,,,,,,,,,,,,,,,,,,,,,,,,,,,,,,,,,,,,,,,,,,,,,,,,,,,,,,,,,,,,,,,,,,,,,,,,,,,,,,,,,,,2025-04-28 15:06:28,Signal Acquired,15.400027,73.909075,2.34,1.03,7.79,0.03,-0.13,0.03,NO
,,,,,,,,,,,,,,,,,,,,,,,,,,,,,,,,,,,,,,,,,,,,,,,,,,,,,,,,,,,,,,,,,,,,,,,,,,,,,,,,,,,,,,,,,,,,,,,,,,,,,,,,,2025-04-28 15:06:28,Signal Acquired,15.400237,73.908945,-0.62,-0.11,8.84,-0.17,0.02,0.0,NO
58.03921568627451 percent,32.94117647058823 percent,32.549019607843135 percent,33 degree_Celsius,100 kilopascal,bytearray(b'5E018DD3844BEA'),603.3000000000001 degree_Celsius,,,,,,0.0 kilometer,0.0 kilometer,,,,,,,,,,,,,,,,,,,,,,,,,,,,,,,,,,,,,,,ELM327 v1.5,12.4 volt,39.6078431372549 percent,98.43137254901961 percent,89.80392156862744 percent,"('Closed loop, using oxygen sensor feedback to determine fuel mix', '')",Gasoline,[],[],99 kilopascal,47 degree_Celsius,1.5625 percent,0.0 percent,11000000000000000000000000000001,10000000000000000000100000001001,11000000000000000000000000000001,1.0,1.0,01111000000000000000000000000000,Unknown : 0.0 percent [PASSED],"Average misfire counts for last ten driving cycles : 0.0 count [PASSED]
Misfire counts for last/current driving cycles : 0.0 count [PASSED]","Average misfire counts for last ten driving cycles : 0.0 count [PASSED]
Misfire counts for last/current driving cycles : 0.0 count [PASSED]","Average misfire counts for last ten driving cycles : 0.0 count [PASSED]
Misfire counts for last/current driving cycles : 0.0 count [PASSED]","Average misfire counts for last ten driving cycles : 0.0 count [PASSED]
Misfire counts for last/current driving cycles : 0.0 count [PASSED]","Unknown : 0.0 count [PASSED]
Unknown : 0.0 count [PASSED]
Unknown : 0.0 ratio [PASSED]
Unknown : 0.0 millisecond [PASSED]","Rich to lean sensor switch time : 0.0 millisecond [PASSED]
Unknown : 0.0 millivolt [PASSED]
Unknown : 0.0 millivolt [PASSED]",Unknown : -40.0 degree_Celsius [PASSED],Unknown : 0.0 ohm [PASSED],Unknown : 0.0 count [PASSED],"Unknown : 0.0 degree [PASSED]
Unknown : 0.0 degree [PASSED]
Unknown : 0.0 degree [PASSED]
Unknown : 0.0 degree [PASSED]",0.745 volt,-0.015625 milliampere,"((), (False, False, False, False), (False, False, True, True))",India OBD II (IOBD II),0101010001000000000000000000000000000000,10111110001111101010100000010011,10000000000001111011000000010001,11111110110100001000010000000001,21.176470588235293 percent,2014.5 revolutions_per_minute,1308.0 second,-0.78125 percent,93.0 kilometer_per_hour,<obd.OBDResponse.Status object at 0x79ab2c2652d0>,<obd.OBDResponse.Status object at 0x79ab2c265390>,27.45098039215686 percent,31.764705882352942 percent,32.15686274509804 percent,10.5 degree,bytearray(b'MEXKRDPA7NG020286'),0.0 count,2025-04-28 15:06:36,2025-04-28 15:06:41,2025-04-28 15:06:36,Signal Acquired,15.400237,73.908945,3.05,0.71,7.61,0.02,-0.17,0.0,NO
,,,,,,,,,,,,,,,,,,,,,,,,,,,,,,,,,,,,,,,,,,,,,,,,,,,,,,,,,,,,,,,,,,,,,,,,,,,,,,,,,,,,,,,,,,,,,,,,,,,,,,,,,2025-04-28 15:06:36,Signal Acquired,15.400446,73.908816,-1.2,0.97,10.07,-0.05,-0.08,-0.01,NO
,,,,,,,,,,,,,,,,,,,,,,,,,,,,,,,,,,,,,,,,,,,,,,,,,,,,,,,,,,,,,,,,,,,,,,,,,,,,,,,,,,,,,,,,,,,,,,,,,,,,,,,,,2025-04-28 15:06:36,Signal Acquired,15.400446,73.908816,4.29,-0.55,9.49,-0.3,-0.17,0.03,NO
69.01960784313725 percent,33.333333333333336 percent,33.333333333333336 percent,32 degree_Celsius,100 kilopascal,bytearray(b'5E018DD3844BEA'),604.3000000000001 degree_Celsius,,,,,,0.0 kilometer,0.0 kilometer,,,,,,,,,,,,,,,,,,,,,,,,,,,,,,,,,,,,,,,ELM327 v1.5,12.5 volt,43.92156862745098 percent,98.43137254901961 percent,89.80392156862744 percent,"('Closed loop, using oxygen sensor feedback to determine fuel mix', '')",Gasoline,[],[],100 kilopascal,46 degree_Celsius,1.5625 percent,0.0 percent,11000000000000000000000000000001,10000000000000000000100000001001,11000000000000000000000000000001,1.0,1.0,01111000000000000000000000000000,Unknown : 0.0 percent [PASSED],"Average misfire counts for last ten driving cycles : 0.0 count [PASSED]
Misfire counts for last/current driving cycles : 0.0 count [PASSED]","Average misfire counts for last ten driving cycles : 0.0 count [PASSED]
Misfire counts for last/current driving cycles : 0.0 count [PASSED]","Average misfire counts for last ten driving cycles : 0.0 count [PASSED]
Misfire counts for last/current driving cycles : 0.0 count [PASSED]","Average misfire counts for last ten driving cycles : 0.0 count [PASSED]
Misfire counts for last/current driving cycles : 0.0 count [PASSED]","Unknown : 0.0 count [PASSED]
Unknown : 0.0 count [PASSED]
Unknown : 0.0 ratio [PASSED]
Unknown : 0.0 millisecond [PASSED]","Rich to lean sensor switch time : 0.0 millisecond [PASSED]
Unknown : 0.0 millivolt [PASSED]
Unknown : 0.0 millivolt [PASSED]",Unknown : -40.0 degree_Celsius [PASSED],Unknown : 0.0 ohm [PASSED],Unknown : 0.0 count [PASSED],"Unknown : 0.0 degree [PASSED]
Unknown : 0.0 degree [PASSED]
Unknown : 0.0 degree [PASSED]
Unknown : 0.0 degree [PASSED]",0.74 volt,-0.01171875 milliampere,"((), (False, False, False, False), (False, False, True, True))",India OBD II (IOBD II),0101010001000000000000000000000000000000,10111110001111101010100000010011,10000000000001111011000000010001,11111110110100001000010000000001,20.392156862745097 percent,1910.5 revolutions_per_minute,1316.0 second,-0.78125 percent,88.0 kilometer_per_hour,<obd.OBDResponse.Status object at 0x79ab2c082da0>,<obd.OBDResponse.Status object at 0x79ab2c082e60>,26.666666666666668 percent,30.980392156862745 percent,31.372549019607842 percent,9.0 degree,bytearray(b'MEXKRDPA7NG020286'),0.0 count,2025-04-28 15:06:43,2025-04-28 15:06:49,2025-04-28 15:06:43,Signal Acquired,15.400655,73.908691,3.55,0.06,8.88,-0.12,0.25,-0.02,NO
,,,,,,,,,,,,,,,,,,,,,,,,,,,,,,,,,,,,,,,,,,,,,,,,,,,,,,,,,,,,,,,,,,,,,,,,,,,,,,,,,,,,,,,,,,,,,,,,,,,,,,,,,2025-04-28 15:06:43,Signal Acquired,15.400655,73.908691,1.51,1.55,10.41,0.09,-0.12,-0.01,NO
,,,,,,,,,,,,,,,,,,,,,,,,,,,,,,,,,,,,,,,,,,,,,,,,,,,,,,,,,,,,,,,,,,,,,,,,,,,,,,,,,,,,,,,,,,,,,,,,,,,,,,,,,2025-04-28 15:06:43,Signal Acquired,15.400865,73.908571,2.9,0.5,8.5,-0.01,-0.31,-0.0,NO
68.62745098039215 percent,32.94117647058823 percent,32.94117647058823 percent,32 degree_Celsius,100 kilopascal,bytearray(b'5E018DD3844BEA'),607.4000000000001 degree_Celsius,,,,,,0.0 kilometer,0.0 kilometer,,,,,,,,,,,,,,,,,,,,,,,,,,,,,,,,,,,,,,,ELM327 v1.5,12.6 volt,43.529411764705884 percent,98.03921568627452 percent,89.80392156862744 percent,"('Closed loop, using oxygen sensor feedback to determine fuel mix', '')",Gasoline,[],[],100 kilopascal,46 degree_Celsius,1.5625 percent,0.0 percent,11000000000000000000000000000001,10000000000000000000100000001001,11000000000000000000000000000001,1.0,1.0,01111000000000000000000000000000,Unknown : 0.0 percent [PASSED],"Average misfire counts for last ten driving cycles : 0.0 count [PASSED]
Misfire counts for last/current driving cycles : 0.0 count [PASSED]","Average misfire counts for last ten driving cycles : 0.0 count [PASSED]
Misfire counts for last/current driving cycles : 0.0 count [PASSED]","Average misfire counts for last ten driving cycles : 0.0 count [PASSED]
Misfire counts for last/current driving cycles : 0.0 count [PASSED]","Average misfire counts for last ten driving cycles : 0.0 count [PASSED]
Misfire counts for last/current driving cycles : 0.0 count [PASSED]","Unknown : 0.0 count [PASSED]
Unknown : 0.0 count [PASSED]
Unknown : 0.0 ratio [PASSED]
Unknown : 0.0 millisecond [PASSED]","Rich to lean sensor switch time : 0.0 millisecond [PASSED]
Unknown : 0.0 millivolt [PASSED]
Unknown : 0.0 millivolt [PASSED]",Unknown : -40.0 degree_Celsius [PASSED],Unknown : 0.0 ohm [PASSED],Unknown : 0.0 count [PASSED],"Unknown : 0.0 degree [PASSED]
Unknown : 0.0 degree [PASSED]
Unknown : 0.0 degree [PASSED]
Unknown : 0.0 degree [PASSED]",0.75 volt,-0.0390625 milliampere,"((), (False, False, False, False), (False, False, True, True))",India OBD II (IOBD II),0101010001000000000000000000000000000000,10111110001111101010100000010011,10000000000001111011000000010001,11111110110100001000010000000001,3.5294117647058822 percent,1789.5 revolutions_per_minute,1323.0 second,-8.59375 percent,82.0 kilometer_per_hour,<obd.OBDResponse.Status object at 0x79ab2c0b53f0>,<obd.OBDResponse.Status object at 0x79ab2c0b54b0>,5.490196078431373 percent,14.901960784313726 percent,16.07843137254902 percent,6.5 degree,bytearray(b'MEXKRDPA7NG020286'),0.0 count,2025-04-28 15:06:50,2025-04-28 15:06:56,2025-04-28 15:06:50,Signal Acquired,15.400865,73.908571,0.7,1.06,10.49,0.01,0.28,-0.06,NO
,,,,,,,,,,,,,,,,,,,,,,,,,,,,,,,,,,,,,,,,,,,,,,,,,,,,,,,,,,,,,,,,,,,,,,,,,,,,,,,,,,,,,,,,,,,,,,,,,,,,,,,,,2025-04-28 15:06:50,Signal Acquired,15.401076,73.908459,7.07,0.38,11.19,-0.18,-0.37,-0.01,NO
,,,,,,,,,,,,,,,,,,,,,,,,,,,,,,,,,,,,,,,,,,,,,,,,,,,,,,,,,,,,,,,,,,,,,,,,,,,,,,,,,,,,,,,,,,,,,,,,,,,,,,,,,2025-04-28 15:06:50,Signal Acquired,15.401076,73.908459,1.34,1.27,9.34,-0.17,0.18,0.03,NO
79.6078431372549 percent,47.450980392156865 percent,47.84313725490196 percent,32 degree_Celsius,100 kilopascal,bytearray(b'5E018DD3844BEA'),599.9000000000001 degree_Celsius,,,,,,,0.0 kilometer,,,,,,,,,,,,,,,,,,,,,,,,,,,,,,,,,,,,,,,ELM327 v1.5,12.5 volt,64.70588235294117 percent,98.43137254901961 percent,89.80392156862744 percent,"('Closed loop, using oxygen sensor feedback to determine fuel mix', '')",Gasoline,[],[],126 kilopascal,46 degree_Celsius,2.34375 percent,0.0 percent,11000000000000000000000000000001,10000000000000000000100000001001,11000000000000000000000000000001,1.0,1.0,01111000000000000000000000000000,Unknown : 0.0 percent [PASSED],"Average misfire counts for last ten driving cycles : 0.0 count [PASSED]
Misfire counts for last/current driving cycles : 0.0 count [PASSED]","Average misfire counts for last ten driving cycles : 0.0 count [PASSED]
Misfire counts for last/current driving cycles : 0.0 count [PASSED]","Average misfire counts for last ten driving cycles : 0.0 count [PASSED]
Misfire counts for last/current driving cycles : 0.0 count [PASSED]","Average misfire counts for last ten driving cycles : 0.0 count [PASSED]
Misfire counts for last/current driving cycles : 0.0 count [PASSED]","Unknown : 0.0 count [PASSED]
Unknown : 0.0 count [PASSED]
Unknown : 0.0 ratio [PASSED]
Unknown : 0.0 millisecond [PASSED]","Rich to lean sensor switch time : 0.0 millisecond [PASSED]
Unknown : 0.0 millivolt [PASSED]
Unknown : 0.0 millivolt [PASSED]",Unknown : -40.0 degree_Celsius [PASSED],Unknown : 0.0 ohm [PASSED],Unknown : 0.0 count [PASSED],"Unknown : 0.0 degree [PASSED]
Unknown : 0.0 degree [PASSED]
Unknown : 0.0 degree [PASSED]
Unknown : 0.0 degree [PASSED]",0.715 volt,-0.03515625 milliampere,"((), (False, False, False, False), (False, False, True, True))",India OBD II (IOBD II),0101010001000000000000000000000000000000,10111110001111101010100000010011,10000000000001111011000000010001,11111110110100001000010000000001,4.313725490196078 percent,1725.5 revolutions_per_minute,1330.0 second,0.0 percent,80.0 kilometer_per_hour,<obd.OBDResponse.Status object at 0x79ab2c0cf490>,<obd.OBDResponse.Status object at 0x79ab2c0cf550>,4.705882352941177 percent,14.117647058823529 percent,14.117647058823529 percent,-10.0 degree,bytearray(b'MEXKRDPA7NG020286'),0.0 count,2025-04-28 15:06:57,2025-04-28 15:07:03,2025-04-28 15:06:57,Signal Acquired,15.401289,73.908356,3.36,0.01,10.11,0.03,-0.07,-0.08,NO
,,,,,,,,,,,,,,,,,,,,,,,,,,,,,,,,,,,,,,,,,,,,,,,,,,,,,,,,,,,,,,,,,,,,,,,,,,,,,,,,,,,,,,,,,,,,,,,,,,,,,,,,,2025-04-28 15:06:57,Signal Acquired,15.401289,73.908356,1.72,0.05,9.56,0.0,-0.06,-0.03,NO
,,,,,,,,,,,,,,,,,,,,,,,,,,,,,,,,,,,,,,,,,,,,,,,,,,,,,,,,,,,,,,,,,,,,,,,,,,,,,,,,,,,,,,,,,,,,,,,,,,,,,,,,,2025-04-28 15:06:57,Signal Acquired,15.401505,73.908264,-2.58,1.77,10.86,-0.02,0.13,-0.02,NO
17.254901960784313 percent,14.901960784313726 percent,14.901960784313726 percent,32 degree_Celsius,100 kilopascal,bytearray(b'5E018DD3844BEA'),609.9000000000001 degree_Celsius,,,,,,,0.0 kilometer,,,,,,,,,,,,,,,,,,,,,,,,,,,,,,,,,,,,,,,ELM327 v1.5,14.1 volt,0.0 percent,0.0 percent,89.80392156862744 percent,"('Open loop due to engine load OR fuel cut due to deceleration', '')",Gasoline,[],[],28 kilopascal,48 degree_Celsius,0.78125 percent,0.0 percent,11000000000000000000000000000001,10000000000000000000100000001001,11000000000000000000000000000001,1.0,1.0,01111000000000000000000000000000,Unknown : 0.0 percent [PASSED],"Average misfire counts for last ten driving cycles : 0.0 count [PASSED]
Misfire counts for last/current driving cycles : 0.0 count [PASSED]","Average misfire counts for last ten driving cycles : 0.0 count [PASSED]
Misfire counts for last/current driving cycles : 0.0 count [PASSED]","Average misfire counts for last ten driving cycles : 0.0 count [PASSED]
Misfire counts for last/current driving cycles : 0.0 count [PASSED]","Average misfire counts for last ten driving cycles : 0.0 count [PASSED]
Misfire counts for last/current driving cycles : 0.0 count [PASSED]","Unknown : 0.0 count [PASSED]
Unknown : 0.0 count [PASSED]
Unknown : 0.0 ratio [PASSED]
Unknown : 0.0 millisecond [PASSED]","Rich to lean sensor switch time : 0.0 millisecond [PASSED]
Unknown : 0.0 millivolt [PASSED]
Unknown : 0.0 millivolt [PASSED]",Unknown : -40.0 degree_Celsius [PASSED],Unknown : 0.0 ohm [PASSED],Unknown : 0.0 count [PASSED],"Unknown : 0.0 degree [PASSED]
Unknown : 0.0 degree [PASSED]
Unknown : 0.0 degree [PASSED]
Unknown : 0.0 degree [PASSED]",0.005 volt,1.23046875 milliampere,"((), (False, False, False, False), (False, False, True, True))",India OBD II (IOBD II),0101010001000000000000000000000000000000,10111110001111101010100000010011,10000000000001111011000000010001,11111110110100001000010000000001,1.5686274509803921 percent,1122.0 revolutions_per_minute,1337.0 second,0.0 percent,51.0 kilometer_per_hour,<obd.OBDResponse.Status object at 0x79ab2c0f53f0>,<obd.OBDResponse.Status object at 0x79ab2c0f54b0>,3.1372549019607843 percent,12.549019607843137 percent,12.941176470588236 percent,0.5 degree,bytearray(b'MEXKRDPA7NG020286'),0.0 count,2025-04-28 15:07:04,2025-04-28 15:07:10,2025-04-28 15:07:04,Signal Acquired,15.401505,73.908264,1.89,0.65,9.27,0.06,-0.02,-0.03,NO
,,,,,,,,,,,,,,,,,,,,,,,,,,,,,,,,,,,,,,,,,,,,,,,,,,,,,,,,,,,,,,,,,,,,,,,,,,,,,,,,,,,,,,,,,,,,,,,,,,,,,,,,,2025-04-28 15:07:04,Signal Acquired,15.401722,73.908184,3.11,0.12,9.16,-0.05,-0.08,-0.05,NO
,,,,,,,,,,,,,,,,,,,,,,,,,,,,,,,,,,,,,,,,,,,,,,,,,,,,,,,,,,,,,,,,,,,,,,,,,,,,,,,,,,,,,,,,,,,,,,,,,,,,,,,,,2025-04-28 15:07:04,Signal Acquired,15.401722,73.908184,4.66,-0.06,8.88,0.03,-0.08,-0.06,NO
77.25490196078431 percent,38.03921568627451 percent,37.64705882352941 percent,32 degree_Celsius,100 kilopascal,bytearray(b'5E018DD3844BEA'),590.2 degree_Celsius,,,,,,0.0 kilometer,0.0 kilometer,,,,,,,,,,,,,,,,,,,,,,,,,,,,,,,,,,,,,,,ELM327 v1.5,12.5 volt,86.66666666666667 percent,73.33333333333333 percent,89.80392156862744 percent,"('Closed loop, using oxygen sensor feedback to determine fuel mix', '')",Gasoline,[],[],103 kilopascal,48 degree_Celsius,1.5625 percent,0.0 percent,11000000000000000000000000000001,10000000000000000000100000001001,11000000000000000000000000000001,1.0,1.0,01111000000000000000000000000000,Unknown : 0.0 percent [PASSED],"Average misfire counts for last ten driving cycles : 0.0 count [PASSED]
Misfire counts for last/current driving cycles : 0.0 count [PASSED]","Average misfire counts for last ten driving cycles : 0.0 count [PASSED]
Misfire counts for last/current driving cycles : 0.0 count [PASSED]","Average misfire counts for last ten driving cycles : 0.0 count [PASSED]
Misfire counts for last/current driving cycles : 0.0 count [PASSED]","Average misfire counts for last ten driving cycles : 0.0 count [PASSED]
Misfire counts for last/current driving cycles : 0.0 count [PASSED]","Unknown : 0.0 count [PASSED]
Unknown : 0.0 count [PASSED]
Unknown : 0.0 ratio [PASSED]
Unknown : 0.0 millisecond [PASSED]","Rich to lean sensor switch time : 0.0 millisecond [PASSED]
Unknown : 0.0 millivolt [PASSED]
Unknown : 0.0 millivolt [PASSED]",Unknown : -40.0 degree_Celsius [PASSED],Unknown : 0.0 ohm [PASSED],Unknown : 0.0 count [PASSED],"Unknown : 0.0 degree [PASSED]
Unknown : 0.0 degree [PASSED]
Unknown : 0.0 degree [PASSED]
Unknown : 0.0 degree [PASSED]",0.745 volt,-0.0234375 milliampere,"((), (False, False, False, False), (False, False, True, True))",India OBD II (IOBD II),0101010001000000000000000000000000000000,10111110001111101010100000010011,10000000000001111011000000010001,11111110110100001000010000000001,48.23529411764706 percent,931.5 revolutions_per_minute,1345.0 second,1.5625 percent,43.0 kilometer_per_hour,<obd.OBDResponse.Status object at 0x79ab2c10ba90>,<obd.OBDResponse.Status object at 0x79ab2c10bb50>,7.0588235294117645 percent,15.686274509803921 percent,14.901960784313726 percent,9.0 degree,bytearray(b'MEXKRDPA7NG020286'),0.0 count,2025-04-28 15:07:12,2025-04-28 15:07:18,2025-04-28 15:07:12,Signal Acquired,15.401942,73.908111,1.34,1.68,9.35,-0.02,-0.04,-0.03,NO
,,,,,,,,,,,,,,,,,,,,,,,,,,,,,,,,,,,,,,,,,,,,,,,,,,,,,,,,,,,,,,,,,,,,,,,,,,,,,,,,,,,,,,,,,,,,,,,,,,,,,,,,,2025-04-28 15:07:12,Signal Acquired,15.401942,73.908111,1.81,0.74,7.94,0.03,-0.14,-0.04,NO
,,,,,,,,,,,,,,,,,,,,,,,,,,,,,,,,,,,,,,,,,,,,,,,,,,,,,,,,,,,,,,,,,,,,,,,,,,,,,,,,,,,,,,,,,,,,,,,,,,,,,,,,,2025-04-28 15:07:12,Signal Acquired,15.40216,73.908047,0.73,1.39,10.04,-0.03,0.06,-0.05,NO
31.764705882352942 percent,24.705882352941178 percent,26.666666666666668 percent,33 degree_Celsius,100 kilopascal,bytearray(b'5E018DD3844BEA'),572.5 degree_Celsius,,,,,,0.0 kilometer,0.0 kilometer,,,,,,,,,,,,,,,,,,,,,,,,,,,,,,,,,,,,,,,ELM327 v1.5,12.5 volt,100.0 percent,73.33333333333333 percent,89.80392156862744 percent,"('Closed loop, using oxygen sensor feedback to determine fuel mix', '')",Gasoline,[],[],103 kilopascal,48 degree_Celsius,1.5625 percent,0.0 percent,11000000000000000000000000000001,10000000000000000000100000001001,11000000000000000000000000000001,1.0,1.0,01111000000000000000000000000000,Unknown : 0.0 percent [PASSED],"Average misfire counts for last ten driving cycles : 0.0 count [PASSED]
Misfire counts for last/current driving cycles : 0.0 count [PASSED]","Average misfire counts for last ten driving cycles : 0.0 count [PASSED]
Misfire counts for last/current driving cycles : 0.0 count [PASSED]","Average misfire counts for last ten driving cycles : 0.0 count [PASSED]
Misfire counts for last/current driving cycles : 0.0 count [PASSED]","Average misfire counts for last ten driving cycles : 0.0 count [PASSED]
Misfire counts for last/current driving cycles : 0.0 count [PASSED]","Unknown : 0.0 count [PASSED]
Unknown : 0.0 count [PASSED]
Unknown : 0.0 ratio [PASSED]
Unknown : 0.0 millisecond [PASSED]","Rich to lean sensor switch time : 0.0 millisecond [PASSED]
Unknown : 0.0 millivolt [PASSED]
Unknown : 0.0 millivolt [PASSED]",Unknown : -40.0 degree_Celsius [PASSED],Unknown : 0.0 ohm [PASSED],Unknown : 0.0 count [PASSED],"Unknown : 0.0 degree [PASSED]
Unknown : 0.0 degree [PASSED]
Unknown : 0.0 degree [PASSED]
Unknown : 0.0 degree [PASSED]",0.695 volt,-0.02734375 milliampere,"((), (False, False, False, False), (False, False, True, True))",India OBD II (IOBD II),0101010001000000000000000000000000000000,10111110001111101010100000010011,10000000000001111011000000010001,11111110110100001000010000000001,49.80392156862745 percent,776.5 revolutions_per_minute,1352.0 second,0.78125 percent,36.0 kilometer_per_hour,<obd.OBDResponse.Status object at 0x79ab2c13d5a0>,<obd.OBDResponse.Status object at 0x79ab2c13d660>,63.529411764705884 percent,60.0 percent,60.0 percent,-3.0 degree,bytearray(b'MEXKRDPA7NG020286'),0.0 count,2025-04-28 15:07:19,2025-04-28 15:07:25,2025-04-28 15:07:19,Signal Acquired,15.40216,73.908047,-0.46,1.33,10.52,-0.01,0.05,-0.03,NO
,,,,,,,,,,,,,,,,,,,,,,,,,,,,,,,,,,,,,,,,,,,,,,,,,,,,,,,,,,,,,,,,,,,,,,,,,,,,,,,,,,,,,,,,,,,,,,,,,,,,,,,,,2025-04-28 15:07:19,Signal Acquired,15.402377,73.907991,1.36,0.98,10.19,0.02,0.05,-0.04,NO
,,,,,,,,,,,,,,,,,,,,,,,,,,,,,,,,,,,,,,,,,,,,,,,,,,,,,,,,,,,,,,,,,,,,,,,,,,,,,,,,,,,,,,,,,,,,,,,,,,,,,,,,,2025-04-28 15:07:19,Signal Acquired,15.402377,73.907991,1.01,0.64,9.95,-0.02,-0.01,-0.01,NO
76.86274509803921 percent,14.509803921568627 percent,14.901960784313726 percent,33 degree_Celsius,100 kilopascal,bytearray(b'5E018DD3844BEA'),560.1 degree_Celsius,,,,,,0.0 kilometer,0.0 kilometer,,,,,,,,,,,,,,,,,,,,,,,,,,,,,,,,,,,,,,,ELM327 v1.5,12.5 volt,33.72549019607843 percent,0.0 percent,89.80392156862744 percent,"('Closed loop, using oxygen sensor feedback to determine fuel mix', '')",Gasoline,[],[],98 kilopascal,48 degree_Celsius,1.5625 percent,0.0 percent,11000000000000000000000000000001,10000000000000000000100000001001,11000000000000000000000000000001,1.0,1.0,01111000000000000000000000000000,Unknown : 0.0 percent [PASSED],"Average misfire counts for last ten driving cycles : 0.0 count [PASSED]
Misfire counts for last/current driving cycles : 0.0 count [PASSED]","Average misfire counts for last ten driving cycles : 0.0 count [PASSED]
Misfire counts for last/current driving cycles : 1.0 count [PASSED]","Average misfire counts for last ten driving cycles : 0.0 count [PASSED]
Misfire counts for last/current driving cycles : 0.0 count [PASSED]","Average misfire counts for last ten driving cycles : 0.0 count [PASSED]
Misfire counts for last/current driving cycles : 0.0 count [PASSED]","Unknown : 0.0 count [PASSED]
Unknown : 0.0 count [PASSED]
Unknown : 0.0 ratio [PASSED]
Unknown : 0.0 millisecond [PASSED]","Rich to lean sensor switch time : 0.0 millisecond [PASSED]
Unknown : 0.0 millivolt [PASSED]
Unknown : 0.0 millivolt [PASSED]",Unknown : -40.0 degree_Celsius [PASSED],Unknown : 0.0 ohm [PASSED],Unknown : 0.0 count [PASSED],"Unknown : 0.0 degree [PASSED]
Unknown : 0.0 degree [PASSED]
Unknown : 0.0 degree [PASSED]
Unknown : 0.0 degree [PASSED]",0.675 volt,-0.02734375 milliampere,"((), (False, False, False, False), (False, False, True, True))",India OBD II (IOBD II),0101010001000000000000000000000000000000,10111110001111101010100000010011,10000000000001111011000000010001,11111110110100001000010000000001,77.25490196078431 percent,1504.0 revolutions_per_minute,1359.0 second,-0.78125 percent,34.0 kilometer_per_hour,<obd.OBDResponse.Status object at 0x79ab2c157bb0>,<obd.OBDResponse.Status object at 0x79ab2c157c70>,99.6078431372549 percent,87.45098039215686 percent,88.23529411764706 percent,-4.5 degree,bytearray(b'MEXKRDPA7NG020286'),0.0 count,2025-04-28 15:07:27,2025-04-28 15:07:32,2025-04-28 15:07:27,Signal Acquired,15.402591,73.90794,3.03,0.48,8.21,-0.01,-0.04,-0.0,NO
,,,,,,,,,,,,,,,,,,,,,,,,,,,,,,,,,,,,,,,,,,,,,,,,,,,,,,,,,,,,,,,,,,,,,,,,,,,,,,,,,,,,,,,,,,,,,,,,,,,,,,,,,2025-04-28 15:07:27,Signal Acquired,15.402591,73.90794,-0.07,0.24,10.76,0.0,-0.13,0.01,NO
,,,,,,,,,,,,,,,,,,,,,,,,,,,,,,,,,,,,,,,,,,,,,,,,,,,,,,,,,,,,,,,,,,,,,,,,,,,,,,,,,,,,,,,,,,,,,,,,,,,,,,,,,2025-04-28 15:07:27,Signal Acquired,15.402804,73.907895,-0.35,0.39,10.63,-0.01,0.01,-0.01,NO
86.66666666666667 percent,32.15686274509804 percent,32.15686274509804 percent,33 degree_Celsius,100 kilopascal,bytearray(b'5E018DD3844BEA'),587.0 degree_Celsius,,,,,,0.0 kilometer,0.0 kilometer,,,,,,,,,,,,,,,,,,,,,,,,,,,,,,,,,,,,,,,ELM327 v1.5,12.5 volt,19.607843137254903 percent,22.745098039215687 percent,89.80392156862744 percent,"('Closed loop, using oxygen sensor feedback to determine fuel mix', '')",Gasoline,[],[],48 kilopascal,49 degree_Celsius,1.5625 percent,0.0 percent,11000000000000000000000000000001,10000000000000000000100000001001,11000000000000000000000000000001,1.0,1.0,01111000000000000000000000000000,Unknown : 0.0 percent [PASSED],"Average misfire counts for last ten driving cycles : 0.0 count [PASSED]
Misfire counts for last/current driving cycles : 0.0 count [PASSED]","Average misfire counts for last ten driving cycles : 0.0 count [PASSED]
Misfire counts for last/current driving cycles : 0.0 count [PASSED]","Average misfire counts for last ten driving cycles : 0.0 count [PASSED]
Misfire counts for last/current driving cycles : 0.0 count [PASSED]","Average misfire counts for last ten driving cycles : 0.0 count [PASSED]
Misfire counts for last/current driving cycles : 0.0 count [PASSED]","Unknown : 0.0 count [PASSED]
Unknown : 0.0 count [PASSED]
Unknown : 0.0 ratio [PASSED]
Unknown : 0.0 millisecond [PASSED]","Rich to lean sensor switch time : 0.0 millisecond [PASSED]
Unknown : 0.0 millivolt [PASSED]
Unknown : 0.0 millivolt [PASSED]",Unknown : -40.0 degree_Celsius [PASSED],Unknown : 0.0 ohm [PASSED],Unknown : 0.0 count [PASSED],"Unknown : 0.0 degree [PASSED]
Unknown : 0.0 degree [PASSED]
Unknown : 0.0 degree [PASSED]
Unknown : 0.0 degree [PASSED]",0.695 volt,-0.03515625 milliampere,"((), (False, False, False, False), (False, False, True, True))",India OBD II (IOBD II),0101010001000000000000000000000000000000,10111110001111101010100000010011,10000000000001111011000000010001,11111110110100001000010000000001,9.803921568627452 percent,1778.5 revolutions_per_minute,1366.0 second,0.78125 percent,39.0 kilometer_per_hour,<obd.OBDResponse.Status object at 0x79ab27709900>,<obd.OBDResponse.Status object at 0x79ab277099c0>,12.941176470588236 percent,20.392156862745097 percent,20.784313725490197 percent,15.5 degree,bytearray(b'MEXKRDPA7NG020286'),0.0 count,2025-04-28 15:07:34,2025-04-28 15:07:40,2025-04-28 15:07:34,Signal Acquired,15.402804,73.907895,2.1,0.74,9.46,-0.03,0.04,-0.01,NO
,,,,,,,,,,,,,,,,,,,,,,,,,,,,,,,,,,,,,,,,,,,,,,,,,,,,,,,,,,,,,,,,,,,,,,,,,,,,,,,,,,,,,,,,,,,,,,,,,,,,,,,,,2025-04-28 15:07:34,Signal Acquired,15.403016,73.907852,2.75,1.04,8.24,0.05,0.05,-0.02,NO
,,,,,,,,,,,,,,,,,,,,,,,,,,,,,,,,,,,,,,,,,,,,,,,,,,,,,,,,,,,,,,,,,,,,,,,,,,,,,,,,,,,,,,,,,,,,,,,,,,,,,,,,,2025-04-28 15:07:34,Signal Acquired,15.403016,73.907852,-0.27,0.5,9.85,-0.08,0.03,0.04,NO
75.68627450980392 percent,35.294117647058826 percent,35.294117647058826 percent,33 degree_Celsius,99 kilopascal,bytearray(b'5E018DD3844BEA'),586.6 degree_Celsius,,,,,,,,,,,,,,,,,,,,,,,,,,,,,,,,,,,,,,,,,,,,,,ELM327 v1.5,12.9 volt,13.333333333333334 percent,0.0 percent,89.80392156862744 percent,"('Open loop due to engine load OR fuel cut due to deceleration', '')",Gasoline,[],[],42 kilopascal,50 degree_Celsius,1.5625 percent,0.0 percent,11000000000000000000000000000001,10000000000000000000100000001001,11000000000000000000000000000001,1.0,1.0,01111000000000000000000000000000,Unknown : 0.0 percent [PASSED],"Average misfire counts for last ten driving cycles : 0.0 count [PASSED]
Misfire counts for last/current driving cycles : 0.0 count [PASSED]","Average misfire counts for last ten driving cycles : 0.0 count [PASSED]
Misfire counts for last/current driving cycles : 0.0 count [PASSED]","Average misfire counts for last ten driving cycles : 0.0 count [PASSED]
Misfire counts for last/current driving cycles : 0.0 count [PASSED]","Average misfire counts for last ten driving cycles : 0.0 count [PASSED]
Misfire counts for last/current driving cycles : 0.0 count [PASSED]","Unknown : 0.0 count [PASSED]
Unknown : 0.0 count [PASSED]
Unknown : 0.0 ratio [PASSED]
Unknown : 0.0 millisecond [PASSED]","Rich to lean sensor switch time : 0.0 millisecond [PASSED]
Unknown : 0.0 millivolt [PASSED]
Unknown : 0.0 millivolt [PASSED]",Unknown : -40.0 degree_Celsius [PASSED],Unknown : 0.0 ohm [PASSED],Unknown : 0.0 count [PASSED],"Unknown : 0.0 degree [PASSED]
Unknown : 0.0 degree [PASSED]
Unknown : 0.0 degree [PASSED]
Unknown : 0.0 degree [PASSED]",0.145 volt,-0.17578125 milliampere,"((), (False, False, False, False), (False, False, True, True))",India OBD II (IOBD II),0101010001000000000000000000000000000000,10111110001111101010100000010011,10000000000001111011000000010001,11111110110100001000010000000001,41.568627450980394 percent,1511.5 revolutions_per_minute,1374.0 second,-1.5625 percent,33.0 kilometer_per_hour,<obd.OBDResponse.Status object at 0x79ab27722aa0>,<obd.OBDResponse.Status object at 0x79ab27723130>,54.11764705882353 percent,52.549019607843135 percent,52.94117647058823 percent,3.0 degree,bytearray(b'MEXKRDPA7NG020286'),0.0 count,2025-04-28 15:07:41,2025-04-28 15:07:47,2025-04-28 15:07:41,Signal Acquired,15.403226,73.907809,1.42,0.82,10.35,0.02,-0.09,0.02,NO
,,,,,,,,,,,,,,,,,,,,,,,,,,,,,,,,,,,,,,,,,,,,,,,,,,,,,,,,,,,,,,,,,,,,,,,,,,,,,,,,,,,,,,,,,,,,,,,,,,,,,,,,,2025-04-28 15:07:41,Signal Acquired,15.403226,73.907809,1.03,0.96,9.9,-0.01,0.07,-0.01,NO
,,,,,,,,,,,,,,,,,,,,,,,,,,,,,,,,,,,,,,,,,,,,,,,,,,,,,,,,,,,,,,,,,,,,,,,,,,,,,,,,,,,,,,,,,,,,,,,,,,,,,,,,,2025-04-28 15:07:41,Signal Acquired,15.403434,73.907766,2.77,-0.18,8.49,-0.0,-0.08,-0.01,NO
61.568627450980394 percent,31.372549019607842 percent,31.372549019607842 percent,33 degree_Celsius,99 kilopascal,bytearray(b'5E018DD3844BEA'),579.7 degree_Celsius,,,,,,,0.0 kilometer,,,,,,,,,,,,,,,,,,,,,,,,,,,,,,,,,,,,,,,ELM327 v1.5,12.5 volt,32.15686274509804 percent,26.274509803921568 percent,89.80392156862744 percent,"('Closed loop, using oxygen sensor feedback to determine fuel mix', '')",Gasoline,[],[],77 kilopascal,51 degree_Celsius,1.5625 percent,0.0 percent,11000000000000000000000000000001,10000000000000000000100000001001,11000000000000000000000000000001,1.0,1.0,01111000000000000000000000000000,Unknown : 0.0 percent [PASSED],"Average misfire counts for last ten driving cycles : 0.0 count [PASSED]
Misfire counts for last/current driving cycles : 0.0 count [PASSED]","Average misfire counts for last ten driving cycles : 0.0 count [PASSED]
Misfire counts for last/current driving cycles : 0.0 count [PASSED]","Average misfire counts for last ten driving cycles : 0.0 count [PASSED]
Misfire counts for last/current driving cycles : 0.0 count [PASSED]","Average misfire counts for last ten driving cycles : 0.0 count [PASSED]
Misfire counts for last/current driving cycles : 0.0 count [PASSED]","Unknown : 0.0 count [PASSED]
Unknown : 0.0 count [PASSED]
Unknown : 0.0 ratio [PASSED]
Unknown : 0.0 millisecond [PASSED]","Rich to lean sensor switch time : 0.0 millisecond [PASSED]
Unknown : 0.0 millivolt [PASSED]
Unknown : 0.0 millivolt [PASSED]",Unknown : -40.0 degree_Celsius [PASSED],Unknown : 0.0 ohm [PASSED],Unknown : 0.0 count [PASSED],"Unknown : 0.0 degree [PASSED]
Unknown : 0.0 degree [PASSED]
Unknown : 0.0 degree [PASSED]
Unknown : 0.0 degree [PASSED]",0.695 volt,-0.00390625 milliampere,"((), (False, False, False, False), (False, False, True, True))",India OBD II (IOBD II),0101010001000000000000000000000000000000,10111110001111101010100000010011,10000000000001111011000000010001,11111110110100001000010000000001,10.196078431372548 percent,1881.0 revolutions_per_minute,1381.0 second,3.125 percent,42.0 kilometer_per_hour,<obd.OBDResponse.Status object at 0x79ab2773d7b0>,<obd.OBDResponse.Status object at 0x79ab2773d870>,53.333333333333336 percent,54.11764705882353 percent,60.3921568627451 percent,9.0 degree,bytearray(b'MEXKRDPA7NG020286'),0.0 count,2025-04-28 15:07:48,2025-04-28 15:07:54,2025-04-28 15:07:48,Signal Acquired,15.403434,73.907766,-0.46,0.3,7.5,0.05,-0.08,0.04,NO
,,,,,,,,,,,,,,,,,,,,,,,,,,,,,,,,,,,,,,,,,,,,,,,,,,,,,,,,,,,,,,,,,,,,,,,,,,,,,,,,,,,,,,,,,,,,,,,,,,,,,,,,,2025-04-28 15:07:48,Signal Acquired,15.403639,73.907722,3.06,0.35,7.28,-0.03,0.08,0.01,NO
,,,,,,,,,,,,,,,,,,,,,,,,,,,,,,,,,,,,,,,,,,,,,,,,,,,,,,,,,,,,,,,,,,,,,,,,,,,,,,,,,,,,,,,,,,,,,,,,,,,,,,,,,2025-04-28 15:07:48,Signal Acquired,15.403639,73.907722,1.95,1.33,8.96,-0.01,-0.05,0.06,NO
149.41176470588235 percent,50.588235294117645 percent,50.98039215686274 percent,33 degree_Celsius,99 kilopascal,bytearray(b'5E018DD3844BEA'),594.6 degree_Celsius,,,,,,0.0 kilometer,0.0 kilometer,,,,,,,,,,,,,,,,,,,,,,,,,,,,,,,,,,,,,,,ELM327 v1.5,12.5 volt,37.64705882352941 percent,2.3529411764705883 percent,89.80392156862744 percent,"('Closed loop, using oxygen sensor feedback to determine fuel mix', '')",Gasoline,[],[],91 kilopascal,50 degree_Celsius,1.5625 percent,0.0 percent,11000000000000000000000000000001,10000000000000000000100000001001,11000000000000000000000000000001,1.0,1.0,01111000000000000000000000000000,Unknown : 0.0 percent [PASSED],"Average misfire counts for last ten driving cycles : 0.0 count [PASSED]
Misfire counts for last/current driving cycles : 0.0 count [PASSED]","Average misfire counts for last ten driving cycles : 0.0 count [PASSED]
Misfire counts for last/current driving cycles : 0.0 count [PASSED]","Average misfire counts for last ten driving cycles : 0.0 count [PASSED]
Misfire counts for last/current driving cycles : 0.0 count [PASSED]","Average misfire counts for last ten driving cycles : 0.0 count [PASSED]
Misfire counts for last/current driving cycles : 0.0 count [PASSED]","Unknown : 0.0 count [PASSED]
Unknown : 0.0 count [PASSED]
Unknown : 0.0 ratio [PASSED]
Unknown : 0.0 millisecond [PASSED]","Rich to lean sensor switch time : 0.0 millisecond [PASSED]
Unknown : 0.0 millivolt [PASSED]
Unknown : 0.0 millivolt [PASSED]",Unknown : -40.0 degree_Celsius [PASSED],Unknown : 0.0 ohm [PASSED],Unknown : 0.0 count [PASSED],"Unknown : 0.0 degree [PASSED]
Unknown : 0.0 degree [PASSED]
Unknown : 0.0 degree [PASSED]
Unknown : 0.0 degree [PASSED]",0.69 volt,-0.01953125 milliampere,"((), (False, False, False, False), (False, False, True, True))",India OBD II (IOBD II),0101010001000000000000000000000000000000,10111110001111101010100000010011,10000000000001111011000000010001,11111110110100001000010000000001,14.509803921568627 percent,2103.5 revolutions_per_minute,1389.0 second,0.0 percent,62.0 kilometer_per_hour,<obd.OBDResponse.Status object at 0x79ab277615a0>,<obd.OBDResponse.Status object at 0x79ab27762bc0>,17.647058823529413 percent,23.92156862745098 percent,23.529411764705884 percent,9.5 degree,bytearray(b'MEXKRDPA7NG020286'),0.0 count,2025-04-28 15:07:56,2025-04-28 15:08:02,2025-04-28 15:07:56,Signal Acquired,15.403843,73.907674,-2.88,0.31,9.43,-0.08,0.01,0.05,NO
,,,,,,,,,,,,,,,,,,,,,,,,,,,,,,,,,,,,,,,,,,,,,,,,,,,,,,,,,,,,,,,,,,,,,,,,,,,,,,,,,,,,,,,,,,,,,,,,,,,,,,,,,2025-04-28 15:07:56,Signal Acquired,15.403843,73.907674,0.8,2.0,10.43,0.05,-0.01,0.06,NO
,,,,,,,,,,,,,,,,,,,,,,,,,,,,,,,,,,,,,,,,,,,,,,,,,,,,,,,,,,,,,,,,,,,,,,,,,,,,,,,,,,,,,,,,,,,,,,,,,,,,,,,,,2025-04-28 15:07:56,Signal Acquired,15.404044,73.90762,-2.19,0.99,9.38,-0.04,-0.05,0.06,NO
50.588235294117645 percent,30.58823529411765 percent,30.58823529411765 percent,34 degree_Celsius,99 kilopascal,bytearray(b'5E018DD3844BEA'),627.5 degree_Celsius,,,,,,0.0 kilometer,0.0 kilometer,,,,,,,,,,,,,,,,,,,,,,,,,,,,,,,,,,,,,,,ELM327 v1.5,12.5 volt,29.41176470588235 percent,66.27450980392157 percent,89.80392156862744 percent,"('Closed loop, using oxygen sensor feedback to determine fuel mix', '')",Gasoline,[],[],69 kilopascal,52 degree_Celsius,1.5625 percent,0.0 percent,11000000000000000000000000000001,10000000000000000000100000001001,11000000000000000000000000000001,1.0,1.0,01111000000000000000000000000000,Unknown : 0.0 percent [PASSED],"Average misfire counts for last ten driving cycles : 0.0 count [PASSED]
Misfire counts for last/current driving cycles : 0.0 count [PASSED]","Average misfire counts for last ten driving cycles : 0.0 count [PASSED]
Misfire counts for last/current driving cycles : 0.0 count [PASSED]","Average misfire counts for last ten driving cycles : 0.0 count [PASSED]
Misfire counts for last/current driving cycles : 0.0 count [PASSED]","Average misfire counts for last ten driving cycles : 0.0 count [PASSED]
Misfire counts for last/current driving cycles : 0.0 count [PASSED]","Unknown : 0.0 count [PASSED]
Unknown : 0.0 count [PASSED]
Unknown : 0.0 ratio [PASSED]
Unknown : 0.0 millisecond [PASSED]","Rich to lean sensor switch time : 0.0 millisecond [PASSED]
Unknown : 0.0 millivolt [PASSED]
Unknown : 0.0 millivolt [PASSED]",Unknown : -40.0 degree_Celsius [PASSED],Unknown : 0.0 ohm [PASSED],Unknown : 0.0 count [PASSED],"Unknown : 0.0 degree [PASSED]
Unknown : 0.0 degree [PASSED]
Unknown : 0.0 degree [PASSED]
Unknown : 0.0 degree [PASSED]",0.75 volt,-0.01953125 milliampere,"((), (False, False, False, False), (False, False, True, True))",India OBD II (IOBD II),0101010001000000000000000000000000000000,10111110001111101010100000010011,10000000000001111011000000010001,11111110110100001000010000000001,8.235294117647058 percent,1656.0 revolutions_per_minute,1396.0 second,3.125 percent,61.0 kilometer_per_hour,<obd.OBDResponse.Status object at 0x79ab2c24f340>,<obd.OBDResponse.Status object at 0x79ab2c24f280>,10.196078431372548 percent,18.431372549019606 percent,18.431372549019606 percent,17.0 degree,bytearray(b'MEXKRDPA7NG020286'),0.0 count,2025-04-28 15:08:04,2025-04-28 15:08:09,2025-04-28 15:08:04,Signal Acquired,15.404044,73.90762,-1.3,0.65,9.69,-0.04,-0.07,0.06,NO
,,,,,,,,,,,,,,,,,,,,,,,,,,,,,,,,,,,,,,,,,,,,,,,,,,,,,,,,,,,,,,,,,,,,,,,,,,,,,,,,,,,,,,,,,,,,,,,,,,,,,,,,,2025-04-28 15:08:04,Signal Acquired,15.404241,73.907555,0.05,0.61,8.7,-0.0,0.02,0.04,NO
,,,,,,,,,,,,,,,,,,,,,,,,,,,,,,,,,,,,,,,,,,,,,,,,,,,,,,,,,,,,,,,,,,,,,,,,,,,,,,,,,,,,,,,,,,,,,,,,,,,,,,,,,2025-04-28 15:08:04,Signal Acquired,15.404241,73.907555,3.57,1.0,9.93,0.08,-0.09,0.04,NO
41.96078431372549 percent,27.84313725490196 percent,27.84313725490196 percent,34 degree_Celsius,99 kilopascal,bytearray(b'5E018DD3844BEA'),607.9000000000001 degree_Celsius,,,,,,0.0 kilometer,0.0 kilometer,,,,,,,,,,,,,,,,,,,,,,,,,,,,,,,,,,,,,,,ELM327 v1.5,12.5 volt,30.980392156862745 percent,68.23529411764706 percent,89.80392156862744 percent,"('Closed loop, using oxygen sensor feedback to determine fuel mix', '')",Gasoline,[],[],75 kilopascal,52 degree_Celsius,1.5625 percent,0.0 percent,11000000000000000000000000000001,10000000000000000000100000001001,11000000000000000000000000000001,1.0,1.0,01111000000000000000000000000000,Unknown : 0.0 percent [PASSED],"Average misfire counts for last ten driving cycles : 0.0 count [PASSED]
Misfire counts for last/current driving cycles : 0.0 count [PASSED]","Average misfire counts for last ten driving cycles : 0.0 count [PASSED]
Misfire counts for last/current driving cycles : 0.0 count [PASSED]","Average misfire counts for last ten driving cycles : 0.0 count [PASSED]
Misfire counts for last/current driving cycles : 0.0 count [PASSED]","Average misfire counts for last ten driving cycles : 0.0 count [PASSED]
Misfire counts for last/current driving cycles : 0.0 count [PASSED]","Unknown : 0.0 count [PASSED]
Unknown : 0.0 count [PASSED]
Unknown : 0.0 ratio [PASSED]
Unknown : 0.0 millisecond [PASSED]","Rich to lean sensor switch time : 0.0 millisecond [PASSED]
Unknown : 0.0 millivolt [PASSED]
Unknown : 0.0 millivolt [PASSED]",Unknown : -40.0 degree_Celsius [PASSED],Unknown : 0.0 ohm [PASSED],Unknown : 0.0 count [PASSED],"Unknown : 0.0 degree [PASSED]
Unknown : 0.0 degree [PASSED]
Unknown : 0.0 degree [PASSED]
Unknown : 0.0 degree [PASSED]",0.73 volt,-0.015625 milliampere,"((), (False, False, False, False), (False, False, True, True))",India OBD II (IOBD II),0101010001000000000000000000000000000000,10111110001111101010100000010011,10000000000001111011000000010001,11111110110100001000010000000001,9.803921568627452 percent,1652.0 revolutions_per_minute,1404.0 second,2.34375 percent,61.0 kilometer_per_hour,<obd.OBDResponse.Status object at 0x79ab27775e40>,<obd.OBDResponse.Status object at 0x79ab27775f30>,12.549019607843137 percent,20.0 percent,20.0 percent,15.5 degree,bytearray(b'MEXKRDPA7NG020286'),0.0 count,2025-04-28 15:08:11,2025-04-28 15:08:17,2025-04-28 15:08:11,Signal Acquired,15.404433,73.907478,0.16,0.23,8.8,0.1,-0.17,0.07,NO
,,,,,,,,,,,,,,,,,,,,,,,,,,,,,,,,,,,,,,,,,,,,,,,,,,,,,,,,,,,,,,,,,,,,,,,,,,,,,,,,,,,,,,,,,,,,,,,,,,,,,,,,,2025-04-28 15:08:11,Signal Acquired,15.404433,73.907478,-0.13,0.38,9.11,-0.01,-0.0,0.05,NO
,,,,,,,,,,,,,,,,,,,,,,,,,,,,,,,,,,,,,,,,,,,,,,,,,,,,,,,,,,,,,,,,,,,,,,,,,,,,,,,,,,,,,,,,,,,,,,,,,,,,,,,,,2025-04-28 15:08:11,Signal Acquired,15.404619,73.907393,2.01,0.65,8.83,0.07,-0.1,0.05,NO
64.31372549019608 percent,33.333333333333336 percent,34.11764705882353 percent,34 degree_Celsius,99 kilopascal,bytearray(b'5E018DD3844BEA'),589.8000000000001 degree_Celsius,,,,,,0.0 kilometer,0.0 kilometer,,,,,,,,,,,,,,,,,,,,,,,,,,,,,,,,,,,,,,,ELM327 v1.5,12.5 volt,57.254901960784316 percent,98.03921568627452 percent,89.80392156862744 percent,"('Closed loop, using oxygen sensor feedback to determine fuel mix', '')",Gasoline,[],[],113 kilopascal,52 degree_Celsius,2.34375 percent,0.0 percent,11000000000000000000000000000001,10000000000000000000100000001001,11000000000000000000000000000001,1.0,1.0,01111000000000000000000000000000,Unknown : 0.0 percent [PASSED],"Average misfire counts for last ten driving cycles : 0.0 count [PASSED]
Misfire counts for last/current driving cycles : 0.0 count [PASSED]","Average misfire counts for last ten driving cycles : 0.0 count [PASSED]
Misfire counts for last/current driving cycles : 0.0 count [PASSED]","Average misfire counts for last ten driving cycles : 0.0 count [PASSED]
Misfire counts for last/current driving cycles : 0.0 count [PASSED]","Average misfire counts for last ten driving cycles : 0.0 count [PASSED]
Misfire counts for last/current driving cycles : 0.0 count [PASSED]","Unknown : 0.0 count [PASSED]
Unknown : 0.0 count [PASSED]
Unknown : 0.0 ratio [PASSED]
Unknown : 0.0 millisecond [PASSED]","Rich to lean sensor switch time : 0.0 millisecond [PASSED]
Unknown : 0.0 millivolt [PASSED]
Unknown : 0.0 millivolt [PASSED]",Unknown : -40.0 degree_Celsius [PASSED],Unknown : 0.0 ohm [PASSED],Unknown : 0.0 count [PASSED],"Unknown : 0.0 degree [PASSED]
Unknown : 0.0 degree [PASSED]
Unknown : 0.0 degree [PASSED]
Unknown : 0.0 degree [PASSED]",0.735 volt,-0.015625 milliampere,"((), (False, False, False, False), (False, False, True, True))",India OBD II (IOBD II),0101010001000000000000000000000000000000,10111110001111101010100000010011,10000000000001111011000000010001,11111110110100001000010000000001,77.25490196078431 percent,1734.0 revolutions_per_minute,1411.0 second,0.0 percent,64.0 kilometer_per_hour,<obd.OBDResponse.Status object at 0x79ab27799cf0>,<obd.OBDResponse.Status object at 0x79ab27799db0>,99.6078431372549 percent,87.45098039215686 percent,88.23529411764706 percent,0.0 degree,bytearray(b'MEXKRDPA7NG020286'),0.0 count,2025-04-28 15:08:18,2025-04-28 15:08:24,2025-04-28 15:08:18,Signal Acquired,15.404619,73.907393,3.68,0.99,7.48,0.05,0.02,-0.03,NO
,,,,,,,,,,,,,,,,,,,,,,,,,,,,,,,,,,,,,,,,,,,,,,,,,,,,,,,,,,,,,,,,,,,,,,,,,,,,,,,,,,,,,,,,,,,,,,,,,,,,,,,,,2025-04-28 15:08:18,Signal Acquired,15.404802,73.907298,4.47,0.51,8.05,0.11,-0.07,0.03,NO
,,,,,,,,,,,,,,,,,,,,,,,,,,,,,,,,,,,,,,,,,,,,,,,,,,,,,,,,,,,,,,,,,,,,,,,,,,,,,,,,,,,,,,,,,,,,,,,,,,,,,,,,,2025-04-28 15:08:18,Signal Acquired,15.404802,73.907298,0.19,0.84,8.47,-0.12,0.17,0.01,NO
93.33333333333333 percent,38.8235294117647 percent,38.8235294117647 percent,33 degree_Celsius,99 kilopascal,bytearray(b'5E018DD3844BEA'),615.5 degree_Celsius,,,,,,0.0 kilometer,0.0 kilometer,,,,,,,,,,,,,,,,,,,,,,,,,,,,,,,,,,,,,,,ELM327 v1.5,12.5 volt,16.07843137254902 percent,9.411764705882353 percent,89.80392156862744 percent,"('Closed loop, using oxygen sensor feedback to determine fuel mix', '')",Gasoline,[],[],40 kilopascal,51 degree_Celsius,1.5625 percent,0.0 percent,11000000000000000000000000000001,10000000000000000000100000001001,11000000000000000000000000000001,1.0,1.0,01111000000000000000000000000000,Unknown : 0.0 percent [PASSED],"Average misfire counts for last ten driving cycles : 0.0 count [PASSED]
Misfire counts for last/current driving cycles : 0.0 count [PASSED]","Average misfire counts for last ten driving cycles : 0.0 count [PASSED]
Misfire counts for last/current driving cycles : 0.0 count [PASSED]","Average misfire counts for last ten driving cycles : 0.0 count [PASSED]
Misfire counts for last/current driving cycles : 0.0 count [PASSED]","Average misfire counts for last ten driving cycles : 0.0 count [PASSED]
Misfire counts for last/current driving cycles : 0.0 count [PASSED]","Unknown : 0.0 count [PASSED]
Unknown : 0.0 count [PASSED]
Unknown : 0.0 ratio [PASSED]
Unknown : 0.0 millisecond [PASSED]","Rich to lean sensor switch time : 0.0 millisecond [PASSED]
Unknown : 0.0 millivolt [PASSED]
Unknown : 0.0 millivolt [PASSED]",Unknown : -40.0 degree_Celsius [PASSED],Unknown : 0.0 ohm [PASSED],Unknown : 0.0 count [PASSED],"Unknown : 0.0 degree [PASSED]
Unknown : 0.0 degree [PASSED]
Unknown : 0.0 degree [PASSED]
Unknown : 0.0 degree [PASSED]",0.72 volt,0.015625 milliampere,"((), (False, False, False, False), (False, False, True, True))",India OBD II (IOBD II),0101010001000000000000000000000000000000,10111110001111101010100000010011,10000000000001111011000000010001,11111110110100001000010000000001,12.549019607843137 percent,1729.0 revolutions_per_minute,1418.0 second,-3.90625 percent,64.0 kilometer_per_hour,<obd.OBDResponse.Status object at 0x79ab2779bac0>,<obd.OBDResponse.Status object at 0x79ab2779baf0>,16.470588235294116 percent,23.137254901960784 percent,23.137254901960784 percent,12.0 degree,bytearray(b'MEXKRDPA7NG020286'),0.0 count,2025-04-28 15:08:26,2025-04-28 15:08:32,2025-04-28 15:08:26,Signal Acquired,15.404986,73.907203,0.62,1.67,9.57,0.03,0.04,0.01,NO
,,,,,,,,,,,,,,,,,,,,,,,,,,,,,,,,,,,,,,,,,,,,,,,,,,,,,,,,,,,,,,,,,,,,,,,,,,,,,,,,,,,,,,,,,,,,,,,,,,,,,,,,,2025-04-28 15:08:26,Signal Acquired,15.404986,73.907203,0.61,0.79,8.94,-0.06,0.05,0.0,NO
,,,,,,,,,,,,,,,,,,,,,,,,,,,,,,,,,,,,,,,,,,,,,,,,,,,,,,,,,,,,,,,,,,,,,,,,,,,,,,,,,,,,,,,,,,,,,,,,,,,,,,,,,2025-04-28 15:08:26,Signal Acquired,15.405167,73.907099,-1.7,0.88,7.85,-0.22,0.16,0.04,NO
50.98039215686274 percent,29.41176470588235 percent,29.41176470588235 percent,33 degree_Celsius,99 kilopascal,bytearray(b'5E018DD3844BEA'),609.0 degree_Celsius,,,,,,,0.0 kilometer,,,,,,,,,,,,,,,,,,,,,,,,,,,,,,,,,,,,,,,ELM327 v1.5,12.5 volt,56.470588235294116 percent,98.03921568627452 percent,89.80392156862744 percent,"('Closed loop, using oxygen sensor feedback to determine fuel mix', '')",Gasoline,[],[],76 kilopascal,52 degree_Celsius,1.5625 percent,0.0 percent,11000000000000000000000000000001,10000000000000000000100000001001,11000000000000000000000000000001,1.0,1.0,01111000000000000000000000000000,Unknown : 0.0 percent [PASSED],"Average misfire counts for last ten driving cycles : 0.0 count [PASSED]
Misfire counts for last/current driving cycles : 0.0 count [PASSED]","Average misfire counts for last ten driving cycles : 0.0 count [PASSED]
Misfire counts for last/current driving cycles : 0.0 count [PASSED]","Average misfire counts for last ten driving cycles : 0.0 count [PASSED]
Misfire counts for last/current driving cycles : 0.0 count [PASSED]","Average misfire counts for last ten driving cycles : 0.0 count [PASSED]
Misfire counts for last/current driving cycles : 0.0 count [PASSED]","Unknown : 0.0 count [PASSED]
Unknown : 0.0 count [PASSED]
Unknown : 0.0 ratio [PASSED]
Unknown : 0.0 millisecond [PASSED]","Rich to lean sensor switch time : 0.0 millisecond [PASSED]
Unknown : 0.0 millivolt [PASSED]
Unknown : 0.0 millivolt [PASSED]",Unknown : -40.0 degree_Celsius [PASSED],Unknown : 0.0 ohm [PASSED],Unknown : 0.0 count [PASSED],"Unknown : 0.0 degree [PASSED]
Unknown : 0.0 degree [PASSED]
Unknown : 0.0 degree [PASSED]
Unknown : 0.0 degree [PASSED]",0.725 volt,0.08203125 milliampere,"((), (False, False, False, False), (False, False, True, True))",India OBD II (IOBD II),0101010001000000000000000000000000000000,10111110001111101010100000010011,10000000000001111011000000010001,11111110110100001000010000000001,3.5294117647058822 percent,1734.5 revolutions_per_minute,1426.0 second,0.0 percent,64.0 kilometer_per_hour,<obd.OBDResponse.Status object at 0x79ab277c2d70>,<obd.OBDResponse.Status object at 0x79ab277c2e30>,5.098039215686274 percent,14.117647058823529 percent,14.509803921568627 percent,-9.0 degree,bytearray(b'MEXKRDPA7NG020286'),0.0 count,2025-04-28 15:08:33,2025-04-28 15:08:39,2025-04-28 15:08:33,Signal Acquired,15.405167,73.907099,-0.15,-0.08,9.47,-0.1,-0.0,-0.02,NO
,,,,,,,,,,,,,,,,,,,,,,,,,,,,,,,,,,,,,,,,,,,,,,,,,,,,,,,,,,,,,,,,,,,,,,,,,,,,,,,,,,,,,,,,,,,,,,,,,,,,,,,,,2025-04-28 15:08:33,Signal Acquired,15.405343,73.906993,-0.2,0.62,9.32,-0.04,0.14,-0.04,NO
,,,,,,,,,,,,,,,,,,,,,,,,,,,,,,,,,,,,,,,,,,,,,,,,,,,,,,,,,,,,,,,,,,,,,,,,,,,,,,,,,,,,,,,,,,,,,,,,,,,,,,,,,2025-04-28 15:08:33,Signal Acquired,15.405343,73.906993,5.32,-0.46,6.24,-0.03,0.09,-0.06,NO
80.3921568627451 percent,50.588235294117645 percent,50.98039215686274 percent,33 degree_Celsius,99 kilopascal,bytearray(b'5E018DD3844BEA'),592.2 degree_Celsius,,,,,,0.0 kilometer,0.0 kilometer,,,,,,,,,,,,,,,,,,,,,,,,,,,,,,,,,,,,,,,ELM327 v1.5,12.5 volt,91.76470588235294 percent,96.47058823529412 percent,89.80392156862744 percent,"('Closed loop, using oxygen sensor feedback to determine fuel mix', '')",Gasoline,[],[],178 kilopascal,52 degree_Celsius,2.34375 percent,0.0 percent,11000000000000000000000000000001,10000000000000000000100000001001,11000000000000000000000000000001,1.0,1.0,01111000000000000000000000000000,Unknown : 0.0 percent [PASSED],"Average misfire counts for last ten driving cycles : 0.0 count [PASSED]
Misfire counts for last/current driving cycles : 0.0 count [PASSED]","Average misfire counts for last ten driving cycles : 0.0 count [PASSED]
Misfire counts for last/current driving cycles : 0.0 count [PASSED]","Average misfire counts for last ten driving cycles : 0.0 count [PASSED]
Misfire counts for last/current driving cycles : 0.0 count [PASSED]","Average misfire counts for last ten driving cycles : 0.0 count [PASSED]
Misfire counts for last/current driving cycles : 0.0 count [PASSED]","Unknown : 0.0 count [PASSED]
Unknown : 0.0 count [PASSED]
Unknown : 0.0 ratio [PASSED]
Unknown : 0.0 millisecond [PASSED]","Rich to lean sensor switch time : 0.0 millisecond [PASSED]
Unknown : 0.0 millivolt [PASSED]
Unknown : 0.0 millivolt [PASSED]",Unknown : -40.0 degree_Celsius [PASSED],Unknown : 0.0 ohm [PASSED],Unknown : 0.0 count [PASSED],"Unknown : 0.0 degree [PASSED]
Unknown : 0.0 degree [PASSED]
Unknown : 0.0 degree [PASSED]
Unknown : 0.0 degree [PASSED]",0.685 volt,-0.0234375 milliampere,"((), (False, False, False, False), (False, False, True, True))",India OBD II (IOBD II),0101010001000000000000000000000000000000,10111110001111101010100000010011,10000000000001111011000000010001,11111110110100001000010000000001,61.568627450980394 percent,1583.0 revolutions_per_minute,1434.0 second,-0.78125 percent,73.0 kilometer_per_hour,<obd.OBDResponse.Status object at 0x79ab277dc6d0>,<obd.OBDResponse.Status object at 0x79ab277dc790>,69.01960784313725 percent,63.92156862745098 percent,63.92156862745098 percent,0.0 degree,bytearray(b'MEXKRDPA7NG020286'),0.0 count,2025-04-28 15:08:41,2025-04-28 15:08:47,2025-04-28 15:08:41,Signal Acquired,15.405519,73.906886,2.39,0.73,8.54,-0.04,-0.1,-0.01,NO
,,,,,,,,,,,,,,,,,,,,,,,,,,,,,,,,,,,,,,,,,,,,,,,,,,,,,,,,,,,,,,,,,,,,,,,,,,,,,,,,,,,,,,,,,,,,,,,,,,,,,,,,,2025-04-28 15:08:41,Signal Acquired,15.405519,73.906886,1.15,0.41,11.07,-0.0,-0.04,-0.0,NO
,,,,,,,,,,,,,,,,,,,,,,,,,,,,,,,,,,,,,,,,,,,,,,,,,,,,,,,,,,,,,,,,,,,,,,,,,,,,,,,,,,,,,,,,,,,,,,,,,,,,,,,,,2025-04-28 15:08:41,Signal Acquired,15.405697,73.906785,0.08,0.6,8.87,-0.02,0.02,-0.01,NO
79.2156862745098 percent,36.470588235294116 percent,36.470588235294116 percent,33 degree_Celsius,99 kilopascal,bytearray(b'5E018DD3844BEA'),639.3000000000001 degree_Celsius,,,,,,,0.0 kilometer,,,,,,,,,,,,,,,,,,,,,,,,,,,,,,,,,,,,,,,ELM327 v1.5,12.5 volt,45.88235294117647 percent,98.03921568627452 percent,89.80392156862744 percent,"('Closed loop, using oxygen sensor feedback to determine fuel mix', '')",Gasoline,[],[],103 kilopascal,51 degree_Celsius,2.34375 percent,0.0 percent,11000000000000000000000000000001,10000000000000000000100000001001,11000000000000000000000000000001,1.0,1.0,01111000000000000000000000000000,Unknown : 0.0 percent [PASSED],"Average misfire counts for last ten driving cycles : 0.0 count [PASSED]
Misfire counts for last/current driving cycles : 0.0 count [PASSED]","Average misfire counts for last ten driving cycles : 0.0 count [PASSED]
Misfire counts for last/current driving cycles : 0.0 count [PASSED]","Average misfire counts for last ten driving cycles : 0.0 count [PASSED]
Misfire counts for last/current driving cycles : 0.0 count [PASSED]","Average misfire counts for last ten driving cycles : 0.0 count [PASSED]
Misfire counts for last/current driving cycles : 0.0 count [PASSED]","Unknown : 0.0 count [PASSED]
Unknown : 0.0 count [PASSED]
Unknown : 0.0 ratio [PASSED]
Unknown : 0.0 millisecond [PASSED]","Rich to lean sensor switch time : 0.0 millisecond [PASSED]
Unknown : 0.0 millivolt [PASSED]
Unknown : 0.0 millivolt [PASSED]",Unknown : -40.0 degree_Celsius [PASSED],Unknown : 0.0 ohm [PASSED],Unknown : 0.0 count [PASSED],"Unknown : 0.0 degree [PASSED]
Unknown : 0.0 degree [PASSED]
Unknown : 0.0 degree [PASSED]
Unknown : 0.0 degree [PASSED]",0.73 volt,-0.03515625 milliampere,"((), (False, False, False, False), (False, False, True, True))",India OBD II (IOBD II),0101010001000000000000000000000000000000,10111110001111101010100000010011,10000000000001111011000000010001,11111110110100001000010000000001,41.568627450980394 percent,1757.5 revolutions_per_minute,1441.0 second,-0.78125 percent,81.0 kilometer_per_hour,<obd.OBDResponse.Status object at 0x79ab277ea9b0>,<obd.OBDResponse.Status object at 0x79ab277eaa70>,52.15686274509804 percent,50.98039215686274 percent,48.627450980392155 percent,4.5 degree,bytearray(b'MEXKRDPA7NG020286'),0.0 count,2025-04-28 15:08:48,2025-04-28 15:08:54,2025-04-28 15:08:48,Signal Acquired,15.405697,73.906785,4.62,0.95,7.89,0.11,-0.03,0.03,NO
,,,,,,,,,,,,,,,,,,,,,,,,,,,,,,,,,,,,,,,,,,,,,,,,,,,,,,,,,,,,,,,,,,,,,,,,,,,,,,,,,,,,,,,,,,,,,,,,,,,,,,,,,2025-04-28 15:08:48,Signal Acquired,15.405874,73.906687,5.84,1.38,8.22,0.05,0.08,-0.07,NO
,,,,,,,,,,,,,,,,,,,,,,,,,,,,,,,,,,,,,,,,,,,,,,,,,,,,,,,,,,,,,,,,,,,,,,,,,,,,,,,,,,,,,,,,,,,,,,,,,,,,,,,,,2025-04-28 15:08:48,Signal Acquired,15.405874,73.906687,1.16,1.24,9.77,0.01,0.05,-0.02,NO
35.68627450980392 percent,25.49019607843137 percent,25.49019607843137 percent,33 degree_Celsius,99 kilopascal,bytearray(b'5E018DD3844BEA'),633.9000000000001 degree_Celsius,,,,,,,0.0 kilometer,,,,,,,,,,,,,,,,,,,,,,,,,,,,,,,,,,,,,,,ELM327 v1.5,12.5 volt,1.9607843137254901 percent,0.0 percent,89.80392156862744 percent,"('Closed loop, using oxygen sensor feedback to determine fuel mix', '')",Gasoline,[],[],29 kilopascal,52 degree_Celsius,-2.34375 percent,0.0 percent,11000000000000000000000000000001,10000000000000000000100000001001,11000000000000000000000000000001,1.0,1.0,01111000000000000000000000000000,Unknown : 0.0 percent [PASSED],"Average misfire counts for last ten driving cycles : 0.0 count [PASSED]
Misfire counts for last/current driving cycles : 0.0 count [PASSED]","Average misfire counts for last ten driving cycles : 0.0 count [PASSED]
Misfire counts for last/current driving cycles : 0.0 count [PASSED]","Average misfire counts for last ten driving cycles : 0.0 count [PASSED]
Misfire counts for last/current driving cycles : 0.0 count [PASSED]","Average misfire counts for last ten driving cycles : 0.0 count [PASSED]
Misfire counts for last/current driving cycles : 0.0 count [PASSED]","Unknown : 0.0 count [PASSED]
Unknown : 0.0 count [PASSED]
Unknown : 0.0 ratio [PASSED]
Unknown : 0.0 millisecond [PASSED]","Rich to lean sensor switch time : 0.0 millisecond [PASSED]
Unknown : 0.0 millivolt [PASSED]
Unknown : 0.0 millivolt [PASSED]",Unknown : -40.0 degree_Celsius [PASSED],Unknown : 0.0 ohm [PASSED],Unknown : 0.0 count [PASSED],"Unknown : 0.0 degree [PASSED]
Unknown : 0.0 degree [PASSED]
Unknown : 0.0 degree [PASSED]
Unknown : 0.0 degree [PASSED]",0.74 volt,1.11328125 milliampere,"((), (False, False, False, False), (False, False, True, True))",India OBD II (IOBD II),0101010001000000000000000000000000000000,10111110001111101010100000010011,10000000000001111011000000010001,11111110110100001000010000000001,1.1764705882352942 percent,1585.5 revolutions_per_minute,1448.0 second,0.0 percent,72.0 kilometer_per_hour,<obd.OBDResponse.Status object at 0x79ab27610b50>,<obd.OBDResponse.Status object at 0x79ab27610c10>,1.5686274509803921 percent,11.372549019607844 percent,11.764705882352942 percent,-10.0 degree,bytearray(b'MEXKRDPA7NG020286'),0.0 count,2025-04-28 15:08:56,2025-04-28 15:09:02,2025-04-28 15:08:56,Signal Acquired,15.406053,73.90659,0.01,1.41,10.45,0.02,0.05,-0.01,NO
,,,,,,,,,,,,,,,,,,,,,,,,,,,,,,,,,,,,,,,,,,,,,,,,,,,,,,,,,,,,,,,,,,,,,,,,,,,,,,,,,,,,,,,,,,,,,,,,,,,,,,,,,2025-04-28 15:08:56,Signal Acquired,15.406053,73.90659,4.19,1.21,7.55,-0.01,0.01,0.01,NO
,,,,,,,,,,,,,,,,,,,,,,,,,,,,,,,,,,,,,,,,,,,,,,,,,,,,,,,,,,,,,,,,,,,,,,,,,,,,,,,,,,,,,,,,,,,,,,,,,,,,,,,,,2025-04-28 15:08:56,Signal Acquired,15.406231,73.906494,-1.47,0.8,10.39,-0.1,0.11,0.0,NO
17.254901960784313 percent,14.901960784313726 percent,14.901960784313726 percent,33 degree_Celsius,99 kilopascal,bytearray(b'5E018DD3844BEA'),620.7 degree_Celsius,,,,,,0.0 kilometer,0.0 kilometer,,,,,,,,,,,,,,,,,,,,,,,,,,,,,,,,,,,,,,,ELM327 v1.5,14.0 volt,0.0 percent,0.0 percent,89.80392156862744 percent,"('Open loop due to engine load OR fuel cut due to deceleration', '')",Gasoline,[],[],28 kilopascal,53 degree_Celsius,0.78125 percent,0.0 percent,11000000000000000000000000000001,10000000000000000000100000001001,11000000000000000000000000000001,1.0,1.0,01111000000000000000000000000000,Unknown : 0.0 percent [PASSED],"Average misfire counts for last ten driving cycles : 0.0 count [PASSED]
Misfire counts for last/current driving cycles : 0.0 count [PASSED]","Average misfire counts for last ten driving cycles : 0.0 count [PASSED]
Misfire counts for last/current driving cycles : 0.0 count [PASSED]","Average misfire counts for last ten driving cycles : 0.0 count [PASSED]
Misfire counts for last/current driving cycles : 0.0 count [PASSED]","Average misfire counts for last ten driving cycles : 0.0 count [PASSED]
Misfire counts for last/current driving cycles : 0.0 count [PASSED]","Unknown : 0.0 count [PASSED]
Unknown : 0.0 count [PASSED]
Unknown : 0.0 ratio [PASSED]
Unknown : 0.0 millisecond [PASSED]","Rich to lean sensor switch time : 0.0 millisecond [PASSED]
Unknown : 0.0 millivolt [PASSED]
Unknown : 0.0 millivolt [PASSED]",Unknown : -40.0 degree_Celsius [PASSED],Unknown : 0.0 ohm [PASSED],Unknown : 0.0 count [PASSED],"Unknown : 0.0 degree [PASSED]
Unknown : 0.0 degree [PASSED]
Unknown : 0.0 degree [PASSED]
Unknown : 0.0 degree [PASSED]",0.015 volt,0.16796875 milliampere,"((), (False, False, False, False), (False, False, True, True))",India OBD II (IOBD II),0101010001000000000000000000000000000000,10111110001111101010100000010011,10000000000001111011000000010001,11111110110100001000010000000001,3.1372549019607843 percent,1001.0 revolutions_per_minute,1456.0 second,0.0 percent,57.0 kilometer_per_hour,<obd.OBDResponse.Status object at 0x79ab27616d70>,<obd.OBDResponse.Status object at 0x79ab27616e30>,7.450980392156863 percent,15.686274509803921 percent,15.294117647058824 percent,14.0 degree,bytearray(b'MEXKRDPA7NG020286'),0.0 count,2025-04-28 15:09:03,2025-04-28 15:09:09,2025-04-28 15:09:03,Signal Acquired,15.406231,73.906494,-0.58,1.07,9.31,-0.07,-0.02,-0.01,NO
,,,,,,,,,,,,,,,,,,,,,,,,,,,,,,,,,,,,,,,,,,,,,,,,,,,,,,,,,,,,,,,,,,,,,,,,,,,,,,,,,,,,,,,,,,,,,,,,,,,,,,,,,2025-04-28 15:09:03,Signal Acquired,15.406411,73.9064,1.05,0.37,10.89,-0.04,-0.12,-0.02,NO
,,,,,,,,,,,,,,,,,,,,,,,,,,,,,,,,,,,,,,,,,,,,,,,,,,,,,,,,,,,,,,,,,,,,,,,,,,,,,,,,,,,,,,,,,,,,,,,,,,,,,,,,,2025-04-28 15:09:03,Signal Acquired,15.406411,73.9064,0.54,0.46,11.49,0.01,-0.11,-0.02,NO
40.0 percent,22.352941176470587 percent,22.352941176470587 percent,33 degree_Celsius,99 kilopascal,bytearray(b'5E018DD3844BEA'),598.2 degree_Celsius,,,,,,0.0 kilometer,0.0 kilometer,,,,,,,,,,,,,,,,,,,,,,,,,,,,,,,,,,,,,,,ELM327 v1.5,12.5 volt,12.549019607843137 percent,24.705882352941178 percent,89.80392156862744 percent,"('Closed loop, using oxygen sensor feedback to determine fuel mix', '')",Gasoline,[],[],80 kilopascal,53 degree_Celsius,-1.5625 percent,0.0 percent,11000000000000000000000000000001,10000000000000000000100000001001,11000000000000000000000000000001,1.0,1.0,01111000000000000000000000000000,Unknown : 0.0 percent [PASSED],"Average misfire counts for last ten driving cycles : 0.0 count [PASSED]
Misfire counts for last/current driving cycles : 0.0 count [PASSED]","Average misfire counts for last ten driving cycles : 0.0 count [PASSED]
Misfire counts for last/current driving cycles : 0.0 count [PASSED]","Average misfire counts for last ten driving cycles : 0.0 count [PASSED]
Misfire counts for last/current driving cycles : 0.0 count [PASSED]","Average misfire counts for last ten driving cycles : 0.0 count [PASSED]
Misfire counts for last/current driving cycles : 0.0 count [PASSED]","Unknown : 0.0 count [PASSED]
Unknown : 0.0 count [PASSED]
Unknown : 0.0 ratio [PASSED]
Unknown : 0.0 millisecond [PASSED]","Rich to lean sensor switch time : 0.0 millisecond [PASSED]
Unknown : 0.0 millivolt [PASSED]
Unknown : 0.0 millivolt [PASSED]",Unknown : -40.0 degree_Celsius [PASSED],Unknown : 0.0 ohm [PASSED],Unknown : 0.0 count [PASSED],"Unknown : 0.0 degree [PASSED]
Unknown : 0.0 degree [PASSED]
Unknown : 0.0 degree [PASSED]
Unknown : 0.0 degree [PASSED]",0.77 volt,-0.109375 milliampere,"((), (False, False, False, False), (False, False, True, True))",India OBD II (IOBD II),0101010001000000000000000000000000000000,10111110001111101010100000010011,10000000000001111011000000010001,11111110110100001000010000000001,5.882352941176471 percent,1536.5 revolutions_per_minute,1464.0 second,5.46875 percent,57.0 kilometer_per_hour,<obd.OBDResponse.Status object at 0x79ab27634f40>,<obd.OBDResponse.Status object at 0x79ab27635000>,5.882352941176471 percent,14.509803921568627 percent,14.901960784313726 percent,18.0 degree,bytearray(b'MEXKRDPA7NG020286'),0.0 count,2025-04-28 15:09:11,2025-04-28 15:09:17,2025-04-28 15:09:11,Signal Acquired,15.406594,73.906311,1.54,-0.31,7.53,-0.26,-0.22,-0.0,NO
,,,,,,,,,,,,,,,,,,,,,,,,,,,,,,,,,,,,,,,,,,,,,,,,,,,,,,,,,,,,,,,,,,,,,,,,,,,,,,,,,,,,,,,,,,,,,,,,,,,,,,,,,2025-04-28 15:09:11,Signal Acquired,15.406594,73.906311,3.14,1.19,8.48,-0.02,0.03,-0.04,NO
,,,,,,,,,,,,,,,,,,,,,,,,,,,,,,,,,,,,,,,,,,,,,,,,,,,,,,,,,,,,,,,,,,,,,,,,,,,,,,,,,,,,,,,,,,,,,,,,,,,,,,,,,2025-04-28 15:09:11,Signal Acquired,15.406781,73.906228,2.98,1.27,8.51,0.01,0.01,-0.05,NO
18.03921568627451 percent,14.901960784313726 percent,14.901960784313726 percent,33 degree_Celsius,99 kilopascal,bytearray(b'5E018DD3844BEA'),579.2 degree_Celsius,,,,,,0.0 kilometer,0.0 kilometer,,,,,,,,,,,,,,,,,,,,,,,,,,,,,,,,,,,,,,,ELM327 v1.5,12.4 volt,5.882352941176471 percent,6.2745098039215685 percent,89.80392156862744 percent,"('Closed loop, using oxygen sensor feedback to determine fuel mix', '')",Gasoline,[],[],24 kilopascal,53 degree_Celsius,1.5625 percent,0.0 percent,11000000000000000000000000000001,10000000000000000000100000001001,11000000000000000000000000000001,1.0,1.0,01111000000000000000000000000000,Unknown : 0.0 percent [PASSED],"Average misfire counts for last ten driving cycles : 0.0 count [PASSED]
Misfire counts for last/current driving cycles : 0.0 count [PASSED]","Average misfire counts for last ten driving cycles : 0.0 count [PASSED]
Misfire counts for last/current driving cycles : 0.0 count [PASSED]","Average misfire counts for last ten driving cycles : 0.0 count [PASSED]
Misfire counts for last/current driving cycles : 0.0 count [PASSED]","Average misfire counts for last ten driving cycles : 0.0 count [PASSED]
Misfire counts for last/current driving cycles : 0.0 count [PASSED]","Unknown : 0.0 count [PASSED]
Unknown : 0.0 count [PASSED]
Unknown : 0.0 ratio [PASSED]
Unknown : 0.0 millisecond [PASSED]","Rich to lean sensor switch time : 0.0 millisecond [PASSED]
Unknown : 0.0 millivolt [PASSED]
Unknown : 0.0 millivolt [PASSED]",Unknown : -40.0 degree_Celsius [PASSED],Unknown : 0.0 ohm [PASSED],Unknown : 0.0 count [PASSED],"Unknown : 0.0 degree [PASSED]
Unknown : 0.0 degree [PASSED]
Unknown : 0.0 degree [PASSED]
Unknown : 0.0 degree [PASSED]",0.695 volt,-0.05859375 milliampere,"((), (False, False, False, False), (False, False, True, True))",India OBD II (IOBD II),0101010001000000000000000000000000000000,10111110001111101010100000010011,10000000000001111011000000010001,11111110110100001000010000000001,6.666666666666667 percent,1516.0 revolutions_per_minute,1471.0 second,-4.6875 percent,56.0 kilometer_per_hour,<obd.OBDResponse.Status object at 0x79ab2763f550>,<obd.OBDResponse.Status object at 0x79ab2763f610>,12.156862745098039 percent,20.0 percent,20.392156862745097 percent,3.5 degree,bytearray(b'MEXKRDPA7NG020286'),0.0 count,2025-04-28 15:09:19,2025-04-28 15:09:25,2025-04-28 15:09:19,Signal Acquired,15.406781,73.906228,6.43,6.63,8.85,0.67,0.01,-0.09,NO
,,,,,,,,,,,,,,,,,,,,,,,,,,,,,,,,,,,,,,,,,,,,,,,,,,,,,,,,,,,,,,,,,,,,,,,,,,,,,,,,,,,,,,,,,,,,,,,,,,,,,,,,,2025-04-28 15:09:19,Signal Acquired,15.406974,73.906154,3.3,0.14,7.83,-0.11,0.0,-0.08,NO
,,,,,,,,,,,,,,,,,,,,,,,,,,,,,,,,,,,,,,,,,,,,,,,,,,,,,,,,,,,,,,,,,,,,,,,,,,,,,,,,,,,,,,,,,,,,,,,,,,,,,,,,,2025-04-28 15:09:19,Signal Acquired,15.406974,73.906154,3.36,0.57,9.94,-0.03,0.12,-0.05,NO
84.70588235294117 percent,14.901960784313726 percent,14.901960784313726 percent,33 degree_Celsius,99 kilopascal,bytearray(b'5E018DD3844BEA'),567.9 degree_Celsius,,,,,,,,,,,,,,,,,,,,,,,,,,,,,,,,,,,,,,,,,,,,,,ELM327 v1.5,12.5 volt,26.666666666666668 percent,10.588235294117647 percent,89.80392156862744 percent,"('Closed loop, using oxygen sensor feedback to determine fuel mix', '')",Gasoline,[],[],62 kilopascal,52 degree_Celsius,1.5625 percent,0.0 percent,11000000000000000000000000000001,10000000000000000000100000001001,11000000000000000000000000000001,1.0,1.0,01111000000000000000000000000000,Unknown : 0.0 percent [PASSED],"Average misfire counts for last ten driving cycles : 0.0 count [PASSED]
Misfire counts for last/current driving cycles : 0.0 count [PASSED]","Average misfire counts for last ten driving cycles : 0.0 count [PASSED]
Misfire counts for last/current driving cycles : 0.0 count [PASSED]","Average misfire counts for last ten driving cycles : 0.0 count [PASSED]
Misfire counts for last/current driving cycles : 0.0 count [PASSED]","Average misfire counts for last ten driving cycles : 0.0 count [PASSED]
Misfire counts for last/current driving cycles : 0.0 count [PASSED]","Unknown : 0.0 count [PASSED]
Unknown : 0.0 count [PASSED]
Unknown : 0.0 ratio [PASSED]
Unknown : 0.0 millisecond [PASSED]","Rich to lean sensor switch time : 0.0 millisecond [PASSED]
Unknown : 0.0 millivolt [PASSED]
Unknown : 0.0 millivolt [PASSED]",Unknown : -40.0 degree_Celsius [PASSED],Unknown : 0.0 ohm [PASSED],Unknown : 0.0 count [PASSED],"Unknown : 0.0 degree [PASSED]
Unknown : 0.0 degree [PASSED]
Unknown : 0.0 degree [PASSED]
Unknown : 0.0 degree [PASSED]",0.695 volt,-0.01953125 milliampere,"((), (False, False, False, False), (False, False, True, True))",India OBD II (IOBD II),0101010001000000000000000000000000000000,10111110001111101010100000010011,10000000000001111011000000010001,11111110110100001000010000000001,6.2745098039215685 percent,1534.5 revolutions_per_minute,1479.0 second,0.0 percent,57.0 kilometer_per_hour,<obd.OBDResponse.Status object at 0x79ab2765d0c0>,<obd.OBDResponse.Status object at 0x79ab2765d180>,8.235294117647058 percent,16.470588235294116 percent,16.862745098039216 percent,18.0 degree,bytearray(b'MEXKRDPA7NG020286'),0.0 count,2025-04-28 15:09:26,2025-04-28 15:09:32,2025-04-28 15:09:26,Signal Acquired,15.407172,73.906092,3.36,-4.69,10.85,-0.44,0.08,0.1,NO
,,,,,,,,,,,,,,,,,,,,,,,,,,,,,,,,,,,,,,,,,,,,,,,,,,,,,,,,,,,,,,,,,,,,,,,,,,,,,,,,,,,,,,,,,,,,,,,,,,,,,,,,,2025-04-28 15:09:26,Signal Acquired,15.407172,73.906092,1.49,0.25,8.54,-0.04,0.0,-0.06,NO
,,,,,,,,,,,,,,,,,,,,,,,,,,,,,,,,,,,,,,,,,,,,,,,,,,,,,,,,,,,,,,,,,,,,,,,,,,,,,,,,,,,,,,,,,,,,,,,,,,,,,,,,,2025-04-28 15:09:26,Signal Acquired,15.407375,73.906043,2.28,-0.02,9.88,-0.04,0.05,-0.08,NO
23.137254901960784 percent,14.509803921568627 percent,14.901960784313726 percent,33 degree_Celsius,99 kilopascal,bytearray(b'5E018DD3844BEA'),559.5 degree_Celsius,,,,,,0.0 kilometer,0.0 kilometer,,,,,,,,,,,,,,,,,,,,,,,,,,,,,,,,,,,,,,,ELM327 v1.5,13.0 volt,0.0 percent,0.0 percent,89.80392156862744 percent,"('Open loop due to engine load OR fuel cut due to deceleration', '')",Gasoline,[],[],30 kilopascal,53 degree_Celsius,1.5625 percent,0.0 percent,11000000000000000000000000000001,10000000000000000000100000001001,11000000000000000000000000000001,1.0,1.0,01111000000000000000000000000000,Unknown : 0.0 percent [PASSED],"Average misfire counts for last ten driving cycles : 0.0 count [PASSED]
Misfire counts for last/current driving cycles : 0.0 count [PASSED]","Average misfire counts for last ten driving cycles : 0.0 count [PASSED]
Misfire counts for last/current driving cycles : 0.0 count [PASSED]","Average misfire counts for last ten driving cycles : 0.0 count [PASSED]
Misfire counts for last/current driving cycles : 0.0 count [PASSED]","Average misfire counts for last ten driving cycles : 0.0 count [PASSED]
Misfire counts for last/current driving cycles : 0.0 count [PASSED]","Unknown : 0.0 count [PASSED]
Unknown : 0.0 count [PASSED]
Unknown : 0.0 ratio [PASSED]
Unknown : 0.0 millisecond [PASSED]","Rich to lean sensor switch time : 0.0 millisecond [PASSED]
Unknown : 0.0 millivolt [PASSED]
Unknown : 0.0 millivolt [PASSED]",Unknown : -40.0 degree_Celsius [PASSED],Unknown : 0.0 ohm [PASSED],Unknown : 0.0 count [PASSED],"Unknown : 0.0 degree [PASSED]
Unknown : 0.0 degree [PASSED]
Unknown : 0.0 degree [PASSED]
Unknown : 0.0 degree [PASSED]",0.005 volt,1.28515625 milliampere,"((), (False, False, False, False), (False, False, True, True))",India OBD II (IOBD II),0101010001000000000000000000000000000000,10111110001111101010100000010011,10000000000001111011000000010001,11111110110100001000010000000001,3.1372549019607843 percent,1568.5 revolutions_per_minute,1486.0 second,0.0 percent,58.0 kilometer_per_hour,<obd.OBDResponse.Status object at 0x79ab276677f0>,<obd.OBDResponse.Status object at 0x79ab276678b0>,4.313725490196078 percent,13.72549019607843 percent,13.72549019607843 percent,-10.0 degree,bytearray(b'MEXKRDPA7NG020286'),0.0 count,2025-04-28 15:09:33,2025-04-28 15:09:40,2025-04-28 15:09:33,Signal Acquired,15.407375,73.906043,5.9,-0.37,6.91,0.01,-0.16,0.02,NO
,,,,,,,,,,,,,,,,,,,,,,,,,,,,,,,,,,,,,,,,,,,,,,,,,,,,,,,,,,,,,,,,,,,,,,,,,,,,,,,,,,,,,,,,,,,,,,,,,,,,,,,,,2025-04-28 15:09:33,Signal Acquired,15.407582,73.906006,2.91,-0.94,9.65,-0.18,0.03,-0.02,NO
,,,,,,,,,,,,,,,,,,,,,,,,,,,,,,,,,,,,,,,,,,,,,,,,,,,,,,,,,,,,,,,,,,,,,,,,,,,,,,,,,,,,,,,,,,,,,,,,,,,,,,,,,2025-04-28 15:09:33,Signal Acquired,15.407582,73.906006,1.97,0.66,9.65,-0.03,-0.13,-0.0,NO
24.313725490196077 percent,14.509803921568627 percent,14.901960784313726 percent,33 degree_Celsius,99 kilopascal,bytearray(b'5E018DD3844BEA'),542.0 degree_Celsius,,,,,,0.0 kilometer,0.0 kilometer,,,,,,,,,,,,,,,,,,,,,,,,,,,,,,,,,,,,,,,ELM327 v1.5,12.5 volt,26.666666666666668 percent,4.705882352941177 percent,89.80392156862744 percent,"('Closed loop, using oxygen sensor feedback to determine fuel mix', '')",Gasoline,[],[],36 kilopascal,53 degree_Celsius,1.5625 percent,0.0 percent,11000000000000000000000000000001,10000000000000000000100000001001,11000000000000000000000000000001,1.0,1.0,01111000000000000000000000000000,Unknown : 0.0 percent [PASSED],"Average misfire counts for last ten driving cycles : 0.0 count [PASSED]
Misfire counts for last/current driving cycles : 0.0 count [PASSED]","Average misfire counts for last ten driving cycles : 0.0 count [PASSED]
Misfire counts for last/current driving cycles : 0.0 count [PASSED]","Average misfire counts for last ten driving cycles : 0.0 count [PASSED]
Misfire counts for last/current driving cycles : 0.0 count [PASSED]","Average misfire counts for last ten driving cycles : 0.0 count [PASSED]
Misfire counts for last/current driving cycles : 0.0 count [PASSED]","Unknown : 0.0 count [PASSED]
Unknown : 0.0 count [PASSED]
Unknown : 0.0 ratio [PASSED]
Unknown : 0.0 millisecond [PASSED]","Rich to lean sensor switch time : 0.0 millisecond [PASSED]
Unknown : 0.0 millivolt [PASSED]
Unknown : 0.0 millivolt [PASSED]",Unknown : -40.0 degree_Celsius [PASSED],Unknown : 0.0 ohm [PASSED],Unknown : 0.0 count [PASSED],"Unknown : 0.0 degree [PASSED]
Unknown : 0.0 degree [PASSED]
Unknown : 0.0 degree [PASSED]
Unknown : 0.0 degree [PASSED]",0.125 volt,-0.23046875 milliampere,"((), (False, False, False, False), (False, False, True, True))",India OBD II (IOBD II),0101010001000000000000000000000000000000,10111110001111101010100000010011,10000000000001111011000000010001,11111110110100001000010000000001,2.3529411764705883 percent,927.5 revolutions_per_minute,1494.0 second,0.78125 percent,16.0 kilometer_per_hour,<obd.OBDResponse.Status object at 0x79ab27689330>,<obd.OBDResponse.Status object at 0x79ab276893f0>,3.9215686274509802 percent,13.333333333333334 percent,13.333333333333334 percent,-1.5 degree,bytearray(b'MEXKRDPA7NG020286'),0.0 count,2025-04-28 15:09:41,2025-04-28 15:09:47,2025-04-28 15:09:41,Signal Acquired,15.407794,73.905976,-3.44,0.2,10.08,-0.1,-0.03,0.0,NO
,,,,,,,,,,,,,,,,,,,,,,,,,,,,,,,,,,,,,,,,,,,,,,,,,,,,,,,,,,,,,,,,,,,,,,,,,,,,,,,,,,,,,,,,,,,,,,,,,,,,,,,,,2025-04-28 15:09:41,Signal Acquired,15.407794,73.905976,-0.97,2.65,13.57,0.03,0.07,0.05,NO
,,,,,,,,,,,,,,,,,,,,,,,,,,,,,,,,,,,,,,,,,,,,,,,,,,,,,,,,,,,,,,,,,,,,,,,,,,,,,,,,,,,,,,,,,,,,,,,,,,,,,,,,,2025-04-28 15:09:41,Signal Acquired,15.408008,73.90595,0.77,1.61,6.27,0.22,-0.09,-0.05,NO
25.49019607843137 percent,14.509803921568627 percent,14.901960784313726 percent,33 degree_Celsius,99 kilopascal,bytearray(b'5E018DD3844BEA'),532.6 degree_Celsius,,,,,,0.0 kilometer,0.0 kilometer,,,,,,,,,,,,,,,,,,,,,,,,,,,,,,,,,,,,,,,ELM327 v1.5,12.5 volt,42.35294117647059 percent,8.235294117647058 percent,89.80392156862744 percent,"('Closed loop, using oxygen sensor feedback to determine fuel mix', '')",Gasoline,[],[],48 kilopascal,53 degree_Celsius,1.5625 percent,0.0 percent,11000000000000000000000000000001,10000000000000000000100000001001,11000000000000000000000000000001,1.0,1.0,01111000000000000000000000000000,Unknown : 0.0 percent [PASSED],"Average misfire counts for last ten driving cycles : 0.0 count [PASSED]
Misfire counts for last/current driving cycles : 0.0 count [PASSED]","Average misfire counts for last ten driving cycles : 0.0 count [PASSED]
Misfire counts for last/current driving cycles : 0.0 count [PASSED]","Average misfire counts for last ten driving cycles : 0.0 count [PASSED]
Misfire counts for last/current driving cycles : 0.0 count [PASSED]","Average misfire counts for last ten driving cycles : 0.0 count [PASSED]
Misfire counts for last/current driving cycles : 0.0 count [PASSED]","Unknown : 0.0 count [PASSED]
Unknown : 0.0 count [PASSED]
Unknown : 0.0 ratio [PASSED]
Unknown : 0.0 millisecond [PASSED]","Rich to lean sensor switch time : 0.0 millisecond [PASSED]
Unknown : 0.0 millivolt [PASSED]
Unknown : 0.0 millivolt [PASSED]",Unknown : -40.0 degree_Celsius [PASSED],Unknown : 0.0 ohm [PASSED],Unknown : 0.0 count [PASSED],"Unknown : 0.0 degree [PASSED]
Unknown : 0.0 degree [PASSED]
Unknown : 0.0 degree [PASSED]
Unknown : 0.0 degree [PASSED]",0.755 volt,-0.0078125 milliampere,"((), (False, False, False, False), (False, False, True, True))",India OBD II (IOBD II),0101010001000000000000000000000000000000,10111110001111101010100000010011,10000000000001111011000000010001,11111110110100001000010000000001,0.39215686274509803 percent,1064.0 revolutions_per_minute,1502.0 second,-0.78125 percent,12.0 kilometer_per_hour,<obd.OBDResponse.Status object at 0x79ab27687940>,<obd.OBDResponse.Status object at 0x79ab27687a00>,4.705882352941177 percent,13.72549019607843 percent,13.72549019607843 percent,-4.0 degree,bytearray(b'MEXKRDPA7NG020286'),0.0 count,2025-04-28 15:09:49,2025-04-28 15:09:55,2025-04-28 15:09:49,Signal Acquired,15.408008,73.90595,0.95,0.53,7.41,-0.13,0.12,0.03,NO
,,,,,,,,,,,,,,,,,,,,,,,,,,,,,,,,,,,,,,,,,,,,,,,,,,,,,,,,,,,,,,,,,,,,,,,,,,,,,,,,,,,,,,,,,,,,,,,,,,,,,,,,,2025-04-28 15:09:49,Signal Acquired,15.408223,73.90592,1.7,1.93,12.85,0.19,-0.12,-0.01,NO
,,,,,,,,,,,,,,,,,,,,,,,,,,,,,,,,,,,,,,,,,,,,,,,,,,,,,,,,,,,,,,,,,,,,,,,,,,,,,,,,,,,,,,,,,,,,,,,,,,,,,,,,,2025-04-28 15:09:49,Signal Acquired,15.408223,73.90592,3.84,0.51,9.33,-0.01,-0.03,-0.02,NO
,2025-04-28 15:09:57,Signal Acquired,15.408438,73.905891,1.62,0.56,7.02,-0.07,0.04,-0.05,NO
,2025-04-28 15:09:57,Signal Acquired,15.408438,73.905891,1.55,2.05,7.33,0.02,0.05,-0.05,NO
,2025-04-28 15:09:57,Signal Acquired,15.408651,73.905871,2.28,0.51,10.88,0.02,0.07,-0.09,NO
,,,,,,,,,,,,,,,,,,,,,,,,,,,,,,,,,,,,,,,,,,,,,,,,,,,,,,,,,,,,,,,,,,,,,,,,,,,,,,,,,,,,,,,,,,,,,,,,,,,,,,,,,2025-04-28 15:10:04,Signal Acquired,15.408651,73.905871,4.49,0.28,8.2,0.0,0.06,-0.05,NO
,,,,,,,,,,,,,,,,,,,,,,,,,,,,,,,,,,,,,,,,,,,,,,,,,,,,,,,,,,,,,,,,,,,,,,,,,,,,,,,,,,,,,,,,,,,,,,,,,,,,,,,,,2025-04-28 15:10:04,Signal Acquired,15.408868,73.905865,0.24,0.74,8.72,-0.07,0.06,0.01,NO
,,,,,,,,,,,,,,,,,,,,,,,,,,,,,,,,,,,,,,,,,,,,,,,,,,,,,,,,,,,,,,,,,,,,,,,,,,,,,,,,,,,,,,,,,,,,,,,,,,,,,,,,,2025-04-28 15:10:04,Signal Acquired,15.408868,73.905865,4.87,0.18,8.69,0.01,0.01,0.02,NO
,,,,,,,,,,,,,,,,,,,,,,,,,,,,,,,,,,,,,,,,,,,,,,,,,,,,,,,,,,,,,,,,,,,,,,,,,,,,,,,,,,,,,,,,,,,,,,,,,,,,,,,,,2025-04-28 15:10:06,Signal Acquired,15.409085,73.90587,1.99,1.01,8.6,-0.04,0.02,-0.01,NO
,,,,,,,,,,,,,,,,,,,,,,,,,,,,,,,,,,,,,,,,,,,,,,,,,,,,,,,,,,,,,,,,,,,,,,,,,,,,,,,,,,,,,,,,,,,,,,,,,,,,,,,,,2025-04-28 15:10:06,Signal Acquired,15.409085,73.90587,-0.32,0.5,10.18,-0.06,0.04,0.03,NO
,,,,,,,,,,,,,,,,,,,,,,,,,,,,,,,,,,,,,,,,,,,,,,,,,,,,,,,,,,,,,,,,,,,,,,,,,,,,,,,,,,,,,,,,,,,,,,,,,,,,,,,,,2025-04-28 15:10:06,Signal Acquired,15.409301,73.905877,3.22,0.05,8.3,0.03,-0.22,0.0,NO
,,,,,,,,,,,,,,,,,,,,,,,,,,,,,,,,,,,,,,,,,,,,,,,,,,,,,,,,,,,,,,,,,,,,,,,,,,,,,,,,,,,,,,,,,,,,,,,,,,,,,,,,,2025-04-28 15:10:08,Signal Acquired,15.409301,73.905877,1.74,1.08,8.76,-0.02,0.02,0.01,NO
,,,,,,,,,,,,,,,,,,,,,,,,,,,,,,,,,,,,,,,,,,,,,,,,,,,,,,,,,,,,,,,,,,,,,,,,,,,,,,,,,,,,,,,,,,,,,,,,,,,,,,,,,2025-04-28 15:10:08,Signal Acquired,15.409518,73.905887,1.99,1.45,8.45,0.04,0.07,-0.01,NO
,,,,,,,,,,,,,,,,,,,,,,,,,,,,,,,,,,,,,,,,,,,,,,,,,,,,,,,,,,,,,,,,,,,,,,,,,,,,,,,,,,,,,,,,,,,,,,,,,,,,,,,,,2025-04-28 15:10:08,Signal Acquired,15.409518,73.905887,1.62,0.88,9.16,-0.12,0.13,0.01,NO
,,,,,,,,,,,,,,,,,,,,,,,,,,,,,,,,,,,,,,,,,,,,,,,,,,,,,,,,,,,,,,,,,,,,,,,,,,,,,,,,,,,,,,,,,,,,,,,,,,,,,,,,,2025-04-28 15:10:11,Signal Acquired,15.409735,73.905897,3.29,0.33,7.97,-0.0,-0.01,0.01,NO
,,,,,,,,,,,,,,,,,,,,,,,,,,,,,,,,,,,,,,,,,,,,,,,,,,,,,,,,,,,,,,,,,,,,,,,,,,,,,,,,,,,,,,,,,,,,,,,,,,,,,,,,,2025-04-28 15:10:11,Signal Acquired,15.409735,73.905897,-0.01,0.64,8.04,-0.12,0.08,0.02,NO
,,,,,,,,,,,,,,,,,,,,,,,,,,,,,,,,,,,,,,,,,,,,,,,,,,,,,,,,,,,,,,,,,,,,,,,,,,,,,,,,,,,,,,,,,,,,,,,,,,,,,,,,,2025-04-28 15:10:11,Signal Acquired,15.409954,73.905903,2.27,0.37,9.58,-0.02,-0.12,0.0,NO
,,,,,,,,,,,,,,,,,,,,,,,,,,,,,,,,,,,,,,,,,,,,,,,,,,,,,,,,,,,,,,,,,,,,,,,,,,,,,,,,,,,,,,,,,,,,,,,,,,,,,,,,,2025-04-28 15:10:13,Signal Acquired,15.409954,73.905903,2.29,0.98,10.41,0.03,0.06,-0.02,NO
,,,,,,,,,,,,,,,,,,,,,,,,,,,,,,,,,,,,,,,,,,,,,,,,,,,,,,,,,,,,,,,,,,,,,,,,,,,,,,,,,,,,,,,,,,,,,,,,,,,,,,,,,2025-04-28 15:10:13,Signal Acquired,15.410171,73.905912,2.16,0.2,8.34,-0.02,0.1,-0.02,NO
,,,,,,,,,,,,,,,,,,,,,,,,,,,,,,,,,,,,,,,,,,,,,,,,,,,,,,,,,,,,,,,,,,,,,,,,,,,,,,,,,,,,,,,,,,,,,,,,,,,,,,,,,2025-04-28 15:10:13,Signal Acquired,15.410171,73.905912,0.48,0.8,9.68,-0.02,0.11,-0.01,NO
,,,,,,,,,,,,,,,,,,,,,,,,,,,,,,,,,,,,,,,,,,,,,,,,,,,,,,,,,,,,,,,,,,,,,,,,,,,,,,,,,,,,,,,,,,,,,,,,,,,,,,,,,2025-04-28 15:10:15,Signal Acquired,15.41039,73.905919,5.42,0.48,7.84,-0.0,0.04,-0.01,NO
,,,,,,,,,,,,,,,,,,,,,,,,,,,,,,,,,,,,,,,,,,,,,,,,,,,,,,,,,,,,,,,,,,,,,,,,,,,,,,,,,,,,,,,,,,,,,,,,,,,,,,,,,2025-04-28 15:10:15,Signal Acquired,15.41039,73.905919,2.12,-0.01,8.57,-0.03,0.04,-0.03,NO
,,,,,,,,,,,,,,,,,,,,,,,,,,,,,,,,,,,,,,,,,,,,,,,,,,,,,,,,,,,,,,,,,,,,,,,,,,,,,,,,,,,,,,,,,,,,,,,,,,,,,,,,,2025-04-28 15:10:15,Signal Acquired,15.410609,73.905928,0.42,0.69,9.08,-0.03,-0.0,-0.07,NO
16.470588235294116 percent,20.0 percent,20.0 percent,33 degree_Celsius,99 kilopascal,bytearray(b'5E018DD3844BEA'),585.3000000000001 degree_Celsius,,,,,,,0.0 kilometer,,,,,,,,,,,,,,,,,,,,,,,,,,,,,,,,,,,,,,,ELM327 v1.5,12.5 volt,20.392156862745097 percent,9.803921568627452 percent,89.80392156862744 percent,"('Closed loop, using oxygen sensor feedback to determine fuel mix', '')",Gasoline,[],[],31 kilopascal,54 degree_Celsius,0.78125 percent,0.0 percent,11000000000000000000000000000001,10000000000000000000100000001001,11000000000000000000000000000001,1.0,1.0,01111000000000000000000000000000,Unknown : 0.0 percent [PASSED],"Average misfire counts for last ten driving cycles : 0.0 count [PASSED]
Misfire counts for last/current driving cycles : 0.0 count [PASSED]","Average misfire counts for last ten driving cycles : 0.0 count [PASSED]
Misfire counts for last/current driving cycles : 0.0 count [PASSED]","Average misfire counts for last ten driving cycles : 0.0 count [PASSED]
Misfire counts for last/current driving cycles : 0.0 count [PASSED]","Average misfire counts for last ten driving cycles : 0.0 count [PASSED]
Misfire counts for last/current driving cycles : 0.0 count [PASSED]","Unknown : 0.0 count [PASSED]
Unknown : 0.0 count [PASSED]
Unknown : 0.0 ratio [PASSED]
Unknown : 0.0 millisecond [PASSED]","Rich to lean sensor switch time : 0.0 millisecond [PASSED]
Unknown : 0.0 millivolt [PASSED]
Unknown : 0.0 millivolt [PASSED]",Unknown : -40.0 degree_Celsius [PASSED],Unknown : 0.0 ohm [PASSED],Unknown : 0.0 count [PASSED],"Unknown : 0.0 degree [PASSED]
Unknown : 0.0 degree [PASSED]
Unknown : 0.0 degree [PASSED]
Unknown : 0.0 degree [PASSED]",0.705 volt,0.0 milliampere,"((), (False, False, False, False), (False, False, True, True))",India OBD II (IOBD II),0101010001000000000000000000000000000000,10111110001111101010100000010011,10000000000001111011000000010001,11111110110100001000010000000001,2.7450980392156863 percent,1077.0 revolutions_per_minute,1563.0 second,-1.5625 percent,50.0 kilometer_per_hour,<obd.OBDResponse.Status object at 0x76f77b984040>,<obd.OBDResponse.Status object at 0x76f77b984580>,3.5294117647058822 percent,12.941176470588236 percent,13.333333333333334 percent,19.5 degree,bytearray(b'MEXKRDPA7NG020286'),0.0 count,2025-04-28 15:10:51,2025-04-28 15:10:56,2025-04-28 15:10:51,Signal Acquired,15.460702,73.866503,-0.89,-0.2,10.03,-0.01,0.03,-0.0,NO
,,,,,,,,,,,,,,,,,,,,,,,,,,,,,,,,,,,,,,,,,,,,,,,,,,,,,,,,,,,,,,,,,,,,,,,,,,,,,,,,,,,,,,,,,,,,,,,,,,,,,,,,,2025-04-28 15:10:51,Signal Acquired,15.460702,73.866503,3.41,-0.34,9.37,0.02,0.01,0.01,NO
,,,,,,,,,,,,,,,,,,,,,,,,,,,,,,,,,,,,,,,,,,,,,,,,,,,,,,,,,,,,,,,,,,,,,,,,,,,,,,,,,,,,,,,,,,,,,,,,,,,,,,,,,2025-04-28 15:10:52,Signal Acquired,15.460579,73.866483,2.96,-0.03,9.83,-0.02,-0.04,-0.0,NO
20.784313725490197 percent,21.568627450980394 percent,21.568627450980394 percent,33 degree_Celsius,99 kilopascal,bytearray(b'5E018DD3844BEA'),577.7 degree_Celsius,,,,,,,0.0 kilometer,,,,,,,,,,,,,,,,,,,,,,,,,,,,,,,,,,,,,,,ELM327 v1.5,12.5 volt,27.45098039215686 percent,12.549019607843137 percent,89.80392156862744 percent,"('Closed loop, using oxygen sensor feedback to determine fuel mix', '')",Gasoline,[],[],40 kilopascal,54 degree_Celsius,1.5625 percent,0.0 percent,11000000000000000000000000000001,10000000000000000000100000001001,11000000000000000000000000000001,1.0,1.0,01111000000000000000000000000000,Unknown : 0.0 percent [PASSED],"Average misfire counts for last ten driving cycles : 0.0 count [PASSED]
Misfire counts for last/current driving cycles : 0.0 count [PASSED]","Average misfire counts for last ten driving cycles : 0.0 count [PASSED]
Misfire counts for last/current driving cycles : 0.0 count [PASSED]","Average misfire counts for last ten driving cycles : 0.0 count [PASSED]
Misfire counts for last/current driving cycles : 0.0 count [PASSED]","Average misfire counts for last ten driving cycles : 0.0 count [PASSED]
Misfire counts for last/current driving cycles : 0.0 count [PASSED]","Unknown : 0.0 count [PASSED]
Unknown : 0.0 count [PASSED]
Unknown : 0.0 ratio [PASSED]
Unknown : 0.0 millisecond [PASSED]","Rich to lean sensor switch time : 0.0 millisecond [PASSED]
Unknown : 0.0 millivolt [PASSED]
Unknown : 0.0 millivolt [PASSED]",Unknown : -40.0 degree_Celsius [PASSED],Unknown : 0.0 ohm [PASSED],Unknown : 0.0 count [PASSED],"Unknown : 0.0 degree [PASSED]
Unknown : 0.0 degree [PASSED]
Unknown : 0.0 degree [PASSED]
Unknown : 0.0 degree [PASSED]",0.7 volt,-0.00390625 milliampere,"((), (False, False, False, False), (False, False, True, True))",India OBD II (IOBD II),0101010001000000000000000000000000000000,10111110001111101010100000010011,10000000000001111011000000010001,11111110110100001000010000000001,4.705882352941177 percent,1104.5 revolutions_per_minute,1569.0 second,-1.5625 percent,51.0 kilometer_per_hour,<obd.OBDResponse.Status object at 0x76f77a0286a0>,<obd.OBDResponse.Status object at 0x76f77a028760>,6.666666666666667 percent,15.686274509803921 percent,15.686274509803921 percent,10.5 degree,bytearray(b'MEXKRDPA7NG020286'),0.0 count,2025-04-28 15:10:57,2025-04-28 15:11:02,2025-04-28 15:10:57,Signal Acquired,15.460579,73.866483,2.11,-0.47,6.97,-0.06,-0.01,0.0,NO
,,,,,,,,,,,,,,,,,,,,,,,,,,,,,,,,,,,,,,,,,,,,,,,,,,,,,,,,,,,,,,,,,,,,,,,,,,,,,,,,,,,,,,,,,,,,,,,,,,,,,,,,,2025-04-28 15:10:57,Signal Acquired,15.460455,73.866463,-0.29,-0.22,10.13,-0.01,-0.07,-0.0,NO
,,,,,,,,,,,,,,,,,,,,,,,,,,,,,,,,,,,,,,,,,,,,,,,,,,,,,,,,,,,,,,,,,,,,,,,,,,,,,,,,,,,,,,,,,,,,,,,,,,,,,,,,,2025-04-28 15:10:57,Signal Acquired,15.460455,73.866463,3.29,0.5,8.86,0.03,-0.0,0.03,NO
43.13725490196078 percent,29.019607843137255 percent,29.019607843137255 percent,33 degree_Celsius,99 kilopascal,bytearray(b'5E018DD3844BEA'),565.6 degree_Celsius,,,,,,,0.0 kilometer,,,,,,,,,,,,,,,,,,,,,,,,,,,,,,,,,,,,,,,ELM327 v1.5,12.5 volt,41.568627450980394 percent,19.215686274509803 percent,89.80392156862744 percent,"('Closed loop, using oxygen sensor feedback to determine fuel mix', '')",Gasoline,[],[],65 kilopascal,53 degree_Celsius,1.5625 percent,0.0 percent,11000000000000000000000000000001,10000000000000000000100000001001,11000000000000000000000000000001,1.0,1.0,01111000000000000000000000000000,Unknown : 0.0 percent [PASSED],"Average misfire counts for last ten driving cycles : 0.0 count [PASSED]
Misfire counts for last/current driving cycles : 0.0 count [PASSED]","Average misfire counts for last ten driving cycles : 0.0 count [PASSED]
Misfire counts for last/current driving cycles : 0.0 count [PASSED]","Average misfire counts for last ten driving cycles : 0.0 count [PASSED]
Misfire counts for last/current driving cycles : 0.0 count [PASSED]","Average misfire counts for last ten driving cycles : 0.0 count [PASSED]
Misfire counts for last/current driving cycles : 0.0 count [PASSED]","Unknown : 0.0 count [PASSED]
Unknown : 0.0 count [PASSED]
Unknown : 0.0 ratio [PASSED]
Unknown : 0.0 millisecond [PASSED]","Rich to lean sensor switch time : 0.0 millisecond [PASSED]
Unknown : 0.0 millivolt [PASSED]
Unknown : 0.0 millivolt [PASSED]",Unknown : -40.0 degree_Celsius [PASSED],Unknown : 0.0 ohm [PASSED],Unknown : 0.0 count [PASSED],"Unknown : 0.0 degree [PASSED]
Unknown : 0.0 degree [PASSED]
Unknown : 0.0 degree [PASSED]
Unknown : 0.0 degree [PASSED]",0.695 volt,-0.01953125 milliampere,"((), (False, False, False, False), (False, False, True, True))",India OBD II (IOBD II),0101010001000000000000000000000000000000,10111110001111101010100000010011,10000000000001111011000000010001,11111110110100001000010000000001,6.666666666666667 percent,1111.5 revolutions_per_minute,1576.0 second,1.5625 percent,51.0 kilometer_per_hour,<obd.OBDResponse.Status object at 0x76f77b976d70>,<obd.OBDResponse.Status object at 0x76f77b976a40>,8.235294117647058 percent,16.470588235294116 percent,16.862745098039216 percent,11.0 degree,bytearray(b'MEXKRDPA7NG020286'),0.0 count,2025-04-28 15:11:04,2025-04-28 15:11:09,2025-04-28 15:11:04,Signal Acquired,15.46033,73.866443,1.95,0.22,9.42,0.03,-0.03,0.02,NO
,,,,,,,,,,,,,,,,,,,,,,,,,,,,,,,,,,,,,,,,,,,,,,,,,,,,,,,,,,,,,,,,,,,,,,,,,,,,,,,,,,,,,,,,,,,,,,,,,,,,,,,,,2025-04-28 15:11:04,Signal Acquired,15.46033,73.866443,-0.06,-0.2,9.6,0.01,0.02,0.0,NO
,,,,,,,,,,,,,,,,,,,,,,,,,,,,,,,,,,,,,,,,,,,,,,,,,,,,,,,,,,,,,,,,,,,,,,,,,,,,,,,,,,,,,,,,,,,,,,,,,,,,,,,,,2025-04-28 15:11:04,Signal Acquired,15.460204,73.866426,-1.99,-0.61,9.71,-0.02,0.08,0.01,NO
46.27450980392157 percent,29.41176470588235 percent,29.41176470588235 percent,33 degree_Celsius,99 kilopascal,bytearray(b'5E018DD3844BEA'),553.6 degree_Celsius,,,,,,,0.0 kilometer,,,,,,,,,,,,,,,,,,,,,,,,,,,,,,,,,,,,,,,ELM327 v1.5,12.5 volt,43.92156862745098 percent,20.0 percent,89.80392156862744 percent,"('Closed loop, using oxygen sensor feedback to determine fuel mix', '')",Gasoline,[],[],65 kilopascal,52 degree_Celsius,1.5625 percent,0.0 percent,11000000000000000000000000000001,10000000000000000000100000001001,11000000000000000000000000000001,1.0,1.0,01111000000000000000000000000000,Unknown : 0.0 percent [PASSED],"Average misfire counts for last ten driving cycles : 0.0 count [PASSED]
Misfire counts for last/current driving cycles : 0.0 count [PASSED]","Average misfire counts for last ten driving cycles : 0.0 count [PASSED]
Misfire counts for last/current driving cycles : 0.0 count [PASSED]","Average misfire counts for last ten driving cycles : 0.0 count [PASSED]
Misfire counts for last/current driving cycles : 0.0 count [PASSED]","Average misfire counts for last ten driving cycles : 0.0 count [PASSED]
Misfire counts for last/current driving cycles : 0.0 count [PASSED]","Unknown : 0.0 count [PASSED]
Unknown : 0.0 count [PASSED]
Unknown : 0.0 ratio [PASSED]
Unknown : 0.0 millisecond [PASSED]","Rich to lean sensor switch time : 0.0 millisecond [PASSED]
Unknown : 0.0 millivolt [PASSED]
Unknown : 0.0 millivolt [PASSED]",Unknown : -40.0 degree_Celsius [PASSED],Unknown : 0.0 ohm [PASSED],Unknown : 0.0 count [PASSED],"Unknown : 0.0 degree [PASSED]
Unknown : 0.0 degree [PASSED]
Unknown : 0.0 degree [PASSED]
Unknown : 0.0 degree [PASSED]",0.695 volt,-0.01171875 milliampere,"((), (False, False, False, False), (False, False, True, True))",India OBD II (IOBD II),0101010001000000000000000000000000000000,10111110001111101010100000010011,10000000000001111011000000010001,11111110110100001000010000000001,6.2745098039215685 percent,1080.0 revolutions_per_minute,1583.0 second,1.5625 percent,49.0 kilometer_per_hour,<obd.OBDResponse.Status object at 0x76f77a047070>,<obd.OBDResponse.Status object at 0x76f77a044130>,8.235294117647058 percent,16.862745098039216 percent,16.862745098039216 percent,10.5 degree,bytearray(b'MEXKRDPA7NG020286'),0.0 count,2025-04-28 15:11:11,2025-04-28 15:11:16,2025-04-28 15:11:11,Signal Acquired,15.460204,73.866426,4.19,-0.92,8.14,-0.04,-0.01,0.02,NO
,,,,,,,,,,,,,,,,,,,,,,,,,,,,,,,,,,,,,,,,,,,,,,,,,,,,,,,,,,,,,,,,,,,,,,,,,,,,,,,,,,,,,,,,,,,,,,,,,,,,,,,,,2025-04-28 15:11:11,Signal Acquired,15.460077,73.86641,6.91,0.33,8.81,-0.09,-0.15,0.05,NO
,,,,,,,,,,,,,,,,,,,,,,,,,,,,,,,,,,,,,,,,,,,,,,,,,,,,,,,,,,,,,,,,,,,,,,,,,,,,,,,,,,,,,,,,,,,,,,,,,,,,,,,,,2025-04-28 15:11:11,Signal Acquired,15.460077,73.86641,-1.21,0.63,10.64,0.01,0.04,0.0,NO
46.666666666666664 percent,29.41176470588235 percent,29.41176470588235 percent,33 degree_Celsius,99 kilopascal,bytearray(b'5E018DD3844BEA'),544.7 degree_Celsius,,,,,,0.0 kilometer,0.0 kilometer,,,,,,,,,,,,,,,,,,,,,,,,,,,,,,,,,,,,,,,ELM327 v1.5,12.5 volt,39.6078431372549 percent,12.941176470588236 percent,89.80392156862744 percent,"('Closed loop, using oxygen sensor feedback to determine fuel mix', '')",Gasoline,[],[],55 kilopascal,52 degree_Celsius,1.5625 percent,0.0 percent,11000000000000000000000000000001,10000000000000000000100000001001,11000000000000000000000000000001,1.0,1.0,01111000000000000000000000000000,Unknown : 0.0 percent [PASSED],"Average misfire counts for last ten driving cycles : 0.0 count [PASSED]
Misfire counts for last/current driving cycles : 0.0 count [PASSED]","Average misfire counts for last ten driving cycles : 0.0 count [PASSED]
Misfire counts for last/current driving cycles : 0.0 count [PASSED]","Average misfire counts for last ten driving cycles : 0.0 count [PASSED]
Misfire counts for last/current driving cycles : 0.0 count [PASSED]","Average misfire counts for last ten driving cycles : 0.0 count [PASSED]
Misfire counts for last/current driving cycles : 0.0 count [PASSED]","Unknown : 0.0 count [PASSED]
Unknown : 0.0 count [PASSED]
Unknown : 0.0 ratio [PASSED]
Unknown : 0.0 millisecond [PASSED]","Rich to lean sensor switch time : 0.0 millisecond [PASSED]
Unknown : 0.0 millivolt [PASSED]
Unknown : 0.0 millivolt [PASSED]",Unknown : -40.0 degree_Celsius [PASSED],Unknown : 0.0 ohm [PASSED],Unknown : 0.0 count [PASSED],"Unknown : 0.0 degree [PASSED]
Unknown : 0.0 degree [PASSED]
Unknown : 0.0 degree [PASSED]
Unknown : 0.0 degree [PASSED]",0.725 volt,-0.015625 milliampere,"((), (False, False, False, False), (False, False, True, True))",India OBD II (IOBD II),0101010001000000000000000000000000000000,10111110001111101010100000010011,10000000000001111011000000010001,11111110110100001000010000000001,5.098039215686274 percent,1067.0 revolutions_per_minute,1590.0 second,0.78125 percent,49.0 kilometer_per_hour,<obd.OBDResponse.Status object at 0x76f77a07e620>,<obd.OBDResponse.Status object at 0x76f77a07e6e0>,7.0588235294117645 percent,15.686274509803921 percent,15.686274509803921 percent,9.5 degree,bytearray(b'MEXKRDPA7NG020286'),0.0 count,2025-04-28 15:11:18,2025-04-28 15:11:23,2025-04-28 15:11:18,Signal Acquired,15.459949,73.866394,-1.07,-0.06,9.73,0.02,0.05,0.01,NO
,,,,,,,,,,,,,,,,,,,,,,,,,,,,,,,,,,,,,,,,,,,,,,,,,,,,,,,,,,,,,,,,,,,,,,,,,,,,,,,,,,,,,,,,,,,,,,,,,,,,,,,,,2025-04-28 15:11:18,Signal Acquired,15.459949,73.866394,-1.95,0.44,10.69,0.12,-0.0,0.0,NO
,,,,,,,,,,,,,,,,,,,,,,,,,,,,,,,,,,,,,,,,,,,,,,,,,,,,,,,,,,,,,,,,,,,,,,,,,,,,,,,,,,,,,,,,,,,,,,,,,,,,,,,,,2025-04-28 15:11:18,Signal Acquired,15.459818,73.866381,-0.55,0.19,8.62,-0.01,-0.01,0.03,NO
40.78431372549019 percent,27.84313725490196 percent,27.84313725490196 percent,33 degree_Celsius,99 kilopascal,bytearray(b'5E018DD3844BEA'),537.8000000000001 degree_Celsius,,,,,,0.0 kilometer,0.0 kilometer,,,,,,,,,,,,,,,,,,,,,,,,,,,,,,,,,,,,,,,ELM327 v1.5,12.5 volt,38.431372549019606 percent,12.549019607843137 percent,89.80392156862744 percent,"('Closed loop, using oxygen sensor feedback to determine fuel mix', '')",Gasoline,[],[],46 kilopascal,52 degree_Celsius,1.5625 percent,0.0 percent,11000000000000000000000000000001,10000000000000000000100000001001,11000000000000000000000000000001,1.0,1.0,01111000000000000000000000000000,Unknown : 0.0 percent [PASSED],"Average misfire counts for last ten driving cycles : 0.0 count [PASSED]
Misfire counts for last/current driving cycles : 0.0 count [PASSED]","Average misfire counts for last ten driving cycles : 0.0 count [PASSED]
Misfire counts for last/current driving cycles : 0.0 count [PASSED]","Average misfire counts for last ten driving cycles : 0.0 count [PASSED]
Misfire counts for last/current driving cycles : 0.0 count [PASSED]","Average misfire counts for last ten driving cycles : 0.0 count [PASSED]
Misfire counts for last/current driving cycles : 0.0 count [PASSED]","Unknown : 0.0 count [PASSED]
Unknown : 0.0 count [PASSED]
Unknown : 0.0 ratio [PASSED]
Unknown : 0.0 millisecond [PASSED]","Rich to lean sensor switch time : 0.0 millisecond [PASSED]
Unknown : 0.0 millivolt [PASSED]
Unknown : 0.0 millivolt [PASSED]",Unknown : -40.0 degree_Celsius [PASSED],Unknown : 0.0 ohm [PASSED],Unknown : 0.0 count [PASSED],"Unknown : 0.0 degree [PASSED]
Unknown : 0.0 degree [PASSED]
Unknown : 0.0 degree [PASSED]
Unknown : 0.0 degree [PASSED]",0.745 volt,-0.015625 milliampere,"((), (False, False, False, False), (False, False, True, True))",India OBD II (IOBD II),0101010001000000000000000000000000000000,10111110001111101010100000010011,10000000000001111011000000010001,11111110110100001000010000000001,3.5294117647058822 percent,1038.5 revolutions_per_minute,1596.0 second,0.78125 percent,47.0 kilometer_per_hour,<obd.OBDResponse.Status object at 0x76f77a09c850>,<obd.OBDResponse.Status object at 0x76f77a09c7f0>,4.705882352941177 percent,14.117647058823529 percent,14.117647058823529 percent,12.5 degree,bytearray(b'MEXKRDPA7NG020286'),0.0 count,2025-04-28 15:11:24,2025-04-28 15:11:29,2025-04-28 15:11:24,Signal Acquired,15.459818,73.866381,2.8,-1.19,8.99,-0.01,0.08,0.02,NO
,,,,,,,,,,,,,,,,,,,,,,,,,,,,,,,,,,,,,,,,,,,,,,,,,,,,,,,,,,,,,,,,,,,,,,,,,,,,,,,,,,,,,,,,,,,,,,,,,,,,,,,,,2025-04-28 15:11:24,Signal Acquired,15.459689,73.866371,-0.61,-0.82,9.83,-0.03,-0.01,0.0,NO
,,,,,,,,,,,,,,,,,,,,,,,,,,,,,,,,,,,,,,,,,,,,,,,,,,,,,,,,,,,,,,,,,,,,,,,,,,,,,,,,,,,,,,,,,,,,,,,,,,,,,,,,,2025-04-28 15:11:24,Signal Acquired,15.459689,73.866371,0.98,-0.02,10.45,0.01,-0.08,0.01,NO
18.823529411764707 percent,18.431372549019606 percent,18.431372549019606 percent,33 degree_Celsius,99 kilopascal,bytearray(b'5E018DD3844BEA'),532.6 degree_Celsius,,,,,,,0.0 kilometer,,,,,,,,,,,,,,,,,,,,,,,,,,,,,,,,,,,,,,,ELM327 v1.5,12.5 volt,18.823529411764707 percent,7.8431372549019605 percent,89.80392156862744 percent,"('Closed loop, using oxygen sensor feedback to determine fuel mix', '')",Gasoline,[],[],30 kilopascal,53 degree_Celsius,0.78125 percent,0.0 percent,11000000000000000000000000000001,10000000000000000000100000001001,11000000000000000000000000000001,1.0,1.0,01111000000000000000000000000000,Unknown : 0.0 percent [PASSED],"Average misfire counts for last ten driving cycles : 0.0 count [PASSED]
Misfire counts for last/current driving cycles : 0.0 count [PASSED]","Average misfire counts for last ten driving cycles : 0.0 count [PASSED]
Misfire counts for last/current driving cycles : 0.0 count [PASSED]","Average misfire counts for last ten driving cycles : 0.0 count [PASSED]
Misfire counts for last/current driving cycles : 0.0 count [PASSED]","Average misfire counts for last ten driving cycles : 0.0 count [PASSED]
Misfire counts for last/current driving cycles : 0.0 count [PASSED]","Unknown : 0.0 count [PASSED]
Unknown : 0.0 count [PASSED]
Unknown : 0.0 ratio [PASSED]
Unknown : 0.0 millisecond [PASSED]","Rich to lean sensor switch time : 0.0 millisecond [PASSED]
Unknown : 0.0 millivolt [PASSED]
Unknown : 0.0 millivolt [PASSED]",Unknown : -40.0 degree_Celsius [PASSED],Unknown : 0.0 ohm [PASSED],Unknown : 0.0 count [PASSED],"Unknown : 0.0 degree [PASSED]
Unknown : 0.0 degree [PASSED]
Unknown : 0.0 degree [PASSED]
Unknown : 0.0 degree [PASSED]",0.75 volt,-0.0078125 milliampere,"((), (False, False, False, False), (False, False, True, True))",India OBD II (IOBD II),0101010001000000000000000000000000000000,10111110001111101010100000010011,10000000000001111011000000010001,11111110110100001000010000000001,1.9607843137254901 percent,961.0 revolutions_per_minute,1603.0 second,-2.34375 percent,44.0 kilometer_per_hour,<obd.OBDResponse.Status object at 0x76f77a09f910>,<obd.OBDResponse.Status object at 0x76f77a09fa00>,2.3529411764705883 percent,12.156862745098039 percent,12.549019607843137 percent,0.0 degree,bytearray(b'MEXKRDPA7NG020286'),0.0 count,2025-04-28 15:11:31,2025-04-28 15:11:36,2025-04-28 15:11:31,Signal Acquired,15.459558,73.866363,0.16,-0.59,9.8,-0.04,-0.08,0.03,NO
,,,,,,,,,,,,,,,,,,,,,,,,,,,,,,,,,,,,,,,,,,,,,,,,,,,,,,,,,,,,,,,,,,,,,,,,,,,,,,,,,,,,,,,,,,,,,,,,,,,,,,,,,2025-04-28 15:11:31,Signal Acquired,15.459558,73.866363,-0.85,0.55,11.54,-0.01,0.03,0.01,NO
,,,,,,,,,,,,,,,,,,,,,,,,,,,,,,,,,,,,,,,,,,,,,,,,,,,,,,,,,,,,,,,,,,,,,,,,,,,,,,,,,,,,,,,,,,,,,,,,,,,,,,,,,2025-04-28 15:11:31,Signal Acquired,15.459428,73.866357,1.62,-0.2,9.42,-0.01,0.04,0.02,NO
27.45098039215686 percent,14.509803921568627 percent,14.901960784313726 percent,33 degree_Celsius,99 kilopascal,bytearray(b'5E018DD3844BEA'),528.3000000000001 degree_Celsius,,,,,,,0.0 kilometer,,,,,,,,,,,,,,,,,,,,,,,,,,,,,,,,,,,,,,,ELM327 v1.5,12.5 volt,27.84313725490196 percent,7.8431372549019605 percent,89.80392156862744 percent,"('Closed loop, using oxygen sensor feedback to determine fuel mix', '')",Gasoline,[],[],86 kilopascal,53 degree_Celsius,1.5625 percent,0.0 percent,11000000000000000000000000000001,10000000000000000000100000001001,11000000000000000000000000000001,1.0,1.0,01111000000000000000000000000000,Unknown : 0.0 percent [PASSED],"Average misfire counts for last ten driving cycles : 0.0 count [PASSED]
Misfire counts for last/current driving cycles : 0.0 count [PASSED]","Average misfire counts for last ten driving cycles : 0.0 count [PASSED]
Misfire counts for last/current driving cycles : 0.0 count [PASSED]","Average misfire counts for last ten driving cycles : 0.0 count [PASSED]
Misfire counts for last/current driving cycles : 1.0 count [PASSED]","Average misfire counts for last ten driving cycles : 0.0 count [PASSED]
Misfire counts for last/current driving cycles : 0.0 count [PASSED]","Unknown : 0.0 count [PASSED]
Unknown : 0.0 count [PASSED]
Unknown : 0.0 ratio [PASSED]
Unknown : 0.0 millisecond [PASSED]","Rich to lean sensor switch time : 0.0 millisecond [PASSED]
Unknown : 0.0 millivolt [PASSED]
Unknown : 0.0 millivolt [PASSED]",Unknown : -40.0 degree_Celsius [PASSED],Unknown : 0.0 ohm [PASSED],Unknown : 0.0 count [PASSED],"Unknown : 0.0 degree [PASSED]
Unknown : 0.0 degree [PASSED]
Unknown : 0.0 degree [PASSED]
Unknown : 0.0 degree [PASSED]",0.77 volt,0.0078125 milliampere,"((), (False, False, False, False), (False, False, True, True))",India OBD II (IOBD II),0101010001000000000000000000000000000000,10111110001111101010100000010011,10000000000001111011000000010001,11111110110100001000010000000001,77.25490196078431 percent,1531.0 revolutions_per_minute,1609.0 second,1.5625 percent,45.0 kilometer_per_hour,<obd.OBDResponse.Status object at 0x76f77a0c3c40>,<obd.OBDResponse.Status object at 0x76f77a0c3ca0>,99.6078431372549 percent,87.45098039215686 percent,88.23529411764706 percent,-9.0 degree,bytearray(b'MEXKRDPA7NG020286'),0.0 count,2025-04-28 15:11:37,2025-04-28 15:11:42,2025-04-28 15:11:37,Signal Acquired,15.459428,73.866357,0.01,0.49,8.99,-0.06,0.14,-0.02,NO
,,,,,,,,,,,,,,,,,,,,,,,,,,,,,,,,,,,,,,,,,,,,,,,,,,,,,,,,,,,,,,,,,,,,,,,,,,,,,,,,,,,,,,,,,,,,,,,,,,,,,,,,,2025-04-28 15:11:37,Signal Acquired,15.459297,73.866353,2.7,0.25,9.41,-0.12,-0.13,-0.01,NO
,,,,,,,,,,,,,,,,,,,,,,,,,,,,,,,,,,,,,,,,,,,,,,,,,,,,,,,,,,,,,,,,,,,,,,,,,,,,,,,,,,,,,,,,,,,,,,,,,,,,,,,,,2025-04-28 15:11:37,Signal Acquired,15.459297,73.866353,6.31,-1.71,9.31,-0.06,0.02,0.02,NO
157.2549019607843 percent,59.6078431372549 percent,60.0 percent,33 degree_Celsius,99 kilopascal,bytearray(b'5E018DD3844BEA'),560.8000000000001 degree_Celsius,,,,,,0.0 kilometer,0.0 kilometer,,,,,,,,,,,,,,,,,,,,,,,,,,,,,,,,,,,,,,,ELM327 v1.5,12.5 volt,100.0 percent,98.03921568627452 percent,89.80392156862744 percent,"('Closed loop, using oxygen sensor feedback to determine fuel mix', '')",Gasoline,[],[],211 kilopascal,49 degree_Celsius,2.34375 percent,0.0 percent,11000000000000000000000000000001,10000000000000000000100000001001,11000000000000000000000000000001,1.0,1.0,01111000000000000000000000000000,Unknown : 0.0 percent [PASSED],"Average misfire counts for last ten driving cycles : 0.0 count [PASSED]
Misfire counts for last/current driving cycles : 0.0 count [PASSED]","Average misfire counts for last ten driving cycles : 0.0 count [PASSED]
Misfire counts for last/current driving cycles : 0.0 count [PASSED]","Average misfire counts for last ten driving cycles : 0.0 count [PASSED]
Misfire counts for last/current driving cycles : 0.0 count [PASSED]","Average misfire counts for last ten driving cycles : 0.0 count [PASSED]
Misfire counts for last/current driving cycles : 0.0 count [PASSED]","Unknown : 0.0 count [PASSED]
Unknown : 0.0 count [PASSED]
Unknown : 0.0 ratio [PASSED]
Unknown : 0.0 millisecond [PASSED]","Rich to lean sensor switch time : 0.0 millisecond [PASSED]
Unknown : 0.0 millivolt [PASSED]
Unknown : 0.0 millivolt [PASSED]",Unknown : -40.0 degree_Celsius [PASSED],Unknown : 0.0 ohm [PASSED],Unknown : 0.0 count [PASSED],"Unknown : 0.0 degree [PASSED]
Unknown : 0.0 degree [PASSED]
Unknown : 0.0 degree [PASSED]
Unknown : 0.0 degree [PASSED]",0.695 volt,-0.02734375 milliampere,"((), (False, False, False, False), (False, False, True, True))",India OBD II (IOBD II),0101010001000000000000000000000000000000,10111110001111101010100000010011,10000000000001111011000000010001,11111110110100001000010000000001,77.25490196078431 percent,2664.5 revolutions_per_minute,1616.0 second,1.5625 percent,80.0 kilometer_per_hour,<obd.OBDResponse.Status object at 0x76f77a0d3580>,<obd.OBDResponse.Status object at 0x76f77a0d3f40>,99.6078431372549 percent,87.45098039215686 percent,88.23529411764706 percent,-7.0 degree,bytearray(b'MEXKRDPA7NG020286'),0.0 count,2025-04-28 15:11:44,2025-04-28 15:11:49,2025-04-28 15:11:44,Signal Acquired,15.459166,73.866351,2.03,0.48,9.84,-0.01,-0.09,0.02,NO
,,,,,,,,,,,,,,,,,,,,,,,,,,,,,,,,,,,,,,,,,,,,,,,,,,,,,,,,,,,,,,,,,,,,,,,,,,,,,,,,,,,,,,,,,,,,,,,,,,,,,,,,,2025-04-28 15:11:44,Signal Acquired,15.459166,73.866351,1.69,0.47,11.19,0.1,-0.05,-0.0,NO
,,,,,,,,,,,,,,,,,,,,,,,,,,,,,,,,,,,,,,,,,,,,,,,,,,,,,,,,,,,,,,,,,,,,,,,,,,,,,,,,,,,,,,,,,,,,,,,,,,,,,,,,,2025-04-28 15:11:44,Signal Acquired,15.459035,73.866348,0.88,0.19,8.79,0.01,-0.02,0.01,NO
92.54901960784314 percent,52.94117647058823 percent,53.333333333333336 percent,33 degree_Celsius,99 kilopascal,bytearray(b'5E018DD3844BEA'),723.0 degree_Celsius,,,,,,,0.0 kilometer,,,,,,,,,,,,,,,,,,,,,,,,,,,,,,,,,,,,,,,ELM327 v1.5,12.4 volt,99.2156862745098 percent,96.86274509803921 percent,89.80392156862744 percent,"('Closed loop, using oxygen sensor feedback to determine fuel mix', '')",Gasoline,[],[],201 kilopascal,48 degree_Celsius,2.34375 percent,0.0 percent,11000000000000000000000000000001,10000000000000000000100000001001,11000000000000000000000000000001,1.0,1.0,01111000000000000000000000000000,Unknown : 0.0 percent [PASSED],"Average misfire counts for last ten driving cycles : 0.0 count [PASSED]
Misfire counts for last/current driving cycles : 0.0 count [PASSED]","Average misfire counts for last ten driving cycles : 0.0 count [PASSED]
Misfire counts for last/current driving cycles : 0.0 count [PASSED]","Average misfire counts for last ten driving cycles : 0.0 count [PASSED]
Misfire counts for last/current driving cycles : 0.0 count [PASSED]","Average misfire counts for last ten driving cycles : 0.0 count [PASSED]
Misfire counts for last/current driving cycles : 0.0 count [PASSED]","Unknown : 0.0 count [PASSED]
Unknown : 0.0 count [PASSED]
Unknown : 0.0 ratio [PASSED]
Unknown : 0.0 millisecond [PASSED]","Rich to lean sensor switch time : 0.0 millisecond [PASSED]
Unknown : 0.0 millivolt [PASSED]
Unknown : 0.0 millivolt [PASSED]",Unknown : -40.0 degree_Celsius [PASSED],Unknown : 0.0 ohm [PASSED],Unknown : 0.0 count [PASSED],"Unknown : 0.0 degree [PASSED]
Unknown : 0.0 degree [PASSED]
Unknown : 0.0 degree [PASSED]
Unknown : 0.0 degree [PASSED]",0.745 volt,-0.0390625 milliampere,"((), (False, False, False, False), (False, False, True, True))",India OBD II (IOBD II),0101010001000000000000000000000000000000,10111110001111101010100000010011,10000000000001111011000000010001,11111110110100001000010000000001,77.25490196078431 percent,2126.0 revolutions_per_minute,1623.0 second,0.78125 percent,98.0 kilometer_per_hour,<obd.OBDResponse.Status object at 0x76f77a0c1b70>,<obd.OBDResponse.Status object at 0x76f779ee4970>,99.6078431372549 percent,87.45098039215686 percent,88.23529411764706 percent,-7.5 degree,bytearray(b'MEXKRDPA7NG020286'),0.0 count,2025-04-28 15:11:51,2025-04-28 15:11:56,2025-04-28 15:11:51,Signal Acquired,15.459035,73.866348,2.51,-0.76,10.41,-0.06,-0.0,0.01,NO
,,,,,,,,,,,,,,,,,,,,,,,,,,,,,,,,,,,,,,,,,,,,,,,,,,,,,,,,,,,,,,,,,,,,,,,,,,,,,,,,,,,,,,,,,,,,,,,,,,,,,,,,,2025-04-28 15:11:51,Signal Acquired,15.458904,73.866346,-0.51,-0.34,9.99,-0.07,-0.03,-0.02,NO
,,,,,,,,,,,,,,,,,,,,,,,,,,,,,,,,,,,,,,,,,,,,,,,,,,,,,,,,,,,,,,,,,,,,,,,,,,,,,,,,,,,,,,,,,,,,,,,,,,,,,,,,,2025-04-28 15:11:51,Signal Acquired,15.458904,73.866346,1.79,-0.64,8.9,0.01,-0.07,0.02,NO
17.254901960784313 percent,14.509803921568627 percent,14.901960784313726 percent,33 degree_Celsius,99 kilopascal,bytearray(b'5E018DD3844BEA'),736.6 degree_Celsius,,,,,,,0.0 kilometer,,,,,,,,,,,,,,,,,,,,,,,,,,,,,,,,,,,,,,,ELM327 v1.5,13.5 volt,0.0 percent,0.0 percent,89.80392156862744 percent,"('Open loop due to engine load OR fuel cut due to deceleration', '')",Gasoline,[],[],30 kilopascal,49 degree_Celsius,-2.34375 percent,0.0 percent,11000000000000000000000000000001,10000000000000000000100000001001,11000000000000000000000000000001,1.0,1.0,01111000000000000000000000000000,Unknown : 0.0 percent [PASSED],"Average misfire counts for last ten driving cycles : 0.0 count [PASSED]
Misfire counts for last/current driving cycles : 0.0 count [PASSED]","Average misfire counts for last ten driving cycles : 0.0 count [PASSED]
Misfire counts for last/current driving cycles : 0.0 count [PASSED]","Average misfire counts for last ten driving cycles : 0.0 count [PASSED]
Misfire counts for last/current driving cycles : 0.0 count [PASSED]","Average misfire counts for last ten driving cycles : 0.0 count [PASSED]
Misfire counts for last/current driving cycles : 0.0 count [PASSED]","Unknown : 0.0 count [PASSED]
Unknown : 0.0 count [PASSED]
Unknown : 0.0 ratio [PASSED]
Unknown : 0.0 millisecond [PASSED]","Rich to lean sensor switch time : 0.0 millisecond [PASSED]
Unknown : 0.0 millivolt [PASSED]
Unknown : 0.0 millivolt [PASSED]",Unknown : -40.0 degree_Celsius [PASSED],Unknown : 0.0 ohm [PASSED],Unknown : 0.0 count [PASSED],"Unknown : 0.0 degree [PASSED]
Unknown : 0.0 degree [PASSED]
Unknown : 0.0 degree [PASSED]
Unknown : 0.0 degree [PASSED]",0.01 volt,1.234375 milliampere,"((), (False, False, False, False), (False, False, True, True))",India OBD II (IOBD II),0101010001000000000000000000000000000000,10111110001111101010100000010011,10000000000001111011000000010001,11111110110100001000010000000001,1.5686274509803921 percent,2041.0 revolutions_per_minute,1629.0 second,0.0 percent,94.0 kilometer_per_hour,<obd.OBDResponse.Status object at 0x76f779f16200>,<obd.OBDResponse.Status object at 0x76f779f16d70>,1.9607843137254901 percent,12.156862745098039 percent,12.156862745098039 percent,-7.0 degree,bytearray(b'MEXKRDPA7NG020286'),0.0 count,2025-04-28 15:11:57,2025-04-28 15:12:02,2025-04-28 15:11:57,Signal Acquired,15.458772,73.866344,2.35,-0.2,10.32,-0.02,-0.08,-0.03,NO
,,,,,,,,,,,,,,,,,,,,,,,,,,,,,,,,,,,,,,,,,,,,,,,,,,,,,,,,,,,,,,,,,,,,,,,,,,,,,,,,,,,,,,,,,,,,,,,,,,,,,,,,,2025-04-28 15:11:57,Signal Acquired,15.458772,73.866344,-0.16,-0.44,9.12,-0.07,0.04,-0.02,NO
,,,,,,,,,,,,,,,,,,,,,,,,,,,,,,,,,,,,,,,,,,,,,,,,,,,,,,,,,,,,,,,,,,,,,,,,,,,,,,,,,,,,,,,,,,,,,,,,,,,,,,,,,2025-04-28 15:11:57,Signal Acquired,15.45864,73.866342,3.88,0.13,9.26,0.07,-0.01,0.0,NO
17.254901960784313 percent,14.901960784313726 percent,15.294117647058824 percent,33 degree_Celsius,99 kilopascal,bytearray(b'5E018DD3844BEA'),714.6 degree_Celsius,,,,,,0.0 kilometer,0.0 kilometer,,,,,,,,,,,,,,,,,,,,,,,,,,,,,,,,,,,,,,,ELM327 v1.5,14.1 volt,0.0 percent,0.0 percent,89.80392156862744 percent,"('Open loop due to engine load OR fuel cut due to deceleration', '')",Gasoline,[],[],29 kilopascal,52 degree_Celsius,-2.34375 percent,0.0 percent,11000000000000000000000000000001,10000000000000000000100000001001,11000000000000000000000000000001,1.0,1.0,01111000000000000000000000000000,Unknown : 0.0 percent [PASSED],"Average misfire counts for last ten driving cycles : 0.0 count [PASSED]
Misfire counts for last/current driving cycles : 0.0 count [PASSED]","Average misfire counts for last ten driving cycles : 0.0 count [PASSED]
Misfire counts for last/current driving cycles : 0.0 count [PASSED]","Average misfire counts for last ten driving cycles : 0.0 count [PASSED]
Misfire counts for last/current driving cycles : 0.0 count [PASSED]","Average misfire counts for last ten driving cycles : 0.0 count [PASSED]
Misfire counts for last/current driving cycles : 0.0 count [PASSED]","Unknown : 0.0 count [PASSED]
Unknown : 0.0 count [PASSED]
Unknown : 0.0 ratio [PASSED]
Unknown : 0.0 millisecond [PASSED]","Rich to lean sensor switch time : 0.0 millisecond [PASSED]
Unknown : 0.0 millivolt [PASSED]
Unknown : 0.0 millivolt [PASSED]",Unknown : -40.0 degree_Celsius [PASSED],Unknown : 0.0 ohm [PASSED],Unknown : 0.0 count [PASSED],"Unknown : 0.0 degree [PASSED]
Unknown : 0.0 degree [PASSED]
Unknown : 0.0 degree [PASSED]
Unknown : 0.0 degree [PASSED]",0.015 volt,1.2265625 milliampere,"((), (False, False, False, False), (False, False, True, True))",India OBD II (IOBD II),0101010001000000000000000000000000000000,10111110001111101010100000010011,10000000000001111011000000010001,11111110110100001000010000000001,0.7843137254901961 percent,1575.5 revolutions_per_minute,1636.0 second,0.0 percent,71.0 kilometer_per_hour,<obd.OBDResponse.Status object at 0x76f779f2d510>,<obd.OBDResponse.Status object at 0x76f779f2d5d0>,1.1764705882352942 percent,10.980392156862745 percent,11.372549019607844 percent,-10.0 degree,bytearray(b'MEXKRDPA7NG020286'),0.0 count,2025-04-28 15:12:04,2025-04-28 15:12:09,2025-04-28 15:12:04,Signal Acquired,15.45864,73.866342,0.85,-0.26,9.49,0.03,0.06,0.03,NO
,,,,,,,,,,,,,,,,,,,,,,,,,,,,,,,,,,,,,,,,,,,,,,,,,,,,,,,,,,,,,,,,,,,,,,,,,,,,,,,,,,,,,,,,,,,,,,,,,,,,,,,,,2025-04-28 15:12:04,Signal Acquired,15.458508,73.866339,-4.95,-0.04,10.51,-0.06,0.05,0.04,NO
,,,,,,,,,,,,,,,,,,,,,,,,,,,,,,,,,,,,,,,,,,,,,,,,,,,,,,,,,,,,,,,,,,,,,,,,,,,,,,,,,,,,,,,,,,,,,,,,,,,,,,,,,2025-04-28 15:12:04,Signal Acquired,15.458508,73.866339,3.86,-0.45,8.6,0.01,-0.01,0.02,NO
16.470588235294116 percent,14.901960784313726 percent,14.901960784313726 percent,33 degree_Celsius,99 kilopascal,bytearray(b'5E018DD3844BEA'),695.0 degree_Celsius,,,,,,,,,,,,,,,,,,,,,,,,,,,,,,,,,,,,,,,,,,,,,,ELM327 v1.5,14.0 volt,0.0 percent,0.0 percent,89.80392156862744 percent,"('Open loop due to engine load OR fuel cut due to deceleration', '')",Gasoline,[],[],28 kilopascal,53 degree_Celsius,0.78125 percent,0.0 percent,11000000000000000000000000000001,10000000000000000000100000001001,11000000000000000000000000000001,1.0,1.0,01111000000000000000000000000000,Unknown : 0.0 percent [PASSED],"Average misfire counts for last ten driving cycles : 0.0 count [PASSED]
Misfire counts for last/current driving cycles : 0.0 count [PASSED]","Average misfire counts for last ten driving cycles : 0.0 count [PASSED]
Misfire counts for last/current driving cycles : 0.0 count [PASSED]","Average misfire counts for last ten driving cycles : 0.0 count [PASSED]
Misfire counts for last/current driving cycles : 0.0 count [PASSED]","Average misfire counts for last ten driving cycles : 0.0 count [PASSED]
Misfire counts for last/current driving cycles : 0.0 count [PASSED]","Unknown : 0.0 count [PASSED]
Unknown : 0.0 count [PASSED]
Unknown : 0.0 ratio [PASSED]
Unknown : 0.0 millisecond [PASSED]","Rich to lean sensor switch time : 0.0 millisecond [PASSED]
Unknown : 0.0 millivolt [PASSED]
Unknown : 0.0 millivolt [PASSED]",Unknown : -40.0 degree_Celsius [PASSED],Unknown : 0.0 ohm [PASSED],Unknown : 0.0 count [PASSED],"Unknown : 0.0 degree [PASSED]
Unknown : 0.0 degree [PASSED]
Unknown : 0.0 degree [PASSED]
Unknown : 0.0 degree [PASSED]",0.015 volt,1.265625 milliampere,"((), (False, False, False, False), (False, False, True, True))",India OBD II (IOBD II),0101010001000000000000000000000000000000,10111110001111101010100000010011,10000000000001111011000000010001,11111110110100001000010000000001,2.3529411764705883 percent,1250.0 revolutions_per_minute,1642.0 second,0.0 percent,58.0 kilometer_per_hour,<obd.OBDResponse.Status object at 0x76f779f352d0>,<obd.OBDResponse.Status object at 0x76f779f35600>,3.1372549019607843 percent,12.941176470588236 percent,12.941176470588236 percent,-10.5 degree,bytearray(b'MEXKRDPA7NG020286'),0.0 count,2025-04-28 15:12:10,2025-04-28 15:12:15,2025-04-28 15:12:10,Signal Acquired,15.458377,73.866338,1.04,0.42,10.06,0.03,-0.01,-0.01,NO
,,,,,,,,,,,,,,,,,,,,,,,,,,,,,,,,,,,,,,,,,,,,,,,,,,,,,,,,,,,,,,,,,,,,,,,,,,,,,,,,,,,,,,,,,,,,,,,,,,,,,,,,,2025-04-28 15:12:10,Signal Acquired,15.458377,73.866338,4.91,-0.45,8.25,-0.2,-0.08,0.01,NO
,,,,,,,,,,,,,,,,,,,,,,,,,,,,,,,,,,,,,,,,,,,,,,,,,,,,,,,,,,,,,,,,,,,,,,,,,,,,,,,,,,,,,,,,,,,,,,,,,,,,,,,,,2025-04-28 15:12:10,Signal Acquired,15.458246,73.866336,-0.44,-1.66,11.13,0.04,-0.02,-0.06,NO
16.07843137254902 percent,14.901960784313726 percent,14.901960784313726 percent,33 degree_Celsius,99 kilopascal,bytearray(b'5E018DD3844BEA'),669.3000000000001 degree_Celsius,,,,,,,0.0 kilometer,,,,,,,,,,,,,,,,,,,,,,,,,,,,,,,,,,,,,,,ELM327 v1.5,14.1 volt,0.0 percent,0.0 percent,89.80392156862744 percent,"('Open loop due to engine load OR fuel cut due to deceleration', '')",Gasoline,[],[],28 kilopascal,53 degree_Celsius,0.78125 percent,0.0 percent,11000000000000000000000000000001,10000000000000000000100000001001,11000000000000000000000000000001,1.0,1.0,01111000000000000000000000000000,Unknown : 0.0 percent [PASSED],"Average misfire counts for last ten driving cycles : 0.0 count [PASSED]
Misfire counts for last/current driving cycles : 0.0 count [PASSED]","Average misfire counts for last ten driving cycles : 0.0 count [PASSED]
Misfire counts for last/current driving cycles : 0.0 count [PASSED]","Average misfire counts for last ten driving cycles : 0.0 count [PASSED]
Misfire counts for last/current driving cycles : 0.0 count [PASSED]","Average misfire counts for last ten driving cycles : 0.0 count [PASSED]
Misfire counts for last/current driving cycles : 0.0 count [PASSED]","Unknown : 0.0 count [PASSED]
Unknown : 0.0 count [PASSED]
Unknown : 0.0 ratio [PASSED]
Unknown : 0.0 millisecond [PASSED]","Rich to lean sensor switch time : 0.0 millisecond [PASSED]
Unknown : 0.0 millivolt [PASSED]
Unknown : 0.0 millivolt [PASSED]",Unknown : -40.0 degree_Celsius [PASSED],Unknown : 0.0 ohm [PASSED],Unknown : 0.0 count [PASSED],"Unknown : 0.0 degree [PASSED]
Unknown : 0.0 degree [PASSED]
Unknown : 0.0 degree [PASSED]
Unknown : 0.0 degree [PASSED]",0.02 volt,1.27734375 milliampere,"((), (False, False, False, False), (False, False, True, True))",India OBD II (IOBD II),0101010001000000000000000000000000000000,10111110001111101010100000010011,10000000000001111011000000010001,11111110110100001000010000000001,2.3529411764705883 percent,1285.0 revolutions_per_minute,1649.0 second,0.0 percent,59.0 kilometer_per_hour,<obd.OBDResponse.Status object at 0x76f779f47ac0>,<obd.OBDResponse.Status object at 0x76f779f47be0>,3.5294117647058822 percent,12.941176470588236 percent,13.333333333333334 percent,-10.5 degree,bytearray(b'MEXKRDPA7NG020286'),0.0 count,2025-04-28 15:12:17,2025-04-28 15:12:22,2025-04-28 15:12:17,Signal Acquired,15.458246,73.866336,0.52,0.27,8.51,-0.01,0.13,0.01,NO
,,,,,,,,,,,,,,,,,,,,,,,,,,,,,,,,,,,,,,,,,,,,,,,,,,,,,,,,,,,,,,,,,,,,,,,,,,,,,,,,,,,,,,,,,,,,,,,,,,,,,,,,,2025-04-28 15:12:17,Signal Acquired,15.458115,73.866334,-1.86,-0.46,8.84,-0.05,0.06,-0.01,NO
,,,,,,,,,,,,,,,,,,,,,,,,,,,,,,,,,,,,,,,,,,,,,,,,,,,,,,,,,,,,,,,,,,,,,,,,,,,,,,,,,,,,,,,,,,,,,,,,,,,,,,,,,2025-04-28 15:12:17,Signal Acquired,15.458115,73.866334,2.33,0.66,9.61,0.04,0.0,-0.02,NO
16.470588235294116 percent,14.901960784313726 percent,14.901960784313726 percent,33 degree_Celsius,99 kilopascal,bytearray(b'5E018DD3844BEA'),641.5 degree_Celsius,,,,,,0.0 kilometer,0.0 kilometer,,,,,,,,,,,,,,,,,,,,,,,,,,,,,,,,,,,,,,,ELM327 v1.5,14.1 volt,0.0 percent,0.0 percent,89.80392156862744 percent,"('Open loop due to engine load OR fuel cut due to deceleration', '')",Gasoline,[],[],28 kilopascal,53 degree_Celsius,0.78125 percent,0.0 percent,11000000000000000000000000000001,10000000000000000000100000001001,11000000000000000000000000000001,1.0,1.0,01111000000000000000000000000000,Unknown : 0.0 percent [PASSED],"Average misfire counts for last ten driving cycles : 0.0 count [PASSED]
Misfire counts for last/current driving cycles : 0.0 count [PASSED]","Average misfire counts for last ten driving cycles : 0.0 count [PASSED]
Misfire counts for last/current driving cycles : 0.0 count [PASSED]","Average misfire counts for last ten driving cycles : 0.0 count [PASSED]
Misfire counts for last/current driving cycles : 0.0 count [PASSED]","Average misfire counts for last ten driving cycles : 0.0 count [PASSED]
Misfire counts for last/current driving cycles : 0.0 count [PASSED]","Unknown : 0.0 count [PASSED]
Unknown : 0.0 count [PASSED]
Unknown : 0.0 ratio [PASSED]
Unknown : 0.0 millisecond [PASSED]","Rich to lean sensor switch time : 0.0 millisecond [PASSED]
Unknown : 0.0 millivolt [PASSED]
Unknown : 0.0 millivolt [PASSED]",Unknown : -40.0 degree_Celsius [PASSED],Unknown : 0.0 ohm [PASSED],Unknown : 0.0 count [PASSED],"Unknown : 0.0 degree [PASSED]
Unknown : 0.0 degree [PASSED]
Unknown : 0.0 degree [PASSED]
Unknown : 0.0 degree [PASSED]",0.015 volt,1.26953125 milliampere,"((), (False, False, False, False), (False, False, True, True))",India OBD II (IOBD II),0101010001000000000000000000000000000000,10111110001111101010100000010011,10000000000001111011000000010001,11111110110100001000010000000001,3.5294117647058822 percent,1231.0 revolutions_per_minute,1656.0 second,0.0 percent,56.0 kilometer_per_hour,<obd.OBDResponse.Status object at 0x76f779f53d00>,<obd.OBDResponse.Status object at 0x76f779f53fd0>,3.5294117647058822 percent,12.941176470588236 percent,13.333333333333334 percent,21.0 degree,bytearray(b'MEXKRDPA7NG020286'),0.0 count,2025-04-28 15:12:24,2025-04-28 15:12:29,2025-04-28 15:12:24,Signal Acquired,15.457986,73.866332,-0.45,-0.27,10.61,-0.04,-0.04,-0.03,NO
,,,,,,,,,,,,,,,,,,,,,,,,,,,,,,,,,,,,,,,,,,,,,,,,,,,,,,,,,,,,,,,,,,,,,,,,,,,,,,,,,,,,,,,,,,,,,,,,,,,,,,,,,2025-04-28 15:12:24,Signal Acquired,15.457986,73.866332,2.15,-0.42,8.66,0.01,-0.12,0.01,NO
,,,,,,,,,,,,,,,,,,,,,,,,,,,,,,,,,,,,,,,,,,,,,,,,,,,,,,,,,,,,,,,,,,,,,,,,,,,,,,,,,,,,,,,,,,,,,,,,,,,,,,,,,2025-04-28 15:12:24,Signal Acquired,15.457859,73.866327,-3.88,0.67,10.57,-0.01,0.21,0.01,NO
25.49019607843137 percent,23.529411764705884 percent,23.137254901960784 percent,33 degree_Celsius,100 kilopascal,bytearray(b'5E018DD3844BEA'),613.7 degree_Celsius,,,,,,,0.0 kilometer,,,,,,,,,,,,,,,,,,,,,,,,,,,,,,,,,,,,,,,ELM327 v1.5,12.5 volt,8.627450980392156 percent,12.549019607843137 percent,89.80392156862744 percent,"('Closed loop, using oxygen sensor feedback to determine fuel mix', '')",Gasoline,[],[],25 kilopascal,53 degree_Celsius,1.5625 percent,0.0 percent,11000000000000000000000000000001,10000000000000000000100000001001,11000000000000000000000000000001,1.0,1.0,01111000000000000000000000000000,Unknown : 0.0 percent [PASSED],"Average misfire counts for last ten driving cycles : 0.0 count [PASSED]
Misfire counts for last/current driving cycles : 0.0 count [PASSED]","Average misfire counts for last ten driving cycles : 0.0 count [PASSED]
Misfire counts for last/current driving cycles : 0.0 count [PASSED]","Average misfire counts for last ten driving cycles : 0.0 count [PASSED]
Misfire counts for last/current driving cycles : 0.0 count [PASSED]","Average misfire counts for last ten driving cycles : 0.0 count [PASSED]
Misfire counts for last/current driving cycles : 0.0 count [PASSED]","Unknown : 0.0 count [PASSED]
Unknown : 0.0 count [PASSED]
Unknown : 0.0 ratio [PASSED]
Unknown : 0.0 millisecond [PASSED]","Rich to lean sensor switch time : 0.0 millisecond [PASSED]
Unknown : 0.0 millivolt [PASSED]
Unknown : 0.0 millivolt [PASSED]",Unknown : -40.0 degree_Celsius [PASSED],Unknown : 0.0 ohm [PASSED],Unknown : 0.0 count [PASSED],"Unknown : 0.0 degree [PASSED]
Unknown : 0.0 degree [PASSED]
Unknown : 0.0 degree [PASSED]
Unknown : 0.0 degree [PASSED]",0.13 volt,-0.203125 milliampere,"((), (False, False, False, False), (False, False, True, True))",India OBD II (IOBD II),0101010001000000000000000000000000000000,10111110001111101010100000010011,10000000000001111011000000010001,11111110110100001000010000000001,2.7450980392156863 percent,1368.0 revolutions_per_minute,1663.0 second,3.90625 percent,63.0 kilometer_per_hour,<obd.OBDResponse.Status object at 0x76f779f8e290>,<obd.OBDResponse.Status object at 0x76f779f8e3b0>,6.666666666666667 percent,15.686274509803921 percent,15.686274509803921 percent,13.5 degree,bytearray(b'MEXKRDPA7NG020286'),0.0 count,2025-04-28 15:12:30,2025-04-28 15:12:36,2025-04-28 15:12:30,Signal Acquired,15.457859,73.866327,-1.91,-0.34,9.8,-0.05,-0.04,-0.01,NO
,,,,,,,,,,,,,,,,,,,,,,,,,,,,,,,,,,,,,,,,,,,,,,,,,,,,,,,,,,,,,,,,,,,,,,,,,,,,,,,,,,,,,,,,,,,,,,,,,,,,,,,,,2025-04-28 15:12:30,Signal Acquired,15.457731,73.866318,-1.04,0.13,10.43,0.03,0.03,-0.02,NO
,,,,,,,,,,,,,,,,,,,,,,,,,,,,,,,,,,,,,,,,,,,,,,,,,,,,,,,,,,,,,,,,,,,,,,,,,,,,,,,,,,,,,,,,,,,,,,,,,,,,,,,,,2025-04-28 15:12:30,Signal Acquired,15.457731,73.866318,-1.63,0.23,9.79,0.0,0.13,-0.02,NO
42.745098039215684 percent,28.627450980392158 percent,28.627450980392158 percent,33 degree_Celsius,100 kilopascal,bytearray(b'5E018DD3844BEA'),589.8000000000001 degree_Celsius,,,,,,0.0 kilometer,0.0 kilometer,,,,,,,,,,,,,,,,,,,,,,,,,,,,,,,,,,,,,,,ELM327 v1.5,12.6 volt,59.21568627450981 percent,71.37254901960785 percent,89.80392156862744 percent,"('Closed loop, using oxygen sensor feedback to determine fuel mix', '')",Gasoline,[],[],125 kilopascal,51 degree_Celsius,2.34375 percent,0.0 percent,11000000000000000000000000000001,10000000000000000000100000001001,11000000000000000000000000000001,1.0,1.0,01111000000000000000000000000000,Unknown : 0.0 percent [PASSED],"Average misfire counts for last ten driving cycles : 0.0 count [PASSED]
Misfire counts for last/current driving cycles : 0.0 count [PASSED]","Average misfire counts for last ten driving cycles : 0.0 count [PASSED]
Misfire counts for last/current driving cycles : 0.0 count [PASSED]","Average misfire counts for last ten driving cycles : 0.0 count [PASSED]
Misfire counts for last/current driving cycles : 0.0 count [PASSED]","Average misfire counts for last ten driving cycles : 0.0 count [PASSED]
Misfire counts for last/current driving cycles : 0.0 count [PASSED]","Unknown : 0.0 count [PASSED]
Unknown : 0.0 count [PASSED]
Unknown : 0.0 ratio [PASSED]
Unknown : 0.0 millisecond [PASSED]","Rich to lean sensor switch time : 0.0 millisecond [PASSED]
Unknown : 0.0 millivolt [PASSED]
Unknown : 0.0 millivolt [PASSED]",Unknown : -40.0 degree_Celsius [PASSED],Unknown : 0.0 ohm [PASSED],Unknown : 0.0 count [PASSED],"Unknown : 0.0 degree [PASSED]
Unknown : 0.0 degree [PASSED]
Unknown : 0.0 degree [PASSED]
Unknown : 0.0 degree [PASSED]",0.705 volt,-0.015625 milliampere,"((), (False, False, False, False), (False, False, True, True))",India OBD II (IOBD II),0101010001000000000000000000000000000000,10111110001111101010100000010011,10000000000001111011000000010001,11111110110100001000010000000001,77.25490196078431 percent,1668.5 revolutions_per_minute,1669.0 second,1.5625 percent,78.0 kilometer_per_hour,<obd.OBDResponse.Status object at 0x76f779fa7ac0>,<obd.OBDResponse.Status object at 0x76f779fa77c0>,99.6078431372549 percent,87.45098039215686 percent,88.23529411764706 percent,-6.0 degree,bytearray(b'MEXKRDPA7NG020286'),0.0 count,2025-04-28 15:12:37,2025-04-28 15:12:42,2025-04-28 15:12:37,Signal Acquired,15.457604,73.866312,0.3,0.62,9.15,0.14,-0.02,-0.02,NO
,,,,,,,,,,,,,,,,,,,,,,,,,,,,,,,,,,,,,,,,,,,,,,,,,,,,,,,,,,,,,,,,,,,,,,,,,,,,,,,,,,,,,,,,,,,,,,,,,,,,,,,,,2025-04-28 15:12:37,Signal Acquired,15.457604,73.866312,0.29,0.01,9.73,0.03,0.17,-0.01,NO
,,,,,,,,,,,,,,,,,,,,,,,,,,,,,,,,,,,,,,,,,,,,,,,,,,,,,,,,,,,,,,,,,,,,,,,,,,,,,,,,,,,,,,,,,,,,,,,,,,,,,,,,,2025-04-28 15:12:37,Signal Acquired,15.45748,73.866305,-2.7,0.03,10.32,-0.04,0.03,-0.04,NO
135.2941176470588 percent,47.05882352941177 percent,40.78431372549019 percent,33 degree_Celsius,100 kilopascal,bytearray(b'5E018DD3844BEA'),617.0 degree_Celsius,,,,,,,0.0 kilometer,,,,,,,,,,,,,,,,,,,,,,,,,,,,,,,,,,,,,,,ELM327 v1.5,12.6 volt,52.94117647058823 percent,98.03921568627452 percent,89.80392156862744 percent,"('Closed loop, using oxygen sensor feedback to determine fuel mix', '')",Gasoline,[],[],107 kilopascal,48 degree_Celsius,2.34375 percent,0.0 percent,11000000000000000000000000000001,10000000000000000000100000001001,11000000000000000000000000000001,1.0,1.0,01111000000000000000000000000000,Unknown : 0.0 percent [PASSED],"Average misfire counts for last ten driving cycles : 0.0 count [PASSED]
Misfire counts for last/current driving cycles : 0.0 count [PASSED]","Average misfire counts for last ten driving cycles : 0.0 count [PASSED]
Misfire counts for last/current driving cycles : 0.0 count [PASSED]","Average misfire counts for last ten driving cycles : 0.0 count [PASSED]
Misfire counts for last/current driving cycles : 0.0 count [PASSED]","Average misfire counts for last ten driving cycles : 0.0 count [PASSED]
Misfire counts for last/current driving cycles : 0.0 count [PASSED]","Unknown : 0.0 count [PASSED]
Unknown : 0.0 count [PASSED]
Unknown : 0.0 ratio [PASSED]
Unknown : 0.0 millisecond [PASSED]","Rich to lean sensor switch time : 0.0 millisecond [PASSED]
Unknown : 0.0 millivolt [PASSED]
Unknown : 0.0 millivolt [PASSED]",Unknown : -40.0 degree_Celsius [PASSED],Unknown : 0.0 ohm [PASSED],Unknown : 0.0 count [PASSED],"Unknown : 0.0 degree [PASSED]
Unknown : 0.0 degree [PASSED]
Unknown : 0.0 degree [PASSED]
Unknown : 0.0 degree [PASSED]",0.71 volt,-0.06640625 milliampere,"((), (False, False, False, False), (False, False, True, True))",India OBD II (IOBD II),0101010001000000000000000000000000000000,10111110001111101010100000010011,10000000000001111011000000010001,11111110110100001000010000000001,10.196078431372548 percent,2029.5 revolutions_per_minute,1676.0 second,-2.34375 percent,94.0 kilometer_per_hour,<obd.OBDResponse.Status object at 0x76f779fcaf80>,<obd.OBDResponse.Status object at 0x76f779fcb040>,13.333333333333334 percent,20.784313725490197 percent,21.176470588235293 percent,18.5 degree,bytearray(b'MEXKRDPA7NG020286'),0.0 count,2025-04-28 15:12:44,2025-04-28 15:12:49,2025-04-28 15:12:44,Signal Acquired,15.45748,73.866305,-0.02,-0.29,9.01,-0.08,0.05,-0.04,NO
,,,,,,,,,,,,,,,,,,,,,,,,,,,,,,,,,,,,,,,,,,,,,,,,,,,,,,,,,,,,,,,,,,,,,,,,,,,,,,,,,,,,,,,,,,,,,,,,,,,,,,,,,2025-04-28 15:12:44,Signal Acquired,15.457354,73.866292,-1.89,-1.23,10.5,-0.07,-0.07,-0.06,NO
,,,,,,,,,,,,,,,,,,,,,,,,,,,,,,,,,,,,,,,,,,,,,,,,,,,,,,,,,,,,,,,,,,,,,,,,,,,,,,,,,,,,,,,,,,,,,,,,,,,,,,,,,2025-04-28 15:12:44,Signal Acquired,15.457354,73.866292,-3.05,1.02,10.82,-0.03,0.19,-0.03,NO
41.1764705882353 percent,29.019607843137255 percent,29.019607843137255 percent,33 degree_Celsius,100 kilopascal,bytearray(b'5E018DD3844BEA'),624.1 degree_Celsius,,,,,,,0.0 kilometer,,,,,,,,,,,,,,,,,,,,,,,,,,,,,,,,,,,,,,,ELM327 v1.5,12.6 volt,24.313725490196077 percent,74.11764705882354 percent,89.80392156862744 percent,"('Closed loop, using oxygen sensor feedback to determine fuel mix', '')",Gasoline,[],[],92 kilopascal,50 degree_Celsius,1.5625 percent,0.0 percent,11000000000000000000000000000001,10000000000000000000100000001001,11000000000000000000000000000001,1.0,1.0,01111000000000000000000000000000,Unknown : 0.0 percent [PASSED],"Average misfire counts for last ten driving cycles : 0.0 count [PASSED]
Misfire counts for last/current driving cycles : 0.0 count [PASSED]","Average misfire counts for last ten driving cycles : 0.0 count [PASSED]
Misfire counts for last/current driving cycles : 0.0 count [PASSED]","Average misfire counts for last ten driving cycles : 0.0 count [PASSED]
Misfire counts for last/current driving cycles : 0.0 count [PASSED]","Average misfire counts for last ten driving cycles : 0.0 count [PASSED]
Misfire counts for last/current driving cycles : 0.0 count [PASSED]","Unknown : 0.0 count [PASSED]
Unknown : 0.0 count [PASSED]
Unknown : 0.0 ratio [PASSED]
Unknown : 0.0 millisecond [PASSED]","Rich to lean sensor switch time : 0.0 millisecond [PASSED]
Unknown : 0.0 millivolt [PASSED]
Unknown : 0.0 millivolt [PASSED]",Unknown : -40.0 degree_Celsius [PASSED],Unknown : 0.0 ohm [PASSED],Unknown : 0.0 count [PASSED],"Unknown : 0.0 degree [PASSED]
Unknown : 0.0 degree [PASSED]
Unknown : 0.0 degree [PASSED]
Unknown : 0.0 degree [PASSED]",0.71 volt,-0.01171875 milliampere,"((), (False, False, False, False), (False, False, True, True))",India OBD II (IOBD II),0101010001000000000000000000000000000000,10111110001111101010100000010011,10000000000001111011000000010001,11111110110100001000010000000001,10.980392156862745 percent,2156.5 revolutions_per_minute,1683.0 second,0.0 percent,99.0 kilometer_per_hour,<obd.OBDResponse.Status object at 0x76f779df4370>,<obd.OBDResponse.Status object at 0x76f779df4430>,14.117647058823529 percent,21.176470588235293 percent,21.568627450980394 percent,18.5 degree,bytearray(b'MEXKRDPA7NG020286'),0.0 count,2025-04-28 15:12:50,2025-04-28 15:12:56,2025-04-28 15:12:50,Signal Acquired,15.457227,73.866277,0.37,-0.01,9.88,-0.02,-0.07,-0.02,NO
,,,,,,,,,,,,,,,,,,,,,,,,,,,,,,,,,,,,,,,,,,,,,,,,,,,,,,,,,,,,,,,,,,,,,,,,,,,,,,,,,,,,,,,,,,,,,,,,,,,,,,,,,2025-04-28 15:12:50,Signal Acquired,15.457227,73.866277,2.76,0.44,9.8,0.0,0.04,-0.01,NO
,,,,,,,,,,,,,,,,,,,,,,,,,,,,,,,,,,,,,,,,,,,,,,,,,,,,,,,,,,,,,,,,,,,,,,,,,,,,,,,,,,,,,,,,,,,,,,,,,,,,,,,,,2025-04-28 15:12:50,Signal Acquired,15.457099,73.866256,3.77,0.65,9.09,0.06,-0.02,-0.03,NO
29.019607843137255 percent,23.92156862745098 percent,23.92156862745098 percent,32 degree_Celsius,100 kilopascal,bytearray(b'5E018DD3844BEA'),605.4000000000001 degree_Celsius,,,,,,,0.0 kilometer,,,,,,,,,,,,,,,,,,,,,,,,,,,,,,,,,,,,,,,ELM327 v1.5,12.6 volt,14.117647058823529 percent,80.3921568627451 percent,89.80392156862744 percent,"('Closed loop, using oxygen sensor feedback to determine fuel mix', '')",Gasoline,[],[],78 kilopascal,50 degree_Celsius,-1.5625 percent,0.0 percent,11000000000000000000000000000001,10000000000000000000100000001001,11000000000000000000000000000001,1.0,1.0,01111000000000000000000000000000,Unknown : 0.0 percent [PASSED],"Average misfire counts for last ten driving cycles : 0.0 count [PASSED]
Misfire counts for last/current driving cycles : 0.0 count [PASSED]","Average misfire counts for last ten driving cycles : 0.0 count [PASSED]
Misfire counts for last/current driving cycles : 0.0 count [PASSED]","Average misfire counts for last ten driving cycles : 0.0 count [PASSED]
Misfire counts for last/current driving cycles : 0.0 count [PASSED]","Average misfire counts for last ten driving cycles : 0.0 count [PASSED]
Misfire counts for last/current driving cycles : 0.0 count [PASSED]","Unknown : 0.0 count [PASSED]
Unknown : 0.0 count [PASSED]
Unknown : 0.0 ratio [PASSED]
Unknown : 0.0 millisecond [PASSED]","Rich to lean sensor switch time : 0.0 millisecond [PASSED]
Unknown : 0.0 millivolt [PASSED]
Unknown : 0.0 millivolt [PASSED]",Unknown : -40.0 degree_Celsius [PASSED],Unknown : 0.0 ohm [PASSED],Unknown : 0.0 count [PASSED],"Unknown : 0.0 degree [PASSED]
Unknown : 0.0 degree [PASSED]
Unknown : 0.0 degree [PASSED]
Unknown : 0.0 degree [PASSED]",0.71 volt,-0.01953125 milliampere,"((), (False, False, False, False), (False, False, True, True))",India OBD II (IOBD II),0101010001000000000000000000000000000000,10111110001111101010100000010011,10000000000001111011000000010001,11111110110100001000010000000001,7.8431372549019605 percent,2204.5 revolutions_per_minute,1689.0 second,2.34375 percent,102.0 kilometer_per_hour,<obd.OBDResponse.Status object at 0x76f779dfeb90>,<obd.OBDResponse.Status object at 0x76f779dfec50>,9.803921568627452 percent,18.03921568627451 percent,18.03921568627451 percent,15.5 degree,bytearray(b'MEXKRDPA7NG020286'),0.0 count,2025-04-28 15:12:57,2025-04-28 15:13:03,2025-04-28 15:12:57,Signal Acquired,15.457099,73.866256,-0.45,0.54,10.75,0.01,-0.02,-0.08,NO
,,,,,,,,,,,,,,,,,,,,,,,,,,,,,,,,,,,,,,,,,,,,,,,,,,,,,,,,,,,,,,,,,,,,,,,,,,,,,,,,,,,,,,,,,,,,,,,,,,,,,,,,,2025-04-28 15:12:57,Signal Acquired,15.456973,73.866233,2.13,-1.15,8.76,0.05,-0.06,-0.03,NO
,,,,,,,,,,,,,,,,,,,,,,,,,,,,,,,,,,,,,,,,,,,,,,,,,,,,,,,,,,,,,,,,,,,,,,,,,,,,,,,,,,,,,,,,,,,,,,,,,,,,,,,,,2025-04-28 15:12:57,Signal Acquired,15.456973,73.866233,5.08,-0.85,8.15,-0.12,0.06,-0.02,NO
59.6078431372549 percent,32.15686274509804 percent,32.15686274509804 percent,32 degree_Celsius,100 kilopascal,bytearray(b'5E018DD3844BEA'),590.1 degree_Celsius,,,,,,0.0 kilometer,0.0 kilometer,,,,,,,,,,,,,,,,,,,,,,,,,,,,,,,,,,,,,,,ELM327 v1.5,12.6 volt,34.90196078431372 percent,92.15686274509804 percent,89.80392156862744 percent,"('Closed loop, using oxygen sensor feedback to determine fuel mix', '')",Gasoline,[],[],92 kilopascal,48 degree_Celsius,1.5625 percent,0.0 percent,11000000000000000000000000000001,10000000000000000000100000001001,11000000000000000000000000000001,1.0,1.0,01111000000000000000000000000000,Unknown : 0.0 percent [PASSED],"Average misfire counts for last ten driving cycles : 0.0 count [PASSED]
Misfire counts for last/current driving cycles : 0.0 count [PASSED]","Average misfire counts for last ten driving cycles : 0.0 count [PASSED]
Misfire counts for last/current driving cycles : 0.0 count [PASSED]","Average misfire counts for last ten driving cycles : 0.0 count [PASSED]
Misfire counts for last/current driving cycles : 0.0 count [PASSED]","Average misfire counts for last ten driving cycles : 0.0 count [PASSED]
Misfire counts for last/current driving cycles : 0.0 count [PASSED]","Unknown : 0.0 count [PASSED]
Unknown : 0.0 count [PASSED]
Unknown : 0.0 ratio [PASSED]
Unknown : 0.0 millisecond [PASSED]","Rich to lean sensor switch time : 0.0 millisecond [PASSED]
Unknown : 0.0 millivolt [PASSED]
Unknown : 0.0 millivolt [PASSED]",Unknown : -40.0 degree_Celsius [PASSED],Unknown : 0.0 ohm [PASSED],Unknown : 0.0 count [PASSED],"Unknown : 0.0 degree [PASSED]
Unknown : 0.0 degree [PASSED]
Unknown : 0.0 degree [PASSED]
Unknown : 0.0 degree [PASSED]",0.725 volt,-0.0234375 milliampere,"((), (False, False, False, False), (False, False, True, True))",India OBD II (IOBD II),0101010001000000000000000000000000000000,10111110001111101010100000010011,10000000000001111011000000010001,11111110110100001000010000000001,16.07843137254902 percent,2220.5 revolutions_per_minute,1696.0 second,0.0 percent,102.0 kilometer_per_hour,<obd.OBDResponse.Status object at 0x76f779e24970>,<obd.OBDResponse.Status object at 0x76f779e24a30>,20.392156862745097 percent,26.274509803921568 percent,26.274509803921568 percent,15.0 degree,bytearray(b'MEXKRDPA7NG020286'),0.0 count,2025-04-28 15:13:04,2025-04-28 15:13:10,2025-04-28 15:13:04,Signal Acquired,15.456849,73.866206,3.75,0.19,8.45,-0.08,0.09,0.0,NO
,,,,,,,,,,,,,,,,,,,,,,,,,,,,,,,,,,,,,,,,,,,,,,,,,,,,,,,,,,,,,,,,,,,,,,,,,,,,,,,,,,,,,,,,,,,,,,,,,,,,,,,,,2025-04-28 15:13:04,Signal Acquired,15.456849,73.866206,-2.32,-1.56,10.23,-0.01,-0.15,-0.07,NO
,,,,,,,,,,,,,,,,,,,,,,,,,,,,,,,,,,,,,,,,,,,,,,,,,,,,,,,,,,,,,,,,,,,,,,,,,,,,,,,,,,,,,,,,,,,,,,,,,,,,,,,,,2025-04-28 15:13:04,Signal Acquired,15.456725,73.866178,-2.7,-0.61,10.28,-0.09,0.0,-0.03,NO
58.03921568627451 percent,32.94117647058823 percent,32.94117647058823 percent,32 degree_Celsius,100 kilopascal,bytearray(b'5E018DD3844BEA'),594.4000000000001 degree_Celsius,,,,,,0.0 kilometer,0.0 kilometer,,,,,,,,,,,,,,,,,,,,,,,,,,,,,,,,,,,,,,,ELM327 v1.5,12.5 volt,43.529411764705884 percent,98.03921568627452 percent,89.80392156862744 percent,"('Closed loop, using oxygen sensor feedback to determine fuel mix', '')",Gasoline,[],[],97 kilopascal,48 degree_Celsius,1.5625 percent,0.0 percent,11000000000000000000000000000001,10000000000000000000100000001001,11000000000000000000000000000001,1.0,1.0,01111000000000000000000000000000,Unknown : 0.0 percent [PASSED],"Average misfire counts for last ten driving cycles : 0.0 count [PASSED]
Misfire counts for last/current driving cycles : 0.0 count [PASSED]","Average misfire counts for last ten driving cycles : 0.0 count [PASSED]
Misfire counts for last/current driving cycles : 0.0 count [PASSED]","Average misfire counts for last ten driving cycles : 0.0 count [PASSED]
Misfire counts for last/current driving cycles : 0.0 count [PASSED]","Average misfire counts for last ten driving cycles : 0.0 count [PASSED]
Misfire counts for last/current driving cycles : 0.0 count [PASSED]","Unknown : 0.0 count [PASSED]
Unknown : 0.0 count [PASSED]
Unknown : 0.0 ratio [PASSED]
Unknown : 0.0 millisecond [PASSED]","Rich to lean sensor switch time : 0.0 millisecond [PASSED]
Unknown : 0.0 millivolt [PASSED]
Unknown : 0.0 millivolt [PASSED]",Unknown : -40.0 degree_Celsius [PASSED],Unknown : 0.0 ohm [PASSED],Unknown : 0.0 count [PASSED],"Unknown : 0.0 degree [PASSED]
Unknown : 0.0 degree [PASSED]
Unknown : 0.0 degree [PASSED]
Unknown : 0.0 degree [PASSED]",0.75 volt,-0.015625 milliampere,"((), (False, False, False, False), (False, False, True, True))",India OBD II (IOBD II),0101010001000000000000000000000000000000,10111110001111101010100000010011,10000000000001111011000000010001,11111110110100001000010000000001,19.215686274509803 percent,2262.0 revolutions_per_minute,1703.0 second,-2.34375 percent,104.0 kilometer_per_hour,<obd.OBDResponse.Status object at 0x76f779e32f80>,<obd.OBDResponse.Status object at 0x76f779e33040>,25.098039215686274 percent,29.80392156862745 percent,29.80392156862745 percent,12.0 degree,bytearray(b'MEXKRDPA7NG020286'),0.0 count,2025-04-28 15:13:11,2025-04-28 15:13:16,2025-04-28 15:13:11,Signal Acquired,15.456725,73.866178,1.68,0.51,8.14,0.05,-0.05,0.01,NO
,,,,,,,,,,,,,,,,,,,,,,,,,,,,,,,,,,,,,,,,,,,,,,,,,,,,,,,,,,,,,,,,,,,,,,,,,,,,,,,,,,,,,,,,,,,,,,,,,,,,,,,,,2025-04-28 15:13:11,Signal Acquired,15.456601,73.866149,3.87,0.36,9.99,0.04,0.08,-0.01,NO
,,,,,,,,,,,,,,,,,,,,,,,,,,,,,,,,,,,,,,,,,,,,,,,,,,,,,,,,,,,,,,,,,,,,,,,,,,,,,,,,,,,,,,,,,,,,,,,,,,,,,,,,,2025-04-28 15:13:11,Signal Acquired,15.456601,73.866149,-0.47,-0.06,8.82,-0.07,-0.07,-0.04,NO
64.31372549019608 percent,32.94117647058823 percent,32.94117647058823 percent,32 degree_Celsius,100 kilopascal,bytearray(b'5E018DD3844BEA'),603.3000000000001 degree_Celsius,,,,,,0.0 kilometer,0.0 kilometer,,,,,,,,,,,,,,,,,,,,,,,,,,,,,,,,,,,,,,,ELM327 v1.5,12.6 volt,61.1764705882353 percent,83.52941176470588 percent,89.80392156862744 percent,"('Closed loop, using oxygen sensor feedback to determine fuel mix', '')",Gasoline,[],[],126 kilopascal,46 degree_Celsius,2.34375 percent,0.0 percent,11000000000000000000000000000001,10000000000000000000100000001001,11000000000000000000000000000001,1.0,1.0,01111000000000000000000000000000,Unknown : 0.0 percent [PASSED],"Average misfire counts for last ten driving cycles : 0.0 count [PASSED]
Misfire counts for last/current driving cycles : 0.0 count [PASSED]","Average misfire counts for last ten driving cycles : 0.0 count [PASSED]
Misfire counts for last/current driving cycles : 0.0 count [PASSED]","Average misfire counts for last ten driving cycles : 0.0 count [PASSED]
Misfire counts for last/current driving cycles : 0.0 count [PASSED]","Average misfire counts for last ten driving cycles : 0.0 count [PASSED]
Misfire counts for last/current driving cycles : 0.0 count [PASSED]","Unknown : 0.0 count [PASSED]
Unknown : 0.0 count [PASSED]
Unknown : 0.0 ratio [PASSED]
Unknown : 0.0 millisecond [PASSED]","Rich to lean sensor switch time : 0.0 millisecond [PASSED]
Unknown : 0.0 millivolt [PASSED]
Unknown : 0.0 millivolt [PASSED]",Unknown : -40.0 degree_Celsius [PASSED],Unknown : 0.0 ohm [PASSED],Unknown : 0.0 count [PASSED],"Unknown : 0.0 degree [PASSED]
Unknown : 0.0 degree [PASSED]
Unknown : 0.0 degree [PASSED]
Unknown : 0.0 degree [PASSED]",0.73 volt,-0.015625 milliampere,"((), (False, False, False, False), (False, False, True, True))",India OBD II (IOBD II),0101010001000000000000000000000000000000,10111110001111101010100000010011,10000000000001111011000000010001,11111110110100001000010000000001,77.25490196078431 percent,2343.5 revolutions_per_minute,1710.0 second,0.0 percent,109.0 kilometer_per_hour,<obd.OBDResponse.Status object at 0x76f779e49150>,<obd.OBDResponse.Status object at 0x76f779e49210>,99.6078431372549 percent,87.45098039215686 percent,88.23529411764706 percent,1.5 degree,bytearray(b'MEXKRDPA7NG020286'),0.0 count,2025-04-28 15:13:18,2025-04-28 15:13:23,2025-04-28 15:13:18,Signal Acquired,15.45648,73.866121,2.18,-1.06,8.96,-0.04,-0.27,-0.08,NO
,,,,,,,,,,,,,,,,,,,,,,,,,,,,,,,,,,,,,,,,,,,,,,,,,,,,,,,,,,,,,,,,,,,,,,,,,,,,,,,,,,,,,,,,,,,,,,,,,,,,,,,,,2025-04-28 15:13:18,Signal Acquired,15.45648,73.866121,0.12,-0.29,10.27,0.12,0.09,-0.01,NO
,,,,,,,,,,,,,,,,,,,,,,,,,,,,,,,,,,,,,,,,,,,,,,,,,,,,,,,,,,,,,,,,,,,,,,,,,,,,,,,,,,,,,,,,,,,,,,,,,,,,,,,,,2025-04-28 15:13:18,Signal Acquired,15.45636,73.866092,1.34,-0.2,8.4,-0.11,0.19,-0.04,NO
110.19607843137254 percent,43.13725490196079 percent,43.529411764705884 percent,32 degree_Celsius,100 kilopascal,bytearray(b'5E018DD3844BEA'),659.7 degree_Celsius,,,,,,,0.0 kilometer,,,,,,,,,,,,,,,,,,,,,,,,,,,,,,,,,,,,,,,ELM327 v1.5,12.5 volt,56.07843137254902 percent,98.43137254901961 percent,89.80392156862744 percent,"('Closed loop, using oxygen sensor feedback to determine fuel mix', '')",Gasoline,[],[],116 kilopascal,45 degree_Celsius,2.34375 percent,0.0 percent,11000000000000000000000000000001,10000000000000000000100000001001,11000000000000000000000000000001,1.0,1.0,01111000000000000000000000000000,Unknown : 0.0 percent [PASSED],"Average misfire counts for last ten driving cycles : 0.0 count [PASSED]
Misfire counts for last/current driving cycles : 0.0 count [PASSED]","Average misfire counts for last ten driving cycles : 0.0 count [PASSED]
Misfire counts for last/current driving cycles : 0.0 count [PASSED]","Average misfire counts for last ten driving cycles : 0.0 count [PASSED]
Misfire counts for last/current driving cycles : 0.0 count [PASSED]","Average misfire counts for last ten driving cycles : 0.0 count [PASSED]
Misfire counts for last/current driving cycles : 0.0 count [PASSED]","Unknown : 0.0 count [PASSED]
Unknown : 0.0 count [PASSED]
Unknown : 0.0 ratio [PASSED]
Unknown : 0.0 millisecond [PASSED]","Rich to lean sensor switch time : 0.0 millisecond [PASSED]
Unknown : 0.0 millivolt [PASSED]
Unknown : 0.0 millivolt [PASSED]",Unknown : -40.0 degree_Celsius [PASSED],Unknown : 0.0 ohm [PASSED],Unknown : 0.0 count [PASSED],"Unknown : 0.0 degree [PASSED]
Unknown : 0.0 degree [PASSED]
Unknown : 0.0 degree [PASSED]
Unknown : 0.0 degree [PASSED]",0.72 volt,-0.01953125 milliampere,"((), (False, False, False, False), (False, False, True, True))",India OBD II (IOBD II),0101010001000000000000000000000000000000,10111110001111101010100000010011,10000000000001111011000000010001,11111110110100001000010000000001,72.54901960784314 percent,2521.5 revolutions_per_minute,1717.0 second,-0.78125 percent,117.0 kilometer_per_hour,<obd.OBDResponse.Status object at 0x76f779e5f1f0>,<obd.OBDResponse.Status object at 0x76f779e5f2b0>,93.33333333333333 percent,82.74509803921569 percent,83.52941176470588 percent,8.0 degree,bytearray(b'MEXKRDPA7NG020286'),0.0 count,2025-04-28 15:13:25,2025-04-28 15:13:30,2025-04-28 15:13:25,Signal Acquired,15.45636,73.866092,4.35,1.18,9.73,0.06,-0.06,-0.04,NO
,,,,,,,,,,,,,,,,,,,,,,,,,,,,,,,,,,,,,,,,,,,,,,,,,,,,,,,,,,,,,,,,,,,,,,,,,,,,,,,,,,,,,,,,,,,,,,,,,,,,,,,,,2025-04-28 15:13:25,Signal Acquired,15.456239,73.866058,-3.66,-2.25,9.86,-0.1,-0.11,-0.01,NO
,,,,,,,,,,,,,,,,,,,,,,,,,,,,,,,,,,,,,,,,,,,,,,,,,,,,,,,,,,,,,,,,,,,,,,,,,,,,,,,,,,,,,,,,,,,,,,,,,,,,,,,,,2025-04-28 15:13:25,Signal Acquired,15.456239,73.866058,-3.63,-0.93,9.72,-0.24,0.15,-0.06,NO
82.74509803921569 percent,35.294117647058826 percent,35.294117647058826 percent,32 degree_Celsius,100 kilopascal,bytearray(b'5E018DD3844BEA'),684.0 degree_Celsius,,,,,,,0.0 kilometer,,,,,,,,,,,,,,,,,,,,,,,,,,,,,,,,,,,,,,,ELM327 v1.5,12.5 volt,4.705882352941177 percent,0.0 percent,89.80392156862744 percent,"('Closed loop, using oxygen sensor feedback to determine fuel mix', '')",Gasoline,[],[],28 kilopascal,46 degree_Celsius,1.5625 percent,0.0 percent,11000000000000000000000000000001,10000000000000000000100000001001,11000000000000000000000000000001,1.0,1.0,01111000000000000000000000000000,Unknown : 0.0 percent [PASSED],"Average misfire counts for last ten driving cycles : 0.0 count [PASSED]
Misfire counts for last/current driving cycles : 0.0 count [PASSED]","Average misfire counts for last ten driving cycles : 0.0 count [PASSED]
Misfire counts for last/current driving cycles : 1.0 count [PASSED]","Average misfire counts for last ten driving cycles : 0.0 count [PASSED]
Misfire counts for last/current driving cycles : 0.0 count [PASSED]","Average misfire counts for last ten driving cycles : 0.0 count [PASSED]
Misfire counts for last/current driving cycles : 0.0 count [PASSED]","Unknown : 0.0 count [PASSED]
Unknown : 0.0 count [PASSED]
Unknown : 0.0 ratio [PASSED]
Unknown : 0.0 millisecond [PASSED]","Rich to lean sensor switch time : 0.0 millisecond [PASSED]
Unknown : 0.0 millivolt [PASSED]
Unknown : 0.0 millivolt [PASSED]",Unknown : -40.0 degree_Celsius [PASSED],Unknown : 0.0 ohm [PASSED],Unknown : 0.0 count [PASSED],"Unknown : 0.0 degree [PASSED]
Unknown : 0.0 degree [PASSED]
Unknown : 0.0 degree [PASSED]
Unknown : 0.0 degree [PASSED]",0.0 volt,1.2578125 milliampere,"((), (False, False, False, False), (False, False, True, True))",India OBD II (IOBD II),0101010001000000000000000000000000000000,10111110001111101010100000010011,10000000000001111011000000010001,11111110110100001000010000000001,1.9607843137254901 percent,2344.0 revolutions_per_minute,1724.0 second,0.0 percent,106.0 kilometer_per_hour,<obd.OBDResponse.Status object at 0x76f779e797e0>,<obd.OBDResponse.Status object at 0x76f779e798a0>,3.1372549019607843 percent,12.549019607843137 percent,12.549019607843137 percent,-6.0 degree,bytearray(b'MEXKRDPA7NG020286'),0.0 count,2025-04-28 15:13:31,2025-04-28 15:13:37,2025-04-28 15:13:31,Signal Acquired,15.456117,73.86602,3.03,-0.61,8.98,0.09,0.08,0.0,NO
,,,,,,,,,,,,,,,,,,,,,,,,,,,,,,,,,,,,,,,,,,,,,,,,,,,,,,,,,,,,,,,,,,,,,,,,,,,,,,,,,,,,,,,,,,,,,,,,,,,,,,,,,2025-04-28 15:13:31,Signal Acquired,15.456117,73.86602,3.67,0.49,8.88,-0.02,0.07,-0.01,NO
,,,,,,,,,,,,,,,,,,,,,,,,,,,,,,,,,,,,,,,,,,,,,,,,,,,,,,,,,,,,,,,,,,,,,,,,,,,,,,,,,,,,,,,,,,,,,,,,,,,,,,,,,2025-04-28 15:13:31,Signal Acquired,15.455996,73.865982,0.15,-0.14,8.57,-0.09,0.11,-0.01,NO
17.647058823529413 percent,14.509803921568627 percent,14.901960784313726 percent,32 degree_Celsius,100 kilopascal,bytearray(b'5E018DD3844BEA'),663.0 degree_Celsius,,,,,,,0.0 kilometer,,,,,,,,,,,,,,,,,,,,,,,,,,,,,,,,,,,,,,,ELM327 v1.5,14.1 volt,0.0 percent,0.0 percent,89.80392156862744 percent,"('Open loop due to engine load OR fuel cut due to deceleration', '')",Gasoline,[],[],30 kilopascal,49 degree_Celsius,-2.34375 percent,0.0 percent,11000000000000000000000000000001,10000000000000000000100000001001,11000000000000000000000000000001,1.0,1.0,01111000000000000000000000000000,Unknown : 0.0 percent [PASSED],"Average misfire counts for last ten driving cycles : 0.0 count [PASSED]
Misfire counts for last/current driving cycles : 0.0 count [PASSED]","Average misfire counts for last ten driving cycles : 0.0 count [PASSED]
Misfire counts for last/current driving cycles : 0.0 count [PASSED]","Average misfire counts for last ten driving cycles : 0.0 count [PASSED]
Misfire counts for last/current driving cycles : 0.0 count [PASSED]","Average misfire counts for last ten driving cycles : 0.0 count [PASSED]
Misfire counts for last/current driving cycles : 0.0 count [PASSED]","Unknown : 0.0 count [PASSED]
Unknown : 0.0 count [PASSED]
Unknown : 0.0 ratio [PASSED]
Unknown : 0.0 millisecond [PASSED]","Rich to lean sensor switch time : 0.0 millisecond [PASSED]
Unknown : 0.0 millivolt [PASSED]
Unknown : 0.0 millivolt [PASSED]",Unknown : -40.0 degree_Celsius [PASSED],Unknown : 0.0 ohm [PASSED],Unknown : 0.0 count [PASSED],"Unknown : 0.0 degree [PASSED]
Unknown : 0.0 degree [PASSED]
Unknown : 0.0 degree [PASSED]
Unknown : 0.0 degree [PASSED]",0.01 volt,1.22265625 milliampere,"((), (False, False, False, False), (False, False, True, True))",India OBD II (IOBD II),0101010001000000000000000000000000000000,10111110001111101010100000010011,10000000000001111011000000010001,11111110110100001000010000000001,1.5686274509803921 percent,1927.0 revolutions_per_minute,1730.0 second,0.0 percent,89.0 kilometer_per_hour,<obd.OBDResponse.Status object at 0x76f779e9b250>,<obd.OBDResponse.Status object at 0x76f779e9b310>,2.3529411764705883 percent,12.156862745098039 percent,12.156862745098039 percent,-7.5 degree,bytearray(b'MEXKRDPA7NG020286'),0.0 count,2025-04-28 15:13:38,2025-04-28 15:13:43,2025-04-28 15:13:38,Signal Acquired,15.455996,73.865982,2.54,0.02,8.49,-0.09,0.11,0.0,NO
,,,,,,,,,,,,,,,,,,,,,,,,,,,,,,,,,,,,,,,,,,,,,,,,,,,,,,,,,,,,,,,,,,,,,,,,,,,,,,,,,,,,,,,,,,,,,,,,,,,,,,,,,2025-04-28 15:13:38,Signal Acquired,15.455877,73.865941,-1.8,-0.07,9.43,-0.09,0.17,-0.02,NO
,,,,,,,,,,,,,,,,,,,,,,,,,,,,,,,,,,,,,,,,,,,,,,,,,,,,,,,,,,,,,,,,,,,,,,,,,,,,,,,,,,,,,,,,,,,,,,,,,,,,,,,,,2025-04-28 15:13:38,Signal Acquired,15.455877,73.865941,0.22,-0.27,9.88,-0.01,0.07,-0.02,NO
17.254901960784313 percent,18.823529411764707 percent,18.823529411764707 percent,32 degree_Celsius,100 kilopascal,bytearray(b'5E018DD3844BEA'),645.1 degree_Celsius,,,,,,,0.0 kilometer,,,,,,,,,,,,,,,,,,,,,,,,,,,,,,,,,,,,,,,ELM327 v1.5,12.8 volt,7.450980392156863 percent,3.1372549019607843 percent,89.80392156862744 percent,"('Closed loop, using oxygen sensor feedback to determine fuel mix', '')",Gasoline,[],[],44 kilopascal,50 degree_Celsius,-1.5625 percent,0.0 percent,11000000000000000000000000000001,10000000000000000000100000001001,11000000000000000000000000000001,1.0,1.0,01111000000000000000000000000000,Unknown : 0.0 percent [PASSED],"Average misfire counts for last ten driving cycles : 0.0 count [PASSED]
Misfire counts for last/current driving cycles : 0.0 count [PASSED]","Average misfire counts for last ten driving cycles : 0.0 count [PASSED]
Misfire counts for last/current driving cycles : 0.0 count [PASSED]","Average misfire counts for last ten driving cycles : 0.0 count [PASSED]
Misfire counts for last/current driving cycles : 0.0 count [PASSED]","Average misfire counts for last ten driving cycles : 0.0 count [PASSED]
Misfire counts for last/current driving cycles : 0.0 count [PASSED]","Unknown : 0.0 count [PASSED]
Unknown : 0.0 count [PASSED]
Unknown : 0.0 ratio [PASSED]
Unknown : 0.0 millisecond [PASSED]","Rich to lean sensor switch time : 0.0 millisecond [PASSED]
Unknown : 0.0 millivolt [PASSED]
Unknown : 0.0 millivolt [PASSED]",Unknown : -40.0 degree_Celsius [PASSED],Unknown : 0.0 ohm [PASSED],Unknown : 0.0 count [PASSED],"Unknown : 0.0 degree [PASSED]
Unknown : 0.0 degree [PASSED]
Unknown : 0.0 degree [PASSED]
Unknown : 0.0 degree [PASSED]",0.11 volt,-0.21484375 milliampere,"((), (False, False, False, False), (False, False, True, True))",India OBD II (IOBD II),0101010001000000000000000000000000000000,10111110001111101010100000010011,10000000000001111011000000010001,11111110110100001000010000000001,1.9607843137254901 percent,1892.5 revolutions_per_minute,1737.0 second,4.6875 percent,88.0 kilometer_per_hour,<obd.OBDResponse.Status object at 0x76f779eb1840>,<obd.OBDResponse.Status object at 0x76f779eb1900>,2.3529411764705883 percent,12.549019607843137 percent,11.764705882352942 percent,-9.0 degree,bytearray(b'MEXKRDPA7NG020286'),0.0 count,2025-04-28 15:13:45,2025-04-28 15:13:50,2025-04-28 15:13:45,Signal Acquired,15.455762,73.865902,0.67,-0.6,9.12,0.04,0.16,-0.03,NO
,,,,,,,,,,,,,,,,,,,,,,,,,,,,,,,,,,,,,,,,,,,,,,,,,,,,,,,,,,,,,,,,,,,,,,,,,,,,,,,,,,,,,,,,,,,,,,,,,,,,,,,,,2025-04-28 15:13:45,Signal Acquired,15.455762,73.865902,1.11,-0.77,10.16,-0.06,-0.03,-0.04,NO
,,,,,,,,,,,,,,,,,,,,,,,,,,,,,,,,,,,,,,,,,,,,,,,,,,,,,,,,,,,,,,,,,,,,,,,,,,,,,,,,,,,,,,,,,,,,,,,,,,,,,,,,,2025-04-28 15:13:45,Signal Acquired,15.455649,73.865861,-1.61,0.11,9.8,-0.03,0.09,-0.02,NO
17.254901960784313 percent,14.509803921568627 percent,14.901960784313726 percent,32 degree_Celsius,100 kilopascal,bytearray(b'5E018DD3844BEA'),625.1 degree_Celsius,,,,,,0.0 kilometer,0.0 kilometer,,,,,,,,,,,,,,,,,,,,,,,,,,,,,,,,,,,,,,,ELM327 v1.5,14.1 volt,0.0 percent,0.0 percent,89.80392156862744 percent,"('Open loop due to engine load OR fuel cut due to deceleration', '')",Gasoline,[],[],30 kilopascal,50 degree_Celsius,-2.34375 percent,0.0 percent,11000000000000000000000000000001,10000000000000000000100000001001,11000000000000000000000000000001,1.0,1.0,01111000000000000000000000000000,Unknown : 0.0 percent [PASSED],"Average misfire counts for last ten driving cycles : 0.0 count [PASSED]
Misfire counts for last/current driving cycles : 0.0 count [PASSED]","Average misfire counts for last ten driving cycles : 0.0 count [PASSED]
Misfire counts for last/current driving cycles : 0.0 count [PASSED]","Average misfire counts for last ten driving cycles : 0.0 count [PASSED]
Misfire counts for last/current driving cycles : 0.0 count [PASSED]","Average misfire counts for last ten driving cycles : 0.0 count [PASSED]
Misfire counts for last/current driving cycles : 0.0 count [PASSED]",,"Rich to lean sensor switch time : 0.0 millisecond [PASSED]
Unknown : 0.0 millivolt [PASSED]
Unknown : 0.0 millivolt [PASSED]",Unknown : -40.0 degree_Celsius [PASSED],Unknown : 0.0 ohm [PASSED],Unknown : 0.0 count [PASSED],,0.015 volt,1.23046875 milliampere,"((), (False, False, False, False), (False, False, True, True))",India OBD II (IOBD II),0101010001000000000000000000000000000000,10111110001111101010100000010011,10000000000001111011000000010001,11111110110100001000010000000001,1.1764705882352942 percent,1645.5 revolutions_per_minute,1744.0 second,0.0 percent,75.0 kilometer_per_hour,<obd.OBDResponse.Status object at 0x76f779eca8f0>,<obd.OBDResponse.Status object at 0x76f779ecac80>,7.8431372549019605 percent,16.07843137254902 percent,16.07843137254902 percent,6.0 degree,bytearray(b'MEXKRDPA7NG020286'),0.0 count,2025-04-28 15:13:52,2025-04-28 15:13:57,2025-04-28 15:13:52,Signal Acquired,15.455649,73.865861,-0.67,-0.01,9.87,-0.01,-0.03,-0.02,NO
,,,,,,,,,,,,,,,,,,,,,,,,,,,,,,,,,,,,,,,,,,,,,,,,,,,,,,,,,,,,,,,,,,,,,,,,,,,,,,,,,,,,,,,,,,,,,,,,,,,,,,,,,2025-04-28 15:13:52,Signal Acquired,15.455537,73.865815,3.66,-0.39,8.73,0.0,-0.0,0.01,NO
,,,,,,,,,,,,,,,,,,,,,,,,,,,,,,,,,,,,,,,,,,,,,,,,,,,,,,,,,,,,,,,,,,,,,,,,,,,,,,,,,,,,,,,,,,,,,,,,,,,,,,,,,2025-04-28 15:13:52,Signal Acquired,15.455537,73.865815,0.83,-0.72,8.24,-0.06,0.09,-0.0,NO
40.3921568627451 percent,28.235294117647058 percent,28.235294117647058 percent,32 degree_Celsius,100 kilopascal,bytearray(b'5E018DD3844BEA'),601.0 degree_Celsius,,,,,,,0.0 kilometer,,,,,,,,,,,,,,,,,,,,,,,,,,,,,,,,,,,,,,,ELM327 v1.5,12.4 volt,20.392156862745097 percent,14.509803921568627 percent,89.80392156862744 percent,"('Closed loop, using oxygen sensor feedback to determine fuel mix', '')",Gasoline,[],[],45 kilopascal,48 degree_Celsius,1.5625 percent,0.0 percent,11000000000000000000000000000001,10000000000000000000100000001001,11000000000000000000000000000001,1.0,1.0,01111000000000000000000000000000,Unknown : 0.0 percent [PASSED],"Average misfire counts for last ten driving cycles : 0.0 count [PASSED]
Misfire counts for last/current driving cycles : 0.0 count [PASSED]","Average misfire counts for last ten driving cycles : 0.0 count [PASSED]
Misfire counts for last/current driving cycles : 0.0 count [PASSED]","Average misfire counts for last ten driving cycles : 0.0 count [PASSED]
Misfire counts for last/current driving cycles : 0.0 count [PASSED]","Average misfire counts for last ten driving cycles : 0.0 count [PASSED]
Misfire counts for last/current driving cycles : 0.0 count [PASSED]","Unknown : 0.0 count [PASSED]
Unknown : 0.0 count [PASSED]
Unknown : 0.0 ratio [PASSED]
Unknown : 0.0 millisecond [PASSED]","Rich to lean sensor switch time : 0.0 millisecond [PASSED]
Unknown : 0.0 millivolt [PASSED]
Unknown : 0.0 millivolt [PASSED]",Unknown : -40.0 degree_Celsius [PASSED],Unknown : 0.0 ohm [PASSED],Unknown : 0.0 count [PASSED],"Unknown : 0.0 degree [PASSED]
Unknown : 0.0 degree [PASSED]
Unknown : 0.0 degree [PASSED]
Unknown : 0.0 degree [PASSED]",0.755 volt,-0.03515625 milliampere,"((), (False, False, False, False), (False, False, True, True))",India OBD II (IOBD II),0101010001000000000000000000000000000000,10111110001111101010100000010011,10000000000001111011000000010001,11111110110100001000010000000001,5.098039215686274 percent,1617.0 revolutions_per_minute,1751.0 second,-0.78125 percent,74.0 kilometer_per_hour,<obd.OBDResponse.Status object at 0x76f779cf44c0>,<obd.OBDResponse.Status object at 0x76f779cf4580>,6.2745098039215685 percent,15.294117647058824 percent,15.294117647058824 percent,20.0 degree,bytearray(b'MEXKRDPA7NG020286'),0.0 count,2025-04-28 15:13:58,2025-04-28 15:14:04,2025-04-28 15:13:58,Signal Acquired,15.455428,73.865771,-2.09,-0.1,9.97,0.03,0.01,-0.03,NO
,,,,,,,,,,,,,,,,,,,,,,,,,,,,,,,,,,,,,,,,,,,,,,,,,,,,,,,,,,,,,,,,,,,,,,,,,,,,,,,,,,,,,,,,,,,,,,,,,,,,,,,,,2025-04-28 15:13:58,Signal Acquired,15.455428,73.865771,1.79,0.88,10.44,0.11,-0.05,-0.01,NO
,,,,,,,,,,,,,,,,,,,,,,,,,,,,,,,,,,,,,,,,,,,,,,,,,,,,,,,,,,,,,,,,,,,,,,,,,,,,,,,,,,,,,,,,,,,,,,,,,,,,,,,,,2025-04-28 15:13:58,Signal Acquired,15.455321,73.865727,-0.2,-0.69,8.43,-0.1,-0.08,0.01,NO
63.13725490196078 percent,25.49019607843137 percent,25.49019607843137 percent,32 degree_Celsius,100 kilopascal,bytearray(b'5E018DD3844BEA'),576.0 degree_Celsius,,,,,,,0.0 kilometer,,,,,,,,,,,,,,,,,,,,,,,,,,,,,,,,,,,,,,,ELM327 v1.5,12.5 volt,26.274509803921568 percent,96.07843137254902 percent,89.80392156862744 percent,"('Closed loop, using oxygen sensor feedback to determine fuel mix', '')",Gasoline,[],[],101 kilopascal,49 degree_Celsius,-1.5625 percent,0.0 percent,11000000000000000000000000000001,10000000000000000000100000001001,11000000000000000000000000000001,1.0,1.0,01111000000000000000000000000000,Unknown : 0.0 percent [PASSED],"Average misfire counts for last ten driving cycles : 0.0 count [PASSED]
Misfire counts for last/current driving cycles : 0.0 count [PASSED]","Average misfire counts for last ten driving cycles : 0.0 count [PASSED]
Misfire counts for last/current driving cycles : 0.0 count [PASSED]","Average misfire counts for last ten driving cycles : 0.0 count [PASSED]
Misfire counts for last/current driving cycles : 0.0 count [PASSED]","Average misfire counts for last ten driving cycles : 0.0 count [PASSED]
Misfire counts for last/current driving cycles : 0.0 count [PASSED]","Unknown : 0.0 count [PASSED]
Unknown : 0.0 count [PASSED]
Unknown : 0.0 ratio [PASSED]
Unknown : 0.0 millisecond [PASSED]","Rich to lean sensor switch time : 0.0 millisecond [PASSED]
Unknown : 0.0 millivolt [PASSED]
Unknown : 0.0 millivolt [PASSED]",Unknown : -40.0 degree_Celsius [PASSED],Unknown : 0.0 ohm [PASSED],Unknown : 0.0 count [PASSED],"Unknown : 0.0 degree [PASSED]
Unknown : 0.0 degree [PASSED]
Unknown : 0.0 degree [PASSED]
Unknown : 0.0 degree [PASSED]",0.7 volt,-0.01953125 milliampere,"((), (False, False, False, False), (False, False, True, True))",India OBD II (IOBD II),0101010001000000000000000000000000000000,10111110001111101010100000010011,10000000000001111011000000010001,11111110110100001000010000000001,21.176470588235293 percent,1583.5 revolutions_per_minute,1757.0 second,3.125 percent,73.0 kilometer_per_hour,<obd.OBDResponse.Status object at 0x76f779d07370>,<obd.OBDResponse.Status object at 0x76f779d07430>,6.2745098039215685 percent,15.686274509803921 percent,16.07843137254902 percent,1.5 degree,bytearray(b'MEXKRDPA7NG020286'),0.0 count,2025-04-28 15:14:05,2025-04-28 15:14:11,2025-04-28 15:14:05,Signal Acquired,15.455321,73.865727,1.3,0.37,9.68,-0.04,0.0,-0.01,NO
,,,,,,,,,,,,,,,,,,,,,,,,,,,,,,,,,,,,,,,,,,,,,,,,,,,,,,,,,,,,,,,,,,,,,,,,,,,,,,,,,,,,,,,,,,,,,,,,,,,,,,,,,2025-04-28 15:14:05,Signal Acquired,15.455212,73.865677,1.01,-0.6,9.32,0.03,-0.05,-0.01,NO
,,,,,,,,,,,,,,,,,,,,,,,,,,,,,,,,,,,,,,,,,,,,,,,,,,,,,,,,,,,,,,,,,,,,,,,,,,,,,,,,,,,,,,,,,,,,,,,,,,,,,,,,,2025-04-28 15:14:05,Signal Acquired,15.455212,73.865677,0.92,-0.42,9.67,-0.04,-0.17,-0.01,NO
36.470588235294116 percent,27.84313725490196 percent,27.84313725490196 percent,33 degree_Celsius,100 kilopascal,bytearray(b'5E018DD3844BEA'),563.6 degree_Celsius,,,,,,0.0 kilometer,0.0 kilometer,,,,,,,,,,,,,,,,,,,,,,,,,,,,,,,,,,,,,,,ELM327 v1.5,12.6 volt,26.666666666666668 percent,61.1764705882353 percent,89.80392156862744 percent,"('Closed loop, using oxygen sensor feedback to determine fuel mix', '')",Gasoline,[],[],67 kilopascal,49 degree_Celsius,1.5625 percent,0.0 percent,11000000000000000000000000000001,10000000000000000000100000001001,11000000000000000000000000000001,1.0,1.0,01111000000000000000000000000000,Unknown : 0.0 percent [PASSED],"Average misfire counts for last ten driving cycles : 0.0 count [PASSED]
Misfire counts for last/current driving cycles : 0.0 count [PASSED]","Average misfire counts for last ten driving cycles : 0.0 count [PASSED]
Misfire counts for last/current driving cycles : 0.0 count [PASSED]","Average misfire counts for last ten driving cycles : 0.0 count [PASSED]
Misfire counts for last/current driving cycles : 0.0 count [PASSED]","Average misfire counts for last ten driving cycles : 0.0 count [PASSED]
Misfire counts for last/current driving cycles : 0.0 count [PASSED]","Unknown : 0.0 count [PASSED]
Unknown : 0.0 count [PASSED]
Unknown : 0.0 ratio [PASSED]
Unknown : 0.0 millisecond [PASSED]","Rich to lean sensor switch time : 0.0 millisecond [PASSED]
Unknown : 0.0 millivolt [PASSED]
Unknown : 0.0 millivolt [PASSED]",Unknown : -40.0 degree_Celsius [PASSED],Unknown : 0.0 ohm [PASSED],Unknown : 0.0 count [PASSED],"Unknown : 0.0 degree [PASSED]
Unknown : 0.0 degree [PASSED]
Unknown : 0.0 degree [PASSED]
Unknown : 0.0 degree [PASSED]",0.695 volt,-0.0078125 milliampere,"((), (False, False, False, False), (False, False, True, True))",India OBD II (IOBD II),0101010001000000000000000000000000000000,10111110001111101010100000010011,10000000000001111011000000010001,11111110110100001000010000000001,8.627450980392156 percent,1618.5 revolutions_per_minute,1764.0 second,-2.34375 percent,75.0 kilometer_per_hour,<obd.OBDResponse.Status object at 0x76f779d28f10>,<obd.OBDResponse.Status object at 0x76f779d28fd0>,10.980392156862745 percent,18.823529411764707 percent,19.215686274509803 percent,16.5 degree,bytearray(b'MEXKRDPA7NG020286'),0.0 count,2025-04-28 15:14:12,2025-04-28 15:14:17,2025-04-28 15:14:12,Signal Acquired,15.455106,73.86563,-2.03,-0.28,10.1,-0.04,-0.05,-0.06,NO
,,,,,,,,,,,,,,,,,,,,,,,,,,,,,,,,,,,,,,,,,,,,,,,,,,,,,,,,,,,,,,,,,,,,,,,,,,,,,,,,,,,,,,,,,,,,,,,,,,,,,,,,,2025-04-28 15:14:12,Signal Acquired,15.455106,73.86563,-0.66,-0.26,9.86,-0.1,0.04,-0.03,NO
,,,,,,,,,,,,,,,,,,,,,,,,,,,,,,,,,,,,,,,,,,,,,,,,,,,,,,,,,,,,,,,,,,,,,,,,,,,,,,,,,,,,,,,,,,,,,,,,,,,,,,,,,2025-04-28 15:14:12,Signal Acquired,15.455002,73.865582,5.99,-1.68,9.37,0.02,-0.12,0.04,NO
56.07843137254902 percent,30.980392156862745 percent,30.58823529411765 percent,33 degree_Celsius,100 kilopascal,bytearray(b'5E018DD3844BEA'),554.5 degree_Celsius,,,,,,0.0 kilometer,0.0 kilometer,,,,,,,,,,,,,,,,,,,,,,,,,,,,,,,,,,,,,,,ELM327 v1.5,12.6 volt,28.235294117647058 percent,65.49019607843137 percent,89.80392156862744 percent,"('Closed loop, using oxygen sensor feedback to determine fuel mix', '')",Gasoline,[],[],67 kilopascal,48 degree_Celsius,1.5625 percent,0.0 percent,11000000000000000000000000000001,10000000000000000000100000001001,11000000000000000000000000000001,1.0,1.0,01111000000000000000000000000000,Unknown : 0.0 percent [PASSED],"Average misfire counts for last ten driving cycles : 0.0 count [PASSED]
Misfire counts for last/current driving cycles : 0.0 count [PASSED]","Average misfire counts for last ten driving cycles : 0.0 count [PASSED]
Misfire counts for last/current driving cycles : 0.0 count [PASSED]","Average misfire counts for last ten driving cycles : 0.0 count [PASSED]
Misfire counts for last/current driving cycles : 0.0 count [PASSED]","Average misfire counts for last ten driving cycles : 0.0 count [PASSED]
Misfire counts for last/current driving cycles : 0.0 count [PASSED]","Unknown : 0.0 count [PASSED]
Unknown : 0.0 count [PASSED]
Unknown : 0.0 ratio [PASSED]
Unknown : 0.0 millisecond [PASSED]","Rich to lean sensor switch time : 0.0 millisecond [PASSED]
Unknown : 0.0 millivolt [PASSED]
Unknown : 0.0 millivolt [PASSED]",Unknown : -40.0 degree_Celsius [PASSED],Unknown : 0.0 ohm [PASSED],Unknown : 0.0 count [PASSED],"Unknown : 0.0 degree [PASSED]
Unknown : 0.0 degree [PASSED]
Unknown : 0.0 degree [PASSED]
Unknown : 0.0 degree [PASSED]",0.695 volt,0.01171875 milliampere,"((), (False, False, False, False), (False, False, True, True))",India OBD II (IOBD II),0101010001000000000000000000000000000000,10111110001111101010100000010011,10000000000001111011000000010001,11111110110100001000010000000001,3.9215686274509802 percent,1644.5 revolutions_per_minute,1772.0 second,0.0 percent,75.0 kilometer_per_hour,<obd.OBDResponse.Status object at 0x76f779d3b520>,<obd.OBDResponse.Status object at 0x76f779d3b5e0>,4.705882352941177 percent,14.117647058823529 percent,14.117647058823529 percent,-10.0 degree,bytearray(b'MEXKRDPA7NG020286'),0.0 count,2025-04-28 15:14:19,2025-04-28 15:14:25,2025-04-28 15:14:19,Signal Acquired,15.455002,73.865582,4.21,-1.58,8.94,-0.08,-0.12,-0.03,NO
,,,,,,,,,,,,,,,,,,,,,,,,,,,,,,,,,,,,,,,,,,,,,,,,,,,,,,,,,,,,,,,,,,,,,,,,,,,,,,,,,,,,,,,,,,,,,,,,,,,,,,,,,2025-04-28 15:14:19,Signal Acquired,15.454902,73.865535,-0.18,-1.41,9.31,-0.06,0.03,-0.01,NO
,,,,,,,,,,,,,,,,,,,,,,,,,,,,,,,,,,,,,,,,,,,,,,,,,,,,,,,,,,,,,,,,,,,,,,,,,,,,,,,,,,,,,,,,,,,,,,,,,,,,,,,,,2025-04-28 15:14:19,Signal Acquired,15.454902,73.865535,-0.18,0.09,9.17,0.05,0.15,-0.01,NO
29.019607843137255 percent,25.098039215686274 percent,24.705882352941178 percent,33 degree_Celsius,100 kilopascal,bytearray(b'5E018DD3844BEA'),545.9 degree_Celsius,,,,,,0.0 kilometer,0.0 kilometer,,,,,,,,,,,,,,,,,,,,,,,,,,,,,,,,,,,,,,,ELM327 v1.5,12.6 volt,17.254901960784313 percent,16.07843137254902 percent,89.80392156862744 percent,"('Closed loop, using oxygen sensor feedback to determine fuel mix', '')",Gasoline,[],[],88 kilopascal,49 degree_Celsius,-1.5625 percent,0.0 percent,11000000000000000000000000000001,10000000000000000000100000001001,11000000000000000000000000000001,1.0,1.0,01111000000000000000000000000000,Unknown : 0.0 percent [PASSED],"Average misfire counts for last ten driving cycles : 0.0 count [PASSED]
Misfire counts for last/current driving cycles : 0.0 count [PASSED]","Average misfire counts for last ten driving cycles : 0.0 count [PASSED]
Misfire counts for last/current driving cycles : 0.0 count [PASSED]","Average misfire counts for last ten driving cycles : 0.0 count [PASSED]
Misfire counts for last/current driving cycles : 0.0 count [PASSED]","Average misfire counts for last ten driving cycles : 0.0 count [PASSED]
Misfire counts for last/current driving cycles : 0.0 count [PASSED]","Unknown : 0.0 count [PASSED]
Unknown : 0.0 count [PASSED]
Unknown : 0.0 ratio [PASSED]
Unknown : 0.0 millisecond [PASSED]","Rich to lean sensor switch time : 0.0 millisecond [PASSED]
Unknown : 0.0 millivolt [PASSED]
Unknown : 0.0 millivolt [PASSED]",Unknown : -40.0 degree_Celsius [PASSED],Unknown : 0.0 ohm [PASSED],Unknown : 0.0 count [PASSED],"Unknown : 0.0 degree [PASSED]
Unknown : 0.0 degree [PASSED]
Unknown : 0.0 degree [PASSED]
Unknown : 0.0 degree [PASSED]",0.77 volt,-0.0546875 milliampere,"((), (False, False, False, False), (False, False, True, True))",India OBD II (IOBD II),0101010001000000000000000000000000000000,10111110001111101010100000010011,10000000000001111011000000010001,11111110110100001000010000000001,12.941176470588236 percent,1585.5 revolutions_per_minute,1778.0 second,1.5625 percent,73.0 kilometer_per_hour,<obd.OBDResponse.Status object at 0x76f779d51300>,<obd.OBDResponse.Status object at 0x76f779d513c0>,16.862745098039216 percent,23.529411764705884 percent,23.529411764705884 percent,3.5 degree,bytearray(b'MEXKRDPA7NG020286'),0.0 count,2025-04-28 15:14:26,2025-04-28 15:14:31,2025-04-28 15:14:26,Signal Acquired,15.454802,73.865486,0.86,-0.17,8.01,-0.1,0.11,-0.03,NO
,,,,,,,,,,,,,,,,,,,,,,,,,,,,,,,,,,,,,,,,,,,,,,,,,,,,,,,,,,,,,,,,,,,,,,,,,,,,,,,,,,,,,,,,,,,,,,,,,,,,,,,,,2025-04-28 15:14:26,Signal Acquired,15.454802,73.865486,1.32,-1.57,12.89,-0.32,0.26,-0.11,NO
,,,,,,,,,,,,,,,,,,,,,,,,,,,,,,,,,,,,,,,,,,,,,,,,,,,,,,,,,,,,,,,,,,,,,,,,,,,,,,,,,,,,,,,,,,,,,,,,,,,,,,,,,2025-04-28 15:14:26,Signal Acquired,15.454706,73.865437,-0.32,3.29,6.03,0.22,-0.19,0.33,NO
73.33333333333333 percent,27.058823529411764 percent,27.058823529411764 percent,33 degree_Celsius,100 kilopascal,bytearray(b'5E018DD3844BEA'),538.0 degree_Celsius,,,,,,0.0 kilometer,0.0 kilometer,,,,,,,,,,,,,,,,,,,,,,,,,,,,,,,,,,,,,,,ELM327 v1.5,12.6 volt,12.549019607843137 percent,63.92156862745098 percent,89.80392156862744 percent,"('Closed loop, using oxygen sensor feedback to determine fuel mix', '')",Gasoline,[],[],94 kilopascal,49 degree_Celsius,-1.5625 percent,0.0 percent,11000000000000000000000000000001,10000000000000000000100000001001,11000000000000000000000000000001,1.0,1.0,01111000000000000000000000000000,Unknown : 0.0 percent [PASSED],"Average misfire counts for last ten driving cycles : 0.0 count [PASSED]
Misfire counts for last/current driving cycles : 0.0 count [PASSED]","Average misfire counts for last ten driving cycles : 0.0 count [PASSED]
Misfire counts for last/current driving cycles : 0.0 count [PASSED]","Average misfire counts for last ten driving cycles : 0.0 count [PASSED]
Misfire counts for last/current driving cycles : 0.0 count [PASSED]","Average misfire counts for last ten driving cycles : 0.0 count [PASSED]
Misfire counts for last/current driving cycles : 0.0 count [PASSED]","Unknown : 0.0 count [PASSED]
Unknown : 0.0 count [PASSED]
Unknown : 0.0 ratio [PASSED]
Unknown : 0.0 millisecond [PASSED]","Rich to lean sensor switch time : 0.0 millisecond [PASSED]
Unknown : 0.0 millivolt [PASSED]
Unknown : 0.0 millivolt [PASSED]",Unknown : -40.0 degree_Celsius [PASSED],Unknown : 0.0 ohm [PASSED],Unknown : 0.0 count [PASSED],"Unknown : 0.0 degree [PASSED]
Unknown : 0.0 degree [PASSED]
Unknown : 0.0 degree [PASSED]
Unknown : 0.0 degree [PASSED]",0.735 volt,-0.01171875 milliampere,"((), (False, False, False, False), (False, False, True, True))",India OBD II (IOBD II),0101010001000000000000000000000000000000,10111110001111101010100000010011,10000000000001111011000000010001,11111110110100001000010000000001,12.941176470588236 percent,1568.0 revolutions_per_minute,1785.0 second,0.78125 percent,72.0 kilometer_per_hour,<obd.OBDResponse.Status object at 0x76f779d6b880>,<obd.OBDResponse.Status object at 0x76f779d6b940>,29.41176470588235 percent,33.72549019607843 percent,35.68627450980392 percent,2.0 degree,bytearray(b'MEXKRDPA7NG020286'),0.0 count,2025-04-28 15:14:33,2025-04-28 15:14:38,2025-04-28 15:14:33,Signal Acquired,15.454706,73.865437,4.89,1.41,8.88,0.16,-0.16,-0.04,NO
,,,,,,,,,,,,,,,,,,,,,,,,,,,,,,,,,,,,,,,,,,,,,,,,,,,,,,,,,,,,,,,,,,,,,,,,,,,,,,,,,,,,,,,,,,,,,,,,,,,,,,,,,2025-04-28 15:14:33,Signal Acquired,15.454608,73.865384,-1.03,0.03,10.32,-0.06,0.04,-0.06,NO
,,,,,,,,,,,,,,,,,,,,,,,,,,,,,,,,,,,,,,,,,,,,,,,,,,,,,,,,,,,,,,,,,,,,,,,,,,,,,,,,,,,,,,,,,,,,,,,,,,,,,,,,,2025-04-28 15:14:33,Signal Acquired,15.454608,73.865384,-1.34,-0.24,10.31,-0.16,0.11,-0.05,NO
58.8235294117647 percent,33.333333333333336 percent,33.333333333333336 percent,33 degree_Celsius,100 kilopascal,bytearray(b'5E018DD3844BEA'),535.5 degree_Celsius,,,,,,,0.0 kilometer,,,,,,,,,,,,,,,,,,,,,,,,,,,,,,,,,,,,,,,ELM327 v1.5,12.6 volt,46.666666666666664 percent,9.803921568627452 percent,89.80392156862744 percent,"('Closed loop, using oxygen sensor feedback to determine fuel mix', '')",Gasoline,[],[],83 kilopascal,49 degree_Celsius,1.5625 percent,0.0 percent,11000000000000000000000000000001,10000000000000000000100000001001,11000000000000000000000000000001,1.0,1.0,01111000000000000000000000000000,Unknown : 0.0 percent [PASSED],"Average misfire counts for last ten driving cycles : 0.0 count [PASSED]
Misfire counts for last/current driving cycles : 0.0 count [PASSED]","Average misfire counts for last ten driving cycles : 0.0 count [PASSED]
Misfire counts for last/current driving cycles : 0.0 count [PASSED]","Average misfire counts for last ten driving cycles : 0.0 count [PASSED]
Misfire counts for last/current driving cycles : 0.0 count [PASSED]","Average misfire counts for last ten driving cycles : 0.0 count [PASSED]
Misfire counts for last/current driving cycles : 0.0 count [PASSED]","Unknown : 0.0 count [PASSED]
Unknown : 0.0 count [PASSED]
Unknown : 0.0 ratio [PASSED]
Unknown : 0.0 millisecond [PASSED]","Rich to lean sensor switch time : 0.0 millisecond [PASSED]
Unknown : 0.0 millivolt [PASSED]
Unknown : 0.0 millivolt [PASSED]",Unknown : -40.0 degree_Celsius [PASSED],Unknown : 0.0 ohm [PASSED],Unknown : 0.0 count [PASSED],"Unknown : 0.0 degree [PASSED]
Unknown : 0.0 degree [PASSED]
Unknown : 0.0 degree [PASSED]
Unknown : 0.0 degree [PASSED]",0.72 volt,0.0 milliampere,"((), (False, False, False, False), (False, False, True, True))",India OBD II (IOBD II),0101010001000000000000000000000000000000,10111110001111101010100000010011,10000000000001111011000000010001,11111110110100001000010000000001,4.705882352941177 percent,1629.0 revolutions_per_minute,1792.0 second,-3.125 percent,75.0 kilometer_per_hour,<obd.OBDResponse.Status object at 0x76f779d95960>,<obd.OBDResponse.Status object at 0x76f779d95a20>,5.882352941176471 percent,14.901960784313726 percent,15.294117647058824 percent,21.5 degree,bytearray(b'MEXKRDPA7NG020286'),0.0 count,2025-04-28 15:14:40,2025-04-28 15:14:46,2025-04-28 15:14:40,Signal Acquired,15.454511,73.865327,3.33,-0.18,7.97,-0.06,-0.05,-0.0,NO
,,,,,,,,,,,,,,,,,,,,,,,,,,,,,,,,,,,,,,,,,,,,,,,,,,,,,,,,,,,,,,,,,,,,,,,,,,,,,,,,,,,,,,,,,,,,,,,,,,,,,,,,,2025-04-28 15:14:40,Signal Acquired,15.454511,73.865327,0.1,0.47,9.18,-0.11,0.07,0.03,NO
,,,,,,,,,,,,,,,,,,,,,,,,,,,,,,,,,,,,,,,,,,,,,,,,,,,,,,,,,,,,,,,,,,,,,,,,,,,,,,,,,,,,,,,,,,,,,,,,,,,,,,,,,2025-04-28 15:14:40,Signal Acquired,15.454408,73.865264,-3.18,1.22,11.28,-0.05,0.0,0.09,NO
90.98039215686275 percent,50.19607843137255 percent,50.19607843137255 percent,33 degree_Celsius,100 kilopascal,bytearray(b'5E018DD3844BEA'),543.0 degree_Celsius,,,,,,,0.0 kilometer,,,,,,,,,,,,,,,,,,,,,,,,,,,,,,,,,,,,,,,ELM327 v1.5,12.6 volt,87.84313725490196 percent,97.25490196078431 percent,89.80392156862744 percent,"('Closed loop, using oxygen sensor feedback to determine fuel mix', '')",Gasoline,[],[],160 kilopascal,48 degree_Celsius,2.34375 percent,0.0 percent,11000000000000000000000000000001,10000000000000000000100000001001,11000000000000000000000000000001,1.0,1.0,01111000000000000000000000000000,Unknown : 0.0 percent [PASSED],"Average misfire counts for last ten driving cycles : 0.0 count [PASSED]
Misfire counts for last/current driving cycles : 0.0 count [PASSED]","Average misfire counts for last ten driving cycles : 0.0 count [PASSED]
Misfire counts for last/current driving cycles : 0.0 count [PASSED]","Average misfire counts for last ten driving cycles : 0.0 count [PASSED]
Misfire counts for last/current driving cycles : 0.0 count [PASSED]","Average misfire counts for last ten driving cycles : 0.0 count [PASSED]
Misfire counts for last/current driving cycles : 0.0 count [PASSED]","Unknown : 0.0 count [PASSED]
Unknown : 0.0 count [PASSED]
Unknown : 0.0 ratio [PASSED]
Unknown : 0.0 millisecond [PASSED]","Rich to lean sensor switch time : 0.0 millisecond [PASSED]
Unknown : 0.0 millivolt [PASSED]
Unknown : 0.0 millivolt [PASSED]",Unknown : -40.0 degree_Celsius [PASSED],Unknown : 0.0 ohm [PASSED],Unknown : 0.0 count [PASSED],"Unknown : 0.0 degree [PASSED]
Unknown : 0.0 degree [PASSED]
Unknown : 0.0 degree [PASSED]
Unknown : 0.0 degree [PASSED]",0.685 volt,-0.0546875 milliampere,"((), (False, False, False, False), (False, False, True, True))",India OBD II (IOBD II),0101010001000000000000000000000000000000,10111110001111101010100000010011,10000000000001111011000000010001,11111110110100001000010000000001,77.25490196078431 percent,1856.0 revolutions_per_minute,1800.0 second,0.78125 percent,86.0 kilometer_per_hour,<obd.OBDResponse.Status object at 0x76f779d94430>,<obd.OBDResponse.Status object at 0x76f779d969b0>,99.6078431372549 percent,87.84313725490196 percent,88.23529411764706 percent,-5.5 degree,bytearray(b'MEXKRDPA7NG020286'),0.0 count,2025-04-28 15:14:47,2025-04-28 15:14:53,2025-04-28 15:14:47,Signal Acquired,15.454408,73.865264,2.29,0.86,8.39,-0.05,0.1,0.05,NO
,,,,,,,,,,,,,,,,,,,,,,,,,,,,,,,,,,,,,,,,,,,,,,,,,,,,,,,,,,,,,,,,,,,,,,,,,,,,,,,,,,,,,,,,,,,,,,,,,,,,,,,,,2025-04-28 15:14:47,Signal Acquired,15.454296,73.865194,3.79,1.29,7.16,-0.13,-0.0,0.1,NO
,,,,,,,,,,,,,,,,,,,,,,,,,,,,,,,,,,,,,,,,,,,,,,,,,,,,,,,,,,,,,,,,,,,,,,,,,,,,,,,,,,,,,,,,,,,,,,,,,,,,,,,,,2025-04-28 15:14:47,Signal Acquired,15.454296,73.865194,-2.63,2.88,9.45,-0.07,0.07,0.04,NO
147.45098039215685 percent,49.411764705882355 percent,49.80392156862745 percent,33 degree_Celsius,100 kilopascal,bytearray(b'5E018DD3844BEA'),652.3000000000001 degree_Celsius,,,,,,,0.0 kilometer,,,,,,,,,,,,,,,,,,,,,,,,,,,,,,,,,,,,,,,ELM327 v1.5,12.6 volt,15.294117647058824 percent,0.0 percent,89.80392156862744 percent,"('Closed loop, using oxygen sensor feedback to determine fuel mix', '')",Gasoline,[],[],48 kilopascal,46 degree_Celsius,1.5625 percent,0.0 percent,11000000000000000000000000000001,10000000000000000000100000001001,11000000000000000000000000000001,1.0,1.0,01111000000000000000000000000000,Unknown : 0.0 percent [PASSED],"Average misfire counts for last ten driving cycles : 0.0 count [PASSED]
Misfire counts for last/current driving cycles : 0.0 count [PASSED]","Average misfire counts for last ten driving cycles : 0.0 count [PASSED]
Misfire counts for last/current driving cycles : 0.0 count [PASSED]","Average misfire counts for last ten driving cycles : 0.0 count [PASSED]
Misfire counts for last/current driving cycles : 0.0 count [PASSED]","Average misfire counts for last ten driving cycles : 0.0 count [PASSED]
Misfire counts for last/current driving cycles : 0.0 count [PASSED]","Unknown : 0.0 count [PASSED]
Unknown : 0.0 count [PASSED]
Unknown : 0.0 ratio [PASSED]
Unknown : 0.0 millisecond [PASSED]","Rich to lean sensor switch time : 0.0 millisecond [PASSED]
Unknown : 0.0 millivolt [PASSED]
Unknown : 0.0 millivolt [PASSED]",Unknown : -40.0 degree_Celsius [PASSED],Unknown : 0.0 ohm [PASSED],Unknown : 0.0 count [PASSED],"Unknown : 0.0 degree [PASSED]
Unknown : 0.0 degree [PASSED]
Unknown : 0.0 degree [PASSED]
Unknown : 0.0 degree [PASSED]",0.76 volt,0.0 milliampere,"((), (False, False, False, False), (False, False, True, True))",India OBD II (IOBD II),0101010001000000000000000000000000000000,10111110001111101010100000010011,10000000000001111011000000010001,11111110110100001000010000000001,7.450980392156863 percent,1999.0 revolutions_per_minute,1807.0 second,-7.03125 percent,92.0 kilometer_per_hour,<obd.OBDResponse.Status object at 0x76f779dbf490>,<obd.OBDResponse.Status object at 0x76f779dbf8b0>,26.274509803921568 percent,31.764705882352942 percent,32.15686274509804 percent,9.5 degree,bytearray(b'MEXKRDPA7NG020286'),0.0 count,2025-04-28 15:14:55,2025-04-28 15:15:00,2025-04-28 15:14:55,Signal Acquired,15.45417,73.865123,-5.53,2.17,10.72,-0.05,-0.09,0.0,NO
,,,,,,,,,,,,,,,,,,,,,,,,,,,,,,,,,,,,,,,,,,,,,,,,,,,,,,,,,,,,,,,,,,,,,,,,,,,,,,,,,,,,,,,,,,,,,,,,,,,,,,,,,2025-04-28 15:14:55,Signal Acquired,15.45417,73.865123,4.66,2.31,6.92,-0.09,-0.14,0.15,NO
,,,,,,,,,,,,,,,,,,,,,,,,,,,,,,,,,,,,,,,,,,,,,,,,,,,,,,,,,,,,,,,,,,,,,,,,,,,,,,,,,,,,,,,,,,,,,,,,,,,,,,,,,2025-04-28 15:14:55,Signal Acquired,15.454029,73.865051,0.04,1.84,8.4,0.01,0.15,0.04,NO
44.31372549019608 percent,29.019607843137255 percent,25.098039215686274 percent,33 degree_Celsius,100 kilopascal,bytearray(b'5E018DD3844BEA'),650.4000000000001 degree_Celsius,,,,,,,0.0 kilometer,,,,,,,,,,,,,,,,,,,,,,,,,,,,,,,,,,,,,,,ELM327 v1.5,12.6 volt,8.627450980392156 percent,5.882352941176471 percent,89.80392156862744 percent,"('Closed loop, using oxygen sensor feedback to determine fuel mix', '')",Gasoline,[],[],36 kilopascal,48 degree_Celsius,1.5625 percent,0.0 percent,11000000000000000000000000000001,10000000000000000000100000001001,11000000000000000000000000000001,1.0,1.0,01111000000000000000000000000000,Unknown : 0.0 percent [PASSED],"Average misfire counts for last ten driving cycles : 0.0 count [PASSED]
Misfire counts for last/current driving cycles : 0.0 count [PASSED]","Average misfire counts for last ten driving cycles : 0.0 count [PASSED]
Misfire counts for last/current driving cycles : 0.0 count [PASSED]","Average misfire counts for last ten driving cycles : 0.0 count [PASSED]
Misfire counts for last/current driving cycles : 0.0 count [PASSED]","Average misfire counts for last ten driving cycles : 0.0 count [PASSED]
Misfire counts for last/current driving cycles : 0.0 count [PASSED]","Unknown : 0.0 count [PASSED]
Unknown : 0.0 count [PASSED]
Unknown : 0.0 ratio [PASSED]
Unknown : 0.0 millisecond [PASSED]","Rich to lean sensor switch time : 0.0 millisecond [PASSED]
Unknown : 0.0 millivolt [PASSED]
Unknown : 0.0 millivolt [PASSED]",Unknown : -40.0 degree_Celsius [PASSED],Unknown : 0.0 ohm [PASSED],Unknown : 0.0 count [PASSED],"Unknown : 0.0 degree [PASSED]
Unknown : 0.0 degree [PASSED]
Unknown : 0.0 degree [PASSED]
Unknown : 0.0 degree [PASSED]",0.695 volt,0.40625 milliampere,"((), (False, False, False, False), (False, False, True, True))",India OBD II (IOBD II),0101010001000000000000000000000000000000,10111110001111101010100000010011,10000000000001111011000000010001,11111110110100001000010000000001,4.313725490196078 percent,2000.0 revolutions_per_minute,1814.0 second,0.0 percent,92.0 kilometer_per_hour,<obd.OBDResponse.Status object at 0x76f779dd7250>,<obd.OBDResponse.Status object at 0x76f779dd60e0>,5.882352941176471 percent,14.901960784313726 percent,14.901960784313726 percent,-7.0 degree,bytearray(b'MEXKRDPA7NG020286'),0.0 count,2025-04-28 15:15:02,2025-04-28 15:15:07,2025-04-28 15:15:02,Signal Acquired,15.454029,73.865051,-0.28,1.3,9.58,-0.04,-0.05,0.02,NO
,,,,,,,,,,,,,,,,,,,,,,,,,,,,,,,,,,,,,,,,,,,,,,,,,,,,,,,,,,,,,,,,,,,,,,,,,,,,,,,,,,,,,,,,,,,,,,,,,,,,,,,,,2025-04-28 15:15:02,Signal Acquired,15.453874,73.864973,1.46,2.01,8.46,0.04,-0.01,0.07,NO
,,,,,,,,,,,,,,,,,,,,,,,,,,,,,,,,,,,,,,,,,,,,,,,,,,,,,,,,,,,,,,,,,,,,,,,,,,,,,,,,,,,,,,,,,,,,,,,,,,,,,,,,,2025-04-28 15:15:02,Signal Acquired,15.453874,73.864973,0.62,3.93,9.38,-0.03,0.02,0.15,NO
16.862745098039216 percent,14.901960784313726 percent,15.294117647058824 percent,33 degree_Celsius,100 kilopascal,bytearray(b'5E018DD3844BEA'),626.5 degree_Celsius,,,,,,0.0 kilometer,0.0 kilometer,,,,,,,,,,,,,,,,,,,,,,,,,,,,,,,,,,,,,,,ELM327 v1.5,14.1 volt,0.0 percent,0.0 percent,89.80392156862744 percent,"('Open loop due to engine load OR fuel cut due to deceleration', '')",Gasoline,[],[],30 kilopascal,50 degree_Celsius,-2.34375 percent,0.0 percent,11000000000000000000000000000001,10000000000000000000100000001001,11000000000000000000000000000001,1.0,1.0,01111000000000000000000000000000,Unknown : 0.0 percent [PASSED],"Average misfire counts for last ten driving cycles : 0.0 count [PASSED]
Misfire counts for last/current driving cycles : 0.0 count [PASSED]","Average misfire counts for last ten driving cycles : 0.0 count [PASSED]
Misfire counts for last/current driving cycles : 0.0 count [PASSED]","Average misfire counts for last ten driving cycles : 0.0 count [PASSED]
Misfire counts for last/current driving cycles : 0.0 count [PASSED]","Average misfire counts for last ten driving cycles : 0.0 count [PASSED]
Misfire counts for last/current driving cycles : 0.0 count [PASSED]","Unknown : 0.0 count [PASSED]
Unknown : 0.0 count [PASSED]
Unknown : 0.0 ratio [PASSED]
Unknown : 0.0 millisecond [PASSED]","Rich to lean sensor switch time : 0.0 millisecond [PASSED]
Unknown : 0.0 millivolt [PASSED]
Unknown : 0.0 millivolt [PASSED]",Unknown : -40.0 degree_Celsius [PASSED],Unknown : 0.0 ohm [PASSED],Unknown : 0.0 count [PASSED],"Unknown : 0.0 degree [PASSED]
Unknown : 0.0 degree [PASSED]
Unknown : 0.0 degree [PASSED]
Unknown : 0.0 degree [PASSED]",0.005 volt,0.07421875 milliampere,"((), (False, False, False, False), (False, False, True, True))",India OBD II (IOBD II),0101010001000000000000000000000000000000,10111110001111101010100000010011,10000000000001111011000000010001,11111110110100001000010000000001,1.9607843137254901 percent,1800.5 revolutions_per_minute,1821.0 second,0.0 percent,83.0 kilometer_per_hour,<obd.OBDResponse.Status object at 0x76f779bf1600>,<obd.OBDResponse.Status object at 0x76f779bf16c0>,2.3529411764705883 percent,12.156862745098039 percent,12.549019607843137 percent,2.0 degree,bytearray(b'MEXKRDPA7NG020286'),0.0 count,2025-04-28 15:15:08,2025-04-28 15:15:14,2025-04-28 15:15:08,Signal Acquired,15.453707,73.86489,2.47,3.2,11.0,0.11,-0.03,-0.0,NO
,,,,,,,,,,,,,,,,,,,,,,,,,,,,,,,,,,,,,,,,,,,,,,,,,,,,,,,,,,,,,,,,,,,,,,,,,,,,,,,,,,,,,,,,,,,,,,,,,,,,,,,,,2025-04-28 15:15:08,Signal Acquired,15.453707,73.86489,3.92,1.53,7.21,0.08,-0.06,0.03,NO
,,,,,,,,,,,,,,,,,,,,,,,,,,,,,,,,,,,,,,,,,,,,,,,,,,,,,,,,,,,,,,,,,,,,,,,,,,,,,,,,,,,,,,,,,,,,,,,,,,,,,,,,,2025-04-28 15:15:08,Signal Acquired,15.453526,73.864798,4.82,2.48,8.2,0.13,0.07,-0.01,NO
16.862745098039216 percent,20.0 percent,20.0 percent,33 degree_Celsius,100 kilopascal,bytearray(b'5E018DD3844BEA'),611.5 degree_Celsius,,,,,,0.0 kilometer,0.0 kilometer,,,,,,,,,,,,,,,,,,,,,,,,,,,,,,,,,,,,,,,ELM327 v1.5,12.6 volt,19.607843137254903 percent,10.588235294117647 percent,89.80392156862744 percent,"('Closed loop, using oxygen sensor feedback to determine fuel mix', '')",Gasoline,[],[],67 kilopascal,50 degree_Celsius,1.5625 percent,0.0 percent,11000000000000000000000000000001,10000000000000000000100000001001,11000000000000000000000000000001,1.0,1.0,01111000000000000000000000000000,Unknown : 0.0 percent [PASSED],"Average misfire counts for last ten driving cycles : 0.0 count [PASSED]
Misfire counts for last/current driving cycles : 0.0 count [PASSED]","Average misfire counts for last ten driving cycles : 0.0 count [PASSED]
Misfire counts for last/current driving cycles : 0.0 count [PASSED]","Average misfire counts for last ten driving cycles : 0.0 count [PASSED]
Misfire counts for last/current driving cycles : 0.0 count [PASSED]","Average misfire counts for last ten driving cycles : 0.0 count [PASSED]
Misfire counts for last/current driving cycles : 0.0 count [PASSED]","Unknown : 0.0 count [PASSED]
Unknown : 0.0 count [PASSED]
Unknown : 0.0 ratio [PASSED]
Unknown : 0.0 millisecond [PASSED]","Rich to lean sensor switch time : 0.0 millisecond [PASSED]
Unknown : 0.0 millivolt [PASSED]
Unknown : 0.0 millivolt [PASSED]",Unknown : -40.0 degree_Celsius [PASSED],Unknown : 0.0 ohm [PASSED],Unknown : 0.0 count [PASSED],"Unknown : 0.0 degree [PASSED]
Unknown : 0.0 degree [PASSED]
Unknown : 0.0 degree [PASSED]
Unknown : 0.0 degree [PASSED]",0.68 volt,-0.0859375 milliampere,"((), (False, False, False, False), (False, False, True, True))",India OBD II (IOBD II),0101010001000000000000000000000000000000,10111110001111101010100000010011,10000000000001111011000000010001,11111110110100001000010000000001,3.9215686274509802 percent,1693.5 revolutions_per_minute,1828.0 second,1.5625 percent,78.0 kilometer_per_hour,<obd.OBDResponse.Status object at 0x76f779c0f130>,<obd.OBDResponse.Status object at 0x76f779c0f370>,6.2745098039215685 percent,14.901960784313726 percent,15.294117647058824 percent,20.0 degree,bytearray(b'MEXKRDPA7NG020286'),0.0 count,2025-04-28 15:15:16,2025-04-28 15:15:21,2025-04-28 15:15:16,Signal Acquired,15.453526,73.864798,1.49,-2.21,11.16,-0.19,0.18,-0.23,NO
,,,,,,,,,,,,,,,,,,,,,,,,,,,,,,,,,,,,,,,,,,,,,,,,,,,,,,,,,,,,,,,,,,,,,,,,,,,,,,,,,,,,,,,,,,,,,,,,,,,,,,,,,2025-04-28 15:15:16,Signal Acquired,15.453337,73.864697,0.25,-0.36,10.19,-0.02,0.12,0.05,NO
,,,,,,,,,,,,,,,,,,,,,,,,,,,,,,,,,,,,,,,,,,,,,,,,,,,,,,,,,,,,,,,,,,,,,,,,,,,,,,,,,,,,,,,,,,,,,,,,,,,,,,,,,2025-04-28 15:15:16,Signal Acquired,15.453337,73.864697,1.97,0.69,8.79,-0.07,0.05,-0.04,NO
42.745098039215684 percent,24.705882352941178 percent,24.705882352941178 percent,33 degree_Celsius,100 kilopascal,bytearray(b'5E018DD3844BEA'),589.5 degree_Celsius,,,,,,,0.0 kilometer,,,,,,,,,,,,,,,,,,,,,,,,,,,,,,,,,,,,,,,ELM327 v1.5,12.6 volt,17.254901960784313 percent,73.33333333333333 percent,89.80392156862744 percent,"('Closed loop, using oxygen sensor feedback to determine fuel mix', '')",Gasoline,[],[],85 kilopascal,50 degree_Celsius,-1.5625 percent,0.0 percent,11000000000000000000000000000001,10000000000000000000100000001001,11000000000000000000000000000001,1.0,1.0,01111000000000000000000000000000,Unknown : 0.0 percent [PASSED],"Average misfire counts for last ten driving cycles : 0.0 count [PASSED]
Misfire counts for last/current driving cycles : 0.0 count [PASSED]","Average misfire counts for last ten driving cycles : 0.0 count [PASSED]
Misfire counts for last/current driving cycles : 0.0 count [PASSED]","Average misfire counts for last ten driving cycles : 0.0 count [PASSED]
Misfire counts for last/current driving cycles : 0.0 count [PASSED]","Average misfire counts for last ten driving cycles : 0.0 count [PASSED]
Misfire counts for last/current driving cycles : 0.0 count [PASSED]","Unknown : 0.0 count [PASSED]
Unknown : 0.0 count [PASSED]
Unknown : 0.0 ratio [PASSED]
Unknown : 0.0 millisecond [PASSED]","Rich to lean sensor switch time : 0.0 millisecond [PASSED]
Unknown : 0.0 millivolt [PASSED]
Unknown : 0.0 millivolt [PASSED]",Unknown : -40.0 degree_Celsius [PASSED],Unknown : 0.0 ohm [PASSED],Unknown : 0.0 count [PASSED],"Unknown : 0.0 degree [PASSED]
Unknown : 0.0 degree [PASSED]
Unknown : 0.0 degree [PASSED]
Unknown : 0.0 degree [PASSED]",0.73 volt,0.0703125 milliampere,"((), (False, False, False, False), (False, False, True, True))",India OBD II (IOBD II),0101010001000000000000000000000000000000,10111110001111101010100000010011,10000000000001111011000000010001,11111110110100001000010000000001,9.411764705882353 percent,1662.0 revolutions_per_minute,1835.0 second,0.0 percent,77.0 kilometer_per_hour,<obd.OBDResponse.Status object at 0x76f779c2b580>,<obd.OBDResponse.Status object at 0x76f779c2b1f0>,12.941176470588236 percent,20.392156862745097 percent,20.392156862745097 percent,13.5 degree,bytearray(b'MEXKRDPA7NG020286'),0.0 count,2025-04-28 15:15:23,2025-04-28 15:15:28,2025-04-28 15:15:22,Signal Acquired,15.453146,73.86459,4.34,-0.07,8.13,-0.07,-0.06,-0.13,NO
,,,,,,,,,,,,,,,,,,,,,,,,,,,,,,,,,,,,,,,,,,,,,,,,,,,,,,,,,,,,,,,,,,,,,,,,,,,,,,,,,,,,,,,,,,,,,,,,,,,,,,,,,2025-04-28 15:15:22,Signal Acquired,15.453146,73.86459,1.41,0.59,9.26,0.02,-0.07,-0.04,NO
,,,,,,,,,,,,,,,,,,,,,,,,,,,,,,,,,,,,,,,,,,,,,,,,,,,,,,,,,,,,,,,,,,,,,,,,,,,,,,,,,,,,,,,,,,,,,,,,,,,,,,,,,2025-04-28 15:15:22,Signal Acquired,15.452954,73.864474,9.62,0.43,8.64,0.13,0.05,-0.01,NO
25.49019607843137 percent,16.07843137254902 percent,16.07843137254902 percent,33 degree_Celsius,100 kilopascal,bytearray(b'5E018DD3844BEA'),572.6 degree_Celsius,,,,,,,0.0 kilometer,,,,,,,,,,,,,,,,,,,,,,,,,,,,,,,,,,,,,,,ELM327 v1.5,12.9 volt,34.11764705882353 percent,1.5686274509803921 percent,89.80392156862744 percent,"('Closed loop, using oxygen sensor feedback to determine fuel mix', '')",Gasoline,[],[],83 kilopascal,50 degree_Celsius,1.5625 percent,0.0 percent,11000000000000000000000000000001,10000000000000000000100000001001,11000000000000000000000000000001,1.0,1.0,01111000000000000000000000000000,Unknown : 0.0 percent [PASSED],"Average misfire counts for last ten driving cycles : 0.0 count [PASSED]
Misfire counts for last/current driving cycles : 0.0 count [PASSED]","Average misfire counts for last ten driving cycles : 0.0 count [PASSED]
Misfire counts for last/current driving cycles : 0.0 count [PASSED]","Average misfire counts for last ten driving cycles : 0.0 count [PASSED]
Misfire counts for last/current driving cycles : 0.0 count [PASSED]","Average misfire counts for last ten driving cycles : 0.0 count [PASSED]
Misfire counts for last/current driving cycles : 0.0 count [PASSED]","Unknown : 0.0 count [PASSED]
Unknown : 0.0 count [PASSED]
Unknown : 0.0 ratio [PASSED]
Unknown : 0.0 millisecond [PASSED]","Rich to lean sensor switch time : 0.0 millisecond [PASSED]
Unknown : 0.0 millivolt [PASSED]
Unknown : 0.0 millivolt [PASSED]",Unknown : -40.0 degree_Celsius [PASSED],Unknown : 0.0 ohm [PASSED],Unknown : 0.0 count [PASSED],"Unknown : 0.0 degree [PASSED]
Unknown : 0.0 degree [PASSED]
Unknown : 0.0 degree [PASSED]
Unknown : 0.0 degree [PASSED]",0.69 volt,-0.00390625 milliampere,"((), (False, False, False, False), (False, False, True, True))",India OBD II (IOBD II),0101010001000000000000000000000000000000,10111110001111101010100000010011,10000000000001111011000000010001,11111110110100001000010000000001,12.156862745098039 percent,1538.5 revolutions_per_minute,1842.0 second,-1.5625 percent,71.0 kilometer_per_hour,<obd.OBDResponse.Status object at 0x76f779c5a080>,<obd.OBDResponse.Status object at 0x76f779c5a140>,16.470588235294116 percent,23.137254901960784 percent,24.313725490196077 percent,11.0 degree,bytearray(b'MEXKRDPA7NG020286'),0.0 count,2025-04-28 15:15:29,2025-04-28 15:15:35,2025-04-28 15:15:29,Signal Acquired,15.452954,73.864474,1.18,0.11,8.6,-0.01,0.07,-0.13,NO
,,,,,,,,,,,,,,,,,,,,,,,,,,,,,,,,,,,,,,,,,,,,,,,,,,,,,,,,,,,,,,,,,,,,,,,,,,,,,,,,,,,,,,,,,,,,,,,,,,,,,,,,,2025-04-28 15:15:29,Signal Acquired,15.452761,73.864343,1.42,2.0,8.26,0.0,0.06,-0.03,NO
,,,,,,,,,,,,,,,,,,,,,,,,,,,,,,,,,,,,,,,,,,,,,,,,,,,,,,,,,,,,,,,,,,,,,,,,,,,,,,,,,,,,,,,,,,,,,,,,,,,,,,,,,2025-04-28 15:15:29,Signal Acquired,15.452761,73.864343,6.83,1.6,9.75,0.01,0.02,-0.01,NO
56.86274509803921 percent,31.372549019607842 percent,31.372549019607842 percent,33 degree_Celsius,100 kilopascal,bytearray(b'5E018DD3844BEA'),560.4 degree_Celsius,,,,,,0.0 kilometer,0.0 kilometer,,,,,,,,,,,,,,,,,,,,,,,,,,,,,,,,,,,,,,,ELM327 v1.5,12.6 volt,28.235294117647058 percent,61.96078431372549 percent,89.80392156862744 percent,"('Closed loop, using oxygen sensor feedback to determine fuel mix', '')",Gasoline,[],[],64 kilopascal,49 degree_Celsius,1.5625 percent,0.0 percent,11000000000000000000000000000001,10000000000000000000100000001001,11000000000000000000000000000001,1.0,1.0,01111000000000000000000000000000,Unknown : 0.0 percent [PASSED],"Average misfire counts for last ten driving cycles : 0.0 count [PASSED]
Misfire counts for last/current driving cycles : 0.0 count [PASSED]","Average misfire counts for last ten driving cycles : 0.0 count [PASSED]
Misfire counts for last/current driving cycles : 0.0 count [PASSED]","Average misfire counts for last ten driving cycles : 0.0 count [PASSED]
Misfire counts for last/current driving cycles : 0.0 count [PASSED]","Average misfire counts for last ten driving cycles : 0.0 count [PASSED]
Misfire counts for last/current driving cycles : 0.0 count [PASSED]","Unknown : 0.0 count [PASSED]
Unknown : 0.0 count [PASSED]
Unknown : 0.0 ratio [PASSED]
Unknown : 0.0 millisecond [PASSED]","Rich to lean sensor switch time : 0.0 millisecond [PASSED]
Unknown : 0.0 millivolt [PASSED]
Unknown : 0.0 millivolt [PASSED]",Unknown : -40.0 degree_Celsius [PASSED],Unknown : 0.0 ohm [PASSED],Unknown : 0.0 count [PASSED],"Unknown : 0.0 degree [PASSED]
Unknown : 0.0 degree [PASSED]
Unknown : 0.0 degree [PASSED]
Unknown : 0.0 degree [PASSED]",0.685 volt,-0.01171875 milliampere,"((), (False, False, False, False), (False, False, True, True))",India OBD II (IOBD II),0101010001000000000000000000000000000000,10111110001111101010100000010011,10000000000001111011000000010001,11111110110100001000010000000001,7.8431372549019605 percent,1573.0 revolutions_per_minute,1849.0 second,-1.5625 percent,73.0 kilometer_per_hour,<obd.OBDResponse.Status object at 0x76f779f500d0>,<obd.OBDResponse.Status object at 0x76f779c81990>,10.980392156862745 percent,19.215686274509803 percent,19.215686274509803 percent,15.5 degree,bytearray(b'MEXKRDPA7NG020286'),0.0 count,2025-04-28 15:15:36,2025-04-28 15:15:42,2025-04-28 15:15:36,Signal Acquired,15.45257,73.864198,0.64,-4.36,8.62,-0.25,0.0,-0.18,NO
,,,,,,,,,,,,,,,,,,,,,,,,,,,,,,,,,,,,,,,,,,,,,,,,,,,,,,,,,,,,,,,,,,,,,,,,,,,,,,,,,,,,,,,,,,,,,,,,,,,,,,,,,2025-04-28 15:15:36,Signal Acquired,15.45257,73.864198,3.42,0.33,8.52,-0.03,0.01,-0.08,NO
,,,,,,,,,,,,,,,,,,,,,,,,,,,,,,,,,,,,,,,,,,,,,,,,,,,,,,,,,,,,,,,,,,,,,,,,,,,,,,,,,,,,,,,,,,,,,,,,,,,,,,,,,2025-04-28 15:15:36,Signal Acquired,15.452381,73.864037,4.58,0.73,8.15,0.02,0.03,0.04,NO
36.86274509803921 percent,26.274509803921568 percent,26.274509803921568 percent,33 degree_Celsius,100 kilopascal,bytearray(b'5E018DD3844BEA'),552.4 degree_Celsius,,,,,,,0.0 kilometer,,,,,,,,,,,,,,,,,,,,,,,,,,,,,,,,,,,,,,,ELM327 v1.5,12.5 volt,22.745098039215687 percent,63.92156862745098 percent,89.80392156862744 percent,"('Closed loop, using oxygen sensor feedback to determine fuel mix', '')",Gasoline,[],[],99 kilopascal,50 degree_Celsius,1.5625 percent,0.0 percent,11000000000000000000000000000001,10000000000000000000100000001001,11000000000000000000000000000001,1.0,1.0,01111000000000000000000000000000,Unknown : 0.0 percent [PASSED],"Average misfire counts for last ten driving cycles : 0.0 count [PASSED]
Misfire counts for last/current driving cycles : 0.0 count [PASSED]","Average misfire counts for last ten driving cycles : 0.0 count [PASSED]
Misfire counts for last/current driving cycles : 0.0 count [PASSED]","Average misfire counts for last ten driving cycles : 0.0 count [PASSED]
Misfire counts for last/current driving cycles : 0.0 count [PASSED]","Average misfire counts for last ten driving cycles : 0.0 count [PASSED]
Misfire counts for last/current driving cycles : 0.0 count [PASSED]","Unknown : 0.0 count [PASSED]
Unknown : 0.0 count [PASSED]
Unknown : 0.0 ratio [PASSED]
Unknown : 0.0 millisecond [PASSED]","Rich to lean sensor switch time : 0.0 millisecond [PASSED]
Unknown : 0.0 millivolt [PASSED]
Unknown : 0.0 millivolt [PASSED]",Unknown : -40.0 degree_Celsius [PASSED],Unknown : 0.0 ohm [PASSED],Unknown : 0.0 count [PASSED],"Unknown : 0.0 degree [PASSED]
Unknown : 0.0 degree [PASSED]
Unknown : 0.0 degree [PASSED]
Unknown : 0.0 degree [PASSED]",0.67 volt,-0.0234375 milliampere,"((), (False, False, False, False), (False, False, True, True))",India OBD II (IOBD II),0101010001000000000000000000000000000000,10111110001111101010100000010011,10000000000001111011000000010001,11111110110100001000010000000001,77.25490196078431 percent,1636.5 revolutions_per_minute,1856.0 second,0.78125 percent,76.0 kilometer_per_hour,<obd.OBDResponse.Status object at 0x76f779c82590>,<obd.OBDResponse.Status object at 0x76f779c82ad0>,12.549019607843137 percent,27.45098039215686 percent,21.176470588235293 percent,3.0 degree,bytearray(b'MEXKRDPA7NG020286'),0.0 count,2025-04-28 15:15:44,2025-04-28 15:15:49,2025-04-28 15:15:43,Signal Acquired,15.452381,73.864037,1.66,2.07,11.68,0.18,0.24,-0.04,NO
,,,,,,,,,,,,,,,,,,,,,,,,,,,,,,,,,,,,,,,,,,,,,,,,,,,,,,,,,,,,,,,,,,,,,,,,,,,,,,,,,,,,,,,,,,,,,,,,,,,,,,,,,2025-04-28 15:15:43,Signal Acquired,15.452194,73.863859,-1.19,1.22,10.41,0.01,0.05,-0.02,NO
,,,,,,,,,,,,,,,,,,,,,,,,,,,,,,,,,,,,,,,,,,,,,,,,,,,,,,,,,,,,,,,,,,,,,,,,,,,,,,,,,,,,,,,,,,,,,,,,,,,,,,,,,2025-04-28 15:15:43,Signal Acquired,15.452194,73.863859,2.34,0.25,10.36,0.04,-0.03,0.03,NO
17.254901960784313 percent,15.294117647058824 percent,15.686274509803921 percent,33 degree_Celsius,100 kilopascal,bytearray(b'5E018DD3844BEA'),552.3000000000001 degree_Celsius,,,,,,,0.0 kilometer,,,,,,,,,,,,,,,,,,,,,,,,,,,,,,,,,,,,,,,ELM327 v1.5,13.6 volt,50.588235294117645 percent,3.9215686274509802 percent,89.80392156862744 percent,"('Closed loop, using oxygen sensor feedback to determine fuel mix', '')",Gasoline,[],[],102 kilopascal,50 degree_Celsius,2.34375 percent,0.0 percent,11000000000000000000000000000001,10000000000000000000100000001001,11000000000000000000000000000001,1.0,1.0,01111000000000000000000000000000,Unknown : 0.0 percent [PASSED],"Average misfire counts for last ten driving cycles : 0.0 count [PASSED]
Misfire counts for last/current driving cycles : 0.0 count [PASSED]","Average misfire counts for last ten driving cycles : 0.0 count [PASSED]
Misfire counts for last/current driving cycles : 0.0 count [PASSED]","Average misfire counts for last ten driving cycles : 0.0 count [PASSED]
Misfire counts for last/current driving cycles : 0.0 count [PASSED]","Average misfire counts for last ten driving cycles : 0.0 count [PASSED]
Misfire counts for last/current driving cycles : 0.0 count [PASSED]","Unknown : 0.0 count [PASSED]
Unknown : 0.0 count [PASSED]
Unknown : 0.0 ratio [PASSED]
Unknown : 0.0 millisecond [PASSED]","Rich to lean sensor switch time : 0.0 millisecond [PASSED]
Unknown : 0.0 millivolt [PASSED]
Unknown : 0.0 millivolt [PASSED]",Unknown : -40.0 degree_Celsius [PASSED],Unknown : 0.0 ohm [PASSED],Unknown : 0.0 count [PASSED],"Unknown : 0.0 degree [PASSED]
Unknown : 0.0 degree [PASSED]
Unknown : 0.0 degree [PASSED]
Unknown : 0.0 degree [PASSED]",0.675 volt,-0.26953125 milliampere,"((), (False, False, False, False), (False, False, True, True))",India OBD II (IOBD II),0101010001000000000000000000000000000000,10111110001111101010100000010011,10000000000001111011000000010001,11111110110100001000010000000001,77.25490196078431 percent,1369.5 revolutions_per_minute,1863.0 second,2.34375 percent,63.0 kilometer_per_hour,<obd.OBDResponse.Status object at 0x76f779cc27d0>,<obd.OBDResponse.Status object at 0x76f779cc2890>,99.6078431372549 percent,87.84313725490196 percent,88.23529411764706 percent,-5.5 degree,bytearray(b'MEXKRDPA7NG020286'),0.0 count,2025-04-28 15:15:51,2025-04-28 15:15:56,2025-04-28 15:15:50,Signal Acquired,15.452011,73.863672,5.1,-2.56,7.49,-0.09,-0.02,0.02,NO
,,,,,,,,,,,,,,,,,,,,,,,,,,,,,,,,,,,,,,,,,,,,,,,,,,,,,,,,,,,,,,,,,,,,,,,,,,,,,,,,,,,,,,,,,,,,,,,,,,,,,,,,,2025-04-28 15:15:50,Signal Acquired,15.452011,73.863672,0.97,-0.55,8.58,0.03,-0.0,0.04,NO
,,,,,,,,,,,,,,,,,,,,,,,,,,,,,,,,,,,,,,,,,,,,,,,,,,,,,,,,,,,,,,,,,,,,,,,,,,,,,,,,,,,,,,,,,,,,,,,,,,,,,,,,,2025-04-28 15:15:50,Signal Acquired,15.451834,73.863482,-1.63,-0.32,10.59,-0.02,0.05,-0.03,NO
130.58823529411765 percent,53.333333333333336 percent,53.72549019607843 percent,33 degree_Celsius,100 kilopascal,bytearray(b'5E018DD3844BEA'),565.4 degree_Celsius,,,,,,,0.0 kilometer,,,,,,,,,,,,,,,,,,,,,,,,,,,,,,,,,,,,,,,ELM327 v1.5,12.5 volt,88.62745098039215 percent,93.33333333333333 percent,89.80392156862744 percent,"('Closed loop, using oxygen sensor feedback to determine fuel mix', '')",Gasoline,[],[],161 kilopascal,48 degree_Celsius,2.34375 percent,0.0 percent,11000000000000000000000000000001,10000000000000000000100000001001,11000000000000000000000000000001,1.0,1.0,01111000000000000000000000000000,Unknown : 0.0 percent [PASSED],"Average misfire counts for last ten driving cycles : 0.0 count [PASSED]
Misfire counts for last/current driving cycles : 0.0 count [PASSED]","Average misfire counts for last ten driving cycles : 0.0 count [PASSED]
Misfire counts for last/current driving cycles : 0.0 count [PASSED]","Average misfire counts for last ten driving cycles : 0.0 count [PASSED]
Misfire counts for last/current driving cycles : 0.0 count [PASSED]","Average misfire counts for last ten driving cycles : 0.0 count [PASSED]
Misfire counts for last/current driving cycles : 0.0 count [PASSED]","Unknown : 0.0 count [PASSED]
Unknown : 0.0 count [PASSED]
Unknown : 0.0 ratio [PASSED]
Unknown : 0.0 millisecond [PASSED]","Rich to lean sensor switch time : 0.0 millisecond [PASSED]
Unknown : 0.0 millivolt [PASSED]
Unknown : 0.0 millivolt [PASSED]",Unknown : -40.0 degree_Celsius [PASSED],Unknown : 0.0 ohm [PASSED],Unknown : 0.0 count [PASSED],"Unknown : 0.0 degree [PASSED]
Unknown : 0.0 degree [PASSED]
Unknown : 0.0 degree [PASSED]
Unknown : 0.0 degree [PASSED]",0.715 volt,-0.0625 milliampere,"((), (False, False, False, False), (False, False, True, True))",India OBD II (IOBD II),0101010001000000000000000000000000000000,10111110001111101010100000010011,10000000000001111011000000010001,11111110110100001000010000000001,77.25490196078431 percent,1584.0 revolutions_per_minute,1870.0 second,2.34375 percent,74.0 kilometer_per_hour,<obd.OBDResponse.Status object at 0x76f779af0520>,<obd.OBDResponse.Status object at 0x76f779af05e0>,99.6078431372549 percent,87.84313725490196 percent,88.23529411764706 percent,-4.5 degree,bytearray(b'MEXKRDPA7NG020286'),0.0 count,2025-04-28 15:15:58,2025-04-28 15:16:03,2025-04-28 15:15:58,Signal Acquired,15.451834,73.863482,2.51,-1.87,8.84,-0.09,0.06,0.01,NO
,,,,,,,,,,,,,,,,,,,,,,,,,,,,,,,,,,,,,,,,,,,,,,,,,,,,,,,,,,,,,,,,,,,,,,,,,,,,,,,,,,,,,,,,,,,,,,,,,,,,,,,,,2025-04-28 15:15:58,Signal Acquired,15.451653,73.863297,-2.27,0.14,9.47,0.03,0.01,0.02,NO
,,,,,,,,,,,,,,,,,,,,,,,,,,,,,,,,,,,,,,,,,,,,,,,,,,,,,,,,,,,,,,,,,,,,,,,,,,,,,,,,,,,,,,,,,,,,,,,,,,,,,,,,,2025-04-28 15:15:58,Signal Acquired,15.451653,73.863297,-1.92,-0.28,9.66,-0.05,-0.01,0.07,NO
70.58823529411765 percent,34.90196078431372 percent,33.72549019607843 percent,33 degree_Celsius,100 kilopascal,bytearray(b'5E018DD3844BEA'),637.0 degree_Celsius,,,,,,,0.0 kilometer,,,,,,,,,,,,,,,,,,,,,,,,,,,,,,,,,,,,,,,ELM327 v1.5,12.5 volt,38.03921568627451 percent,10.588235294117647 percent,89.80392156862744 percent,"('Closed loop, using oxygen sensor feedback to determine fuel mix', '')",Gasoline,[],[],87 kilopascal,48 degree_Celsius,1.5625 percent,0.0 percent,11000000000000000000000000000001,10000000000000000000100000001001,11000000000000000000000000000001,1.0,1.0,01111000000000000000000000000000,Unknown : 0.0 percent [PASSED],"Average misfire counts for last ten driving cycles : 0.0 count [PASSED]
Misfire counts for last/current driving cycles : 0.0 count [PASSED]","Average misfire counts for last ten driving cycles : 0.0 count [PASSED]
Misfire counts for last/current driving cycles : 0.0 count [PASSED]","Average misfire counts for last ten driving cycles : 0.0 count [PASSED]
Misfire counts for last/current driving cycles : 0.0 count [PASSED]","Average misfire counts for last ten driving cycles : 0.0 count [PASSED]
Misfire counts for last/current driving cycles : 0.0 count [PASSED]","Unknown : 0.0 count [PASSED]
Unknown : 0.0 count [PASSED]
Unknown : 0.0 ratio [PASSED]
Unknown : 0.0 millisecond [PASSED]","Rich to lean sensor switch time : 0.0 millisecond [PASSED]
Unknown : 0.0 millivolt [PASSED]
Unknown : 0.0 millivolt [PASSED]",Unknown : -40.0 degree_Celsius [PASSED],Unknown : 0.0 ohm [PASSED],Unknown : 0.0 count [PASSED],"Unknown : 0.0 degree [PASSED]
Unknown : 0.0 degree [PASSED]
Unknown : 0.0 degree [PASSED]
Unknown : 0.0 degree [PASSED]",0.715 volt,0.01953125 milliampere,"((), (False, False, False, False), (False, False, True, True))",India OBD II (IOBD II),0101010001000000000000000000000000000000,10111110001111101010100000010011,10000000000001111011000000010001,11111110110100001000010000000001,7.0588235294117645 percent,1726.5 revolutions_per_minute,1877.0 second,-3.90625 percent,79.0 kilometer_per_hour,<obd.OBDResponse.Status object at 0x76f779afaad0>,<obd.OBDResponse.Status object at 0x76f779afab90>,9.019607843137255 percent,17.254901960784313 percent,17.254901960784313 percent,18.5 degree,bytearray(b'MEXKRDPA7NG020286'),0.0 count,2025-04-28 15:16:05,2025-04-28 15:16:10,2025-04-28 15:16:05,Signal Acquired,15.451466,73.863124,-2.62,-0.34,10.09,0.0,0.02,0.08,NO
,,,,,,,,,,,,,,,,,,,,,,,,,,,,,,,,,,,,,,,,,,,,,,,,,,,,,,,,,,,,,,,,,,,,,,,,,,,,,,,,,,,,,,,,,,,,,,,,,,,,,,,,,2025-04-28 15:16:05,Signal Acquired,15.451466,73.863124,0.68,-0.89,8.17,-0.01,0.03,0.09,NO
,,,,,,,,,,,,,,,,,,,,,,,,,,,,,,,,,,,,,,,,,,,,,,,,,,,,,,,,,,,,,,,,,,,,,,,,,,,,,,,,,,,,,,,,,,,,,,,,,,,,,,,,,2025-04-28 15:16:05,Signal Acquired,15.451273,73.862966,-3.4,-0.11,9.12,0.14,0.19,0.1,NO
34.90196078431372 percent,27.84313725490196 percent,27.84313725490196 percent,33 degree_Celsius,100 kilopascal,bytearray(b'5E018DD3844BEA'),619.1 degree_Celsius,,,,,,0.0 kilometer,0.0 kilometer,,,,,,,,,,,,,,,,,,,,,,,,,,,,,,,,,,,,,,,ELM327 v1.5,12.6 volt,27.45098039215686 percent,6.666666666666667 percent,89.80392156862744 percent,"('Closed loop, using oxygen sensor feedback to determine fuel mix', '')",Gasoline,[],[],72 kilopascal,49 degree_Celsius,1.5625 percent,0.0 percent,11000000000000000000000000000001,10000000000000000000100000001001,11000000000000000000000000000001,1.0,1.0,01111000000000000000000000000000,Unknown : 0.0 percent [PASSED],"Average misfire counts for last ten driving cycles : 0.0 count [PASSED]
Misfire counts for last/current driving cycles : 0.0 count [PASSED]","Average misfire counts for last ten driving cycles : 0.0 count [PASSED]
Misfire counts for last/current driving cycles : 0.0 count [PASSED]","Average misfire counts for last ten driving cycles : 0.0 count [PASSED]
Misfire counts for last/current driving cycles : 0.0 count [PASSED]","Average misfire counts for last ten driving cycles : 0.0 count [PASSED]
Misfire counts for last/current driving cycles : 0.0 count [PASSED]","Unknown : 0.0 count [PASSED]
Unknown : 0.0 count [PASSED]
Unknown : 0.0 ratio [PASSED]
Unknown : 0.0 millisecond [PASSED]","Rich to lean sensor switch time : 0.0 millisecond [PASSED]
Unknown : 0.0 millivolt [PASSED]
Unknown : 0.0 millivolt [PASSED]",Unknown : -40.0 degree_Celsius [PASSED],Unknown : 0.0 ohm [PASSED],Unknown : 0.0 count [PASSED],"Unknown : 0.0 degree [PASSED]
Unknown : 0.0 degree [PASSED]
Unknown : 0.0 degree [PASSED]
Unknown : 0.0 degree [PASSED]",0.69 volt,-0.01171875 milliampere,"((), (False, False, False, False), (False, False, True, True))",India OBD II (IOBD II),0101010001000000000000000000000000000000,10111110001111101010100000010011,10000000000001111011000000010001,11111110110100001000010000000001,10.588235294117647 percent,1736.5 revolutions_per_minute,1884.0 second,-1.5625 percent,80.0 kilometer_per_hour,<obd.OBDResponse.Status object at 0x76f779b2c8b0>,<obd.OBDResponse.Status object at 0x76f779b2c970>,7.8431372549019605 percent,16.862745098039216 percent,16.862745098039216 percent,21.0 degree,bytearray(b'MEXKRDPA7NG020286'),0.0 count,2025-04-28 15:16:12,2025-04-28 15:16:18,2025-04-28 15:16:12,Signal Acquired,15.451273,73.862966,-0.98,-0.86,9.84,-0.02,0.02,0.13,NO
,,,,,,,,,,,,,,,,,,,,,,,,,,,,,,,,,,,,,,,,,,,,,,,,,,,,,,,,,,,,,,,,,,,,,,,,,,,,,,,,,,,,,,,,,,,,,,,,,,,,,,,,,2025-04-28 15:16:12,Signal Acquired,15.451067,73.86283,-0.57,-0.78,9.77,-0.05,-0.0,0.07,NO
,,,,,,,,,,,,,,,,,,,,,,,,,,,,,,,,,,,,,,,,,,,,,,,,,,,,,,,,,,,,,,,,,,,,,,,,,,,,,,,,,,,,,,,,,,,,,,,,,,,,,,,,,2025-04-28 15:16:12,Signal Acquired,15.451067,73.86283,-3.79,-1.38,11.33,-0.07,0.07,0.06,NO
17.254901960784313 percent,14.509803921568627 percent,14.901960784313726 percent,33 degree_Celsius,100 kilopascal,bytearray(b'5E018DD3844BEA'),600.4000000000001 degree_Celsius,,,,,,0.0 kilometer,0.0 kilometer,,,,,,,,,,,,,,,,,,,,,,,,,,,,,,,,,,,,,,,ELM327 v1.5,14.0 volt,0.0 percent,0.0 percent,89.80392156862744 percent,"('Open loop due to engine load OR fuel cut due to deceleration', '')",Gasoline,[],[],29 kilopascal,50 degree_Celsius,-2.34375 percent,0.0 percent,11000000000000000000000000000001,10000000000000000000100000001001,11000000000000000000000000000001,1.0,1.0,01111000000000000000000000000000,Unknown : 0.0 percent [PASSED],"Average misfire counts for last ten driving cycles : 0.0 count [PASSED]
Misfire counts for last/current driving cycles : 0.0 count [PASSED]","Average misfire counts for last ten driving cycles : 0.0 count [PASSED]
Misfire counts for last/current driving cycles : 0.0 count [PASSED]","Average misfire counts for last ten driving cycles : 0.0 count [PASSED]
Misfire counts for last/current driving cycles : 0.0 count [PASSED]","Average misfire counts for last ten driving cycles : 0.0 count [PASSED]
Misfire counts for last/current driving cycles : 0.0 count [PASSED]","Unknown : 0.0 count [PASSED]
Unknown : 0.0 count [PASSED]
Unknown : 0.0 ratio [PASSED]
Unknown : 0.0 millisecond [PASSED]","Rich to lean sensor switch time : 0.0 millisecond [PASSED]
Unknown : 0.0 millivolt [PASSED]
Unknown : 0.0 millivolt [PASSED]",Unknown : -40.0 degree_Celsius [PASSED],Unknown : 0.0 ohm [PASSED],Unknown : 0.0 count [PASSED],"Unknown : 0.0 degree [PASSED]
Unknown : 0.0 degree [PASSED]
Unknown : 0.0 degree [PASSED]
Unknown : 0.0 degree [PASSED]",0.045 volt,-0.21484375 milliampere,"((), (False, False, False, False), (False, False, True, True))",India OBD II (IOBD II),0101010001000000000000000000000000000000,10111110001111101010100000010011,10000000000001111011000000010001,11111110110100001000010000000001,76.86274509803921 percent,1510.5 revolutions_per_minute,1891.0 second,-3.90625 percent,69.0 kilometer_per_hour,<obd.OBDResponse.Status object at 0x76f779c23100>,<obd.OBDResponse.Status object at 0x76f779c231c0>,99.6078431372549 percent,87.45098039215686 percent,88.23529411764706 percent,-1.5 degree,bytearray(b'MEXKRDPA7NG020286'),0.0 count,2025-04-28 15:16:19,2025-04-28 15:16:25,2025-04-28 15:16:19,Signal Acquired,15.450855,73.862716,3.0,-0.53,8.54,0.0,0.0,0.14,NO
,,,,,,,,,,,,,,,,,,,,,,,,,,,,,,,,,,,,,,,,,,,,,,,,,,,,,,,,,,,,,,,,,,,,,,,,,,,,,,,,,,,,,,,,,,,,,,,,,,,,,,,,,2025-04-28 15:16:19,Signal Acquired,15.450855,73.862716,-0.03,-0.69,10.52,0.06,-0.02,0.12,NO
,,,,,,,,,,,,,,,,,,,,,,,,,,,,,,,,,,,,,,,,,,,,,,,,,,,,,,,,,,,,,,,,,,,,,,,,,,,,,,,,,,,,,,,,,,,,,,,,,,,,,,,,,2025-04-28 15:16:19,Signal Acquired,15.450638,73.862622,-0.96,-0.31,8.06,0.08,-0.03,0.09,NO
134.90196078431373 percent,55.68627450980392 percent,56.07843137254902 percent,33 degree_Celsius,100 kilopascal,bytearray(b'5E018DD3844BEA'),586.9000000000001 degree_Celsius,,,,,,0.0 kilometer,0.0 kilometer,,,,,,,,,,,,,,,,,,,,,,,,,,,,,,,,,,,,,,,ELM327 v1.5,12.5 volt,100.0 percent,96.07843137254902 percent,89.80392156862744 percent,"('Closed loop, using oxygen sensor feedback to determine fuel mix', '')",Gasoline,[],[],190 kilopascal,49 degree_Celsius,2.34375 percent,0.0 percent,11000000000000000000000000000001,10000000000000000000100000001001,11000000000000000000000000000001,1.0,1.0,01111000000000000000000000000000,Unknown : 0.0 percent [PASSED],"Average misfire counts for last ten driving cycles : 0.0 count [PASSED]
Misfire counts for last/current driving cycles : 0.0 count [PASSED]","Average misfire counts for last ten driving cycles : 0.0 count [PASSED]
Misfire counts for last/current driving cycles : 0.0 count [PASSED]","Average misfire counts for last ten driving cycles : 0.0 count [PASSED]
Misfire counts for last/current driving cycles : 0.0 count [PASSED]","Average misfire counts for last ten driving cycles : 0.0 count [PASSED]
Misfire counts for last/current driving cycles : 0.0 count [PASSED]","Unknown : 0.0 count [PASSED]
Unknown : 0.0 count [PASSED]
Unknown : 0.0 ratio [PASSED]
Unknown : 0.0 millisecond [PASSED]","Rich to lean sensor switch time : 0.0 millisecond [PASSED]
Unknown : 0.0 millivolt [PASSED]
Unknown : 0.0 millivolt [PASSED]",Unknown : -40.0 degree_Celsius [PASSED],Unknown : 0.0 ohm [PASSED],Unknown : 0.0 count [PASSED],"Unknown : 0.0 degree [PASSED]
Unknown : 0.0 degree [PASSED]
Unknown : 0.0 degree [PASSED]
Unknown : 0.0 degree [PASSED]",0.71 volt,-0.06640625 milliampere,"((), (False, False, False, False), (False, False, True, True))",India OBD II (IOBD II),0101010001000000000000000000000000000000,10111110001111101010100000010011,10000000000001111011000000010001,11111110110100001000010000000001,77.25490196078431 percent,1849.5 revolutions_per_minute,1899.0 second,1.5625 percent,86.0 kilometer_per_hour,<obd.OBDResponse.Status object at 0x76f779b64c10>,<obd.OBDResponse.Status object at 0x76f779b64cd0>,99.6078431372549 percent,87.45098039215686 percent,88.23529411764706 percent,-6.0 degree,bytearray(b'MEXKRDPA7NG020286'),0.0 count,2025-04-28 15:16:26,2025-04-28 15:16:32,2025-04-28 15:16:26,Signal Acquired,15.450638,73.862622,-0.32,-1.41,9.06,-0.03,-0.03,0.05,NO
,,,,,,,,,,,,,,,,,,,,,,,,,,,,,,,,,,,,,,,,,,,,,,,,,,,,,,,,,,,,,,,,,,,,,,,,,,,,,,,,,,,,,,,,,,,,,,,,,,,,,,,,,2025-04-28 15:16:26,Signal Acquired,15.450419,73.862544,-4.31,-1.1,13.25,0.02,0.04,0.01,NO
,,,,,,,,,,,,,,,,,,,,,,,,,,,,,,,,,,,,,,,,,,,,,,,,,,,,,,,,,,,,,,,,,,,,,,,,,,,,,,,,,,,,,,,,,,,,,,,,,,,,,,,,,2025-04-28 15:16:26,Signal Acquired,15.450419,73.862544,-0.59,-0.6,9.65,-0.1,0.01,-0.03,NO
141.5686274509804 percent,50.19607843137255 percent,50.588235294117645 percent,33 degree_Celsius,100 kilopascal,bytearray(b'5E018DD3844BEA'),686.5 degree_Celsius,,,,,,0.0 kilometer,0.0 kilometer,,,,,,,,,,,,,,,,,,,,,,,,,,,,,,,,,,,,,,,ELM327 v1.5,12.5 volt,54.509803921568626 percent,26.274509803921568 percent,89.80392156862744 percent,"('Closed loop, using oxygen sensor feedback to determine fuel mix', '')",Gasoline,[],[],122 kilopascal,48 degree_Celsius,2.34375 percent,0.0 percent,11000000000000000000000000000001,10000000000000000000100000001001,11000000000000000000000000000001,1.0,1.0,01111000000000000000000000000000,Unknown : 0.0 percent [PASSED],"Average misfire counts for last ten driving cycles : 0.0 count [PASSED]
Misfire counts for last/current driving cycles : 0.0 count [PASSED]","Average misfire counts for last ten driving cycles : 0.0 count [PASSED]
Misfire counts for last/current driving cycles : 0.0 count [PASSED]","Average misfire counts for last ten driving cycles : 0.0 count [PASSED]
Misfire counts for last/current driving cycles : 0.0 count [PASSED]","Average misfire counts for last ten driving cycles : 0.0 count [PASSED]
Misfire counts for last/current driving cycles : 0.0 count [PASSED]","Unknown : 0.0 count [PASSED]
Unknown : 0.0 count [PASSED]
Unknown : 0.0 ratio [PASSED]
Unknown : 0.0 millisecond [PASSED]","Rich to lean sensor switch time : 0.0 millisecond [PASSED]
Unknown : 0.0 millivolt [PASSED]
Unknown : 0.0 millivolt [PASSED]",Unknown : -40.0 degree_Celsius [PASSED],Unknown : 0.0 ohm [PASSED],Unknown : 0.0 count [PASSED],"Unknown : 0.0 degree [PASSED]
Unknown : 0.0 degree [PASSED]
Unknown : 0.0 degree [PASSED]
Unknown : 0.0 degree [PASSED]",0.69 volt,-0.02734375 milliampere,"((), (False, False, False, False), (False, False, True, True))",India OBD II (IOBD II),0101010001000000000000000000000000000000,10111110001111101010100000010011,10000000000001111011000000010001,11111110110100001000010000000001,77.25490196078431 percent,2065.0 revolutions_per_minute,1906.0 second,-0.78125 percent,96.0 kilometer_per_hour,<obd.OBDResponse.Status object at 0x76f779b7b220>,<obd.OBDResponse.Status object at 0x76f779b7b2e0>,13.333333333333334 percent,32.94117647058823 percent,26.666666666666668 percent,6.0 degree,bytearray(b'MEXKRDPA7NG020286'),0.0 count,2025-04-28 15:16:33,2025-04-28 15:16:39,2025-04-28 15:16:33,Signal Acquired,15.450207,73.862479,2.36,-0.73,9.25,0.01,0.0,0.01,NO
,,,,,,,,,,,,,,,,,,,,,,,,,,,,,,,,,,,,,,,,,,,,,,,,,,,,,,,,,,,,,,,,,,,,,,,,,,,,,,,,,,,,,,,,,,,,,,,,,,,,,,,,,2025-04-28 15:16:33,Signal Acquired,15.450207,73.862479,-1.14,-1.45,9.06,0.01,-0.07,0.03,NO
,,,,,,,,,,,,,,,,,,,,,,,,,,,,,,,,,,,,,,,,,,,,,,,,,,,,,,,,,,,,,,,,,,,,,,,,,,,,,,,,,,,,,,,,,,,,,,,,,,,,,,,,,2025-04-28 15:16:33,Signal Acquired,15.450003,73.862422,-0.15,-1.17,10.37,-0.09,0.18,-0.01,NO
75.68627450980392 percent,36.86274509803921 percent,37.254901960784316 percent,33 degree_Celsius,100 kilopascal,bytearray(b'5E018DD3844BEA'),672.8000000000001 degree_Celsius,,,,,,0.0 kilometer,0.0 kilometer,,,,,,,,,,,,,,,,,,,,,,,,,,,,,,,,,,,,,,,ELM327 v1.5,12.6 volt,5.098039215686274 percent,0.0 percent,89.80392156862744 percent,"('Closed loop, using oxygen sensor feedback to determine fuel mix', '')",Gasoline,[],[],27 kilopascal,48 degree_Celsius,1.5625 percent,0.0 percent,11000000000000000000000000000001,10000000000000000000100000001001,11000000000000000000000000000001,1.0,1.0,01111000000000000000000000000000,Unknown : 0.0 percent [PASSED],"Average misfire counts for last ten driving cycles : 0.0 count [PASSED]
Misfire counts for last/current driving cycles : 0.0 count [PASSED]","Average misfire counts for last ten driving cycles : 0.0 count [PASSED]
Misfire counts for last/current driving cycles : 0.0 count [PASSED]","Average misfire counts for last ten driving cycles : 0.0 count [PASSED]
Misfire counts for last/current driving cycles : 0.0 count [PASSED]","Average misfire counts for last ten driving cycles : 0.0 count [PASSED]
Misfire counts for last/current driving cycles : 0.0 count [PASSED]","Unknown : 0.0 count [PASSED]
Unknown : 0.0 count [PASSED]
Unknown : 0.0 ratio [PASSED]
Unknown : 0.0 millisecond [PASSED]","Rich to lean sensor switch time : 0.0 millisecond [PASSED]
Unknown : 0.0 millivolt [PASSED]
Unknown : 0.0 millivolt [PASSED]",Unknown : -40.0 degree_Celsius [PASSED],Unknown : 0.0 ohm [PASSED],Unknown : 0.0 count [PASSED],"Unknown : 0.0 degree [PASSED]
Unknown : 0.0 degree [PASSED]
Unknown : 0.0 degree [PASSED]
Unknown : 0.0 degree [PASSED]",0.1 volt,-0.28515625 milliampere,"((), (False, False, False, False), (False, False, True, True))",India OBD II (IOBD II),0101010001000000000000000000000000000000,10111110001111101010100000010011,10000000000001111011000000010001,11111110110100001000010000000001,11.372549019607844 percent,1955.5 revolutions_per_minute,1913.0 second,-9.375 percent,90.0 kilometer_per_hour,<obd.OBDResponse.Status object at 0x76f779ba13f0>,<obd.OBDResponse.Status object at 0x76f779ba14b0>,12.156862745098039 percent,20.392156862745097 percent,20.0 percent,-1.0 degree,bytearray(b'MEXKRDPA7NG020286'),0.0 count,2025-04-28 15:16:40,2025-04-28 15:16:46,2025-04-28 15:16:40,Signal Acquired,15.450003,73.862422,1.17,-1.11,7.44,-0.08,-0.06,0.02,NO
,,,,,,,,,,,,,,,,,,,,,,,,,,,,,,,,,,,,,,,,,,,,,,,,,,,,,,,,,,,,,,,,,,,,,,,,,,,,,,,,,,,,,,,,,,,,,,,,,,,,,,,,,2025-04-28 15:16:40,Signal Acquired,15.449808,73.862371,-0.1,-0.18,9.93,0.07,0.03,0.03,NO
,,,,,,,,,,,,,,,,,,,,,,,,,,,,,,,,,,,,,,,,,,,,,,,,,,,,,,,,,,,,,,,,,,,,,,,,,,,,,,,,,,,,,,,,,,,,,,,,,,,,,,,,,2025-04-28 15:16:40,Signal Acquired,15.449808,73.862371,-1.78,-1.47,8.57,-0.02,0.03,0.07,NO
58.03921568627451 percent,32.15686274509804 percent,32.15686274509804 percent,33 degree_Celsius,100 kilopascal,bytearray(b'5E018DD3844BEA'),647.0 degree_Celsius,,,,,,0.0 kilometer,0.0 kilometer,,,,,,,,,,,,,,,,,,,,,,,,,,,,,,,,,,,,,,,ELM327 v1.5,12.6 volt,16.862745098039216 percent,33.72549019607843 percent,89.80392156862744 percent,"('Closed loop, using oxygen sensor feedback to determine fuel mix', '')",Gasoline,[],[],37 kilopascal,49 degree_Celsius,1.5625 percent,0.0 percent,11000000000000000000000000000001,10000000000000000000100000001001,11000000000000000000000000000001,1.0,1.0,01111000000000000000000000000000,Unknown : 0.0 percent [PASSED],"Average misfire counts for last ten driving cycles : 0.0 count [PASSED]
Misfire counts for last/current driving cycles : 0.0 count [PASSED]","Average misfire counts for last ten driving cycles : 0.0 count [PASSED]
Misfire counts for last/current driving cycles : 0.0 count [PASSED]","Average misfire counts for last ten driving cycles : 0.0 count [PASSED]
Misfire counts for last/current driving cycles : 0.0 count [PASSED]","Average misfire counts for last ten driving cycles : 0.0 count [PASSED]
Misfire counts for last/current driving cycles : 0.0 count [PASSED]","Unknown : 0.0 count [PASSED]
Unknown : 0.0 count [PASSED]
Unknown : 0.0 ratio [PASSED]
Unknown : 0.0 millisecond [PASSED]","Rich to lean sensor switch time : 0.0 millisecond [PASSED]
Unknown : 0.0 millivolt [PASSED]
Unknown : 0.0 millivolt [PASSED]",Unknown : -40.0 degree_Celsius [PASSED],Unknown : 0.0 ohm [PASSED],Unknown : 0.0 count [PASSED],"Unknown : 0.0 degree [PASSED]
Unknown : 0.0 degree [PASSED]
Unknown : 0.0 degree [PASSED]
Unknown : 0.0 degree [PASSED]",0.57 volt,-0.0390625 milliampere,"((), (False, False, False, False), (False, False, True, True))",India OBD II (IOBD II),0101010001000000000000000000000000000000,10111110001111101010100000010011,10000000000001111011000000010001,11111110110100001000010000000001,10.588235294117647 percent,1879.5 revolutions_per_minute,1920.0 second,-1.5625 percent,86.0 kilometer_per_hour,<obd.OBDResponse.Status object at 0x76f779bb3340>,<obd.OBDResponse.Status object at 0x76f779bb3400>,99.6078431372549 percent,87.05882352941177 percent,81.17647058823529 percent,-11.5 degree,bytearray(b'MEXKRDPA7NG020286'),0.0 count,2025-04-28 15:16:48,2025-04-28 15:16:53,2025-04-28 15:16:48,Signal Acquired,15.449624,73.86233,-3.04,-3.02,9.23,-0.02,0.08,0.08,NO
,,,,,,,,,,,,,,,,,,,,,,,,,,,,,,,,,,,,,,,,,,,,,,,,,,,,,,,,,,,,,,,,,,,,,,,,,,,,,,,,,,,,,,,,,,,,,,,,,,,,,,,,,2025-04-28 15:16:48,Signal Acquired,15.449624,73.86233,-4.81,-3.0,8.73,0.11,-0.05,0.09,NO
,,,,,,,,,,,,,,,,,,,,,,,,,,,,,,,,,,,,,,,,,,,,,,,,,,,,,,,,,,,,,,,,,,,,,,,,,,,,,,,,,,,,,,,,,,,,,,,,,,,,,,,,,2025-04-28 15:16:48,Signal Acquired,15.449455,73.862308,-4.72,-0.06,11.86,0.22,0.04,0.18,NO
23.92156862745098 percent,18.03921568627451 percent,18.03921568627451 percent,33 degree_Celsius,100 kilopascal,bytearray(b'5E018DD3844BEA'),627.1 degree_Celsius,,,,,,,,,,,,,,,,,,,,,,,,,,,,,,,,,,,,,,,,,,,,,,ELM327 v1.5,13.2 volt,52.549019607843135 percent,60.0 percent,89.80392156862744 percent,"('Closed loop, using oxygen sensor feedback to determine fuel mix', '')",Gasoline,[],[],112 kilopascal,49 degree_Celsius,2.34375 percent,0.0 percent,11000000000000000000000000000001,10000000000000000000100000001001,11000000000000000000000000000001,1.0,1.0,01111000000000000000000000000000,Unknown : 0.0 percent [PASSED],"Average misfire counts for last ten driving cycles : 0.0 count [PASSED]
Misfire counts for last/current driving cycles : 0.0 count [PASSED]","Average misfire counts for last ten driving cycles : 0.0 count [PASSED]
Misfire counts for last/current driving cycles : 0.0 count [PASSED]","Average misfire counts for last ten driving cycles : 0.0 count [PASSED]
Misfire counts for last/current driving cycles : 0.0 count [PASSED]","Average misfire counts for last ten driving cycles : 0.0 count [PASSED]
Misfire counts for last/current driving cycles : 0.0 count [PASSED]","Unknown : 0.0 count [PASSED]
Unknown : 0.0 count [PASSED]
Unknown : 0.0 ratio [PASSED]
Unknown : 0.0 millisecond [PASSED]","Rich to lean sensor switch time : 0.0 millisecond [PASSED]
Unknown : 0.0 millivolt [PASSED]
Unknown : 0.0 millivolt [PASSED]",Unknown : -40.0 degree_Celsius [PASSED],Unknown : 0.0 ohm [PASSED],Unknown : 0.0 count [PASSED],"Unknown : 0.0 degree [PASSED]
Unknown : 0.0 degree [PASSED]
Unknown : 0.0 degree [PASSED]
Unknown : 0.0 degree [PASSED]",0.71 volt,-0.015625 milliampere,"((), (False, False, False, False), (False, False, True, True))",India OBD II (IOBD II),0101010001000000000000000000000000000000,10111110001111101010100000010011,10000000000001111011000000010001,11111110110100001000010000000001,77.25490196078431 percent,1944.5 revolutions_per_minute,1927.0 second,0.0 percent,90.0 kilometer_per_hour,<obd.OBDResponse.Status object at 0x76f7799e97b0>,<obd.OBDResponse.Status object at 0x76f7799e9870>,99.6078431372549 percent,87.45098039215686 percent,88.23529411764706 percent,-7.0 degree,bytearray(b'MEXKRDPA7NG020286'),0.0 count,2025-04-28 15:16:55,2025-04-28 15:17:00,2025-04-28 15:16:55,Signal Acquired,15.449455,73.862308,-2.6,-0.33,9.51,-0.11,-0.04,0.16,NO
,,,,,,,,,,,,,,,,,,,,,,,,,,,,,,,,,,,,,,,,,,,,,,,,,,,,,,,,,,,,,,,,,,,,,,,,,,,,,,,,,,,,,,,,,,,,,,,,,,,,,,,,,2025-04-28 15:16:55,Signal Acquired,15.449301,73.862307,-2.51,0.5,10.2,0.01,-0.02,0.16,NO
,,,,,,,,,,,,,,,,,,,,,,,,,,,,,,,,,,,,,,,,,,,,,,,,,,,,,,,,,,,,,,,,,,,,,,,,,,,,,,,,,,,,,,,,,,,,,,,,,,,,,,,,,2025-04-28 15:16:55,Signal Acquired,15.449301,73.862307,0.82,-0.4,9.66,-0.02,0.02,0.18,NO
145.09803921568627 percent,49.80392156862745 percent,50.19607843137255 percent,33 degree_Celsius,100 kilopascal,bytearray(b'5E018DD3844BEA'),661.5 degree_Celsius,,,,,,,0.0 kilometer,,,,,,,,,,,,,,,,,,,,,,,,,,,,,,,,,,,,,,,ELM327 v1.5,12.5 volt,22.352941176470587 percent,9.411764705882353 percent,89.80392156862744 percent,"('Closed loop, using oxygen sensor feedback to determine fuel mix', '')",Gasoline,[],[],50 kilopascal,47 degree_Celsius,1.5625 percent,0.0 percent,11000000000000000000000000000001,10000000000000000000100000001001,11000000000000000000000000000001,1.0,1.0,01111000000000000000000000000000,Unknown : 0.0 percent [PASSED],"Average misfire counts for last ten driving cycles : 0.0 count [PASSED]
Misfire counts for last/current driving cycles : 0.0 count [PASSED]","Average misfire counts for last ten driving cycles : 0.0 count [PASSED]
Misfire counts for last/current driving cycles : 0.0 count [PASSED]","Average misfire counts for last ten driving cycles : 0.0 count [PASSED]
Misfire counts for last/current driving cycles : 0.0 count [PASSED]","Average misfire counts for last ten driving cycles : 0.0 count [PASSED]
Misfire counts for last/current driving cycles : 0.0 count [PASSED]","Unknown : 0.0 count [PASSED]
Unknown : 0.0 count [PASSED]
Unknown : 0.0 ratio [PASSED]
Unknown : 0.0 millisecond [PASSED]","Rich to lean sensor switch time : 0.0 millisecond [PASSED]
Unknown : 0.0 millivolt [PASSED]
Unknown : 0.0 millivolt [PASSED]",Unknown : -40.0 degree_Celsius [PASSED],Unknown : 0.0 ohm [PASSED],Unknown : 0.0 count [PASSED],"Unknown : 0.0 degree [PASSED]
Unknown : 0.0 degree [PASSED]
Unknown : 0.0 degree [PASSED]
Unknown : 0.0 degree [PASSED]",0.775 volt,0.0234375 milliampere,"((), (False, False, False, False), (False, False, True, True))",India OBD II (IOBD II),0101010001000000000000000000000000000000,10111110001111101010100000010011,10000000000001111011000000010001,11111110110100001000010000000001,4.313725490196078 percent,2083.5 revolutions_per_minute,1934.0 second,0.0 percent,96.0 kilometer_per_hour,<obd.OBDResponse.Status object at 0x76f779a0f2b0>,<obd.OBDResponse.Status object at 0x76f779a0f370>,5.882352941176471 percent,14.901960784313726 percent,14.901960784313726 percent,-7.0 degree,bytearray(b'MEXKRDPA7NG020286'),0.0 count,2025-04-28 15:17:02,2025-04-28 15:17:08,2025-04-28 15:17:02,Signal Acquired,15.449151,73.862337,-0.49,-0.77,8.12,-0.18,0.03,0.1,NO
,,,,,,,,,,,,,,,,,,,,,,,,,,,,,,,,,,,,,,,,,,,,,,,,,,,,,,,,,,,,,,,,,,,,,,,,,,,,,,,,,,,,,,,,,,,,,,,,,,,,,,,,,2025-04-28 15:17:02,Signal Acquired,15.449151,73.862337,-0.71,0.25,9.74,0.07,0.02,0.03,NO
,,,,,,,,,,,,,,,,,,,,,,,,,,,,,,,,,,,,,,,,,,,,,,,,,,,,,,,,,,,,,,,,,,,,,,,,,,,,,,,,,,,,,,,,,,,,,,,,,,,,,,,,,2025-04-28 15:17:02,Signal Acquired,15.449008,73.862382,-0.58,0.31,9.97,-0.05,0.01,0.02,NO
17.254901960784313 percent,14.509803921568627 percent,14.901960784313726 percent,33 degree_Celsius,100 kilopascal,bytearray(b'5E018DD3844BEA'),670.7 degree_Celsius,,,,,,0.0 kilometer,0.0 kilometer,,,,,,,,,,,,,,,,,,,,,,,,,,,,,,,,,,,,,,,ELM327 v1.5,13.5 volt,29.019607843137255 percent,0.39215686274509803 percent,89.80392156862744 percent,"('Closed loop, using oxygen sensor feedback to determine fuel mix', '')",Gasoline,[],[],39 kilopascal,50 degree_Celsius,1.5625 percent,0.0 percent,11000000000000000000000000000001,10000000000000000000100000001001,11000000000000000000000000000001,1.0,1.0,01111000000000000000000000000000,Unknown : 0.0 percent [PASSED],"Average misfire counts for last ten driving cycles : 0.0 count [PASSED]
Misfire counts for last/current driving cycles : 0.0 count [PASSED]","Average misfire counts for last ten driving cycles : 0.0 count [PASSED]
Misfire counts for last/current driving cycles : 0.0 count [PASSED]","Average misfire counts for last ten driving cycles : 0.0 count [PASSED]
Misfire counts for last/current driving cycles : 0.0 count [PASSED]","Average misfire counts for last ten driving cycles : 0.0 count [PASSED]
Misfire counts for last/current driving cycles : 0.0 count [PASSED]","Unknown : 0.0 count [PASSED]
Unknown : 0.0 count [PASSED]
Unknown : 0.0 ratio [PASSED]
Unknown : 0.0 millisecond [PASSED]","Rich to lean sensor switch time : 0.0 millisecond [PASSED]
Unknown : 0.0 millivolt [PASSED]
Unknown : 0.0 millivolt [PASSED]",Unknown : -40.0 degree_Celsius [PASSED],Unknown : 0.0 ohm [PASSED],Unknown : 0.0 count [PASSED],"Unknown : 0.0 degree [PASSED]
Unknown : 0.0 degree [PASSED]
Unknown : 0.0 degree [PASSED]
Unknown : 0.0 degree [PASSED]",0.105 volt,-0.203125 milliampere,"((), (False, False, False, False), (False, False, True, True))",India OBD II (IOBD II),0101010001000000000000000000000000000000,10111110001111101010100000010011,10000000000001111011000000010001,11111110110100001000010000000001,3.1372549019607843 percent,935.0 revolutions_per_minute,1942.0 second,-4.6875 percent,52.0 kilometer_per_hour,<obd.OBDResponse.Status object at 0x76f779a31990>,<obd.OBDResponse.Status object at 0x76f779a31a50>,3.5294117647058822 percent,13.333333333333334 percent,13.333333333333334 percent,-4.0 degree,bytearray(b'MEXKRDPA7NG020286'),0.0 count,2025-04-28 15:17:09,2025-04-28 15:17:15,2025-04-28 15:17:09,Signal Acquired,15.449008,73.862382,1.0,0.06,8.68,-0.02,-0.0,-0.01,NO
,,,,,,,,,,,,,,,,,,,,,,,,,,,,,,,,,,,,,,,,,,,,,,,,,,,,,,,,,,,,,,,,,,,,,,,,,,,,,,,,,,,,,,,,,,,,,,,,,,,,,,,,,2025-04-28 15:17:09,Signal Acquired,15.448868,73.862433,-1.24,1.92,9.79,0.1,0.08,-0.03,NO
,,,,,,,,,,,,,,,,,,,,,,,,,,,,,,,,,,,,,,,,,,,,,,,,,,,,,,,,,,,,,,,,,,,,,,,,,,,,,,,,,,,,,,,,,,,,,,,,,,,,,,,,,2025-04-28 15:17:09,Signal Acquired,15.448868,73.862433,2.15,0.29,9.46,-0.05,-0.0,-0.01,NO
22.352941176470587 percent,14.509803921568627 percent,14.901960784313726 percent,33 degree_Celsius,100 kilopascal,bytearray(b'5E018DD3844BEA'),648.5 degree_Celsius,,,,,,0.0 kilometer,0.0 kilometer,,,,,,,,,,,,,,,,,,,,,,,,,,,,,,,,,,,,,,,ELM327 v1.5,12.6 volt,51.372549019607845 percent,98.03921568627452 percent,89.80392156862744 percent,"('Closed loop, using oxygen sensor feedback to determine fuel mix', '')",Gasoline,[],[],110 kilopascal,50 degree_Celsius,2.34375 percent,0.0 percent,11000000000000000000000000000001,10000000000000000000100000001001,11000000000000000000000000000001,1.0,1.0,01111000000000000000000000000000,Unknown : 0.0 percent [PASSED],"Average misfire counts for last ten driving cycles : 0.0 count [PASSED]
Misfire counts for last/current driving cycles : 0.0 count [PASSED]","Average misfire counts for last ten driving cycles : 0.0 count [PASSED]
Misfire counts for last/current driving cycles : 0.0 count [PASSED]","Average misfire counts for last ten driving cycles : 0.0 count [PASSED]
Misfire counts for last/current driving cycles : 0.0 count [PASSED]","Average misfire counts for last ten driving cycles : 0.0 count [PASSED]
Misfire counts for last/current driving cycles : 0.0 count [PASSED]","Unknown : 0.0 count [PASSED]
Unknown : 0.0 count [PASSED]
Unknown : 0.0 ratio [PASSED]
Unknown : 0.0 millisecond [PASSED]","Rich to lean sensor switch time : 0.0 millisecond [PASSED]
Unknown : 0.0 millivolt [PASSED]
Unknown : 0.0 millivolt [PASSED]",Unknown : -40.0 degree_Celsius [PASSED],Unknown : 0.0 ohm [PASSED],Unknown : 0.0 count [PASSED],"Unknown : 0.0 degree [PASSED]
Unknown : 0.0 degree [PASSED]
Unknown : 0.0 degree [PASSED]
Unknown : 0.0 degree [PASSED]",0.72 volt,-0.015625 milliampere,"((), (False, False, False, False), (False, False, True, True))",India OBD II (IOBD II),0101010001000000000000000000000000000000,10111110001111101010100000010011,10000000000001111011000000010001,11111110110100001000010000000001,56.86274509803921 percent,1847.0 revolutions_per_minute,1949.0 second,0.0 percent,54.0 kilometer_per_hour,<obd.OBDResponse.Status object at 0x76f779a4f730>,<obd.OBDResponse.Status object at 0x76f779a4f7f0>,84.31372549019608 percent,76.47058823529412 percent,78.82352941176471 percent,4.5 degree,bytearray(b'MEXKRDPA7NG020286'),0.0 count,2025-04-28 15:17:16,2025-04-28 15:17:22,2025-04-28 15:17:16,Signal Acquired,15.448727,73.862484,0.17,1.04,9.18,-0.02,0.1,-0.1,NO
,,,,,,,,,,,,,,,,,,,,,,,,,,,,,,,,,,,,,,,,,,,,,,,,,,,,,,,,,,,,,,,,,,,,,,,,,,,,,,,,,,,,,,,,,,,,,,,,,,,,,,,,,2025-04-28 15:17:16,Signal Acquired,15.448727,73.862484,1.21,0.89,10.94,0.08,-0.01,-0.12,NO
,,,,,,,,,,,,,,,,,,,,,,,,,,,,,,,,,,,,,,,,,,,,,,,,,,,,,,,,,,,,,,,,,,,,,,,,,,,,,,,,,,,,,,,,,,,,,,,,,,,,,,,,,2025-04-28 15:17:16,Signal Acquired,15.448584,73.862524,6.32,-0.4,7.71,0.03,0.05,-0.14,NO
104.70588235294117 percent,43.92156862745098 percent,44.31372549019608 percent,33 degree_Celsius,100 kilopascal,bytearray(b'5E018DD3844BEA'),635.9000000000001 degree_Celsius,,,,,,,,,,,,,,,,,,,,,,,,,,,,,,,,,,,,,,,,,,,,,,ELM327 v1.5,12.6 volt,17.647058823529413 percent,0.0 percent,89.80392156862744 percent,"('Open loop due to engine load OR fuel cut due to deceleration', '')",Gasoline,[],[],97 kilopascal,48 degree_Celsius,2.34375 percent,0.0 percent,11000000000000000000000000000001,10000000000000000000100000001001,11000000000000000000000000000001,1.0,1.0,01111000000000000000000000000000,Unknown : 0.0 percent [PASSED],"Average misfire counts for last ten driving cycles : 0.0 count [PASSED]
Misfire counts for last/current driving cycles : 0.0 count [PASSED]","Average misfire counts for last ten driving cycles : 0.0 count [PASSED]
Misfire counts for last/current driving cycles : 0.0 count [PASSED]","Average misfire counts for last ten driving cycles : 0.0 count [PASSED]
Misfire counts for last/current driving cycles : 0.0 count [PASSED]","Average misfire counts for last ten driving cycles : 0.0 count [PASSED]
Misfire counts for last/current driving cycles : 0.0 count [PASSED]","Unknown : 0.0 count [PASSED]
Unknown : 0.0 count [PASSED]
Unknown : 0.0 ratio [PASSED]
Unknown : 0.0 millisecond [PASSED]","Rich to lean sensor switch time : 0.0 millisecond [PASSED]
Unknown : 0.0 millivolt [PASSED]
Unknown : 0.0 millivolt [PASSED]",Unknown : -40.0 degree_Celsius [PASSED],Unknown : 0.0 ohm [PASSED],Unknown : 0.0 count [PASSED],"Unknown : 0.0 degree [PASSED]
Unknown : 0.0 degree [PASSED]
Unknown : 0.0 degree [PASSED]
Unknown : 0.0 degree [PASSED]",0.73 volt,-0.05078125 milliampere,"((), (False, False, False, False), (False, False, True, True))",India OBD II (IOBD II),0101010001000000000000000000000000000000,10111110001111101010100000010011,10000000000001111011000000010001,11111110110100001000010000000001,77.25490196078431 percent,1697.0 revolutions_per_minute,1956.0 second,0.0 percent,64.0 kilometer_per_hour,<obd.OBDResponse.Status object at 0x76f779a71b40>,<obd.OBDResponse.Status object at 0x76f779a71c00>,99.6078431372549 percent,87.84313725490196 percent,88.23529411764706 percent,-1.5 degree,bytearray(b'MEXKRDPA7NG020286'),0.0 count,2025-04-28 15:17:24,2025-04-28 15:17:29,2025-04-28 15:17:24,Signal Acquired,15.448584,73.862524,4.95,0.02,10.47,0.02,0.12,-0.16,NO
,,,,,,,,,,,,,,,,,,,,,,,,,,,,,,,,,,,,,,,,,,,,,,,,,,,,,,,,,,,,,,,,,,,,,,,,,,,,,,,,,,,,,,,,,,,,,,,,,,,,,,,,,2025-04-28 15:17:24,Signal Acquired,15.448438,73.862546,-1.18,-0.1,9.21,0.01,0.1,-0.25,NO
,,,,,,,,,,,,,,,,,,,,,,,,,,,,,,,,,,,,,,,,,,,,,,,,,,,,,,,,,,,,,,,,,,,,,,,,,,,,,,,,,,,,,,,,,,,,,,,,,,,,,,,,,2025-04-28 15:17:24,Signal Acquired,15.448438,73.862546,0.98,-1.58,10.18,-0.03,-0.01,-0.31,NO
112.54901960784314 percent,43.13725490196079 percent,43.529411764705884 percent,33 degree_Celsius,100 kilopascal,bytearray(b'5E018DD3844BEA'),651.6 degree_Celsius,,,,,,0.0 kilometer,0.0 kilometer,,,,,,,,,,,,,,,,,,,,,,,,,,,,,,,,,,,,,,,ELM327 v1.5,12.5 volt,25.88235294117647 percent,7.450980392156863 percent,89.80392156862744 percent,"('Closed loop, using oxygen sensor feedback to determine fuel mix', '')",Gasoline,[],[],95 kilopascal,47 degree_Celsius,1.5625 percent,0.0 percent,11000000000000000000000000000001,10000000000000000000100000001001,11000000000000000000000000000001,1.0,1.0,01111000000000000000000000000000,Unknown : 0.0 percent [PASSED],"Average misfire counts for last ten driving cycles : 0.0 count [PASSED]
Misfire counts for last/current driving cycles : 0.0 count [PASSED]","Average misfire counts for last ten driving cycles : 0.0 count [PASSED]
Misfire counts for last/current driving cycles : 0.0 count [PASSED]","Average misfire counts for last ten driving cycles : 0.0 count [PASSED]
Misfire counts for last/current driving cycles : 0.0 count [PASSED]","Average misfire counts for last ten driving cycles : 0.0 count [PASSED]
Misfire counts for last/current driving cycles : 0.0 count [PASSED]","Unknown : 0.0 count [PASSED]
Unknown : 0.0 count [PASSED]
Unknown : 0.0 ratio [PASSED]
Unknown : 0.0 millisecond [PASSED]","Rich to lean sensor switch time : 0.0 millisecond [PASSED]
Unknown : 0.0 millivolt [PASSED]
Unknown : 0.0 millivolt [PASSED]",Unknown : -40.0 degree_Celsius [PASSED],Unknown : 0.0 ohm [PASSED],Unknown : 0.0 count [PASSED],"Unknown : 0.0 degree [PASSED]
Unknown : 0.0 degree [PASSED]
Unknown : 0.0 degree [PASSED]
Unknown : 0.0 degree [PASSED]",0.7 volt,-0.00390625 milliampere,"((), (False, False, False, False), (False, False, True, True))",India OBD II (IOBD II),0101010001000000000000000000000000000000,10111110001111101010100000010011,10000000000001111011000000010001,11111110110100001000010000000001,36.86274509803921 percent,1523.0 revolutions_per_minute,1964.0 second,-0.78125 percent,70.0 kilometer_per_hour,<obd.OBDResponse.Status object at 0x76f779a8bdf0>,<obd.OBDResponse.Status object at 0x76f779a8beb0>,48.627450980392155 percent,48.23529411764706 percent,48.627450980392155 percent,5.0 degree,bytearray(b'MEXKRDPA7NG020286'),0.0 count,2025-04-28 15:17:31,2025-04-28 15:17:37,2025-04-28 15:17:31,Signal Acquired,15.448291,73.862542,3.19,-0.06,8.29,-0.02,-0.0,-0.17,NO
,,,,,,,,,,,,,,,,,,,,,,,,,,,,,,,,,,,,,,,,,,,,,,,,,,,,,,,,,,,,,,,,,,,,,,,,,,,,,,,,,,,,,,,,,,,,,,,,,,,,,,,,,2025-04-28 15:17:31,Signal Acquired,15.448291,73.862542,7.61,-1.65,8.87,-0.07,0.12,-0.23,NO
,,,,,,,,,,,,,,,,,,,,,,,,,,,,,,,,,,,,,,,,,,,,,,,,,,,,,,,,,,,,,,,,,,,,,,,,,,,,,,,,,,,,,,,,,,,,,,,,,,,,,,,,,2025-04-28 15:17:31,Signal Acquired,15.448147,73.862508,1.63,-0.74,7.96,-0.1,-0.01,-0.19,NO
74.90196078431373 percent,34.11764705882353 percent,34.11764705882353 percent,32 degree_Celsius,100 kilopascal,bytearray(b'5E018DD3844BEA'),646.3000000000001 degree_Celsius,,,,,,0.0 kilometer,0.0 kilometer,,,,,,,,,,,,,,,,,,,,,,,,,,,,,,,,,,,,,,,ELM327 v1.5,12.6 volt,50.19607843137255 percent,97.6470588235294 percent,89.80392156862744 percent,"('Closed loop, using oxygen sensor feedback to determine fuel mix', '')",Gasoline,[],[],105 kilopascal,49 degree_Celsius,2.34375 percent,0.0 percent,11000000000000000000000000000001,10000000000000000000100000001001,11000000000000000000000000000001,1.0,1.0,01111000000000000000000000000000,Unknown : 0.0 percent [PASSED],"Average misfire counts for last ten driving cycles : 0.0 count [PASSED]
Misfire counts for last/current driving cycles : 0.0 count [PASSED]","Average misfire counts for last ten driving cycles : 0.0 count [PASSED]
Misfire counts for last/current driving cycles : 0.0 count [PASSED]","Average misfire counts for last ten driving cycles : 0.0 count [PASSED]
Misfire counts for last/current driving cycles : 0.0 count [PASSED]","Average misfire counts for last ten driving cycles : 0.0 count [PASSED]
Misfire counts for last/current driving cycles : 0.0 count [PASSED]","Unknown : 0.0 count [PASSED]
Unknown : 0.0 count [PASSED]
Unknown : 0.0 ratio [PASSED]
Unknown : 0.0 millisecond [PASSED]","Rich to lean sensor switch time : 0.0 millisecond [PASSED]
Unknown : 0.0 millivolt [PASSED]
Unknown : 0.0 millivolt [PASSED]",Unknown : -40.0 degree_Celsius [PASSED],Unknown : 0.0 ohm [PASSED],Unknown : 0.0 count [PASSED],"Unknown : 0.0 degree [PASSED]
Unknown : 0.0 degree [PASSED]
Unknown : 0.0 degree [PASSED]
Unknown : 0.0 degree [PASSED]",0.725 volt,-0.01953125 milliampere,"((), (False, False, False, False), (False, False, True, True))",India OBD II (IOBD II),0101010001000000000000000000000000000000,10111110001111101010100000010011,10000000000001111011000000010001,11111110110100001000010000000001,56.86274509803921 percent,1650.5 revolutions_per_minute,1971.0 second,0.78125 percent,76.0 kilometer_per_hour,<obd.OBDResponse.Status object at 0x76f779aa9fc0>,<obd.OBDResponse.Status object at 0x76f779aaa080>,72.94117647058823 percent,67.05882352941177 percent,67.45098039215686 percent,3.0 degree,bytearray(b'MEXKRDPA7NG020286'),0.0 count,2025-04-28 15:17:38,2025-04-28 15:17:44,2025-04-28 15:17:38,Signal Acquired,15.448147,73.862508,1.83,-0.35,10.98,0.01,0.06,-0.2,NO
,,,,,,,,,,,,,,,,,,,,,,,,,,,,,,,,,,,,,,,,,,,,,,,,,,,,,,,,,,,,,,,,,,,,,,,,,,,,,,,,,,,,,,,,,,,,,,,,,,,,,,,,,2025-04-28 15:17:38,Signal Acquired,15.44801,73.86245,2.11,0.37,7.92,-0.03,0.01,-0.06,NO
,,,,,,,,,,,,,,,,,,,,,,,,,,,,,,,,,,,,,,,,,,,,,,,,,,,,,,,,,,,,,,,,,,,,,,,,,,,,,,,,,,,,,,,,,,,,,,,,,,,,,,,,,2025-04-28 15:17:38,Signal Acquired,15.44801,73.86245,-0.79,0.08,8.76,0.05,0.03,-0.05,NO
80.0 percent,36.86274509803921 percent,36.86274509803921 percent,32 degree_Celsius,100 kilopascal,bytearray(b'5E018DD3844BEA'),639.2 degree_Celsius,,,,,,0.0 kilometer,0.0 kilometer,,,,,,,,,,,,,,,,,,,,,,,,,,,,,,,,,,,,,,,ELM327 v1.5,12.6 volt,54.90196078431372 percent,93.72549019607843 percent,87.84313725490196 percent,"('Closed loop, using oxygen sensor feedback to determine fuel mix', '')",Gasoline,[],[],124 kilopascal,49 degree_Celsius,2.34375 percent,0.0 percent,11000000000000000000000000000001,10000000000000000000100000001001,11000000000000000000000000000001,1.0,1.0,01111000000000000000000000000000,Unknown : 0.0 percent [PASSED],"Average misfire counts for last ten driving cycles : 0.0 count [PASSED]
Misfire counts for last/current driving cycles : 0.0 count [PASSED]","Average misfire counts for last ten driving cycles : 0.0 count [PASSED]
Misfire counts for last/current driving cycles : 0.0 count [PASSED]","Average misfire counts for last ten driving cycles : 0.0 count [PASSED]
Misfire counts for last/current driving cycles : 0.0 count [PASSED]","Average misfire counts for last ten driving cycles : 0.0 count [PASSED]
Misfire counts for last/current driving cycles : 0.0 count [PASSED]","Unknown : 0.0 count [PASSED]
Unknown : 0.0 count [PASSED]
Unknown : 0.0 ratio [PASSED]
Unknown : 0.0 millisecond [PASSED]","Rich to lean sensor switch time : 0.0 millisecond [PASSED]
Unknown : 0.0 millivolt [PASSED]
Unknown : 0.0 millivolt [PASSED]",Unknown : -40.0 degree_Celsius [PASSED],Unknown : 0.0 ohm [PASSED],Unknown : 0.0 count [PASSED],"Unknown : 0.0 degree [PASSED]
Unknown : 0.0 degree [PASSED]
Unknown : 0.0 degree [PASSED]
Unknown : 0.0 degree [PASSED]",0.735 volt,-0.01171875 milliampere,"((), (False, False, False, False), (False, False, True, True))",India OBD II (IOBD II),0101010001000000000000000000000000000000,10111110001111101010100000010011,10000000000001111011000000010001,11111110110100001000010000000001,77.25490196078431 percent,1956.0 revolutions_per_minute,1978.0 second,0.0 percent,91.0 kilometer_per_hour,<obd.OBDResponse.Status object at 0x76f7798ec610>,<obd.OBDResponse.Status object at 0x76f7798ec6d0>,99.6078431372549 percent,87.45098039215686 percent,88.23529411764706 percent,-2.5 degree,bytearray(b'MEXKRDPA7NG020286'),0.0 count,2025-04-28 15:17:46,2025-04-28 15:17:51,2025-04-28 15:17:45,Signal Acquired,15.447878,73.862374,1.45,0.05,9.45,0.02,-0.07,-0.0,NO
,,,,,,,,,,,,,,,,,,,,,,,,,,,,,,,,,,,,,,,,,,,,,,,,,,,,,,,,,,,,,,,,,,,,,,,,,,,,,,,,,,,,,,,,,,,,,,,,,,,,,,,,,2025-04-28 15:17:46,Signal Acquired,15.447878,73.862374,2.44,0.74,8.35,0.07,0.05,0.01,NO
,,,,,,,,,,,,,,,,,,,,,,,,,,,,,,,,,,,,,,,,,,,,,,,,,,,,,,,,,,,,,,,,,,,,,,,,,,,,,,,,,,,,,,,,,,,,,,,,,,,,,,,,,2025-04-28 15:17:46,Signal Acquired,15.447748,73.862291,0.41,0.33,10.08,0.13,0.14,-0.0,NO
110.98039215686275 percent,41.568627450980394 percent,41.568627450980394 percent,32 degree_Celsius,100 kilopascal,bytearray(b'5E018DD3844BEA'),669.5 degree_Celsius,,,,,,0.0 kilometer,0.0 kilometer,,,,,,,,,,,,,,,,,,,,,,,,,,,,,,,,,,,,,,,ELM327 v1.5,12.5 volt,37.254901960784316 percent,47.05882352941177 percent,87.84313725490196 percent,"('Closed loop, using oxygen sensor feedback to determine fuel mix', '')",Gasoline,[],[],98 kilopascal,48 degree_Celsius,1.5625 percent,0.0 percent,11000000000000000000000000000001,10000000000000000000100000001001,11000000000000000000000000000001,1.0,1.0,01111000000000000000000000000000,Unknown : 0.0 percent [PASSED],"Average misfire counts for last ten driving cycles : 0.0 count [PASSED]
Misfire counts for last/current driving cycles : 0.0 count [PASSED]","Average misfire counts for last ten driving cycles : 0.0 count [PASSED]
Misfire counts for last/current driving cycles : 0.0 count [PASSED]","Average misfire counts for last ten driving cycles : 0.0 count [PASSED]
Misfire counts for last/current driving cycles : 0.0 count [PASSED]","Average misfire counts for last ten driving cycles : 0.0 count [PASSED]
Misfire counts for last/current driving cycles : 0.0 count [PASSED]","Unknown : 0.0 count [PASSED]
Unknown : 0.0 count [PASSED]
Unknown : 0.0 ratio [PASSED]
Unknown : 0.0 millisecond [PASSED]","Rich to lean sensor switch time : 0.0 millisecond [PASSED]
Unknown : 0.0 millivolt [PASSED]
Unknown : 0.0 millivolt [PASSED]",Unknown : -40.0 degree_Celsius [PASSED],Unknown : 0.0 ohm [PASSED],Unknown : 0.0 count [PASSED],"Unknown : 0.0 degree [PASSED]
Unknown : 0.0 degree [PASSED]
Unknown : 0.0 degree [PASSED]
Unknown : 0.0 degree [PASSED]",0.72 volt,-0.015625 milliampere,"((), (False, False, False, False), (False, False, True, True))",India OBD II (IOBD II),0101010001000000000000000000000000000000,10111110001111101010100000010011,10000000000001111011000000010001,11111110110100001000010000000001,76.86274509803921 percent,2237.5 revolutions_per_minute,1986.0 second,-1.5625 percent,104.0 kilometer_per_hour,<obd.OBDResponse.Status object at 0x76f779aa8d30>,<obd.OBDResponse.Status object at 0x76f779aa8c10>,99.6078431372549 percent,87.84313725490196 percent,88.23529411764706 percent,3.5 degree,bytearray(b'MEXKRDPA7NG020286'),0.0 count,2025-04-28 15:17:53,2025-04-28 15:17:59,2025-04-28 15:17:53,Signal Acquired,15.447748,73.862291,1.53,3.09,9.53,0.07,-0.05,0.11,NO
,,,,,,,,,,,,,,,,,,,,,,,,,,,,,,,,,,,,,,,,,,,,,,,,,,,,,,,,,,,,,,,,,,,,,,,,,,,,,,,,,,,,,,,,,,,,,,,,,,,,,,,,,2025-04-28 15:17:53,Signal Acquired,15.447617,73.862209,-4.32,-0.29,8.45,0.2,-0.07,0.07,NO
,,,,,,,,,,,,,,,,,,,,,,,,,,,,,,,,,,,,,,,,,,,,,,,,,,,,,,,,,,,,,,,,,,,,,,,,,,,,,,,,,,,,,,,,,,,,,,,,,,,,,,,,,2025-04-28 15:17:53,Signal Acquired,15.447617,73.862209,-2.42,-0.63,11.94,0.07,0.0,0.03,NO
143.52941176470588 percent,50.98039215686274 percent,51.372549019607845 percent,32 degree_Celsius,100 kilopascal,bytearray(b'5E018DD3844BEA'),682.1 degree_Celsius,,,,,,,0.0 kilometer,,,,,,,,,,,,,,,,,,,,,,,,,,,,,,,,,,,,,,,ELM327 v1.5,12.5 volt,83.13725490196079 percent,98.43137254901961 percent,87.84313725490196 percent,"('Closed loop, using oxygen sensor feedback to determine fuel mix', '')",Gasoline,[],[],165 kilopascal,47 degree_Celsius,2.34375 percent,0.0 percent,11000000000000000000000000000001,10000000000000000000100000001001,11000000000000000000000000000001,1.0,1.0,01111000000000000000000000000000,Unknown : 0.0 percent [PASSED],"Average misfire counts for last ten driving cycles : 0.0 count [PASSED]
Misfire counts for last/current driving cycles : 0.0 count [PASSED]","Average misfire counts for last ten driving cycles : 0.0 count [PASSED]
Misfire counts for last/current driving cycles : 0.0 count [PASSED]","Average misfire counts for last ten driving cycles : 0.0 count [PASSED]
Misfire counts for last/current driving cycles : 0.0 count [PASSED]","Average misfire counts for last ten driving cycles : 0.0 count [PASSED]
Misfire counts for last/current driving cycles : 0.0 count [PASSED]","Unknown : 0.0 count [PASSED]
Unknown : 0.0 count [PASSED]
Unknown : 0.0 ratio [PASSED]
Unknown : 0.0 millisecond [PASSED]","Rich to lean sensor switch time : 0.0 millisecond [PASSED]
Unknown : 0.0 millivolt [PASSED]
Unknown : 0.0 millivolt [PASSED]",Unknown : -40.0 degree_Celsius [PASSED],Unknown : 0.0 ohm [PASSED],Unknown : 0.0 count [PASSED],"Unknown : 0.0 degree [PASSED]
Unknown : 0.0 degree [PASSED]
Unknown : 0.0 degree [PASSED]
Unknown : 0.0 degree [PASSED]",0.675 volt,-0.01171875 milliampere,"((), (False, False, False, False), (False, False, True, True))",India OBD II (IOBD II),0101010001000000000000000000000000000000,10111110001111101010100000010011,10000000000001111011000000010001,11111110110100001000010000000001,77.25490196078431 percent,2552.0 revolutions_per_minute,1993.0 second,0.0 percent,118.0 kilometer_per_hour,<obd.OBDResponse.Status object at 0x76f7799177f0>,<obd.OBDResponse.Status object at 0x76f7799178b0>,99.6078431372549 percent,87.45098039215686 percent,88.23529411764706 percent,4.5 degree,bytearray(b'MEXKRDPA7NG020286'),0.0 count,2025-04-28 15:18:00,2025-04-28 15:18:06,2025-04-28 15:18:00,Signal Acquired,15.447482,73.862134,0.3,0.64,8.55,0.0,-0.05,0.11,NO
,,,,,,,,,,,,,,,,,,,,,,,,,,,,,,,,,,,,,,,,,,,,,,,,,,,,,,,,,,,,,,,,,,,,,,,,,,,,,,,,,,,,,,,,,,,,,,,,,,,,,,,,,2025-04-28 15:18:00,Signal Acquired,15.447482,73.862134,-3.12,1.79,9.68,0.26,0.01,0.12,NO
,,,,,,,,,,,,,,,,,,,,,,,,,,,,,,,,,,,,,,,,,,,,,,,,,,,,,,,,,,,,,,,,,,,,,,,,,,,,,,,,,,,,,,,,,,,,,,,,,,,,,,,,,2025-04-28 15:18:00,Signal Acquired,15.447339,73.862069,-1.87,-2.93,8.63,-0.17,-0.07,0.04,NO
69.80392156862744 percent,36.470588235294116 percent,36.470588235294116 percent,32 degree_Celsius,100 kilopascal,bytearray(b'5E018DD3844BEA'),737.9000000000001 degree_Celsius,,,,,,0.0 kilometer,0.0 kilometer,,,,,,,,,,,,,,,,,,,,,,,,,,,,,,,,,,,,,,,ELM327 v1.5,12.6 volt,100.0 percent,98.43137254901961 percent,87.84313725490196 percent,"('Closed loop, using oxygen sensor feedback to determine fuel mix', '')",Gasoline,[],[],208 kilopascal,47 degree_Celsius,2.34375 percent,0.0 percent,11000000000000000000000000000001,10000000000000000000100000001001,11000000000000000000000000000001,1.0,1.0,01111000000000000000000000000000,Unknown : 0.0 percent [PASSED],"Average misfire counts for last ten driving cycles : 0.0 count [PASSED]
Misfire counts for last/current driving cycles : 0.0 count [PASSED]","Average misfire counts for last ten driving cycles : 0.0 count [PASSED]
Misfire counts for last/current driving cycles : 0.0 count [PASSED]","Average misfire counts for last ten driving cycles : 0.0 count [PASSED]
Misfire counts for last/current driving cycles : 0.0 count [PASSED]","Average misfire counts for last ten driving cycles : 0.0 count [PASSED]
Misfire counts for last/current driving cycles : 0.0 count [PASSED]","Unknown : 0.0 count [PASSED]
Unknown : 0.0 count [PASSED]
Unknown : 0.0 ratio [PASSED]
Unknown : 0.0 millisecond [PASSED]","Rich to lean sensor switch time : 0.0 millisecond [PASSED]
Unknown : 0.0 millivolt [PASSED]
Unknown : 0.0 millivolt [PASSED]",Unknown : -40.0 degree_Celsius [PASSED],Unknown : 0.0 ohm [PASSED],Unknown : 0.0 count [PASSED],"Unknown : 0.0 degree [PASSED]
Unknown : 0.0 degree [PASSED]
Unknown : 0.0 degree [PASSED]
Unknown : 0.0 degree [PASSED]",0.675 volt,-0.0234375 milliampere,"((), (False, False, False, False), (False, False, True, True))",India OBD II (IOBD II),0101010001000000000000000000000000000000,10111110001111101010100000010011,10000000000001111011000000010001,11111110110100001000010000000001,77.25490196078431 percent,2747.5 revolutions_per_minute,2000.0 second,0.78125 percent,127.0 kilometer_per_hour,<obd.OBDResponse.Status object at 0x76f779935720>,<obd.OBDResponse.Status object at 0x76f7799359f0>,99.6078431372549 percent,87.45098039215686 percent,88.23529411764706 percent,-5.5 degree,bytearray(b'MEXKRDPA7NG020286'),0.0 count,2025-04-28 15:18:08,2025-04-28 15:18:13,2025-04-28 15:18:08,Signal Acquired,15.447339,73.862069,-2.58,-2.2,12.32,0.2,0.19,-0.02,NO
,,,,,,,,,,,,,,,,,,,,,,,,,,,,,,,,,,,,,,,,,,,,,,,,,,,,,,,,,,,,,,,,,,,,,,,,,,,,,,,,,,,,,,,,,,,,,,,,,,,,,,,,,2025-04-28 15:18:08,Signal Acquired,15.447196,73.862015,-3.47,-1.79,11.87,0.12,0.15,0.09,NO
,,,,,,,,,,,,,,,,,,,,,,,,,,,,,,,,,,,,,,,,,,,,,,,,,,,,,,,,,,,,,,,,,,,,,,,,,,,,,,,,,,,,,,,,,,,,,,,,,,,,,,,,,2025-04-28 15:18:08,Signal Acquired,15.447196,73.862015,1.02,-0.91,8.77,0.05,0.03,0.15,NO
180.39215686274508 percent,58.03921568627451 percent,58.431372549019606 percent,32 degree_Celsius,100 kilopascal,bytearray(b'5E018DD3844BEA'),793.6 degree_Celsius,,,,,,0.0 kilometer,0.0 kilometer,,,,,,,,,,,,,,,,,,,,,,,,,,,,,,,,,,,,,,,ELM327 v1.5,12.6 volt,100.0 percent,98.43137254901961 percent,87.84313725490196 percent,"('Closed loop, using oxygen sensor feedback to determine fuel mix', '')",Gasoline,[],[],214 kilopascal,46 degree_Celsius,2.34375 percent,0.0 percent,11000000000000000000000000000001,10000000000000000000100000001001,11000000000000000000000000000001,1.0,1.0,01111000000000000000000000000000,Unknown : 0.0 percent [PASSED],"Average misfire counts for last ten driving cycles : 0.0 count [PASSED]
Misfire counts for last/current driving cycles : 0.0 count [PASSED]","Average misfire counts for last ten driving cycles : 0.0 count [PASSED]
Misfire counts for last/current driving cycles : 0.0 count [PASSED]","Average misfire counts for last ten driving cycles : 0.0 count [PASSED]
Misfire counts for last/current driving cycles : 0.0 count [PASSED]","Average misfire counts for last ten driving cycles : 0.0 count [PASSED]
Misfire counts for last/current driving cycles : 0.0 count [PASSED]","Unknown : 0.0 count [PASSED]
Unknown : 0.0 count [PASSED]
Unknown : 0.0 ratio [PASSED]
Unknown : 0.0 millisecond [PASSED]","Rich to lean sensor switch time : 0.0 millisecond [PASSED]
Unknown : 0.0 millivolt [PASSED]
Unknown : 0.0 millivolt [PASSED]",Unknown : -40.0 degree_Celsius [PASSED],Unknown : 0.0 ohm [PASSED],Unknown : 0.0 count [PASSED],"Unknown : 0.0 degree [PASSED]
Unknown : 0.0 degree [PASSED]
Unknown : 0.0 degree [PASSED]
Unknown : 0.0 degree [PASSED]",0.695 volt,-0.015625 milliampere,"((), (False, False, False, False), (False, False, True, True))",India OBD II (IOBD II),0101010001000000000000000000000000000000,10111110001111101010100000010011,10000000000001111011000000010001,11111110110100001000010000000001,77.25490196078431 percent,3029.5 revolutions_per_minute,2007.0 second,-0.78125 percent,140.0 kilometer_per_hour,<obd.OBDResponse.Status object at 0x76f7799374c0>,<obd.OBDResponse.Status object at 0x76f779937fa0>,99.6078431372549 percent,87.45098039215686 percent,88.23529411764706 percent,-4.5 degree,bytearray(b'MEXKRDPA7NG020286'),0.0 count,2025-04-28 15:18:15,2025-04-28 15:18:21,2025-04-28 15:18:15,Signal Acquired,15.447054,73.861976,-1.78,1.24,6.55,0.05,-0.04,0.12,NO
,,,,,,,,,,,,,,,,,,,,,,,,,,,,,,,,,,,,,,,,,,,,,,,,,,,,,,,,,,,,,,,,,,,,,,,,,,,,,,,,,,,,,,,,,,,,,,,,,,,,,,,,,2025-04-28 15:18:15,Signal Acquired,15.447054,73.861976,1.41,0.57,9.86,-0.03,0.04,0.21,NO
,,,,,,,,,,,,,,,,,,,,,,,,,,,,,,,,,,,,,,,,,,,,,,,,,,,,,,,,,,,,,,,,,,,,,,,,,,,,,,,,,,,,,,,,,,,,,,,,,,,,,,,,,2025-04-28 15:18:15,Signal Acquired,15.446911,73.861951,-1.34,-0.62,8.18,0.33,0.03,0.16,NO
123.92156862745098 percent,47.84313725490196 percent,48.23529411764706 percent,33 degree_Celsius,100 kilopascal,bytearray(b'5E018DD3844BEA'),827.1 degree_Celsius,,,,,,0.0 kilometer,0.0 kilometer,,,,,,,,,,,,,,,,,,,,,,,,,,,,,,,,,,,,,,,ELM327 v1.5,12.6 volt,13.333333333333334 percent,0.0 percent,87.84313725490196 percent,"('Closed loop, using oxygen sensor feedback to determine fuel mix', '')",Gasoline,[],[],27 kilopascal,45 degree_Celsius,1.5625 percent,0.0 percent,11000000000000000000000000000001,10000000000000000000100000001001,11000000000000000000000000000001,1.0,1.0,01111000000000000000000000000000,Unknown : 0.0 percent [PASSED],"Average misfire counts for last ten driving cycles : 0.0 count [PASSED]
Misfire counts for last/current driving cycles : 0.0 count [PASSED]","Average misfire counts for last ten driving cycles : 0.0 count [PASSED]
Misfire counts for last/current driving cycles : 0.0 count [PASSED]","Average misfire counts for last ten driving cycles : 0.0 count [PASSED]
Misfire counts for last/current driving cycles : 0.0 count [PASSED]","Average misfire counts for last ten driving cycles : 0.0 count [PASSED]
Misfire counts for last/current driving cycles : 0.0 count [PASSED]","Unknown : 0.0 count [PASSED]
Unknown : 0.0 count [PASSED]
Unknown : 0.0 ratio [PASSED]
Unknown : 0.0 millisecond [PASSED]","Rich to lean sensor switch time : 0.0 millisecond [PASSED]
Unknown : 0.0 millivolt [PASSED]
Unknown : 0.0 millivolt [PASSED]",Unknown : -40.0 degree_Celsius [PASSED],Unknown : 0.0 ohm [PASSED],Unknown : 0.0 count [PASSED],"Unknown : 0.0 degree [PASSED]
Unknown : 0.0 degree [PASSED]
Unknown : 0.0 degree [PASSED]
Unknown : 0.0 degree [PASSED]",0.705 volt,1.20703125 milliampere,"((), (False, False, False, False), (False, False, True, True))",India OBD II (IOBD II),0101010001000000000000000000000000000000,10111110001111101010100000010011,10000000000001111011000000010001,11111110110100001000010000000001,5.490196078431373 percent,2822.5 revolutions_per_minute,2015.0 second,0.0 percent,130.0 kilometer_per_hour,<obd.OBDResponse.Status object at 0x76f779bc3e50>,<obd.OBDResponse.Status object at 0x76f779bc3ac0>,7.450980392156863 percent,16.07843137254902 percent,16.07843137254902 percent,-4.5 degree,bytearray(b'MEXKRDPA7NG020286'),0.0 count,2025-04-28 15:18:22,2025-04-28 15:18:28,2025-04-28 15:18:22,Signal Acquired,15.446911,73.861951,-1.9,-0.66,8.1,-0.03,0.04,0.01,NO
,,,,,,,,,,,,,,,,,,,,,,,,,,,,,,,,,,,,,,,,,,,,,,,,,,,,,,,,,,,,,,,,,,,,,,,,,,,,,,,,,,,,,,,,,,,,,,,,,,,,,,,,,2025-04-28 15:18:22,Signal Acquired,15.446764,73.861942,-0.02,0.62,8.88,0.09,-0.0,0.11,NO
,,,,,,,,,,,,,,,,,,,,,,,,,,,,,,,,,,,,,,,,,,,,,,,,,,,,,,,,,,,,,,,,,,,,,,,,,,,,,,,,,,,,,,,,,,,,,,,,,,,,,,,,,2025-04-28 15:18:22,Signal Acquired,15.446764,73.861942,-1.24,0.37,10.88,-0.25,-0.15,0.21,NO
16.862745098039216 percent,14.509803921568627 percent,14.901960784313726 percent,33 degree_Celsius,100 kilopascal,bytearray(b'5E018DD3844BEA'),785.9000000000001 degree_Celsius,,,,,,0.0 kilometer,0.0 kilometer,,,,,,,,,,,,,,,,,,,,,,,,,,,,,,,,,,,,,,,ELM327 v1.5,14.1 volt,0.0 percent,0.0 percent,87.84313725490196 percent,"('Open loop due to engine load OR fuel cut due to deceleration', '')",Gasoline,[],[],30 kilopascal,49 degree_Celsius,-2.34375 percent,0.0 percent,11000000000000000000000000000001,10000000000000000000100000001001,11000000000000000000000000000001,1.0,1.0,01111000000000000000000000000000,Unknown : 0.0 percent [PASSED],"Average misfire counts for last ten driving cycles : 0.0 count [PASSED]
Misfire counts for last/current driving cycles : 0.0 count [PASSED]","Average misfire counts for last ten driving cycles : 0.0 count [PASSED]
Misfire counts for last/current driving cycles : 0.0 count [PASSED]","Average misfire counts for last ten driving cycles : 0.0 count [PASSED]
Misfire counts for last/current driving cycles : 0.0 count [PASSED]","Average misfire counts for last ten driving cycles : 0.0 count [PASSED]
Misfire counts for last/current driving cycles : 0.0 count [PASSED]","Unknown : 0.0 count [PASSED]
Unknown : 0.0 count [PASSED]
Unknown : 0.0 ratio [PASSED]
Unknown : 0.0 millisecond [PASSED]","Rich to lean sensor switch time : 0.0 millisecond [PASSED]
Unknown : 0.0 millivolt [PASSED]
Unknown : 0.0 millivolt [PASSED]",Unknown : -40.0 degree_Celsius [PASSED],Unknown : 0.0 ohm [PASSED],Unknown : 0.0 count [PASSED],"Unknown : 0.0 degree [PASSED]
Unknown : 0.0 degree [PASSED]
Unknown : 0.0 degree [PASSED]
Unknown : 0.0 degree [PASSED]",0.04 volt,-0.125 milliampere,"((), (False, False, False, False), (False, False, True, True))",India OBD II (IOBD II),0101010001000000000000000000000000000000,10111110001111101010100000010011,10000000000001111011000000010001,11111110110100001000010000000001,16.862745098039216 percent,2197.5 revolutions_per_minute,2022.0 second,0.0 percent,101.0 kilometer_per_hour,<obd.OBDResponse.Status object at 0x76f77996aa10>,<obd.OBDResponse.Status object at 0x76f77996bcd0>,21.176470588235293 percent,26.666666666666668 percent,27.058823529411764 percent,9.5 degree,bytearray(b'MEXKRDPA7NG020286'),0.0 count,2025-04-28 15:18:29,2025-04-28 15:18:35,2025-04-28 15:18:29,Signal Acquired,15.446616,73.861948,-0.52,0.42,7.53,-0.01,0.0,0.13,NO
,,,,,,,,,,,,,,,,,,,,,,,,,,,,,,,,,,,,,,,,,,,,,,,,,,,,,,,,,,,,,,,,,,,,,,,,,,,,,,,,,,,,,,,,,,,,,,,,,,,,,,,,,2025-04-28 15:18:29,Signal Acquired,15.446616,73.861948,0.38,0.31,8.13,0.12,0.03,0.11,NO
,,,,,,,,,,,,,,,,,,,,,,,,,,,,,,,,,,,,,,,,,,,,,,,,,,,,,,,,,,,,,,,,,,,,,,,,,,,,,,,,,,,,,,,,,,,,,,,,,,,,,,,,,2025-04-28 15:18:29,Signal Acquired,15.446466,73.861969,0.4,0.4,8.38,0.09,0.01,0.16,NO
65.49019607843137 percent,34.509803921568626 percent,34.509803921568626 percent,33 degree_Celsius,100 kilopascal,bytearray(b'5E018DD3844BEA'),724.7 degree_Celsius,,,,,,,0.0 kilometer,,,,,,,,,,,,,,,,,,,,,,,,,,,,,,,,,,,,,,,ELM327 v1.5,12.5 volt,49.80392156862745 percent,98.03921568627452 percent,87.84313725490196 percent,"('Closed loop, using oxygen sensor feedback to determine fuel mix', '')",Gasoline,[],[],105 kilopascal,48 degree_Celsius,2.34375 percent,0.0 percent,11000000000000000000000000000001,10000000000000000000100000001001,11000000000000000000000000000001,1.0,1.0,01111000000000000000000000000000,Unknown : 0.0 percent [PASSED],"Average misfire counts for last ten driving cycles : 0.0 count [PASSED]
Misfire counts for last/current driving cycles : 0.0 count [PASSED]","Average misfire counts for last ten driving cycles : 0.0 count [PASSED]
Misfire counts for last/current driving cycles : 0.0 count [PASSED]","Average misfire counts for last ten driving cycles : 0.0 count [PASSED]
Misfire counts for last/current driving cycles : 0.0 count [PASSED]","Average misfire counts for last ten driving cycles : 0.0 count [PASSED]
Misfire counts for last/current driving cycles : 0.0 count [PASSED]","Unknown : 0.0 count [PASSED]
Unknown : 0.0 count [PASSED]
Unknown : 0.0 ratio [PASSED]
Unknown : 0.0 millisecond [PASSED]","Rich to lean sensor switch time : 0.0 millisecond [PASSED]
Unknown : 0.0 millivolt [PASSED]
Unknown : 0.0 millivolt [PASSED]",Unknown : -40.0 degree_Celsius [PASSED],Unknown : 0.0 ohm [PASSED],Unknown : 0.0 count [PASSED],"Unknown : 0.0 degree [PASSED]
Unknown : 0.0 degree [PASSED]
Unknown : 0.0 degree [PASSED]
Unknown : 0.0 degree [PASSED]",0.71 volt,-0.015625 milliampere,"((), (False, False, False, False), (False, False, True, True))",India OBD II (IOBD II),0101010001000000000000000000000000000000,10111110001111101010100000010011,10000000000001111011000000010001,11111110110100001000010000000001,55.68627450980392 percent,2148.5 revolutions_per_minute,2030.0 second,-3.125 percent,99.0 kilometer_per_hour,<obd.OBDResponse.Status object at 0x76f779992230>,<obd.OBDResponse.Status object at 0x76f7799922f0>,68.23529411764706 percent,63.529411764705884 percent,63.92156862745098 percent,8.0 degree,bytearray(b'MEXKRDPA7NG020286'),0.0 count,2025-04-28 15:18:37,2025-04-28 15:18:43,2025-04-28 15:18:37,Signal Acquired,15.446466,73.861969,2.57,-0.1,9.7,-0.32,-0.02,0.16,NO
,,,,,,,,,,,,,,,,,,,,,,,,,,,,,,,,,,,,,,,,,,,,,,,,,,,,,,,,,,,,,,,,,,,,,,,,,,,,,,,,,,,,,,,,,,,,,,,,,,,,,,,,,2025-04-28 15:18:37,Signal Acquired,15.446319,73.862006,-0.91,0.0,8.99,0.05,-0.02,0.13,NO
,,,,,,,,,,,,,,,,,,,,,,,,,,,,,,,,,,,,,,,,,,,,,,,,,,,,,,,,,,,,,,,,,,,,,,,,,,,,,,,,,,,,,,,,,,,,,,,,,,,,,,,,,2025-04-28 15:18:37,Signal Acquired,15.446319,73.862006,-0.88,-0.47,9.9,0.14,0.04,0.1,NO
78.43137254901961 percent,35.294117647058826 percent,35.294117647058826 percent,33 degree_Celsius,100 kilopascal,bytearray(b'5E018DD3844BEA'),692.0 degree_Celsius,,,,,,,0.0 kilometer,,,,,,,,,,,,,,,,,,,,,,,,,,,,,,,,,,,,,,,ELM327 v1.5,12.5 volt,48.627450980392155 percent,98.43137254901961 percent,87.84313725490196 percent,"('Closed loop, using oxygen sensor feedback to determine fuel mix', '')",Gasoline,[],[],105 kilopascal,46 degree_Celsius,2.34375 percent,0.0 percent,11000000000000000000000000000001,10000000000000000000100000001001,11000000000000000000000000000001,1.0,1.0,01111000000000000000000000000000,Unknown : 0.0 percent [PASSED],"Average misfire counts for last ten driving cycles : 0.0 count [PASSED]
Misfire counts for last/current driving cycles : 0.0 count [PASSED]","Average misfire counts for last ten driving cycles : 0.0 count [PASSED]
Misfire counts for last/current driving cycles : 0.0 count [PASSED]","Average misfire counts for last ten driving cycles : 0.0 count [PASSED]
Misfire counts for last/current driving cycles : 0.0 count [PASSED]","Average misfire counts for last ten driving cycles : 0.0 count [PASSED]
Misfire counts for last/current driving cycles : 0.0 count [PASSED]","Unknown : 0.0 count [PASSED]
Unknown : 0.0 count [PASSED]
Unknown : 0.0 ratio [PASSED]
Unknown : 0.0 millisecond [PASSED]","Rich to lean sensor switch time : 0.0 millisecond [PASSED]
Unknown : 0.0 millivolt [PASSED]
Unknown : 0.0 millivolt [PASSED]",Unknown : -40.0 degree_Celsius [PASSED],Unknown : 0.0 ohm [PASSED],Unknown : 0.0 count [PASSED],"Unknown : 0.0 degree [PASSED]
Unknown : 0.0 degree [PASSED]
Unknown : 0.0 degree [PASSED]
Unknown : 0.0 degree [PASSED]",0.725 volt,-0.01953125 milliampere,"((), (False, False, False, False), (False, False, True, True))",India OBD II (IOBD II),0101010001000000000000000000000000000000,10111110001111101010100000010011,10000000000001111011000000010001,11111110110100001000010000000001,48.627450980392155 percent,2079.0 revolutions_per_minute,2037.0 second,-2.34375 percent,96.0 kilometer_per_hour,<obd.OBDResponse.Status object at 0x76f7799a7f40>,<obd.OBDResponse.Status object at 0x76f7799a7d90>,63.529411764705884 percent,59.6078431372549 percent,60.0 percent,8.0 degree,bytearray(b'MEXKRDPA7NG020286'),0.0 count,2025-04-28 15:18:44,2025-04-28 15:18:50,2025-04-28 15:18:44,Signal Acquired,15.446173,73.86206,-0.6,-0.7,7.6,-0.14,0.04,0.07,NO
,,,,,,,,,,,,,,,,,,,,,,,,,,,,,,,,,,,,,,,,,,,,,,,,,,,,,,,,,,,,,,,,,,,,,,,,,,,,,,,,,,,,,,,,,,,,,,,,,,,,,,,,,2025-04-28 15:18:44,Signal Acquired,15.446173,73.86206,6.9,-2.23,14.31,-0.32,0.02,0.29,NO
,,,,,,,,,,,,,,,,,,,,,,,,,,,,,,,,,,,,,,,,,,,,,,,,,,,,,,,,,,,,,,,,,,,,,,,,,,,,,,,,,,,,,,,,,,,,,,,,,,,,,,,,,2025-04-28 15:18:44,Signal Acquired,15.446029,73.862129,1.17,0.02,8.89,0.02,0.03,0.14,NO
76.86274509803921 percent,34.509803921568626 percent,34.509803921568626 percent,33 degree_Celsius,100 kilopascal,bytearray(b'5E018DD3844BEA'),680.1 degree_Celsius,,,,,,0.0 kilometer,0.0 kilometer,,,,,,,,,,,,,,,,,,,,,,,,,,,,,,,,,,,,,,,ELM327 v1.5,12.6 volt,30.19607843137255 percent,14.509803921568627 percent,87.84313725490196 percent,"('Closed loop, using oxygen sensor feedback to determine fuel mix', '')",Gasoline,[],[],81 kilopascal,47 degree_Celsius,1.5625 percent,0.0 percent,11000000000000000000000000000001,10000000000000000000100000001001,11000000000000000000000000000001,1.0,1.0,01111000000000000000000000000000,Unknown : 0.0 percent [PASSED],"Average misfire counts for last ten driving cycles : 0.0 count [PASSED]
Misfire counts for last/current driving cycles : 0.0 count [PASSED]","Average misfire counts for last ten driving cycles : 0.0 count [PASSED]
Misfire counts for last/current driving cycles : 0.0 count [PASSED]","Average misfire counts for last ten driving cycles : 0.0 count [PASSED]
Misfire counts for last/current driving cycles : 0.0 count [PASSED]","Average misfire counts for last ten driving cycles : 0.0 count [PASSED]
Misfire counts for last/current driving cycles : 0.0 count [PASSED]","Unknown : 0.0 count [PASSED]
Unknown : 0.0 count [PASSED]
Unknown : 0.0 ratio [PASSED]
Unknown : 0.0 millisecond [PASSED]","Rich to lean sensor switch time : 0.0 millisecond [PASSED]
Unknown : 0.0 millivolt [PASSED]
Unknown : 0.0 millivolt [PASSED]",Unknown : -40.0 degree_Celsius [PASSED],Unknown : 0.0 ohm [PASSED],Unknown : 0.0 count [PASSED],"Unknown : 0.0 degree [PASSED]
Unknown : 0.0 degree [PASSED]
Unknown : 0.0 degree [PASSED]
Unknown : 0.0 degree [PASSED]",0.735 volt,-0.015625 milliampere,"((), (False, False, False, False), (False, False, True, True))",India OBD II (IOBD II),0101010001000000000000000000000000000000,10111110001111101010100000010011,10000000000001111011000000010001,11111110110100001000010000000001,7.8431372549019605 percent,1987.5 revolutions_per_minute,2045.0 second,0.0 percent,91.0 kilometer_per_hour,<obd.OBDResponse.Status object at 0x76f7799bb1c0>,<obd.OBDResponse.Status object at 0x76f7799bb280>,6.2745098039215685 percent,15.686274509803921 percent,15.686274509803921 percent,-14.5 degree,bytearray(b'MEXKRDPA7NG020286'),0.0 count,2025-04-28 15:18:52,2025-04-28 15:18:58,2025-04-28 15:18:52,Signal Acquired,15.446029,73.862129,-3.45,-1.94,4.69,-0.49,0.17,-0.17,NO
,,,,,,,,,,,,,,,,,,,,,,,,,,,,,,,,,,,,,,,,,,,,,,,,,,,,,,,,,,,,,,,,,,,,,,,,,,,,,,,,,,,,,,,,,,,,,,,,,,,,,,,,,2025-04-28 15:18:52,Signal Acquired,15.445893,73.862219,-0.5,0.32,9.39,0.0,0.04,0.15,NO
,,,,,,,,,,,,,,,,,,,,,,,,,,,,,,,,,,,,,,,,,,,,,,,,,,,,,,,,,,,,,,,,,,,,,,,,,,,,,,,,,,,,,,,,,,,,,,,,,,,,,,,,,2025-04-28 15:18:52,Signal Acquired,15.445893,73.862219,-1.65,0.01,9.36,-0.03,-0.02,0.1,NO
16.470588235294116 percent,14.509803921568627 percent,14.901960784313726 percent,33 degree_Celsius,100 kilopascal,bytearray(b'5E018DD3844BEA'),662.3000000000001 degree_Celsius,,,,,,0.0 kilometer,0.0 kilometer,,,,,,,,,,,,,,,,,,,,,,,,,,,,,,,,,,,,,,,ELM327 v1.5,13.8 volt,26.666666666666668 percent,2.3529411764705883 percent,87.84313725490196 percent,"('Closed loop, using oxygen sensor feedback to determine fuel mix', '')",Gasoline,[],[],64 kilopascal,49 degree_Celsius,1.5625 percent,0.0 percent,11000000000000000000000000000001,10000000000000000000100000001001,11000000000000000000000000000001,1.0,1.0,01111000000000000000000000000000,Unknown : 0.0 percent [PASSED],"Average misfire counts for last ten driving cycles : 0.0 count [PASSED]
Misfire counts for last/current driving cycles : 0.0 count [PASSED]","Average misfire counts for last ten driving cycles : 0.0 count [PASSED]
Misfire counts for last/current driving cycles : 0.0 count [PASSED]","Average misfire counts for last ten driving cycles : 0.0 count [PASSED]
Misfire counts for last/current driving cycles : 0.0 count [PASSED]","Average misfire counts for last ten driving cycles : 0.0 count [PASSED]
Misfire counts for last/current driving cycles : 0.0 count [PASSED]","Unknown : 0.0 count [PASSED]
Unknown : 0.0 count [PASSED]
Unknown : 0.0 ratio [PASSED]
Unknown : 0.0 millisecond [PASSED]","Rich to lean sensor switch time : 0.0 millisecond [PASSED]
Unknown : 0.0 millivolt [PASSED]
Unknown : 0.0 millivolt [PASSED]",Unknown : -40.0 degree_Celsius [PASSED],Unknown : 0.0 ohm [PASSED],Unknown : 0.0 count [PASSED],"Unknown : 0.0 degree [PASSED]
Unknown : 0.0 degree [PASSED]
Unknown : 0.0 degree [PASSED]
Unknown : 0.0 degree [PASSED]",0.82 volt,-0.14453125 milliampere,"((), (False, False, False, False), (False, False, True, True))",India OBD II (IOBD II),0101010001000000000000000000000000000000,10111110001111101010100000010011,10000000000001111011000000010001,11111110110100001000010000000001,9.803921568627452 percent,1649.5 revolutions_per_minute,2053.0 second,-1.5625 percent,76.0 kilometer_per_hour,<obd.OBDResponse.Status object at 0x76f7799d0f40>,<obd.OBDResponse.Status object at 0x76f7799d1000>,12.941176470588236 percent,20.392156862745097 percent,20.392156862745097 percent,14.0 degree,bytearray(b'MEXKRDPA7NG020286'),0.0 count,2025-04-28 15:19:00,2025-04-28 15:19:06,2025-04-28 15:18:59,Signal Acquired,15.445766,73.862325,-2.29,0.23,9.89,-0.05,-0.01,0.08,NO
,,,,,,,,,,,,,,,,,,,,,,,,,,,,,,,,,,,,,,,,,,,,,,,,,,,,,,,,,,,,,,,,,,,,,,,,,,,,,,,,,,,,,,,,,,,,,,,,,,,,,,,,,2025-04-28 15:18:59,Signal Acquired,15.445766,73.862325,-3.79,-0.19,12.39,-0.06,0.11,-0.03,NO
,,,,,,,,,,,,,,,,,,,,,,,,,,,,,,,,,,,,,,,,,,,,,,,,,,,,,,,,,,,,,,,,,,,,,,,,,,,,,,,,,,,,,,,,,,,,,,,,,,,,,,,,,2025-04-28 15:18:59,Signal Acquired,15.445643,73.862444,-3.07,0.74,9.05,0.03,-0.05,-0.03,NO
64.31372549019608 percent,32.94117647058823 percent,33.333333333333336 percent,33 degree_Celsius,100 kilopascal,bytearray(b'5E018DD3844BEA'),632.0 degree_Celsius,,,,,,,0.0 kilometer,,,,,,,,,,,,,,,,,,,,,,,,,,,,,,,,,,,,,,,ELM327 v1.5,12.6 volt,47.84313725490196 percent,96.07843137254902 percent,87.84313725490196 percent,"('Closed loop, using oxygen sensor feedback to determine fuel mix', '')",Gasoline,[],[],103 kilopascal,48 degree_Celsius,2.34375 percent,0.0 percent,11000000000000000000000000000001,10000000000000000000100000001001,11000000000000000000000000000001,1.0,1.0,01111000000000000000000000000000,Unknown : 0.0 percent [PASSED],"Average misfire counts for last ten driving cycles : 0.0 count [PASSED]
Misfire counts for last/current driving cycles : 0.0 count [PASSED]","Average misfire counts for last ten driving cycles : 0.0 count [PASSED]
Misfire counts for last/current driving cycles : 0.0 count [PASSED]","Average misfire counts for last ten driving cycles : 0.0 count [PASSED]
Misfire counts for last/current driving cycles : 0.0 count [PASSED]","Average misfire counts for last ten driving cycles : 0.0 count [PASSED]
Misfire counts for last/current driving cycles : 0.0 count [PASSED]","Unknown : 0.0 count [PASSED]
Unknown : 0.0 count [PASSED]
Unknown : 0.0 ratio [PASSED]
Unknown : 0.0 millisecond [PASSED]","Rich to lean sensor switch time : 0.0 millisecond [PASSED]
Unknown : 0.0 millivolt [PASSED]
Unknown : 0.0 millivolt [PASSED]",Unknown : -40.0 degree_Celsius [PASSED],Unknown : 0.0 ohm [PASSED],Unknown : 0.0 count [PASSED],"Unknown : 0.0 degree [PASSED]
Unknown : 0.0 degree [PASSED]
Unknown : 0.0 degree [PASSED]
Unknown : 0.0 degree [PASSED]",0.7 volt,-0.01171875 milliampere,"((), (False, False, False, False), (False, False, True, True))",India OBD II (IOBD II),0101010001000000000000000000000000000000,10111110001111101010100000010011,10000000000001111011000000010001,11111110110100001000010000000001,40.78431372549019 percent,1571.0 revolutions_per_minute,2060.0 second,-0.78125 percent,72.0 kilometer_per_hour,<obd.OBDResponse.Status object at 0x76f7797ea8f0>,<obd.OBDResponse.Status object at 0x76f7797ea9b0>,52.549019607843135 percent,51.372549019607845 percent,51.76470588235294 percent,4.5 degree,bytearray(b'MEXKRDPA7NG020286'),0.0 count,2025-04-28 15:19:08,2025-04-28 15:19:14,2025-04-28 15:19:08,Signal Acquired,15.445643,73.862444,1.07,-0.97,8.55,-0.01,0.03,0.01,NO
,,,,,,,,,,,,,,,,,,,,,,,,,,,,,,,,,,,,,,,,,,,,,,,,,,,,,,,,,,,,,,,,,,,,,,,,,,,,,,,,,,,,,,,,,,,,,,,,,,,,,,,,,2025-04-28 15:19:08,Signal Acquired,15.445528,73.862576,-5.78,0.08,7.92,0.08,-0.13,-0.02,NO
,,,,,,,,,,,,,,,,,,,,,,,,,,,,,,,,,,,,,,,,,,,,,,,,,,,,,,,,,,,,,,,,,,,,,,,,,,,,,,,,,,,,,,,,,,,,,,,,,,,,,,,,,2025-04-28 15:19:08,Signal Acquired,15.445528,73.862576,1.01,0.31,7.67,-0.11,0.16,0.11,NO
75.68627450980392 percent,34.509803921568626 percent,34.90196078431372 percent,33 degree_Celsius,100 kilopascal,bytearray(b'5E018DD3844BEA'),630.9000000000001 degree_Celsius,,,,,,0.0 kilometer,0.0 kilometer,,,,,,,,,,,,,,,,,,,,,,,,,,,,,,,,,,,,,,,ELM327 v1.5,12.5 volt,43.92156862745098 percent,94.11764705882354 percent,87.84313725490196 percent,"('Closed loop, using oxygen sensor feedback to determine fuel mix', '')",Gasoline,[],[],101 kilopascal,48 degree_Celsius,1.5625 percent,0.0 percent,11000000000000000000000000000001,10000000000000000000100000001001,11000000000000000000000000000001,1.0,1.0,01111000000000000000000000000000,Unknown : 0.0 percent [PASSED],"Average misfire counts for last ten driving cycles : 0.0 count [PASSED]
Misfire counts for last/current driving cycles : 0.0 count [PASSED]","Average misfire counts for last ten driving cycles : 0.0 count [PASSED]
Misfire counts for last/current driving cycles : 0.0 count [PASSED]","Average misfire counts for last ten driving cycles : 0.0 count [PASSED]
Misfire counts for last/current driving cycles : 0.0 count [PASSED]","Average misfire counts for last ten driving cycles : 0.0 count [PASSED]
Misfire counts for last/current driving cycles : 0.0 count [PASSED]","Unknown : 0.0 count [PASSED]
Unknown : 0.0 count [PASSED]
Unknown : 0.0 ratio [PASSED]
Unknown : 0.0 millisecond [PASSED]","Rich to lean sensor switch time : 0.0 millisecond [PASSED]
Unknown : 0.0 millivolt [PASSED]
Unknown : 0.0 millivolt [PASSED]",Unknown : -40.0 degree_Celsius [PASSED],Unknown : 0.0 ohm [PASSED],Unknown : 0.0 count [PASSED],"Unknown : 0.0 degree [PASSED]
Unknown : 0.0 degree [PASSED]
Unknown : 0.0 degree [PASSED]
Unknown : 0.0 degree [PASSED]",0.705 volt,-0.01953125 milliampere,"((), (False, False, False, False), (False, False, True, True))",India OBD II (IOBD II),0101010001000000000000000000000000000000,10111110001111101010100000010011,10000000000001111011000000010001,11111110110100001000010000000001,38.8235294117647 percent,1530.0 revolutions_per_minute,2068.0 second,-0.78125 percent,71.0 kilometer_per_hour,<obd.OBDResponse.Status object at 0x76f779809240>,<obd.OBDResponse.Status object at 0x76f779809300>,50.588235294117645 percent,49.411764705882355 percent,49.80392156862745 percent,5.0 degree,bytearray(b'MEXKRDPA7NG020286'),0.0 count,2025-04-28 15:19:15,2025-04-28 15:19:21,2025-04-28 15:19:15,Signal Acquired,15.445421,73.862726,-0.78,-0.34,8.38,-0.0,-0.03,0.03,NO
,,,,,,,,,,,,,,,,,,,,,,,,,,,,,,,,,,,,,,,,,,,,,,,,,,,,,,,,,,,,,,,,,,,,,,,,,,,,,,,,,,,,,,,,,,,,,,,,,,,,,,,,,2025-04-28 15:19:15,Signal Acquired,15.445421,73.862726,-0.11,-0.52,8.76,-0.11,0.03,0.02,NO
,,,,,,,,,,,,,,,,,,,,,,,,,,,,,,,,,,,,,,,,,,,,,,,,,,,,,,,,,,,,,,,,,,,,,,,,,,,,,,,,,,,,,,,,,,,,,,,,,,,,,,,,,2025-04-28 15:19:15,Signal Acquired,15.445324,73.862885,0.5,2.2,9.79,0.04,0.21,0.06,NO
75.68627450980392 percent,35.68627450980392 percent,35.68627450980392 percent,33 degree_Celsius,100 kilopascal,bytearray(b'5E018DD3844BEA'),632.2 degree_Celsius,,,,,,0.0 kilometer,0.0 kilometer,,,,,,,,,,,,,,,,,,,,,,,,,,,,,,,,,,,,,,,ELM327 v1.5,12.6 volt,51.76470588235294 percent,92.94117647058823 percent,87.84313725490196 percent,"('Closed loop, using oxygen sensor feedback to determine fuel mix', '')",Gasoline,[],[],105 kilopascal,48 degree_Celsius,2.34375 percent,0.0 percent,11000000000000000000000000000001,10000000000000000000100000001001,11000000000000000000000000000001,1.0,1.0,01111000000000000000000000000000,Unknown : 0.0 percent [PASSED],"Average misfire counts for last ten driving cycles : 0.0 count [PASSED]
Misfire counts for last/current driving cycles : 0.0 count [PASSED]","Average misfire counts for last ten driving cycles : 0.0 count [PASSED]
Misfire counts for last/current driving cycles : 0.0 count [PASSED]","Average misfire counts for last ten driving cycles : 0.0 count [PASSED]
Misfire counts for last/current driving cycles : 0.0 count [PASSED]","Average misfire counts for last ten driving cycles : 0.0 count [PASSED]
Misfire counts for last/current driving cycles : 0.0 count [PASSED]","Unknown : 0.0 count [PASSED]
Unknown : 0.0 count [PASSED]
Unknown : 0.0 ratio [PASSED]
Unknown : 0.0 millisecond [PASSED]","Rich to lean sensor switch time : 0.0 millisecond [PASSED]
Unknown : 0.0 millivolt [PASSED]
Unknown : 0.0 millivolt [PASSED]",Unknown : -40.0 degree_Celsius [PASSED],Unknown : 0.0 ohm [PASSED],Unknown : 0.0 count [PASSED],"Unknown : 0.0 degree [PASSED]
Unknown : 0.0 degree [PASSED]
Unknown : 0.0 degree [PASSED]
Unknown : 0.0 degree [PASSED]",0.73 volt,-0.0234375 milliampere,"((), (False, False, False, False), (False, False, True, True))",India OBD II (IOBD II),0101010001000000000000000000000000000000,10111110001111101010100000010011,10000000000001111011000000010001,11111110110100001000010000000001,6.2745098039215685 percent,1478.0 revolutions_per_minute,2075.0 second,-6.25 percent,68.0 kilometer_per_hour,<obd.OBDResponse.Status object at 0x76f77980ed10>,<obd.OBDResponse.Status object at 0x76f77980edd0>,8.235294117647058 percent,16.862745098039216 percent,16.862745098039216 percent,17.0 degree,bytearray(b'MEXKRDPA7NG020286'),0.0 count,2025-04-28 15:19:23,2025-04-28 15:19:29,2025-04-28 15:19:23,Signal Acquired,15.445324,73.862885,3.0,-0.7,7.93,-0.19,0.12,0.02,NO
,,,,,,,,,,,,,,,,,,,,,,,,,,,,,,,,,,,,,,,,,,,,,,,,,,,,,,,,,,,,,,,,,,,,,,,,,,,,,,,,,,,,,,,,,,,,,,,,,,,,,,,,,2025-04-28 15:19:23,Signal Acquired,15.445229,73.86305,5.61,0.83,8.4,-0.02,0.04,0.03,NO
,,,,,,,,,,,,,,,,,,,,,,,,,,,,,,,,,,,,,,,,,,,,,,,,,,,,,,,,,,,,,,,,,,,,,,,,,,,,,,,,,,,,,,,,,,,,,,,,,,,,,,,,,2025-04-28 15:19:23,Signal Acquired,15.445229,73.86305,-0.02,0.98,8.9,-0.08,0.12,0.0,NO
18.431372549019606 percent,16.07843137254902 percent,16.07843137254902 percent,33 degree_Celsius,99 kilopascal,bytearray(b'5E018DD3844BEA'),628.0 degree_Celsius,,,,,,0.0 kilometer,0.0 kilometer,,,,,,,,,,,,,,,,,,,,,,,,,,,,,,,,,,,,,,,ELM327 v1.5,13.8 volt,13.333333333333334 percent,0.0 percent,87.84313725490196 percent,"('Open loop due to engine load OR fuel cut due to deceleration', '')",Gasoline,[],[],32 kilopascal,49 degree_Celsius,1.5625 percent,0.0 percent,11000000000000000000000000000001,10000000000000000000100000001001,11000000000000000000000000000001,1.0,1.0,01111000000000000000000000000000,Unknown : 0.0 percent [PASSED],"Average misfire counts for last ten driving cycles : 0.0 count [PASSED]
Misfire counts for last/current driving cycles : 0.0 count [PASSED]","Average misfire counts for last ten driving cycles : 0.0 count [PASSED]
Misfire counts for last/current driving cycles : 0.0 count [PASSED]","Average misfire counts for last ten driving cycles : 0.0 count [PASSED]
Misfire counts for last/current driving cycles : 0.0 count [PASSED]","Average misfire counts for last ten driving cycles : 0.0 count [PASSED]
Misfire counts for last/current driving cycles : 0.0 count [PASSED]","Unknown : 0.0 count [PASSED]
Unknown : 0.0 count [PASSED]
Unknown : 0.0 ratio [PASSED]
Unknown : 0.0 millisecond [PASSED]","Rich to lean sensor switch time : 0.0 millisecond [PASSED]
Unknown : 0.0 millivolt [PASSED]
Unknown : 0.0 millivolt [PASSED]",Unknown : -40.0 degree_Celsius [PASSED],Unknown : 0.0 ohm [PASSED],Unknown : 0.0 count [PASSED],"Unknown : 0.0 degree [PASSED]
Unknown : 0.0 degree [PASSED]
Unknown : 0.0 degree [PASSED]
Unknown : 0.0 degree [PASSED]",0.08 volt,-0.2890625 milliampere,"((), (False, False, False, False), (False, False, True, True))",India OBD II (IOBD II),0101010001000000000000000000000000000000,10111110001111101010100000010011,10000000000001111011000000010001,11111110110100001000010000000001,3.5294117647058822 percent,1213.0 revolutions_per_minute,2083.0 second,-8.59375 percent,55.0 kilometer_per_hour,<obd.OBDResponse.Status object at 0x76f77982d360>,<obd.OBDResponse.Status object at 0x76f77982d420>,1.9607843137254901 percent,12.156862745098039 percent,12.156862745098039 percent,17.0 degree,bytearray(b'MEXKRDPA7NG020286'),0.0 count,2025-04-28 15:19:30,2025-04-28 15:19:36,2025-04-28 15:19:30,Signal Acquired,15.44513,73.863227,8.52,-0.5,9.22,-0.04,-0.02,0.05,NO
,,,,,,,,,,,,,,,,,,,,,,,,,,,,,,,,,,,,,,,,,,,,,,,,,,,,,,,,,,,,,,,,,,,,,,,,,,,,,,,,,,,,,,,,,,,,,,,,,,,,,,,,,2025-04-28 15:19:30,Signal Acquired,15.44513,73.863227,-5.9,0.94,11.29,-0.16,0.26,0.01,NO
,,,,,,,,,,,,,,,,,,,,,,,,,,,,,,,,,,,,,,,,,,,,,,,,,,,,,,,,,,,,,,,,,,,,,,,,,,,,,,,,,,,,,,,,,,,,,,,,,,,,,,,,,2025-04-28 15:19:30,Signal Acquired,15.445023,73.863415,5.9,1.41,9.72,0.15,-0.02,0.06,NO
17.647058823529413 percent,18.431372549019606 percent,18.431372549019606 percent,33 degree_Celsius,99 kilopascal,bytearray(b'5E018DD3844BEA'),614.6 degree_Celsius,,,,,,0.0 kilometer,0.0 kilometer,,,,,,,,,,,,,,,,,,,,,,,,,,,,,,,,,,,,,,,ELM327 v1.5,12.6 volt,17.647058823529413 percent,7.8431372549019605 percent,87.84313725490196 percent,"('Closed loop, using oxygen sensor feedback to determine fuel mix', '')",Gasoline,[],[],29 kilopascal,50 degree_Celsius,1.5625 percent,0.0 percent,11000000000000000000000000000001,10000000000000000000100000001001,11000000000000000000000000000001,1.0,1.0,01111000000000000000000000000000,Unknown : 0.0 percent [PASSED],"Average misfire counts for last ten driving cycles : 0.0 count [PASSED]
Misfire counts for last/current driving cycles : 0.0 count [PASSED]","Average misfire counts for last ten driving cycles : 0.0 count [PASSED]
Misfire counts for last/current driving cycles : 0.0 count [PASSED]","Average misfire counts for last ten driving cycles : 0.0 count [PASSED]
Misfire counts for last/current driving cycles : 0.0 count [PASSED]","Average misfire counts for last ten driving cycles : 0.0 count [PASSED]
Misfire counts for last/current driving cycles : 0.0 count [PASSED]","Unknown : 0.0 count [PASSED]
Unknown : 0.0 count [PASSED]
Unknown : 0.0 ratio [PASSED]
Unknown : 0.0 millisecond [PASSED]","Rich to lean sensor switch time : 0.0 millisecond [PASSED]
Unknown : 0.0 millivolt [PASSED]
Unknown : 0.0 millivolt [PASSED]",Unknown : -40.0 degree_Celsius [PASSED],Unknown : 0.0 ohm [PASSED],Unknown : 0.0 count [PASSED],"Unknown : 0.0 degree [PASSED]
Unknown : 0.0 degree [PASSED]
Unknown : 0.0 degree [PASSED]
Unknown : 0.0 degree [PASSED]",0.79 volt,-0.21484375 milliampere,"((), (False, False, False, False), (False, False, True, True))",India OBD II (IOBD II),0101010001000000000000000000000000000000,10111110001111101010100000010011,10000000000001111011000000010001,11111110110100001000010000000001,5.490196078431373 percent,1051.5 revolutions_per_minute,2090.0 second,0.0 percent,48.0 kilometer_per_hour,<obd.OBDResponse.Status object at 0x76f779837070>,<obd.OBDResponse.Status object at 0x76f779837130>,7.450980392156863 percent,16.07843137254902 percent,16.470588235294116 percent,9.0 degree,bytearray(b'MEXKRDPA7NG020286'),0.0 count,2025-04-28 15:19:38,2025-04-28 15:19:44,2025-04-28 15:19:38,Signal Acquired,15.445023,73.863415,6.08,-0.28,6.43,-0.02,-0.0,0.07,NO
,,,,,,,,,,,,,,,,,,,,,,,,,,,,,,,,,,,,,,,,,,,,,,,,,,,,,,,,,,,,,,,,,,,,,,,,,,,,,,,,,,,,,,,,,,,,,,,,,,,,,,,,,2025-04-28 15:19:38,Signal Acquired,15.444915,73.863607,5.09,0.22,6.55,-0.05,-0.01,0.06,NO
,,,,,,,,,,,,,,,,,,,,,,,,,,,,,,,,,,,,,,,,,,,,,,,,,,,,,,,,,,,,,,,,,,,,,,,,,,,,,,,,,,,,,,,,,,,,,,,,,,,,,,,,,2025-04-28 15:19:38,Signal Acquired,15.444915,73.863607,-3.62,1.1,10.15,-0.26,0.29,-0.01,NO
70.19607843137254 percent,36.470588235294116 percent,36.86274509803921 percent,33 degree_Celsius,99 kilopascal,bytearray(b'5E018DD3844BEA'),599.0 degree_Celsius,,,,,,0.0 kilometer,0.0 kilometer,,,,,,,,,,,,,,,,,,,,,,,,,,,,,,,,,,,,,,,ELM327 v1.5,12.5 volt,80.0 percent,74.50980392156863 percent,87.84313725490196 percent,"('Closed loop, using oxygen sensor feedback to determine fuel mix', '')",Gasoline,[],[],105 kilopascal,50 degree_Celsius,1.5625 percent,0.0 percent,11000000000000000000000000000001,10000000000000000000100000001001,11000000000000000000000000000001,1.0,1.0,01111000000000000000000000000000,Unknown : 0.0 percent [PASSED],"Average misfire counts for last ten driving cycles : 0.0 count [PASSED]
Misfire counts for last/current driving cycles : 0.0 count [PASSED]","Average misfire counts for last ten driving cycles : 0.0 count [PASSED]
Misfire counts for last/current driving cycles : 0.0 count [PASSED]","Average misfire counts for last ten driving cycles : 0.0 count [PASSED]
Misfire counts for last/current driving cycles : 0.0 count [PASSED]","Average misfire counts for last ten driving cycles : 0.0 count [PASSED]
Misfire counts for last/current driving cycles : 0.0 count [PASSED]","Unknown : 0.0 count [PASSED]
Unknown : 0.0 count [PASSED]
Unknown : 0.0 ratio [PASSED]
Unknown : 0.0 millisecond [PASSED]","Rich to lean sensor switch time : 0.0 millisecond [PASSED]
Unknown : 0.0 millivolt [PASSED]
Unknown : 0.0 millivolt [PASSED]",Unknown : -40.0 degree_Celsius [PASSED],Unknown : 0.0 ohm [PASSED],Unknown : 0.0 count [PASSED],"Unknown : 0.0 degree [PASSED]
Unknown : 0.0 degree [PASSED]
Unknown : 0.0 degree [PASSED]
Unknown : 0.0 degree [PASSED]",0.695 volt,-0.02734375 milliampere,"((), (False, False, False, False), (False, False, True, True))",India OBD II (IOBD II),0101010001000000000000000000000000000000,10111110001111101010100000010011,10000000000001111011000000010001,11111110110100001000010000000001,70.58823529411765 percent,1049.5 revolutions_per_minute,2098.0 second,0.0 percent,48.0 kilometer_per_hour,<obd.OBDResponse.Status object at 0x76f7798556c0>,<obd.OBDResponse.Status object at 0x76f779855780>,92.15686274509804 percent,81.96078431372548 percent,82.74509803921569 percent,0.0 degree,bytearray(b'MEXKRDPA7NG020286'),0.0 count,2025-04-28 15:19:45,2025-04-28 15:19:51,2025-04-28 15:19:45,Signal Acquired,15.444806,73.86381,-1.49,0.78,10.63,0.02,0.06,0.04,NO
,,,,,,,,,,,,,,,,,,,,,,,,,,,,,,,,,,,,,,,,,,,,,,,,,,,,,,,,,,,,,,,,,,,,,,,,,,,,,,,,,,,,,,,,,,,,,,,,,,,,,,,,,2025-04-28 15:19:45,Signal Acquired,15.444806,73.86381,-1.13,1.2,9.47,0.08,-0.01,0.03,NO
,,,,,,,,,,,,,,,,,,,,,,,,,,,,,,,,,,,,,,,,,,,,,,,,,,,,,,,,,,,,,,,,,,,,,,,,,,,,,,,,,,,,,,,,,,,,,,,,,,,,,,,,,2025-04-28 15:19:45,Signal Acquired,15.4447,73.86402,3.13,-0.49,8.25,-0.07,0.08,0.06,NO
92.94117647058823 percent,43.13725490196079 percent,43.529411764705884 percent,33 degree_Celsius,99 kilopascal,bytearray(b'5E018DD3844BEA'),594.9000000000001 degree_Celsius,,,,,,0.0 kilometer,0.0 kilometer,,,,,,,,,,,,,,,,,,,,,,,,,,,,,,,,,,,,,,,ELM327 v1.5,12.5 volt,83.92156862745098 percent,78.03921568627452 percent,87.84313725490196 percent,"('Closed loop, using oxygen sensor feedback to determine fuel mix', '')",Gasoline,[],[],113 kilopascal,49 degree_Celsius,1.5625 percent,0.0 percent,11000000000000000000000000000001,10000000000000000000100000001001,11000000000000000000000000000001,1.0,1.0,01111000000000000000000000000000,Unknown : 0.0 percent [PASSED],"Average misfire counts for last ten driving cycles : 0.0 count [PASSED]
Misfire counts for last/current driving cycles : 0.0 count [PASSED]","Average misfire counts for last ten driving cycles : 0.0 count [PASSED]
Misfire counts for last/current driving cycles : 0.0 count [PASSED]","Average misfire counts for last ten driving cycles : 0.0 count [PASSED]
Misfire counts for last/current driving cycles : 0.0 count [PASSED]","Average misfire counts for last ten driving cycles : 0.0 count [PASSED]
Misfire counts for last/current driving cycles : 0.0 count [PASSED]","Unknown : 0.0 count [PASSED]
Unknown : 0.0 count [PASSED]
Unknown : 0.0 ratio [PASSED]
Unknown : 0.0 millisecond [PASSED]","Rich to lean sensor switch time : 0.0 millisecond [PASSED]
Unknown : 0.0 millivolt [PASSED]
Unknown : 0.0 millivolt [PASSED]",Unknown : -40.0 degree_Celsius [PASSED],Unknown : 0.0 ohm [PASSED],Unknown : 0.0 count [PASSED],"Unknown : 0.0 degree [PASSED]
Unknown : 0.0 degree [PASSED]
Unknown : 0.0 degree [PASSED]
Unknown : 0.0 degree [PASSED]",0.705 volt,-0.01171875 milliampere,"((), (False, False, False, False), (False, False, True, True))",India OBD II (IOBD II),0101010001000000000000000000000000000000,10111110001111101010100000010011,10000000000001111011000000010001,11111110110100001000010000000001,74.90196078431373 percent,1141.5 revolutions_per_minute,2106.0 second,-2.34375 percent,53.0 kilometer_per_hour,<obd.OBDResponse.Status object at 0x76f77986b850>,<obd.OBDResponse.Status object at 0x76f77986b910>,95.29411764705883 percent,84.31372549019608 percent,85.09803921568627 percent,-2.5 degree,bytearray(b'MEXKRDPA7NG020286'),0.0 count,2025-04-28 15:19:53,2025-04-28 15:19:59,2025-04-28 15:19:53,Signal Acquired,15.4447,73.86402,0.29,-0.25,9.13,-0.03,0.17,0.06,NO
,,,,,,,,,,,,,,,,,,,,,,,,,,,,,,,,,,,,,,,,,,,,,,,,,,,,,,,,,,,,,,,,,,,,,,,,,,,,,,,,,,,,,,,,,,,,,,,,,,,,,,,,,2025-04-28 15:19:53,Signal Acquired,15.444601,73.864236,1.73,0.97,8.79,-0.06,0.09,0.07,NO
,,,,,,,,,,,,,,,,,,,,,,,,,,,,,,,,,,,,,,,,,,,,,,,,,,,,,,,,,,,,,,,,,,,,,,,,,,,,,,,,,,,,,,,,,,,,,,,,,,,,,,,,,2025-04-28 15:19:53,Signal Acquired,15.444601,73.864236,1.11,0.33,9.2,-0.01,-0.09,0.05,NO
96.47058823529412 percent,44.705882352941174 percent,44.705882352941174 percent,33 degree_Celsius,99 kilopascal,bytearray(b'5E018DD3844BEA'),609.8000000000001 degree_Celsius,,,,,,0.0 kilometer,0.0 kilometer,,,,,,,,,,,,,,,,,,,,,,,,,,,,,,,,,,,,,,,ELM327 v1.5,12.6 volt,79.6078431372549 percent,80.7843137254902 percent,87.84313725490196 percent,"('Closed loop, using oxygen sensor feedback to determine fuel mix', '')",Gasoline,[],[],122 kilopascal,49 degree_Celsius,1.5625 percent,0.0 percent,11000000000000000000000000000001,10000000000000000000100000001001,11000000000000000000000000000001,1.0,1.0,01111000000000000000000000000000,Unknown : 0.0 percent [PASSED],"Average misfire counts for last ten driving cycles : 0.0 count [PASSED]
Misfire counts for last/current driving cycles : 0.0 count [PASSED]","Average misfire counts for last ten driving cycles : 0.0 count [PASSED]
Misfire counts for last/current driving cycles : 0.0 count [PASSED]","Average misfire counts for last ten driving cycles : 0.0 count [PASSED]
Misfire counts for last/current driving cycles : 0.0 count [PASSED]","Average misfire counts for last ten driving cycles : 0.0 count [PASSED]
Misfire counts for last/current driving cycles : 0.0 count [PASSED]","Unknown : 0.0 count [PASSED]
Unknown : 0.0 count [PASSED]
Unknown : 0.0 ratio [PASSED]
Unknown : 0.0 millisecond [PASSED]","Rich to lean sensor switch time : 0.0 millisecond [PASSED]
Unknown : 0.0 millivolt [PASSED]
Unknown : 0.0 millivolt [PASSED]",Unknown : -40.0 degree_Celsius [PASSED],Unknown : 0.0 ohm [PASSED],Unknown : 0.0 count [PASSED],"Unknown : 0.0 degree [PASSED]
Unknown : 0.0 degree [PASSED]
Unknown : 0.0 degree [PASSED]
Unknown : 0.0 degree [PASSED]",0.725 volt,-0.0234375 milliampere,"((), (False, False, False, False), (False, False, True, True))",India OBD II (IOBD II),0101010001000000000000000000000000000000,10111110001111101010100000010011,10000000000001111011000000010001,11111110110100001000010000000001,36.86274509803921 percent,1232.0 revolutions_per_minute,2114.0 second,2.34375 percent,57.0 kilometer_per_hour,<obd.OBDResponse.Status object at 0x76f779871a50>,<obd.OBDResponse.Status object at 0x76f779871b10>,14.901960784313726 percent,21.96078431372549 percent,21.568627450980394 percent,8.0 degree,bytearray(b'MEXKRDPA7NG020286'),0.0 count,2025-04-28 15:20:01,2025-04-28 15:20:07,2025-04-28 15:20:01,Signal Acquired,15.444511,73.864461,-4.79,2.8,9.17,0.08,0.07,0.16,NO
,,,,,,,,,,,,,,,,,,,,,,,,,,,,,,,,,,,,,,,,,,,,,,,,,,,,,,,,,,,,,,,,,,,,,,,,,,,,,,,,,,,,,,,,,,,,,,,,,,,,,,,,,2025-04-28 15:20:01,Signal Acquired,15.444511,73.864461,-0.67,0.76,10.0,-0.02,0.02,0.02,NO
,,,,,,,,,,,,,,,,,,,,,,,,,,,,,,,,,,,,,,,,,,,,,,,,,,,,,,,,,,,,,,,,,,,,,,,,,,,,,,,,,,,,,,,,,,,,,,,,,,,,,,,,,2025-04-28 15:20:01,Signal Acquired,15.444427,73.864691,1.3,0.25,8.18,0.03,0.11,0.04,NO
32.94117647058823 percent,24.705882352941178 percent,24.705882352941178 percent,33 degree_Celsius,99 kilopascal,bytearray(b'5E018DD3844BEA'),616.4000000000001 degree_Celsius,,,,,,0.0 kilometer,0.0 kilometer,,,,,,,,,,,,,,,,,,,,,,,,,,,,,,,,,,,,,,,ELM327 v1.5,12.4 volt,12.549019607843137 percent,18.431372549019606 percent,87.84313725490196 percent,"('Closed loop, using oxygen sensor feedback to determine fuel mix', '')",Gasoline,[],[],25 kilopascal,50 degree_Celsius,0.78125 percent,0.0 percent,11000000000000000000000000000001,10000000000000000000100000001001,11000000000000000000000000000001,1.0,1.0,01111000000000000000000000000000,Unknown : 0.0 percent [PASSED],"Average misfire counts for last ten driving cycles : 0.0 count [PASSED]
Misfire counts for last/current driving cycles : 0.0 count [PASSED]","Average misfire counts for last ten driving cycles : 0.0 count [PASSED]
Misfire counts for last/current driving cycles : 0.0 count [PASSED]","Average misfire counts for last ten driving cycles : 0.0 count [PASSED]
Misfire counts for last/current driving cycles : 0.0 count [PASSED]","Average misfire counts for last ten driving cycles : 0.0 count [PASSED]
Misfire counts for last/current driving cycles : 0.0 count [PASSED]","Unknown : 0.0 count [PASSED]
Unknown : 0.0 count [PASSED]
Unknown : 0.0 ratio [PASSED]
Unknown : 0.0 millisecond [PASSED]","Rich to lean sensor switch time : 0.0 millisecond [PASSED]
Unknown : 0.0 millivolt [PASSED]
Unknown : 0.0 millivolt [PASSED]",Unknown : -40.0 degree_Celsius [PASSED],Unknown : 0.0 ohm [PASSED],Unknown : 0.0 count [PASSED],"Unknown : 0.0 degree [PASSED]
Unknown : 0.0 degree [PASSED]
Unknown : 0.0 degree [PASSED]
Unknown : 0.0 degree [PASSED]",0.74 volt,0.01953125 milliampere,"((), (False, False, False, False), (False, False, True, True))",India OBD II (IOBD II),0101010001000000000000000000000000000000,10111110001111101010100000010011,10000000000001111011000000010001,11111110110100001000010000000001,1.9607843137254901 percent,895.0 revolutions_per_minute,2122.0 second,0.0 percent,51.0 kilometer_per_hour,<obd.OBDResponse.Status object at 0x76f7798980d0>,<obd.OBDResponse.Status object at 0x76f779898190>,3.5294117647058822 percent,13.333333333333334 percent,12.941176470588236 percent,-3.0 degree,bytearray(b'MEXKRDPA7NG020286'),0.0 count,2025-04-28 15:20:09,2025-04-28 15:20:15,2025-04-28 15:20:09,Signal Acquired,15.444427,73.864691,-3.06,-0.48,9.38,-0.05,0.16,0.02,NO
,,,,,,,,,,,,,,,,,,,,,,,,,,,,,,,,,,,,,,,,,,,,,,,,,,,,,,,,,,,,,,,,,,,,,,,,,,,,,,,,,,,,,,,,,,,,,,,,,,,,,,,,,2025-04-28 15:20:09,Signal Acquired,15.444347,73.864925,-2.65,0.41,9.62,-0.1,0.06,-0.01,NO
,,,,,,,,,,,,,,,,,,,,,,,,,,,,,,,,,,,,,,,,,,,,,,,,,,,,,,,,,,,,,,,,,,,,,,,,,,,,,,,,,,,,,,,,,,,,,,,,,,,,,,,,,2025-04-28 15:20:09,Signal Acquired,15.444347,73.864925,0.1,0.68,9.34,0.0,-0.03,0.0,NO
28.235294117647058 percent,15.294117647058824 percent,15.294117647058824 percent,33 degree_Celsius,99 kilopascal,bytearray(b'5E018DD3844BEA'),607.7 degree_Celsius,,,,,,0.0 kilometer,0.0 kilometer,,,,,,,,,,,,,,,,,,,,,,,,,,,,,,,,,,,,,,,ELM327 v1.5,12.5 volt,29.41176470588235 percent,7.8431372549019605 percent,87.84313725490196 percent,"('Closed loop, using oxygen sensor feedback to determine fuel mix', '')",Gasoline,[],[],38 kilopascal,51 degree_Celsius,1.5625 percent,0.0 percent,11000000000000000000000000000001,10000000000000000000100000001001,11000000000000000000000000000001,1.0,1.0,01111000000000000000000000000000,Unknown : 0.0 percent [PASSED],"Average misfire counts for last ten driving cycles : 0.0 count [PASSED]
Misfire counts for last/current driving cycles : 0.0 count [PASSED]","Average misfire counts for last ten driving cycles : 0.0 count [PASSED]
Misfire counts for last/current driving cycles : 0.0 count [PASSED]","Average misfire counts for last ten driving cycles : 0.0 count [PASSED]
Misfire counts for last/current driving cycles : 0.0 count [PASSED]","Average misfire counts for last ten driving cycles : 0.0 count [PASSED]
Misfire counts for last/current driving cycles : 0.0 count [PASSED]","Unknown : 0.0 count [PASSED]
Unknown : 0.0 count [PASSED]
Unknown : 0.0 ratio [PASSED]
Unknown : 0.0 millisecond [PASSED]","Rich to lean sensor switch time : 0.0 millisecond [PASSED]
Unknown : 0.0 millivolt [PASSED]
Unknown : 0.0 millivolt [PASSED]",Unknown : -40.0 degree_Celsius [PASSED],Unknown : 0.0 ohm [PASSED],Unknown : 0.0 count [PASSED],"Unknown : 0.0 degree [PASSED]
Unknown : 0.0 degree [PASSED]
Unknown : 0.0 degree [PASSED]
Unknown : 0.0 degree [PASSED]",0.715 volt,-0.0078125 milliampere,"((), (False, False, False, False), (False, False, True, True))",India OBD II (IOBD II),0101010001000000000000000000000000000000,10111110001111101010100000010011,10000000000001111011000000010001,11111110110100001000010000000001,2.7450980392156863 percent,928.5 revolutions_per_minute,2130.0 second,0.0 percent,28.0 kilometer_per_hour,<obd.OBDResponse.Status object at 0x76f77989dba0>,<obd.OBDResponse.Status object at 0x76f77989dc60>,3.5294117647058822 percent,12.941176470588236 percent,12.941176470588236 percent,4.5 degree,bytearray(b'MEXKRDPA7NG020286'),0.0 count,2025-04-28 15:20:17,2025-04-28 15:20:23,2025-04-28 15:20:17,Signal Acquired,15.444269,73.865162,-1.92,-0.13,9.86,-0.04,0.03,-0.02,NO
,,,,,,,,,,,,,,,,,,,,,,,,,,,,,,,,,,,,,,,,,,,,,,,,,,,,,,,,,,,,,,,,,,,,,,,,,,,,,,,,,,,,,,,,,,,,,,,,,,,,,,,,,2025-04-28 15:20:17,Signal Acquired,15.444269,73.865162,0.46,-1.8,9.07,0.07,-0.13,-0.01,NO
,,,,,,,,,,,,,,,,,,,,,,,,,,,,,,,,,,,,,,,,,,,,,,,,,,,,,,,,,,,,,,,,,,,,,,,,,,,,,,,,,,,,,,,,,,,,,,,,,,,,,,,,,2025-04-28 15:20:17,Signal Acquired,15.44419,73.865404,-1.7,-0.73,8.75,-0.1,-0.06,-0.02,NO
,2025-04-28 15:20:25,Signal Acquired,15.44419,73.865404,3.72,-0.54,8.49,-0.01,0.0,0.02,NO
,2025-04-28 15:20:25,Signal Acquired,15.44411,73.865649,0.66,-0.63,9.58,-0.01,0.15,0.04,NO
,2025-04-28 15:20:25,Signal Acquired,15.44411,73.865649,0.48,-0.57,8.65,0.02,0.11,0.01,NO
,,,,,,,,,,,,,,,,,,,,,,,,,,,,,,,,,,,,,,,,,,,,,,,,,,,,,,,,,,,,,,,,,,,,,,,,,,,,,,,,,,,,,,,,,,,,,,,,,,,,,,,,,2025-04-28 15:20:29,Signal Acquired,15.444031,73.865896,-1.91,-1.06,10.74,-0.18,0.14,0.0,NO
,,,,,,,,,,,,,,,,,,,,,,,,,,,,,,,,,,,,,,,,,,,,,,,,,,,,,,,,,,,,,,,,,,,,,,,,,,,,,,,,,,,,,,,,,,,,,,,,,,,,,,,,,2025-04-28 15:20:29,Signal Acquired,15.444031,73.865896,0.5,-0.62,9.18,-0.12,0.15,0.01,NO
,,,,,,,,,,,,,,,,,,,,,,,,,,,,,,,,,,,,,,,,,,,,,,,,,,,,,,,,,,,,,,,,,,,,,,,,,,,,,,,,,,,,,,,,,,,,,,,,,,,,,,,,,2025-04-28 15:20:29,Signal Acquired,15.443954,73.866147,1.04,-0.57,9.08,-0.07,0.13,0.02,NO
,,,,,,,,,,,,,,,,,,,,,,,,,,,,,,,,,,,,,,,,,,,,,,,,,,,,,,,,,,,,,,,,,,,,,,,,,,,,,,,,,,,,,,,,,,,,,,,,,,,,,,,,,2025-04-28 15:20:32,Signal Acquired,15.443954,73.866147,5.39,0.35,6.53,-0.11,0.01,0.02,NO
,,,,,,,,,,,,,,,,,,,,,,,,,,,,,,,,,,,,,,,,,,,,,,,,,,,,,,,,,,,,,,,,,,,,,,,,,,,,,,,,,,,,,,,,,,,,,,,,,,,,,,,,,2025-04-28 15:20:32,Signal Acquired,15.443878,73.866401,-0.43,-0.58,9.89,-0.06,0.04,0.01,NO
,,,,,,,,,,,,,,,,,,,,,,,,,,,,,,,,,,,,,,,,,,,,,,,,,,,,,,,,,,,,,,,,,,,,,,,,,,,,,,,,,,,,,,,,,,,,,,,,,,,,,,,,,2025-04-28 15:20:32,Signal Acquired,15.443878,73.866401,2.34,-0.92,8.58,-0.05,0.06,0.04,NO
,,,,,,,,,,,,,,,,,,,,,,,,,,,,,,,,,,,,,,,,,,,,,,,,,,,,,,,,,,,,,,,,,,,,,,,,,,,,,,,,,,,,,,,,,,,,,,,,,,,,,,,,,2025-04-28 15:20:34,Signal Acquired,15.443802,73.866657,1.36,0.28,9.57,0.29,0.07,0.06,NO
,,,,,,,,,,,,,,,,,,,,,,,,,,,,,,,,,,,,,,,,,,,,,,,,,,,,,,,,,,,,,,,,,,,,,,,,,,,,,,,,,,,,,,,,,,,,,,,,,,,,,,,,,2025-04-28 15:20:34,Signal Acquired,15.443802,73.866657,1.4,-0.38,10.46,0.09,0.01,0.02,NO
,,,,,,,,,,,,,,,,,,,,,,,,,,,,,,,,,,,,,,,,,,,,,,,,,,,,,,,,,,,,,,,,,,,,,,,,,,,,,,,,,,,,,,,,,,,,,,,,,,,,,,,,,2025-04-28 15:20:34,Signal Acquired,15.443725,73.866914,2.51,0.49,8.71,0.08,-0.05,0.02,NO
,,,,,,,,,,,,,,,,,,,,,,,,,,,,,,,,,,,,,,,,,,,,,,,,,,,,,,,,,,,,,,,,,,,,,,,,,,,,,,,,,,,,,,,,,,,,,,,,,,,,,,,,,2025-04-28 15:20:36,Signal Acquired,15.443725,73.866914,-0.68,-0.22,9.74,-0.04,-0.06,-0.02,NO
,,,,,,,,,,,,,,,,,,,,,,,,,,,,,,,,,,,,,,,,,,,,,,,,,,,,,,,,,,,,,,,,,,,,,,,,,,,,,,,,,,,,,,,,,,,,,,,,,,,,,,,,,2025-04-28 15:20:36,Signal Acquired,15.44365,73.867171,-3.26,-0.27,9.96,-0.08,-0.01,-0.02,NO
,,,,,,,,,,,,,,,,,,,,,,,,,,,,,,,,,,,,,,,,,,,,,,,,,,,,,,,,,,,,,,,,,,,,,,,,,,,,,,,,,,,,,,,,,,,,,,,,,,,,,,,,,2025-04-28 15:20:36,Signal Acquired,15.44365,73.867171,0.39,-0.19,9.46,0.04,0.16,-0.0,NO
,,,,,,,,,,,,,,,,,,,,,,,,,,,,,,,,,,,,,,,,,,,,,,,,,,,,,,,,,,,,,,,,,,,,,,,,,,,,,,,,,,,,,,,,,,,,,,,,,,,,,,,,,2025-04-28 15:20:39,Signal Acquired,15.443573,73.867428,2.6,0.12,10.82,-0.03,0.02,0.01,NO
,,,,,,,,,,,,,,,,,,,,,,,,,,,,,,,,,,,,,,,,,,,,,,,,,,,,,,,,,,,,,,,,,,,,,,,,,,,,,,,,,,,,,,,,,,,,,,,,,,,,,,,,,2025-04-28 15:20:39,Signal Acquired,15.443573,73.867428,1.08,-1.3,9.6,0.03,-0.05,0.01,NO
,,,,,,,,,,,,,,,,,,,,,,,,,,,,,,,,,,,,,,,,,,,,,,,,,,,,,,,,,,,,,,,,,,,,,,,,,,,,,,,,,,,,,,,,,,,,,,,,,,,,,,,,,2025-04-28 15:20:39,Signal Acquired,15.443495,73.867683,3.21,0.4,8.97,0.04,0.04,0.02,NO
,,,,,,,,,,,,,,,,,,,,,,,,,,,,,,,,,,,,,,,,,,,,,,,,,,,,,,,,,,,,,,,,,,,,,,,,,,,,,,,,,,,,,,,,,,,,,,,,,,,,,,,,,2025-04-28 15:20:41,Signal Acquired,15.443495,73.867683,-0.43,-1.18,9.22,-0.02,0.12,0.01,NO
,,,,,,,,,,,,,,,,,,,,,,,,,,,,,,,,,,,,,,,,,,,,,,,,,,,,,,,,,,,,,,,,,,,,,,,,,,,,,,,,,,,,,,,,,,,,,,,,,,,,,,,,,2025-04-28 15:20:41,Signal Acquired,15.443416,73.867941,-2.36,-0.5,9.71,-0.08,0.09,0.02,NO
,,,,,,,,,,,,,,,,,,,,,,,,,,,,,,,,,,,,,,,,,,,,,,,,,,,,,,,,,,,,,,,,,,,,,,,,,,,,,,,,,,,,,,,,,,,,,,,,,,,,,,,,,2025-04-28 15:20:41,Signal Acquired,15.443416,73.867941,-1.05,-0.49,9.77,-0.04,-0.07,0.01,NO
,,,,,,,,,,,,,,,,,,,,,,,,,,,,,,,,,,,,,,,,,,,,,,,,,,,,,,,,,,,,,,,,,,,,,,,,,,,,,,,,,,,,,,,,,,,,,,,,,,,,,,,,,2025-04-28 15:20:44,Signal Acquired,15.443339,73.8682,-2.91,0.15,10.75,-0.04,0.13,0.0,NO
,,,,,,,,,,,,,,,,,,,,,,,,,,,,,,,,,,,,,,,,,,,,,,,,,,,,,,,,,,,,,,,,,,,,,,,,,,,,,,,,,,,,,,,,,,,,,,,,,,,,,,,,,2025-04-28 15:20:44,Signal Acquired,15.443339,73.8682,2.98,-0.67,8.61,0.01,0.05,0.02,NO
,,,,,,,,,,,,,,,,,,,,,,,,,,,,,,,,,,,,,,,,,,,,,,,,,,,,,,,,,,,,,,,,,,,,,,,,,,,,,,,,,,,,,,,,,,,,,,,,,,,,,,,,,2025-04-28 15:20:44,Signal Acquired,15.443261,73.868455,0.79,2.19,10.81,0.17,-0.09,0.07,NO
,,,,,,,,,,,,,,,,,,,,,,,,,,,,,,,,,,,,,,,,,,,,,,,,,,,,,,,,,,,,,,,,,,,,,,,,,,,,,,,,,,,,,,,,,,,,,,,,,,,,,,,,,2025-04-28 15:20:46,Signal Acquired,15.443261,73.868455,4.19,-1.03,8.79,0.0,-0.08,0.03,NO
,,,,,,,,,,,,,,,,,,,,,,,,,,,,,,,,,,,,,,,,,,,,,,,,,,,,,,,,,,,,,,,,,,,,,,,,,,,,,,,,,,,,,,,,,,,,,,,,,,,,,,,,,2025-04-28 15:20:46,Signal Acquired,15.443184,73.868713,4.61,-0.47,8.4,0.08,0.1,0.03,NO
,,,,,,,,,,,,,,,,,,,,,,,,,,,,,,,,,,,,,,,,,,,,,,,,,,,,,,,,,,,,,,,,,,,,,,,,,,,,,,,,,,,,,,,,,,,,,,,,,,,,,,,,,2025-04-28 15:20:46,Signal Acquired,15.443184,73.868713,0.22,-0.64,10.74,-0.05,0.07,-0.0,NO
33.72549019607843 percent,21.176470588235293 percent,21.176470588235293 percent,34 degree_Celsius,99 kilopascal,bytearray(b'5E018DD3844BEA'),613.5 degree_Celsius,,,,,,,0.0 kilometer,,,,,,,,,,,,,,,,,,,,,,,,,,,,,,,,,,,,,,,ELM327 v1.5,12.5 volt,6.2745098039215685 percent,18.03921568627451 percent,87.84313725490196 percent,"('Closed loop, using oxygen sensor feedback to determine fuel mix', '')",Gasoline,[],[],30 kilopascal,53 degree_Celsius,-1.5625 percent,0.0 percent,11000000000000000000000000000001,10000000000000000000100000001001,11000000000000000000000000000001,1.0,1.0,01111000000000000000000000000000,Unknown : 0.0 percent [PASSED],"Average misfire counts for last ten driving cycles : 0.0 count [PASSED]
Misfire counts for last/current driving cycles : 0.0 count [PASSED]","Average misfire counts for last ten driving cycles : 0.0 count [PASSED]
Misfire counts for last/current driving cycles : 0.0 count [PASSED]","Average misfire counts for last ten driving cycles : 0.0 count [PASSED]
Misfire counts for last/current driving cycles : 0.0 count [PASSED]","Average misfire counts for last ten driving cycles : 0.0 count [PASSED]
Misfire counts for last/current driving cycles : 0.0 count [PASSED]","Unknown : 0.0 count [PASSED]
Unknown : 0.0 count [PASSED]
Unknown : 0.0 ratio [PASSED]
Unknown : 0.0 millisecond [PASSED]","Rich to lean sensor switch time : 0.0 millisecond [PASSED]
Unknown : 0.0 millivolt [PASSED]
Unknown : 0.0 millivolt [PASSED]",Unknown : -40.0 degree_Celsius [PASSED],Unknown : 0.0 ohm [PASSED],Unknown : 0.0 count [PASSED],"Unknown : 0.0 degree [PASSED]
Unknown : 0.0 degree [PASSED]
Unknown : 0.0 degree [PASSED]
Unknown : 0.0 degree [PASSED]",0.55 volt,0.88671875 milliampere,"((), (False, False, False, False), (False, False, True, True))",India OBD II (IOBD II),0101010001000000000000000000000000000000,10111110001111101010100000010011,10000000000001111011000000010001,11111110110100001000010000000001,1.5686274509803921 percent,1744.5 revolutions_per_minute,2196.0 second,0.0 percent,51.0 kilometer_per_hour,<obd.OBDResponse.Status object at 0x71b6c823a530>,<obd.OBDResponse.Status object at 0x71b6c823aa70>,1.9607843137254901 percent,11.764705882352942 percent,12.156862745098039 percent,-9.0 degree,bytearray(b'MEXKRDPA7NG020286'),0.0 count,2025-04-28 15:21:24,2025-04-28 15:21:29,2025-04-28 15:21:24,Signal Acquired,15.372647,73.9267,-0.8,0.31,9.99,0.05,0.07,-0.04,NO
,,,,,,,,,,,,,,,,,,,,,,,,,,,,,,,,,,,,,,,,,,,,,,,,,,,,,,,,,,,,,,,,,,,,,,,,,,,,,,,,,,,,,,,,,,,,,,,,,,,,,,,,,2025-04-28 15:21:24,Signal Acquired,15.372647,73.9267,-0.84,0.19,9.82,-0.02,0.07,-0.01,NO
,,,,,,,,,,,,,,,,,,,,,,,,,,,,,,,,,,,,,,,,,,,,,,,,,,,,,,,,,,,,,,,,,,,,,,,,,,,,,,,,,,,,,,,,,,,,,,,,,,,,,,,,,2025-04-28 15:21:25,Signal Acquired,15.372513,73.92671,-1.2,-0.66,10.01,-0.08,-0.03,-0.04,NO
18.431372549019606 percent,15.294117647058824 percent,15.294117647058824 percent,34 degree_Celsius,99 kilopascal,bytearray(b'5E018DD3844BEA'),604.6 degree_Celsius,,,,,,0.0 kilometer,0.0 kilometer,,,,,,,,,,,,,,,,,,,,,,,,,,,,,,,,,,,,,,,ELM327 v1.5,13.1 volt,23.137254901960784 percent,1.9607843137254901 percent,87.84313725490196 percent,"('Closed loop, using oxygen sensor feedback to determine fuel mix', '')",Gasoline,[],[],41 kilopascal,54 degree_Celsius,1.5625 percent,0.0 percent,11000000000000000000000000000001,10000000000000000000100000001001,11000000000000000000000000000001,1.0,1.0,01111000000000000000000000000000,Unknown : 0.0 percent [PASSED],"Average misfire counts for last ten driving cycles : 0.0 count [PASSED]
Misfire counts for last/current driving cycles : 0.0 count [PASSED]","Average misfire counts for last ten driving cycles : 0.0 count [PASSED]
Misfire counts for last/current driving cycles : 0.0 count [PASSED]","Average misfire counts for last ten driving cycles : 0.0 count [PASSED]
Misfire counts for last/current driving cycles : 0.0 count [PASSED]","Average misfire counts for last ten driving cycles : 0.0 count [PASSED]
Misfire counts for last/current driving cycles : 0.0 count [PASSED]","Unknown : 0.0 count [PASSED]
Unknown : 0.0 count [PASSED]
Unknown : 0.0 ratio [PASSED]
Unknown : 0.0 millisecond [PASSED]","Rich to lean sensor switch time : 0.0 millisecond [PASSED]
Unknown : 0.0 millivolt [PASSED]
Unknown : 0.0 millivolt [PASSED]",Unknown : -40.0 degree_Celsius [PASSED],Unknown : 0.0 ohm [PASSED],Unknown : 0.0 count [PASSED],"Unknown : 0.0 degree [PASSED]
Unknown : 0.0 degree [PASSED]
Unknown : 0.0 degree [PASSED]
Unknown : 0.0 degree [PASSED]",0.105 volt,-0.15234375 milliampere,"((), (False, False, False, False), (False, False, True, True))",India OBD II (IOBD II),0101010001000000000000000000000000000000,10111110001111101010100000010011,10000000000001111011000000010001,11111110110100001000010000000001,2.7450980392156863 percent,882.5 revolutions_per_minute,2202.0 second,0.0 percent,22.0 kilometer_per_hour,<obd.OBDResponse.Status object at 0x71b6c68d6c80>,<obd.OBDResponse.Status object at 0x71b6c68d6d40>,3.5294117647058822 percent,13.333333333333334 percent,12.941176470588236 percent,10.5 degree,bytearray(b'MEXKRDPA7NG020286'),0.0 count,2025-04-28 15:21:31,2025-04-28 15:21:36,2025-04-28 15:21:31,Signal Acquired,15.372513,73.92671,-3.54,0.34,10.0,-0.01,0.06,0.01,NO
,,,,,,,,,,,,,,,,,,,,,,,,,,,,,,,,,,,,,,,,,,,,,,,,,,,,,,,,,,,,,,,,,,,,,,,,,,,,,,,,,,,,,,,,,,,,,,,,,,,,,,,,,2025-04-28 15:21:31,Signal Acquired,15.37238,73.926717,0.26,-0.2,9.28,0.04,0.01,-0.01,NO
,,,,,,,,,,,,,,,,,,,,,,,,,,,,,,,,,,,,,,,,,,,,,,,,,,,,,,,,,,,,,,,,,,,,,,,,,,,,,,,,,,,,,,,,,,,,,,,,,,,,,,,,,2025-04-28 15:21:31,Signal Acquired,15.37238,73.926717,1.13,-0.29,9.56,0.01,0.03,-0.02,NO
25.49019607843137 percent,14.509803921568627 percent,14.901960784313726 percent,34 degree_Celsius,99 kilopascal,bytearray(b'5E018DD3844BEA'),593.7 degree_Celsius,,,,,,0.0 kilometer,0.0 kilometer,,,,,,,,,,,,,,,,,,,,,,,,,,,,,,,,,,,,,,,ELM327 v1.5,12.5 volt,29.019607843137255 percent,7.8431372549019605 percent,87.84313725490196 percent,"('Closed loop, using oxygen sensor feedback to determine fuel mix', '')",Gasoline,[],[],38 kilopascal,54 degree_Celsius,1.5625 percent,0.0 percent,11000000000000000000000000000001,10000000000000000000100000001001,11000000000000000000000000000001,1.0,1.0,01111000000000000000000000000000,Unknown : 0.0 percent [PASSED],"Average misfire counts for last ten driving cycles : 0.0 count [PASSED]
Misfire counts for last/current driving cycles : 0.0 count [PASSED]","Average misfire counts for last ten driving cycles : 0.0 count [PASSED]
Misfire counts for last/current driving cycles : 0.0 count [PASSED]","Average misfire counts for last ten driving cycles : 0.0 count [PASSED]
Misfire counts for last/current driving cycles : 0.0 count [PASSED]","Average misfire counts for last ten driving cycles : 0.0 count [PASSED]
Misfire counts for last/current driving cycles : 0.0 count [PASSED]","Unknown : 0.0 count [PASSED]
Unknown : 0.0 count [PASSED]
Unknown : 0.0 ratio [PASSED]
Unknown : 0.0 millisecond [PASSED]","Rich to lean sensor switch time : 0.0 millisecond [PASSED]
Unknown : 0.0 millivolt [PASSED]
Unknown : 0.0 millivolt [PASSED]",Unknown : -40.0 degree_Celsius [PASSED],Unknown : 0.0 ohm [PASSED],Unknown : 0.0 count [PASSED],"Unknown : 0.0 degree [PASSED]
Unknown : 0.0 degree [PASSED]
Unknown : 0.0 degree [PASSED]
Unknown : 0.0 degree [PASSED]",0.775 volt,-0.1953125 milliampere,"((), (False, False, False, False), (False, False, True, True))",India OBD II (IOBD II),0101010001000000000000000000000000000000,10111110001111101010100000010011,10000000000001111011000000010001,11111110110100001000010000000001,3.1372549019607843 percent,933.5 revolutions_per_minute,2209.0 second,1.5625 percent,0.0 kilometer_per_hour,<obd.OBDResponse.Status object at 0x71b6c8210190>,<obd.OBDResponse.Status object at 0x71b6c8210220>,3.9215686274509802 percent,13.333333333333334 percent,13.72549019607843 percent,-1.0 degree,bytearray(b'MEXKRDPA7NG020286'),0.0 count,2025-04-28 15:21:37,2025-04-28 15:21:42,2025-04-28 15:21:37,Signal Acquired,15.372246,73.926722,-1.6,-0.56,9.93,-0.02,-0.05,-0.03,NO
,,,,,,,,,,,,,,,,,,,,,,,,,,,,,,,,,,,,,,,,,,,,,,,,,,,,,,,,,,,,,,,,,,,,,,,,,,,,,,,,,,,,,,,,,,,,,,,,,,,,,,,,,2025-04-28 15:21:37,Signal Acquired,15.372246,73.926722,1.2,-0.34,9.31,-0.01,0.05,-0.02,NO
,,,,,,,,,,,,,,,,,,,,,,,,,,,,,,,,,,,,,,,,,,,,,,,,,,,,,,,,,,,,,,,,,,,,,,,,,,,,,,,,,,,,,,,,,,,,,,,,,,,,,,,,,2025-04-28 15:21:37,Signal Acquired,15.372113,73.926726,2.43,-0.43,8.54,0.02,0.09,0.02,NO
25.098039215686274 percent,14.509803921568627 percent,14.901960784313726 percent,34 degree_Celsius,99 kilopascal,bytearray(b'5E018DD3844BEA'),582.4000000000001 degree_Celsius,,,,,,,0.0 kilometer,,,,,,,,,,,,,,,,,,,,,,,,,,,,,,,,,,,,,,,ELM327 v1.5,12.5 volt,28.627450980392158 percent,7.8431372549019605 percent,87.84313725490196 percent,"('Closed loop, using oxygen sensor feedback to determine fuel mix', '')",Gasoline,[],[],38 kilopascal,54 degree_Celsius,1.5625 percent,0.0 percent,11000000000000000000000000000001,10000000000000000000100000001001,11000000000000000000000000000001,1.0,1.0,01111000000000000000000000000000,Unknown : 0.0 percent [PASSED],"Average misfire counts for last ten driving cycles : 0.0 count [PASSED]
Misfire counts for last/current driving cycles : 0.0 count [PASSED]","Average misfire counts for last ten driving cycles : 0.0 count [PASSED]
Misfire counts for last/current driving cycles : 0.0 count [PASSED]","Average misfire counts for last ten driving cycles : 0.0 count [PASSED]
Misfire counts for last/current driving cycles : 0.0 count [PASSED]","Average misfire counts for last ten driving cycles : 0.0 count [PASSED]
Misfire counts for last/current driving cycles : 0.0 count [PASSED]","Unknown : 0.0 count [PASSED]
Unknown : 0.0 count [PASSED]
Unknown : 0.0 ratio [PASSED]
Unknown : 0.0 millisecond [PASSED]","Rich to lean sensor switch time : 0.0 millisecond [PASSED]
Unknown : 0.0 millivolt [PASSED]
Unknown : 0.0 millivolt [PASSED]",Unknown : -40.0 degree_Celsius [PASSED],Unknown : 0.0 ohm [PASSED],Unknown : 0.0 count [PASSED],"Unknown : 0.0 degree [PASSED]
Unknown : 0.0 degree [PASSED]
Unknown : 0.0 degree [PASSED]
Unknown : 0.0 degree [PASSED]",0.745 volt,-0.0078125 milliampere,"((), (False, False, False, False), (False, False, True, True))",India OBD II (IOBD II),0101010001000000000000000000000000000000,10111110001111101010100000010011,10000000000001111011000000010001,11111110110100001000010000000001,2.7450980392156863 percent,933.0 revolutions_per_minute,2216.0 second,0.78125 percent,0.0 kilometer_per_hour,<obd.OBDResponse.Status object at 0x71b6c6907c10>,<obd.OBDResponse.Status object at 0x71b6c8210490>,3.5294117647058822 percent,12.941176470588236 percent,13.333333333333334 percent,3.0 degree,bytearray(b'MEXKRDPA7NG020286'),0.0 count,2025-04-28 15:21:44,2025-04-28 15:21:49,2025-04-28 15:21:44,Signal Acquired,15.372113,73.926726,0.31,-0.29,9.12,-0.07,0.08,-0.01,NO
,,,,,,,,,,,,,,,,,,,,,,,,,,,,,,,,,,,,,,,,,,,,,,,,,,,,,,,,,,,,,,,,,,,,,,,,,,,,,,,,,,,,,,,,,,,,,,,,,,,,,,,,,2025-04-28 15:21:44,Signal Acquired,15.371983,73.926728,1.95,-0.3,9.46,-0.02,-0.0,0.01,NO
,,,,,,,,,,,,,,,,,,,,,,,,,,,,,,,,,,,,,,,,,,,,,,,,,,,,,,,,,,,,,,,,,,,,,,,,,,,,,,,,,,,,,,,,,,,,,,,,,,,,,,,,,2025-04-28 15:21:44,Signal Acquired,15.371983,73.926728,1.37,-0.01,10.01,0.1,0.03,0.02,NO
25.098039215686274 percent,14.509803921568627 percent,14.901960784313726 percent,35 degree_Celsius,99 kilopascal,bytearray(b'5E018DD3844BEA'),574.1 degree_Celsius,,,,,,0.0 kilometer,0.0 kilometer,,,,,,,,,,,,,,,,,,,,,,,,,,,,,,,,,,,,,,,ELM327 v1.5,12.5 volt,28.627450980392158 percent,7.8431372549019605 percent,87.84313725490196 percent,"('Closed loop, using oxygen sensor feedback to determine fuel mix', '')",Gasoline,[],[],38 kilopascal,54 degree_Celsius,1.5625 percent,0.0 percent,11000000000000000000000000000001,10000000000000000000100000001001,11000000000000000000000000000001,1.0,1.0,01111000000000000000000000000000,Unknown : 0.0 percent [PASSED],"Average misfire counts for last ten driving cycles : 0.0 count [PASSED]
Misfire counts for last/current driving cycles : 0.0 count [PASSED]","Average misfire counts for last ten driving cycles : 0.0 count [PASSED]
Misfire counts for last/current driving cycles : 0.0 count [PASSED]","Average misfire counts for last ten driving cycles : 0.0 count [PASSED]
Misfire counts for last/current driving cycles : 0.0 count [PASSED]","Average misfire counts for last ten driving cycles : 0.0 count [PASSED]
Misfire counts for last/current driving cycles : 0.0 count [PASSED]","Unknown : 0.0 count [PASSED]
Unknown : 0.0 count [PASSED]
Unknown : 0.0 ratio [PASSED]
Unknown : 0.0 millisecond [PASSED]","Rich to lean sensor switch time : 0.0 millisecond [PASSED]
Unknown : 0.0 millivolt [PASSED]
Unknown : 0.0 millivolt [PASSED]",Unknown : -40.0 degree_Celsius [PASSED],Unknown : 0.0 ohm [PASSED],Unknown : 0.0 count [PASSED],"Unknown : 0.0 degree [PASSED]
Unknown : 0.0 degree [PASSED]
Unknown : 0.0 degree [PASSED]
Unknown : 0.0 degree [PASSED]",0.705 volt,-0.01171875 milliampere,"((), (False, False, False, False), (False, False, True, True))",India OBD II (IOBD II),0101010001000000000000000000000000000000,10111110001111101010100000010011,10000000000001111011000000010001,11111110110100001000010000000001,3.1372549019607843 percent,927.5 revolutions_per_minute,2223.0 second,0.78125 percent,0.0 kilometer_per_hour,<obd.OBDResponse.Status object at 0x71b6c691cc10>,<obd.OBDResponse.Status object at 0x71b6c691ccd0>,3.5294117647058822 percent,12.941176470588236 percent,13.333333333333334 percent,1.5 degree,bytearray(b'MEXKRDPA7NG020286'),0.0 count,2025-04-28 15:21:51,2025-04-28 15:21:56,2025-04-28 15:21:51,Signal Acquired,15.371856,73.926731,2.02,-0.59,8.9,-0.01,-0.04,0.02,NO
,,,,,,,,,,,,,,,,,,,,,,,,,,,,,,,,,,,,,,,,,,,,,,,,,,,,,,,,,,,,,,,,,,,,,,,,,,,,,,,,,,,,,,,,,,,,,,,,,,,,,,,,,2025-04-28 15:21:51,Signal Acquired,15.371856,73.926731,1.92,-0.79,8.77,-0.06,0.02,0.01,NO
,,,,,,,,,,,,,,,,,,,,,,,,,,,,,,,,,,,,,,,,,,,,,,,,,,,,,,,,,,,,,,,,,,,,,,,,,,,,,,,,,,,,,,,,,,,,,,,,,,,,,,,,,2025-04-28 15:21:51,Signal Acquired,15.371735,73.926735,0.71,-0.38,9.47,0.0,0.03,0.02,NO
25.88235294117647 percent,14.509803921568627 percent,14.901960784313726 percent,35 degree_Celsius,99 kilopascal,bytearray(b'5E018DD3844BEA'),566.8000000000001 degree_Celsius,,,,,,0.0 kilometer,0.0 kilometer,,,,,,,,,,,,,,,,,,,,,,,,,,,,,,,,,,,,,,,ELM327 v1.5,12.5 volt,29.41176470588235 percent,7.8431372549019605 percent,87.84313725490196 percent,"('Closed loop, using oxygen sensor feedback to determine fuel mix', '')",Gasoline,[],[],38 kilopascal,55 degree_Celsius,1.5625 percent,0.0 percent,11000000000000000000000000000001,10000000000000000000100000001001,11000000000000000000000000000001,1.0,1.0,01111000000000000000000000000000,Unknown : 0.0 percent [PASSED],"Average misfire counts for last ten driving cycles : 0.0 count [PASSED]
Misfire counts for last/current driving cycles : 0.0 count [PASSED]","Average misfire counts for last ten driving cycles : 0.0 count [PASSED]
Misfire counts for last/current driving cycles : 0.0 count [PASSED]","Average misfire counts for last ten driving cycles : 0.0 count [PASSED]
Misfire counts for last/current driving cycles : 0.0 count [PASSED]","Average misfire counts for last ten driving cycles : 0.0 count [PASSED]
Misfire counts for last/current driving cycles : 0.0 count [PASSED]",,"Rich to lean sensor switch time : 0.0 millisecond [PASSED]
Unknown : 0.0 millivolt [PASSED]
Unknown : 0.0 millivolt [PASSED]",Unknown : -40.0 degree_Celsius [PASSED],Unknown : 0.0 ohm [PASSED],Unknown : 0.0 count [PASSED],"Unknown : 0.0 degree [PASSED]
Unknown : 0.0 degree [PASSED]
Unknown : 0.0 degree [PASSED]
Unknown : 0.0 degree [PASSED]",0.695 volt,-0.01953125 milliampere,"((), (False, False, False, False), (False, False, True, True))",India OBD II (IOBD II),0101010001000000000000000000000000000000,10111110001111101010100000010011,10000000000001111011000000010001,11111110110100001000010000000001,3.1372549019607843 percent,929.5 revolutions_per_minute,2229.0 second,1.5625 percent,0.0 kilometer_per_hour,<obd.OBDResponse.Status object at 0x71b6c6954cd0>,<obd.OBDResponse.Status object at 0x71b6c6954790>,4.313725490196078 percent,13.72549019607843 percent,13.72549019607843 percent,1.5 degree,bytearray(b'MEXKRDPA7NG020286'),0.0 count,2025-04-28 15:21:57,2025-04-28 15:22:02,2025-04-28 15:21:57,Signal Acquired,15.371735,73.926735,1.57,-0.09,9.03,0.02,0.08,0.01,NO
,,,,,,,,,,,,,,,,,,,,,,,,,,,,,,,,,,,,,,,,,,,,,,,,,,,,,,,,,,,,,,,,,,,,,,,,,,,,,,,,,,,,,,,,,,,,,,,,,,,,,,,,,2025-04-28 15:21:57,Signal Acquired,15.371616,73.926738,0.97,-0.43,9.37,-0.02,-0.02,0.01,NO
,,,,,,,,,,,,,,,,,,,,,,,,,,,,,,,,,,,,,,,,,,,,,,,,,,,,,,,,,,,,,,,,,,,,,,,,,,,,,,,,,,,,,,,,,,,,,,,,,,,,,,,,,2025-04-28 15:21:57,Signal Acquired,15.371616,73.926738,0.4,-0.6,9.41,-0.0,0.01,0.0,NO
26.274509803921568 percent,14.509803921568627 percent,14.901960784313726 percent,35 degree_Celsius,99 kilopascal,bytearray(b'5E018DD3844BEA'),560.1 degree_Celsius,,,,,,,0.0 kilometer,,,,,,,,,,,,,,,,,,,,,,,,,,,,,,,,,,,,,,,ELM327 v1.5,12.5 volt,29.019607843137255 percent,7.8431372549019605 percent,87.84313725490196 percent,"('Closed loop, using oxygen sensor feedback to determine fuel mix', '')",Gasoline,[],[],38 kilopascal,55 degree_Celsius,1.5625 percent,0.0 percent,11000000000000000000000000000001,10000000000000000000100000001001,11000000000000000000000000000001,1.0,1.0,01111000000000000000000000000000,Unknown : 0.0 percent [PASSED],"Average misfire counts for last ten driving cycles : 0.0 count [PASSED]
Misfire counts for last/current driving cycles : 0.0 count [PASSED]","Average misfire counts for last ten driving cycles : 0.0 count [PASSED]
Misfire counts for last/current driving cycles : 0.0 count [PASSED]","Average misfire counts for last ten driving cycles : 0.0 count [PASSED]
Misfire counts for last/current driving cycles : 0.0 count [PASSED]","Average misfire counts for last ten driving cycles : 0.0 count [PASSED]
Misfire counts for last/current driving cycles : 0.0 count [PASSED]","Unknown : 0.0 count [PASSED]
Unknown : 0.0 count [PASSED]
Unknown : 0.0 ratio [PASSED]
Unknown : 0.0 millisecond [PASSED]","Rich to lean sensor switch time : 0.0 millisecond [PASSED]
Unknown : 0.0 millivolt [PASSED]
Unknown : 0.0 millivolt [PASSED]",Unknown : -40.0 degree_Celsius [PASSED],Unknown : 0.0 ohm [PASSED],Unknown : 0.0 count [PASSED],"Unknown : 0.0 degree [PASSED]
Unknown : 0.0 degree [PASSED]
Unknown : 0.0 degree [PASSED]
Unknown : 0.0 degree [PASSED]",0.695 volt,-0.015625 milliampere,"((), (False, False, False, False), (False, False, True, True))",India OBD II (IOBD II),0101010001000000000000000000000000000000,10111110001111101010100000010011,10000000000001111011000000010001,11111110110100001000010000000001,2.7450980392156863 percent,930.0 revolutions_per_minute,2236.0 second,0.78125 percent,0.0 kilometer_per_hour,<obd.OBDResponse.Status object at 0x71b6c6967820>,<obd.OBDResponse.Status object at 0x71b6c6967670>,3.9215686274509802 percent,13.333333333333334 percent,13.72549019607843 percent,1.5 degree,bytearray(b'MEXKRDPA7NG020286'),0.0 count,2025-04-28 15:22:04,2025-04-28 15:22:09,2025-04-28 15:22:04,Signal Acquired,15.371499,73.926741,2.91,-2.07,8.91,-0.03,0.09,0.0,NO
,,,,,,,,,,,,,,,,,,,,,,,,,,,,,,,,,,,,,,,,,,,,,,,,,,,,,,,,,,,,,,,,,,,,,,,,,,,,,,,,,,,,,,,,,,,,,,,,,,,,,,,,,2025-04-28 15:22:04,Signal Acquired,15.371499,73.926741,-1.84,-7.03,9.82,-0.04,0.33,-0.21,NO
,,,,,,,,,,,,,,,,,,,,,,,,,,,,,,,,,,,,,,,,,,,,,,,,,,,,,,,,,,,,,,,,,,,,,,,,,,,,,,,,,,,,,,,,,,,,,,,,,,,,,,,,,2025-04-28 15:22:04,Signal Acquired,15.371401,73.926744,1.3,-3.89,8.3,-0.05,0.19,-0.04,NO
25.88235294117647 percent,14.509803921568627 percent,14.901960784313726 percent,35 degree_Celsius,99 kilopascal,bytearray(b'5E018DD3844BEA'),553.8000000000001 degree_Celsius,,,,,,,0.0 kilometer,,,,,,,,,,,,,,,,,,,,,,,,,,,,,,,,,,,,,,,ELM327 v1.5,12.5 volt,29.41176470588235 percent,7.8431372549019605 percent,87.84313725490196 percent,"('Closed loop, using oxygen sensor feedback to determine fuel mix', '')",Gasoline,[],[],39 kilopascal,55 degree_Celsius,1.5625 percent,0.0 percent,11000000000000000000000000000001,10000000000000000000100000001001,11000000000000000000000000000001,1.0,1.0,01111000000000000000000000000000,Unknown : 0.0 percent [PASSED],"Average misfire counts for last ten driving cycles : 0.0 count [PASSED]
Misfire counts for last/current driving cycles : 0.0 count [PASSED]","Average misfire counts for last ten driving cycles : 0.0 count [PASSED]
Misfire counts for last/current driving cycles : 0.0 count [PASSED]","Average misfire counts for last ten driving cycles : 0.0 count [PASSED]
Misfire counts for last/current driving cycles : 0.0 count [PASSED]","Average misfire counts for last ten driving cycles : 0.0 count [PASSED]
Misfire counts for last/current driving cycles : 0.0 count [PASSED]","Unknown : 0.0 count [PASSED]
Unknown : 0.0 count [PASSED]
Unknown : 0.0 ratio [PASSED]
Unknown : 0.0 millisecond [PASSED]","Rich to lean sensor switch time : 0.0 millisecond [PASSED]
Unknown : 0.0 millivolt [PASSED]
Unknown : 0.0 millivolt [PASSED]",Unknown : -40.0 degree_Celsius [PASSED],Unknown : 0.0 ohm [PASSED],Unknown : 0.0 count [PASSED],"Unknown : 0.0 degree [PASSED]
Unknown : 0.0 degree [PASSED]
Unknown : 0.0 degree [PASSED]
Unknown : 0.0 degree [PASSED]",0.695 volt,-0.015625 milliampere,"((), (False, False, False, False), (False, False, True, True))",India OBD II (IOBD II),0101010001000000000000000000000000000000,10111110001111101010100000010011,10000000000001111011000000010001,11111110110100001000010000000001,2.7450980392156863 percent,930.0 revolutions_per_minute,2242.0 second,1.5625 percent,0.0 kilometer_per_hour,<obd.OBDResponse.Status object at 0x71b6c69776d0>,<obd.OBDResponse.Status object at 0x71b6c6977850>,3.9215686274509802 percent,13.333333333333334 percent,13.72549019607843 percent,0.5 degree,bytearray(b'MEXKRDPA7NG020286'),0.0 count,2025-04-28 15:22:10,2025-04-28 15:22:15,2025-04-28 15:22:10,Signal Acquired,15.371401,73.926744,0.72,-0.94,8.9,0.02,0.05,0.06,NO
,,,,,,,,,,,,,,,,,,,,,,,,,,,,,,,,,,,,,,,,,,,,,,,,,,,,,,,,,,,,,,,,,,,,,,,,,,,,,,,,,,,,,,,,,,,,,,,,,,,,,,,,,2025-04-28 15:22:10,Signal Acquired,15.371335,73.926744,0.02,0.48,9.46,0.01,0.01,-0.0,NO
,,,,,,,,,,,,,,,,,,,,,,,,,,,,,,,,,,,,,,,,,,,,,,,,,,,,,,,,,,,,,,,,,,,,,,,,,,,,,,,,,,,,,,,,,,,,,,,,,,,,,,,,,2025-04-28 15:22:10,Signal Acquired,15.371335,73.926744,1.39,-2.46,9.1,-0.03,0.03,0.0,NO
25.88235294117647 percent,14.509803921568627 percent,14.901960784313726 percent,35 degree_Celsius,99 kilopascal,bytearray(b'5E018DD3844BEA'),548.1 degree_Celsius,,,,,,,0.0 kilometer,,,,,,,,,,,,,,,,,,,,,,,,,,,,,,,,,,,,,,,ELM327 v1.5,12.5 volt,29.80392156862745 percent,7.8431372549019605 percent,87.84313725490196 percent,"('Closed loop, using oxygen sensor feedback to determine fuel mix', '')",Gasoline,[],[],39 kilopascal,55 degree_Celsius,1.5625 percent,0.0 percent,11000000000000000000000000000001,10000000000000000000100000001001,11000000000000000000000000000001,1.0,1.0,01111000000000000000000000000000,Unknown : 0.0 percent [PASSED],"Average misfire counts for last ten driving cycles : 0.0 count [PASSED]
Misfire counts for last/current driving cycles : 0.0 count [PASSED]","Average misfire counts for last ten driving cycles : 0.0 count [PASSED]
Misfire counts for last/current driving cycles : 0.0 count [PASSED]","Average misfire counts for last ten driving cycles : 0.0 count [PASSED]
Misfire counts for last/current driving cycles : 0.0 count [PASSED]","Average misfire counts for last ten driving cycles : 0.0 count [PASSED]
Misfire counts for last/current driving cycles : 0.0 count [PASSED]","Unknown : 0.0 count [PASSED]
Unknown : 0.0 count [PASSED]
Unknown : 0.0 ratio [PASSED]
Unknown : 0.0 millisecond [PASSED]","Rich to lean sensor switch time : 0.0 millisecond [PASSED]
Unknown : 0.0 millivolt [PASSED]
Unknown : 0.0 millivolt [PASSED]",Unknown : -40.0 degree_Celsius [PASSED],Unknown : 0.0 ohm [PASSED],Unknown : 0.0 count [PASSED],"Unknown : 0.0 degree [PASSED]
Unknown : 0.0 degree [PASSED]
Unknown : 0.0 degree [PASSED]
Unknown : 0.0 degree [PASSED]",0.71 volt,-0.0078125 milliampere,"((), (False, False, False, False), (False, False, True, True))",India OBD II (IOBD II),0101010001000000000000000000000000000000,10111110001111101010100000010011,10000000000001111011000000010001,11111110110100001000010000000001,3.1372549019607843 percent,932.0 revolutions_per_minute,2249.0 second,1.5625 percent,0.0 kilometer_per_hour,<obd.OBDResponse.Status object at 0x71b6c69930a0>,<obd.OBDResponse.Status object at 0x71b6c6992f80>,3.9215686274509802 percent,13.333333333333334 percent,13.72549019607843 percent,0.5 degree,bytearray(b'MEXKRDPA7NG020286'),0.0 count,2025-04-28 15:22:17,2025-04-28 15:22:22,2025-04-28 15:22:17,Signal Acquired,15.371284,73.926746,-1.03,-3.19,9.9,-0.01,0.01,0.0,NO
,,,,,,,,,,,,,,,,,,,,,,,,,,,,,,,,,,,,,,,,,,,,,,,,,,,,,,,,,,,,,,,,,,,,,,,,,,,,,,,,,,,,,,,,,,,,,,,,,,,,,,,,,2025-04-28 15:22:17,Signal Acquired,15.371284,73.926746,-1.33,-3.33,9.64,-0.03,0.04,-0.0,NO
,,,,,,,,,,,,,,,,,,,,,,,,,,,,,,,,,,,,,,,,,,,,,,,,,,,,,,,,,,,,,,,,,,,,,,,,,,,,,,,,,,,,,,,,,,,,,,,,,,,,,,,,,2025-04-28 15:22:17,Signal Acquired,15.371256,73.926748,2.62,-1.87,9.02,0.02,0.06,-0.0,NO
26.274509803921568 percent,14.509803921568627 percent,14.901960784313726 percent,35 degree_Celsius,99 kilopascal,bytearray(b'5E018DD3844BEA'),542.6 degree_Celsius,,,,,,0.0 kilometer,0.0 kilometer,,,,,,,,,,,,,,,,,,,,,,,,,,,,,,,,,,,,,,,ELM327 v1.5,12.5 volt,30.19607843137255 percent,7.8431372549019605 percent,87.84313725490196 percent,"('Closed loop, using oxygen sensor feedback to determine fuel mix', '')",Gasoline,[],[],39 kilopascal,55 degree_Celsius,1.5625 percent,0.0 percent,11000000000000000000000000000001,10000000000000000000100000001001,11000000000000000000000000000001,1.0,1.0,01111000000000000000000000000000,Unknown : 0.0 percent [PASSED],"Average misfire counts for last ten driving cycles : 0.0 count [PASSED]
Misfire counts for last/current driving cycles : 0.0 count [PASSED]","Average misfire counts for last ten driving cycles : 0.0 count [PASSED]
Misfire counts for last/current driving cycles : 0.0 count [PASSED]","Average misfire counts for last ten driving cycles : 0.0 count [PASSED]
Misfire counts for last/current driving cycles : 0.0 count [PASSED]","Average misfire counts for last ten driving cycles : 0.0 count [PASSED]
Misfire counts for last/current driving cycles : 0.0 count [PASSED]","Unknown : 0.0 count [PASSED]
Unknown : 0.0 count [PASSED]
Unknown : 0.0 ratio [PASSED]
Unknown : 0.0 millisecond [PASSED]","Rich to lean sensor switch time : 0.0 millisecond [PASSED]
Unknown : 0.0 millivolt [PASSED]
Unknown : 0.0 millivolt [PASSED]",Unknown : -40.0 degree_Celsius [PASSED],Unknown : 0.0 ohm [PASSED],Unknown : 0.0 count [PASSED],"Unknown : 0.0 degree [PASSED]
Unknown : 0.0 degree [PASSED]
Unknown : 0.0 degree [PASSED]
Unknown : 0.0 degree [PASSED]",0.715 volt,-0.01171875 milliampere,"((), (False, False, False, False), (False, False, True, True))",India OBD II (IOBD II),0101010001000000000000000000000000000000,10111110001111101010100000010011,10000000000001111011000000010001,11111110110100001000010000000001,3.1372549019607843 percent,928.0 revolutions_per_minute,2255.0 second,1.5625 percent,0.0 kilometer_per_hour,<obd.OBDResponse.Status object at 0x71b6c69a2a40>,<obd.OBDResponse.Status object at 0x71b6c69a2ef0>,3.9215686274509802 percent,13.333333333333334 percent,13.72549019607843 percent,-1.0 degree,bytearray(b'MEXKRDPA7NG020286'),0.0 count,2025-04-28 15:22:23,2025-04-28 15:22:28,2025-04-28 15:22:23,Signal Acquired,15.371256,73.926748,1.02,-0.35,9.39,-0.01,0.02,0.06,NO
,,,,,,,,,,,,,,,,,,,,,,,,,,,,,,,,,,,,,,,,,,,,,,,,,,,,,,,,,,,,,,,,,,,,,,,,,,,,,,,,,,,,,,,,,,,,,,,,,,,,,,,,,2025-04-28 15:22:23,Signal Acquired,15.371247,73.926749,-0.09,-0.34,9.43,-0.03,0.01,0.07,NO
,,,,,,,,,,,,,,,,,,,,,,,,,,,,,,,,,,,,,,,,,,,,,,,,,,,,,,,,,,,,,,,,,,,,,,,,,,,,,,,,,,,,,,,,,,,,,,,,,,,,,,,,,2025-04-28 15:22:23,Signal Acquired,15.371247,73.926749,0.9,-0.37,9.37,-0.01,0.0,0.0,NO
25.88235294117647 percent,14.509803921568627 percent,14.901960784313726 percent,35 degree_Celsius,99 kilopascal,bytearray(b'5E018DD3844BEA'),537.7 degree_Celsius,,,,,,,0.0 kilometer,,,,,,,,,,,,,,,,,,,,,,,,,,,,,,,,,,,,,,,ELM327 v1.5,12.5 volt,30.58823529411765 percent,7.8431372549019605 percent,87.84313725490196 percent,"('Closed loop, using oxygen sensor feedback to determine fuel mix', '')",Gasoline,[],[],39 kilopascal,55 degree_Celsius,1.5625 percent,0.0 percent,11000000000000000000000000000001,10000000000000000000100000001001,11000000000000000000000000000001,1.0,1.0,01111000000000000000000000000000,Unknown : 0.0 percent [PASSED],"Average misfire counts for last ten driving cycles : 0.0 count [PASSED]
Misfire counts for last/current driving cycles : 0.0 count [PASSED]","Average misfire counts for last ten driving cycles : 0.0 count [PASSED]
Misfire counts for last/current driving cycles : 0.0 count [PASSED]","Average misfire counts for last ten driving cycles : 0.0 count [PASSED]
Misfire counts for last/current driving cycles : 0.0 count [PASSED]","Average misfire counts for last ten driving cycles : 0.0 count [PASSED]
Misfire counts for last/current driving cycles : 0.0 count [PASSED]","Unknown : 0.0 count [PASSED]
Unknown : 0.0 count [PASSED]
Unknown : 0.0 ratio [PASSED]
Unknown : 0.0 millisecond [PASSED]","Rich to lean sensor switch time : 0.0 millisecond [PASSED]
Unknown : 0.0 millivolt [PASSED]
Unknown : 0.0 millivolt [PASSED]",Unknown : -40.0 degree_Celsius [PASSED],Unknown : 0.0 ohm [PASSED],Unknown : 0.0 count [PASSED],"Unknown : 0.0 degree [PASSED]
Unknown : 0.0 degree [PASSED]
Unknown : 0.0 degree [PASSED]
Unknown : 0.0 degree [PASSED]",0.715 volt,-0.01171875 milliampere,"((), (False, False, False, False), (False, False, True, True))",India OBD II (IOBD II),0101010001000000000000000000000000000000,10111110001111101010100000010011,10000000000001111011000000010001,11111110110100001000010000000001,3.1372549019607843 percent,932.5 revolutions_per_minute,2262.0 second,1.5625 percent,0.0 kilometer_per_hour,<obd.OBDResponse.Status object at 0x71b6c67cba90>,<obd.OBDResponse.Status object at 0x71b6c67cbc70>,3.9215686274509802 percent,13.333333333333334 percent,13.72549019607843 percent,0.5 degree,bytearray(b'MEXKRDPA7NG020286'),0.0 count,2025-04-28 15:22:30,2025-04-28 15:22:35,2025-04-28 15:22:30,Signal Acquired,15.371245,73.926749,0.19,0.11,9.5,-0.01,0.01,-0.0,NO
,,,,,,,,,,,,,,,,,,,,,,,,,,,,,,,,,,,,,,,,,,,,,,,,,,,,,,,,,,,,,,,,,,,,,,,,,,,,,,,,,,,,,,,,,,,,,,,,,,,,,,,,,2025-04-28 15:22:30,Signal Acquired,15.371245,73.926749,0.79,0.04,9.31,-0.0,0.03,-0.0,NO
,,,,,,,,,,,,,,,,,,,,,,,,,,,,,,,,,,,,,,,,,,,,,,,,,,,,,,,,,,,,,,,,,,,,,,,,,,,,,,,,,,,,,,,,,,,,,,,,,,,,,,,,,2025-04-28 15:22:30,Signal Acquired,15.371246,73.92675,0.46,0.06,9.48,-0.01,0.0,0.0,NO
25.88235294117647 percent,14.509803921568627 percent,14.901960784313726 percent,35 degree_Celsius,99 kilopascal,bytearray(b'5E018DD3844BEA'),533.0 degree_Celsius,,,,,,,0.0 kilometer,,,,,,,,,,,,,,,,,,,,,,,,,,,,,,,,,,,,,,,ELM327 v1.5,12.5 volt,30.19607843137255 percent,7.8431372549019605 percent,87.84313725490196 percent,"('Closed loop, using oxygen sensor feedback to determine fuel mix', '')",Gasoline,[],[],39 kilopascal,56 degree_Celsius,1.5625 percent,0.0 percent,11000000000000000000000000000001,10000000000000000000100000001001,11000000000000000000000000000001,1.0,1.0,01111000000000000000000000000000,Unknown : 0.0 percent [PASSED],"Average misfire counts for last ten driving cycles : 0.0 count [PASSED]
Misfire counts for last/current driving cycles : 0.0 count [PASSED]","Average misfire counts for last ten driving cycles : 0.0 count [PASSED]
Misfire counts for last/current driving cycles : 0.0 count [PASSED]","Average misfire counts for last ten driving cycles : 0.0 count [PASSED]
Misfire counts for last/current driving cycles : 0.0 count [PASSED]","Average misfire counts for last ten driving cycles : 0.0 count [PASSED]
Misfire counts for last/current driving cycles : 0.0 count [PASSED]","Unknown : 0.0 count [PASSED]
Unknown : 0.0 count [PASSED]
Unknown : 0.0 ratio [PASSED]
Unknown : 0.0 millisecond [PASSED]","Rich to lean sensor switch time : 0.0 millisecond [PASSED]
Unknown : 0.0 millivolt [PASSED]
Unknown : 0.0 millivolt [PASSED]",Unknown : -40.0 degree_Celsius [PASSED],Unknown : 0.0 ohm [PASSED],Unknown : 0.0 count [PASSED],"Unknown : 0.0 degree [PASSED]
Unknown : 0.0 degree [PASSED]
Unknown : 0.0 degree [PASSED]
Unknown : 0.0 degree [PASSED]",0.71 volt,-0.0078125 milliampere,"((), (False, False, False, False), (False, False, True, True))",India OBD II (IOBD II),0101010001000000000000000000000000000000,10111110001111101010100000010011,10000000000001111011000000010001,11111110110100001000010000000001,3.1372549019607843 percent,924.5 revolutions_per_minute,2269.0 second,1.5625 percent,0.0 kilometer_per_hour,<obd.OBDResponse.Status object at 0x71b6c67e2290>,<obd.OBDResponse.Status object at 0x71b6c67e22c0>,3.9215686274509802 percent,13.333333333333334 percent,13.72549019607843 percent,0.0 degree,bytearray(b'MEXKRDPA7NG020286'),0.0 count,2025-04-28 15:22:37,2025-04-28 15:22:42,2025-04-28 15:22:37,Signal Acquired,15.371246,73.92675,0.55,0.1,9.43,0.04,-0.03,0.0,NO
,,,,,,,,,,,,,,,,,,,,,,,,,,,,,,,,,,,,,,,,,,,,,,,,,,,,,,,,,,,,,,,,,,,,,,,,,,,,,,,,,,,,,,,,,,,,,,,,,,,,,,,,,2025-04-28 15:22:37,Signal Acquired,15.371246,73.92675,0.17,0.12,9.63,-0.01,0.01,0.01,NO
,,,,,,,,,,,,,,,,,,,,,,,,,,,,,,,,,,,,,,,,,,,,,,,,,,,,,,,,,,,,,,,,,,,,,,,,,,,,,,,,,,,,,,,,,,,,,,,,,,,,,,,,,2025-04-28 15:22:37,Signal Acquired,15.371246,73.92675,1.21,-1.88,9.16,0.12,-0.54,0.01,NO
26.274509803921568 percent,14.509803921568627 percent,14.901960784313726 percent,35 degree_Celsius,99 kilopascal,bytearray(b'5E018DD3844BEA'),528.6 degree_Celsius,,,,,,0.0 kilometer,0.0 kilometer,,,,,,,,,,,,,,,,,,,,,,,,,,,,,,,,,,,,,,,ELM327 v1.5,12.5 volt,30.58823529411765 percent,7.8431372549019605 percent,87.84313725490196 percent,"('Closed loop, using oxygen sensor feedback to determine fuel mix', '')",Gasoline,[],[],39 kilopascal,56 degree_Celsius,1.5625 percent,0.0 percent,11000000000000000000000000000001,10000000000000000000100000001001,11000000000000000000000000000001,1.0,1.0,01111000000000000000000000000000,Unknown : 0.0 percent [PASSED],"Average misfire counts for last ten driving cycles : 0.0 count [PASSED]
Misfire counts for last/current driving cycles : 0.0 count [PASSED]","Average misfire counts for last ten driving cycles : 0.0 count [PASSED]
Misfire counts for last/current driving cycles : 0.0 count [PASSED]","Average misfire counts for last ten driving cycles : 0.0 count [PASSED]
Misfire counts for last/current driving cycles : 0.0 count [PASSED]","Average misfire counts for last ten driving cycles : 0.0 count [PASSED]
Misfire counts for last/current driving cycles : 0.0 count [PASSED]","Unknown : 0.0 count [PASSED]
Unknown : 0.0 count [PASSED]
Unknown : 0.0 ratio [PASSED]
Unknown : 0.0 millisecond [PASSED]","Rich to lean sensor switch time : 0.0 millisecond [PASSED]
Unknown : 0.0 millivolt [PASSED]
Unknown : 0.0 millivolt [PASSED]",Unknown : -40.0 degree_Celsius [PASSED],Unknown : 0.0 ohm [PASSED],Unknown : 0.0 count [PASSED],"Unknown : 0.0 degree [PASSED]
Unknown : 0.0 degree [PASSED]
Unknown : 0.0 degree [PASSED]
Unknown : 0.0 degree [PASSED]",0.72 volt,-0.015625 milliampere,"((), (False, False, False, False), (False, False, True, True))",India OBD II (IOBD II),0101010001000000000000000000000000000000,10111110001111101010100000010011,10000000000001111011000000010001,11111110110100001000010000000001,3.1372549019607843 percent,925.0 revolutions_per_minute,2276.0 second,1.5625 percent,0.0 kilometer_per_hour,<obd.OBDResponse.Status object at 0x71b6c67f5840>,<obd.OBDResponse.Status object at 0x71b6c67f5690>,3.9215686274509802 percent,13.333333333333334 percent,13.72549019607843 percent,0.0 degree,bytearray(b'MEXKRDPA7NG020286'),0.0 count,2025-04-28 15:22:43,2025-04-28 15:22:49,2025-04-28 15:22:43,Signal Acquired,15.371246,73.926751,-0.11,0.18,9.65,-0.01,0.02,-0.0,NO
,,,,,,,,,,,,,,,,,,,,,,,,,,,,,,,,,,,,,,,,,,,,,,,,,,,,,,,,,,,,,,,,,,,,,,,,,,,,,,,,,,,,,,,,,,,,,,,,,,,,,,,,,2025-04-28 15:22:43,Signal Acquired,15.371246,73.926751,0.63,0.12,9.3,-0.02,0.04,-0.0,NO
,,,,,,,,,,,,,,,,,,,,,,,,,,,,,,,,,,,,,,,,,,,,,,,,,,,,,,,,,,,,,,,,,,,,,,,,,,,,,,,,,,,,,,,,,,,,,,,,,,,,,,,,,2025-04-28 15:22:43,Signal Acquired,15.371247,73.926749,-0.52,0.26,9.63,-0.03,0.05,-0.0,NO
26.274509803921568 percent,14.509803921568627 percent,14.901960784313726 percent,35 degree_Celsius,99 kilopascal,bytearray(b'5E018DD3844BEA'),524.6 degree_Celsius,,,,,,0.0 kilometer,0.0 kilometer,,,,,,,,,,,,,,,,,,,,,,,,,,,,,,,,,,,,,,,ELM327 v1.5,12.5 volt,30.980392156862745 percent,7.8431372549019605 percent,87.84313725490196 percent,"('Closed loop, using oxygen sensor feedback to determine fuel mix', '')",Gasoline,[],[],39 kilopascal,56 degree_Celsius,1.5625 percent,0.0 percent,11000000000000000000000000000001,10000000000000000000100000001001,11000000000000000000000000000001,1.0,1.0,01111000000000000000000000000000,Unknown : 0.0 percent [PASSED],"Average misfire counts for last ten driving cycles : 0.0 count [PASSED]
Misfire counts for last/current driving cycles : 0.0 count [PASSED]","Average misfire counts for last ten driving cycles : 0.0 count [PASSED]
Misfire counts for last/current driving cycles : 0.0 count [PASSED]","Average misfire counts for last ten driving cycles : 0.0 count [PASSED]
Misfire counts for last/current driving cycles : 0.0 count [PASSED]","Average misfire counts for last ten driving cycles : 0.0 count [PASSED]
Misfire counts for last/current driving cycles : 0.0 count [PASSED]","Unknown : 0.0 count [PASSED]
Unknown : 0.0 count [PASSED]
Unknown : 0.0 ratio [PASSED]
Unknown : 0.0 millisecond [PASSED]","Rich to lean sensor switch time : 0.0 millisecond [PASSED]
Unknown : 0.0 millivolt [PASSED]
Unknown : 0.0 millivolt [PASSED]",Unknown : -40.0 degree_Celsius [PASSED],Unknown : 0.0 ohm [PASSED],Unknown : 0.0 count [PASSED],"Unknown : 0.0 degree [PASSED]
Unknown : 0.0 degree [PASSED]
Unknown : 0.0 degree [PASSED]
Unknown : 0.0 degree [PASSED]",0.725 volt,-0.01171875 milliampere,"((), (False, False, False, False), (False, False, True, True))",India OBD II (IOBD II),0101010001000000000000000000000000000000,10111110001111101010100000010011,10000000000001111011000000010001,11111110110100001000010000000001,3.1372549019607843 percent,928.5 revolutions_per_minute,2282.0 second,1.5625 percent,0.0 kilometer_per_hour,<obd.OBDResponse.Status object at 0x71b6c67f6530>,<obd.OBDResponse.Status object at 0x71b6c67f7520>,3.9215686274509802 percent,13.333333333333334 percent,13.72549019607843 percent,0.0 degree,bytearray(b'MEXKRDPA7NG020286'),0.0 count,2025-04-28 15:22:50,2025-04-28 15:22:55,2025-04-28 15:22:50,Signal Acquired,15.371247,73.926749,0.52,0.2,9.32,-0.0,0.02,-0.0,NO
,,,,,,,,,,,,,,,,,,,,,,,,,,,,,,,,,,,,,,,,,,,,,,,,,,,,,,,,,,,,,,,,,,,,,,,,,,,,,,,,,,,,,,,,,,,,,,,,,,,,,,,,,2025-04-28 15:22:50,Signal Acquired,15.371246,73.926749,0.04,0.12,9.66,-0.01,0.04,0.0,NO
,,,,,,,,,,,,,,,,,,,,,,,,,,,,,,,,,,,,,,,,,,,,,,,,,,,,,,,,,,,,,,,,,,,,,,,,,,,,,,,,,,,,,,,,,,,,,,,,,,,,,,,,,2025-04-28 15:22:50,Signal Acquired,15.371246,73.926749,0.59,0.18,9.26,-0.01,0.03,0.0,NO
26.666666666666668 percent,14.901960784313726 percent,15.294117647058824 percent,35 degree_Celsius,99 kilopascal,bytearray(b'5E018DD3844BEA'),521.0 degree_Celsius,,,,,,,0.0 kilometer,,,,,,,,,,,,,,,,,,,,,,,,,,,,,,,,,,,,,,,ELM327 v1.5,12.4 volt,29.019607843137255 percent,2.7450980392156863 percent,87.84313725490196 percent,"('Closed loop, using oxygen sensor feedback to determine fuel mix', '')",Gasoline,[],[],54 kilopascal,56 degree_Celsius,1.5625 percent,0.0 percent,11000000000000000000000000000001,10000000000000000000100000001001,11000000000000000000000000000001,1.0,1.0,01111000000000000000000000000000,Unknown : 0.0 percent [PASSED],"Average misfire counts for last ten driving cycles : 0.0 count [PASSED]
Misfire counts for last/current driving cycles : 0.0 count [PASSED]","Average misfire counts for last ten driving cycles : 0.0 count [PASSED]
Misfire counts for last/current driving cycles : 0.0 count [PASSED]","Average misfire counts for last ten driving cycles : 0.0 count [PASSED]
Misfire counts for last/current driving cycles : 0.0 count [PASSED]","Average misfire counts for last ten driving cycles : 0.0 count [PASSED]
Misfire counts for last/current driving cycles : 0.0 count [PASSED]","Unknown : 0.0 count [PASSED]
Unknown : 0.0 count [PASSED]
Unknown : 0.0 ratio [PASSED]
Unknown : 0.0 millisecond [PASSED]","Rich to lean sensor switch time : 0.0 millisecond [PASSED]
Unknown : 0.0 millivolt [PASSED]
Unknown : 0.0 millivolt [PASSED]",Unknown : -40.0 degree_Celsius [PASSED],Unknown : 0.0 ohm [PASSED],Unknown : 0.0 count [PASSED],"Unknown : 0.0 degree [PASSED]
Unknown : 0.0 degree [PASSED]
Unknown : 0.0 degree [PASSED]
Unknown : 0.0 degree [PASSED]",0.73 volt,0.00390625 milliampere,"((), (False, False, False, False), (False, False, True, True))",India OBD II (IOBD II),0101010001000000000000000000000000000000,10111110001111101010100000010011,10000000000001111011000000010001,11111110110100001000010000000001,3.9215686274509802 percent,988.0 revolutions_per_minute,2289.0 second,1.5625 percent,5.0 kilometer_per_hour,<obd.OBDResponse.Status object at 0x71b6c681fe50>,<obd.OBDResponse.Status object at 0x71b6c681fee0>,5.490196078431373 percent,14.509803921568627 percent,14.509803921568627 percent,-9.0 degree,bytearray(b'MEXKRDPA7NG020286'),0.0 count,2025-04-28 15:22:57,2025-04-28 15:23:02,2025-04-28 15:22:57,Signal Acquired,15.371246,73.92675,0.21,0.21,9.63,-0.01,0.02,0.0,NO
,,,,,,,,,,,,,,,,,,,,,,,,,,,,,,,,,,,,,,,,,,,,,,,,,,,,,,,,,,,,,,,,,,,,,,,,,,,,,,,,,,,,,,,,,,,,,,,,,,,,,,,,,2025-04-28 15:22:57,Signal Acquired,15.371246,73.92675,0.71,0.05,9.26,-0.01,0.03,0.0,NO
,,,,,,,,,,,,,,,,,,,,,,,,,,,,,,,,,,,,,,,,,,,,,,,,,,,,,,,,,,,,,,,,,,,,,,,,,,,,,,,,,,,,,,,,,,,,,,,,,,,,,,,,,2025-04-28 15:22:57,Signal Acquired,15.371247,73.92675,0.35,0.17,9.58,-0.0,0.01,0.0,NO
29.019607843137255 percent,16.07843137254902 percent,16.470588235294116 percent,35 degree_Celsius,99 kilopascal,bytearray(b'5E018DD3844BEA'),517.2 degree_Celsius,,,,,,,0.0 kilometer,,,,,,,,,,,,,,,,,,,,,,,,,,,,,,,,,,,,,,,ELM327 v1.5,12.5 volt,45.88235294117647 percent,87.05882352941177 percent,87.84313725490196 percent,"('Closed loop, using oxygen sensor feedback to determine fuel mix', '')",Gasoline,[],[],102 kilopascal,56 degree_Celsius,2.34375 percent,0.0 percent,11000000000000000000000000000001,10000000000000000000100000001001,11000000000000000000000000000001,1.0,1.0,01111000000000000000000000000000,Unknown : 0.0 percent [PASSED],"Average misfire counts for last ten driving cycles : 0.0 count [PASSED]
Misfire counts for last/current driving cycles : 0.0 count [PASSED]","Average misfire counts for last ten driving cycles : 0.0 count [PASSED]
Misfire counts for last/current driving cycles : 0.0 count [PASSED]","Average misfire counts for last ten driving cycles : 0.0 count [PASSED]
Misfire counts for last/current driving cycles : 0.0 count [PASSED]","Average misfire counts for last ten driving cycles : 0.0 count [PASSED]
Misfire counts for last/current driving cycles : 0.0 count [PASSED]","Unknown : 0.0 count [PASSED]
Unknown : 0.0 count [PASSED]
Unknown : 0.0 ratio [PASSED]
Unknown : 0.0 millisecond [PASSED]","Rich to lean sensor switch time : 0.0 millisecond [PASSED]
Unknown : 0.0 millivolt [PASSED]
Unknown : 0.0 millivolt [PASSED]",Unknown : -40.0 degree_Celsius [PASSED],Unknown : 0.0 ohm [PASSED],Unknown : 0.0 count [PASSED],"Unknown : 0.0 degree [PASSED]
Unknown : 0.0 degree [PASSED]
Unknown : 0.0 degree [PASSED]
Unknown : 0.0 degree [PASSED]",0.74 volt,-0.08203125 milliampere,"((), (False, False, False, False), (False, False, True, True))",India OBD II (IOBD II),0101010001000000000000000000000000000000,10111110001111101010100000010011,10000000000001111011000000010001,11111110110100001000010000000001,4.313725490196078 percent,1607.5 revolutions_per_minute,2295.0 second,0.0 percent,20.0 kilometer_per_hour,<obd.OBDResponse.Status object at 0x71b6c682bf70>,<obd.OBDResponse.Status object at 0x71b6c682be50>,15.686274509803921 percent,22.745098039215687 percent,24.313725490196077 percent,4.5 degree,bytearray(b'MEXKRDPA7NG020286'),0.0 count,2025-04-28 15:23:03,2025-04-28 15:23:08,2025-04-28 15:23:03,Signal Acquired,15.371247,73.92675,0.76,0.05,9.27,-0.01,0.05,-0.0,NO
,,,,,,,,,,,,,,,,,,,,,,,,,,,,,,,,,,,,,,,,,,,,,,,,,,,,,,,,,,,,,,,,,,,,,,,,,,,,,,,,,,,,,,,,,,,,,,,,,,,,,,,,,2025-04-28 15:23:03,Signal Acquired,15.371248,73.926751,0.88,0.15,9.39,0.0,-0.0,0.0,NO
,,,,,,,,,,,,,,,,,,,,,,,,,,,,,,,,,,,,,,,,,,,,,,,,,,,,,,,,,,,,,,,,,,,,,,,,,,,,,,,,,,,,,,,,,,,,,,,,,,,,,,,,,2025-04-28 15:23:03,Signal Acquired,15.371248,73.926751,0.23,0.06,9.37,-0.02,0.04,-0.0,NO
70.98039215686275 percent,34.11764705882353 percent,34.11764705882353 percent,35 degree_Celsius,99 kilopascal,bytearray(b'5E018DD3844BEA'),541.7 degree_Celsius,,,,,,0.0 kilometer,0.0 kilometer,,,,,,,,,,,,,,,,,,,,,,,,,,,,,,,,,,,,,,,ELM327 v1.5,12.5 volt,0.0 percent,0.0 percent,87.84313725490196 percent,"('Open loop due to engine load OR fuel cut due to deceleration', '')",Gasoline,[],[],39 kilopascal,55 degree_Celsius,1.5625 percent,0.0 percent,11000000000000000000000000000001,10000000000000000000100000001001,11000000000000000000000000000001,1.0,1.0,01111000000000000000000000000000,Unknown : 0.0 percent [PASSED],"Average misfire counts for last ten driving cycles : 0.0 count [PASSED]
Misfire counts for last/current driving cycles : 0.0 count [PASSED]","Average misfire counts for last ten driving cycles : 0.0 count [PASSED]
Misfire counts for last/current driving cycles : 0.0 count [PASSED]","Average misfire counts for last ten driving cycles : 0.0 count [PASSED]
Misfire counts for last/current driving cycles : 0.0 count [PASSED]","Average misfire counts for last ten driving cycles : 0.0 count [PASSED]
Misfire counts for last/current driving cycles : 0.0 count [PASSED]","Unknown : 0.0 count [PASSED]
Unknown : 0.0 count [PASSED]
Unknown : 0.0 ratio [PASSED]
Unknown : 0.0 millisecond [PASSED]","Rich to lean sensor switch time : 0.0 millisecond [PASSED]
Unknown : 0.0 millivolt [PASSED]
Unknown : 0.0 millivolt [PASSED]",Unknown : -40.0 degree_Celsius [PASSED],Unknown : 0.0 ohm [PASSED],Unknown : 0.0 count [PASSED],"Unknown : 0.0 degree [PASSED]
Unknown : 0.0 degree [PASSED]
Unknown : 0.0 degree [PASSED]
Unknown : 0.0 degree [PASSED]",0.7 volt,-0.02734375 milliampere,"((), (False, False, False, False), (False, False, True, True))",India OBD II (IOBD II),0101010001000000000000000000000000000000,10111110001111101010100000010011,10000000000001111011000000010001,11111110110100001000010000000001,21.176470588235293 percent,2894.5 revolutions_per_minute,2302.0 second,-3.90625 percent,42.0 kilometer_per_hour,<obd.OBDResponse.Status object at 0x71b6c686df00>,<obd.OBDResponse.Status object at 0x71b6c686dfc0>,25.88235294117647 percent,31.764705882352942 percent,35.294117647058826 percent,15.5 degree,bytearray(b'MEXKRDPA7NG020286'),0.0 count,2025-04-28 15:23:10,2025-04-28 15:23:15,2025-04-28 15:23:10,Signal Acquired,15.371248,73.926751,0.76,0.19,9.48,-0.0,0.01,0.0,NO
,,,,,,,,,,,,,,,,,,,,,,,,,,,,,,,,,,,,,,,,,,,,,,,,,,,,,,,,,,,,,,,,,,,,,,,,,,,,,,,,,,,,,,,,,,,,,,,,,,,,,,,,,2025-04-28 15:23:10,Signal Acquired,15.371248,73.926751,0.57,0.06,9.38,-0.02,0.03,0.0,NO
,,,,,,,,,,,,,,,,,,,,,,,,,,,,,,,,,,,,,,,,,,,,,,,,,,,,,,,,,,,,,,,,,,,,,,,,,,,,,,,,,,,,,,,,,,,,,,,,,,,,,,,,,2025-04-28 15:23:10,Signal Acquired,15.371248,73.926751,0.71,0.14,9.43,-0.01,-0.0,0.0,NO
159.2156862745098 percent,63.13725490196079 percent,63.13725490196079 percent,35 degree_Celsius,99 kilopascal,bytearray(b'5E018DD3844BEA'),642.4000000000001 degree_Celsius,,,,,,0.0 kilometer,0.0 kilometer,,,,,,,,,,,,,,,,,,,,,,,,,,,,,,,,,,,,,,,ELM327 v1.5,12.5 volt,0.0 percent,0.0 percent,87.84313725490196 percent,"('Open loop due to engine load OR fuel cut due to deceleration', '')",Gasoline,[],[],34 kilopascal,54 degree_Celsius,1.5625 percent,0.0 percent,11000000000000000000000000000001,10000000000000000000100000001001,11000000000000000000000000000001,1.0,1.0,01111000000000000000000000000000,Unknown : 0.0 percent [PASSED],"Average misfire counts for last ten driving cycles : 0.0 count [PASSED]
Misfire counts for last/current driving cycles : 0.0 count [PASSED]","Average misfire counts for last ten driving cycles : 0.0 count [PASSED]
Misfire counts for last/current driving cycles : 0.0 count [PASSED]","Average misfire counts for last ten driving cycles : 0.0 count [PASSED]
Misfire counts for last/current driving cycles : 0.0 count [PASSED]","Average misfire counts for last ten driving cycles : 0.0 count [PASSED]
Misfire counts for last/current driving cycles : 0.0 count [PASSED]","Unknown : 0.0 count [PASSED]
Unknown : 0.0 count [PASSED]
Unknown : 0.0 ratio [PASSED]
Unknown : 0.0 millisecond [PASSED]","Rich to lean sensor switch time : 0.0 millisecond [PASSED]
Unknown : 0.0 millivolt [PASSED]
Unknown : 0.0 millivolt [PASSED]",Unknown : -40.0 degree_Celsius [PASSED],Unknown : 0.0 ohm [PASSED],Unknown : 0.0 count [PASSED],"Unknown : 0.0 degree [PASSED]
Unknown : 0.0 degree [PASSED]
Unknown : 0.0 degree [PASSED]
Unknown : 0.0 degree [PASSED]",0.0 volt,1.29296875 milliampere,"((), (False, False, False, False), (False, False, True, True))",India OBD II (IOBD II),0101010001000000000000000000000000000000,10111110001111101010100000010011,10000000000001111011000000010001,11111110110100001000010000000001,5.098039215686274 percent,2394.5 revolutions_per_minute,2309.0 second,0.0 percent,70.0 kilometer_per_hour,<obd.OBDResponse.Status object at 0x71b6c686f6a0>,<obd.OBDResponse.Status object at 0x71b6c686eb00>,6.666666666666667 percent,15.686274509803921 percent,15.686274509803921 percent,-7.5 degree,bytearray(b'MEXKRDPA7NG020286'),0.0 count,2025-04-28 15:23:17,2025-04-28 15:23:22,2025-04-28 15:23:17,Signal Acquired,15.371248,73.926751,0.27,0.08,9.45,-0.02,0.04,-0.0,NO
,,,,,,,,,,,,,,,,,,,,,,,,,,,,,,,,,,,,,,,,,,,,,,,,,,,,,,,,,,,,,,,,,,,,,,,,,,,,,,,,,,,,,,,,,,,,,,,,,,,,,,,,,2025-04-28 15:23:17,Signal Acquired,15.371248,73.92675,0.79,0.17,9.38,-0.0,-0.01,0.0,NO
,,,,,,,,,,,,,,,,,,,,,,,,,,,,,,,,,,,,,,,,,,,,,,,,,,,,,,,,,,,,,,,,,,,,,,,,,,,,,,,,,,,,,,,,,,,,,,,,,,,,,,,,,2025-04-28 15:23:17,Signal Acquired,15.371248,73.92675,-0.21,0.07,9.59,-0.02,0.03,-0.0,NO
18.431372549019606 percent,14.509803921568627 percent,14.901960784313726 percent,35 degree_Celsius,99 kilopascal,bytearray(b'5E018DD3844BEA'),709.7 degree_Celsius,,,,,,,0.0 kilometer,,,,,,,,,,,,,,,,,,,,,,,,,,,,,,,,,,,,,,,ELM327 v1.5,13.3 volt,20.392156862745097 percent,1.5686274509803921 percent,87.84313725490196 percent,"('Closed loop, using oxygen sensor feedback to determine fuel mix', '')",Gasoline,[],[],41 kilopascal,56 degree_Celsius,1.5625 percent,0.0 percent,11000000000000000000000000000001,10000000000000000000100000001001,11000000000000000000000000000001,1.0,1.0,01111000000000000000000000000000,Unknown : 0.0 percent [PASSED],"Average misfire counts for last ten driving cycles : 0.0 count [PASSED]
Misfire counts for last/current driving cycles : 0.0 count [PASSED]","Average misfire counts for last ten driving cycles : 0.0 count [PASSED]
Misfire counts for last/current driving cycles : 0.0 count [PASSED]","Average misfire counts for last ten driving cycles : 0.0 count [PASSED]
Misfire counts for last/current driving cycles : 0.0 count [PASSED]","Average misfire counts for last ten driving cycles : 0.0 count [PASSED]
Misfire counts for last/current driving cycles : 0.0 count [PASSED]","Unknown : 0.0 count [PASSED]
Unknown : 0.0 count [PASSED]
Unknown : 0.0 ratio [PASSED]
Unknown : 0.0 millisecond [PASSED]","Rich to lean sensor switch time : 0.0 millisecond [PASSED]
Unknown : 0.0 millivolt [PASSED]
Unknown : 0.0 millivolt [PASSED]",Unknown : -40.0 degree_Celsius [PASSED],Unknown : 0.0 ohm [PASSED],Unknown : 0.0 count [PASSED],"Unknown : 0.0 degree [PASSED]
Unknown : 0.0 degree [PASSED]
Unknown : 0.0 degree [PASSED]
Unknown : 0.0 degree [PASSED]",0.115 volt,-0.18359375 milliampere,"((), (False, False, False, False), (False, False, True, True))",India OBD II (IOBD II),0101010001000000000000000000000000000000,10111110001111101010100000010011,10000000000001111011000000010001,11111110110100001000010000000001,3.1372549019607843 percent,1381.5 revolutions_per_minute,2316.0 second,0.0 percent,63.0 kilometer_per_hour,<obd.OBDResponse.Status object at 0x71b6c6893d00>,<obd.OBDResponse.Status object at 0x71b6c6893b80>,3.9215686274509802 percent,13.333333333333334 percent,13.333333333333334 percent,-10.0 degree,bytearray(b'MEXKRDPA7NG020286'),0.0 count,2025-04-28 15:23:24,2025-04-28 15:23:29,2025-04-28 15:23:24,Signal Acquired,15.371248,73.92675,1.22,0.16,9.33,-0.0,-0.0,0.0,NO
,,,,,,,,,,,,,,,,,,,,,,,,,,,,,,,,,,,,,,,,,,,,,,,,,,,,,,,,,,,,,,,,,,,,,,,,,,,,,,,,,,,,,,,,,,,,,,,,,,,,,,,,,2025-04-28 15:23:24,Signal Acquired,15.371248,73.92675,-0.37,0.11,9.6,-0.02,0.03,-0.0,NO
,,,,,,,,,,,,,,,,,,,,,,,,,,,,,,,,,,,,,,,,,,,,,,,,,,,,,,,,,,,,,,,,,,,,,,,,,,,,,,,,,,,,,,,,,,,,,,,,,,,,,,,,,2025-04-28 15:23:24,Signal Acquired,15.371247,73.92675,0.83,0.16,9.3,-0.01,0.01,0.0,NO
53.333333333333336 percent,39.6078431372549 percent,40.0 percent,34 degree_Celsius,99 kilopascal,bytearray(b'5E018DD3844BEA'),679.0 degree_Celsius,,,,,,,0.0 kilometer,,,,,,,,,,,,,,,,,,,,,,,,,,,,,,,,,,,,,,,ELM327 v1.5,12.8 volt,63.529411764705884 percent,85.49019607843137 percent,87.84313725490196 percent,"('Closed loop, using oxygen sensor feedback to determine fuel mix', '')",Gasoline,[],[],113 kilopascal,56 degree_Celsius,2.34375 percent,0.0 percent,11000000000000000000000000000001,10000000000000000000100000001001,11000000000000000000000000000001,1.0,1.0,01111000000000000000000000000000,Unknown : 0.0 percent [PASSED],"Average misfire counts for last ten driving cycles : 0.0 count [PASSED]
Misfire counts for last/current driving cycles : 0.0 count [PASSED]","Average misfire counts for last ten driving cycles : 0.0 count [PASSED]
Misfire counts for last/current driving cycles : 0.0 count [PASSED]","Average misfire counts for last ten driving cycles : 0.0 count [PASSED]
Misfire counts for last/current driving cycles : 0.0 count [PASSED]","Average misfire counts for last ten driving cycles : 0.0 count [PASSED]
Misfire counts for last/current driving cycles : 0.0 count [PASSED]","Unknown : 0.0 count [PASSED]
Unknown : 0.0 count [PASSED]
Unknown : 0.0 ratio [PASSED]
Unknown : 0.0 millisecond [PASSED]","Rich to lean sensor switch time : 0.0 millisecond [PASSED]
Unknown : 0.0 millivolt [PASSED]
Unknown : 0.0 millivolt [PASSED]",Unknown : -40.0 degree_Celsius [PASSED],Unknown : 0.0 ohm [PASSED],Unknown : 0.0 count [PASSED],"Unknown : 0.0 degree [PASSED]
Unknown : 0.0 degree [PASSED]
Unknown : 0.0 degree [PASSED]
Unknown : 0.0 degree [PASSED]",0.71 volt,-0.0234375 milliampere,"((), (False, False, False, False), (False, False, True, True))",India OBD II (IOBD II),0101010001000000000000000000000000000000,10111110001111101010100000010011,10000000000001111011000000010001,11111110110100001000010000000001,77.25490196078431 percent,1396.5 revolutions_per_minute,2322.0 second,3.125 percent,65.0 kilometer_per_hour,<obd.OBDResponse.Status object at 0x71b6c66c1120>,<obd.OBDResponse.Status object at 0x71b6c66c11e0>,99.6078431372549 percent,87.45098039215686 percent,88.23529411764706 percent,-3.0 degree,bytearray(b'MEXKRDPA7NG020286'),0.0 count,2025-04-28 15:23:30,2025-04-28 15:23:36,2025-04-28 15:23:30,Signal Acquired,15.371247,73.92675,0.06,0.09,9.49,-0.02,0.03,-0.0,NO
,,,,,,,,,,,,,,,,,,,,,,,,,,,,,,,,,,,,,,,,,,,,,,,,,,,,,,,,,,,,,,,,,,,,,,,,,,,,,,,,,,,,,,,,,,,,,,,,,,,,,,,,,2025-04-28 15:23:30,Signal Acquired,15.371247,73.92675,0.75,0.16,9.39,-0.01,0.0,0.0,NO
,,,,,,,,,,,,,,,,,,,,,,,,,,,,,,,,,,,,,,,,,,,,,,,,,,,,,,,,,,,,,,,,,,,,,,,,,,,,,,,,,,,,,,,,,,,,,,,,,,,,,,,,,2025-04-28 15:23:30,Signal Acquired,15.371247,73.92675,0.08,0.13,9.46,-0.02,0.04,-0.0,NO
96.86274509803921 percent,36.86274509803921 percent,36.470588235294116 percent,34 degree_Celsius,99 kilopascal,bytearray(b'5E018DD3844BEA'),649.9000000000001 degree_Celsius,,,,,,0.0 kilometer,0.0 kilometer,,,,,,,,,,,,,,,,,,,,,,,,,,,,,,,,,,,,,,,ELM327 v1.5,12.5 volt,15.686274509803921 percent,6.2745098039215685 percent,87.84313725490196 percent,"('Closed loop, using oxygen sensor feedback to determine fuel mix', '')",Gasoline,[],[],39 kilopascal,54 degree_Celsius,1.5625 percent,0.0 percent,11000000000000000000000000000001,10000000000000000000100000001001,11000000000000000000000000000001,1.0,1.0,01111000000000000000000000000000,Unknown : 0.0 percent [PASSED],"Average misfire counts for last ten driving cycles : 0.0 count [PASSED]
Misfire counts for last/current driving cycles : 0.0 count [PASSED]","Average misfire counts for last ten driving cycles : 0.0 count [PASSED]
Misfire counts for last/current driving cycles : 0.0 count [PASSED]","Average misfire counts for last ten driving cycles : 0.0 count [PASSED]
Misfire counts for last/current driving cycles : 0.0 count [PASSED]","Average misfire counts for last ten driving cycles : 0.0 count [PASSED]
Misfire counts for last/current driving cycles : 0.0 count [PASSED]","Unknown : 0.0 count [PASSED]
Unknown : 0.0 count [PASSED]
Unknown : 0.0 ratio [PASSED]
Unknown : 0.0 millisecond [PASSED]","Rich to lean sensor switch time : 0.0 millisecond [PASSED]
Unknown : 0.0 millivolt [PASSED]
Unknown : 0.0 millivolt [PASSED]",Unknown : -40.0 degree_Celsius [PASSED],Unknown : 0.0 ohm [PASSED],Unknown : 0.0 count [PASSED],"Unknown : 0.0 degree [PASSED]
Unknown : 0.0 degree [PASSED]
Unknown : 0.0 degree [PASSED]
Unknown : 0.0 degree [PASSED]",0.725 volt,0.0 milliampere,"((), (False, False, False, False), (False, False, True, True))",India OBD II (IOBD II),0101010001000000000000000000000000000000,10111110001111101010100000010011,10000000000001111011000000010001,11111110110100001000010000000001,5.882352941176471 percent,1599.0 revolutions_per_minute,2329.0 second,-3.90625 percent,73.0 kilometer_per_hour,<obd.OBDResponse.Status object at 0x71b6c66d2ec0>,<obd.OBDResponse.Status object at 0x71b6c66d2f80>,2.7450980392156863 percent,12.156862745098039 percent,12.549019607843137 percent,18.5 degree,bytearray(b'MEXKRDPA7NG020286'),0.0 count,2025-04-28 15:23:37,2025-04-28 15:23:42,2025-04-28 15:23:37,Signal Acquired,15.371248,73.926749,0.87,0.22,9.4,0.0,0.0,0.0,NO
,,,,,,,,,,,,,,,,,,,,,,,,,,,,,,,,,,,,,,,,,,,,,,,,,,,,,,,,,,,,,,,,,,,,,,,,,,,,,,,,,,,,,,,,,,,,,,,,,,,,,,,,,2025-04-28 15:23:37,Signal Acquired,15.371248,73.926749,-0.21,0.09,9.5,-0.02,0.05,-0.0,NO
,,,,,,,,,,,,,,,,,,,,,,,,,,,,,,,,,,,,,,,,,,,,,,,,,,,,,,,,,,,,,,,,,,,,,,,,,,,,,,,,,,,,,,,,,,,,,,,,,,,,,,,,,2025-04-28 15:23:37,Signal Acquired,15.371248,73.926749,1.11,0.14,9.28,-0.0,0.01,0.0,NO
16.07843137254902 percent,16.862745098039216 percent,17.254901960784313 percent,34 degree_Celsius,99 kilopascal,bytearray(b'5E018DD3844BEA'),639.9000000000001 degree_Celsius,,,,,,,0.0 kilometer,,,,,,,,,,,,,,,,,,,,,,,,,,,,,,,,,,,,,,,ELM327 v1.5,13.3 volt,0.0 percent,0.0 percent,87.84313725490196 percent,"('Open loop due to engine load OR fuel cut due to deceleration', '')",Gasoline,[],[],29 kilopascal,56 degree_Celsius,-2.34375 percent,0.0 percent,11000000000000000000000000000001,10000000000000000000100000001001,11000000000000000000000000000001,1.0,1.0,01111000000000000000000000000000,Unknown : 0.0 percent [PASSED],"Average misfire counts for last ten driving cycles : 0.0 count [PASSED]
Misfire counts for last/current driving cycles : 0.0 count [PASSED]","Average misfire counts for last ten driving cycles : 0.0 count [PASSED]
Misfire counts for last/current driving cycles : 0.0 count [PASSED]","Average misfire counts for last ten driving cycles : 0.0 count [PASSED]
Misfire counts for last/current driving cycles : 0.0 count [PASSED]","Average misfire counts for last ten driving cycles : 0.0 count [PASSED]
Misfire counts for last/current driving cycles : 0.0 count [PASSED]","Unknown : 0.0 count [PASSED]
Unknown : 0.0 count [PASSED]
Unknown : 0.0 ratio [PASSED]
Unknown : 0.0 millisecond [PASSED]","Rich to lean sensor switch time : 0.0 millisecond [PASSED]
Unknown : 0.0 millivolt [PASSED]
Unknown : 0.0 millivolt [PASSED]",Unknown : -40.0 degree_Celsius [PASSED],Unknown : 0.0 ohm [PASSED],Unknown : 0.0 count [PASSED],"Unknown : 0.0 degree [PASSED]
Unknown : 0.0 degree [PASSED]
Unknown : 0.0 degree [PASSED]
Unknown : 0.0 degree [PASSED]",0.005 volt,1.22265625 milliampere,"((), (False, False, False, False), (False, False, True, True))",India OBD II (IOBD II),0101010001000000000000000000000000000000,10111110001111101010100000010011,10000000000001111011000000010001,11111110110100001000010000000001,3.1372549019607843 percent,1473.0 revolutions_per_minute,2336.0 second,0.0 percent,67.0 kilometer_per_hour,<obd.OBDResponse.Status object at 0x71b6c66f4b20>,<obd.OBDResponse.Status object at 0x71b6c66f4be0>,3.9215686274509802 percent,13.333333333333334 percent,13.72549019607843 percent,-10.5 degree,bytearray(b'MEXKRDPA7NG020286'),0.0 count,2025-04-28 15:23:44,2025-04-28 15:23:49,2025-04-28 15:23:44,Signal Acquired,15.371248,73.926749,-0.16,0.15,9.53,-0.02,0.04,-0.0,NO
,,,,,,,,,,,,,,,,,,,,,,,,,,,,,,,,,,,,,,,,,,,,,,,,,,,,,,,,,,,,,,,,,,,,,,,,,,,,,,,,,,,,,,,,,,,,,,,,,,,,,,,,,2025-04-28 15:23:44,Signal Acquired,15.371248,73.926748,0.83,0.21,9.39,0.0,0.01,0.0,NO
,,,,,,,,,,,,,,,,,,,,,,,,,,,,,,,,,,,,,,,,,,,,,,,,,,,,,,,,,,,,,,,,,,,,,,,,,,,,,,,,,,,,,,,,,,,,,,,,,,,,,,,,,2025-04-28 15:23:44,Signal Acquired,15.371248,73.926748,0.38,0.08,9.41,-0.02,0.05,-0.0,NO
16.862745098039216 percent,14.509803921568627 percent,14.901960784313726 percent,34 degree_Celsius,99 kilopascal,bytearray(b'5E018DD3844BEA'),623.2 degree_Celsius,,,,,,0.0 kilometer,0.0 kilometer,,,,,,,,,,,,,,,,,,,,,,,,,,,,,,,,,,,,,,,ELM327 v1.5,14.0 volt,0.0 percent,0.0 percent,87.84313725490196 percent,"('Open loop due to engine load OR fuel cut due to deceleration', '')",Gasoline,[],[],28 kilopascal,56 degree_Celsius,0.78125 percent,0.0 percent,11000000000000000000000000000001,10000000000000000000100000001001,11000000000000000000000000000001,1.0,1.0,01111000000000000000000000000000,Unknown : 0.0 percent [PASSED],"Average misfire counts for last ten driving cycles : 0.0 count [PASSED]
Misfire counts for last/current driving cycles : 0.0 count [PASSED]","Average misfire counts for last ten driving cycles : 0.0 count [PASSED]
Misfire counts for last/current driving cycles : 0.0 count [PASSED]","Average misfire counts for last ten driving cycles : 0.0 count [PASSED]
Misfire counts for last/current driving cycles : 0.0 count [PASSED]","Average misfire counts for last ten driving cycles : 0.0 count [PASSED]
Misfire counts for last/current driving cycles : 0.0 count [PASSED]","Unknown : 0.0 count [PASSED]
Unknown : 0.0 count [PASSED]
Unknown : 0.0 ratio [PASSED]
Unknown : 0.0 millisecond [PASSED]","Rich to lean sensor switch time : 0.0 millisecond [PASSED]
Unknown : 0.0 millivolt [PASSED]
Unknown : 0.0 millivolt [PASSED]",Unknown : -40.0 degree_Celsius [PASSED],Unknown : 0.0 ohm [PASSED],Unknown : 0.0 count [PASSED],"Unknown : 0.0 degree [PASSED]
Unknown : 0.0 degree [PASSED]
Unknown : 0.0 degree [PASSED]
Unknown : 0.0 degree [PASSED]",0.005 volt,1.26171875 milliampere,"((), (False, False, False, False), (False, False, True, True))",India OBD II (IOBD II),0101010001000000000000000000000000000000,10111110001111101010100000010011,10000000000001111011000000010001,11111110110100001000010000000001,2.3529411764705883 percent,1203.5 revolutions_per_minute,2343.0 second,0.0 percent,55.0 kilometer_per_hour,<obd.OBDResponse.Status object at 0x71b6c66ff1c0>,<obd.OBDResponse.Status object at 0x71b6c66ff280>,3.1372549019607843 percent,12.941176470588236 percent,12.941176470588236 percent,-11.5 degree,bytearray(b'MEXKRDPA7NG020286'),0.0 count,2025-04-28 15:23:51,2025-04-28 15:23:56,2025-04-28 15:23:51,Signal Acquired,15.371249,73.926746,0.6,0.16,9.45,-0.0,0.0,0.0,NO
,,,,,,,,,,,,,,,,,,,,,,,,,,,,,,,,,,,,,,,,,,,,,,,,,,,,,,,,,,,,,,,,,,,,,,,,,,,,,,,,,,,,,,,,,,,,,,,,,,,,,,,,,2025-04-28 15:23:51,Signal Acquired,15.371249,73.926746,0.7,0.09,9.28,-0.02,0.04,-0.0,NO
,,,,,,,,,,,,,,,,,,,,,,,,,,,,,,,,,,,,,,,,,,,,,,,,,,,,,,,,,,,,,,,,,,,,,,,,,,,,,,,,,,,,,,,,,,,,,,,,,,,,,,,,,2025-04-28 15:23:51,Signal Acquired,15.37125,73.926746,0.26,0.14,9.57,-0.0,0.0,0.0,NO
21.176470588235293 percent,21.96078431372549 percent,21.96078431372549 percent,34 degree_Celsius,99 kilopascal,bytearray(b'5E018DD3844BEA'),603.2 degree_Celsius,,,,,,0.0 kilometer,0.0 kilometer,,,,,,,,,,,,,,,,,,,,,,,,,,,,,,,,,,,,,,,ELM327 v1.5,12.6 volt,13.333333333333334 percent,4.705882352941177 percent,87.84313725490196 percent,"('Closed loop, using oxygen sensor feedback to determine fuel mix', '')",Gasoline,[],[],24 kilopascal,56 degree_Celsius,0.78125 percent,0.0 percent,11000000000000000000000000000001,10000000000000000000100000001001,11000000000000000000000000000001,1.0,1.0,01111000000000000000000000000000,Unknown : 0.0 percent [PASSED],"Average misfire counts for last ten driving cycles : 0.0 count [PASSED]
Misfire counts for last/current driving cycles : 0.0 count [PASSED]","Average misfire counts for last ten driving cycles : 0.0 count [PASSED]
Misfire counts for last/current driving cycles : 0.0 count [PASSED]","Average misfire counts for last ten driving cycles : 0.0 count [PASSED]
Misfire counts for last/current driving cycles : 0.0 count [PASSED]","Average misfire counts for last ten driving cycles : 0.0 count [PASSED]
Misfire counts for last/current driving cycles : 0.0 count [PASSED]","Unknown : 0.0 count [PASSED]
Unknown : 0.0 count [PASSED]
Unknown : 0.0 ratio [PASSED]
Unknown : 0.0 millisecond [PASSED]","Rich to lean sensor switch time : 0.0 millisecond [PASSED]
Unknown : 0.0 millivolt [PASSED]
Unknown : 0.0 millivolt [PASSED]",Unknown : -40.0 degree_Celsius [PASSED],Unknown : 0.0 ohm [PASSED],Unknown : 0.0 count [PASSED],"Unknown : 0.0 degree [PASSED]
Unknown : 0.0 degree [PASSED]
Unknown : 0.0 degree [PASSED]
Unknown : 0.0 degree [PASSED]",0.11 volt,0.97265625 milliampere,"((), (False, False, False, False), (False, False, True, True))",India OBD II (IOBD II),0101010001000000000000000000000000000000,10111110001111101010100000010011,10000000000001111011000000010001,11111110110100001000010000000001,2.7450980392156863 percent,1270.0 revolutions_per_minute,2350.0 second,0.0 percent,59.0 kilometer_per_hour,<obd.OBDResponse.Status object at 0x71b6c671ccd0>,<obd.OBDResponse.Status object at 0x71b6c671cd90>,3.5294117647058822 percent,13.333333333333334 percent,13.333333333333334 percent,-11.5 degree,bytearray(b'MEXKRDPA7NG020286'),0.0 count,2025-04-28 15:23:58,2025-04-28 15:24:03,2025-04-28 15:23:58,Signal Acquired,15.37125,73.926746,0.79,0.08,9.3,-0.02,0.04,-0.0,NO
,,,,,,,,,,,,,,,,,,,,,,,,,,,,,,,,,,,,,,,,,,,,,,,,,,,,,,,,,,,,,,,,,,,,,,,,,,,,,,,,,,,,,,,,,,,,,,,,,,,,,,,,,2025-04-28 15:23:58,Signal Acquired,15.37125,73.926745,0.59,0.12,9.46,-0.0,-0.01,0.0,NO
,,,,,,,,,,,,,,,,,,,,,,,,,,,,,,,,,,,,,,,,,,,,,,,,,,,,,,,,,,,,,,,,,,,,,,,,,,,,,,,,,,,,,,,,,,,,,,,,,,,,,,,,,2025-04-28 15:23:58,Signal Acquired,15.37125,73.926745,0.49,0.15,9.36,-0.02,0.04,-0.0,NO
16.862745098039216 percent,15.294117647058824 percent,15.294117647058824 percent,34 degree_Celsius,100 kilopascal,bytearray(b'5E018DD3844BEA'),583.4000000000001 degree_Celsius,,,,,,0.0 kilometer,0.0 kilometer,,,,,,,,,,,,,,,,,,,,,,,,,,,,,,,,,,,,,,,ELM327 v1.5,14.0 volt,0.0 percent,0.0 percent,87.84313725490196 percent,"('Open loop due to engine load OR fuel cut due to deceleration', '')",Gasoline,[],[],29 kilopascal,56 degree_Celsius,1.5625 percent,0.0 percent,11000000000000000000000000000001,10000000000000000000100000001001,11000000000000000000000000000001,1.0,1.0,01111000000000000000000000000000,Unknown : 0.0 percent [PASSED],"Average misfire counts for last ten driving cycles : 0.0 count [PASSED]
Misfire counts for last/current driving cycles : 0.0 count [PASSED]","Average misfire counts for last ten driving cycles : 0.0 count [PASSED]
Misfire counts for last/current driving cycles : 0.0 count [PASSED]","Average misfire counts for last ten driving cycles : 0.0 count [PASSED]
Misfire counts for last/current driving cycles : 0.0 count [PASSED]","Average misfire counts for last ten driving cycles : 0.0 count [PASSED]
Misfire counts for last/current driving cycles : 0.0 count [PASSED]","Unknown : 0.0 count [PASSED]
Unknown : 0.0 count [PASSED]
Unknown : 0.0 ratio [PASSED]
Unknown : 0.0 millisecond [PASSED]","Rich to lean sensor switch time : 0.0 millisecond [PASSED]
Unknown : 0.0 millivolt [PASSED]
Unknown : 0.0 millivolt [PASSED]",Unknown : -40.0 degree_Celsius [PASSED],Unknown : 0.0 ohm [PASSED],Unknown : 0.0 count [PASSED],"Unknown : 0.0 degree [PASSED]
Unknown : 0.0 degree [PASSED]
Unknown : 0.0 degree [PASSED]
Unknown : 0.0 degree [PASSED]",0.005 volt,1.27734375 milliampere,"((), (False, False, False, False), (False, False, True, True))",India OBD II (IOBD II),0101010001000000000000000000000000000000,10111110001111101010100000010011,10000000000001111011000000010001,11111110110100001000010000000001,2.3529411764705883 percent,1003.5 revolutions_per_minute,2357.0 second,0.0 percent,63.0 kilometer_per_hour,<obd.OBDResponse.Status object at 0x71b6c67172e0>,<obd.OBDResponse.Status object at 0x71b6c67173a0>,3.1372549019607843 percent,12.549019607843137 percent,12.941176470588236 percent,0.0 degree,bytearray(b'MEXKRDPA7NG020286'),0.0 count,2025-04-28 15:24:05,2025-04-28 15:24:10,2025-04-28 15:24:05,Signal Acquired,15.37125,73.926743,0.64,0.11,9.47,-0.0,-0.01,0.0,NO
,,,,,,,,,,,,,,,,,,,,,,,,,,,,,,,,,,,,,,,,,,,,,,,,,,,,,,,,,,,,,,,,,,,,,,,,,,,,,,,,,,,,,,,,,,,,,,,,,,,,,,,,,2025-04-28 15:24:05,Signal Acquired,15.37125,73.926743,0.75,0.07,9.33,-0.02,0.03,0.0,NO
,,,,,,,,,,,,,,,,,,,,,,,,,,,,,,,,,,,,,,,,,,,,,,,,,,,,,,,,,,,,,,,,,,,,,,,,,,,,,,,,,,,,,,,,,,,,,,,,,,,,,,,,,2025-04-28 15:24:05,Signal Acquired,15.37125,73.926743,0.25,0.15,9.55,-0.01,-0.0,0.0,NO
24.705882352941178 percent,14.509803921568627 percent,14.901960784313726 percent,33 degree_Celsius,100 kilopascal,bytearray(b'5E018DD3844BEA'),563.6 degree_Celsius,,,,,,0.0 kilometer,0.0 kilometer,,,,,,,,,,,,,,,,,,,,,,,,,,,,,,,,,,,,,,,ELM327 v1.5,12.5 volt,16.862745098039216 percent,7.8431372549019605 percent,87.84313725490196 percent,"('Closed loop, using oxygen sensor feedback to determine fuel mix', '')",Gasoline,[],[],33 kilopascal,56 degree_Celsius,1.5625 percent,0.0 percent,11000000000000000000000000000001,10000000000000000000100000001001,11000000000000000000000000000001,1.0,1.0,01111000000000000000000000000000,Unknown : 0.0 percent [PASSED],"Average misfire counts for last ten driving cycles : 0.0 count [PASSED]
Misfire counts for last/current driving cycles : 0.0 count [PASSED]","Average misfire counts for last ten driving cycles : 0.0 count [PASSED]
Misfire counts for last/current driving cycles : 0.0 count [PASSED]","Average misfire counts for last ten driving cycles : 0.0 count [PASSED]
Misfire counts for last/current driving cycles : 0.0 count [PASSED]","Average misfire counts for last ten driving cycles : 0.0 count [PASSED]
Misfire counts for last/current driving cycles : 1.0 count [PASSED]","Unknown : 0.0 count [PASSED]
Unknown : 0.0 count [PASSED]
Unknown : 0.0 ratio [PASSED]
Unknown : 0.0 millisecond [PASSED]","Rich to lean sensor switch time : 0.0 millisecond [PASSED]
Unknown : 0.0 millivolt [PASSED]
Unknown : 0.0 millivolt [PASSED]",Unknown : -40.0 degree_Celsius [PASSED],Unknown : 0.0 ohm [PASSED],Unknown : 0.0 count [PASSED],"Unknown : 0.0 degree [PASSED]
Unknown : 0.0 degree [PASSED]
Unknown : 0.0 degree [PASSED]
Unknown : 0.0 degree [PASSED]",0.135 volt,-0.24609375 milliampere,"((), (False, False, False, False), (False, False, True, True))",India OBD II (IOBD II),0101010001000000000000000000000000000000,10111110001111101010100000010011,10000000000001111011000000010001,11111110110100001000010000000001,7.0588235294117645 percent,1504.0 revolutions_per_minute,2364.0 second,0.0 percent,44.0 kilometer_per_hour,<obd.OBDResponse.Status object at 0x71b6c6759030>,<obd.OBDResponse.Status object at 0x71b6c67590f0>,9.803921568627452 percent,18.03921568627451 percent,18.431372549019606 percent,15.5 degree,bytearray(b'MEXKRDPA7NG020286'),0.0 count,2025-04-28 15:24:11,2025-04-28 15:24:17,2025-04-28 15:24:11,Signal Acquired,15.37125,73.926743,0.64,0.12,9.32,-0.02,0.03,-0.0,NO
,,,,,,,,,,,,,,,,,,,,,,,,,,,,,,,,,,,,,,,,,,,,,,,,,,,,,,,,,,,,,,,,,,,,,,,,,,,,,,,,,,,,,,,,,,,,,,,,,,,,,,,,,2025-04-28 15:24:11,Signal Acquired,15.37125,73.926743,0.35,0.2,9.53,-0.0,-0.0,0.0,NO
,,,,,,,,,,,,,,,,,,,,,,,,,,,,,,,,,,,,,,,,,,,,,,,,,,,,,,,,,,,,,,,,,,,,,,,,,,,,,,,,,,,,,,,,,,,,,,,,,,,,,,,,,2025-04-28 15:24:11,Signal Acquired,15.37125,73.926743,0.44,0.1,9.35,-0.02,0.05,-0.0,NO
55.294117647058826 percent,30.980392156862745 percent,30.980392156862745 percent,33 degree_Celsius,100 kilopascal,bytearray(b'5E018DD3844BEA'),543.5 degree_Celsius,,,,,,0.0 kilometer,0.0 kilometer,,,,,,,,,,,,,,,,,,,,,,,,,,,,,,,,,,,,,,,ELM327 v1.5,12.5 volt,29.019607843137255 percent,74.50980392156863 percent,87.84313725490196 percent,"('Closed loop, using oxygen sensor feedback to determine fuel mix', '')",Gasoline,[],[],74 kilopascal,53 degree_Celsius,1.5625 percent,0.0 percent,11000000000000000000000000000001,10000000000000000000100000001001,11000000000000000000000000000001,1.0,1.0,01111000000000000000000000000000,Unknown : 0.0 percent [PASSED],"Average misfire counts for last ten driving cycles : 0.0 count [PASSED]
Misfire counts for last/current driving cycles : 0.0 count [PASSED]","Average misfire counts for last ten driving cycles : 0.0 count [PASSED]
Misfire counts for last/current driving cycles : 0.0 count [PASSED]","Average misfire counts for last ten driving cycles : 0.0 count [PASSED]
Misfire counts for last/current driving cycles : 0.0 count [PASSED]","Average misfire counts for last ten driving cycles : 0.0 count [PASSED]
Misfire counts for last/current driving cycles : 0.0 count [PASSED]","Unknown : 0.0 count [PASSED]
Unknown : 0.0 count [PASSED]
Unknown : 0.0 ratio [PASSED]
Unknown : 0.0 millisecond [PASSED]","Rich to lean sensor switch time : 0.0 millisecond [PASSED]
Unknown : 0.0 millivolt [PASSED]
Unknown : 0.0 millivolt [PASSED]",Unknown : -40.0 degree_Celsius [PASSED],Unknown : 0.0 ohm [PASSED],Unknown : 0.0 count [PASSED],"Unknown : 0.0 degree [PASSED]
Unknown : 0.0 degree [PASSED]
Unknown : 0.0 degree [PASSED]
Unknown : 0.0 degree [PASSED]",0.705 volt,-0.01953125 milliampere,"((), (False, False, False, False), (False, False, True, True))",India OBD II (IOBD II),0101010001000000000000000000000000000000,10111110001111101010100000010011,10000000000001111011000000010001,11111110110100001000010000000001,5.490196078431373 percent,2028.5 revolutions_per_minute,2370.0 second,3.125 percent,60.0 kilometer_per_hour,<obd.OBDResponse.Status object at 0x71b6c676f640>,<obd.OBDResponse.Status object at 0x71b6c676f700>,6.2745098039215685 percent,15.294117647058824 percent,15.294117647058824 percent,-1.5 degree,bytearray(b'MEXKRDPA7NG020286'),0.0 count,2025-04-28 15:24:18,2025-04-28 15:24:24,2025-04-28 15:24:18,Signal Acquired,15.371247,73.926745,0.24,0.22,9.61,-0.0,-0.0,0.0,NO
,,,,,,,,,,,,,,,,,,,,,,,,,,,,,,,,,,,,,,,,,,,,,,,,,,,,,,,,,,,,,,,,,,,,,,,,,,,,,,,,,,,,,,,,,,,,,,,,,,,,,,,,,2025-04-28 15:24:18,Signal Acquired,15.371247,73.926745,0.25,0.16,9.29,-0.02,0.05,-0.0,NO
,,,,,,,,,,,,,,,,,,,,,,,,,,,,,,,,,,,,,,,,,,,,,,,,,,,,,,,,,,,,,,,,,,,,,,,,,,,,,,,,,,,,,,,,,,,,,,,,,,,,,,,,,2025-04-28 15:24:18,Signal Acquired,15.371246,73.926747,0.38,0.2,9.54,-0.0,0.01,0.0,NO
17.254901960784313 percent,14.509803921568627 percent,14.901960784313726 percent,33 degree_Celsius,100 kilopascal,bytearray(b'5E018DD3844BEA'),538.1 degree_Celsius,,,,,,0.0 kilometer,0.0 kilometer,,,,,,,,,,,,,,,,,,,,,,,,,,,,,,,,,,,,,,,ELM327 v1.5,14.1 volt,0.0 percent,0.0 percent,87.84313725490196 percent,"('Open loop due to engine load OR fuel cut due to deceleration', '')",Gasoline,[],[],30 kilopascal,54 degree_Celsius,-2.34375 percent,0.0 percent,11000000000000000000000000000001,10000000000000000000100000001001,11000000000000000000000000000001,1.0,1.0,01111000000000000000000000000000,Unknown : 0.0 percent [PASSED],"Average misfire counts for last ten driving cycles : 0.0 count [PASSED]
Misfire counts for last/current driving cycles : 0.0 count [PASSED]","Average misfire counts for last ten driving cycles : 0.0 count [PASSED]
Misfire counts for last/current driving cycles : 0.0 count [PASSED]","Average misfire counts for last ten driving cycles : 0.0 count [PASSED]
Misfire counts for last/current driving cycles : 0.0 count [PASSED]","Average misfire counts for last ten driving cycles : 0.0 count [PASSED]
Misfire counts for last/current driving cycles : 0.0 count [PASSED]","Unknown : 0.0 count [PASSED]
Unknown : 0.0 count [PASSED]
Unknown : 0.0 ratio [PASSED]
Unknown : 0.0 millisecond [PASSED]","Rich to lean sensor switch time : 0.0 millisecond [PASSED]
Unknown : 0.0 millivolt [PASSED]
Unknown : 0.0 millivolt [PASSED]",Unknown : -40.0 degree_Celsius [PASSED],Unknown : 0.0 ohm [PASSED],Unknown : 0.0 count [PASSED],"Unknown : 0.0 degree [PASSED]
Unknown : 0.0 degree [PASSED]
Unknown : 0.0 degree [PASSED]
Unknown : 0.0 degree [PASSED]",0.005 volt,1.234375 milliampere,"((), (False, False, False, False), (False, False, True, True))",India OBD II (IOBD II),0101010001000000000000000000000000000000,10111110001111101010100000010011,10000000000001111011000000010001,11111110110100001000010000000001,1.5686274509803921 percent,1944.5 revolutions_per_minute,2377.0 second,0.0 percent,57.0 kilometer_per_hour,<obd.OBDResponse.Status object at 0x71b6c6791810>,<obd.OBDResponse.Status object at 0x71b6c67918d0>,1.9607843137254901 percent,12.156862745098039 percent,12.156862745098039 percent,-7.5 degree,bytearray(b'MEXKRDPA7NG020286'),0.0 count,2025-04-28 15:24:25,2025-04-28 15:24:30,2025-04-28 15:24:25,Signal Acquired,15.371246,73.926747,0.4,0.13,9.34,-0.02,0.04,-0.0,NO
,,,,,,,,,,,,,,,,,,,,,,,,,,,,,,,,,,,,,,,,,,,,,,,,,,,,,,,,,,,,,,,,,,,,,,,,,,,,,,,,,,,,,,,,,,,,,,,,,,,,,,,,,2025-04-28 15:24:25,Signal Acquired,15.371247,73.926746,0.31,0.22,9.53,-0.0,0.01,0.0,NO
,,,,,,,,,,,,,,,,,,,,,,,,,,,,,,,,,,,,,,,,,,,,,,,,,,,,,,,,,,,,,,,,,,,,,,,,,,,,,,,,,,,,,,,,,,,,,,,,,,,,,,,,,2025-04-28 15:24:25,Signal Acquired,15.371247,73.926746,0.57,0.09,9.28,-0.02,0.05,-0.0,NO
16.862745098039216 percent,14.509803921568627 percent,14.901960784313726 percent,33 degree_Celsius,100 kilopascal,bytearray(b'5E018DD3844BEA'),528.4 degree_Celsius,,,,,,,0.0 kilometer,,,,,,,,,,,,,,,,,,,,,,,,,,,,,,,,,,,,,,,ELM327 v1.5,14.0 volt,0.0 percent,0.0 percent,87.84313725490196 percent,"('Open loop due to engine load OR fuel cut due to deceleration', '')",Gasoline,[],[],30 kilopascal,55 degree_Celsius,-2.34375 percent,0.0 percent,11000000000000000000000000000001,10000000000000000000100000001001,11000000000000000000000000000001,1.0,1.0,01111000000000000000000000000000,Unknown : 0.0 percent [PASSED],"Average misfire counts for last ten driving cycles : 0.0 count [PASSED]
Misfire counts for last/current driving cycles : 0.0 count [PASSED]","Average misfire counts for last ten driving cycles : 0.0 count [PASSED]
Misfire counts for last/current driving cycles : 0.0 count [PASSED]","Average misfire counts for last ten driving cycles : 0.0 count [PASSED]
Misfire counts for last/current driving cycles : 0.0 count [PASSED]","Average misfire counts for last ten driving cycles : 0.0 count [PASSED]
Misfire counts for last/current driving cycles : 0.0 count [PASSED]","Unknown : 0.0 count [PASSED]
Unknown : 0.0 count [PASSED]
Unknown : 0.0 ratio [PASSED]
Unknown : 0.0 millisecond [PASSED]","Rich to lean sensor switch time : 0.0 millisecond [PASSED]
Unknown : 0.0 millivolt [PASSED]
Unknown : 0.0 millivolt [PASSED]",Unknown : -40.0 degree_Celsius [PASSED],Unknown : 0.0 ohm [PASSED],Unknown : 0.0 count [PASSED],"Unknown : 0.0 degree [PASSED]
Unknown : 0.0 degree [PASSED]
Unknown : 0.0 degree [PASSED]
Unknown : 0.0 degree [PASSED]",0.06 volt,-0.265625 milliampere,"((), (False, False, False, False), (False, False, True, True))",India OBD II (IOBD II),0101010001000000000000000000000000000000,10111110001111101010100000010011,10000000000001111011000000010001,11111110110100001000010000000001,10.588235294117647 percent,1929.0 revolutions_per_minute,2384.0 second,0.0 percent,57.0 kilometer_per_hour,<obd.OBDResponse.Status object at 0x71b6c67a38b0>,<obd.OBDResponse.Status object at 0x71b6c67a3970>,11.372549019607844 percent,19.215686274509803 percent,18.431372549019606 percent,7.5 degree,bytearray(b'MEXKRDPA7NG020286'),0.0 count,2025-04-28 15:24:32,2025-04-28 15:24:37,2025-04-28 15:24:32,Signal Acquired,15.371246,73.926746,0.33,0.13,9.53,-0.0,0.0,0.0,NO
,,,,,,,,,,,,,,,,,,,,,,,,,,,,,,,,,,,,,,,,,,,,,,,,,,,,,,,,,,,,,,,,,,,,,,,,,,,,,,,,,,,,,,,,,,,,,,,,,,,,,,,,,2025-04-28 15:24:32,Signal Acquired,15.371246,73.926746,0.98,0.12,9.3,-0.02,0.05,-0.0,NO
,,,,,,,,,,,,,,,,,,,,,,,,,,,,,,,,,,,,,,,,,,,,,,,,,,,,,,,,,,,,,,,,,,,,,,,,,,,,,,,,,,,,,,,,,,,,,,,,,,,,,,,,,2025-04-28 15:24:32,Signal Acquired,15.371246,73.926745,0.54,0.15,9.48,-0.0,-0.01,0.0,NO
23.137254901960784 percent,21.96078431372549 percent,23.529411764705884 percent,33 degree_Celsius,100 kilopascal,bytearray(b'5E018DD3844BEA'),513.9 degree_Celsius,,,,,,,0.0 kilometer,,,,,,,,,,,,,,,,,,,,,,,,,,,,,,,,,,,,,,,ELM327 v1.5,12.6 volt,16.470588235294116 percent,4.705882352941177 percent,87.84313725490196 percent,"('Closed loop, using oxygen sensor feedback to determine fuel mix', '')",Gasoline,[],[],40 kilopascal,54 degree_Celsius,1.5625 percent,0.0 percent,11000000000000000000000000000001,10000000000000000000100000001001,11000000000000000000000000000001,1.0,1.0,01111000000000000000000000000000,Unknown : 0.0 percent [PASSED],"Average misfire counts for last ten driving cycles : 0.0 count [PASSED]
Misfire counts for last/current driving cycles : 0.0 count [PASSED]","Average misfire counts for last ten driving cycles : 0.0 count [PASSED]
Misfire counts for last/current driving cycles : 0.0 count [PASSED]","Average misfire counts for last ten driving cycles : 0.0 count [PASSED]
Misfire counts for last/current driving cycles : 0.0 count [PASSED]","Average misfire counts for last ten driving cycles : 0.0 count [PASSED]
Misfire counts for last/current driving cycles : 0.0 count [PASSED]","Unknown : 0.0 count [PASSED]
Unknown : 0.0 count [PASSED]
Unknown : 0.0 ratio [PASSED]
Unknown : 0.0 millisecond [PASSED]","Rich to lean sensor switch time : 0.0 millisecond [PASSED]
Unknown : 0.0 millivolt [PASSED]
Unknown : 0.0 millivolt [PASSED]",Unknown : -40.0 degree_Celsius [PASSED],Unknown : 0.0 ohm [PASSED],Unknown : 0.0 count [PASSED],"Unknown : 0.0 degree [PASSED]
Unknown : 0.0 degree [PASSED]
Unknown : 0.0 degree [PASSED]
Unknown : 0.0 degree [PASSED]",0.15 volt,0.00390625 milliampere,"((), (False, False, False, False), (False, False, True, True))",India OBD II (IOBD II),0101010001000000000000000000000000000000,10111110001111101010100000010011,10000000000001111011000000010001,11111110110100001000010000000001,1.1764705882352942 percent,1673.0 revolutions_per_minute,2391.0 second,0.0 percent,62.0 kilometer_per_hour,<obd.OBDResponse.Status object at 0x71b6c65c1ea0>,<obd.OBDResponse.Status object at 0x71b6c65c1f60>,1.9607843137254901 percent,11.764705882352942 percent,12.156862745098039 percent,-10.0 degree,bytearray(b'MEXKRDPA7NG020286'),0.0 count,2025-04-28 15:24:39,2025-04-28 15:24:44,2025-04-28 15:24:39,Signal Acquired,15.371246,73.926745,0.66,0.09,9.25,-0.02,0.04,0.0,NO
,,,,,,,,,,,,,,,,,,,,,,,,,,,,,,,,,,,,,,,,,,,,,,,,,,,,,,,,,,,,,,,,,,,,,,,,,,,,,,,,,,,,,,,,,,,,,,,,,,,,,,,,,2025-04-28 15:24:39,Signal Acquired,15.371247,73.926745,0.65,0.09,9.39,-0.0,-0.01,-0.0,NO
,,,,,,,,,,,,,,,,,,,,,,,,,,,,,,,,,,,,,,,,,,,,,,,,,,,,,,,,,,,,,,,,,,,,,,,,,,,,,,,,,,,,,,,,,,,,,,,,,,,,,,,,,2025-04-28 15:24:39,Signal Acquired,15.371247,73.926745,0.91,0.05,9.31,-0.02,0.03,0.0,NO
16.862745098039216 percent,14.509803921568627 percent,14.901960784313726 percent,33 degree_Celsius,100 kilopascal,bytearray(b'5E018DD3844BEA'),505.30000000000007 degree_Celsius,,,,,,,0.0 kilometer,,,,,,,,,,,,,,,,,,,,,,,,,,,,,,,,,,,,,,,ELM327 v1.5,13.4 volt,40.78431372549019 percent,0.39215686274509803 percent,87.84313725490196 percent,"('Open loop due to engine load OR fuel cut due to deceleration', '')",Gasoline,[],[],42 kilopascal,55 degree_Celsius,1.5625 percent,0.0 percent,11000000000000000000000000000001,10000000000000000000100000001001,11000000000000000000000000000001,1.0,1.0,01111000000000000000000000000000,Unknown : 0.0 percent [PASSED],"Average misfire counts for last ten driving cycles : 0.0 count [PASSED]
Misfire counts for last/current driving cycles : 0.0 count [PASSED]","Average misfire counts for last ten driving cycles : 0.0 count [PASSED]
Misfire counts for last/current driving cycles : 0.0 count [PASSED]","Average misfire counts for last ten driving cycles : 0.0 count [PASSED]
Misfire counts for last/current driving cycles : 0.0 count [PASSED]","Average misfire counts for last ten driving cycles : 0.0 count [PASSED]
Misfire counts for last/current driving cycles : 0.0 count [PASSED]","Unknown : 0.0 count [PASSED]
Unknown : 0.0 count [PASSED]
Unknown : 0.0 ratio [PASSED]
Unknown : 0.0 millisecond [PASSED]","Rich to lean sensor switch time : 0.0 millisecond [PASSED]
Unknown : 0.0 millivolt [PASSED]
Unknown : 0.0 millivolt [PASSED]",Unknown : -40.0 degree_Celsius [PASSED],Unknown : 0.0 ohm [PASSED],Unknown : 0.0 count [PASSED],"Unknown : 0.0 degree [PASSED]
Unknown : 0.0 degree [PASSED]
Unknown : 0.0 degree [PASSED]
Unknown : 0.0 degree [PASSED]",0.1 volt,-0.19140625 milliampere,"((), (False, False, False, False), (False, False, True, True))",India OBD II (IOBD II),0101010001000000000000000000000000000000,10111110001111101010100000010011,10000000000001111011000000010001,11111110110100001000010000000001,2.7450980392156863 percent,796.0 revolutions_per_minute,2398.0 second,-2.34375 percent,35.0 kilometer_per_hour,<obd.OBDResponse.Status object at 0x71b6c65db910>,<obd.OBDResponse.Status object at 0x71b6c65db9d0>,3.9215686274509802 percent,12.941176470588236 percent,13.72549019607843 percent,-7.5 degree,bytearray(b'MEXKRDPA7NG020286'),0.0 count,2025-04-28 15:24:45,2025-04-28 15:24:51,2025-04-28 15:24:45,Signal Acquired,15.371246,73.926745,0.32,0.07,9.55,-0.01,0.0,0.0,NO
,,,,,,,,,,,,,,,,,,,,,,,,,,,,,,,,,,,,,,,,,,,,,,,,,,,,,,,,,,,,,,,,,,,,,,,,,,,,,,,,,,,,,,,,,,,,,,,,,,,,,,,,,2025-04-28 15:24:45,Signal Acquired,15.371246,73.926745,1.29,0.11,9.08,-0.03,0.01,0.0,NO
,,,,,,,,,,,,,,,,,,,,,,,,,,,,,,,,,,,,,,,,,,,,,,,,,,,,,,,,,,,,,,,,,,,,,,,,,,,,,,,,,,,,,,,,,,,,,,,,,,,,,,,,,2025-04-28 15:24:45,Signal Acquired,15.371245,73.926744,0.04,0.04,9.62,-0.01,0.01,-0.0,NO
26.666666666666668 percent,14.509803921568627 percent,14.901960784313726 percent,33 degree_Celsius,100 kilopascal,bytearray(b'5E018DD3844BEA'),499.5 degree_Celsius,,,,,,0.0 kilometer,0.0 kilometer,,,,,,,,,,,,,,,,,,,,,,,,,,,,,,,,,,,,,,,ELM327 v1.5,12.5 volt,45.490196078431374 percent,98.43137254901961 percent,87.84313725490196 percent,"('Closed loop, using oxygen sensor feedback to determine fuel mix', '')",Gasoline,[],[],101 kilopascal,54 degree_Celsius,2.34375 percent,0.0 percent,11000000000000000000000000000001,10000000000000000000100000001001,11000000000000000000000000000001,1.0,1.0,01111000000000000000000000000000,Unknown : 0.0 percent [PASSED],"Average misfire counts for last ten driving cycles : 0.0 count [PASSED]
Misfire counts for last/current driving cycles : 0.0 count [PASSED]","Average misfire counts for last ten driving cycles : 0.0 count [PASSED]
Misfire counts for last/current driving cycles : 0.0 count [PASSED]","Average misfire counts for last ten driving cycles : 0.0 count [PASSED]
Misfire counts for last/current driving cycles : 0.0 count [PASSED]","Average misfire counts for last ten driving cycles : 0.0 count [PASSED]
Misfire counts for last/current driving cycles : 0.0 count [PASSED]","Unknown : 0.0 count [PASSED]
Unknown : 0.0 count [PASSED]
Unknown : 0.0 ratio [PASSED]
Unknown : 0.0 millisecond [PASSED]","Rich to lean sensor switch time : 0.0 millisecond [PASSED]
Unknown : 0.0 millivolt [PASSED]
Unknown : 0.0 millivolt [PASSED]",Unknown : -40.0 degree_Celsius [PASSED],Unknown : 0.0 ohm [PASSED],Unknown : 0.0 count [PASSED],"Unknown : 0.0 degree [PASSED]
Unknown : 0.0 degree [PASSED]
Unknown : 0.0 degree [PASSED]
Unknown : 0.0 degree [PASSED]",0.7 volt,-0.0234375 milliampere,"((), (False, False, False, False), (False, False, True, True))",India OBD II (IOBD II),0101010001000000000000000000000000000000,10111110001111101010100000010011,10000000000001111011000000010001,11111110110100001000010000000001,77.25490196078431 percent,2632.5 revolutions_per_minute,2404.0 second,0.0 percent,38.0 kilometer_per_hour,<obd.OBDResponse.Status object at 0x71b6c65f9ff0>,<obd.OBDResponse.Status object at 0x71b6c65fa0b0>,99.6078431372549 percent,87.84313725490196 percent,88.23529411764706 percent,-4.5 degree,bytearray(b'MEXKRDPA7NG020286'),0.0 count,2025-04-28 15:24:52,2025-04-28 15:24:58,2025-04-28 15:24:52,Signal Acquired,15.371245,73.926744,0.99,0.05,9.22,-0.02,0.04,0.0,NO
,,,,,,,,,,,,,,,,,,,,,,,,,,,,,,,,,,,,,,,,,,,,,,,,,,,,,,,,,,,,,,,,,,,,,,,,,,,,,,,,,,,,,,,,,,,,,,,,,,,,,,,,,2025-04-28 15:24:52,Signal Acquired,15.371245,73.926744,0.02,0.04,9.59,-0.01,-0.0,-0.0,NO
,,,,,,,,,,,,,,,,,,,,,,,,,,,,,,,,,,,,,,,,,,,,,,,,,,,,,,,,,,,,,,,,,,,,,,,,,,,,,,,,,,,,,,,,,,,,,,,,,,,,,,,,,2025-04-28 15:24:52,Signal Acquired,15.371245,73.926744,0.46,0.18,9.38,-0.02,0.04,-0.0,NO
67.84313725490196 percent,34.509803921568626 percent,34.509803921568626 percent,33 degree_Celsius,100 kilopascal,bytearray(b'5E018DD3844BEA'),556.0 degree_Celsius,,,,,,0.0 kilometer,0.0 kilometer,,,,,,,,,,,,,,,,,,,,,,,,,,,,,,,,,,,,,,,ELM327 v1.5,12.6 volt,8.627450980392156 percent,8.235294117647058 percent,87.84313725490196 percent,"('Closed loop, using oxygen sensor feedback to determine fuel mix', '')",Gasoline,[],[],93 kilopascal,50 degree_Celsius,2.34375 percent,0.0 percent,11000000000000000000000000000001,10000000000000000000100000001001,11000000000000000000000000000001,1.0,1.0,01111000000000000000000000000000,Unknown : 0.0 percent [PASSED],"Average misfire counts for last ten driving cycles : 0.0 count [PASSED]
Misfire counts for last/current driving cycles : 0.0 count [PASSED]","Average misfire counts for last ten driving cycles : 0.0 count [PASSED]
Misfire counts for last/current driving cycles : 0.0 count [PASSED]","Average misfire counts for last ten driving cycles : 0.0 count [PASSED]
Misfire counts for last/current driving cycles : 0.0 count [PASSED]","Average misfire counts for last ten driving cycles : 0.0 count [PASSED]
Misfire counts for last/current driving cycles : 0.0 count [PASSED]","Unknown : 0.0 count [PASSED]
Unknown : 0.0 count [PASSED]
Unknown : 0.0 ratio [PASSED]
Unknown : 0.0 millisecond [PASSED]","Rich to lean sensor switch time : 0.0 millisecond [PASSED]
Unknown : 0.0 millivolt [PASSED]
Unknown : 0.0 millivolt [PASSED]",Unknown : -40.0 degree_Celsius [PASSED],Unknown : 0.0 ohm [PASSED],Unknown : 0.0 count [PASSED],"Unknown : 0.0 degree [PASSED]
Unknown : 0.0 degree [PASSED]
Unknown : 0.0 degree [PASSED]
Unknown : 0.0 degree [PASSED]",0.675 volt,-0.0390625 milliampere,"((), (False, False, False, False), (False, False, True, True))",India OBD II (IOBD II),0101010001000000000000000000000000000000,10111110001111101010100000010011,10000000000001111011000000010001,11111110110100001000010000000001,77.25490196078431 percent,1728.5 revolutions_per_minute,2412.0 second,2.34375 percent,51.0 kilometer_per_hour,<obd.OBDResponse.Status object at 0x71b6c66201c0>,<obd.OBDResponse.Status object at 0x71b6c6620280>,99.6078431372549 percent,87.45098039215686 percent,88.23529411764706 percent,1.5 degree,bytearray(b'MEXKRDPA7NG020286'),0.0 count,2025-04-28 15:24:59,2025-04-28 15:25:05,2025-04-28 15:24:59,Signal Acquired,15.371244,73.926744,-0.09,0.13,9.54,-0.0,0.0,-0.0,NO
,,,,,,,,,,,,,,,,,,,,,,,,,,,,,,,,,,,,,,,,,,,,,,,,,,,,,,,,,,,,,,,,,,,,,,,,,,,,,,,,,,,,,,,,,,,,,,,,,,,,,,,,,2025-04-28 15:24:59,Signal Acquired,15.371244,73.926744,0.5,0.13,9.38,-0.02,0.04,-0.0,NO
,,,,,,,,,,,,,,,,,,,,,,,,,,,,,,,,,,,,,,,,,,,,,,,,,,,,,,,,,,,,,,,,,,,,,,,,,,,,,,,,,,,,,,,,,,,,,,,,,,,,,,,,,2025-04-28 15:24:59,Signal Acquired,15.371244,73.926744,0.0,0.09,9.59,-0.01,0.01,0.0,NO
94.11764705882352 percent,39.6078431372549 percent,39.6078431372549 percent,33 degree_Celsius,100 kilopascal,bytearray(b'5E018DD3844BEA'),593.1 degree_Celsius,,,,,,,0.0 kilometer,,,,,,,,,,,,,,,,,,,,,,,,,,,,,,,,,,,,,,,ELM327 v1.5,12.5 volt,19.215686274509803 percent,0.0 percent,87.84313725490196 percent,"('Open loop due to engine load OR fuel cut due to deceleration', '')",Gasoline,[],[],55 kilopascal,50 degree_Celsius,1.5625 percent,0.0 percent,11000000000000000000000000000001,10000000000000000000100000001001,11000000000000000000000000000001,1.0,1.0,01111000000000000000000000000000,Unknown : 0.0 percent [PASSED],"Average misfire counts for last ten driving cycles : 0.0 count [PASSED]
Misfire counts for last/current driving cycles : 0.0 count [PASSED]","Average misfire counts for last ten driving cycles : 0.0 count [PASSED]
Misfire counts for last/current driving cycles : 0.0 count [PASSED]","Average misfire counts for last ten driving cycles : 0.0 count [PASSED]
Misfire counts for last/current driving cycles : 0.0 count [PASSED]","Average misfire counts for last ten driving cycles : 0.0 count [PASSED]
Misfire counts for last/current driving cycles : 0.0 count [PASSED]","Unknown : 0.0 count [PASSED]
Unknown : 0.0 count [PASSED]
Unknown : 0.0 ratio [PASSED]
Unknown : 0.0 millisecond [PASSED]","Rich to lean sensor switch time : 0.0 millisecond [PASSED]
Unknown : 0.0 millivolt [PASSED]
Unknown : 0.0 millivolt [PASSED]",Unknown : -40.0 degree_Celsius [PASSED],Unknown : 0.0 ohm [PASSED],Unknown : 0.0 count [PASSED],"Unknown : 0.0 degree [PASSED]
Unknown : 0.0 degree [PASSED]
Unknown : 0.0 degree [PASSED]
Unknown : 0.0 degree [PASSED]",0.695 volt,-0.01171875 milliampere,"((), (False, False, False, False), (False, False, True, True))",India OBD II (IOBD II),0101010001000000000000000000000000000000,10111110001111101010100000010011,10000000000001111011000000010001,11111110110100001000010000000001,5.490196078431373 percent,1609.5 revolutions_per_minute,2419.0 second,-5.46875 percent,60.0 kilometer_per_hour,<obd.OBDResponse.Status object at 0x71b6c6626020>,<obd.OBDResponse.Status object at 0x71b6c66260e0>,7.450980392156863 percent,16.07843137254902 percent,16.470588235294116 percent,18.5 degree,bytearray(b'MEXKRDPA7NG020286'),0.0 count,2025-04-28 15:25:06,2025-04-28 15:25:12,2025-04-28 15:25:06,Signal Acquired,15.371244,73.926744,0.77,0.21,9.25,-0.01,0.03,-0.0,NO
,,,,,,,,,,,,,,,,,,,,,,,,,,,,,,,,,,,,,,,,,,,,,,,,,,,,,,,,,,,,,,,,,,,,,,,,,,,,,,,,,,,,,,,,,,,,,,,,,,,,,,,,,2025-04-28 15:25:06,Signal Acquired,15.371243,73.926746,-0.11,0.1,9.61,-0.01,0.02,-0.0,NO
,,,,,,,,,,,,,,,,,,,,,,,,,,,,,,,,,,,,,,,,,,,,,,,,,,,,,,,,,,,,,,,,,,,,,,,,,,,,,,,,,,,,,,,,,,,,,,,,,,,,,,,,,2025-04-28 15:25:06,Signal Acquired,15.371243,73.926746,1.11,0.13,9.21,-0.0,0.04,0.0,NO
69.01960784313725 percent,37.254901960784316 percent,37.254901960784316 percent,33 degree_Celsius,100 kilopascal,bytearray(b'5E018DD3844BEA'),589.3000000000001 degree_Celsius,,,,,,0.0 kilometer,0.0 kilometer,,,,,,,,,,,,,,,,,,,,,,,,,,,,,,,,,,,,,,,ELM327 v1.5,12.5 volt,64.70588235294117 percent,98.43137254901961 percent,87.84313725490196 percent,"('Closed loop, using oxygen sensor feedback to determine fuel mix', '')",Gasoline,[],[],122 kilopascal,50 degree_Celsius,2.34375 percent,0.0 percent,11000000000000000000000000000001,10000000000000000000100000001001,11000000000000000000000000000001,1.0,1.0,01111000000000000000000000000000,Unknown : 0.0 percent [PASSED],"Average misfire counts for last ten driving cycles : 0.0 count [PASSED]
Misfire counts for last/current driving cycles : 0.0 count [PASSED]","Average misfire counts for last ten driving cycles : 0.0 count [PASSED]
Misfire counts for last/current driving cycles : 0.0 count [PASSED]","Average misfire counts for last ten driving cycles : 0.0 count [PASSED]
Misfire counts for last/current driving cycles : 0.0 count [PASSED]","Average misfire counts for last ten driving cycles : 0.0 count [PASSED]
Misfire counts for last/current driving cycles : 0.0 count [PASSED]","Unknown : 0.0 count [PASSED]
Unknown : 0.0 count [PASSED]
Unknown : 0.0 ratio [PASSED]
Unknown : 0.0 millisecond [PASSED]","Rich to lean sensor switch time : 0.0 millisecond [PASSED]
Unknown : 0.0 millivolt [PASSED]
Unknown : 0.0 millivolt [PASSED]",Unknown : -40.0 degree_Celsius [PASSED],Unknown : 0.0 ohm [PASSED],Unknown : 0.0 count [PASSED],"Unknown : 0.0 degree [PASSED]
Unknown : 0.0 degree [PASSED]
Unknown : 0.0 degree [PASSED]
Unknown : 0.0 degree [PASSED]",0.695 volt,-0.12109375 milliampere,"((), (False, False, False, False), (False, False, True, True))",India OBD II (IOBD II),0101010001000000000000000000000000000000,10111110001111101010100000010011,10000000000001111011000000010001,11111110110100001000010000000001,10.588235294117647 percent,1499.0 revolutions_per_minute,2425.0 second,-3.125 percent,66.0 kilometer_per_hour,<obd.OBDResponse.Status object at 0x71b6c6658700>,<obd.OBDResponse.Status object at 0x71b6c66587c0>,20.392156862745097 percent,26.274509803921568 percent,26.274509803921568 percent,6.0 degree,bytearray(b'MEXKRDPA7NG020286'),0.0 count,2025-04-28 15:25:13,2025-04-28 15:25:19,2025-04-28 15:25:13,Signal Acquired,15.371242,73.926748,0.25,0.14,9.59,-0.01,0.0,-0.0,NO
,,,,,,,,,,,,,,,,,,,,,,,,,,,,,,,,,,,,,,,,,,,,,,,,,,,,,,,,,,,,,,,,,,,,,,,,,,,,,,,,,,,,,,,,,,,,,,,,,,,,,,,,,2025-04-28 15:25:13,Signal Acquired,15.371242,73.926748,0.92,0.15,9.34,-0.0,0.04,0.0,NO
,,,,,,,,,,,,,,,,,,,,,,,,,,,,,,,,,,,,,,,,,,,,,,,,,,,,,,,,,,,,,,,,,,,,,,,,,,,,,,,,,,,,,,,,,,,,,,,,,,,,,,,,,2025-04-28 15:25:13,Signal Acquired,15.371242,73.92675,0.42,0.07,9.53,-0.0,0.01,0.0,NO
75.68627450980392 percent,34.509803921568626 percent,34.509803921568626 percent,33 degree_Celsius,100 kilopascal,bytearray(b'5E018DD3844BEA'),598.4000000000001 degree_Celsius,,,,,,,0.0 kilometer,,,,,,,,,,,,,,,,,,,,,,,,,,,,,,,,,,,,,,,ELM327 v1.5,12.6 volt,49.411764705882355 percent,94.11764705882354 percent,87.84313725490196 percent,"('Closed loop, using oxygen sensor feedback to determine fuel mix', '')",Gasoline,[],[],103 kilopascal,50 degree_Celsius,2.34375 percent,0.0 percent,11000000000000000000000000000001,10000000000000000000100000001001,11000000000000000000000000000001,1.0,1.0,01111000000000000000000000000000,Unknown : 0.0 percent [PASSED],"Average misfire counts for last ten driving cycles : 0.0 count [PASSED]
Misfire counts for last/current driving cycles : 0.0 count [PASSED]","Average misfire counts for last ten driving cycles : 0.0 count [PASSED]
Misfire counts for last/current driving cycles : 0.0 count [PASSED]","Average misfire counts for last ten driving cycles : 0.0 count [PASSED]
Misfire counts for last/current driving cycles : 0.0 count [PASSED]","Average misfire counts for last ten driving cycles : 0.0 count [PASSED]
Misfire counts for last/current driving cycles : 0.0 count [PASSED]","Unknown : 0.0 count [PASSED]
Unknown : 0.0 count [PASSED]
Unknown : 0.0 ratio [PASSED]
Unknown : 0.0 millisecond [PASSED]","Rich to lean sensor switch time : 0.0 millisecond [PASSED]
Unknown : 0.0 millivolt [PASSED]
Unknown : 0.0 millivolt [PASSED]",Unknown : -40.0 degree_Celsius [PASSED],Unknown : 0.0 ohm [PASSED],Unknown : 0.0 count [PASSED],"Unknown : 0.0 degree [PASSED]
Unknown : 0.0 degree [PASSED]
Unknown : 0.0 degree [PASSED]
Unknown : 0.0 degree [PASSED]",0.715 volt,-0.0234375 milliampere,"((), (False, False, False, False), (False, False, True, True))",India OBD II (IOBD II),0101010001000000000000000000000000000000,10111110001111101010100000010011,10000000000001111011000000010001,11111110110100001000010000000001,40.78431372549019 percent,1552.0 revolutions_per_minute,2432.0 second,0.0 percent,72.0 kilometer_per_hour,<obd.OBDResponse.Status object at 0x71b6c665bfd0>,<obd.OBDResponse.Status object at 0x71b6c67a0d90>,52.549019607843135 percent,51.372549019607845 percent,51.76470588235294 percent,3.5 degree,bytearray(b'MEXKRDPA7NG020286'),0.0 count,2025-04-28 15:25:20,2025-04-28 15:25:26,2025-04-28 15:25:20,Signal Acquired,15.371242,73.92675,1.09,0.14,9.28,-0.0,0.03,0.0,NO
,,,,,,,,,,,,,,,,,,,,,,,,,,,,,,,,,,,,,,,,,,,,,,,,,,,,,,,,,,,,,,,,,,,,,,,,,,,,,,,,,,,,,,,,,,,,,,,,,,,,,,,,,2025-04-28 15:25:20,Signal Acquired,15.371241,73.926752,0.33,0.03,9.45,-0.01,0.01,0.0,NO
,,,,,,,,,,,,,,,,,,,,,,,,,,,,,,,,,,,,,,,,,,,,,,,,,,,,,,,,,,,,,,,,,,,,,,,,,,,,,,,,,,,,,,,,,,,,,,,,,,,,,,,,,2025-04-28 15:25:20,Signal Acquired,15.371241,73.926752,1.17,0.09,9.26,-0.0,0.02,0.0,NO
101.56862745098039 percent,49.01960784313726 percent,49.80392156862745 percent,33 degree_Celsius,100 kilopascal,bytearray(b'5E018DD3844BEA'),601.0 degree_Celsius,,,,,,0.0 kilometer,0.0 kilometer,,,,,,,,,,,,,,,,,,,,,,,,,,,,,,,,,,,,,,,ELM327 v1.5,12.5 volt,60.3921568627451 percent,98.03921568627452 percent,87.84313725490196 percent,"('Closed loop, using oxygen sensor feedback to determine fuel mix', '')",Gasoline,[],[],105 kilopascal,49 degree_Celsius,2.34375 percent,0.0 percent,11000000000000000000000000000001,10000000000000000000100000001001,11000000000000000000000000000001,1.0,1.0,01111000000000000000000000000000,Unknown : 0.0 percent [PASSED],"Average misfire counts for last ten driving cycles : 0.0 count [PASSED]
Misfire counts for last/current driving cycles : 0.0 count [PASSED]","Average misfire counts for last ten driving cycles : 0.0 count [PASSED]
Misfire counts for last/current driving cycles : 0.0 count [PASSED]","Average misfire counts for last ten driving cycles : 0.0 count [PASSED]
Misfire counts for last/current driving cycles : 0.0 count [PASSED]","Average misfire counts for last ten driving cycles : 0.0 count [PASSED]
Misfire counts for last/current driving cycles : 0.0 count [PASSED]","Unknown : 0.0 count [PASSED]
Unknown : 0.0 count [PASSED]
Unknown : 0.0 ratio [PASSED]
Unknown : 0.0 millisecond [PASSED]","Rich to lean sensor switch time : 0.0 millisecond [PASSED]
Unknown : 0.0 millivolt [PASSED]
Unknown : 0.0 millivolt [PASSED]",Unknown : -40.0 degree_Celsius [PASSED],Unknown : 0.0 ohm [PASSED],Unknown : 0.0 count [PASSED],"Unknown : 0.0 degree [PASSED]
Unknown : 0.0 degree [PASSED]
Unknown : 0.0 degree [PASSED]
Unknown : 0.0 degree [PASSED]",0.69 volt,0.015625 milliampere,"((), (False, False, False, False), (False, False, True, True))",India OBD II (IOBD II),0101010001000000000000000000000000000000,10111110001111101010100000010011,10000000000001111011000000010001,11111110110100001000010000000001,77.25490196078431 percent,1765.0 revolutions_per_minute,2440.0 second,2.34375 percent,81.0 kilometer_per_hour,<obd.OBDResponse.Status object at 0x71b6c667e8f0>,<obd.OBDResponse.Status object at 0x71b6c667e3b0>,99.6078431372549 percent,87.45098039215686 percent,88.23529411764706 percent,-1.0 degree,bytearray(b'MEXKRDPA7NG020286'),0.0 count,2025-04-28 15:25:27,2025-04-28 15:25:33,2025-04-28 15:25:27,Signal Acquired,15.371241,73.926752,0.09,0.02,9.6,-0.01,0.01,0.0,NO
,,,,,,,,,,,,,,,,,,,,,,,,,,,,,,,,,,,,,,,,,,,,,,,,,,,,,,,,,,,,,,,,,,,,,,,,,,,,,,,,,,,,,,,,,,,,,,,,,,,,,,,,,2025-04-28 15:25:27,Signal Acquired,15.371241,73.926752,1.11,0.11,9.34,-0.01,0.04,0.0,NO
,,,,,,,,,,,,,,,,,,,,,,,,,,,,,,,,,,,,,,,,,,,,,,,,,,,,,,,,,,,,,,,,,,,,,,,,,,,,,,,,,,,,,,,,,,,,,,,,,,,,,,,,,2025-04-28 15:25:27,Signal Acquired,15.371241,73.926754,0.07,-0.02,9.57,-0.01,-0.0,-0.0,NO
40.0 percent,28.235294117647058 percent,28.235294117647058 percent,33 degree_Celsius,100 kilopascal,bytearray(b'5E018DD3844BEA'),626.2 degree_Celsius,,,,,,,0.0 kilometer,,,,,,,,,,,,,,,,,,,,,,,,,,,,,,,,,,,,,,,ELM327 v1.5,12.5 volt,14.117647058823529 percent,0.0 percent,87.84313725490196 percent,"('Closed loop, using oxygen sensor feedback to determine fuel mix', '')",Gasoline,[],[],32 kilopascal,50 degree_Celsius,1.5625 percent,0.0 percent,11000000000000000000000000000001,10000000000000000000100000001001,11000000000000000000000000000001,1.0,1.0,01111000000000000000000000000000,Unknown : 0.0 percent [PASSED],"Average misfire counts for last ten driving cycles : 0.0 count [PASSED]
Misfire counts for last/current driving cycles : 0.0 count [PASSED]","Average misfire counts for last ten driving cycles : 0.0 count [PASSED]
Misfire counts for last/current driving cycles : 0.0 count [PASSED]","Average misfire counts for last ten driving cycles : 0.0 count [PASSED]
Misfire counts for last/current driving cycles : 1.0 count [PASSED]","Average misfire counts for last ten driving cycles : 0.0 count [PASSED]
Misfire counts for last/current driving cycles : 0.0 count [PASSED]","Unknown : 0.0 count [PASSED]
Unknown : 0.0 count [PASSED]
Unknown : 0.0 ratio [PASSED]
Unknown : 0.0 millisecond [PASSED]","Rich to lean sensor switch time : 0.0 millisecond [PASSED]
Unknown : 0.0 millivolt [PASSED]
Unknown : 0.0 millivolt [PASSED]",Unknown : -40.0 degree_Celsius [PASSED],Unknown : 0.0 ohm [PASSED],Unknown : 0.0 count [PASSED],"Unknown : 0.0 degree [PASSED]
Unknown : 0.0 degree [PASSED]
Unknown : 0.0 degree [PASSED]
Unknown : 0.0 degree [PASSED]",0.695 volt,0.7890625 milliampere,"((), (False, False, False, False), (False, False, True, True))",India OBD II (IOBD II),0101010001000000000000000000000000000000,10111110001111101010100000010011,10000000000001111011000000010001,11111110110100001000010000000001,3.5294117647058822 percent,1681.5 revolutions_per_minute,2446.0 second,0.0 percent,77.0 kilometer_per_hour,<obd.OBDResponse.Status object at 0x71b6c6664220>,<obd.OBDResponse.Status object at 0x71b6c6664190>,4.705882352941177 percent,13.72549019607843 percent,14.117647058823529 percent,-9.0 degree,bytearray(b'MEXKRDPA7NG020286'),0.0 count,2025-04-28 15:25:34,2025-04-28 15:25:40,2025-04-28 15:25:34,Signal Acquired,15.371241,73.926754,0.6,0.08,9.31,-0.02,0.04,-0.0,NO
,,,,,,,,,,,,,,,,,,,,,,,,,,,,,,,,,,,,,,,,,,,,,,,,,,,,,,,,,,,,,,,,,,,,,,,,,,,,,,,,,,,,,,,,,,,,,,,,,,,,,,,,,2025-04-28 15:25:34,Signal Acquired,15.371241,73.926756,0.17,0.03,9.52,-0.01,-0.0,0.0,NO
,,,,,,,,,,,,,,,,,,,,,,,,,,,,,,,,,,,,,,,,,,,,,,,,,,,,,,,,,,,,,,,,,,,,,,,,,,,,,,,,,,,,,,,,,,,,,,,,,,,,,,,,,2025-04-28 15:25:34,Signal Acquired,15.371241,73.926756,0.47,0.1,9.36,-0.02,0.03,-0.0,NO
16.862745098039216 percent,14.509803921568627 percent,14.901960784313726 percent,33 degree_Celsius,100 kilopascal,bytearray(b'5E018DD3844BEA'),611.9000000000001 degree_Celsius,,,,,,0.0 kilometer,0.0 kilometer,,,,,,,,,,,,,,,,,,,,,,,,,,,,,,,,,,,,,,,ELM327 v1.5,14.1 volt,0.0 percent,0.0 percent,87.84313725490196 percent,"('Open loop due to engine load OR fuel cut due to deceleration', '')",Gasoline,[],[],28 kilopascal,52 degree_Celsius,1.5625 percent,0.0 percent,11000000000000000000000000000001,10000000000000000000100000001001,11000000000000000000000000000001,1.0,1.0,01111000000000000000000000000000,Unknown : 0.0 percent [PASSED],"Average misfire counts for last ten driving cycles : 0.0 count [PASSED]
Misfire counts for last/current driving cycles : 0.0 count [PASSED]","Average misfire counts for last ten driving cycles : 0.0 count [PASSED]
Misfire counts for last/current driving cycles : 0.0 count [PASSED]","Average misfire counts for last ten driving cycles : 0.0 count [PASSED]
Misfire counts for last/current driving cycles : 0.0 count [PASSED]","Average misfire counts for last ten driving cycles : 0.0 count [PASSED]
Misfire counts for last/current driving cycles : 0.0 count [PASSED]","Unknown : 0.0 count [PASSED]
Unknown : 0.0 count [PASSED]
Unknown : 0.0 ratio [PASSED]
Unknown : 0.0 millisecond [PASSED]","Rich to lean sensor switch time : 0.0 millisecond [PASSED]
Unknown : 0.0 millivolt [PASSED]
Unknown : 0.0 millivolt [PASSED]",Unknown : -40.0 degree_Celsius [PASSED],Unknown : 0.0 ohm [PASSED],Unknown : 0.0 count [PASSED],"Unknown : 0.0 degree [PASSED]
Unknown : 0.0 degree [PASSED]
Unknown : 0.0 degree [PASSED]
Unknown : 0.0 degree [PASSED]",0.0 volt,1.2578125 milliampere,"((), (False, False, False, False), (False, False, True, True))",India OBD II (IOBD II),0101010001000000000000000000000000000000,10111110001111101010100000010011,10000000000001111011000000010001,11111110110100001000010000000001,2.7450980392156863 percent,1392.0 revolutions_per_minute,2453.0 second,0.0 percent,64.0 kilometer_per_hour,<obd.OBDResponse.Status object at 0x71b6c64b3d60>,<obd.OBDResponse.Status object at 0x71b6c64b3a60>,3.5294117647058822 percent,12.941176470588236 percent,13.333333333333334 percent,-10.5 degree,bytearray(b'MEXKRDPA7NG020286'),0.0 count,2025-04-28 15:25:41,2025-04-28 15:25:47,2025-04-28 15:25:41,Signal Acquired,15.37124,73.926757,0.18,0.04,9.5,-0.01,-0.0,0.0,NO
,,,,,,,,,,,,,,,,,,,,,,,,,,,,,,,,,,,,,,,,,,,,,,,,,,,,,,,,,,,,,,,,,,,,,,,,,,,,,,,,,,,,,,,,,,,,,,,,,,,,,,,,,2025-04-28 15:25:41,Signal Acquired,15.37124,73.926757,0.58,0.17,9.34,-0.02,0.04,-0.0,NO
,,,,,,,,,,,,,,,,,,,,,,,,,,,,,,,,,,,,,,,,,,,,,,,,,,,,,,,,,,,,,,,,,,,,,,,,,,,,,,,,,,,,,,,,,,,,,,,,,,,,,,,,,2025-04-28 15:25:41,Signal Acquired,15.37124,73.926759,0.25,0.14,9.56,-0.0,-0.01,0.0,NO
16.862745098039216 percent,14.509803921568627 percent,14.901960784313726 percent,33 degree_Celsius,100 kilopascal,bytearray(b'5E018DD3844BEA'),592.5 degree_Celsius,,,,,,0.0 kilometer,0.0 kilometer,,,,,,,,,,,,,,,,,,,,,,,,,,,,,,,,,,,,,,,ELM327 v1.5,13.2 volt,27.45098039215686 percent,0.7843137254901961 percent,87.84313725490196 percent,"('Closed loop, using oxygen sensor feedback to determine fuel mix', '')",Gasoline,[],[],42 kilopascal,53 degree_Celsius,1.5625 percent,0.0 percent,11000000000000000000000000000001,10000000000000000000100000001001,11000000000000000000000000000001,1.0,1.0,01111000000000000000000000000000,Unknown : 0.0 percent [PASSED],"Average misfire counts for last ten driving cycles : 0.0 count [PASSED]
Misfire counts for last/current driving cycles : 0.0 count [PASSED]","Average misfire counts for last ten driving cycles : 0.0 count [PASSED]
Misfire counts for last/current driving cycles : 1.0 count [PASSED]","Average misfire counts for last ten driving cycles : 0.0 count [PASSED]
Misfire counts for last/current driving cycles : 0.0 count [PASSED]","Average misfire counts for last ten driving cycles : 0.0 count [PASSED]
Misfire counts for last/current driving cycles : 0.0 count [PASSED]","Unknown : 0.0 count [PASSED]
Unknown : 0.0 count [PASSED]
Unknown : 0.0 ratio [PASSED]
Unknown : 0.0 millisecond [PASSED]","Rich to lean sensor switch time : 0.0 millisecond [PASSED]
Unknown : 0.0 millivolt [PASSED]
Unknown : 0.0 millivolt [PASSED]",Unknown : -40.0 degree_Celsius [PASSED],Unknown : 0.0 ohm [PASSED],Unknown : 0.0 count [PASSED],"Unknown : 0.0 degree [PASSED]
Unknown : 0.0 degree [PASSED]
Unknown : 0.0 degree [PASSED]
Unknown : 0.0 degree [PASSED]",0.145 volt,-0.21875 milliampere,"((), (False, False, False, False), (False, False, True, True))",India OBD II (IOBD II),0101010001000000000000000000000000000000,10111110001111101010100000010011,10000000000001111011000000010001,11111110110100001000010000000001,75.68627450980392 percent,1624.5 revolutions_per_minute,2460.0 second,0.78125 percent,48.0 kilometer_per_hour,<obd.OBDResponse.Status object at 0x71b6c64c3790>,<obd.OBDResponse.Status object at 0x71b6c64c3e20>,98.82352941176471 percent,87.05882352941177 percent,88.23529411764706 percent,-1.0 degree,bytearray(b'MEXKRDPA7NG020286'),0.0 count,2025-04-28 15:25:48,2025-04-28 15:25:54,2025-04-28 15:25:48,Signal Acquired,15.37124,73.926759,0.39,0.11,9.33,-0.02,0.05,-0.0,NO
,,,,,,,,,,,,,,,,,,,,,,,,,,,,,,,,,,,,,,,,,,,,,,,,,,,,,,,,,,,,,,,,,,,,,,,,,,,,,,,,,,,,,,,,,,,,,,,,,,,,,,,,,2025-04-28 15:25:48,Signal Acquired,15.371239,73.92676,0.44,0.12,9.54,-0.0,-0.01,0.0,NO
,,,,,,,,,,,,,,,,,,,,,,,,,,,,,,,,,,,,,,,,,,,,,,,,,,,,,,,,,,,,,,,,,,,,,,,,,,,,,,,,,,,,,,,,,,,,,,,,,,,,,,,,,2025-04-28 15:25:48,Signal Acquired,15.371239,73.92676,0.43,0.14,9.28,-0.01,0.05,-0.0,NO
95.29411764705883 percent,39.21568627450981 percent,39.21568627450981 percent,33 degree_Celsius,100 kilopascal,bytearray(b'5E018DD3844BEA'),577.4000000000001 degree_Celsius,,,,,,,0.0 kilometer,,,,,,,,,,,,,,,,,,,,,,,,,,,,,,,,,,,,,,,ELM327 v1.5,12.6 volt,45.88235294117647 percent,92.15686274509804 percent,87.84313725490196 percent,"('Closed loop, using oxygen sensor feedback to determine fuel mix', '')",Gasoline,[],[],102 kilopascal,50 degree_Celsius,2.34375 percent,0.0 percent,11000000000000000000000000000001,10000000000000000000100000001001,11000000000000000000000000000001,1.0,1.0,01111000000000000000000000000000,Unknown : 0.0 percent [PASSED],"Average misfire counts for last ten driving cycles : 0.0 count [PASSED]
Misfire counts for last/current driving cycles : 0.0 count [PASSED]","Average misfire counts for last ten driving cycles : 0.0 count [PASSED]
Misfire counts for last/current driving cycles : 0.0 count [PASSED]","Average misfire counts for last ten driving cycles : 0.0 count [PASSED]
Misfire counts for last/current driving cycles : 0.0 count [PASSED]","Average misfire counts for last ten driving cycles : 0.0 count [PASSED]
Misfire counts for last/current driving cycles : 0.0 count [PASSED]","Unknown : 0.0 count [PASSED]
Unknown : 0.0 count [PASSED]
Unknown : 0.0 ratio [PASSED]
Unknown : 0.0 millisecond [PASSED]","Rich to lean sensor switch time : 0.0 millisecond [PASSED]
Unknown : 0.0 millivolt [PASSED]
Unknown : 0.0 millivolt [PASSED]",Unknown : -40.0 degree_Celsius [PASSED],Unknown : 0.0 ohm [PASSED],Unknown : 0.0 count [PASSED],"Unknown : 0.0 degree [PASSED]
Unknown : 0.0 degree [PASSED]
Unknown : 0.0 degree [PASSED]
Unknown : 0.0 degree [PASSED]",0.695 volt,-0.015625 milliampere,"((), (False, False, False, False), (False, False, True, True))",India OBD II (IOBD II),0101010001000000000000000000000000000000,10111110001111101010100000010011,10000000000001111011000000010001,11111110110100001000010000000001,16.470588235294116 percent,1573.0 revolutions_per_minute,2468.0 second,-0.78125 percent,58.0 kilometer_per_hour,<obd.OBDResponse.Status object at 0x71b6c64cc940>,<obd.OBDResponse.Status object at 0x71b6c64cf3a0>,12.549019607843137 percent,20.392156862745097 percent,19.607843137254903 percent,12.0 degree,bytearray(b'MEXKRDPA7NG020286'),0.0 count,2025-04-28 15:25:55,2025-04-28 15:26:01,2025-04-28 15:25:55,Signal Acquired,15.371239,73.92676,0.44,0.11,9.52,-0.0,0.01,0.0,NO
,,,,,,,,,,,,,,,,,,,,,,,,,,,,,,,,,,,,,,,,,,,,,,,,,,,,,,,,,,,,,,,,,,,,,,,,,,,,,,,,,,,,,,,,,,,,,,,,,,,,,,,,,2025-04-28 15:25:55,Signal Acquired,15.371239,73.92676,0.68,0.1,9.3,-0.01,0.05,-0.0,NO
,,,,,,,,,,,,,,,,,,,,,,,,,,,,,,,,,,,,,,,,,,,,,,,,,,,,,,,,,,,,,,,,,,,,,,,,,,,,,,,,,,,,,,,,,,,,,,,,,,,,,,,,,2025-04-28 15:25:55,Signal Acquired,15.371238,73.92676,0.52,0.11,9.53,-0.0,0.01,0.0,NO
58.431372549019606 percent,31.372549019607842 percent,31.372549019607842 percent,33 degree_Celsius,100 kilopascal,bytearray(b'5E018DD3844BEA'),578.5 degree_Celsius,,,,,,,0.0 kilometer,,,,,,,,,,,,,,,,,,,,,,,,,,,,,,,,,,,,,,,ELM327 v1.5,12.5 volt,9.803921568627452 percent,39.21568627450981 percent,87.84313725490196 percent,"('Closed loop, using oxygen sensor feedback to determine fuel mix', '')",Gasoline,[],[],33 kilopascal,50 degree_Celsius,1.5625 percent,0.0 percent,11000000000000000000000000000001,10000000000000000000100000001001,11000000000000000000000000000001,1.0,1.0,01111000000000000000000000000000,Unknown : 0.0 percent [PASSED],"Average misfire counts for last ten driving cycles : 0.0 count [PASSED]
Misfire counts for last/current driving cycles : 0.0 count [PASSED]","Average misfire counts for last ten driving cycles : 0.0 count [PASSED]
Misfire counts for last/current driving cycles : 0.0 count [PASSED]","Average misfire counts for last ten driving cycles : 0.0 count [PASSED]
Misfire counts for last/current driving cycles : 0.0 count [PASSED]","Average misfire counts for last ten driving cycles : 0.0 count [PASSED]
Misfire counts for last/current driving cycles : 1.0 count [PASSED]","Unknown : 0.0 count [PASSED]
Unknown : 0.0 count [PASSED]
Unknown : 0.0 ratio [PASSED]
Unknown : 0.0 millisecond [PASSED]","Rich to lean sensor switch time : 0.0 millisecond [PASSED]
Unknown : 0.0 millivolt [PASSED]
Unknown : 0.0 millivolt [PASSED]",Unknown : -40.0 degree_Celsius [PASSED],Unknown : 0.0 ohm [PASSED],Unknown : 0.0 count [PASSED],"Unknown : 0.0 degree [PASSED]
Unknown : 0.0 degree [PASSED]
Unknown : 0.0 degree [PASSED]
Unknown : 0.0 degree [PASSED]",0.695 volt,-0.02734375 milliampere,"((), (False, False, False, False), (False, False, True, True))",India OBD II (IOBD II),0101010001000000000000000000000000000000,10111110001111101010100000010011,10000000000001111011000000010001,11111110110100001000010000000001,1.9607843137254901 percent,1078.5 revolutions_per_minute,2475.0 second,5.46875 percent,61.0 kilometer_per_hour,<obd.OBDResponse.Status object at 0x71b6c650bd90>,<obd.OBDResponse.Status object at 0x71b6c650bbe0>,3.5294117647058822 percent,13.333333333333334 percent,13.333333333333334 percent,-10.5 degree,bytearray(b'MEXKRDPA7NG020286'),0.0 count,2025-04-28 15:26:03,2025-04-28 15:26:08,2025-04-28 15:26:03,Signal Acquired,15.371238,73.92676,0.98,0.1,9.26,-0.01,0.04,0.0,NO
,,,,,,,,,,,,,,,,,,,,,,,,,,,,,,,,,,,,,,,,,,,,,,,,,,,,,,,,,,,,,,,,,,,,,,,,,,,,,,,,,,,,,,,,,,,,,,,,,,,,,,,,,2025-04-28 15:26:03,Signal Acquired,15.371238,73.92676,0.01,0.02,9.57,-0.01,0.01,-0.0,NO
,,,,,,,,,,,,,,,,,,,,,,,,,,,,,,,,,,,,,,,,,,,,,,,,,,,,,,,,,,,,,,,,,,,,,,,,,,,,,,,,,,,,,,,,,,,,,,,,,,,,,,,,,2025-04-28 15:26:03,Signal Acquired,15.371238,73.92676,1.22,0.11,9.25,-0.01,0.04,0.0,NO
16.470588235294116 percent,14.509803921568627 percent,14.901960784313726 percent,33 degree_Celsius,100 kilopascal,bytearray(b'5E018DD3844BEA'),569.4 degree_Celsius,,,,,,0.0 kilometer,0.0 kilometer,,,,,,,,,,,,,,,,,,,,,,,,,,,,,,,,,,,,,,,ELM327 v1.5,13.9 volt,45.09803921568628 percent,0.7843137254901961 percent,87.84313725490196 percent,"('Closed loop, using oxygen sensor feedback to determine fuel mix', '')",Gasoline,[],[],90 kilopascal,52 degree_Celsius,1.5625 percent,0.0 percent,11000000000000000000000000000001,10000000000000000000100000001001,11000000000000000000000000000001,1.0,1.0,01111000000000000000000000000000,Unknown : 0.0 percent [PASSED],"Average misfire counts for last ten driving cycles : 0.0 count [PASSED]
Misfire counts for last/current driving cycles : 0.0 count [PASSED]","Average misfire counts for last ten driving cycles : 0.0 count [PASSED]
Misfire counts for last/current driving cycles : 0.0 count [PASSED]","Average misfire counts for last ten driving cycles : 0.0 count [PASSED]
Misfire counts for last/current driving cycles : 0.0 count [PASSED]","Average misfire counts for last ten driving cycles : 0.0 count [PASSED]
Misfire counts for last/current driving cycles : 0.0 count [PASSED]","Unknown : 0.0 count [PASSED]
Unknown : 0.0 count [PASSED]
Unknown : 0.0 ratio [PASSED]
Unknown : 0.0 millisecond [PASSED]","Rich to lean sensor switch time : 0.0 millisecond [PASSED]
Unknown : 0.0 millivolt [PASSED]
Unknown : 0.0 millivolt [PASSED]",Unknown : -40.0 degree_Celsius [PASSED],Unknown : 0.0 ohm [PASSED],Unknown : 0.0 count [PASSED],"Unknown : 0.0 degree [PASSED]
Unknown : 0.0 degree [PASSED]
Unknown : 0.0 degree [PASSED]
Unknown : 0.0 degree [PASSED]",0.125 volt,-0.1953125 milliampere,"((), (False, False, False, False), (False, False, True, True))",India OBD II (IOBD II),0101010001000000000000000000000000000000,10111110001111101010100000010011,10000000000001111011000000010001,11111110110100001000010000000001,12.941176470588236 percent,1244.5 revolutions_per_minute,2482.0 second,-0.78125 percent,57.0 kilometer_per_hour,<obd.OBDResponse.Status object at 0x71b6c65444f0>,<obd.OBDResponse.Status object at 0x71b6c65445b0>,11.764705882352942 percent,18.431372549019606 percent,16.862745098039216 percent,15.5 degree,bytearray(b'MEXKRDPA7NG020286'),0.0 count,2025-04-28 15:26:10,2025-04-28 15:26:16,2025-04-28 15:26:10,Signal Acquired,15.371237,73.926762,0.29,0.05,9.47,-0.01,-0.0,0.0,NO
,,,,,,,,,,,,,,,,,,,,,,,,,,,,,,,,,,,,,,,,,,,,,,,,,,,,,,,,,,,,,,,,,,,,,,,,,,,,,,,,,,,,,,,,,,,,,,,,,,,,,,,,,2025-04-28 15:26:10,Signal Acquired,15.371237,73.926762,0.51,0.08,9.33,-0.01,0.04,-0.0,NO
,,,,,,,,,,,,,,,,,,,,,,,,,,,,,,,,,,,,,,,,,,,,,,,,,,,,,,,,,,,,,,,,,,,,,,,,,,,,,,,,,,,,,,,,,,,,,,,,,,,,,,,,,2025-04-28 15:26:10,Signal Acquired,15.371237,73.926762,0.45,0.06,9.56,-0.01,-0.0,0.0,NO
40.3921568627451 percent,27.45098039215686 percent,27.45098039215686 percent,33 degree_Celsius,100 kilopascal,bytearray(b'5E018DD3844BEA'),551.8000000000001 degree_Celsius,,,,,,0.0 kilometer,0.0 kilometer,,,,,,,,,,,,,,,,,,,,,,,,,,,,,,,,,,,,,,,ELM327 v1.5,12.6 volt,28.627450980392158 percent,29.019607843137255 percent,87.84313725490196 percent,"('Closed loop, using oxygen sensor feedback to determine fuel mix', '')",Gasoline,[],[],56 kilopascal,51 degree_Celsius,1.5625 percent,0.0 percent,11000000000000000000000000000001,10000000000000000000100000001001,11000000000000000000000000000001,1.0,1.0,01111000000000000000000000000000,Unknown : 0.0 percent [PASSED],"Average misfire counts for last ten driving cycles : 0.0 count [PASSED]
Misfire counts for last/current driving cycles : 0.0 count [PASSED]","Average misfire counts for last ten driving cycles : 0.0 count [PASSED]
Misfire counts for last/current driving cycles : 0.0 count [PASSED]","Average misfire counts for last ten driving cycles : 0.0 count [PASSED]
Misfire counts for last/current driving cycles : 0.0 count [PASSED]","Average misfire counts for last ten driving cycles : 0.0 count [PASSED]
Misfire counts for last/current driving cycles : 0.0 count [PASSED]","Unknown : 0.0 count [PASSED]
Unknown : 0.0 count [PASSED]
Unknown : 0.0 ratio [PASSED]
Unknown : 0.0 millisecond [PASSED]","Rich to lean sensor switch time : 0.0 millisecond [PASSED]
Unknown : 0.0 millivolt [PASSED]
Unknown : 0.0 millivolt [PASSED]",Unknown : -40.0 degree_Celsius [PASSED],Unknown : 0.0 ohm [PASSED],Unknown : 0.0 count [PASSED],"Unknown : 0.0 degree [PASSED]
Unknown : 0.0 degree [PASSED]
Unknown : 0.0 degree [PASSED]
Unknown : 0.0 degree [PASSED]",0.7 volt,-0.015625 milliampere,"((), (False, False, False, False), (False, False, True, True))",India OBD II (IOBD II),0101010001000000000000000000000000000000,10111110001111101010100000010011,10000000000001111011000000010001,11111110110100001000010000000001,2.7450980392156863 percent,1242.5 revolutions_per_minute,2489.0 second,-0.78125 percent,57.0 kilometer_per_hour,<obd.OBDResponse.Status object at 0x71b6c6547970>,<obd.OBDResponse.Status object at 0x71b6c65479a0>,3.1372549019607843 percent,12.941176470588236 percent,12.941176470588236 percent,21.0 degree,bytearray(b'MEXKRDPA7NG020286'),0.0 count,2025-04-28 15:26:17,2025-04-28 15:26:23,2025-04-28 15:26:17,Signal Acquired,15.371237,73.926762,0.52,0.11,9.4,-0.02,0.03,-0.0,NO
,,,,,,,,,,,,,,,,,,,,,,,,,,,,,,,,,,,,,,,,,,,,,,,,,,,,,,,,,,,,,,,,,,,,,,,,,,,,,,,,,,,,,,,,,,,,,,,,,,,,,,,,,2025-04-28 15:26:17,Signal Acquired,15.371237,73.926763,0.43,0.01,9.53,-0.01,-0.01,0.0,NO
,,,,,,,,,,,,,,,,,,,,,,,,,,,,,,,,,,,,,,,,,,,,,,,,,,,,,,,,,,,,,,,,,,,,,,,,,,,,,,,,,,,,,,,,,,,,,,,,,,,,,,,,,2025-04-28 15:26:17,Signal Acquired,15.371237,73.926763,0.82,0.09,9.27,-0.02,0.02,-0.0,NO
16.862745098039216 percent,14.509803921568627 percent,14.901960784313726 percent,33 degree_Celsius,100 kilopascal,bytearray(b'5E018DD3844BEA'),544.6 degree_Celsius,,,,,,0.0 kilometer,0.0 kilometer,,,,,,,,,,,,,,,,,,,,,,,,,,,,,,,,,,,,,,,ELM327 v1.5,12.5 volt,27.45098039215686 percent,6.2745098039215685 percent,87.84313725490196 percent,"('Closed loop, using oxygen sensor feedback to determine fuel mix', '')",Gasoline,[],[],37 kilopascal,53 degree_Celsius,1.5625 percent,0.0 percent,11000000000000000000000000000001,10000000000000000000100000001001,11000000000000000000000000000001,1.0,1.0,01111000000000000000000000000000,Unknown : 0.0 percent [PASSED],"Average misfire counts for last ten driving cycles : 0.0 count [PASSED]
Misfire counts for last/current driving cycles : 0.0 count [PASSED]","Average misfire counts for last ten driving cycles : 0.0 count [PASSED]
Misfire counts for last/current driving cycles : 0.0 count [PASSED]","Average misfire counts for last ten driving cycles : 0.0 count [PASSED]
Misfire counts for last/current driving cycles : 0.0 count [PASSED]","Average misfire counts for last ten driving cycles : 0.0 count [PASSED]
Misfire counts for last/current driving cycles : 0.0 count [PASSED]","Unknown : 0.0 count [PASSED]
Unknown : 0.0 count [PASSED]
Unknown : 0.0 ratio [PASSED]
Unknown : 0.0 millisecond [PASSED]","Rich to lean sensor switch time : 0.0 millisecond [PASSED]
Unknown : 0.0 millivolt [PASSED]
Unknown : 0.0 millivolt [PASSED]",Unknown : -40.0 degree_Celsius [PASSED],Unknown : 0.0 ohm [PASSED],Unknown : 0.0 count [PASSED],"Unknown : 0.0 degree [PASSED]
Unknown : 0.0 degree [PASSED]
Unknown : 0.0 degree [PASSED]
Unknown : 0.0 degree [PASSED]",0.695 volt,0.0 milliampere,"((), (False, False, False, False), (False, False, True, True))",India OBD II (IOBD II),0101010001000000000000000000000000000000,10111110001111101010100000010011,10000000000001111011000000010001,11111110110100001000010000000001,5.882352941176471 percent,1491.0 revolutions_per_minute,2497.0 second,-2.34375 percent,45.0 kilometer_per_hour,<obd.OBDResponse.Status object at 0x71b6c657ad70>,<obd.OBDResponse.Status object at 0x71b6c657ae60>,12.941176470588236 percent,20.392156862745097 percent,21.176470588235293 percent,10.5 degree,bytearray(b'MEXKRDPA7NG020286'),0.0 count,2025-04-28 15:26:24,2025-04-28 15:26:30,2025-04-28 15:26:24,Signal Acquired,15.371237,73.926764,0.12,0.04,9.56,-0.01,-0.01,0.0,NO
,,,,,,,,,,,,,,,,,,,,,,,,,,,,,,,,,,,,,,,,,,,,,,,,,,,,,,,,,,,,,,,,,,,,,,,,,,,,,,,,,,,,,,,,,,,,,,,,,,,,,,,,,2025-04-28 15:26:24,Signal Acquired,15.371237,73.926764,0.96,0.11,9.3,-0.01,0.03,-0.0,NO
,,,,,,,,,,,,,,,,,,,,,,,,,,,,,,,,,,,,,,,,,,,,,,,,,,,,,,,,,,,,,,,,,,,,,,,,,,,,,,,,,,,,,,,,,,,,,,,,,,,,,,,,,2025-04-28 15:26:24,Signal Acquired,15.371236,73.926765,0.25,0.09,9.54,-0.0,-0.01,-0.0,NO
111.76470588235294 percent,49.80392156862745 percent,49.80392156862745 percent,33 degree_Celsius,100 kilopascal,bytearray(b'5E018DD3844BEA'),540.5 degree_Celsius,,,,,,0.0 kilometer,0.0 kilometer,,,,,,,,,,,,,,,,,,,,,,,,,,,,,,,,,,,,,,,ELM327 v1.5,12.6 volt,84.31372549019608 percent,5.882352941176471 percent,87.84313725490196 percent,"('Closed loop, using oxygen sensor feedback to determine fuel mix', '')",Gasoline,[],[],56 kilopascal,50 degree_Celsius,1.5625 percent,0.0 percent,11000000000000000000000000000001,10000000000000000000100000001001,11000000000000000000000000000001,1.0,1.0,01111000000000000000000000000000,Unknown : 0.0 percent [PASSED],"Average misfire counts for last ten driving cycles : 0.0 count [PASSED]
Misfire counts for last/current driving cycles : 0.0 count [PASSED]","Average misfire counts for last ten driving cycles : 0.0 count [PASSED]
Misfire counts for last/current driving cycles : 0.0 count [PASSED]","Average misfire counts for last ten driving cycles : 0.0 count [PASSED]
Misfire counts for last/current driving cycles : 0.0 count [PASSED]","Average misfire counts for last ten driving cycles : 0.0 count [PASSED]
Misfire counts for last/current driving cycles : 0.0 count [PASSED]","Unknown : 0.0 count [PASSED]
Unknown : 0.0 count [PASSED]
Unknown : 0.0 ratio [PASSED]
Unknown : 0.0 millisecond [PASSED]","Rich to lean sensor switch time : 0.0 millisecond [PASSED]
Unknown : 0.0 millivolt [PASSED]
Unknown : 0.0 millivolt [PASSED]",Unknown : -40.0 degree_Celsius [PASSED],Unknown : 0.0 ohm [PASSED],Unknown : 0.0 count [PASSED],"Unknown : 0.0 degree [PASSED]
Unknown : 0.0 degree [PASSED]
Unknown : 0.0 degree [PASSED]
Unknown : 0.0 degree [PASSED]",0.695 volt,-0.0546875 milliampere,"((), (False, False, False, False), (False, False, True, True))",India OBD II (IOBD II),0101010001000000000000000000000000000000,10111110001111101010100000010011,10000000000001111011000000010001,11111110110100001000010000000001,10.196078431372548 percent,1576.0 revolutions_per_minute,2504.0 second,-3.125 percent,59.0 kilometer_per_hour,<obd.OBDResponse.Status object at 0x71b6c6597880>,<obd.OBDResponse.Status object at 0x71b6c6597940>,22.352941176470587 percent,27.84313725490196 percent,28.235294117647058 percent,6.5 degree,bytearray(b'MEXKRDPA7NG020286'),0.0 count,2025-04-28 15:26:31,2025-04-28 15:26:37,2025-04-28 15:26:31,Signal Acquired,15.371236,73.926765,0.45,0.15,9.35,-0.02,0.04,-0.0,NO
,,,,,,,,,,,,,,,,,,,,,,,,,,,,,,,,,,,,,,,,,,,,,,,,,,,,,,,,,,,,,,,,,,,,,,,,,,,,,,,,,,,,,,,,,,,,,,,,,,,,,,,,,2025-04-28 15:26:31,Signal Acquired,15.371236,73.926765,0.43,0.09,9.5,-0.0,0.01,0.0,NO
,,,,,,,,,,,,,,,,,,,,,,,,,,,,,,,,,,,,,,,,,,,,,,,,,,,,,,,,,,,,,,,,,,,,,,,,,,,,,,,,,,,,,,,,,,,,,,,,,,,,,,,,,2025-04-28 15:26:31,Signal Acquired,15.371236,73.926765,0.56,0.12,9.32,-0.02,0.04,-0.0,NO
85.09803921568627 percent,42.35294117647059 percent,42.35294117647059 percent,33 degree_Celsius,100 kilopascal,bytearray(b'5E018DD3844BEA'),602.4000000000001 degree_Celsius,,,,,,,,,,,,,,,,,,,,,,,,,,,,,,,,,,,,,,,,,,,,,,ELM327 v1.5,12.5 volt,3.1372549019607843 percent,0.0 percent,87.84313725490196 percent,"('Open loop due to engine load OR fuel cut due to deceleration', '')",Gasoline,[],[],45 kilopascal,48 degree_Celsius,1.5625 percent,0.0 percent,11000000000000000000000000000001,10000000000000000000100000001001,11000000000000000000000000000001,1.0,1.0,01111000000000000000000000000000,Unknown : 0.0 percent [PASSED],"Average misfire counts for last ten driving cycles : 0.0 count [PASSED]
Misfire counts for last/current driving cycles : 0.0 count [PASSED]","Average misfire counts for last ten driving cycles : 0.0 count [PASSED]
Misfire counts for last/current driving cycles : 0.0 count [PASSED]","Average misfire counts for last ten driving cycles : 0.0 count [PASSED]
Misfire counts for last/current driving cycles : 0.0 count [PASSED]","Average misfire counts for last ten driving cycles : 0.0 count [PASSED]
Misfire counts for last/current driving cycles : 0.0 count [PASSED]","Unknown : 0.0 count [PASSED]
Unknown : 0.0 count [PASSED]
Unknown : 0.0 ratio [PASSED]
Unknown : 0.0 millisecond [PASSED]","Rich to lean sensor switch time : 0.0 millisecond [PASSED]
Unknown : 0.0 millivolt [PASSED]
Unknown : 0.0 millivolt [PASSED]",Unknown : -40.0 degree_Celsius [PASSED],Unknown : 0.0 ohm [PASSED],Unknown : 0.0 count [PASSED],"Unknown : 0.0 degree [PASSED]
Unknown : 0.0 degree [PASSED]
Unknown : 0.0 degree [PASSED]
Unknown : 0.0 degree [PASSED]",0.69 volt,0.0234375 milliampere,"((), (False, False, False, False), (False, False, True, True))",India OBD II (IOBD II),0101010001000000000000000000000000000000,10111110001111101010100000010011,10000000000001111011000000010001,11111110110100001000010000000001,38.8235294117647 percent,1424.0 revolutions_per_minute,2511.0 second,-1.5625 percent,66.0 kilometer_per_hour,<obd.OBDResponse.Status object at 0x71b6c63c13f0>,<obd.OBDResponse.Status object at 0x71b6c63c14b0>,58.03921568627451 percent,56.07843137254902 percent,58.8235294117647 percent,1.5 degree,bytearray(b'MEXKRDPA7NG020286'),0.0 count,2025-04-28 15:26:38,2025-04-28 15:26:44,2025-04-28 15:26:38,Signal Acquired,15.371236,73.926766,0.09,0.09,9.58,-0.01,0.02,0.0,NO
,,,,,,,,,,,,,,,,,,,,,,,,,,,,,,,,,,,,,,,,,,,,,,,,,,,,,,,,,,,,,,,,,,,,,,,,,,,,,,,,,,,,,,,,,,,,,,,,,,,,,,,,,2025-04-28 15:26:38,Signal Acquired,15.371236,73.926766,0.88,0.16,9.26,-0.0,0.03,0.0,NO
,,,,,,,,,,,,,,,,,,,,,,,,,,,,,,,,,,,,,,,,,,,,,,,,,,,,,,,,,,,,,,,,,,,,,,,,,,,,,,,,,,,,,,,,,,,,,,,,,,,,,,,,,2025-04-28 15:26:38,Signal Acquired,15.371236,73.926767,-0.12,0.07,9.63,-0.01,0.02,-0.0,NO
83.52941176470588 percent,43.13725490196079 percent,43.13725490196079 percent,33 degree_Celsius,100 kilopascal,bytearray(b'5E018DD3844BEA'),603.1 degree_Celsius,,,,,,0.0 kilometer,0.0 kilometer,,,,,,,,,,,,,,,,,,,,,,,,,,,,,,,,,,,,,,,ELM327 v1.5,12.5 volt,68.62745098039215 percent,96.47058823529412 percent,87.84313725490196 percent,"('Closed loop, using oxygen sensor feedback to determine fuel mix', '')",Gasoline,[],[],127 kilopascal,49 degree_Celsius,2.34375 percent,0.0 percent,11000000000000000000000000000001,10000000000000000000100000001001,11000000000000000000000000000001,1.0,1.0,01111000000000000000000000000000,Unknown : 0.0 percent [PASSED],"Average misfire counts for last ten driving cycles : 0.0 count [PASSED]
Misfire counts for last/current driving cycles : 0.0 count [PASSED]","Average misfire counts for last ten driving cycles : 0.0 count [PASSED]
Misfire counts for last/current driving cycles : 0.0 count [PASSED]","Average misfire counts for last ten driving cycles : 0.0 count [PASSED]
Misfire counts for last/current driving cycles : 0.0 count [PASSED]","Average misfire counts for last ten driving cycles : 0.0 count [PASSED]
Misfire counts for last/current driving cycles : 0.0 count [PASSED]","Unknown : 0.0 count [PASSED]
Unknown : 0.0 count [PASSED]
Unknown : 0.0 ratio [PASSED]
Unknown : 0.0 millisecond [PASSED]","Rich to lean sensor switch time : 0.0 millisecond [PASSED]
Unknown : 0.0 millivolt [PASSED]
Unknown : 0.0 millivolt [PASSED]",Unknown : -40.0 degree_Celsius [PASSED],Unknown : 0.0 ohm [PASSED],Unknown : 0.0 count [PASSED],"Unknown : 0.0 degree [PASSED]
Unknown : 0.0 degree [PASSED]
Unknown : 0.0 degree [PASSED]
Unknown : 0.0 degree [PASSED]",0.7 volt,-0.17578125 milliampere,"((), (False, False, False, False), (False, False, True, True))",India OBD II (IOBD II),0101010001000000000000000000000000000000,10111110001111101010100000010011,10000000000001111011000000010001,11111110110100001000010000000001,3.5294117647058822 percent,1562.0 revolutions_per_minute,2518.0 second,-4.6875 percent,73.0 kilometer_per_hour,<obd.OBDResponse.Status object at 0x71b6c63d7460>,<obd.OBDResponse.Status object at 0x71b6c63d7520>,4.705882352941177 percent,14.117647058823529 percent,14.117647058823529 percent,-7.5 degree,bytearray(b'MEXKRDPA7NG020286'),0.0 count,2025-04-28 15:26:46,2025-04-28 15:26:51,2025-04-28 15:26:46,Signal Acquired,15.371236,73.926767,1.17,0.22,9.31,-0.0,0.04,0.0,NO
,,,,,,,,,,,,,,,,,,,,,,,,,,,,,,,,,,,,,,,,,,,,,,,,,,,,,,,,,,,,,,,,,,,,,,,,,,,,,,,,,,,,,,,,,,,,,,,,,,,,,,,,,2025-04-28 15:26:46,Signal Acquired,15.371237,73.926767,-0.09,0.05,9.57,-0.01,0.01,-0.0,NO
,,,,,,,,,,,,,,,,,,,,,,,,,,,,,,,,,,,,,,,,,,,,,,,,,,,,,,,,,,,,,,,,,,,,,,,,,,,,,,,,,,,,,,,,,,,,,,,,,,,,,,,,,2025-04-28 15:26:46,Signal Acquired,15.371237,73.926767,0.8,0.15,9.32,-0.01,0.04,0.0,NO
19.607843137254903 percent,21.568627450980394 percent,21.568627450980394 percent,33 degree_Celsius,100 kilopascal,bytearray(b'5E018DD3844BEA'),610.2 degree_Celsius,,,,,,0.0 kilometer,0.0 kilometer,,,,,,,,,,,,,,,,,,,,,,,,,,,,,,,,,,,,,,,ELM327 v1.5,12.6 volt,14.901960784313726 percent,1.5686274509803921 percent,87.84313725490196 percent,"('Closed loop, using oxygen sensor feedback to determine fuel mix', '')",Gasoline,[],[],36 kilopascal,51 degree_Celsius,1.5625 percent,0.0 percent,11000000000000000000000000000001,10000000000000000000100000001001,11000000000000000000000000000001,1.0,1.0,01111000000000000000000000000000,Unknown : 0.0 percent [PASSED],"Average misfire counts for last ten driving cycles : 0.0 count [PASSED]
Misfire counts for last/current driving cycles : 0.0 count [PASSED]","Average misfire counts for last ten driving cycles : 0.0 count [PASSED]
Misfire counts for last/current driving cycles : 0.0 count [PASSED]","Average misfire counts for last ten driving cycles : 0.0 count [PASSED]
Misfire counts for last/current driving cycles : 0.0 count [PASSED]","Average misfire counts for last ten driving cycles : 0.0 count [PASSED]
Misfire counts for last/current driving cycles : 0.0 count [PASSED]","Unknown : 0.0 count [PASSED]
Unknown : 0.0 count [PASSED]
Unknown : 0.0 ratio [PASSED]
Unknown : 0.0 millisecond [PASSED]","Rich to lean sensor switch time : 0.0 millisecond [PASSED]
Unknown : 0.0 millivolt [PASSED]
Unknown : 0.0 millivolt [PASSED]",Unknown : -40.0 degree_Celsius [PASSED],Unknown : 0.0 ohm [PASSED],Unknown : 0.0 count [PASSED],"Unknown : 0.0 degree [PASSED]
Unknown : 0.0 degree [PASSED]
Unknown : 0.0 degree [PASSED]
Unknown : 0.0 degree [PASSED]",0.14 volt,0.00390625 milliampere,"((), (False, False, False, False), (False, False, True, True))",India OBD II (IOBD II),0101010001000000000000000000000000000000,10111110001111101010100000010011,10000000000001111011000000010001,11111110110100001000010000000001,3.9215686274509802 percent,1493.0 revolutions_per_minute,2525.0 second,-3.125 percent,69.0 kilometer_per_hour,<obd.OBDResponse.Status object at 0x71b6c64e1630>,<obd.OBDResponse.Status object at 0x71b6c64e16f0>,5.098039215686274 percent,14.509803921568627 percent,14.509803921568627 percent,22.5 degree,bytearray(b'MEXKRDPA7NG020286'),0.0 count,2025-04-28 15:26:53,2025-04-28 15:26:59,2025-04-28 15:26:53,Signal Acquired,15.371237,73.926766,0.37,0.06,9.51,-0.01,0.01,0.0,NO
,,,,,,,,,,,,,,,,,,,,,,,,,,,,,,,,,,,,,,,,,,,,,,,,,,,,,,,,,,,,,,,,,,,,,,,,,,,,,,,,,,,,,,,,,,,,,,,,,,,,,,,,,2025-04-28 15:26:53,Signal Acquired,15.371237,73.926766,0.75,0.15,9.37,-0.01,0.03,0.0,NO
,,,,,,,,,,,,,,,,,,,,,,,,,,,,,,,,,,,,,,,,,,,,,,,,,,,,,,,,,,,,,,,,,,,,,,,,,,,,,,,,,,,,,,,,,,,,,,,,,,,,,,,,,2025-04-28 15:26:53,Signal Acquired,15.371237,73.926767,0.25,0.02,9.57,-0.01,0.0,0.0,NO
16.862745098039216 percent,14.509803921568627 percent,14.901960784313726 percent,33 degree_Celsius,100 kilopascal,bytearray(b'5E018DD3844BEA'),595.5 degree_Celsius,,,,,,0.0 kilometer,0.0 kilometer,,,,,,,,,,,,,,,,,,,,,,,,,,,,,,,,,,,,,,,ELM327 v1.5,14.0 volt,0.0 percent,0.0 percent,87.84313725490196 percent,"('Open loop due to engine load OR fuel cut due to deceleration', '')",Gasoline,[],[],29 kilopascal,52 degree_Celsius,1.5625 percent,0.0 percent,11000000000000000000000000000001,10000000000000000000100000001001,11000000000000000000000000000001,1.0,1.0,01111000000000000000000000000000,Unknown : 0.0 percent [PASSED],"Average misfire counts for last ten driving cycles : 0.0 count [PASSED]
Misfire counts for last/current driving cycles : 0.0 count [PASSED]","Average misfire counts for last ten driving cycles : 0.0 count [PASSED]
Misfire counts for last/current driving cycles : 0.0 count [PASSED]","Average misfire counts for last ten driving cycles : 0.0 count [PASSED]
Misfire counts for last/current driving cycles : 0.0 count [PASSED]","Average misfire counts for last ten driving cycles : 0.0 count [PASSED]
Misfire counts for last/current driving cycles : 0.0 count [PASSED]","Unknown : 0.0 count [PASSED]
Unknown : 0.0 count [PASSED]
Unknown : 0.0 ratio [PASSED]
Unknown : 0.0 millisecond [PASSED]","Rich to lean sensor switch time : 0.0 millisecond [PASSED]
Unknown : 0.0 millivolt [PASSED]
Unknown : 0.0 millivolt [PASSED]",Unknown : -40.0 degree_Celsius [PASSED],Unknown : 0.0 ohm [PASSED],Unknown : 0.0 count [PASSED],"Unknown : 0.0 degree [PASSED]
Unknown : 0.0 degree [PASSED]
Unknown : 0.0 degree [PASSED]
Unknown : 0.0 degree [PASSED]",0.0 volt,1.26171875 milliampere,"((), (False, False, False, False), (False, False, True, True))",India OBD II (IOBD II),0101010001000000000000000000000000000000,10111110001111101010100000010011,10000000000001111011000000010001,11111110110100001000010000000001,2.7450980392156863 percent,1327.5 revolutions_per_minute,2533.0 second,0.0 percent,61.0 kilometer_per_hour,<obd.OBDResponse.Status object at 0x71b6c641b7c0>,<obd.OBDResponse.Status object at 0x71b6c641b880>,1.5686274509803921 percent,11.372549019607844 percent,14.117647058823529 percent,22.5 degree,bytearray(b'MEXKRDPA7NG020286'),0.0 count,2025-04-28 15:27:00,2025-04-28 15:27:06,2025-04-28 15:27:00,Signal Acquired,15.371237,73.926767,1.04,0.09,9.26,-0.01,0.02,0.0,NO
,,,,,,,,,,,,,,,,,,,,,,,,,,,,,,,,,,,,,,,,,,,,,,,,,,,,,,,,,,,,,,,,,,,,,,,,,,,,,,,,,,,,,,,,,,,,,,,,,,,,,,,,,2025-04-28 15:27:00,Signal Acquired,15.371237,73.926767,0.16,-0.01,9.6,-0.01,0.0,-0.0,NO
,,,,,,,,,,,,,,,,,,,,,,,,,,,,,,,,,,,,,,,,,,,,,,,,,,,,,,,,,,,,,,,,,,,,,,,,,,,,,,,,,,,,,,,,,,,,,,,,,,,,,,,,,2025-04-28 15:27:00,Signal Acquired,15.371237,73.926767,1.33,0.08,9.16,-0.01,0.02,0.0,NO
24.313725490196077 percent,14.509803921568627 percent,14.901960784313726 percent,33 degree_Celsius,100 kilopascal,bytearray(b'5E018DD3844BEA'),577.4000000000001 degree_Celsius,,,,,,0.0 kilometer,0.0 kilometer,,,,,,,,,,,,,,,,,,,,,,,,,,,,,,,,,,,,,,,ELM327 v1.5,12.6 volt,0.0 percent,0.0 percent,87.84313725490196 percent,"('Open loop due to engine load OR fuel cut due to deceleration', '')",Gasoline,[],[],29 kilopascal,52 degree_Celsius,1.5625 percent,0.0 percent,11000000000000000000000000000001,10000000000000000000100000001001,11000000000000000000000000000001,1.0,1.0,01111000000000000000000000000000,Unknown : 0.0 percent [PASSED],"Average misfire counts for last ten driving cycles : 0.0 count [PASSED]
Misfire counts for last/current driving cycles : 0.0 count [PASSED]","Average misfire counts for last ten driving cycles : 0.0 count [PASSED]
Misfire counts for last/current driving cycles : 0.0 count [PASSED]","Average misfire counts for last ten driving cycles : 0.0 count [PASSED]
Misfire counts for last/current driving cycles : 0.0 count [PASSED]","Average misfire counts for last ten driving cycles : 0.0 count [PASSED]
Misfire counts for last/current driving cycles : 0.0 count [PASSED]","Unknown : 0.0 count [PASSED]
Unknown : 0.0 count [PASSED]
Unknown : 0.0 ratio [PASSED]
Unknown : 0.0 millisecond [PASSED]","Rich to lean sensor switch time : 0.0 millisecond [PASSED]
Unknown : 0.0 millivolt [PASSED]
Unknown : 0.0 millivolt [PASSED]",Unknown : -40.0 degree_Celsius [PASSED],Unknown : 0.0 ohm [PASSED],Unknown : 0.0 count [PASSED],"Unknown : 0.0 degree [PASSED]
Unknown : 0.0 degree [PASSED]
Unknown : 0.0 degree [PASSED]
Unknown : 0.0 degree [PASSED]",0.0 volt,1.2578125 milliampere,"((), (False, False, False, False), (False, False, True, True))",India OBD II (IOBD II),0101010001000000000000000000000000000000,10111110001111101010100000010011,10000000000001111011000000010001,11111110110100001000010000000001,3.1372549019607843 percent,1535.5 revolutions_per_minute,2540.0 second,0.0 percent,43.0 kilometer_per_hour,<obd.OBDResponse.Status object at 0x71b6c643d990>,<obd.OBDResponse.Status object at 0x71b6c643da50>,3.9215686274509802 percent,13.333333333333334 percent,13.72549019607843 percent,-11.5 degree,bytearray(b'MEXKRDPA7NG020286'),0.0 count,2025-04-28 15:27:07,2025-04-28 15:27:13,2025-04-28 15:27:07,Signal Acquired,15.371236,73.926768,-0.04,-0.06,9.58,-0.02,0.0,-0.0,NO
,,,,,,,,,,,,,,,,,,,,,,,,,,,,,,,,,,,,,,,,,,,,,,,,,,,,,,,,,,,,,,,,,,,,,,,,,,,,,,,,,,,,,,,,,,,,,,,,,,,,,,,,,2025-04-28 15:27:07,Signal Acquired,15.371236,73.926768,1.04,0.12,9.28,-0.01,0.03,0.0,NO
,,,,,,,,,,,,,,,,,,,,,,,,,,,,,,,,,,,,,,,,,,,,,,,,,,,,,,,,,,,,,,,,,,,,,,,,,,,,,,,,,,,,,,,,,,,,,,,,,,,,,,,,,2025-04-28 15:27:07,Signal Acquired,15.371236,73.926769,-0.04,-0.03,9.65,-0.02,0.01,-0.0,NO
27.84313725490196 percent,24.705882352941178 percent,24.313725490196077 percent,33 degree_Celsius,100 kilopascal,bytearray(b'5E018DD3844BEA'),557.7 degree_Celsius,,,,,,0.0 kilometer,0.0 kilometer,,,,,,,,,,,,,,,,,,,,,,,,,,,,,,,,,,,,,,,ELM327 v1.5,12.6 volt,7.0588235294117645 percent,6.666666666666667 percent,87.84313725490196 percent,"('Closed loop, using oxygen sensor feedback to determine fuel mix', '')",Gasoline,[],[],40 kilopascal,52 degree_Celsius,-1.5625 percent,0.0 percent,11000000000000000000000000000001,10000000000000000000100000001001,11000000000000000000000000000001,1.0,1.0,01111000000000000000000000000000,Unknown : 0.0 percent [PASSED],"Average misfire counts for last ten driving cycles : 0.0 count [PASSED]
Misfire counts for last/current driving cycles : 0.0 count [PASSED]","Average misfire counts for last ten driving cycles : 0.0 count [PASSED]
Misfire counts for last/current driving cycles : 0.0 count [PASSED]","Average misfire counts for last ten driving cycles : 0.0 count [PASSED]
Misfire counts for last/current driving cycles : 0.0 count [PASSED]","Average misfire counts for last ten driving cycles : 0.0 count [PASSED]
Misfire counts for last/current driving cycles : 0.0 count [PASSED]","Unknown : 0.0 count [PASSED]
Unknown : 0.0 count [PASSED]
Unknown : 0.0 ratio [PASSED]
Unknown : 0.0 millisecond [PASSED]","Rich to lean sensor switch time : 0.0 millisecond [PASSED]
Unknown : 0.0 millivolt [PASSED]
Unknown : 0.0 millivolt [PASSED]",Unknown : -40.0 degree_Celsius [PASSED],Unknown : 0.0 ohm [PASSED],Unknown : 0.0 count [PASSED],"Unknown : 0.0 degree [PASSED]
Unknown : 0.0 degree [PASSED]
Unknown : 0.0 degree [PASSED]
Unknown : 0.0 degree [PASSED]",0.13 volt,-0.23046875 milliampere,"((), (False, False, False, False), (False, False, True, True))",India OBD II (IOBD II),0101010001000000000000000000000000000000,10111110001111101010100000010011,10000000000001111011000000010001,11111110110100001000010000000001,1.9607843137254901 percent,1427.5 revolutions_per_minute,2547.0 second,7.03125 percent,41.0 kilometer_per_hour,<obd.OBDResponse.Status object at 0x71b6c6453fa0>,<obd.OBDResponse.Status object at 0x71b6c6453fd0>,1.9607843137254901 percent,11.764705882352942 percent,11.372549019607844 percent,-11.5 degree,bytearray(b'MEXKRDPA7NG020286'),0.0 count,2025-04-28 15:27:15,2025-04-28 15:27:20,2025-04-28 15:27:15,Signal Acquired,15.371236,73.926769,0.8,0.14,9.33,-0.01,0.02,0.0,NO
,,,,,,,,,,,,,,,,,,,,,,,,,,,,,,,,,,,,,,,,,,,,,,,,,,,,,,,,,,,,,,,,,,,,,,,,,,,,,,,,,,,,,,,,,,,,,,,,,,,,,,,,,2025-04-28 15:27:15,Signal Acquired,15.371236,73.92677,-0.09,0.05,9.57,-0.03,0.03,0.0,NO
,,,,,,,,,,,,,,,,,,,,,,,,,,,,,,,,,,,,,,,,,,,,,,,,,,,,,,,,,,,,,,,,,,,,,,,,,,,,,,,,,,,,,,,,,,,,,,,,,,,,,,,,,2025-04-28 15:27:15,Signal Acquired,15.371236,73.92677,0.79,0.15,9.45,-0.0,0.01,0.0,NO
16.862745098039216 percent,17.254901960784313 percent,17.254901960784313 percent,33 degree_Celsius,100 kilopascal,bytearray(b'5E018DD3844BEA'),546.6 degree_Celsius,,,,,,,,,,,,,,,,,,,,,,,,,,,,,,,,,,,,,,,,,,,,,,ELM327 v1.5,12.6 volt,53.333333333333336 percent,85.49019607843137 percent,87.84313725490196 percent,"('Closed loop, using oxygen sensor feedback to determine fuel mix', '')",Gasoline,[],[],103 kilopascal,52 degree_Celsius,2.34375 percent,0.0 percent,11000000000000000000000000000001,10000000000000000000100000001001,11000000000000000000000000000001,1.0,1.0,01111000000000000000000000000000,Unknown : 0.0 percent [PASSED],"Average misfire counts for last ten driving cycles : 0.0 count [PASSED]
Misfire counts for last/current driving cycles : 0.0 count [PASSED]","Average misfire counts for last ten driving cycles : 0.0 count [PASSED]
Misfire counts for last/current driving cycles : 0.0 count [PASSED]","Average misfire counts for last ten driving cycles : 0.0 count [PASSED]
Misfire counts for last/current driving cycles : 0.0 count [PASSED]","Average misfire counts for last ten driving cycles : 0.0 count [PASSED]
Misfire counts for last/current driving cycles : 0.0 count [PASSED]","Unknown : 0.0 count [PASSED]
Unknown : 0.0 count [PASSED]
Unknown : 0.0 ratio [PASSED]
Unknown : 0.0 millisecond [PASSED]","Rich to lean sensor switch time : 0.0 millisecond [PASSED]
Unknown : 0.0 millivolt [PASSED]
Unknown : 0.0 millivolt [PASSED]",Unknown : -40.0 degree_Celsius [PASSED],Unknown : 0.0 ohm [PASSED],Unknown : 0.0 count [PASSED],"Unknown : 0.0 degree [PASSED]
Unknown : 0.0 degree [PASSED]
Unknown : 0.0 degree [PASSED]
Unknown : 0.0 degree [PASSED]",0.765 volt,-0.015625 milliampere,"((), (False, False, False, False), (False, False, True, True))",India OBD II (IOBD II),0101010001000000000000000000000000000000,10111110001111101010100000010011,10000000000001111011000000010001,11111110110100001000010000000001,59.21568627450981 percent,1487.5 revolutions_per_minute,2554.0 second,5.46875 percent,44.0 kilometer_per_hour,<obd.OBDResponse.Status object at 0x71b6c6471b10>,<obd.OBDResponse.Status object at 0x71b6c6471bd0>,94.90196078431373 percent,84.31372549019608 percent,85.49019607843137 percent,1.5 degree,bytearray(b'MEXKRDPA7NG020286'),0.0 count,2025-04-28 15:27:22,2025-04-28 15:27:27,2025-04-28 15:27:22,Signal Acquired,15.371236,73.926769,-0.44,-0.02,9.55,-0.03,0.04,-0.0,NO
,,,,,,,,,,,,,,,,,,,,,,,,,,,,,,,,,,,,,,,,,,,,,,,,,,,,,,,,,,,,,,,,,,,,,,,,,,,,,,,,,,,,,,,,,,,,,,,,,,,,,,,,,2025-04-28 15:27:22,Signal Acquired,15.371236,73.926769,1.16,0.1,9.35,-0.0,0.01,0.0,NO
,,,,,,,,,,,,,,,,,,,,,,,,,,,,,,,,,,,,,,,,,,,,,,,,,,,,,,,,,,,,,,,,,,,,,,,,,,,,,,,,,,,,,,,,,,,,,,,,,,,,,,,,,2025-04-28 15:27:22,Signal Acquired,15.371236,73.926769,-0.47,0.03,9.61,-0.02,0.04,-0.0,NO
94.90196078431373 percent,39.6078431372549 percent,39.6078431372549 percent,33 degree_Celsius,100 kilopascal,bytearray(b'5E018DD3844BEA'),553.2 degree_Celsius,,,,,,,0.0 kilometer,,,,,,,,,,,,,,,,,,,,,,,,,,,,,,,,,,,,,,,ELM327 v1.5,12.5 volt,15.294117647058824 percent,8.235294117647058 percent,87.84313725490196 percent,"('Closed loop, using oxygen sensor feedback to determine fuel mix', '')",Gasoline,[],[],53 kilopascal,48 degree_Celsius,1.5625 percent,0.0 percent,11000000000000000000000000000001,10000000000000000000100000001001,11000000000000000000000000000001,1.0,1.0,01111000000000000000000000000000,Unknown : 0.0 percent [PASSED],"Average misfire counts for last ten driving cycles : 0.0 count [PASSED]
Misfire counts for last/current driving cycles : 0.0 count [PASSED]","Average misfire counts for last ten driving cycles : 0.0 count [PASSED]
Misfire counts for last/current driving cycles : 0.0 count [PASSED]","Average misfire counts for last ten driving cycles : 0.0 count [PASSED]
Misfire counts for last/current driving cycles : 1.0 count [PASSED]","Average misfire counts for last ten driving cycles : 0.0 count [PASSED]
Misfire counts for last/current driving cycles : 0.0 count [PASSED]","Unknown : 0.0 count [PASSED]
Unknown : 0.0 count [PASSED]
Unknown : 0.0 ratio [PASSED]
Unknown : 0.0 millisecond [PASSED]","Rich to lean sensor switch time : 0.0 millisecond [PASSED]
Unknown : 0.0 millivolt [PASSED]
Unknown : 0.0 millivolt [PASSED]",Unknown : -40.0 degree_Celsius [PASSED],Unknown : 0.0 ohm [PASSED],Unknown : 0.0 count [PASSED],"Unknown : 0.0 degree [PASSED]
Unknown : 0.0 degree [PASSED]
Unknown : 0.0 degree [PASSED]
Unknown : 0.0 degree [PASSED]",0.715 volt,0.0703125 milliampere,"((), (False, False, False, False), (False, False, True, True))",India OBD II (IOBD II),0101010001000000000000000000000000000000,10111110001111101010100000010011,10000000000001111011000000010001,11111110110100001000010000000001,3.5294117647058822 percent,1453.0 revolutions_per_minute,2562.0 second,0.0 percent,53.0 kilometer_per_hour,<obd.OBDResponse.Status object at 0x71b6c62b03d0>,<obd.OBDResponse.Status object at 0x71b6c62b0490>,3.9215686274509802 percent,13.333333333333334 percent,13.72549019607843 percent,-12.0 degree,bytearray(b'MEXKRDPA7NG020286'),0.0 count,2025-04-28 15:27:29,2025-04-28 15:27:35,2025-04-28 15:27:29,Signal Acquired,15.371236,73.926769,1.02,0.17,9.27,-0.0,0.02,0.0,NO
,,,,,,,,,,,,,,,,,,,,,,,,,,,,,,,,,,,,,,,,,,,,,,,,,,,,,,,,,,,,,,,,,,,,,,,,,,,,,,,,,,,,,,,,,,,,,,,,,,,,,,,,,2025-04-28 15:27:29,Signal Acquired,15.371236,73.926769,-0.09,0.06,9.57,-0.02,0.03,-0.0,NO
,,,,,,,,,,,,,,,,,,,,,,,,,,,,,,,,,,,,,,,,,,,,,,,,,,,,,,,,,,,,,,,,,,,,,,,,,,,,,,,,,,,,,,,,,,,,,,,,,,,,,,,,,2025-04-28 15:27:29,Signal Acquired,15.371236,73.926769,0.97,-0.27,9.06,-0.04,0.03,-0.0,NO
23.52941176470588 percent,25.88235294117647 percent,27.058823529411764 percent,33 degree_Celsius,100 kilopascal,bytearray(b'5E018DD3844BEA'),563.1 degree_Celsius,,,,,,0.0 kilometer,0.0 kilometer,,,,,,,,,,,,,,,,,,,,,,,,,,,,,,,,,,,,,,,ELM327 v1.5,12.6 volt,40.0 percent,32.15686274509804 percent,87.84313725490196 percent,"('Closed loop, using oxygen sensor feedback to determine fuel mix', '')",Gasoline,[],[],98 kilopascal,51 degree_Celsius,1.5625 percent,0.0 percent,11000000000000000000000000000001,10000000000000000000100000001001,11000000000000000000000000000001,1.0,1.0,01111000000000000000000000000000,Unknown : 0.0 percent [PASSED],"Average misfire counts for last ten driving cycles : 0.0 count [PASSED]
Misfire counts for last/current driving cycles : 0.0 count [PASSED]","Average misfire counts for last ten driving cycles : 0.0 count [PASSED]
Misfire counts for last/current driving cycles : 0.0 count [PASSED]","Average misfire counts for last ten driving cycles : 0.0 count [PASSED]
Misfire counts for last/current driving cycles : 0.0 count [PASSED]","Average misfire counts for last ten driving cycles : 0.0 count [PASSED]
Misfire counts for last/current driving cycles : 0.0 count [PASSED]","Unknown : 0.0 count [PASSED]
Unknown : 0.0 count [PASSED]
Unknown : 0.0 ratio [PASSED]
Unknown : 0.0 millisecond [PASSED]","Rich to lean sensor switch time : 0.0 millisecond [PASSED]
Unknown : 0.0 millivolt [PASSED]
Unknown : 0.0 millivolt [PASSED]",Unknown : -40.0 degree_Celsius [PASSED],Unknown : 0.0 ohm [PASSED],Unknown : 0.0 count [PASSED],"Unknown : 0.0 degree [PASSED]
Unknown : 0.0 degree [PASSED]
Unknown : 0.0 degree [PASSED]
Unknown : 0.0 degree [PASSED]",0.745 volt,0.0 milliampere,"((), (False, False, False, False), (False, False, True, True))",India OBD II (IOBD II),0101010001000000000000000000000000000000,10111110001111101010100000010011,10000000000001111011000000010001,11111110110100001000010000000001,55.294117647058826 percent,1506.0 revolutions_per_minute,2569.0 second,2.34375 percent,56.0 kilometer_per_hour,<obd.OBDResponse.Status object at 0x71b6c62b9f30>,<obd.OBDResponse.Status object at 0x71b6c62b9ff0>,70.19607843137256 percent,65.09803921568627 percent,65.49019607843137 percent,2.0 degree,bytearray(b'MEXKRDPA7NG020286'),0.0 count,2025-04-28 15:27:36,2025-04-28 15:27:42,2025-04-28 15:27:36,Signal Acquired,15.371236,73.926769,0.11,0.03,9.48,-0.01,0.02,-0.0,NO
,,,,,,,,,,,,,,,,,,,,,,,,,,,,,,,,,,,,,,,,,,,,,,,,,,,,,,,,,,,,,,,,,,,,,,,,,,,,,,,,,,,,,,,,,,,,,,,,,,,,,,,,,2025-04-28 15:27:36,Signal Acquired,15.371236,73.926769,1.21,0.14,9.34,0.0,0.0,0.0,NO
,,,,,,,,,,,,,,,,,,,,,,,,,,,,,,,,,,,,,,,,,,,,,,,,,,,,,,,,,,,,,,,,,,,,,,,,,,,,,,,,,,,,,,,,,,,,,,,,,,,,,,,,,2025-04-28 15:27:36,Signal Acquired,15.371235,73.926768,0.04,-0.01,9.63,-0.01,0.03,0.0,NO
85.49019607843137 percent,37.254901960784316 percent,37.254901960784316 percent,33 degree_Celsius,100 kilopascal,bytearray(b'5E018DD3844BEA'),565.1 degree_Celsius,,,,,,0.0 kilometer,0.0 kilometer,,,,,,,,,,,,,,,,,,,,,,,,,,,,,,,,,,,,,,,ELM327 v1.5,12.6 volt,55.68627450980392 percent,98.03921568627452 percent,87.84313725490196 percent,"('Closed loop, using oxygen sensor feedback to determine fuel mix', '')",Gasoline,[],[],109 kilopascal,49 degree_Celsius,2.34375 percent,0.0 percent,11000000000000000000000000000001,10000000000000000000100000001001,11000000000000000000000000000001,1.0,1.0,01111000000000000000000000000000,Unknown : 0.0 percent [PASSED],"Average misfire counts for last ten driving cycles : 0.0 count [PASSED]
Misfire counts for last/current driving cycles : 0.0 count [PASSED]","Average misfire counts for last ten driving cycles : 0.0 count [PASSED]
Misfire counts for last/current driving cycles : 0.0 count [PASSED]","Average misfire counts for last ten driving cycles : 0.0 count [PASSED]
Misfire counts for last/current driving cycles : 0.0 count [PASSED]","Average misfire counts for last ten driving cycles : 0.0 count [PASSED]
Misfire counts for last/current driving cycles : 0.0 count [PASSED]","Unknown : 0.0 count [PASSED]
Unknown : 0.0 count [PASSED]
Unknown : 0.0 ratio [PASSED]
Unknown : 0.0 millisecond [PASSED]","Rich to lean sensor switch time : 0.0 millisecond [PASSED]
Unknown : 0.0 millivolt [PASSED]
Unknown : 0.0 millivolt [PASSED]",Unknown : -40.0 degree_Celsius [PASSED],Unknown : 0.0 ohm [PASSED],Unknown : 0.0 count [PASSED],,0.715 volt,-0.0234375 milliampere,"((), (False, False, False, False), (False, False, True, True))",India OBD II (IOBD II),0101010001000000000000000000000000000000,10111110001111101010100000010011,10000000000001111011000000010001,11111110110100001000010000000001,11.372549019607844 percent,1745.0 revolutions_per_minute,2576.0 second,0.78125 percent,65.0 kilometer_per_hour,<obd.OBDResponse.Status object at 0x71b6c62e7df0>,<obd.OBDResponse.Status object at 0x71b6c62e7eb0>,16.470588235294116 percent,23.137254901960784 percent,23.137254901960784 percent,11.0 degree,bytearray(b'MEXKRDPA7NG020286'),0.0 count,2025-04-28 15:27:43,2025-04-28 15:27:49,2025-04-28 15:27:43,Signal Acquired,15.371235,73.926768,1.61,0.06,9.2,0.0,0.01,0.0,NO
,,,,,,,,,,,,,,,,,,,,,,,,,,,,,,,,,,,,,,,,,,,,,,,,,,,,,,,,,,,,,,,,,,,,,,,,,,,,,,,,,,,,,,,,,,,,,,,,,,,,,,,,,2025-04-28 15:27:43,Signal Acquired,15.371234,73.926768,0.11,-0.03,9.5,-0.01,0.01,-0.0,NO
,,,,,,,,,,,,,,,,,,,,,,,,,,,,,,,,,,,,,,,,,,,,,,,,,,,,,,,,,,,,,,,,,,,,,,,,,,,,,,,,,,,,,,,,,,,,,,,,,,,,,,,,,2025-04-28 15:27:43,Signal Acquired,15.371234,73.926768,1.2,0.05,9.21,-0.0,0.02,0.0,NO
22.352941176470587 percent,14.509803921568627 percent,14.901960784313726 percent,33 degree_Celsius,100 kilopascal,bytearray(b'5E018DD3844BEA'),587.5 degree_Celsius,,,,,,0.0 kilometer,0.0 kilometer,,,,,,,,,,,,,,,,,,,,,,,,,,,,,,,,,,,,,,,ELM327 v1.5,12.4 volt,45.09803921568628 percent,87.45098039215686 percent,87.84313725490196 percent,"('Closed loop, using oxygen sensor feedback to determine fuel mix', '')",Gasoline,[],[],102 kilopascal,49 degree_Celsius,2.34375 percent,0.0 percent,11000000000000000000000000000001,10000000000000000000100000001001,11000000000000000000000000000001,1.0,1.0,01111000000000000000000000000000,Unknown : 0.0 percent [PASSED],"Average misfire counts for last ten driving cycles : 0.0 count [PASSED]
Misfire counts for last/current driving cycles : 0.0 count [PASSED]","Average misfire counts for last ten driving cycles : 0.0 count [PASSED]
Misfire counts for last/current driving cycles : 0.0 count [PASSED]","Average misfire counts for last ten driving cycles : 0.0 count [PASSED]
Misfire counts for last/current driving cycles : 0.0 count [PASSED]","Average misfire counts for last ten driving cycles : 0.0 count [PASSED]
Misfire counts for last/current driving cycles : 0.0 count [PASSED]","Unknown : 0.0 count [PASSED]
Unknown : 0.0 count [PASSED]
Unknown : 0.0 ratio [PASSED]
Unknown : 0.0 millisecond [PASSED]","Rich to lean sensor switch time : 0.0 millisecond [PASSED]
Unknown : 0.0 millivolt [PASSED]
Unknown : 0.0 millivolt [PASSED]",Unknown : -40.0 degree_Celsius [PASSED],Unknown : 0.0 ohm [PASSED],Unknown : 0.0 count [PASSED],"Unknown : 0.0 degree [PASSED]
Unknown : 0.0 degree [PASSED]
Unknown : 0.0 degree [PASSED]
Unknown : 0.0 degree [PASSED]",0.725 volt,-0.04296875 milliampere,"((), (False, False, False, False), (False, False, True, True))",India OBD II (IOBD II),0101010001000000000000000000000000000000,10111110001111101010100000010011,10000000000001111011000000010001,11111110110100001000010000000001,74.11764705882354 percent,1399.5 revolutions_per_minute,2583.0 second,2.34375 percent,64.0 kilometer_per_hour,<obd.OBDResponse.Status object at 0x71b6c6306170>,<obd.OBDResponse.Status object at 0x71b6c6306230>,67.05882352941177 percent,55.68627450980392 percent,21.96078431372549 percent,-1.0 degree,bytearray(b'MEXKRDPA7NG020286'),0.0 count,2025-04-28 15:27:51,2025-04-28 15:27:56,2025-04-28 15:27:51,Signal Acquired,15.371234,73.926766,0.32,0.05,9.53,-0.02,0.02,0.0,NO
,,,,,,,,,,,,,,,,,,,,,,,,,,,,,,,,,,,,,,,,,,,,,,,,,,,,,,,,,,,,,,,,,,,,,,,,,,,,,,,,,,,,,,,,,,,,,,,,,,,,,,,,,2025-04-28 15:27:51,Signal Acquired,15.371234,73.926766,1.04,0.08,9.36,-0.0,0.01,0.0,NO
,,,,,,,,,,,,,,,,,,,,,,,,,,,,,,,,,,,,,,,,,,,,,,,,,,,,,,,,,,,,,,,,,,,,,,,,,,,,,,,,,,,,,,,,,,,,,,,,,,,,,,,,,2025-04-28 15:27:51,Signal Acquired,15.371234,73.926765,0.17,0.04,9.49,-0.02,0.03,0.0,NO
16.470588235294116 percent,14.509803921568627 percent,14.901960784313726 percent,33 degree_Celsius,100 kilopascal,bytearray(b'5E018DD3844BEA'),579.2 degree_Celsius,,,,,,,0.0 kilometer,,,,,,,,,,,,,,,,,,,,,,,,,,,,,,,,,,,,,,,ELM327 v1.5,13.3 volt,32.15686274509804 percent,0.39215686274509803 percent,87.84313725490196 percent,"('Closed loop, using oxygen sensor feedback to determine fuel mix', '')",Gasoline,[],[],73 kilopascal,49 degree_Celsius,1.5625 percent,0.0 percent,11000000000000000000000000000001,10000000000000000000100000001001,11000000000000000000000000000001,1.0,1.0,01111000000000000000000000000000,Unknown : 0.0 percent [PASSED],"Average misfire counts for last ten driving cycles : 0.0 count [PASSED]
Misfire counts for last/current driving cycles : 0.0 count [PASSED]","Average misfire counts for last ten driving cycles : 0.0 count [PASSED]
Misfire counts for last/current driving cycles : 0.0 count [PASSED]","Average misfire counts for last ten driving cycles : 0.0 count [PASSED]
Misfire counts for last/current driving cycles : 0.0 count [PASSED]","Average misfire counts for last ten driving cycles : 0.0 count [PASSED]
Misfire counts for last/current driving cycles : 0.0 count [PASSED]","Unknown : 0.0 count [PASSED]
Unknown : 0.0 count [PASSED]
Unknown : 0.0 ratio [PASSED]
Unknown : 0.0 millisecond [PASSED]","Rich to lean sensor switch time : 0.0 millisecond [PASSED]
Unknown : 0.0 millivolt [PASSED]
Unknown : 0.0 millivolt [PASSED]",Unknown : -40.0 degree_Celsius [PASSED],Unknown : 0.0 ohm [PASSED],Unknown : 0.0 count [PASSED],"Unknown : 0.0 degree [PASSED]
Unknown : 0.0 degree [PASSED]
Unknown : 0.0 degree [PASSED]
Unknown : 0.0 degree [PASSED]",0.52 volt,-0.01171875 milliampere,"((), (False, False, False, False), (False, False, True, True))",India OBD II (IOBD II),0101010001000000000000000000000000000000,10111110001111101010100000010011,10000000000001111011000000010001,11111110110100001000010000000001,48.23529411764706 percent,1214.5 revolutions_per_minute,2591.0 second,0.78125 percent,56.0 kilometer_per_hour,<obd.OBDResponse.Status object at 0x71b6c6338280>,<obd.OBDResponse.Status object at 0x71b6c6338340>,64.70588235294117 percent,61.1764705882353 percent,61.96078431372549 percent,2.0 degree,bytearray(b'MEXKRDPA7NG020286'),0.0 count,2025-04-28 15:27:58,2025-04-28 15:28:04,2025-04-28 15:27:58,Signal Acquired,15.371234,73.926765,1.05,0.12,9.41,0.0,0.0,0.0,NO
,,,,,,,,,,,,,,,,,,,,,,,,,,,,,,,,,,,,,,,,,,,,,,,,,,,,,,,,,,,,,,,,,,,,,,,,,,,,,,,,,,,,,,,,,,,,,,,,,,,,,,,,,2025-04-28 15:27:58,Signal Acquired,15.371234,73.926763,-0.09,0.07,9.58,-0.02,0.04,-0.0,NO
,,,,,,,,,,,,,,,,,,,,,,,,,,,,,,,,,,,,,,,,,,,,,,,,,,,,,,,,,,,,,,,,,,,,,,,,,,,,,,,,,,,,,,,,,,,,,,,,,,,,,,,,,2025-04-28 15:27:58,Signal Acquired,15.371234,73.926763,0.96,0.12,9.35,0.01,0.01,0.0,NO
81.17647058823529 percent,39.6078431372549 percent,39.6078431372549 percent,33 degree_Celsius,100 kilopascal,bytearray(b'5E018DD3844BEA'),568.5 degree_Celsius,,,,,,,0.0 kilometer,,,,,,,,,,,,,,,,,,,,,,,,,,,,,,,,,,,,,,,ELM327 v1.5,12.5 volt,67.45098039215686 percent,82.3529411764706 percent,87.84313725490196 percent,"('Closed loop, using oxygen sensor feedback to determine fuel mix', '')",Gasoline,[],[],112 kilopascal,48 degree_Celsius,1.5625 percent,0.0 percent,11000000000000000000000000000001,10000000000000000000100000001001,11000000000000000000000000000001,1.0,1.0,01111000000000000000000000000000,Unknown : 0.0 percent [PASSED],"Average misfire counts for last ten driving cycles : 0.0 count [PASSED]
Misfire counts for last/current driving cycles : 0.0 count [PASSED]","Average misfire counts for last ten driving cycles : 0.0 count [PASSED]
Misfire counts for last/current driving cycles : 0.0 count [PASSED]","Average misfire counts for last ten driving cycles : 0.0 count [PASSED]
Misfire counts for last/current driving cycles : 0.0 count [PASSED]","Average misfire counts for last ten driving cycles : 0.0 count [PASSED]
Misfire counts for last/current driving cycles : 0.0 count [PASSED]","Unknown : 0.0 count [PASSED]
Unknown : 0.0 count [PASSED]
Unknown : 0.0 ratio [PASSED]
Unknown : 0.0 millisecond [PASSED]","Rich to lean sensor switch time : 0.0 millisecond [PASSED]
Unknown : 0.0 millivolt [PASSED]
Unknown : 0.0 millivolt [PASSED]",Unknown : -40.0 degree_Celsius [PASSED],Unknown : 0.0 ohm [PASSED],Unknown : 0.0 count [PASSED],"Unknown : 0.0 degree [PASSED]
Unknown : 0.0 degree [PASSED]
Unknown : 0.0 degree [PASSED]
Unknown : 0.0 degree [PASSED]",0.74 volt,-0.01953125 milliampere,"((), (False, False, False, False), (False, False, True, True))",India OBD II (IOBD II),0101010001000000000000000000000000000000,10111110001111101010100000010011,10000000000001111011000000010001,11111110110100001000010000000001,77.25490196078431 percent,1316.0 revolutions_per_minute,2598.0 second,1.5625 percent,61.0 kilometer_per_hour,<obd.OBDResponse.Status object at 0x71b6c6342a70>,<obd.OBDResponse.Status object at 0x71b6c6342b30>,99.6078431372549 percent,87.45098039215686 percent,88.23529411764706 percent,-1.5 degree,bytearray(b'MEXKRDPA7NG020286'),0.0 count,2025-04-28 15:28:05,2025-04-28 15:28:11,2025-04-28 15:28:05,Signal Acquired,15.371234,73.926763,-0.51,0.07,9.57,-0.03,0.04,-0.0,NO
,,,,,,,,,,,,,,,,,,,,,,,,,,,,,,,,,,,,,,,,,,,,,,,,,,,,,,,,,,,,,,,,,,,,,,,,,,,,,,,,,,,,,,,,,,,,,,,,,,,,,,,,,2025-04-28 15:28:05,Signal Acquired,15.371234,73.926763,1.07,0.02,9.36,0.0,-0.0,0.01,NO
,,,,,,,,,,,,,,,,,,,,,,,,,,,,,,,,,,,,,,,,,,,,,,,,,,,,,,,,,,,,,,,,,,,,,,,,,,,,,,,,,,,,,,,,,,,,,,,,,,,,,,,,,2025-04-28 15:28:05,Signal Acquired,15.371234,73.926762,0.15,-0.0,9.52,-0.02,0.03,-0.0,NO
95.68627450980392 percent,40.0 percent,39.21568627450981 percent,32 degree_Celsius,100 kilopascal,bytearray(b'5E018DD3844BEA'),584.7 degree_Celsius,,,,,,0.0 kilometer,0.0 kilometer,,,,,,,,,,,,,,,,,,,,,,,,,,,,,,,,,,,,,,,ELM327 v1.5,12.5 volt,50.98039215686274 percent,92.54901960784314 percent,87.84313725490196 percent,"('Closed loop, using oxygen sensor feedback to determine fuel mix', '')",Gasoline,[],[],104 kilopascal,48 degree_Celsius,2.34375 percent,0.0 percent,11000000000000000000000000000001,10000000000000000000100000001001,11000000000000000000000000000001,1.0,1.0,01111000000000000000000000000000,Unknown : 0.0 percent [PASSED],"Average misfire counts for last ten driving cycles : 0.0 count [PASSED]
Misfire counts for last/current driving cycles : 0.0 count [PASSED]","Average misfire counts for last ten driving cycles : 0.0 count [PASSED]
Misfire counts for last/current driving cycles : 0.0 count [PASSED]","Average misfire counts for last ten driving cycles : 0.0 count [PASSED]
Misfire counts for last/current driving cycles : 0.0 count [PASSED]","Average misfire counts for last ten driving cycles : 0.0 count [PASSED]
Misfire counts for last/current driving cycles : 0.0 count [PASSED]","Unknown : 0.0 count [PASSED]
Unknown : 0.0 count [PASSED]
Unknown : 0.0 ratio [PASSED]
Unknown : 0.0 millisecond [PASSED]","Rich to lean sensor switch time : 0.0 millisecond [PASSED]
Unknown : 0.0 millivolt [PASSED]
Unknown : 0.0 millivolt [PASSED]",Unknown : -40.0 degree_Celsius [PASSED],Unknown : 0.0 ohm [PASSED],Unknown : 0.0 count [PASSED],"Unknown : 0.0 degree [PASSED]
Unknown : 0.0 degree [PASSED]
Unknown : 0.0 degree [PASSED]
Unknown : 0.0 degree [PASSED]",0.725 volt,-0.01953125 milliampere,"((), (False, False, False, False), (False, False, True, True))",India OBD II (IOBD II),0101010001000000000000000000000000000000,10111110001111101010100000010011,10000000000001111011000000010001,11111110110100001000010000000001,22.352941176470587 percent,1541.0 revolutions_per_minute,2605.0 second,-0.78125 percent,71.0 kilometer_per_hour,<obd.OBDResponse.Status object at 0x71b6c637c1c0>,<obd.OBDResponse.Status object at 0x71b6c637c280>,27.84313725490196 percent,31.764705882352942 percent,31.764705882352942 percent,6.0 degree,bytearray(b'MEXKRDPA7NG020286'),0.0 count,2025-04-28 15:28:13,2025-04-28 15:28:19,2025-04-28 15:28:13,Signal Acquired,15.371234,73.926762,0.72,0.14,9.4,0.01,0.01,0.0,NO
,,,,,,,,,,,,,,,,,,,,,,,,,,,,,,,,,,,,,,,,,,,,,,,,,,,,,,,,,,,,,,,,,,,,,,,,,,,,,,,,,,,,,,,,,,,,,,,,,,,,,,,,,2025-04-28 15:28:13,Signal Acquired,15.371234,73.926761,-0.01,0.14,9.39,-0.03,0.04,-0.0,NO
,,,,,,,,,,,,,,,,,,,,,,,,,,,,,,,,,,,,,,,,,,,,,,,,,,,,,,,,,,,,,,,,,,,,,,,,,,,,,,,,,,,,,,,,,,,,,,,,,,,,,,,,,2025-04-28 15:28:13,Signal Acquired,15.371234,73.926761,0.75,0.01,9.35,-0.0,-0.01,0.0,NO
56.07843137254902 percent,32.15686274509804 percent,32.15686274509804 percent,32 degree_Celsius,100 kilopascal,bytearray(b'5E018DD3844BEA'),595.3000000000001 degree_Celsius,,,,,,0.0 kilometer,0.0 kilometer,,,,,,,,,,,,,,,,,,,,,,,,,,,,,,,,,,,,,,,ELM327 v1.5,12.4 volt,32.94117647058823 percent,33.333333333333336 percent,87.84313725490196 percent,"('Closed loop, using oxygen sensor feedback to determine fuel mix', '')",Gasoline,[],[],82 kilopascal,49 degree_Celsius,1.5625 percent,0.0 percent,11000000000000000000000000000001,10000000000000000000100000001001,11000000000000000000000000000001,1.0,1.0,01111000000000000000000000000000,Unknown : 0.0 percent [PASSED],"Average misfire counts for last ten driving cycles : 0.0 count [PASSED]
Misfire counts for last/current driving cycles : 0.0 count [PASSED]","Average misfire counts for last ten driving cycles : 0.0 count [PASSED]
Misfire counts for last/current driving cycles : 0.0 count [PASSED]","Average misfire counts for last ten driving cycles : 0.0 count [PASSED]
Misfire counts for last/current driving cycles : 0.0 count [PASSED]","Average misfire counts for last ten driving cycles : 0.0 count [PASSED]
Misfire counts for last/current driving cycles : 0.0 count [PASSED]","Unknown : 0.0 count [PASSED]
Unknown : 0.0 count [PASSED]
Unknown : 0.0 ratio [PASSED]
Unknown : 0.0 millisecond [PASSED]","Rich to lean sensor switch time : 0.0 millisecond [PASSED]
Unknown : 0.0 millivolt [PASSED]
Unknown : 0.0 millivolt [PASSED]",Unknown : -40.0 degree_Celsius [PASSED],Unknown : 0.0 ohm [PASSED],Unknown : 0.0 count [PASSED],"Unknown : 0.0 degree [PASSED]
Unknown : 0.0 degree [PASSED]
Unknown : 0.0 degree [PASSED]
Unknown : 0.0 degree [PASSED]",0.74 volt,-0.00390625 milliampere,"((), (False, False, False, False), (False, False, True, True))",India OBD II (IOBD II),0101010001000000000000000000000000000000,10111110001111101010100000010011,10000000000001111011000000010001,11111110110100001000010000000001,9.803921568627452 percent,1687.0 revolutions_per_minute,2613.0 second,-2.34375 percent,78.0 kilometer_per_hour,<obd.OBDResponse.Status object at 0x71b6c63867a0>,<obd.OBDResponse.Status object at 0x71b6c6386860>,12.941176470588236 percent,20.392156862745097 percent,20.392156862745097 percent,15.0 degree,bytearray(b'MEXKRDPA7NG020286'),0.0 count,2025-04-28 15:28:20,2025-04-28 15:28:26,2025-04-28 15:28:20,Signal Acquired,15.371234,73.926761,0.46,0.11,9.33,-0.01,0.04,-0.0,NO
,,,,,,,,,,,,,,,,,,,,,,,,,,,,,,,,,,,,,,,,,,,,,,,,,,,,,,,,,,,,,,,,,,,,,,,,,,,,,,,,,,,,,,,,,,,,,,,,,,,,,,,,,2025-04-28 15:28:20,Signal Acquired,15.371234,73.926761,0.55,0.05,9.4,0.01,-0.01,0.0,NO
,,,,,,,,,,,,,,,,,,,,,,,,,,,,,,,,,,,,,,,,,,,,,,,,,,,,,,,,,,,,,,,,,,,,,,,,,,,,,,,,,,,,,,,,,,,,,,,,,,,,,,,,,2025-04-28 15:28:20,Signal Acquired,15.371234,73.926761,0.26,0.12,9.28,-0.02,0.04,-0.0,NO
18.823529411764707 percent,14.509803921568627 percent,14.901960784313726 percent,32 degree_Celsius,100 kilopascal,bytearray(b'5E018DD3844BEA'),582.6 degree_Celsius,,,,,,0.0 kilometer,0.0 kilometer,,,,,,,,,,,,,,,,,,,,,,,,,,,,,,,,,,,,,,,ELM327 v1.5,13.3 volt,0.0 percent,0.0 percent,87.84313725490196 percent,"('Open loop due to engine load OR fuel cut due to deceleration', '')",Gasoline,[],[],29 kilopascal,50 degree_Celsius,-2.34375 percent,0.0 percent,11000000000000000000000000000001,10000000000000000000100000001001,11000000000000000000000000000001,1.0,1.0,01111000000000000000000000000000,Unknown : 0.0 percent [PASSED],"Average misfire counts for last ten driving cycles : 0.0 count [PASSED]
Misfire counts for last/current driving cycles : 0.0 count [PASSED]","Average misfire counts for last ten driving cycles : 0.0 count [PASSED]
Misfire counts for last/current driving cycles : 0.0 count [PASSED]","Average misfire counts for last ten driving cycles : 0.0 count [PASSED]
Misfire counts for last/current driving cycles : 0.0 count [PASSED]","Average misfire counts for last ten driving cycles : 0.0 count [PASSED]
Misfire counts for last/current driving cycles : 0.0 count [PASSED]","Unknown : 0.0 count [PASSED]
Unknown : 0.0 count [PASSED]
Unknown : 0.0 ratio [PASSED]
Unknown : 0.0 millisecond [PASSED]","Rich to lean sensor switch time : 0.0 millisecond [PASSED]
Unknown : 0.0 millivolt [PASSED]
Unknown : 0.0 millivolt [PASSED]",Unknown : -40.0 degree_Celsius [PASSED],Unknown : 0.0 ohm [PASSED],Unknown : 0.0 count [PASSED],"Unknown : 0.0 degree [PASSED]
Unknown : 0.0 degree [PASSED]
Unknown : 0.0 degree [PASSED]
Unknown : 0.0 degree [PASSED]",0.0 volt,1.1953125 milliampere,"((), (False, False, False, False), (False, False, True, True))",India OBD II (IOBD II),0101010001000000000000000000000000000000,10111110001111101010100000010011,10000000000001111011000000010001,11111110110100001000010000000001,1.1764705882352942 percent,1593.0 revolutions_per_minute,2620.0 second,0.0 percent,73.0 kilometer_per_hour,<obd.OBDResponse.Status object at 0x71b6c61c44f0>,<obd.OBDResponse.Status object at 0x71b6c61c45b0>,0.0 percent,10.588235294117647 percent,10.588235294117647 percent,-1.5 degree,bytearray(b'MEXKRDPA7NG020286'),0.0 count,2025-04-28 15:28:28,2025-04-28 15:28:33,2025-04-28 15:28:27,Signal Acquired,15.371234,73.926761,0.33,0.31,9.51,0.06,0.0,-0.0,NO
,,,,,,,,,,,,,,,,,,,,,,,,,,,,,,,,,,,,,,,,,,,,,,,,,,,,,,,,,,,,,,,,,,,,,,,,,,,,,,,,,,,,,,,,,,,,,,,,,,,,,,,,,2025-04-28 15:28:27,Signal Acquired,15.371234,73.926759,0.62,0.04,9.56,-0.03,0.03,0.0,NO
,,,,,,,,,,,,,,,,,,,,,,,,,,,,,,,,,,,,,,,,,,,,,,,,,,,,,,,,,,,,,,,,,,,,,,,,,,,,,,,,,,,,,,,,,,,,,,,,,,,,,,,,,2025-04-28 15:28:27,Signal Acquired,15.371234,73.926759,0.91,0.23,9.4,-0.01,0.0,0.0,NO
18.03921568627451 percent,14.509803921568627 percent,14.901960784313726 percent,32 degree_Celsius,100 kilopascal,bytearray(b'5E018DD3844BEA'),569.7 degree_Celsius,,,,,,0.0 kilometer,0.0 kilometer,,,,,,,,,,,,,,,,,,,,,,,,,,,,,,,,,,,,,,,ELM327 v1.5,12.5 volt,6.2745098039215685 percent,5.098039215686274 percent,87.84313725490196 percent,"('Closed loop, using oxygen sensor feedback to determine fuel mix', '')",Gasoline,[],[],24 kilopascal,52 degree_Celsius,0.78125 percent,0.0 percent,11000000000000000000000000000001,10000000000000000000100000001001,11000000000000000000000000000001,1.0,1.0,01111000000000000000000000000000,Unknown : 0.0 percent [PASSED],"Average misfire counts for last ten driving cycles : 0.0 count [PASSED]
Misfire counts for last/current driving cycles : 0.0 count [PASSED]","Average misfire counts for last ten driving cycles : 0.0 count [PASSED]
Misfire counts for last/current driving cycles : 0.0 count [PASSED]","Average misfire counts for last ten driving cycles : 0.0 count [PASSED]
Misfire counts for last/current driving cycles : 0.0 count [PASSED]","Average misfire counts for last ten driving cycles : 0.0 count [PASSED]
Misfire counts for last/current driving cycles : 0.0 count [PASSED]","Unknown : 0.0 count [PASSED]
Unknown : 0.0 count [PASSED]
Unknown : 0.0 ratio [PASSED]
Unknown : 0.0 millisecond [PASSED]","Rich to lean sensor switch time : 0.0 millisecond [PASSED]
Unknown : 0.0 millivolt [PASSED]
Unknown : 0.0 millivolt [PASSED]",Unknown : -40.0 degree_Celsius [PASSED],Unknown : 0.0 ohm [PASSED],Unknown : 0.0 count [PASSED],"Unknown : 0.0 degree [PASSED]
Unknown : 0.0 degree [PASSED]
Unknown : 0.0 degree [PASSED]
Unknown : 0.0 degree [PASSED]",0.125 volt,-0.1953125 milliampere,"((), (False, False, False, False), (False, False, True, True))",India OBD II (IOBD II),0101010001000000000000000000000000000000,10111110001111101010100000010011,10000000000001111011000000010001,11111110110100001000010000000001,2.7450980392156863 percent,900.0 revolutions_per_minute,2627.0 second,-2.34375 percent,34.0 kilometer_per_hour,<obd.OBDResponse.Status object at 0x71b6c61d1f90>,<obd.OBDResponse.Status object at 0x71b6c61d2050>,3.9215686274509802 percent,13.333333333333334 percent,13.333333333333334 percent,3.0 degree,bytearray(b'MEXKRDPA7NG020286'),0.0 count,2025-04-28 15:28:35,2025-04-28 15:28:41,2025-04-28 15:28:35,Signal Acquired,15.371234,73.926758,0.53,0.15,9.59,-0.0,0.02,0.02,NO
,,,,,,,,,,,,,,,,,,,,,,,,,,,,,,,,,,,,,,,,,,,,,,,,,,,,,,,,,,,,,,,,,,,,,,,,,,,,,,,,,,,,,,,,,,,,,,,,,,,,,,,,,2025-04-28 15:28:35,Signal Acquired,15.371234,73.926758,1.11,0.13,9.17,-0.01,0.04,-0.0,NO
,,,,,,,,,,,,,,,,,,,,,,,,,,,,,,,,,,,,,,,,,,,,,,,,,,,,,,,,,,,,,,,,,,,,,,,,,,,,,,,,,,,,,,,,,,,,,,,,,,,,,,,,,2025-04-28 15:28:35,Signal Acquired,15.371234,73.926758,0.06,0.42,9.24,-0.01,0.06,-0.03,NO
25.098039215686274 percent,14.509803921568627 percent,14.901960784313726 percent,32 degree_Celsius,100 kilopascal,bytearray(b'5E018DD3844BEA'),559.8000000000001 degree_Celsius,,,,,,,,,,,,,,,,,,,,,,,,,,,,,,,,,,,,,,,,,,,,,,ELM327 v1.5,12.5 volt,29.80392156862745 percent,7.8431372549019605 percent,87.84313725490196 percent,"('Closed loop, using oxygen sensor feedback to determine fuel mix', '')",Gasoline,[],[],39 kilopascal,52 degree_Celsius,1.5625 percent,0.0 percent,11000000000000000000000000000001,10000000000000000000100000001001,11000000000000000000000000000001,1.0,1.0,01111000000000000000000000000000,Unknown : 0.0 percent [PASSED],"Average misfire counts for last ten driving cycles : 0.0 count [PASSED]
Misfire counts for last/current driving cycles : 0.0 count [PASSED]","Average misfire counts for last ten driving cycles : 0.0 count [PASSED]
Misfire counts for last/current driving cycles : 0.0 count [PASSED]","Average misfire counts for last ten driving cycles : 0.0 count [PASSED]
Misfire counts for last/current driving cycles : 0.0 count [PASSED]","Average misfire counts for last ten driving cycles : 0.0 count [PASSED]
Misfire counts for last/current driving cycles : 0.0 count [PASSED]","Unknown : 0.0 count [PASSED]
Unknown : 0.0 count [PASSED]
Unknown : 0.0 ratio [PASSED]
Unknown : 0.0 millisecond [PASSED]","Rich to lean sensor switch time : 0.0 millisecond [PASSED]
Unknown : 0.0 millivolt [PASSED]
Unknown : 0.0 millivolt [PASSED]",Unknown : -40.0 degree_Celsius [PASSED],Unknown : 0.0 ohm [PASSED],Unknown : 0.0 count [PASSED],"Unknown : 0.0 degree [PASSED]
Unknown : 0.0 degree [PASSED]
Unknown : 0.0 degree [PASSED]
Unknown : 0.0 degree [PASSED]",0.74 volt,-0.01171875 milliampere,"((), (False, False, False, False), (False, False, True, True))",India OBD II (IOBD II),0101010001000000000000000000000000000000,10111110001111101010100000010011,10000000000001111011000000010001,11111110110100001000010000000001,2.7450980392156863 percent,940.0 revolutions_per_minute,2635.0 second,-0.78125 percent,0.0 kilometer_per_hour,<obd.OBDResponse.Status object at 0x71b6c61b6a70>,<obd.OBDResponse.Status object at 0x71b6c61b6e30>,3.5294117647058822 percent,13.333333333333334 percent,13.333333333333334 percent,0.5 degree,bytearray(b'MEXKRDPA7NG020286'),0.0 count,2025-04-28 15:28:42,2025-04-28 15:28:48,2025-04-28 15:28:42,Signal Acquired,15.371234,73.926758,-0.08,0.57,9.38,-0.07,0.06,-0.01,NO
,,,,,,,,,,,,,,,,,,,,,,,,,,,,,,,,,,,,,,,,,,,,,,,,,,,,,,,,,,,,,,,,,,,,,,,,,,,,,,,,,,,,,,,,,,,,,,,,,,,,,,,,,2025-04-28 15:28:42,Signal Acquired,15.371229,73.926758,0.31,0.53,9.48,-0.04,0.04,-0.0,NO
,,,,,,,,,,,,,,,,,,,,,,,,,,,,,,,,,,,,,,,,,,,,,,,,,,,,,,,,,,,,,,,,,,,,,,,,,,,,,,,,,,,,,,,,,,,,,,,,,,,,,,,,,2025-04-28 15:28:42,Signal Acquired,15.371229,73.926758,1.03,0.28,9.63,-0.02,0.02,0.0,NO
36.470588235294116 percent,14.509803921568627 percent,14.901960784313726 percent,32 degree_Celsius,100 kilopascal,bytearray(b'5E018DD3844BEA'),550.5 degree_Celsius,,,,,,,0.0 kilometer,,,,,,,,,,,,,,,,,,,,,,,,,,,,,,,,,,,,,,,ELM327 v1.5,12.5 volt,25.88235294117647 percent,8.235294117647058 percent,87.84313725490196 percent,"('Closed loop, using oxygen sensor feedback to determine fuel mix', '')",Gasoline,[],[],41 kilopascal,52 degree_Celsius,1.5625 percent,0.0 percent,11000000000000000000000000000001,10000000000000000000100000001001,11000000000000000000000000000001,1.0,1.0,01111000000000000000000000000000,Unknown : 0.0 percent [PASSED],"Average misfire counts for last ten driving cycles : 0.0 count [PASSED]
Misfire counts for last/current driving cycles : 0.0 count [PASSED]","Average misfire counts for last ten driving cycles : 0.0 count [PASSED]
Misfire counts for last/current driving cycles : 0.0 count [PASSED]","Average misfire counts for last ten driving cycles : 0.0 count [PASSED]
Misfire counts for last/current driving cycles : 0.0 count [PASSED]","Average misfire counts for last ten driving cycles : 0.0 count [PASSED]
Misfire counts for last/current driving cycles : 0.0 count [PASSED]","Unknown : 0.0 count [PASSED]
Unknown : 0.0 count [PASSED]
Unknown : 0.0 ratio [PASSED]
Unknown : 0.0 millisecond [PASSED]","Rich to lean sensor switch time : 0.0 millisecond [PASSED]
Unknown : 0.0 millivolt [PASSED]
Unknown : 0.0 millivolt [PASSED]",Unknown : -40.0 degree_Celsius [PASSED],Unknown : 0.0 ohm [PASSED],Unknown : 0.0 count [PASSED],"Unknown : 0.0 degree [PASSED]
Unknown : 0.0 degree [PASSED]
Unknown : 0.0 degree [PASSED]
Unknown : 0.0 degree [PASSED]",0.72 volt,-0.015625 milliampere,"((), (False, False, False, False), (False, False, True, True))",India OBD II (IOBD II),0101010001000000000000000000000000000000,10111110001111101010100000010011,10000000000001111011000000010001,11111110110100001000010000000001,2.3529411764705883 percent,880.5 revolutions_per_minute,2642.0 second,0.0 percent,0.0 kilometer_per_hour,<obd.OBDResponse.Status object at 0x71b6c61ffa90>,<obd.OBDResponse.Status object at 0x71b6c61ffb80>,3.5294117647058822 percent,12.941176470588236 percent,13.333333333333334 percent,14.0 degree,bytearray(b'MEXKRDPA7NG020286'),0.0 count,2025-04-28 15:28:49,2025-04-28 15:28:55,2025-04-28 15:28:49,Signal Acquired,15.371219,73.926759,0.39,0.22,9.48,-0.03,0.0,0.0,NO
,,,,,,,,,,,,,,,,,,,,,,,,,,,,,,,,,,,,,,,,,,,,,,,,,,,,,,,,,,,,,,,,,,,,,,,,,,,,,,,,,,,,,,,,,,,,,,,,,,,,,,,,,2025-04-28 15:28:49,Signal Acquired,15.371219,73.926759,0.91,0.25,9.36,0.0,0.0,0.01,NO
,,,,,,,,,,,,,,,,,,,,,,,,,,,,,,,,,,,,,,,,,,,,,,,,,,,,,,,,,,,,,,,,,,,,,,,,,,,,,,,,,,,,,,,,,,,,,,,,,,,,,,,,,2025-04-28 15:28:49,Signal Acquired,15.371207,73.926759,0.8,0.24,9.58,-0.01,0.02,0.01,NO
25.49019607843137 percent,14.509803921568627 percent,14.901960784313726 percent,32 degree_Celsius,100 kilopascal,bytearray(b'5E018DD3844BEA'),542.2 degree_Celsius,,,,,,0.0 kilometer,0.0 kilometer,,,,,,,,,,,,,,,,,,,,,,,,,,,,,,,,,,,,,,,ELM327 v1.5,12.5 volt,30.58823529411765 percent,9.019607843137255 percent,87.84313725490196 percent,"('Closed loop, using oxygen sensor feedback to determine fuel mix', '')",Gasoline,[],[],48 kilopascal,52 degree_Celsius,1.5625 percent,0.0 percent,11000000000000000000000000000001,10000000000000000000100000001001,11000000000000000000000000000001,1.0,1.0,01111000000000000000000000000000,Unknown : 0.0 percent [PASSED],"Average misfire counts for last ten driving cycles : 0.0 count [PASSED]
Misfire counts for last/current driving cycles : 0.0 count [PASSED]","Average misfire counts for last ten driving cycles : 0.0 count [PASSED]
Misfire counts for last/current driving cycles : 0.0 count [PASSED]","Average misfire counts for last ten driving cycles : 0.0 count [PASSED]
Misfire counts for last/current driving cycles : 0.0 count [PASSED]","Average misfire counts for last ten driving cycles : 0.0 count [PASSED]
Misfire counts for last/current driving cycles : 0.0 count [PASSED]","Unknown : 0.0 count [PASSED]
Unknown : 0.0 count [PASSED]
Unknown : 0.0 ratio [PASSED]
Unknown : 0.0 millisecond [PASSED]","Rich to lean sensor switch time : 0.0 millisecond [PASSED]
Unknown : 0.0 millivolt [PASSED]
Unknown : 0.0 millivolt [PASSED]",Unknown : -40.0 degree_Celsius [PASSED],Unknown : 0.0 ohm [PASSED],Unknown : 0.0 count [PASSED],"Unknown : 0.0 degree [PASSED]
Unknown : 0.0 degree [PASSED]
Unknown : 0.0 degree [PASSED]
Unknown : 0.0 degree [PASSED]",0.715 volt,-0.1484375 milliampere,"((), (False, False, False, False), (False, False, True, True))",India OBD II (IOBD II),0101010001000000000000000000000000000000,10111110001111101010100000010011,10000000000001111011000000010001,11111110110100001000010000000001,6.2745098039215685 percent,862.0 revolutions_per_minute,2649.0 second,-3.125 percent,6.0 kilometer_per_hour,<obd.OBDResponse.Status object at 0x71b6c620fb50>,<obd.OBDResponse.Status object at 0x71b6c620fc10>,4.313725490196078 percent,13.333333333333334 percent,14.117647058823529 percent,-8.5 degree,bytearray(b'MEXKRDPA7NG020286'),0.0 count,2025-04-28 15:28:57,2025-04-28 15:29:02,2025-04-28 15:28:57,Signal Acquired,15.371207,73.926759,0.39,0.09,9.33,-0.02,0.03,0.01,NO
,,,,,,,,,,,,,,,,,,,,,,,,,,,,,,,,,,,,,,,,,,,,,,,,,,,,,,,,,,,,,,,,,,,,,,,,,,,,,,,,,,,,,,,,,,,,,,,,,,,,,,,,,2025-04-28 15:28:57,Signal Acquired,15.371195,73.92676,0.39,0.1,9.3,-0.02,0.03,0.0,NO
,,,,,,,,,,,,,,,,,,,,,,,,,,,,,,,,,,,,,,,,,,,,,,,,,,,,,,,,,,,,,,,,,,,,,,,,,,,,,,,,,,,,,,,,,,,,,,,,,,,,,,,,,2025-04-28 15:28:57,Signal Acquired,15.371195,73.92676,0.35,0.16,9.51,-0.01,0.08,0.01,NO
73.33333333333333 percent,29.80392156862745 percent,30.19607843137255 percent,33 degree_Celsius,100 kilopascal,bytearray(b'5E018DD3844BEA'),532.0 degree_Celsius,,,,,,0.0 kilometer,0.0 kilometer,,,,,,,,,,,,,,,,,,,,,,,,,,,,,,,,,,,,,,,ELM327 v1.5,12.5 volt,55.68627450980392 percent,82.74509803921569 percent,87.84313725490196 percent,"('Closed loop, using oxygen sensor feedback to determine fuel mix', '')",Gasoline,[],[],103 kilopascal,51 degree_Celsius,1.5625 percent,0.0 percent,11000000000000000000000000000001,10000000000000000000100000001001,11000000000000000000000000000001,1.0,1.0,01111000000000000000000000000000,Unknown : 0.0 percent [PASSED],"Average misfire counts for last ten driving cycles : 0.0 count [PASSED]
Misfire counts for last/current driving cycles : 0.0 count [PASSED]","Average misfire counts for last ten driving cycles : 0.0 count [PASSED]
Misfire counts for last/current driving cycles : 0.0 count [PASSED]","Average misfire counts for last ten driving cycles : 0.0 count [PASSED]
Misfire counts for last/current driving cycles : 0.0 count [PASSED]","Average misfire counts for last ten driving cycles : 0.0 count [PASSED]
Misfire counts for last/current driving cycles : 0.0 count [PASSED]","Unknown : 0.0 count [PASSED]
Unknown : 0.0 count [PASSED]
Unknown : 0.0 ratio [PASSED]
Unknown : 0.0 millisecond [PASSED]","Rich to lean sensor switch time : 0.0 millisecond [PASSED]
Unknown : 0.0 millivolt [PASSED]
Unknown : 0.0 millivolt [PASSED]",Unknown : -40.0 degree_Celsius [PASSED],Unknown : 0.0 ohm [PASSED],Unknown : 0.0 count [PASSED],"Unknown : 0.0 degree [PASSED]
Unknown : 0.0 degree [PASSED]
Unknown : 0.0 degree [PASSED]
Unknown : 0.0 degree [PASSED]",0.74 volt,-0.05078125 milliampere,"((), (False, False, False, False), (False, False, True, True))",India OBD II (IOBD II),0101010001000000000000000000000000000000,10111110001111101010100000010011,10000000000001111011000000010001,11111110110100001000010000000001,0.39215686274509803 percent,1704.5 revolutions_per_minute,2657.0 second,-1.5625 percent,27.0 kilometer_per_hour,<obd.OBDResponse.Status object at 0x71b6c622a4d0>,<obd.OBDResponse.Status object at 0x71b6c622a590>,2.3529411764705883 percent,12.156862745098039 percent,12.156862745098039 percent,-4.5 degree,bytearray(b'MEXKRDPA7NG020286'),0.0 count,2025-04-28 15:29:04,2025-04-28 15:29:10,2025-04-28 15:29:04,Signal Acquired,15.37118,73.926761,0.94,0.13,9.33,-0.0,0.03,0.01,NO
,,,,,,,,,,,,,,,,,,,,,,,,,,,,,,,,,,,,,,,,,,,,,,,,,,,,,,,,,,,,,,,,,,,,,,,,,,,,,,,,,,,,,,,,,,,,,,,,,,,,,,,,,2025-04-28 15:29:04,Signal Acquired,15.37118,73.926761,0.39,0.68,9.46,0.0,-0.02,0.0,NO
,,,,,,,,,,,,,,,,,,,,,,,,,,,,,,,,,,,,,,,,,,,,,,,,,,,,,,,,,,,,,,,,,,,,,,,,,,,,,,,,,,,,,,,,,,,,,,,,,,,,,,,,,2025-04-28 15:29:04,Signal Acquired,15.371163,73.926763,0.77,0.33,9.33,-0.03,-0.0,-0.0,NO
78.82352941176471 percent,41.1764705882353 percent,41.568627450980394 percent,33 degree_Celsius,100 kilopascal,bytearray(b'5E018DD3844BEA'),544.3000000000001 degree_Celsius,,,,,,0.0 kilometer,0.0 kilometer,,,,,,,,,,,,,,,,,,,,,,,,,,,,,,,,,,,,,,,ELM327 v1.5,12.6 volt,63.92156862745098 percent,98.03921568627452 percent,87.84313725490196 percent,"('Closed loop, using oxygen sensor feedback to determine fuel mix', '')",Gasoline,[],[],62 kilopascal,50 degree_Celsius,1.5625 percent,0.0 percent,11000000000000000000000000000001,10000000000000000000100000001001,11000000000000000000000000000001,1.0,1.0,01111000000000000000000000000000,Unknown : 0.0 percent [PASSED],"Average misfire counts for last ten driving cycles : 0.0 count [PASSED]
Misfire counts for last/current driving cycles : 0.0 count [PASSED]","Average misfire counts for last ten driving cycles : 0.0 count [PASSED]
Misfire counts for last/current driving cycles : 0.0 count [PASSED]","Average misfire counts for last ten driving cycles : 0.0 count [PASSED]
Misfire counts for last/current driving cycles : 0.0 count [PASSED]","Average misfire counts for last ten driving cycles : 0.0 count [PASSED]
Misfire counts for last/current driving cycles : 0.0 count [PASSED]","Unknown : 0.0 count [PASSED]
Unknown : 0.0 count [PASSED]
Unknown : 0.0 ratio [PASSED]
Unknown : 0.0 millisecond [PASSED]","Rich to lean sensor switch time : 0.0 millisecond [PASSED]
Unknown : 0.0 millivolt [PASSED]
Unknown : 0.0 millivolt [PASSED]",Unknown : -40.0 degree_Celsius [PASSED],Unknown : 0.0 ohm [PASSED],Unknown : 0.0 count [PASSED],"Unknown : 0.0 degree [PASSED]
Unknown : 0.0 degree [PASSED]
Unknown : 0.0 degree [PASSED]
Unknown : 0.0 degree [PASSED]",0.73 volt,-0.02734375 milliampere,"((), (False, False, False, False), (False, False, True, True))",India OBD II (IOBD II),0101010001000000000000000000000000000000,10111110001111101010100000010011,10000000000001111011000000010001,11111110110100001000010000000001,77.25490196078431 percent,1430.5 revolutions_per_minute,2665.0 second,3.125 percent,42.0 kilometer_per_hour,<obd.OBDResponse.Status object at 0x71b6c624c760>,<obd.OBDResponse.Status object at 0x71b6c624c850>,99.6078431372549 percent,87.45098039215686 percent,88.23529411764706 percent,-2.5 degree,bytearray(b'MEXKRDPA7NG020286'),0.0 count,2025-04-28 15:29:12,2025-04-28 15:29:18,2025-04-28 15:29:12,Signal Acquired,15.371163,73.926763,0.92,0.41,9.37,-0.0,0.01,0.01,NO
,,,,,,,,,,,,,,,,,,,,,,,,,,,,,,,,,,,,,,,,,,,,,,,,,,,,,,,,,,,,,,,,,,,,,,,,,,,,,,,,,,,,,,,,,,,,,,,,,,,,,,,,,2025-04-28 15:29:12,Signal Acquired,15.371142,73.926765,0.25,0.74,9.27,-0.03,0.01,0.0,NO
,,,,,,,,,,,,,,,,,,,,,,,,,,,,,,,,,,,,,,,,,,,,,,,,,,,,,,,,,,,,,,,,,,,,,,,,,,,,,,,,,,,,,,,,,,,,,,,,,,,,,,,,,2025-04-28 15:29:12,Signal Acquired,15.371142,73.926765,0.29,0.87,9.0,-0.01,0.01,0.01,NO
50.98039215686274 percent,30.980392156862745 percent,30.980392156862745 percent,33 degree_Celsius,100 kilopascal,bytearray(b'5E018DD3844BEA'),577.5 degree_Celsius,,,,,,0.0 kilometer,0.0 kilometer,,,,,,,,,,,,,,,,,,,,,,,,,,,,,,,,,,,,,,,ELM327 v1.5,12.5 volt,10.980392156862745 percent,0.0 percent,87.84313725490196 percent,"('Closed loop, using oxygen sensor feedback to determine fuel mix', '')",Gasoline,[],[],28 kilopascal,51 degree_Celsius,1.5625 percent,0.0 percent,11000000000000000000000000000001,10000000000000000000100000001001,11000000000000000000000000000001,1.0,1.0,01111000000000000000000000000000,Unknown : 0.0 percent [PASSED],"Average misfire counts for last ten driving cycles : 0.0 count [PASSED]
Misfire counts for last/current driving cycles : 0.0 count [PASSED]","Average misfire counts for last ten driving cycles : 0.0 count [PASSED]
Misfire counts for last/current driving cycles : 0.0 count [PASSED]","Average misfire counts for last ten driving cycles : 0.0 count [PASSED]
Misfire counts for last/current driving cycles : 0.0 count [PASSED]","Average misfire counts for last ten driving cycles : 0.0 count [PASSED]
Misfire counts for last/current driving cycles : 0.0 count [PASSED]","Unknown : 0.0 count [PASSED]
Unknown : 0.0 count [PASSED]
Unknown : 0.0 ratio [PASSED]
Unknown : 0.0 millisecond [PASSED]","Rich to lean sensor switch time : 0.0 millisecond [PASSED]
Unknown : 0.0 millivolt [PASSED]
Unknown : 0.0 millivolt [PASSED]",Unknown : -40.0 degree_Celsius [PASSED],Unknown : 0.0 ohm [PASSED],Unknown : 0.0 count [PASSED],"Unknown : 0.0 degree [PASSED]
Unknown : 0.0 degree [PASSED]
Unknown : 0.0 degree [PASSED]
Unknown : 0.0 degree [PASSED]",0.77 volt,1.13671875 milliampere,"((), (False, False, False, False), (False, False, True, True))",India OBD II (IOBD II),0101010001000000000000000000000000000000,10111110001111101010100000010011,10000000000001111011000000010001,11111110110100001000010000000001,3.1372549019607843 percent,1474.5 revolutions_per_minute,2673.0 second,0.0 percent,42.0 kilometer_per_hour,<obd.OBDResponse.Status object at 0x71b6c624f5e0>,<obd.OBDResponse.Status object at 0x71b6c624f460>,3.9215686274509802 percent,13.333333333333334 percent,13.72549019607843 percent,-10.5 degree,bytearray(b'MEXKRDPA7NG020286'),0.0 count,2025-04-28 15:29:20,2025-04-28 15:29:26,2025-04-28 15:29:20,Signal Acquired,15.371115,73.926768,-0.45,1.9,9.38,-0.01,0.03,-0.0,NO
,,,,,,,,,,,,,,,,,,,,,,,,,,,,,,,,,,,,,,,,,,,,,,,,,,,,,,,,,,,,,,,,,,,,,,,,,,,,,,,,,,,,,,,,,,,,,,,,,,,,,,,,,2025-04-28 15:29:20,Signal Acquired,15.371115,73.926768,0.75,1.82,9.41,-0.01,-0.0,0.01,NO
,,,,,,,,,,,,,,,,,,,,,,,,,,,,,,,,,,,,,,,,,,,,,,,,,,,,,,,,,,,,,,,,,,,,,,,,,,,,,,,,,,,,,,,,,,,,,,,,,,,,,,,,,2025-04-28 15:29:20,Signal Acquired,15.371077,73.92677,0.44,1.9,9.43,-0.04,0.02,-0.04,NO
17.647058823529413 percent,19.215686274509803 percent,19.215686274509803 percent,33 degree_Celsius,100 kilopascal,bytearray(b'5E018DD3844BEA'),566.4 degree_Celsius,,,,,,,0.0 kilometer,,,,,,,,,,,,,,,,,,,,,,,,,,,,,,,,,,,,,,,ELM327 v1.5,12.8 volt,0.0 percent,0.0 percent,87.84313725490196 percent,"('Open loop due to engine load OR fuel cut due to deceleration', '')",Gasoline,[],[],29 kilopascal,53 degree_Celsius,1.5625 percent,0.0 percent,11000000000000000000000000000001,10000000000000000000100000001001,11000000000000000000000000000001,1.0,1.0,01111000000000000000000000000000,Unknown : 0.0 percent [PASSED],"Average misfire counts for last ten driving cycles : 0.0 count [PASSED]
Misfire counts for last/current driving cycles : 0.0 count [PASSED]","Average misfire counts for last ten driving cycles : 0.0 count [PASSED]
Misfire counts for last/current driving cycles : 0.0 count [PASSED]","Average misfire counts for last ten driving cycles : 0.0 count [PASSED]
Misfire counts for last/current driving cycles : 0.0 count [PASSED]","Average misfire counts for last ten driving cycles : 0.0 count [PASSED]
Misfire counts for last/current driving cycles : 0.0 count [PASSED]","Unknown : 0.0 count [PASSED]
Unknown : 0.0 count [PASSED]
Unknown : 0.0 ratio [PASSED]
Unknown : 0.0 millisecond [PASSED]","Rich to lean sensor switch time : 0.0 millisecond [PASSED]
Unknown : 0.0 millivolt [PASSED]
Unknown : 0.0 millivolt [PASSED]",Unknown : -40.0 degree_Celsius [PASSED],Unknown : 0.0 ohm [PASSED],Unknown : 0.0 count [PASSED],"Unknown : 0.0 degree [PASSED]
Unknown : 0.0 degree [PASSED]
Unknown : 0.0 degree [PASSED]
Unknown : 0.0 degree [PASSED]",0.055 volt,-0.15234375 milliampere,"((), (False, False, False, False), (False, False, True, True))",India OBD II (IOBD II),0101010001000000000000000000000000000000,10111110001111101010100000010011,10000000000001111011000000010001,11111110110100001000010000000001,3.1372549019607843 percent,902.0 revolutions_per_minute,2680.0 second,-8.59375 percent,24.0 kilometer_per_hour,<obd.OBDResponse.Status object at 0x71b6c627feb0>,<obd.OBDResponse.Status object at 0x71b6c627fe80>,4.313725490196078 percent,13.333333333333334 percent,13.72549019607843 percent,-4.0 degree,bytearray(b'MEXKRDPA7NG020286'),0.0 count,2025-04-28 15:29:28,2025-04-28 15:29:34,2025-04-28 15:29:28,Signal Acquired,15.371077,73.92677,0.79,-0.78,9.19,-0.03,-0.03,-0.03,NO
,,,,,,,,,,,,,,,,,,,,,,,,,,,,,,,,,,,,,,,,,,,,,,,,,,,,,,,,,,,,,,,,,,,,,,,,,,,,,,,,,,,,,,,,,,,,,,,,,,,,,,,,,2025-04-28 15:29:28,Signal Acquired,15.371028,73.926773,0.27,1.07,9.5,0.01,0.05,-0.02,NO
,,,,,,,,,,,,,,,,,,,,,,,,,,,,,,,,,,,,,,,,,,,,,,,,,,,,,,,,,,,,,,,,,,,,,,,,,,,,,,,,,,,,,,,,,,,,,,,,,,,,,,,,,2025-04-28 15:29:28,Signal Acquired,15.371028,73.926773,1.17,1.19,9.26,-0.0,0.0,-0.0,NO
27.058823529411764 percent,14.509803921568627 percent,14.901960784313726 percent,33 degree_Celsius,100 kilopascal,bytearray(b'5E018DD3844BEA'),553.5 degree_Celsius,,,,,,,0.0 kilometer,,,,,,,,,,,,,,,,,,,,,,,,,,,,,,,,,,,,,,,ELM327 v1.5,12.5 volt,28.235294117647058 percent,7.8431372549019605 percent,87.84313725490196 percent,"('Closed loop, using oxygen sensor feedback to determine fuel mix', '')",Gasoline,[],[],38 kilopascal,53 degree_Celsius,1.5625 percent,0.0 percent,11000000000000000000000000000001,10000000000000000000100000001001,11000000000000000000000000000001,1.0,1.0,01111000000000000000000000000000,Unknown : 0.0 percent [PASSED],"Average misfire counts for last ten driving cycles : 0.0 count [PASSED]
Misfire counts for last/current driving cycles : 0.0 count [PASSED]","Average misfire counts for last ten driving cycles : 0.0 count [PASSED]
Misfire counts for last/current driving cycles : 0.0 count [PASSED]","Average misfire counts for last ten driving cycles : 0.0 count [PASSED]
Misfire counts for last/current driving cycles : 0.0 count [PASSED]","Average misfire counts for last ten driving cycles : 0.0 count [PASSED]
Misfire counts for last/current driving cycles : 0.0 count [PASSED]","Unknown : 0.0 count [PASSED]
Unknown : 0.0 count [PASSED]
Unknown : 0.0 ratio [PASSED]
Unknown : 0.0 millisecond [PASSED]","Rich to lean sensor switch time : 0.0 millisecond [PASSED]
Unknown : 0.0 millivolt [PASSED]
Unknown : 0.0 millivolt [PASSED]",Unknown : -40.0 degree_Celsius [PASSED],Unknown : 0.0 ohm [PASSED],Unknown : 0.0 count [PASSED],"Unknown : 0.0 degree [PASSED]
Unknown : 0.0 degree [PASSED]
Unknown : 0.0 degree [PASSED]
Unknown : 0.0 degree [PASSED]",0.155 volt,-0.1875 milliampere,"((), (False, False, False, False), (False, False, True, True))",India OBD II (IOBD II),0101010001000000000000000000000000000000,10111110001111101010100000010011,10000000000001111011000000010001,11111110110100001000010000000001,2.7450980392156863 percent,928.0 revolutions_per_minute,2688.0 second,0.78125 percent,19.0 kilometer_per_hour,<obd.OBDResponse.Status object at 0x71b6c6293cd0>,<obd.OBDResponse.Status object at 0x71b6c6293d90>,3.9215686274509802 percent,13.333333333333334 percent,13.72549019607843 percent,-2.5 degree,bytearray(b'MEXKRDPA7NG020286'),0.0 count,2025-04-28 15:29:35,2025-04-28 15:29:41,2025-04-28 15:29:35,Signal Acquired,15.370969,73.926775,-1.14,1.81,9.77,-0.01,0.03,0.0,NO
,,,,,,,,,,,,,,,,,,,,,,,,,,,,,,,,,,,,,,,,,,,,,,,,,,,,,,,,,,,,,,,,,,,,,,,,,,,,,,,,,,,,,,,,,,,,,,,,,,,,,,,,,2025-04-28 15:29:35,Signal Acquired,15.370969,73.926775,0.58,1.98,9.09,0.04,-0.04,0.02,NO
,,,,,,,,,,,,,,,,,,,,,,,,,,,,,,,,,,,,,,,,,,,,,,,,,,,,,,,,,,,,,,,,,,,,,,,,,,,,,,,,,,,,,,,,,,,,,,,,,,,,,,,,,2025-04-28 15:29:35,Signal Acquired,15.370897,73.926777,-0.27,1.54,9.31,-0.04,0.03,0.0,NO
25.098039215686274 percent,14.509803921568627 percent,14.901960784313726 percent,33 degree_Celsius,100 kilopascal,bytearray(b'5E018DD3844BEA'),543.1 degree_Celsius,,,,,,,0.0 kilometer,,,,,,,,,,,,,,,,,,,,,,,,,,,,,,,,,,,,,,,ELM327 v1.5,12.5 volt,28.235294117647058 percent,7.8431372549019605 percent,87.84313725490196 percent,"('Closed loop, using oxygen sensor feedback to determine fuel mix', '')",Gasoline,[],[],38 kilopascal,53 degree_Celsius,1.5625 percent,0.0 percent,11000000000000000000000000000001,10000000000000000000100000001001,11000000000000000000000000000001,1.0,1.0,01111000000000000000000000000000,Unknown : 0.0 percent [PASSED],"Average misfire counts for last ten driving cycles : 0.0 count [PASSED]
Misfire counts for last/current driving cycles : 0.0 count [PASSED]","Average misfire counts for last ten driving cycles : 0.0 count [PASSED]
Misfire counts for last/current driving cycles : 0.0 count [PASSED]","Average misfire counts for last ten driving cycles : 0.0 count [PASSED]
Misfire counts for last/current driving cycles : 0.0 count [PASSED]","Average misfire counts for last ten driving cycles : 0.0 count [PASSED]
Misfire counts for last/current driving cycles : 0.0 count [PASSED]","Unknown : 0.0 count [PASSED]
Unknown : 0.0 count [PASSED]
Unknown : 0.0 ratio [PASSED]
Unknown : 0.0 millisecond [PASSED]","Rich to lean sensor switch time : 0.0 millisecond [PASSED]
Unknown : 0.0 millivolt [PASSED]
Unknown : 0.0 millivolt [PASSED]",Unknown : -40.0 degree_Celsius [PASSED],Unknown : 0.0 ohm [PASSED],Unknown : 0.0 count [PASSED],"Unknown : 0.0 degree [PASSED]
Unknown : 0.0 degree [PASSED]
Unknown : 0.0 degree [PASSED]
Unknown : 0.0 degree [PASSED]",0.76 volt,-0.015625 milliampere,"((), (False, False, False, False), (False, False, True, True))",India OBD II (IOBD II),0101010001000000000000000000000000000000,10111110001111101010100000010011,10000000000001111011000000010001,11111110110100001000010000000001,2.7450980392156863 percent,933.0 revolutions_per_minute,2696.0 second,0.78125 percent,27.0 kilometer_per_hour,<obd.OBDResponse.Status object at 0x71b6c629d300>,<obd.OBDResponse.Status object at 0x71b6c629d3c0>,3.9215686274509802 percent,13.333333333333334 percent,13.333333333333334 percent,-1.0 degree,bytearray(b'MEXKRDPA7NG020286'),0.0 count,2025-04-28 15:29:43,2025-04-28 15:29:49,2025-04-28 15:29:43,Signal Acquired,15.370897,73.926777,1.36,1.3,9.23,-0.03,0.05,-0.0,NO
,,,,,,,,,,,,,,,,,,,,,,,,,,,,,,,,,,,,,,,,,,,,,,,,,,,,,,,,,,,,,,,,,,,,,,,,,,,,,,,,,,,,,,,,,,,,,,,,,,,,,,,,,2025-04-28 15:29:43,Signal Acquired,15.370811,73.926782,0.15,1.07,9.95,-0.01,0.05,-0.0,NO
,,,,,,,,,,,,,,,,,,,,,,,,,,,,,,,,,,,,,,,,,,,,,,,,,,,,,,,,,,,,,,,,,,,,,,,,,,,,,,,,,,,,,,,,,,,,,,,,,,,,,,,,,2025-04-28 15:29:43,Signal Acquired,15.370811,73.926782,-1.0,0.75,9.76,-0.07,0.05,-0.01,NO
25.49019607843137 percent,14.509803921568627 percent,14.901960784313726 percent,33 degree_Celsius,100 kilopascal,bytearray(b'5E018DD3844BEA'),535.9 degree_Celsius,,,,,,0.0 kilometer,0.0 kilometer,,,,,,,,,,,,,,,,,,,,,,,,,,,,,,,,,,,,,,,ELM327 v1.5,12.5 volt,3.5294117647058822 percent,19.215686274509803 percent,87.84313725490196 percent,"('Closed loop, using oxygen sensor feedback to determine fuel mix', '')",Gasoline,[],[],27 kilopascal,53 degree_Celsius,1.5625 percent,0.0 percent,11000000000000000000000000000001,10000000000000000000100000001001,11000000000000000000000000000001,1.0,1.0,01111000000000000000000000000000,Unknown : 0.0 percent [PASSED],"Average misfire counts for last ten driving cycles : 0.0 count [PASSED]
Misfire counts for last/current driving cycles : 0.0 count [PASSED]","Average misfire counts for last ten driving cycles : 0.0 count [PASSED]
Misfire counts for last/current driving cycles : 0.0 count [PASSED]","Average misfire counts for last ten driving cycles : 0.0 count [PASSED]
Misfire counts for last/current driving cycles : 0.0 count [PASSED]","Average misfire counts for last ten driving cycles : 0.0 count [PASSED]
Misfire counts for last/current driving cycles : 0.0 count [PASSED]","Unknown : 0.0 count [PASSED]
Unknown : 0.0 count [PASSED]
Unknown : 0.0 ratio [PASSED]
Unknown : 0.0 millisecond [PASSED]","Rich to lean sensor switch time : 0.0 millisecond [PASSED]
Unknown : 0.0 millivolt [PASSED]
Unknown : 0.0 millivolt [PASSED]",Unknown : -40.0 degree_Celsius [PASSED],Unknown : 0.0 ohm [PASSED],Unknown : 0.0 count [PASSED],"Unknown : 0.0 degree [PASSED]
Unknown : 0.0 degree [PASSED]
Unknown : 0.0 degree [PASSED]
Unknown : 0.0 degree [PASSED]",0.72 volt,-0.015625 milliampere,"((), (False, False, False, False), (False, False, True, True))",India OBD II (IOBD II),0101010001000000000000000000000000000000,10111110001111101010100000010011,10000000000001111011000000010001,11111110110100001000010000000001,2.7450980392156863 percent,1150.0 revolutions_per_minute,2703.0 second,4.6875 percent,25.0 kilometer_per_hour,<obd.OBDResponse.Status object at 0x71b6c60b7c10>,<obd.OBDResponse.Status object at 0x71b6c60b7cd0>,3.5294117647058822 percent,13.333333333333334 percent,13.72549019607843 percent,6.5 degree,bytearray(b'MEXKRDPA7NG020286'),0.0 count,2025-04-28 15:29:51,2025-04-28 15:29:57,2025-04-28 15:29:51,Signal Acquired,15.370714,73.926786,0.01,-0.59,9.53,-0.02,-0.07,-0.0,NO
,,,,,,,,,,,,,,,,,,,,,,,,,,,,,,,,,,,,,,,,,,,,,,,,,,,,,,,,,,,,,,,,,,,,,,,,,,,,,,,,,,,,,,,,,,,,,,,,,,,,,,,,,2025-04-28 15:29:51,Signal Acquired,15.370714,73.926786,0.81,-0.39,9.4,0.01,0.0,0.01,NO
,,,,,,,,,,,,,,,,,,,,,,,,,,,,,,,,,,,,,,,,,,,,,,,,,,,,,,,,,,,,,,,,,,,,,,,,,,,,,,,,,,,,,,,,,,,,,,,,,,,,,,,,,2025-04-28 15:29:51,Signal Acquired,15.370613,73.92679,0.37,-0.81,9.38,-0.04,-0.02,-0.01,NO
24.705882352941178 percent,14.509803921568627 percent,14.901960784313726 percent,33 degree_Celsius,100 kilopascal,bytearray(b'5E018DD3844BEA'),529.3000000000001 degree_Celsius,,,,,,0.0 kilometer,0.0 kilometer,,,,,,,,,,,,,,,,,,,,,,,,,,,,,,,,,,,,,,,ELM327 v1.5,12.5 volt,29.019607843137255 percent,7.8431372549019605 percent,87.84313725490196 percent,"('Closed loop, using oxygen sensor feedback to determine fuel mix', '')",Gasoline,[],[],38 kilopascal,54 degree_Celsius,1.5625 percent,0.0 percent,11000000000000000000000000000001,10000000000000000000100000001001,11000000000000000000000000000001,1.0,1.0,01111000000000000000000000000000,Unknown : 0.0 percent [PASSED],"Average misfire counts for last ten driving cycles : 0.0 count [PASSED]
Misfire counts for last/current driving cycles : 0.0 count [PASSED]","Average misfire counts for last ten driving cycles : 0.0 count [PASSED]
Misfire counts for last/current driving cycles : 0.0 count [PASSED]","Average misfire counts for last ten driving cycles : 0.0 count [PASSED]
Misfire counts for last/current driving cycles : 0.0 count [PASSED]","Average misfire counts for last ten driving cycles : 0.0 count [PASSED]
Misfire counts for last/current driving cycles : 0.0 count [PASSED]","Unknown : 0.0 count [PASSED]
Unknown : 0.0 count [PASSED]
Unknown : 0.0 ratio [PASSED]
Unknown : 0.0 millisecond [PASSED]","Rich to lean sensor switch time : 0.0 millisecond [PASSED]
Unknown : 0.0 millivolt [PASSED]
Unknown : 0.0 millivolt [PASSED]",Unknown : -40.0 degree_Celsius [PASSED],Unknown : 0.0 ohm [PASSED],Unknown : 0.0 count [PASSED],"Unknown : 0.0 degree [PASSED]
Unknown : 0.0 degree [PASSED]
Unknown : 0.0 degree [PASSED]
Unknown : 0.0 degree [PASSED]",0.71 volt,-0.00390625 milliampere,"((), (False, False, False, False), (False, False, True, True))",India OBD II (IOBD II),0101010001000000000000000000000000000000,10111110001111101010100000010011,10000000000001111011000000010001,11111110110100001000010000000001,3.1372549019607843 percent,935.0 revolutions_per_minute,2711.0 second,0.0 percent,8.0 kilometer_per_hour,<obd.OBDResponse.Status object at 0x71b6c60d1720>,<obd.OBDResponse.Status object at 0x71b6c60d17e0>,3.5294117647058822 percent,13.333333333333334 percent,13.333333333333334 percent,0.0 degree,bytearray(b'MEXKRDPA7NG020286'),0.0 count,2025-04-28 15:29:58,2025-04-28 15:30:04,2025-04-28 15:29:58,Signal Acquired,15.370613,73.92679,2.17,0.37,9.31,-0.04,-0.04,-0.0,NO
,,,,,,,,,,,,,,,,,,,,,,,,,,,,,,,,,,,,,,,,,,,,,,,,,,,,,,,,,,,,,,,,,,,,,,,,,,,,,,,,,,,,,,,,,,,,,,,,,,,,,,,,,2025-04-28 15:29:58,Signal Acquired,15.370514,73.926796,1.61,0.09,9.67,-0.01,-0.01,-0.03,NO
,,,,,,,,,,,,,,,,,,,,,,,,,,,,,,,,,,,,,,,,,,,,,,,,,,,,,,,,,,,,,,,,,,,,,,,,,,,,,,,,,,,,,,,,,,,,,,,,,,,,,,,,,2025-04-28 15:29:58,Signal Acquired,15.370514,73.926796,1.31,0.46,9.99,-0.03,0.02,-0.02,NO
25.49019607843137 percent,14.509803921568627 percent,14.901960784313726 percent,33 degree_Celsius,100 kilopascal,bytearray(b'5E018DD3844BEA'),523.9 degree_Celsius,,,,,,0.0 kilometer,0.0 kilometer,,,,,,,,,,,,,,,,,,,,,,,,,,,,,,,,,,,,,,,ELM327 v1.5,12.5 volt,28.235294117647058 percent,7.8431372549019605 percent,87.84313725490196 percent,"('Closed loop, using oxygen sensor feedback to determine fuel mix', '')",Gasoline,[],[],38 kilopascal,54 degree_Celsius,1.5625 percent,0.0 percent,11000000000000000000000000000001,10000000000000000000100000001001,11000000000000000000000000000001,1.0,1.0,01111000000000000000000000000000,Unknown : 0.0 percent [PASSED],"Average misfire counts for last ten driving cycles : 0.0 count [PASSED]
Misfire counts for last/current driving cycles : 0.0 count [PASSED]","Average misfire counts for last ten driving cycles : 0.0 count [PASSED]
Misfire counts for last/current driving cycles : 0.0 count [PASSED]","Average misfire counts for last ten driving cycles : 0.0 count [PASSED]
Misfire counts for last/current driving cycles : 0.0 count [PASSED]","Average misfire counts for last ten driving cycles : 0.0 count [PASSED]
Misfire counts for last/current driving cycles : 0.0 count [PASSED]","Unknown : 0.0 count [PASSED]
Unknown : 0.0 count [PASSED]
Unknown : 0.0 ratio [PASSED]
Unknown : 0.0 millisecond [PASSED]","Rich to lean sensor switch time : 0.0 millisecond [PASSED]
Unknown : 0.0 millivolt [PASSED]
Unknown : 0.0 millivolt [PASSED]",Unknown : -40.0 degree_Celsius [PASSED],Unknown : 0.0 ohm [PASSED],Unknown : 0.0 count [PASSED],"Unknown : 0.0 degree [PASSED]
Unknown : 0.0 degree [PASSED]
Unknown : 0.0 degree [PASSED]
Unknown : 0.0 degree [PASSED]",0.725 volt,-0.0078125 milliampere,"((), (False, False, False, False), (False, False, True, True))",India OBD II (IOBD II),0101010001000000000000000000000000000000,10111110001111101010100000010011,10000000000001111011000000010001,11111110110100001000010000000001,2.3529411764705883 percent,928.5 revolutions_per_minute,2719.0 second,0.0 percent,9.0 kilometer_per_hour,<obd.OBDResponse.Status object at 0x71b6c60e7d30>,<obd.OBDResponse.Status object at 0x71b6c60e7df0>,3.5294117647058822 percent,12.941176470588236 percent,13.72549019607843 percent,1.5 degree,bytearray(b'MEXKRDPA7NG020286'),0.0 count,2025-04-28 15:30:06,2025-04-28 15:30:12,2025-04-28 15:30:06,Signal Acquired,15.37041,73.926798,2.61,1.06,9.04,0.01,0.03,-0.0,NO
,,,,,,,,,,,,,,,,,,,,,,,,,,,,,,,,,,,,,,,,,,,,,,,,,,,,,,,,,,,,,,,,,,,,,,,,,,,,,,,,,,,,,,,,,,,,,,,,,,,,,,,,,2025-04-28 15:30:06,Signal Acquired,15.37041,73.926798,1.1,1.36,9.18,-0.0,0.05,0.0,NO
,,,,,,,,,,,,,,,,,,,,,,,,,,,,,,,,,,,,,,,,,,,,,,,,,,,,,,,,,,,,,,,,,,,,,,,,,,,,,,,,,,,,,,,,,,,,,,,,,,,,,,,,,2025-04-28 15:30:06,Signal Acquired,15.370298,73.926798,-0.65,1.61,9.8,-0.03,-0.03,0.01,NO
