ABSOLUTE_LOAD,ACCELERATOR_POS_D,ACCELERATOR_POS_E,AMBIANT_AIR_TEMP,BAROMETRIC_PRESSURE,CALIBRATION_ID,CATALYST_TEMP_B1S1,CLEAR_DTC,COMMANDED_EQUIV_RATIO,CONTROL_MODULE_VOLTAGE,COOLANT_TEMP,CVN,DISTANCE_SINCE_DTC_CLEAR,DISTANCE_W_MIL,DTC_ABSOLUTE_LOAD,DTC_ACCELERATOR_POS_D,DTC_ACCELERATOR_POS_E,DTC_AMBIANT_AIR_TEMP,DTC_BAROMETRIC_PRESSURE,DTC_CATALYST_TEMP_B1S1,DTC_COMMANDED_EQUIV_RATIO,DTC_CONTROL_MODULE_VOLTAGE,DTC_COOLANT_TEMP,DTC_DISTANCE_SINCE_DTC_CLEAR,DTC_DISTANCE_W_MIL,DTC_ENGINE_LOAD,DTC_EVAPORATIVE_PURGE,DTC_FUEL_LEVEL,DTC_FUEL_STATUS,DTC_FUEL_TYPE,DTC_INTAKE_PRESSURE,DTC_INTAKE_TEMP,DTC_LONG_FUEL_TRIM_1,DTC_LONG_O2_TRIM_B1,DTC_O2_B1S2,DTC_O2_S1_WR_CURRENT,DTC_O2_SENSORS,DTC_OBD_COMPLIANCE,DTC_PIDS_B,DTC_PIDS_C,DTC_RELATIVE_THROTTLE_POS,DTC_RPM,DTC_RUN_TIME,DTC_SHORT_FUEL_TRIM_1,DTC_SPEED,DTC_STATUS,DTC_STATUS_DRIVE_CYCLE,DTC_THROTTLE_ACTUATOR,DTC_THROTTLE_POS,DTC_THROTTLE_POS_B,DTC_TIMING_ADVANCE,DTC_WARMUPS_SINCE_DTC_CLEAR,ELM_VERSION,ELM_VOLTAGE,ENGINE_LOAD,EVAPORATIVE_PURGE,FUEL_LEVEL,FUEL_STATUS,FUEL_TYPE,GET_CURRENT_DTC,GET_DTC,INTAKE_PRESSURE,INTAKE_TEMP,LONG_FUEL_TRIM_1,LONG_O2_TRIM_B1,MIDS_A,MIDS_B,MIDS_C,MIDS_D,MIDS_E,MIDS_F,MONITOR_CATALYST_B1,MONITOR_MISFIRE_CYLINDER_1,MONITOR_MISFIRE_CYLINDER_2,MONITOR_MISFIRE_CYLINDER_3,MONITOR_MISFIRE_CYLINDER_4,MONITOR_O2_B1S1,MONITOR_O2_B1S2,MONITOR_O2_HEATER_B1S1,MONITOR_O2_HEATER_B1S2,MONITOR_PURGE_FLOW,MONITOR_VVT_B1,O2_B1S2,O2_S1_WR_CURRENT,O2_SENSORS,OBD_COMPLIANCE,PIDS_9A,PIDS_A,PIDS_B,PIDS_C,RELATIVE_THROTTLE_POS,RPM,RUN_TIME,SHORT_FUEL_TRIM_1,SPEED,STATUS,STATUS_DRIVE_CYCLE,THROTTLE_ACTUATOR,THROTTLE_POS,THROTTLE_POS_B,TIMING_ADVANCE,VIN,WARMUPS_SINCE_DTC_CLEAR,TIMESTAMP_OBD,MERGED_TIMESTAMP,TIMESTAMP_EPS8266,GPS_STATUS,LATITUDE,LONGITUDE,ACC_X,ACC_Y,ACC_Z,GYRO_X,GYRO_Y,GYRO_Z,VIBRATION_STATUS
30.19607843137255 percent,14.901960784313726 percent,14.901960784313726 percent,40 degree_Celsius,100 kilopascal,bytearray(b'5E018DD3844BEA'),403.70000000000005 degree_Celsius,,,,,,,0.0 kilometer,,,,,,,,,,,,,,,,,,,,,,,,,,,,,,,,,,,,,,,ELM327 v1.5,13.9 volt,38.8235294117647 percent,22.745098039215687 percent,13.72549019607843 percent,"('Closed loop, using oxygen sensor feedback to determine fuel mix', '')",Gasoline,[],[],44 kilopascal,56 degree_Celsius,0.0 percent,0.0 percent,11000000000000000000000000000001,10000000000000000000100000001001,11000000000000000000000000000001,1.0,1.0,01111000000000000000000000000000,Unknown : 0.0 percent [PASSED],"Average misfire counts for last ten driving cycles : 0.0 count [PASSED]
Misfire counts for last/current driving cycles : 0.0 count [PASSED]","Average misfire counts for last ten driving cycles : 0.0 count [PASSED]
Misfire counts for last/current driving cycles : 0.0 count [PASSED]","Average misfire counts for last ten driving cycles : 0.0 count [PASSED]
Misfire counts for last/current driving cycles : 0.0 count [PASSED]","Average misfire counts for last ten driving cycles : 0.0 count [PASSED]
Misfire counts for last/current driving cycles : 0.0 count [PASSED]","Unknown : 0.0 count [PASSED]
Unknown : 0.0 count [PASSED]
Unknown : 0.0 ratio [PASSED]
Unknown : 0.0 millisecond [PASSED]","Rich to lean sensor switch time : 0.0 millisecond [PASSED]
Unknown : 0.0 millivolt [PASSED]
Unknown : 0.0 millivolt [PASSED]",Unknown : 719.8000000000001 degree_Celsius [PASSED],Unknown : 0.0 ohm [PASSED],Unknown : 0.0 count [PASSED],"Unknown : 0.0 degree [PASSED]
Unknown : 0.0 degree [PASSED]
Unknown : 0.0 degree [PASSED]
Unknown : 0.0 degree [PASSED]",0.73 volt,-0.00390625 milliampere,"((), (False, False, False, False), (False, False, True, True))",India OBD II (IOBD II),0101010001000000000000000000000000000000,10111110001111101010100000010011,10000000000001111011000000010001,11111110110100001000010000000001,3.5294117647058822 percent,931.5 revolutions_per_minute,324.0 second,-2.34375 percent,0.0 kilometer_per_hour,<obd.OBDResponse.Status object at 0x7c9564403be0>,<obd.OBDResponse.Status object at 0x7c9564410160>,4.313725490196078 percent,13.72549019607843 percent,14.117647058823529 percent,-1.0 degree,bytearray(b'MEXKRDPA7NG020286'),0.0 count,2025-04-24 12:55:57,2025-04-24 12:56:02,2025-04-24 12:55:58,No Signal,,,1.44,1.12,8.74,-0.06,0.04,0.01,NO
,,,,,,,,,,,,,,,,,,,,,,,,,,,,,,,,,,,,,,,,,,,,,,,,,,,,,,,,,,,,,,,,,,,,,,,,,,,,,,,,,,,,,,,,,,,,,,,,,,,,,,,,,2025-04-24 12:55:58,No Signal,,,1.58,1.28,8.97,-0.02,0.03,-0.0,NO
,,,,,,,,,,,,,,,,,,,,,,,,,,,,,,,,,,,,,,,,,,,,,,,,,,,,,,,,,,,,,,,,,,,,,,,,,,,,,,,,,,,,,,,,,,,,,,,,,,,,,,,,,2025-04-24 12:55:59,No Signal,,,1.67,1.13,8.55,-0.04,0.02,-0.0,NO
55.294117647058826 percent,21.176470588235293 percent,21.176470588235293 percent,40 degree_Celsius,100 kilopascal,bytearray(b'5E018DD3844BEA'),404.6 degree_Celsius,,,,,,,0.0 kilometer,,,,,,,,,,,,,,,,,,,,,,,,,,,,,,,,,,,,,,,ELM327 v1.5,13.9 volt,43.13725490196079 percent,34.509803921568626 percent,13.72549019607843 percent,"('Closed loop, using oxygen sensor feedback to determine fuel mix', '')",Gasoline,[],[],66 kilopascal,57 degree_Celsius,0.78125 percent,0.0 percent,11000000000000000000000000000001,10000000000000000000100000001001,11000000000000000000000000000001,1.0,1.0,01111000000000000000000000000000,Unknown : 0.0 percent [PASSED],"Average misfire counts for last ten driving cycles : 0.0 count [PASSED]
Misfire counts for last/current driving cycles : 0.0 count [PASSED]","Average misfire counts for last ten driving cycles : 0.0 count [PASSED]
Misfire counts for last/current driving cycles : 0.0 count [PASSED]","Average misfire counts for last ten driving cycles : 0.0 count [PASSED]
Misfire counts for last/current driving cycles : 0.0 count [PASSED]","Average misfire counts for last ten driving cycles : 0.0 count [PASSED]
Misfire counts for last/current driving cycles : 0.0 count [PASSED]","Unknown : 0.0 count [PASSED]
Unknown : 0.0 count [PASSED]
Unknown : 0.0 ratio [PASSED]
Unknown : 0.0 millisecond [PASSED]","Rich to lean sensor switch time : 0.0 millisecond [PASSED]
Unknown : 0.0 millivolt [PASSED]
Unknown : 0.0 millivolt [PASSED]",Unknown : -40.0 degree_Celsius [PASSED],Unknown : 0.0 ohm [PASSED],Unknown : 0.0 count [PASSED],"Unknown : 0.0 degree [PASSED]
Unknown : 0.0 degree [PASSED]
Unknown : 0.0 degree [PASSED]
Unknown : 0.0 degree [PASSED]",0.725 volt,-0.01953125 milliampere,"((), (False, False, False, False), (False, False, True, True))",India OBD II (IOBD II),0101010001000000000000000000000000000000,10111110001111101010100000010011,10000000000001111011000000010001,11111110110100001000010000000001,5.490196078431373 percent,996.0 revolutions_per_minute,330.0 second,2.34375 percent,7.0 kilometer_per_hour,<obd.OBDResponse.Status object at 0x7c9562ab8040>,<obd.OBDResponse.Status object at 0x7c9562ab8100>,7.0588235294117645 percent,16.07843137254902 percent,16.07843137254902 percent,-3.0 degree,bytearray(b'MEXKRDPA7NG020286'),0.0 count,2025-04-24 12:56:04,2025-04-24 12:56:09,2025-04-24 12:56:04,No Signal,,,1.37,1.22,9.01,-0.03,0.0,-0.01,NO
,,,,,,,,,,,,,,,,,,,,,,,,,,,,,,,,,,,,,,,,,,,,,,,,,,,,,,,,,,,,,,,,,,,,,,,,,,,,,,,,,,,,,,,,,,,,,,,,,,,,,,,,,2025-04-24 12:56:04,No Signal,,,1.57,2.02,8.74,-0.02,0.04,-0.01,NO
,,,,,,,,,,,,,,,,,,,,,,,,,,,,,,,,,,,,,,,,,,,,,,,,,,,,,,,,,,,,,,,,,,,,,,,,,,,,,,,,,,,,,,,,,,,,,,,,,,,,,,,,,2025-04-24 12:56:04,No Signal,,,1.02,0.97,9.11,-0.05,-0.02,0.01,NO
37.64705882352941 percent,14.901960784313726 percent,14.901960784313726 percent,40 degree_Celsius,100 kilopascal,bytearray(b'5E018DD3844BEA'),408.40000000000003 degree_Celsius,,,,,,,0.0 kilometer,,,,,,,,,,,,,,,,,,,,,,,,,,,,,,,,,,,,,,,ELM327 v1.5,13.9 volt,39.21568627450981 percent,25.49019607843137 percent,13.72549019607843 percent,"('Closed loop, using oxygen sensor feedback to determine fuel mix', '')",Gasoline,[],[],59 kilopascal,57 degree_Celsius,0.78125 percent,0.0 percent,11000000000000000000000000000001,10000000000000000000100000001001,11000000000000000000000000000001,1.0,1.0,01111000000000000000000000000000,Unknown : 0.0 percent [PASSED],"Average misfire counts for last ten driving cycles : 0.0 count [PASSED]
Misfire counts for last/current driving cycles : 0.0 count [PASSED]","Average misfire counts for last ten driving cycles : 0.0 count [PASSED]
Misfire counts for last/current driving cycles : 0.0 count [PASSED]","Average misfire counts for last ten driving cycles : 0.0 count [PASSED]
Misfire counts for last/current driving cycles : 0.0 count [PASSED]","Average misfire counts for last ten driving cycles : 0.0 count [PASSED]
Misfire counts for last/current driving cycles : 0.0 count [PASSED]","Unknown : 0.0 count [PASSED]
Unknown : 0.0 count [PASSED]
Unknown : 0.0 ratio [PASSED]
Unknown : 0.0 millisecond [PASSED]","Rich to lean sensor switch time : 0.0 millisecond [PASSED]
Unknown : 0.0 millivolt [PASSED]
Unknown : 0.0 millivolt [PASSED]",Unknown : -40.0 degree_Celsius [PASSED],Unknown : 0.0 ohm [PASSED],Unknown : 0.0 count [PASSED],"Unknown : 0.0 degree [PASSED]
Unknown : 0.0 degree [PASSED]
Unknown : 0.0 degree [PASSED]
Unknown : 0.0 degree [PASSED]",0.715 volt,-0.0390625 milliampere,"((), (False, False, False, False), (False, False, True, True))",India OBD II (IOBD II),0101010001000000000000000000000000000000,10111110001111101010100000010011,10000000000001111011000000010001,11111110110100001000010000000001,5.882352941176471 percent,1151.0 revolutions_per_minute,337.0 second,-3.125 percent,9.0 kilometer_per_hour,<obd.OBDResponse.Status object at 0x7c9562acb640>,<obd.OBDResponse.Status object at 0x7c9562acb700>,7.0588235294117645 percent,15.294117647058824 percent,15.686274509803921 percent,0.0 degree,bytearray(b'MEXKRDPA7NG020286'),0.0 count,2025-04-24 12:56:10,2025-04-24 12:56:15,2025-04-24 12:56:10,No Signal,,,1.0,1.49,9.19,-0.0,0.05,-0.01,NO
,,,,,,,,,,,,,,,,,,,,,,,,,,,,,,,,,,,,,,,,,,,,,,,,,,,,,,,,,,,,,,,,,,,,,,,,,,,,,,,,,,,,,,,,,,,,,,,,,,,,,,,,,2025-04-24 12:56:10,No Signal,,,2.04,1.6,8.2,-0.03,0.02,-0.0,DETECTED
,,,,,,,,,,,,,,,,,,,,,,,,,,,,,,,,,,,,,,,,,,,,,,,,,,,,,,,,,,,,,,,,,,,,,,,,,,,,,,,,,,,,,,,,,,,,,,,,,,,,,,,,,2025-04-24 12:56:10,No Signal,,,2.34,1.38,8.83,-0.03,-0.0,-0.0,DETECTED
30.980392156862745 percent,22.352941176470587 percent,22.352941176470587 percent,41 degree_Celsius,100 kilopascal,bytearray(b'5E018DD3844BEA'),411.70000000000005 degree_Celsius,,,,,,0.0 kilometer,0.0 kilometer,,,,,,,,,,,,,,,,,,,,,,,,,,,,,,,,,,,,,,,ELM327 v1.5,13.9 volt,30.58823529411765 percent,30.980392156862745 percent,13.72549019607843 percent,"('Closed loop, using oxygen sensor feedback to determine fuel mix', '')",Gasoline,[],[],50 kilopascal,57 degree_Celsius,0.78125 percent,0.0 percent,11000000000000000000000000000001,10000000000000000000100000001001,11000000000000000000000000000001,1.0,1.0,01111000000000000000000000000000,Unknown : 0.0 percent [PASSED],"Average misfire counts for last ten driving cycles : 0.0 count [PASSED]
Misfire counts for last/current driving cycles : 0.0 count [PASSED]","Average misfire counts for last ten driving cycles : 0.0 count [PASSED]
Misfire counts for last/current driving cycles : 0.0 count [PASSED]","Average misfire counts for last ten driving cycles : 0.0 count [PASSED]
Misfire counts for last/current driving cycles : 0.0 count [PASSED]","Average misfire counts for last ten driving cycles : 0.0 count [PASSED]
Misfire counts for last/current driving cycles : 0.0 count [PASSED]","Unknown : 0.0 count [PASSED]
Unknown : 0.0 count [PASSED]
Unknown : 0.0 ratio [PASSED]
Unknown : 0.0 millisecond [PASSED]","Rich to lean sensor switch time : 0.0 millisecond [PASSED]
Unknown : 0.0 millivolt [PASSED]
Unknown : 0.0 millivolt [PASSED]",Unknown : -40.0 degree_Celsius [PASSED],Unknown : 0.0 ohm [PASSED],Unknown : 0.0 count [PASSED],"Unknown : 0.0 degree [PASSED]
Unknown : 0.0 degree [PASSED]
Unknown : 0.0 degree [PASSED]
Unknown : 0.0 degree [PASSED]",0.725 volt,-0.00390625 milliampere,"((), (False, False, False, False), (False, False, True, True))",India OBD II (IOBD II),0101010001000000000000000000000000000000,10111110001111101010100000010011,10000000000001111011000000010001,11111110110100001000010000000001,5.490196078431373 percent,1107.0 revolutions_per_minute,343.0 second,-1.5625 percent,9.0 kilometer_per_hour,<obd.OBDResponse.Status object at 0x7c9562af5ba0>,<obd.OBDResponse.Status object at 0x7c9562af5c60>,7.8431372549019605 percent,16.470588235294116 percent,16.470588235294116 percent,12.5 degree,bytearray(b'MEXKRDPA7NG020286'),0.0 count,2025-04-24 12:56:16,2025-04-24 12:56:21,2025-04-24 12:56:16,No Signal,,,1.8,1.47,8.79,-0.03,0.0,-0.0,NO
,,,,,,,,,,,,,,,,,,,,,,,,,,,,,,,,,,,,,,,,,,,,,,,,,,,,,,,,,,,,,,,,,,,,,,,,,,,,,,,,,,,,,,,,,,,,,,,,,,,,,,,,,2025-04-24 12:56:16,No Signal,,,1.47,1.47,8.8,-0.03,0.01,-0.0,NO
,,,,,,,,,,,,,,,,,,,,,,,,,,,,,,,,,,,,,,,,,,,,,,,,,,,,,,,,,,,,,,,,,,,,,,,,,,,,,,,,,,,,,,,,,,,,,,,,,,,,,,,,,2025-04-24 12:56:16,No Signal,,,1.56,1.76,8.89,-0.01,0.01,-0.0,DETECTED
47.05882352941176 percent,30.58823529411765 percent,30.58823529411765 percent,40 degree_Celsius,100 kilopascal,bytearray(b'5E018DD3844BEA'),414.3 degree_Celsius,,,,,,,0.0 kilometer,,,,,,,,,,,,,,,,,,,,,,,,,,,,,,,,,,,,,,,ELM327 v1.5,13.8 volt,54.90196078431372 percent,7.450980392156863 percent,13.72549019607843 percent,"('Closed loop, using oxygen sensor feedback to determine fuel mix', '')",Gasoline,[],[],87 kilopascal,56 degree_Celsius,0.78125 percent,0.0 percent,11000000000000000000000000000001,10000000000000000000100000001001,11000000000000000000000000000001,1.0,1.0,01111000000000000000000000000000,Unknown : 0.0 percent [PASSED],"Average misfire counts for last ten driving cycles : 0.0 count [PASSED]
Misfire counts for last/current driving cycles : 0.0 count [PASSED]","Average misfire counts for last ten driving cycles : 0.0 count [PASSED]
Misfire counts for last/current driving cycles : 1.0 count [PASSED]","Average misfire counts for last ten driving cycles : 0.0 count [PASSED]
Misfire counts for last/current driving cycles : 0.0 count [PASSED]","Average misfire counts for last ten driving cycles : 0.0 count [PASSED]
Misfire counts for last/current driving cycles : 0.0 count [PASSED]","Unknown : 0.0 count [PASSED]
Unknown : 0.0 count [PASSED]
Unknown : 0.0 ratio [PASSED]
Unknown : 0.0 millisecond [PASSED]","Rich to lean sensor switch time : 0.0 millisecond [PASSED]
Unknown : 0.0 millivolt [PASSED]
Unknown : 0.0 millivolt [PASSED]",Unknown : -40.0 degree_Celsius [PASSED],Unknown : 0.0 ohm [PASSED],Unknown : 0.0 count [PASSED],"Unknown : 0.0 degree [PASSED]
Unknown : 0.0 degree [PASSED]
Unknown : 0.0 degree [PASSED]
Unknown : 0.0 degree [PASSED]",0.715 volt,0.015625 milliampere,"((), (False, False, False, False), (False, False, True, True))",India OBD II (IOBD II),0101010001000000000000000000000000000000,10111110001111101010100000010011,10000000000001111011000000010001,11111110110100001000010000000001,11.372549019607844 percent,1194.0 revolutions_per_minute,349.0 second,1.5625 percent,17.0 kilometer_per_hour,<obd.OBDResponse.Status object at 0x7c9562b0bac0>,<obd.OBDResponse.Status object at 0x7c9562b0bb80>,14.117647058823529 percent,21.568627450980394 percent,21.176470588235293 percent,8.0 degree,bytearray(b'MEXKRDPA7NG020286'),0.0 count,2025-04-24 12:56:23,2025-04-24 12:56:28,2025-04-24 12:56:23,No Signal,,,1.26,1.51,8.75,-0.04,-0.0,0.01,NO
,,,,,,,,,,,,,,,,,,,,,,,,,,,,,,,,,,,,,,,,,,,,,,,,,,,,,,,,,,,,,,,,,,,,,,,,,,,,,,,,,,,,,,,,,,,,,,,,,,,,,,,,,2025-04-24 12:56:23,No Signal,,,1.28,1.66,9.18,-0.03,0.02,0.01,NO
,,,,,,,,,,,,,,,,,,,,,,,,,,,,,,,,,,,,,,,,,,,,,,,,,,,,,,,,,,,,,,,,,,,,,,,,,,,,,,,,,,,,,,,,,,,,,,,,,,,,,,,,,2025-04-24 12:56:23,No Signal,,,1.54,1.72,8.86,-0.0,0.05,0.0,NO
58.03921568627451 percent,31.372549019607842 percent,31.372549019607842 percent,40 degree_Celsius,100 kilopascal,bytearray(b'5E018DD3844BEA'),426.6 degree_Celsius,,,,,,,0.0 kilometer,,,,,,,,,,,,,,,,,,,,,,,,,,,,,,,,,,,,,,,ELM327 v1.5,13.9 volt,59.6078431372549 percent,98.43137254901961 percent,13.72549019607843 percent,"('Closed loop, using oxygen sensor feedback to determine fuel mix', '')",Gasoline,[],[],114 kilopascal,57 degree_Celsius,1.5625 percent,0.0 percent,11000000000000000000000000000001,10000000000000000000100000001001,11000000000000000000000000000001,1.0,1.0,01111000000000000000000000000000,Unknown : 0.0 percent [PASSED],"Average misfire counts for last ten driving cycles : 0.0 count [PASSED]
Misfire counts for last/current driving cycles : 0.0 count [PASSED]","Average misfire counts for last ten driving cycles : 0.0 count [PASSED]
Misfire counts for last/current driving cycles : 0.0 count [PASSED]","Average misfire counts for last ten driving cycles : 0.0 count [PASSED]
Misfire counts for last/current driving cycles : 0.0 count [PASSED]","Average misfire counts for last ten driving cycles : 0.0 count [PASSED]
Misfire counts for last/current driving cycles : 0.0 count [PASSED]","Unknown : 0.0 count [PASSED]
Unknown : 0.0 count [PASSED]
Unknown : 0.0 ratio [PASSED]
Unknown : 0.0 millisecond [PASSED]","Rich to lean sensor switch time : 0.0 millisecond [PASSED]
Unknown : 0.0 millivolt [PASSED]
Unknown : 0.0 millivolt [PASSED]",Unknown : -40.0 degree_Celsius [PASSED],Unknown : 0.0 ohm [PASSED],Unknown : 0.0 count [PASSED],"Unknown : 0.0 degree [PASSED]
Unknown : 0.0 degree [PASSED]
Unknown : 0.0 degree [PASSED]
Unknown : 0.0 degree [PASSED]",0.7 volt,-0.2421875 milliampere,"((), (False, False, False, False), (False, False, True, True))",India OBD II (IOBD II),0101010001000000000000000000000000000000,10111110001111101010100000010011,10000000000001111011000000010001,11111110110100001000010000000001,3.1372549019607843 percent,1273.5 revolutions_per_minute,356.0 second,-1.5625 percent,26.0 kilometer_per_hour,<obd.OBDResponse.Status object at 0x7c9562b22020>,<obd.OBDResponse.Status object at 0x7c9562b220e0>,7.0588235294117645 percent,16.07843137254902 percent,16.470588235294116 percent,9.5 degree,bytearray(b'MEXKRDPA7NG020286'),0.0 count,2025-04-24 12:56:29,2025-04-24 12:56:34,2025-04-24 12:56:29,No Signal,,,1.52,1.97,8.53,0.01,0.05,0.01,NO
,,,,,,,,,,,,,,,,,,,,,,,,,,,,,,,,,,,,,,,,,,,,,,,,,,,,,,,,,,,,,,,,,,,,,,,,,,,,,,,,,,,,,,,,,,,,,,,,,,,,,,,,,2025-04-24 12:56:29,No Signal,,,1.11,2.64,8.98,-0.02,0.01,0.04,NO
,,,,,,,,,,,,,,,,,,,,,,,,,,,,,,,,,,,,,,,,,,,,,,,,,,,,,,,,,,,,,,,,,,,,,,,,,,,,,,,,,,,,,,,,,,,,,,,,,,,,,,,,,2025-04-24 12:56:29,No Signal,,,1.49,1.87,9.06,-0.05,0.12,0.1,NO
,2025-04-24 12:56:35,No Signal,,,1.14,1.93,8.66,0.02,0.07,0.13,NO
,2025-04-24 12:56:35,No Signal,,,1.87,2.01,8.24,-0.01,0.05,0.23,NO
,2025-04-24 12:56:35,No Signal,,,1.75,1.44,9.72,-0.0,0.01,0.3,DETECTED
,,,,,,,,,,,,,,,,,,,,,,,,,,,,,,,,,,,,,,,,,,,,,,,,,,,,,,,,,,,,,,,,,,,,,,,,,,,,,,,,,,,,,,,,,,,,,,,,,,,,,,,,,2025-04-24 12:56:38,No Signal,,,9.96,2.5,5.55,-0.05,-0.27,0.34,DETECTED
,,,,,,,,,,,,,,,,,,,,,,,,,,,,,,,,,,,,,,,,,,,,,,,,,,,,,,,,,,,,,,,,,,,,,,,,,,,,,,,,,,,,,,,,,,,,,,,,,,,,,,,,,2025-04-24 12:56:38,No Signal,,,3.42,2.62,7.39,-0.07,0.26,0.32,NO
,,,,,,,,,,,,,,,,,,,,,,,,,,,,,,,,,,,,,,,,,,,,,,,,,,,,,,,,,,,,,,,,,,,,,,,,,,,,,,,,,,,,,,,,,,,,,,,,,,,,,,,,,2025-04-24 12:56:38,No Signal,,,-0.26,1.39,9.08,0.03,0.01,0.32,NO
,,,,,,,,,,,,,,,,,,,,,,,,,,,,,,,,,,,,,,,,,,,,,,,,,,,,,,,,,,,,,,,,,,,,,,,,,,,,,,,,,,,,,,,,,,,,,,,,,,,,,,,,,2025-04-24 12:56:40,No Signal,,,-0.07,1.83,8.03,0.04,0.3,0.23,NO
,,,,,,,,,,,,,,,,,,,,,,,,,,,,,,,,,,,,,,,,,,,,,,,,,,,,,,,,,,,,,,,,,,,,,,,,,,,,,,,,,,,,,,,,,,,,,,,,,,,,,,,,,2025-04-24 12:56:40,No Signal,,,1.31,1.58,7.73,-0.04,0.02,0.14,DETECTED
,,,,,,,,,,,,,,,,,,,,,,,,,,,,,,,,,,,,,,,,,,,,,,,,,,,,,,,,,,,,,,,,,,,,,,,,,,,,,,,,,,,,,,,,,,,,,,,,,,,,,,,,,2025-04-24 12:56:40,No Signal,,,0.67,1.18,9.4,-0.13,0.07,0.05,DETECTED
,,,,,,,,,,,,,,,,,,,,,,,,,,,,,,,,,,,,,,,,,,,,,,,,,,,,,,,,,,,,,,,,,,,,,,,,,,,,,,,,,,,,,,,,,,,,,,,,,,,,,,,,,2025-04-24 12:56:42,No Signal,,,0.72,1.71,9.38,-0.0,0.06,0.02,DETECTED
,,,,,,,,,,,,,,,,,,,,,,,,,,,,,,,,,,,,,,,,,,,,,,,,,,,,,,,,,,,,,,,,,,,,,,,,,,,,,,,,,,,,,,,,,,,,,,,,,,,,,,,,,2025-04-24 12:56:42,No Signal,,,2.82,2.68,7.75,0.04,-0.15,0.04,DETECTED
,,,,,,,,,,,,,,,,,,,,,,,,,,,,,,,,,,,,,,,,,,,,,,,,,,,,,,,,,,,,,,,,,,,,,,,,,,,,,,,,,,,,,,,,,,,,,,,,,,,,,,,,,2025-04-24 12:56:42,No Signal,,,-0.53,0.98,9.48,0.04,0.02,0.01,DETECTED
,,,,,,,,,,,,,,,,,,,,,,,,,,,,,,,,,,,,,,,,,,,,,,,,,,,,,,,,,,,,,,,,,,,,,,,,,,,,,,,,,,,,,,,,,,,,,,,,,,,,,,,,,2025-04-24 12:56:45,No Signal,,,1.47,0.29,8.21,-0.12,0.17,0.0,DETECTED
,,,,,,,,,,,,,,,,,,,,,,,,,,,,,,,,,,,,,,,,,,,,,,,,,,,,,,,,,,,,,,,,,,,,,,,,,,,,,,,,,,,,,,,,,,,,,,,,,,,,,,,,,2025-04-24 12:56:45,No Signal,,,2.92,3.3,8.37,0.03,0.05,-0.01,DETECTED
,,,,,,,,,,,,,,,,,,,,,,,,,,,,,,,,,,,,,,,,,,,,,,,,,,,,,,,,,,,,,,,,,,,,,,,,,,,,,,,,,,,,,,,,,,,,,,,,,,,,,,,,,2025-04-24 12:56:45,No Signal,,,-0.38,1.74,8.64,-0.08,0.17,-0.02,DETECTED
,,,,,,,,,,,,,,,,,,,,,,,,,,,,,,,,,,,,,,,,,,,,,,,,,,,,,,,,,,,,,,,,,,,,,,,,,,,,,,,,,,,,,,,,,,,,,,,,,,,,,,,,,2025-04-24 12:56:47,No Signal,,,1.93,1.31,7.39,0.02,0.11,0.01,DETECTED
,,,,,,,,,,,,,,,,,,,,,,,,,,,,,,,,,,,,,,,,,,,,,,,,,,,,,,,,,,,,,,,,,,,,,,,,,,,,,,,,,,,,,,,,,,,,,,,,,,,,,,,,,2025-04-24 12:56:47,No Signal,,,0.07,1.17,8.86,0.02,0.11,-0.01,NO
,,,,,,,,,,,,,,,,,,,,,,,,,,,,,,,,,,,,,,,,,,,,,,,,,,,,,,,,,,,,,,,,,,,,,,,,,,,,,,,,,,,,,,,,,,,,,,,,,,,,,,,,,2025-04-24 12:56:47,No Signal,,,3.19,1.68,8.27,-0.06,-0.0,0.01,DETECTED
,,,,,,,,,,,,,,,,,,,,,,,,,,,,,,,,,,,,,,,,,,,,,,,,,,,,,,,,,,,,,,,,,,,,,,,,,,,,,,,,,,,,,,,,,,,,,,,,,,,,,,,,,2025-04-24 12:56:49,No Signal,,,1.83,1.51,9.45,-0.05,0.11,0.01,DETECTED
,,,,,,,,,,,,,,,,,,,,,,,,,,,,,,,,,,,,,,,,,,,,,,,,,,,,,,,,,,,,,,,,,,,,,,,,,,,,,,,,,,,,,,,,,,,,,,,,,,,,,,,,,2025-04-24 12:56:49,No Signal,,,2.48,1.93,9.42,-0.01,-0.24,0.05,DETECTED
,,,,,,,,,,,,,,,,,,,,,,,,,,,,,,,,,,,,,,,,,,,,,,,,,,,,,,,,,,,,,,,,,,,,,,,,,,,,,,,,,,,,,,,,,,,,,,,,,,,,,,,,,2025-04-24 12:56:49,No Signal,,,3.26,2.24,8.27,-0.01,0.02,0.01,NO
,,,,,,,,,,,,,,,,,,,,,,,,,,,,,,,,,,,,,,,,,,,,,,,,,,,,,,,,,,,,,,,,,,,,,,,,,,,,,,,,,,,,,,,,,,,,,,,,,,,,,,,,,2025-04-24 12:56:51,No Signal,,,3.07,1.99,7.58,-0.04,-0.06,0.01,DETECTED
,,,,,,,,,,,,,,,,,,,,,,,,,,,,,,,,,,,,,,,,,,,,,,,,,,,,,,,,,,,,,,,,,,,,,,,,,,,,,,,,,,,,,,,,,,,,,,,,,,,,,,,,,2025-04-24 12:56:51,No Signal,,,0.36,1.95,9.39,0.01,-0.1,0.02,DETECTED
,,,,,,,,,,,,,,,,,,,,,,,,,,,,,,,,,,,,,,,,,,,,,,,,,,,,,,,,,,,,,,,,,,,,,,,,,,,,,,,,,,,,,,,,,,,,,,,,,,,,,,,,,2025-04-24 12:56:51,No Signal,,,-1.82,1.33,9.0,-0.0,0.18,0.02,DETECTED
,,,,,,,,,,,,,,,,,,,,,,,,,,,,,,,,,,,,,,,,,,,,,,,,,,,,,,,,,,,,,,,,,,,,,,,,,,,,,,,,,,,,,,,,,,,,,,,,,,,,,,,,,2025-04-24 12:56:54,No Signal,,,-8.7,-0.75,12.08,-0.04,0.4,-0.08,DETECTED
,,,,,,,,,,,,,,,,,,,,,,,,,,,,,,,,,,,,,,,,,,,,,,,,,,,,,,,,,,,,,,,,,,,,,,,,,,,,,,,,,,,,,,,,,,,,,,,,,,,,,,,,,2025-04-24 12:56:54,No Signal,,,0.71,1.43,11.07,-0.1,-0.14,0.06,DETECTED
,,,,,,,,,,,,,,,,,,,,,,,,,,,,,,,,,,,,,,,,,,,,,,,,,,,,,,,,,,,,,,,,,,,,,,,,,,,,,,,,,,,,,,,,,,,,,,,,,,,,,,,,,2025-04-24 12:56:54,No Signal,,,-3.0,1.32,10.83,-0.01,-0.21,-0.02,NO
,,,,,,,,,,,,,,,,,,,,,,,,,,,,,,,,,,,,,,,,,,,,,,,,,,,,,,,,,,,,,,,,,,,,,,,,,,,,,,,,,,,,,,,,,,,,,,,,,,,,,,,,,2025-04-24 12:56:56,No Signal,,,-1.51,2.06,10.29,0.01,0.13,0.02,DETECTED
,,,,,,,,,,,,,,,,,,,,,,,,,,,,,,,,,,,,,,,,,,,,,,,,,,,,,,,,,,,,,,,,,,,,,,,,,,,,,,,,,,,,,,,,,,,,,,,,,,,,,,,,,2025-04-24 12:56:56,No Signal,,,4.09,1.86,8.17,0.03,-0.06,0.0,DETECTED
,,,,,,,,,,,,,,,,,,,,,,,,,,,,,,,,,,,,,,,,,,,,,,,,,,,,,,,,,,,,,,,,,,,,,,,,,,,,,,,,,,,,,,,,,,,,,,,,,,,,,,,,,2025-04-24 12:56:56,No Signal,,,5.83,2.89,6.52,0.05,-0.17,0.01,DETECTED
,,,,,,,,,,,,,,,,,,,,,,,,,,,,,,,,,,,,,,,,,,,,,,,,,,,,,,,,,,,,,,,,,,,,,,,,,,,,,,,,,,,,,,,,,,,,,,,,,,,,,,,,,2025-04-24 12:56:58,No Signal,,,0.53,2.39,8.89,-0.09,-0.1,-0.0,DETECTED
,,,,,,,,,,,,,,,,,,,,,,,,,,,,,,,,,,,,,,,,,,,,,,,,,,,,,,,,,,,,,,,,,,,,,,,,,,,,,,,,,,,,,,,,,,,,,,,,,,,,,,,,,2025-04-24 12:56:58,No Signal,,,4.07,3.47,8.07,0.07,-0.32,0.07,DETECTED
,,,,,,,,,,,,,,,,,,,,,,,,,,,,,,,,,,,,,,,,,,,,,,,,,,,,,,,,,,,,,,,,,,,,,,,,,,,,,,,,,,,,,,,,,,,,,,,,,,,,,,,,,2025-04-24 12:56:58,No Signal,,,1.95,2.43,9.53,0.01,-0.01,-0.01,NO
,,,,,,,,,,,,,,,,,,,,,,,,,,,,,,,,,,,,,,,,,,,,,,,,,,,,,,,,,,,,,,,,,,,,,,,,,,,,,,,,,,,,,,,,,,,,,,,,,,,,,,,,,2025-04-24 12:57:00,No Signal,,,0.66,2.2,9.28,-0.02,0.07,-0.02,NO
,,,,,,,,,,,,,,,,,,,,,,,,,,,,,,,,,,,,,,,,,,,,,,,,,,,,,,,,,,,,,,,,,,,,,,,,,,,,,,,,,,,,,,,,,,,,,,,,,,,,,,,,,2025-04-24 12:57:00,No Signal,,,-0.01,2.88,8.92,-0.03,-0.01,-0.02,NO
,,,,,,,,,,,,,,,,,,,,,,,,,,,,,,,,,,,,,,,,,,,,,,,,,,,,,,,,,,,,,,,,,,,,,,,,,,,,,,,,,,,,,,,,,,,,,,,,,,,,,,,,,2025-04-24 12:57:00,No Signal,,,0.11,1.11,9.66,-0.04,0.09,0.01,NO
,,,,,,,,,,,,,,,,,,,,,,,,,,,,,,,,,,,,,,,,,,,,,,,,,,,,,,,,,,,,,,,,,,,,,,,,,,,,,,,,,,,,,,,,,,,,,,,,,,,,,,,,,2025-04-24 12:57:03,No Signal,,,2.09,1.26,8.72,-0.08,-0.05,0.03,NO
,,,,,,,,,,,,,,,,,,,,,,,,,,,,,,,,,,,,,,,,,,,,,,,,,,,,,,,,,,,,,,,,,,,,,,,,,,,,,,,,,,,,,,,,,,,,,,,,,,,,,,,,,2025-04-24 12:57:03,No Signal,,,1.62,1.57,8.7,-0.01,0.03,0.03,NO
,,,,,,,,,,,,,,,,,,,,,,,,,,,,,,,,,,,,,,,,,,,,,,,,,,,,,,,,,,,,,,,,,,,,,,,,,,,,,,,,,,,,,,,,,,,,,,,,,,,,,,,,,2025-04-24 12:57:03,No Signal,,,0.17,2.01,8.85,0.01,0.08,0.02,NO
,,,,,,,,,,,,,,,,,,,,,,,,,,,,,,,,,,,,,,,,,,,,,,,,,,,,,,,,,,,,,,,,,,,,,,,,,,,,,,,,,,,,,,,,,,,,,,,,,,,,,,,,,2025-04-24 12:57:05,No Signal,,,-0.07,2.6,9.43,0.02,0.07,0.01,NO
,,,,,,,,,,,,,,,,,,,,,,,,,,,,,,,,,,,,,,,,,,,,,,,,,,,,,,,,,,,,,,,,,,,,,,,,,,,,,,,,,,,,,,,,,,,,,,,,,,,,,,,,,2025-04-24 12:57:05,No Signal,,,0.93,1.78,9.15,-0.07,-0.02,0.03,NO
,,,,,,,,,,,,,,,,,,,,,,,,,,,,,,,,,,,,,,,,,,,,,,,,,,,,,,,,,,,,,,,,,,,,,,,,,,,,,,,,,,,,,,,,,,,,,,,,,,,,,,,,,2025-04-24 12:57:05,No Signal,,,-1.81,1.69,10.69,-0.0,0.06,0.03,DETECTED
,,,,,,,,,,,,,,,,,,,,,,,,,,,,,,,,,,,,,,,,,,,,,,,,,,,,,,,,,,,,,,,,,,,,,,,,,,,,,,,,,,,,,,,,,,,,,,,,,,,,,,,,,2025-04-24 12:57:07,No Signal,,,5.61,2.24,5.63,-0.09,0.06,0.02,DETECTED
,,,,,,,,,,,,,,,,,,,,,,,,,,,,,,,,,,,,,,,,,,,,,,,,,,,,,,,,,,,,,,,,,,,,,,,,,,,,,,,,,,,,,,,,,,,,,,,,,,,,,,,,,2025-04-24 12:57:07,No Signal,,,2.08,2.1,8.37,-0.05,-0.06,0.01,DETECTED
,,,,,,,,,,,,,,,,,,,,,,,,,,,,,,,,,,,,,,,,,,,,,,,,,,,,,,,,,,,,,,,,,,,,,,,,,,,,,,,,,,,,,,,,,,,,,,,,,,,,,,,,,2025-04-24 12:57:07,No Signal,,,-0.7,1.51,8.89,-0.03,0.02,0.06,NO
,,,,,,,,,,,,,,,,,,,,,,,,,,,,,,,,,,,,,,,,,,,,,,,,,,,,,,,,,,,,,,,,,,,,,,,,,,,,,,,,,,,,,,,,,,,,,,,,,,,,,,,,,2025-04-24 12:57:10,No Signal,,,0.08,1.82,8.62,0.01,0.07,0.1,NO
,,,,,,,,,,,,,,,,,,,,,,,,,,,,,,,,,,,,,,,,,,,,,,,,,,,,,,,,,,,,,,,,,,,,,,,,,,,,,,,,,,,,,,,,,,,,,,,,,,,,,,,,,2025-04-24 12:57:10,No Signal,,,4.6,2.61,6.96,-0.03,0.04,0.16,DETECTED
,,,,,,,,,,,,,,,,,,,,,,,,,,,,,,,,,,,,,,,,,,,,,,,,,,,,,,,,,,,,,,,,,,,,,,,,,,,,,,,,,,,,,,,,,,,,,,,,,,,,,,,,,2025-04-24 12:57:10,No Signal,,,-2.38,2.23,10.19,-0.0,-0.02,0.16,NO
,,,,,,,,,,,,,,,,,,,,,,,,,,,,,,,,,,,,,,,,,,,,,,,,,,,,,,,,,,,,,,,,,,,,,,,,,,,,,,,,,,,,,,,,,,,,,,,,,,,,,,,,,2025-04-24 12:57:12,No Signal,,,2.68,2.5,7.84,-0.03,-0.0,0.17,DETECTED
,,,,,,,,,,,,,,,,,,,,,,,,,,,,,,,,,,,,,,,,,,,,,,,,,,,,,,,,,,,,,,,,,,,,,,,,,,,,,,,,,,,,,,,,,,,,,,,,,,,,,,,,,2025-04-24 12:57:12,No Signal,,,1.08,2.64,8.42,-0.03,0.11,0.09,DETECTED
,,,,,,,,,,,,,,,,,,,,,,,,,,,,,,,,,,,,,,,,,,,,,,,,,,,,,,,,,,,,,,,,,,,,,,,,,,,,,,,,,,,,,,,,,,,,,,,,,,,,,,,,,2025-04-24 12:57:12,No Signal,,,-0.92,2.92,9.86,-0.0,-0.13,0.03,DETECTED
,,,,,,,,,,,,,,,,,,,,,,,,,,,,,,,,,,,,,,,,,,,,,,,,,,,,,,,,,,,,,,,,,,,,,,,,,,,,,,,,,,,,,,,,,,,,,,,,,,,,,,,,,2025-04-24 12:57:14,No Signal,,,-0.71,2.85,9.34,-0.02,0.02,-0.04,NO
,,,,,,,,,,,,,,,,,,,,,,,,,,,,,,,,,,,,,,,,,,,,,,,,,,,,,,,,,,,,,,,,,,,,,,,,,,,,,,,,,,,,,,,,,,,,,,,,,,,,,,,,,2025-04-24 12:57:14,No Signal,,,0.59,1.82,10.49,-0.04,-0.0,-0.14,NO
,,,,,,,,,,,,,,,,,,,,,,,,,,,,,,,,,,,,,,,,,,,,,,,,,,,,,,,,,,,,,,,,,,,,,,,,,,,,,,,,,,,,,,,,,,,,,,,,,,,,,,,,,2025-04-24 12:57:14,No Signal,,,3.34,2.06,9.15,-0.01,0.09,-0.18,NO
,,,,,,,,,,,,,,,,,,,,,,,,,,,,,,,,,,,,,,,,,,,,,,,,,,,,,,,,,,,,,,,,,,,,,,,,,,,,,,,,,,,,,,,,,,,,,,,,,,,,,,,,,2025-04-24 12:57:16,No Signal,,,2.34,1.2,9.42,-0.04,0.12,-0.18,DETECTED
,,,,,,,,,,,,,,,,,,,,,,,,,,,,,,,,,,,,,,,,,,,,,,,,,,,,,,,,,,,,,,,,,,,,,,,,,,,,,,,,,,,,,,,,,,,,,,,,,,,,,,,,,2025-04-24 12:57:16,No Signal,,,1.83,2.12,8.45,0.03,0.12,-0.19,NO
,,,,,,,,,,,,,,,,,,,,,,,,,,,,,,,,,,,,,,,,,,,,,,,,,,,,,,,,,,,,,,,,,,,,,,,,,,,,,,,,,,,,,,,,,,,,,,,,,,,,,,,,,2025-04-24 12:57:16,No Signal,,,2.2,2.1,8.06,-0.11,0.02,-0.06,NO
,,,,,,,,,,,,,,,,,,,,,,,,,,,,,,,,,,,,,,,,,,,,,,,,,,,,,,,,,,,,,,,,,,,,,,,,,,,,,,,,,,,,,,,,,,,,,,,,,,,,,,,,,2025-04-24 12:57:19,No Signal,,,2.75,2.02,8.52,-0.03,-0.06,0.01,NO
,,,,,,,,,,,,,,,,,,,,,,,,,,,,,,,,,,,,,,,,,,,,,,,,,,,,,,,,,,,,,,,,,,,,,,,,,,,,,,,,,,,,,,,,,,,,,,,,,,,,,,,,,2025-04-24 12:57:19,No Signal,,,1.97,1.57,8.23,-0.03,0.06,-0.12,NO
,,,,,,,,,,,,,,,,,,,,,,,,,,,,,,,,,,,,,,,,,,,,,,,,,,,,,,,,,,,,,,,,,,,,,,,,,,,,,,,,,,,,,,,,,,,,,,,,,,,,,,,,,2025-04-24 12:57:19,No Signal,,,4.7,1.17,8.32,-0.05,-0.15,-0.14,DETECTED
,,,,,,,,,,,,,,,,,,,,,,,,,,,,,,,,,,,,,,,,,,,,,,,,,,,,,,,,,,,,,,,,,,,,,,,,,,,,,,,,,,,,,,,,,,,,,,,,,,,,,,,,,2025-04-24 12:57:21,No Signal,,,2.12,0.79,9.24,-0.12,0.08,-0.13,NO
,,,,,,,,,,,,,,,,,,,,,,,,,,,,,,,,,,,,,,,,,,,,,,,,,,,,,,,,,,,,,,,,,,,,,,,,,,,,,,,,,,,,,,,,,,,,,,,,,,,,,,,,,2025-04-24 12:57:21,No Signal,,,0.12,1.49,10.09,-0.09,0.01,-0.05,DETECTED
,,,,,,,,,,,,,,,,,,,,,,,,,,,,,,,,,,,,,,,,,,,,,,,,,,,,,,,,,,,,,,,,,,,,,,,,,,,,,,,,,,,,,,,,,,,,,,,,,,,,,,,,,2025-04-24 12:57:21,No Signal,,,2.46,1.75,8.31,-0.0,0.08,-0.0,DETECTED
,,,,,,,,,,,,,,,,,,,,,,,,,,,,,,,,,,,,,,,,,,,,,,,,,,,,,,,,,,,,,,,,,,,,,,,,,,,,,,,,,,,,,,,,,,,,,,,,,,,,,,,,,2025-04-24 12:57:23,No Signal,,,-1.3,1.98,9.42,0.01,0.05,-0.01,NO
,,,,,,,,,,,,,,,,,,,,,,,,,,,,,,,,,,,,,,,,,,,,,,,,,,,,,,,,,,,,,,,,,,,,,,,,,,,,,,,,,,,,,,,,,,,,,,,,,,,,,,,,,2025-04-24 12:57:23,No Signal,,,0.35,0.88,9.0,-0.11,0.07,0.07,DETECTED
,,,,,,,,,,,,,,,,,,,,,,,,,,,,,,,,,,,,,,,,,,,,,,,,,,,,,,,,,,,,,,,,,,,,,,,,,,,,,,,,,,,,,,,,,,,,,,,,,,,,,,,,,2025-04-24 12:57:23,No Signal,,,-0.73,2.32,10.59,0.18,0.34,-0.0,DETECTED
,,,,,,,,,,,,,,,,,,,,,,,,,,,,,,,,,,,,,,,,,,,,,,,,,,,,,,,,,,,,,,,,,,,,,,,,,,,,,,,,,,,,,,,,,,,,,,,,,,,,,,,,,2025-04-24 12:57:26,No Signal,,,1.28,2.05,8.12,0.01,-0.01,0.03,DETECTED
,,,,,,,,,,,,,,,,,,,,,,,,,,,,,,,,,,,,,,,,,,,,,,,,,,,,,,,,,,,,,,,,,,,,,,,,,,,,,,,,,,,,,,,,,,,,,,,,,,,,,,,,,2025-04-24 12:57:26,No Signal,,,1.16,0.56,8.47,-0.07,0.02,0.01,NO
,,,,,,,,,,,,,,,,,,,,,,,,,,,,,,,,,,,,,,,,,,,,,,,,,,,,,,,,,,,,,,,,,,,,,,,,,,,,,,,,,,,,,,,,,,,,,,,,,,,,,,,,,2025-04-24 12:57:26,No Signal,,,2.49,1.94,9.0,-0.05,-0.21,0.04,DETECTED
,,,,,,,,,,,,,,,,,,,,,,,,,,,,,,,,,,,,,,,,,,,,,,,,,,,,,,,,,,,,,,,,,,,,,,,,,,,,,,,,,,,,,,,,,,,,,,,,,,,,,,,,,2025-04-24 12:57:28,No Signal,,,2.66,2.12,7.16,0.04,0.04,0.03,NO
,,,,,,,,,,,,,,,,,,,,,,,,,,,,,,,,,,,,,,,,,,,,,,,,,,,,,,,,,,,,,,,,,,,,,,,,,,,,,,,,,,,,,,,,,,,,,,,,,,,,,,,,,2025-04-24 12:57:28,No Signal,,,1.06,2.83,10.12,-0.02,-0.06,0.01,NO
,,,,,,,,,,,,,,,,,,,,,,,,,,,,,,,,,,,,,,,,,,,,,,,,,,,,,,,,,,,,,,,,,,,,,,,,,,,,,,,,,,,,,,,,,,,,,,,,,,,,,,,,,2025-04-24 12:57:28,No Signal,,,0.01,2.7,9.74,0.03,-0.1,0.01,DETECTED
,,,,,,,,,,,,,,,,,,,,,,,,,,,,,,,,,,,,,,,,,,,,,,,,,,,,,,,,,,,,,,,,,,,,,,,,,,,,,,,,,,,,,,,,,,,,,,,,,,,,,,,,,2025-04-24 12:57:30,No Signal,,,-0.44,1.94,9.46,0.08,0.18,-0.04,NO
,,,,,,,,,,,,,,,,,,,,,,,,,,,,,,,,,,,,,,,,,,,,,,,,,,,,,,,,,,,,,,,,,,,,,,,,,,,,,,,,,,,,,,,,,,,,,,,,,,,,,,,,,2025-04-24 12:57:30,No Signal,,,-0.23,1.37,9.66,0.14,0.15,-0.04,NO
,,,,,,,,,,,,,,,,,,,,,,,,,,,,,,,,,,,,,,,,,,,,,,,,,,,,,,,,,,,,,,,,,,,,,,,,,,,,,,,,,,,,,,,,,,,,,,,,,,,,,,,,,2025-04-24 12:57:30,No Signal,,,2.14,2.63,7.45,-0.07,-0.02,-0.02,DETECTED
,,,,,,,,,,,,,,,,,,,,,,,,,,,,,,,,,,,,,,,,,,,,,,,,,,,,,,,,,,,,,,,,,,,,,,,,,,,,,,,,,,,,,,,,,,,,,,,,,,,,,,,,,2025-04-24 12:57:33,No Signal,,,8.04,1.45,7.35,-0.25,0.31,0.15,DETECTED
,,,,,,,,,,,,,,,,,,,,,,,,,,,,,,,,,,,,,,,,,,,,,,,,,,,,,,,,,,,,,,,,,,,,,,,,,,,,,,,,,,,,,,,,,,,,,,,,,,,,,,,,,2025-04-24 12:57:33,No Signal,,,0.43,1.55,8.5,-0.02,0.05,-0.04,NO
,,,,,,,,,,,,,,,,,,,,,,,,,,,,,,,,,,,,,,,,,,,,,,,,,,,,,,,,,,,,,,,,,,,,,,,,,,,,,,,,,,,,,,,,,,,,,,,,,,,,,,,,,2025-04-24 12:57:33,No Signal,,,2.78,1.81,8.12,0.0,-0.14,0.03,DETECTED
,,,,,,,,,,,,,,,,,,,,,,,,,,,,,,,,,,,,,,,,,,,,,,,,,,,,,,,,,,,,,,,,,,,,,,,,,,,,,,,,,,,,,,,,,,,,,,,,,,,,,,,,,2025-04-24 12:57:35,No Signal,,,0.25,1.15,8.46,-0.03,0.06,0.02,NO
,,,,,,,,,,,,,,,,,,,,,,,,,,,,,,,,,,,,,,,,,,,,,,,,,,,,,,,,,,,,,,,,,,,,,,,,,,,,,,,,,,,,,,,,,,,,,,,,,,,,,,,,,2025-04-24 12:57:35,No Signal,,,0.4,-0.01,9.54,-0.04,-0.04,0.11,NO
,,,,,,,,,,,,,,,,,,,,,,,,,,,,,,,,,,,,,,,,,,,,,,,,,,,,,,,,,,,,,,,,,,,,,,,,,,,,,,,,,,,,,,,,,,,,,,,,,,,,,,,,,2025-04-24 12:57:35,No Signal,,,1.33,0.07,9.74,0.06,0.18,0.09,DETECTED
,,,,,,,,,,,,,,,,,,,,,,,,,,,,,,,,,,,,,,,,,,,,,,,,,,,,,,,,,,,,,,,,,,,,,,,,,,,,,,,,,,,,,,,,,,,,,,,,,,,,,,,,,2025-04-24 12:57:37,No Signal,,,5.75,0.85,6.25,-0.06,-0.06,0.06,DETECTED
,,,,,,,,,,,,,,,,,,,,,,,,,,,,,,,,,,,,,,,,,,,,,,,,,,,,,,,,,,,,,,,,,,,,,,,,,,,,,,,,,,,,,,,,,,,,,,,,,,,,,,,,,2025-04-24 12:57:37,No Signal,,,1.9,1.21,9.15,-0.11,0.09,0.03,DETECTED
,,,,,,,,,,,,,,,,,,,,,,,,,,,,,,,,,,,,,,,,,,,,,,,,,,,,,,,,,,,,,,,,,,,,,,,,,,,,,,,,,,,,,,,,,,,,,,,,,,,,,,,,,2025-04-24 12:57:37,No Signal,,,-2.02,0.91,10.09,0.08,-0.02,0.08,DETECTED
,,,,,,,,,,,,,,,,,,,,,,,,,,,,,,,,,,,,,,,,,,,,,,,,,,,,,,,,,,,,,,,,,,,,,,,,,,,,,,,,,,,,,,,,,,,,,,,,,,,,,,,,,2025-04-24 12:57:39,No Signal,,,2.52,0.39,8.66,0.07,-0.11,0.16,DETECTED
,,,,,,,,,,,,,,,,,,,,,,,,,,,,,,,,,,,,,,,,,,,,,,,,,,,,,,,,,,,,,,,,,,,,,,,,,,,,,,,,,,,,,,,,,,,,,,,,,,,,,,,,,2025-04-24 12:57:39,No Signal,,,2.02,2.41,8.12,0.16,0.17,0.13,DETECTED
,,,,,,,,,,,,,,,,,,,,,,,,,,,,,,,,,,,,,,,,,,,,,,,,,,,,,,,,,,,,,,,,,,,,,,,,,,,,,,,,,,,,,,,,,,,,,,,,,,,,,,,,,2025-04-24 12:57:39,No Signal,,,1.39,2.04,9.0,-0.03,0.04,0.14,NO
,,,,,,,,,,,,,,,,,,,,,,,,,,,,,,,,,,,,,,,,,,,,,,,,,,,,,,,,,,,,,,,,,,,,,,,,,,,,,,,,,,,,,,,,,,,,,,,,,,,,,,,,,2025-04-24 12:57:42,No Signal,,,0.62,2.7,9.0,-0.03,0.0,0.12,NO
,,,,,,,,,,,,,,,,,,,,,,,,,,,,,,,,,,,,,,,,,,,,,,,,,,,,,,,,,,,,,,,,,,,,,,,,,,,,,,,,,,,,,,,,,,,,,,,,,,,,,,,,,2025-04-24 12:57:42,No Signal,,,0.03,2.99,8.66,0.04,0.2,0.13,NO
,,,,,,,,,,,,,,,,,,,,,,,,,,,,,,,,,,,,,,,,,,,,,,,,,,,,,,,,,,,,,,,,,,,,,,,,,,,,,,,,,,,,,,,,,,,,,,,,,,,,,,,,,2025-04-24 12:57:42,No Signal,,,0.92,3.26,7.82,-0.05,0.22,0.23,NO
,,,,,,,,,,,,,,,,,,,,,,,,,,,,,,,,,,,,,,,,,,,,,,,,,,,,,,,,,,,,,,,,,,,,,,,,,,,,,,,,,,,,,,,,,,,,,,,,,,,,,,,,,2025-04-24 12:57:44,No Signal,,,-2.09,2.69,9.41,-0.07,0.01,0.4,DETECTED
,,,,,,,,,,,,,,,,,,,,,,,,,,,,,,,,,,,,,,,,,,,,,,,,,,,,,,,,,,,,,,,,,,,,,,,,,,,,,,,,,,,,,,,,,,,,,,,,,,,,,,,,,2025-04-24 12:57:44,No Signal,,,0.26,3.2,8.49,0.0,0.16,0.51,NO
,,,,,,,,,,,,,,,,,,,,,,,,,,,,,,,,,,,,,,,,,,,,,,,,,,,,,,,,,,,,,,,,,,,,,,,,,,,,,,,,,,,,,,,,,,,,,,,,,,,,,,,,,2025-04-24 12:57:44,No Signal,,,-0.93,3.49,8.22,0.01,0.02,0.49,NO
,,,,,,,,,,,,,,,,,,,,,,,,,,,,,,,,,,,,,,,,,,,,,,,,,,,,,,,,,,,,,,,,,,,,,,,,,,,,,,,,,,,,,,,,,,,,,,,,,,,,,,,,,2025-04-24 12:57:46,No Signal,,,0.1,3.59,8.41,-0.02,0.03,0.27,NO
,,,,,,,,,,,,,,,,,,,,,,,,,,,,,,,,,,,,,,,,,,,,,,,,,,,,,,,,,,,,,,,,,,,,,,,,,,,,,,,,,,,,,,,,,,,,,,,,,,,,,,,,,2025-04-24 12:57:46,No Signal,,,-0.3,1.12,9.37,-0.03,0.03,0.17,DETECTED
,,,,,,,,,,,,,,,,,,,,,,,,,,,,,,,,,,,,,,,,,,,,,,,,,,,,,,,,,,,,,,,,,,,,,,,,,,,,,,,,,,,,,,,,,,,,,,,,,,,,,,,,,2025-04-24 12:57:46,No Signal,,,1.17,1.26,9.47,-0.02,0.07,0.09,NO
,,,,,,,,,,,,,,,,,,,,,,,,,,,,,,,,,,,,,,,,,,,,,,,,,,,,,,,,,,,,,,,,,,,,,,,,,,,,,,,,,,,,,,,,,,,,,,,,,,,,,,,,,2025-04-24 12:57:48,No Signal,,,1.0,2.65,9.0,-0.02,-0.06,0.09,NO
,,,,,,,,,,,,,,,,,,,,,,,,,,,,,,,,,,,,,,,,,,,,,,,,,,,,,,,,,,,,,,,,,,,,,,,,,,,,,,,,,,,,,,,,,,,,,,,,,,,,,,,,,2025-04-24 12:57:49,No Signal,,,0.61,2.79,9.38,0.01,0.04,0.02,NO
,,,,,,,,,,,,,,,,,,,,,,,,,,,,,,,,,,,,,,,,,,,,,,,,,,,,,,,,,,,,,,,,,,,,,,,,,,,,,,,,,,,,,,,,,,,,,,,,,,,,,,,,,2025-04-24 12:57:49,No Signal,,,1.86,2.93,8.38,-0.02,-0.06,0.03,NO
,,,,,,,,,,,,,,,,,,,,,,,,,,,,,,,,,,,,,,,,,,,,,,,,,,,,,,,,,,,,,,,,,,,,,,,,,,,,,,,,,,,,,,,,,,,,,,,,,,,,,,,,,2025-04-24 12:57:51,No Signal,,,0.96,3.28,9.33,-0.01,-0.0,0.0,NO
,,,,,,,,,,,,,,,,,,,,,,,,,,,,,,,,,,,,,,,,,,,,,,,,,,,,,,,,,,,,,,,,,,,,,,,,,,,,,,,,,,,,,,,,,,,,,,,,,,,,,,,,,2025-04-24 12:57:51,No Signal,,,-0.19,3.24,10.12,-0.03,-0.07,-0.0,DETECTED
,,,,,,,,,,,,,,,,,,,,,,,,,,,,,,,,,,,,,,,,,,,,,,,,,,,,,,,,,,,,,,,,,,,,,,,,,,,,,,,,,,,,,,,,,,,,,,,,,,,,,,,,,2025-04-24 12:57:51,No Signal,,,2.69,3.89,7.68,0.01,0.16,-0.02,NO
,,,,,,,,,,,,,,,,,,,,,,,,,,,,,,,,,,,,,,,,,,,,,,,,,,,,,,,,,,,,,,,,,,,,,,,,,,,,,,,,,,,,,,,,,,,,,,,,,,,,,,,,,2025-04-24 12:57:53,No Signal,,,2.22,0.83,8.78,-0.09,0.1,0.01,NO
,,,,,,,,,,,,,,,,,,,,,,,,,,,,,,,,,,,,,,,,,,,,,,,,,,,,,,,,,,,,,,,,,,,,,,,,,,,,,,,,,,,,,,,,,,,,,,,,,,,,,,,,,2025-04-24 12:57:53,No Signal,,,0.45,0.97,9.57,-0.06,-0.04,0.01,DETECTED
,,,,,,,,,,,,,,,,,,,,,,,,,,,,,,,,,,,,,,,,,,,,,,,,,,,,,,,,,,,,,,,,,,,,,,,,,,,,,,,,,,,,,,,,,,,,,,,,,,,,,,,,,2025-04-24 12:57:53,No Signal,,,1.31,1.5,8.5,-0.08,0.05,0.01,NO
,,,,,,,,,,,,,,,,,,,,,,,,,,,,,,,,,,,,,,,,,,,,,,,,,,,,,,,,,,,,,,,,,,,,,,,,,,,,,,,,,,,,,,,,,,,,,,,,,,,,,,,,,2025-04-24 12:57:55,No Signal,,,1.29,2.44,8.89,-0.01,0.01,0.0,DETECTED
,,,,,,,,,,,,,,,,,,,,,,,,,,,,,,,,,,,,,,,,,,,,,,,,,,,,,,,,,,,,,,,,,,,,,,,,,,,,,,,,,,,,,,,,,,,,,,,,,,,,,,,,,2025-04-24 12:57:55,No Signal,,,1.46,2.79,9.04,-0.04,-0.03,0.01,NO
,,,,,,,,,,,,,,,,,,,,,,,,,,,,,,,,,,,,,,,,,,,,,,,,,,,,,,,,,,,,,,,,,,,,,,,,,,,,,,,,,,,,,,,,,,,,,,,,,,,,,,,,,2025-04-24 12:57:55,No Signal,,,1.55,2.75,8.17,-0.04,0.06,0.0,NO
,,,,,,,,,,,,,,,,,,,,,,,,,,,,,,,,,,,,,,,,,,,,,,,,,,,,,,,,,,,,,,,,,,,,,,,,,,,,,,,,,,,,,,,,,,,,,,,,,,,,,,,,,2025-04-24 12:57:58,No Signal,,,0.38,3.27,8.65,0.0,0.06,-0.01,NO
,,,,,,,,,,,,,,,,,,,,,,,,,,,,,,,,,,,,,,,,,,,,,,,,,,,,,,,,,,,,,,,,,,,,,,,,,,,,,,,,,,,,,,,,,,,,,,,,,,,,,,,,,2025-04-24 12:57:58,No Signal,,,4.06,2.87,6.52,-0.03,-0.16,0.02,DETECTED
,,,,,,,,,,,,,,,,,,,,,,,,,,,,,,,,,,,,,,,,,,,,,,,,,,,,,,,,,,,,,,,,,,,,,,,,,,,,,,,,,,,,,,,,,,,,,,,,,,,,,,,,,2025-04-24 12:57:58,No Signal,,,0.04,2.76,8.37,-0.05,0.07,-0.01,DETECTED
,,,,,,,,,,,,,,,,,,,,,,,,,,,,,,,,,,,,,,,,,,,,,,,,,,,,,,,,,,,,,,,,,,,,,,,,,,,,,,,,,,,,,,,,,,,,,,,,,,,,,,,,,2025-04-24 12:58:00,No Signal,,,2.86,3.51,7.86,0.02,-0.04,-0.01,DETECTED
,,,,,,,,,,,,,,,,,,,,,,,,,,,,,,,,,,,,,,,,,,,,,,,,,,,,,,,,,,,,,,,,,,,,,,,,,,,,,,,,,,,,,,,,,,,,,,,,,,,,,,,,,2025-04-24 12:58:00,No Signal,,,0.71,1.85,9.17,-0.09,-0.03,0.01,NO
,,,,,,,,,,,,,,,,,,,,,,,,,,,,,,,,,,,,,,,,,,,,,,,,,,,,,,,,,,,,,,,,,,,,,,,,,,,,,,,,,,,,,,,,,,,,,,,,,,,,,,,,,2025-04-24 12:58:00,No Signal,,,1.61,1.41,9.7,-0.06,0.02,-0.0,NO
,,,,,,,,,,,,,,,,,,,,,,,,,,,,,,,,,,,,,,,,,,,,,,,,,,,,,,,,,,,,,,,,,,,,,,,,,,,,,,,,,,,,,,,,,,,,,,,,,,,,,,,,,2025-04-24 12:58:02,No Signal,,,1.88,1.53,9.23,0.02,0.05,-0.01,NO
,,,,,,,,,,,,,,,,,,,,,,,,,,,,,,,,,,,,,,,,,,,,,,,,,,,,,,,,,,,,,,,,,,,,,,,,,,,,,,,,,,,,,,,,,,,,,,,,,,,,,,,,,2025-04-24 12:58:02,No Signal,,,0.11,1.89,8.18,-0.04,0.19,-0.01,DETECTED
,,,,,,,,,,,,,,,,,,,,,,,,,,,,,,,,,,,,,,,,,,,,,,,,,,,,,,,,,,,,,,,,,,,,,,,,,,,,,,,,,,,,,,,,,,,,,,,,,,,,,,,,,2025-04-24 12:58:02,No Signal,,,0.95,2.24,9.31,-0.05,0.12,0.0,NO
,,,,,,,,,,,,,,,,,,,,,,,,,,,,,,,,,,,,,,,,,,,,,,,,,,,,,,,,,,,,,,,,,,,,,,,,,,,,,,,,,,,,,,,,,,,,,,,,,,,,,,,,,2025-04-24 12:58:04,No Signal,,,1.97,2.05,6.53,-0.04,0.05,-0.01,NO
,,,,,,,,,,,,,,,,,,,,,,,,,,,,,,,,,,,,,,,,,,,,,,,,,,,,,,,,,,,,,,,,,,,,,,,,,,,,,,,,,,,,,,,,,,,,,,,,,,,,,,,,,2025-04-24 12:58:05,No Signal,,,0.28,2.33,8.02,-0.09,0.03,0.02,NO
,,,,,,,,,,,,,,,,,,,,,,,,,,,,,,,,,,,,,,,,,,,,,,,,,,,,,,,,,,,,,,,,,,,,,,,,,,,,,,,,,,,,,,,,,,,,,,,,,,,,,,,,,2025-04-24 12:58:05,No Signal,,,0.02,2.12,9.89,-0.01,0.07,-0.02,DETECTED
,,,,,,,,,,,,,,,,,,,,,,,,,,,,,,,,,,,,,,,,,,,,,,,,,,,,,,,,,,,,,,,,,,,,,,,,,,,,,,,,,,,,,,,,,,,,,,,,,,,,,,,,,2025-04-24 12:58:07,No Signal,,,0.3,2.4,9.32,-0.06,0.01,0.01,DETECTED
,,,,,,,,,,,,,,,,,,,,,,,,,,,,,,,,,,,,,,,,,,,,,,,,,,,,,,,,,,,,,,,,,,,,,,,,,,,,,,,,,,,,,,,,,,,,,,,,,,,,,,,,,2025-04-24 12:58:07,No Signal,,,1.38,2.45,9.09,-0.02,0.1,-0.02,DETECTED
,,,,,,,,,,,,,,,,,,,,,,,,,,,,,,,,,,,,,,,,,,,,,,,,,,,,,,,,,,,,,,,,,,,,,,,,,,,,,,,,,,,,,,,,,,,,,,,,,,,,,,,,,2025-04-24 12:58:07,No Signal,,,1.45,2.13,9.62,-0.03,0.09,-0.02,NO
,,,,,,,,,,,,,,,,,,,,,,,,,,,,,,,,,,,,,,,,,,,,,,,,,,,,,,,,,,,,,,,,,,,,,,,,,,,,,,,,,,,,,,,,,,,,,,,,,,,,,,,,,2025-04-24 12:58:09,No Signal,,,0.67,2.63,8.6,-0.01,-0.05,0.02,NO
,,,,,,,,,,,,,,,,,,,,,,,,,,,,,,,,,,,,,,,,,,,,,,,,,,,,,,,,,,,,,,,,,,,,,,,,,,,,,,,,,,,,,,,,,,,,,,,,,,,,,,,,,2025-04-24 12:58:09,No Signal,,,0.6,1.76,10.02,0.03,0.15,-0.01,NO
,,,,,,,,,,,,,,,,,,,,,,,,,,,,,,,,,,,,,,,,,,,,,,,,,,,,,,,,,,,,,,,,,,,,,,,,,,,,,,,,,,,,,,,,,,,,,,,,,,,,,,,,,2025-04-24 12:58:09,No Signal,,,-0.81,0.96,8.47,-0.06,0.14,-0.02,DETECTED
,,,,,,,,,,,,,,,,,,,,,,,,,,,,,,,,,,,,,,,,,,,,,,,,,,,,,,,,,,,,,,,,,,,,,,,,,,,,,,,,,,,,,,,,,,,,,,,,,,,,,,,,,2025-04-24 12:58:11,No Signal,,,2.32,2.15,8.64,0.01,0.11,-0.01,DETECTED
,,,,,,,,,,,,,,,,,,,,,,,,,,,,,,,,,,,,,,,,,,,,,,,,,,,,,,,,,,,,,,,,,,,,,,,,,,,,,,,,,,,,,,,,,,,,,,,,,,,,,,,,,2025-04-24 12:58:11,No Signal,,,0.37,1.56,10.41,-0.03,-0.02,0.01,NO
,,,,,,,,,,,,,,,,,,,,,,,,,,,,,,,,,,,,,,,,,,,,,,,,,,,,,,,,,,,,,,,,,,,,,,,,,,,,,,,,,,,,,,,,,,,,,,,,,,,,,,,,,2025-04-24 12:58:11,No Signal,,,1.21,2.17,8.79,-0.06,0.03,0.01,NO
,,,,,,,,,,,,,,,,,,,,,,,,,,,,,,,,,,,,,,,,,,,,,,,,,,,,,,,,,,,,,,,,,,,,,,,,,,,,,,,,,,,,,,,,,,,,,,,,,,,,,,,,,2025-04-24 12:58:14,No Signal,,,-0.01,2.22,10.13,0.01,0.03,-0.02,NO
,,,,,,,,,,,,,,,,,,,,,,,,,,,,,,,,,,,,,,,,,,,,,,,,,,,,,,,,,,,,,,,,,,,,,,,,,,,,,,,,,,,,,,,,,,,,,,,,,,,,,,,,,2025-04-24 12:58:14,No Signal,,,1.65,1.76,9.23,0.04,0.23,-0.04,DETECTED
,,,,,,,,,,,,,,,,,,,,,,,,,,,,,,,,,,,,,,,,,,,,,,,,,,,,,,,,,,,,,,,,,,,,,,,,,,,,,,,,,,,,,,,,,,,,,,,,,,,,,,,,,2025-04-24 12:58:14,No Signal,,,1.73,1.43,6.93,-0.08,-0.03,-0.0,NO
,,,,,,,,,,,,,,,,,,,,,,,,,,,,,,,,,,,,,,,,,,,,,,,,,,,,,,,,,,,,,,,,,,,,,,,,,,,,,,,,,,,,,,,,,,,,,,,,,,,,,,,,,2025-04-24 12:58:16,No Signal,,,1.87,3.85,11.65,0.02,-0.23,0.02,DETECTED
,,,,,,,,,,,,,,,,,,,,,,,,,,,,,,,,,,,,,,,,,,,,,,,,,,,,,,,,,,,,,,,,,,,,,,,,,,,,,,,,,,,,,,,,,,,,,,,,,,,,,,,,,2025-04-24 12:58:16,No Signal,,,1.46,2.33,8.39,0.0,-0.06,0.0,NO
,,,,,,,,,,,,,,,,,,,,,,,,,,,,,,,,,,,,,,,,,,,,,,,,,,,,,,,,,,,,,,,,,,,,,,,,,,,,,,,,,,,,,,,,,,,,,,,,,,,,,,,,,2025-04-24 12:58:16,No Signal,,,1.7,2.4,9.17,-0.07,-0.04,0.02,NO
,,,,,,,,,,,,,,,,,,,,,,,,,,,,,,,,,,,,,,,,,,,,,,,,,,,,,,,,,,,,,,,,,,,,,,,,,,,,,,,,,,,,,,,,,,,,,,,,,,,,,,,,,2025-04-24 12:58:18,No Signal,,,2.93,1.56,8.24,-0.01,-0.0,0.02,NO
,,,,,,,,,,,,,,,,,,,,,,,,,,,,,,,,,,,,,,,,,,,,,,,,,,,,,,,,,,,,,,,,,,,,,,,,,,,,,,,,,,,,,,,,,,,,,,,,,,,,,,,,,2025-04-24 12:58:18,No Signal,,,1.86,1.14,8.51,-0.05,0.21,-0.02,DETECTED
,,,,,,,,,,,,,,,,,,,,,,,,,,,,,,,,,,,,,,,,,,,,,,,,,,,,,,,,,,,,,,,,,,,,,,,,,,,,,,,,,,,,,,,,,,,,,,,,,,,,,,,,,2025-04-24 12:58:18,No Signal,,,2.13,2.12,9.37,-0.01,0.02,0.0,DETECTED
,,,,,,,,,,,,,,,,,,,,,,,,,,,,,,,,,,,,,,,,,,,,,,,,,,,,,,,,,,,,,,,,,,,,,,,,,,,,,,,,,,,,,,,,,,,,,,,,,,,,,,,,,2025-04-24 12:58:20,No Signal,,,4.79,2.63,7.11,0.09,-0.0,-0.0,DETECTED
,,,,,,,,,,,,,,,,,,,,,,,,,,,,,,,,,,,,,,,,,,,,,,,,,,,,,,,,,,,,,,,,,,,,,,,,,,,,,,,,,,,,,,,,,,,,,,,,,,,,,,,,,2025-04-24 12:58:20,No Signal,,,1.14,2.53,8.34,-0.03,0.15,-0.01,NO
,,,,,,,,,,,,,,,,,,,,,,,,,,,,,,,,,,,,,,,,,,,,,,,,,,,,,,,,,,,,,,,,,,,,,,,,,,,,,,,,,,,,,,,,,,,,,,,,,,,,,,,,,2025-04-24 12:58:20,No Signal,,,1.05,2.06,8.36,0.05,0.18,-0.02,DETECTED
,,,,,,,,,,,,,,,,,,,,,,,,,,,,,,,,,,,,,,,,,,,,,,,,,,,,,,,,,,,,,,,,,,,,,,,,,,,,,,,,,,,,,,,,,,,,,,,,,,,,,,,,,2025-04-24 12:58:23,No Signal,,,0.8,1.74,8.1,-0.11,-0.07,0.05,NO
,,,,,,,,,,,,,,,,,,,,,,,,,,,,,,,,,,,,,,,,,,,,,,,,,,,,,,,,,,,,,,,,,,,,,,,,,,,,,,,,,,,,,,,,,,,,,,,,,,,,,,,,,2025-04-24 12:58:23,No Signal,,,-0.77,1.7,9.93,-0.02,-0.19,0.1,NO
,,,,,,,,,,,,,,,,,,,,,,,,,,,,,,,,,,,,,,,,,,,,,,,,,,,,,,,,,,,,,,,,,,,,,,,,,,,,,,,,,,,,,,,,,,,,,,,,,,,,,,,,,2025-04-24 12:58:23,No Signal,,,1.01,1.74,8.47,-0.03,-0.01,0.11,NO
,,,,,,,,,,,,,,,,,,,,,,,,,,,,,,,,,,,,,,,,,,,,,,,,,,,,,,,,,,,,,,,,,,,,,,,,,,,,,,,,,,,,,,,,,,,,,,,,,,,,,,,,,2025-04-24 12:58:25,No Signal,,,0.09,2.23,8.54,0.02,0.08,0.11,DETECTED
,,,,,,,,,,,,,,,,,,,,,,,,,,,,,,,,,,,,,,,,,,,,,,,,,,,,,,,,,,,,,,,,,,,,,,,,,,,,,,,,,,,,,,,,,,,,,,,,,,,,,,,,,2025-04-24 12:58:25,No Signal,,,-1.83,1.05,11.43,0.02,-0.17,0.12,DETECTED
,,,,,,,,,,,,,,,,,,,,,,,,,,,,,,,,,,,,,,,,,,,,,,,,,,,,,,,,,,,,,,,,,,,,,,,,,,,,,,,,,,,,,,,,,,,,,,,,,,,,,,,,,2025-04-24 12:58:25,No Signal,,,0.78,2.11,8.95,-0.03,-0.18,0.08,DETECTED
,,,,,,,,,,,,,,,,,,,,,,,,,,,,,,,,,,,,,,,,,,,,,,,,,,,,,,,,,,,,,,,,,,,,,,,,,,,,,,,,,,,,,,,,,,,,,,,,,,,,,,,,,2025-04-24 12:58:27,No Signal,,,0.58,1.53,9.29,-0.04,0.07,0.05,NO
,,,,,,,,,,,,,,,,,,,,,,,,,,,,,,,,,,,,,,,,,,,,,,,,,,,,,,,,,,,,,,,,,,,,,,,,,,,,,,,,,,,,,,,,,,,,,,,,,,,,,,,,,2025-04-24 12:58:27,No Signal,,,0.92,2.42,9.31,-0.02,0.01,0.05,NO
,,,,,,,,,,,,,,,,,,,,,,,,,,,,,,,,,,,,,,,,,,,,,,,,,,,,,,,,,,,,,,,,,,,,,,,,,,,,,,,,,,,,,,,,,,,,,,,,,,,,,,,,,2025-04-24 12:58:27,No Signal,,,2.33,2.31,7.55,-0.07,-0.04,0.02,NO
,,,,,,,,,,,,,,,,,,,,,,,,,,,,,,,,,,,,,,,,,,,,,,,,,,,,,,,,,,,,,,,,,,,,,,,,,,,,,,,,,,,,,,,,,,,,,,,,,,,,,,,,,2025-04-24 12:58:30,No Signal,,,-0.73,1.74,9.24,-0.05,0.15,0.01,DETECTED
,,,,,,,,,,,,,,,,,,,,,,,,,,,,,,,,,,,,,,,,,,,,,,,,,,,,,,,,,,,,,,,,,,,,,,,,,,,,,,,,,,,,,,,,,,,,,,,,,,,,,,,,,2025-04-24 12:58:30,No Signal,,,-0.5,1.15,9.28,-0.03,0.02,0.0,DETECTED
,,,,,,,,,,,,,,,,,,,,,,,,,,,,,,,,,,,,,,,,,,,,,,,,,,,,,,,,,,,,,,,,,,,,,,,,,,,,,,,,,,,,,,,,,,,,,,,,,,,,,,,,,2025-04-24 12:58:30,No Signal,,,1.27,1.39,7.46,-0.06,-0.07,0.02,DETECTED
,,,,,,,,,,,,,,,,,,,,,,,,,,,,,,,,,,,,,,,,,,,,,,,,,,,,,,,,,,,,,,,,,,,,,,,,,,,,,,,,,,,,,,,,,,,,,,,,,,,,,,,,,2025-04-24 12:58:32,No Signal,,,3.09,2.42,7.88,-0.09,0.05,0.02,NO
,,,,,,,,,,,,,,,,,,,,,,,,,,,,,,,,,,,,,,,,,,,,,,,,,,,,,,,,,,,,,,,,,,,,,,,,,,,,,,,,,,,,,,,,,,,,,,,,,,,,,,,,,2025-04-24 12:58:32,No Signal,,,4.14,1.97,7.92,-0.02,0.02,0.01,NO
,,,,,,,,,,,,,,,,,,,,,,,,,,,,,,,,,,,,,,,,,,,,,,,,,,,,,,,,,,,,,,,,,,,,,,,,,,,,,,,,,,,,,,,,,,,,,,,,,,,,,,,,,2025-04-24 12:58:32,No Signal,,,1.99,0.9,7.06,-0.07,-0.07,0.03,NO
,,,,,,,,,,,,,,,,,,,,,,,,,,,,,,,,,,,,,,,,,,,,,,,,,,,,,,,,,,,,,,,,,,,,,,,,,,,,,,,,,,,,,,,,,,,,,,,,,,,,,,,,,2025-04-24 12:58:34,No Signal,,,2.3,1.92,9.0,-0.0,0.11,-0.0,DETECTED
,,,,,,,,,,,,,,,,,,,,,,,,,,,,,,,,,,,,,,,,,,,,,,,,,,,,,,,,,,,,,,,,,,,,,,,,,,,,,,,,,,,,,,,,,,,,,,,,,,,,,,,,,2025-04-24 12:58:34,No Signal,,,-1.34,1.64,10.26,-0.03,0.07,0.0,DETECTED
,,,,,,,,,,,,,,,,,,,,,,,,,,,,,,,,,,,,,,,,,,,,,,,,,,,,,,,,,,,,,,,,,,,,,,,,,,,,,,,,,,,,,,,,,,,,,,,,,,,,,,,,,2025-04-24 12:58:34,No Signal,,,1.92,1.37,7.69,-0.11,-0.07,0.04,NO
,,,,,,,,,,,,,,,,,,,,,,,,,,,,,,,,,,,,,,,,,,,,,,,,,,,,,,,,,,,,,,,,,,,,,,,,,,,,,,,,,,,,,,,,,,,,,,,,,,,,,,,,,2025-04-24 12:58:37,No Signal,,,5.18,1.76,8.83,-0.06,-0.03,0.04,NO
,,,,,,,,,,,,,,,,,,,,,,,,,,,,,,,,,,,,,,,,,,,,,,,,,,,,,,,,,,,,,,,,,,,,,,,,,,,,,,,,,,,,,,,,,,,,,,,,,,,,,,,,,2025-04-24 12:58:37,No Signal,,,3.72,2.27,9.25,0.02,-0.13,-0.0,DETECTED
,,,,,,,,,,,,,,,,,,,,,,,,,,,,,,,,,,,,,,,,,,,,,,,,,,,,,,,,,,,,,,,,,,,,,,,,,,,,,,,,,,,,,,,,,,,,,,,,,,,,,,,,,2025-04-24 12:58:37,No Signal,,,2.94,0.5,10.65,0.01,-0.09,0.0,NO
,,,,,,,,,,,,,,,,,,,,,,,,,,,,,,,,,,,,,,,,,,,,,,,,,,,,,,,,,,,,,,,,,,,,,,,,,,,,,,,,,,,,,,,,,,,,,,,,,,,,,,,,,2025-04-24 12:58:39,No Signal,,,0.46,-0.35,7.99,-0.1,-0.1,0.01,DETECTED
,,,,,,,,,,,,,,,,,,,,,,,,,,,,,,,,,,,,,,,,,,,,,,,,,,,,,,,,,,,,,,,,,,,,,,,,,,,,,,,,,,,,,,,,,,,,,,,,,,,,,,,,,2025-04-24 12:58:39,No Signal,,,2.23,-0.09,10.69,-0.03,0.06,-0.02,NO
,,,,,,,,,,,,,,,,,,,,,,,,,,,,,,,,,,,,,,,,,,,,,,,,,,,,,,,,,,,,,,,,,,,,,,,,,,,,,,,,,,,,,,,,,,,,,,,,,,,,,,,,,2025-04-24 12:58:39,No Signal,,,2.32,-0.4,10.02,-0.01,-0.03,0.01,NO
,,,,,,,,,,,,,,,,,,,,,,,,,,,,,,,,,,,,,,,,,,,,,,,,,,,,,,,,,,,,,,,,,,,,,,,,,,,,,,,,,,,,,,,,,,,,,,,,,,,,,,,,,2025-04-24 12:58:41,No Signal,,,5.75,0.88,7.73,0.07,0.24,-0.05,DETECTED
,,,,,,,,,,,,,,,,,,,,,,,,,,,,,,,,,,,,,,,,,,,,,,,,,,,,,,,,,,,,,,,,,,,,,,,,,,,,,,,,,,,,,,,,,,,,,,,,,,,,,,,,,2025-04-24 12:58:41,No Signal,,,1.2,-0.05,10.23,-0.0,0.01,-0.02,NO
,,,,,,,,,,,,,,,,,,,,,,,,,,,,,,,,,,,,,,,,,,,,,,,,,,,,,,,,,,,,,,,,,,,,,,,,,,,,,,,,,,,,,,,,,,,,,,,,,,,,,,,,,2025-04-24 12:58:41,No Signal,,,1.15,0.24,7.37,-0.06,0.12,-0.01,NO
,,,,,,,,,,,,,,,,,,,,,,,,,,,,,,,,,,,,,,,,,,,,,,,,,,,,,,,,,,,,,,,,,,,,,,,,,,,,,,,,,,,,,,,,,,,,,,,,,,,,,,,,,2025-04-24 12:58:43,No Signal,,,-0.28,0.01,8.41,-0.05,-0.08,-0.03,DETECTED
,,,,,,,,,,,,,,,,,,,,,,,,,,,,,,,,,,,,,,,,,,,,,,,,,,,,,,,,,,,,,,,,,,,,,,,,,,,,,,,,,,,,,,,,,,,,,,,,,,,,,,,,,2025-04-24 12:58:43,No Signal,,,1.15,0.01,10.46,0.03,0.01,-0.05,NO
,,,,,,,,,,,,,,,,,,,,,,,,,,,,,,,,,,,,,,,,,,,,,,,,,,,,,,,,,,,,,,,,,,,,,,,,,,,,,,,,,,,,,,,,,,,,,,,,,,,,,,,,,2025-04-24 12:58:43,No Signal,,,-1.01,1.59,12.5,0.02,0.04,-0.1,DETECTED
,,,,,,,,,,,,,,,,,,,,,,,,,,,,,,,,,,,,,,,,,,,,,,,,,,,,,,,,,,,,,,,,,,,,,,,,,,,,,,,,,,,,,,,,,,,,,,,,,,,,,,,,,2025-04-24 12:58:46,No Signal,,,5.17,1.49,7.76,0.02,-0.03,-0.06,DETECTED
,,,,,,,,,,,,,,,,,,,,,,,,,,,,,,,,,,,,,,,,,,,,,,,,,,,,,,,,,,,,,,,,,,,,,,,,,,,,,,,,,,,,,,,,,,,,,,,,,,,,,,,,,2025-04-24 12:58:46,No Signal,,,1.34,0.63,9.68,-0.04,-0.02,-0.06,NO
,,,,,,,,,,,,,,,,,,,,,,,,,,,,,,,,,,,,,,,,,,,,,,,,,,,,,,,,,,,,,,,,,,,,,,,,,,,,,,,,,,,,,,,,,,,,,,,,,,,,,,,,,2025-04-24 12:58:46,No Signal,,,4.1,-0.21,8.39,-0.05,-0.02,-0.07,DETECTED
,,,,,,,,,,,,,,,,,,,,,,,,,,,,,,,,,,,,,,,,,,,,,,,,,,,,,,,,,,,,,,,,,,,,,,,,,,,,,,,,,,,,,,,,,,,,,,,,,,,,,,,,,2025-04-24 12:58:48,No Signal,,,0.42,-0.74,10.98,-0.11,0.12,-0.1,DETECTED
,,,,,,,,,,,,,,,,,,,,,,,,,,,,,,,,,,,,,,,,,,,,,,,,,,,,,,,,,,,,,,,,,,,,,,,,,,,,,,,,,,,,,,,,,,,,,,,,,,,,,,,,,2025-04-24 12:58:48,No Signal,,,3.77,0.04,8.62,-0.04,0.0,-0.07,DETECTED
,,,,,,,,,,,,,,,,,,,,,,,,,,,,,,,,,,,,,,,,,,,,,,,,,,,,,,,,,,,,,,,,,,,,,,,,,,,,,,,,,,,,,,,,,,,,,,,,,,,,,,,,,2025-04-24 12:58:48,No Signal,,,1.32,-0.35,9.6,-0.03,-0.02,-0.05,NO
,,,,,,,,,,,,,,,,,,,,,,,,,,,,,,,,,,,,,,,,,,,,,,,,,,,,,,,,,,,,,,,,,,,,,,,,,,,,,,,,,,,,,,,,,,,,,,,,,,,,,,,,,2025-04-24 12:58:50,No Signal,,,1.84,-0.71,8.2,-0.03,-0.08,-0.03,NO
,,,,,,,,,,,,,,,,,,,,,,,,,,,,,,,,,,,,,,,,,,,,,,,,,,,,,,,,,,,,,,,,,,,,,,,,,,,,,,,,,,,,,,,,,,,,,,,,,,,,,,,,,2025-04-24 12:58:50,No Signal,,,1.4,-1.3,9.05,-0.05,0.13,-0.04,NO
,,,,,,,,,,,,,,,,,,,,,,,,,,,,,,,,,,,,,,,,,,,,,,,,,,,,,,,,,,,,,,,,,,,,,,,,,,,,,,,,,,,,,,,,,,,,,,,,,,,,,,,,,2025-04-24 12:58:50,No Signal,,,0.5,-1.29,11.16,-0.07,-0.15,0.0,NO
,,,,,,,,,,,,,,,,,,,,,,,,,,,,,,,,,,,,,,,,,,,,,,,,,,,,,,,,,,,,,,,,,,,,,,,,,,,,,,,,,,,,,,,,,,,,,,,,,,,,,,,,,2025-04-24 12:58:53,No Signal,,,1.71,-0.69,9.29,-0.03,0.05,-0.03,NO
,,,,,,,,,,,,,,,,,,,,,,,,,,,,,,,,,,,,,,,,,,,,,,,,,,,,,,,,,,,,,,,,,,,,,,,,,,,,,,,,,,,,,,,,,,,,,,,,,,,,,,,,,2025-04-24 12:58:53,No Signal,,,3.48,-0.91,8.14,0.01,0.08,-0.02,DETECTED
,,,,,,,,,,,,,,,,,,,,,,,,,,,,,,,,,,,,,,,,,,,,,,,,,,,,,,,,,,,,,,,,,,,,,,,,,,,,,,,,,,,,,,,,,,,,,,,,,,,,,,,,,2025-04-24 12:58:53,No Signal,,,1.03,-1.08,9.91,0.0,0.03,-0.0,DETECTED
,,,,,,,,,,,,,,,,,,,,,,,,,,,,,,,,,,,,,,,,,,,,,,,,,,,,,,,,,,,,,,,,,,,,,,,,,,,,,,,,,,,,,,,,,,,,,,,,,,,,,,,,,2025-04-24 12:58:55,No Signal,,,3.22,-1.41,8.2,0.02,0.0,-0.01,NO
,,,,,,,,,,,,,,,,,,,,,,,,,,,,,,,,,,,,,,,,,,,,,,,,,,,,,,,,,,,,,,,,,,,,,,,,,,,,,,,,,,,,,,,,,,,,,,,,,,,,,,,,,2025-04-24 12:58:55,No Signal,,,1.87,-1.53,9.04,0.05,0.02,-0.01,DETECTED
,,,,,,,,,,,,,,,,,,,,,,,,,,,,,,,,,,,,,,,,,,,,,,,,,,,,,,,,,,,,,,,,,,,,,,,,,,,,,,,,,,,,,,,,,,,,,,,,,,,,,,,,,2025-04-24 12:58:55,No Signal,,,1.67,-0.61,9.25,-0.03,0.03,0.0,NO
,,,,,,,,,,,,,,,,,,,,,,,,,,,,,,,,,,,,,,,,,,,,,,,,,,,,,,,,,,,,,,,,,,,,,,,,,,,,,,,,,,,,,,,,,,,,,,,,,,,,,,,,,2025-04-24 12:58:57,No Signal,,,0.96,1.03,9.02,-0.01,0.06,0.01,NO
,,,,,,,,,,,,,,,,,,,,,,,,,,,,,,,,,,,,,,,,,,,,,,,,,,,,,,,,,,,,,,,,,,,,,,,,,,,,,,,,,,,,,,,,,,,,,,,,,,,,,,,,,2025-04-24 12:58:57,No Signal,,,0.58,0.81,9.41,-0.06,0.01,0.03,DETECTED
,,,,,,,,,,,,,,,,,,,,,,,,,,,,,,,,,,,,,,,,,,,,,,,,,,,,,,,,,,,,,,,,,,,,,,,,,,,,,,,,,,,,,,,,,,,,,,,,,,,,,,,,,2025-04-24 12:58:57,No Signal,,,1.64,1.47,8.67,-0.01,0.03,0.03,NO
,,,,,,,,,,,,,,,,,,,,,,,,,,,,,,,,,,,,,,,,,,,,,,,,,,,,,,,,,,,,,,,,,,,,,,,,,,,,,,,,,,,,,,,,,,,,,,,,,,,,,,,,,2025-04-24 12:59:00,No Signal,,,0.86,1.06,9.53,-0.02,0.02,0.02,DETECTED
,,,,,,,,,,,,,,,,,,,,,,,,,,,,,,,,,,,,,,,,,,,,,,,,,,,,,,,,,,,,,,,,,,,,,,,,,,,,,,,,,,,,,,,,,,,,,,,,,,,,,,,,,2025-04-24 12:59:00,No Signal,,,0.57,1.75,9.33,-0.1,0.0,0.01,NO
,,,,,,,,,,,,,,,,,,,,,,,,,,,,,,,,,,,,,,,,,,,,,,,,,,,,,,,,,,,,,,,,,,,,,,,,,,,,,,,,,,,,,,,,,,,,,,,,,,,,,,,,,2025-04-24 12:59:00,No Signal,,,3.42,2.45,7.53,-0.05,-0.01,0.01,DETECTED
,,,,,,,,,,,,,,,,,,,,,,,,,,,,,,,,,,,,,,,,,,,,,,,,,,,,,,,,,,,,,,,,,,,,,,,,,,,,,,,,,,,,,,,,,,,,,,,,,,,,,,,,,2025-04-24 12:59:02,No Signal,,,2.26,2.31,8.65,0.0,0.05,-0.03,NO
,,,,,,,,,,,,,,,,,,,,,,,,,,,,,,,,,,,,,,,,,,,,,,,,,,,,,,,,,,,,,,,,,,,,,,,,,,,,,,,,,,,,,,,,,,,,,,,,,,,,,,,,,2025-04-24 12:59:02,No Signal,,,2.12,2.76,8.58,-0.07,0.03,-0.06,NO
,,,,,,,,,,,,,,,,,,,,,,,,,,,,,,,,,,,,,,,,,,,,,,,,,,,,,,,,,,,,,,,,,,,,,,,,,,,,,,,,,,,,,,,,,,,,,,,,,,,,,,,,,2025-04-24 12:59:02,No Signal,,,2.96,2.34,8.41,-0.06,0.0,-0.11,DETECTED
,,,,,,,,,,,,,,,,,,,,,,,,,,,,,,,,,,,,,,,,,,,,,,,,,,,,,,,,,,,,,,,,,,,,,,,,,,,,,,,,,,,,,,,,,,,,,,,,,,,,,,,,,2025-04-24 12:59:04,No Signal,,,2.85,2.86,8.27,-0.02,0.05,-0.17,NO
,,,,,,,,,,,,,,,,,,,,,,,,,,,,,,,,,,,,,,,,,,,,,,,,,,,,,,,,,,,,,,,,,,,,,,,,,,,,,,,,,,,,,,,,,,,,,,,,,,,,,,,,,2025-04-24 12:59:04,No Signal,,,1.38,2.3,9.53,-0.04,0.11,-0.19,DETECTED
,,,,,,,,,,,,,,,,,,,,,,,,,,,,,,,,,,,,,,,,,,,,,,,,,,,,,,,,,,,,,,,,,,,,,,,,,,,,,,,,,,,,,,,,,,,,,,,,,,,,,,,,,2025-04-24 12:59:04,No Signal,,,2.89,3.53,9.4,0.03,-0.07,-0.2,DETECTED
,,,,,,,,,,,,,,,,,,,,,,,,,,,,,,,,,,,,,,,,,,,,,,,,,,,,,,,,,,,,,,,,,,,,,,,,,,,,,,,,,,,,,,,,,,,,,,,,,,,,,,,,,2025-04-24 12:59:06,No Signal,,,1.98,1.56,9.19,-0.08,0.05,-0.21,DETECTED
,,,,,,,,,,,,,,,,,,,,,,,,,,,,,,,,,,,,,,,,,,,,,,,,,,,,,,,,,,,,,,,,,,,,,,,,,,,,,,,,,,,,,,,,,,,,,,,,,,,,,,,,,2025-04-24 12:59:06,No Signal,,,3.53,1.69,8.58,-0.04,-0.0,-0.17,NO
,,,,,,,,,,,,,,,,,,,,,,,,,,,,,,,,,,,,,,,,,,,,,,,,,,,,,,,,,,,,,,,,,,,,,,,,,,,,,,,,,,,,,,,,,,,,,,,,,,,,,,,,,2025-04-24 12:59:06,No Signal,,,-1.45,1.07,9.53,-0.06,0.22,-0.08,DETECTED
,,,,,,,,,,,,,,,,,,,,,,,,,,,,,,,,,,,,,,,,,,,,,,,,,,,,,,,,,,,,,,,,,,,,,,,,,,,,,,,,,,,,,,,,,,,,,,,,,,,,,,,,,2025-04-24 12:59:09,No Signal,,,0.87,2.25,8.43,-0.03,0.05,-0.02,NO
,,,,,,,,,,,,,,,,,,,,,,,,,,,,,,,,,,,,,,,,,,,,,,,,,,,,,,,,,,,,,,,,,,,,,,,,,,,,,,,,,,,,,,,,,,,,,,,,,,,,,,,,,2025-04-24 12:59:09,No Signal,,,2.37,1.91,9.2,-0.07,-0.1,-0.0,DETECTED
,,,,,,,,,,,,,,,,,,,,,,,,,,,,,,,,,,,,,,,,,,,,,,,,,,,,,,,,,,,,,,,,,,,,,,,,,,,,,,,,,,,,,,,,,,,,,,,,,,,,,,,,,2025-04-24 12:59:09,No Signal,,,0.34,2.01,8.63,-0.01,0.01,-0.0,DETECTED
,,,,,,,,,,,,,,,,,,,,,,,,,,,,,,,,,,,,,,,,,,,,,,,,,,,,,,,,,,,,,,,,,,,,,,,,,,,,,,,,,,,,,,,,,,,,,,,,,,,,,,,,,2025-04-24 12:59:11,No Signal,,,0.35,2.43,9.9,-0.03,0.0,-0.01,NO
,,,,,,,,,,,,,,,,,,,,,,,,,,,,,,,,,,,,,,,,,,,,,,,,,,,,,,,,,,,,,,,,,,,,,,,,,,,,,,,,,,,,,,,,,,,,,,,,,,,,,,,,,2025-04-24 12:59:11,No Signal,,,0.8,2.69,8.07,0.0,0.08,-0.0,DETECTED
,,,,,,,,,,,,,,,,,,,,,,,,,,,,,,,,,,,,,,,,,,,,,,,,,,,,,,,,,,,,,,,,,,,,,,,,,,,,,,,,,,,,,,,,,,,,,,,,,,,,,,,,,2025-04-24 12:59:11,No Signal,,,-0.29,2.3,9.63,-0.03,0.22,-0.02,DETECTED
,,,,,,,,,,,,,,,,,,,,,,,,,,,,,,,,,,,,,,,,,,,,,,,,,,,,,,,,,,,,,,,,,,,,,,,,,,,,,,,,,,,,,,,,,,,,,,,,,,,,,,,,,2025-04-24 12:59:13,No Signal,,,3.82,4.21,6.02,-0.09,-0.14,1.23,DETECTED
,,,,,,,,,,,,,,,,,,,,,,,,,,,,,,,,,,,,,,,,,,,,,,,,,,,,,,,,,,,,,,,,,,,,,,,,,,,,,,,,,,,,,,,,,,,,,,,,,,,,,,,,,2025-04-24 12:59:13,No Signal,,,2.14,2.39,8.77,-0.06,-0.04,0.01,DETECTED
,,,,,,,,,,,,,,,,,,,,,,,,,,,,,,,,,,,,,,,,,,,,,,,,,,,,,,,,,,,,,,,,,,,,,,,,,,,,,,,,,,,,,,,,,,,,,,,,,,,,,,,,,2025-04-24 12:59:13,No Signal,,,1.34,0.77,9.17,-0.48,0.05,0.09,DETECTED
,,,,,,,,,,,,,,,,,,,,,,,,,,,,,,,,,,,,,,,,,,,,,,,,,,,,,,,,,,,,,,,,,,,,,,,,,,,,,,,,,,,,,,,,,,,,,,,,,,,,,,,,,2025-04-24 12:59:15,No Signal,,,1.03,0.18,8.76,-0.05,0.12,0.02,DETECTED
,,,,,,,,,,,,,,,,,,,,,,,,,,,,,,,,,,,,,,,,,,,,,,,,,,,,,,,,,,,,,,,,,,,,,,,,,,,,,,,,,,,,,,,,,,,,,,,,,,,,,,,,,2025-04-24 12:59:15,No Signal,,,5.15,0.08,7.91,0.12,0.06,0.08,DETECTED
,,,,,,,,,,,,,,,,,,,,,,,,,,,,,,,,,,,,,,,,,,,,,,,,,,,,,,,,,,,,,,,,,,,,,,,,,,,,,,,,,,,,,,,,,,,,,,,,,,,,,,,,,2025-04-24 12:59:15,No Signal,,,-2.03,1.21,9.82,-0.04,0.13,-0.05,DETECTED
,,,,,,,,,,,,,,,,,,,,,,,,,,,,,,,,,,,,,,,,,,,,,,,,,,,,,,,,,,,,,,,,,,,,,,,,,,,,,,,,,,,,,,,,,,,,,,,,,,,,,,,,,2025-04-24 12:59:17,No Signal,,,1.87,0.56,8.77,-0.01,-0.02,0.01,NO
,,,,,,,,,,,,,,,,,,,,,,,,,,,,,,,,,,,,,,,,,,,,,,,,,,,,,,,,,,,,,,,,,,,,,,,,,,,,,,,,,,,,,,,,,,,,,,,,,,,,,,,,,2025-04-24 12:59:17,No Signal,,,0.3,0.8,9.1,-0.02,0.03,0.05,DETECTED
,,,,,,,,,,,,,,,,,,,,,,,,,,,,,,,,,,,,,,,,,,,,,,,,,,,,,,,,,,,,,,,,,,,,,,,,,,,,,,,,,,,,,,,,,,,,,,,,,,,,,,,,,2025-04-24 12:59:17,No Signal,,,2.11,0.17,8.87,-0.06,-0.01,-0.02,NO
,,,,,,,,,,,,,,,,,,,,,,,,,,,,,,,,,,,,,,,,,,,,,,,,,,,,,,,,,,,,,,,,,,,,,,,,,,,,,,,,,,,,,,,,,,,,,,,,,,,,,,,,,2025-04-24 12:59:20,No Signal,,,1.98,1.61,4.51,-0.13,-0.06,0.03,DETECTED
,,,,,,,,,,,,,,,,,,,,,,,,,,,,,,,,,,,,,,,,,,,,,,,,,,,,,,,,,,,,,,,,,,,,,,,,,,,,,,,,,,,,,,,,,,,,,,,,,,,,,,,,,2025-04-24 12:59:20,No Signal,,,2.93,0.57,9.6,0.07,-0.04,-0.01,NO
,,,,,,,,,,,,,,,,,,,,,,,,,,,,,,,,,,,,,,,,,,,,,,,,,,,,,,,,,,,,,,,,,,,,,,,,,,,,,,,,,,,,,,,,,,,,,,,,,,,,,,,,,2025-04-24 12:59:20,No Signal,,,1.77,1.11,8.26,0.01,0.11,-0.03,NO
,,,,,,,,,,,,,,,,,,,,,,,,,,,,,,,,,,,,,,,,,,,,,,,,,,,,,,,,,,,,,,,,,,,,,,,,,,,,,,,,,,,,,,,,,,,,,,,,,,,,,,,,,2025-04-24 12:59:22,No Signal,,,-0.4,1.11,9.65,0.01,0.02,0.0,NO
,,,,,,,,,,,,,,,,,,,,,,,,,,,,,,,,,,,,,,,,,,,,,,,,,,,,,,,,,,,,,,,,,,,,,,,,,,,,,,,,,,,,,,,,,,,,,,,,,,,,,,,,,2025-04-24 12:59:22,No Signal,,,1.03,0.86,9.5,0.06,-0.03,0.03,NO
,,,,,,,,,,,,,,,,,,,,,,,,,,,,,,,,,,,,,,,,,,,,,,,,,,,,,,,,,,,,,,,,,,,,,,,,,,,,,,,,,,,,,,,,,,,,,,,,,,,,,,,,,2025-04-24 12:59:22,No Signal,,,3.12,1.19,8.37,0.0,0.0,-0.01,NO
,,,,,,,,,,,,,,,,,,,,,,,,,,,,,,,,,,,,,,,,,,,,,,,,,,,,,,,,,,,,,,,,,,,,,,,,,,,,,,,,,,,,,,,,,,,,,,,,,,,,,,,,,2025-04-24 12:59:24,No Signal,,,1.51,2.96,5.62,0.29,0.28,-0.33,DETECTED
,,,,,,,,,,,,,,,,,,,,,,,,,,,,,,,,,,,,,,,,,,,,,,,,,,,,,,,,,,,,,,,,,,,,,,,,,,,,,,,,,,,,,,,,,,,,,,,,,,,,,,,,,2025-04-24 12:59:24,No Signal,,,3.55,0.65,8.5,0.05,0.0,-0.01,DETECTED
,,,,,,,,,,,,,,,,,,,,,,,,,,,,,,,,,,,,,,,,,,,,,,,,,,,,,,,,,,,,,,,,,,,,,,,,,,,,,,,,,,,,,,,,,,,,,,,,,,,,,,,,,2025-04-24 12:59:24,No Signal,,,1.02,0.1,8.97,0.05,0.07,-0.01,NO
,,,,,,,,,,,,,,,,,,,,,,,,,,,,,,,,,,,,,,,,,,,,,,,,,,,,,,,,,,,,,,,,,,,,,,,,,,,,,,,,,,,,,,,,,,,,,,,,,,,,,,,,,2025-04-24 12:59:26,No Signal,,,1.64,0.18,8.96,-0.05,0.03,-0.02,NO
,,,,,,,,,,,,,,,,,,,,,,,,,,,,,,,,,,,,,,,,,,,,,,,,,,,,,,,,,,,,,,,,,,,,,,,,,,,,,,,,,,,,,,,,,,,,,,,,,,,,,,,,,2025-04-24 12:59:26,No Signal,,,-0.73,0.06,10.04,-0.05,0.06,0.0,NO
,,,,,,,,,,,,,,,,,,,,,,,,,,,,,,,,,,,,,,,,,,,,,,,,,,,,,,,,,,,,,,,,,,,,,,,,,,,,,,,,,,,,,,,,,,,,,,,,,,,,,,,,,2025-04-24 12:59:26,No Signal,,,2.61,0.21,8.22,-0.0,0.06,0.02,DETECTED
,,,,,,,,,,,,,,,,,,,,,,,,,,,,,,,,,,,,,,,,,,,,,,,,,,,,,,,,,,,,,,,,,,,,,,,,,,,,,,,,,,,,,,,,,,,,,,,,,,,,,,,,,2025-04-24 12:59:29,No Signal,,,2.45,-0.52,8.45,-0.09,0.02,0.05,NO
,,,,,,,,,,,,,,,,,,,,,,,,,,,,,,,,,,,,,,,,,,,,,,,,,,,,,,,,,,,,,,,,,,,,,,,,,,,,,,,,,,,,,,,,,,,,,,,,,,,,,,,,,2025-04-24 12:59:29,No Signal,,,0.99,0.13,8.9,-0.03,-0.01,0.04,NO
,,,,,,,,,,,,,,,,,,,,,,,,,,,,,,,,,,,,,,,,,,,,,,,,,,,,,,,,,,,,,,,,,,,,,,,,,,,,,,,,,,,,,,,,,,,,,,,,,,,,,,,,,2025-04-24 12:59:29,No Signal,,,3.12,-0.65,8.15,-0.05,0.0,0.02,DETECTED
,,,,,,,,,,,,,,,,,,,,,,,,,,,,,,,,,,,,,,,,,,,,,,,,,,,,,,,,,,,,,,,,,,,,,,,,,,,,,,,,,,,,,,,,,,,,,,,,,,,,,,,,,2025-04-24 12:59:31,No Signal,,,2.65,0.22,9.68,0.01,0.07,-0.02,NO
,,,,,,,,,,,,,,,,,,,,,,,,,,,,,,,,,,,,,,,,,,,,,,,,,,,,,,,,,,,,,,,,,,,,,,,,,,,,,,,,,,,,,,,,,,,,,,,,,,,,,,,,,2025-04-24 12:59:31,No Signal,,,2.91,-0.21,9.08,-0.02,-0.07,0.02,NO
,,,,,,,,,,,,,,,,,,,,,,,,,,,,,,,,,,,,,,,,,,,,,,,,,,,,,,,,,,,,,,,,,,,,,,,,,,,,,,,,,,,,,,,,,,,,,,,,,,,,,,,,,2025-04-24 12:59:31,No Signal,,,1.13,-0.34,9.43,-0.03,0.01,0.0,NO
,,,,,,,,,,,,,,,,,,,,,,,,,,,,,,,,,,,,,,,,,,,,,,,,,,,,,,,,,,,,,,,,,,,,,,,,,,,,,,,,,,,,,,,,,,,,,,,,,,,,,,,,,2025-04-24 12:59:33,No Signal,,,1.34,0.55,9.28,-0.0,0.07,-0.03,NO
,,,,,,,,,,,,,,,,,,,,,,,,,,,,,,,,,,,,,,,,,,,,,,,,,,,,,,,,,,,,,,,,,,,,,,,,,,,,,,,,,,,,,,,,,,,,,,,,,,,,,,,,,2025-04-24 12:59:33,No Signal,,,1.37,-0.02,9.29,-0.03,0.13,-0.0,DETECTED
,,,,,,,,,,,,,,,,,,,,,,,,,,,,,,,,,,,,,,,,,,,,,,,,,,,,,,,,,,,,,,,,,,,,,,,,,,,,,,,,,,,,,,,,,,,,,,,,,,,,,,,,,2025-04-24 12:59:33,No Signal,,,2.63,-0.32,9.48,-0.09,0.2,-0.03,NO
,,,,,,,,,,,,,,,,,,,,,,,,,,,,,,,,,,,,,,,,,,,,,,,,,,,,,,,,,,,,,,,,,,,,,,,,,,,,,,,,,,,,,,,,,,,,,,,,,,,,,,,,,2025-04-24 12:59:35,No Signal,,,2.38,-0.4,8.55,0.02,-0.1,-0.02,DETECTED
,,,,,,,,,,,,,,,,,,,,,,,,,,,,,,,,,,,,,,,,,,,,,,,,,,,,,,,,,,,,,,,,,,,,,,,,,,,,,,,,,,,,,,,,,,,,,,,,,,,,,,,,,2025-04-24 12:59:35,No Signal,,,0.9,-0.53,8.91,-0.02,0.08,0.0,NO
,,,,,,,,,,,,,,,,,,,,,,,,,,,,,,,,,,,,,,,,,,,,,,,,,,,,,,,,,,,,,,,,,,,,,,,,,,,,,,,,,,,,,,,,,,,,,,,,,,,,,,,,,2025-04-24 12:59:35,No Signal,,,1.48,-0.15,8.99,-0.03,0.05,-0.01,NO
,,,,,,,,,,,,,,,,,,,,,,,,,,,,,,,,,,,,,,,,,,,,,,,,,,,,,,,,,,,,,,,,,,,,,,,,,,,,,,,,,,,,,,,,,,,,,,,,,,,,,,,,,2025-04-24 12:59:37,No Signal,,,0.96,-0.34,9.34,-0.02,-0.05,0.01,NO
,,,,,,,,,,,,,,,,,,,,,,,,,,,,,,,,,,,,,,,,,,,,,,,,,,,,,,,,,,,,,,,,,,,,,,,,,,,,,,,,,,,,,,,,,,,,,,,,,,,,,,,,,2025-04-24 12:59:37,No Signal,,,1.0,-0.21,8.37,0.0,0.02,0.01,NO
,,,,,,,,,,,,,,,,,,,,,,,,,,,,,,,,,,,,,,,,,,,,,,,,,,,,,,,,,,,,,,,,,,,,,,,,,,,,,,,,,,,,,,,,,,,,,,,,,,,,,,,,,2025-04-24 12:59:37,No Signal,,,0.67,-0.77,9.47,-0.05,0.1,-0.01,NO
,,,,,,,,,,,,,,,,,,,,,,,,,,,,,,,,,,,,,,,,,,,,,,,,,,,,,,,,,,,,,,,,,,,,,,,,,,,,,,,,,,,,,,,,,,,,,,,,,,,,,,,,,2025-04-24 12:59:40,No Signal,,,0.42,-1.4,9.63,-0.04,-0.02,-0.01,NO
,,,,,,,,,,,,,,,,,,,,,,,,,,,,,,,,,,,,,,,,,,,,,,,,,,,,,,,,,,,,,,,,,,,,,,,,,,,,,,,,,,,,,,,,,,,,,,,,,,,,,,,,,2025-04-24 12:59:40,No Signal,,,-0.76,-1.05,9.43,-0.02,0.06,-0.0,DETECTED
,,,,,,,,,,,,,,,,,,,,,,,,,,,,,,,,,,,,,,,,,,,,,,,,,,,,,,,,,,,,,,,,,,,,,,,,,,,,,,,,,,,,,,,,,,,,,,,,,,,,,,,,,2025-04-24 12:59:40,No Signal,,,-0.55,-0.92,9.12,-0.05,-0.01,0.07,DETECTED
,,,,,,,,,,,,,,,,,,,,,,,,,,,,,,,,,,,,,,,,,,,,,,,,,,,,,,,,,,,,,,,,,,,,,,,,,,,,,,,,,,,,,,,,,,,,,,,,,,,,,,,,,2025-04-24 12:59:42,No Signal,,,-0.67,-1.06,8.97,0.01,0.03,0.01,NO
,,,,,,,,,,,,,,,,,,,,,,,,,,,,,,,,,,,,,,,,,,,,,,,,,,,,,,,,,,,,,,,,,,,,,,,,,,,,,,,,,,,,,,,,,,,,,,,,,,,,,,,,,2025-04-24 12:59:42,No Signal,,,1.06,-0.73,8.83,-0.04,0.03,0.02,NO
,,,,,,,,,,,,,,,,,,,,,,,,,,,,,,,,,,,,,,,,,,,,,,,,,,,,,,,,,,,,,,,,,,,,,,,,,,,,,,,,,,,,,,,,,,,,,,,,,,,,,,,,,2025-04-24 12:59:42,No Signal,,,1.37,-1.3,8.97,-0.03,0.0,0.07,NO
,,,,,,,,,,,,,,,,,,,,,,,,,,,,,,,,,,,,,,,,,,,,,,,,,,,,,,,,,,,,,,,,,,,,,,,,,,,,,,,,,,,,,,,,,,,,,,,,,,,,,,,,,2025-04-24 12:59:44,No Signal,,,1.63,-0.72,8.9,-0.02,0.05,-0.01,NO
,,,,,,,,,,,,,,,,,,,,,,,,,,,,,,,,,,,,,,,,,,,,,,,,,,,,,,,,,,,,,,,,,,,,,,,,,,,,,,,,,,,,,,,,,,,,,,,,,,,,,,,,,2025-04-24 12:59:44,No Signal,,,1.69,-0.71,9.19,-0.03,0.03,-0.0,NO
,,,,,,,,,,,,,,,,,,,,,,,,,,,,,,,,,,,,,,,,,,,,,,,,,,,,,,,,,,,,,,,,,,,,,,,,,,,,,,,,,,,,,,,,,,,,,,,,,,,,,,,,,2025-04-24 12:59:44,No Signal,,,1.41,-0.92,9.28,-0.05,0.01,-0.01,NO
,,,,,,,,,,,,,,,,,,,,,,,,,,,,,,,,,,,,,,,,,,,,,,,,,,,,,,,,,,,,,,,,,,,,,,,,,,,,,,,,,,,,,,,,,,,,,,,,,,,,,,,,,2025-04-24 12:59:46,No Signal,,,-0.0,-0.22,9.43,-0.03,0.03,-0.05,NO
,,,,,,,,,,,,,,,,,,,,,,,,,,,,,,,,,,,,,,,,,,,,,,,,,,,,,,,,,,,,,,,,,,,,,,,,,,,,,,,,,,,,,,,,,,,,,,,,,,,,,,,,,2025-04-24 12:59:46,No Signal,,,0.7,0.49,8.9,0.0,0.03,-0.1,DETECTED
,,,,,,,,,,,,,,,,,,,,,,,,,,,,,,,,,,,,,,,,,,,,,,,,,,,,,,,,,,,,,,,,,,,,,,,,,,,,,,,,,,,,,,,,,,,,,,,,,,,,,,,,,2025-04-24 12:59:46,No Signal,,,-0.24,-0.04,9.52,-0.0,-0.06,0.05,DETECTED
,,,,,,,,,,,,,,,,,,,,,,,,,,,,,,,,,,,,,,,,,,,,,,,,,,,,,,,,,,,,,,,,,,,,,,,,,,,,,,,,,,,,,,,,,,,,,,,,,,,,,,,,,2025-04-24 12:59:49,No Signal,,,-4.62,1.54,10.52,0.04,-0.03,-0.0,NO
,,,,,,,,,,,,,,,,,,,,,,,,,,,,,,,,,,,,,,,,,,,,,,,,,,,,,,,,,,,,,,,,,,,,,,,,,,,,,,,,,,,,,,,,,,,,,,,,,,,,,,,,,2025-04-24 12:59:49,No Signal,,,3.38,1.04,7.31,-0.15,0.07,0.04,DETECTED
,,,,,,,,,,,,,,,,,,,,,,,,,,,,,,,,,,,,,,,,,,,,,,,,,,,,,,,,,,,,,,,,,,,,,,,,,,,,,,,,,,,,,,,,,,,,,,,,,,,,,,,,,2025-04-24 12:59:49,No Signal,,,3.88,-1.87,10.14,-0.39,-0.11,-0.03,DETECTED
,,,,,,,,,,,,,,,,,,,,,,,,,,,,,,,,,,,,,,,,,,,,,,,,,,,,,,,,,,,,,,,,,,,,,,,,,,,,,,,,,,,,,,,,,,,,,,,,,,,,,,,,,2025-04-24 12:59:51,No Signal,,,-0.75,0.26,13.46,-0.85,0.33,0.13,DETECTED
,,,,,,,,,,,,,,,,,,,,,,,,,,,,,,,,,,,,,,,,,,,,,,,,,,,,,,,,,,,,,,,,,,,,,,,,,,,,,,,,,,,,,,,,,,,,,,,,,,,,,,,,,2025-04-24 12:59:51,No Signal,,,0.07,0.11,8.85,-0.1,0.14,0.04,NO
,,,,,,,,,,,,,,,,,,,,,,,,,,,,,,,,,,,,,,,,,,,,,,,,,,,,,,,,,,,,,,,,,,,,,,,,,,,,,,,,,,,,,,,,,,,,,,,,,,,,,,,,,2025-04-24 12:59:51,No Signal,,,1.48,0.38,8.54,-0.05,0.04,-0.01,NO
,,,,,,,,,,,,,,,,,,,,,,,,,,,,,,,,,,,,,,,,,,,,,,,,,,,,,,,,,,,,,,,,,,,,,,,,,,,,,,,,,,,,,,,,,,,,,,,,,,,,,,,,,2025-04-24 12:59:53,No Signal,,,2.03,0.79,9.29,-0.07,-0.02,-0.0,NO
,,,,,,,,,,,,,,,,,,,,,,,,,,,,,,,,,,,,,,,,,,,,,,,,,,,,,,,,,,,,,,,,,,,,,,,,,,,,,,,,,,,,,,,,,,,,,,,,,,,,,,,,,2025-04-24 12:59:53,No Signal,,,0.84,1.25,9.57,-0.0,0.07,-0.01,NO
,,,,,,,,,,,,,,,,,,,,,,,,,,,,,,,,,,,,,,,,,,,,,,,,,,,,,,,,,,,,,,,,,,,,,,,,,,,,,,,,,,,,,,,,,,,,,,,,,,,,,,,,,2025-04-24 12:59:53,No Signal,,,3.17,1.13,8.5,-0.04,0.01,-0.01,NO
,,,,,,,,,,,,,,,,,,,,,,,,,,,,,,,,,,,,,,,,,,,,,,,,,,,,,,,,,,,,,,,,,,,,,,,,,,,,,,,,,,,,,,,,,,,,,,,,,,,,,,,,,2025-04-24 12:59:55,No Signal,,,1.3,1.02,9.02,-0.0,-0.03,-0.01,NO
,,,,,,,,,,,,,,,,,,,,,,,,,,,,,,,,,,,,,,,,,,,,,,,,,,,,,,,,,,,,,,,,,,,,,,,,,,,,,,,,,,,,,,,,,,,,,,,,,,,,,,,,,2025-04-24 12:59:55,No Signal,,,1.53,0.58,8.58,-0.04,-0.05,-0.03,NO
,,,,,,,,,,,,,,,,,,,,,,,,,,,,,,,,,,,,,,,,,,,,,,,,,,,,,,,,,,,,,,,,,,,,,,,,,,,,,,,,,,,,,,,,,,,,,,,,,,,,,,,,,2025-04-24 12:59:55,No Signal,,,2.66,0.87,8.91,-0.04,0.11,-0.07,NO
,,,,,,,,,,,,,,,,,,,,,,,,,,,,,,,,,,,,,,,,,,,,,,,,,,,,,,,,,,,,,,,,,,,,,,,,,,,,,,,,,,,,,,,,,,,,,,,,,,,,,,,,,2025-04-24 12:59:57,No Signal,,,-1.0,0.38,9.84,-0.03,0.04,-0.06,DETECTED
,,,,,,,,,,,,,,,,,,,,,,,,,,,,,,,,,,,,,,,,,,,,,,,,,,,,,,,,,,,,,,,,,,,,,,,,,,,,,,,,,,,,,,,,,,,,,,,,,,,,,,,,,2025-04-24 12:59:57,No Signal,,,1.31,-0.03,9.81,-0.05,-0.02,-0.05,NO
,,,,,,,,,,,,,,,,,,,,,,,,,,,,,,,,,,,,,,,,,,,,,,,,,,,,,,,,,,,,,,,,,,,,,,,,,,,,,,,,,,,,,,,,,,,,,,,,,,,,,,,,,2025-04-24 12:59:57,No Signal,,,2.67,0.36,8.27,-0.01,0.09,-0.04,DETECTED
,,,,,,,,,,,,,,,,,,,,,,,,,,,,,,,,,,,,,,,,,,,,,,,,,,,,,,,,,,,,,,,,,,,,,,,,,,,,,,,,,,,,,,,,,,,,,,,,,,,,,,,,,2025-04-24 13:00:00,No Signal,,,1.94,0.12,8.79,-0.0,0.04,-0.04,NO
,,,,,,,,,,,,,,,,,,,,,,,,,,,,,,,,,,,,,,,,,,,,,,,,,,,,,,,,,,,,,,,,,,,,,,,,,,,,,,,,,,,,,,,,,,,,,,,,,,,,,,,,,2025-04-24 13:00:00,No Signal,,,1.8,-0.03,8.61,-0.03,-0.06,-0.04,NO
,,,,,,,,,,,,,,,,,,,,,,,,,,,,,,,,,,,,,,,,,,,,,,,,,,,,,,,,,,,,,,,,,,,,,,,,,,,,,,,,,,,,,,,,,,,,,,,,,,,,,,,,,2025-04-24 13:00:00,No Signal,,,1.86,0.13,9.03,-0.04,0.01,-0.05,NO
,,,,,,,,,,,,,,,,,,,,,,,,,,,,,,,,,,,,,,,,,,,,,,,,,,,,,,,,,,,,,,,,,,,,,,,,,,,,,,,,,,,,,,,,,,,,,,,,,,,,,,,,,2025-04-24 13:00:02,No Signal,,,1.29,0.68,9.37,-0.03,0.05,-0.05,NO
,,,,,,,,,,,,,,,,,,,,,,,,,,,,,,,,,,,,,,,,,,,,,,,,,,,,,,,,,,,,,,,,,,,,,,,,,,,,,,,,,,,,,,,,,,,,,,,,,,,,,,,,,2025-04-24 13:00:02,No Signal,,,1.21,0.78,9.93,-0.01,-0.02,-0.01,NO
,,,,,,,,,,,,,,,,,,,,,,,,,,,,,,,,,,,,,,,,,,,,,,,,,,,,,,,,,,,,,,,,,,,,,,,,,,,,,,,,,,,,,,,,,,,,,,,,,,,,,,,,,2025-04-24 13:00:02,No Signal,,,1.77,0.54,8.64,-0.02,-0.01,-0.01,NO
,,,,,,,,,,,,,,,,,,,,,,,,,,,,,,,,,,,,,,,,,,,,,,,,,,,,,,,,,,,,,,,,,,,,,,,,,,,,,,,,,,,,,,,,,,,,,,,,,,,,,,,,,2025-04-24 13:00:04,No Signal,,,-0.21,0.53,9.51,-0.03,-0.04,-0.03,DETECTED
,,,,,,,,,,,,,,,,,,,,,,,,,,,,,,,,,,,,,,,,,,,,,,,,,,,,,,,,,,,,,,,,,,,,,,,,,,,,,,,,,,,,,,,,,,,,,,,,,,,,,,,,,2025-04-24 13:00:04,No Signal,,,1.46,-0.11,8.74,-0.04,0.03,-0.03,NO
,,,,,,,,,,,,,,,,,,,,,,,,,,,,,,,,,,,,,,,,,,,,,,,,,,,,,,,,,,,,,,,,,,,,,,,,,,,,,,,,,,,,,,,,,,,,,,,,,,,,,,,,,2025-04-24 13:00:04,No Signal,,,1.6,0.04,8.7,-0.0,0.03,-0.05,NO
,,,,,,,,,,,,,,,,,,,,,,,,,,,,,,,,,,,,,,,,,,,,,,,,,,,,,,,,,,,,,,,,,,,,,,,,,,,,,,,,,,,,,,,,,,,,,,,,,,,,,,,,,2025-04-24 13:00:06,No Signal,,,2.0,-0.84,8.93,0.01,-0.0,-0.04,NO
,,,,,,,,,,,,,,,,,,,,,,,,,,,,,,,,,,,,,,,,,,,,,,,,,,,,,,,,,,,,,,,,,,,,,,,,,,,,,,,,,,,,,,,,,,,,,,,,,,,,,,,,,2025-04-24 13:00:06,No Signal,,,-0.03,-0.96,9.4,-0.04,0.05,-0.02,NO
,,,,,,,,,,,,,,,,,,,,,,,,,,,,,,,,,,,,,,,,,,,,,,,,,,,,,,,,,,,,,,,,,,,,,,,,,,,,,,,,,,,,,,,,,,,,,,,,,,,,,,,,,2025-04-24 13:00:06,No Signal,,,2.18,-0.95,9.05,-0.02,-0.01,-0.01,DETECTED
,,,,,,,,,,,,,,,,,,,,,,,,,,,,,,,,,,,,,,,,,,,,,,,,,,,,,,,,,,,,,,,,,,,,,,,,,,,,,,,,,,,,,,,,,,,,,,,,,,,,,,,,,2025-04-24 13:00:09,No Signal,,,1.22,-0.24,9.11,-0.06,0.03,-0.03,NO
,,,,,,,,,,,,,,,,,,,,,,,,,,,,,,,,,,,,,,,,,,,,,,,,,,,,,,,,,,,,,,,,,,,,,,,,,,,,,,,,,,,,,,,,,,,,,,,,,,,,,,,,,2025-04-24 13:00:09,No Signal,,,1.29,0.05,9.48,0.01,-0.02,-0.03,NO
,,,,,,,,,,,,,,,,,,,,,,,,,,,,,,,,,,,,,,,,,,,,,,,,,,,,,,,,,,,,,,,,,,,,,,,,,,,,,,,,,,,,,,,,,,,,,,,,,,,,,,,,,2025-04-24 13:00:09,No Signal,,,0.72,0.12,8.84,-0.07,0.02,-0.01,NO
,,,,,,,,,,,,,,,,,,,,,,,,,,,,,,,,,,,,,,,,,,,,,,,,,,,,,,,,,,,,,,,,,,,,,,,,,,,,,,,,,,,,,,,,,,,,,,,,,,,,,,,,,2025-04-24 13:00:11,No Signal,,,1.11,-0.24,9.4,-0.02,-0.0,-0.02,DETECTED
,,,,,,,,,,,,,,,,,,,,,,,,,,,,,,,,,,,,,,,,,,,,,,,,,,,,,,,,,,,,,,,,,,,,,,,,,,,,,,,,,,,,,,,,,,,,,,,,,,,,,,,,,2025-04-24 13:00:11,No Signal,,,1.68,-0.93,9.03,-0.03,0.01,-0.02,NO
,,,,,,,,,,,,,,,,,,,,,,,,,,,,,,,,,,,,,,,,,,,,,,,,,,,,,,,,,,,,,,,,,,,,,,,,,,,,,,,,,,,,,,,,,,,,,,,,,,,,,,,,,2025-04-24 13:00:11,No Signal,,,1.04,-1.31,9.24,-0.03,0.02,-0.05,NO
,,,,,,,,,,,,,,,,,,,,,,,,,,,,,,,,,,,,,,,,,,,,,,,,,,,,,,,,,,,,,,,,,,,,,,,,,,,,,,,,,,,,,,,,,,,,,,,,,,,,,,,,,2025-04-24 13:00:13,No Signal,,,1.05,-1.44,9.17,-0.02,-0.01,-0.03,DETECTED
,,,,,,,,,,,,,,,,,,,,,,,,,,,,,,,,,,,,,,,,,,,,,,,,,,,,,,,,,,,,,,,,,,,,,,,,,,,,,,,,,,,,,,,,,,,,,,,,,,,,,,,,,2025-04-24 13:00:13,No Signal,,,1.03,-0.35,9.41,-0.0,0.02,-0.02,DETECTED
,,,,,,,,,,,,,,,,,,,,,,,,,,,,,,,,,,,,,,,,,,,,,,,,,,,,,,,,,,,,,,,,,,,,,,,,,,,,,,,,,,,,,,,,,,,,,,,,,,,,,,,,,2025-04-24 13:00:13,No Signal,,,-0.1,0.41,9.34,-0.09,0.01,0.01,DETECTED
,,,,,,,,,,,,,,,,,,,,,,,,,,,,,,,,,,,,,,,,,,,,,,,,,,,,,,,,,,,,,,,,,,,,,,,,,,,,,,,,,,,,,,,,,,,,,,,,,,,,,,,,,2025-04-24 13:00:15,Signal Acquired,15.334675,73.927341,1.37,-0.01,8.91,0.01,0.03,-0.02,NO
,,,,,,,,,,,,,,,,,,,,,,,,,,,,,,,,,,,,,,,,,,,,,,,,,,,,,,,,,,,,,,,,,,,,,,,,,,,,,,,,,,,,,,,,,,,,,,,,,,,,,,,,,2025-04-24 13:00:15,Signal Acquired,15.334675,73.927341,1.58,0.17,9.07,-0.05,-0.02,-0.0,DETECTED
,,,,,,,,,,,,,,,,,,,,,,,,,,,,,,,,,,,,,,,,,,,,,,,,,,,,,,,,,,,,,,,,,,,,,,,,,,,,,,,,,,,,,,,,,,,,,,,,,,,,,,,,,2025-04-24 13:00:15,Signal Acquired,15.33468,73.927348,1.53,-0.32,9.94,-0.0,-0.05,-0.02,NO
,,,,,,,,,,,,,,,,,,,,,,,,,,,,,,,,,,,,,,,,,,,,,,,,,,,,,,,,,,,,,,,,,,,,,,,,,,,,,,,,,,,,,,,,,,,,,,,,,,,,,,,,,2025-04-24 13:00:17,Signal Acquired,15.33468,73.927348,0.29,-0.73,9.37,-0.06,-0.01,-0.01,NO
,,,,,,,,,,,,,,,,,,,,,,,,,,,,,,,,,,,,,,,,,,,,,,,,,,,,,,,,,,,,,,,,,,,,,,,,,,,,,,,,,,,,,,,,,,,,,,,,,,,,,,,,,2025-04-24 13:00:17,Signal Acquired,15.334726,73.927349,6.58,0.93,7.13,0.02,0.02,-0.04,DETECTED
,,,,,,,,,,,,,,,,,,,,,,,,,,,,,,,,,,,,,,,,,,,,,,,,,,,,,,,,,,,,,,,,,,,,,,,,,,,,,,,,,,,,,,,,,,,,,,,,,,,,,,,,,2025-04-24 13:00:17,Signal Acquired,15.334726,73.927349,0.64,1.23,6.55,-0.07,0.22,-0.02,DETECTED
,,,,,,,,,,,,,,,,,,,,,,,,,,,,,,,,,,,,,,,,,,,,,,,,,,,,,,,,,,,,,,,,,,,,,,,,,,,,,,,,,,,,,,,,,,,,,,,,,,,,,,,,,2025-04-24 13:00:20,Signal Acquired,15.334788,73.927347,2.37,2.75,10.64,0.01,-0.07,0.01,DETECTED
,,,,,,,,,,,,,,,,,,,,,,,,,,,,,,,,,,,,,,,,,,,,,,,,,,,,,,,,,,,,,,,,,,,,,,,,,,,,,,,,,,,,,,,,,,,,,,,,,,,,,,,,,2025-04-24 13:00:20,Signal Acquired,15.334788,73.927347,2.85,1.93,10.13,-0.06,-0.08,0.02,DETECTED
,,,,,,,,,,,,,,,,,,,,,,,,,,,,,,,,,,,,,,,,,,,,,,,,,,,,,,,,,,,,,,,,,,,,,,,,,,,,,,,,,,,,,,,,,,,,,,,,,,,,,,,,,2025-04-24 13:00:20,Signal Acquired,15.334833,73.927351,0.45,1.27,10.61,0.01,0.02,0.02,DETECTED
,,,,,,,,,,,,,,,,,,,,,,,,,,,,,,,,,,,,,,,,,,,,,,,,,,,,,,,,,,,,,,,,,,,,,,,,,,,,,,,,,,,,,,,,,,,,,,,,,,,,,,,,,2025-04-24 13:00:22,Signal Acquired,15.334833,73.927351,0.81,1.05,9.54,-0.04,-0.0,0.02,NO
,,,,,,,,,,,,,,,,,,,,,,,,,,,,,,,,,,,,,,,,,,,,,,,,,,,,,,,,,,,,,,,,,,,,,,,,,,,,,,,,,,,,,,,,,,,,,,,,,,,,,,,,,2025-04-24 13:00:22,Signal Acquired,15.334837,73.927351,-0.5,2.25,9.93,-0.03,0.13,0.0,DETECTED
,,,,,,,,,,,,,,,,,,,,,,,,,,,,,,,,,,,,,,,,,,,,,,,,,,,,,,,,,,,,,,,,,,,,,,,,,,,,,,,,,,,,,,,,,,,,,,,,,,,,,,,,,2025-04-24 13:00:22,Signal Acquired,15.334837,73.927351,-1.27,1.7,9.8,-0.03,0.09,0.02,DETECTED
,,,,,,,,,,,,,,,,,,,,,,,,,,,,,,,,,,,,,,,,,,,,,,,,,,,,,,,,,,,,,,,,,,,,,,,,,,,,,,,,,,,,,,,,,,,,,,,,,,,,,,,,,2025-04-24 13:00:24,Signal Acquired,15.334865,73.927349,-0.45,2.13,9.67,-0.01,0.05,0.01,DETECTED
,,,,,,,,,,,,,,,,,,,,,,,,,,,,,,,,,,,,,,,,,,,,,,,,,,,,,,,,,,,,,,,,,,,,,,,,,,,,,,,,,,,,,,,,,,,,,,,,,,,,,,,,,2025-04-24 13:00:24,Signal Acquired,15.334865,73.927349,6.23,1.52,8.32,0.01,-0.03,0.0,DETECTED
,,,,,,,,,,,,,,,,,,,,,,,,,,,,,,,,,,,,,,,,,,,,,,,,,,,,,,,,,,,,,,,,,,,,,,,,,,,,,,,,,,,,,,,,,,,,,,,,,,,,,,,,,2025-04-24 13:00:24,Signal Acquired,15.334912,73.927352,2.7,-0.55,7.69,0.01,0.12,-0.06,DETECTED
,,,,,,,,,,,,,,,,,,,,,,,,,,,,,,,,,,,,,,,,,,,,,,,,,,,,,,,,,,,,,,,,,,,,,,,,,,,,,,,,,,,,,,,,,,,,,,,,,,,,,,,,,2025-04-24 13:00:26,Signal Acquired,15.334912,73.927352,0.55,-0.09,9.67,0.03,0.05,-0.01,NO
,,,,,,,,,,,,,,,,,,,,,,,,,,,,,,,,,,,,,,,,,,,,,,,,,,,,,,,,,,,,,,,,,,,,,,,,,,,,,,,,,,,,,,,,,,,,,,,,,,,,,,,,,2025-04-24 13:00:26,Signal Acquired,15.334976,73.927359,-1.57,1.13,9.57,-0.03,0.05,0.01,DETECTED
,,,,,,,,,,,,,,,,,,,,,,,,,,,,,,,,,,,,,,,,,,,,,,,,,,,,,,,,,,,,,,,,,,,,,,,,,,,,,,,,,,,,,,,,,,,,,,,,,,,,,,,,,2025-04-24 13:00:26,Signal Acquired,15.334976,73.927359,2.81,1.25,8.46,-0.03,0.02,-0.0,NO
,,,,,,,,,,,,,,,,,,,,,,,,,,,,,,,,,,,,,,,,,,,,,,,,,,,,,,,,,,,,,,,,,,,,,,,,,,,,,,,,,,,,,,,,,,,,,,,,,,,,,,,,,2025-04-24 13:00:28,Signal Acquired,15.335044,73.927362,-0.83,1.23,9.61,-0.03,-0.04,0.01,DETECTED
,,,,,,,,,,,,,,,,,,,,,,,,,,,,,,,,,,,,,,,,,,,,,,,,,,,,,,,,,,,,,,,,,,,,,,,,,,,,,,,,,,,,,,,,,,,,,,,,,,,,,,,,,2025-04-24 13:00:28,Signal Acquired,15.335044,73.927362,1.33,1.1,9.31,-0.03,-0.0,-0.0,NO
,,,,,,,,,,,,,,,,,,,,,,,,,,,,,,,,,,,,,,,,,,,,,,,,,,,,,,,,,,,,,,,,,,,,,,,,,,,,,,,,,,,,,,,,,,,,,,,,,,,,,,,,,2025-04-24 13:00:28,Signal Acquired,15.335124,73.927371,3.48,1.52,8.99,-0.0,0.01,-0.03,NO
,,,,,,,,,,,,,,,,,,,,,,,,,,,,,,,,,,,,,,,,,,,,,,,,,,,,,,,,,,,,,,,,,,,,,,,,,,,,,,,,,,,,,,,,,,,,,,,,,,,,,,,,,2025-04-24 13:00:31,Signal Acquired,15.335124,73.927371,1.2,1.31,8.62,-0.06,0.03,0.01,NO
,,,,,,,,,,,,,,,,,,,,,,,,,,,,,,,,,,,,,,,,,,,,,,,,,,,,,,,,,,,,,,,,,,,,,,,,,,,,,,,,,,,,,,,,,,,,,,,,,,,,,,,,,2025-04-24 13:00:31,Signal Acquired,15.335214,73.927382,0.59,1.26,9.4,-0.06,-0.0,0.02,NO
,,,,,,,,,,,,,,,,,,,,,,,,,,,,,,,,,,,,,,,,,,,,,,,,,,,,,,,,,,,,,,,,,,,,,,,,,,,,,,,,,,,,,,,,,,,,,,,,,,,,,,,,,2025-04-24 13:00:31,Signal Acquired,15.335214,73.927382,1.94,0.48,9.62,0.01,0.04,-0.07,NO
,,,,,,,,,,,,,,,,,,,,,,,,,,,,,,,,,,,,,,,,,,,,,,,,,,,,,,,,,,,,,,,,,,,,,,,,,,,,,,,,,,,,,,,,,,,,,,,,,,,,,,,,,2025-04-24 13:00:33,Signal Acquired,15.335314,73.927394,0.13,0.23,8.09,-0.05,0.04,0.05,NO
,,,,,,,,,,,,,,,,,,,,,,,,,,,,,,,,,,,,,,,,,,,,,,,,,,,,,,,,,,,,,,,,,,,,,,,,,,,,,,,,,,,,,,,,,,,,,,,,,,,,,,,,,2025-04-24 13:00:33,Signal Acquired,15.335314,73.927394,4.94,0.01,8.66,-0.03,-0.07,-0.0,DETECTED
,,,,,,,,,,,,,,,,,,,,,,,,,,,,,,,,,,,,,,,,,,,,,,,,,,,,,,,,,,,,,,,,,,,,,,,,,,,,,,,,,,,,,,,,,,,,,,,,,,,,,,,,,2025-04-24 13:00:33,Signal Acquired,15.335419,73.927407,1.07,1.21,9.54,0.01,0.02,-0.01,NO
,,,,,,,,,,,,,,,,,,,,,,,,,,,,,,,,,,,,,,,,,,,,,,,,,,,,,,,,,,,,,,,,,,,,,,,,,,,,,,,,,,,,,,,,,,,,,,,,,,,,,,,,,2025-04-24 13:00:35,Signal Acquired,15.335419,73.927407,-0.47,-0.45,10.36,-0.03,-0.13,-0.01,DETECTED
,,,,,,,,,,,,,,,,,,,,,,,,,,,,,,,,,,,,,,,,,,,,,,,,,,,,,,,,,,,,,,,,,,,,,,,,,,,,,,,,,,,,,,,,,,,,,,,,,,,,,,,,,2025-04-24 13:00:35,Signal Acquired,15.335501,73.927418,3.06,0.28,8.55,-0.05,-0.09,0.01,NO
,,,,,,,,,,,,,,,,,,,,,,,,,,,,,,,,,,,,,,,,,,,,,,,,,,,,,,,,,,,,,,,,,,,,,,,,,,,,,,,,,,,,,,,,,,,,,,,,,,,,,,,,,2025-04-24 13:00:35,Signal Acquired,15.335501,73.927418,1.12,0.78,9.7,-0.03,-0.07,0.05,NO
,,,,,,,,,,,,,,,,,,,,,,,,,,,,,,,,,,,,,,,,,,,,,,,,,,,,,,,,,,,,,,,,,,,,,,,,,,,,,,,,,,,,,,,,,,,,,,,,,,,,,,,,,2025-04-24 13:00:37,Signal Acquired,15.335617,73.92743,1.73,0.81,8.45,-0.04,0.04,0.02,NO
,,,,,,,,,,,,,,,,,,,,,,,,,,,,,,,,,,,,,,,,,,,,,,,,,,,,,,,,,,,,,,,,,,,,,,,,,,,,,,,,,,,,,,,,,,,,,,,,,,,,,,,,,2025-04-24 13:00:37,Signal Acquired,15.335617,73.92743,2.77,0.45,8.82,-0.06,0.05,-0.02,DETECTED
,,,,,,,,,,,,,,,,,,,,,,,,,,,,,,,,,,,,,,,,,,,,,,,,,,,,,,,,,,,,,,,,,,,,,,,,,,,,,,,,,,,,,,,,,,,,,,,,,,,,,,,,,2025-04-24 13:00:37,Signal Acquired,15.335731,73.927444,5.36,1.38,7.44,-0.0,-0.19,-0.02,DETECTED
,,,,,,,,,,,,,,,,,,,,,,,,,,,,,,,,,,,,,,,,,,,,,,,,,,,,,,,,,,,,,,,,,,,,,,,,,,,,,,,,,,,,,,,,,,,,,,,,,,,,,,,,,2025-04-24 13:00:40,Signal Acquired,15.335731,73.927444,1.45,1.43,9.45,-0.03,0.06,-0.02,NO
,,,,,,,,,,,,,,,,,,,,,,,,,,,,,,,,,,,,,,,,,,,,,,,,,,,,,,,,,,,,,,,,,,,,,,,,,,,,,,,,,,,,,,,,,,,,,,,,,,,,,,,,,2025-04-24 13:00:40,Signal Acquired,15.335859,73.92746,2.06,0.4,8.57,-0.03,0.02,0.01,NO
,,,,,,,,,,,,,,,,,,,,,,,,,,,,,,,,,,,,,,,,,,,,,,,,,,,,,,,,,,,,,,,,,,,,,,,,,,,,,,,,,,,,,,,,,,,,,,,,,,,,,,,,,2025-04-24 13:00:40,Signal Acquired,15.335859,73.92746,3.01,0.06,9.03,0.02,0.01,-0.03,DETECTED
,,,,,,,,,,,,,,,,,,,,,,,,,,,,,,,,,,,,,,,,,,,,,,,,,,,,,,,,,,,,,,,,,,,,,,,,,,,,,,,,,,,,,,,,,,,,,,,,,,,,,,,,,2025-04-24 13:00:42,Signal Acquired,15.336,73.927477,0.86,0.23,9.5,0.1,-0.01,-0.07,DETECTED
,,,,,,,,,,,,,,,,,,,,,,,,,,,,,,,,,,,,,,,,,,,,,,,,,,,,,,,,,,,,,,,,,,,,,,,,,,,,,,,,,,,,,,,,,,,,,,,,,,,,,,,,,2025-04-24 13:00:42,Signal Acquired,15.336,73.927477,1.51,-1.16,9.08,-0.01,0.04,0.07,NO
,,,,,,,,,,,,,,,,,,,,,,,,,,,,,,,,,,,,,,,,,,,,,,,,,,,,,,,,,,,,,,,,,,,,,,,,,,,,,,,,,,,,,,,,,,,,,,,,,,,,,,,,,2025-04-24 13:00:42,Signal Acquired,15.336148,73.927494,1.49,0.61,8.97,-0.05,0.03,0.05,NO
,,,,,,,,,,,,,,,,,,,,,,,,,,,,,,,,,,,,,,,,,,,,,,,,,,,,,,,,,,,,,,,,,,,,,,,,,,,,,,,,,,,,,,,,,,,,,,,,,,,,,,,,,2025-04-24 13:00:44,Signal Acquired,15.336148,73.927494,1.01,-0.14,9.58,-0.02,0.04,0.0,NO
,,,,,,,,,,,,,,,,,,,,,,,,,,,,,,,,,,,,,,,,,,,,,,,,,,,,,,,,,,,,,,,,,,,,,,,,,,,,,,,,,,,,,,,,,,,,,,,,,,,,,,,,,2025-04-24 13:00:44,Signal Acquired,15.336289,73.927511,0.17,0.11,9.15,-0.07,0.05,0.0,NO
,,,,,,,,,,,,,,,,,,,,,,,,,,,,,,,,,,,,,,,,,,,,,,,,,,,,,,,,,,,,,,,,,,,,,,,,,,,,,,,,,,,,,,,,,,,,,,,,,,,,,,,,,2025-04-24 13:00:44,Signal Acquired,15.336289,73.927511,0.31,-0.28,9.03,-0.05,-0.07,0.03,NO
,,,,,,,,,,,,,,,,,,,,,,,,,,,,,,,,,,,,,,,,,,,,,,,,,,,,,,,,,,,,,,,,,,,,,,,,,,,,,,,,,,,,,,,,,,,,,,,,,,,,,,,,,2025-04-24 13:00:46,Signal Acquired,15.336432,73.927527,1.82,0.82,9.39,0.09,0.1,-0.08,DETECTED
,,,,,,,,,,,,,,,,,,,,,,,,,,,,,,,,,,,,,,,,,,,,,,,,,,,,,,,,,,,,,,,,,,,,,,,,,,,,,,,,,,,,,,,,,,,,,,,,,,,,,,,,,2025-04-24 13:00:46,Signal Acquired,15.336432,73.927527,3.32,0.08,9.56,-0.07,-0.08,0.03,DETECTED
,,,,,,,,,,,,,,,,,,,,,,,,,,,,,,,,,,,,,,,,,,,,,,,,,,,,,,,,,,,,,,,,,,,,,,,,,,,,,,,,,,,,,,,,,,,,,,,,,,,,,,,,,2025-04-24 13:00:46,Signal Acquired,15.336574,73.927541,1.7,0.37,8.58,-0.05,0.04,0.01,NO
,,,,,,,,,,,,,,,,,,,,,,,,,,,,,,,,,,,,,,,,,,,,,,,,,,,,,,,,,,,,,,,,,,,,,,,,,,,,,,,,,,,,,,,,,,,,,,,,,,,,,,,,,2025-04-24 13:00:49,Signal Acquired,15.336574,73.927541,2.29,0.71,8.65,-0.03,0.02,-0.01,NO
,,,,,,,,,,,,,,,,,,,,,,,,,,,,,,,,,,,,,,,,,,,,,,,,,,,,,,,,,,,,,,,,,,,,,,,,,,,,,,,,,,,,,,,,,,,,,,,,,,,,,,,,,2025-04-24 13:00:49,Signal Acquired,15.336718,73.927555,0.49,0.35,9.11,0.02,-0.04,-0.02,NO
,,,,,,,,,,,,,,,,,,,,,,,,,,,,,,,,,,,,,,,,,,,,,,,,,,,,,,,,,,,,,,,,,,,,,,,,,,,,,,,,,,,,,,,,,,,,,,,,,,,,,,,,,2025-04-24 13:00:49,Signal Acquired,15.336718,73.927555,-0.58,-0.56,10.12,-0.09,0.07,0.01,NO
,,,,,,,,,,,,,,,,,,,,,,,,,,,,,,,,,,,,,,,,,,,,,,,,,,,,,,,,,,,,,,,,,,,,,,,,,,,,,,,,,,,,,,,,,,,,,,,,,,,,,,,,,2025-04-24 13:00:51,Signal Acquired,15.336862,73.927569,2.83,0.61,8.94,0.02,-0.04,0.01,DETECTED
,,,,,,,,,,,,,,,,,,,,,,,,,,,,,,,,,,,,,,,,,,,,,,,,,,,,,,,,,,,,,,,,,,,,,,,,,,,,,,,,,,,,,,,,,,,,,,,,,,,,,,,,,2025-04-24 13:00:51,Signal Acquired,15.336862,73.927569,2.38,0.75,8.45,-0.04,-0.03,0.0,NO
,,,,,,,,,,,,,,,,,,,,,,,,,,,,,,,,,,,,,,,,,,,,,,,,,,,,,,,,,,,,,,,,,,,,,,,,,,,,,,,,,,,,,,,,,,,,,,,,,,,,,,,,,2025-04-24 13:00:51,Signal Acquired,15.337001,73.927581,0.58,-0.47,9.29,-0.07,-0.01,0.06,NO
,,,,,,,,,,,,,,,,,,,,,,,,,,,,,,,,,,,,,,,,,,,,,,,,,,,,,,,,,,,,,,,,,,,,,,,,,,,,,,,,,,,,,,,,,,,,,,,,,,,,,,,,,2025-04-24 13:00:53,Signal Acquired,15.337001,73.927581,1.62,0.47,7.86,-0.07,0.01,0.05,NO
,,,,,,,,,,,,,,,,,,,,,,,,,,,,,,,,,,,,,,,,,,,,,,,,,,,,,,,,,,,,,,,,,,,,,,,,,,,,,,,,,,,,,,,,,,,,,,,,,,,,,,,,,2025-04-24 13:00:53,Signal Acquired,15.337143,73.927594,-0.69,1.15,9.39,0.02,0.01,0.04,DETECTED
,,,,,,,,,,,,,,,,,,,,,,,,,,,,,,,,,,,,,,,,,,,,,,,,,,,,,,,,,,,,,,,,,,,,,,,,,,,,,,,,,,,,,,,,,,,,,,,,,,,,,,,,,2025-04-24 13:00:53,Signal Acquired,15.337143,73.927594,1.86,0.38,8.72,0.05,0.04,0.01,NO
,,,,,,,,,,,,,,,,,,,,,,,,,,,,,,,,,,,,,,,,,,,,,,,,,,,,,,,,,,,,,,,,,,,,,,,,,,,,,,,,,,,,,,,,,,,,,,,,,,,,,,,,,2025-04-24 13:00:55,Signal Acquired,15.337283,73.927599,2.54,0.53,9.15,-0.0,0.01,-0.01,NO
,,,,,,,,,,,,,,,,,,,,,,,,,,,,,,,,,,,,,,,,,,,,,,,,,,,,,,,,,,,,,,,,,,,,,,,,,,,,,,,,,,,,,,,,,,,,,,,,,,,,,,,,,2025-04-24 13:00:55,Signal Acquired,15.337283,73.927599,1.5,0.87,9.88,0.0,0.08,-0.07,NO
,,,,,,,,,,,,,,,,,,,,,,,,,,,,,,,,,,,,,,,,,,,,,,,,,,,,,,,,,,,,,,,,,,,,,,,,,,,,,,,,,,,,,,,,,,,,,,,,,,,,,,,,,2025-04-24 13:00:55,Signal Acquired,15.337424,73.927601,3.79,0.73,8.64,-0.01,-0.01,-0.1,NO
,,,,,,,,,,,,,,,,,,,,,,,,,,,,,,,,,,,,,,,,,,,,,,,,,,,,,,,,,,,,,,,,,,,,,,,,,,,,,,,,,,,,,,,,,,,,,,,,,,,,,,,,,2025-04-24 13:00:57,Signal Acquired,15.337424,73.927601,3.71,0.63,8.32,-0.05,-0.04,-0.03,DETECTED
,,,,,,,,,,,,,,,,,,,,,,,,,,,,,,,,,,,,,,,,,,,,,,,,,,,,,,,,,,,,,,,,,,,,,,,,,,,,,,,,,,,,,,,,,,,,,,,,,,,,,,,,,2025-04-24 13:00:57,Signal Acquired,15.337564,73.927609,1.0,1.25,9.35,-0.02,0.02,-0.03,NO
,,,,,,,,,,,,,,,,,,,,,,,,,,,,,,,,,,,,,,,,,,,,,,,,,,,,,,,,,,,,,,,,,,,,,,,,,,,,,,,,,,,,,,,,,,,,,,,,,,,,,,,,,2025-04-24 13:00:57,Signal Acquired,15.337564,73.927609,1.28,2.06,9.0,0.01,0.04,0.01,NO
,,,,,,,,,,,,,,,,,,,,,,,,,,,,,,,,,,,,,,,,,,,,,,,,,,,,,,,,,,,,,,,,,,,,,,,,,,,,,,,,,,,,,,,,,,,,,,,,,,,,,,,,,2025-04-24 13:01:00,Signal Acquired,15.337707,73.927621,2.3,0.67,8.8,-0.07,-0.06,0.01,DETECTED
,,,,,,,,,,,,,,,,,,,,,,,,,,,,,,,,,,,,,,,,,,,,,,,,,,,,,,,,,,,,,,,,,,,,,,,,,,,,,,,,,,,,,,,,,,,,,,,,,,,,,,,,,2025-04-24 13:01:00,Signal Acquired,15.337707,73.927621,1.59,0.88,8.81,-0.13,0.02,0.01,NO
,,,,,,,,,,,,,,,,,,,,,,,,,,,,,,,,,,,,,,,,,,,,,,,,,,,,,,,,,,,,,,,,,,,,,,,,,,,,,,,,,,,,,,,,,,,,,,,,,,,,,,,,,2025-04-24 13:01:00,Signal Acquired,15.337856,73.927637,4.49,0.57,8.13,-0.08,0.01,-0.01,NO
,,,,,,,,,,,,,,,,,,,,,,,,,,,,,,,,,,,,,,,,,,,,,,,,,,,,,,,,,,,,,,,,,,,,,,,,,,,,,,,,,,,,,,,,,,,,,,,,,,,,,,,,,2025-04-24 13:01:02,Signal Acquired,15.337856,73.927637,3.55,0.97,9.56,0.03,0.06,-0.05,DETECTED
,,,,,,,,,,,,,,,,,,,,,,,,,,,,,,,,,,,,,,,,,,,,,,,,,,,,,,,,,,,,,,,,,,,,,,,,,,,,,,,,,,,,,,,,,,,,,,,,,,,,,,,,,2025-04-24 13:01:02,Signal Acquired,15.338002,73.927657,2.9,0.46,9.21,-0.08,0.02,0.05,NO
,,,,,,,,,,,,,,,,,,,,,,,,,,,,,,,,,,,,,,,,,,,,,,,,,,,,,,,,,,,,,,,,,,,,,,,,,,,,,,,,,,,,,,,,,,,,,,,,,,,,,,,,,2025-04-24 13:01:02,Signal Acquired,15.338002,73.927657,1.58,1.24,8.64,-0.01,0.03,-0.05,NO
,,,,,,,,,,,,,,,,,,,,,,,,,,,,,,,,,,,,,,,,,,,,,,,,,,,,,,,,,,,,,,,,,,,,,,,,,,,,,,,,,,,,,,,,,,,,,,,,,,,,,,,,,2025-04-24 13:01:04,Signal Acquired,15.338159,73.927682,6.09,-0.24,7.53,-0.03,-0.01,0.07,DETECTED
,,,,,,,,,,,,,,,,,,,,,,,,,,,,,,,,,,,,,,,,,,,,,,,,,,,,,,,,,,,,,,,,,,,,,,,,,,,,,,,,,,,,,,,,,,,,,,,,,,,,,,,,,2025-04-24 13:01:04,Signal Acquired,15.338159,73.927682,-1.26,1.48,9.33,-0.11,0.11,0.03,DETECTED
,,,,,,,,,,,,,,,,,,,,,,,,,,,,,,,,,,,,,,,,,,,,,,,,,,,,,,,,,,,,,,,,,,,,,,,,,,,,,,,,,,,,,,,,,,,,,,,,,,,,,,,,,2025-04-24 13:01:04,Signal Acquired,15.338325,73.927713,-2.5,1.84,10.05,-0.03,0.04,0.01,DETECTED
,,,,,,,,,,,,,,,,,,,,,,,,,,,,,,,,,,,,,,,,,,,,,,,,,,,,,,,,,,,,,,,,,,,,,,,,,,,,,,,,,,,,,,,,,,,,,,,,,,,,,,,,,2025-04-24 13:01:06,Signal Acquired,15.338325,73.927713,1.84,0.36,9.23,-0.01,0.08,0.03,DETECTED
,,,,,,,,,,,,,,,,,,,,,,,,,,,,,,,,,,,,,,,,,,,,,,,,,,,,,,,,,,,,,,,,,,,,,,,,,,,,,,,,,,,,,,,,,,,,,,,,,,,,,,,,,2025-04-24 13:01:06,Signal Acquired,15.338488,73.927741,2.3,0.67,8.86,0.02,0.06,0.02,NO
,,,,,,,,,,,,,,,,,,,,,,,,,,,,,,,,,,,,,,,,,,,,,,,,,,,,,,,,,,,,,,,,,,,,,,,,,,,,,,,,,,,,,,,,,,,,,,,,,,,,,,,,,2025-04-24 13:01:06,Signal Acquired,15.338488,73.927741,3.24,0.99,7.86,-0.04,0.02,0.04,DETECTED
,,,,,,,,,,,,,,,,,,,,,,,,,,,,,,,,,,,,,,,,,,,,,,,,,,,,,,,,,,,,,,,,,,,,,,,,,,,,,,,,,,,,,,,,,,,,,,,,,,,,,,,,,2025-04-24 13:01:09,Signal Acquired,15.338657,73.927764,0.88,1.07,8.88,-0.02,-0.02,0.03,NO
,,,,,,,,,,,,,,,,,,,,,,,,,,,,,,,,,,,,,,,,,,,,,,,,,,,,,,,,,,,,,,,,,,,,,,,,,,,,,,,,,,,,,,,,,,,,,,,,,,,,,,,,,2025-04-24 13:01:09,Signal Acquired,15.338657,73.927764,0.98,1.28,8.7,-0.0,-0.01,-0.01,DETECTED
,,,,,,,,,,,,,,,,,,,,,,,,,,,,,,,,,,,,,,,,,,,,,,,,,,,,,,,,,,,,,,,,,,,,,,,,,,,,,,,,,,,,,,,,,,,,,,,,,,,,,,,,,2025-04-24 13:01:09,Signal Acquired,15.338828,73.927779,2.43,0.28,9.32,-0.06,0.01,0.05,DETECTED
,,,,,,,,,,,,,,,,,,,,,,,,,,,,,,,,,,,,,,,,,,,,,,,,,,,,,,,,,,,,,,,,,,,,,,,,,,,,,,,,,,,,,,,,,,,,,,,,,,,,,,,,,2025-04-24 13:01:11,Signal Acquired,15.338828,73.927779,-0.02,0.8,9.25,-0.02,0.01,0.01,NO
,,,,,,,,,,,,,,,,,,,,,,,,,,,,,,,,,,,,,,,,,,,,,,,,,,,,,,,,,,,,,,,,,,,,,,,,,,,,,,,,,,,,,,,,,,,,,,,,,,,,,,,,,2025-04-24 13:01:11,Signal Acquired,15.33901,73.927796,2.57,0.4,9.19,-0.03,-0.03,-0.03,DETECTED
,,,,,,,,,,,,,,,,,,,,,,,,,,,,,,,,,,,,,,,,,,,,,,,,,,,,,,,,,,,,,,,,,,,,,,,,,,,,,,,,,,,,,,,,,,,,,,,,,,,,,,,,,2025-04-24 13:01:11,Signal Acquired,15.33901,73.927796,1.88,0.72,8.88,-0.01,0.02,-0.02,NO
,,,,,,,,,,,,,,,,,,,,,,,,,,,,,,,,,,,,,,,,,,,,,,,,,,,,,,,,,,,,,,,,,,,,,,,,,,,,,,,,,,,,,,,,,,,,,,,,,,,,,,,,,2025-04-24 13:01:13,Signal Acquired,15.33918,73.927813,6.39,0.19,6.86,0.09,-0.03,-0.03,DETECTED
,,,,,,,,,,,,,,,,,,,,,,,,,,,,,,,,,,,,,,,,,,,,,,,,,,,,,,,,,,,,,,,,,,,,,,,,,,,,,,,,,,,,,,,,,,,,,,,,,,,,,,,,,2025-04-24 13:01:13,Signal Acquired,15.33918,73.927813,1.39,-0.13,8.68,-0.07,0.01,0.01,DETECTED
,,,,,,,,,,,,,,,,,,,,,,,,,,,,,,,,,,,,,,,,,,,,,,,,,,,,,,,,,,,,,,,,,,,,,,,,,,,,,,,,,,,,,,,,,,,,,,,,,,,,,,,,,2025-04-24 13:01:13,Signal Acquired,15.339352,73.927832,3.17,0.51,8.73,-0.09,-0.02,0.05,NO
,,,,,,,,,,,,,,,,,,,,,,,,,,,,,,,,,,,,,,,,,,,,,,,,,,,,,,,,,,,,,,,,,,,,,,,,,,,,,,,,,,,,,,,,,,,,,,,,,,,,,,,,,2025-04-24 13:01:15,Signal Acquired,15.339352,73.927832,1.63,-0.48,9.64,0.01,0.07,-0.03,NO
,,,,,,,,,,,,,,,,,,,,,,,,,,,,,,,,,,,,,,,,,,,,,,,,,,,,,,,,,,,,,,,,,,,,,,,,,,,,,,,,,,,,,,,,,,,,,,,,,,,,,,,,,2025-04-24 13:01:15,Signal Acquired,15.339518,73.927852,1.25,-2.21,8.0,-0.13,-0.03,0.07,DETECTED
,,,,,,,,,,,,,,,,,,,,,,,,,,,,,,,,,,,,,,,,,,,,,,,,,,,,,,,,,,,,,,,,,,,,,,,,,,,,,,,,,,,,,,,,,,,,,,,,,,,,,,,,,2025-04-24 13:01:15,Signal Acquired,15.339518,73.927852,-1.7,-0.02,9.62,-0.1,0.09,0.0,DETECTED
,,,,,,,,,,,,,,,,,,,,,,,,,,,,,,,,,,,,,,,,,,,,,,,,,,,,,,,,,,,,,,,,,,,,,,,,,,,,,,,,,,,,,,,,,,,,,,,,,,,,,,,,,2025-04-24 13:01:17,Signal Acquired,15.33968,73.927874,0.48,0.26,9.81,0.01,-0.05,0.02,NO
,,,,,,,,,,,,,,,,,,,,,,,,,,,,,,,,,,,,,,,,,,,,,,,,,,,,,,,,,,,,,,,,,,,,,,,,,,,,,,,,,,,,,,,,,,,,,,,,,,,,,,,,,2025-04-24 13:01:17,Signal Acquired,15.33968,73.927874,2.76,0.57,7.87,0.04,0.0,-0.01,NO
,,,,,,,,,,,,,,,,,,,,,,,,,,,,,,,,,,,,,,,,,,,,,,,,,,,,,,,,,,,,,,,,,,,,,,,,,,,,,,,,,,,,,,,,,,,,,,,,,,,,,,,,,2025-04-24 13:01:17,Signal Acquired,15.339841,73.927893,0.31,0.59,8.81,-0.01,0.06,-0.01,DETECTED
,,,,,,,,,,,,,,,,,,,,,,,,,,,,,,,,,,,,,,,,,,,,,,,,,,,,,,,,,,,,,,,,,,,,,,,,,,,,,,,,,,,,,,,,,,,,,,,,,,,,,,,,,2025-04-24 13:01:20,Signal Acquired,15.339841,73.927893,1.75,-0.26,8.76,0.03,0.06,-0.06,NO
,,,,,,,,,,,,,,,,,,,,,,,,,,,,,,,,,,,,,,,,,,,,,,,,,,,,,,,,,,,,,,,,,,,,,,,,,,,,,,,,,,,,,,,,,,,,,,,,,,,,,,,,,2025-04-24 13:01:20,Signal Acquired,15.339991,73.927912,-0.3,0.45,8.77,-0.03,0.02,0.04,NO
,,,,,,,,,,,,,,,,,,,,,,,,,,,,,,,,,,,,,,,,,,,,,,,,,,,,,,,,,,,,,,,,,,,,,,,,,,,,,,,,,,,,,,,,,,,,,,,,,,,,,,,,,2025-04-24 13:01:20,Signal Acquired,15.339991,73.927912,0.19,-0.1,9.88,-0.05,-0.01,0.03,DETECTED
,,,,,,,,,,,,,,,,,,,,,,,,,,,,,,,,,,,,,,,,,,,,,,,,,,,,,,,,,,,,,,,,,,,,,,,,,,,,,,,,,,,,,,,,,,,,,,,,,,,,,,,,,2025-04-24 13:01:22,Signal Acquired,15.340138,73.927928,2.41,0.31,8.73,-0.0,-0.01,0.03,NO
,,,,,,,,,,,,,,,,,,,,,,,,,,,,,,,,,,,,,,,,,,,,,,,,,,,,,,,,,,,,,,,,,,,,,,,,,,,,,,,,,,,,,,,,,,,,,,,,,,,,,,,,,2025-04-24 13:01:22,Signal Acquired,15.340138,73.927928,-0.8,0.72,9.88,0.03,-0.03,0.02,NO
,,,,,,,,,,,,,,,,,,,,,,,,,,,,,,,,,,,,,,,,,,,,,,,,,,,,,,,,,,,,,,,,,,,,,,,,,,,,,,,,,,,,,,,,,,,,,,,,,,,,,,,,,2025-04-24 13:01:22,Signal Acquired,15.340287,73.927941,2.07,-0.28,8.56,-0.02,-0.06,0.05,DETECTED
,,,,,,,,,,,,,,,,,,,,,,,,,,,,,,,,,,,,,,,,,,,,,,,,,,,,,,,,,,,,,,,,,,,,,,,,,,,,,,,,,,,,,,,,,,,,,,,,,,,,,,,,,2025-04-24 13:01:24,Signal Acquired,15.340287,73.927941,1.61,-0.35,9.43,-0.05,0.03,0.06,NO
,,,,,,,,,,,,,,,,,,,,,,,,,,,,,,,,,,,,,,,,,,,,,,,,,,,,,,,,,,,,,,,,,,,,,,,,,,,,,,,,,,,,,,,,,,,,,,,,,,,,,,,,,2025-04-24 13:01:24,Signal Acquired,15.340432,73.92795,-2.06,1.74,10.32,0.1,-0.02,0.07,DETECTED
,,,,,,,,,,,,,,,,,,,,,,,,,,,,,,,,,,,,,,,,,,,,,,,,,,,,,,,,,,,,,,,,,,,,,,,,,,,,,,,,,,,,,,,,,,,,,,,,,,,,,,,,,2025-04-24 13:01:24,Signal Acquired,15.340432,73.92795,0.4,0.69,8.85,0.0,0.01,0.07,NO
,,,,,,,,,,,,,,,,,,,,,,,,,,,,,,,,,,,,,,,,,,,,,,,,,,,,,,,,,,,,,,,,,,,,,,,,,,,,,,,,,,,,,,,,,,,,,,,,,,,,,,,,,2025-04-24 13:01:26,Signal Acquired,15.340568,73.92795,1.07,-0.37,9.39,-0.07,-0.01,0.07,NO
,,,,,,,,,,,,,,,,,,,,,,,,,,,,,,,,,,,,,,,,,,,,,,,,,,,,,,,,,,,,,,,,,,,,,,,,,,,,,,,,,,,,,,,,,,,,,,,,,,,,,,,,,2025-04-24 13:01:26,Signal Acquired,15.340568,73.92795,1.67,0.43,9.46,0.05,0.03,-0.01,NO
,,,,,,,,,,,,,,,,,,,,,,,,,,,,,,,,,,,,,,,,,,,,,,,,,,,,,,,,,,,,,,,,,,,,,,,,,,,,,,,,,,,,,,,,,,,,,,,,,,,,,,,,,2025-04-24 13:01:26,Signal Acquired,15.340697,73.92794,1.85,-0.51,9.7,-0.02,-0.01,0.03,NO
,,,,,,,,,,,,,,,,,,,,,,,,,,,,,,,,,,,,,,,,,,,,,,,,,,,,,,,,,,,,,,,,,,,,,,,,,,,,,,,,,,,,,,,,,,,,,,,,,,,,,,,,,2025-04-24 13:01:29,Signal Acquired,15.340697,73.92794,1.26,0.12,8.96,-0.01,0.04,0.03,NO
,,,,,,,,,,,,,,,,,,,,,,,,,,,,,,,,,,,,,,,,,,,,,,,,,,,,,,,,,,,,,,,,,,,,,,,,,,,,,,,,,,,,,,,,,,,,,,,,,,,,,,,,,2025-04-24 13:01:29,Signal Acquired,15.340823,73.927926,1.72,-0.17,9.02,-0.07,0.04,0.04,NO
,,,,,,,,,,,,,,,,,,,,,,,,,,,,,,,,,,,,,,,,,,,,,,,,,,,,,,,,,,,,,,,,,,,,,,,,,,,,,,,,,,,,,,,,,,,,,,,,,,,,,,,,,2025-04-24 13:01:29,Signal Acquired,15.340823,73.927926,-0.4,-0.84,8.01,-0.19,0.05,0.08,DETECTED
,,,,,,,,,,,,,,,,,,,,,,,,,,,,,,,,,,,,,,,,,,,,,,,,,,,,,,,,,,,,,,,,,,,,,,,,,,,,,,,,,,,,,,,,,,,,,,,,,,,,,,,,,2025-04-24 13:01:31,Signal Acquired,15.340917,73.927916,3.53,-0.62,8.83,-0.11,0.04,0.05,NO
,,,,,,,,,,,,,,,,,,,,,,,,,,,,,,,,,,,,,,,,,,,,,,,,,,,,,,,,,,,,,,,,,,,,,,,,,,,,,,,,,,,,,,,,,,,,,,,,,,,,,,,,,2025-04-24 13:01:31,Signal Acquired,15.340917,73.927916,-0.19,1.13,9.62,0.04,0.04,-0.03,DETECTED
,,,,,,,,,,,,,,,,,,,,,,,,,,,,,,,,,,,,,,,,,,,,,,,,,,,,,,,,,,,,,,,,,,,,,,,,,,,,,,,,,,,,,,,,,,,,,,,,,,,,,,,,,2025-04-24 13:01:31,Signal Acquired,15.340998,73.927901,0.18,0.25,9.68,-0.05,0.03,0.01,NO
,,,,,,,,,,,,,,,,,,,,,,,,,,,,,,,,,,,,,,,,,,,,,,,,,,,,,,,,,,,,,,,,,,,,,,,,,,,,,,,,,,,,,,,,,,,,,,,,,,,,,,,,,2025-04-24 13:01:33,Signal Acquired,15.340998,73.927901,1.5,0.52,9.27,-0.01,-0.01,0.03,NO
,,,,,,,,,,,,,,,,,,,,,,,,,,,,,,,,,,,,,,,,,,,,,,,,,,,,,,,,,,,,,,,,,,,,,,,,,,,,,,,,,,,,,,,,,,,,,,,,,,,,,,,,,2025-04-24 13:01:33,Signal Acquired,15.341091,73.927885,4.17,-0.6,8.72,0.05,-0.01,-0.05,DETECTED
,,,,,,,,,,,,,,,,,,,,,,,,,,,,,,,,,,,,,,,,,,,,,,,,,,,,,,,,,,,,,,,,,,,,,,,,,,,,,,,,,,,,,,,,,,,,,,,,,,,,,,,,,2025-04-24 13:01:33,Signal Acquired,15.341091,73.927885,2.45,-0.49,9.28,-0.02,0.01,-0.01,NO
,,,,,,,,,,,,,,,,,,,,,,,,,,,,,,,,,,,,,,,,,,,,,,,,,,,,,,,,,,,,,,,,,,,,,,,,,,,,,,,,,,,,,,,,,,,,,,,,,,,,,,,,,2025-04-24 13:01:35,Signal Acquired,15.34119,73.92787,0.94,-0.26,9.61,-0.03,0.01,0.04,NO
,,,,,,,,,,,,,,,,,,,,,,,,,,,,,,,,,,,,,,,,,,,,,,,,,,,,,,,,,,,,,,,,,,,,,,,,,,,,,,,,,,,,,,,,,,,,,,,,,,,,,,,,,2025-04-24 13:01:35,Signal Acquired,15.34119,73.92787,2.17,0.26,8.65,-0.03,0.01,0.01,NO
,,,,,,,,,,,,,,,,,,,,,,,,,,,,,,,,,,,,,,,,,,,,,,,,,,,,,,,,,,,,,,,,,,,,,,,,,,,,,,,,,,,,,,,,,,,,,,,,,,,,,,,,,2025-04-24 13:01:35,Signal Acquired,15.341289,73.927854,3.28,0.56,9.22,-0.05,-0.03,0.02,NO
,,,,,,,,,,,,,,,,,,,,,,,,,,,,,,,,,,,,,,,,,,,,,,,,,,,,,,,,,,,,,,,,,,,,,,,,,,,,,,,,,,,,,,,,,,,,,,,,,,,,,,,,,2025-04-24 13:01:38,Signal Acquired,15.341289,73.927854,4.02,-0.02,8.42,-0.02,0.02,0.01,DETECTED
,,,,,,,,,,,,,,,,,,,,,,,,,,,,,,,,,,,,,,,,,,,,,,,,,,,,,,,,,,,,,,,,,,,,,,,,,,,,,,,,,,,,,,,,,,,,,,,,,,,,,,,,,2025-04-24 13:01:38,Signal Acquired,15.341392,73.927839,1.21,-0.65,9.16,-0.02,0.01,0.02,DETECTED
,,,,,,,,,,,,,,,,,,,,,,,,,,,,,,,,,,,,,,,,,,,,,,,,,,,,,,,,,,,,,,,,,,,,,,,,,,,,,,,,,,,,,,,,,,,,,,,,,,,,,,,,,2025-04-24 13:01:38,Signal Acquired,15.341392,73.927839,3.99,-0.23,8.69,0.02,0.07,-0.05,DETECTED
,,,,,,,,,,,,,,,,,,,,,,,,,,,,,,,,,,,,,,,,,,,,,,,,,,,,,,,,,,,,,,,,,,,,,,,,,,,,,,,,,,,,,,,,,,,,,,,,,,,,,,,,,2025-04-24 13:01:40,Signal Acquired,15.341488,73.927822,1.98,-0.64,8.49,-0.05,-0.04,0.01,NO
,,,,,,,,,,,,,,,,,,,,,,,,,,,,,,,,,,,,,,,,,,,,,,,,,,,,,,,,,,,,,,,,,,,,,,,,,,,,,,,,,,,,,,,,,,,,,,,,,,,,,,,,,2025-04-24 13:01:40,Signal Acquired,15.341488,73.927822,0.13,-0.24,9.39,-0.05,0.02,-0.01,NO
,,,,,,,,,,,,,,,,,,,,,,,,,,,,,,,,,,,,,,,,,,,,,,,,,,,,,,,,,,,,,,,,,,,,,,,,,,,,,,,,,,,,,,,,,,,,,,,,,,,,,,,,,2025-04-24 13:01:40,Signal Acquired,15.341601,73.927802,2.54,0.14,7.93,-0.01,0.03,0.02,NO
,,,,,,,,,,,,,,,,,,,,,,,,,,,,,,,,,,,,,,,,,,,,,,,,,,,,,,,,,,,,,,,,,,,,,,,,,,,,,,,,,,,,,,,,,,,,,,,,,,,,,,,,,2025-04-24 13:01:42,Signal Acquired,15.341601,73.927802,1.75,0.64,9.16,-0.02,0.07,-0.0,NO
,,,,,,,,,,,,,,,,,,,,,,,,,,,,,,,,,,,,,,,,,,,,,,,,,,,,,,,,,,,,,,,,,,,,,,,,,,,,,,,,,,,,,,,,,,,,,,,,,,,,,,,,,2025-04-24 13:01:42,Signal Acquired,15.341709,73.927783,1.7,0.72,9.59,-0.04,-0.02,0.08,DETECTED
,,,,,,,,,,,,,,,,,,,,,,,,,,,,,,,,,,,,,,,,,,,,,,,,,,,,,,,,,,,,,,,,,,,,,,,,,,,,,,,,,,,,,,,,,,,,,,,,,,,,,,,,,2025-04-24 13:01:42,Signal Acquired,15.341709,73.927783,3.54,0.34,9.05,0.02,0.02,-0.02,DETECTED
,,,,,,,,,,,,,,,,,,,,,,,,,,,,,,,,,,,,,,,,,,,,,,,,,,,,,,,,,,,,,,,,,,,,,,,,,,,,,,,,,,,,,,,,,,,,,,,,,,,,,,,,,2025-04-24 13:01:44,Signal Acquired,15.341805,73.927767,0.74,-0.58,9.41,-0.06,0.03,0.01,NO
,,,,,,,,,,,,,,,,,,,,,,,,,,,,,,,,,,,,,,,,,,,,,,,,,,,,,,,,,,,,,,,,,,,,,,,,,,,,,,,,,,,,,,,,,,,,,,,,,,,,,,,,,2025-04-24 13:01:44,Signal Acquired,15.341805,73.927767,2.91,-0.34,8.86,-0.1,0.03,0.03,DETECTED
,,,,,,,,,,,,,,,,,,,,,,,,,,,,,,,,,,,,,,,,,,,,,,,,,,,,,,,,,,,,,,,,,,,,,,,,,,,,,,,,,,,,,,,,,,,,,,,,,,,,,,,,,2025-04-24 13:01:44,Signal Acquired,15.341909,73.927751,0.34,1.15,9.06,-0.02,0.02,0.02,NO
,,,,,,,,,,,,,,,,,,,,,,,,,,,,,,,,,,,,,,,,,,,,,,,,,,,,,,,,,,,,,,,,,,,,,,,,,,,,,,,,,,,,,,,,,,,,,,,,,,,,,,,,,2025-04-24 13:01:47,Signal Acquired,15.341909,73.927751,3.16,-0.65,9.2,-0.08,0.01,0.02,DETECTED
,,,,,,,,,,,,,,,,,,,,,,,,,,,,,,,,,,,,,,,,,,,,,,,,,,,,,,,,,,,,,,,,,,,,,,,,,,,,,,,,,,,,,,,,,,,,,,,,,,,,,,,,,2025-04-24 13:01:47,Signal Acquired,15.342021,73.927733,1.61,0.2,8.47,-0.01,0.04,-0.03,DETECTED
,,,,,,,,,,,,,,,,,,,,,,,,,,,,,,,,,,,,,,,,,,,,,,,,,,,,,,,,,,,,,,,,,,,,,,,,,,,,,,,,,,,,,,,,,,,,,,,,,,,,,,,,,2025-04-24 13:01:47,Signal Acquired,15.342021,73.927733,2.66,-0.34,8.69,-0.04,0.02,0.01,DETECTED
,,,,,,,,,,,,,,,,,,,,,,,,,,,,,,,,,,,,,,,,,,,,,,,,,,,,,,,,,,,,,,,,,,,,,,,,,,,,,,,,,,,,,,,,,,,,,,,,,,,,,,,,,2025-04-24 13:01:49,Signal Acquired,15.342118,73.927718,0.84,0.49,8.99,-0.02,0.01,0.0,DETECTED
,,,,,,,,,,,,,,,,,,,,,,,,,,,,,,,,,,,,,,,,,,,,,,,,,,,,,,,,,,,,,,,,,,,,,,,,,,,,,,,,,,,,,,,,,,,,,,,,,,,,,,,,,2025-04-24 13:01:49,Signal Acquired,15.342118,73.927718,2.35,0.0,8.89,-0.02,0.04,0.0,NO
,,,,,,,,,,,,,,,,,,,,,,,,,,,,,,,,,,,,,,,,,,,,,,,,,,,,,,,,,,,,,,,,,,,,,,,,,,,,,,,,,,,,,,,,,,,,,,,,,,,,,,,,,2025-04-24 13:01:49,Signal Acquired,15.34221,73.927703,1.6,-0.44,9.3,-0.03,0.0,0.0,NO
,,,,,,,,,,,,,,,,,,,,,,,,,,,,,,,,,,,,,,,,,,,,,,,,,,,,,,,,,,,,,,,,,,,,,,,,,,,,,,,,,,,,,,,,,,,,,,,,,,,,,,,,,2025-04-24 13:01:51,Signal Acquired,15.34221,73.927703,0.69,0.96,9.54,-0.04,0.06,0.02,DETECTED
,,,,,,,,,,,,,,,,,,,,,,,,,,,,,,,,,,,,,,,,,,,,,,,,,,,,,,,,,,,,,,,,,,,,,,,,,,,,,,,,,,,,,,,,,,,,,,,,,,,,,,,,,2025-04-24 13:01:51,Signal Acquired,15.342305,73.927688,1.1,0.71,9.31,-0.05,-0.01,0.04,NO
,,,,,,,,,,,,,,,,,,,,,,,,,,,,,,,,,,,,,,,,,,,,,,,,,,,,,,,,,,,,,,,,,,,,,,,,,,,,,,,,,,,,,,,,,,,,,,,,,,,,,,,,,2025-04-24 13:01:51,Signal Acquired,15.342305,73.927688,2.03,0.58,8.61,-0.01,0.03,-0.02,NO
,,,,,,,,,,,,,,,,,,,,,,,,,,,,,,,,,,,,,,,,,,,,,,,,,,,,,,,,,,,,,,,,,,,,,,,,,,,,,,,,,,,,,,,,,,,,,,,,,,,,,,,,,2025-04-24 13:01:53,Signal Acquired,15.342401,73.927673,3.51,0.79,8.5,-0.04,0.02,-0.01,NO
,,,,,,,,,,,,,,,,,,,,,,,,,,,,,,,,,,,,,,,,,,,,,,,,,,,,,,,,,,,,,,,,,,,,,,,,,,,,,,,,,,,,,,,,,,,,,,,,,,,,,,,,,2025-04-24 13:01:53,Signal Acquired,15.342401,73.927673,0.99,1.92,9.04,-0.0,0.01,0.02,NO
,,,,,,,,,,,,,,,,,,,,,,,,,,,,,,,,,,,,,,,,,,,,,,,,,,,,,,,,,,,,,,,,,,,,,,,,,,,,,,,,,,,,,,,,,,,,,,,,,,,,,,,,,2025-04-24 13:01:53,Signal Acquired,15.342502,73.927656,0.57,-0.24,8.65,-0.05,0.02,0.01,NO
,,,,,,,,,,,,,,,,,,,,,,,,,,,,,,,,,,,,,,,,,,,,,,,,,,,,,,,,,,,,,,,,,,,,,,,,,,,,,,,,,,,,,,,,,,,,,,,,,,,,,,,,,2025-04-24 13:01:55,Signal Acquired,15.342502,73.927656,0.88,1.07,9.16,-0.08,0.0,0.01,NO
,,,,,,,,,,,,,,,,,,,,,,,,,,,,,,,,,,,,,,,,,,,,,,,,,,,,,,,,,,,,,,,,,,,,,,,,,,,,,,,,,,,,,,,,,,,,,,,,,,,,,,,,,2025-04-24 13:01:55,Signal Acquired,15.342604,73.927639,1.95,1.17,8.97,0.01,0.02,-0.03,NO
,,,,,,,,,,,,,,,,,,,,,,,,,,,,,,,,,,,,,,,,,,,,,,,,,,,,,,,,,,,,,,,,,,,,,,,,,,,,,,,,,,,,,,,,,,,,,,,,,,,,,,,,,2025-04-24 13:01:55,Signal Acquired,15.342604,73.927639,-0.13,1.03,8.98,-0.01,0.03,-0.01,NO
,,,,,,,,,,,,,,,,,,,,,,,,,,,,,,,,,,,,,,,,,,,,,,,,,,,,,,,,,,,,,,,,,,,,,,,,,,,,,,,,,,,,,,,,,,,,,,,,,,,,,,,,,2025-04-24 13:01:58,Signal Acquired,15.342709,73.927625,4.59,0.29,8.63,0.06,0.03,-0.02,DETECTED
,,,,,,,,,,,,,,,,,,,,,,,,,,,,,,,,,,,,,,,,,,,,,,,,,,,,,,,,,,,,,,,,,,,,,,,,,,,,,,,,,,,,,,,,,,,,,,,,,,,,,,,,,2025-04-24 13:01:58,Signal Acquired,15.342709,73.927625,3.04,1.0,9.21,-0.07,0.03,-0.01,NO
,,,,,,,,,,,,,,,,,,,,,,,,,,,,,,,,,,,,,,,,,,,,,,,,,,,,,,,,,,,,,,,,,,,,,,,,,,,,,,,,,,,,,,,,,,,,,,,,,,,,,,,,,2025-04-24 13:01:58,Signal Acquired,15.342806,73.92761,2.67,1.39,9.73,0.06,-0.05,0.06,NO
,,,,,,,,,,,,,,,,,,,,,,,,,,,,,,,,,,,,,,,,,,,,,,,,,,,,,,,,,,,,,,,,,,,,,,,,,,,,,,,,,,,,,,,,,,,,,,,,,,,,,,,,,2025-04-24 13:02:00,Signal Acquired,15.342806,73.92761,3.43,0.31,8.45,-0.02,0.04,-0.03,NO
,,,,,,,,,,,,,,,,,,,,,,,,,,,,,,,,,,,,,,,,,,,,,,,,,,,,,,,,,,,,,,,,,,,,,,,,,,,,,,,,,,,,,,,,,,,,,,,,,,,,,,,,,2025-04-24 13:02:00,Signal Acquired,15.342916,73.927591,2.76,0.6,9.65,-0.02,0.04,-0.02,NO
,,,,,,,,,,,,,,,,,,,,,,,,,,,,,,,,,,,,,,,,,,,,,,,,,,,,,,,,,,,,,,,,,,,,,,,,,,,,,,,,,,,,,,,,,,,,,,,,,,,,,,,,,2025-04-24 13:02:00,Signal Acquired,15.342916,73.927591,2.27,0.29,8.6,-0.07,0.02,0.01,NO
,,,,,,,,,,,,,,,,,,,,,,,,,,,,,,,,,,,,,,,,,,,,,,,,,,,,,,,,,,,,,,,,,,,,,,,,,,,,,,,,,,,,,,,,,,,,,,,,,,,,,,,,,2025-04-24 13:02:02,Signal Acquired,15.343022,73.927574,1.92,0.87,8.33,-0.01,0.08,0.0,NO
,,,,,,,,,,,,,,,,,,,,,,,,,,,,,,,,,,,,,,,,,,,,,,,,,,,,,,,,,,,,,,,,,,,,,,,,,,,,,,,,,,,,,,,,,,,,,,,,,,,,,,,,,2025-04-24 13:02:02,Signal Acquired,15.343022,73.927574,1.16,0.83,8.96,0.04,0.03,-0.02,DETECTED
,,,,,,,,,,,,,,,,,,,,,,,,,,,,,,,,,,,,,,,,,,,,,,,,,,,,,,,,,,,,,,,,,,,,,,,,,,,,,,,,,,,,,,,,,,,,,,,,,,,,,,,,,2025-04-24 13:02:02,Signal Acquired,15.34313,73.927558,0.76,0.96,9.85,-0.07,0.02,0.01,NO
,,,,,,,,,,,,,,,,,,,,,,,,,,,,,,,,,,,,,,,,,,,,,,,,,,,,,,,,,,,,,,,,,,,,,,,,,,,,,,,,,,,,,,,,,,,,,,,,,,,,,,,,,2025-04-24 13:02:04,Signal Acquired,15.34313,73.927558,1.4,0.62,8.69,-0.03,0.03,0.01,NO
,,,,,,,,,,,,,,,,,,,,,,,,,,,,,,,,,,,,,,,,,,,,,,,,,,,,,,,,,,,,,,,,,,,,,,,,,,,,,,,,,,,,,,,,,,,,,,,,,,,,,,,,,2025-04-24 13:02:04,Signal Acquired,15.343242,73.927542,1.03,1.04,8.89,0.07,-0.03,-0.0,DETECTED
,,,,,,,,,,,,,,,,,,,,,,,,,,,,,,,,,,,,,,,,,,,,,,,,,,,,,,,,,,,,,,,,,,,,,,,,,,,,,,,,,,,,,,,,,,,,,,,,,,,,,,,,,2025-04-24 13:02:04,Signal Acquired,15.343242,73.927542,0.76,0.46,9.07,-0.01,0.01,0.01,DETECTED
,,,,,,,,,,,,,,,,,,,,,,,,,,,,,,,,,,,,,,,,,,,,,,,,,,,,,,,,,,,,,,,,,,,,,,,,,,,,,,,,,,,,,,,,,,,,,,,,,,,,,,,,,2025-04-24 13:02:06,Signal Acquired,15.343351,73.927525,2.71,0.43,8.9,0.01,0.05,-0.01,NO
,,,,,,,,,,,,,,,,,,,,,,,,,,,,,,,,,,,,,,,,,,,,,,,,,,,,,,,,,,,,,,,,,,,,,,,,,,,,,,,,,,,,,,,,,,,,,,,,,,,,,,,,,2025-04-24 13:02:06,Signal Acquired,15.343351,73.927525,1.42,0.78,9.18,-0.01,0.02,-0.01,NO
,,,,,,,,,,,,,,,,,,,,,,,,,,,,,,,,,,,,,,,,,,,,,,,,,,,,,,,,,,,,,,,,,,,,,,,,,,,,,,,,,,,,,,,,,,,,,,,,,,,,,,,,,2025-04-24 13:02:06,Signal Acquired,15.343469,73.927506,1.94,0.96,8.92,-0.01,0.01,0.02,NO
,,,,,,,,,,,,,,,,,,,,,,,,,,,,,,,,,,,,,,,,,,,,,,,,,,,,,,,,,,,,,,,,,,,,,,,,,,,,,,,,,,,,,,,,,,,,,,,,,,,,,,,,,2025-04-24 13:02:09,Signal Acquired,15.343469,73.927506,2.37,0.78,8.32,-0.05,0.05,0.01,NO
,,,,,,,,,,,,,,,,,,,,,,,,,,,,,,,,,,,,,,,,,,,,,,,,,,,,,,,,,,,,,,,,,,,,,,,,,,,,,,,,,,,,,,,,,,,,,,,,,,,,,,,,,2025-04-24 13:02:09,Signal Acquired,15.343584,73.927486,2.75,0.75,8.39,-0.07,0.01,0.05,NO
,,,,,,,,,,,,,,,,,,,,,,,,,,,,,,,,,,,,,,,,,,,,,,,,,,,,,,,,,,,,,,,,,,,,,,,,,,,,,,,,,,,,,,,,,,,,,,,,,,,,,,,,,2025-04-24 13:02:09,Signal Acquired,15.343584,73.927486,1.47,1.86,8.95,0.02,0.02,-0.01,NO
,,,,,,,,,,,,,,,,,,,,,,,,,,,,,,,,,,,,,,,,,,,,,,,,,,,,,,,,,,,,,,,,,,,,,,,,,,,,,,,,,,,,,,,,,,,,,,,,,,,,,,,,,2025-04-24 13:02:11,Signal Acquired,15.343697,73.927468,3.42,0.84,8.69,0.01,0.11,-0.06,DETECTED
,,,,,,,,,,,,,,,,,,,,,,,,,,,,,,,,,,,,,,,,,,,,,,,,,,,,,,,,,,,,,,,,,,,,,,,,,,,,,,,,,,,,,,,,,,,,,,,,,,,,,,,,,2025-04-24 13:02:11,Signal Acquired,15.343697,73.927468,2.59,-0.64,8.25,-0.08,-0.01,-0.02,DETECTED
,,,,,,,,,,,,,,,,,,,,,,,,,,,,,,,,,,,,,,,,,,,,,,,,,,,,,,,,,,,,,,,,,,,,,,,,,,,,,,,,,,,,,,,,,,,,,,,,,,,,,,,,,2025-04-24 13:02:11,Signal Acquired,15.343816,73.927448,0.77,-0.03,7.92,-0.03,0.14,-0.19,DETECTED
,,,,,,,,,,,,,,,,,,,,,,,,,,,,,,,,,,,,,,,,,,,,,,,,,,,,,,,,,,,,,,,,,,,,,,,,,,,,,,,,,,,,,,,,,,,,,,,,,,,,,,,,,2025-04-24 13:02:13,Signal Acquired,15.343816,73.927448,0.58,1.06,9.28,-0.03,0.01,-0.01,NO
,,,,,,,,,,,,,,,,,,,,,,,,,,,,,,,,,,,,,,,,,,,,,,,,,,,,,,,,,,,,,,,,,,,,,,,,,,,,,,,,,,,,,,,,,,,,,,,,,,,,,,,,,2025-04-24 13:02:13,Signal Acquired,15.343939,73.927426,-0.08,0.71,9.91,-0.06,0.05,0.01,DETECTED
,,,,,,,,,,,,,,,,,,,,,,,,,,,,,,,,,,,,,,,,,,,,,,,,,,,,,,,,,,,,,,,,,,,,,,,,,,,,,,,,,,,,,,,,,,,,,,,,,,,,,,,,,2025-04-24 13:02:13,Signal Acquired,15.343939,73.927426,2.76,0.33,8.8,-0.02,0.01,-0.01,DETECTED
,,,,,,,,,,,,,,,,,,,,,,,,,,,,,,,,,,,,,,,,,,,,,,,,,,,,,,,,,,,,,,,,,,,,,,,,,,,,,,,,,,,,,,,,,,,,,,,,,,,,,,,,,2025-04-24 13:02:15,Signal Acquired,15.344063,73.927406,1.42,0.33,8.96,-0.03,0.03,-0.01,NO
,,,,,,,,,,,,,,,,,,,,,,,,,,,,,,,,,,,,,,,,,,,,,,,,,,,,,,,,,,,,,,,,,,,,,,,,,,,,,,,,,,,,,,,,,,,,,,,,,,,,,,,,,2025-04-24 13:02:15,Signal Acquired,15.344063,73.927406,2.84,0.8,9.23,-0.04,0.1,-0.01,NO
,,,,,,,,,,,,,,,,,,,,,,,,,,,,,,,,,,,,,,,,,,,,,,,,,,,,,,,,,,,,,,,,,,,,,,,,,,,,,,,,,,,,,,,,,,,,,,,,,,,,,,,,,2025-04-24 13:02:15,Signal Acquired,15.344185,73.927387,1.13,-0.16,9.46,-0.03,0.01,0.02,NO
,,,,,,,,,,,,,,,,,,,,,,,,,,,,,,,,,,,,,,,,,,,,,,,,,,,,,,,,,,,,,,,,,,,,,,,,,,,,,,,,,,,,,,,,,,,,,,,,,,,,,,,,,2025-04-24 13:02:18,Signal Acquired,15.344185,73.927387,0.15,-0.62,10.2,0.08,-0.08,0.03,NO
,,,,,,,,,,,,,,,,,,,,,,,,,,,,,,,,,,,,,,,,,,,,,,,,,,,,,,,,,,,,,,,,,,,,,,,,,,,,,,,,,,,,,,,,,,,,,,,,,,,,,,,,,2025-04-24 13:02:18,Signal Acquired,15.344307,73.927368,2.15,0.45,8.69,0.0,0.08,-0.03,NO
,,,,,,,,,,,,,,,,,,,,,,,,,,,,,,,,,,,,,,,,,,,,,,,,,,,,,,,,,,,,,,,,,,,,,,,,,,,,,,,,,,,,,,,,,,,,,,,,,,,,,,,,,2025-04-24 13:02:18,Signal Acquired,15.344307,73.927368,0.71,0.24,9.12,-0.02,0.03,-0.01,NO
,,,,,,,,,,,,,,,,,,,,,,,,,,,,,,,,,,,,,,,,,,,,,,,,,,,,,,,,,,,,,,,,,,,,,,,,,,,,,,,,,,,,,,,,,,,,,,,,,,,,,,,,,2025-04-24 13:02:20,Signal Acquired,15.344434,73.927348,2.96,-0.22,8.76,-0.06,0.04,0.02,NO
,,,,,,,,,,,,,,,,,,,,,,,,,,,,,,,,,,,,,,,,,,,,,,,,,,,,,,,,,,,,,,,,,,,,,,,,,,,,,,,,,,,,,,,,,,,,,,,,,,,,,,,,,2025-04-24 13:02:20,Signal Acquired,15.344434,73.927348,1.74,0.06,9.17,-0.11,0.0,-0.03,NO
,,,,,,,,,,,,,,,,,,,,,,,,,,,,,,,,,,,,,,,,,,,,,,,,,,,,,,,,,,,,,,,,,,,,,,,,,,,,,,,,,,,,,,,,,,,,,,,,,,,,,,,,,2025-04-24 13:02:20,Signal Acquired,15.344564,73.927324,3.53,0.26,8.28,0.02,-0.05,0.0,NO
,,,,,,,,,,,,,,,,,,,,,,,,,,,,,,,,,,,,,,,,,,,,,,,,,,,,,,,,,,,,,,,,,,,,,,,,,,,,,,,,,,,,,,,,,,,,,,,,,,,,,,,,,2025-04-24 13:02:22,Signal Acquired,15.344564,73.927324,1.98,-0.03,9.17,-0.02,0.01,-0.0,NO
,,,,,,,,,,,,,,,,,,,,,,,,,,,,,,,,,,,,,,,,,,,,,,,,,,,,,,,,,,,,,,,,,,,,,,,,,,,,,,,,,,,,,,,,,,,,,,,,,,,,,,,,,2025-04-24 13:02:22,Signal Acquired,15.344682,73.927304,0.4,0.22,9.57,-0.06,-0.03,0.02,NO
,,,,,,,,,,,,,,,,,,,,,,,,,,,,,,,,,,,,,,,,,,,,,,,,,,,,,,,,,,,,,,,,,,,,,,,,,,,,,,,,,,,,,,,,,,,,,,,,,,,,,,,,,2025-04-24 13:02:22,Signal Acquired,15.344682,73.927304,2.35,-0.03,8.49,-0.02,0.01,0.0,NO
,,,,,,,,,,,,,,,,,,,,,,,,,,,,,,,,,,,,,,,,,,,,,,,,,,,,,,,,,,,,,,,,,,,,,,,,,,,,,,,,,,,,,,,,,,,,,,,,,,,,,,,,,2025-04-24 13:02:24,Signal Acquired,15.344798,73.927287,2.98,0.19,8.18,-0.08,-0.05,0.01,NO
,,,,,,,,,,,,,,,,,,,,,,,,,,,,,,,,,,,,,,,,,,,,,,,,,,,,,,,,,,,,,,,,,,,,,,,,,,,,,,,,,,,,,,,,,,,,,,,,,,,,,,,,,2025-04-24 13:02:24,Signal Acquired,15.344798,73.927287,2.3,0.19,9.36,0.01,-0.01,-0.01,NO
,,,,,,,,,,,,,,,,,,,,,,,,,,,,,,,,,,,,,,,,,,,,,,,,,,,,,,,,,,,,,,,,,,,,,,,,,,,,,,,,,,,,,,,,,,,,,,,,,,,,,,,,,2025-04-24 13:02:24,Signal Acquired,15.344906,73.92727,0.18,-0.56,9.55,0.01,0.05,-0.03,NO
,,,,,,,,,,,,,,,,,,,,,,,,,,,,,,,,,,,,,,,,,,,,,,,,,,,,,,,,,,,,,,,,,,,,,,,,,,,,,,,,,,,,,,,,,,,,,,,,,,,,,,,,,2025-04-24 13:02:27,Signal Acquired,15.344906,73.92727,3.49,0.19,9.16,-0.01,-0.01,-0.02,DETECTED
,,,,,,,,,,,,,,,,,,,,,,,,,,,,,,,,,,,,,,,,,,,,,,,,,,,,,,,,,,,,,,,,,,,,,,,,,,,,,,,,,,,,,,,,,,,,,,,,,,,,,,,,,2025-04-24 13:02:27,Signal Acquired,15.345023,73.927254,0.73,0.84,8.71,-0.0,-0.01,-0.03,NO
,,,,,,,,,,,,,,,,,,,,,,,,,,,,,,,,,,,,,,,,,,,,,,,,,,,,,,,,,,,,,,,,,,,,,,,,,,,,,,,,,,,,,,,,,,,,,,,,,,,,,,,,,2025-04-24 13:02:27,Signal Acquired,15.345023,73.927254,1.6,0.68,9.41,0.0,0.02,-0.0,NO
,,,,,,,,,,,,,,,,,,,,,,,,,,,,,,,,,,,,,,,,,,,,,,,,,,,,,,,,,,,,,,,,,,,,,,,,,,,,,,,,,,,,,,,,,,,,,,,,,,,,,,,,,2025-04-24 13:02:29,Signal Acquired,15.345129,73.927239,2.43,0.24,8.64,-0.0,0.07,-0.03,NO
,,,,,,,,,,,,,,,,,,,,,,,,,,,,,,,,,,,,,,,,,,,,,,,,,,,,,,,,,,,,,,,,,,,,,,,,,,,,,,,,,,,,,,,,,,,,,,,,,,,,,,,,,2025-04-24 13:02:29,Signal Acquired,15.345129,73.927239,0.77,0.16,8.71,-0.07,0.09,0.02,NO
,,,,,,,,,,,,,,,,,,,,,,,,,,,,,,,,,,,,,,,,,,,,,,,,,,,,,,,,,,,,,,,,,,,,,,,,,,,,,,,,,,,,,,,,,,,,,,,,,,,,,,,,,2025-04-24 13:02:29,Signal Acquired,15.345228,73.927225,1.79,0.99,9.18,-0.05,0.04,0.01,NO
,,,,,,,,,,,,,,,,,,,,,,,,,,,,,,,,,,,,,,,,,,,,,,,,,,,,,,,,,,,,,,,,,,,,,,,,,,,,,,,,,,,,,,,,,,,,,,,,,,,,,,,,,2025-04-24 13:02:31,Signal Acquired,15.345228,73.927225,2.24,0.64,9.6,0.01,-0.02,-0.05,NO
,,,,,,,,,,,,,,,,,,,,,,,,,,,,,,,,,,,,,,,,,,,,,,,,,,,,,,,,,,,,,,,,,,,,,,,,,,,,,,,,,,,,,,,,,,,,,,,,,,,,,,,,,2025-04-24 13:02:31,Signal Acquired,15.345333,73.927208,1.34,0.42,8.83,-0.01,0.02,-0.01,DETECTED
,,,,,,,,,,,,,,,,,,,,,,,,,,,,,,,,,,,,,,,,,,,,,,,,,,,,,,,,,,,,,,,,,,,,,,,,,,,,,,,,,,,,,,,,,,,,,,,,,,,,,,,,,2025-04-24 13:02:31,Signal Acquired,15.345333,73.927208,1.23,1.05,8.81,-0.04,0.02,0.01,NO
,,,,,,,,,,,,,,,,,,,,,,,,,,,,,,,,,,,,,,,,,,,,,,,,,,,,,,,,,,,,,,,,,,,,,,,,,,,,,,,,,,,,,,,,,,,,,,,,,,,,,,,,,2025-04-24 13:02:33,Signal Acquired,15.345438,73.927191,0.62,1.01,9.3,0.01,0.01,0.01,NO
,,,,,,,,,,,,,,,,,,,,,,,,,,,,,,,,,,,,,,,,,,,,,,,,,,,,,,,,,,,,,,,,,,,,,,,,,,,,,,,,,,,,,,,,,,,,,,,,,,,,,,,,,2025-04-24 13:02:33,Signal Acquired,15.345438,73.927191,1.38,1.15,9.32,-0.0,0.04,0.01,NO
,,,,,,,,,,,,,,,,,,,,,,,,,,,,,,,,,,,,,,,,,,,,,,,,,,,,,,,,,,,,,,,,,,,,,,,,,,,,,,,,,,,,,,,,,,,,,,,,,,,,,,,,,2025-04-24 13:02:33,Signal Acquired,15.345555,73.927174,1.93,1.01,9.01,-0.05,0.02,0.03,NO
,,,,,,,,,,,,,,,,,,,,,,,,,,,,,,,,,,,,,,,,,,,,,,,,,,,,,,,,,,,,,,,,,,,,,,,,,,,,,,,,,,,,,,,,,,,,,,,,,,,,,,,,,2025-04-24 13:02:36,Signal Acquired,15.345555,73.927174,0.53,0.86,9.62,-0.01,0.08,-0.0,NO
,,,,,,,,,,,,,,,,,,,,,,,,,,,,,,,,,,,,,,,,,,,,,,,,,,,,,,,,,,,,,,,,,,,,,,,,,,,,,,,,,,,,,,,,,,,,,,,,,,,,,,,,,2025-04-24 13:02:36,Signal Acquired,15.345677,73.927155,0.68,1.73,8.72,-0.01,0.05,0.0,NO
,,,,,,,,,,,,,,,,,,,,,,,,,,,,,,,,,,,,,,,,,,,,,,,,,,,,,,,,,,,,,,,,,,,,,,,,,,,,,,,,,,,,,,,,,,,,,,,,,,,,,,,,,2025-04-24 13:02:36,Signal Acquired,15.345677,73.927155,3.21,0.22,8.3,-0.06,0.01,0.02,NO
,,,,,,,,,,,,,,,,,,,,,,,,,,,,,,,,,,,,,,,,,,,,,,,,,,,,,,,,,,,,,,,,,,,,,,,,,,,,,,,,,,,,,,,,,,,,,,,,,,,,,,,,,2025-04-24 13:02:38,Signal Acquired,15.345791,73.927138,2.16,0.68,9.21,-0.04,0.03,-0.01,NO
,,,,,,,,,,,,,,,,,,,,,,,,,,,,,,,,,,,,,,,,,,,,,,,,,,,,,,,,,,,,,,,,,,,,,,,,,,,,,,,,,,,,,,,,,,,,,,,,,,,,,,,,,2025-04-24 13:02:38,Signal Acquired,15.345791,73.927138,1.93,0.99,8.76,-0.01,0.04,-0.0,NO
,,,,,,,,,,,,,,,,,,,,,,,,,,,,,,,,,,,,,,,,,,,,,,,,,,,,,,,,,,,,,,,,,,,,,,,,,,,,,,,,,,,,,,,,,,,,,,,,,,,,,,,,,2025-04-24 13:02:38,Signal Acquired,15.345903,73.927121,3.08,0.07,9.59,-0.05,0.04,-0.01,DETECTED
,,,,,,,,,,,,,,,,,,,,,,,,,,,,,,,,,,,,,,,,,,,,,,,,,,,,,,,,,,,,,,,,,,,,,,,,,,,,,,,,,,,,,,,,,,,,,,,,,,,,,,,,,2025-04-24 13:02:40,Signal Acquired,15.345903,73.927121,1.65,0.21,9.37,-0.05,0.07,-0.03,NO
,,,,,,,,,,,,,,,,,,,,,,,,,,,,,,,,,,,,,,,,,,,,,,,,,,,,,,,,,,,,,,,,,,,,,,,,,,,,,,,,,,,,,,,,,,,,,,,,,,,,,,,,,2025-04-24 13:02:40,Signal Acquired,15.345999,73.927108,1.67,0.45,8.81,-0.05,-0.05,0.02,NO
,,,,,,,,,,,,,,,,,,,,,,,,,,,,,,,,,,,,,,,,,,,,,,,,,,,,,,,,,,,,,,,,,,,,,,,,,,,,,,,,,,,,,,,,,,,,,,,,,,,,,,,,,2025-04-24 13:02:40,Signal Acquired,15.345999,73.927108,1.34,1.55,9.24,-0.04,0.04,0.0,NO
,,,,,,,,,,,,,,,,,,,,,,,,,,,,,,,,,,,,,,,,,,,,,,,,,,,,,,,,,,,,,,,,,,,,,,,,,,,,,,,,,,,,,,,,,,,,,,,,,,,,,,,,,2025-04-24 13:02:42,Signal Acquired,15.346114,73.927094,3.73,0.24,8.95,-0.03,0.02,-0.02,DETECTED
,,,,,,,,,,,,,,,,,,,,,,,,,,,,,,,,,,,,,,,,,,,,,,,,,,,,,,,,,,,,,,,,,,,,,,,,,,,,,,,,,,,,,,,,,,,,,,,,,,,,,,,,,2025-04-24 13:02:42,Signal Acquired,15.346114,73.927094,3.28,0.28,9.11,-0.08,0.04,0.0,NO
,,,,,,,,,,,,,,,,,,,,,,,,,,,,,,,,,,,,,,,,,,,,,,,,,,,,,,,,,,,,,,,,,,,,,,,,,,,,,,,,,,,,,,,,,,,,,,,,,,,,,,,,,2025-04-24 13:02:42,Signal Acquired,15.346233,73.927082,1.49,0.84,9.12,-0.01,0.02,-0.03,NO
,,,,,,,,,,,,,,,,,,,,,,,,,,,,,,,,,,,,,,,,,,,,,,,,,,,,,,,,,,,,,,,,,,,,,,,,,,,,,,,,,,,,,,,,,,,,,,,,,,,,,,,,,2025-04-24 13:02:44,Signal Acquired,15.346233,73.927082,0.48,0.44,8.85,0.01,0.05,-0.06,DETECTED
,,,,,,,,,,,,,,,,,,,,,,,,,,,,,,,,,,,,,,,,,,,,,,,,,,,,,,,,,,,,,,,,,,,,,,,,,,,,,,,,,,,,,,,,,,,,,,,,,,,,,,,,,2025-04-24 13:02:44,Signal Acquired,15.346362,73.927067,1.29,0.71,8.54,-0.03,0.05,-0.06,DETECTED
,,,,,,,,,,,,,,,,,,,,,,,,,,,,,,,,,,,,,,,,,,,,,,,,,,,,,,,,,,,,,,,,,,,,,,,,,,,,,,,,,,,,,,,,,,,,,,,,,,,,,,,,,2025-04-24 13:02:44,Signal Acquired,15.346362,73.927067,0.3,1.8,8.83,0.01,0.02,-0.04,DETECTED
,,,,,,,,,,,,,,,,,,,,,,,,,,,,,,,,,,,,,,,,,,,,,,,,,,,,,,,,,,,,,,,,,,,,,,,,,,,,,,,,,,,,,,,,,,,,,,,,,,,,,,,,,2025-04-24 13:02:47,Signal Acquired,15.346488,73.927057,4.7,0.28,7.87,-0.07,0.05,-0.04,NO
,,,,,,,,,,,,,,,,,,,,,,,,,,,,,,,,,,,,,,,,,,,,,,,,,,,,,,,,,,,,,,,,,,,,,,,,,,,,,,,,,,,,,,,,,,,,,,,,,,,,,,,,,2025-04-24 13:02:47,Signal Acquired,15.346488,73.927057,0.53,0.19,9.04,0.02,0.04,-0.04,NO
,,,,,,,,,,,,,,,,,,,,,,,,,,,,,,,,,,,,,,,,,,,,,,,,,,,,,,,,,,,,,,,,,,,,,,,,,,,,,,,,,,,,,,,,,,,,,,,,,,,,,,,,,2025-04-24 13:02:47,Signal Acquired,15.346488,73.927057,2.56,-0.38,8.56,-0.08,-0.01,-0.02,NO
,,,,,,,,,,,,,,,,,,,,,,,,,,,,,,,,,,,,,,,,,,,,,,,,,,,,,,,,,,,,,,,,,,,,,,,,,,,,,,,,,,,,,,,,,,,,,,,,,,,,,,,,,2025-04-24 13:02:49,Signal Acquired,15.346488,73.927057,1.27,0.28,9.07,-0.02,-0.02,-0.03,NO
,,,,,,,,,,,,,,,,,,,,,,,,,,,,,,,,,,,,,,,,,,,,,,,,,,,,,,,,,,,,,,,,,,,,,,,,,,,,,,,,,,,,,,,,,,,,,,,,,,,,,,,,,2025-04-24 13:02:49,Signal Acquired,15.346488,73.927057,1.79,0.15,9.0,-0.04,-0.03,-0.04,NO
,,,,,,,,,,,,,,,,,,,,,,,,,,,,,,,,,,,,,,,,,,,,,,,,,,,,,,,,,,,,,,,,,,,,,,,,,,,,,,,,,,,,,,,,,,,,,,,,,,,,,,,,,2025-04-24 13:02:49,Signal Acquired,15.346488,73.927057,2.04,0.9,9.56,0.02,0.05,-0.06,DETECTED
,,,,,,,,,,,,,,,,,,,,,,,,,,,,,,,,,,,,,,,,,,,,,,,,,,,,,,,,,,,,,,,,,,,,,,,,,,,,,,,,,,,,,,,,,,,,,,,,,,,,,,,,,2025-04-24 13:02:51,Signal Acquired,15.346488,73.927057,2.03,-0.27,9.48,-0.03,0.07,-0.04,NO
,,,,,,,,,,,,,,,,,,,,,,,,,,,,,,,,,,,,,,,,,,,,,,,,,,,,,,,,,,,,,,,,,,,,,,,,,,,,,,,,,,,,,,,,,,,,,,,,,,,,,,,,,2025-04-24 13:02:51,Signal Acquired,15.346488,73.927057,1.44,0.33,8.82,-0.04,0.02,-0.03,NO
,,,,,,,,,,,,,,,,,,,,,,,,,,,,,,,,,,,,,,,,,,,,,,,,,,,,,,,,,,,,,,,,,,,,,,,,,,,,,,,,,,,,,,,,,,,,,,,,,,,,,,,,,2025-04-24 13:02:51,Signal Acquired,15.346488,73.927057,5.01,0.05,8.01,-0.08,0.02,-0.03,NO
,,,,,,,,,,,,,,,,,,,,,,,,,,,,,,,,,,,,,,,,,,,,,,,,,,,,,,,,,,,,,,,,,,,,,,,,,,,,,,,,,,,,,,,,,,,,,,,,,,,,,,,,,2025-04-24 13:02:53,Signal Acquired,15.346488,73.927057,2.26,0.26,9.43,-0.05,0.02,0.03,NO
,,,,,,,,,,,,,,,,,,,,,,,,,,,,,,,,,,,,,,,,,,,,,,,,,,,,,,,,,,,,,,,,,,,,,,,,,,,,,,,,,,,,,,,,,,,,,,,,,,,,,,,,,2025-04-24 13:02:53,Signal Acquired,15.346488,73.927057,0.85,0.33,9.25,-0.07,0.0,-0.0,NO
,,,,,,,,,,,,,,,,,,,,,,,,,,,,,,,,,,,,,,,,,,,,,,,,,,,,,,,,,,,,,,,,,,,,,,,,,,,,,,,,,,,,,,,,,,,,,,,,,,,,,,,,,2025-04-24 13:02:53,Signal Acquired,15.346488,73.927057,2.24,0.76,9.38,-0.04,-0.02,0.0,NO
,,,,,,,,,,,,,,,,,,,,,,,,,,,,,,,,,,,,,,,,,,,,,,,,,,,,,,,,,,,,,,,,,,,,,,,,,,,,,,,,,,,,,,,,,,,,,,,,,,,,,,,,,2025-04-24 13:02:56,Signal Acquired,15.346488,73.927057,0.67,0.35,9.26,-0.02,0.03,0.01,NO
,,,,,,,,,,,,,,,,,,,,,,,,,,,,,,,,,,,,,,,,,,,,,,,,,,,,,,,,,,,,,,,,,,,,,,,,,,,,,,,,,,,,,,,,,,,,,,,,,,,,,,,,,2025-04-24 13:02:56,Signal Acquired,15.346488,73.927057,1.76,0.98,9.44,-0.01,0.01,0.04,NO
,,,,,,,,,,,,,,,,,,,,,,,,,,,,,,,,,,,,,,,,,,,,,,,,,,,,,,,,,,,,,,,,,,,,,,,,,,,,,,,,,,,,,,,,,,,,,,,,,,,,,,,,,2025-04-24 13:02:56,Signal Acquired,15.348051,73.927035,2.48,-0.27,9.28,-0.02,-0.06,0.02,NO
,,,,,,,,,,,,,,,,,,,,,,,,,,,,,,,,,,,,,,,,,,,,,,,,,,,,,,,,,,,,,,,,,,,,,,,,,,,,,,,,,,,,,,,,,,,,,,,,,,,,,,,,,2025-04-24 13:02:58,Signal Acquired,15.348051,73.927035,2.05,0.33,8.95,-0.04,0.01,-0.0,NO
,,,,,,,,,,,,,,,,,,,,,,,,,,,,,,,,,,,,,,,,,,,,,,,,,,,,,,,,,,,,,,,,,,,,,,,,,,,,,,,,,,,,,,,,,,,,,,,,,,,,,,,,,2025-04-24 13:02:58,Signal Acquired,15.348127,73.927058,1.4,0.08,8.77,-0.11,0.04,0.03,NO
,,,,,,,,,,,,,,,,,,,,,,,,,,,,,,,,,,,,,,,,,,,,,,,,,,,,,,,,,,,,,,,,,,,,,,,,,,,,,,,,,,,,,,,,,,,,,,,,,,,,,,,,,2025-04-24 13:02:58,Signal Acquired,15.348127,73.927058,2.09,0.15,8.99,-0.08,0.04,0.09,NO
,,,,,,,,,,,,,,,,,,,,,,,,,,,,,,,,,,,,,,,,,,,,,,,,,,,,,,,,,,,,,,,,,,,,,,,,,,,,,,,,,,,,,,,,,,,,,,,,,,,,,,,,,2025-04-24 13:03:00,Signal Acquired,15.348207,73.927076,2.3,1.07,9.21,0.0,0.01,-0.02,NO
,,,,,,,,,,,,,,,,,,,,,,,,,,,,,,,,,,,,,,,,,,,,,,,,,,,,,,,,,,,,,,,,,,,,,,,,,,,,,,,,,,,,,,,,,,,,,,,,,,,,,,,,,2025-04-24 13:03:00,Signal Acquired,15.348207,73.927076,1.89,1.07,8.83,-0.02,0.01,0.01,NO
,,,,,,,,,,,,,,,,,,,,,,,,,,,,,,,,,,,,,,,,,,,,,,,,,,,,,,,,,,,,,,,,,,,,,,,,,,,,,,,,,,,,,,,,,,,,,,,,,,,,,,,,,2025-04-24 13:03:00,Signal Acquired,15.348285,73.927098,1.57,0.57,8.59,-0.07,0.03,0.01,NO
,,,,,,,,,,,,,,,,,,,,,,,,,,,,,,,,,,,,,,,,,,,,,,,,,,,,,,,,,,,,,,,,,,,,,,,,,,,,,,,,,,,,,,,,,,,,,,,,,,,,,,,,,2025-04-24 13:03:02,Signal Acquired,15.348285,73.927098,1.3,0.98,9.36,-0.02,0.03,-0.01,NO
,,,,,,,,,,,,,,,,,,,,,,,,,,,,,,,,,,,,,,,,,,,,,,,,,,,,,,,,,,,,,,,,,,,,,,,,,,,,,,,,,,,,,,,,,,,,,,,,,,,,,,,,,2025-04-24 13:03:02,Signal Acquired,15.348361,73.927121,1.69,0.26,9.17,-0.02,0.02,-0.0,NO
,,,,,,,,,,,,,,,,,,,,,,,,,,,,,,,,,,,,,,,,,,,,,,,,,,,,,,,,,,,,,,,,,,,,,,,,,,,,,,,,,,,,,,,,,,,,,,,,,,,,,,,,,2025-04-24 13:03:02,Signal Acquired,15.348361,73.927121,1.77,0.8,8.49,-0.04,0.01,-0.0,NO
,,,,,,,,,,,,,,,,,,,,,,,,,,,,,,,,,,,,,,,,,,,,,,,,,,,,,,,,,,,,,,,,,,,,,,,,,,,,,,,,,,,,,,,,,,,,,,,,,,,,,,,,,2025-04-24 13:03:04,Signal Acquired,15.348452,73.927125,0.32,0.57,9.3,0.03,0.01,-0.02,NO
,,,,,,,,,,,,,,,,,,,,,,,,,,,,,,,,,,,,,,,,,,,,,,,,,,,,,,,,,,,,,,,,,,,,,,,,,,,,,,,,,,,,,,,,,,,,,,,,,,,,,,,,,2025-04-24 13:03:04,Signal Acquired,15.348452,73.927125,2.49,0.8,8.26,-0.01,0.01,-0.0,NO
,,,,,,,,,,,,,,,,,,,,,,,,,,,,,,,,,,,,,,,,,,,,,,,,,,,,,,,,,,,,,,,,,,,,,,,,,,,,,,,,,,,,,,,,,,,,,,,,,,,,,,,,,2025-04-24 13:03:04,Signal Acquired,15.348452,73.927125,2.45,0.43,8.6,-0.02,0.01,-0.01,NO
,,,,,,,,,,,,,,,,,,,,,,,,,,,,,,,,,,,,,,,,,,,,,,,,,,,,,,,,,,,,,,,,,,,,,,,,,,,,,,,,,,,,,,,,,,,,,,,,,,,,,,,,,2025-04-24 13:03:07,Signal Acquired,15.348452,73.927125,2.31,0.57,9.44,-0.03,0.01,-0.01,NO
,,,,,,,,,,,,,,,,,,,,,,,,,,,,,,,,,,,,,,,,,,,,,,,,,,,,,,,,,,,,,,,,,,,,,,,,,,,,,,,,,,,,,,,,,,,,,,,,,,,,,,,,,2025-04-24 13:03:07,Signal Acquired,15.348452,73.927125,3.98,0.19,8.98,-0.01,-0.04,-0.01,NO
,,,,,,,,,,,,,,,,,,,,,,,,,,,,,,,,,,,,,,,,,,,,,,,,,,,,,,,,,,,,,,,,,,,,,,,,,,,,,,,,,,,,,,,,,,,,,,,,,,,,,,,,,2025-04-24 13:03:07,Signal Acquired,15.348452,73.927125,2.44,0.34,8.6,-0.03,0.07,-0.01,DETECTED
,,,,,,,,,,,,,,,,,,,,,,,,,,,,,,,,,,,,,,,,,,,,,,,,,,,,,,,,,,,,,,,,,,,,,,,,,,,,,,,,,,,,,,,,,,,,,,,,,,,,,,,,,2025-04-24 13:03:09,Signal Acquired,15.348452,73.927125,2.29,0.57,9.81,0.02,0.02,-0.0,NO
,,,,,,,,,,,,,,,,,,,,,,,,,,,,,,,,,,,,,,,,,,,,,,,,,,,,,,,,,,,,,,,,,,,,,,,,,,,,,,,,,,,,,,,,,,,,,,,,,,,,,,,,,2025-04-24 13:03:09,Signal Acquired,15.348452,73.927125,2.3,1.4,9.27,-0.0,-0.01,0.02,NO
,,,,,,,,,,,,,,,,,,,,,,,,,,,,,,,,,,,,,,,,,,,,,,,,,,,,,,,,,,,,,,,,,,,,,,,,,,,,,,,,,,,,,,,,,,,,,,,,,,,,,,,,,2025-04-24 13:03:09,Signal Acquired,15.348452,73.927125,1.43,0.73,9.01,0.01,0.03,-0.01,NO
,,,,,,,,,,,,,,,,,,,,,,,,,,,,,,,,,,,,,,,,,,,,,,,,,,,,,,,,,,,,,,,,,,,,,,,,,,,,,,,,,,,,,,,,,,,,,,,,,,,,,,,,,2025-04-24 13:03:11,Signal Acquired,15.348452,73.927125,3.53,0.15,9.32,0.01,0.06,-0.03,DETECTED
,,,,,,,,,,,,,,,,,,,,,,,,,,,,,,,,,,,,,,,,,,,,,,,,,,,,,,,,,,,,,,,,,,,,,,,,,,,,,,,,,,,,,,,,,,,,,,,,,,,,,,,,,2025-04-24 13:03:11,Signal Acquired,15.348452,73.927125,0.32,0.26,9.13,-0.02,0.03,-0.01,NO
,,,,,,,,,,,,,,,,,,,,,,,,,,,,,,,,,,,,,,,,,,,,,,,,,,,,,,,,,,,,,,,,,,,,,,,,,,,,,,,,,,,,,,,,,,,,,,,,,,,,,,,,,2025-04-24 13:03:11,Signal Acquired,15.348452,73.927125,2.37,0.95,8.43,0.0,0.07,-0.03,NO
,,,,,,,,,,,,,,,,,,,,,,,,,,,,,,,,,,,,,,,,,,,,,,,,,,,,,,,,,,,,,,,,,,,,,,,,,,,,,,,,,,,,,,,,,,,,,,,,,,,,,,,,,2025-04-24 13:03:13,Signal Acquired,15.348452,73.927125,1.78,0.13,9.36,-0.02,0.02,-0.02,NO
,,,,,,,,,,,,,,,,,,,,,,,,,,,,,,,,,,,,,,,,,,,,,,,,,,,,,,,,,,,,,,,,,,,,,,,,,,,,,,,,,,,,,,,,,,,,,,,,,,,,,,,,,2025-04-24 13:03:13,Signal Acquired,15.348452,73.927125,2.17,0.59,9.31,-0.0,0.06,-0.03,NO
,,,,,,,,,,,,,,,,,,,,,,,,,,,,,,,,,,,,,,,,,,,,,,,,,,,,,,,,,,,,,,,,,,,,,,,,,,,,,,,,,,,,,,,,,,,,,,,,,,,,,,,,,2025-04-24 13:03:13,Signal Acquired,15.349604,73.92718,1.15,1.15,8.84,-0.05,0.01,0.02,NO
,,,,,,,,,,,,,,,,,,,,,,,,,,,,,,,,,,,,,,,,,,,,,,,,,,,,,,,,,,,,,,,,,,,,,,,,,,,,,,,,,,,,,,,,,,,,,,,,,,,,,,,,,2025-04-24 13:03:15,Signal Acquired,15.349604,73.92718,2.09,-0.15,8.72,-0.03,0.05,-0.01,NO
,,,,,,,,,,,,,,,,,,,,,,,,,,,,,,,,,,,,,,,,,,,,,,,,,,,,,,,,,,,,,,,,,,,,,,,,,,,,,,,,,,,,,,,,,,,,,,,,,,,,,,,,,2025-04-24 13:03:15,Signal Acquired,15.349674,73.92719,2.08,-0.15,8.07,-0.03,0.0,0.02,NO
,,,,,,,,,,,,,,,,,,,,,,,,,,,,,,,,,,,,,,,,,,,,,,,,,,,,,,,,,,,,,,,,,,,,,,,,,,,,,,,,,,,,,,,,,,,,,,,,,,,,,,,,,2025-04-24 13:03:15,Signal Acquired,15.349674,73.92719,2.04,-0.58,9.21,-0.06,-0.02,0.02,NO
,,,,,,,,,,,,,,,,,,,,,,,,,,,,,,,,,,,,,,,,,,,,,,,,,,,,,,,,,,,,,,,,,,,,,,,,,,,,,,,,,,,,,,,,,,,,,,,,,,,,,,,,,2025-04-24 13:03:18,Signal Acquired,15.349733,73.927213,1.18,-0.39,8.91,-0.04,0.06,0.0,NO
,,,,,,,,,,,,,,,,,,,,,,,,,,,,,,,,,,,,,,,,,,,,,,,,,,,,,,,,,,,,,,,,,,,,,,,,,,,,,,,,,,,,,,,,,,,,,,,,,,,,,,,,,2025-04-24 13:03:18,Signal Acquired,15.349733,73.927213,2.6,-1.0,9.19,-0.04,0.01,0.02,NO
,,,,,,,,,,,,,,,,,,,,,,,,,,,,,,,,,,,,,,,,,,,,,,,,,,,,,,,,,,,,,,,,,,,,,,,,,,,,,,,,,,,,,,,,,,,,,,,,,,,,,,,,,2025-04-24 13:03:18,Signal Acquired,15.349818,73.927191,1.61,-0.83,9.03,0.01,0.03,0.0,NO
,,,,,,,,,,,,,,,,,,,,,,,,,,,,,,,,,,,,,,,,,,,,,,,,,,,,,,,,,,,,,,,,,,,,,,,,,,,,,,,,,,,,,,,,,,,,,,,,,,,,,,,,,2025-04-24 13:03:20,Signal Acquired,15.349818,73.927191,2.89,-0.06,8.92,-0.01,0.04,-0.03,DETECTED
,,,,,,,,,,,,,,,,,,,,,,,,,,,,,,,,,,,,,,,,,,,,,,,,,,,,,,,,,,,,,,,,,,,,,,,,,,,,,,,,,,,,,,,,,,,,,,,,,,,,,,,,,2025-04-24 13:03:20,Signal Acquired,15.349871,73.927194,0.35,1.13,8.91,0.02,0.04,-0.0,NO
,,,,,,,,,,,,,,,,,,,,,,,,,,,,,,,,,,,,,,,,,,,,,,,,,,,,,,,,,,,,,,,,,,,,,,,,,,,,,,,,,,,,,,,,,,,,,,,,,,,,,,,,,2025-04-24 13:03:20,Signal Acquired,15.349871,73.927194,1.91,-0.5,11.4,-0.06,-0.03,-0.02,NO
,,,,,,,,,,,,,,,,,,,,,,,,,,,,,,,,,,,,,,,,,,,,,,,,,,,,,,,,,,,,,,,,,,,,,,,,,,,,,,,,,,,,,,,,,,,,,,,,,,,,,,,,,2025-04-24 13:03:22,Signal Acquired,15.34992,73.927195,6.49,-0.1,3.67,-0.14,0.12,0.24,DETECTED
,,,,,,,,,,,,,,,,,,,,,,,,,,,,,,,,,,,,,,,,,,,,,,,,,,,,,,,,,,,,,,,,,,,,,,,,,,,,,,,,,,,,,,,,,,,,,,,,,,,,,,,,,2025-04-24 13:03:22,Signal Acquired,15.34992,73.927195,6.97,8.98,10.64,-0.22,-0.3,0.18,DETECTED
,,,,,,,,,,,,,,,,,,,,,,,,,,,,,,,,,,,,,,,,,,,,,,,,,,,,,,,,,,,,,,,,,,,,,,,,,,,,,,,,,,,,,,,,,,,,,,,,,,,,,,,,,2025-04-24 13:03:22,Signal Acquired,15.349966,73.9272,6.87,0.69,10.13,0.6,-0.1,-0.14,DETECTED
,,,,,,,,,,,,,,,,,,,,,,,,,,,,,,,,,,,,,,,,,,,,,,,,,,,,,,,,,,,,,,,,,,,,,,,,,,,,,,,,,,,,,,,,,,,,,,,,,,,,,,,,,2025-04-24 13:03:24,Signal Acquired,15.349966,73.9272,2.93,1.49,8.74,-0.04,0.04,-0.08,DETECTED
,,,,,,,,,,,,,,,,,,,,,,,,,,,,,,,,,,,,,,,,,,,,,,,,,,,,,,,,,,,,,,,,,,,,,,,,,,,,,,,,,,,,,,,,,,,,,,,,,,,,,,,,,2025-04-24 13:03:24,Signal Acquired,15.349966,73.9272,1.43,2.56,9.33,-0.0,0.07,-0.07,DETECTED
,,,,,,,,,,,,,,,,,,,,,,,,,,,,,,,,,,,,,,,,,,,,,,,,,,,,,,,,,,,,,,,,,,,,,,,,,,,,,,,,,,,,,,,,,,,,,,,,,,,,,,,,,2025-04-24 13:03:24,Signal Acquired,15.349966,73.9272,0.34,1.72,9.29,-0.03,0.1,0.01,NO
,,,,,,,,,,,,,,,,,,,,,,,,,,,,,,,,,,,,,,,,,,,,,,,,,,,,,,,,,,,,,,,,,,,,,,,,,,,,,,,,,,,,,,,,,,,,,,,,,,,,,,,,,2025-04-24 13:03:27,Signal Acquired,15.349966,73.9272,4.89,2.44,8.43,-0.0,0.04,-0.01,DETECTED
,,,,,,,,,,,,,,,,,,,,,,,,,,,,,,,,,,,,,,,,,,,,,,,,,,,,,,,,,,,,,,,,,,,,,,,,,,,,,,,,,,,,,,,,,,,,,,,,,,,,,,,,,2025-04-24 13:03:27,Signal Acquired,15.349966,73.9272,5.32,2.5,8.45,-0.01,-0.0,0.01,NO
,,,,,,,,,,,,,,,,,,,,,,,,,,,,,,,,,,,,,,,,,,,,,,,,,,,,,,,,,,,,,,,,,,,,,,,,,,,,,,,,,,,,,,,,,,,,,,,,,,,,,,,,,2025-04-24 13:03:27,Signal Acquired,15.349966,73.9272,3.43,2.28,9.18,0.05,-0.13,0.01,NO
,,,,,,,,,,,,,,,,,,,,,,,,,,,,,,,,,,,,,,,,,,,,,,,,,,,,,,,,,,,,,,,,,,,,,,,,,,,,,,,,,,,,,,,,,,,,,,,,,,,,,,,,,2025-04-24 13:03:29,Signal Acquired,15.349966,73.9272,0.89,0.77,9.1,-0.06,0.05,0.01,DETECTED
,,,,,,,,,,,,,,,,,,,,,,,,,,,,,,,,,,,,,,,,,,,,,,,,,,,,,,,,,,,,,,,,,,,,,,,,,,,,,,,,,,,,,,,,,,,,,,,,,,,,,,,,,2025-04-24 13:03:29,Signal Acquired,15.349966,73.9272,2.86,-0.69,8.55,-0.08,-0.01,0.01,DETECTED
,,,,,,,,,,,,,,,,,,,,,,,,,,,,,,,,,,,,,,,,,,,,,,,,,,,,,,,,,,,,,,,,,,,,,,,,,,,,,,,,,,,,,,,,,,,,,,,,,,,,,,,,,2025-04-24 13:03:29,Signal Acquired,15.349966,73.9272,1.56,0.39,9.88,-0.03,-0.04,0.02,NO
,,,,,,,,,,,,,,,,,,,,,,,,,,,,,,,,,,,,,,,,,,,,,,,,,,,,,,,,,,,,,,,,,,,,,,,,,,,,,,,,,,,,,,,,,,,,,,,,,,,,,,,,,2025-04-24 13:03:31,Signal Acquired,15.349966,73.9272,1.8,0.19,9.27,-0.06,-0.03,0.01,NO
,,,,,,,,,,,,,,,,,,,,,,,,,,,,,,,,,,,,,,,,,,,,,,,,,,,,,,,,,,,,,,,,,,,,,,,,,,,,,,,,,,,,,,,,,,,,,,,,,,,,,,,,,2025-04-24 13:03:31,Signal Acquired,15.349966,73.9272,1.97,0.44,8.66,-0.05,0.03,0.03,DETECTED
,,,,,,,,,,,,,,,,,,,,,,,,,,,,,,,,,,,,,,,,,,,,,,,,,,,,,,,,,,,,,,,,,,,,,,,,,,,,,,,,,,,,,,,,,,,,,,,,,,,,,,,,,2025-04-24 13:03:31,Signal Acquired,15.350848,73.927181,1.9,0.51,9.03,0.01,0.02,0.01,NO
,,,,,,,,,,,,,,,,,,,,,,,,,,,,,,,,,,,,,,,,,,,,,,,,,,,,,,,,,,,,,,,,,,,,,,,,,,,,,,,,,,,,,,,,,,,,,,,,,,,,,,,,,2025-04-24 13:03:33,Signal Acquired,15.350848,73.927181,2.07,0.37,9.0,-0.0,0.05,-0.02,DETECTED
,,,,,,,,,,,,,,,,,,,,,,,,,,,,,,,,,,,,,,,,,,,,,,,,,,,,,,,,,,,,,,,,,,,,,,,,,,,,,,,,,,,,,,,,,,,,,,,,,,,,,,,,,2025-04-24 13:03:33,Signal Acquired,15.350952,73.927161,2.22,-0.39,9.5,-0.03,0.01,0.0,NO
,,,,,,,,,,,,,,,,,,,,,,,,,,,,,,,,,,,,,,,,,,,,,,,,,,,,,,,,,,,,,,,,,,,,,,,,,,,,,,,,,,,,,,,,,,,,,,,,,,,,,,,,,2025-04-24 13:03:33,Signal Acquired,15.350952,73.927161,1.15,-0.4,9.38,-0.07,0.01,0.03,NO
,,,,,,,,,,,,,,,,,,,,,,,,,,,,,,,,,,,,,,,,,,,,,,,,,,,,,,,,,,,,,,,,,,,,,,,,,,,,,,,,,,,,,,,,,,,,,,,,,,,,,,,,,2025-04-24 13:03:35,Signal Acquired,15.351031,73.927158,2.4,-0.39,8.96,-0.06,0.02,0.02,NO
,,,,,,,,,,,,,,,,,,,,,,,,,,,,,,,,,,,,,,,,,,,,,,,,,,,,,,,,,,,,,,,,,,,,,,,,,,,,,,,,,,,,,,,,,,,,,,,,,,,,,,,,,2025-04-24 13:03:36,Signal Acquired,15.351031,73.927158,0.92,0.21,9.24,-0.05,0.05,0.01,NO
,,,,,,,,,,,,,,,,,,,,,,,,,,,,,,,,,,,,,,,,,,,,,,,,,,,,,,,,,,,,,,,,,,,,,,,,,,,,,,,,,,,,,,,,,,,,,,,,,,,,,,,,,2025-04-24 13:03:36,Signal Acquired,15.35109,73.92717,1.31,5.57,11.44,-0.07,0.16,-0.09,DETECTED
,,,,,,,,,,,,,,,,,,,,,,,,,,,,,,,,,,,,,,,,,,,,,,,,,,,,,,,,,,,,,,,,,,,,,,,,,,,,,,,,,,,,,,,,,,,,,,,,,,,,,,,,,2025-04-24 13:03:38,Signal Acquired,15.35109,73.92717,0.13,-7.23,5.96,-0.66,0.1,0.15,DETECTED
,,,,,,,,,,,,,,,,,,,,,,,,,,,,,,,,,,,,,,,,,,,,,,,,,,,,,,,,,,,,,,,,,,,,,,,,,,,,,,,,,,,,,,,,,,,,,,,,,,,,,,,,,2025-04-24 13:03:38,Signal Acquired,15.35114,73.927184,3.77,0.34,7.05,-0.07,0.09,-0.01,DETECTED
,,,,,,,,,,,,,,,,,,,,,,,,,,,,,,,,,,,,,,,,,,,,,,,,,,,,,,,,,,,,,,,,,,,,,,,,,,,,,,,,,,,,,,,,,,,,,,,,,,,,,,,,,2025-04-24 13:03:38,Signal Acquired,15.35114,73.927184,3.19,1.58,8.0,-0.01,-0.0,-0.01,DETECTED
,,,,,,,,,,,,,,,,,,,,,,,,,,,,,,,,,,,,,,,,,,,,,,,,,,,,,,,,,,,,,,,,,,,,,,,,,,,,,,,,,,,,,,,,,,,,,,,,,,,,,,,,,2025-04-24 13:03:40,Signal Acquired,15.351193,73.927195,1.15,1.21,9.28,-0.1,0.07,0.01,NO
,,,,,,,,,,,,,,,,,,,,,,,,,,,,,,,,,,,,,,,,,,,,,,,,,,,,,,,,,,,,,,,,,,,,,,,,,,,,,,,,,,,,,,,,,,,,,,,,,,,,,,,,,2025-04-24 13:03:40,Signal Acquired,15.351193,73.927195,3.34,2.38,8.12,-0.02,0.05,0.02,NO
,,,,,,,,,,,,,,,,,,,,,,,,,,,,,,,,,,,,,,,,,,,,,,,,,,,,,,,,,,,,,,,,,,,,,,,,,,,,,,,,,,,,,,,,,,,,,,,,,,,,,,,,,2025-04-24 13:03:40,Signal Acquired,15.351242,73.92721,0.53,1.79,9.42,-0.03,0.04,-0.01,NO
,,,,,,,,,,,,,,,,,,,,,,,,,,,,,,,,,,,,,,,,,,,,,,,,,,,,,,,,,,,,,,,,,,,,,,,,,,,,,,,,,,,,,,,,,,,,,,,,,,,,,,,,,2025-04-24 13:03:42,Signal Acquired,15.351242,73.92721,3.31,1.66,8.43,0.01,-0.01,0.0,NO
,,,,,,,,,,,,,,,,,,,,,,,,,,,,,,,,,,,,,,,,,,,,,,,,,,,,,,,,,,,,,,,,,,,,,,,,,,,,,,,,,,,,,,,,,,,,,,,,,,,,,,,,,2025-04-24 13:03:42,Signal Acquired,15.351291,73.92723,2.72,1.45,8.76,-0.05,-0.03,0.01,NO
,,,,,,,,,,,,,,,,,,,,,,,,,,,,,,,,,,,,,,,,,,,,,,,,,,,,,,,,,,,,,,,,,,,,,,,,,,,,,,,,,,,,,,,,,,,,,,,,,,,,,,,,,2025-04-24 13:03:42,Signal Acquired,15.351291,73.92723,3.33,1.54,8.91,-0.02,-0.0,-0.05,NO
,,,,,,,,,,,,,,,,,,,,,,,,,,,,,,,,,,,,,,,,,,,,,,,,,,,,,,,,,,,,,,,,,,,,,,,,,,,,,,,,,,,,,,,,,,,,,,,,,,,,,,,,,2025-04-24 13:03:44,Signal Acquired,15.35135,73.927249,1.7,2.3,9.24,0.01,0.04,-0.06,DETECTED
,,,,,,,,,,,,,,,,,,,,,,,,,,,,,,,,,,,,,,,,,,,,,,,,,,,,,,,,,,,,,,,,,,,,,,,,,,,,,,,,,,,,,,,,,,,,,,,,,,,,,,,,,2025-04-24 13:03:44,Signal Acquired,15.35135,73.927249,3.23,2.1,9.03,-0.0,-0.02,0.03,DETECTED
,,,,,,,,,,,,,,,,,,,,,,,,,,,,,,,,,,,,,,,,,,,,,,,,,,,,,,,,,,,,,,,,,,,,,,,,,,,,,,,,,,,,,,,,,,,,,,,,,,,,,,,,,2025-04-24 13:03:44,Signal Acquired,15.351424,73.927267,3.67,1.3,8.31,-0.05,-0.01,0.07,DETECTED
,,,,,,,,,,,,,,,,,,,,,,,,,,,,,,,,,,,,,,,,,,,,,,,,,,,,,,,,,,,,,,,,,,,,,,,,,,,,,,,,,,,,,,,,,,,,,,,,,,,,,,,,,2025-04-24 13:03:47,Signal Acquired,15.351424,73.927267,0.85,2.53,9.7,-0.0,0.03,0.04,NO
,,,,,,,,,,,,,,,,,,,,,,,,,,,,,,,,,,,,,,,,,,,,,,,,,,,,,,,,,,,,,,,,,,,,,,,,,,,,,,,,,,,,,,,,,,,,,,,,,,,,,,,,,2025-04-24 13:03:47,Signal Acquired,15.351506,73.927287,3.51,1.84,8.57,0.02,0.04,0.01,DETECTED
,,,,,,,,,,,,,,,,,,,,,,,,,,,,,,,,,,,,,,,,,,,,,,,,,,,,,,,,,,,,,,,,,,,,,,,,,,,,,,,,,,,,,,,,,,,,,,,,,,,,,,,,,2025-04-24 13:03:47,Signal Acquired,15.351506,73.927287,1.17,2.51,8.95,0.01,0.01,0.02,NO
,,,,,,,,,,,,,,,,,,,,,,,,,,,,,,,,,,,,,,,,,,,,,,,,,,,,,,,,,,,,,,,,,,,,,,,,,,,,,,,,,,,,,,,,,,,,,,,,,,,,,,,,,2025-04-24 13:03:49,Signal Acquired,15.3516,73.927303,1.93,2.87,8.86,-0.03,0.0,-0.17,NO
,,,,,,,,,,,,,,,,,,,,,,,,,,,,,,,,,,,,,,,,,,,,,,,,,,,,,,,,,,,,,,,,,,,,,,,,,,,,,,,,,,,,,,,,,,,,,,,,,,,,,,,,,2025-04-24 13:03:49,Signal Acquired,15.3516,73.927303,5.53,0.5,8.36,-0.07,-0.02,0.06,DETECTED
,,,,,,,,,,,,,,,,,,,,,,,,,,,,,,,,,,,,,,,,,,,,,,,,,,,,,,,,,,,,,,,,,,,,,,,,,,,,,,,,,,,,,,,,,,,,,,,,,,,,,,,,,2025-04-24 13:03:49,Signal Acquired,15.351702,73.927321,5.21,1.13,8.94,0.07,0.01,-0.03,DETECTED
,,,,,,,,,,,,,,,,,,,,,,,,,,,,,,,,,,,,,,,,,,,,,,,,,,,,,,,,,,,,,,,,,,,,,,,,,,,,,,,,,,,,,,,,,,,,,,,,,,,,,,,,,2025-04-24 13:03:51,Signal Acquired,15.351702,73.927321,1.27,2.71,9.23,-0.07,0.04,0.05,NO
,,,,,,,,,,,,,,,,,,,,,,,,,,,,,,,,,,,,,,,,,,,,,,,,,,,,,,,,,,,,,,,,,,,,,,,,,,,,,,,,,,,,,,,,,,,,,,,,,,,,,,,,,2025-04-24 13:03:51,Signal Acquired,15.351813,73.927344,1.62,1.87,9.12,0.03,0.1,-0.1,DETECTED
,,,,,,,,,,,,,,,,,,,,,,,,,,,,,,,,,,,,,,,,,,,,,,,,,,,,,,,,,,,,,,,,,,,,,,,,,,,,,,,,,,,,,,,,,,,,,,,,,,,,,,,,,2025-04-24 13:03:51,Signal Acquired,15.351813,73.927344,3.42,2.28,8.42,-0.11,0.06,0.01,DETECTED
,,,,,,,,,,,,,,,,,,,,,,,,,,,,,,,,,,,,,,,,,,,,,,,,,,,,,,,,,,,,,,,,,,,,,,,,,,,,,,,,,,,,,,,,,,,,,,,,,,,,,,,,,2025-04-24 13:03:53,Signal Acquired,15.351946,73.927364,1.01,0.83,10.13,-0.04,0.02,0.0,NO
,,,,,,,,,,,,,,,,,,,,,,,,,,,,,,,,,,,,,,,,,,,,,,,,,,,,,,,,,,,,,,,,,,,,,,,,,,,,,,,,,,,,,,,,,,,,,,,,,,,,,,,,,2025-04-24 13:03:53,Signal Acquired,15.351946,73.927364,0.46,1.61,7.86,0.03,0.03,-0.04,DETECTED
,,,,,,,,,,,,,,,,,,,,,,,,,,,,,,,,,,,,,,,,,,,,,,,,,,,,,,,,,,,,,,,,,,,,,,,,,,,,,,,,,,,,,,,,,,,,,,,,,,,,,,,,,2025-04-24 13:03:53,Signal Acquired,15.352079,73.927384,2.43,1.64,9.02,0.05,0.01,-0.01,NO
,,,,,,,,,,,,,,,,,,,,,,,,,,,,,,,,,,,,,,,,,,,,,,,,,,,,,,,,,,,,,,,,,,,,,,,,,,,,,,,,,,,,,,,,,,,,,,,,,,,,,,,,,2025-04-24 13:03:56,Signal Acquired,15.352079,73.927384,-0.51,1.87,8.02,-0.06,0.03,0.04,DETECTED
,,,,,,,,,,,,,,,,,,,,,,,,,,,,,,,,,,,,,,,,,,,,,,,,,,,,,,,,,,,,,,,,,,,,,,,,,,,,,,,,,,,,,,,,,,,,,,,,,,,,,,,,,2025-04-24 13:03:56,Signal Acquired,15.352221,73.927402,-0.63,2.27,9.67,-0.01,0.01,0.03,DETECTED
,,,,,,,,,,,,,,,,,,,,,,,,,,,,,,,,,,,,,,,,,,,,,,,,,,,,,,,,,,,,,,,,,,,,,,,,,,,,,,,,,,,,,,,,,,,,,,,,,,,,,,,,,2025-04-24 13:03:56,Signal Acquired,15.352221,73.927402,4.16,0.19,8.92,-0.04,0.01,0.01,DETECTED
,,,,,,,,,,,,,,,,,,,,,,,,,,,,,,,,,,,,,,,,,,,,,,,,,,,,,,,,,,,,,,,,,,,,,,,,,,,,,,,,,,,,,,,,,,,,,,,,,,,,,,,,,2025-04-24 13:03:58,Signal Acquired,15.352364,73.927425,1.24,0.02,9.27,0.02,0.01,-0.05,NO
,,,,,,,,,,,,,,,,,,,,,,,,,,,,,,,,,,,,,,,,,,,,,,,,,,,,,,,,,,,,,,,,,,,,,,,,,,,,,,,,,,,,,,,,,,,,,,,,,,,,,,,,,2025-04-24 13:03:58,Signal Acquired,15.352364,73.927425,-1.33,-0.01,9.65,-0.04,-0.0,0.04,DETECTED
,,,,,,,,,,,,,,,,,,,,,,,,,,,,,,,,,,,,,,,,,,,,,,,,,,,,,,,,,,,,,,,,,,,,,,,,,,,,,,,,,,,,,,,,,,,,,,,,,,,,,,,,,2025-04-24 13:03:58,Signal Acquired,15.35251,73.927449,3.23,-0.85,8.51,-0.03,0.01,0.01,DETECTED
,,,,,,,,,,,,,,,,,,,,,,,,,,,,,,,,,,,,,,,,,,,,,,,,,,,,,,,,,,,,,,,,,,,,,,,,,,,,,,,,,,,,,,,,,,,,,,,,,,,,,,,,,2025-04-24 13:04:00,Signal Acquired,15.35251,73.927449,4.87,-0.11,9.39,-0.04,0.07,0.07,DETECTED
,,,,,,,,,,,,,,,,,,,,,,,,,,,,,,,,,,,,,,,,,,,,,,,,,,,,,,,,,,,,,,,,,,,,,,,,,,,,,,,,,,,,,,,,,,,,,,,,,,,,,,,,,2025-04-24 13:04:00,Signal Acquired,15.352653,73.92747,2.6,0.37,8.51,-0.05,-0.01,0.04,NO
,,,,,,,,,,,,,,,,,,,,,,,,,,,,,,,,,,,,,,,,,,,,,,,,,,,,,,,,,,,,,,,,,,,,,,,,,,,,,,,,,,,,,,,,,,,,,,,,,,,,,,,,,2025-04-24 13:04:00,Signal Acquired,15.352653,73.92747,1.08,0.15,8.99,-0.03,-0.02,-0.0,DETECTED
,,,,,,,,,,,,,,,,,,,,,,,,,,,,,,,,,,,,,,,,,,,,,,,,,,,,,,,,,,,,,,,,,,,,,,,,,,,,,,,,,,,,,,,,,,,,,,,,,,,,,,,,,2025-04-24 13:04:02,Signal Acquired,15.35279,73.927491,1.36,0.45,9.63,0.03,0.08,-0.06,DETECTED
,,,,,,,,,,,,,,,,,,,,,,,,,,,,,,,,,,,,,,,,,,,,,,,,,,,,,,,,,,,,,,,,,,,,,,,,,,,,,,,,,,,,,,,,,,,,,,,,,,,,,,,,,2025-04-24 13:04:02,Signal Acquired,15.35279,73.927491,2.2,0.94,9.04,0.0,0.02,-0.02,NO
,,,,,,,,,,,,,,,,,,,,,,,,,,,,,,,,,,,,,,,,,,,,,,,,,,,,,,,,,,,,,,,,,,,,,,,,,,,,,,,,,,,,,,,,,,,,,,,,,,,,,,,,,2025-04-24 13:04:02,Signal Acquired,15.352925,73.927513,3.15,0.52,8.54,-0.04,-0.0,0.01,NO
,,,,,,,,,,,,,,,,,,,,,,,,,,,,,,,,,,,,,,,,,,,,,,,,,,,,,,,,,,,,,,,,,,,,,,,,,,,,,,,,,,,,,,,,,,,,,,,,,,,,,,,,,2025-04-24 13:04:04,Signal Acquired,15.352925,73.927513,2.68,-0.05,8.49,-0.01,0.04,-0.0,NO
,,,,,,,,,,,,,,,,,,,,,,,,,,,,,,,,,,,,,,,,,,,,,,,,,,,,,,,,,,,,,,,,,,,,,,,,,,,,,,,,,,,,,,,,,,,,,,,,,,,,,,,,,2025-04-24 13:04:05,Signal Acquired,15.353048,73.927537,1.96,-0.29,10.18,-0.07,-0.07,0.06,DETECTED
,,,,,,,,,,,,,,,,,,,,,,,,,,,,,,,,,,,,,,,,,,,,,,,,,,,,,,,,,,,,,,,,,,,,,,,,,,,,,,,,,,,,,,,,,,,,,,,,,,,,,,,,,2025-04-24 13:04:05,Signal Acquired,15.353048,73.927537,1.22,0.72,8.57,-0.01,0.05,-0.02,NO
,,,,,,,,,,,,,,,,,,,,,,,,,,,,,,,,,,,,,,,,,,,,,,,,,,,,,,,,,,,,,,,,,,,,,,,,,,,,,,,,,,,,,,,,,,,,,,,,,,,,,,,,,2025-04-24 13:04:07,Signal Acquired,15.353183,73.927557,1.88,-0.07,9.03,-0.0,0.02,-0.01,NO
,,,,,,,,,,,,,,,,,,,,,,,,,,,,,,,,,,,,,,,,,,,,,,,,,,,,,,,,,,,,,,,,,,,,,,,,,,,,,,,,,,,,,,,,,,,,,,,,,,,,,,,,,2025-04-24 13:04:07,Signal Acquired,15.353183,73.927557,3.42,1.34,9.2,-0.03,-0.09,0.08,DETECTED
,,,,,,,,,,,,,,,,,,,,,,,,,,,,,,,,,,,,,,,,,,,,,,,,,,,,,,,,,,,,,,,,,,,,,,,,,,,,,,,,,,,,,,,,,,,,,,,,,,,,,,,,,2025-04-24 13:04:07,Signal Acquired,15.353294,73.927581,-0.66,1.3,9.58,-0.01,0.01,0.0,NO
,,,,,,,,,,,,,,,,,,,,,,,,,,,,,,,,,,,,,,,,,,,,,,,,,,,,,,,,,,,,,,,,,,,,,,,,,,,,,,,,,,,,,,,,,,,,,,,,,,,,,,,,,2025-04-24 13:04:09,Signal Acquired,15.353294,73.927581,-0.85,0.45,8.69,-0.06,-0.0,0.04,DETECTED
,,,,,,,,,,,,,,,,,,,,,,,,,,,,,,,,,,,,,,,,,,,,,,,,,,,,,,,,,,,,,,,,,,,,,,,,,,,,,,,,,,,,,,,,,,,,,,,,,,,,,,,,,2025-04-24 13:04:09,Signal Acquired,15.353396,73.927607,1.3,0.66,9.16,-0.03,0.02,-0.0,NO
,,,,,,,,,,,,,,,,,,,,,,,,,,,,,,,,,,,,,,,,,,,,,,,,,,,,,,,,,,,,,,,,,,,,,,,,,,,,,,,,,,,,,,,,,,,,,,,,,,,,,,,,,2025-04-24 13:04:09,Signal Acquired,15.353396,73.927607,4.25,0.07,7.85,0.01,0.02,-0.01,NO
,,,,,,,,,,,,,,,,,,,,,,,,,,,,,,,,,,,,,,,,,,,,,,,,,,,,,,,,,,,,,,,,,,,,,,,,,,,,,,,,,,,,,,,,,,,,,,,,,,,,,,,,,2025-04-24 13:04:11,Signal Acquired,15.353503,73.927632,3.06,0.41,8.64,-0.04,0.01,0.03,NO
,,,,,,,,,,,,,,,,,,,,,,,,,,,,,,,,,,,,,,,,,,,,,,,,,,,,,,,,,,,,,,,,,,,,,,,,,,,,,,,,,,,,,,,,,,,,,,,,,,,,,,,,,2025-04-24 13:04:11,Signal Acquired,15.353503,73.927632,0.26,0.65,9.61,-0.02,-0.02,0.02,NO
,,,,,,,,,,,,,,,,,,,,,,,,,,,,,,,,,,,,,,,,,,,,,,,,,,,,,,,,,,,,,,,,,,,,,,,,,,,,,,,,,,,,,,,,,,,,,,,,,,,,,,,,,2025-04-24 13:04:11,Signal Acquired,15.353593,73.92766,1.05,0.85,9.2,0.0,0.02,-0.01,NO
,,,,,,,,,,,,,,,,,,,,,,,,,,,,,,,,,,,,,,,,,,,,,,,,,,,,,,,,,,,,,,,,,,,,,,,,,,,,,,,,,,,,,,,,,,,,,,,,,,,,,,,,,2025-04-24 13:04:13,Signal Acquired,15.353593,73.92766,5.15,-0.36,8.74,-0.04,-0.06,0.04,DETECTED
,,,,,,,,,,,,,,,,,,,,,,,,,,,,,,,,,,,,,,,,,,,,,,,,,,,,,,,,,,,,,,,,,,,,,,,,,,,,,,,,,,,,,,,,,,,,,,,,,,,,,,,,,2025-04-24 13:04:13,Signal Acquired,15.353693,73.927679,3.35,0.42,8.38,0.03,0.09,-0.05,DETECTED
,,,,,,,,,,,,,,,,,,,,,,,,,,,,,,,,,,,,,,,,,,,,,,,,,,,,,,,,,,,,,,,,,,,,,,,,,,,,,,,,,,,,,,,,,,,,,,,,,,,,,,,,,2025-04-24 13:04:13,Signal Acquired,15.353693,73.927679,3.81,0.91,8.53,-0.05,0.02,0.23,NO
,,,,,,,,,,,,,,,,,,,,,,,,,,,,,,,,,,,,,,,,,,,,,,,,,,,,,,,,,,,,,,,,,,,,,,,,,,,,,,,,,,,,,,,,,,,,,,,,,,,,,,,,,2025-04-24 13:04:16,Signal Acquired,15.353809,73.927693,1.72,1.24,9.04,-0.0,-0.02,-0.06,NO
,,,,,,,,,,,,,,,,,,,,,,,,,,,,,,,,,,,,,,,,,,,,,,,,,,,,,,,,,,,,,,,,,,,,,,,,,,,,,,,,,,,,,,,,,,,,,,,,,,,,,,,,,2025-04-24 13:04:16,Signal Acquired,15.353809,73.927693,3.35,0.51,8.94,-0.06,-0.0,0.02,NO
,,,,,,,,,,,,,,,,,,,,,,,,,,,,,,,,,,,,,,,,,,,,,,,,,,,,,,,,,,,,,,,,,,,,,,,,,,,,,,,,,,,,,,,,,,,,,,,,,,,,,,,,,2025-04-24 13:04:16,Signal Acquired,15.353809,73.927693,0.61,1.13,9.04,0.05,0.14,-0.1,DETECTED
,,,,,,,,,,,,,,,,,,,,,,,,,,,,,,,,,,,,,,,,,,,,,,,,,,,,,,,,,,,,,,,,,,,,,,,,,,,,,,,,,,,,,,,,,,,,,,,,,,,,,,,,,2025-04-24 13:04:18,Signal Acquired,15.353809,73.927693,2.24,-0.33,8.55,-0.06,-0.02,0.02,NO
,,,,,,,,,,,,,,,,,,,,,,,,,,,,,,,,,,,,,,,,,,,,,,,,,,,,,,,,,,,,,,,,,,,,,,,,,,,,,,,,,,,,,,,,,,,,,,,,,,,,,,,,,2025-04-24 13:04:18,Signal Acquired,15.353809,73.927693,0.92,1.07,9.69,-0.04,0.07,-0.0,NO
,,,,,,,,,,,,,,,,,,,,,,,,,,,,,,,,,,,,,,,,,,,,,,,,,,,,,,,,,,,,,,,,,,,,,,,,,,,,,,,,,,,,,,,,,,,,,,,,,,,,,,,,,2025-04-24 13:04:18,Signal Acquired,15.353809,73.927693,2.01,0.69,8.97,-0.04,0.04,-0.0,DETECTED
,,,,,,,,,,,,,,,,,,,,,,,,,,,,,,,,,,,,,,,,,,,,,,,,,,,,,,,,,,,,,,,,,,,,,,,,,,,,,,,,,,,,,,,,,,,,,,,,,,,,,,,,,2025-04-24 13:04:20,Signal Acquired,15.353809,73.927693,1.57,0.71,9.71,-0.01,-0.04,0.01,NO
,,,,,,,,,,,,,,,,,,,,,,,,,,,,,,,,,,,,,,,,,,,,,,,,,,,,,,,,,,,,,,,,,,,,,,,,,,,,,,,,,,,,,,,,,,,,,,,,,,,,,,,,,2025-04-24 13:04:20,Signal Acquired,15.353809,73.927693,2.05,0.55,8.77,-0.02,0.06,-0.03,NO
,,,,,,,,,,,,,,,,,,,,,,,,,,,,,,,,,,,,,,,,,,,,,,,,,,,,,,,,,,,,,,,,,,,,,,,,,,,,,,,,,,,,,,,,,,,,,,,,,,,,,,,,,2025-04-24 13:04:20,Signal Acquired,15.353809,73.927693,3.36,0.96,9.03,0.03,0.0,-0.03,NO
,,,,,,,,,,,,,,,,,,,,,,,,,,,,,,,,,,,,,,,,,,,,,,,,,,,,,,,,,,,,,,,,,,,,,,,,,,,,,,,,,,,,,,,,,,,,,,,,,,,,,,,,,2025-04-24 13:04:22,Signal Acquired,15.353809,73.927693,1.57,0.89,9.33,-0.03,0.05,0.0,NO
,,,,,,,,,,,,,,,,,,,,,,,,,,,,,,,,,,,,,,,,,,,,,,,,,,,,,,,,,,,,,,,,,,,,,,,,,,,,,,,,,,,,,,,,,,,,,,,,,,,,,,,,,2025-04-24 13:04:22,Signal Acquired,15.353809,73.927693,1.96,0.16,8.78,-0.0,0.01,0.02,NO
,,,,,,,,,,,,,,,,,,,,,,,,,,,,,,,,,,,,,,,,,,,,,,,,,,,,,,,,,,,,,,,,,,,,,,,,,,,,,,,,,,,,,,,,,,,,,,,,,,,,,,,,,2025-04-24 13:04:22,Signal Acquired,15.353809,73.927693,2.15,0.67,8.36,-0.04,0.04,-0.0,NO
,,,,,,,,,,,,,,,,,,,,,,,,,,,,,,,,,,,,,,,,,,,,,,,,,,,,,,,,,,,,,,,,,,,,,,,,,,,,,,,,,,,,,,,,,,,,,,,,,,,,,,,,,2025-04-24 13:04:25,Signal Acquired,15.353809,73.927693,0.88,1.12,9.53,0.03,0.03,-0.02,DETECTED
,,,,,,,,,,,,,,,,,,,,,,,,,,,,,,,,,,,,,,,,,,,,,,,,,,,,,,,,,,,,,,,,,,,,,,,,,,,,,,,,,,,,,,,,,,,,,,,,,,,,,,,,,2025-04-24 13:04:25,Signal Acquired,15.353809,73.927693,3.11,-0.21,9.12,0.01,0.03,-0.02,NO
,,,,,,,,,,,,,,,,,,,,,,,,,,,,,,,,,,,,,,,,,,,,,,,,,,,,,,,,,,,,,,,,,,,,,,,,,,,,,,,,,,,,,,,,,,,,,,,,,,,,,,,,,2025-04-24 13:04:25,Signal Acquired,15.353809,73.927693,5.28,-0.75,9.9,0.05,-0.06,0.04,DETECTED
,,,,,,,,,,,,,,,,,,,,,,,,,,,,,,,,,,,,,,,,,,,,,,,,,,,,,,,,,,,,,,,,,,,,,,,,,,,,,,,,,,,,,,,,,,,,,,,,,,,,,,,,,2025-04-24 13:04:27,Signal Acquired,15.353809,73.927693,1.22,0.07,8.66,0.01,0.03,-0.03,NO
,,,,,,,,,,,,,,,,,,,,,,,,,,,,,,,,,,,,,,,,,,,,,,,,,,,,,,,,,,,,,,,,,,,,,,,,,,,,,,,,,,,,,,,,,,,,,,,,,,,,,,,,,2025-04-24 13:04:27,Signal Acquired,15.353809,73.927693,1.69,0.22,8.95,-0.0,0.02,-0.12,NO
,,,,,,,,,,,,,,,,,,,,,,,,,,,,,,,,,,,,,,,,,,,,,,,,,,,,,,,,,,,,,,,,,,,,,,,,,,,,,,,,,,,,,,,,,,,,,,,,,,,,,,,,,2025-04-24 13:04:27,Signal Acquired,15.353809,73.927693,-0.46,0.67,9.19,0.0,0.07,-0.04,NO
,,,,,,,,,,,,,,,,,,,,,,,,,,,,,,,,,,,,,,,,,,,,,,,,,,,,,,,,,,,,,,,,,,,,,,,,,,,,,,,,,,,,,,,,,,,,,,,,,,,,,,,,,2025-04-24 13:04:29,Signal Acquired,15.353809,73.927693,2.88,-0.7,9.2,-0.07,-0.02,0.03,DETECTED
,,,,,,,,,,,,,,,,,,,,,,,,,,,,,,,,,,,,,,,,,,,,,,,,,,,,,,,,,,,,,,,,,,,,,,,,,,,,,,,,,,,,,,,,,,,,,,,,,,,,,,,,,2025-04-24 13:04:29,Signal Acquired,15.353809,73.927693,0.38,1.23,10.14,0.0,0.01,-0.02,DETECTED
,,,,,,,,,,,,,,,,,,,,,,,,,,,,,,,,,,,,,,,,,,,,,,,,,,,,,,,,,,,,,,,,,,,,,,,,,,,,,,,,,,,,,,,,,,,,,,,,,,,,,,,,,2025-04-24 13:04:29,Signal Acquired,15.353809,73.927693,3.12,0.56,9.0,0.0,-0.0,-0.03,NO
,,,,,,,,,,,,,,,,,,,,,,,,,,,,,,,,,,,,,,,,,,,,,,,,,,,,,,,,,,,,,,,,,,,,,,,,,,,,,,,,,,,,,,,,,,,,,,,,,,,,,,,,,2025-04-24 13:04:31,Signal Acquired,15.353809,73.927693,2.74,0.0,8.77,-0.05,0.01,0.01,DETECTED
,,,,,,,,,,,,,,,,,,,,,,,,,,,,,,,,,,,,,,,,,,,,,,,,,,,,,,,,,,,,,,,,,,,,,,,,,,,,,,,,,,,,,,,,,,,,,,,,,,,,,,,,,2025-04-24 13:04:31,Signal Acquired,15.353809,73.927693,2.2,0.65,9.42,-0.01,0.03,-0.01,NO
,,,,,,,,,,,,,,,,,,,,,,,,,,,,,,,,,,,,,,,,,,,,,,,,,,,,,,,,,,,,,,,,,,,,,,,,,,,,,,,,,,,,,,,,,,,,,,,,,,,,,,,,,2025-04-24 13:04:31,Signal Acquired,15.353809,73.927693,2.09,-0.73,8.96,-0.03,0.08,-0.02,NO
,,,,,,,,,,,,,,,,,,,,,,,,,,,,,,,,,,,,,,,,,,,,,,,,,,,,,,,,,,,,,,,,,,,,,,,,,,,,,,,,,,,,,,,,,,,,,,,,,,,,,,,,,2025-04-24 13:04:33,Signal Acquired,15.353809,73.927693,1.97,-0.51,9.13,-0.03,0.05,-0.02,NO
,,,,,,,,,,,,,,,,,,,,,,,,,,,,,,,,,,,,,,,,,,,,,,,,,,,,,,,,,,,,,,,,,,,,,,,,,,,,,,,,,,,,,,,,,,,,,,,,,,,,,,,,,2025-04-24 13:04:33,Signal Acquired,15.353809,73.927693,1.79,-0.5,9.47,-0.01,-0.02,0.03,NO
,,,,,,,,,,,,,,,,,,,,,,,,,,,,,,,,,,,,,,,,,,,,,,,,,,,,,,,,,,,,,,,,,,,,,,,,,,,,,,,,,,,,,,,,,,,,,,,,,,,,,,,,,2025-04-24 13:04:33,Signal Acquired,15.353809,73.927693,1.18,0.83,9.09,-0.02,0.02,0.01,NO
,,,,,,,,,,,,,,,,,,,,,,,,,,,,,,,,,,,,,,,,,,,,,,,,,,,,,,,,,,,,,,,,,,,,,,,,,,,,,,,,,,,,,,,,,,,,,,,,,,,,,,,,,2025-04-24 13:04:36,Signal Acquired,15.353809,73.927693,2.32,0.59,8.79,-0.04,0.03,-0.02,NO
,,,,,,,,,,,,,,,,,,,,,,,,,,,,,,,,,,,,,,,,,,,,,,,,,,,,,,,,,,,,,,,,,,,,,,,,,,,,,,,,,,,,,,,,,,,,,,,,,,,,,,,,,2025-04-24 13:04:36,Signal Acquired,15.353809,73.927693,1.92,0.37,8.94,-0.05,-0.01,0.04,DETECTED
,,,,,,,,,,,,,,,,,,,,,,,,,,,,,,,,,,,,,,,,,,,,,,,,,,,,,,,,,,,,,,,,,,,,,,,,,,,,,,,,,,,,,,,,,,,,,,,,,,,,,,,,,2025-04-24 13:04:36,Signal Acquired,15.353809,73.927693,1.49,1.21,8.71,0.0,0.03,-0.0,NO
,,,,,,,,,,,,,,,,,,,,,,,,,,,,,,,,,,,,,,,,,,,,,,,,,,,,,,,,,,,,,,,,,,,,,,,,,,,,,,,,,,,,,,,,,,,,,,,,,,,,,,,,,2025-04-24 13:04:38,Signal Acquired,15.353809,73.927693,0.9,1.01,9.05,-0.05,-0.01,0.03,DETECTED
,,,,,,,,,,,,,,,,,,,,,,,,,,,,,,,,,,,,,,,,,,,,,,,,,,,,,,,,,,,,,,,,,,,,,,,,,,,,,,,,,,,,,,,,,,,,,,,,,,,,,,,,,2025-04-24 13:04:38,Signal Acquired,15.353809,73.927693,0.56,-0.24,9.41,-0.09,0.02,0.01,NO
,,,,,,,,,,,,,,,,,,,,,,,,,,,,,,,,,,,,,,,,,,,,,,,,,,,,,,,,,,,,,,,,,,,,,,,,,,,,,,,,,,,,,,,,,,,,,,,,,,,,,,,,,2025-04-24 13:04:38,Signal Acquired,15.353809,73.927693,0.67,2.37,9.44,-0.0,0.02,-0.0,NO
,,,,,,,,,,,,,,,,,,,,,,,,,,,,,,,,,,,,,,,,,,,,,,,,,,,,,,,,,,,,,,,,,,,,,,,,,,,,,,,,,,,,,,,,,,,,,,,,,,,,,,,,,2025-04-24 13:04:40,Signal Acquired,15.353809,73.927693,0.82,1.8,8.61,-0.03,0.05,-0.01,NO
,,,,,,,,,,,,,,,,,,,,,,,,,,,,,,,,,,,,,,,,,,,,,,,,,,,,,,,,,,,,,,,,,,,,,,,,,,,,,,,,,,,,,,,,,,,,,,,,,,,,,,,,,2025-04-24 13:04:40,Signal Acquired,15.353809,73.927693,0.58,1.83,8.96,-0.01,0.01,0.01,DETECTED
,,,,,,,,,,,,,,,,,,,,,,,,,,,,,,,,,,,,,,,,,,,,,,,,,,,,,,,,,,,,,,,,,,,,,,,,,,,,,,,,,,,,,,,,,,,,,,,,,,,,,,,,,2025-04-24 13:04:40,Signal Acquired,15.353809,73.927693,0.62,2.42,9.09,-0.01,0.03,0.02,NO
,,,,,,,,,,,,,,,,,,,,,,,,,,,,,,,,,,,,,,,,,,,,,,,,,,,,,,,,,,,,,,,,,,,,,,,,,,,,,,,,,,,,,,,,,,,,,,,,,,,,,,,,,2025-04-24 13:04:42,Signal Acquired,15.353809,73.927693,3.25,2.08,8.76,0.02,-0.01,-0.01,NO
,,,,,,,,,,,,,,,,,,,,,,,,,,,,,,,,,,,,,,,,,,,,,,,,,,,,,,,,,,,,,,,,,,,,,,,,,,,,,,,,,,,,,,,,,,,,,,,,,,,,,,,,,2025-04-24 13:04:42,Signal Acquired,15.353809,73.927693,1.88,1.41,9.2,-0.02,0.03,-0.01,NO
,,,,,,,,,,,,,,,,,,,,,,,,,,,,,,,,,,,,,,,,,,,,,,,,,,,,,,,,,,,,,,,,,,,,,,,,,,,,,,,,,,,,,,,,,,,,,,,,,,,,,,,,,2025-04-24 13:04:42,Signal Acquired,15.353809,73.927693,0.89,0.67,9.12,-0.01,0.01,0.03,NO
,,,,,,,,,,,,,,,,,,,,,,,,,,,,,,,,,,,,,,,,,,,,,,,,,,,,,,,,,,,,,,,,,,,,,,,,,,,,,,,,,,,,,,,,,,,,,,,,,,,,,,,,,2025-04-24 13:04:45,Signal Acquired,15.353809,73.927693,1.8,0.83,9.19,-0.02,0.05,-0.02,NO
,,,,,,,,,,,,,,,,,,,,,,,,,,,,,,,,,,,,,,,,,,,,,,,,,,,,,,,,,,,,,,,,,,,,,,,,,,,,,,,,,,,,,,,,,,,,,,,,,,,,,,,,,2025-04-24 13:04:45,Signal Acquired,15.353809,73.927693,1.67,0.23,9.16,-0.04,-0.01,0.01,NO
,,,,,,,,,,,,,,,,,,,,,,,,,,,,,,,,,,,,,,,,,,,,,,,,,,,,,,,,,,,,,,,,,,,,,,,,,,,,,,,,,,,,,,,,,,,,,,,,,,,,,,,,,2025-04-24 13:04:45,Signal Acquired,15.353809,73.927693,2.12,0.51,9.55,0.0,0.01,0.0,NO
,,,,,,,,,,,,,,,,,,,,,,,,,,,,,,,,,,,,,,,,,,,,,,,,,,,,,,,,,,,,,,,,,,,,,,,,,,,,,,,,,,,,,,,,,,,,,,,,,,,,,,,,,2025-04-24 13:04:47,Signal Acquired,15.353809,73.927693,1.64,0.89,9.29,-0.02,0.01,0.02,NO
,,,,,,,,,,,,,,,,,,,,,,,,,,,,,,,,,,,,,,,,,,,,,,,,,,,,,,,,,,,,,,,,,,,,,,,,,,,,,,,,,,,,,,,,,,,,,,,,,,,,,,,,,2025-04-24 13:04:47,Signal Acquired,15.353809,73.927693,1.3,-0.03,8.93,0.05,0.04,-0.04,NO
,,,,,,,,,,,,,,,,,,,,,,,,,,,,,,,,,,,,,,,,,,,,,,,,,,,,,,,,,,,,,,,,,,,,,,,,,,,,,,,,,,,,,,,,,,,,,,,,,,,,,,,,,2025-04-24 13:04:47,Signal Acquired,15.353809,73.927693,2.2,-0.76,9.3,-0.04,-0.01,0.06,NO
,,,,,,,,,,,,,,,,,,,,,,,,,,,,,,,,,,,,,,,,,,,,,,,,,,,,,,,,,,,,,,,,,,,,,,,,,,,,,,,,,,,,,,,,,,,,,,,,,,,,,,,,,2025-04-24 13:04:49,Signal Acquired,15.353809,73.927693,1.61,-0.66,9.69,-0.0,0.0,0.04,NO
,,,,,,,,,,,,,,,,,,,,,,,,,,,,,,,,,,,,,,,,,,,,,,,,,,,,,,,,,,,,,,,,,,,,,,,,,,,,,,,,,,,,,,,,,,,,,,,,,,,,,,,,,2025-04-24 13:04:49,Signal Acquired,15.353809,73.927693,0.72,-1.04,9.64,-0.02,0.0,0.03,NO
,,,,,,,,,,,,,,,,,,,,,,,,,,,,,,,,,,,,,,,,,,,,,,,,,,,,,,,,,,,,,,,,,,,,,,,,,,,,,,,,,,,,,,,,,,,,,,,,,,,,,,,,,2025-04-24 13:04:49,Signal Acquired,15.353809,73.927693,-0.91,-0.46,9.56,-0.04,0.0,0.07,DETECTED
,,,,,,,,,,,,,,,,,,,,,,,,,,,,,,,,,,,,,,,,,,,,,,,,,,,,,,,,,,,,,,,,,,,,,,,,,,,,,,,,,,,,,,,,,,,,,,,,,,,,,,,,,2025-04-24 13:04:51,Signal Acquired,15.353809,73.927693,2.99,-2.07,9.18,-0.01,-0.01,0.04,NO
,,,,,,,,,,,,,,,,,,,,,,,,,,,,,,,,,,,,,,,,,,,,,,,,,,,,,,,,,,,,,,,,,,,,,,,,,,,,,,,,,,,,,,,,,,,,,,,,,,,,,,,,,2025-04-24 13:04:51,Signal Acquired,15.353809,73.927693,3.28,-1.45,9.24,-0.03,0.03,0.02,NO
,,,,,,,,,,,,,,,,,,,,,,,,,,,,,,,,,,,,,,,,,,,,,,,,,,,,,,,,,,,,,,,,,,,,,,,,,,,,,,,,,,,,,,,,,,,,,,,,,,,,,,,,,2025-04-24 13:04:51,Signal Acquired,15.353809,73.927693,2.13,0.74,9.24,0.03,-0.0,0.03,NO
,,,,,,,,,,,,,,,,,,,,,,,,,,,,,,,,,,,,,,,,,,,,,,,,,,,,,,,,,,,,,,,,,,,,,,,,,,,,,,,,,,,,,,,,,,,,,,,,,,,,,,,,,2025-04-24 13:04:53,Signal Acquired,15.353809,73.927693,0.62,0.71,9.38,-0.01,0.02,0.06,DETECTED
,,,,,,,,,,,,,,,,,,,,,,,,,,,,,,,,,,,,,,,,,,,,,,,,,,,,,,,,,,,,,,,,,,,,,,,,,,,,,,,,,,,,,,,,,,,,,,,,,,,,,,,,,2025-04-24 13:04:53,Signal Acquired,15.353809,73.927693,5.57,1.22,6.43,0.02,-0.02,-0.0,DETECTED
,,,,,,,,,,,,,,,,,,,,,,,,,,,,,,,,,,,,,,,,,,,,,,,,,,,,,,,,,,,,,,,,,,,,,,,,,,,,,,,,,,,,,,,,,,,,,,,,,,,,,,,,,2025-04-24 13:04:53,Signal Acquired,15.353809,73.927693,0.74,-3.15,7.59,-0.59,0.31,0.08,DETECTED
,,,,,,,,,,,,,,,,,,,,,,,,,,,,,,,,,,,,,,,,,,,,,,,,,,,,,,,,,,,,,,,,,,,,,,,,,,,,,,,,,,,,,,,,,,,,,,,,,,,,,,,,,2025-04-24 13:04:56,Signal Acquired,15.353809,73.927693,0.09,4.89,7.93,0.05,0.06,-0.1,DETECTED
,,,,,,,,,,,,,,,,,,,,,,,,,,,,,,,,,,,,,,,,,,,,,,,,,,,,,,,,,,,,,,,,,,,,,,,,,,,,,,,,,,,,,,,,,,,,,,,,,,,,,,,,,2025-04-24 13:04:56,Signal Acquired,15.353809,73.927693,1.29,1.93,9.48,0.07,-0.12,-0.0,DETECTED
,,,,,,,,,,,,,,,,,,,,,,,,,,,,,,,,,,,,,,,,,,,,,,,,,,,,,,,,,,,,,,,,,,,,,,,,,,,,,,,,,,,,,,,,,,,,,,,,,,,,,,,,,2025-04-24 13:04:56,Signal Acquired,15.353809,73.927693,1.28,1.7,8.47,-0.02,0.05,0.03,DETECTED
,,,,,,,,,,,,,,,,,,,,,,,,,,,,,,,,,,,,,,,,,,,,,,,,,,,,,,,,,,,,,,,,,,,,,,,,,,,,,,,,,,,,,,,,,,,,,,,,,,,,,,,,,2025-04-24 13:04:58,Signal Acquired,15.353809,73.927693,1.03,2.57,9.32,0.02,-0.0,0.01,NO
,,,,,,,,,,,,,,,,,,,,,,,,,,,,,,,,,,,,,,,,,,,,,,,,,,,,,,,,,,,,,,,,,,,,,,,,,,,,,,,,,,,,,,,,,,,,,,,,,,,,,,,,,2025-04-24 13:04:58,Signal Acquired,15.353809,73.927693,1.84,2.06,8.92,-0.01,0.18,0.01,NO
,,,,,,,,,,,,,,,,,,,,,,,,,,,,,,,,,,,,,,,,,,,,,,,,,,,,,,,,,,,,,,,,,,,,,,,,,,,,,,,,,,,,,,,,,,,,,,,,,,,,,,,,,2025-04-24 13:04:58,Signal Acquired,15.353809,73.927693,1.24,0.82,8.82,-0.04,0.0,0.02,DETECTED
,,,,,,,,,,,,,,,,,,,,,,,,,,,,,,,,,,,,,,,,,,,,,,,,,,,,,,,,,,,,,,,,,,,,,,,,,,,,,,,,,,,,,,,,,,,,,,,,,,,,,,,,,2025-04-24 13:05:00,Signal Acquired,15.353809,73.927693,1.32,0.73,8.78,-0.01,-0.02,-0.0,NO
,,,,,,,,,,,,,,,,,,,,,,,,,,,,,,,,,,,,,,,,,,,,,,,,,,,,,,,,,,,,,,,,,,,,,,,,,,,,,,,,,,,,,,,,,,,,,,,,,,,,,,,,,2025-04-24 13:05:00,Signal Acquired,15.353809,73.927693,2.82,1.08,8.72,-0.02,-0.0,-0.06,NO
,,,,,,,,,,,,,,,,,,,,,,,,,,,,,,,,,,,,,,,,,,,,,,,,,,,,,,,,,,,,,,,,,,,,,,,,,,,,,,,,,,,,,,,,,,,,,,,,,,,,,,,,,2025-04-24 13:05:00,Signal Acquired,15.353809,73.927693,3.55,1.16,8.57,-0.02,0.01,-0.11,NO
,,,,,,,,,,,,,,,,,,,,,,,,,,,,,,,,,,,,,,,,,,,,,,,,,,,,,,,,,,,,,,,,,,,,,,,,,,,,,,,,,,,,,,,,,,,,,,,,,,,,,,,,,2025-04-24 13:05:02,Signal Acquired,15.353809,73.927693,3.32,0.88,8.77,-0.03,0.07,-0.15,NO
,,,,,,,,,,,,,,,,,,,,,,,,,,,,,,,,,,,,,,,,,,,,,,,,,,,,,,,,,,,,,,,,,,,,,,,,,,,,,,,,,,,,,,,,,,,,,,,,,,,,,,,,,2025-04-24 13:05:02,Signal Acquired,15.353809,73.927693,2.36,1.53,9.0,0.01,0.02,-0.17,NO
,,,,,,,,,,,,,,,,,,,,,,,,,,,,,,,,,,,,,,,,,,,,,,,,,,,,,,,,,,,,,,,,,,,,,,,,,,,,,,,,,,,,,,,,,,,,,,,,,,,,,,,,,2025-04-24 13:05:02,Signal Acquired,15.353809,73.927693,1.58,1.83,9.12,-0.06,0.12,-0.14,NO
,,,,,,,,,,,,,,,,,,,,,,,,,,,,,,,,,,,,,,,,,,,,,,,,,,,,,,,,,,,,,,,,,,,,,,,,,,,,,,,,,,,,,,,,,,,,,,,,,,,,,,,,,2025-04-24 13:05:05,Signal Acquired,15.353809,73.927693,1.47,1.79,8.7,-0.07,0.03,-0.07,NO
,,,,,,,,,,,,,,,,,,,,,,,,,,,,,,,,,,,,,,,,,,,,,,,,,,,,,,,,,,,,,,,,,,,,,,,,,,,,,,,,,,,,,,,,,,,,,,,,,,,,,,,,,2025-04-24 13:05:05,Signal Acquired,15.353809,73.927693,1.37,0.64,9.4,-0.06,0.06,0.02,NO
,,,,,,,,,,,,,,,,,,,,,,,,,,,,,,,,,,,,,,,,,,,,,,,,,,,,,,,,,,,,,,,,,,,,,,,,,,,,,,,,,,,,,,,,,,,,,,,,,,,,,,,,,2025-04-24 13:05:05,Signal Acquired,15.353809,73.927693,1.97,0.06,8.86,0.06,-0.03,0.03,NO
,,,,,,,,,,,,,,,,,,,,,,,,,,,,,,,,,,,,,,,,,,,,,,,,,,,,,,,,,,,,,,,,,,,,,,,,,,,,,,,,,,,,,,,,,,,,,,,,,,,,,,,,,2025-04-24 13:05:07,Signal Acquired,15.353809,73.927693,1.89,0.09,8.69,-0.0,0.01,0.05,NO
,,,,,,,,,,,,,,,,,,,,,,,,,,,,,,,,,,,,,,,,,,,,,,,,,,,,,,,,,,,,,,,,,,,,,,,,,,,,,,,,,,,,,,,,,,,,,,,,,,,,,,,,,2025-04-24 13:05:07,Signal Acquired,15.353809,73.927693,1.83,1.45,9.11,-0.06,0.08,0.05,NO
,,,,,,,,,,,,,,,,,,,,,,,,,,,,,,,,,,,,,,,,,,,,,,,,,,,,,,,,,,,,,,,,,,,,,,,,,,,,,,,,,,,,,,,,,,,,,,,,,,,,,,,,,2025-04-24 13:05:07,Signal Acquired,15.353809,73.927693,-0.06,1.67,8.93,0.01,0.06,0.05,NO
,,,,,,,,,,,,,,,,,,,,,,,,,,,,,,,,,,,,,,,,,,,,,,,,,,,,,,,,,,,,,,,,,,,,,,,,,,,,,,,,,,,,,,,,,,,,,,,,,,,,,,,,,2025-04-24 13:05:09,Signal Acquired,15.356302,73.928146,1.0,0.71,9.23,-0.06,-0.05,0.04,NO
,,,,,,,,,,,,,,,,,,,,,,,,,,,,,,,,,,,,,,,,,,,,,,,,,,,,,,,,,,,,,,,,,,,,,,,,,,,,,,,,,,,,,,,,,,,,,,,,,,,,,,,,,2025-04-24 13:05:09,Signal Acquired,15.356302,73.928146,1.65,1.85,9.32,-0.01,0.01,0.05,NO
,,,,,,,,,,,,,,,,,,,,,,,,,,,,,,,,,,,,,,,,,,,,,,,,,,,,,,,,,,,,,,,,,,,,,,,,,,,,,,,,,,,,,,,,,,,,,,,,,,,,,,,,,2025-04-24 13:05:09,Signal Acquired,15.356382,73.928161,2.3,1.81,8.89,0.0,0.11,0.04,DETECTED
,,,,,,,,,,,,,,,,,,,,,,,,,,,,,,,,,,,,,,,,,,,,,,,,,,,,,,,,,,,,,,,,,,,,,,,,,,,,,,,,,,,,,,,,,,,,,,,,,,,,,,,,,2025-04-24 13:05:11,Signal Acquired,15.356382,73.928161,2.93,0.93,8.29,-0.02,0.1,0.02,NO
,,,,,,,,,,,,,,,,,,,,,,,,,,,,,,,,,,,,,,,,,,,,,,,,,,,,,,,,,,,,,,,,,,,,,,,,,,,,,,,,,,,,,,,,,,,,,,,,,,,,,,,,,2025-04-24 13:05:11,Signal Acquired,15.356481,73.928174,0.71,1.93,9.0,-0.05,0.04,0.01,NO
,,,,,,,,,,,,,,,,,,,,,,,,,,,,,,,,,,,,,,,,,,,,,,,,,,,,,,,,,,,,,,,,,,,,,,,,,,,,,,,,,,,,,,,,,,,,,,,,,,,,,,,,,2025-04-24 13:05:11,Signal Acquired,15.356481,73.928174,4.25,2.1,8.81,-0.19,-0.01,0.02,DETECTED
,,,,,,,,,,,,,,,,,,,,,,,,,,,,,,,,,,,,,,,,,,,,,,,,,,,,,,,,,,,,,,,,,,,,,,,,,,,,,,,,,,,,,,,,,,,,,,,,,,,,,,,,,2025-04-24 13:05:13,Signal Acquired,15.356563,73.92819,2.28,1.7,9.22,0.04,-0.0,0.02,NO
,,,,,,,,,,,,,,,,,,,,,,,,,,,,,,,,,,,,,,,,,,,,,,,,,,,,,,,,,,,,,,,,,,,,,,,,,,,,,,,,,,,,,,,,,,,,,,,,,,,,,,,,,2025-04-24 13:05:14,Signal Acquired,15.356563,73.92819,0.05,0.96,9.72,0.0,0.06,0.02,DETECTED
,,,,,,,,,,,,,,,,,,,,,,,,,,,,,,,,,,,,,,,,,,,,,,,,,,,,,,,,,,,,,,,,,,,,,,,,,,,,,,,,,,,,,,,,,,,,,,,,,,,,,,,,,2025-04-24 13:05:14,Signal Acquired,15.356662,73.928205,3.87,1.47,8.06,0.04,-0.16,0.02,DETECTED
,,,,,,,,,,,,,,,,,,,,,,,,,,,,,,,,,,,,,,,,,,,,,,,,,,,,,,,,,,,,,,,,,,,,,,,,,,,,,,,,,,,,,,,,,,,,,,,,,,,,,,,,,2025-04-24 13:05:16,Signal Acquired,15.356662,73.928205,4.41,1.67,8.09,0.09,-0.08,-0.01,DETECTED
,,,,,,,,,,,,,,,,,,,,,,,,,,,,,,,,,,,,,,,,,,,,,,,,,,,,,,,,,,,,,,,,,,,,,,,,,,,,,,,,,,,,,,,,,,,,,,,,,,,,,,,,,2025-04-24 13:05:16,Signal Acquired,15.356759,73.928221,2.06,1.34,8.97,-0.03,0.08,-0.01,NO
,,,,,,,,,,,,,,,,,,,,,,,,,,,,,,,,,,,,,,,,,,,,,,,,,,,,,,,,,,,,,,,,,,,,,,,,,,,,,,,,,,,,,,,,,,,,,,,,,,,,,,,,,2025-04-24 13:05:16,Signal Acquired,15.356759,73.928221,2.33,1.61,8.41,-0.06,-0.02,-0.0,NO
,,,,,,,,,,,,,,,,,,,,,,,,,,,,,,,,,,,,,,,,,,,,,,,,,,,,,,,,,,,,,,,,,,,,,,,,,,,,,,,,,,,,,,,,,,,,,,,,,,,,,,,,,2025-04-24 13:05:18,Signal Acquired,15.356868,73.928236,1.51,1.82,9.4,-0.02,-0.03,-0.01,DETECTED
,,,,,,,,,,,,,,,,,,,,,,,,,,,,,,,,,,,,,,,,,,,,,,,,,,,,,,,,,,,,,,,,,,,,,,,,,,,,,,,,,,,,,,,,,,,,,,,,,,,,,,,,,2025-04-24 13:05:18,Signal Acquired,15.356868,73.928236,1.25,1.95,9.78,-0.07,0.09,-0.01,NO
,,,,,,,,,,,,,,,,,,,,,,,,,,,,,,,,,,,,,,,,,,,,,,,,,,,,,,,,,,,,,,,,,,,,,,,,,,,,,,,,,,,,,,,,,,,,,,,,,,,,,,,,,2025-04-24 13:05:18,Signal Acquired,15.356995,73.928251,-0.61,2.26,10.41,-0.02,0.13,0.01,DETECTED
,,,,,,,,,,,,,,,,,,,,,,,,,,,,,,,,,,,,,,,,,,,,,,,,,,,,,,,,,,,,,,,,,,,,,,,,,,,,,,,,,,,,,,,,,,,,,,,,,,,,,,,,,2025-04-24 13:05:20,Signal Acquired,15.356995,73.928251,1.81,1.23,9.19,-0.03,0.18,0.01,DETECTED
,,,,,,,,,,,,,,,,,,,,,,,,,,,,,,,,,,,,,,,,,,,,,,,,,,,,,,,,,,,,,,,,,,,,,,,,,,,,,,,,,,,,,,,,,,,,,,,,,,,,,,,,,2025-04-24 13:05:20,Signal Acquired,15.357121,73.928267,1.58,0.62,9.4,-0.04,0.05,0.02,NO
,,,,,,,,,,,,,,,,,,,,,,,,,,,,,,,,,,,,,,,,,,,,,,,,,,,,,,,,,,,,,,,,,,,,,,,,,,,,,,,,,,,,,,,,,,,,,,,,,,,,,,,,,2025-04-24 13:05:20,Signal Acquired,15.357121,73.928267,0.42,0.17,9.3,-0.06,-0.0,0.01,NO
,,,,,,,,,,,,,,,,,,,,,,,,,,,,,,,,,,,,,,,,,,,,,,,,,,,,,,,,,,,,,,,,,,,,,,,,,,,,,,,,,,,,,,,,,,,,,,,,,,,,,,,,,2025-04-24 13:05:22,Signal Acquired,15.35724,73.928282,3.11,0.8,9.62,0.01,0.11,0.01,DETECTED
,,,,,,,,,,,,,,,,,,,,,,,,,,,,,,,,,,,,,,,,,,,,,,,,,,,,,,,,,,,,,,,,,,,,,,,,,,,,,,,,,,,,,,,,,,,,,,,,,,,,,,,,,2025-04-24 13:05:22,Signal Acquired,15.35724,73.928282,2.37,0.19,8.9,-0.01,-0.07,0.0,DETECTED
,,,,,,,,,,,,,,,,,,,,,,,,,,,,,,,,,,,,,,,,,,,,,,,,,,,,,,,,,,,,,,,,,,,,,,,,,,,,,,,,,,,,,,,,,,,,,,,,,,,,,,,,,2025-04-24 13:05:22,Signal Acquired,15.357363,73.928295,2.77,0.51,8.66,0.03,-0.0,-0.01,NO
,,,,,,,,,,,,,,,,,,,,,,,,,,,,,,,,,,,,,,,,,,,,,,,,,,,,,,,,,,,,,,,,,,,,,,,,,,,,,,,,,,,,,,,,,,,,,,,,,,,,,,,,,2025-04-24 13:05:25,Signal Acquired,15.357363,73.928295,1.85,1.22,8.09,0.05,0.02,0.01,NO
,,,,,,,,,,,,,,,,,,,,,,,,,,,,,,,,,,,,,,,,,,,,,,,,,,,,,,,,,,,,,,,,,,,,,,,,,,,,,,,,,,,,,,,,,,,,,,,,,,,,,,,,,2025-04-24 13:05:25,Signal Acquired,15.357484,73.928307,0.38,0.29,9.08,0.01,0.02,0.01,NO
,,,,,,,,,,,,,,,,,,,,,,,,,,,,,,,,,,,,,,,,,,,,,,,,,,,,,,,,,,,,,,,,,,,,,,,,,,,,,,,,,,,,,,,,,,,,,,,,,,,,,,,,,2025-04-24 13:05:25,Signal Acquired,15.357484,73.928307,3.22,-0.91,9.24,0.01,0.02,0.0,NO
,,,,,,,,,,,,,,,,,,,,,,,,,,,,,,,,,,,,,,,,,,,,,,,,,,,,,,,,,,,,,,,,,,,,,,,,,,,,,,,,,,,,,,,,,,,,,,,,,,,,,,,,,2025-04-24 13:05:27,Signal Acquired,15.3576,73.928316,2.09,-0.66,8.68,-0.05,-0.03,0.03,NO
,,,,,,,,,,,,,,,,,,,,,,,,,,,,,,,,,,,,,,,,,,,,,,,,,,,,,,,,,,,,,,,,,,,,,,,,,,,,,,,,,,,,,,,,,,,,,,,,,,,,,,,,,2025-04-24 13:05:27,Signal Acquired,15.3576,73.928316,1.27,-0.13,9.1,-0.06,-0.0,0.01,NO
,,,,,,,,,,,,,,,,,,,,,,,,,,,,,,,,,,,,,,,,,,,,,,,,,,,,,,,,,,,,,,,,,,,,,,,,,,,,,,,,,,,,,,,,,,,,,,,,,,,,,,,,,2025-04-24 13:05:27,Signal Acquired,15.357699,73.928324,1.43,1.21,9.62,-0.02,0.11,-0.01,NO
,,,,,,,,,,,,,,,,,,,,,,,,,,,,,,,,,,,,,,,,,,,,,,,,,,,,,,,,,,,,,,,,,,,,,,,,,,,,,,,,,,,,,,,,,,,,,,,,,,,,,,,,,2025-04-24 13:05:29,Signal Acquired,15.357699,73.928324,0.81,0.68,9.01,-0.04,0.09,0.01,NO
,,,,,,,,,,,,,,,,,,,,,,,,,,,,,,,,,,,,,,,,,,,,,,,,,,,,,,,,,,,,,,,,,,,,,,,,,,,,,,,,,,,,,,,,,,,,,,,,,,,,,,,,,2025-04-24 13:05:29,Signal Acquired,15.357787,73.928331,2.72,0.35,8.49,0.0,0.02,0.02,NO
,,,,,,,,,,,,,,,,,,,,,,,,,,,,,,,,,,,,,,,,,,,,,,,,,,,,,,,,,,,,,,,,,,,,,,,,,,,,,,,,,,,,,,,,,,,,,,,,,,,,,,,,,2025-04-24 13:05:29,Signal Acquired,15.357787,73.928331,1.01,1.54,9.35,-0.04,0.08,0.01,NO
,,,,,,,,,,,,,,,,,,,,,,,,,,,,,,,,,,,,,,,,,,,,,,,,,,,,,,,,,,,,,,,,,,,,,,,,,,,,,,,,,,,,,,,,,,,,,,,,,,,,,,,,,2025-04-24 13:05:32,Signal Acquired,15.357872,73.928337,1.08,1.5,9.02,0.02,0.08,-0.01,NO
,,,,,,,,,,,,,,,,,,,,,,,,,,,,,,,,,,,,,,,,,,,,,,,,,,,,,,,,,,,,,,,,,,,,,,,,,,,,,,,,,,,,,,,,,,,,,,,,,,,,,,,,,2025-04-24 13:05:32,Signal Acquired,15.357872,73.928337,1.93,1.04,8.48,-0.02,-0.05,0.01,DETECTED
,,,,,,,,,,,,,,,,,,,,,,,,,,,,,,,,,,,,,,,,,,,,,,,,,,,,,,,,,,,,,,,,,,,,,,,,,,,,,,,,,,,,,,,,,,,,,,,,,,,,,,,,,2025-04-24 13:05:32,Signal Acquired,15.357985,73.928346,1.29,1.68,9.66,-0.02,0.05,0.03,DETECTED
,,,,,,,,,,,,,,,,,,,,,,,,,,,,,,,,,,,,,,,,,,,,,,,,,,,,,,,,,,,,,,,,,,,,,,,,,,,,,,,,,,,,,,,,,,,,,,,,,,,,,,,,,2025-04-24 13:05:34,Signal Acquired,15.357985,73.928346,2.32,1.46,8.52,0.01,0.04,0.03,NO
,,,,,,,,,,,,,,,,,,,,,,,,,,,,,,,,,,,,,,,,,,,,,,,,,,,,,,,,,,,,,,,,,,,,,,,,,,,,,,,,,,,,,,,,,,,,,,,,,,,,,,,,,2025-04-24 13:05:34,Signal Acquired,15.358067,73.928346,0.65,1.26,8.8,0.01,0.07,0.01,DETECTED
,,,,,,,,,,,,,,,,,,,,,,,,,,,,,,,,,,,,,,,,,,,,,,,,,,,,,,,,,,,,,,,,,,,,,,,,,,,,,,,,,,,,,,,,,,,,,,,,,,,,,,,,,2025-04-24 13:05:34,Signal Acquired,15.358067,73.928346,-0.61,1.88,10.28,-0.01,0.1,0.03,DETECTED
,,,,,,,,,,,,,,,,,,,,,,,,,,,,,,,,,,,,,,,,,,,,,,,,,,,,,,,,,,,,,,,,,,,,,,,,,,,,,,,,,,,,,,,,,,,,,,,,,,,,,,,,,2025-04-24 13:05:36,Signal Acquired,15.358162,73.928346,3.69,1.55,8.59,-0.01,0.06,0.02,DETECTED
,,,,,,,,,,,,,,,,,,,,,,,,,,,,,,,,,,,,,,,,,,,,,,,,,,,,,,,,,,,,,,,,,,,,,,,,,,,,,,,,,,,,,,,,,,,,,,,,,,,,,,,,,2025-04-24 13:05:36,Signal Acquired,15.358162,73.928346,1.85,1.58,8.8,-0.04,-0.12,0.0,DETECTED
,,,,,,,,,,,,,,,,,,,,,,,,,,,,,,,,,,,,,,,,,,,,,,,,,,,,,,,,,,,,,,,,,,,,,,,,,,,,,,,,,,,,,,,,,,,,,,,,,,,,,,,,,2025-04-24 13:05:36,Signal Acquired,15.358267,73.928346,1.1,1.72,9.2,-0.06,-0.01,0.02,DETECTED
,,,,,,,,,,,,,,,,,,,,,,,,,,,,,,,,,,,,,,,,,,,,,,,,,,,,,,,,,,,,,,,,,,,,,,,,,,,,,,,,,,,,,,,,,,,,,,,,,,,,,,,,,2025-04-24 13:05:38,Signal Acquired,15.358267,73.928346,0.63,1.8,9.1,-0.04,0.08,0.01,NO
,,,,,,,,,,,,,,,,,,,,,,,,,,,,,,,,,,,,,,,,,,,,,,,,,,,,,,,,,,,,,,,,,,,,,,,,,,,,,,,,,,,,,,,,,,,,,,,,,,,,,,,,,2025-04-24 13:05:38,Signal Acquired,15.358378,73.928347,0.72,1.02,9.15,-0.02,-0.06,-0.02,DETECTED
,,,,,,,,,,,,,,,,,,,,,,,,,,,,,,,,,,,,,,,,,,,,,,,,,,,,,,,,,,,,,,,,,,,,,,,,,,,,,,,,,,,,,,,,,,,,,,,,,,,,,,,,,2025-04-24 13:05:38,Signal Acquired,15.358378,73.928347,2.46,1.65,8.42,0.02,-0.07,-0.03,DETECTED
,,,,,,,,,,,,,,,,,,,,,,,,,,,,,,,,,,,,,,,,,,,,,,,,,,,,,,,,,,,,,,,,,,,,,,,,,,,,,,,,,,,,,,,,,,,,,,,,,,,,,,,,,2025-04-24 13:05:41,Signal Acquired,15.358488,73.928351,1.53,1.62,8.44,-0.03,-0.02,0.0,DETECTED
,,,,,,,,,,,,,,,,,,,,,,,,,,,,,,,,,,,,,,,,,,,,,,,,,,,,,,,,,,,,,,,,,,,,,,,,,,,,,,,,,,,,,,,,,,,,,,,,,,,,,,,,,2025-04-24 13:05:41,Signal Acquired,15.358488,73.928351,3.17,1.6,9.49,-0.01,0.06,0.01,NO
,,,,,,,,,,,,,,,,,,,,,,,,,,,,,,,,,,,,,,,,,,,,,,,,,,,,,,,,,,,,,,,,,,,,,,,,,,,,,,,,,,,,,,,,,,,,,,,,,,,,,,,,,2025-04-24 13:05:41,Signal Acquired,15.358612,73.928351,2.23,0.96,8.91,-0.0,0.04,0.01,NO
,,,,,,,,,,,,,,,,,,,,,,,,,,,,,,,,,,,,,,,,,,,,,,,,,,,,,,,,,,,,,,,,,,,,,,,,,,,,,,,,,,,,,,,,,,,,,,,,,,,,,,,,,2025-04-24 13:05:43,Signal Acquired,15.358612,73.928351,2.89,0.27,8.11,-0.02,0.0,0.01,NO
,,,,,,,,,,,,,,,,,,,,,,,,,,,,,,,,,,,,,,,,,,,,,,,,,,,,,,,,,,,,,,,,,,,,,,,,,,,,,,,,,,,,,,,,,,,,,,,,,,,,,,,,,2025-04-24 13:05:43,Signal Acquired,15.358733,73.92835,1.33,1.04,8.77,-0.04,0.17,-0.0,DETECTED
,,,,,,,,,,,,,,,,,,,,,,,,,,,,,,,,,,,,,,,,,,,,,,,,,,,,,,,,,,,,,,,,,,,,,,,,,,,,,,,,,,,,,,,,,,,,,,,,,,,,,,,,,2025-04-24 13:05:43,Signal Acquired,15.358733,73.92835,0.08,0.47,9.98,-0.04,0.11,0.03,DETECTED
,,,,,,,,,,,,,,,,,,,,,,,,,,,,,,,,,,,,,,,,,,,,,,,,,,,,,,,,,,,,,,,,,,,,,,,,,,,,,,,,,,,,,,,,,,,,,,,,,,,,,,,,,2025-04-24 13:05:45,Signal Acquired,15.358843,73.92835,2.42,0.62,8.93,-0.05,0.05,0.01,DETECTED
,,,,,,,,,,,,,,,,,,,,,,,,,,,,,,,,,,,,,,,,,,,,,,,,,,,,,,,,,,,,,,,,,,,,,,,,,,,,,,,,,,,,,,,,,,,,,,,,,,,,,,,,,2025-04-24 13:05:45,Signal Acquired,15.358843,73.92835,2.03,1.58,8.71,-0.0,-0.02,0.02,NO
,,,,,,,,,,,,,,,,,,,,,,,,,,,,,,,,,,,,,,,,,,,,,,,,,,,,,,,,,,,,,,,,,,,,,,,,,,,,,,,,,,,,,,,,,,,,,,,,,,,,,,,,,2025-04-24 13:05:45,Signal Acquired,15.35895,73.92835,0.46,0.85,9.31,0.0,0.04,0.01,NO
,,,,,,,,,,,,,,,,,,,,,,,,,,,,,,,,,,,,,,,,,,,,,,,,,,,,,,,,,,,,,,,,,,,,,,,,,,,,,,,,,,,,,,,,,,,,,,,,,,,,,,,,,2025-04-24 13:05:47,Signal Acquired,15.35895,73.92835,0.69,0.51,8.85,-0.02,-0.01,0.04,NO
,,,,,,,,,,,,,,,,,,,,,,,,,,,,,,,,,,,,,,,,,,,,,,,,,,,,,,,,,,,,,,,,,,,,,,,,,,,,,,,,,,,,,,,,,,,,,,,,,,,,,,,,,2025-04-24 13:05:47,Signal Acquired,15.359057,73.92835,3.01,0.96,9.49,-0.01,0.03,0.02,NO
,,,,,,,,,,,,,,,,,,,,,,,,,,,,,,,,,,,,,,,,,,,,,,,,,,,,,,,,,,,,,,,,,,,,,,,,,,,,,,,,,,,,,,,,,,,,,,,,,,,,,,,,,2025-04-24 13:05:47,Signal Acquired,15.359057,73.92835,0.9,1.69,9.48,0.01,0.02,0.02,NO
,,,,,,,,,,,,,,,,,,,,,,,,,,,,,,,,,,,,,,,,,,,,,,,,,,,,,,,,,,,,,,,,,,,,,,,,,,,,,,,,,,,,,,,,,,,,,,,,,,,,,,,,,2025-04-24 13:05:49,Signal Acquired,15.359144,73.928347,0.32,1.21,8.75,-0.07,-0.01,-0.08,NO
,,,,,,,,,,,,,,,,,,,,,,,,,,,,,,,,,,,,,,,,,,,,,,,,,,,,,,,,,,,,,,,,,,,,,,,,,,,,,,,,,,,,,,,,,,,,,,,,,,,,,,,,,2025-04-24 13:05:49,Signal Acquired,15.359144,73.928347,1.89,1.37,8.67,-0.01,0.01,0.07,NO
,,,,,,,,,,,,,,,,,,,,,,,,,,,,,,,,,,,,,,,,,,,,,,,,,,,,,,,,,,,,,,,,,,,,,,,,,,,,,,,,,,,,,,,,,,,,,,,,,,,,,,,,,2025-04-24 13:05:49,Signal Acquired,15.359217,73.928343,2.73,1.91,8.67,0.0,0.06,0.04,NO
,,,,,,,,,,,,,,,,,,,,,,,,,,,,,,,,,,,,,,,,,,,,,,,,,,,,,,,,,,,,,,,,,,,,,,,,,,,,,,,,,,,,,,,,,,,,,,,,,,,,,,,,,2025-04-24 13:05:52,Signal Acquired,15.359217,73.928343,1.47,1.1,9.08,0.02,0.03,0.04,NO
,,,,,,,,,,,,,,,,,,,,,,,,,,,,,,,,,,,,,,,,,,,,,,,,,,,,,,,,,,,,,,,,,,,,,,,,,,,,,,,,,,,,,,,,,,,,,,,,,,,,,,,,,2025-04-24 13:05:52,Signal Acquired,15.359327,73.928327,1.62,0.82,8.88,-0.02,0.06,0.04,DETECTED
,,,,,,,,,,,,,,,,,,,,,,,,,,,,,,,,,,,,,,,,,,,,,,,,,,,,,,,,,,,,,,,,,,,,,,,,,,,,,,,,,,,,,,,,,,,,,,,,,,,,,,,,,2025-04-24 13:05:52,Signal Acquired,15.359327,73.928327,2.07,0.88,8.8,-0.0,0.03,0.04,NO
,,,,,,,,,,,,,,,,,,,,,,,,,,,,,,,,,,,,,,,,,,,,,,,,,,,,,,,,,,,,,,,,,,,,,,,,,,,,,,,,,,,,,,,,,,,,,,,,,,,,,,,,,2025-04-24 13:05:54,Signal Acquired,15.359444,73.928302,2.7,0.57,9.05,0.01,0.04,0.06,NO
,,,,,,,,,,,,,,,,,,,,,,,,,,,,,,,,,,,,,,,,,,,,,,,,,,,,,,,,,,,,,,,,,,,,,,,,,,,,,,,,,,,,,,,,,,,,,,,,,,,,,,,,,2025-04-24 13:05:54,Signal Acquired,15.359444,73.928302,3.01,2.82,9.58,0.15,0.17,0.04,DETECTED
,,,,,,,,,,,,,,,,,,,,,,,,,,,,,,,,,,,,,,,,,,,,,,,,,,,,,,,,,,,,,,,,,,,,,,,,,,,,,,,,,,,,,,,,,,,,,,,,,,,,,,,,,2025-04-24 13:05:54,Signal Acquired,15.359551,73.928273,-0.3,1.12,8.23,-0.12,0.01,0.1,NO
,,,,,,,,,,,,,,,,,,,,,,,,,,,,,,,,,,,,,,,,,,,,,,,,,,,,,,,,,,,,,,,,,,,,,,,,,,,,,,,,,,,,,,,,,,,,,,,,,,,,,,,,,2025-04-24 13:05:56,Signal Acquired,15.359551,73.928273,1.55,1.02,8.77,0.01,-0.02,0.11,DETECTED
,,,,,,,,,,,,,,,,,,,,,,,,,,,,,,,,,,,,,,,,,,,,,,,,,,,,,,,,,,,,,,,,,,,,,,,,,,,,,,,,,,,,,,,,,,,,,,,,,,,,,,,,,2025-04-24 13:05:56,Signal Acquired,15.359663,73.928231,-0.44,2.16,9.92,0.06,0.04,0.1,NO
,,,,,,,,,,,,,,,,,,,,,,,,,,,,,,,,,,,,,,,,,,,,,,,,,,,,,,,,,,,,,,,,,,,,,,,,,,,,,,,,,,,,,,,,,,,,,,,,,,,,,,,,,2025-04-24 13:05:56,Signal Acquired,15.359663,73.928231,0.68,0.88,9.28,-0.0,-0.02,0.08,NO
,,,,,,,,,,,,,,,,,,,,,,,,,,,,,,,,,,,,,,,,,,,,,,,,,,,,,,,,,,,,,,,,,,,,,,,,,,,,,,,,,,,,,,,,,,,,,,,,,,,,,,,,,2025-04-24 13:05:58,Signal Acquired,15.359769,73.92818,2.38,1.0,9.42,-0.07,-0.02,0.05,DETECTED
,,,,,,,,,,,,,,,,,,,,,,,,,,,,,,,,,,,,,,,,,,,,,,,,,,,,,,,,,,,,,,,,,,,,,,,,,,,,,,,,,,,,,,,,,,,,,,,,,,,,,,,,,2025-04-24 13:05:58,Signal Acquired,15.359769,73.92818,2.6,1.13,9.26,0.01,0.0,0.02,DETECTED
,,,,,,,,,,,,,,,,,,,,,,,,,,,,,,,,,,,,,,,,,,,,,,,,,,,,,,,,,,,,,,,,,,,,,,,,,,,,,,,,,,,,,,,,,,,,,,,,,,,,,,,,,2025-04-24 13:05:58,Signal Acquired,15.35988,73.928125,5.4,0.91,8.22,-0.04,0.12,0.01,DETECTED
,,,,,,,,,,,,,,,,,,,,,,,,,,,,,,,,,,,,,,,,,,,,,,,,,,,,,,,,,,,,,,,,,,,,,,,,,,,,,,,,,,,,,,,,,,,,,,,,,,,,,,,,,2025-04-24 13:06:01,Signal Acquired,15.35988,73.928125,3.15,1.32,8.77,-0.03,-0.01,0.02,NO
,,,,,,,,,,,,,,,,,,,,,,,,,,,,,,,,,,,,,,,,,,,,,,,,,,,,,,,,,,,,,,,,,,,,,,,,,,,,,,,,,,,,,,,,,,,,,,,,,,,,,,,,,2025-04-24 13:06:01,Signal Acquired,15.36,73.928063,1.47,0.99,9.34,-0.03,0.03,0.02,DETECTED
,,,,,,,,,,,,,,,,,,,,,,,,,,,,,,,,,,,,,,,,,,,,,,,,,,,,,,,,,,,,,,,,,,,,,,,,,,,,,,,,,,,,,,,,,,,,,,,,,,,,,,,,,2025-04-24 13:06:01,Signal Acquired,15.36,73.928063,1.22,1.09,9.14,-0.01,0.03,0.03,DETECTED
,,,,,,,,,,,,,,,,,,,,,,,,,,,,,,,,,,,,,,,,,,,,,,,,,,,,,,,,,,,,,,,,,,,,,,,,,,,,,,,,,,,,,,,,,,,,,,,,,,,,,,,,,2025-04-24 13:06:03,Signal Acquired,15.360088,73.927996,3.5,0.4,8.62,-0.04,0.1,0.03,DETECTED
,,,,,,,,,,,,,,,,,,,,,,,,,,,,,,,,,,,,,,,,,,,,,,,,,,,,,,,,,,,,,,,,,,,,,,,,,,,,,,,,,,,,,,,,,,,,,,,,,,,,,,,,,2025-04-24 13:06:03,Signal Acquired,15.360088,73.927996,2.56,1.27,8.46,-0.03,0.02,0.01,DETECTED
,,,,,,,,,,,,,,,,,,,,,,,,,,,,,,,,,,,,,,,,,,,,,,,,,,,,,,,,,,,,,,,,,,,,,,,,,,,,,,,,,,,,,,,,,,,,,,,,,,,,,,,,,2025-04-24 13:06:03,Signal Acquired,15.360169,73.92793,4.41,0.48,7.68,-0.05,-0.04,0.03,DETECTED
,,,,,,,,,,,,,,,,,,,,,,,,,,,,,,,,,,,,,,,,,,,,,,,,,,,,,,,,,,,,,,,,,,,,,,,,,,,,,,,,,,,,,,,,,,,,,,,,,,,,,,,,,2025-04-24 13:06:05,Signal Acquired,15.360169,73.92793,1.8,0.58,8.9,-0.02,0.07,0.02,NO
,,,,,,,,,,,,,,,,,,,,,,,,,,,,,,,,,,,,,,,,,,,,,,,,,,,,,,,,,,,,,,,,,,,,,,,,,,,,,,,,,,,,,,,,,,,,,,,,,,,,,,,,,2025-04-24 13:06:05,Signal Acquired,15.360256,73.927858,0.23,0.7,9.63,-0.06,-0.01,0.01,NO
,,,,,,,,,,,,,,,,,,,,,,,,,,,,,,,,,,,,,,,,,,,,,,,,,,,,,,,,,,,,,,,,,,,,,,,,,,,,,,,,,,,,,,,,,,,,,,,,,,,,,,,,,2025-04-24 13:06:05,Signal Acquired,15.360256,73.927858,2.46,0.77,8.64,-0.06,0.05,-0.02,NO
,,,,,,,,,,,,,,,,,,,,,,,,,,,,,,,,,,,,,,,,,,,,,,,,,,,,,,,,,,,,,,,,,,,,,,,,,,,,,,,,,,,,,,,,,,,,,,,,,,,,,,,,,2025-04-24 13:06:07,Signal Acquired,15.360341,73.927789,-1.71,0.04,9.5,-0.02,-0.0,0.01,NO
,,,,,,,,,,,,,,,,,,,,,,,,,,,,,,,,,,,,,,,,,,,,,,,,,,,,,,,,,,,,,,,,,,,,,,,,,,,,,,,,,,,,,,,,,,,,,,,,,,,,,,,,,2025-04-24 13:06:07,Signal Acquired,15.360341,73.927789,4.83,0.58,8.13,-0.03,0.1,0.0,DETECTED
,,,,,,,,,,,,,,,,,,,,,,,,,,,,,,,,,,,,,,,,,,,,,,,,,,,,,,,,,,,,,,,,,,,,,,,,,,,,,,,,,,,,,,,,,,,,,,,,,,,,,,,,,2025-04-24 13:06:07,Signal Acquired,15.360423,73.927721,2.38,0.81,9.99,0.07,-0.05,0.04,NO
,,,,,,,,,,,,,,,,,,,,,,,,,,,,,,,,,,,,,,,,,,,,,,,,,,,,,,,,,,,,,,,,,,,,,,,,,,,,,,,,,,,,,,,,,,,,,,,,,,,,,,,,,2025-04-24 13:06:10,Signal Acquired,15.360423,73.927721,0.31,1.61,9.31,0.01,0.08,0.02,NO
,,,,,,,,,,,,,,,,,,,,,,,,,,,,,,,,,,,,,,,,,,,,,,,,,,,,,,,,,,,,,,,,,,,,,,,,,,,,,,,,,,,,,,,,,,,,,,,,,,,,,,,,,2025-04-24 13:06:10,Signal Acquired,15.360514,73.927655,1.75,1.01,8.75,0.02,0.04,0.05,NO
,,,,,,,,,,,,,,,,,,,,,,,,,,,,,,,,,,,,,,,,,,,,,,,,,,,,,,,,,,,,,,,,,,,,,,,,,,,,,,,,,,,,,,,,,,,,,,,,,,,,,,,,,2025-04-24 13:06:10,Signal Acquired,15.360514,73.927655,4.14,0.61,8.86,-0.03,0.07,0.04,NO
,,,,,,,,,,,,,,,,,,,,,,,,,,,,,,,,,,,,,,,,,,,,,,,,,,,,,,,,,,,,,,,,,,,,,,,,,,,,,,,,,,,,,,,,,,,,,,,,,,,,,,,,,2025-04-24 13:06:12,Signal Acquired,15.360591,73.927583,3.77,1.17,8.06,0.02,-0.0,0.05,DETECTED
,,,,,,,,,,,,,,,,,,,,,,,,,,,,,,,,,,,,,,,,,,,,,,,,,,,,,,,,,,,,,,,,,,,,,,,,,,,,,,,,,,,,,,,,,,,,,,,,,,,,,,,,,2025-04-24 13:06:12,Signal Acquired,15.360591,73.927583,2.27,0.24,9.11,0.0,0.0,0.03,NO
,,,,,,,,,,,,,,,,,,,,,,,,,,,,,,,,,,,,,,,,,,,,,,,,,,,,,,,,,,,,,,,,,,,,,,,,,,,,,,,,,,,,,,,,,,,,,,,,,,,,,,,,,2025-04-24 13:06:12,Signal Acquired,15.360666,73.927508,1.63,0.47,9.26,-0.06,0.02,0.03,NO
,,,,,,,,,,,,,,,,,,,,,,,,,,,,,,,,,,,,,,,,,,,,,,,,,,,,,,,,,,,,,,,,,,,,,,,,,,,,,,,,,,,,,,,,,,,,,,,,,,,,,,,,,2025-04-24 13:06:14,Signal Acquired,15.360666,73.927508,2.39,1.81,9.48,0.13,-0.08,0.02,NO
,,,,,,,,,,,,,,,,,,,,,,,,,,,,,,,,,,,,,,,,,,,,,,,,,,,,,,,,,,,,,,,,,,,,,,,,,,,,,,,,,,,,,,,,,,,,,,,,,,,,,,,,,2025-04-24 13:06:14,Signal Acquired,15.360748,73.927438,1.9,0.8,8.92,0.03,-0.03,0.04,NO
,,,,,,,,,,,,,,,,,,,,,,,,,,,,,,,,,,,,,,,,,,,,,,,,,,,,,,,,,,,,,,,,,,,,,,,,,,,,,,,,,,,,,,,,,,,,,,,,,,,,,,,,,2025-04-24 13:06:14,Signal Acquired,15.360748,73.927438,2.44,0.7,8.71,-0.01,-0.03,0.05,NO
,,,,,,,,,,,,,,,,,,,,,,,,,,,,,,,,,,,,,,,,,,,,,,,,,,,,,,,,,,,,,,,,,,,,,,,,,,,,,,,,,,,,,,,,,,,,,,,,,,,,,,,,,2025-04-24 13:06:16,Signal Acquired,15.360831,73.927356,-0.85,-0.07,10.03,-0.08,0.07,0.07,DETECTED
,,,,,,,,,,,,,,,,,,,,,,,,,,,,,,,,,,,,,,,,,,,,,,,,,,,,,,,,,,,,,,,,,,,,,,,,,,,,,,,,,,,,,,,,,,,,,,,,,,,,,,,,,2025-04-24 13:06:16,Signal Acquired,15.360831,73.927356,3.2,1.11,8.75,-0.06,0.06,0.04,DETECTED
,,,,,,,,,,,,,,,,,,,,,,,,,,,,,,,,,,,,,,,,,,,,,,,,,,,,,,,,,,,,,,,,,,,,,,,,,,,,,,,,,,,,,,,,,,,,,,,,,,,,,,,,,2025-04-24 13:06:16,Signal Acquired,15.36091,73.927267,2.95,2.08,8.91,-0.03,0.02,0.01,NO
,,,,,,,,,,,,,,,,,,,,,,,,,,,,,,,,,,,,,,,,,,,,,,,,,,,,,,,,,,,,,,,,,,,,,,,,,,,,,,,,,,,,,,,,,,,,,,,,,,,,,,,,,2025-04-24 13:06:18,Signal Acquired,15.36091,73.927267,2.93,1.83,8.79,0.07,-0.07,0.01,NO
,,,,,,,,,,,,,,,,,,,,,,,,,,,,,,,,,,,,,,,,,,,,,,,,,,,,,,,,,,,,,,,,,,,,,,,,,,,,,,,,,,,,,,,,,,,,,,,,,,,,,,,,,2025-04-24 13:06:18,Signal Acquired,15.360982,73.927181,4.02,0.94,8.37,-0.02,0.01,0.02,DETECTED
,,,,,,,,,,,,,,,,,,,,,,,,,,,,,,,,,,,,,,,,,,,,,,,,,,,,,,,,,,,,,,,,,,,,,,,,,,,,,,,,,,,,,,,,,,,,,,,,,,,,,,,,,2025-04-24 13:06:19,Signal Acquired,15.360982,73.927181,3.81,1.5,8.67,-0.0,-0.0,0.02,NO
,,,,,,,,,,,,,,,,,,,,,,,,,,,,,,,,,,,,,,,,,,,,,,,,,,,,,,,,,,,,,,,,,,,,,,,,,,,,,,,,,,,,,,,,,,,,,,,,,,,,,,,,,2025-04-24 13:06:21,Signal Acquired,15.361079,73.927095,2.49,1.71,8.74,-0.01,-0.09,0.02,NO
,,,,,,,,,,,,,,,,,,,,,,,,,,,,,,,,,,,,,,,,,,,,,,,,,,,,,,,,,,,,,,,,,,,,,,,,,,,,,,,,,,,,,,,,,,,,,,,,,,,,,,,,,2025-04-24 13:06:21,Signal Acquired,15.361079,73.927095,1.8,1.37,8.81,0.01,0.02,0.01,NO
,,,,,,,,,,,,,,,,,,,,,,,,,,,,,,,,,,,,,,,,,,,,,,,,,,,,,,,,,,,,,,,,,,,,,,,,,,,,,,,,,,,,,,,,,,,,,,,,,,,,,,,,,2025-04-24 13:06:21,Signal Acquired,15.361156,73.927005,3.27,1.11,8.82,0.0,-0.07,-0.02,NO
,,,,,,,,,,,,,,,,,,,,,,,,,,,,,,,,,,,,,,,,,,,,,,,,,,,,,,,,,,,,,,,,,,,,,,,,,,,,,,,,,,,,,,,,,,,,,,,,,,,,,,,,,2025-04-24 13:06:23,Signal Acquired,15.361156,73.927005,5.86,0.91,7.44,-0.0,-0.11,-0.03,DETECTED
,,,,,,,,,,,,,,,,,,,,,,,,,,,,,,,,,,,,,,,,,,,,,,,,,,,,,,,,,,,,,,,,,,,,,,,,,,,,,,,,,,,,,,,,,,,,,,,,,,,,,,,,,2025-04-24 13:06:23,Signal Acquired,15.361211,73.926915,1.01,1.84,10.27,-0.05,0.03,-0.02,NO
,,,,,,,,,,,,,,,,,,,,,,,,,,,,,,,,,,,,,,,,,,,,,,,,,,,,,,,,,,,,,,,,,,,,,,,,,,,,,,,,,,,,,,,,,,,,,,,,,,,,,,,,,2025-04-24 13:06:23,Signal Acquired,15.361211,73.926915,2.68,1.62,8.71,0.01,0.01,-0.01,NO
,,,,,,,,,,,,,,,,,,,,,,,,,,,,,,,,,,,,,,,,,,,,,,,,,,,,,,,,,,,,,,,,,,,,,,,,,,,,,,,,,,,,,,,,,,,,,,,,,,,,,,,,,2025-04-24 13:06:25,Signal Acquired,15.361286,73.926823,4.88,1.2,8.44,0.06,0.03,-0.03,NO
,,,,,,,,,,,,,,,,,,,,,,,,,,,,,,,,,,,,,,,,,,,,,,,,,,,,,,,,,,,,,,,,,,,,,,,,,,,,,,,,,,,,,,,,,,,,,,,,,,,,,,,,,2025-04-24 13:06:25,Signal Acquired,15.361286,73.926823,2.77,0.68,8.52,-0.01,0.0,-0.02,NO
,,,,,,,,,,,,,,,,,,,,,,,,,,,,,,,,,,,,,,,,,,,,,,,,,,,,,,,,,,,,,,,,,,,,,,,,,,,,,,,,,,,,,,,,,,,,,,,,,,,,,,,,,2025-04-24 13:06:25,Signal Acquired,15.361349,73.926736,-0.68,1.53,9.39,-0.03,0.08,-0.01,DETECTED
,,,,,,,,,,,,,,,,,,,,,,,,,,,,,,,,,,,,,,,,,,,,,,,,,,,,,,,,,,,,,,,,,,,,,,,,,,,,,,,,,,,,,,,,,,,,,,,,,,,,,,,,,2025-04-24 13:06:27,Signal Acquired,15.361349,73.926736,0.87,1.04,9.97,-0.02,0.09,-0.02,NO
,,,,,,,,,,,,,,,,,,,,,,,,,,,,,,,,,,,,,,,,,,,,,,,,,,,,,,,,,,,,,,,,,,,,,,,,,,,,,,,,,,,,,,,,,,,,,,,,,,,,,,,,,2025-04-24 13:06:27,Signal Acquired,15.361437,73.926648,2.42,1.14,8.99,0.0,0.02,-0.02,NO
,,,,,,,,,,,,,,,,,,,,,,,,,,,,,,,,,,,,,,,,,,,,,,,,,,,,,,,,,,,,,,,,,,,,,,,,,,,,,,,,,,,,,,,,,,,,,,,,,,,,,,,,,2025-04-24 13:06:27,Signal Acquired,15.361437,73.926648,1.93,1.38,9.27,-0.02,0.06,-0.02,NO
,,,,,,,,,,,,,,,,,,,,,,,,,,,,,,,,,,,,,,,,,,,,,,,,,,,,,,,,,,,,,,,,,,,,,,,,,,,,,,,,,,,,,,,,,,,,,,,,,,,,,,,,,2025-04-24 13:06:30,Signal Acquired,15.361518,73.926562,2.48,1.26,8.65,-0.04,0.01,-0.01,NO
,,,,,,,,,,,,,,,,,,,,,,,,,,,,,,,,,,,,,,,,,,,,,,,,,,,,,,,,,,,,,,,,,,,,,,,,,,,,,,,,,,,,,,,,,,,,,,,,,,,,,,,,,2025-04-24 13:06:30,Signal Acquired,15.361518,73.926562,1.24,2.21,8.41,0.01,0.04,-0.03,NO
,,,,,,,,,,,,,,,,,,,,,,,,,,,,,,,,,,,,,,,,,,,,,,,,,,,,,,,,,,,,,,,,,,,,,,,,,,,,,,,,,,,,,,,,,,,,,,,,,,,,,,,,,2025-04-24 13:06:30,Signal Acquired,15.361609,73.926477,1.3,1.88,9.56,-0.01,0.08,-0.05,NO
,,,,,,,,,,,,,,,,,,,,,,,,,,,,,,,,,,,,,,,,,,,,,,,,,,,,,,,,,,,,,,,,,,,,,,,,,,,,,,,,,,,,,,,,,,,,,,,,,,,,,,,,,2025-04-24 13:06:32,Signal Acquired,15.361609,73.926477,2.77,2.0,8.81,0.0,-0.02,-0.03,NO
,,,,,,,,,,,,,,,,,,,,,,,,,,,,,,,,,,,,,,,,,,,,,,,,,,,,,,,,,,,,,,,,,,,,,,,,,,,,,,,,,,,,,,,,,,,,,,,,,,,,,,,,,2025-04-24 13:06:32,Signal Acquired,15.361696,73.926397,1.73,1.49,9.29,0.01,0.03,-0.04,NO
,,,,,,,,,,,,,,,,,,,,,,,,,,,,,,,,,,,,,,,,,,,,,,,,,,,,,,,,,,,,,,,,,,,,,,,,,,,,,,,,,,,,,,,,,,,,,,,,,,,,,,,,,2025-04-24 13:06:32,Signal Acquired,15.361696,73.926397,1.04,1.54,9.57,0.02,0.07,-0.08,NO
,,,,,,,,,,,,,,,,,,,,,,,,,,,,,,,,,,,,,,,,,,,,,,,,,,,,,,,,,,,,,,,,,,,,,,,,,,,,,,,,,,,,,,,,,,,,,,,,,,,,,,,,,2025-04-24 13:06:34,Signal Acquired,15.361739,73.926314,0.38,1.4,9.51,-0.08,0.02,-0.06,NO
,,,,,,,,,,,,,,,,,,,,,,,,,,,,,,,,,,,,,,,,,,,,,,,,,,,,,,,,,,,,,,,,,,,,,,,,,,,,,,,,,,,,,,,,,,,,,,,,,,,,,,,,,2025-04-24 13:06:34,Signal Acquired,15.361739,73.926314,-1.27,-0.42,10.04,-0.04,-0.05,-0.07,NO
,,,,,,,,,,,,,,,,,,,,,,,,,,,,,,,,,,,,,,,,,,,,,,,,,,,,,,,,,,,,,,,,,,,,,,,,,,,,,,,,,,,,,,,,,,,,,,,,,,,,,,,,,2025-04-24 13:06:34,Signal Acquired,15.361789,73.926239,2.91,1.79,8.78,-0.03,-0.03,-0.07,NO
,,,,,,,,,,,,,,,,,,,,,,,,,,,,,,,,,,,,,,,,,,,,,,,,,,,,,,,,,,,,,,,,,,,,,,,,,,,,,,,,,,,,,,,,,,,,,,,,,,,,,,,,,2025-04-24 13:06:36,Signal Acquired,15.361789,73.926239,4.92,1.45,7.6,0.04,-0.06,-0.08,DETECTED
,,,,,,,,,,,,,,,,,,,,,,,,,,,,,,,,,,,,,,,,,,,,,,,,,,,,,,,,,,,,,,,,,,,,,,,,,,,,,,,,,,,,,,,,,,,,,,,,,,,,,,,,,2025-04-24 13:06:36,Signal Acquired,15.361849,73.926174,3.55,1.73,8.78,0.01,-0.12,-0.08,NO
,,,,,,,,,,,,,,,,,,,,,,,,,,,,,,,,,,,,,,,,,,,,,,,,,,,,,,,,,,,,,,,,,,,,,,,,,,,,,,,,,,,,,,,,,,,,,,,,,,,,,,,,,2025-04-24 13:06:36,Signal Acquired,15.361849,73.926174,5.97,1.34,8.21,0.0,-0.03,-0.09,DETECTED
,,,,,,,,,,,,,,,,,,,,,,,,,,,,,,,,,,,,,,,,,,,,,,,,,,,,,,,,,,,,,,,,,,,,,,,,,,,,,,,,,,,,,,,,,,,,,,,,,,,,,,,,,2025-04-24 13:06:39,Signal Acquired,15.361954,73.926118,1.31,0.82,9.57,0.01,-0.09,-0.08,NO
,,,,,,,,,,,,,,,,,,,,,,,,,,,,,,,,,,,,,,,,,,,,,,,,,,,,,,,,,,,,,,,,,,,,,,,,,,,,,,,,,,,,,,,,,,,,,,,,,,,,,,,,,2025-04-24 13:06:39,Signal Acquired,15.361954,73.926118,3.8,1.09,8.37,0.03,-0.1,-0.09,DETECTED
,,,,,,,,,,,,,,,,,,,,,,,,,,,,,,,,,,,,,,,,,,,,,,,,,,,,,,,,,,,,,,,,,,,,,,,,,,,,,,,,,,,,,,,,,,,,,,,,,,,,,,,,,2025-04-24 13:06:39,Signal Acquired,15.362069,73.926072,1.03,2.33,8.61,-0.09,0.19,-0.31,NO
,,,,,,,,,,,,,,,,,,,,,,,,,,,,,,,,,,,,,,,,,,,,,,,,,,,,,,,,,,,,,,,,,,,,,,,,,,,,,,,,,,,,,,,,,,,,,,,,,,,,,,,,,2025-04-24 13:06:41,Signal Acquired,15.362069,73.926072,0.85,2.86,9.07,-0.04,0.11,-0.06,NO
,,,,,,,,,,,,,,,,,,,,,,,,,,,,,,,,,,,,,,,,,,,,,,,,,,,,,,,,,,,,,,,,,,,,,,,,,,,,,,,,,,,,,,,,,,,,,,,,,,,,,,,,,2025-04-24 13:06:41,Signal Acquired,15.362177,73.926032,2.81,1.83,8.49,0.01,0.03,-0.08,NO
,,,,,,,,,,,,,,,,,,,,,,,,,,,,,,,,,,,,,,,,,,,,,,,,,,,,,,,,,,,,,,,,,,,,,,,,,,,,,,,,,,,,,,,,,,,,,,,,,,,,,,,,,2025-04-24 13:06:41,Signal Acquired,15.362177,73.926032,2.77,1.43,8.36,-0.04,-0.04,-0.04,DETECTED
,,,,,,,,,,,,,,,,,,,,,,,,,,,,,,,,,,,,,,,,,,,,,,,,,,,,,,,,,,,,,,,,,,,,,,,,,,,,,,,,,,,,,,,,,,,,,,,,,,,,,,,,,2025-04-24 13:06:43,Signal Acquired,15.362283,73.925996,2.57,2.03,8.75,-0.02,0.08,-0.05,DETECTED
,,,,,,,,,,,,,,,,,,,,,,,,,,,,,,,,,,,,,,,,,,,,,,,,,,,,,,,,,,,,,,,,,,,,,,,,,,,,,,,,,,,,,,,,,,,,,,,,,,,,,,,,,2025-04-24 13:06:43,Signal Acquired,15.362283,73.925996,2.1,3.03,2.77,-0.55,0.36,0.14,DETECTED
,,,,,,,,,,,,,,,,,,,,,,,,,,,,,,,,,,,,,,,,,,,,,,,,,,,,,,,,,,,,,,,,,,,,,,,,,,,,,,,,,,,,,,,,,,,,,,,,,,,,,,,,,2025-04-24 13:06:43,Signal Acquired,15.362392,73.925961,1.48,0.36,8.95,-0.02,0.02,-0.09,NO
,,,,,,,,,,,,,,,,,,,,,,,,,,,,,,,,,,,,,,,,,,,,,,,,,,,,,,,,,,,,,,,,,,,,,,,,,,,,,,,,,,,,,,,,,,,,,,,,,,,,,,,,,2025-04-24 13:06:45,Signal Acquired,15.362392,73.925961,3.05,1.18,8.73,-0.13,-0.09,-0.09,NO
,,,,,,,,,,,,,,,,,,,,,,,,,,,,,,,,,,,,,,,,,,,,,,,,,,,,,,,,,,,,,,,,,,,,,,,,,,,,,,,,,,,,,,,,,,,,,,,,,,,,,,,,,2025-04-24 13:06:45,Signal Acquired,15.362517,73.925937,2.46,1.69,8.79,-0.01,-0.09,-0.12,DETECTED
,,,,,,,,,,,,,,,,,,,,,,,,,,,,,,,,,,,,,,,,,,,,,,,,,,,,,,,,,,,,,,,,,,,,,,,,,,,,,,,,,,,,,,,,,,,,,,,,,,,,,,,,,2025-04-24 13:06:45,Signal Acquired,15.362517,73.925937,1.28,1.62,8.71,-0.05,0.05,-0.08,NO
,,,,,,,,,,,,,,,,,,,,,,,,,,,,,,,,,,,,,,,,,,,,,,,,,,,,,,,,,,,,,,,,,,,,,,,,,,,,,,,,,,,,,,,,,,,,,,,,,,,,,,,,,2025-04-24 13:06:48,Signal Acquired,15.362649,73.925926,3.42,2.51,8.07,-0.05,0.01,-0.08,DETECTED
,,,,,,,,,,,,,,,,,,,,,,,,,,,,,,,,,,,,,,,,,,,,,,,,,,,,,,,,,,,,,,,,,,,,,,,,,,,,,,,,,,,,,,,,,,,,,,,,,,,,,,,,,2025-04-24 13:06:48,Signal Acquired,15.362649,73.925926,-0.01,1.19,9.55,-0.07,0.06,-0.08,NO
,,,,,,,,,,,,,,,,,,,,,,,,,,,,,,,,,,,,,,,,,,,,,,,,,,,,,,,,,,,,,,,,,,,,,,,,,,,,,,,,,,,,,,,,,,,,,,,,,,,,,,,,,2025-04-24 13:06:48,Signal Acquired,15.362804,73.925923,3.94,1.69,7.44,-0.05,0.04,-0.05,NO
,,,,,,,,,,,,,,,,,,,,,,,,,,,,,,,,,,,,,,,,,,,,,,,,,,,,,,,,,,,,,,,,,,,,,,,,,,,,,,,,,,,,,,,,,,,,,,,,,,,,,,,,,2025-04-24 13:06:50,Signal Acquired,15.362804,73.925923,3.6,0.81,8.14,-0.05,0.01,-0.06,NO
,,,,,,,,,,,,,,,,,,,,,,,,,,,,,,,,,,,,,,,,,,,,,,,,,,,,,,,,,,,,,,,,,,,,,,,,,,,,,,,,,,,,,,,,,,,,,,,,,,,,,,,,,2025-04-24 13:06:50,Signal Acquired,15.36297,73.925924,2.24,1.06,8.91,-0.07,0.02,-0.01,NO
,,,,,,,,,,,,,,,,,,,,,,,,,,,,,,,,,,,,,,,,,,,,,,,,,,,,,,,,,,,,,,,,,,,,,,,,,,,,,,,,,,,,,,,,,,,,,,,,,,,,,,,,,2025-04-24 13:06:50,Signal Acquired,15.36297,73.925924,0.63,1.05,9.5,-0.05,0.06,-0.0,NO
,,,,,,,,,,,,,,,,,,,,,,,,,,,,,,,,,,,,,,,,,,,,,,,,,,,,,,,,,,,,,,,,,,,,,,,,,,,,,,,,,,,,,,,,,,,,,,,,,,,,,,,,,2025-04-24 13:06:52,Signal Acquired,15.363128,73.925932,2.47,1.02,9.65,-0.0,0.0,-0.02,NO
,,,,,,,,,,,,,,,,,,,,,,,,,,,,,,,,,,,,,,,,,,,,,,,,,,,,,,,,,,,,,,,,,,,,,,,,,,,,,,,,,,,,,,,,,,,,,,,,,,,,,,,,,2025-04-24 13:06:52,Signal Acquired,15.363128,73.925932,0.85,0.87,8.93,0.02,0.01,-0.0,NO
,,,,,,,,,,,,,,,,,,,,,,,,,,,,,,,,,,,,,,,,,,,,,,,,,,,,,,,,,,,,,,,,,,,,,,,,,,,,,,,,,,,,,,,,,,,,,,,,,,,,,,,,,2025-04-24 13:06:52,Signal Acquired,15.363274,73.925937,2.18,-0.65,8.5,0.02,-0.06,-0.0,NO
,,,,,,,,,,,,,,,,,,,,,,,,,,,,,,,,,,,,,,,,,,,,,,,,,,,,,,,,,,,,,,,,,,,,,,,,,,,,,,,,,,,,,,,,,,,,,,,,,,,,,,,,,2025-04-24 13:06:54,Signal Acquired,15.363274,73.925937,2.14,-1.09,9.26,-0.06,0.09,-0.01,NO
,,,,,,,,,,,,,,,,,,,,,,,,,,,,,,,,,,,,,,,,,,,,,,,,,,,,,,,,,,,,,,,,,,,,,,,,,,,,,,,,,,,,,,,,,,,,,,,,,,,,,,,,,2025-04-24 13:06:54,Signal Acquired,15.363417,73.925946,0.98,-0.23,9.17,-0.05,0.04,-0.01,NO
,,,,,,,,,,,,,,,,,,,,,,,,,,,,,,,,,,,,,,,,,,,,,,,,,,,,,,,,,,,,,,,,,,,,,,,,,,,,,,,,,,,,,,,,,,,,,,,,,,,,,,,,,2025-04-24 13:06:54,Signal Acquired,15.363417,73.925946,3.21,0.6,8.52,-0.01,0.01,-0.01,DETECTED
,,,,,,,,,,,,,,,,,,,,,,,,,,,,,,,,,,,,,,,,,,,,,,,,,,,,,,,,,,,,,,,,,,,,,,,,,,,,,,,,,,,,,,,,,,,,,,,,,,,,,,,,,2025-04-24 13:06:56,Signal Acquired,15.363552,73.925954,0.2,0.69,9.55,-0.01,0.05,-0.0,NO
,,,,,,,,,,,,,,,,,,,,,,,,,,,,,,,,,,,,,,,,,,,,,,,,,,,,,,,,,,,,,,,,,,,,,,,,,,,,,,,,,,,,,,,,,,,,,,,,,,,,,,,,,2025-04-24 13:06:56,Signal Acquired,15.363552,73.925954,3.29,1.94,9.28,0.02,-0.05,0.08,NO
,,,,,,,,,,,,,,,,,,,,,,,,,,,,,,,,,,,,,,,,,,,,,,,,,,,,,,,,,,,,,,,,,,,,,,,,,,,,,,,,,,,,,,,,,,,,,,,,,,,,,,,,,2025-04-24 13:06:56,Signal Acquired,15.363688,73.925962,1.49,0.9,9.37,0.02,0.09,-0.11,NO
,,,,,,,,,,,,,,,,,,,,,,,,,,,,,,,,,,,,,,,,,,,,,,,,,,,,,,,,,,,,,,,,,,,,,,,,,,,,,,,,,,,,,,,,,,,,,,,,,,,,,,,,,2025-04-24 13:06:59,Signal Acquired,15.363688,73.925962,0.31,1.68,8.93,-0.15,0.09,0.07,DETECTED
,,,,,,,,,,,,,,,,,,,,,,,,,,,,,,,,,,,,,,,,,,,,,,,,,,,,,,,,,,,,,,,,,,,,,,,,,,,,,,,,,,,,,,,,,,,,,,,,,,,,,,,,,2025-04-24 13:06:59,Signal Acquired,15.363818,73.925969,-1.38,0.37,10.55,-0.11,0.18,0.15,NO
,,,,,,,,,,,,,,,,,,,,,,,,,,,,,,,,,,,,,,,,,,,,,,,,,,,,,,,,,,,,,,,,,,,,,,,,,,,,,,,,,,,,,,,,,,,,,,,,,,,,,,,,,2025-04-24 13:06:59,Signal Acquired,15.363818,73.925969,0.16,2.2,8.32,-0.19,0.32,0.07,DETECTED
,,,,,,,,,,,,,,,,,,,,,,,,,,,,,,,,,,,,,,,,,,,,,,,,,,,,,,,,,,,,,,,,,,,,,,,,,,,,,,,,,,,,,,,,,,,,,,,,,,,,,,,,,2025-04-24 13:07:01,Signal Acquired,15.363949,73.925975,0.58,0.6,9.52,-0.03,-0.05,0.02,DETECTED
,,,,,,,,,,,,,,,,,,,,,,,,,,,,,,,,,,,,,,,,,,,,,,,,,,,,,,,,,,,,,,,,,,,,,,,,,,,,,,,,,,,,,,,,,,,,,,,,,,,,,,,,,2025-04-24 13:07:01,Signal Acquired,15.363949,73.925975,-3.44,2.23,10.36,-0.18,0.09,0.2,DETECTED
,,,,,,,,,,,,,,,,,,,,,,,,,,,,,,,,,,,,,,,,,,,,,,,,,,,,,,,,,,,,,,,,,,,,,,,,,,,,,,,,,,,,,,,,,,,,,,,,,,,,,,,,,2025-04-24 13:07:01,Signal Acquired,15.364091,73.92598,-0.61,1.63,8.61,0.0,-0.05,0.02,DETECTED
,,,,,,,,,,,,,,,,,,,,,,,,,,,,,,,,,,,,,,,,,,,,,,,,,,,,,,,,,,,,,,,,,,,,,,,,,,,,,,,,,,,,,,,,,,,,,,,,,,,,,,,,,2025-04-24 13:07:03,Signal Acquired,15.364091,73.92598,-0.2,-0.2,10.26,-0.08,0.04,-0.02,NO
,,,,,,,,,,,,,,,,,,,,,,,,,,,,,,,,,,,,,,,,,,,,,,,,,,,,,,,,,,,,,,,,,,,,,,,,,,,,,,,,,,,,,,,,,,,,,,,,,,,,,,,,,2025-04-24 13:07:03,Signal Acquired,15.364224,73.925987,4.32,0.07,8.51,-0.02,0.05,-0.01,DETECTED
,,,,,,,,,,,,,,,,,,,,,,,,,,,,,,,,,,,,,,,,,,,,,,,,,,,,,,,,,,,,,,,,,,,,,,,,,,,,,,,,,,,,,,,,,,,,,,,,,,,,,,,,,2025-04-24 13:07:03,Signal Acquired,15.364224,73.925987,2.68,0.17,8.44,-0.04,0.1,0.01,DETECTED
,,,,,,,,,,,,,,,,,,,,,,,,,,,,,,,,,,,,,,,,,,,,,,,,,,,,,,,,,,,,,,,,,,,,,,,,,,,,,,,,,,,,,,,,,,,,,,,,,,,,,,,,,2025-04-24 13:07:05,Signal Acquired,15.36435,73.925996,1.48,0.08,8.01,-0.09,-0.09,-0.48,NO
,,,,,,,,,,,,,,,,,,,,,,,,,,,,,,,,,,,,,,,,,,,,,,,,,,,,,,,,,,,,,,,,,,,,,,,,,,,,,,,,,,,,,,,,,,,,,,,,,,,,,,,,,2025-04-24 13:07:05,Signal Acquired,15.36435,73.925996,2.02,0.25,9.13,-0.07,0.02,-0.01,NO
,,,,,,,,,,,,,,,,,,,,,,,,,,,,,,,,,,,,,,,,,,,,,,,,,,,,,,,,,,,,,,,,,,,,,,,,,,,,,,,,,,,,,,,,,,,,,,,,,,,,,,,,,2025-04-24 13:07:05,Signal Acquired,15.364476,73.926004,0.73,0.06,9.24,-0.02,-0.12,-0.01,DETECTED
,,,,,,,,,,,,,,,,,,,,,,,,,,,,,,,,,,,,,,,,,,,,,,,,,,,,,,,,,,,,,,,,,,,,,,,,,,,,,,,,,,,,,,,,,,,,,,,,,,,,,,,,,2025-04-24 13:07:08,Signal Acquired,15.364476,73.926004,1.74,0.87,9.54,0.01,0.08,-0.0,NO
,,,,,,,,,,,,,,,,,,,,,,,,,,,,,,,,,,,,,,,,,,,,,,,,,,,,,,,,,,,,,,,,,,,,,,,,,,,,,,,,,,,,,,,,,,,,,,,,,,,,,,,,,2025-04-24 13:07:08,Signal Acquired,15.364618,73.92601,3.35,0.62,8.87,0.08,-0.18,0.01,DETECTED
,,,,,,,,,,,,,,,,,,,,,,,,,,,,,,,,,,,,,,,,,,,,,,,,,,,,,,,,,,,,,,,,,,,,,,,,,,,,,,,,,,,,,,,,,,,,,,,,,,,,,,,,,2025-04-24 13:07:08,Signal Acquired,15.364618,73.92601,-0.15,0.19,9.56,-0.13,0.25,0.04,DETECTED
,,,,,,,,,,,,,,,,,,,,,,,,,,,,,,,,,,,,,,,,,,,,,,,,,,,,,,,,,,,,,,,,,,,,,,,,,,,,,,,,,,,,,,,,,,,,,,,,,,,,,,,,,2025-04-24 13:07:10,Signal Acquired,15.364764,73.926016,3.51,1.07,7.32,-0.07,0.17,-0.02,DETECTED
,,,,,,,,,,,,,,,,,,,,,,,,,,,,,,,,,,,,,,,,,,,,,,,,,,,,,,,,,,,,,,,,,,,,,,,,,,,,,,,,,,,,,,,,,,,,,,,,,,,,,,,,,2025-04-24 13:07:10,Signal Acquired,15.364764,73.926016,1.48,1.33,8.78,-0.04,-0.03,-0.02,NO
,,,,,,,,,,,,,,,,,,,,,,,,,,,,,,,,,,,,,,,,,,,,,,,,,,,,,,,,,,,,,,,,,,,,,,,,,,,,,,,,,,,,,,,,,,,,,,,,,,,,,,,,,2025-04-24 13:07:10,Signal Acquired,15.364915,73.926023,1.85,1.09,9.41,-0.05,0.02,-0.01,NO
,,,,,,,,,,,,,,,,,,,,,,,,,,,,,,,,,,,,,,,,,,,,,,,,,,,,,,,,,,,,,,,,,,,,,,,,,,,,,,,,,,,,,,,,,,,,,,,,,,,,,,,,,2025-04-24 13:07:12,Signal Acquired,15.364915,73.926023,-0.02,0.86,9.92,-0.01,-0.01,-0.01,NO
,,,,,,,,,,,,,,,,,,,,,,,,,,,,,,,,,,,,,,,,,,,,,,,,,,,,,,,,,,,,,,,,,,,,,,,,,,,,,,,,,,,,,,,,,,,,,,,,,,,,,,,,,2025-04-24 13:07:12,Signal Acquired,15.365067,73.926034,2.28,2.41,9.54,-0.03,0.19,0.0,DETECTED
,,,,,,,,,,,,,,,,,,,,,,,,,,,,,,,,,,,,,,,,,,,,,,,,,,,,,,,,,,,,,,,,,,,,,,,,,,,,,,,,,,,,,,,,,,,,,,,,,,,,,,,,,2025-04-24 13:07:12,Signal Acquired,15.365067,73.926034,4.29,1.35,8.04,-0.03,0.1,0.01,DETECTED
,,,,,,,,,,,,,,,,,,,,,,,,,,,,,,,,,,,,,,,,,,,,,,,,,,,,,,,,,,,,,,,,,,,,,,,,,,,,,,,,,,,,,,,,,,,,,,,,,,,,,,,,,2025-04-24 13:07:14,Signal Acquired,15.365228,73.926043,3.44,1.06,8.59,0.05,0.05,-0.02,NO
,,,,,,,,,,,,,,,,,,,,,,,,,,,,,,,,,,,,,,,,,,,,,,,,,,,,,,,,,,,,,,,,,,,,,,,,,,,,,,,,,,,,,,,,,,,,,,,,,,,,,,,,,2025-04-24 13:07:14,Signal Acquired,15.365228,73.926043,-1.79,0.24,9.22,-0.11,0.06,0.02,NO
,,,,,,,,,,,,,,,,,,,,,,,,,,,,,,,,,,,,,,,,,,,,,,,,,,,,,,,,,,,,,,,,,,,,,,,,,,,,,,,,,,,,,,,,,,,,,,,,,,,,,,,,,2025-04-24 13:07:14,Signal Acquired,15.365392,73.926056,0.43,0.23,9.66,-0.03,0.05,-0.0,NO
,,,,,,,,,,,,,,,,,,,,,,,,,,,,,,,,,,,,,,,,,,,,,,,,,,,,,,,,,,,,,,,,,,,,,,,,,,,,,,,,,,,,,,,,,,,,,,,,,,,,,,,,,2025-04-24 13:07:16,Signal Acquired,15.365392,73.926056,1.98,-0.03,9.02,-0.04,-0.02,0.01,NO
,,,,,,,,,,,,,,,,,,,,,,,,,,,,,,,,,,,,,,,,,,,,,,,,,,,,,,,,,,,,,,,,,,,,,,,,,,,,,,,,,,,,,,,,,,,,,,,,,,,,,,,,,2025-04-24 13:07:17,Signal Acquired,15.365556,73.926069,1.2,0.52,8.71,0.01,-0.01,0.0,NO
,,,,,,,,,,,,,,,,,,,,,,,,,,,,,,,,,,,,,,,,,,,,,,,,,,,,,,,,,,,,,,,,,,,,,,,,,,,,,,,,,,,,,,,,,,,,,,,,,,,,,,,,,2025-04-24 13:07:17,Signal Acquired,15.365556,73.926069,-0.49,-0.5,9.73,-0.02,0.03,0.01,NO
,,,,,,,,,,,,,,,,,,,,,,,,,,,,,,,,,,,,,,,,,,,,,,,,,,,,,,,,,,,,,,,,,,,,,,,,,,,,,,,,,,,,,,,,,,,,,,,,,,,,,,,,,2025-04-24 13:07:19,Signal Acquired,15.36572,73.92608,1.59,1.12,9.31,0.04,0.12,-0.0,NO
,,,,,,,,,,,,,,,,,,,,,,,,,,,,,,,,,,,,,,,,,,,,,,,,,,,,,,,,,,,,,,,,,,,,,,,,,,,,,,,,,,,,,,,,,,,,,,,,,,,,,,,,,2025-04-24 13:07:19,Signal Acquired,15.36572,73.92608,1.59,0.49,9.54,-0.02,0.01,0.0,NO
,,,,,,,,,,,,,,,,,,,,,,,,,,,,,,,,,,,,,,,,,,,,,,,,,,,,,,,,,,,,,,,,,,,,,,,,,,,,,,,,,,,,,,,,,,,,,,,,,,,,,,,,,2025-04-24 13:07:19,Signal Acquired,15.365879,73.926091,1.75,1.36,8.76,-0.05,0.02,-0.01,NO
,,,,,,,,,,,,,,,,,,,,,,,,,,,,,,,,,,,,,,,,,,,,,,,,,,,,,,,,,,,,,,,,,,,,,,,,,,,,,,,,,,,,,,,,,,,,,,,,,,,,,,,,,2025-04-24 13:07:21,Signal Acquired,15.365879,73.926091,3.69,0.87,8.28,-0.01,0.05,-0.01,NO
,,,,,,,,,,,,,,,,,,,,,,,,,,,,,,,,,,,,,,,,,,,,,,,,,,,,,,,,,,,,,,,,,,,,,,,,,,,,,,,,,,,,,,,,,,,,,,,,,,,,,,,,,2025-04-24 13:07:21,Signal Acquired,15.366039,73.926103,1.5,0.98,9.0,-0.02,0.11,-0.01,DETECTED
,,,,,,,,,,,,,,,,,,,,,,,,,,,,,,,,,,,,,,,,,,,,,,,,,,,,,,,,,,,,,,,,,,,,,,,,,,,,,,,,,,,,,,,,,,,,,,,,,,,,,,,,,2025-04-24 13:07:21,Signal Acquired,15.366039,73.926103,-0.76,0.28,10.55,0.01,0.06,0.01,DETECTED
,,,,,,,,,,,,,,,,,,,,,,,,,,,,,,,,,,,,,,,,,,,,,,,,,,,,,,,,,,,,,,,,,,,,,,,,,,,,,,,,,,,,,,,,,,,,,,,,,,,,,,,,,2025-04-24 13:07:23,Signal Acquired,15.366203,73.926116,-0.45,1.13,9.27,-0.02,0.07,0.02,NO
,,,,,,,,,,,,,,,,,,,,,,,,,,,,,,,,,,,,,,,,,,,,,,,,,,,,,,,,,,,,,,,,,,,,,,,,,,,,,,,,,,,,,,,,,,,,,,,,,,,,,,,,,2025-04-24 13:07:23,Signal Acquired,15.366203,73.926116,2.37,-0.4,8.8,0.02,0.06,-0.01,NO
,,,,,,,,,,,,,,,,,,,,,,,,,,,,,,,,,,,,,,,,,,,,,,,,,,,,,,,,,,,,,,,,,,,,,,,,,,,,,,,,,,,,,,,,,,,,,,,,,,,,,,,,,2025-04-24 13:07:23,Signal Acquired,15.366355,73.926129,0.27,0.53,9.74,-0.02,0.09,0.0,DETECTED
,,,,,,,,,,,,,,,,,,,,,,,,,,,,,,,,,,,,,,,,,,,,,,,,,,,,,,,,,,,,,,,,,,,,,,,,,,,,,,,,,,,,,,,,,,,,,,,,,,,,,,,,,2025-04-24 13:07:25,Signal Acquired,15.366355,73.926129,4.03,0.81,8.17,-0.01,-0.02,0.0,DETECTED
,,,,,,,,,,,,,,,,,,,,,,,,,,,,,,,,,,,,,,,,,,,,,,,,,,,,,,,,,,,,,,,,,,,,,,,,,,,,,,,,,,,,,,,,,,,,,,,,,,,,,,,,,2025-04-24 13:07:25,Signal Acquired,15.366507,73.926141,1.77,0.34,8.86,-0.04,0.03,0.0,NO
,,,,,,,,,,,,,,,,,,,,,,,,,,,,,,,,,,,,,,,,,,,,,,,,,,,,,,,,,,,,,,,,,,,,,,,,,,,,,,,,,,,,,,,,,,,,,,,,,,,,,,,,,2025-04-24 13:07:25,Signal Acquired,15.366507,73.926141,0.75,0.67,9.47,-0.03,-0.0,0.0,NO
,,,,,,,,,,,,,,,,,,,,,,,,,,,,,,,,,,,,,,,,,,,,,,,,,,,,,,,,,,,,,,,,,,,,,,,,,,,,,,,,,,,,,,,,,,,,,,,,,,,,,,,,,2025-04-24 13:07:28,Signal Acquired,15.366665,73.926155,1.08,0.26,9.17,-0.03,0.01,-0.0,NO
,,,,,,,,,,,,,,,,,,,,,,,,,,,,,,,,,,,,,,,,,,,,,,,,,,,,,,,,,,,,,,,,,,,,,,,,,,,,,,,,,,,,,,,,,,,,,,,,,,,,,,,,,2025-04-24 13:07:28,Signal Acquired,15.366665,73.926155,2.02,0.78,9.11,-0.02,-0.03,0.01,NO
,,,,,,,,,,,,,,,,,,,,,,,,,,,,,,,,,,,,,,,,,,,,,,,,,,,,,,,,,,,,,,,,,,,,,,,,,,,,,,,,,,,,,,,,,,,,,,,,,,,,,,,,,2025-04-24 13:07:28,Signal Acquired,15.366827,73.926166,0.87,0.09,9.52,0.01,-0.05,0.01,NO
,,,,,,,,,,,,,,,,,,,,,,,,,,,,,,,,,,,,,,,,,,,,,,,,,,,,,,,,,,,,,,,,,,,,,,,,,,,,,,,,,,,,,,,,,,,,,,,,,,,,,,,,,2025-04-24 13:07:30,Signal Acquired,15.366827,73.926166,1.89,0.17,9.65,-0.04,0.03,-0.01,NO
,,,,,,,,,,,,,,,,,,,,,,,,,,,,,,,,,,,,,,,,,,,,,,,,,,,,,,,,,,,,,,,,,,,,,,,,,,,,,,,,,,,,,,,,,,,,,,,,,,,,,,,,,2025-04-24 13:07:30,Signal Acquired,15.366991,73.926178,2.25,0.57,9.09,-0.04,0.06,-0.0,NO
,,,,,,,,,,,,,,,,,,,,,,,,,,,,,,,,,,,,,,,,,,,,,,,,,,,,,,,,,,,,,,,,,,,,,,,,,,,,,,,,,,,,,,,,,,,,,,,,,,,,,,,,,2025-04-24 13:07:30,Signal Acquired,15.366991,73.926178,1.29,0.95,9.45,-0.03,0.05,-0.0,NO
,,,,,,,,,,,,,,,,,,,,,,,,,,,,,,,,,,,,,,,,,,,,,,,,,,,,,,,,,,,,,,,,,,,,,,,,,,,,,,,,,,,,,,,,,,,,,,,,,,,,,,,,,2025-04-24 13:07:32,Signal Acquired,15.367145,73.926193,1.79,1.25,8.71,-0.01,-0.02,-0.0,NO
,,,,,,,,,,,,,,,,,,,,,,,,,,,,,,,,,,,,,,,,,,,,,,,,,,,,,,,,,,,,,,,,,,,,,,,,,,,,,,,,,,,,,,,,,,,,,,,,,,,,,,,,,2025-04-24 13:07:32,Signal Acquired,15.367145,73.926193,3.43,0.03,7.88,-0.01,-0.07,-0.03,DETECTED
,,,,,,,,,,,,,,,,,,,,,,,,,,,,,,,,,,,,,,,,,,,,,,,,,,,,,,,,,,,,,,,,,,,,,,,,,,,,,,,,,,,,,,,,,,,,,,,,,,,,,,,,,2025-04-24 13:07:32,Signal Acquired,15.367309,73.926206,2.16,0.79,8.57,0.01,0.03,0.0,NO
,,,,,,,,,,,,,,,,,,,,,,,,,,,,,,,,,,,,,,,,,,,,,,,,,,,,,,,,,,,,,,,,,,,,,,,,,,,,,,,,,,,,,,,,,,,,,,,,,,,,,,,,,2025-04-24 13:07:34,Signal Acquired,15.367309,73.926206,3.46,0.62,8.66,-0.01,0.02,-0.03,DETECTED
,,,,,,,,,,,,,,,,,,,,,,,,,,,,,,,,,,,,,,,,,,,,,,,,,,,,,,,,,,,,,,,,,,,,,,,,,,,,,,,,,,,,,,,,,,,,,,,,,,,,,,,,,2025-04-24 13:07:34,Signal Acquired,15.367477,73.926219,1.49,1.0,9.4,0.02,0.02,0.0,NO
,,,,,,,,,,,,,,,,,,,,,,,,,,,,,,,,,,,,,,,,,,,,,,,,,,,,,,,,,,,,,,,,,,,,,,,,,,,,,,,,,,,,,,,,,,,,,,,,,,,,,,,,,2025-04-24 13:07:34,Signal Acquired,15.367477,73.926219,2.52,0.49,9.14,0.01,0.06,-0.03,NO
,,,,,,,,,,,,,,,,,,,,,,,,,,,,,,,,,,,,,,,,,,,,,,,,,,,,,,,,,,,,,,,,,,,,,,,,,,,,,,,,,,,,,,,,,,,,,,,,,,,,,,,,,2025-04-24 13:07:37,Signal Acquired,15.367639,73.926233,0.77,0.32,9.26,-0.06,0.12,-0.03,DETECTED
,,,,,,,,,,,,,,,,,,,,,,,,,,,,,,,,,,,,,,,,,,,,,,,,,,,,,,,,,,,,,,,,,,,,,,,,,,,,,,,,,,,,,,,,,,,,,,,,,,,,,,,,,2025-04-24 13:07:37,Signal Acquired,15.367639,73.926233,2.16,-0.4,9.06,-0.07,0.02,-0.01,NO
,,,,,,,,,,,,,,,,,,,,,,,,,,,,,,,,,,,,,,,,,,,,,,,,,,,,,,,,,,,,,,,,,,,,,,,,,,,,,,,,,,,,,,,,,,,,,,,,,,,,,,,,,2025-04-24 13:07:37,Signal Acquired,15.367798,73.92625,0.98,0.38,9.42,-0.02,0.11,-0.03,DETECTED
,,,,,,,,,,,,,,,,,,,,,,,,,,,,,,,,,,,,,,,,,,,,,,,,,,,,,,,,,,,,,,,,,,,,,,,,,,,,,,,,,,,,,,,,,,,,,,,,,,,,,,,,,2025-04-24 13:07:39,Signal Acquired,15.367798,73.92625,1.44,-0.07,8.51,-0.04,0.01,0.0,NO
,,,,,,,,,,,,,,,,,,,,,,,,,,,,,,,,,,,,,,,,,,,,,,,,,,,,,,,,,,,,,,,,,,,,,,,,,,,,,,,,,,,,,,,,,,,,,,,,,,,,,,,,,2025-04-24 13:07:39,Signal Acquired,15.367948,73.92627,0.71,0.58,9.34,-0.03,0.02,-0.05,NO
,,,,,,,,,,,,,,,,,,,,,,,,,,,,,,,,,,,,,,,,,,,,,,,,,,,,,,,,,,,,,,,,,,,,,,,,,,,,,,,,,,,,,,,,,,,,,,,,,,,,,,,,,2025-04-24 13:07:39,Signal Acquired,15.367948,73.92627,1.91,0.0,8.72,0.01,0.05,-0.07,DETECTED
,,,,,,,,,,,,,,,,,,,,,,,,,,,,,,,,,,,,,,,,,,,,,,,,,,,,,,,,,,,,,,,,,,,,,,,,,,,,,,,,,,,,,,,,,,,,,,,,,,,,,,,,,2025-04-24 13:07:41,Signal Acquired,15.368099,73.926293,1.06,0.69,8.8,-0.02,0.01,-0.03,NO
,,,,,,,,,,,,,,,,,,,,,,,,,,,,,,,,,,,,,,,,,,,,,,,,,,,,,,,,,,,,,,,,,,,,,,,,,,,,,,,,,,,,,,,,,,,,,,,,,,,,,,,,,2025-04-24 13:07:41,Signal Acquired,15.368099,73.926293,3.22,0.91,8.09,-0.02,-0.1,-0.05,NO
,,,,,,,,,,,,,,,,,,,,,,,,,,,,,,,,,,,,,,,,,,,,,,,,,,,,,,,,,,,,,,,,,,,,,,,,,,,,,,,,,,,,,,,,,,,,,,,,,,,,,,,,,2025-04-24 13:07:41,Signal Acquired,15.368255,73.92632,1.65,-0.2,8.84,-0.08,-0.0,-0.04,NO
,,,,,,,,,,,,,,,,,,,,,,,,,,,,,,,,,,,,,,,,,,,,,,,,,,,,,,,,,,,,,,,,,,,,,,,,,,,,,,,,,,,,,,,,,,,,,,,,,,,,,,,,,2025-04-24 13:07:43,Signal Acquired,15.368255,73.92632,0.4,0.3,9.35,-0.09,0.09,-0.03,NO
,,,,,,,,,,,,,,,,,,,,,,,,,,,,,,,,,,,,,,,,,,,,,,,,,,,,,,,,,,,,,,,,,,,,,,,,,,,,,,,,,,,,,,,,,,,,,,,,,,,,,,,,,2025-04-24 13:07:43,Signal Acquired,15.368416,73.926352,-1.61,0.87,10.64,0.03,-0.02,-0.01,DETECTED
,,,,,,,,,,,,,,,,,,,,,,,,,,,,,,,,,,,,,,,,,,,,,,,,,,,,,,,,,,,,,,,,,,,,,,,,,,,,,,,,,,,,,,,,,,,,,,,,,,,,,,,,,2025-04-24 13:07:43,Signal Acquired,15.368416,73.926352,4.13,1.57,9.14,0.11,-0.08,-0.02,DETECTED
,,,,,,,,,,,,,,,,,,,,,,,,,,,,,,,,,,,,,,,,,,,,,,,,,,,,,,,,,,,,,,,,,,,,,,,,,,,,,,,,,,,,,,,,,,,,,,,,,,,,,,,,,2025-04-24 13:07:45,Signal Acquired,15.368561,73.926389,0.91,-0.46,9.24,-0.14,-0.04,-0.08,DETECTED
,,,,,,,,,,,,,,,,,,,,,,,,,,,,,,,,,,,,,,,,,,,,,,,,,,,,,,,,,,,,,,,,,,,,,,,,,,,,,,,,,,,,,,,,,,,,,,,,,,,,,,,,,2025-04-24 13:07:45,Signal Acquired,15.368561,73.926389,1.64,0.24,8.63,-0.1,-0.02,0.0,DETECTED
,,,,,,,,,,,,,,,,,,,,,,,,,,,,,,,,,,,,,,,,,,,,,,,,,,,,,,,,,,,,,,,,,,,,,,,,,,,,,,,,,,,,,,,,,,,,,,,,,,,,,,,,,2025-04-24 13:07:45,Signal Acquired,15.368713,73.926427,0.78,-0.27,9.72,-0.05,0.11,0.01,DETECTED
,,,,,,,,,,,,,,,,,,,,,,,,,,,,,,,,,,,,,,,,,,,,,,,,,,,,,,,,,,,,,,,,,,,,,,,,,,,,,,,,,,,,,,,,,,,,,,,,,,,,,,,,,2025-04-24 13:07:48,Signal Acquired,15.368713,73.926427,2.21,0.77,8.68,0.01,-0.04,0.01,NO
,,,,,,,,,,,,,,,,,,,,,,,,,,,,,,,,,,,,,,,,,,,,,,,,,,,,,,,,,,,,,,,,,,,,,,,,,,,,,,,,,,,,,,,,,,,,,,,,,,,,,,,,,2025-04-24 13:07:48,Signal Acquired,15.368874,73.926464,-1.7,1.12,9.74,-0.01,0.18,-0.01,DETECTED
,,,,,,,,,,,,,,,,,,,,,,,,,,,,,,,,,,,,,,,,,,,,,,,,,,,,,,,,,,,,,,,,,,,,,,,,,,,,,,,,,,,,,,,,,,,,,,,,,,,,,,,,,2025-04-24 13:07:48,Signal Acquired,15.368874,73.926464,1.99,-0.33,9.52,0.04,-0.01,0.03,NO
,,,,,,,,,,,,,,,,,,,,,,,,,,,,,,,,,,,,,,,,,,,,,,,,,,,,,,,,,,,,,,,,,,,,,,,,,,,,,,,,,,,,,,,,,,,,,,,,,,,,,,,,,2025-04-24 13:07:50,Signal Acquired,15.36903,73.926502,0.82,-0.01,8.68,-0.02,0.06,-0.08,NO
,,,,,,,,,,,,,,,,,,,,,,,,,,,,,,,,,,,,,,,,,,,,,,,,,,,,,,,,,,,,,,,,,,,,,,,,,,,,,,,,,,,,,,,,,,,,,,,,,,,,,,,,,2025-04-24 13:07:50,Signal Acquired,15.36903,73.926502,3.29,-0.87,8.49,0.05,-0.05,0.17,NO
,,,,,,,,,,,,,,,,,,,,,,,,,,,,,,,,,,,,,,,,,,,,,,,,,,,,,,,,,,,,,,,,,,,,,,,,,,,,,,,,,,,,,,,,,,,,,,,,,,,,,,,,,2025-04-24 13:07:50,Signal Acquired,15.369173,73.92654,1.92,-0.79,9.09,-0.02,0.01,0.04,NO
,,,,,,,,,,,,,,,,,,,,,,,,,,,,,,,,,,,,,,,,,,,,,,,,,,,,,,,,,,,,,,,,,,,,,,,,,,,,,,,,,,,,,,,,,,,,,,,,,,,,,,,,,2025-04-24 13:07:52,Signal Acquired,15.369173,73.92654,1.59,-0.49,8.82,-0.04,0.06,0.02,NO
,,,,,,,,,,,,,,,,,,,,,,,,,,,,,,,,,,,,,,,,,,,,,,,,,,,,,,,,,,,,,,,,,,,,,,,,,,,,,,,,,,,,,,,,,,,,,,,,,,,,,,,,,2025-04-24 13:07:52,Signal Acquired,15.369308,73.926571,2.33,-0.72,9.85,-0.02,0.01,0.04,NO
,,,,,,,,,,,,,,,,,,,,,,,,,,,,,,,,,,,,,,,,,,,,,,,,,,,,,,,,,,,,,,,,,,,,,,,,,,,,,,,,,,,,,,,,,,,,,,,,,,,,,,,,,2025-04-24 13:07:52,Signal Acquired,15.369308,73.926571,1.55,-0.06,9.5,0.07,0.03,0.03,NO
,,,,,,,,,,,,,,,,,,,,,,,,,,,,,,,,,,,,,,,,,,,,,,,,,,,,,,,,,,,,,,,,,,,,,,,,,,,,,,,,,,,,,,,,,,,,,,,,,,,,,,,,,2025-04-24 13:07:54,Signal Acquired,15.369434,73.926597,0.84,-0.23,9.3,-0.03,-0.0,0.04,NO
,,,,,,,,,,,,,,,,,,,,,,,,,,,,,,,,,,,,,,,,,,,,,,,,,,,,,,,,,,,,,,,,,,,,,,,,,,,,,,,,,,,,,,,,,,,,,,,,,,,,,,,,,2025-04-24 13:07:54,Signal Acquired,15.369434,73.926597,0.25,0.6,9.46,0.01,0.02,0.04,NO
,,,,,,,,,,,,,,,,,,,,,,,,,,,,,,,,,,,,,,,,,,,,,,,,,,,,,,,,,,,,,,,,,,,,,,,,,,,,,,,,,,,,,,,,,,,,,,,,,,,,,,,,,2025-04-24 13:07:54,Signal Acquired,15.369551,73.926619,2.87,0.23,8.81,-0.01,0.05,0.03,NO
,,,,,,,,,,,,,,,,,,,,,,,,,,,,,,,,,,,,,,,,,,,,,,,,,,,,,,,,,,,,,,,,,,,,,,,,,,,,,,,,,,,,,,,,,,,,,,,,,,,,,,,,,2025-04-24 13:07:57,Signal Acquired,15.369551,73.926619,1.66,-0.15,9.56,0.0,0.05,0.03,NO
,,,,,,,,,,,,,,,,,,,,,,,,,,,,,,,,,,,,,,,,,,,,,,,,,,,,,,,,,,,,,,,,,,,,,,,,,,,,,,,,,,,,,,,,,,,,,,,,,,,,,,,,,2025-04-24 13:07:57,Signal Acquired,15.369662,73.926635,3.93,-0.07,8.36,0.03,-0.06,0.04,DETECTED
,,,,,,,,,,,,,,,,,,,,,,,,,,,,,,,,,,,,,,,,,,,,,,,,,,,,,,,,,,,,,,,,,,,,,,,,,,,,,,,,,,,,,,,,,,,,,,,,,,,,,,,,,2025-04-24 13:07:57,Signal Acquired,15.369662,73.926635,1.44,0.11,9.27,-0.05,0.07,0.01,NO
,,,,,,,,,,,,,,,,,,,,,,,,,,,,,,,,,,,,,,,,,,,,,,,,,,,,,,,,,,,,,,,,,,,,,,,,,,,,,,,,,,,,,,,,,,,,,,,,,,,,,,,,,2025-04-24 13:07:59,Signal Acquired,15.369767,73.926645,2.16,0.37,9.28,-0.04,0.02,0.04,NO
,,,,,,,,,,,,,,,,,,,,,,,,,,,,,,,,,,,,,,,,,,,,,,,,,,,,,,,,,,,,,,,,,,,,,,,,,,,,,,,,,,,,,,,,,,,,,,,,,,,,,,,,,2025-04-24 13:07:59,Signal Acquired,15.369767,73.926645,-0.87,1.4,9.45,-0.0,0.07,0.02,DETECTED
,,,,,,,,,,,,,,,,,,,,,,,,,,,,,,,,,,,,,,,,,,,,,,,,,,,,,,,,,,,,,,,,,,,,,,,,,,,,,,,,,,,,,,,,,,,,,,,,,,,,,,,,,2025-04-24 13:07:59,Signal Acquired,15.369863,73.926653,1.54,0.35,9.38,-0.07,0.13,0.02,DETECTED
,,,,,,,,,,,,,,,,,,,,,,,,,,,,,,,,,,,,,,,,,,,,,,,,,,,,,,,,,,,,,,,,,,,,,,,,,,,,,,,,,,,,,,,,,,,,,,,,,,,,,,,,,2025-04-24 13:08:01,Signal Acquired,15.369863,73.926653,1.61,0.44,9.49,0.02,0.04,0.03,DETECTED
,,,,,,,,,,,,,,,,,,,,,,,,,,,,,,,,,,,,,,,,,,,,,,,,,,,,,,,,,,,,,,,,,,,,,,,,,,,,,,,,,,,,,,,,,,,,,,,,,,,,,,,,,2025-04-24 13:08:01,Signal Acquired,15.369957,73.926659,2.97,-0.15,9.0,-0.01,0.05,0.01,NO
,,,,,,,,,,,,,,,,,,,,,,,,,,,,,,,,,,,,,,,,,,,,,,,,,,,,,,,,,,,,,,,,,,,,,,,,,,,,,,,,,,,,,,,,,,,,,,,,,,,,,,,,,2025-04-24 13:08:01,Signal Acquired,15.369957,73.926659,1.24,-0.02,9.28,-0.01,0.04,0.03,NO
,,,,,,,,,,,,,,,,,,,,,,,,,,,,,,,,,,,,,,,,,,,,,,,,,,,,,,,,,,,,,,,,,,,,,,,,,,,,,,,,,,,,,,,,,,,,,,,,,,,,,,,,,2025-04-24 13:08:03,Signal Acquired,15.370043,73.926664,1.78,-0.61,9.17,0.0,0.03,0.01,NO
,,,,,,,,,,,,,,,,,,,,,,,,,,,,,,,,,,,,,,,,,,,,,,,,,,,,,,,,,,,,,,,,,,,,,,,,,,,,,,,,,,,,,,,,,,,,,,,,,,,,,,,,,2025-04-24 13:08:03,Signal Acquired,15.370043,73.926664,0.51,-0.33,8.99,-0.03,0.04,-0.0,NO
,,,,,,,,,,,,,,,,,,,,,,,,,,,,,,,,,,,,,,,,,,,,,,,,,,,,,,,,,,,,,,,,,,,,,,,,,,,,,,,,,,,,,,,,,,,,,,,,,,,,,,,,,2025-04-24 13:08:03,Signal Acquired,15.370125,73.926663,0.21,0.12,9.67,0.0,0.1,0.02,DETECTED
,,,,,,,,,,,,,,,,,,,,,,,,,,,,,,,,,,,,,,,,,,,,,,,,,,,,,,,,,,,,,,,,,,,,,,,,,,,,,,,,,,,,,,,,,,,,,,,,,,,,,,,,,2025-04-24 13:08:06,Signal Acquired,15.370125,73.926663,1.51,-0.48,9.2,-0.03,-0.0,0.0,DETECTED
,,,,,,,,,,,,,,,,,,,,,,,,,,,,,,,,,,,,,,,,,,,,,,,,,,,,,,,,,,,,,,,,,,,,,,,,,,,,,,,,,,,,,,,,,,,,,,,,,,,,,,,,,2025-04-24 13:08:06,Signal Acquired,15.370125,73.926663,2.42,0.56,9.05,-0.03,-0.01,0.0,NO
,,,,,,,,,,,,,,,,,,,,,,,,,,,,,,,,,,,,,,,,,,,,,,,,,,,,,,,,,,,,,,,,,,,,,,,,,,,,,,,,,,,,,,,,,,,,,,,,,,,,,,,,,2025-04-24 13:08:06,Signal Acquired,15.370125,73.926663,2.7,0.41,8.9,-0.04,0.03,-0.01,NO
,,,,,,,,,,,,,,,,,,,,,,,,,,,,,,,,,,,,,,,,,,,,,,,,,,,,,,,,,,,,,,,,,,,,,,,,,,,,,,,,,,,,,,,,,,,,,,,,,,,,,,,,,2025-04-24 13:08:08,Signal Acquired,15.370125,73.926663,1.66,0.79,9.11,-0.0,-0.0,0.01,NO
,,,,,,,,,,,,,,,,,,,,,,,,,,,,,,,,,,,,,,,,,,,,,,,,,,,,,,,,,,,,,,,,,,,,,,,,,,,,,,,,,,,,,,,,,,,,,,,,,,,,,,,,,2025-04-24 13:08:08,Signal Acquired,15.370125,73.926663,1.54,0.19,9.7,0.0,-0.01,-0.01,NO
,,,,,,,,,,,,,,,,,,,,,,,,,,,,,,,,,,,,,,,,,,,,,,,,,,,,,,,,,,,,,,,,,,,,,,,,,,,,,,,,,,,,,,,,,,,,,,,,,,,,,,,,,2025-04-24 13:08:08,Signal Acquired,15.370125,73.926663,1.82,1.48,8.86,-0.04,0.03,-0.01,NO
,,,,,,,,,,,,,,,,,,,,,,,,,,,,,,,,,,,,,,,,,,,,,,,,,,,,,,,,,,,,,,,,,,,,,,,,,,,,,,,,,,,,,,,,,,,,,,,,,,,,,,,,,2025-04-24 13:08:10,Signal Acquired,15.370125,73.926663,1.49,0.49,9.37,-0.05,0.01,0.08,NO
,,,,,,,,,,,,,,,,,,,,,,,,,,,,,,,,,,,,,,,,,,,,,,,,,,,,,,,,,,,,,,,,,,,,,,,,,,,,,,,,,,,,,,,,,,,,,,,,,,,,,,,,,2025-04-24 13:08:10,Signal Acquired,15.370125,73.926663,2.27,1.43,9.48,-0.03,0.03,0.0,NO
,,,,,,,,,,,,,,,,,,,,,,,,,,,,,,,,,,,,,,,,,,,,,,,,,,,,,,,,,,,,,,,,,,,,,,,,,,,,,,,,,,,,,,,,,,,,,,,,,,,,,,,,,2025-04-24 13:08:10,Signal Acquired,15.370125,73.926663,1.21,1.62,9.63,-0.05,0.07,0.0,NO
,,,,,,,,,,,,,,,,,,,,,,,,,,,,,,,,,,,,,,,,,,,,,,,,,,,,,,,,,,,,,,,,,,,,,,,,,,,,,,,,,,,,,,,,,,,,,,,,,,,,,,,,,2025-04-24 13:08:12,Signal Acquired,15.370125,73.926663,1.81,0.59,9.38,-0.0,-0.01,0.0,NO
,,,,,,,,,,,,,,,,,,,,,,,,,,,,,,,,,,,,,,,,,,,,,,,,,,,,,,,,,,,,,,,,,,,,,,,,,,,,,,,,,,,,,,,,,,,,,,,,,,,,,,,,,2025-04-24 13:08:12,Signal Acquired,15.370125,73.926663,2.18,0.85,8.7,0.0,-0.04,0.0,DETECTED
,,,,,,,,,,,,,,,,,,,,,,,,,,,,,,,,,,,,,,,,,,,,,,,,,,,,,,,,,,,,,,,,,,,,,,,,,,,,,,,,,,,,,,,,,,,,,,,,,,,,,,,,,2025-04-24 13:08:12,Signal Acquired,15.370125,73.926663,2.68,0.49,8.78,-0.02,0.03,-0.01,NO
,,,,,,,,,,,,,,,,,,,,,,,,,,,,,,,,,,,,,,,,,,,,,,,,,,,,,,,,,,,,,,,,,,,,,,,,,,,,,,,,,,,,,,,,,,,,,,,,,,,,,,,,,2025-04-24 13:08:15,Signal Acquired,15.370125,73.926663,1.89,0.35,9.51,-0.01,0.01,0.01,NO
,,,,,,,,,,,,,,,,,,,,,,,,,,,,,,,,,,,,,,,,,,,,,,,,,,,,,,,,,,,,,,,,,,,,,,,,,,,,,,,,,,,,,,,,,,,,,,,,,,,,,,,,,2025-04-24 13:08:15,Signal Acquired,15.370125,73.926663,2.11,1.02,9.31,0.04,0.05,-0.07,NO
,,,,,,,,,,,,,,,,,,,,,,,,,,,,,,,,,,,,,,,,,,,,,,,,,,,,,,,,,,,,,,,,,,,,,,,,,,,,,,,,,,,,,,,,,,,,,,,,,,,,,,,,,2025-04-24 13:08:15,Signal Acquired,15.370125,73.926663,2.33,-0.34,9.33,-0.02,-0.03,0.01,NO
,,,,,,,,,,,,,,,,,,,,,,,,,,,,,,,,,,,,,,,,,,,,,,,,,,,,,,,,,,,,,,,,,,,,,,,,,,,,,,,,,,,,,,,,,,,,,,,,,,,,,,,,,2025-04-24 13:08:17,Signal Acquired,15.370125,73.926663,3.25,0.27,8.63,-0.01,0.05,0.01,NO
,,,,,,,,,,,,,,,,,,,,,,,,,,,,,,,,,,,,,,,,,,,,,,,,,,,,,,,,,,,,,,,,,,,,,,,,,,,,,,,,,,,,,,,,,,,,,,,,,,,,,,,,,2025-04-24 13:08:17,Signal Acquired,15.370125,73.926663,1.94,-0.12,8.96,-0.03,0.03,0.01,NO
,,,,,,,,,,,,,,,,,,,,,,,,,,,,,,,,,,,,,,,,,,,,,,,,,,,,,,,,,,,,,,,,,,,,,,,,,,,,,,,,,,,,,,,,,,,,,,,,,,,,,,,,,2025-04-24 13:08:17,Signal Acquired,15.370125,73.926663,2.41,-0.59,8.9,-0.02,0.0,0.0,NO
,,,,,,,,,,,,,,,,,,,,,,,,,,,,,,,,,,,,,,,,,,,,,,,,,,,,,,,,,,,,,,,,,,,,,,,,,,,,,,,,,,,,,,,,,,,,,,,,,,,,,,,,,2025-04-24 13:08:19,Signal Acquired,15.370125,73.926663,2.43,-0.48,9.21,-0.01,0.0,0.01,NO
,,,,,,,,,,,,,,,,,,,,,,,,,,,,,,,,,,,,,,,,,,,,,,,,,,,,,,,,,,,,,,,,,,,,,,,,,,,,,,,,,,,,,,,,,,,,,,,,,,,,,,,,,2025-04-24 13:08:19,Signal Acquired,15.370125,73.926663,3.19,-0.63,8.92,0.0,0.02,-0.0,NO
,,,,,,,,,,,,,,,,,,,,,,,,,,,,,,,,,,,,,,,,,,,,,,,,,,,,,,,,,,,,,,,,,,,,,,,,,,,,,,,,,,,,,,,,,,,,,,,,,,,,,,,,,2025-04-24 13:08:19,Signal Acquired,15.370125,73.926663,2.13,0.17,8.98,0.0,0.02,-0.05,NO
,,,,,,,,,,,,,,,,,,,,,,,,,,,,,,,,,,,,,,,,,,,,,,,,,,,,,,,,,,,,,,,,,,,,,,,,,,,,,,,,,,,,,,,,,,,,,,,,,,,,,,,,,2025-04-24 13:08:21,Signal Acquired,15.370125,73.926663,2.75,0.22,8.83,-0.02,0.03,0.0,NO
,,,,,,,,,,,,,,,,,,,,,,,,,,,,,,,,,,,,,,,,,,,,,,,,,,,,,,,,,,,,,,,,,,,,,,,,,,,,,,,,,,,,,,,,,,,,,,,,,,,,,,,,,2025-04-24 13:08:21,Signal Acquired,15.370125,73.926663,2.39,-0.12,8.87,-0.03,0.03,0.01,NO
,,,,,,,,,,,,,,,,,,,,,,,,,,,,,,,,,,,,,,,,,,,,,,,,,,,,,,,,,,,,,,,,,,,,,,,,,,,,,,,,,,,,,,,,,,,,,,,,,,,,,,,,,2025-04-24 13:08:21,Signal Acquired,15.370125,73.926663,2.21,-0.31,9.11,-0.03,0.02,0.01,NO
,,,,,,,,,,,,,,,,,,,,,,,,,,,,,,,,,,,,,,,,,,,,,,,,,,,,,,,,,,,,,,,,,,,,,,,,,,,,,,,,,,,,,,,,,,,,,,,,,,,,,,,,,2025-04-24 13:08:23,Signal Acquired,15.370125,73.926663,2.17,-0.2,9.21,-0.02,0.02,-0.01,NO
,,,,,,,,,,,,,,,,,,,,,,,,,,,,,,,,,,,,,,,,,,,,,,,,,,,,,,,,,,,,,,,,,,,,,,,,,,,,,,,,,,,,,,,,,,,,,,,,,,,,,,,,,2025-04-24 13:08:23,Signal Acquired,15.370125,73.926663,2.3,-0.29,9.03,-0.04,-0.0,0.0,NO
,,,,,,,,,,,,,,,,,,,,,,,,,,,,,,,,,,,,,,,,,,,,,,,,,,,,,,,,,,,,,,,,,,,,,,,,,,,,,,,,,,,,,,,,,,,,,,,,,,,,,,,,,2025-04-24 13:08:23,Signal Acquired,15.370125,73.926663,2.44,0.68,9.1,-0.04,0.0,-0.02,NO
,,,,,,,,,,,,,,,,,,,,,,,,,,,,,,,,,,,,,,,,,,,,,,,,,,,,,,,,,,,,,,,,,,,,,,,,,,,,,,,,,,,,,,,,,,,,,,,,,,,,,,,,,2025-04-24 13:08:26,Signal Acquired,15.370125,73.926663,2.0,0.5,9.17,-0.01,0.01,0.0,NO
,,,,,,,,,,,,,,,,,,,,,,,,,,,,,,,,,,,,,,,,,,,,,,,,,,,,,,,,,,,,,,,,,,,,,,,,,,,,,,,,,,,,,,,,,,,,,,,,,,,,,,,,,2025-04-24 13:08:26,Signal Acquired,15.370125,73.926663,2.3,0.71,9.0,-0.02,0.04,-0.0,NO
,,,,,,,,,,,,,,,,,,,,,,,,,,,,,,,,,,,,,,,,,,,,,,,,,,,,,,,,,,,,,,,,,,,,,,,,,,,,,,,,,,,,,,,,,,,,,,,,,,,,,,,,,2025-04-24 13:08:26,Signal Acquired,15.370125,73.926663,2.59,0.65,9.11,-0.0,0.02,0.0,NO
,,,,,,,,,,,,,,,,,,,,,,,,,,,,,,,,,,,,,,,,,,,,,,,,,,,,,,,,,,,,,,,,,,,,,,,,,,,,,,,,,,,,,,,,,,,,,,,,,,,,,,,,,2025-04-24 13:08:28,Signal Acquired,15.370125,73.926663,2.3,0.59,9.08,-0.04,0.02,0.0,NO
,,,,,,,,,,,,,,,,,,,,,,,,,,,,,,,,,,,,,,,,,,,,,,,,,,,,,,,,,,,,,,,,,,,,,,,,,,,,,,,,,,,,,,,,,,,,,,,,,,,,,,,,,2025-04-24 13:08:28,Signal Acquired,15.370125,73.926663,2.45,0.53,8.94,-0.02,0.02,0.0,NO
,,,,,,,,,,,,,,,,,,,,,,,,,,,,,,,,,,,,,,,,,,,,,,,,,,,,,,,,,,,,,,,,,,,,,,,,,,,,,,,,,,,,,,,,,,,,,,,,,,,,,,,,,2025-04-24 13:08:28,Signal Acquired,15.370125,73.926663,2.32,0.61,9.09,-0.02,0.01,0.0,NO
,,,,,,,,,,,,,,,,,,,,,,,,,,,,,,,,,,,,,,,,,,,,,,,,,,,,,,,,,,,,,,,,,,,,,,,,,,,,,,,,,,,,,,,,,,,,,,,,,,,,,,,,,2025-04-24 13:08:30,Signal Acquired,15.370125,73.926663,2.27,0.2,9.04,-0.03,0.02,0.0,NO
,,,,,,,,,,,,,,,,,,,,,,,,,,,,,,,,,,,,,,,,,,,,,,,,,,,,,,,,,,,,,,,,,,,,,,,,,,,,,,,,,,,,,,,,,,,,,,,,,,,,,,,,,2025-04-24 13:08:30,Signal Acquired,15.370125,73.926663,2.58,1.18,9.05,-0.01,0.02,-0.0,NO
,,,,,,,,,,,,,,,,,,,,,,,,,,,,,,,,,,,,,,,,,,,,,,,,,,,,,,,,,,,,,,,,,,,,,,,,,,,,,,,,,,,,,,,,,,,,,,,,,,,,,,,,,2025-04-24 13:08:30,Signal Acquired,15.370125,73.926663,2.23,0.83,8.97,-0.02,0.01,-0.0,NO
,,,,,,,,,,,,,,,,,,,,,,,,,,,,,,,,,,,,,,,,,,,,,,,,,,,,,,,,,,,,,,,,,,,,,,,,,,,,,,,,,,,,,,,,,,,,,,,,,,,,,,,,,2025-04-24 13:08:32,Signal Acquired,15.370125,73.926663,2.56,0.95,8.94,-0.02,0.03,-0.0,NO
,,,,,,,,,,,,,,,,,,,,,,,,,,,,,,,,,,,,,,,,,,,,,,,,,,,,,,,,,,,,,,,,,,,,,,,,,,,,,,,,,,,,,,,,,,,,,,,,,,,,,,,,,2025-04-24 13:08:32,Signal Acquired,15.370125,73.926663,2.53,0.76,8.98,-0.02,0.02,0.0,NO
,,,,,,,,,,,,,,,,,,,,,,,,,,,,,,,,,,,,,,,,,,,,,,,,,,,,,,,,,,,,,,,,,,,,,,,,,,,,,,,,,,,,,,,,,,,,,,,,,,,,,,,,,2025-04-24 13:08:32,Signal Acquired,15.370125,73.926663,2.28,0.81,9.03,-0.03,0.02,-0.0,NO
,,,,,,,,,,,,,,,,,,,,,,,,,,,,,,,,,,,,,,,,,,,,,,,,,,,,,,,,,,,,,,,,,,,,,,,,,,,,,,,,,,,,,,,,,,,,,,,,,,,,,,,,,2025-04-24 13:08:35,Signal Acquired,15.370125,73.926663,2.25,0.87,9.02,-0.02,0.04,0.0,NO
,,,,,,,,,,,,,,,,,,,,,,,,,,,,,,,,,,,,,,,,,,,,,,,,,,,,,,,,,,,,,,,,,,,,,,,,,,,,,,,,,,,,,,,,,,,,,,,,,,,,,,,,,2025-04-24 13:08:35,Signal Acquired,15.370125,73.926663,2.61,0.77,8.79,-0.02,0.01,-0.01,NO
,,,,,,,,,,,,,,,,,,,,,,,,,,,,,,,,,,,,,,,,,,,,,,,,,,,,,,,,,,,,,,,,,,,,,,,,,,,,,,,,,,,,,,,,,,,,,,,,,,,,,,,,,2025-04-24 13:08:35,Signal Acquired,15.370125,73.926663,2.02,0.76,9.11,-0.01,0.01,-0.0,NO
,,,,,,,,,,,,,,,,,,,,,,,,,,,,,,,,,,,,,,,,,,,,,,,,,,,,,,,,,,,,,,,,,,,,,,,,,,,,,,,,,,,,,,,,,,,,,,,,,,,,,,,,,2025-04-24 13:08:37,Signal Acquired,15.370125,73.926663,2.41,0.82,8.94,-0.01,0.04,-0.0,NO
,,,,,,,,,,,,,,,,,,,,,,,,,,,,,,,,,,,,,,,,,,,,,,,,,,,,,,,,,,,,,,,,,,,,,,,,,,,,,,,,,,,,,,,,,,,,,,,,,,,,,,,,,2025-04-24 13:08:37,Signal Acquired,15.370125,73.926663,2.12,0.79,9.04,-0.01,0.01,0.0,NO
,,,,,,,,,,,,,,,,,,,,,,,,,,,,,,,,,,,,,,,,,,,,,,,,,,,,,,,,,,,,,,,,,,,,,,,,,,,,,,,,,,,,,,,,,,,,,,,,,,,,,,,,,2025-04-24 13:08:37,Signal Acquired,15.370125,73.926663,2.23,0.81,8.96,-0.05,0.05,-0.0,NO
,,,,,,,,,,,,,,,,,,,,,,,,,,,,,,,,,,,,,,,,,,,,,,,,,,,,,,,,,,,,,,,,,,,,,,,,,,,,,,,,,,,,,,,,,,,,,,,,,,,,,,,,,2025-04-24 13:08:39,Signal Acquired,15.370125,73.926663,2.47,0.8,8.91,-0.01,-0.01,-0.01,NO
,,,,,,,,,,,,,,,,,,,,,,,,,,,,,,,,,,,,,,,,,,,,,,,,,,,,,,,,,,,,,,,,,,,,,,,,,,,,,,,,,,,,,,,,,,,,,,,,,,,,,,,,,2025-04-24 13:08:39,Signal Acquired,15.370125,73.926663,2.26,0.79,8.92,-0.02,0.03,-0.0,NO
,,,,,,,,,,,,,,,,,,,,,,,,,,,,,,,,,,,,,,,,,,,,,,,,,,,,,,,,,,,,,,,,,,,,,,,,,,,,,,,,,,,,,,,,,,,,,,,,,,,,,,,,,2025-04-24 13:08:39,Signal Acquired,15.370125,73.926663,2.28,0.81,9.01,-0.02,0.02,-0.0,NO
,,,,,,,,,,,,,,,,,,,,,,,,,,,,,,,,,,,,,,,,,,,,,,,,,,,,,,,,,,,,,,,,,,,,,,,,,,,,,,,,,,,,,,,,,,,,,,,,,,,,,,,,,2025-04-24 13:08:41,Signal Acquired,15.370125,73.926663,2.36,0.8,8.91,-0.03,0.03,-0.01,NO
,,,,,,,,,,,,,,,,,,,,,,,,,,,,,,,,,,,,,,,,,,,,,,,,,,,,,,,,,,,,,,,,,,,,,,,,,,,,,,,,,,,,,,,,,,,,,,,,,,,,,,,,,2025-04-24 13:08:41,Signal Acquired,15.370125,73.926663,2.24,0.84,9.06,-0.02,0.01,0.0,NO
,,,,,,,,,,,,,,,,,,,,,,,,,,,,,,,,,,,,,,,,,,,,,,,,,,,,,,,,,,,,,,,,,,,,,,,,,,,,,,,,,,,,,,,,,,,,,,,,,,,,,,,,,2025-04-24 13:08:41,Signal Acquired,15.370125,73.926663,2.43,0.68,8.96,-0.02,0.04,-0.0,NO
,,,,,,,,,,,,,,,,,,,,,,,,,,,,,,,,,,,,,,,,,,,,,,,,,,,,,,,,,,,,,,,,,,,,,,,,,,,,,,,,,,,,,,,,,,,,,,,,,,,,,,,,,2025-04-24 13:08:43,Signal Acquired,15.370125,73.926663,2.5,0.91,8.94,-0.01,0.01,0.0,NO
,,,,,,,,,,,,,,,,,,,,,,,,,,,,,,,,,,,,,,,,,,,,,,,,,,,,,,,,,,,,,,,,,,,,,,,,,,,,,,,,,,,,,,,,,,,,,,,,,,,,,,,,,2025-04-24 13:08:43,Signal Acquired,15.370125,73.926663,1.97,0.65,8.98,-0.03,0.04,0.0,NO
,,,,,,,,,,,,,,,,,,,,,,,,,,,,,,,,,,,,,,,,,,,,,,,,,,,,,,,,,,,,,,,,,,,,,,,,,,,,,,,,,,,,,,,,,,,,,,,,,,,,,,,,,2025-04-24 13:08:44,Signal Acquired,15.370125,73.926663,2.52,1.26,8.51,-0.07,0.07,-0.07,NO
,,,,,,,,,,,,,,,,,,,,,,,,,,,,,,,,,,,,,,,,,,,,,,,,,,,,,,,,,,,,,,,,,,,,,,,,,,,,,,,,,,,,,,,,,,,,,,,,,,,,,,,,,2025-04-24 13:08:46,Signal Acquired,15.370125,73.926663,2.09,0.74,8.93,-0.02,0.03,-0.0,NO
,,,,,,,,,,,,,,,,,,,,,,,,,,,,,,,,,,,,,,,,,,,,,,,,,,,,,,,,,,,,,,,,,,,,,,,,,,,,,,,,,,,,,,,,,,,,,,,,,,,,,,,,,2025-04-24 13:08:46,Signal Acquired,15.370125,73.926663,2.11,0.76,9.14,-0.02,0.02,0.0,NO
,,,,,,,,,,,,,,,,,,,,,,,,,,,,,,,,,,,,,,,,,,,,,,,,,,,,,,,,,,,,,,,,,,,,,,,,,,,,,,,,,,,,,,,,,,,,,,,,,,,,,,,,,2025-04-24 13:08:46,Signal Acquired,15.370125,73.926663,2.32,0.75,8.96,-0.02,0.03,-0.0,NO
,,,,,,,,,,,,,,,,,,,,,,,,,,,,,,,,,,,,,,,,,,,,,,,,,,,,,,,,,,,,,,,,,,,,,,,,,,,,,,,,,,,,,,,,,,,,,,,,,,,,,,,,,2025-04-24 13:08:48,Signal Acquired,15.370125,73.926663,1.99,0.78,9.1,-0.02,0.02,0.0,NO
,,,,,,,,,,,,,,,,,,,,,,,,,,,,,,,,,,,,,,,,,,,,,,,,,,,,,,,,,,,,,,,,,,,,,,,,,,,,,,,,,,,,,,,,,,,,,,,,,,,,,,,,,2025-04-24 13:08:48,Signal Acquired,15.370125,73.926663,2.21,0.54,9.01,-0.02,0.03,0.0,NO
,,,,,,,,,,,,,,,,,,,,,,,,,,,,,,,,,,,,,,,,,,,,,,,,,,,,,,,,,,,,,,,,,,,,,,,,,,,,,,,,,,,,,,,,,,,,,,,,,,,,,,,,,2025-04-24 13:08:48,Signal Acquired,15.370125,73.926663,2.05,0.67,9.29,-0.07,0.05,0.29,NO
,,,,,,,,,,,,,,,,,,,,,,,,,,,,,,,,,,,,,,,,,,,,,,,,,,,,,,,,,,,,,,,,,,,,,,,,,,,,,,,,,,,,,,,,,,,,,,,,,,,,,,,,,2025-04-24 13:08:50,Signal Acquired,15.370125,73.926663,1.79,0.67,9.01,-0.01,0.03,0.0,NO
,,,,,,,,,,,,,,,,,,,,,,,,,,,,,,,,,,,,,,,,,,,,,,,,,,,,,,,,,,,,,,,,,,,,,,,,,,,,,,,,,,,,,,,,,,,,,,,,,,,,,,,,,2025-04-24 13:08:50,Signal Acquired,15.370125,73.926663,2.22,0.63,9.09,-0.01,0.0,-0.0,NO
,,,,,,,,,,,,,,,,,,,,,,,,,,,,,,,,,,,,,,,,,,,,,,,,,,,,,,,,,,,,,,,,,,,,,,,,,,,,,,,,,,,,,,,,,,,,,,,,,,,,,,,,,2025-04-24 13:08:50,Signal Acquired,15.370125,73.926663,1.98,0.78,8.98,-0.03,0.03,-0.0,NO
,,,,,,,,,,,,,,,,,,,,,,,,,,,,,,,,,,,,,,,,,,,,,,,,,,,,,,,,,,,,,,,,,,,,,,,,,,,,,,,,,,,,,,,,,,,,,,,,,,,,,,,,,2025-04-24 13:08:52,Signal Acquired,15.370125,73.926663,2.18,0.94,9.06,-0.0,0.01,0.0,NO
,,,,,,,,,,,,,,,,,,,,,,,,,,,,,,,,,,,,,,,,,,,,,,,,,,,,,,,,,,,,,,,,,,,,,,,,,,,,,,,,,,,,,,,,,,,,,,,,,,,,,,,,,2025-04-24 13:08:52,Signal Acquired,15.370125,73.926663,2.18,0.5,9.06,-0.03,0.03,-0.0,NO
,,,,,,,,,,,,,,,,,,,,,,,,,,,,,,,,,,,,,,,,,,,,,,,,,,,,,,,,,,,,,,,,,,,,,,,,,,,,,,,,,,,,,,,,,,,,,,,,,,,,,,,,,2025-04-24 13:08:52,Signal Acquired,15.370125,73.926663,2.08,1.01,9.05,-0.01,0.01,-0.0,NO
,,,,,,,,,,,,,,,,,,,,,,,,,,,,,,,,,,,,,,,,,,,,,,,,,,,,,,,,,,,,,,,,,,,,,,,,,,,,,,,,,,,,,,,,,,,,,,,,,,,,,,,,,2025-04-24 13:08:55,Signal Acquired,15.370125,73.926663,2.19,0.61,8.98,-0.02,0.04,0.0,NO
,,,,,,,,,,,,,,,,,,,,,,,,,,,,,,,,,,,,,,,,,,,,,,,,,,,,,,,,,,,,,,,,,,,,,,,,,,,,,,,,,,,,,,,,,,,,,,,,,,,,,,,,,2025-04-24 13:08:55,Signal Acquired,15.370784,73.926666,2.22,0.74,9.05,-0.02,0.01,0.0,NO
,,,,,,,,,,,,,,,,,,,,,,,,,,,,,,,,,,,,,,,,,,,,,,,,,,,,,,,,,,,,,,,,,,,,,,,,,,,,,,,,,,,,,,,,,,,,,,,,,,,,,,,,,2025-04-24 13:08:55,Signal Acquired,15.370784,73.926666,1.89,0.79,9.01,-0.03,0.04,0.0,NO
,,,,,,,,,,,,,,,,,,,,,,,,,,,,,,,,,,,,,,,,,,,,,,,,,,,,,,,,,,,,,,,,,,,,,,,,,,,,,,,,,,,,,,,,,,,,,,,,,,,,,,,,,2025-04-24 13:08:57,Signal Acquired,15.370781,73.926667,2.29,1.06,9.1,0.0,0.01,-0.0,NO
,,,,,,,,,,,,,,,,,,,,,,,,,,,,,,,,,,,,,,,,,,,,,,,,,,,,,,,,,,,,,,,,,,,,,,,,,,,,,,,,,,,,,,,,,,,,,,,,,,,,,,,,,2025-04-24 13:08:57,Signal Acquired,15.370781,73.926667,2.85,1.06,8.29,-0.02,0.05,-0.0,NO
,,,,,,,,,,,,,,,,,,,,,,,,,,,,,,,,,,,,,,,,,,,,,,,,,,,,,,,,,,,,,,,,,,,,,,,,,,,,,,,,,,,,,,,,,,,,,,,,,,,,,,,,,2025-04-24 13:08:57,Signal Acquired,15.37078,73.926668,1.75,1.25,9.09,-0.02,0.04,0.0,NO
,,,,,,,,,,,,,,,,,,,,,,,,,,,,,,,,,,,,,,,,,,,,,,,,,,,,,,,,,,,,,,,,,,,,,,,,,,,,,,,,,,,,,,,,,,,,,,,,,,,,,,,,,2025-04-24 13:08:59,Signal Acquired,15.37078,73.926668,2.85,1.27,9.03,0.0,-0.01,0.0,NO
,,,,,,,,,,,,,,,,,,,,,,,,,,,,,,,,,,,,,,,,,,,,,,,,,,,,,,,,,,,,,,,,,,,,,,,,,,,,,,,,,,,,,,,,,,,,,,,,,,,,,,,,,2025-04-24 13:08:59,Signal Acquired,15.37078,73.926668,2.47,1.42,8.89,-0.02,0.02,-0.01,NO
,,,,,,,,,,,,,,,,,,,,,,,,,,,,,,,,,,,,,,,,,,,,,,,,,,,,,,,,,,,,,,,,,,,,,,,,,,,,,,,,,,,,,,,,,,,,,,,,,,,,,,,,,2025-04-24 13:08:59,Signal Acquired,15.37078,73.926668,1.98,1.5,9.1,0.0,-0.0,-0.0,NO
,,,,,,,,,,,,,,,,,,,,,,,,,,,,,,,,,,,,,,,,,,,,,,,,,,,,,,,,,,,,,,,,,,,,,,,,,,,,,,,,,,,,,,,,,,,,,,,,,,,,,,,,,2025-04-24 13:09:01,Signal Acquired,15.370785,73.926667,1.69,1.05,9.0,-0.02,0.04,0.01,NO
,,,,,,,,,,,,,,,,,,,,,,,,,,,,,,,,,,,,,,,,,,,,,,,,,,,,,,,,,,,,,,,,,,,,,,,,,,,,,,,,,,,,,,,,,,,,,,,,,,,,,,,,,2025-04-24 13:09:01,Signal Acquired,15.370785,73.926667,2.15,1.17,8.93,-0.03,0.02,-0.0,NO
,,,,,,,,,,,,,,,,,,,,,,,,,,,,,,,,,,,,,,,,,,,,,,,,,,,,,,,,,,,,,,,,,,,,,,,,,,,,,,,,,,,,,,,,,,,,,,,,,,,,,,,,,2025-04-24 13:09:01,Signal Acquired,15.370792,73.926667,2.88,1.77,8.81,-0.03,0.03,-0.01,NO
,,,,,,,,,,,,,,,,,,,,,,,,,,,,,,,,,,,,,,,,,,,,,,,,,,,,,,,,,,,,,,,,,,,,,,,,,,,,,,,,,,,,,,,,,,,,,,,,,,,,,,,,,2025-04-24 13:09:03,Signal Acquired,15.370792,73.926667,2.07,0.97,8.91,-0.01,0.0,0.01,NO
,,,,,,,,,,,,,,,,,,,,,,,,,,,,,,,,,,,,,,,,,,,,,,,,,,,,,,,,,,,,,,,,,,,,,,,,,,,,,,,,,,,,,,,,,,,,,,,,,,,,,,,,,2025-04-24 13:09:03,Signal Acquired,15.370803,73.926667,1.45,0.74,9.21,-0.01,0.01,0.01,NO
,,,,,,,,,,,,,,,,,,,,,,,,,,,,,,,,,,,,,,,,,,,,,,,,,,,,,,,,,,,,,,,,,,,,,,,,,,,,,,,,,,,,,,,,,,,,,,,,,,,,,,,,,2025-04-24 13:09:03,Signal Acquired,15.370803,73.926667,2.19,1.02,9.28,0.01,-0.03,-0.0,NO
,,,,,,,,,,,,,,,,,,,,,,,,,,,,,,,,,,,,,,,,,,,,,,,,,,,,,,,,,,,,,,,,,,,,,,,,,,,,,,,,,,,,,,,,,,,,,,,,,,,,,,,,,2025-04-24 13:09:06,Signal Acquired,15.370803,73.926667,2.59,0.61,8.55,-0.04,0.02,-0.0,NO
,,,,,,,,,,,,,,,,,,,,,,,,,,,,,,,,,,,,,,,,,,,,,,,,,,,,,,,,,,,,,,,,,,,,,,,,,,,,,,,,,,,,,,,,,,,,,,,,,,,,,,,,,2025-04-24 13:09:06,Signal Acquired,15.370803,73.926667,2.04,1.06,9.18,0.02,0.0,-0.01,NO
,,,,,,,,,,,,,,,,,,,,,,,,,,,,,,,,,,,,,,,,,,,,,,,,,,,,,,,,,,,,,,,,,,,,,,,,,,,,,,,,,,,,,,,,,,,,,,,,,,,,,,,,,2025-04-24 13:09:06,Signal Acquired,15.370803,73.926667,2.77,0.89,8.02,-0.04,0.01,0.01,NO
,,,,,,,,,,,,,,,,,,,,,,,,,,,,,,,,,,,,,,,,,,,,,,,,,,,,,,,,,,,,,,,,,,,,,,,,,,,,,,,,,,,,,,,,,,,,,,,,,,,,,,,,,2025-04-24 13:09:08,Signal Acquired,15.370803,73.926667,1.38,1.47,9.4,-0.0,0.02,-0.01,NO
,,,,,,,,,,,,,,,,,,,,,,,,,,,,,,,,,,,,,,,,,,,,,,,,,,,,,,,,,,,,,,,,,,,,,,,,,,,,,,,,,,,,,,,,,,,,,,,,,,,,,,,,,2025-04-24 13:09:08,Signal Acquired,15.370803,73.926667,1.83,1.35,9.1,-0.01,0.03,-0.01,NO
,,,,,,,,,,,,,,,,,,,,,,,,,,,,,,,,,,,,,,,,,,,,,,,,,,,,,,,,,,,,,,,,,,,,,,,,,,,,,,,,,,,,,,,,,,,,,,,,,,,,,,,,,2025-04-24 13:09:08,Signal Acquired,15.370803,73.926667,2.14,1.34,9.05,0.0,0.02,-0.0,DETECTED
,,,,,,,,,,,,,,,,,,,,,,,,,,,,,,,,,,,,,,,,,,,,,,,,,,,,,,,,,,,,,,,,,,,,,,,,,,,,,,,,,,,,,,,,,,,,,,,,,,,,,,,,,2025-04-24 13:09:10,Signal Acquired,15.370803,73.926667,2.03,1.47,8.87,-0.0,0.03,-0.0,NO
,,,,,,,,,,,,,,,,,,,,,,,,,,,,,,,,,,,,,,,,,,,,,,,,,,,,,,,,,,,,,,,,,,,,,,,,,,,,,,,,,,,,,,,,,,,,,,,,,,,,,,,,,2025-04-24 13:09:10,Signal Acquired,15.370803,73.926667,-0.82,1.12,9.79,-0.03,0.02,-0.0,DETECTED
,,,,,,,,,,,,,,,,,,,,,,,,,,,,,,,,,,,,,,,,,,,,,,,,,,,,,,,,,,,,,,,,,,,,,,,,,,,,,,,,,,,,,,,,,,,,,,,,,,,,,,,,,2025-04-24 13:09:10,Signal Acquired,15.370803,73.926667,2.07,1.82,8.74,-0.02,0.04,-0.0,NO
,,,,,,,,,,,,,,,,,,,,,,,,,,,,,,,,,,,,,,,,,,,,,,,,,,,,,,,,,,,,,,,,,,,,,,,,,,,,,,,,,,,,,,,,,,,,,,,,,,,,,,,,,2025-04-24 13:09:12,Signal Acquired,15.370803,73.926667,0.89,1.87,9.27,-0.03,-0.02,-0.0,NO
,,,,,,,,,,,,,,,,,,,,,,,,,,,,,,,,,,,,,,,,,,,,,,,,,,,,,,,,,,,,,,,,,,,,,,,,,,,,,,,,,,,,,,,,,,,,,,,,,,,,,,,,,2025-04-24 13:09:12,Signal Acquired,15.370803,73.926667,2.0,1.75,9.47,-0.05,-0.05,-0.0,DETECTED
,,,,,,,,,,,,,,,,,,,,,,,,,,,,,,,,,,,,,,,,,,,,,,,,,,,,,,,,,,,,,,,,,,,,,,,,,,,,,,,,,,,,,,,,,,,,,,,,,,,,,,,,,2025-04-24 13:09:12,Signal Acquired,15.370803,73.926667,3.84,0.4,8.77,-0.0,0.02,0.0,NO
,,,,,,,,,,,,,,,,,,,,,,,,,,,,,,,,,,,,,,,,,,,,,,,,,,,,,,,,,,,,,,,,,,,,,,,,,,,,,,,,,,,,,,,,,,,,,,,,,,,,,,,,,2025-04-24 13:09:15,Signal Acquired,15.370803,73.926667,-1.23,0.44,10.07,0.01,0.05,0.01,DETECTED
,,,,,,,,,,,,,,,,,,,,,,,,,,,,,,,,,,,,,,,,,,,,,,,,,,,,,,,,,,,,,,,,,,,,,,,,,,,,,,,,,,,,,,,,,,,,,,,,,,,,,,,,,2025-04-24 13:09:15,Signal Acquired,15.370803,73.926667,2.31,0.99,8.93,-0.01,0.05,0.0,DETECTED
,,,,,,,,,,,,,,,,,,,,,,,,,,,,,,,,,,,,,,,,,,,,,,,,,,,,,,,,,,,,,,,,,,,,,,,,,,,,,,,,,,,,,,,,,,,,,,,,,,,,,,,,,2025-04-24 13:09:15,Signal Acquired,15.370803,73.926667,2.05,1.5,8.82,-0.06,0.02,0.01,NO
,,,,,,,,,,,,,,,,,,,,,,,,,,,,,,,,,,,,,,,,,,,,,,,,,,,,,,,,,,,,,,,,,,,,,,,,,,,,,,,,,,,,,,,,,,,,,,,,,,,,,,,,,2025-04-24 13:09:17,Signal Acquired,15.370803,73.926667,2.03,1.11,8.78,0.0,0.04,-0.01,NO
,,,,,,,,,,,,,,,,,,,,,,,,,,,,,,,,,,,,,,,,,,,,,,,,,,,,,,,,,,,,,,,,,,,,,,,,,,,,,,,,,,,,,,,,,,,,,,,,,,,,,,,,,2025-04-24 13:09:17,Signal Acquired,15.370803,73.926667,3.36,1.2,8.83,-0.01,-0.0,-0.02,DETECTED
,,,,,,,,,,,,,,,,,,,,,,,,,,,,,,,,,,,,,,,,,,,,,,,,,,,,,,,,,,,,,,,,,,,,,,,,,,,,,,,,,,,,,,,,,,,,,,,,,,,,,,,,,2025-04-24 13:09:17,Signal Acquired,15.370803,73.926667,1.02,1.04,9.53,-0.04,-0.01,0.01,NO
,,,,,,,,,,,,,,,,,,,,,,,,,,,,,,,,,,,,,,,,,,,,,,,,,,,,,,,,,,,,,,,,,,,,,,,,,,,,,,,,,,,,,,,,,,,,,,,,,,,,,,,,,2025-04-24 13:09:19,Signal Acquired,15.370803,73.926667,2.8,1.4,8.63,-0.02,0.03,-0.01,NO
,,,,,,,,,,,,,,,,,,,,,,,,,,,,,,,,,,,,,,,,,,,,,,,,,,,,,,,,,,,,,,,,,,,,,,,,,,,,,,,,,,,,,,,,,,,,,,,,,,,,,,,,,2025-04-24 13:09:19,Signal Acquired,15.370803,73.926667,1.5,1.42,9.01,-0.02,0.01,-0.01,NO
,,,,,,,,,,,,,,,,,,,,,,,,,,,,,,,,,,,,,,,,,,,,,,,,,,,,,,,,,,,,,,,,,,,,,,,,,,,,,,,,,,,,,,,,,,,,,,,,,,,,,,,,,2025-04-24 13:09:19,Signal Acquired,15.370803,73.926667,1.51,1.39,9.55,-0.02,0.1,-0.01,NO
,,,,,,,,,,,,,,,,,,,,,,,,,,,,,,,,,,,,,,,,,,,,,,,,,,,,,,,,,,,,,,,,,,,,,,,,,,,,,,,,,,,,,,,,,,,,,,,,,,,,,,,,,2025-04-24 13:09:21,Signal Acquired,15.370803,73.926667,2.34,1.05,8.98,-0.04,0.05,-0.01,NO
,,,,,,,,,,,,,,,,,,,,,,,,,,,,,,,,,,,,,,,,,,,,,,,,,,,,,,,,,,,,,,,,,,,,,,,,,,,,,,,,,,,,,,,,,,,,,,,,,,,,,,,,,2025-04-24 13:09:21,Signal Acquired,15.370803,73.926667,2.38,1.22,8.97,-0.02,-0.01,-0.03,NO
,,,,,,,,,,,,,,,,,,,,,,,,,,,,,,,,,,,,,,,,,,,,,,,,,,,,,,,,,,,,,,,,,,,,,,,,,,,,,,,,,,,,,,,,,,,,,,,,,,,,,,,,,2025-04-24 13:09:21,Signal Acquired,15.370803,73.926667,1.38,1.82,9.0,-0.01,-0.11,0.02,NO
,,,,,,,,,,,,,,,,,,,,,,,,,,,,,,,,,,,,,,,,,,,,,,,,,,,,,,,,,,,,,,,,,,,,,,,,,,,,,,,,,,,,,,,,,,,,,,,,,,,,,,,,,2025-04-24 13:09:24,Signal Acquired,15.370803,73.926667,2.63,1.28,8.84,-0.05,-0.05,-0.01,DETECTED
,,,,,,,,,,,,,,,,,,,,,,,,,,,,,,,,,,,,,,,,,,,,,,,,,,,,,,,,,,,,,,,,,,,,,,,,,,,,,,,,,,,,,,,,,,,,,,,,,,,,,,,,,2025-04-24 13:09:24,Signal Acquired,15.370803,73.926667,1.44,0.77,9.2,-0.06,-0.04,0.01,NO
,,,,,,,,,,,,,,,,,,,,,,,,,,,,,,,,,,,,,,,,,,,,,,,,,,,,,,,,,,,,,,,,,,,,,,,,,,,,,,,,,,,,,,,,,,,,,,,,,,,,,,,,,2025-04-24 13:09:24,Signal Acquired,15.370803,73.926667,0.98,0.1,9.15,-0.03,-0.09,0.02,NO
,,,,,,,,,,,,,,,,,,,,,,,,,,,,,,,,,,,,,,,,,,,,,,,,,,,,,,,,,,,,,,,,,,,,,,,,,,,,,,,,,,,,,,,,,,,,,,,,,,,,,,,,,2025-04-24 13:09:26,Signal Acquired,15.370803,73.926667,1.3,0.66,9.02,-0.03,-0.07,0.09,NO
,,,,,,,,,,,,,,,,,,,,,,,,,,,,,,,,,,,,,,,,,,,,,,,,,,,,,,,,,,,,,,,,,,,,,,,,,,,,,,,,,,,,,,,,,,,,,,,,,,,,,,,,,2025-04-24 13:09:26,Signal Acquired,15.370803,73.926667,1.44,1.55,8.94,-0.01,-0.02,0.02,DETECTED
,,,,,,,,,,,,,,,,,,,,,,,,,,,,,,,,,,,,,,,,,,,,,,,,,,,,,,,,,,,,,,,,,,,,,,,,,,,,,,,,,,,,,,,,,,,,,,,,,,,,,,,,,2025-04-24 13:09:26,Signal Acquired,15.370803,73.926667,0.83,1.36,9.36,-0.02,0.04,0.0,NO
,,,,,,,,,,,,,,,,,,,,,,,,,,,,,,,,,,,,,,,,,,,,,,,,,,,,,,,,,,,,,,,,,,,,,,,,,,,,,,,,,,,,,,,,,,,,,,,,,,,,,,,,,2025-04-24 13:09:28,Signal Acquired,15.370803,73.926667,2.12,1.5,9.19,-0.03,-0.02,-0.0,NO
,,,,,,,,,,,,,,,,,,,,,,,,,,,,,,,,,,,,,,,,,,,,,,,,,,,,,,,,,,,,,,,,,,,,,,,,,,,,,,,,,,,,,,,,,,,,,,,,,,,,,,,,,2025-04-24 13:09:28,Signal Acquired,15.370803,73.926667,2.14,0.9,8.12,-0.04,0.01,0.01,NO
,,,,,,,,,,,,,,,,,,,,,,,,,,,,,,,,,,,,,,,,,,,,,,,,,,,,,,,,,,,,,,,,,,,,,,,,,,,,,,,,,,,,,,,,,,,,,,,,,,,,,,,,,2025-04-24 13:09:28,Signal Acquired,15.370803,73.926667,2.46,1.15,9.36,-0.02,0.03,-0.02,NO
,,,,,,,,,,,,,,,,,,,,,,,,,,,,,,,,,,,,,,,,,,,,,,,,,,,,,,,,,,,,,,,,,,,,,,,,,,,,,,,,,,,,,,,,,,,,,,,,,,,,,,,,,2025-04-24 13:09:30,Signal Acquired,15.370803,73.926667,1.62,0.25,9.27,0.01,0.02,-0.01,NO
,,,,,,,,,,,,,,,,,,,,,,,,,,,,,,,,,,,,,,,,,,,,,,,,,,,,,,,,,,,,,,,,,,,,,,,,,,,,,,,,,,,,,,,,,,,,,,,,,,,,,,,,,2025-04-24 13:09:30,Signal Acquired,15.370803,73.926667,3.42,0.62,8.77,0.03,-0.04,-0.01,NO
,,,,,,,,,,,,,,,,,,,,,,,,,,,,,,,,,,,,,,,,,,,,,,,,,,,,,,,,,,,,,,,,,,,,,,,,,,,,,,,,,,,,,,,,,,,,,,,,,,,,,,,,,2025-04-24 13:09:30,Signal Acquired,15.370803,73.926667,3.14,0.99,9.01,-0.01,-0.03,-0.03,NO
,,,,,,,,,,,,,,,,,,,,,,,,,,,,,,,,,,,,,,,,,,,,,,,,,,,,,,,,,,,,,,,,,,,,,,,,,,,,,,,,,,,,,,,,,,,,,,,,,,,,,,,,,2025-04-24 13:09:32,Signal Acquired,15.370803,73.926667,0.83,1.13,9.15,-0.03,-0.02,-0.03,NO
,,,,,,,,,,,,,,,,,,,,,,,,,,,,,,,,,,,,,,,,,,,,,,,,,,,,,,,,,,,,,,,,,,,,,,,,,,,,,,,,,,,,,,,,,,,,,,,,,,,,,,,,,2025-04-24 13:09:32,Signal Acquired,15.370803,73.926667,3.22,1.27,8.69,-0.02,-0.08,-0.03,NO
,,,,,,,,,,,,,,,,,,,,,,,,,,,,,,,,,,,,,,,,,,,,,,,,,,,,,,,,,,,,,,,,,,,,,,,,,,,,,,,,,,,,,,,,,,,,,,,,,,,,,,,,,2025-04-24 13:09:32,Signal Acquired,15.370803,73.926667,2.8,1.95,8.97,-0.02,0.03,-0.02,NO
,,,,,,,,,,,,,,,,,,,,,,,,,,,,,,,,,,,,,,,,,,,,,,,,,,,,,,,,,,,,,,,,,,,,,,,,,,,,,,,,,,,,,,,,,,,,,,,,,,,,,,,,,2025-04-24 13:09:35,Signal Acquired,15.370803,73.926667,2.3,1.91,9.61,-0.02,0.04,-0.02,NO
,,,,,,,,,,,,,,,,,,,,,,,,,,,,,,,,,,,,,,,,,,,,,,,,,,,,,,,,,,,,,,,,,,,,,,,,,,,,,,,,,,,,,,,,,,,,,,,,,,,,,,,,,2025-04-24 13:09:35,Signal Acquired,15.370803,73.926667,0.01,2.35,9.69,-0.01,0.01,0.11,NO
,,,,,,,,,,,,,,,,,,,,,,,,,,,,,,,,,,,,,,,,,,,,,,,,,,,,,,,,,,,,,,,,,,,,,,,,,,,,,,,,,,,,,,,,,,,,,,,,,,,,,,,,,2025-04-24 13:09:35,Signal Acquired,15.370803,73.926667,-2.13,1.7,10.47,-0.08,0.06,0.03,NO
,,,,,,,,,,,,,,,,,,,,,,,,,,,,,,,,,,,,,,,,,,,,,,,,,,,,,,,,,,,,,,,,,,,,,,,,,,,,,,,,,,,,,,,,,,,,,,,,,,,,,,,,,2025-04-24 13:09:37,Signal Acquired,15.370803,73.926667,0.91,1.08,8.87,-0.01,0.11,0.03,NO
,,,,,,,,,,,,,,,,,,,,,,,,,,,,,,,,,,,,,,,,,,,,,,,,,,,,,,,,,,,,,,,,,,,,,,,,,,,,,,,,,,,,,,,,,,,,,,,,,,,,,,,,,2025-04-24 13:09:37,Signal Acquired,15.370803,73.926667,2.25,-0.6,8.8,-0.05,-0.09,-0.0,NO
,,,,,,,,,,,,,,,,,,,,,,,,,,,,,,,,,,,,,,,,,,,,,,,,,,,,,,,,,,,,,,,,,,,,,,,,,,,,,,,,,,,,,,,,,,,,,,,,,,,,,,,,,2025-04-24 13:09:37,Signal Acquired,15.370803,73.926667,0.8,0.57,9.24,-0.05,0.1,-0.0,NO
,,,,,,,,,,,,,,,,,,,,,,,,,,,,,,,,,,,,,,,,,,,,,,,,,,,,,,,,,,,,,,,,,,,,,,,,,,,,,,,,,,,,,,,,,,,,,,,,,,,,,,,,,2025-04-24 13:09:39,Signal Acquired,15.370803,73.926667,3.31,0.28,9.35,-0.02,-0.05,-0.02,DETECTED
,,,,,,,,,,,,,,,,,,,,,,,,,,,,,,,,,,,,,,,,,,,,,,,,,,,,,,,,,,,,,,,,,,,,,,,,,,,,,,,,,,,,,,,,,,,,,,,,,,,,,,,,,2025-04-24 13:09:39,Signal Acquired,15.370803,73.926667,2.28,-0.19,8.86,-0.01,0.01,-0.01,NO
,,,,,,,,,,,,,,,,,,,,,,,,,,,,,,,,,,,,,,,,,,,,,,,,,,,,,,,,,,,,,,,,,,,,,,,,,,,,,,,,,,,,,,,,,,,,,,,,,,,,,,,,,2025-04-24 13:09:39,Signal Acquired,15.370803,73.926667,1.67,-0.83,8.7,-0.05,0.08,-0.01,NO
,,,,,,,,,,,,,,,,,,,,,,,,,,,,,,,,,,,,,,,,,,,,,,,,,,,,,,,,,,,,,,,,,,,,,,,,,,,,,,,,,,,,,,,,,,,,,,,,,,,,,,,,,2025-04-24 13:09:41,Signal Acquired,15.370803,73.926667,3.23,0.77,9.0,0.02,0.03,-0.01,NO
,,,,,,,,,,,,,,,,,,,,,,,,,,,,,,,,,,,,,,,,,,,,,,,,,,,,,,,,,,,,,,,,,,,,,,,,,,,,,,,,,,,,,,,,,,,,,,,,,,,,,,,,,2025-04-24 13:09:41,Signal Acquired,15.370803,73.926667,2.52,1.11,9.14,-0.04,0.06,-0.04,DETECTED
,,,,,,,,,,,,,,,,,,,,,,,,,,,,,,,,,,,,,,,,,,,,,,,,,,,,,,,,,,,,,,,,,,,,,,,,,,,,,,,,,,,,,,,,,,,,,,,,,,,,,,,,,2025-04-24 13:09:41,Signal Acquired,15.370803,73.926667,2.82,1.88,9.04,-0.0,0.06,-0.04,DETECTED
,,,,,,,,,,,,,,,,,,,,,,,,,,,,,,,,,,,,,,,,,,,,,,,,,,,,,,,,,,,,,,,,,,,,,,,,,,,,,,,,,,,,,,,,,,,,,,,,,,,,,,,,,2025-04-24 13:09:44,Signal Acquired,15.370803,73.926667,2.59,1.93,9.27,0.02,-0.05,-0.01,NO
,,,,,,,,,,,,,,,,,,,,,,,,,,,,,,,,,,,,,,,,,,,,,,,,,,,,,,,,,,,,,,,,,,,,,,,,,,,,,,,,,,,,,,,,,,,,,,,,,,,,,,,,,2025-04-24 13:09:44,Signal Acquired,15.370803,73.926667,1.81,1.75,9.47,0.03,-0.05,-0.01,NO
,,,,,,,,,,,,,,,,,,,,,,,,,,,,,,,,,,,,,,,,,,,,,,,,,,,,,,,,,,,,,,,,,,,,,,,,,,,,,,,,,,,,,,,,,,,,,,,,,,,,,,,,,2025-04-24 13:09:44,Signal Acquired,15.370803,73.926667,0.88,1.76,9.19,-0.0,-0.01,0.02,NO
,,,,,,,,,,,,,,,,,,,,,,,,,,,,,,,,,,,,,,,,,,,,,,,,,,,,,,,,,,,,,,,,,,,,,,,,,,,,,,,,,,,,,,,,,,,,,,,,,,,,,,,,,2025-04-24 13:09:46,Signal Acquired,15.370803,73.926667,-0.65,2.24,9.68,0.02,0.08,0.05,NO
,,,,,,,,,,,,,,,,,,,,,,,,,,,,,,,,,,,,,,,,,,,,,,,,,,,,,,,,,,,,,,,,,,,,,,,,,,,,,,,,,,,,,,,,,,,,,,,,,,,,,,,,,2025-04-24 13:09:46,Signal Acquired,15.370803,73.926667,2.72,2.28,8.41,0.01,0.11,0.05,NO
,,,,,,,,,,,,,,,,,,,,,,,,,,,,,,,,,,,,,,,,,,,,,,,,,,,,,,,,,,,,,,,,,,,,,,,,,,,,,,,,,,,,,,,,,,,,,,,,,,,,,,,,,2025-04-24 13:09:46,Signal Acquired,15.370803,73.926667,2.27,3.1,8.21,-0.01,0.13,0.06,NO
,,,,,,,,,,,,,,,,,,,,,,,,,,,,,,,,,,,,,,,,,,,,,,,,,,,,,,,,,,,,,,,,,,,,,,,,,,,,,,,,,,,,,,,,,,,,,,,,,,,,,,,,,2025-04-24 13:09:48,Signal Acquired,15.370803,73.926667,-0.28,1.95,9.11,0.01,-0.05,0.08,NO
,,,,,,,,,,,,,,,,,,,,,,,,,,,,,,,,,,,,,,,,,,,,,,,,,,,,,,,,,,,,,,,,,,,,,,,,,,,,,,,,,,,,,,,,,,,,,,,,,,,,,,,,,2025-04-24 13:09:48,Signal Acquired,15.370803,73.926667,-0.47,1.38,9.91,-0.05,-0.18,0.21,DETECTED
,,,,,,,,,,,,,,,,,,,,,,,,,,,,,,,,,,,,,,,,,,,,,,,,,,,,,,,,,,,,,,,,,,,,,,,,,,,,,,,,,,,,,,,,,,,,,,,,,,,,,,,,,2025-04-24 13:09:48,Signal Acquired,15.370803,73.926667,2.49,4.31,7.69,-0.01,0.22,-0.06,NO
,,,,,,,,,,,,,,,,,,,,,,,,,,,,,,,,,,,,,,,,,,,,,,,,,,,,,,,,,,,,,,,,,,,,,,,,,,,,,,,,,,,,,,,,,,,,,,,,,,,,,,,,,2025-04-24 13:09:50,Signal Acquired,15.370803,73.926667,2.16,0.6,9.57,0.01,-0.06,0.04,NO
,,,,,,,,,,,,,,,,,,,,,,,,,,,,,,,,,,,,,,,,,,,,,,,,,,,,,,,,,,,,,,,,,,,,,,,,,,,,,,,,,,,,,,,,,,,,,,,,,,,,,,,,,2025-04-24 13:09:50,Signal Acquired,15.370803,73.926667,1.36,0.12,9.28,-0.02,-0.0,0.04,NO
,,,,,,,,,,,,,,,,,,,,,,,,,,,,,,,,,,,,,,,,,,,,,,,,,,,,,,,,,,,,,,,,,,,,,,,,,,,,,,,,,,,,,,,,,,,,,,,,,,,,,,,,,2025-04-24 13:09:50,Signal Acquired,15.370803,73.926667,2.27,0.76,8.79,0.03,0.11,0.02,NO
,,,,,,,,,,,,,,,,,,,,,,,,,,,,,,,,,,,,,,,,,,,,,,,,,,,,,,,,,,,,,,,,,,,,,,,,,,,,,,,,,,,,,,,,,,,,,,,,,,,,,,,,,2025-04-24 13:09:53,Signal Acquired,15.370803,73.926667,3.62,0.45,8.43,-0.0,0.02,0.02,DETECTED
,,,,,,,,,,,,,,,,,,,,,,,,,,,,,,,,,,,,,,,,,,,,,,,,,,,,,,,,,,,,,,,,,,,,,,,,,,,,,,,,,,,,,,,,,,,,,,,,,,,,,,,,,2025-04-24 13:09:53,Signal Acquired,15.370803,73.926667,1.52,0.72,9.03,0.02,0.1,0.03,DETECTED
,,,,,,,,,,,,,,,,,,,,,,,,,,,,,,,,,,,,,,,,,,,,,,,,,,,,,,,,,,,,,,,,,,,,,,,,,,,,,,,,,,,,,,,,,,,,,,,,,,,,,,,,,2025-04-24 13:09:53,Signal Acquired,15.370803,73.926667,2.24,0.97,8.61,-0.02,0.07,0.02,NO
,,,,,,,,,,,,,,,,,,,,,,,,,,,,,,,,,,,,,,,,,,,,,,,,,,,,,,,,,,,,,,,,,,,,,,,,,,,,,,,,,,,,,,,,,,,,,,,,,,,,,,,,,2025-04-24 13:09:55,Signal Acquired,15.370803,73.926667,3.99,0.33,8.47,-0.01,0.11,0.03,DETECTED
,,,,,,,,,,,,,,,,,,,,,,,,,,,,,,,,,,,,,,,,,,,,,,,,,,,,,,,,,,,,,,,,,,,,,,,,,,,,,,,,,,,,,,,,,,,,,,,,,,,,,,,,,2025-04-24 13:09:55,Signal Acquired,15.370803,73.926667,0.84,-0.14,9.74,-0.04,0.04,-0.01,NO
,,,,,,,,,,,,,,,,,,,,,,,,,,,,,,,,,,,,,,,,,,,,,,,,,,,,,,,,,,,,,,,,,,,,,,,,,,,,,,,,,,,,,,,,,,,,,,,,,,,,,,,,,2025-04-24 13:09:55,Signal Acquired,15.370803,73.926667,2.59,0.64,8.94,0.03,0.03,-0.03,NO
,,,,,,,,,,,,,,,,,,,,,,,,,,,,,,,,,,,,,,,,,,,,,,,,,,,,,,,,,,,,,,,,,,,,,,,,,,,,,,,,,,,,,,,,,,,,,,,,,,,,,,,,,2025-04-24 13:09:57,Signal Acquired,15.370803,73.926667,3.23,0.34,8.89,0.0,0.05,-0.01,NO
,,,,,,,,,,,,,,,,,,,,,,,,,,,,,,,,,,,,,,,,,,,,,,,,,,,,,,,,,,,,,,,,,,,,,,,,,,,,,,,,,,,,,,,,,,,,,,,,,,,,,,,,,2025-04-24 13:09:57,Signal Acquired,15.370803,73.926667,3.49,0.23,8.95,0.0,-0.02,-0.03,NO
,,,,,,,,,,,,,,,,,,,,,,,,,,,,,,,,,,,,,,,,,,,,,,,,,,,,,,,,,,,,,,,,,,,,,,,,,,,,,,,,,,,,,,,,,,,,,,,,,,,,,,,,,2025-04-24 13:09:57,Signal Acquired,15.370803,73.926667,2.08,-0.14,8.85,0.03,-0.12,-0.02,DETECTED
,,,,,,,,,,,,,,,,,,,,,,,,,,,,,,,,,,,,,,,,,,,,,,,,,,,,,,,,,,,,,,,,,,,,,,,,,,,,,,,,,,,,,,,,,,,,,,,,,,,,,,,,,2025-04-24 13:09:59,Signal Acquired,15.370803,73.926667,1.93,0.96,8.91,-0.05,0.1,0.02,NO
,,,,,,,,,,,,,,,,,,,,,,,,,,,,,,,,,,,,,,,,,,,,,,,,,,,,,,,,,,,,,,,,,,,,,,,,,,,,,,,,,,,,,,,,,,,,,,,,,,,,,,,,,2025-04-24 13:09:59,Signal Acquired,15.370803,73.926667,-1.41,1.16,10.12,-0.04,0.04,0.02,DETECTED
,,,,,,,,,,,,,,,,,,,,,,,,,,,,,,,,,,,,,,,,,,,,,,,,,,,,,,,,,,,,,,,,,,,,,,,,,,,,,,,,,,,,,,,,,,,,,,,,,,,,,,,,,2025-04-24 13:09:59,Signal Acquired,15.370803,73.926667,0.65,1.42,9.72,-0.02,0.04,0.03,NO
,,,,,,,,,,,,,,,,,,,,,,,,,,,,,,,,,,,,,,,,,,,,,,,,,,,,,,,,,,,,,,,,,,,,,,,,,,,,,,,,,,,,,,,,,,,,,,,,,,,,,,,,,2025-04-24 13:10:01,Signal Acquired,15.370803,73.926667,2.1,1.59,8.09,-0.02,0.02,0.05,NO
,,,,,,,,,,,,,,,,,,,,,,,,,,,,,,,,,,,,,,,,,,,,,,,,,,,,,,,,,,,,,,,,,,,,,,,,,,,,,,,,,,,,,,,,,,,,,,,,,,,,,,,,,2025-04-24 13:10:01,Signal Acquired,15.370803,73.926667,1.84,1.51,9.38,-0.03,-0.04,0.01,DETECTED
,,,,,,,,,,,,,,,,,,,,,,,,,,,,,,,,,,,,,,,,,,,,,,,,,,,,,,,,,,,,,,,,,,,,,,,,,,,,,,,,,,,,,,,,,,,,,,,,,,,,,,,,,2025-04-24 13:10:01,Signal Acquired,15.370803,73.926667,3.01,0.33,9.24,-0.01,-0.13,0.01,DETECTED
,,,,,,,,,,,,,,,,,,,,,,,,,,,,,,,,,,,,,,,,,,,,,,,,,,,,,,,,,,,,,,,,,,,,,,,,,,,,,,,,,,,,,,,,,,,,,,,,,,,,,,,,,2025-04-24 13:10:04,Signal Acquired,15.370803,73.926667,0.92,1.19,8.72,-0.02,0.01,0.02,DETECTED
,,,,,,,,,,,,,,,,,,,,,,,,,,,,,,,,,,,,,,,,,,,,,,,,,,,,,,,,,,,,,,,,,,,,,,,,,,,,,,,,,,,,,,,,,,,,,,,,,,,,,,,,,2025-04-24 13:10:04,Signal Acquired,15.370803,73.926667,1.46,1.5,8.4,-0.02,0.11,0.0,DETECTED
,,,,,,,,,,,,,,,,,,,,,,,,,,,,,,,,,,,,,,,,,,,,,,,,,,,,,,,,,,,,,,,,,,,,,,,,,,,,,,,,,,,,,,,,,,,,,,,,,,,,,,,,,2025-04-24 13:10:04,Signal Acquired,15.374446,73.926218,3.71,1.15,9.33,0.0,-0.14,-0.03,DETECTED
,,,,,,,,,,,,,,,,,,,,,,,,,,,,,,,,,,,,,,,,,,,,,,,,,,,,,,,,,,,,,,,,,,,,,,,,,,,,,,,,,,,,,,,,,,,,,,,,,,,,,,,,,2025-04-24 13:10:06,Signal Acquired,15.374446,73.926218,4.12,1.05,9.01,-0.03,-0.01,-0.03,DETECTED
,,,,,,,,,,,,,,,,,,,,,,,,,,,,,,,,,,,,,,,,,,,,,,,,,,,,,,,,,,,,,,,,,,,,,,,,,,,,,,,,,,,,,,,,,,,,,,,,,,,,,,,,,2025-04-24 13:10:06,Signal Acquired,15.374581,73.926171,5.23,1.37,8.31,0.02,-0.07,-0.04,DETECTED
,,,,,,,,,,,,,,,,,,,,,,,,,,,,,,,,,,,,,,,,,,,,,,,,,,,,,,,,,,,,,,,,,,,,,,,,,,,,,,,,,,,,,,,,,,,,,,,,,,,,,,,,,2025-04-24 13:10:06,Signal Acquired,15.374581,73.926171,2.41,-0.05,8.69,-0.09,-0.02,-0.01,NO
,,,,,,,,,,,,,,,,,,,,,,,,,,,,,,,,,,,,,,,,,,,,,,,,,,,,,,,,,,,,,,,,,,,,,,,,,,,,,,,,,,,,,,,,,,,,,,,,,,,,,,,,,2025-04-24 13:10:08,Signal Acquired,15.374734,73.926127,3.0,0.52,8.83,-0.07,0.1,-0.01,NO
,,,,,,,,,,,,,,,,,,,,,,,,,,,,,,,,,,,,,,,,,,,,,,,,,,,,,,,,,,,,,,,,,,,,,,,,,,,,,,,,,,,,,,,,,,,,,,,,,,,,,,,,,2025-04-24 13:10:08,Signal Acquired,15.374734,73.926127,-0.04,0.96,9.39,-0.01,-0.04,0.01,DETECTED
,,,,,,,,,,,,,,,,,,,,,,,,,,,,,,,,,,,,,,,,,,,,,,,,,,,,,,,,,,,,,,,,,,,,,,,,,,,,,,,,,,,,,,,,,,,,,,,,,,,,,,,,,2025-04-24 13:10:08,Signal Acquired,15.374895,73.926085,2.95,0.4,8.63,-0.01,0.02,0.0,NO
,,,,,,,,,,,,,,,,,,,,,,,,,,,,,,,,,,,,,,,,,,,,,,,,,,,,,,,,,,,,,,,,,,,,,,,,,,,,,,,,,,,,,,,,,,,,,,,,,,,,,,,,,2025-04-24 13:10:10,Signal Acquired,15.374895,73.926085,1.71,-0.9,9.82,0.0,-0.01,0.0,DETECTED
,,,,,,,,,,,,,,,,,,,,,,,,,,,,,,,,,,,,,,,,,,,,,,,,,,,,,,,,,,,,,,,,,,,,,,,,,,,,,,,,,,,,,,,,,,,,,,,,,,,,,,,,,2025-04-24 13:10:10,Signal Acquired,15.375039,73.926047,2.47,0.03,9.05,0.15,-0.11,0.37,DETECTED
,,,,,,,,,,,,,,,,,,,,,,,,,,,,,,,,,,,,,,,,,,,,,,,,,,,,,,,,,,,,,,,,,,,,,,,,,,,,,,,,,,,,,,,,,,,,,,,,,,,,,,,,,2025-04-24 13:10:10,Signal Acquired,15.375039,73.926047,3.87,-1.23,8.21,0.06,-0.07,-0.0,DETECTED
,,,,,,,,,,,,,,,,,,,,,,,,,,,,,,,,,,,,,,,,,,,,,,,,,,,,,,,,,,,,,,,,,,,,,,,,,,,,,,,,,,,,,,,,,,,,,,,,,,,,,,,,,2025-04-24 13:10:13,Signal Acquired,15.37517,73.926012,4.78,-1.08,8.32,-0.01,0.13,-0.02,DETECTED
,,,,,,,,,,,,,,,,,,,,,,,,,,,,,,,,,,,,,,,,,,,,,,,,,,,,,,,,,,,,,,,,,,,,,,,,,,,,,,,,,,,,,,,,,,,,,,,,,,,,,,,,,2025-04-24 13:10:13,Signal Acquired,15.37517,73.926012,0.69,-0.04,9.2,-0.08,0.13,0.0,DETECTED
,,,,,,,,,,,,,,,,,,,,,,,,,,,,,,,,,,,,,,,,,,,,,,,,,,,,,,,,,,,,,,,,,,,,,,,,,,,,,,,,,,,,,,,,,,,,,,,,,,,,,,,,,2025-04-24 13:10:13,Signal Acquired,15.375284,73.925981,3.57,-0.71,8.61,-0.09,0.17,-0.05,DETECTED
,,,,,,,,,,,,,,,,,,,,,,,,,,,,,,,,,,,,,,,,,,,,,,,,,,,,,,,,,,,,,,,,,,,,,,,,,,,,,,,,,,,,,,,,,,,,,,,,,,,,,,,,,2025-04-24 13:10:15,Signal Acquired,15.375284,73.925981,3.09,0.67,8.78,0.01,0.04,-0.64,NO
,,,,,,,,,,,,,,,,,,,,,,,,,,,,,,,,,,,,,,,,,,,,,,,,,,,,,,,,,,,,,,,,,,,,,,,,,,,,,,,,,,,,,,,,,,,,,,,,,,,,,,,,,2025-04-24 13:10:15,Signal Acquired,15.375389,73.925955,1.35,1.23,8.37,-0.3,0.14,-0.0,NO
,,,,,,,,,,,,,,,,,,,,,,,,,,,,,,,,,,,,,,,,,,,,,,,,,,,,,,,,,,,,,,,,,,,,,,,,,,,,,,,,,,,,,,,,,,,,,,,,,,,,,,,,,2025-04-24 13:10:15,Signal Acquired,15.375389,73.925955,2.35,0.67,9.71,0.0,0.01,0.04,NO
,,,,,,,,,,,,,,,,,,,,,,,,,,,,,,,,,,,,,,,,,,,,,,,,,,,,,,,,,,,,,,,,,,,,,,,,,,,,,,,,,,,,,,,,,,,,,,,,,,,,,,,,,2025-04-24 13:10:17,Signal Acquired,15.375489,73.925932,1.87,-0.15,9.12,0.0,0.06,0.06,NO
,,,,,,,,,,,,,,,,,,,,,,,,,,,,,,,,,,,,,,,,,,,,,,,,,,,,,,,,,,,,,,,,,,,,,,,,,,,,,,,,,,,,,,,,,,,,,,,,,,,,,,,,,2025-04-24 13:10:17,Signal Acquired,15.375489,73.925932,1.64,-0.99,9.39,-0.06,0.13,-0.02,NO
,,,,,,,,,,,,,,,,,,,,,,,,,,,,,,,,,,,,,,,,,,,,,,,,,,,,,,,,,,,,,,,,,,,,,,,,,,,,,,,,,,,,,,,,,,,,,,,,,,,,,,,,,2025-04-24 13:10:17,Signal Acquired,15.375585,73.925908,0.5,-1.05,9.71,-0.0,0.09,0.01,NO
,,,,,,,,,,,,,,,,,,,,,,,,,,,,,,,,,,,,,,,,,,,,,,,,,,,,,,,,,,,,,,,,,,,,,,,,,,,,,,,,,,,,,,,,,,,,,,,,,,,,,,,,,2025-04-24 13:10:19,Signal Acquired,15.375585,73.925908,1.12,-1.55,9.5,-0.06,0.1,0.03,NO
,,,,,,,,,,,,,,,,,,,,,,,,,,,,,,,,,,,,,,,,,,,,,,,,,,,,,,,,,,,,,,,,,,,,,,,,,,,,,,,,,,,,,,,,,,,,,,,,,,,,,,,,,2025-04-24 13:10:19,Signal Acquired,15.375669,73.925887,2.27,-1.12,9.23,-0.03,0.06,-0.0,NO
,,,,,,,,,,,,,,,,,,,,,,,,,,,,,,,,,,,,,,,,,,,,,,,,,,,,,,,,,,,,,,,,,,,,,,,,,,,,,,,,,,,,,,,,,,,,,,,,,,,,,,,,,2025-04-24 13:10:19,Signal Acquired,15.375669,73.925887,1.21,-1.57,9.9,-0.01,0.03,0.01,NO
,,,,,,,,,,,,,,,,,,,,,,,,,,,,,,,,,,,,,,,,,,,,,,,,,,,,,,,,,,,,,,,,,,,,,,,,,,,,,,,,,,,,,,,,,,,,,,,,,,,,,,,,,2025-04-24 13:10:21,Signal Acquired,15.375719,73.925871,1.7,-0.96,9.26,-0.03,0.05,0.01,NO
,,,,,,,,,,,,,,,,,,,,,,,,,,,,,,,,,,,,,,,,,,,,,,,,,,,,,,,,,,,,,,,,,,,,,,,,,,,,,,,,,,,,,,,,,,,,,,,,,,,,,,,,,2025-04-24 13:10:21,Signal Acquired,15.375719,73.925871,2.04,-0.42,9.09,-0.01,0.02,0.03,NO
,,,,,,,,,,,,,,,,,,,,,,,,,,,,,,,,,,,,,,,,,,,,,,,,,,,,,,,,,,,,,,,,,,,,,,,,,,,,,,,,,,,,,,,,,,,,,,,,,,,,,,,,,2025-04-24 13:10:21,Signal Acquired,15.37576,73.925864,1.73,0.36,8.64,-0.04,0.04,-0.0,NO
,,,,,,,,,,,,,,,,,,,,,,,,,,,,,,,,,,,,,,,,,,,,,,,,,,,,,,,,,,,,,,,,,,,,,,,,,,,,,,,,,,,,,,,,,,,,,,,,,,,,,,,,,2025-04-24 13:10:24,Signal Acquired,15.37576,73.925864,1.59,0.98,9.25,-0.02,0.02,0.0,NO
,,,,,,,,,,,,,,,,,,,,,,,,,,,,,,,,,,,,,,,,,,,,,,,,,,,,,,,,,,,,,,,,,,,,,,,,,,,,,,,,,,,,,,,,,,,,,,,,,,,,,,,,,2025-04-24 13:10:24,Signal Acquired,15.375783,73.92586,1.81,1.23,8.88,-0.01,0.02,0.0,NO
,,,,,,,,,,,,,,,,,,,,,,,,,,,,,,,,,,,,,,,,,,,,,,,,,,,,,,,,,,,,,,,,,,,,,,,,,,,,,,,,,,,,,,,,,,,,,,,,,,,,,,,,,2025-04-24 13:10:24,Signal Acquired,15.375783,73.92586,1.47,1.09,9.27,-0.01,0.01,0.0,NO
,,,,,,,,,,,,,,,,,,,,,,,,,,,,,,,,,,,,,,,,,,,,,,,,,,,,,,,,,,,,,,,,,,,,,,,,,,,,,,,,,,,,,,,,,,,,,,,,,,,,,,,,,2025-04-24 13:10:26,Signal Acquired,15.375796,73.925857,1.79,1.0,9.09,-0.02,0.06,-0.01,NO
,,,,,,,,,,,,,,,,,,,,,,,,,,,,,,,,,,,,,,,,,,,,,,,,,,,,,,,,,,,,,,,,,,,,,,,,,,,,,,,,,,,,,,,,,,,,,,,,,,,,,,,,,2025-04-24 13:10:26,Signal Acquired,15.375796,73.925857,2.02,1.17,8.95,0.01,-0.0,-0.01,NO
,,,,,,,,,,,,,,,,,,,,,,,,,,,,,,,,,,,,,,,,,,,,,,,,,,,,,,,,,,,,,,,,,,,,,,,,,,,,,,,,,,,,,,,,,,,,,,,,,,,,,,,,,2025-04-24 13:10:26,Signal Acquired,15.375808,73.925855,1.53,0.56,9.23,-0.04,0.04,0.0,NO
,,,,,,,,,,,,,,,,,,,,,,,,,,,,,,,,,,,,,,,,,,,,,,,,,,,,,,,,,,,,,,,,,,,,,,,,,,,,,,,,,,,,,,,,,,,,,,,,,,,,,,,,,2025-04-24 13:10:28,Signal Acquired,15.375808,73.925855,2.09,1.52,9.03,-0.01,0.01,-0.0,NO
,,,,,,,,,,,,,,,,,,,,,,,,,,,,,,,,,,,,,,,,,,,,,,,,,,,,,,,,,,,,,,,,,,,,,,,,,,,,,,,,,,,,,,,,,,,,,,,,,,,,,,,,,2025-04-24 13:10:28,Signal Acquired,15.375787,73.925857,1.91,1.37,9.11,-0.03,0.03,0.0,NO
,,,,,,,,,,,,,,,,,,,,,,,,,,,,,,,,,,,,,,,,,,,,,,,,,,,,,,,,,,,,,,,,,,,,,,,,,,,,,,,,,,,,,,,,,,,,,,,,,,,,,,,,,2025-04-24 13:10:28,Signal Acquired,15.375787,73.925857,2.05,1.56,8.96,-0.01,0.01,-0.0,NO
,,,,,,,,,,,,,,,,,,,,,,,,,,,,,,,,,,,,,,,,,,,,,,,,,,,,,,,,,,,,,,,,,,,,,,,,,,,,,,,,,,,,,,,,,,,,,,,,,,,,,,,,,2025-04-24 13:10:30,Signal Acquired,15.375791,73.925856,1.88,1.36,9.02,-0.03,0.03,0.0,NO
,,,,,,,,,,,,,,,,,,,,,,,,,,,,,,,,,,,,,,,,,,,,,,,,,,,,,,,,,,,,,,,,,,,,,,,,,,,,,,,,,,,,,,,,,,,,,,,,,,,,,,,,,2025-04-24 13:10:30,Signal Acquired,15.375791,73.925856,2.14,1.47,8.92,-0.02,0.02,-0.0,NO
,,,,,,,,,,,,,,,,,,,,,,,,,,,,,,,,,,,,,,,,,,,,,,,,,,,,,,,,,,,,,,,,,,,,,,,,,,,,,,,,,,,,,,,,,,,,,,,,,,,,,,,,,2025-04-24 13:10:30,Signal Acquired,15.375796,73.925858,1.75,1.32,9.11,-0.02,0.02,-0.01,NO
,,,,,,,,,,,,,,,,,,,,,,,,,,,,,,,,,,,,,,,,,,,,,,,,,,,,,,,,,,,,,,,,,,,,,,,,,,,,,,,,,,,,,,,,,,,,,,,,,,,,,,,,,2025-04-24 13:10:33,Signal Acquired,15.375796,73.925858,3.34,0.88,8.91,-0.14,0.14,-0.63,NO
,,,,,,,,,,,,,,,,,,,,,,,,,,,,,,,,,,,,,,,,,,,,,,,,,,,,,,,,,,,,,,,,,,,,,,,,,,,,,,,,,,,,,,,,,,,,,,,,,,,,,,,,,2025-04-24 13:10:33,Signal Acquired,15.375803,73.925859,1.19,1.14,9.08,-0.01,-0.01,-0.29,NO
,,,,,,,,,,,,,,,,,,,,,,,,,,,,,,,,,,,,,,,,,,,,,,,,,,,,,,,,,,,,,,,,,,,,,,,,,,,,,,,,,,,,,,,,,,,,,,,,,,,,,,,,,2025-04-24 13:10:33,Signal Acquired,15.375803,73.925859,1.73,1.31,9.0,-0.01,0.03,-0.01,NO
,,,,,,,,,,,,,,,,,,,,,,,,,,,,,,,,,,,,,,,,,,,,,,,,,,,,,,,,,,,,,,,,,,,,,,,,,,,,,,,,,,,,,,,,,,,,,,,,,,,,,,,,,2025-04-24 13:10:35,Signal Acquired,15.375795,73.925862,1.75,1.32,9.06,-0.02,0.02,-0.0,NO
,,,,,,,,,,,,,,,,,,,,,,,,,,,,,,,,,,,,,,,,,,,,,,,,,,,,,,,,,,,,,,,,,,,,,,,,,,,,,,,,,,,,,,,,,,,,,,,,,,,,,,,,,2025-04-24 13:10:35,Signal Acquired,15.375795,73.925862,1.76,1.16,9.05,-0.02,0.02,-0.0,NO
,,,,,,,,,,,,,,,,,,,,,,,,,,,,,,,,,,,,,,,,,,,,,,,,,,,,,,,,,,,,,,,,,,,,,,,,,,,,,,,,,,,,,,,,,,,,,,,,,,,,,,,,,2025-04-24 13:10:35,Signal Acquired,15.375791,73.92586,1.62,1.26,9.05,-0.01,0.02,-0.0,NO
,,,,,,,,,,,,,,,,,,,,,,,,,,,,,,,,,,,,,,,,,,,,,,,,,,,,,,,,,,,,,,,,,,,,,,,,,,,,,,,,,,,,,,,,,,,,,,,,,,,,,,,,,2025-04-24 13:10:37,Signal Acquired,15.375791,73.92586,1.84,1.29,9.04,-0.02,0.03,-0.0,NO
,,,,,,,,,,,,,,,,,,,,,,,,,,,,,,,,,,,,,,,,,,,,,,,,,,,,,,,,,,,,,,,,,,,,,,,,,,,,,,,,,,,,,,,,,,,,,,,,,,,,,,,,,2025-04-24 13:10:37,Signal Acquired,15.375791,73.92586,1.55,1.05,9.11,-0.02,0.01,0.0,DETECTED
,,,,,,,,,,,,,,,,,,,,,,,,,,,,,,,,,,,,,,,,,,,,,,,,,,,,,,,,,,,,,,,,,,,,,,,,,,,,,,,,,,,,,,,,,,,,,,,,,,,,,,,,,2025-04-24 13:10:37,Signal Acquired,15.375791,73.92586,1.93,1.35,8.88,-0.0,0.03,-0.0,NO
,,,,,,,,,,,,,,,,,,,,,,,,,,,,,,,,,,,,,,,,,,,,,,,,,,,,,,,,,,,,,,,,,,,,,,,,,,,,,,,,,,,,,,,,,,,,,,,,,,,,,,,,,2025-04-24 13:10:39,Signal Acquired,15.375791,73.92586,1.49,1.18,9.08,-0.02,0.02,0.0,NO
,,,,,,,,,,,,,,,,,,,,,,,,,,,,,,,,,,,,,,,,,,,,,,,,,,,,,,,,,,,,,,,,,,,,,,,,,,,,,,,,,,,,,,,,,,,,,,,,,,,,,,,,,2025-04-24 13:10:39,Signal Acquired,15.375791,73.92586,1.88,1.27,9.03,-0.02,0.02,-0.0,NO
,,,,,,,,,,,,,,,,,,,,,,,,,,,,,,,,,,,,,,,,,,,,,,,,,,,,,,,,,,,,,,,,,,,,,,,,,,,,,,,,,,,,,,,,,,,,,,,,,,,,,,,,,2025-04-24 13:10:39,Signal Acquired,15.375791,73.92586,1.72,1.17,9.07,-0.02,0.01,-0.0,NO
,,,,,,,,,,,,,,,,,,,,,,,,,,,,,,,,,,,,,,,,,,,,,,,,,,,,,,,,,,,,,,,,,,,,,,,,,,,,,,,,,,,,,,,,,,,,,,,,,,,,,,,,,2025-04-24 13:10:41,Signal Acquired,15.375791,73.92586,1.74,1.19,9.0,-0.03,0.03,-0.0,NO
,,,,,,,,,,,,,,,,,,,,,,,,,,,,,,,,,,,,,,,,,,,,,,,,,,,,,,,,,,,,,,,,,,,,,,,,,,,,,,,,,,,,,,,,,,,,,,,,,,,,,,,,,2025-04-24 13:10:41,Signal Acquired,15.375791,73.92586,1.91,1.41,9.07,-0.01,0.01,-0.0,NO
,,,,,,,,,,,,,,,,,,,,,,,,,,,,,,,,,,,,,,,,,,,,,,,,,,,,,,,,,,,,,,,,,,,,,,,,,,,,,,,,,,,,,,,,,,,,,,,,,,,,,,,,,2025-04-24 13:10:41,Signal Acquired,15.375791,73.92586,1.26,1.74,9.27,0.01,-0.03,0.01,NO
,,,,,,,,,,,,,,,,,,,,,,,,,,,,,,,,,,,,,,,,,,,,,,,,,,,,,,,,,,,,,,,,,,,,,,,,,,,,,,,,,,,,,,,,,,,,,,,,,,,,,,,,,2025-04-24 13:10:44,Signal Acquired,15.375791,73.92586,1.76,1.66,9.1,-0.0,0.01,-0.0,NO
,,,,,,,,,,,,,,,,,,,,,,,,,,,,,,,,,,,,,,,,,,,,,,,,,,,,,,,,,,,,,,,,,,,,,,,,,,,,,,,,,,,,,,,,,,,,,,,,,,,,,,,,,2025-04-24 13:10:44,Signal Acquired,15.375791,73.92586,1.66,1.8,8.97,-0.02,0.04,-0.01,NO
,,,,,,,,,,,,,,,,,,,,,,,,,,,,,,,,,,,,,,,,,,,,,,,,,,,,,,,,,,,,,,,,,,,,,,,,,,,,,,,,,,,,,,,,,,,,,,,,,,,,,,,,,2025-04-24 13:10:44,Signal Acquired,15.375791,73.92586,1.77,0.99,9.04,-0.03,0.02,0.0,NO
,,,,,,,,,,,,,,,,,,,,,,,,,,,,,,,,,,,,,,,,,,,,,,,,,,,,,,,,,,,,,,,,,,,,,,,,,,,,,,,,,,,,,,,,,,,,,,,,,,,,,,,,,2025-04-24 13:10:46,Signal Acquired,15.375791,73.92586,1.58,0.91,9.1,-0.03,0.02,0.0,NO
,,,,,,,,,,,,,,,,,,,,,,,,,,,,,,,,,,,,,,,,,,,,,,,,,,,,,,,,,,,,,,,,,,,,,,,,,,,,,,,,,,,,,,,,,,,,,,,,,,,,,,,,,2025-04-24 13:10:46,Signal Acquired,15.375791,73.92586,1.79,1.16,9.02,-0.01,0.03,-0.01,NO
,,,,,,,,,,,,,,,,,,,,,,,,,,,,,,,,,,,,,,,,,,,,,,,,,,,,,,,,,,,,,,,,,,,,,,,,,,,,,,,,,,,,,,,,,,,,,,,,,,,,,,,,,2025-04-24 13:10:46,Signal Acquired,15.375791,73.92586,1.68,0.97,9.25,0.03,-0.01,0.01,NO
,,,,,,,,,,,,,,,,,,,,,,,,,,,,,,,,,,,,,,,,,,,,,,,,,,,,,,,,,,,,,,,,,,,,,,,,,,,,,,,,,,,,,,,,,,,,,,,,,,,,,,,,,2025-04-24 13:10:48,Signal Acquired,15.375791,73.92586,1.82,1.17,8.93,-0.02,0.02,-0.0,NO
,,,,,,,,,,,,,,,,,,,,,,,,,,,,,,,,,,,,,,,,,,,,,,,,,,,,,,,,,,,,,,,,,,,,,,,,,,,,,,,,,,,,,,,,,,,,,,,,,,,,,,,,,2025-04-24 13:10:48,Signal Acquired,15.375791,73.92586,1.92,1.03,9.0,-0.02,0.02,-0.0,NO
,,,,,,,,,,,,,,,,,,,,,,,,,,,,,,,,,,,,,,,,,,,,,,,,,,,,,,,,,,,,,,,,,,,,,,,,,,,,,,,,,,,,,,,,,,,,,,,,,,,,,,,,,2025-04-24 13:10:48,Signal Acquired,15.375791,73.92586,1.9,1.09,9.08,-0.02,0.03,-0.0,NO
,,,,,,,,,,,,,,,,,,,,,,,,,,,,,,,,,,,,,,,,,,,,,,,,,,,,,,,,,,,,,,,,,,,,,,,,,,,,,,,,,,,,,,,,,,,,,,,,,,,,,,,,,2025-04-24 13:10:50,Signal Acquired,15.375791,73.92586,1.64,1.09,9.04,-0.02,0.03,-0.0,NO
,,,,,,,,,,,,,,,,,,,,,,,,,,,,,,,,,,,,,,,,,,,,,,,,,,,,,,,,,,,,,,,,,,,,,,,,,,,,,,,,,,,,,,,,,,,,,,,,,,,,,,,,,2025-04-24 13:10:50,Signal Acquired,15.375791,73.92586,1.64,1.08,9.17,-0.02,0.02,-0.0,NO
,,,,,,,,,,,,,,,,,,,,,,,,,,,,,,,,,,,,,,,,,,,,,,,,,,,,,,,,,,,,,,,,,,,,,,,,,,,,,,,,,,,,,,,,,,,,,,,,,,,,,,,,,2025-04-24 13:10:50,Signal Acquired,15.375791,73.92586,1.84,1.34,9.02,-0.01,0.01,0.0,NO
,,,,,,,,,,,,,,,,,,,,,,,,,,,,,,,,,,,,,,,,,,,,,,,,,,,,,,,,,,,,,,,,,,,,,,,,,,,,,,,,,,,,,,,,,,,,,,,,,,,,,,,,,2025-04-24 13:10:53,Signal Acquired,15.375791,73.92586,1.55,1.14,9.03,-0.02,0.03,-0.0,NO
,,,,,,,,,,,,,,,,,,,,,,,,,,,,,,,,,,,,,,,,,,,,,,,,,,,,,,,,,,,,,,,,,,,,,,,,,,,,,,,,,,,,,,,,,,,,,,,,,,,,,,,,,2025-04-24 13:10:53,Signal Acquired,15.375791,73.92586,1.84,1.25,9.01,-0.02,0.02,-0.0,NO
,,,,,,,,,,,,,,,,,,,,,,,,,,,,,,,,,,,,,,,,,,,,,,,,,,,,,,,,,,,,,,,,,,,,,,,,,,,,,,,,,,,,,,,,,,,,,,,,,,,,,,,,,2025-04-24 13:10:53,Signal Acquired,15.375791,73.92586,1.56,1.13,9.11,-0.01,0.02,-0.0,NO
,,,,,,,,,,,,,,,,,,,,,,,,,,,,,,,,,,,,,,,,,,,,,,,,,,,,,,,,,,,,,,,,,,,,,,,,,,,,,,,,,,,,,,,,,,,,,,,,,,,,,,,,,2025-04-24 13:10:55,Signal Acquired,15.375791,73.92586,1.8,1.27,9.0,-0.03,0.03,-0.0,NO
,,,,,,,,,,,,,,,,,,,,,,,,,,,,,,,,,,,,,,,,,,,,,,,,,,,,,,,,,,,,,,,,,,,,,,,,,,,,,,,,,,,,,,,,,,,,,,,,,,,,,,,,,2025-04-24 13:10:55,Signal Acquired,15.375791,73.92586,1.56,1.1,9.16,-0.01,0.01,-0.0,NO
,,,,,,,,,,,,,,,,,,,,,,,,,,,,,,,,,,,,,,,,,,,,,,,,,,,,,,,,,,,,,,,,,,,,,,,,,,,,,,,,,,,,,,,,,,,,,,,,,,,,,,,,,2025-04-24 13:10:55,Signal Acquired,15.375791,73.92586,1.79,1.28,8.91,-0.02,0.02,-0.0,NO
,,,,,,,,,,,,,,,,,,,,,,,,,,,,,,,,,,,,,,,,,,,,,,,,,,,,,,,,,,,,,,,,,,,,,,,,,,,,,,,,,,,,,,,,,,,,,,,,,,,,,,,,,2025-04-24 13:10:57,Signal Acquired,15.375791,73.92586,1.64,1.14,9.05,-0.01,0.03,-0.0,NO
,,,,,,,,,,,,,,,,,,,,,,,,,,,,,,,,,,,,,,,,,,,,,,,,,,,,,,,,,,,,,,,,,,,,,,,,,,,,,,,,,,,,,,,,,,,,,,,,,,,,,,,,,2025-04-24 13:10:57,Signal Acquired,15.375791,73.92586,1.77,1.22,9.07,-0.02,0.02,-0.0,NO
,,,,,,,,,,,,,,,,,,,,,,,,,,,,,,,,,,,,,,,,,,,,,,,,,,,,,,,,,,,,,,,,,,,,,,,,,,,,,,,,,,,,,,,,,,,,,,,,,,,,,,,,,2025-04-24 13:10:57,Signal Acquired,15.375791,73.92586,1.57,1.21,9.02,-0.02,0.03,-0.0,NO
,,,,,,,,,,,,,,,,,,,,,,,,,,,,,,,,,,,,,,,,,,,,,,,,,,,,,,,,,,,,,,,,,,,,,,,,,,,,,,,,,,,,,,,,,,,,,,,,,,,,,,,,,2025-04-24 13:10:59,Signal Acquired,15.375791,73.92586,1.75,1.17,9.12,-0.01,0.01,0.0,NO
,,,,,,,,,,,,,,,,,,,,,,,,,,,,,,,,,,,,,,,,,,,,,,,,,,,,,,,,,,,,,,,,,,,,,,,,,,,,,,,,,,,,,,,,,,,,,,,,,,,,,,,,,2025-04-24 13:10:59,Signal Acquired,15.375791,73.92586,1.57,1.27,9.03,-0.03,0.03,-0.0,NO
,,,,,,,,,,,,,,,,,,,,,,,,,,,,,,,,,,,,,,,,,,,,,,,,,,,,,,,,,,,,,,,,,,,,,,,,,,,,,,,,,,,,,,,,,,,,,,,,,,,,,,,,,2025-04-24 13:10:59,Signal Acquired,15.375791,73.92586,1.87,1.21,9.05,-0.01,0.02,-0.0,NO
,,,,,,,,,,,,,,,,,,,,,,,,,,,,,,,,,,,,,,,,,,,,,,,,,,,,,,,,,,,,,,,,,,,,,,,,,,,,,,,,,,,,,,,,,,,,,,,,,,,,,,,,,2025-04-24 13:11:02,Signal Acquired,15.375791,73.92586,1.42,1.16,9.18,-0.03,0.03,-0.0,NO
,,,,,,,,,,,,,,,,,,,,,,,,,,,,,,,,,,,,,,,,,,,,,,,,,,,,,,,,,,,,,,,,,,,,,,,,,,,,,,,,,,,,,,,,,,,,,,,,,,,,,,,,,2025-04-24 13:11:02,Signal Acquired,15.375791,73.92586,1.85,1.38,8.91,-0.01,0.02,-0.0,NO
,,,,,,,,,,,,,,,,,,,,,,,,,,,,,,,,,,,,,,,,,,,,,,,,,,,,,,,,,,,,,,,,,,,,,,,,,,,,,,,,,,,,,,,,,,,,,,,,,,,,,,,,,2025-04-24 13:11:02,Signal Acquired,15.375791,73.92586,1.56,0.98,9.2,-0.02,0.02,0.0,NO
,,,,,,,,,,,,,,,,,,,,,,,,,,,,,,,,,,,,,,,,,,,,,,,,,,,,,,,,,,,,,,,,,,,,,,,,,,,,,,,,,,,,,,,,,,,,,,,,,,,,,,,,,2025-04-24 13:11:04,Signal Acquired,15.375791,73.92586,1.77,1.47,9.04,-0.01,0.02,-0.0,NO
,,,,,,,,,,,,,,,,,,,,,,,,,,,,,,,,,,,,,,,,,,,,,,,,,,,,,,,,,,,,,,,,,,,,,,,,,,,,,,,,,,,,,,,,,,,,,,,,,,,,,,,,,2025-04-24 13:11:04,Signal Acquired,15.375791,73.92586,1.6,1.01,9.1,-0.02,0.02,-0.0,NO
,,,,,,,,,,,,,,,,,,,,,,,,,,,,,,,,,,,,,,,,,,,,,,,,,,,,,,,,,,,,,,,,,,,,,,,,,,,,,,,,,,,,,,,,,,,,,,,,,,,,,,,,,2025-04-24 13:11:04,Signal Acquired,15.375791,73.92586,1.75,1.35,9.04,-0.02,0.02,-0.0,NO
,,,,,,,,,,,,,,,,,,,,,,,,,,,,,,,,,,,,,,,,,,,,,,,,,,,,,,,,,,,,,,,,,,,,,,,,,,,,,,,,,,,,,,,,,,,,,,,,,,,,,,,,,2025-04-24 13:11:06,Signal Acquired,15.375791,73.92586,1.63,1.09,8.99,-0.02,0.02,-0.0,NO
,,,,,,,,,,,,,,,,,,,,,,,,,,,,,,,,,,,,,,,,,,,,,,,,,,,,,,,,,,,,,,,,,,,,,,,,,,,,,,,,,,,,,,,,,,,,,,,,,,,,,,,,,2025-04-24 13:11:06,Signal Acquired,15.375791,73.92586,1.81,1.3,9.05,-0.02,0.02,-0.0,NO
,,,,,,,,,,,,,,,,,,,,,,,,,,,,,,,,,,,,,,,,,,,,,,,,,,,,,,,,,,,,,,,,,,,,,,,,,,,,,,,,,,,,,,,,,,,,,,,,,,,,,,,,,2025-04-24 13:11:06,Signal Acquired,15.375791,73.92586,1.54,1.18,9.09,-0.01,0.02,-0.0,NO
,,,,,,,,,,,,,,,,,,,,,,,,,,,,,,,,,,,,,,,,,,,,,,,,,,,,,,,,,,,,,,,,,,,,,,,,,,,,,,,,,,,,,,,,,,,,,,,,,,,,,,,,,2025-04-24 13:11:08,Signal Acquired,15.375791,73.92586,1.9,1.19,8.99,-0.02,0.02,-0.0,NO
,,,,,,,,,,,,,,,,,,,,,,,,,,,,,,,,,,,,,,,,,,,,,,,,,,,,,,,,,,,,,,,,,,,,,,,,,,,,,,,,,,,,,,,,,,,,,,,,,,,,,,,,,2025-04-24 13:11:08,Signal Acquired,15.375791,73.92586,1.56,1.21,9.15,-0.02,0.02,-0.0,NO
,,,,,,,,,,,,,,,,,,,,,,,,,,,,,,,,,,,,,,,,,,,,,,,,,,,,,,,,,,,,,,,,,,,,,,,,,,,,,,,,,,,,,,,,,,,,,,,,,,,,,,,,,2025-04-24 13:11:08,Signal Acquired,15.375791,73.92586,1.84,1.3,8.96,-0.01,0.02,0.0,NO
,,,,,,,,,,,,,,,,,,,,,,,,,,,,,,,,,,,,,,,,,,,,,,,,,,,,,,,,,,,,,,,,,,,,,,,,,,,,,,,,,,,,,,,,,,,,,,,,,,,,,,,,,2025-04-24 13:11:10,Signal Acquired,15.375791,73.92586,1.54,1.18,9.01,-0.02,0.02,-0.0,NO
,,,,,,,,,,,,,,,,,,,,,,,,,,,,,,,,,,,,,,,,,,,,,,,,,,,,,,,,,,,,,,,,,,,,,,,,,,,,,,,,,,,,,,,,,,,,,,,,,,,,,,,,,2025-04-24 13:11:10,Signal Acquired,15.375791,73.92586,1.73,1.41,9.06,-0.01,0.02,-0.0,NO
,,,,,,,,,,,,,,,,,,,,,,,,,,,,,,,,,,,,,,,,,,,,,,,,,,,,,,,,,,,,,,,,,,,,,,,,,,,,,,,,,,,,,,,,,,,,,,,,,,,,,,,,,2025-04-24 13:11:10,Signal Acquired,15.375791,73.92586,1.59,1.03,9.06,-0.02,0.02,0.0,NO
,,,,,,,,,,,,,,,,,,,,,,,,,,,,,,,,,,,,,,,,,,,,,,,,,,,,,,,,,,,,,,,,,,,,,,,,,,,,,,,,,,,,,,,,,,,,,,,,,,,,,,,,,2025-04-24 13:11:13,Signal Acquired,15.375791,73.92586,1.83,1.19,8.99,-0.01,0.02,-0.0,NO
,,,,,,,,,,,,,,,,,,,,,,,,,,,,,,,,,,,,,,,,,,,,,,,,,,,,,,,,,,,,,,,,,,,,,,,,,,,,,,,,,,,,,,,,,,,,,,,,,,,,,,,,,2025-04-24 13:11:13,Signal Acquired,15.375486,73.9259,1.47,0.97,9.12,-0.02,0.02,0.0,NO
,,,,,,,,,,,,,,,,,,,,,,,,,,,,,,,,,,,,,,,,,,,,,,,,,,,,,,,,,,,,,,,,,,,,,,,,,,,,,,,,,,,,,,,,,,,,,,,,,,,,,,,,,2025-04-24 13:11:13,Signal Acquired,15.375486,73.9259,1.87,1.14,8.94,-0.02,0.02,-0.0,NO
,,,,,,,,,,,,,,,,,,,,,,,,,,,,,,,,,,,,,,,,,,,,,,,,,,,,,,,,,,,,,,,,,,,,,,,,,,,,,,,,,,,,,,,,,,,,,,,,,,,,,,,,,2025-04-24 13:11:15,Signal Acquired,15.375456,73.925902,1.52,0.95,9.12,-0.03,0.02,0.0,NO
,,,,,,,,,,,,,,,,,,,,,,,,,,,,,,,,,,,,,,,,,,,,,,,,,,,,,,,,,,,,,,,,,,,,,,,,,,,,,,,,,,,,,,,,,,,,,,,,,,,,,,,,,2025-04-24 13:11:15,Signal Acquired,15.375456,73.925902,1.81,1.21,9.0,-0.02,0.01,0.0,NO
,,,,,,,,,,,,,,,,,,,,,,,,,,,,,,,,,,,,,,,,,,,,,,,,,,,,,,,,,,,,,,,,,,,,,,,,,,,,,,,,,,,,,,,,,,,,,,,,,,,,,,,,,2025-04-24 13:11:15,Signal Acquired,15.375445,73.925903,1.53,1.03,9.04,-0.03,0.02,-0.0,NO
,,,,,,,,,,,,,,,,,,,,,,,,,,,,,,,,,,,,,,,,,,,,,,,,,,,,,,,,,,,,,,,,,,,,,,,,,,,,,,,,,,,,,,,,,,,,,,,,,,,,,,,,,2025-04-24 13:11:17,Signal Acquired,15.375445,73.925903,1.84,1.34,8.97,-0.02,0.02,-0.0,NO
,,,,,,,,,,,,,,,,,,,,,,,,,,,,,,,,,,,,,,,,,,,,,,,,,,,,,,,,,,,,,,,,,,,,,,,,,,,,,,,,,,,,,,,,,,,,,,,,,,,,,,,,,2025-04-24 13:11:17,Signal Acquired,15.375438,73.925905,1.61,0.89,9.08,-0.03,0.02,0.0,NO
,,,,,,,,,,,,,,,,,,,,,,,,,,,,,,,,,,,,,,,,,,,,,,,,,,,,,,,,,,,,,,,,,,,,,,,,,,,,,,,,,,,,,,,,,,,,,,,,,,,,,,,,,2025-04-24 13:11:17,Signal Acquired,15.375438,73.925905,1.88,1.12,9.03,-0.01,0.01,-0.0,NO
,,,,,,,,,,,,,,,,,,,,,,,,,,,,,,,,,,,,,,,,,,,,,,,,,,,,,,,,,,,,,,,,,,,,,,,,,,,,,,,,,,,,,,,,,,,,,,,,,,,,,,,,,2025-04-24 13:11:19,Signal Acquired,15.375431,73.925907,1.64,1.21,9.05,-0.01,0.03,-0.0,NO
,,,,,,,,,,,,,,,,,,,,,,,,,,,,,,,,,,,,,,,,,,,,,,,,,,,,,,,,,,,,,,,,,,,,,,,,,,,,,,,,,,,,,,,,,,,,,,,,,,,,,,,,,2025-04-24 13:11:19,Signal Acquired,15.375431,73.925907,1.84,1.34,9.01,-0.0,0.02,-0.0,NO
,,,,,,,,,,,,,,,,,,,,,,,,,,,,,,,,,,,,,,,,,,,,,,,,,,,,,,,,,,,,,,,,,,,,,,,,,,,,,,,,,,,,,,,,,,,,,,,,,,,,,,,,,2025-04-24 13:11:19,Signal Acquired,15.375429,73.925908,1.62,1.4,9.13,-0.02,0.03,-0.0,NO
,,,,,,,,,,,,,,,,,,,,,,,,,,,,,,,,,,,,,,,,,,,,,,,,,,,,,,,,,,,,,,,,,,,,,,,,,,,,,,,,,,,,,,,,,,,,,,,,,,,,,,,,,2025-04-24 13:11:22,Signal Acquired,15.375429,73.925908,1.68,1.32,9.04,-0.02,0.01,0.0,NO
,,,,,,,,,,,,,,,,,,,,,,,,,,,,,,,,,,,,,,,,,,,,,,,,,,,,,,,,,,,,,,,,,,,,,,,,,,,,,,,,,,,,,,,,,,,,,,,,,,,,,,,,,2025-04-24 13:11:22,Signal Acquired,15.375427,73.925909,1.69,1.09,9.1,-0.03,0.03,-0.0,NO
,,,,,,,,,,,,,,,,,,,,,,,,,,,,,,,,,,,,,,,,,,,,,,,,,,,,,,,,,,,,,,,,,,,,,,,,,,,,,,,,,,,,,,,,,,,,,,,,,,,,,,,,,2025-04-24 13:11:22,Signal Acquired,15.375427,73.925909,1.79,1.07,9.12,-0.01,0.01,0.0,NO
,,,,,,,,,,,,,,,,,,,,,,,,,,,,,,,,,,,,,,,,,,,,,,,,,,,,,,,,,,,,,,,,,,,,,,,,,,,,,,,,,,,,,,,,,,,,,,,,,,,,,,,,,2025-04-24 13:11:24,Signal Acquired,15.375426,73.92591,1.62,1.02,9.13,-0.02,0.03,-0.0,NO
,,,,,,,,,,,,,,,,,,,,,,,,,,,,,,,,,,,,,,,,,,,,,,,,,,,,,,,,,,,,,,,,,,,,,,,,,,,,,,,,,,,,,,,,,,,,,,,,,,,,,,,,,2025-04-24 13:11:24,Signal Acquired,15.375426,73.92591,1.76,1.41,9.03,-0.0,0.01,-0.0,NO
,,,,,,,,,,,,,,,,,,,,,,,,,,,,,,,,,,,,,,,,,,,,,,,,,,,,,,,,,,,,,,,,,,,,,,,,,,,,,,,,,,,,,,,,,,,,,,,,,,,,,,,,,2025-04-24 13:11:24,Signal Acquired,15.375425,73.925911,1.44,1.17,9.13,-0.03,0.03,0.0,NO
,,,,,,,,,,,,,,,,,,,,,,,,,,,,,,,,,,,,,,,,,,,,,,,,,,,,,,,,,,,,,,,,,,,,,,,,,,,,,,,,,,,,,,,,,,,,,,,,,,,,,,,,,2025-04-24 13:11:26,Signal Acquired,15.375425,73.925911,1.86,1.19,9.0,-0.01,0.02,0.0,NO
,,,,,,,,,,,,,,,,,,,,,,,,,,,,,,,,,,,,,,,,,,,,,,,,,,,,,,,,,,,,,,,,,,,,,,,,,,,,,,,,,,,,,,,,,,,,,,,,,,,,,,,,,2025-04-24 13:11:26,Signal Acquired,15.375423,73.925912,1.47,1.32,9.08,-0.02,0.02,0.0,NO
,,,,,,,,,,,,,,,,,,,,,,,,,,,,,,,,,,,,,,,,,,,,,,,,,,,,,,,,,,,,,,,,,,,,,,,,,,,,,,,,,,,,,,,,,,,,,,,,,,,,,,,,,2025-04-24 13:11:26,Signal Acquired,15.375423,73.925912,1.84,1.08,8.99,-0.02,0.01,0.0,NO
,,,,,,,,,,,,,,,,,,,,,,,,,,,,,,,,,,,,,,,,,,,,,,,,,,,,,,,,,,,,,,,,,,,,,,,,,,,,,,,,,,,,,,,,,,,,,,,,,,,,,,,,,2025-04-24 13:11:28,Signal Acquired,15.375422,73.925914,1.52,1.21,9.05,-0.01,0.02,-0.0,NO
,,,,,,,,,,,,,,,,,,,,,,,,,,,,,,,,,,,,,,,,,,,,,,,,,,,,,,,,,,,,,,,,,,,,,,,,,,,,,,,,,,,,,,,,,,,,,,,,,,,,,,,,,2025-04-24 13:11:28,Signal Acquired,15.375422,73.925914,1.88,1.32,9.02,-0.03,0.02,0.0,NO
,,,,,,,,,,,,,,,,,,,,,,,,,,,,,,,,,,,,,,,,,,,,,,,,,,,,,,,,,,,,,,,,,,,,,,,,,,,,,,,,,,,,,,,,,,,,,,,,,,,,,,,,,2025-04-24 13:11:28,Signal Acquired,15.375421,73.925917,1.61,1.0,9.02,-0.01,0.02,-0.0,NO
,,,,,,,,,,,,,,,,,,,,,,,,,,,,,,,,,,,,,,,,,,,,,,,,,,,,,,,,,,,,,,,,,,,,,,,,,,,,,,,,,,,,,,,,,,,,,,,,,,,,,,,,,2025-04-24 13:11:31,Signal Acquired,15.375421,73.925917,1.85,1.48,8.96,-0.01,0.02,-0.0,NO
,,,,,,,,,,,,,,,,,,,,,,,,,,,,,,,,,,,,,,,,,,,,,,,,,,,,,,,,,,,,,,,,,,,,,,,,,,,,,,,,,,,,,,,,,,,,,,,,,,,,,,,,,2025-04-24 13:11:31,Signal Acquired,15.375422,73.925917,1.52,0.93,9.04,-0.02,0.02,0.0,NO
,,,,,,,,,,,,,,,,,,,,,,,,,,,,,,,,,,,,,,,,,,,,,,,,,,,,,,,,,,,,,,,,,,,,,,,,,,,,,,,,,,,,,,,,,,,,,,,,,,,,,,,,,2025-04-24 13:11:31,Signal Acquired,15.375422,73.925917,1.83,1.42,8.98,-0.01,0.02,-0.0,NO
,,,,,,,,,,,,,,,,,,,,,,,,,,,,,,,,,,,,,,,,,,,,,,,,,,,,,,,,,,,,,,,,,,,,,,,,,,,,,,,,,,,,,,,,,,,,,,,,,,,,,,,,,2025-04-24 13:11:33,Signal Acquired,15.375421,73.925918,1.6,1.02,9.12,-0.03,0.02,0.0,NO
,,,,,,,,,,,,,,,,,,,,,,,,,,,,,,,,,,,,,,,,,,,,,,,,,,,,,,,,,,,,,,,,,,,,,,,,,,,,,,,,,,,,,,,,,,,,,,,,,,,,,,,,,2025-04-24 13:11:33,Signal Acquired,15.375421,73.925918,1.84,1.24,9.03,-0.01,0.02,-0.0,NO
,,,,,,,,,,,,,,,,,,,,,,,,,,,,,,,,,,,,,,,,,,,,,,,,,,,,,,,,,,,,,,,,,,,,,,,,,,,,,,,,,,,,,,,,,,,,,,,,,,,,,,,,,2025-04-24 13:11:33,Signal Acquired,15.37542,73.925919,1.49,1.31,9.03,-0.02,0.02,-0.0,NO
,,,,,,,,,,,,,,,,,,,,,,,,,,,,,,,,,,,,,,,,,,,,,,,,,,,,,,,,,,,,,,,,,,,,,,,,,,,,,,,,,,,,,,,,,,,,,,,,,,,,,,,,,2025-04-24 13:11:35,Signal Acquired,15.37542,73.925919,1.78,1.12,9.1,-0.03,0.03,-0.0,NO
,,,,,,,,,,,,,,,,,,,,,,,,,,,,,,,,,,,,,,,,,,,,,,,,,,,,,,,,,,,,,,,,,,,,,,,,,,,,,,,,,,,,,,,,,,,,,,,,,,,,,,,,,2025-04-24 13:11:35,Signal Acquired,15.375421,73.925918,1.52,1.26,9.12,-0.01,0.01,-0.0,NO
,,,,,,,,,,,,,,,,,,,,,,,,,,,,,,,,,,,,,,,,,,,,,,,,,,,,,,,,,,,,,,,,,,,,,,,,,,,,,,,,,,,,,,,,,,,,,,,,,,,,,,,,,2025-04-24 13:11:35,Signal Acquired,15.375421,73.925918,1.83,1.29,9.03,-0.03,0.02,-0.0,NO
,,,,,,,,,,,,,,,,,,,,,,,,,,,,,,,,,,,,,,,,,,,,,,,,,,,,,,,,,,,,,,,,,,,,,,,,,,,,,,,,,,,,,,,,,,,,,,,,,,,,,,,,,2025-04-24 13:11:37,Signal Acquired,15.375421,73.925918,1.41,1.06,9.15,-0.01,0.02,-0.0,NO
,,,,,,,,,,,,,,,,,,,,,,,,,,,,,,,,,,,,,,,,,,,,,,,,,,,,,,,,,,,,,,,,,,,,,,,,,,,,,,,,,,,,,,,,,,,,,,,,,,,,,,,,,2025-04-24 13:11:37,Signal Acquired,15.375421,73.925918,1.75,1.47,8.97,-0.01,0.02,-0.0,NO
,,,,,,,,,,,,,,,,,,,,,,,,,,,,,,,,,,,,,,,,,,,,,,,,,,,,,,,,,,,,,,,,,,,,,,,,,,,,,,,,,,,,,,,,,,,,,,,,,,,,,,,,,2025-04-24 13:11:37,Signal Acquired,15.375421,73.925917,1.67,0.97,9.17,-0.03,0.03,0.0,NO
,,,,,,,,,,,,,,,,,,,,,,,,,,,,,,,,,,,,,,,,,,,,,,,,,,,,,,,,,,,,,,,,,,,,,,,,,,,,,,,,,,,,,,,,,,,,,,,,,,,,,,,,,2025-04-24 13:11:39,Signal Acquired,15.375421,73.925917,1.61,1.39,9.06,-0.0,0.01,0.0,NO
,,,,,,,,,,,,,,,,,,,,,,,,,,,,,,,,,,,,,,,,,,,,,,,,,,,,,,,,,,,,,,,,,,,,,,,,,,,,,,,,,,,,,,,,,,,,,,,,,,,,,,,,,2025-04-24 13:11:39,Signal Acquired,15.375421,73.925917,1.72,1.17,9.02,-0.03,0.03,0.0,NO
,,,,,,,,,,,,,,,,,,,,,,,,,,,,,,,,,,,,,,,,,,,,,,,,,,,,,,,,,,,,,,,,,,,,,,,,,,,,,,,,,,,,,,,,,,,,,,,,,,,,,,,,,2025-04-24 13:11:39,Signal Acquired,15.375421,73.925917,1.65,1.15,9.22,-0.0,0.01,0.0,NO
,,,,,,,,,,,,,,,,,,,,,,,,,,,,,,,,,,,,,,,,,,,,,,,,,,,,,,,,,,,,,,,,,,,,,,,,,,,,,,,,,,,,,,,,,,,,,,,,,,,,,,,,,2025-04-24 13:11:42,Signal Acquired,15.375422,73.925917,1.76,1.45,8.96,-0.03,0.03,-0.0,NO
,,,,,,,,,,,,,,,,,,,,,,,,,,,,,,,,,,,,,,,,,,,,,,,,,,,,,,,,,,,,,,,,,,,,,,,,,,,,,,,,,,,,,,,,,,,,,,,,,,,,,,,,,2025-04-24 13:11:42,Signal Acquired,15.375422,73.925917,1.75,1.01,9.18,-0.02,0.01,0.0,NO
,,,,,,,,,,,,,,,,,,,,,,,,,,,,,,,,,,,,,,,,,,,,,,,,,,,,,,,,,,,,,,,,,,,,,,,,,,,,,,,,,,,,,,,,,,,,,,,,,,,,,,,,,2025-04-24 13:11:42,Signal Acquired,15.375421,73.925917,1.74,1.38,9.05,-0.01,0.03,-0.0,NO
,,,,,,,,,,,,,,,,,,,,,,,,,,,,,,,,,,,,,,,,,,,,,,,,,,,,,,,,,,,,,,,,,,,,,,,,,,,,,,,,,,,,,,,,,,,,,,,,,,,,,,,,,2025-04-24 13:11:44,Signal Acquired,15.375421,73.925917,1.81,1.23,9.1,-0.02,0.02,0.0,NO
,,,,,,,,,,,,,,,,,,,,,,,,,,,,,,,,,,,,,,,,,,,,,,,,,,,,,,,,,,,,,,,,,,,,,,,,,,,,,,,,,,,,,,,,,,,,,,,,,,,,,,,,,2025-04-24 13:11:44,Signal Acquired,15.375421,73.925917,1.72,1.12,9.12,-0.01,0.03,-0.0,NO
,,,,,,,,,,,,,,,,,,,,,,,,,,,,,,,,,,,,,,,,,,,,,,,,,,,,,,,,,,,,,,,,,,,,,,,,,,,,,,,,,,,,,,,,,,,,,,,,,,,,,,,,,2025-04-24 13:11:44,Signal Acquired,15.375421,73.925917,1.75,1.42,9.05,-0.01,0.02,0.0,NO
,,,,,,,,,,,,,,,,,,,,,,,,,,,,,,,,,,,,,,,,,,,,,,,,,,,,,,,,,,,,,,,,,,,,,,,,,,,,,,,,,,,,,,,,,,,,,,,,,,,,,,,,,2025-04-24 13:11:46,Signal Acquired,15.375421,73.925916,1.73,0.96,9.05,-0.03,0.03,0.0,NO
,,,,,,,,,,,,,,,,,,,,,,,,,,,,,,,,,,,,,,,,,,,,,,,,,,,,,,,,,,,,,,,,,,,,,,,,,,,,,,,,,,,,,,,,,,,,,,,,,,,,,,,,,2025-04-24 13:11:46,Signal Acquired,15.375421,73.925916,1.65,1.34,9.16,-0.0,0.01,0.0,NO
,,,,,,,,,,,,,,,,,,,,,,,,,,,,,,,,,,,,,,,,,,,,,,,,,,,,,,,,,,,,,,,,,,,,,,,,,,,,,,,,,,,,,,,,,,,,,,,,,,,,,,,,,2025-04-24 13:11:46,Signal Acquired,15.375422,73.925915,1.72,1.17,9.07,-0.03,0.03,0.0,NO
,,,,,,,,,,,,,,,,,,,,,,,,,,,,,,,,,,,,,,,,,,,,,,,,,,,,,,,,,,,,,,,,,,,,,,,,,,,,,,,,,,,,,,,,,,,,,,,,,,,,,,,,,2025-04-24 13:11:48,Signal Acquired,15.375422,73.925915,1.68,1.13,9.17,-0.01,0.01,-0.0,NO
,,,,,,,,,,,,,,,,,,,,,,,,,,,,,,,,,,,,,,,,,,,,,,,,,,,,,,,,,,,,,,,,,,,,,,,,,,,,,,,,,,,,,,,,,,,,,,,,,,,,,,,,,2025-04-24 13:11:48,Signal Acquired,15.375423,73.925913,1.6,1.37,9.09,-0.03,0.03,-0.0,NO
,,,,,,,,,,,,,,,,,,,,,,,,,,,,,,,,,,,,,,,,,,,,,,,,,,,,,,,,,,,,,,,,,,,,,,,,,,,,,,,,,,,,,,,,,,,,,,,,,,,,,,,,,2025-04-24 13:11:48,Signal Acquired,15.375423,73.925913,1.7,0.92,9.15,-0.02,0.02,0.0,NO
,,,,,,,,,,,,,,,,,,,,,,,,,,,,,,,,,,,,,,,,,,,,,,,,,,,,,,,,,,,,,,,,,,,,,,,,,,,,,,,,,,,,,,,,,,,,,,,,,,,,,,,,,2025-04-24 13:11:51,Signal Acquired,15.375424,73.925912,1.5,1.19,9.05,-0.01,0.02,0.0,NO
,,,,,,,,,,,,,,,,,,,,,,,,,,,,,,,,,,,,,,,,,,,,,,,,,,,,,,,,,,,,,,,,,,,,,,,,,,,,,,,,,,,,,,,,,,,,,,,,,,,,,,,,,2025-04-24 13:11:51,Signal Acquired,15.375424,73.925912,2.02,1.48,8.89,-0.01,0.01,-0.0,NO
,,,,,,,,,,,,,,,,,,,,,,,,,,,,,,,,,,,,,,,,,,,,,,,,,,,,,,,,,,,,,,,,,,,,,,,,,,,,,,,,,,,,,,,,,,,,,,,,,,,,,,,,,2025-04-24 13:11:51,Signal Acquired,15.375426,73.925911,1.71,1.39,8.98,-0.02,0.04,-0.01,NO
,,,,,,,,,,,,,,,,,,,,,,,,,,,,,,,,,,,,,,,,,,,,,,,,,,,,,,,,,,,,,,,,,,,,,,,,,,,,,,,,,,,,,,,,,,,,,,,,,,,,,,,,,2025-04-24 13:11:53,Signal Acquired,15.375426,73.925911,1.59,1.19,8.87,-0.07,0.02,0.01,NO
,,,,,,,,,,,,,,,,,,,,,,,,,,,,,,,,,,,,,,,,,,,,,,,,,,,,,,,,,,,,,,,,,,,,,,,,,,,,,,,,,,,,,,,,,,,,,,,,,,,,,,,,,2025-04-24 13:11:53,Signal Acquired,15.375429,73.925909,2.11,1.64,9.05,-0.0,0.03,-0.0,NO
,,,,,,,,,,,,,,,,,,,,,,,,,,,,,,,,,,,,,,,,,,,,,,,,,,,,,,,,,,,,,,,,,,,,,,,,,,,,,,,,,,,,,,,,,,,,,,,,,,,,,,,,,2025-04-24 13:11:53,Signal Acquired,15.375429,73.925909,1.77,0.87,9.17,0.0,-0.01,0.0,NO
,,,,,,,,,,,,,,,,,,,,,,,,,,,,,,,,,,,,,,,,,,,,,,,,,,,,,,,,,,,,,,,,,,,,,,,,,,,,,,,,,,,,,,,,,,,,,,,,,,,,,,,,,2025-04-24 13:11:55,Signal Acquired,15.375432,73.925908,1.46,0.34,9.2,-0.04,0.03,-0.0,NO
,,,,,,,,,,,,,,,,,,,,,,,,,,,,,,,,,,,,,,,,,,,,,,,,,,,,,,,,,,,,,,,,,,,,,,,,,,,,,,,,,,,,,,,,,,,,,,,,,,,,,,,,,2025-04-24 13:11:55,Signal Acquired,15.375432,73.925908,1.73,0.38,9.16,-0.0,0.01,0.0,NO
,,,,,,,,,,,,,,,,,,,,,,,,,,,,,,,,,,,,,,,,,,,,,,,,,,,,,,,,,,,,,,,,,,,,,,,,,,,,,,,,,,,,,,,,,,,,,,,,,,,,,,,,,2025-04-24 13:11:55,Signal Acquired,15.375434,73.925907,1.77,0.64,9.08,0.0,0.0,0.0,NO
,,,,,,,,,,,,,,,,,,,,,,,,,,,,,,,,,,,,,,,,,,,,,,,,,,,,,,,,,,,,,,,,,,,,,,,,,,,,,,,,,,,,,,,,,,,,,,,,,,,,,,,,,2025-04-24 13:11:57,Signal Acquired,15.375434,73.925907,1.23,0.8,9.12,-0.03,0.03,-0.0,NO
,,,,,,,,,,,,,,,,,,,,,,,,,,,,,,,,,,,,,,,,,,,,,,,,,,,,,,,,,,,,,,,,,,,,,,,,,,,,,,,,,,,,,,,,,,,,,,,,,,,,,,,,,2025-04-24 13:11:57,Signal Acquired,15.375436,73.925907,1.77,1.18,9.11,-0.03,0.03,-0.0,NO
,,,,,,,,,,,,,,,,,,,,,,,,,,,,,,,,,,,,,,,,,,,,,,,,,,,,,,,,,,,,,,,,,,,,,,,,,,,,,,,,,,,,,,,,,,,,,,,,,,,,,,,,,2025-04-24 13:11:57,Signal Acquired,15.375436,73.925907,1.25,0.85,9.16,-0.04,0.04,-0.0,NO
,,,,,,,,,,,,,,,,,,,,,,,,,,,,,,,,,,,,,,,,,,,,,,,,,,,,,,,,,,,,,,,,,,,,,,,,,,,,,,,,,,,,,,,,,,,,,,,,,,,,,,,,,2025-04-24 13:12:00,Signal Acquired,15.375436,73.925906,1.53,1.14,8.99,-0.04,0.05,-0.0,NO
,,,,,,,,,,,,,,,,,,,,,,,,,,,,,,,,,,,,,,,,,,,,,,,,,,,,,,,,,,,,,,,,,,,,,,,,,,,,,,,,,,,,,,,,,,,,,,,,,,,,,,,,,2025-04-24 13:12:00,Signal Acquired,15.375436,73.925906,1.97,0.75,9.16,0.02,-0.02,0.0,NO
,,,,,,,,,,,,,,,,,,,,,,,,,,,,,,,,,,,,,,,,,,,,,,,,,,,,,,,,,,,,,,,,,,,,,,,,,,,,,,,,,,,,,,,,,,,,,,,,,,,,,,,,,2025-04-24 13:12:00,Signal Acquired,15.375437,73.925905,1.08,0.96,9.1,-0.04,0.05,-0.0,NO
,,,,,,,,,,,,,,,,,,,,,,,,,,,,,,,,,,,,,,,,,,,,,,,,,,,,,,,,,,,,,,,,,,,,,,,,,,,,,,,,,,,,,,,,,,,,,,,,,,,,,,,,,2025-04-24 13:12:02,Signal Acquired,15.375437,73.925905,1.38,0.98,9.09,-0.05,0.05,-0.0,NO
,,,,,,,,,,,,,,,,,,,,,,,,,,,,,,,,,,,,,,,,,,,,,,,,,,,,,,,,,,,,,,,,,,,,,,,,,,,,,,,,,,,,,,,,,,,,,,,,,,,,,,,,,2025-04-24 13:12:02,Signal Acquired,15.375438,73.925905,1.88,1.15,9.11,-0.03,0.04,-0.0,NO
,,,,,,,,,,,,,,,,,,,,,,,,,,,,,,,,,,,,,,,,,,,,,,,,,,,,,,,,,,,,,,,,,,,,,,,,,,,,,,,,,,,,,,,,,,,,,,,,,,,,,,,,,2025-04-24 13:12:02,Signal Acquired,15.375438,73.925905,1.76,0.73,9.19,0.0,-0.01,-0.0,NO
,,,,,,,,,,,,,,,,,,,,,,,,,,,,,,,,,,,,,,,,,,,,,,,,,,,,,,,,,,,,,,,,,,,,,,,,,,,,,,,,,,,,,,,,,,,,,,,,,,,,,,,,,2025-04-24 13:12:04,Signal Acquired,15.375439,73.925905,2.1,1.31,9.04,-0.02,0.05,-0.0,NO
,,,,,,,,,,,,,,,,,,,,,,,,,,,,,,,,,,,,,,,,,,,,,,,,,,,,,,,,,,,,,,,,,,,,,,,,,,,,,,,,,,,,,,,,,,,,,,,,,,,,,,,,,2025-04-24 13:12:04,Signal Acquired,15.375439,73.925905,1.28,1.28,9.0,-0.04,0.07,-0.0,NO
,,,,,,,,,,,,,,,,,,,,,,,,,,,,,,,,,,,,,,,,,,,,,,,,,,,,,,,,,,,,,,,,,,,,,,,,,,,,,,,,,,,,,,,,,,,,,,,,,,,,,,,,,2025-04-24 13:12:04,Signal Acquired,15.375438,73.925905,2.24,1.26,9.1,0.01,-0.0,0.0,NO
,,,,,,,,,,,,,,,,,,,,,,,,,,,,,,,,,,,,,,,,,,,,,,,,,,,,,,,,,,,,,,,,,,,,,,,,,,,,,,,,,,,,,,,,,,,,,,,,,,,,,,,,,2025-04-24 13:12:06,Signal Acquired,15.375438,73.925905,1.61,0.65,9.2,-0.0,-0.02,0.0,NO
,,,,,,,,,,,,,,,,,,,,,,,,,,,,,,,,,,,,,,,,,,,,,,,,,,,,,,,,,,,,,,,,,,,,,,,,,,,,,,,,,,,,,,,,,,,,,,,,,,,,,,,,,2025-04-24 13:12:06,Signal Acquired,15.375435,73.925905,1.09,0.68,9.12,-0.06,0.06,-0.0,NO
,,,,,,,,,,,,,,,,,,,,,,,,,,,,,,,,,,,,,,,,,,,,,,,,,,,,,,,,,,,,,,,,,,,,,,,,,,,,,,,,,,,,,,,,,,,,,,,,,,,,,,,,,2025-04-24 13:12:06,Signal Acquired,15.375435,73.925905,2.42,1.36,9.05,0.0,0.02,0.0,NO
,,,,,,,,,,,,,,,,,,,,,,,,,,,,,,,,,,,,,,,,,,,,,,,,,,,,,,,,,,,,,,,,,,,,,,,,,,,,,,,,,,,,,,,,,,,,,,,,,,,,,,,,,2025-04-24 13:12:09,Signal Acquired,15.375434,73.925904,1.07,0.74,9.14,-0.02,0.04,-0.0,NO
,,,,,,,,,,,,,,,,,,,,,,,,,,,,,,,,,,,,,,,,,,,,,,,,,,,,,,,,,,,,,,,,,,,,,,,,,,,,,,,,,,,,,,,,,,,,,,,,,,,,,,,,,2025-04-24 13:12:09,Signal Acquired,15.375434,73.925904,1.38,0.96,9.24,0.0,-0.01,0.0,NO
,,,,,,,,,,,,,,,,,,,,,,,,,,,,,,,,,,,,,,,,,,,,,,,,,,,,,,,,,,,,,,,,,,,,,,,,,,,,,,,,,,,,,,,,,,,,,,,,,,,,,,,,,2025-04-24 13:12:09,Signal Acquired,15.375436,73.925904,1.68,1.24,9.08,-0.04,0.04,-0.0,NO
,,,,,,,,,,,,,,,,,,,,,,,,,,,,,,,,,,,,,,,,,,,,,,,,,,,,,,,,,,,,,,,,,,,,,,,,,,,,,,,,,,,,,,,,,,,,,,,,,,,,,,,,,2025-04-24 13:12:11,Signal Acquired,15.375436,73.925904,2.02,1.18,9.08,-0.03,0.03,-0.0,NO
,,,,,,,,,,,,,,,,,,,,,,,,,,,,,,,,,,,,,,,,,,,,,,,,,,,,,,,,,,,,,,,,,,,,,,,,,,,,,,,,,,,,,,,,,,,,,,,,,,,,,,,,,2025-04-24 13:12:11,Signal Acquired,15.375438,73.925904,2.17,1.2,9.16,0.0,0.01,0.0,DETECTED
,,,,,,,,,,,,,,,,,,,,,,,,,,,,,,,,,,,,,,,,,,,,,,,,,,,,,,,,,,,,,,,,,,,,,,,,,,,,,,,,,,,,,,,,,,,,,,,,,,,,,,,,,2025-04-24 13:12:11,Signal Acquired,15.375438,73.925904,1.75,0.75,9.17,0.02,-0.01,0.0,NO
,,,,,,,,,,,,,,,,,,,,,,,,,,,,,,,,,,,,,,,,,,,,,,,,,,,,,,,,,,,,,,,,,,,,,,,,,,,,,,,,,,,,,,,,,,,,,,,,,,,,,,,,,2025-04-24 13:12:13,Signal Acquired,15.375441,73.925904,1.07,0.89,9.05,-0.04,0.06,-0.0,NO
,,,,,,,,,,,,,,,,,,,,,,,,,,,,,,,,,,,,,,,,,,,,,,,,,,,,,,,,,,,,,,,,,,,,,,,,,,,,,,,,,,,,,,,,,,,,,,,,,,,,,,,,,2025-04-24 13:12:13,Signal Acquired,15.375441,73.925904,2.06,1.3,8.55,-0.02,0.0,0.0,NO
,,,,,,,,,,,,,,,,,,,,,,,,,,,,,,,,,,,,,,,,,,,,,,,,,,,,,,,,,,,,,,,,,,,,,,,,,,,,,,,,,,,,,,,,,,,,,,,,,,,,,,,,,2025-04-24 13:12:13,Signal Acquired,15.375443,73.925904,2.03,0.68,9.11,-0.03,0.02,-0.0,NO
,,,,,,,,,,,,,,,,,,,,,,,,,,,,,,,,,,,,,,,,,,,,,,,,,,,,,,,,,,,,,,,,,,,,,,,,,,,,,,,,,,,,,,,,,,,,,,,,,,,,,,,,,2025-04-24 13:12:15,Signal Acquired,15.375443,73.925904,1.54,0.76,9.22,-0.01,0.0,-0.0,NO
,,,,,,,,,,,,,,,,,,,,,,,,,,,,,,,,,,,,,,,,,,,,,,,,,,,,,,,,,,,,,,,,,,,,,,,,,,,,,,,,,,,,,,,,,,,,,,,,,,,,,,,,,2025-04-24 13:12:15,Signal Acquired,15.375446,73.925901,2.11,1.31,9.03,0.01,0.0,-0.0,NO
,,,,,,,,,,,,,,,,,,,,,,,,,,,,,,,,,,,,,,,,,,,,,,,,,,,,,,,,,,,,,,,,,,,,,,,,,,,,,,,,,,,,,,,,,,,,,,,,,,,,,,,,,2025-04-24 13:12:15,Signal Acquired,15.375446,73.925901,1.8,1.02,9.0,-0.02,0.01,0.0,NO
,,,,,,,,,,,,,,,,,,,,,,,,,,,,,,,,,,,,,,,,,,,,,,,,,,,,,,,,,,,,,,,,,,,,,,,,,,,,,,,,,,,,,,,,,,,,,,,,,,,,,,,,,2025-04-24 13:12:18,Signal Acquired,15.375449,73.925899,1.64,0.91,9.12,-0.01,0.01,0.0,NO
,,,,,,,,,,,,,,,,,,,,,,,,,,,,,,,,,,,,,,,,,,,,,,,,,,,,,,,,,,,,,,,,,,,,,,,,,,,,,,,,,,,,,,,,,,,,,,,,,,,,,,,,,2025-04-24 13:12:18,Signal Acquired,15.375449,73.925899,1.75,1.02,9.16,-0.03,0.02,-0.0,NO
,,,,,,,,,,,,,,,,,,,,,,,,,,,,,,,,,,,,,,,,,,,,,,,,,,,,,,,,,,,,,,,,,,,,,,,,,,,,,,,,,,,,,,,,,,,,,,,,,,,,,,,,,2025-04-24 13:12:18,Signal Acquired,15.375449,73.925898,1.6,1.14,9.05,-0.02,0.04,-0.0,NO
,,,,,,,,,,,,,,,,,,,,,,,,,,,,,,,,,,,,,,,,,,,,,,,,,,,,,,,,,,,,,,,,,,,,,,,,,,,,,,,,,,,,,,,,,,,,,,,,,,,,,,,,,2025-04-24 13:12:20,Signal Acquired,15.375449,73.925898,1.88,0.85,9.08,-0.02,0.02,0.01,NO
,,,,,,,,,,,,,,,,,,,,,,,,,,,,,,,,,,,,,,,,,,,,,,,,,,,,,,,,,,,,,,,,,,,,,,,,,,,,,,,,,,,,,,,,,,,,,,,,,,,,,,,,,2025-04-24 13:12:20,Signal Acquired,15.375449,73.925897,1.9,0.84,8.85,-0.03,0.01,0.0,NO
,,,,,,,,,,,,,,,,,,,,,,,,,,,,,,,,,,,,,,,,,,,,,,,,,,,,,,,,,,,,,,,,,,,,,,,,,,,,,,,,,,,,,,,,,,,,,,,,,,,,,,,,,2025-04-24 13:12:20,Signal Acquired,15.375449,73.925897,2.0,1.3,9.12,0.0,0.01,-0.0,NO
,,,,,,,,,,,,,,,,,,,,,,,,,,,,,,,,,,,,,,,,,,,,,,,,,,,,,,,,,,,,,,,,,,,,,,,,,,,,,,,,,,,,,,,,,,,,,,,,,,,,,,,,,2025-04-24 13:12:22,Signal Acquired,15.375451,73.925896,1.56,1.32,9.03,-0.03,0.05,-0.0,NO
,,,,,,,,,,,,,,,,,,,,,,,,,,,,,,,,,,,,,,,,,,,,,,,,,,,,,,,,,,,,,,,,,,,,,,,,,,,,,,,,,,,,,,,,,,,,,,,,,,,,,,,,,2025-04-24 13:12:22,Signal Acquired,15.375451,73.925896,2.54,0.77,8.58,-0.03,0.04,0.0,NO
,,,,,,,,,,,,,,,,,,,,,,,,,,,,,,,,,,,,,,,,,,,,,,,,,,,,,,,,,,,,,,,,,,,,,,,,,,,,,,,,,,,,,,,,,,,,,,,,,,,,,,,,,2025-04-24 13:12:22,Signal Acquired,15.375452,73.925896,1.59,0.49,9.26,-0.01,0.01,-0.0,NO
,,,,,,,,,,,,,,,,,,,,,,,,,,,,,,,,,,,,,,,,,,,,,,,,,,,,,,,,,,,,,,,,,,,,,,,,,,,,,,,,,,,,,,,,,,,,,,,,,,,,,,,,,2025-04-24 13:12:24,Signal Acquired,15.375452,73.925896,2.02,1.07,9.16,-0.0,0.02,0.0,NO
,,,,,,,,,,,,,,,,,,,,,,,,,,,,,,,,,,,,,,,,,,,,,,,,,,,,,,,,,,,,,,,,,,,,,,,,,,,,,,,,,,,,,,,,,,,,,,,,,,,,,,,,,2025-04-24 13:12:24,Signal Acquired,15.375453,73.925897,1.95,1.27,9.01,-0.01,0.03,-0.0,NO
,,,,,,,,,,,,,,,,,,,,,,,,,,,,,,,,,,,,,,,,,,,,,,,,,,,,,,,,,,,,,,,,,,,,,,,,,,,,,,,,,,,,,,,,,,,,,,,,,,,,,,,,,2025-04-24 13:12:24,Signal Acquired,15.375453,73.925897,1.79,1.04,9.15,-0.02,0.01,-0.0,NO
,,,,,,,,,,,,,,,,,,,,,,,,,,,,,,,,,,,,,,,,,,,,,,,,,,,,,,,,,,,,,,,,,,,,,,,,,,,,,,,,,,,,,,,,,,,,,,,,,,,,,,,,,2025-04-24 13:12:26,Signal Acquired,15.375455,73.925897,1.5,0.84,9.23,-0.02,0.01,0.0,NO
,,,,,,,,,,,,,,,,,,,,,,,,,,,,,,,,,,,,,,,,,,,,,,,,,,,,,,,,,,,,,,,,,,,,,,,,,,,,,,,,,,,,,,,,,,,,,,,,,,,,,,,,,2025-04-24 13:12:26,Signal Acquired,15.375455,73.925897,1.51,0.66,9.23,-0.02,0.01,0.0,NO
,,,,,,,,,,,,,,,,,,,,,,,,,,,,,,,,,,,,,,,,,,,,,,,,,,,,,,,,,,,,,,,,,,,,,,,,,,,,,,,,,,,,,,,,,,,,,,,,,,,,,,,,,2025-04-24 13:12:26,Signal Acquired,15.375456,73.925897,1.78,1.0,9.1,0.0,0.01,0.0,NO
,,,,,,,,,,,,,,,,,,,,,,,,,,,,,,,,,,,,,,,,,,,,,,,,,,,,,,,,,,,,,,,,,,,,,,,,,,,,,,,,,,,,,,,,,,,,,,,,,,,,,,,,,2025-04-24 13:12:29,Signal Acquired,15.375456,73.925897,1.92,1.18,9.1,-0.0,0.01,-0.0,NO
,,,,,,,,,,,,,,,,,,,,,,,,,,,,,,,,,,,,,,,,,,,,,,,,,,,,,,,,,,,,,,,,,,,,,,,,,,,,,,,,,,,,,,,,,,,,,,,,,,,,,,,,,2025-04-24 13:12:29,Signal Acquired,15.375457,73.925897,1.8,1.19,9.04,-0.02,0.03,-0.0,NO
,,,,,,,,,,,,,,,,,,,,,,,,,,,,,,,,,,,,,,,,,,,,,,,,,,,,,,,,,,,,,,,,,,,,,,,,,,,,,,,,,,,,,,,,,,,,,,,,,,,,,,,,,2025-04-24 13:12:29,Signal Acquired,15.375457,73.925897,1.37,0.83,9.17,-0.03,0.03,0.0,NO
,,,,,,,,,,,,,,,,,,,,,,,,,,,,,,,,,,,,,,,,,,,,,,,,,,,,,,,,,,,,,,,,,,,,,,,,,,,,,,,,,,,,,,,,,,,,,,,,,,,,,,,,,2025-04-24 13:12:31,Signal Acquired,15.375459,73.925896,2.0,0.82,9.13,-0.01,-0.0,0.0,NO
,,,,,,,,,,,,,,,,,,,,,,,,,,,,,,,,,,,,,,,,,,,,,,,,,,,,,,,,,,,,,,,,,,,,,,,,,,,,,,,,,,,,,,,,,,,,,,,,,,,,,,,,,2025-04-24 13:12:31,Signal Acquired,15.375459,73.925896,1.62,0.74,9.21,-0.02,0.04,0.0,NO
,,,,,,,,,,,,,,,,,,,,,,,,,,,,,,,,,,,,,,,,,,,,,,,,,,,,,,,,,,,,,,,,,,,,,,,,,,,,,,,,,,,,,,,,,,,,,,,,,,,,,,,,,2025-04-24 13:12:31,Signal Acquired,15.375462,73.925895,1.83,1.15,9.15,0.0,0.01,-0.0,NO
,,,,,,,,,,,,,,,,,,,,,,,,,,,,,,,,,,,,,,,,,,,,,,,,,,,,,,,,,,,,,,,,,,,,,,,,,,,,,,,,,,,,,,,,,,,,,,,,,,,,,,,,,2025-04-24 13:12:33,Signal Acquired,15.375462,73.925895,1.51,1.14,9.14,-0.02,0.03,-0.0,NO
,,,,,,,,,,,,,,,,,,,,,,,,,,,,,,,,,,,,,,,,,,,,,,,,,,,,,,,,,,,,,,,,,,,,,,,,,,,,,,,,,,,,,,,,,,,,,,,,,,,,,,,,,2025-04-24 13:12:33,Signal Acquired,15.375463,73.925895,1.79,1.1,9.12,-0.02,0.01,-0.0,NO
,,,,,,,,,,,,,,,,,,,,,,,,,,,,,,,,,,,,,,,,,,,,,,,,,,,,,,,,,,,,,,,,,,,,,,,,,,,,,,,,,,,,,,,,,,,,,,,,,,,,,,,,,2025-04-24 13:12:33,Signal Acquired,15.375463,73.925895,1.31,0.2,9.37,-0.06,0.05,0.01,NO
,,,,,,,,,,,,,,,,,,,,,,,,,,,,,,,,,,,,,,,,,,,,,,,,,,,,,,,,,,,,,,,,,,,,,,,,,,,,,,,,,,,,,,,,,,,,,,,,,,,,,,,,,2025-04-24 13:12:35,Signal Acquired,15.375462,73.925896,1.88,0.82,9.08,-0.01,0.01,0.0,NO
,,,,,,,,,,,,,,,,,,,,,,,,,,,,,,,,,,,,,,,,,,,,,,,,,,,,,,,,,,,,,,,,,,,,,,,,,,,,,,,,,,,,,,,,,,,,,,,,,,,,,,,,,2025-04-24 13:12:35,Signal Acquired,15.375462,73.925896,1.24,0.83,9.19,-0.02,0.04,0.0,NO
,,,,,,,,,,,,,,,,,,,,,,,,,,,,,,,,,,,,,,,,,,,,,,,,,,,,,,,,,,,,,,,,,,,,,,,,,,,,,,,,,,,,,,,,,,,,,,,,,,,,,,,,,2025-04-24 13:12:35,Signal Acquired,15.375462,73.925896,1.84,1.28,9.11,-0.0,0.01,0.0,NO
,,,,,,,,,,,,,,,,,,,,,,,,,,,,,,,,,,,,,,,,,,,,,,,,,,,,,,,,,,,,,,,,,,,,,,,,,,,,,,,,,,,,,,,,,,,,,,,,,,,,,,,,,2025-04-24 13:12:38,Signal Acquired,15.375462,73.925896,1.89,1.42,8.95,0.02,0.02,-0.01,NO
,,,,,,,,,,,,,,,,,,,,,,,,,,,,,,,,,,,,,,,,,,,,,,,,,,,,,,,,,,,,,,,,,,,,,,,,,,,,,,,,,,,,,,,,,,,,,,,,,,,,,,,,,2025-04-24 13:12:38,Signal Acquired,15.375464,73.925894,1.89,1.08,9.16,-0.02,0.01,-0.0,NO
,,,,,,,,,,,,,,,,,,,,,,,,,,,,,,,,,,,,,,,,,,,,,,,,,,,,,,,,,,,,,,,,,,,,,,,,,,,,,,,,,,,,,,,,,,,,,,,,,,,,,,,,,2025-04-24 13:12:38,Signal Acquired,15.375464,73.925894,1.17,0.98,9.28,-0.03,0.05,0.0,NO
,,,,,,,,,,,,,,,,,,,,,,,,,,,,,,,,,,,,,,,,,,,,,,,,,,,,,,,,,,,,,,,,,,,,,,,,,,,,,,,,,,,,,,,,,,,,,,,,,,,,,,,,,2025-04-24 13:12:40,Signal Acquired,15.375465,73.925892,2.9,2.28,8.74,-0.02,0.01,-0.0,NO
,,,,,,,,,,,,,,,,,,,,,,,,,,,,,,,,,,,,,,,,,,,,,,,,,,,,,,,,,,,,,,,,,,,,,,,,,,,,,,,,,,,,,,,,,,,,,,,,,,,,,,,,,2025-04-24 13:12:40,Signal Acquired,15.375465,73.925892,1.41,1.47,9.05,0.01,-0.01,0.0,NO
,,,,,,,,,,,,,,,,,,,,,,,,,,,,,,,,,,,,,,,,,,,,,,,,,,,,,,,,,,,,,,,,,,,,,,,,,,,,,,,,,,,,,,,,,,,,,,,,,,,,,,,,,2025-04-24 13:12:40,Signal Acquired,15.375469,73.925889,2.06,2.53,9.03,0.04,-0.01,-0.01,NO
,,,,,,,,,,,,,,,,,,,,,,,,,,,,,,,,,,,,,,,,,,,,,,,,,,,,,,,,,,,,,,,,,,,,,,,,,,,,,,,,,,,,,,,,,,,,,,,,,,,,,,,,,2025-04-24 13:12:42,Signal Acquired,15.375469,73.925889,1.29,2.86,9.08,0.03,0.06,-0.02,NO
,,,,,,,,,,,,,,,,,,,,,,,,,,,,,,,,,,,,,,,,,,,,,,,,,,,,,,,,,,,,,,,,,,,,,,,,,,,,,,,,,,,,,,,,,,,,,,,,,,,,,,,,,2025-04-24 13:12:42,Signal Acquired,15.375481,73.925885,1.47,2.76,9.58,0.03,-0.0,-0.03,NO
,,,,,,,,,,,,,,,,,,,,,,,,,,,,,,,,,,,,,,,,,,,,,,,,,,,,,,,,,,,,,,,,,,,,,,,,,,,,,,,,,,,,,,,,,,,,,,,,,,,,,,,,,2025-04-24 13:12:42,Signal Acquired,15.375481,73.925885,1.76,1.44,9.17,-0.01,-0.0,0.0,DETECTED
,,,,,,,,,,,,,,,,,,,,,,,,,,,,,,,,,,,,,,,,,,,,,,,,,,,,,,,,,,,,,,,,,,,,,,,,,,,,,,,,,,,,,,,,,,,,,,,,,,,,,,,,,2025-04-24 13:12:44,Signal Acquired,15.375503,73.925878,1.25,1.64,9.38,-0.05,0.01,-0.01,DETECTED
,,,,,,,,,,,,,,,,,,,,,,,,,,,,,,,,,,,,,,,,,,,,,,,,,,,,,,,,,,,,,,,,,,,,,,,,,,,,,,,,,,,,,,,,,,,,,,,,,,,,,,,,,2025-04-24 13:12:44,Signal Acquired,15.375503,73.925878,1.21,2.29,9.24,-0.04,0.06,0.01,NO
,,,,,,,,,,,,,,,,,,,,,,,,,,,,,,,,,,,,,,,,,,,,,,,,,,,,,,,,,,,,,,,,,,,,,,,,,,,,,,,,,,,,,,,,,,,,,,,,,,,,,,,,,2025-04-24 13:12:44,Signal Acquired,15.375534,73.92587,0.18,2.47,9.6,-0.1,0.16,-0.02,DETECTED
,,,,,,,,,,,,,,,,,,,,,,,,,,,,,,,,,,,,,,,,,,,,,,,,,,,,,,,,,,,,,,,,,,,,,,,,,,,,,,,,,,,,,,,,,,,,,,,,,,,,,,,,,2025-04-24 13:12:47,Signal Acquired,15.375534,73.92587,1.34,0.51,9.11,-0.02,0.01,-0.0,NO
,,,,,,,,,,,,,,,,,,,,,,,,,,,,,,,,,,,,,,,,,,,,,,,,,,,,,,,,,,,,,,,,,,,,,,,,,,,,,,,,,,,,,,,,,,,,,,,,,,,,,,,,,2025-04-24 13:12:47,Signal Acquired,15.375576,73.925859,1.51,0.69,9.27,-0.01,0.09,0.01,NO
,,,,,,,,,,,,,,,,,,,,,,,,,,,,,,,,,,,,,,,,,,,,,,,,,,,,,,,,,,,,,,,,,,,,,,,,,,,,,,,,,,,,,,,,,,,,,,,,,,,,,,,,,2025-04-24 13:12:47,Signal Acquired,15.375576,73.925859,1.93,1.75,9.03,-0.0,0.0,0.01,NO
,,,,,,,,,,,,,,,,,,,,,,,,,,,,,,,,,,,,,,,,,,,,,,,,,,,,,,,,,,,,,,,,,,,,,,,,,,,,,,,,,,,,,,,,,,,,,,,,,,,,,,,,,2025-04-24 13:12:49,Signal Acquired,15.375622,73.925846,0.33,1.06,9.46,0.01,-0.02,0.0,DETECTED
,,,,,,,,,,,,,,,,,,,,,,,,,,,,,,,,,,,,,,,,,,,,,,,,,,,,,,,,,,,,,,,,,,,,,,,,,,,,,,,,,,,,,,,,,,,,,,,,,,,,,,,,,2025-04-24 13:12:49,Signal Acquired,15.375622,73.925846,1.3,1.85,9.01,0.03,-0.06,0.0,DETECTED
,,,,,,,,,,,,,,,,,,,,,,,,,,,,,,,,,,,,,,,,,,,,,,,,,,,,,,,,,,,,,,,,,,,,,,,,,,,,,,,,,,,,,,,,,,,,,,,,,,,,,,,,,2025-04-24 13:12:49,Signal Acquired,15.375669,73.925831,1.51,1.61,8.99,0.04,0.12,0.01,DETECTED
,,,,,,,,,,,,,,,,,,,,,,,,,,,,,,,,,,,,,,,,,,,,,,,,,,,,,,,,,,,,,,,,,,,,,,,,,,,,,,,,,,,,,,,,,,,,,,,,,,,,,,,,,2025-04-24 13:12:51,Signal Acquired,15.375669,73.925831,1.19,1.45,9.32,0.02,0.02,-0.01,NO
,,,,,,,,,,,,,,,,,,,,,,,,,,,,,,,,,,,,,,,,,,,,,,,,,,,,,,,,,,,,,,,,,,,,,,,,,,,,,,,,,,,,,,,,,,,,,,,,,,,,,,,,,2025-04-24 13:12:51,Signal Acquired,15.375719,73.925815,1.0,2.81,9.59,0.01,-0.03,0.01,NO
,,,,,,,,,,,,,,,,,,,,,,,,,,,,,,,,,,,,,,,,,,,,,,,,,,,,,,,,,,,,,,,,,,,,,,,,,,,,,,,,,,,,,,,,,,,,,,,,,,,,,,,,,2025-04-24 13:12:51,Signal Acquired,15.375719,73.925815,2.32,1.56,9.11,-0.02,0.05,-0.0,NO
,,,,,,,,,,,,,,,,,,,,,,,,,,,,,,,,,,,,,,,,,,,,,,,,,,,,,,,,,,,,,,,,,,,,,,,,,,,,,,,,,,,,,,,,,,,,,,,,,,,,,,,,,2025-04-24 13:12:53,Signal Acquired,15.375772,73.9258,-3.56,-0.69,10.5,-0.08,-0.09,0.14,DETECTED
,,,,,,,,,,,,,,,,,,,,,,,,,,,,,,,,,,,,,,,,,,,,,,,,,,,,,,,,,,,,,,,,,,,,,,,,,,,,,,,,,,,,,,,,,,,,,,,,,,,,,,,,,2025-04-24 13:12:53,Signal Acquired,15.375772,73.9258,1.76,1.13,9.84,-0.01,-0.09,-0.03,DETECTED
,,,,,,,,,,,,,,,,,,,,,,,,,,,,,,,,,,,,,,,,,,,,,,,,,,,,,,,,,,,,,,,,,,,,,,,,,,,,,,,,,,,,,,,,,,,,,,,,,,,,,,,,,2025-04-24 13:12:53,Signal Acquired,15.375828,73.925783,2.05,1.58,8.59,0.01,-0.02,-0.03,NO
,,,,,,,,,,,,,,,,,,,,,,,,,,,,,,,,,,,,,,,,,,,,,,,,,,,,,,,,,,,,,,,,,,,,,,,,,,,,,,,,,,,,,,,,,,,,,,,,,,,,,,,,,2025-04-24 13:12:56,Signal Acquired,15.375828,73.925783,1.15,2.17,9.52,-0.03,0.08,-0.03,NO
,,,,,,,,,,,,,,,,,,,,,,,,,,,,,,,,,,,,,,,,,,,,,,,,,,,,,,,,,,,,,,,,,,,,,,,,,,,,,,,,,,,,,,,,,,,,,,,,,,,,,,,,,2025-04-24 13:12:56,Signal Acquired,15.375888,73.925769,2.62,1.32,9.09,-0.04,-0.09,-0.04,DETECTED
,,,,,,,,,,,,,,,,,,,,,,,,,,,,,,,,,,,,,,,,,,,,,,,,,,,,,,,,,,,,,,,,,,,,,,,,,,,,,,,,,,,,,,,,,,,,,,,,,,,,,,,,,2025-04-24 13:12:56,Signal Acquired,15.375888,73.925769,1.75,2.17,9.04,-0.03,0.08,-0.01,DETECTED
,,,,,,,,,,,,,,,,,,,,,,,,,,,,,,,,,,,,,,,,,,,,,,,,,,,,,,,,,,,,,,,,,,,,,,,,,,,,,,,,,,,,,,,,,,,,,,,,,,,,,,,,,2025-04-24 13:12:58,Signal Acquired,15.375956,73.925754,4.26,2.11,9.33,-0.08,-0.02,-0.02,DETECTED
,,,,,,,,,,,,,,,,,,,,,,,,,,,,,,,,,,,,,,,,,,,,,,,,,,,,,,,,,,,,,,,,,,,,,,,,,,,,,,,,,,,,,,,,,,,,,,,,,,,,,,,,,2025-04-24 13:12:58,Signal Acquired,15.375956,73.925754,2.33,1.63,8.18,0.03,0.1,-0.01,NO
,,,,,,,,,,,,,,,,,,,,,,,,,,,,,,,,,,,,,,,,,,,,,,,,,,,,,,,,,,,,,,,,,,,,,,,,,,,,,,,,,,,,,,,,,,,,,,,,,,,,,,,,,2025-04-24 13:12:58,Signal Acquired,15.37603,73.925739,1.02,0.69,9.21,-0.01,-0.01,-0.0,NO
,,,,,,,,,,,,,,,,,,,,,,,,,,,,,,,,,,,,,,,,,,,,,,,,,,,,,,,,,,,,,,,,,,,,,,,,,,,,,,,,,,,,,,,,,,,,,,,,,,,,,,,,,2025-04-24 13:13:00,Signal Acquired,15.37603,73.925739,1.03,0.44,9.74,-0.04,-0.04,-0.02,DETECTED
,,,,,,,,,,,,,,,,,,,,,,,,,,,,,,,,,,,,,,,,,,,,,,,,,,,,,,,,,,,,,,,,,,,,,,,,,,,,,,,,,,,,,,,,,,,,,,,,,,,,,,,,,2025-04-24 13:13:00,Signal Acquired,15.376104,73.925725,0.38,1.51,9.47,0.01,0.07,-0.01,DETECTED
,,,,,,,,,,,,,,,,,,,,,,,,,,,,,,,,,,,,,,,,,,,,,,,,,,,,,,,,,,,,,,,,,,,,,,,,,,,,,,,,,,,,,,,,,,,,,,,,,,,,,,,,,2025-04-24 13:13:00,Signal Acquired,15.376104,73.925725,1.13,0.93,9.28,-0.0,0.09,-0.01,DETECTED
,,,,,,,,,,,,,,,,,,,,,,,,,,,,,,,,,,,,,,,,,,,,,,,,,,,,,,,,,,,,,,,,,,,,,,,,,,,,,,,,,,,,,,,,,,,,,,,,,,,,,,,,,2025-04-24 13:13:02,Signal Acquired,15.37618,73.925709,1.04,1.55,8.96,-0.0,0.03,-0.01,DETECTED
,,,,,,,,,,,,,,,,,,,,,,,,,,,,,,,,,,,,,,,,,,,,,,,,,,,,,,,,,,,,,,,,,,,,,,,,,,,,,,,,,,,,,,,,,,,,,,,,,,,,,,,,,2025-04-24 13:13:02,Signal Acquired,15.37618,73.925709,1.64,1.17,9.7,-0.06,0.05,-0.02,NO
,,,,,,,,,,,,,,,,,,,,,,,,,,,,,,,,,,,,,,,,,,,,,,,,,,,,,,,,,,,,,,,,,,,,,,,,,,,,,,,,,,,,,,,,,,,,,,,,,,,,,,,,,2025-04-24 13:13:02,Signal Acquired,15.37626,73.925693,2.7,1.62,9.33,0.05,0.09,-0.02,NO
,,,,,,,,,,,,,,,,,,,,,,,,,,,,,,,,,,,,,,,,,,,,,,,,,,,,,,,,,,,,,,,,,,,,,,,,,,,,,,,,,,,,,,,,,,,,,,,,,,,,,,,,,2025-04-24 13:13:04,Signal Acquired,15.37626,73.925693,0.55,1.46,9.75,0.01,-0.04,-0.01,NO
,,,,,,,,,,,,,,,,,,,,,,,,,,,,,,,,,,,,,,,,,,,,,,,,,,,,,,,,,,,,,,,,,,,,,,,,,,,,,,,,,,,,,,,,,,,,,,,,,,,,,,,,,2025-04-24 13:13:04,Signal Acquired,15.376342,73.925678,2.34,1.64,9.32,-0.01,0.03,-0.01,NO
,,,,,,,,,,,,,,,,,,,,,,,,,,,,,,,,,,,,,,,,,,,,,,,,,,,,,,,,,,,,,,,,,,,,,,,,,,,,,,,,,,,,,,,,,,,,,,,,,,,,,,,,,2025-04-24 13:13:04,Signal Acquired,15.376342,73.925678,1.59,1.22,8.83,-0.01,-0.02,-0.03,NO
,,,,,,,,,,,,,,,,,,,,,,,,,,,,,,,,,,,,,,,,,,,,,,,,,,,,,,,,,,,,,,,,,,,,,,,,,,,,,,,,,,,,,,,,,,,,,,,,,,,,,,,,,2025-04-24 13:13:07,Signal Acquired,15.376433,73.925663,0.57,1.14,9.78,-0.04,0.16,-0.04,NO
,,,,,,,,,,,,,,,,,,,,,,,,,,,,,,,,,,,,,,,,,,,,,,,,,,,,,,,,,,,,,,,,,,,,,,,,,,,,,,,,,,,,,,,,,,,,,,,,,,,,,,,,,2025-04-24 13:13:07,Signal Acquired,15.376433,73.925663,1.0,0.38,9.34,-0.04,0.0,-0.01,NO
,,,,,,,,,,,,,,,,,,,,,,,,,,,,,,,,,,,,,,,,,,,,,,,,,,,,,,,,,,,,,,,,,,,,,,,,,,,,,,,,,,,,,,,,,,,,,,,,,,,,,,,,,2025-04-24 13:13:07,Signal Acquired,15.376524,73.925652,0.88,0.63,9.79,-0.05,0.0,-0.0,NO
,,,,,,,,,,,,,,,,,,,,,,,,,,,,,,,,,,,,,,,,,,,,,,,,,,,,,,,,,,,,,,,,,,,,,,,,,,,,,,,,,,,,,,,,,,,,,,,,,,,,,,,,,2025-04-24 13:13:09,Signal Acquired,15.376524,73.925652,1.48,0.37,9.3,-0.01,-0.05,-0.01,NO
,,,,,,,,,,,,,,,,,,,,,,,,,,,,,,,,,,,,,,,,,,,,,,,,,,,,,,,,,,,,,,,,,,,,,,,,,,,,,,,,,,,,,,,,,,,,,,,,,,,,,,,,,2025-04-24 13:13:09,Signal Acquired,15.376616,73.925642,0.93,2.06,9.55,0.0,0.03,-0.02,DETECTED
,,,,,,,,,,,,,,,,,,,,,,,,,,,,,,,,,,,,,,,,,,,,,,,,,,,,,,,,,,,,,,,,,,,,,,,,,,,,,,,,,,,,,,,,,,,,,,,,,,,,,,,,,2025-04-24 13:13:09,Signal Acquired,15.376616,73.925642,0.78,2.09,9.09,-0.05,0.08,-0.03,NO
,,,,,,,,,,,,,,,,,,,,,,,,,,,,,,,,,,,,,,,,,,,,,,,,,,,,,,,,,,,,,,,,,,,,,,,,,,,,,,,,,,,,,,,,,,,,,,,,,,,,,,,,,2025-04-24 13:13:11,Signal Acquired,15.376711,73.925633,3.93,1.97,8.17,-0.04,0.04,-0.05,DETECTED
,,,,,,,,,,,,,,,,,,,,,,,,,,,,,,,,,,,,,,,,,,,,,,,,,,,,,,,,,,,,,,,,,,,,,,,,,,,,,,,,,,,,,,,,,,,,,,,,,,,,,,,,,2025-04-24 13:13:11,Signal Acquired,15.376711,73.925633,1.32,1.61,8.91,-0.0,-0.04,-0.03,NO
,,,,,,,,,,,,,,,,,,,,,,,,,,,,,,,,,,,,,,,,,,,,,,,,,,,,,,,,,,,,,,,,,,,,,,,,,,,,,,,,,,,,,,,,,,,,,,,,,,,,,,,,,2025-04-24 13:13:11,Signal Acquired,15.376813,73.925628,1.93,2.07,8.22,-0.04,0.1,0.02,DETECTED
,,,,,,,,,,,,,,,,,,,,,,,,,,,,,,,,,,,,,,,,,,,,,,,,,,,,,,,,,,,,,,,,,,,,,,,,,,,,,,,,,,,,,,,,,,,,,,,,,,,,,,,,,2025-04-24 13:13:13,Signal Acquired,15.376813,73.925628,1.32,1.53,9.09,-0.03,0.05,-0.03,NO
,,,,,,,,,,,,,,,,,,,,,,,,,,,,,,,,,,,,,,,,,,,,,,,,,,,,,,,,,,,,,,,,,,,,,,,,,,,,,,,,,,,,,,,,,,,,,,,,,,,,,,,,,2025-04-24 13:13:13,Signal Acquired,15.376919,73.925626,1.23,3.04,10.38,0.07,0.0,-0.06,NO
,,,,,,,,,,,,,,,,,,,,,,,,,,,,,,,,,,,,,,,,,,,,,,,,,,,,,,,,,,,,,,,,,,,,,,,,,,,,,,,,,,,,,,,,,,,,,,,,,,,,,,,,,2025-04-24 13:13:13,Signal Acquired,15.376919,73.925626,0.31,0.52,8.93,-0.08,-0.03,-0.03,NO
,,,,,,,,,,,,,,,,,,,,,,,,,,,,,,,,,,,,,,,,,,,,,,,,,,,,,,,,,,,,,,,,,,,,,,,,,,,,,,,,,,,,,,,,,,,,,,,,,,,,,,,,,2025-04-24 13:13:16,Signal Acquired,15.377046,73.925622,1.17,0.67,9.62,-0.08,0.0,-0.05,NO
,,,,,,,,,,,,,,,,,,,,,,,,,,,,,,,,,,,,,,,,,,,,,,,,,,,,,,,,,,,,,,,,,,,,,,,,,,,,,,,,,,,,,,,,,,,,,,,,,,,,,,,,,2025-04-24 13:13:16,Signal Acquired,15.377046,73.925622,0.6,0.79,10.98,0.0,0.03,-0.04,DETECTED
,,,,,,,,,,,,,,,,,,,,,,,,,,,,,,,,,,,,,,,,,,,,,,,,,,,,,,,,,,,,,,,,,,,,,,,,,,,,,,,,,,,,,,,,,,,,,,,,,,,,,,,,,2025-04-24 13:13:16,Signal Acquired,15.377175,73.925623,2.03,0.89,7.6,-0.04,-0.03,-0.01,NO
,,,,,,,,,,,,,,,,,,,,,,,,,,,,,,,,,,,,,,,,,,,,,,,,,,,,,,,,,,,,,,,,,,,,,,,,,,,,,,,,,,,,,,,,,,,,,,,,,,,,,,,,,2025-04-24 13:13:18,Signal Acquired,15.377175,73.925623,0.61,1.16,10.81,-0.03,0.06,-0.04,DETECTED
,,,,,,,,,,,,,,,,,,,,,,,,,,,,,,,,,,,,,,,,,,,,,,,,,,,,,,,,,,,,,,,,,,,,,,,,,,,,,,,,,,,,,,,,,,,,,,,,,,,,,,,,,2025-04-24 13:13:18,Signal Acquired,15.377303,73.925627,1.69,0.68,9.5,0.02,-0.02,-0.03,NO
,,,,,,,,,,,,,,,,,,,,,,,,,,,,,,,,,,,,,,,,,,,,,,,,,,,,,,,,,,,,,,,,,,,,,,,,,,,,,,,,,,,,,,,,,,,,,,,,,,,,,,,,,2025-04-24 13:13:18,Signal Acquired,15.377303,73.925627,0.68,2.6,9.56,-0.0,0.24,-0.02,DETECTED
,,,,,,,,,,,,,,,,,,,,,,,,,,,,,,,,,,,,,,,,,,,,,,,,,,,,,,,,,,,,,,,,,,,,,,,,,,,,,,,,,,,,,,,,,,,,,,,,,,,,,,,,,2025-04-24 13:13:20,Signal Acquired,15.377428,73.925633,0.01,-0.18,9.32,-0.08,0.02,-0.01,NO
,,,,,,,,,,,,,,,,,,,,,,,,,,,,,,,,,,,,,,,,,,,,,,,,,,,,,,,,,,,,,,,,,,,,,,,,,,,,,,,,,,,,,,,,,,,,,,,,,,,,,,,,,2025-04-24 13:13:20,Signal Acquired,15.377428,73.925633,1.33,-0.09,8.81,-0.03,-0.05,-0.01,DETECTED
,,,,,,,,,,,,,,,,,,,,,,,,,,,,,,,,,,,,,,,,,,,,,,,,,,,,,,,,,,,,,,,,,,,,,,,,,,,,,,,,,,,,,,,,,,,,,,,,,,,,,,,,,2025-04-24 13:13:20,Signal Acquired,15.37755,73.925643,1.19,1.73,9.22,0.03,0.17,0.0,DETECTED
,,,,,,,,,,,,,,,,,,,,,,,,,,,,,,,,,,,,,,,,,,,,,,,,,,,,,,,,,,,,,,,,,,,,,,,,,,,,,,,,,,,,,,,,,,,,,,,,,,,,,,,,,2025-04-24 13:13:22,Signal Acquired,15.37755,73.925643,1.77,1.02,8.87,0.04,0.05,-0.01,NO
,,,,,,,,,,,,,,,,,,,,,,,,,,,,,,,,,,,,,,,,,,,,,,,,,,,,,,,,,,,,,,,,,,,,,,,,,,,,,,,,,,,,,,,,,,,,,,,,,,,,,,,,,2025-04-24 13:13:22,Signal Acquired,15.377669,73.925652,0.56,0.89,8.06,-0.04,0.02,0.01,NO
,,,,,,,,,,,,,,,,,,,,,,,,,,,,,,,,,,,,,,,,,,,,,,,,,,,,,,,,,,,,,,,,,,,,,,,,,,,,,,,,,,,,,,,,,,,,,,,,,,,,,,,,,2025-04-24 13:13:22,Signal Acquired,15.377669,73.925652,1.75,0.35,9.17,-0.07,-0.02,0.0,NO
,,,,,,,,,,,,,,,,,,,,,,,,,,,,,,,,,,,,,,,,,,,,,,,,,,,,,,,,,,,,,,,,,,,,,,,,,,,,,,,,,,,,,,,,,,,,,,,,,,,,,,,,,2025-04-24 13:13:25,Signal Acquired,15.377786,73.925662,1.26,-0.4,9.1,0.0,-0.07,0.01,DETECTED
,,,,,,,,,,,,,,,,,,,,,,,,,,,,,,,,,,,,,,,,,,,,,,,,,,,,,,,,,,,,,,,,,,,,,,,,,,,,,,,,,,,,,,,,,,,,,,,,,,,,,,,,,2025-04-24 13:13:25,Signal Acquired,15.377786,73.925662,1.1,0.91,8.62,-0.01,0.06,-0.02,DETECTED
,,,,,,,,,,,,,,,,,,,,,,,,,,,,,,,,,,,,,,,,,,,,,,,,,,,,,,,,,,,,,,,,,,,,,,,,,,,,,,,,,,,,,,,,,,,,,,,,,,,,,,,,,2025-04-24 13:13:25,Signal Acquired,15.377901,73.925672,0.85,0.67,9.13,-0.05,0.07,-0.01,NO
,,,,,,,,,,,,,,,,,,,,,,,,,,,,,,,,,,,,,,,,,,,,,,,,,,,,,,,,,,,,,,,,,,,,,,,,,,,,,,,,,,,,,,,,,,,,,,,,,,,,,,,,,2025-04-24 13:13:27,Signal Acquired,15.377901,73.925672,0.58,0.25,9.94,-0.01,-0.01,-0.01,NO
,,,,,,,,,,,,,,,,,,,,,,,,,,,,,,,,,,,,,,,,,,,,,,,,,,,,,,,,,,,,,,,,,,,,,,,,,,,,,,,,,,,,,,,,,,,,,,,,,,,,,,,,,2025-04-24 13:13:27,Signal Acquired,15.378012,73.925682,-1.2,0.77,9.15,-0.06,0.06,-0.01,DETECTED
,,,,,,,,,,,,,,,,,,,,,,,,,,,,,,,,,,,,,,,,,,,,,,,,,,,,,,,,,,,,,,,,,,,,,,,,,,,,,,,,,,,,,,,,,,,,,,,,,,,,,,,,,2025-04-24 13:13:27,Signal Acquired,15.378012,73.925682,0.67,0.63,9.44,-0.02,0.05,-0.01,NO
,,,,,,,,,,,,,,,,,,,,,,,,,,,,,,,,,,,,,,,,,,,,,,,,,,,,,,,,,,,,,,,,,,,,,,,,,,,,,,,,,,,,,,,,,,,,,,,,,,,,,,,,,2025-04-24 13:13:29,Signal Acquired,15.378121,73.925694,1.88,-0.07,8.5,-0.03,-0.03,-0.01,NO
,,,,,,,,,,,,,,,,,,,,,,,,,,,,,,,,,,,,,,,,,,,,,,,,,,,,,,,,,,,,,,,,,,,,,,,,,,,,,,,,,,,,,,,,,,,,,,,,,,,,,,,,,2025-04-24 13:13:29,Signal Acquired,15.378121,73.925694,1.4,0.85,9.6,0.01,0.01,0.01,NO
,,,,,,,,,,,,,,,,,,,,,,,,,,,,,,,,,,,,,,,,,,,,,,,,,,,,,,,,,,,,,,,,,,,,,,,,,,,,,,,,,,,,,,,,,,,,,,,,,,,,,,,,,2025-04-24 13:13:29,Signal Acquired,15.37823,73.925704,0.85,1.64,9.77,-0.0,0.09,-0.01,DETECTED
,,,,,,,,,,,,,,,,,,,,,,,,,,,,,,,,,,,,,,,,,,,,,,,,,,,,,,,,,,,,,,,,,,,,,,,,,,,,,,,,,,,,,,,,,,,,,,,,,,,,,,,,,2025-04-24 13:13:31,Signal Acquired,15.37823,73.925704,2.87,0.86,7.96,0.05,-0.01,0.0,NO
,,,,,,,,,,,,,,,,,,,,,,,,,,,,,,,,,,,,,,,,,,,,,,,,,,,,,,,,,,,,,,,,,,,,,,,,,,,,,,,,,,,,,,,,,,,,,,,,,,,,,,,,,2025-04-24 13:13:31,Signal Acquired,15.378339,73.925715,1.54,0.78,9.6,-0.06,0.04,-0.01,NO
,,,,,,,,,,,,,,,,,,,,,,,,,,,,,,,,,,,,,,,,,,,,,,,,,,,,,,,,,,,,,,,,,,,,,,,,,,,,,,,,,,,,,,,,,,,,,,,,,,,,,,,,,2025-04-24 13:13:31,Signal Acquired,15.378339,73.925715,1.46,0.33,10.34,-0.05,-0.01,-0.02,NO
,,,,,,,,,,,,,,,,,,,,,,,,,,,,,,,,,,,,,,,,,,,,,,,,,,,,,,,,,,,,,,,,,,,,,,,,,,,,,,,,,,,,,,,,,,,,,,,,,,,,,,,,,2025-04-24 13:13:34,Signal Acquired,15.378447,73.925725,-1.1,0.83,9.73,-0.01,0.02,-0.0,NO
,,,,,,,,,,,,,,,,,,,,,,,,,,,,,,,,,,,,,,,,,,,,,,,,,,,,,,,,,,,,,,,,,,,,,,,,,,,,,,,,,,,,,,,,,,,,,,,,,,,,,,,,,2025-04-24 13:13:34,Signal Acquired,15.378447,73.925725,0.54,1.73,9.73,-0.08,0.05,-0.0,NO
,,,,,,,,,,,,,,,,,,,,,,,,,,,,,,,,,,,,,,,,,,,,,,,,,,,,,,,,,,,,,,,,,,,,,,,,,,,,,,,,,,,,,,,,,,,,,,,,,,,,,,,,,2025-04-24 13:13:34,Signal Acquired,15.378555,73.925736,-0.73,0.65,9.55,-0.07,0.05,0.01,DETECTED
,,,,,,,,,,,,,,,,,,,,,,,,,,,,,,,,,,,,,,,,,,,,,,,,,,,,,,,,,,,,,,,,,,,,,,,,,,,,,,,,,,,,,,,,,,,,,,,,,,,,,,,,,2025-04-24 13:13:36,Signal Acquired,15.378555,73.925736,1.78,1.2,7.97,-0.03,-0.07,0.0,NO
,,,,,,,,,,,,,,,,,,,,,,,,,,,,,,,,,,,,,,,,,,,,,,,,,,,,,,,,,,,,,,,,,,,,,,,,,,,,,,,,,,,,,,,,,,,,,,,,,,,,,,,,,2025-04-24 13:13:36,Signal Acquired,15.378663,73.925749,2.41,1.64,8.16,-0.0,0.04,0.0,NO
,,,,,,,,,,,,,,,,,,,,,,,,,,,,,,,,,,,,,,,,,,,,,,,,,,,,,,,,,,,,,,,,,,,,,,,,,,,,,,,,,,,,,,,,,,,,,,,,,,,,,,,,,2025-04-24 13:13:36,Signal Acquired,15.378663,73.925749,2.28,1.25,9.25,-0.01,0.03,0.01,NO
,,,,,,,,,,,,,,,,,,,,,,,,,,,,,,,,,,,,,,,,,,,,,,,,,,,,,,,,,,,,,,,,,,,,,,,,,,,,,,,,,,,,,,,,,,,,,,,,,,,,,,,,,2025-04-24 13:13:38,Signal Acquired,15.378772,73.925762,0.42,1.53,9.26,0.01,0.1,0.01,NO
,,,,,,,,,,,,,,,,,,,,,,,,,,,,,,,,,,,,,,,,,,,,,,,,,,,,,,,,,,,,,,,,,,,,,,,,,,,,,,,,,,,,,,,,,,,,,,,,,,,,,,,,,2025-04-24 13:13:38,Signal Acquired,15.378772,73.925762,3.52,0.25,7.81,0.02,-0.02,0.01,NO
,,,,,,,,,,,,,,,,,,,,,,,,,,,,,,,,,,,,,,,,,,,,,,,,,,,,,,,,,,,,,,,,,,,,,,,,,,,,,,,,,,,,,,,,,,,,,,,,,,,,,,,,,2025-04-24 13:13:38,Signal Acquired,15.378881,73.925774,1.76,0.62,9.59,-0.04,0.04,0.0,NO
,,,,,,,,,,,,,,,,,,,,,,,,,,,,,,,,,,,,,,,,,,,,,,,,,,,,,,,,,,,,,,,,,,,,,,,,,,,,,,,,,,,,,,,,,,,,,,,,,,,,,,,,,2025-04-24 13:13:40,Signal Acquired,15.378881,73.925774,1.6,0.63,8.57,-0.06,0.07,0.01,NO
,,,,,,,,,,,,,,,,,,,,,,,,,,,,,,,,,,,,,,,,,,,,,,,,,,,,,,,,,,,,,,,,,,,,,,,,,,,,,,,,,,,,,,,,,,,,,,,,,,,,,,,,,2025-04-24 13:13:40,Signal Acquired,15.378988,73.925786,1.5,0.49,8.67,-0.03,-0.01,-0.0,DETECTED
,,,,,,,,,,,,,,,,,,,,,,,,,,,,,,,,,,,,,,,,,,,,,,,,,,,,,,,,,,,,,,,,,,,,,,,,,,,,,,,,,,,,,,,,,,,,,,,,,,,,,,,,,2025-04-24 13:13:40,Signal Acquired,15.378988,73.925786,0.88,0.25,9.01,-0.01,0.03,0.01,NO
,,,,,,,,,,,,,,,,,,,,,,,,,,,,,,,,,,,,,,,,,,,,,,,,,,,,,,,,,,,,,,,,,,,,,,,,,,,,,,,,,,,,,,,,,,,,,,,,,,,,,,,,,2025-04-24 13:13:43,Signal Acquired,15.379092,73.925796,1.85,-0.86,8.46,-0.03,-0.09,0.0,DETECTED
,,,,,,,,,,,,,,,,,,,,,,,,,,,,,,,,,,,,,,,,,,,,,,,,,,,,,,,,,,,,,,,,,,,,,,,,,,,,,,,,,,,,,,,,,,,,,,,,,,,,,,,,,2025-04-24 13:13:43,Signal Acquired,15.379092,73.925796,0.59,-0.27,9.32,0.01,0.01,-0.01,NO
,,,,,,,,,,,,,,,,,,,,,,,,,,,,,,,,,,,,,,,,,,,,,,,,,,,,,,,,,,,,,,,,,,,,,,,,,,,,,,,,,,,,,,,,,,,,,,,,,,,,,,,,,2025-04-24 13:13:43,Signal Acquired,15.379188,73.925806,1.34,0.13,8.83,-0.01,0.01,0.0,NO
,,,,,,,,,,,,,,,,,,,,,,,,,,,,,,,,,,,,,,,,,,,,,,,,,,,,,,,,,,,,,,,,,,,,,,,,,,,,,,,,,,,,,,,,,,,,,,,,,,,,,,,,,2025-04-24 13:13:45,Signal Acquired,15.379188,73.925806,1.65,0.77,9.17,0.01,-0.01,0.01,NO
,,,,,,,,,,,,,,,,,,,,,,,,,,,,,,,,,,,,,,,,,,,,,,,,,,,,,,,,,,,,,,,,,,,,,,,,,,,,,,,,,,,,,,,,,,,,,,,,,,,,,,,,,2025-04-24 13:13:45,Signal Acquired,15.379281,73.925815,0.02,0.79,9.6,-0.04,0.07,0.01,NO
,,,,,,,,,,,,,,,,,,,,,,,,,,,,,,,,,,,,,,,,,,,,,,,,,,,,,,,,,,,,,,,,,,,,,,,,,,,,,,,,,,,,,,,,,,,,,,,,,,,,,,,,,2025-04-24 13:13:45,Signal Acquired,15.379281,73.925815,1.17,0.5,9.28,0.0,-0.05,0.02,DETECTED
,,,,,,,,,,,,,,,,,,,,,,,,,,,,,,,,,,,,,,,,,,,,,,,,,,,,,,,,,,,,,,,,,,,,,,,,,,,,,,,,,,,,,,,,,,,,,,,,,,,,,,,,,2025-04-24 13:13:47,Signal Acquired,15.379375,73.925823,1.88,0.21,8.79,-0.02,-0.0,0.02,NO
,,,,,,,,,,,,,,,,,,,,,,,,,,,,,,,,,,,,,,,,,,,,,,,,,,,,,,,,,,,,,,,,,,,,,,,,,,,,,,,,,,,,,,,,,,,,,,,,,,,,,,,,,2025-04-24 13:13:47,Signal Acquired,15.379375,73.925823,-0.41,1.73,9.28,-0.04,0.12,0.01,DETECTED
,,,,,,,,,,,,,,,,,,,,,,,,,,,,,,,,,,,,,,,,,,,,,,,,,,,,,,,,,,,,,,,,,,,,,,,,,,,,,,,,,,,,,,,,,,,,,,,,,,,,,,,,,2025-04-24 13:13:47,Signal Acquired,15.379472,73.92583,1.53,0.89,9.69,-0.02,0.07,0.01,NO
,,,,,,,,,,,,,,,,,,,,,,,,,,,,,,,,,,,,,,,,,,,,,,,,,,,,,,,,,,,,,,,,,,,,,,,,,,,,,,,,,,,,,,,,,,,,,,,,,,,,,,,,,2025-04-24 13:13:49,Signal Acquired,15.379472,73.92583,3.56,0.72,7.29,0.01,-0.08,0.01,DETECTED
,,,,,,,,,,,,,,,,,,,,,,,,,,,,,,,,,,,,,,,,,,,,,,,,,,,,,,,,,,,,,,,,,,,,,,,,,,,,,,,,,,,,,,,,,,,,,,,,,,,,,,,,,2025-04-24 13:13:49,Signal Acquired,15.379572,73.925837,1.73,0.92,8.86,-0.07,-0.0,0.01,NO
,,,,,,,,,,,,,,,,,,,,,,,,,,,,,,,,,,,,,,,,,,,,,,,,,,,,,,,,,,,,,,,,,,,,,,,,,,,,,,,,,,,,,,,,,,,,,,,,,,,,,,,,,2025-04-24 13:13:49,Signal Acquired,15.379572,73.925837,2.35,1.04,9.52,0.03,-0.04,-0.02,NO
,,,,,,,,,,,,,,,,,,,,,,,,,,,,,,,,,,,,,,,,,,,,,,,,,,,,,,,,,,,,,,,,,,,,,,,,,,,,,,,,,,,,,,,,,,,,,,,,,,,,,,,,,2025-04-24 13:13:51,Signal Acquired,15.379676,73.925843,2.2,1.16,8.23,0.02,-0.01,-0.0,NO
,,,,,,,,,,,,,,,,,,,,,,,,,,,,,,,,,,,,,,,,,,,,,,,,,,,,,,,,,,,,,,,,,,,,,,,,,,,,,,,,,,,,,,,,,,,,,,,,,,,,,,,,,2025-04-24 13:13:51,Signal Acquired,15.379676,73.925843,0.88,0.5,10.19,-0.0,0.02,0.0,NO
,,,,,,,,,,,,,,,,,,,,,,,,,,,,,,,,,,,,,,,,,,,,,,,,,,,,,,,,,,,,,,,,,,,,,,,,,,,,,,,,,,,,,,,,,,,,,,,,,,,,,,,,,2025-04-24 13:13:51,Signal Acquired,15.379781,73.925851,1.16,0.56,9.63,-0.01,-0.0,0.01,NO
,,,,,,,,,,,,,,,,,,,,,,,,,,,,,,,,,,,,,,,,,,,,,,,,,,,,,,,,,,,,,,,,,,,,,,,,,,,,,,,,,,,,,,,,,,,,,,,,,,,,,,,,,2025-04-24 13:13:54,Signal Acquired,15.379781,73.925851,1.58,0.6,8.68,0.04,0.02,0.05,NO
,,,,,,,,,,,,,,,,,,,,,,,,,,,,,,,,,,,,,,,,,,,,,,,,,,,,,,,,,,,,,,,,,,,,,,,,,,,,,,,,,,,,,,,,,,,,,,,,,,,,,,,,,2025-04-24 13:13:54,Signal Acquired,15.379887,73.925857,2.61,0.56,8.55,-0.01,0.08,0.04,NO
,,,,,,,,,,,,,,,,,,,,,,,,,,,,,,,,,,,,,,,,,,,,,,,,,,,,,,,,,,,,,,,,,,,,,,,,,,,,,,,,,,,,,,,,,,,,,,,,,,,,,,,,,2025-04-24 13:13:54,Signal Acquired,15.379887,73.925857,0.41,0.33,9.37,-0.01,0.1,0.04,NO
,,,,,,,,,,,,,,,,,,,,,,,,,,,,,,,,,,,,,,,,,,,,,,,,,,,,,,,,,,,,,,,,,,,,,,,,,,,,,,,,,,,,,,,,,,,,,,,,,,,,,,,,,2025-04-24 13:13:56,Signal Acquired,15.379993,73.925859,1.34,-0.31,9.35,-0.03,0.03,0.07,NO
,,,,,,,,,,,,,,,,,,,,,,,,,,,,,,,,,,,,,,,,,,,,,,,,,,,,,,,,,,,,,,,,,,,,,,,,,,,,,,,,,,,,,,,,,,,,,,,,,,,,,,,,,2025-04-24 13:13:56,Signal Acquired,15.379993,73.925859,0.68,0.52,9.43,-0.01,0.05,0.07,NO
,,,,,,,,,,,,,,,,,,,,,,,,,,,,,,,,,,,,,,,,,,,,,,,,,,,,,,,,,,,,,,,,,,,,,,,,,,,,,,,,,,,,,,,,,,,,,,,,,,,,,,,,,2025-04-24 13:13:56,Signal Acquired,15.380099,73.925856,1.53,-0.02,9.24,-0.01,0.01,0.05,NO
,,,,,,,,,,,,,,,,,,,,,,,,,,,,,,,,,,,,,,,,,,,,,,,,,,,,,,,,,,,,,,,,,,,,,,,,,,,,,,,,,,,,,,,,,,,,,,,,,,,,,,,,,2025-04-24 13:13:58,Signal Acquired,15.380099,73.925856,2.05,0.42,9.25,0.01,0.04,0.05,NO
,,,,,,,,,,,,,,,,,,,,,,,,,,,,,,,,,,,,,,,,,,,,,,,,,,,,,,,,,,,,,,,,,,,,,,,,,,,,,,,,,,,,,,,,,,,,,,,,,,,,,,,,,2025-04-24 13:13:58,Signal Acquired,15.380202,73.925848,0.46,0.61,9.4,-0.0,0.02,0.04,NO
,,,,,,,,,,,,,,,,,,,,,,,,,,,,,,,,,,,,,,,,,,,,,,,,,,,,,,,,,,,,,,,,,,,,,,,,,,,,,,,,,,,,,,,,,,,,,,,,,,,,,,,,,2025-04-24 13:13:58,Signal Acquired,15.380202,73.925848,2.25,0.48,8.76,0.04,0.04,0.04,NO
,,,,,,,,,,,,,,,,,,,,,,,,,,,,,,,,,,,,,,,,,,,,,,,,,,,,,,,,,,,,,,,,,,,,,,,,,,,,,,,,,,,,,,,,,,,,,,,,,,,,,,,,,2025-04-24 13:14:00,Signal Acquired,15.380306,73.925834,1.16,0.27,9.31,0.01,0.04,0.02,NO
,,,,,,,,,,,,,,,,,,,,,,,,,,,,,,,,,,,,,,,,,,,,,,,,,,,,,,,,,,,,,,,,,,,,,,,,,,,,,,,,,,,,,,,,,,,,,,,,,,,,,,,,,2025-04-24 13:14:00,Signal Acquired,15.380306,73.925834,3.23,-1.02,8.89,-0.02,-0.07,0.0,DETECTED
,,,,,,,,,,,,,,,,,,,,,,,,,,,,,,,,,,,,,,,,,,,,,,,,,,,,,,,,,,,,,,,,,,,,,,,,,,,,,,,,,,,,,,,,,,,,,,,,,,,,,,,,,2025-04-24 13:14:00,Signal Acquired,15.380409,73.925816,1.36,-1.25,8.33,-0.04,0.03,0.03,NO
,,,,,,,,,,,,,,,,,,,,,,,,,,,,,,,,,,,,,,,,,,,,,,,,,,,,,,,,,,,,,,,,,,,,,,,,,,,,,,,,,,,,,,,,,,,,,,,,,,,,,,,,,2025-04-24 13:14:03,Signal Acquired,15.380409,73.925816,1.6,-0.71,9.39,0.01,-0.02,0.01,NO
,,,,,,,,,,,,,,,,,,,,,,,,,,,,,,,,,,,,,,,,,,,,,,,,,,,,,,,,,,,,,,,,,,,,,,,,,,,,,,,,,,,,,,,,,,,,,,,,,,,,,,,,,2025-04-24 13:14:03,Signal Acquired,15.380505,73.925799,4.47,-1.33,8.85,0.01,-0.03,0.01,NO
,,,,,,,,,,,,,,,,,,,,,,,,,,,,,,,,,,,,,,,,,,,,,,,,,,,,,,,,,,,,,,,,,,,,,,,,,,,,,,,,,,,,,,,,,,,,,,,,,,,,,,,,,2025-04-24 13:14:03,Signal Acquired,15.380505,73.925799,1.29,-0.34,9.17,-0.01,0.07,0.02,NO
,,,,,,,,,,,,,,,,,,,,,,,,,,,,,,,,,,,,,,,,,,,,,,,,,,,,,,,,,,,,,,,,,,,,,,,,,,,,,,,,,,,,,,,,,,,,,,,,,,,,,,,,,2025-04-24 13:14:05,Signal Acquired,15.380587,73.925785,1.87,0.04,8.9,-0.01,0.02,0.03,NO
,,,,,,,,,,,,,,,,,,,,,,,,,,,,,,,,,,,,,,,,,,,,,,,,,,,,,,,,,,,,,,,,,,,,,,,,,,,,,,,,,,,,,,,,,,,,,,,,,,,,,,,,,2025-04-24 13:14:05,Signal Acquired,15.380587,73.925785,1.22,0.5,9.17,0.01,0.08,0.03,NO
,,,,,,,,,,,,,,,,,,,,,,,,,,,,,,,,,,,,,,,,,,,,,,,,,,,,,,,,,,,,,,,,,,,,,,,,,,,,,,,,,,,,,,,,,,,,,,,,,,,,,,,,,2025-04-24 13:14:05,Signal Acquired,15.380657,73.92577,2.52,0.68,8.91,-0.04,0.05,0.02,NO
,,,,,,,,,,,,,,,,,,,,,,,,,,,,,,,,,,,,,,,,,,,,,,,,,,,,,,,,,,,,,,,,,,,,,,,,,,,,,,,,,,,,,,,,,,,,,,,,,,,,,,,,,2025-04-24 13:14:07,Signal Acquired,15.380657,73.92577,1.91,0.73,8.79,0.0,-0.01,0.03,NO
,,,,,,,,,,,,,,,,,,,,,,,,,,,,,,,,,,,,,,,,,,,,,,,,,,,,,,,,,,,,,,,,,,,,,,,,,,,,,,,,,,,,,,,,,,,,,,,,,,,,,,,,,2025-04-24 13:14:07,Signal Acquired,15.380722,73.92575,2.36,0.74,8.78,0.0,-0.0,0.03,NO
,,,,,,,,,,,,,,,,,,,,,,,,,,,,,,,,,,,,,,,,,,,,,,,,,,,,,,,,,,,,,,,,,,,,,,,,,,,,,,,,,,,,,,,,,,,,,,,,,,,,,,,,,2025-04-24 13:14:07,Signal Acquired,15.380722,73.92575,0.38,1.01,9.3,-0.03,0.07,0.03,DETECTED
,,,,,,,,,,,,,,,,,,,,,,,,,,,,,,,,,,,,,,,,,,,,,,,,,,,,,,,,,,,,,,,,,,,,,,,,,,,,,,,,,,,,,,,,,,,,,,,,,,,,,,,,,2025-04-24 13:14:09,Signal Acquired,15.380788,73.92573,2.38,0.88,9.03,0.02,-0.04,0.03,DETECTED
,,,,,,,,,,,,,,,,,,,,,,,,,,,,,,,,,,,,,,,,,,,,,,,,,,,,,,,,,,,,,,,,,,,,,,,,,,,,,,,,,,,,,,,,,,,,,,,,,,,,,,,,,2025-04-24 13:14:09,Signal Acquired,15.380788,73.92573,0.57,0.95,9.91,-0.02,0.05,0.02,NO
,,,,,,,,,,,,,,,,,,,,,,,,,,,,,,,,,,,,,,,,,,,,,,,,,,,,,,,,,,,,,,,,,,,,,,,,,,,,,,,,,,,,,,,,,,,,,,,,,,,,,,,,,2025-04-24 13:14:09,Signal Acquired,15.380854,73.925709,0.65,0.36,9.82,-0.05,0.03,0.02,NO
,,,,,,,,,,,,,,,,,,,,,,,,,,,,,,,,,,,,,,,,,,,,,,,,,,,,,,,,,,,,,,,,,,,,,,,,,,,,,,,,,,,,,,,,,,,,,,,,,,,,,,,,,2025-04-24 13:14:12,Signal Acquired,15.380854,73.925709,2.59,1.41,9.14,0.02,0.0,0.01,DETECTED
,,,,,,,,,,,,,,,,,,,,,,,,,,,,,,,,,,,,,,,,,,,,,,,,,,,,,,,,,,,,,,,,,,,,,,,,,,,,,,,,,,,,,,,,,,,,,,,,,,,,,,,,,2025-04-24 13:14:12,Signal Acquired,15.380922,73.925685,1.58,0.84,8.74,-0.03,0.09,0.01,DETECTED
,,,,,,,,,,,,,,,,,,,,,,,,,,,,,,,,,,,,,,,,,,,,,,,,,,,,,,,,,,,,,,,,,,,,,,,,,,,,,,,,,,,,,,,,,,,,,,,,,,,,,,,,,2025-04-24 13:14:12,Signal Acquired,15.380922,73.925685,1.64,0.77,9.21,-0.01,0.06,-0.01,NO
,,,,,,,,,,,,,,,,,,,,,,,,,,,,,,,,,,,,,,,,,,,,,,,,,,,,,,,,,,,,,,,,,,,,,,,,,,,,,,,,,,,,,,,,,,,,,,,,,,,,,,,,,2025-04-24 13:14:14,Signal Acquired,15.380989,73.925661,2.57,1.15,8.92,-0.0,-0.0,-0.01,DETECTED
,,,,,,,,,,,,,,,,,,,,,,,,,,,,,,,,,,,,,,,,,,,,,,,,,,,,,,,,,,,,,,,,,,,,,,,,,,,,,,,,,,,,,,,,,,,,,,,,,,,,,,,,,2025-04-24 13:14:14,Signal Acquired,15.380989,73.925661,2.59,0.08,9.37,-0.03,0.02,-0.0,DETECTED
,,,,,,,,,,,,,,,,,,,,,,,,,,,,,,,,,,,,,,,,,,,,,,,,,,,,,,,,,,,,,,,,,,,,,,,,,,,,,,,,,,,,,,,,,,,,,,,,,,,,,,,,,2025-04-24 13:14:14,Signal Acquired,15.381059,73.925637,0.02,0.88,9.12,-0.03,0.09,0.02,DETECTED
,,,,,,,,,,,,,,,,,,,,,,,,,,,,,,,,,,,,,,,,,,,,,,,,,,,,,,,,,,,,,,,,,,,,,,,,,,,,,,,,,,,,,,,,,,,,,,,,,,,,,,,,,2025-04-24 13:14:16,Signal Acquired,15.381059,73.925637,1.92,0.36,8.81,-0.02,0.01,0.01,NO
,,,,,,,,,,,,,,,,,,,,,,,,,,,,,,,,,,,,,,,,,,,,,,,,,,,,,,,,,,,,,,,,,,,,,,,,,,,,,,,,,,,,,,,,,,,,,,,,,,,,,,,,,2025-04-24 13:14:16,Signal Acquired,15.38113,73.925612,2.5,0.31,9.35,-0.05,0.04,0.01,NO
,,,,,,,,,,,,,,,,,,,,,,,,,,,,,,,,,,,,,,,,,,,,,,,,,,,,,,,,,,,,,,,,,,,,,,,,,,,,,,,,,,,,,,,,,,,,,,,,,,,,,,,,,2025-04-24 13:14:16,Signal Acquired,15.38113,73.925612,2.83,0.3,7.74,-0.02,-0.05,0.03,NO
,,,,,,,,,,,,,,,,,,,,,,,,,,,,,,,,,,,,,,,,,,,,,,,,,,,,,,,,,,,,,,,,,,,,,,,,,,,,,,,,,,,,,,,,,,,,,,,,,,,,,,,,,2025-04-24 13:14:18,Signal Acquired,15.381202,73.925586,2.34,0.97,9.02,-0.01,-0.01,0.03,DETECTED
,,,,,,,,,,,,,,,,,,,,,,,,,,,,,,,,,,,,,,,,,,,,,,,,,,,,,,,,,,,,,,,,,,,,,,,,,,,,,,,,,,,,,,,,,,,,,,,,,,,,,,,,,2025-04-24 13:14:18,Signal Acquired,15.381202,73.925586,1.98,0.99,9.57,-0.05,0.05,0.02,NO
,,,,,,,,,,,,,,,,,,,,,,,,,,,,,,,,,,,,,,,,,,,,,,,,,,,,,,,,,,,,,,,,,,,,,,,,,,,,,,,,,,,,,,,,,,,,,,,,,,,,,,,,,2025-04-24 13:14:18,Signal Acquired,15.381276,73.925557,2.02,0.35,8.94,-0.01,-0.0,0.02,NO
,,,,,,,,,,,,,,,,,,,,,,,,,,,,,,,,,,,,,,,,,,,,,,,,,,,,,,,,,,,,,,,,,,,,,,,,,,,,,,,,,,,,,,,,,,,,,,,,,,,,,,,,,2025-04-24 13:14:21,Signal Acquired,15.381276,73.925557,0.59,0.2,9.43,-0.05,0.05,0.03,DETECTED
,,,,,,,,,,,,,,,,,,,,,,,,,,,,,,,,,,,,,,,,,,,,,,,,,,,,,,,,,,,,,,,,,,,,,,,,,,,,,,,,,,,,,,,,,,,,,,,,,,,,,,,,,2025-04-24 13:14:21,Signal Acquired,15.381352,73.925524,1.58,1.18,9.51,0.0,0.0,0.02,DETECTED
,,,,,,,,,,,,,,,,,,,,,,,,,,,,,,,,,,,,,,,,,,,,,,,,,,,,,,,,,,,,,,,,,,,,,,,,,,,,,,,,,,,,,,,,,,,,,,,,,,,,,,,,,2025-04-24 13:14:21,Signal Acquired,15.381352,73.925524,1.98,1.61,9.23,-0.03,0.02,0.02,NO
,,,,,,,,,,,,,,,,,,,,,,,,,,,,,,,,,,,,,,,,,,,,,,,,,,,,,,,,,,,,,,,,,,,,,,,,,,,,,,,,,,,,,,,,,,,,,,,,,,,,,,,,,2025-04-24 13:14:23,Signal Acquired,15.38143,73.925489,1.46,1.14,9.11,-0.01,0.04,0.02,NO
,,,,,,,,,,,,,,,,,,,,,,,,,,,,,,,,,,,,,,,,,,,,,,,,,,,,,,,,,,,,,,,,,,,,,,,,,,,,,,,,,,,,,,,,,,,,,,,,,,,,,,,,,2025-04-24 13:14:23,Signal Acquired,15.38143,73.925489,0.9,1.17,9.28,-0.03,0.07,0.02,NO
,,,,,,,,,,,,,,,,,,,,,,,,,,,,,,,,,,,,,,,,,,,,,,,,,,,,,,,,,,,,,,,,,,,,,,,,,,,,,,,,,,,,,,,,,,,,,,,,,,,,,,,,,2025-04-24 13:14:23,Signal Acquired,15.381511,73.92545,2.18,0.68,9.12,-0.02,-0.03,0.03,DETECTED
,,,,,,,,,,,,,,,,,,,,,,,,,,,,,,,,,,,,,,,,,,,,,,,,,,,,,,,,,,,,,,,,,,,,,,,,,,,,,,,,,,,,,,,,,,,,,,,,,,,,,,,,,2025-04-24 13:14:25,Signal Acquired,15.381511,73.92545,0.69,0.91,9.43,-0.01,0.01,0.02,NO
,,,,,,,,,,,,,,,,,,,,,,,,,,,,,,,,,,,,,,,,,,,,,,,,,,,,,,,,,,,,,,,,,,,,,,,,,,,,,,,,,,,,,,,,,,,,,,,,,,,,,,,,,2025-04-24 13:14:25,Signal Acquired,15.381594,73.925407,3.02,1.27,8.43,-0.01,0.04,0.02,NO
,,,,,,,,,,,,,,,,,,,,,,,,,,,,,,,,,,,,,,,,,,,,,,,,,,,,,,,,,,,,,,,,,,,,,,,,,,,,,,,,,,,,,,,,,,,,,,,,,,,,,,,,,2025-04-24 13:14:25,Signal Acquired,15.381594,73.925407,-0.55,1.26,9.46,-0.03,0.09,0.02,DETECTED
,,,,,,,,,,,,,,,,,,,,,,,,,,,,,,,,,,,,,,,,,,,,,,,,,,,,,,,,,,,,,,,,,,,,,,,,,,,,,,,,,,,,,,,,,,,,,,,,,,,,,,,,,2025-04-24 13:14:27,Signal Acquired,15.381679,73.925361,1.69,0.74,8.92,-0.02,0.03,0.02,NO
,,,,,,,,,,,,,,,,,,,,,,,,,,,,,,,,,,,,,,,,,,,,,,,,,,,,,,,,,,,,,,,,,,,,,,,,,,,,,,,,,,,,,,,,,,,,,,,,,,,,,,,,,2025-04-24 13:14:27,Signal Acquired,15.381679,73.925361,1.23,0.42,9.14,-0.02,0.04,0.02,DETECTED
,,,,,,,,,,,,,,,,,,,,,,,,,,,,,,,,,,,,,,,,,,,,,,,,,,,,,,,,,,,,,,,,,,,,,,,,,,,,,,,,,,,,,,,,,,,,,,,,,,,,,,,,,2025-04-24 13:14:27,Signal Acquired,15.381768,73.92531,1.46,1.51,9.06,-0.01,0.06,0.02,NO
,,,,,,,,,,,,,,,,,,,,,,,,,,,,,,,,,,,,,,,,,,,,,,,,,,,,,,,,,,,,,,,,,,,,,,,,,,,,,,,,,,,,,,,,,,,,,,,,,,,,,,,,,2025-04-24 13:14:29,Signal Acquired,15.381768,73.92531,0.5,0.27,9.07,-0.01,0.01,0.05,NO
,,,,,,,,,,,,,,,,,,,,,,,,,,,,,,,,,,,,,,,,,,,,,,,,,,,,,,,,,,,,,,,,,,,,,,,,,,,,,,,,,,,,,,,,,,,,,,,,,,,,,,,,,2025-04-24 13:14:29,Signal Acquired,15.381857,73.925259,0.43,0.89,9.44,-0.04,0.03,0.05,NO
,,,,,,,,,,,,,,,,,,,,,,,,,,,,,,,,,,,,,,,,,,,,,,,,,,,,,,,,,,,,,,,,,,,,,,,,,,,,,,,,,,,,,,,,,,,,,,,,,,,,,,,,,2025-04-24 13:14:29,Signal Acquired,15.381857,73.925259,2.71,0.22,8.32,0.01,-0.01,0.04,NO
,,,,,,,,,,,,,,,,,,,,,,,,,,,,,,,,,,,,,,,,,,,,,,,,,,,,,,,,,,,,,,,,,,,,,,,,,,,,,,,,,,,,,,,,,,,,,,,,,,,,,,,,,2025-04-24 13:14:32,Signal Acquired,15.381943,73.925203,1.65,0.25,10.81,0.05,-0.06,0.02,DETECTED
,,,,,,,,,,,,,,,,,,,,,,,,,,,,,,,,,,,,,,,,,,,,,,,,,,,,,,,,,,,,,,,,,,,,,,,,,,,,,,,,,,,,,,,,,,,,,,,,,,,,,,,,,2025-04-24 13:14:32,Signal Acquired,15.381943,73.925203,0.69,0.63,9.79,-0.04,0.05,0.02,NO
,,,,,,,,,,,,,,,,,,,,,,,,,,,,,,,,,,,,,,,,,,,,,,,,,,,,,,,,,,,,,,,,,,,,,,,,,,,,,,,,,,,,,,,,,,,,,,,,,,,,,,,,,2025-04-24 13:14:32,Signal Acquired,15.382027,73.925144,2.41,-0.18,8.37,-0.03,-0.06,0.04,NO
,,,,,,,,,,,,,,,,,,,,,,,,,,,,,,,,,,,,,,,,,,,,,,,,,,,,,,,,,,,,,,,,,,,,,,,,,,,,,,,,,,,,,,,,,,,,,,,,,,,,,,,,,2025-04-24 13:14:34,Signal Acquired,15.382027,73.925144,1.14,0.17,8.76,-0.05,0.0,0.03,NO
,,,,,,,,,,,,,,,,,,,,,,,,,,,,,,,,,,,,,,,,,,,,,,,,,,,,,,,,,,,,,,,,,,,,,,,,,,,,,,,,,,,,,,,,,,,,,,,,,,,,,,,,,2025-04-24 13:14:34,Signal Acquired,15.382108,73.925086,1.47,0.61,7.96,-0.03,0.01,0.01,NO
,,,,,,,,,,,,,,,,,,,,,,,,,,,,,,,,,,,,,,,,,,,,,,,,,,,,,,,,,,,,,,,,,,,,,,,,,,,,,,,,,,,,,,,,,,,,,,,,,,,,,,,,,2025-04-24 13:14:34,Signal Acquired,15.382108,73.925086,2.09,0.57,8.38,-0.08,0.01,0.02,NO
,,,,,,,,,,,,,,,,,,,,,,,,,,,,,,,,,,,,,,,,,,,,,,,,,,,,,,,,,,,,,,,,,,,,,,,,,,,,,,,,,,,,,,,,,,,,,,,,,,,,,,,,,2025-04-24 13:14:36,Signal Acquired,15.382183,73.925026,1.07,1.71,9.21,-0.08,0.04,0.02,NO
,,,,,,,,,,,,,,,,,,,,,,,,,,,,,,,,,,,,,,,,,,,,,,,,,,,,,,,,,,,,,,,,,,,,,,,,,,,,,,,,,,,,,,,,,,,,,,,,,,,,,,,,,2025-04-24 13:14:36,Signal Acquired,15.382183,73.925026,5.28,0.32,8.8,0.37,-0.26,-0.06,DETECTED
,,,,,,,,,,,,,,,,,,,,,,,,,,,,,,,,,,,,,,,,,,,,,,,,,,,,,,,,,,,,,,,,,,,,,,,,,,,,,,,,,,,,,,,,,,,,,,,,,,,,,,,,,2025-04-24 13:14:36,Signal Acquired,15.382259,73.924968,2.48,2.74,5.18,0.6,-0.17,-0.03,DETECTED
,,,,,,,,,,,,,,,,,,,,,,,,,,,,,,,,,,,,,,,,,,,,,,,,,,,,,,,,,,,,,,,,,,,,,,,,,,,,,,,,,,,,,,,,,,,,,,,,,,,,,,,,,2025-04-24 13:14:38,Signal Acquired,15.382259,73.924968,-0.78,0.0,10.02,0.03,0.08,0.02,NO
,,,,,,,,,,,,,,,,,,,,,,,,,,,,,,,,,,,,,,,,,,,,,,,,,,,,,,,,,,,,,,,,,,,,,,,,,,,,,,,,,,,,,,,,,,,,,,,,,,,,,,,,,2025-04-24 13:14:38,Signal Acquired,15.38233,73.924909,1.45,0.71,9.7,-0.06,0.05,0.14,NO
,,,,,,,,,,,,,,,,,,,,,,,,,,,,,,,,,,,,,,,,,,,,,,,,,,,,,,,,,,,,,,,,,,,,,,,,,,,,,,,,,,,,,,,,,,,,,,,,,,,,,,,,,2025-04-24 13:14:38,Signal Acquired,15.38233,73.924909,1.6,0.65,9.21,-0.04,0.04,-0.03,NO
,,,,,,,,,,,,,,,,,,,,,,,,,,,,,,,,,,,,,,,,,,,,,,,,,,,,,,,,,,,,,,,,,,,,,,,,,,,,,,,,,,,,,,,,,,,,,,,,,,,,,,,,,2025-04-24 13:14:41,Signal Acquired,15.382398,73.924848,1.33,0.58,8.52,-0.06,0.04,0.02,NO
,,,,,,,,,,,,,,,,,,,,,,,,,,,,,,,,,,,,,,,,,,,,,,,,,,,,,,,,,,,,,,,,,,,,,,,,,,,,,,,,,,,,,,,,,,,,,,,,,,,,,,,,,2025-04-24 13:14:41,Signal Acquired,15.382398,73.924848,3.13,0.74,9.03,-0.06,0.07,0.03,DETECTED
,,,,,,,,,,,,,,,,,,,,,,,,,,,,,,,,,,,,,,,,,,,,,,,,,,,,,,,,,,,,,,,,,,,,,,,,,,,,,,,,,,,,,,,,,,,,,,,,,,,,,,,,,2025-04-24 13:14:41,Signal Acquired,15.382466,73.924785,1.62,0.5,10.14,-0.07,-0.08,0.03,DETECTED
,,,,,,,,,,,,,,,,,,,,,,,,,,,,,,,,,,,,,,,,,,,,,,,,,,,,,,,,,,,,,,,,,,,,,,,,,,,,,,,,,,,,,,,,,,,,,,,,,,,,,,,,,2025-04-24 13:14:43,Signal Acquired,15.382466,73.924785,2.29,0.53,8.13,0.04,0.03,0.05,NO
,,,,,,,,,,,,,,,,,,,,,,,,,,,,,,,,,,,,,,,,,,,,,,,,,,,,,,,,,,,,,,,,,,,,,,,,,,,,,,,,,,,,,,,,,,,,,,,,,,,,,,,,,2025-04-24 13:14:43,Signal Acquired,15.382531,73.924717,3.28,0.51,8.1,0.01,-0.0,0.04,NO
,,,,,,,,,,,,,,,,,,,,,,,,,,,,,,,,,,,,,,,,,,,,,,,,,,,,,,,,,,,,,,,,,,,,,,,,,,,,,,,,,,,,,,,,,,,,,,,,,,,,,,,,,2025-04-24 13:14:43,Signal Acquired,15.382531,73.924717,1.31,0.07,9.64,-0.05,-0.02,0.05,DETECTED
,,,,,,,,,,,,,,,,,,,,,,,,,,,,,,,,,,,,,,,,,,,,,,,,,,,,,,,,,,,,,,,,,,,,,,,,,,,,,,,,,,,,,,,,,,,,,,,,,,,,,,,,,2025-04-24 13:14:45,Signal Acquired,15.382588,73.924653,1.36,-0.67,9.42,0.03,-0.06,0.15,NO
,,,,,,,,,,,,,,,,,,,,,,,,,,,,,,,,,,,,,,,,,,,,,,,,,,,,,,,,,,,,,,,,,,,,,,,,,,,,,,,,,,,,,,,,,,,,,,,,,,,,,,,,,2025-04-24 13:14:45,Signal Acquired,15.382588,73.924653,1.41,0.06,9.18,-0.13,0.16,-0.18,DETECTED
,,,,,,,,,,,,,,,,,,,,,,,,,,,,,,,,,,,,,,,,,,,,,,,,,,,,,,,,,,,,,,,,,,,,,,,,,,,,,,,,,,,,,,,,,,,,,,,,,,,,,,,,,2025-04-24 13:14:45,Signal Acquired,15.382644,73.924588,1.46,0.23,9.46,0.07,0.07,0.04,DETECTED
,,,,,,,,,,,,,,,,,,,,,,,,,,,,,,,,,,,,,,,,,,,,,,,,,,,,,,,,,,,,,,,,,,,,,,,,,,,,,,,,,,,,,,,,,,,,,,,,,,,,,,,,,2025-04-24 13:14:47,Signal Acquired,15.382644,73.924588,0.87,-0.63,9.84,0.02,0.0,0.05,NO
,,,,,,,,,,,,,,,,,,,,,,,,,,,,,,,,,,,,,,,,,,,,,,,,,,,,,,,,,,,,,,,,,,,,,,,,,,,,,,,,,,,,,,,,,,,,,,,,,,,,,,,,,2025-04-24 13:14:47,Signal Acquired,15.382698,73.924539,0.76,-0.37,9.45,0.14,-0.04,0.28,NO
,,,,,,,,,,,,,,,,,,,,,,,,,,,,,,,,,,,,,,,,,,,,,,,,,,,,,,,,,,,,,,,,,,,,,,,,,,,,,,,,,,,,,,,,,,,,,,,,,,,,,,,,,2025-04-24 13:14:47,Signal Acquired,15.382698,73.924539,1.36,-0.36,9.7,0.07,0.02,0.13,NO
,,,,,,,,,,,,,,,,,,,,,,,,,,,,,,,,,,,,,,,,,,,,,,,,,,,,,,,,,,,,,,,,,,,,,,,,,,,,,,,,,,,,,,,,,,,,,,,,,,,,,,,,,2025-04-24 13:14:50,Signal Acquired,15.382738,73.924494,-0.64,-0.26,9.52,-0.06,0.12,0.29,NO
,,,,,,,,,,,,,,,,,,,,,,,,,,,,,,,,,,,,,,,,,,,,,,,,,,,,,,,,,,,,,,,,,,,,,,,,,,,,,,,,,,,,,,,,,,,,,,,,,,,,,,,,,2025-04-24 13:14:50,Signal Acquired,15.382738,73.924494,0.74,-1.38,8.91,0.05,-0.0,0.39,DETECTED
,,,,,,,,,,,,,,,,,,,,,,,,,,,,,,,,,,,,,,,,,,,,,,,,,,,,,,,,,,,,,,,,,,,,,,,,,,,,,,,,,,,,,,,,,,,,,,,,,,,,,,,,,2025-04-24 13:14:50,Signal Acquired,15.382749,73.924447,-2.07,0.56,9.58,0.41,0.08,0.33,NO
,,,,,,,,,,,,,,,,,,,,,,,,,,,,,,,,,,,,,,,,,,,,,,,,,,,,,,,,,,,,,,,,,,,,,,,,,,,,,,,,,,,,,,,,,,,,,,,,,,,,,,,,,2025-04-24 13:14:52,Signal Acquired,15.382749,73.924447,-0.94,1.82,10.0,0.0,0.23,0.43,NO
,,,,,,,,,,,,,,,,,,,,,,,,,,,,,,,,,,,,,,,,,,,,,,,,,,,,,,,,,,,,,,,,,,,,,,,,,,,,,,,,,,,,,,,,,,,,,,,,,,,,,,,,,2025-04-24 13:14:52,Signal Acquired,15.382759,73.924403,0.46,1.3,8.59,0.13,-0.01,0.28,NO
,,,,,,,,,,,,,,,,,,,,,,,,,,,,,,,,,,,,,,,,,,,,,,,,,,,,,,,,,,,,,,,,,,,,,,,,,,,,,,,,,,,,,,,,,,,,,,,,,,,,,,,,,2025-04-24 13:14:52,Signal Acquired,15.382759,73.924403,0.64,1.2,8.98,-0.01,0.01,0.19,NO
,,,,,,,,,,,,,,,,,,,,,,,,,,,,,,,,,,,,,,,,,,,,,,,,,,,,,,,,,,,,,,,,,,,,,,,,,,,,,,,,,,,,,,,,,,,,,,,,,,,,,,,,,2025-04-24 13:14:54,Signal Acquired,15.382759,73.924357,0.27,1.44,9.37,-0.02,0.05,0.11,NO
,,,,,,,,,,,,,,,,,,,,,,,,,,,,,,,,,,,,,,,,,,,,,,,,,,,,,,,,,,,,,,,,,,,,,,,,,,,,,,,,,,,,,,,,,,,,,,,,,,,,,,,,,2025-04-24 13:14:54,Signal Acquired,15.382759,73.924357,0.99,1.7,9.12,-0.06,0.04,0.06,NO
,,,,,,,,,,,,,,,,,,,,,,,,,,,,,,,,,,,,,,,,,,,,,,,,,,,,,,,,,,,,,,,,,,,,,,,,,,,,,,,,,,,,,,,,,,,,,,,,,,,,,,,,,2025-04-24 13:14:54,Signal Acquired,15.382749,73.924332,1.66,2.68,9.1,0.01,-0.01,0.01,DETECTED
,,,,,,,,,,,,,,,,,,,,,,,,,,,,,,,,,,,,,,,,,,,,,,,,,,,,,,,,,,,,,,,,,,,,,,,,,,,,,,,,,,,,,,,,,,,,,,,,,,,,,,,,,2025-04-24 13:14:56,Signal Acquired,15.382749,73.924332,0.99,2.58,9.22,0.0,-0.0,0.01,NO
,,,,,,,,,,,,,,,,,,,,,,,,,,,,,,,,,,,,,,,,,,,,,,,,,,,,,,,,,,,,,,,,,,,,,,,,,,,,,,,,,,,,,,,,,,,,,,,,,,,,,,,,,2025-04-24 13:14:56,Signal Acquired,15.382737,73.924305,1.1,1.48,9.01,-0.04,0.04,0.0,NO
,,,,,,,,,,,,,,,,,,,,,,,,,,,,,,,,,,,,,,,,,,,,,,,,,,,,,,,,,,,,,,,,,,,,,,,,,,,,,,,,,,,,,,,,,,,,,,,,,,,,,,,,,2025-04-24 13:14:56,Signal Acquired,15.382737,73.924305,1.27,1.06,9.25,-0.06,-0.01,0.0,NO
,,,,,,,,,,,,,,,,,,,,,,,,,,,,,,,,,,,,,,,,,,,,,,,,,,,,,,,,,,,,,,,,,,,,,,,,,,,,,,,,,,,,,,,,,,,,,,,,,,,,,,,,,2025-04-24 13:14:59,Signal Acquired,15.382726,73.924282,1.38,0.97,8.93,-0.07,-0.0,-0.01,NO
,,,,,,,,,,,,,,,,,,,,,,,,,,,,,,,,,,,,,,,,,,,,,,,,,,,,,,,,,,,,,,,,,,,,,,,,,,,,,,,,,,,,,,,,,,,,,,,,,,,,,,,,,2025-04-24 13:14:59,Signal Acquired,15.382726,73.924282,1.22,1.35,9.58,-0.06,0.02,-0.07,NO
,,,,,,,,,,,,,,,,,,,,,,,,,,,,,,,,,,,,,,,,,,,,,,,,,,,,,,,,,,,,,,,,,,,,,,,,,,,,,,,,,,,,,,,,,,,,,,,,,,,,,,,,,2025-04-24 13:14:59,Signal Acquired,15.382718,73.924254,1.21,1.37,9.42,-0.03,0.11,-0.12,DETECTED
,,,,,,,,,,,,,,,,,,,,,,,,,,,,,,,,,,,,,,,,,,,,,,,,,,,,,,,,,,,,,,,,,,,,,,,,,,,,,,,,,,,,,,,,,,,,,,,,,,,,,,,,,2025-04-24 13:15:01,Signal Acquired,15.382718,73.924254,2.33,0.41,9.3,0.03,-0.05,-0.1,DETECTED
,,,,,,,,,,,,,,,,,,,,,,,,,,,,,,,,,,,,,,,,,,,,,,,,,,,,,,,,,,,,,,,,,,,,,,,,,,,,,,,,,,,,,,,,,,,,,,,,,,,,,,,,,2025-04-24 13:15:01,Signal Acquired,15.382704,73.924228,1.28,-0.13,9.8,-0.1,0.1,-0.34,DETECTED
,,,,,,,,,,,,,,,,,,,,,,,,,,,,,,,,,,,,,,,,,,,,,,,,,,,,,,,,,,,,,,,,,,,,,,,,,,,,,,,,,,,,,,,,,,,,,,,,,,,,,,,,,2025-04-24 13:15:01,Signal Acquired,15.382704,73.924228,2.65,0.77,9.01,0.03,-0.09,-0.09,NO
,,,,,,,,,,,,,,,,,,,,,,,,,,,,,,,,,,,,,,,,,,,,,,,,,,,,,,,,,,,,,,,,,,,,,,,,,,,,,,,,,,,,,,,,,,,,,,,,,,,,,,,,,2025-04-24 13:15:03,Signal Acquired,15.382692,73.924211,1.73,0.26,9.16,-0.02,-0.02,-0.07,NO
,,,,,,,,,,,,,,,,,,,,,,,,,,,,,,,,,,,,,,,,,,,,,,,,,,,,,,,,,,,,,,,,,,,,,,,,,,,,,,,,,,,,,,,,,,,,,,,,,,,,,,,,,2025-04-24 13:15:03,Signal Acquired,15.382692,73.924211,1.69,0.82,10.05,-0.17,0.17,-0.05,NO
,,,,,,,,,,,,,,,,,,,,,,,,,,,,,,,,,,,,,,,,,,,,,,,,,,,,,,,,,,,,,,,,,,,,,,,,,,,,,,,,,,,,,,,,,,,,,,,,,,,,,,,,,2025-04-24 13:15:03,Signal Acquired,15.382684,73.924194,1.68,2.04,8.67,0.02,-0.01,-0.07,NO
,,,,,,,,,,,,,,,,,,,,,,,,,,,,,,,,,,,,,,,,,,,,,,,,,,,,,,,,,,,,,,,,,,,,,,,,,,,,,,,,,,,,,,,,,,,,,,,,,,,,,,,,,2025-04-24 13:15:05,Signal Acquired,15.382684,73.924194,1.17,3.24,9.6,0.04,0.01,-0.11,NO
,,,,,,,,,,,,,,,,,,,,,,,,,,,,,,,,,,,,,,,,,,,,,,,,,,,,,,,,,,,,,,,,,,,,,,,,,,,,,,,,,,,,,,,,,,,,,,,,,,,,,,,,,2025-04-24 13:15:05,Signal Acquired,15.382675,73.924181,1.19,2.79,8.68,-0.02,0.04,-0.11,NO
,,,,,,,,,,,,,,,,,,,,,,,,,,,,,,,,,,,,,,,,,,,,,,,,,,,,,,,,,,,,,,,,,,,,,,,,,,,,,,,,,,,,,,,,,,,,,,,,,,,,,,,,,2025-04-24 13:15:05,Signal Acquired,15.382675,73.924181,-1.4,1.93,9.93,-0.08,0.04,-0.06,DETECTED
,,,,,,,,,,,,,,,,,,,,,,,,,,,,,,,,,,,,,,,,,,,,,,,,,,,,,,,,,,,,,,,,,,,,,,,,,,,,,,,,,,,,,,,,,,,,,,,,,,,,,,,,,2025-04-24 13:15:08,Signal Acquired,15.382673,73.924154,0.44,1.84,8.92,-0.06,0.17,-0.04,DETECTED
,,,,,,,,,,,,,,,,,,,,,,,,,,,,,,,,,,,,,,,,,,,,,,,,,,,,,,,,,,,,,,,,,,,,,,,,,,,,,,,,,,,,,,,,,,,,,,,,,,,,,,,,,2025-04-24 13:15:08,Signal Acquired,15.382673,73.924154,0.28,1.49,9.6,-0.01,-0.07,0.01,DETECTED
,,,,,,,,,,,,,,,,,,,,,,,,,,,,,,,,,,,,,,,,,,,,,,,,,,,,,,,,,,,,,,,,,,,,,,,,,,,,,,,,,,,,,,,,,,,,,,,,,,,,,,,,,2025-04-24 13:15:08,Signal Acquired,15.38267,73.924122,0.37,0.95,9.76,0.02,0.09,0.09,DETECTED
,,,,,,,,,,,,,,,,,,,,,,,,,,,,,,,,,,,,,,,,,,,,,,,,,,,,,,,,,,,,,,,,,,,,,,,,,,,,,,,,,,,,,,,,,,,,,,,,,,,,,,,,,2025-04-24 13:15:10,Signal Acquired,15.38267,73.924122,0.57,0.61,9.11,0.0,0.0,0.22,NO
,,,,,,,,,,,,,,,,,,,,,,,,,,,,,,,,,,,,,,,,,,,,,,,,,,,,,,,,,,,,,,,,,,,,,,,,,,,,,,,,,,,,,,,,,,,,,,,,,,,,,,,,,2025-04-24 13:15:10,Signal Acquired,15.382672,73.924096,0.86,0.96,8.31,0.04,0.07,0.29,NO
,,,,,,,,,,,,,,,,,,,,,,,,,,,,,,,,,,,,,,,,,,,,,,,,,,,,,,,,,,,,,,,,,,,,,,,,,,,,,,,,,,,,,,,,,,,,,,,,,,,,,,,,,2025-04-24 13:15:10,Signal Acquired,15.382672,73.924096,1.41,0.87,8.8,0.02,0.07,0.29,NO
,,,,,,,,,,,,,,,,,,,,,,,,,,,,,,,,,,,,,,,,,,,,,,,,,,,,,,,,,,,,,,,,,,,,,,,,,,,,,,,,,,,,,,,,,,,,,,,,,,,,,,,,,2025-04-24 13:15:12,Signal Acquired,15.382676,73.924063,0.67,0.77,9.48,0.01,-0.02,0.28,DETECTED
,,,,,,,,,,,,,,,,,,,,,,,,,,,,,,,,,,,,,,,,,,,,,,,,,,,,,,,,,,,,,,,,,,,,,,,,,,,,,,,,,,,,,,,,,,,,,,,,,,,,,,,,,2025-04-24 13:15:12,Signal Acquired,15.382676,73.924063,0.33,1.13,9.36,-0.0,-0.01,0.14,DETECTED
,,,,,,,,,,,,,,,,,,,,,,,,,,,,,,,,,,,,,,,,,,,,,,,,,,,,,,,,,,,,,,,,,,,,,,,,,,,,,,,,,,,,,,,,,,,,,,,,,,,,,,,,,2025-04-24 13:15:12,Signal Acquired,15.382663,73.924053,1.72,0.48,9.41,0.01,0.1,0.02,DETECTED
,,,,,,,,,,,,,,,,,,,,,,,,,,,,,,,,,,,,,,,,,,,,,,,,,,,,,,,,,,,,,,,,,,,,,,,,,,,,,,,,,,,,,,,,,,,,,,,,,,,,,,,,,2025-04-24 13:15:14,Signal Acquired,15.382663,73.924053,-1.37,1.12,10.0,-0.01,0.06,-0.1,DETECTED
,,,,,,,,,,,,,,,,,,,,,,,,,,,,,,,,,,,,,,,,,,,,,,,,,,,,,,,,,,,,,,,,,,,,,,,,,,,,,,,,,,,,,,,,,,,,,,,,,,,,,,,,,2025-04-24 13:15:14,Signal Acquired,15.382654,73.924042,2.22,0.82,9.23,-0.0,-0.03,-0.17,NO
,,,,,,,,,,,,,,,,,,,,,,,,,,,,,,,,,,,,,,,,,,,,,,,,,,,,,,,,,,,,,,,,,,,,,,,,,,,,,,,,,,,,,,,,,,,,,,,,,,,,,,,,,2025-04-24 13:15:14,Signal Acquired,15.382654,73.924042,2.0,0.42,9.43,-0.05,0.06,-0.25,DETECTED
,,,,,,,,,,,,,,,,,,,,,,,,,,,,,,,,,,,,,,,,,,,,,,,,,,,,,,,,,,,,,,,,,,,,,,,,,,,,,,,,,,,,,,,,,,,,,,,,,,,,,,,,,2025-04-24 13:15:16,Signal Acquired,15.382647,73.923999,2.38,0.11,8.83,-0.05,-0.04,-0.38,NO
,,,,,,,,,,,,,,,,,,,,,,,,,,,,,,,,,,,,,,,,,,,,,,,,,,,,,,,,,,,,,,,,,,,,,,,,,,,,,,,,,,,,,,,,,,,,,,,,,,,,,,,,,2025-04-24 13:15:16,Signal Acquired,15.382647,73.923999,3.82,-0.04,8.96,-0.09,-0.04,-0.46,NO
,,,,,,,,,,,,,,,,,,,,,,,,,,,,,,,,,,,,,,,,,,,,,,,,,,,,,,,,,,,,,,,,,,,,,,,,,,,,,,,,,,,,,,,,,,,,,,,,,,,,,,,,,2025-04-24 13:15:16,Signal Acquired,15.382648,73.923975,3.21,0.3,9.24,-0.08,-0.1,-0.49,DETECTED
,,,,,,,,,,,,,,,,,,,,,,,,,,,,,,,,,,,,,,,,,,,,,,,,,,,,,,,,,,,,,,,,,,,,,,,,,,,,,,,,,,,,,,,,,,,,,,,,,,,,,,,,,2025-04-24 13:15:19,Signal Acquired,15.382648,73.923975,1.42,0.57,9.67,-0.1,-0.06,-0.48,DETECTED
,,,,,,,,,,,,,,,,,,,,,,,,,,,,,,,,,,,,,,,,,,,,,,,,,,,,,,,,,,,,,,,,,,,,,,,,,,,,,,,,,,,,,,,,,,,,,,,,,,,,,,,,,2025-04-24 13:15:19,Signal Acquired,15.382648,73.923971,2.77,1.28,9.02,-0.05,0.01,-0.39,DETECTED
,,,,,,,,,,,,,,,,,,,,,,,,,,,,,,,,,,,,,,,,,,,,,,,,,,,,,,,,,,,,,,,,,,,,,,,,,,,,,,,,,,,,,,,,,,,,,,,,,,,,,,,,,2025-04-24 13:15:19,Signal Acquired,15.382648,73.923971,1.51,0.92,9.33,-0.11,0.09,-0.28,NO
,,,,,,,,,,,,,,,,,,,,,,,,,,,,,,,,,,,,,,,,,,,,,,,,,,,,,,,,,,,,,,,,,,,,,,,,,,,,,,,,,,,,,,,,,,,,,,,,,,,,,,,,,2025-04-24 13:15:21,Signal Acquired,15.382648,73.923973,2.09,0.7,8.85,-0.08,0.05,-0.2,NO
,,,,,,,,,,,,,,,,,,,,,,,,,,,,,,,,,,,,,,,,,,,,,,,,,,,,,,,,,,,,,,,,,,,,,,,,,,,,,,,,,,,,,,,,,,,,,,,,,,,,,,,,,2025-04-24 13:15:21,Signal Acquired,15.382648,73.923973,1.3,0.79,9.16,-0.1,0.06,-0.07,NO
,,,,,,,,,,,,,,,,,,,,,,,,,,,,,,,,,,,,,,,,,,,,,,,,,,,,,,,,,,,,,,,,,,,,,,,,,,,,,,,,,,,,,,,,,,,,,,,,,,,,,,,,,2025-04-24 13:15:21,Signal Acquired,15.38266,73.923964,1.53,1.07,8.79,-0.03,0.05,-0.02,NO
,,,,,,,,,,,,,,,,,,,,,,,,,,,,,,,,,,,,,,,,,,,,,,,,,,,,,,,,,,,,,,,,,,,,,,,,,,,,,,,,,,,,,,,,,,,,,,,,,,,,,,,,,2025-04-24 13:15:23,Signal Acquired,15.38266,73.923964,1.55,1.23,8.89,-0.02,0.03,-0.01,NO
,,,,,,,,,,,,,,,,,,,,,,,,,,,,,,,,,,,,,,,,,,,,,,,,,,,,,,,,,,,,,,,,,,,,,,,,,,,,,,,,,,,,,,,,,,,,,,,,,,,,,,,,,2025-04-24 13:15:23,Signal Acquired,15.382657,73.923968,1.57,0.77,8.88,-0.0,0.01,-0.01,NO
,,,,,,,,,,,,,,,,,,,,,,,,,,,,,,,,,,,,,,,,,,,,,,,,,,,,,,,,,,,,,,,,,,,,,,,,,,,,,,,,,,,,,,,,,,,,,,,,,,,,,,,,,2025-04-24 13:15:23,Signal Acquired,15.382657,73.923968,1.4,1.08,8.9,-0.02,0.05,-0.0,NO
,,,,,,,,,,,,,,,,,,,,,,,,,,,,,,,,,,,,,,,,,,,,,,,,,,,,,,,,,,,,,,,,,,,,,,,,,,,,,,,,,,,,,,,,,,,,,,,,,,,,,,,,,2025-04-24 13:15:25,Signal Acquired,15.382659,73.923966,1.42,0.87,9.35,-0.0,0.01,0.0,NO
,,,,,,,,,,,,,,,,,,,,,,,,,,,,,,,,,,,,,,,,,,,,,,,,,,,,,,,,,,,,,,,,,,,,,,,,,,,,,,,,,,,,,,,,,,,,,,,,,,,,,,,,,2025-04-24 13:15:25,Signal Acquired,15.382659,73.923966,1.68,1.5,8.76,-0.04,0.08,0.01,NO
,,,,,,,,,,,,,,,,,,,,,,,,,,,,,,,,,,,,,,,,,,,,,,,,,,,,,,,,,,,,,,,,,,,,,,,,,,,,,,,,,,,,,,,,,,,,,,,,,,,,,,,,,2025-04-24 13:15:25,Signal Acquired,15.382618,73.923976,1.31,0.6,9.26,0.0,0.02,0.02,NO
,,,,,,,,,,,,,,,,,,,,,,,,,,,,,,,,,,,,,,,,,,,,,,,,,,,,,,,,,,,,,,,,,,,,,,,,,,,,,,,,,,,,,,,,,,,,,,,,,,,,,,,,,2025-04-24 13:15:28,Signal Acquired,15.382618,73.923976,1.25,0.29,9.11,-0.04,0.05,-0.0,NO
,,,,,,,,,,,,,,,,,,,,,,,,,,,,,,,,,,,,,,,,,,,,,,,,,,,,,,,,,,,,,,,,,,,,,,,,,,,,,,,,,,,,,,,,,,,,,,,,,,,,,,,,,2025-04-24 13:15:28,Signal Acquired,15.382607,73.923923,1.13,0.14,9.39,-0.01,0.02,0.0,NO
,,,,,,,,,,,,,,,,,,,,,,,,,,,,,,,,,,,,,,,,,,,,,,,,,,,,,,,,,,,,,,,,,,,,,,,,,,,,,,,,,,,,,,,,,,,,,,,,,,,,,,,,,2025-04-24 13:15:28,Signal Acquired,15.382607,73.923923,1.31,0.7,9.17,-0.02,0.03,-0.0,NO
,,,,,,,,,,,,,,,,,,,,,,,,,,,,,,,,,,,,,,,,,,,,,,,,,,,,,,,,,,,,,,,,,,,,,,,,,,,,,,,,,,,,,,,,,,,,,,,,,,,,,,,,,2025-04-24 13:15:30,Signal Acquired,15.382611,73.923884,1.34,0.91,9.36,-0.01,0.02,-0.0,NO
,,,,,,,,,,,,,,,,,,,,,,,,,,,,,,,,,,,,,,,,,,,,,,,,,,,,,,,,,,,,,,,,,,,,,,,,,,,,,,,,,,,,,,,,,,,,,,,,,,,,,,,,,2025-04-24 13:15:30,Signal Acquired,15.382611,73.923884,1.38,1.22,9.17,-0.01,0.01,0.01,NO
,,,,,,,,,,,,,,,,,,,,,,,,,,,,,,,,,,,,,,,,,,,,,,,,,,,,,,,,,,,,,,,,,,,,,,,,,,,,,,,,,,,,,,,,,,,,,,,,,,,,,,,,,2025-04-24 13:15:30,Signal Acquired,15.382642,73.923843,1.23,0.73,9.43,-0.06,0.04,0.03,NO
,,,,,,,,,,,,,,,,,,,,,,,,,,,,,,,,,,,,,,,,,,,,,,,,,,,,,,,,,,,,,,,,,,,,,,,,,,,,,,,,,,,,,,,,,,,,,,,,,,,,,,,,,2025-04-24 13:15:32,Signal Acquired,15.382642,73.923843,1.74,1.14,8.88,-0.02,0.02,0.0,NO
,,,,,,,,,,,,,,,,,,,,,,,,,,,,,,,,,,,,,,,,,,,,,,,,,,,,,,,,,,,,,,,,,,,,,,,,,,,,,,,,,,,,,,,,,,,,,,,,,,,,,,,,,2025-04-24 13:15:32,Signal Acquired,15.382637,73.923839,1.33,1.07,9.36,0.01,0.02,-0.0,DETECTED
,,,,,,,,,,,,,,,,,,,,,,,,,,,,,,,,,,,,,,,,,,,,,,,,,,,,,,,,,,,,,,,,,,,,,,,,,,,,,,,,,,,,,,,,,,,,,,,,,,,,,,,,,2025-04-24 13:15:32,Signal Acquired,15.382637,73.923839,1.41,1.18,8.95,-0.02,0.03,-0.0,NO
,,,,,,,,,,,,,,,,,,,,,,,,,,,,,,,,,,,,,,,,,,,,,,,,,,,,,,,,,,,,,,,,,,,,,,,,,,,,,,,,,,,,,,,,,,,,,,,,,,,,,,,,,2025-04-24 13:15:34,Signal Acquired,15.382633,73.923859,1.42,1.29,9.09,-0.0,-0.01,-0.02,NO
,,,,,,,,,,,,,,,,,,,,,,,,,,,,,,,,,,,,,,,,,,,,,,,,,,,,,,,,,,,,,,,,,,,,,,,,,,,,,,,,,,,,,,,,,,,,,,,,,,,,,,,,,2025-04-24 13:15:34,Signal Acquired,15.382633,73.923859,1.47,0.7,9.31,-0.01,0.02,-0.03,NO
,,,,,,,,,,,,,,,,,,,,,,,,,,,,,,,,,,,,,,,,,,,,,,,,,,,,,,,,,,,,,,,,,,,,,,,,,,,,,,,,,,,,,,,,,,,,,,,,,,,,,,,,,2025-04-24 13:15:34,Signal Acquired,15.382621,73.923875,1.7,0.89,9.11,0.01,0.01,0.01,NO
,,,,,,,,,,,,,,,,,,,,,,,,,,,,,,,,,,,,,,,,,,,,,,,,,,,,,,,,,,,,,,,,,,,,,,,,,,,,,,,,,,,,,,,,,,,,,,,,,,,,,,,,,2025-04-24 13:15:37,Signal Acquired,15.382621,73.923875,1.47,0.85,9.18,-0.03,0.03,0.0,NO
,,,,,,,,,,,,,,,,,,,,,,,,,,,,,,,,,,,,,,,,,,,,,,,,,,,,,,,,,,,,,,,,,,,,,,,,,,,,,,,,,,,,,,,,,,,,,,,,,,,,,,,,,2025-04-24 13:15:37,Signal Acquired,15.382633,73.923885,1.44,0.8,9.24,-0.01,0.01,0.0,NO
,,,,,,,,,,,,,,,,,,,,,,,,,,,,,,,,,,,,,,,,,,,,,,,,,,,,,,,,,,,,,,,,,,,,,,,,,,,,,,,,,,,,,,,,,,,,,,,,,,,,,,,,,2025-04-24 13:15:37,Signal Acquired,15.382633,73.923885,1.55,0.7,8.81,-0.04,0.02,0.0,NO
,,,,,,,,,,,,,,,,,,,,,,,,,,,,,,,,,,,,,,,,,,,,,,,,,,,,,,,,,,,,,,,,,,,,,,,,,,,,,,,,,,,,,,,,,,,,,,,,,,,,,,,,,2025-04-24 13:15:39,Signal Acquired,15.382642,73.92389,0.96,0.67,9.19,-0.03,0.04,0.0,NO
,,,,,,,,,,,,,,,,,,,,,,,,,,,,,,,,,,,,,,,,,,,,,,,,,,,,,,,,,,,,,,,,,,,,,,,,,,,,,,,,,,,,,,,,,,,,,,,,,,,,,,,,,2025-04-24 13:15:39,Signal Acquired,15.382642,73.92389,2.01,1.37,8.97,-0.01,0.01,0.0,NO
,,,,,,,,,,,,,,,,,,,,,,,,,,,,,,,,,,,,,,,,,,,,,,,,,,,,,,,,,,,,,,,,,,,,,,,,,,,,,,,,,,,,,,,,,,,,,,,,,,,,,,,,,2025-04-24 13:15:39,Signal Acquired,15.382646,73.923892,1.06,0.62,9.22,-0.02,0.03,-0.0,NO
,,,,,,,,,,,,,,,,,,,,,,,,,,,,,,,,,,,,,,,,,,,,,,,,,,,,,,,,,,,,,,,,,,,,,,,,,,,,,,,,,,,,,,,,,,,,,,,,,,,,,,,,,2025-04-24 13:15:41,Signal Acquired,15.382646,73.923892,1.56,0.92,9.2,-0.0,0.01,-0.0,DETECTED
,,,,,,,,,,,,,,,,,,,,,,,,,,,,,,,,,,,,,,,,,,,,,,,,,,,,,,,,,,,,,,,,,,,,,,,,,,,,,,,,,,,,,,,,,,,,,,,,,,,,,,,,,2025-04-24 13:15:41,Signal Acquired,15.382645,73.923897,1.2,0.77,9.33,-0.03,0.02,0.0,NO
,,,,,,,,,,,,,,,,,,,,,,,,,,,,,,,,,,,,,,,,,,,,,,,,,,,,,,,,,,,,,,,,,,,,,,,,,,,,,,,,,,,,,,,,,,,,,,,,,,,,,,,,,2025-04-24 13:15:41,Signal Acquired,15.382645,73.923897,1.52,0.6,9.17,-0.02,0.0,0.0,NO
,,,,,,,,,,,,,,,,,,,,,,,,,,,,,,,,,,,,,,,,,,,,,,,,,,,,,,,,,,,,,,,,,,,,,,,,,,,,,,,,,,,,,,,,,,,,,,,,,,,,,,,,,2025-04-24 13:15:43,Signal Acquired,15.382648,73.923898,1.3,0.93,9.28,-0.02,0.03,-0.0,NO
,,,,,,,,,,,,,,,,,,,,,,,,,,,,,,,,,,,,,,,,,,,,,,,,,,,,,,,,,,,,,,,,,,,,,,,,,,,,,,,,,,,,,,,,,,,,,,,,,,,,,,,,,2025-04-24 13:15:43,Signal Acquired,15.382648,73.923898,1.43,0.69,9.19,-0.02,0.01,0.0,NO
,,,,,,,,,,,,,,,,,,,,,,,,,,,,,,,,,,,,,,,,,,,,,,,,,,,,,,,,,,,,,,,,,,,,,,,,,,,,,,,,,,,,,,,,,,,,,,,,,,,,,,,,,2025-04-24 13:15:43,Signal Acquired,15.382647,73.923899,1.48,0.9,9.05,-0.02,0.03,0.0,NO
,,,,,,,,,,,,,,,,,,,,,,,,,,,,,,,,,,,,,,,,,,,,,,,,,,,,,,,,,,,,,,,,,,,,,,,,,,,,,,,,,,,,,,,,,,,,,,,,,,,,,,,,,2025-04-24 13:15:46,Signal Acquired,15.382647,73.923899,1.32,0.72,9.24,-0.01,0.01,-0.0,NO
,,,,,,,,,,,,,,,,,,,,,,,,,,,,,,,,,,,,,,,,,,,,,,,,,,,,,,,,,,,,,,,,,,,,,,,,,,,,,,,,,,,,,,,,,,,,,,,,,,,,,,,,,2025-04-24 13:15:46,Signal Acquired,15.382648,73.9239,1.4,0.96,9.19,-0.02,0.03,-0.0,NO
,,,,,,,,,,,,,,,,,,,,,,,,,,,,,,,,,,,,,,,,,,,,,,,,,,,,,,,,,,,,,,,,,,,,,,,,,,,,,,,,,,,,,,,,,,,,,,,,,,,,,,,,,2025-04-24 13:15:46,Signal Acquired,15.382648,73.9239,1.72,0.72,9.11,-0.01,0.01,-0.0,NO
,,,,,,,,,,,,,,,,,,,,,,,,,,,,,,,,,,,,,,,,,,,,,,,,,,,,,,,,,,,,,,,,,,,,,,,,,,,,,,,,,,,,,,,,,,,,,,,,,,,,,,,,,2025-04-24 13:15:48,Signal Acquired,15.382653,73.9239,1.55,0.85,9.14,-0.02,0.02,-0.0,NO
,,,,,,,,,,,,,,,,,,,,,,,,,,,,,,,,,,,,,,,,,,,,,,,,,,,,,,,,,,,,,,,,,,,,,,,,,,,,,,,,,,,,,,,,,,,,,,,,,,,,,,,,,2025-04-24 13:15:48,Signal Acquired,15.382653,73.9239,1.42,0.73,9.23,-0.02,0.01,-0.0,NO
,,,,,,,,,,,,,,,,,,,,,,,,,,,,,,,,,,,,,,,,,,,,,,,,,,,,,,,,,,,,,,,,,,,,,,,,,,,,,,,,,,,,,,,,,,,,,,,,,,,,,,,,,2025-04-24 13:15:48,Signal Acquired,15.38266,73.9239,1.41,0.97,9.11,-0.02,0.03,0.0,NO
,,,,,,,,,,,,,,,,,,,,,,,,,,,,,,,,,,,,,,,,,,,,,,,,,,,,,,,,,,,,,,,,,,,,,,,,,,,,,,,,,,,,,,,,,,,,,,,,,,,,,,,,,2025-04-24 13:15:50,Signal Acquired,15.38266,73.9239,1.47,0.76,9.07,-0.01,0.02,0.0,NO
,,,,,,,,,,,,,,,,,,,,,,,,,,,,,,,,,,,,,,,,,,,,,,,,,,,,,,,,,,,,,,,,,,,,,,,,,,,,,,,,,,,,,,,,,,,,,,,,,,,,,,,,,2025-04-24 13:15:50,Signal Acquired,15.382671,73.923901,1.53,0.92,9.16,-0.02,0.03,-0.0,NO
,,,,,,,,,,,,,,,,,,,,,,,,,,,,,,,,,,,,,,,,,,,,,,,,,,,,,,,,,,,,,,,,,,,,,,,,,,,,,,,,,,,,,,,,,,,,,,,,,,,,,,,,,2025-04-24 13:15:50,Signal Acquired,15.382671,73.923901,1.52,0.73,9.21,-0.01,0.01,0.0,NO
,,,,,,,,,,,,,,,,,,,,,,,,,,,,,,,,,,,,,,,,,,,,,,,,,,,,,,,,,,,,,,,,,,,,,,,,,,,,,,,,,,,,,,,,,,,,,,,,,,,,,,,,,2025-04-24 13:15:52,Signal Acquired,15.382684,73.923906,1.4,0.8,9.17,-0.03,0.04,0.0,NO
,,,,,,,,,,,,,,,,,,,,,,,,,,,,,,,,,,,,,,,,,,,,,,,,,,,,,,,,,,,,,,,,,,,,,,,,,,,,,,,,,,,,,,,,,,,,,,,,,,,,,,,,,2025-04-24 13:15:52,Signal Acquired,15.382684,73.923906,1.51,0.65,9.21,-0.01,0.01,-0.0,NO
,,,,,,,,,,,,,,,,,,,,,,,,,,,,,,,,,,,,,,,,,,,,,,,,,,,,,,,,,,,,,,,,,,,,,,,,,,,,,,,,,,,,,,,,,,,,,,,,,,,,,,,,,2025-04-24 13:15:52,Signal Acquired,15.3827,73.92391,1.37,0.91,9.17,-0.03,0.03,0.0,NO
,,,,,,,,,,,,,,,,,,,,,,,,,,,,,,,,,,,,,,,,,,,,,,,,,,,,,,,,,,,,,,,,,,,,,,,,,,,,,,,,,,,,,,,,,,,,,,,,,,,,,,,,,2025-04-24 13:15:55,Signal Acquired,15.3827,73.92391,1.24,0.76,9.24,-0.02,0.02,0.0,NO
,,,,,,,,,,,,,,,,,,,,,,,,,,,,,,,,,,,,,,,,,,,,,,,,,,,,,,,,,,,,,,,,,,,,,,,,,,,,,,,,,,,,,,,,,,,,,,,,,,,,,,,,,2025-04-24 13:15:55,Signal Acquired,15.38272,73.923909,1.37,0.99,9.24,-0.02,0.03,-0.0,NO
,,,,,,,,,,,,,,,,,,,,,,,,,,,,,,,,,,,,,,,,,,,,,,,,,,,,,,,,,,,,,,,,,,,,,,,,,,,,,,,,,,,,,,,,,,,,,,,,,,,,,,,,,2025-04-24 13:15:55,Signal Acquired,15.38272,73.923909,1.64,0.7,9.12,-0.01,0.01,-0.0,NO
,,,,,,,,,,,,,,,,,,,,,,,,,,,,,,,,,,,,,,,,,,,,,,,,,,,,,,,,,,,,,,,,,,,,,,,,,,,,,,,,,,,,,,,,,,,,,,,,,,,,,,,,,2025-04-24 13:15:57,Signal Acquired,15.382744,73.923913,1.59,0.79,9.09,-0.02,0.02,-0.0,NO
,,,,,,,,,,,,,,,,,,,,,,,,,,,,,,,,,,,,,,,,,,,,,,,,,,,,,,,,,,,,,,,,,,,,,,,,,,,,,,,,,,,,,,,,,,,,,,,,,,,,,,,,,2025-04-24 13:15:57,Signal Acquired,15.382744,73.923913,1.42,0.77,9.24,-0.02,0.01,-0.0,NO
,,,,,,,,,,,,,,,,,,,,,,,,,,,,,,,,,,,,,,,,,,,,,,,,,,,,,,,,,,,,,,,,,,,,,,,,,,,,,,,,,,,,,,,,,,,,,,,,,,,,,,,,,2025-04-24 13:15:57,Signal Acquired,15.382777,73.923921,1.41,0.91,9.17,-0.03,0.03,0.0,NO
,,,,,,,,,,,,,,,,,,,,,,,,,,,,,,,,,,,,,,,,,,,,,,,,,,,,,,,,,,,,,,,,,,,,,,,,,,,,,,,,,,,,,,,,,,,,,,,,,,,,,,,,,2025-04-24 13:15:59,Signal Acquired,15.382777,73.923921,1.64,0.81,9.24,-0.01,0.02,-0.0,NO
,,,,,,,,,,,,,,,,,,,,,,,,,,,,,,,,,,,,,,,,,,,,,,,,,,,,,,,,,,,,,,,,,,,,,,,,,,,,,,,,,,,,,,,,,,,,,,,,,,,,,,,,,2025-04-24 13:15:59,Signal Acquired,15.382801,73.923924,1.48,0.99,9.11,-0.02,0.02,-0.0,NO
,,,,,,,,,,,,,,,,,,,,,,,,,,,,,,,,,,,,,,,,,,,,,,,,,,,,,,,,,,,,,,,,,,,,,,,,,,,,,,,,,,,,,,,,,,,,,,,,,,,,,,,,,2025-04-24 13:15:59,Signal Acquired,15.382801,73.923924,1.58,0.74,9.08,-0.02,0.02,-0.0,NO
,,,,,,,,,,,,,,,,,,,,,,,,,,,,,,,,,,,,,,,,,,,,,,,,,,,,,,,,,,,,,,,,,,,,,,,,,,,,,,,,,,,,,,,,,,,,,,,,,,,,,,,,,2025-04-24 13:16:01,Signal Acquired,15.382827,73.923925,1.57,0.98,9.12,-0.01,0.03,-0.0,NO
,,,,,,,,,,,,,,,,,,,,,,,,,,,,,,,,,,,,,,,,,,,,,,,,,,,,,,,,,,,,,,,,,,,,,,,,,,,,,,,,,,,,,,,,,,,,,,,,,,,,,,,,,2025-04-24 13:16:01,Signal Acquired,15.382827,73.923925,1.45,0.59,9.19,-0.02,0.02,-0.0,NO
,,,,,,,,,,,,,,,,,,,,,,,,,,,,,,,,,,,,,,,,,,,,,,,,,,,,,,,,,,,,,,,,,,,,,,,,,,,,,,,,,,,,,,,,,,,,,,,,,,,,,,,,,2025-04-24 13:16:01,Signal Acquired,15.382819,73.923913,1.53,0.92,9.11,-0.02,0.02,-0.0,NO
,,,,,,,,,,,,,,,,,,,,,,,,,,,,,,,,,,,,,,,,,,,,,,,,,,,,,,,,,,,,,,,,,,,,,,,,,,,,,,,,,,,,,,,,,,,,,,,,,,,,,,,,,2025-04-24 13:16:03,Signal Acquired,15.382819,73.923913,1.26,0.74,9.18,-0.02,0.02,0.0,NO
,,,,,,,,,,,,,,,,,,,,,,,,,,,,,,,,,,,,,,,,,,,,,,,,,,,,,,,,,,,,,,,,,,,,,,,,,,,,,,,,,,,,,,,,,,,,,,,,,,,,,,,,,2025-04-24 13:16:03,Signal Acquired,15.382844,73.923916,1.57,0.97,9.09,-0.01,0.03,0.0,NO
,,,,,,,,,,,,,,,,,,,,,,,,,,,,,,,,,,,,,,,,,,,,,,,,,,,,,,,,,,,,,,,,,,,,,,,,,,,,,,,,,,,,,,,,,,,,,,,,,,,,,,,,,2025-04-24 13:16:03,Signal Acquired,15.382844,73.923916,1.33,0.73,9.13,-0.02,0.03,-0.0,NO
,,,,,,,,,,,,,,,,,,,,,,,,,,,,,,,,,,,,,,,,,,,,,,,,,,,,,,,,,,,,,,,,,,,,,,,,,,,,,,,,,,,,,,,,,,,,,,,,,,,,,,,,,2025-04-24 13:16:06,Signal Acquired,15.382836,73.923907,1.52,0.98,9.11,-0.01,0.03,-0.0,NO
,,,,,,,,,,,,,,,,,,,,,,,,,,,,,,,,,,,,,,,,,,,,,,,,,,,,,,,,,,,,,,,,,,,,,,,,,,,,,,,,,,,,,,,,,,,,,,,,,,,,,,,,,2025-04-24 13:16:06,Signal Acquired,15.382836,73.923907,1.18,0.75,9.23,-0.02,0.02,-0.0,NO
,,,,,,,,,,,,,,,,,,,,,,,,,,,,,,,,,,,,,,,,,,,,,,,,,,,,,,,,,,,,,,,,,,,,,,,,,,,,,,,,,,,,,,,,,,,,,,,,,,,,,,,,,2025-04-24 13:16:06,Signal Acquired,15.382862,73.923908,1.44,1.07,9.11,-0.02,0.03,-0.0,NO
,,,,,,,,,,,,,,,,,,,,,,,,,,,,,,,,,,,,,,,,,,,,,,,,,,,,,,,,,,,,,,,,,,,,,,,,,,,,,,,,,,,,,,,,,,,,,,,,,,,,,,,,,2025-04-24 13:16:08,Signal Acquired,15.382862,73.923908,1.41,0.66,9.12,-0.02,0.02,-0.0,NO
,,,,,,,,,,,,,,,,,,,,,,,,,,,,,,,,,,,,,,,,,,,,,,,,,,,,,,,,,,,,,,,,,,,,,,,,,,,,,,,,,,,,,,,,,,,,,,,,,,,,,,,,,2025-04-24 13:16:08,Signal Acquired,15.382853,73.923899,1.44,0.88,9.17,-0.02,0.02,-0.0,NO
,,,,,,,,,,,,,,,,,,,,,,,,,,,,,,,,,,,,,,,,,,,,,,,,,,,,,,,,,,,,,,,,,,,,,,,,,,,,,,,,,,,,,,,,,,,,,,,,,,,,,,,,,2025-04-24 13:16:08,Signal Acquired,15.382853,73.923899,1.35,0.62,9.13,-0.02,0.01,0.0,NO
,,,,,,,,,,,,,,,,,,,,,,,,,,,,,,,,,,,,,,,,,,,,,,,,,,,,,,,,,,,,,,,,,,,,,,,,,,,,,,,,,,,,,,,,,,,,,,,,,,,,,,,,,2025-04-24 13:16:10,Signal Acquired,15.382849,73.923893,1.52,0.86,9.17,-0.02,0.03,-0.0,NO
,,,,,,,,,,,,,,,,,,,,,,,,,,,,,,,,,,,,,,,,,,,,,,,,,,,,,,,,,,,,,,,,,,,,,,,,,,,,,,,,,,,,,,,,,,,,,,,,,,,,,,,,,2025-04-24 13:16:10,Signal Acquired,15.382849,73.923893,1.38,0.68,9.23,-0.02,0.02,0.0,NO
,,,,,,,,,,,,,,,,,,,,,,,,,,,,,,,,,,,,,,,,,,,,,,,,,,,,,,,,,,,,,,,,,,,,,,,,,,,,,,,,,,,,,,,,,,,,,,,,,,,,,,,,,2025-04-24 13:16:10,Signal Acquired,15.382844,73.923887,1.64,0.86,9.03,-0.01,0.01,-0.0,NO
,,,,,,,,,,,,,,,,,,,,,,,,,,,,,,,,,,,,,,,,,,,,,,,,,,,,,,,,,,,,,,,,,,,,,,,,,,,,,,,,,,,,,,,,,,,,,,,,,,,,,,,,,2025-04-24 13:16:12,Signal Acquired,15.382844,73.923887,1.43,0.74,9.15,-0.02,0.03,0.0,NO
,,,,,,,,,,,,,,,,,,,,,,,,,,,,,,,,,,,,,,,,,,,,,,,,,,,,,,,,,,,,,,,,,,,,,,,,,,,,,,,,,,,,,,,,,,,,,,,,,,,,,,,,,2025-04-24 13:16:12,Signal Acquired,15.382839,73.923882,1.69,0.91,9.06,-0.01,0.03,-0.0,NO
,,,,,,,,,,,,,,,,,,,,,,,,,,,,,,,,,,,,,,,,,,,,,,,,,,,,,,,,,,,,,,,,,,,,,,,,,,,,,,,,,,,,,,,,,,,,,,,,,,,,,,,,,2025-04-24 13:16:12,Signal Acquired,15.382839,73.923882,1.43,0.72,9.21,-0.02,0.02,-0.0,NO
,,,,,,,,,,,,,,,,,,,,,,,,,,,,,,,,,,,,,,,,,,,,,,,,,,,,,,,,,,,,,,,,,,,,,,,,,,,,,,,,,,,,,,,,,,,,,,,,,,,,,,,,,2025-04-24 13:16:15,Signal Acquired,15.382835,73.923877,1.53,1.0,9.04,-0.02,0.02,-0.0,NO
,,,,,,,,,,,,,,,,,,,,,,,,,,,,,,,,,,,,,,,,,,,,,,,,,,,,,,,,,,,,,,,,,,,,,,,,,,,,,,,,,,,,,,,,,,,,,,,,,,,,,,,,,2025-04-24 13:16:15,Signal Acquired,15.382835,73.923877,1.28,0.74,9.1,-0.02,0.02,0.0,NO
,,,,,,,,,,,,,,,,,,,,,,,,,,,,,,,,,,,,,,,,,,,,,,,,,,,,,,,,,,,,,,,,,,,,,,,,,,,,,,,,,,,,,,,,,,,,,,,,,,,,,,,,,2025-04-24 13:16:15,Signal Acquired,15.38283,73.923874,1.4,0.91,9.15,-0.02,0.03,-0.0,NO
,,,,,,,,,,,,,,,,,,,,,,,,,,,,,,,,,,,,,,,,,,,,,,,,,,,,,,,,,,,,,,,,,,,,,,,,,,,,,,,,,,,,,,,,,,,,,,,,,,,,,,,,,2025-04-24 13:16:17,Signal Acquired,15.38283,73.923874,1.33,0.64,9.17,-0.02,0.02,0.0,NO
,,,,,,,,,,,,,,,,,,,,,,,,,,,,,,,,,,,,,,,,,,,,,,,,,,,,,,,,,,,,,,,,,,,,,,,,,,,,,,,,,,,,,,,,,,,,,,,,,,,,,,,,,2025-04-24 13:16:17,Signal Acquired,15.382824,73.923871,1.53,0.84,9.06,-0.02,0.02,-0.0,NO
,,,,,,,,,,,,,,,,,,,,,,,,,,,,,,,,,,,,,,,,,,,,,,,,,,,,,,,,,,,,,,,,,,,,,,,,,,,,,,,,,,,,,,,,,,,,,,,,,,,,,,,,,2025-04-24 13:16:17,Signal Acquired,15.382824,73.923871,1.22,0.66,9.13,-0.02,0.02,0.0,NO
,,,,,,,,,,,,,,,,,,,,,,,,,,,,,,,,,,,,,,,,,,,,,,,,,,,,,,,,,,,,,,,,,,,,,,,,,,,,,,,,,,,,,,,,,,,,,,,,,,,,,,,,,2025-04-24 13:16:19,Signal Acquired,15.382823,73.923868,1.52,0.84,9.15,-0.01,0.03,-0.0,NO
,,,,,,,,,,,,,,,,,,,,,,,,,,,,,,,,,,,,,,,,,,,,,,,,,,,,,,,,,,,,,,,,,,,,,,,,,,,,,,,,,,,,,,,,,,,,,,,,,,,,,,,,,2025-04-24 13:16:19,Signal Acquired,15.382823,73.923868,1.39,0.65,9.19,-0.02,0.02,-0.0,NO
,,,,,,,,,,,,,,,,,,,,,,,,,,,,,,,,,,,,,,,,,,,,,,,,,,,,,,,,,,,,,,,,,,,,,,,,,,,,,,,,,,,,,,,,,,,,,,,,,,,,,,,,,2025-04-24 13:16:19,Signal Acquired,15.382825,73.923864,1.59,0.93,9.05,-0.01,0.01,-0.0,NO
,,,,,,,,,,,,,,,,,,,,,,,,,,,,,,,,,,,,,,,,,,,,,,,,,,,,,,,,,,,,,,,,,,,,,,,,,,,,,,,,,,,,,,,,,,,,,,,,,,,,,,,,,2025-04-24 13:16:21,Signal Acquired,15.382825,73.923864,1.31,0.79,9.17,-0.02,0.02,0.0,NO
,,,,,,,,,,,,,,,,,,,,,,,,,,,,,,,,,,,,,,,,,,,,,,,,,,,,,,,,,,,,,,,,,,,,,,,,,,,,,,,,,,,,,,,,,,,,,,,,,,,,,,,,,2025-04-24 13:16:21,Signal Acquired,15.382821,73.92386,1.58,0.87,9.09,-0.01,0.03,-0.0,NO
,,,,,,,,,,,,,,,,,,,,,,,,,,,,,,,,,,,,,,,,,,,,,,,,,,,,,,,,,,,,,,,,,,,,,,,,,,,,,,,,,,,,,,,,,,,,,,,,,,,,,,,,,2025-04-24 13:16:21,Signal Acquired,15.382821,73.92386,1.33,0.99,9.24,-0.02,0.03,-0.0,NO
,,,,,,,,,,,,,,,,,,,,,,,,,,,,,,,,,,,,,,,,,,,,,,,,,,,,,,,,,,,,,,,,,,,,,,,,,,,,,,,,,,,,,,,,,,,,,,,,,,,,,,,,,2025-04-24 13:16:23,Signal Acquired,15.382817,73.923857,1.36,0.81,9.2,-0.01,0.01,-0.0,NO
,,,,,,,,,,,,,,,,,,,,,,,,,,,,,,,,,,,,,,,,,,,,,,,,,,,,,,,,,,,,,,,,,,,,,,,,,,,,,,,,,,,,,,,,,,,,,,,,,,,,,,,,,2025-04-24 13:16:23,Signal Acquired,15.382817,73.923857,1.39,1.02,9.11,-0.02,0.03,-0.0,NO
,,,,,,,,,,,,,,,,,,,,,,,,,,,,,,,,,,,,,,,,,,,,,,,,,,,,,,,,,,,,,,,,,,,,,,,,,,,,,,,,,,,,,,,,,,,,,,,,,,,,,,,,,2025-04-24 13:16:23,Signal Acquired,15.382819,73.923854,1.44,0.7,9.12,-0.02,0.01,-0.0,NO
,,,,,,,,,,,,,,,,,,,,,,,,,,,,,,,,,,,,,,,,,,,,,,,,,,,,,,,,,,,,,,,,,,,,,,,,,,,,,,,,,,,,,,,,,,,,,,,,,,,,,,,,,2025-04-24 13:16:26,Signal Acquired,15.382819,73.923854,1.5,0.87,9.05,-0.02,0.02,-0.0,NO
,,,,,,,,,,,,,,,,,,,,,,,,,,,,,,,,,,,,,,,,,,,,,,,,,,,,,,,,,,,,,,,,,,,,,,,,,,,,,,,,,,,,,,,,,,,,,,,,,,,,,,,,,2025-04-24 13:16:26,Signal Acquired,15.382815,73.923849,1.22,0.67,9.25,-0.02,0.02,-0.0,NO
,,,,,,,,,,,,,,,,,,,,,,,,,,,,,,,,,,,,,,,,,,,,,,,,,,,,,,,,,,,,,,,,,,,,,,,,,,,,,,,,,,,,,,,,,,,,,,,,,,,,,,,,,2025-04-24 13:16:26,Signal Acquired,15.382815,73.923849,1.58,0.86,9.14,-0.01,0.02,-0.0,NO
,,,,,,,,,,,,,,,,,,,,,,,,,,,,,,,,,,,,,,,,,,,,,,,,,,,,,,,,,,,,,,,,,,,,,,,,,,,,,,,,,,,,,,,,,,,,,,,,,,,,,,,,,2025-04-24 13:16:28,Signal Acquired,15.382812,73.923846,1.59,0.64,9.1,-0.02,0.02,0.0,NO
,,,,,,,,,,,,,,,,,,,,,,,,,,,,,,,,,,,,,,,,,,,,,,,,,,,,,,,,,,,,,,,,,,,,,,,,,,,,,,,,,,,,,,,,,,,,,,,,,,,,,,,,,2025-04-24 13:16:28,Signal Acquired,15.382812,73.923846,1.71,0.91,8.96,-0.01,0.02,-0.0,NO
,,,,,,,,,,,,,,,,,,,,,,,,,,,,,,,,,,,,,,,,,,,,,,,,,,,,,,,,,,,,,,,,,,,,,,,,,,,,,,,,,,,,,,,,,,,,,,,,,,,,,,,,,2025-04-24 13:16:28,Signal Acquired,15.382808,73.923842,1.32,0.74,9.22,-0.02,0.02,-0.0,NO
,,,,,,,,,,,,,,,,,,,,,,,,,,,,,,,,,,,,,,,,,,,,,,,,,,,,,,,,,,,,,,,,,,,,,,,,,,,,,,,,,,,,,,,,,,,,,,,,,,,,,,,,,2025-04-24 13:16:30,Signal Acquired,15.382808,73.923842,1.5,1.01,9.12,-0.02,0.03,-0.0,NO
,,,,,,,,,,,,,,,,,,,,,,,,,,,,,,,,,,,,,,,,,,,,,,,,,,,,,,,,,,,,,,,,,,,,,,,,,,,,,,,,,,,,,,,,,,,,,,,,,,,,,,,,,2025-04-24 13:16:30,Signal Acquired,15.382804,73.923839,1.53,0.71,9.14,-0.02,0.02,0.0,NO
,,,,,,,,,,,,,,,,,,,,,,,,,,,,,,,,,,,,,,,,,,,,,,,,,,,,,,,,,,,,,,,,,,,,,,,,,,,,,,,,,,,,,,,,,,,,,,,,,,,,,,,,,2025-04-24 13:16:30,Signal Acquired,15.382804,73.923839,1.53,1.01,9.03,-0.02,0.03,-0.0,NO
,,,,,,,,,,,,,,,,,,,,,,,,,,,,,,,,,,,,,,,,,,,,,,,,,,,,,,,,,,,,,,,,,,,,,,,,,,,,,,,,,,,,,,,,,,,,,,,,,,,,,,,,,2025-04-24 13:16:32,Signal Acquired,15.3828,73.923836,1.27,0.68,9.16,-0.02,0.02,0.0,NO
,,,,,,,,,,,,,,,,,,,,,,,,,,,,,,,,,,,,,,,,,,,,,,,,,,,,,,,,,,,,,,,,,,,,,,,,,,,,,,,,,,,,,,,,,,,,,,,,,,,,,,,,,2025-04-24 13:16:32,Signal Acquired,15.3828,73.923836,1.42,1.04,9.06,-0.02,0.02,-0.0,NO
,,,,,,,,,,,,,,,,,,,,,,,,,,,,,,,,,,,,,,,,,,,,,,,,,,,,,,,,,,,,,,,,,,,,,,,,,,,,,,,,,,,,,,,,,,,,,,,,,,,,,,,,,2025-04-24 13:16:32,Signal Acquired,15.382798,73.923834,1.16,0.83,9.11,-0.02,0.02,-0.0,NO
,,,,,,,,,,,,,,,,,,,,,,,,,,,,,,,,,,,,,,,,,,,,,,,,,,,,,,,,,,,,,,,,,,,,,,,,,,,,,,,,,,,,,,,,,,,,,,,,,,,,,,,,,2025-04-24 13:16:35,Signal Acquired,15.382798,73.923834,1.39,0.52,8.99,-0.03,0.01,-0.0,NO
,,,,,,,,,,,,,,,,,,,,,,,,,,,,,,,,,,,,,,,,,,,,,,,,,,,,,,,,,,,,,,,,,,,,,,,,,,,,,,,,,,,,,,,,,,,,,,,,,,,,,,,,,2025-04-24 13:16:35,Signal Acquired,15.382795,73.923831,1.29,0.57,9.15,-0.03,0.02,0.0,NO
,,,,,,,,,,,,,,,,,,,,,,,,,,,,,,,,,,,,,,,,,,,,,,,,,,,,,,,,,,,,,,,,,,,,,,,,,,,,,,,,,,,,,,,,,,,,,,,,,,,,,,,,,2025-04-24 13:16:35,Signal Acquired,15.382795,73.923831,1.45,0.97,9.22,-0.01,0.02,-0.0,NO
,,,,,,,,,,,,,,,,,,,,,,,,,,,,,,,,,,,,,,,,,,,,,,,,,,,,,,,,,,,,,,,,,,,,,,,,,,,,,,,,,,,,,,,,,,,,,,,,,,,,,,,,,2025-04-24 13:16:37,Signal Acquired,15.382792,73.923829,1.52,0.61,9.13,-0.02,0.02,-0.0,NO
,,,,,,,,,,,,,,,,,,,,,,,,,,,,,,,,,,,,,,,,,,,,,,,,,,,,,,,,,,,,,,,,,,,,,,,,,,,,,,,,,,,,,,,,,,,,,,,,,,,,,,,,,2025-04-24 13:16:37,Signal Acquired,15.382792,73.923829,1.53,0.94,9.11,-0.01,0.02,-0.0,NO
,,,,,,,,,,,,,,,,,,,,,,,,,,,,,,,,,,,,,,,,,,,,,,,,,,,,,,,,,,,,,,,,,,,,,,,,,,,,,,,,,,,,,,,,,,,,,,,,,,,,,,,,,2025-04-24 13:16:37,Signal Acquired,15.382802,73.923828,1.32,0.71,9.18,-0.01,0.02,-0.0,NO
,,,,,,,,,,,,,,,,,,,,,,,,,,,,,,,,,,,,,,,,,,,,,,,,,,,,,,,,,,,,,,,,,,,,,,,,,,,,,,,,,,,,,,,,,,,,,,,,,,,,,,,,,2025-04-24 13:16:39,Signal Acquired,15.382802,73.923828,1.45,1.02,9.06,-0.02,0.03,-0.0,NO
,,,,,,,,,,,,,,,,,,,,,,,,,,,,,,,,,,,,,,,,,,,,,,,,,,,,,,,,,,,,,,,,,,,,,,,,,,,,,,,,,,,,,,,,,,,,,,,,,,,,,,,,,2025-04-24 13:16:39,Signal Acquired,15.382819,73.923827,1.53,0.72,9.16,-0.02,0.02,-0.0,NO
,,,,,,,,,,,,,,,,,,,,,,,,,,,,,,,,,,,,,,,,,,,,,,,,,,,,,,,,,,,,,,,,,,,,,,,,,,,,,,,,,,,,,,,,,,,,,,,,,,,,,,,,,2025-04-24 13:16:39,Signal Acquired,15.382819,73.923827,1.44,1.01,9.1,-0.02,0.02,-0.0,NO
,,,,,,,,,,,,,,,,,,,,,,,,,,,,,,,,,,,,,,,,,,,,,,,,,,,,,,,,,,,,,,,,,,,,,,,,,,,,,,,,,,,,,,,,,,,,,,,,,,,,,,,,,2025-04-24 13:16:41,Signal Acquired,15.382817,73.923825,1.38,0.56,9.1,-0.02,0.02,-0.0,NO
,,,,,,,,,,,,,,,,,,,,,,,,,,,,,,,,,,,,,,,,,,,,,,,,,,,,,,,,,,,,,,,,,,,,,,,,,,,,,,,,,,,,,,,,,,,,,,,,,,,,,,,,,2025-04-24 13:16:41,Signal Acquired,15.382817,73.923825,1.51,0.99,9.07,-0.01,0.03,-0.0,NO
,,,,,,,,,,,,,,,,,,,,,,,,,,,,,,,,,,,,,,,,,,,,,,,,,,,,,,,,,,,,,,,,,,,,,,,,,,,,,,,,,,,,,,,,,,,,,,,,,,,,,,,,,2025-04-24 13:16:41,Signal Acquired,15.38283,73.923825,1.46,0.62,9.13,-0.03,0.02,-0.0,NO
,,,,,,,,,,,,,,,,,,,,,,,,,,,,,,,,,,,,,,,,,,,,,,,,,,,,,,,,,,,,,,,,,,,,,,,,,,,,,,,,,,,,,,,,,,,,,,,,,,,,,,,,,2025-04-24 13:16:44,Signal Acquired,15.38283,73.923825,1.57,0.94,9.08,-0.01,0.02,-0.0,NO
,,,,,,,,,,,,,,,,,,,,,,,,,,,,,,,,,,,,,,,,,,,,,,,,,,,,,,,,,,,,,,,,,,,,,,,,,,,,,,,,,,,,,,,,,,,,,,,,,,,,,,,,,2025-04-24 13:16:44,Signal Acquired,15.382844,73.923824,1.25,0.77,9.08,-0.02,0.03,0.0,NO
,,,,,,,,,,,,,,,,,,,,,,,,,,,,,,,,,,,,,,,,,,,,,,,,,,,,,,,,,,,,,,,,,,,,,,,,,,,,,,,,,,,,,,,,,,,,,,,,,,,,,,,,,2025-04-24 13:16:44,Signal Acquired,15.382844,73.923824,1.42,0.85,9.22,-0.01,0.03,-0.0,NO
,,,,,,,,,,,,,,,,,,,,,,,,,,,,,,,,,,,,,,,,,,,,,,,,,,,,,,,,,,,,,,,,,,,,,,,,,,,,,,,,,,,,,,,,,,,,,,,,,,,,,,,,,2025-04-24 13:16:46,Signal Acquired,15.382842,73.923822,1.46,0.79,9.04,-0.02,0.02,-0.0,NO
,,,,,,,,,,,,,,,,,,,,,,,,,,,,,,,,,,,,,,,,,,,,,,,,,,,,,,,,,,,,,,,,,,,,,,,,,,,,,,,,,,,,,,,,,,,,,,,,,,,,,,,,,2025-04-24 13:16:46,Signal Acquired,15.382842,73.923822,1.43,0.87,9.09,-0.02,0.02,0.0,NO
,,,,,,,,,,,,,,,,,,,,,,,,,,,,,,,,,,,,,,,,,,,,,,,,,,,,,,,,,,,,,,,,,,,,,,,,,,,,,,,,,,,,,,,,,,,,,,,,,,,,,,,,,2025-04-24 13:16:46,Signal Acquired,15.382839,73.92382,1.23,0.63,9.23,-0.02,0.03,-0.0,NO
,,,,,,,,,,,,,,,,,,,,,,,,,,,,,,,,,,,,,,,,,,,,,,,,,,,,,,,,,,,,,,,,,,,,,,,,,,,,,,,,,,,,,,,,,,,,,,,,,,,,,,,,,2025-04-24 13:16:48,Signal Acquired,15.382839,73.92382,1.44,1.06,9.11,-0.01,0.02,-0.0,NO
,,,,,,,,,,,,,,,,,,,,,,,,,,,,,,,,,,,,,,,,,,,,,,,,,,,,,,,,,,,,,,,,,,,,,,,,,,,,,,,,,,,,,,,,,,,,,,,,,,,,,,,,,2025-04-24 13:16:48,Signal Acquired,15.382836,73.923819,1.63,0.58,9.11,-0.02,0.02,0.0,NO
,,,,,,,,,,,,,,,,,,,,,,,,,,,,,,,,,,,,,,,,,,,,,,,,,,,,,,,,,,,,,,,,,,,,,,,,,,,,,,,,,,,,,,,,,,,,,,,,,,,,,,,,,2025-04-24 13:16:48,Signal Acquired,15.382836,73.923819,1.44,0.98,9.09,-0.01,0.02,-0.0,DETECTED
,,,,,,,,,,,,,,,,,,,,,,,,,,,,,,,,,,,,,,,,,,,,,,,,,,,,,,,,,,,,,,,,,,,,,,,,,,,,,,,,,,,,,,,,,,,,,,,,,,,,,,,,,2025-04-24 13:16:50,Signal Acquired,15.382834,73.923817,1.28,0.78,9.15,-0.03,0.02,0.0,NO
,,,,,,,,,,,,,,,,,,,,,,,,,,,,,,,,,,,,,,,,,,,,,,,,,,,,,,,,,,,,,,,,,,,,,,,,,,,,,,,,,,,,,,,,,,,,,,,,,,,,,,,,,2025-04-24 13:16:50,Signal Acquired,15.382834,73.923817,1.59,0.9,9.06,-0.02,0.02,-0.0,NO
,,,,,,,,,,,,,,,,,,,,,,,,,,,,,,,,,,,,,,,,,,,,,,,,,,,,,,,,,,,,,,,,,,,,,,,,,,,,,,,,,,,,,,,,,,,,,,,,,,,,,,,,,2025-04-24 13:16:50,Signal Acquired,15.382831,73.923816,1.37,0.74,9.13,-0.02,0.03,0.0,NO
,,,,,,,,,,,,,,,,,,,,,,,,,,,,,,,,,,,,,,,,,,,,,,,,,,,,,,,,,,,,,,,,,,,,,,,,,,,,,,,,,,,,,,,,,,,,,,,,,,,,,,,,,2025-04-24 13:16:53,Signal Acquired,15.382831,73.923816,1.43,0.88,9.16,-0.02,0.02,0.0,NO
,,,,,,,,,,,,,,,,,,,,,,,,,,,,,,,,,,,,,,,,,,,,,,,,,,,,,,,,,,,,,,,,,,,,,,,,,,,,,,,,,,,,,,,,,,,,,,,,,,,,,,,,,2025-04-24 13:16:53,Signal Acquired,15.382828,73.923816,1.37,0.75,9.0,-0.02,0.02,0.0,NO
,,,,,,,,,,,,,,,,,,,,,,,,,,,,,,,,,,,,,,,,,,,,,,,,,,,,,,,,,,,,,,,,,,,,,,,,,,,,,,,,,,,,,,,,,,,,,,,,,,,,,,,,,2025-04-24 13:16:53,Signal Acquired,15.382828,73.923816,1.53,0.87,9.09,-0.02,0.03,-0.0,NO
,,,,,,,,,,,,,,,,,,,,,,,,,,,,,,,,,,,,,,,,,,,,,,,,,,,,,,,,,,,,,,,,,,,,,,,,,,,,,,,,,,,,,,,,,,,,,,,,,,,,,,,,,2025-04-24 13:16:55,Signal Acquired,15.382847,73.923816,1.46,0.76,9.05,-0.02,0.02,-0.0,NO
,,,,,,,,,,,,,,,,,,,,,,,,,,,,,,,,,,,,,,,,,,,,,,,,,,,,,,,,,,,,,,,,,,,,,,,,,,,,,,,,,,,,,,,,,,,,,,,,,,,,,,,,,2025-04-24 13:16:55,Signal Acquired,15.382847,73.923816,1.65,0.85,9.11,-0.01,0.02,-0.0,NO
,,,,,,,,,,,,,,,,,,,,,,,,,,,,,,,,,,,,,,,,,,,,,,,,,,,,,,,,,,,,,,,,,,,,,,,,,,,,,,,,,,,,,,,,,,,,,,,,,,,,,,,,,2025-04-24 13:16:55,Signal Acquired,15.382862,73.923816,1.35,0.69,9.08,-0.03,0.03,0.0,NO
,,,,,,,,,,,,,,,,,,,,,,,,,,,,,,,,,,,,,,,,,,,,,,,,,,,,,,,,,,,,,,,,,,,,,,,,,,,,,,,,,,,,,,,,,,,,,,,,,,,,,,,,,2025-04-24 13:16:57,Signal Acquired,15.382862,73.923816,1.53,0.99,9.09,-0.01,0.03,-0.0,NO
,,,,,,,,,,,,,,,,,,,,,,,,,,,,,,,,,,,,,,,,,,,,,,,,,,,,,,,,,,,,,,,,,,,,,,,,,,,,,,,,,,,,,,,,,,,,,,,,,,,,,,,,,2025-04-24 13:16:57,Signal Acquired,15.382879,73.923816,1.44,0.69,9.21,-0.02,0.02,-0.0,NO
,,,,,,,,,,,,,,,,,,,,,,,,,,,,,,,,,,,,,,,,,,,,,,,,,,,,,,,,,,,,,,,,,,,,,,,,,,,,,,,,,,,,,,,,,,,,,,,,,,,,,,,,,2025-04-24 13:16:57,Signal Acquired,15.382879,73.923816,1.59,0.72,9.15,-0.02,0.01,0.0,NO
,,,,,,,,,,,,,,,,,,,,,,,,,,,,,,,,,,,,,,,,,,,,,,,,,,,,,,,,,,,,,,,,,,,,,,,,,,,,,,,,,,,,,,,,,,,,,,,,,,,,,,,,,2025-04-24 13:16:59,Signal Acquired,15.382889,73.923816,1.39,0.88,9.09,-0.03,0.02,0.0,NO
,,,,,,,,,,,,,,,,,,,,,,,,,,,,,,,,,,,,,,,,,,,,,,,,,,,,,,,,,,,,,,,,,,,,,,,,,,,,,,,,,,,,,,,,,,,,,,,,,,,,,,,,,2025-04-24 13:16:59,Signal Acquired,15.382889,73.923816,1.36,0.64,9.2,-0.02,0.03,-0.0,NO
,,,,,,,,,,,,,,,,,,,,,,,,,,,,,,,,,,,,,,,,,,,,,,,,,,,,,,,,,,,,,,,,,,,,,,,,,,,,,,,,,,,,,,,,,,,,,,,,,,,,,,,,,2025-04-24 13:16:59,Signal Acquired,15.3829,73.923817,1.58,0.81,9.13,-0.03,0.03,-0.0,DETECTED
,,,,,,,,,,,,,,,,,,,,,,,,,,,,,,,,,,,,,,,,,,,,,,,,,,,,,,,,,,,,,,,,,,,,,,,,,,,,,,,,,,,,,,,,,,,,,,,,,,,,,,,,,2025-04-24 13:17:01,Signal Acquired,15.3829,73.923817,1.29,0.85,9.11,-0.02,0.01,0.0,NO
,,,,,,,,,,,,,,,,,,,,,,,,,,,,,,,,,,,,,,,,,,,,,,,,,,,,,,,,,,,,,,,,,,,,,,,,,,,,,,,,,,,,,,,,,,,,,,,,,,,,,,,,,2025-04-24 13:17:01,Signal Acquired,15.382898,73.923816,1.53,0.93,8.97,-0.01,0.03,-0.0,NO
,,,,,,,,,,,,,,,,,,,,,,,,,,,,,,,,,,,,,,,,,,,,,,,,,,,,,,,,,,,,,,,,,,,,,,,,,,,,,,,,,,,,,,,,,,,,,,,,,,,,,,,,,2025-04-24 13:17:01,Signal Acquired,15.382898,73.923816,1.4,0.58,9.22,-0.02,0.02,0.0,NO
,,,,,,,,,,,,,,,,,,,,,,,,,,,,,,,,,,,,,,,,,,,,,,,,,,,,,,,,,,,,,,,,,,,,,,,,,,,,,,,,,,,,,,,,,,,,,,,,,,,,,,,,,2025-04-24 13:17:04,Signal Acquired,15.382896,73.923815,1.41,1.14,9.04,-0.02,0.02,-0.0,NO
,,,,,,,,,,,,,,,,,,,,,,,,,,,,,,,,,,,,,,,,,,,,,,,,,,,,,,,,,,,,,,,,,,,,,,,,,,,,,,,,,,,,,,,,,,,,,,,,,,,,,,,,,2025-04-24 13:17:04,Signal Acquired,15.382896,73.923815,1.3,0.63,9.13,-0.02,0.01,-0.0,NO
,,,,,,,,,,,,,,,,,,,,,,,,,,,,,,,,,,,,,,,,,,,,,,,,,,,,,,,,,,,,,,,,,,,,,,,,,,,,,,,,,,,,,,,,,,,,,,,,,,,,,,,,,2025-04-24 13:17:04,Signal Acquired,15.382894,73.923815,1.52,0.84,9.05,-0.02,0.03,-0.0,NO
,,,,,,,,,,,,,,,,,,,,,,,,,,,,,,,,,,,,,,,,,,,,,,,,,,,,,,,,,,,,,,,,,,,,,,,,,,,,,,,,,,,,,,,,,,,,,,,,,,,,,,,,,2025-04-24 13:17:06,Signal Acquired,15.382894,73.923815,1.41,0.77,9.1,-0.02,0.03,-0.0,NO
,,,,,,,,,,,,,,,,,,,,,,,,,,,,,,,,,,,,,,,,,,,,,,,,,,,,,,,,,,,,,,,,,,,,,,,,,,,,,,,,,,,,,,,,,,,,,,,,,,,,,,,,,2025-04-24 13:17:06,Signal Acquired,15.382893,73.923815,1.64,0.98,8.99,-0.01,0.02,-0.0,DETECTED
,,,,,,,,,,,,,,,,,,,,,,,,,,,,,,,,,,,,,,,,,,,,,,,,,,,,,,,,,,,,,,,,,,,,,,,,,,,,,,,,,,,,,,,,,,,,,,,,,,,,,,,,,2025-04-24 13:17:06,Signal Acquired,15.382893,73.923815,-3.1,2.15,9.68,-0.15,0.15,0.02,DETECTED
,,,,,,,,,,,,,,,,,,,,,,,,,,,,,,,,,,,,,,,,,,,,,,,,,,,,,,,,,,,,,,,,,,,,,,,,,,,,,,,,,,,,,,,,,,,,,,,,,,,,,,,,,2025-04-24 13:17:08,Signal Acquired,15.382892,73.923814,1.58,0.95,8.97,-0.02,0.03,-0.0,NO
,,,,,,,,,,,,,,,,,,,,,,,,,,,,,,,,,,,,,,,,,,,,,,,,,,,,,,,,,,,,,,,,,,,,,,,,,,,,,,,,,,,,,,,,,,,,,,,,,,,,,,,,,2025-04-24 13:17:08,Signal Acquired,15.382892,73.923814,1.47,0.66,9.14,-0.02,0.02,-0.0,NO
,,,,,,,,,,,,,,,,,,,,,,,,,,,,,,,,,,,,,,,,,,,,,,,,,,,,,,,,,,,,,,,,,,,,,,,,,,,,,,,,,,,,,,,,,,,,,,,,,,,,,,,,,2025-04-24 13:17:08,Signal Acquired,15.38289,73.923813,1.66,0.76,9.09,-0.02,0.01,-0.0,NO
,,,,,,,,,,,,,,,,,,,,,,,,,,,,,,,,,,,,,,,,,,,,,,,,,,,,,,,,,,,,,,,,,,,,,,,,,,,,,,,,,,,,,,,,,,,,,,,,,,,,,,,,,2025-04-24 13:17:10,Signal Acquired,15.38289,73.923813,1.24,0.77,9.08,-0.02,0.02,0.0,NO
,,,,,,,,,,,,,,,,,,,,,,,,,,,,,,,,,,,,,,,,,,,,,,,,,,,,,,,,,,,,,,,,,,,,,,,,,,,,,,,,,,,,,,,,,,,,,,,,,,,,,,,,,2025-04-24 13:17:10,Signal Acquired,15.382887,73.923813,1.65,0.99,9.07,-0.01,0.03,-0.0,NO
,,,,,,,,,,,,,,,,,,,,,,,,,,,,,,,,,,,,,,,,,,,,,,,,,,,,,,,,,,,,,,,,,,,,,,,,,,,,,,,,,,,,,,,,,,,,,,,,,,,,,,,,,2025-04-24 13:17:10,Signal Acquired,15.382887,73.923813,1.39,0.55,9.17,-0.03,0.02,0.0,NO
,,,,,,,,,,,,,,,,,,,,,,,,,,,,,,,,,,,,,,,,,,,,,,,,,,,,,,,,,,,,,,,,,,,,,,,,,,,,,,,,,,,,,,,,,,,,,,,,,,,,,,,,,2025-04-24 13:17:13,Signal Acquired,15.382875,73.923811,1.55,1.05,8.97,-0.02,0.02,-0.0,NO
,,,,,,,,,,,,,,,,,,,,,,,,,,,,,,,,,,,,,,,,,,,,,,,,,,,,,,,,,,,,,,,,,,,,,,,,,,,,,,,,,,,,,,,,,,,,,,,,,,,,,,,,,2025-04-24 13:17:13,Signal Acquired,15.382875,73.923811,1.18,0.76,9.22,-0.02,0.02,-0.0,NO
,,,,,,,,,,,,,,,,,,,,,,,,,,,,,,,,,,,,,,,,,,,,,,,,,,,,,,,,,,,,,,,,,,,,,,,,,,,,,,,,,,,,,,,,,,,,,,,,,,,,,,,,,2025-04-24 13:17:13,Signal Acquired,15.382866,73.923811,1.59,0.76,9.12,-0.01,0.03,-0.0,NO
,,,,,,,,,,,,,,,,,,,,,,,,,,,,,,,,,,,,,,,,,,,,,,,,,,,,,,,,,,,,,,,,,,,,,,,,,,,,,,,,,,,,,,,,,,,,,,,,,,,,,,,,,2025-04-24 13:17:15,Signal Acquired,15.382866,73.923811,1.51,0.0,9.29,-0.03,0.02,0.0,NO
,,,,,,,,,,,,,,,,,,,,,,,,,,,,,,,,,,,,,,,,,,,,,,,,,,,,,,,,,,,,,,,,,,,,,,,,,,,,,,,,,,,,,,,,,,,,,,,,,,,,,,,,,2025-04-24 13:17:15,Signal Acquired,15.382858,73.92381,1.51,1.02,8.98,-0.01,0.01,0.0,NO
,,,,,,,,,,,,,,,,,,,,,,,,,,,,,,,,,,,,,,,,,,,,,,,,,,,,,,,,,,,,,,,,,,,,,,,,,,,,,,,,,,,,,,,,,,,,,,,,,,,,,,,,,2025-04-24 13:17:15,Signal Acquired,15.382858,73.92381,1.32,1.19,9.03,-0.02,0.03,0.0,NO
,,,,,,,,,,,,,,,,,,,,,,,,,,,,,,,,,,,,,,,,,,,,,,,,,,,,,,,,,,,,,,,,,,,,,,,,,,,,,,,,,,,,,,,,,,,,,,,,,,,,,,,,,2025-04-24 13:17:17,Signal Acquired,15.382851,73.92381,1.4,0.85,9.08,-0.01,0.02,-0.0,NO
,,,,,,,,,,,,,,,,,,,,,,,,,,,,,,,,,,,,,,,,,,,,,,,,,,,,,,,,,,,,,,,,,,,,,,,,,,,,,,,,,,,,,,,,,,,,,,,,,,,,,,,,,2025-04-24 13:17:17,Signal Acquired,15.382851,73.92381,1.53,0.93,9.05,-0.02,0.03,-0.0,NO
,,,,,,,,,,,,,,,,,,,,,,,,,,,,,,,,,,,,,,,,,,,,,,,,,,,,,,,,,,,,,,,,,,,,,,,,,,,,,,,,,,,,,,,,,,,,,,,,,,,,,,,,,2025-04-24 13:17:17,Signal Acquired,15.382849,73.923809,1.4,0.74,9.27,-0.01,0.01,-0.0,NO
,,,,,,,,,,,,,,,,,,,,,,,,,,,,,,,,,,,,,,,,,,,,,,,,,,,,,,,,,,,,,,,,,,,,,,,,,,,,,,,,,,,,,,,,,,,,,,,,,,,,,,,,,2025-04-24 13:17:19,Signal Acquired,15.382849,73.923809,1.37,0.75,9.08,-0.02,0.03,-0.0,NO
,,,,,,,,,,,,,,,,,,,,,,,,,,,,,,,,,,,,,,,,,,,,,,,,,,,,,,,,,,,,,,,,,,,,,,,,,,,,,,,,,,,,,,,,,,,,,,,,,,,,,,,,,2025-04-24 13:17:19,Signal Acquired,15.38285,73.923808,1.6,0.76,9.11,-0.01,0.01,0.0,NO
,,,,,,,,,,,,,,,,,,,,,,,,,,,,,,,,,,,,,,,,,,,,,,,,,,,,,,,,,,,,,,,,,,,,,,,,,,,,,,,,,,,,,,,,,,,,,,,,,,,,,,,,,2025-04-24 13:17:19,Signal Acquired,15.38285,73.923808,1.87,0.72,8.85,-0.03,0.02,0.0,NO
,,,,,,,,,,,,,,,,,,,,,,,,,,,,,,,,,,,,,,,,,,,,,,,,,,,,,,,,,,,,,,,,,,,,,,,,,,,,,,,,,,,,,,,,,,,,,,,,,,,,,,,,,2025-04-24 13:17:22,Signal Acquired,15.382851,73.923807,1.64,0.61,9.03,-0.02,0.01,0.0,NO
,,,,,,,,,,,,,,,,,,,,,,,,,,,,,,,,,,,,,,,,,,,,,,,,,,,,,,,,,,,,,,,,,,,,,,,,,,,,,,,,,,,,,,,,,,,,,,,,,,,,,,,,,2025-04-24 13:17:22,Signal Acquired,15.382851,73.923807,1.22,0.89,9.27,-0.03,0.03,-0.0,NO
,,,,,,,,,,,,,,,,,,,,,,,,,,,,,,,,,,,,,,,,,,,,,,,,,,,,,,,,,,,,,,,,,,,,,,,,,,,,,,,,,,,,,,,,,,,,,,,,,,,,,,,,,2025-04-24 13:17:22,Signal Acquired,15.382851,73.923808,1.6,0.67,9.13,-0.03,0.02,0.0,NO
,,,,,,,,,,,,,,,,,,,,,,,,,,,,,,,,,,,,,,,,,,,,,,,,,,,,,,,,,,,,,,,,,,,,,,,,,,,,,,,,,,,,,,,,,,,,,,,,,,,,,,,,,2025-04-24 13:17:24,Signal Acquired,15.382851,73.923808,2.0,1.08,8.97,-0.02,0.02,-0.0,NO
,,,,,,,,,,,,,,,,,,,,,,,,,,,,,,,,,,,,,,,,,,,,,,,,,,,,,,,,,,,,,,,,,,,,,,,,,,,,,,,,,,,,,,,,,,,,,,,,,,,,,,,,,2025-04-24 13:17:24,Signal Acquired,15.38285,73.923808,1.25,1.04,8.73,-0.01,0.0,-0.0,NO
,,,,,,,,,,,,,,,,,,,,,,,,,,,,,,,,,,,,,,,,,,,,,,,,,,,,,,,,,,,,,,,,,,,,,,,,,,,,,,,,,,,,,,,,,,,,,,,,,,,,,,,,,2025-04-24 13:17:24,Signal Acquired,15.38285,73.923808,1.46,1.09,9.04,-0.02,0.04,0.0,NO
,,,,,,,,,,,,,,,,,,,,,,,,,,,,,,,,,,,,,,,,,,,,,,,,,,,,,,,,,,,,,,,,,,,,,,,,,,,,,,,,,,,,,,,,,,,,,,,,,,,,,,,,,2025-04-24 13:17:26,Signal Acquired,15.382857,73.923807,1.53,0.82,9.06,-0.0,0.02,-0.0,NO
,,,,,,,,,,,,,,,,,,,,,,,,,,,,,,,,,,,,,,,,,,,,,,,,,,,,,,,,,,,,,,,,,,,,,,,,,,,,,,,,,,,,,,,,,,,,,,,,,,,,,,,,,2025-04-24 13:17:26,Signal Acquired,15.382857,73.923807,1.39,0.98,9.16,-0.02,0.03,-0.0,NO
,,,,,,,,,,,,,,,,,,,,,,,,,,,,,,,,,,,,,,,,,,,,,,,,,,,,,,,,,,,,,,,,,,,,,,,,,,,,,,,,,,,,,,,,,,,,,,,,,,,,,,,,,2025-04-24 13:17:26,Signal Acquired,15.382856,73.923807,1.44,0.94,9.08,-0.01,0.01,-0.0,NO
,,,,,,,,,,,,,,,,,,,,,,,,,,,,,,,,,,,,,,,,,,,,,,,,,,,,,,,,,,,,,,,,,,,,,,,,,,,,,,,,,,,,,,,,,,,,,,,,,,,,,,,,,2025-04-24 13:17:28,Signal Acquired,15.382856,73.923807,1.37,1.07,9.0,-0.03,0.02,0.0,NO
,,,,,,,,,,,,,,,,,,,,,,,,,,,,,,,,,,,,,,,,,,,,,,,,,,,,,,,,,,,,,,,,,,,,,,,,,,,,,,,,,,,,,,,,,,,,,,,,,,,,,,,,,2025-04-24 13:17:28,Signal Acquired,15.382852,73.923808,1.24,0.76,9.27,-0.02,0.03,-0.0,NO
,,,,,,,,,,,,,,,,,,,,,,,,,,,,,,,,,,,,,,,,,,,,,,,,,,,,,,,,,,,,,,,,,,,,,,,,,,,,,,,,,,,,,,,,,,,,,,,,,,,,,,,,,2025-04-24 13:17:28,Signal Acquired,15.382852,73.923808,1.63,0.94,9.02,-0.03,0.01,-0.0,NO
,,,,,,,,,,,,,,,,,,,,,,,,,,,,,,,,,,,,,,,,,,,,,,,,,,,,,,,,,,,,,,,,,,,,,,,,,,,,,,,,,,,,,,,,,,,,,,,,,,,,,,,,,2025-04-24 13:17:31,Signal Acquired,15.382846,73.92381,1.09,0.85,9.05,-0.02,0.02,-0.0,NO
,,,,,,,,,,,,,,,,,,,,,,,,,,,,,,,,,,,,,,,,,,,,,,,,,,,,,,,,,,,,,,,,,,,,,,,,,,,,,,,,,,,,,,,,,,,,,,,,,,,,,,,,,2025-04-24 13:17:31,Signal Acquired,15.382846,73.92381,1.26,1.11,9.0,-0.03,0.03,-0.0,DETECTED
,,,,,,,,,,,,,,,,,,,,,,,,,,,,,,,,,,,,,,,,,,,,,,,,,,,,,,,,,,,,,,,,,,,,,,,,,,,,,,,,,,,,,,,,,,,,,,,,,,,,,,,,,2025-04-24 13:17:31,Signal Acquired,15.382853,73.923808,1.31,0.86,9.37,-0.0,0.01,-0.0,NO
,,,,,,,,,,,,,,,,,,,,,,,,,,,,,,,,,,,,,,,,,,,,,,,,,,,,,,,,,,,,,,,,,,,,,,,,,,,,,,,,,,,,,,,,,,,,,,,,,,,,,,,,,2025-04-24 13:17:33,Signal Acquired,15.382853,73.923808,1.64,1.01,9.02,-0.03,0.04,0.0,NO
,,,,,,,,,,,,,,,,,,,,,,,,,,,,,,,,,,,,,,,,,,,,,,,,,,,,,,,,,,,,,,,,,,,,,,,,,,,,,,,,,,,,,,,,,,,,,,,,,,,,,,,,,2025-04-24 13:17:33,Signal Acquired,15.382853,73.923808,1.25,1.87,9.23,0.0,0.0,-0.01,NO
,,,,,,,,,,,,,,,,,,,,,,,,,,,,,,,,,,,,,,,,,,,,,,,,,,,,,,,,,,,,,,,,,,,,,,,,,,,,,,,,,,,,,,,,,,,,,,,,,,,,,,,,,2025-04-24 13:17:33,Signal Acquired,15.382853,73.923808,1.78,1.11,9.24,-0.03,0.01,0.0,NO
,,,,,,,,,,,,,,,,,,,,,,,,,,,,,,,,,,,,,,,,,,,,,,,,,,,,,,,,,,,,,,,,,,,,,,,,,,,,,,,,,,,,,,,,,,,,,,,,,,,,,,,,,2025-04-24 13:17:35,Signal Acquired,15.382857,73.923807,1.52,0.37,9.02,-0.02,0.02,-0.0,NO
,,,,,,,,,,,,,,,,,,,,,,,,,,,,,,,,,,,,,,,,,,,,,,,,,,,,,,,,,,,,,,,,,,,,,,,,,,,,,,,,,,,,,,,,,,,,,,,,,,,,,,,,,2025-04-24 13:17:35,Signal Acquired,15.382857,73.923807,1.82,1.01,9.07,-0.01,0.01,-0.01,NO
,,,,,,,,,,,,,,,,,,,,,,,,,,,,,,,,,,,,,,,,,,,,,,,,,,,,,,,,,,,,,,,,,,,,,,,,,,,,,,,,,,,,,,,,,,,,,,,,,,,,,,,,,2025-04-24 13:17:35,Signal Acquired,15.382858,73.923806,1.29,0.8,9.08,-0.01,0.02,-0.0,NO
,,,,,,,,,,,,,,,,,,,,,,,,,,,,,,,,,,,,,,,,,,,,,,,,,,,,,,,,,,,,,,,,,,,,,,,,,,,,,,,,,,,,,,,,,,,,,,,,,,,,,,,,,2025-04-24 13:17:37,Signal Acquired,15.382858,73.923806,1.49,1.0,8.97,-0.02,0.05,-0.0,NO
,,,,,,,,,,,,,,,,,,,,,,,,,,,,,,,,,,,,,,,,,,,,,,,,,,,,,,,,,,,,,,,,,,,,,,,,,,,,,,,,,,,,,,,,,,,,,,,,,,,,,,,,,2025-04-24 13:17:37,Signal Acquired,15.38285,73.923807,1.49,0.73,9.07,-0.02,0.02,-0.0,NO
,,,,,,,,,,,,,,,,,,,,,,,,,,,,,,,,,,,,,,,,,,,,,,,,,,,,,,,,,,,,,,,,,,,,,,,,,,,,,,,,,,,,,,,,,,,,,,,,,,,,,,,,,2025-04-24 13:17:37,Signal Acquired,15.38285,73.923807,1.62,0.92,9.02,-0.02,0.02,-0.0,NO
,,,,,,,,,,,,,,,,,,,,,,,,,,,,,,,,,,,,,,,,,,,,,,,,,,,,,,,,,,,,,,,,,,,,,,,,,,,,,,,,,,,,,,,,,,,,,,,,,,,,,,,,,2025-04-24 13:17:40,Signal Acquired,15.382846,73.923807,1.17,0.65,9.24,-0.04,0.04,-0.0,NO
,,,,,,,,,,,,,,,,,,,,,,,,,,,,,,,,,,,,,,,,,,,,,,,,,,,,,,,,,,,,,,,,,,,,,,,,,,,,,,,,,,,,,,,,,,,,,,,,,,,,,,,,,2025-04-24 13:17:40,Signal Acquired,15.382846,73.923807,1.39,0.94,9.13,-0.01,0.03,-0.0,DETECTED
,,,,,,,,,,,,,,,,,,,,,,,,,,,,,,,,,,,,,,,,,,,,,,,,,,,,,,,,,,,,,,,,,,,,,,,,,,,,,,,,,,,,,,,,,,,,,,,,,,,,,,,,,2025-04-24 13:17:40,Signal Acquired,15.38287,73.923804,1.34,0.84,9.11,-0.02,0.03,-0.0,NO
,,,,,,,,,,,,,,,,,,,,,,,,,,,,,,,,,,,,,,,,,,,,,,,,,,,,,,,,,,,,,,,,,,,,,,,,,,,,,,,,,,,,,,,,,,,,,,,,,,,,,,,,,2025-04-24 13:17:42,Signal Acquired,15.38287,73.923804,1.56,1.12,8.96,-0.01,0.01,-0.0,NO
,,,,,,,,,,,,,,,,,,,,,,,,,,,,,,,,,,,,,,,,,,,,,,,,,,,,,,,,,,,,,,,,,,,,,,,,,,,,,,,,,,,,,,,,,,,,,,,,,,,,,,,,,2025-04-24 13:17:42,Signal Acquired,15.382867,73.923805,1.05,0.79,9.21,-0.03,0.04,-0.0,NO
,,,,,,,,,,,,,,,,,,,,,,,,,,,,,,,,,,,,,,,,,,,,,,,,,,,,,,,,,,,,,,,,,,,,,,,,,,,,,,,,,,,,,,,,,,,,,,,,,,,,,,,,,2025-04-24 13:17:42,Signal Acquired,15.382867,73.923805,1.6,0.86,9.15,-0.02,0.02,0.0,NO
,,,,,,,,,,,,,,,,,,,,,,,,,,,,,,,,,,,,,,,,,,,,,,,,,,,,,,,,,,,,,,,,,,,,,,,,,,,,,,,,,,,,,,,,,,,,,,,,,,,,,,,,,2025-04-24 13:17:44,Signal Acquired,15.382863,73.923806,1.35,0.66,9.12,-0.03,0.02,-0.0,NO
,,,,,,,,,,,,,,,,,,,,,,,,,,,,,,,,,,,,,,,,,,,,,,,,,,,,,,,,,,,,,,,,,,,,,,,,,,,,,,,,,,,,,,,,,,,,,,,,,,,,,,,,,2025-04-24 13:17:44,Signal Acquired,15.382863,73.923806,1.51,0.93,9.08,-0.01,0.02,-0.0,NO
,,,,,,,,,,,,,,,,,,,,,,,,,,,,,,,,,,,,,,,,,,,,,,,,,,,,,,,,,,,,,,,,,,,,,,,,,,,,,,,,,,,,,,,,,,,,,,,,,,,,,,,,,2025-04-24 13:17:44,Signal Acquired,15.382859,73.923806,1.43,0.85,9.04,-0.02,0.03,-0.0,NO
,,,,,,,,,,,,,,,,,,,,,,,,,,,,,,,,,,,,,,,,,,,,,,,,,,,,,,,,,,,,,,,,,,,,,,,,,,,,,,,,,,,,,,,,,,,,,,,,,,,,,,,,,2025-04-24 13:17:46,Signal Acquired,15.382859,73.923806,1.32,1.12,9.12,-0.01,0.02,0.0,NO
,,,,,,,,,,,,,,,,,,,,,,,,,,,,,,,,,,,,,,,,,,,,,,,,,,,,,,,,,,,,,,,,,,,,,,,,,,,,,,,,,,,,,,,,,,,,,,,,,,,,,,,,,2025-04-24 13:17:46,Signal Acquired,15.382857,73.923806,1.68,0.68,9.13,-0.03,0.02,-0.0,NO
,,,,,,,,,,,,,,,,,,,,,,,,,,,,,,,,,,,,,,,,,,,,,,,,,,,,,,,,,,,,,,,,,,,,,,,,,,,,,,,,,,,,,,,,,,,,,,,,,,,,,,,,,2025-04-24 13:17:46,Signal Acquired,15.382857,73.923806,1.43,1.06,9.09,-0.0,0.0,-0.0,NO
,,,,,,,,,,,,,,,,,,,,,,,,,,,,,,,,,,,,,,,,,,,,,,,,,,,,,,,,,,,,,,,,,,,,,,,,,,,,,,,,,,,,,,,,,,,,,,,,,,,,,,,,,2025-04-24 13:17:49,Signal Acquired,15.382854,73.923807,1.45,0.8,9.14,-0.03,0.03,0.0,NO
,,,,,,,,,,,,,,,,,,,,,,,,,,,,,,,,,,,,,,,,,,,,,,,,,,,,,,,,,,,,,,,,,,,,,,,,,,,,,,,,,,,,,,,,,,,,,,,,,,,,,,,,,2025-04-24 13:17:49,Signal Acquired,15.382854,73.923807,1.79,0.93,8.98,-0.01,0.02,-0.0,NO
,,,,,,,,,,,,,,,,,,,,,,,,,,,,,,,,,,,,,,,,,,,,,,,,,,,,,,,,,,,,,,,,,,,,,,,,,,,,,,,,,,,,,,,,,,,,,,,,,,,,,,,,,2025-04-24 13:17:49,Signal Acquired,15.382849,73.923807,1.43,0.93,9.0,-0.02,0.02,0.0,NO
,,,,,,,,,,,,,,,,,,,,,,,,,,,,,,,,,,,,,,,,,,,,,,,,,,,,,,,,,,,,,,,,,,,,,,,,,,,,,,,,,,,,,,,,,,,,,,,,,,,,,,,,,2025-04-24 13:17:51,Signal Acquired,15.382849,73.923807,1.57,0.94,9.18,-0.02,0.03,0.0,NO
,,,,,,,,,,,,,,,,,,,,,,,,,,,,,,,,,,,,,,,,,,,,,,,,,,,,,,,,,,,,,,,,,,,,,,,,,,,,,,,,,,,,,,,,,,,,,,,,,,,,,,,,,2025-04-24 13:17:51,Signal Acquired,15.382851,73.923806,1.28,0.99,9.28,-0.01,0.02,-0.01,NO
,,,,,,,,,,,,,,,,,,,,,,,,,,,,,,,,,,,,,,,,,,,,,,,,,,,,,,,,,,,,,,,,,,,,,,,,,,,,,,,,,,,,,,,,,,,,,,,,,,,,,,,,,2025-04-24 13:17:51,Signal Acquired,15.382851,73.923806,29.3,11.97,31.11,3.93,-2.61,-0.97,DETECTED
,,,,,,,,,,,,,,,,,,,,,,,,,,,,,,,,,,,,,,,,,,,,,,,,,,,,,,,,,,,,,,,,,,,,,,,,,,,,,,,,,,,,,,,,,,,,,,,,,,,,,,,,,2025-04-24 13:17:53,Signal Acquired,15.382852,73.923805,0.32,0.33,9.17,0.01,0.02,0.04,NO
,,,,,,,,,,,,,,,,,,,,,,,,,,,,,,,,,,,,,,,,,,,,,,,,,,,,,,,,,,,,,,,,,,,,,,,,,,,,,,,,,,,,,,,,,,,,,,,,,,,,,,,,,2025-04-24 13:17:53,Signal Acquired,15.382852,73.923805,-0.02,0.52,9.09,-0.02,0.02,-0.0,NO
,,,,,,,,,,,,,,,,,,,,,,,,,,,,,,,,,,,,,,,,,,,,,,,,,,,,,,,,,,,,,,,,,,,,,,,,,,,,,,,,,,,,,,,,,,,,,,,,,,,,,,,,,2025-04-24 13:17:53,Signal Acquired,15.38285,73.923805,0.3,-1.09,9.41,0.05,-0.12,1.2,NO
,,,,,,,,,,,,,,,,,,,,,,,,,,,,,,,,,,,,,,,,,,,,,,,,,,,,,,,,,,,,,,,,,,,,,,,,,,,,,,,,,,,,,,,,,,,,,,,,,,,,,,,,,2025-04-24 13:17:55,Signal Acquired,15.38285,73.923805,0.35,0.35,9.16,-0.02,0.03,0.0,NO
,,,,,,,,,,,,,,,,,,,,,,,,,,,,,,,,,,,,,,,,,,,,,,,,,,,,,,,,,,,,,,,,,,,,,,,,,,,,,,,,,,,,,,,,,,,,,,,,,,,,,,,,,2025-04-24 13:17:55,Signal Acquired,15.382845,73.923807,0.32,0.79,9.27,-0.02,0.02,0.0,NO
,,,,,,,,,,,,,,,,,,,,,,,,,,,,,,,,,,,,,,,,,,,,,,,,,,,,,,,,,,,,,,,,,,,,,,,,,,,,,,,,,,,,,,,,,,,,,,,,,,,,,,,,,2025-04-24 13:17:55,Signal Acquired,15.382845,73.923807,0.3,0.24,9.11,-0.03,0.03,-0.0,NO
,,,,,,,,,,,,,,,,,,,,,,,,,,,,,,,,,,,,,,,,,,,,,,,,,,,,,,,,,,,,,,,,,,,,,,,,,,,,,,,,,,,,,,,,,,,,,,,,,,,,,,,,,2025-04-24 13:17:57,Signal Acquired,15.382832,73.923812,0.22,0.89,9.23,-0.01,0.02,0.0,NO
,,,,,,,,,,,,,,,,,,,,,,,,,,,,,,,,,,,,,,,,,,,,,,,,,,,,,,,,,,,,,,,,,,,,,,,,,,,,,,,,,,,,,,,,,,,,,,,,,,,,,,,,,2025-04-24 13:17:57,Signal Acquired,15.382832,73.923812,0.42,0.06,9.22,-0.04,0.02,-0.0,DETECTED
,,,,,,,,,,,,,,,,,,,,,,,,,,,,,,,,,,,,,,,,,,,,,,,,,,,,,,,,,,,,,,,,,,,,,,,,,,,,,,,,,,,,,,,,,,,,,,,,,,,,,,,,,2025-04-24 13:17:57,Signal Acquired,15.382829,73.923811,0.36,0.79,9.1,-0.01,0.02,-0.0,NO
,,,,,,,,,,,,,,,,,,,,,,,,,,,,,,,,,,,,,,,,,,,,,,,,,,,,,,,,,,,,,,,,,,,,,,,,,,,,,,,,,,,,,,,,,,,,,,,,,,,,,,,,,2025-04-24 13:18:00,Signal Acquired,15.382829,73.923811,0.06,0.37,9.26,-0.03,0.01,-0.0,NO
,,,,,,,,,,,,,,,,,,,,,,,,,,,,,,,,,,,,,,,,,,,,,,,,,,,,,,,,,,,,,,,,,,,,,,,,,,,,,,,,,,,,,,,,,,,,,,,,,,,,,,,,,2025-04-24 13:18:00,Signal Acquired,15.382823,73.923813,0.55,0.49,9.12,-0.01,0.04,-0.0,NO
,,,,,,,,,,,,,,,,,,,,,,,,,,,,,,,,,,,,,,,,,,,,,,,,,,,,,,,,,,,,,,,,,,,,,,,,,,,,,,,,,,,,,,,,,,,,,,,,,,,,,,,,,2025-04-24 13:18:00,Signal Acquired,15.382823,73.923813,0.24,0.66,9.17,-0.02,0.01,-0.0,NO
,,,,,,,,,,,,,,,,,,,,,,,,,,,,,,,,,,,,,,,,,,,,,,,,,,,,,,,,,,,,,,,,,,,,,,,,,,,,,,,,,,,,,,,,,,,,,,,,,,,,,,,,,2025-04-24 13:18:02,Signal Acquired,15.382813,73.923818,0.66,0.32,9.13,-0.03,0.02,-0.0,NO
,,,,,,,,,,,,,,,,,,,,,,,,,,,,,,,,,,,,,,,,,,,,,,,,,,,,,,,,,,,,,,,,,,,,,,,,,,,,,,,,,,,,,,,,,,,,,,,,,,,,,,,,,2025-04-24 13:18:02,Signal Acquired,15.382813,73.923818,0.22,0.52,9.21,-0.0,0.02,0.0,NO
,,,,,,,,,,,,,,,,,,,,,,,,,,,,,,,,,,,,,,,,,,,,,,,,,,,,,,,,,,,,,,,,,,,,,,,,,,,,,,,,,,,,,,,,,,,,,,,,,,,,,,,,,2025-04-24 13:18:02,Signal Acquired,15.382806,73.923822,0.59,0.83,9.19,-0.03,0.02,-0.01,NO
,,,,,,,,,,,,,,,,,,,,,,,,,,,,,,,,,,,,,,,,,,,,,,,,,,,,,,,,,,,,,,,,,,,,,,,,,,,,,,,,,,,,,,,,,,,,,,,,,,,,,,,,,2025-04-24 13:18:04,Signal Acquired,15.382806,73.923822,0.31,0.19,9.16,-0.01,0.03,0.0,NO
,,,,,,,,,,,,,,,,,,,,,,,,,,,,,,,,,,,,,,,,,,,,,,,,,,,,,,,,,,,,,,,,,,,,,,,,,,,,,,,,,,,,,,,,,,,,,,,,,,,,,,,,,2025-04-24 13:18:04,Signal Acquired,15.382803,73.923821,0.75,0.72,9.02,-0.03,0.06,-0.01,NO
,,,,,,,,,,,,,,,,,,,,,,,,,,,,,,,,,,,,,,,,,,,,,,,,,,,,,,,,,,,,,,,,,,,,,,,,,,,,,,,,,,,,,,,,,,,,,,,,,,,,,,,,,2025-04-24 13:18:04,Signal Acquired,15.382803,73.923821,0.23,0.25,9.25,-0.02,0.01,0.0,NO
,,,,,,,,,,,,,,,,,,,,,,,,,,,,,,,,,,,,,,,,,,,,,,,,,,,,,,,,,,,,,,,,,,,,,,,,,,,,,,,,,,,,,,,,,,,,,,,,,,,,,,,,,2025-04-24 13:18:06,Signal Acquired,15.382793,73.923827,0.07,0.55,9.17,-0.02,0.04,-0.0,NO
,,,,,,,,,,,,,,,,,,,,,,,,,,,,,,,,,,,,,,,,,,,,,,,,,,,,,,,,,,,,,,,,,,,,,,,,,,,,,,,,,,,,,,,,,,,,,,,,,,,,,,,,,2025-04-24 13:18:06,Signal Acquired,15.382793,73.923827,0.63,0.46,9.04,-0.03,0.01,0.0,NO
,,,,,,,,,,,,,,,,,,,,,,,,,,,,,,,,,,,,,,,,,,,,,,,,,,,,,,,,,,,,,,,,,,,,,,,,,,,,,,,,,,,,,,,,,,,,,,,,,,,,,,,,,2025-04-24 13:18:06,Signal Acquired,15.382782,73.923829,1.0,0.45,9.26,-0.02,-0.01,-0.0,NO
,,,,,,,,,,,,,,,,,,,,,,,,,,,,,,,,,,,,,,,,,,,,,,,,,,,,,,,,,,,,,,,,,,,,,,,,,,,,,,,,,,,,,,,,,,,,,,,,,,,,,,,,,2025-04-24 13:18:09,Signal Acquired,15.382782,73.923829,-0.22,0.91,9.28,-0.01,0.05,-0.01,NO
,,,,,,,,,,,,,,,,,,,,,,,,,,,,,,,,,,,,,,,,,,,,,,,,,,,,,,,,,,,,,,,,,,,,,,,,,,,,,,,,,,,,,,,,,,,,,,,,,,,,,,,,,2025-04-24 13:18:09,Signal Acquired,15.382768,73.92383,0.33,0.11,9.22,-0.02,-0.0,0.0,NO
,,,,,,,,,,,,,,,,,,,,,,,,,,,,,,,,,,,,,,,,,,,,,,,,,,,,,,,,,,,,,,,,,,,,,,,,,,,,,,,,,,,,,,,,,,,,,,,,,,,,,,,,,2025-04-24 13:18:09,Signal Acquired,15.382768,73.92383,1.44,1.48,8.95,-0.02,0.04,-0.0,DETECTED
,,,,,,,,,,,,,,,,,,,,,,,,,,,,,,,,,,,,,,,,,,,,,,,,,,,,,,,,,,,,,,,,,,,,,,,,,,,,,,,,,,,,,,,,,,,,,,,,,,,,,,,,,2025-04-24 13:18:11,Signal Acquired,15.382766,73.923834,0.12,1.45,9.16,-0.01,0.01,0.01,NO
,,,,,,,,,,,,,,,,,,,,,,,,,,,,,,,,,,,,,,,,,,,,,,,,,,,,,,,,,,,,,,,,,,,,,,,,,,,,,,,,,,,,,,,,,,,,,,,,,,,,,,,,,2025-04-24 13:18:11,Signal Acquired,15.382766,73.923834,-0.25,1.41,9.09,0.01,0.02,0.02,NO
,,,,,,,,,,,,,,,,,,,,,,,,,,,,,,,,,,,,,,,,,,,,,,,,,,,,,,,,,,,,,,,,,,,,,,,,,,,,,,,,,,,,,,,,,,,,,,,,,,,,,,,,,2025-04-24 13:18:11,Signal Acquired,15.38278,73.923828,0.85,1.01,9.33,-0.05,0.04,-0.01,NO
,,,,,,,,,,,,,,,,,,,,,,,,,,,,,,,,,,,,,,,,,,,,,,,,,,,,,,,,,,,,,,,,,,,,,,,,,,,,,,,,,,,,,,,,,,,,,,,,,,,,,,,,,2025-04-24 13:18:13,Signal Acquired,15.38278,73.923828,0.22,1.21,9.33,-0.06,0.03,-0.06,NO
,,,,,,,,,,,,,,,,,,,,,,,,,,,,,,,,,,,,,,,,,,,,,,,,,,,,,,,,,,,,,,,,,,,,,,,,,,,,,,,,,,,,,,,,,,,,,,,,,,,,,,,,,2025-04-24 13:18:13,Signal Acquired,15.3828,73.923816,1.74,1.34,9.75,0.04,-0.03,-0.12,DETECTED
,,,,,,,,,,,,,,,,,,,,,,,,,,,,,,,,,,,,,,,,,,,,,,,,,,,,,,,,,,,,,,,,,,,,,,,,,,,,,,,,,,,,,,,,,,,,,,,,,,,,,,,,,2025-04-24 13:18:13,Signal Acquired,15.3828,73.923816,0.28,0.78,9.64,-0.04,-0.01,-0.27,NO
,,,,,,,,,,,,,,,,,,,,,,,,,,,,,,,,,,,,,,,,,,,,,,,,,,,,,,,,,,,,,,,,,,,,,,,,,,,,,,,,,,,,,,,,,,,,,,,,,,,,,,,,,2025-04-24 13:18:15,Signal Acquired,15.382834,73.923809,0.88,1.11,9.7,-0.1,-0.01,-0.46,NO
,,,,,,,,,,,,,,,,,,,,,,,,,,,,,,,,,,,,,,,,,,,,,,,,,,,,,,,,,,,,,,,,,,,,,,,,,,,,,,,,,,,,,,,,,,,,,,,,,,,,,,,,,2025-04-24 13:18:15,Signal Acquired,15.382834,73.923809,0.88,1.29,8.22,-0.01,0.27,-0.55,DETECTED
,,,,,,,,,,,,,,,,,,,,,,,,,,,,,,,,,,,,,,,,,,,,,,,,,,,,,,,,,,,,,,,,,,,,,,,,,,,,,,,,,,,,,,,,,,,,,,,,,,,,,,,,,2025-04-24 13:18:15,Signal Acquired,15.382863,73.92381,-1.44,-0.23,10.07,-0.03,-0.09,-0.49,DETECTED
,,,,,,,,,,,,,,,,,,,,,,,,,,,,,,,,,,,,,,,,,,,,,,,,,,,,,,,,,,,,,,,,,,,,,,,,,,,,,,,,,,,,,,,,,,,,,,,,,,,,,,,,,2025-04-24 13:18:18,Signal Acquired,15.382863,73.92381,-3.0,1.42,9.63,-0.08,0.06,-0.36,DETECTED
,,,,,,,,,,,,,,,,,,,,,,,,,,,,,,,,,,,,,,,,,,,,,,,,,,,,,,,,,,,,,,,,,,,,,,,,,,,,,,,,,,,,,,,,,,,,,,,,,,,,,,,,,2025-04-24 13:18:18,Signal Acquired,15.382915,73.923833,-0.92,0.76,9.79,-0.01,0.0,-0.22,DETECTED
,,,,,,,,,,,,,,,,,,,,,,,,,,,,,,,,,,,,,,,,,,,,,,,,,,,,,,,,,,,,,,,,,,,,,,,,,,,,,,,,,,,,,,,,,,,,,,,,,,,,,,,,,2025-04-24 13:18:18,Signal Acquired,15.382915,73.923833,-4.67,-0.51,9.37,-0.13,-0.01,-0.08,DETECTED
,,,,,,,,,,,,,,,,,,,,,,,,,,,,,,,,,,,,,,,,,,,,,,,,,,,,,,,,,,,,,,,,,,,,,,,,,,,,,,,,,,,,,,,,,,,,,,,,,,,,,,,,,2025-04-24 13:18:20,Signal Acquired,15.382933,73.923861,1.53,0.43,8.69,-0.01,-0.07,-0.17,DETECTED
,,,,,,,,,,,,,,,,,,,,,,,,,,,,,,,,,,,,,,,,,,,,,,,,,,,,,,,,,,,,,,,,,,,,,,,,,,,,,,,,,,,,,,,,,,,,,,,,,,,,,,,,,2025-04-24 13:18:20,Signal Acquired,15.382933,73.923861,0.7,1.72,9.29,-0.07,0.23,-0.26,DETECTED
,,,,,,,,,,,,,,,,,,,,,,,,,,,,,,,,,,,,,,,,,,,,,,,,,,,,,,,,,,,,,,,,,,,,,,,,,,,,,,,,,,,,,,,,,,,,,,,,,,,,,,,,,2025-04-24 13:18:20,Signal Acquired,15.382971,73.923892,2.79,-0.2,8.76,-0.03,-0.06,-0.27,DETECTED
,,,,,,,,,,,,,,,,,,,,,,,,,,,,,,,,,,,,,,,,,,,,,,,,,,,,,,,,,,,,,,,,,,,,,,,,,,,,,,,,,,,,,,,,,,,,,,,,,,,,,,,,,2025-04-24 13:18:22,Signal Acquired,15.382971,73.923892,4.94,1.08,8.99,-0.03,0.03,-0.34,DETECTED
,,,,,,,,,,,,,,,,,,,,,,,,,,,,,,,,,,,,,,,,,,,,,,,,,,,,,,,,,,,,,,,,,,,,,,,,,,,,,,,,,,,,,,,,,,,,,,,,,,,,,,,,,2025-04-24 13:18:22,Signal Acquired,15.382982,73.923926,2.65,-0.24,9.04,-0.06,-0.02,-0.36,NO
,,,,,,,,,,,,,,,,,,,,,,,,,,,,,,,,,,,,,,,,,,,,,,,,,,,,,,,,,,,,,,,,,,,,,,,,,,,,,,,,,,,,,,,,,,,,,,,,,,,,,,,,,2025-04-24 13:18:22,Signal Acquired,15.382982,73.923926,2.52,0.65,8.33,-0.08,0.16,-0.38,DETECTED
,,,,,,,,,,,,,,,,,,,,,,,,,,,,,,,,,,,,,,,,,,,,,,,,,,,,,,,,,,,,,,,,,,,,,,,,,,,,,,,,,,,,,,,,,,,,,,,,,,,,,,,,,2025-04-24 13:18:24,Signal Acquired,15.382984,73.923963,4.87,0.08,8.58,-0.03,-0.05,-0.34,DETECTED
,,,,,,,,,,,,,,,,,,,,,,,,,,,,,,,,,,,,,,,,,,,,,,,,,,,,,,,,,,,,,,,,,,,,,,,,,,,,,,,,,,,,,,,,,,,,,,,,,,,,,,,,,2025-04-24 13:18:24,Signal Acquired,15.382984,73.923963,1.47,-0.28,9.39,-0.09,0.14,-0.37,DETECTED
,,,,,,,,,,,,,,,,,,,,,,,,,,,,,,,,,,,,,,,,,,,,,,,,,,,,,,,,,,,,,,,,,,,,,,,,,,,,,,,,,,,,,,,,,,,,,,,,,,,,,,,,,2025-04-24 13:18:24,Signal Acquired,15.38299,73.923997,4.61,0.57,8.47,-0.03,0.15,-0.31,NO
,,,,,,,,,,,,,,,,,,,,,,,,,,,,,,,,,,,,,,,,,,,,,,,,,,,,,,,,,,,,,,,,,,,,,,,,,,,,,,,,,,,,,,,,,,,,,,,,,,,,,,,,,2025-04-24 13:18:27,Signal Acquired,15.38299,73.923997,2.26,0.57,8.33,-0.03,0.02,-0.19,NO
,,,,,,,,,,,,,,,,,,,,,,,,,,,,,,,,,,,,,,,,,,,,,,,,,,,,,,,,,,,,,,,,,,,,,,,,,,,,,,,,,,,,,,,,,,,,,,,,,,,,,,,,,2025-04-24 13:18:27,Signal Acquired,15.382977,73.924028,2.75,0.55,10.05,0.02,-0.23,-0.16,NO
,,,,,,,,,,,,,,,,,,,,,,,,,,,,,,,,,,,,,,,,,,,,,,,,,,,,,,,,,,,,,,,,,,,,,,,,,,,,,,,,,,,,,,,,,,,,,,,,,,,,,,,,,2025-04-24 13:18:27,Signal Acquired,15.382977,73.924028,0.45,0.57,10.17,-0.01,-0.21,-0.2,DETECTED
,,,,,,,,,,,,,,,,,,,,,,,,,,,,,,,,,,,,,,,,,,,,,,,,,,,,,,,,,,,,,,,,,,,,,,,,,,,,,,,,,,,,,,,,,,,,,,,,,,,,,,,,,2025-04-24 13:18:29,Signal Acquired,15.382962,73.924054,-0.06,0.58,8.79,-0.07,0.2,-0.18,DETECTED
,,,,,,,,,,,,,,,,,,,,,,,,,,,,,,,,,,,,,,,,,,,,,,,,,,,,,,,,,,,,,,,,,,,,,,,,,,,,,,,,,,,,,,,,,,,,,,,,,,,,,,,,,2025-04-24 13:18:29,Signal Acquired,15.382962,73.924054,-0.88,0.35,9.84,0.02,-0.17,-0.15,DETECTED
,,,,,,,,,,,,,,,,,,,,,,,,,,,,,,,,,,,,,,,,,,,,,,,,,,,,,,,,,,,,,,,,,,,,,,,,,,,,,,,,,,,,,,,,,,,,,,,,,,,,,,,,,2025-04-24 13:18:29,Signal Acquired,15.382945,73.924075,-4.25,0.16,10.31,-0.05,0.11,0.03,DETECTED
,,,,,,,,,,,,,,,,,,,,,,,,,,,,,,,,,,,,,,,,,,,,,,,,,,,,,,,,,,,,,,,,,,,,,,,,,,,,,,,,,,,,,,,,,,,,,,,,,,,,,,,,,2025-04-24 13:18:31,Signal Acquired,15.382945,73.924075,1.0,-0.05,9.36,-0.04,-0.02,0.23,NO
,,,,,,,,,,,,,,,,,,,,,,,,,,,,,,,,,,,,,,,,,,,,,,,,,,,,,,,,,,,,,,,,,,,,,,,,,,,,,,,,,,,,,,,,,,,,,,,,,,,,,,,,,2025-04-24 13:18:31,Signal Acquired,15.382912,73.924095,0.42,-0.25,9.32,-0.03,0.03,0.36,NO
,,,,,,,,,,,,,,,,,,,,,,,,,,,,,,,,,,,,,,,,,,,,,,,,,,,,,,,,,,,,,,,,,,,,,,,,,,,,,,,,,,,,,,,,,,,,,,,,,,,,,,,,,2025-04-24 13:18:31,Signal Acquired,15.382912,73.924095,-2.99,-0.12,10.25,-0.02,0.14,0.52,DETECTED
,,,,,,,,,,,,,,,,,,,,,,,,,,,,,,,,,,,,,,,,,,,,,,,,,,,,,,,,,,,,,,,,,,,,,,,,,,,,,,,,,,,,,,,,,,,,,,,,,,,,,,,,,2025-04-24 13:18:33,Signal Acquired,15.382884,73.924116,-0.24,0.02,8.86,-0.01,0.0,0.6,DETECTED
,,,,,,,,,,,,,,,,,,,,,,,,,,,,,,,,,,,,,,,,,,,,,,,,,,,,,,,,,,,,,,,,,,,,,,,,,,,,,,,,,,,,,,,,,,,,,,,,,,,,,,,,,2025-04-24 13:18:33,Signal Acquired,15.382884,73.924116,-2.49,0.05,9.69,-0.01,-0.01,0.59,DETECTED
,,,,,,,,,,,,,,,,,,,,,,,,,,,,,,,,,,,,,,,,,,,,,,,,,,,,,,,,,,,,,,,,,,,,,,,,,,,,,,,,,,,,,,,,,,,,,,,,,,,,,,,,,2025-04-24 13:18:33,Signal Acquired,15.382874,73.924138,0.68,0.83,9.79,0.01,-0.02,0.47,NO
,,,,,,,,,,,,,,,,,,,,,,,,,,,,,,,,,,,,,,,,,,,,,,,,,,,,,,,,,,,,,,,,,,,,,,,,,,,,,,,,,,,,,,,,,,,,,,,,,,,,,,,,,2025-04-24 13:18:35,Signal Acquired,15.382874,73.924138,-0.05,0.27,8.67,0.01,0.01,0.35,NO
,,,,,,,,,,,,,,,,,,,,,,,,,,,,,,,,,,,,,,,,,,,,,,,,,,,,,,,,,,,,,,,,,,,,,,,,,,,,,,,,,,,,,,,,,,,,,,,,,,,,,,,,,2025-04-24 13:18:35,Signal Acquired,15.382875,73.924155,-0.11,0.43,9.44,-0.02,-0.02,0.22,NO
,,,,,,,,,,,,,,,,,,,,,,,,,,,,,,,,,,,,,,,,,,,,,,,,,,,,,,,,,,,,,,,,,,,,,,,,,,,,,,,,,,,,,,,,,,,,,,,,,,,,,,,,,2025-04-24 13:18:35,Signal Acquired,15.382875,73.924155,0.42,0.25,9.25,-0.02,-0.01,0.13,NO
,,,,,,,,,,,,,,,,,,,,,,,,,,,,,,,,,,,,,,,,,,,,,,,,,,,,,,,,,,,,,,,,,,,,,,,,,,,,,,,,,,,,,,,,,,,,,,,,,,,,,,,,,2025-04-24 13:18:38,Signal Acquired,15.382888,73.924172,0.45,-0.26,9.18,-0.05,0.02,0.07,NO
,,,,,,,,,,,,,,,,,,,,,,,,,,,,,,,,,,,,,,,,,,,,,,,,,,,,,,,,,,,,,,,,,,,,,,,,,,,,,,,,,,,,,,,,,,,,,,,,,,,,,,,,,2025-04-24 13:18:38,Signal Acquired,15.382888,73.924172,0.43,-0.31,9.9,-0.06,0.05,0.03,NO
,,,,,,,,,,,,,,,,,,,,,,,,,,,,,,,,,,,,,,,,,,,,,,,,,,,,,,,,,,,,,,,,,,,,,,,,,,,,,,,,,,,,,,,,,,,,,,,,,,,,,,,,,2025-04-24 13:18:38,Signal Acquired,15.382904,73.924188,0.47,-1.11,8.53,-0.01,-0.01,0.06,DETECTED
,,,,,,,,,,,,,,,,,,,,,,,,,,,,,,,,,,,,,,,,,,,,,,,,,,,,,,,,,,,,,,,,,,,,,,,,,,,,,,,,,,,,,,,,,,,,,,,,,,,,,,,,,2025-04-24 13:18:40,Signal Acquired,15.382904,73.924188,0.78,-1.36,9.59,-0.06,0.01,0.07,NO
,,,,,,,,,,,,,,,,,,,,,,,,,,,,,,,,,,,,,,,,,,,,,,,,,,,,,,,,,,,,,,,,,,,,,,,,,,,,,,,,,,,,,,,,,,,,,,,,,,,,,,,,,2025-04-24 13:18:40,Signal Acquired,15.382917,73.924198,0.87,-1.24,9.12,-0.04,-0.03,0.07,NO
,,,,,,,,,,,,,,,,,,,,,,,,,,,,,,,,,,,,,,,,,,,,,,,,,,,,,,,,,,,,,,,,,,,,,,,,,,,,,,,,,,,,,,,,,,,,,,,,,,,,,,,,,2025-04-24 13:18:40,Signal Acquired,15.382917,73.924198,0.08,-1.52,10.08,-0.03,0.04,0.07,NO
,,,,,,,,,,,,,,,,,,,,,,,,,,,,,,,,,,,,,,,,,,,,,,,,,,,,,,,,,,,,,,,,,,,,,,,,,,,,,,,,,,,,,,,,,,,,,,,,,,,,,,,,,2025-04-24 13:18:42,Signal Acquired,15.382925,73.924205,1.37,-1.06,9.13,-0.01,0.02,0.06,NO
,,,,,,,,,,,,,,,,,,,,,,,,,,,,,,,,,,,,,,,,,,,,,,,,,,,,,,,,,,,,,,,,,,,,,,,,,,,,,,,,,,,,,,,,,,,,,,,,,,,,,,,,,2025-04-24 13:18:42,Signal Acquired,15.382925,73.924205,0.51,-0.7,9.33,-0.02,0.03,0.05,NO
,,,,,,,,,,,,,,,,,,,,,,,,,,,,,,,,,,,,,,,,,,,,,,,,,,,,,,,,,,,,,,,,,,,,,,,,,,,,,,,,,,,,,,,,,,,,,,,,,,,,,,,,,2025-04-24 13:18:42,Signal Acquired,15.382929,73.92421,0.45,-1.04,9.32,-0.01,0.04,0.05,NO
,,,,,,,,,,,,,,,,,,,,,,,,,,,,,,,,,,,,,,,,,,,,,,,,,,,,,,,,,,,,,,,,,,,,,,,,,,,,,,,,,,,,,,,,,,,,,,,,,,,,,,,,,2025-04-24 13:18:44,Signal Acquired,15.382929,73.92421,0.62,-0.92,9.21,-0.02,0.01,0.04,NO
,,,,,,,,,,,,,,,,,,,,,,,,,,,,,,,,,,,,,,,,,,,,,,,,,,,,,,,,,,,,,,,,,,,,,,,,,,,,,,,,,,,,,,,,,,,,,,,,,,,,,,,,,2025-04-24 13:18:44,Signal Acquired,15.38293,73.924212,0.24,-0.27,9.15,-0.02,0.01,0.04,NO
,,,,,,,,,,,,,,,,,,,,,,,,,,,,,,,,,,,,,,,,,,,,,,,,,,,,,,,,,,,,,,,,,,,,,,,,,,,,,,,,,,,,,,,,,,,,,,,,,,,,,,,,,2025-04-24 13:18:44,Signal Acquired,15.38293,73.924212,0.87,-0.74,9.36,-0.02,0.02,0.04,NO
,,,,,,,,,,,,,,,,,,,,,,,,,,,,,,,,,,,,,,,,,,,,,,,,,,,,,,,,,,,,,,,,,,,,,,,,,,,,,,,,,,,,,,,,,,,,,,,,,,,,,,,,,2025-04-24 13:18:47,Signal Acquired,15.382932,73.924214,0.3,-1.12,9.31,-0.04,0.03,0.02,NO
,,,,,,,,,,,,,,,,,,,,,,,,,,,,,,,,,,,,,,,,,,,,,,,,,,,,,,,,,,,,,,,,,,,,,,,,,,,,,,,,,,,,,,,,,,,,,,,,,,,,,,,,,2025-04-24 13:18:47,Signal Acquired,15.382932,73.924214,0.6,-0.74,9.18,-0.01,0.03,0.02,NO
,,,,,,,,,,,,,,,,,,,,,,,,,,,,,,,,,,,,,,,,,,,,,,,,,,,,,,,,,,,,,,,,,,,,,,,,,,,,,,,,,,,,,,,,,,,,,,,,,,,,,,,,,2025-04-24 13:18:47,Signal Acquired,15.382932,73.924216,0.22,-0.19,9.62,-0.05,0.03,0.03,NO
,,,,,,,,,,,,,,,,,,,,,,,,,,,,,,,,,,,,,,,,,,,,,,,,,,,,,,,,,,,,,,,,,,,,,,,,,,,,,,,,,,,,,,,,,,,,,,,,,,,,,,,,,2025-04-24 13:18:49,Signal Acquired,15.382932,73.924216,0.39,-1.33,9.11,-0.01,0.0,0.03,NO
,,,,,,,,,,,,,,,,,,,,,,,,,,,,,,,,,,,,,,,,,,,,,,,,,,,,,,,,,,,,,,,,,,,,,,,,,,,,,,,,,,,,,,,,,,,,,,,,,,,,,,,,,2025-04-24 13:18:49,Signal Acquired,15.382935,73.924215,0.29,-0.59,9.22,-0.02,0.03,0.01,NO
,,,,,,,,,,,,,,,,,,,,,,,,,,,,,,,,,,,,,,,,,,,,,,,,,,,,,,,,,,,,,,,,,,,,,,,,,,,,,,,,,,,,,,,,,,,,,,,,,,,,,,,,,2025-04-24 13:18:49,Signal Acquired,15.382935,73.924215,0.34,-0.01,9.18,-0.01,0.02,0.02,NO
,,,,,,,,,,,,,,,,,,,,,,,,,,,,,,,,,,,,,,,,,,,,,,,,,,,,,,,,,,,,,,,,,,,,,,,,,,,,,,,,,,,,,,,,,,,,,,,,,,,,,,,,,2025-04-24 13:18:51,Signal Acquired,15.382935,73.924216,0.23,-0.31,9.32,-0.01,-0.0,0.03,NO
,,,,,,,,,,,,,,,,,,,,,,,,,,,,,,,,,,,,,,,,,,,,,,,,,,,,,,,,,,,,,,,,,,,,,,,,,,,,,,,,,,,,,,,,,,,,,,,,,,,,,,,,,2025-04-24 13:18:51,Signal Acquired,15.382935,73.924216,0.28,-0.53,9.22,-0.02,-0.02,0.04,NO
,,,,,,,,,,,,,,,,,,,,,,,,,,,,,,,,,,,,,,,,,,,,,,,,,,,,,,,,,,,,,,,,,,,,,,,,,,,,,,,,,,,,,,,,,,,,,,,,,,,,,,,,,2025-04-24 13:18:51,Signal Acquired,15.382936,73.924218,0.34,-0.3,9.36,0.01,0.05,0.05,NO
,,,,,,,,,,,,,,,,,,,,,,,,,,,,,,,,,,,,,,,,,,,,,,,,,,,,,,,,,,,,,,,,,,,,,,,,,,,,,,,,,,,,,,,,,,,,,,,,,,,,,,,,,2025-04-24 13:18:53,Signal Acquired,15.382936,73.924218,0.39,-0.4,9.08,0.03,-0.0,0.13,NO
,,,,,,,,,,,,,,,,,,,,,,,,,,,,,,,,,,,,,,,,,,,,,,,,,,,,,,,,,,,,,,,,,,,,,,,,,,,,,,,,,,,,,,,,,,,,,,,,,,,,,,,,,2025-04-24 13:18:53,Signal Acquired,15.382939,73.924219,0.58,0.4,9.02,0.02,0.01,0.16,NO
,,,,,,,,,,,,,,,,,,,,,,,,,,,,,,,,,,,,,,,,,,,,,,,,,,,,,,,,,,,,,,,,,,,,,,,,,,,,,,,,,,,,,,,,,,,,,,,,,,,,,,,,,2025-04-24 13:18:53,Signal Acquired,15.382939,73.924219,0.39,1.39,8.79,0.06,0.02,0.2,NO
,,,,,,,,,,,,,,,,,,,,,,,,,,,,,,,,,,,,,,,,,,,,,,,,,,,,,,,,,,,,,,,,,,,,,,,,,,,,,,,,,,,,,,,,,,,,,,,,,,,,,,,,,2025-04-24 13:18:56,Signal Acquired,15.382944,73.924222,-0.31,1.42,9.49,0.04,0.05,0.26,DETECTED
,,,,,,,,,,,,,,,,,,,,,,,,,,,,,,,,,,,,,,,,,,,,,,,,,,,,,,,,,,,,,,,,,,,,,,,,,,,,,,,,,,,,,,,,,,,,,,,,,,,,,,,,,2025-04-24 13:18:56,Signal Acquired,15.382944,73.924222,1.2,1.62,8.96,0.02,0.0,0.28,NO
,,,,,,,,,,,,,,,,,,,,,,,,,,,,,,,,,,,,,,,,,,,,,,,,,,,,,,,,,,,,,,,,,,,,,,,,,,,,,,,,,,,,,,,,,,,,,,,,,,,,,,,,,2025-04-24 13:18:56,Signal Acquired,15.382953,73.92422,1.53,2.25,8.41,0.02,0.17,0.28,DETECTED
,,,,,,,,,,,,,,,,,,,,,,,,,,,,,,,,,,,,,,,,,,,,,,,,,,,,,,,,,,,,,,,,,,,,,,,,,,,,,,,,,,,,,,,,,,,,,,,,,,,,,,,,,2025-04-24 13:18:58,Signal Acquired,15.382953,73.92422,-0.66,2.22,8.92,0.0,0.1,0.31,DETECTED
,,,,,,,,,,,,,,,,,,,,,,,,,,,,,,,,,,,,,,,,,,,,,,,,,,,,,,,,,,,,,,,,,,,,,,,,,,,,,,,,,,,,,,,,,,,,,,,,,,,,,,,,,2025-04-24 13:18:58,Signal Acquired,15.38297,73.924205,-1.74,0.85,8.76,-0.1,0.0,0.26,NO
,,,,,,,,,,,,,,,,,,,,,,,,,,,,,,,,,,,,,,,,,,,,,,,,,,,,,,,,,,,,,,,,,,,,,,,,,,,,,,,,,,,,,,,,,,,,,,,,,,,,,,,,,2025-04-24 13:18:58,Signal Acquired,15.38297,73.924205,1.28,0.59,9.02,-0.06,-0.02,0.22,NO
,,,,,,,,,,,,,,,,,,,,,,,,,,,,,,,,,,,,,,,,,,,,,,,,,,,,,,,,,,,,,,,,,,,,,,,,,,,,,,,,,,,,,,,,,,,,,,,,,,,,,,,,,2025-04-24 13:19:00,Signal Acquired,15.382995,73.924176,-0.8,1.99,9.6,-0.01,-0.02,0.13,NO
,,,,,,,,,,,,,,,,,,,,,,,,,,,,,,,,,,,,,,,,,,,,,,,,,,,,,,,,,,,,,,,,,,,,,,,,,,,,,,,,,,,,,,,,,,,,,,,,,,,,,,,,,2025-04-24 13:19:00,Signal Acquired,15.382995,73.924176,2.55,1.28,8.97,-0.08,0.07,0.08,DETECTED
,,,,,,,,,,,,,,,,,,,,,,,,,,,,,,,,,,,,,,,,,,,,,,,,,,,,,,,,,,,,,,,,,,,,,,,,,,,,,,,,,,,,,,,,,,,,,,,,,,,,,,,,,2025-04-24 13:19:00,Signal Acquired,15.383021,73.924141,-1.1,-0.39,9.33,0.02,0.08,0.05,DETECTED
,,,,,,,,,,,,,,,,,,,,,,,,,,,,,,,,,,,,,,,,,,,,,,,,,,,,,,,,,,,,,,,,,,,,,,,,,,,,,,,,,,,,,,,,,,,,,,,,,,,,,,,,,2025-04-24 13:19:02,Signal Acquired,15.383021,73.924141,0.73,0.27,9.23,-0.01,-0.05,0.06,NO
,,,,,,,,,,,,,,,,,,,,,,,,,,,,,,,,,,,,,,,,,,,,,,,,,,,,,,,,,,,,,,,,,,,,,,,,,,,,,,,,,,,,,,,,,,,,,,,,,,,,,,,,,2025-04-24 13:19:02,Signal Acquired,15.383048,73.924103,5.24,2.78,9.0,0.05,-0.1,0.04,DETECTED
,,,,,,,,,,,,,,,,,,,,,,,,,,,,,,,,,,,,,,,,,,,,,,,,,,,,,,,,,,,,,,,,,,,,,,,,,,,,,,,,,,,,,,,,,,,,,,,,,,,,,,,,,2025-04-24 13:19:02,Signal Acquired,15.383048,73.924103,-0.99,1.66,9.91,-0.02,-0.05,0.02,NO
,,,,,,,,,,,,,,,,,,,,,,,,,,,,,,,,,,,,,,,,,,,,,,,,,,,,,,,,,,,,,,,,,,,,,,,,,,,,,,,,,,,,,,,,,,,,,,,,,,,,,,,,,2025-04-24 13:19:04,Signal Acquired,15.383076,73.924052,0.84,1.98,9.18,-0.0,0.11,0.04,NO
,,,,,,,,,,,,,,,,,,,,,,,,,,,,,,,,,,,,,,,,,,,,,,,,,,,,,,,,,,,,,,,,,,,,,,,,,,,,,,,,,,,,,,,,,,,,,,,,,,,,,,,,,2025-04-24 13:19:04,Signal Acquired,15.383076,73.924052,1.08,1.89,8.39,-0.01,-0.08,0.03,NO
,,,,,,,,,,,,,,,,,,,,,,,,,,,,,,,,,,,,,,,,,,,,,,,,,,,,,,,,,,,,,,,,,,,,,,,,,,,,,,,,,,,,,,,,,,,,,,,,,,,,,,,,,2025-04-24 13:19:04,Signal Acquired,15.383113,73.923993,-0.35,1.85,9.07,-0.01,-0.03,0.03,DETECTED
,,,,,,,,,,,,,,,,,,,,,,,,,,,,,,,,,,,,,,,,,,,,,,,,,,,,,,,,,,,,,,,,,,,,,,,,,,,,,,,,,,,,,,,,,,,,,,,,,,,,,,,,,2025-04-24 13:19:07,Signal Acquired,15.383113,73.923993,0.97,1.23,9.45,-0.01,0.06,0.02,NO
,,,,,,,,,,,,,,,,,,,,,,,,,,,,,,,,,,,,,,,,,,,,,,,,,,,,,,,,,,,,,,,,,,,,,,,,,,,,,,,,,,,,,,,,,,,,,,,,,,,,,,,,,2025-04-24 13:19:07,Signal Acquired,15.383154,73.923922,0.94,1.15,9.11,-0.01,-0.02,0.04,DETECTED
,,,,,,,,,,,,,,,,,,,,,,,,,,,,,,,,,,,,,,,,,,,,,,,,,,,,,,,,,,,,,,,,,,,,,,,,,,,,,,,,,,,,,,,,,,,,,,,,,,,,,,,,,2025-04-24 13:19:07,Signal Acquired,15.383154,73.923922,-0.24,0.82,9.42,-0.06,0.03,0.02,NO
,,,,,,,,,,,,,,,,,,,,,,,,,,,,,,,,,,,,,,,,,,,,,,,,,,,,,,,,,,,,,,,,,,,,,,,,,,,,,,,,,,,,,,,,,,,,,,,,,,,,,,,,,2025-04-24 13:19:09,Signal Acquired,15.383197,73.92385,3.79,1.31,9.22,-0.02,0.03,0.05,DETECTED
,,,,,,,,,,,,,,,,,,,,,,,,,,,,,,,,,,,,,,,,,,,,,,,,,,,,,,,,,,,,,,,,,,,,,,,,,,,,,,,,,,,,,,,,,,,,,,,,,,,,,,,,,2025-04-24 13:19:09,Signal Acquired,15.383197,73.92385,-0.08,1.96,8.84,-0.04,0.12,0.06,DETECTED
,,,,,,,,,,,,,,,,,,,,,,,,,,,,,,,,,,,,,,,,,,,,,,,,,,,,,,,,,,,,,,,,,,,,,,,,,,,,,,,,,,,,,,,,,,,,,,,,,,,,,,,,,2025-04-24 13:19:09,Signal Acquired,15.383233,73.92376,-4.83,0.61,10.12,-0.1,0.06,0.03,NO
,,,,,,,,,,,,,,,,,,,,,,,,,,,,,,,,,,,,,,,,,,,,,,,,,,,,,,,,,,,,,,,,,,,,,,,,,,,,,,,,,,,,,,,,,,,,,,,,,,,,,,,,,2025-04-24 13:19:11,Signal Acquired,15.383233,73.92376,1.03,2.0,8.09,0.08,0.28,0.0,DETECTED
,,,,,,,,,,,,,,,,,,,,,,,,,,,,,,,,,,,,,,,,,,,,,,,,,,,,,,,,,,,,,,,,,,,,,,,,,,,,,,,,,,,,,,,,,,,,,,,,,,,,,,,,,2025-04-24 13:19:11,Signal Acquired,15.383272,73.923661,-0.95,-0.3,8.66,-0.1,0.24,-0.01,DETECTED
,,,,,,,,,,,,,,,,,,,,,,,,,,,,,,,,,,,,,,,,,,,,,,,,,,,,,,,,,,,,,,,,,,,,,,,,,,,,,,,,,,,,,,,,,,,,,,,,,,,,,,,,,2025-04-24 13:19:11,Signal Acquired,15.383272,73.923661,-0.27,-1.49,9.96,-0.25,0.15,0.4,NO
,,,,,,,,,,,,,,,,,,,,,,,,,,,,,,,,,,,,,,,,,,,,,,,,,,,,,,,,,,,,,,,,,,,,,,,,,,,,,,,,,,,,,,,,,,,,,,,,,,,,,,,,,2025-04-24 13:19:13,Signal Acquired,15.383321,73.923555,2.34,0.18,8.16,-0.06,-0.05,0.07,DETECTED
,,,,,,,,,,,,,,,,,,,,,,,,,,,,,,,,,,,,,,,,,,,,,,,,,,,,,,,,,,,,,,,,,,,,,,,,,,,,,,,,,,,,,,,,,,,,,,,,,,,,,,,,,2025-04-24 13:19:13,Signal Acquired,15.383321,73.923555,1.85,1.55,9.93,0.07,-0.03,-0.01,NO
,,,,,,,,,,,,,,,,,,,,,,,,,,,,,,,,,,,,,,,,,,,,,,,,,,,,,,,,,,,,,,,,,,,,,,,,,,,,,,,,,,,,,,,,,,,,,,,,,,,,,,,,,2025-04-24 13:19:13,Signal Acquired,15.383369,73.923445,1.03,1.05,7.75,-0.03,-0.33,-0.02,DETECTED
,,,,,,,,,,,,,,,,,,,,,,,,,,,,,,,,,,,,,,,,,,,,,,,,,,,,,,,,,,,,,,,,,,,,,,,,,,,,,,,,,,,,,,,,,,,,,,,,,,,,,,,,,2025-04-24 13:19:16,Signal Acquired,15.383369,73.923445,-5.43,-1.03,11.52,-0.12,-0.01,-0.06,DETECTED
,,,,,,,,,,,,,,,,,,,,,,,,,,,,,,,,,,,,,,,,,,,,,,,,,,,,,,,,,,,,,,,,,,,,,,,,,,,,,,,,,,,,,,,,,,,,,,,,,,,,,,,,,2025-04-24 13:19:16,Signal Acquired,15.383421,73.923331,-1.18,1.11,10.35,-0.08,0.09,-0.02,DETECTED
,,,,,,,,,,,,,,,,,,,,,,,,,,,,,,,,,,,,,,,,,,,,,,,,,,,,,,,,,,,,,,,,,,,,,,,,,,,,,,,,,,,,,,,,,,,,,,,,,,,,,,,,,2025-04-24 13:19:16,Signal Acquired,15.383421,73.923331,1.31,1.12,9.63,-0.11,0.2,-0.05,DETECTED
,,,,,,,,,,,,,,,,,,,,,,,,,,,,,,,,,,,,,,,,,,,,,,,,,,,,,,,,,,,,,,,,,,,,,,,,,,,,,,,,,,,,,,,,,,,,,,,,,,,,,,,,,2025-04-24 13:19:18,Signal Acquired,15.383475,73.923214,3.95,0.84,9.25,0.08,-0.14,-0.01,DETECTED
,,,,,,,,,,,,,,,,,,,,,,,,,,,,,,,,,,,,,,,,,,,,,,,,,,,,,,,,,,,,,,,,,,,,,,,,,,,,,,,,,,,,,,,,,,,,,,,,,,,,,,,,,2025-04-24 13:19:18,Signal Acquired,15.383475,73.923214,-4.28,1.24,12.94,0.04,-0.17,-0.05,DETECTED
,,,,,,,,,,,,,,,,,,,,,,,,,,,,,,,,,,,,,,,,,,,,,,,,,,,,,,,,,,,,,,,,,,,,,,,,,,,,,,,,,,,,,,,,,,,,,,,,,,,,,,,,,2025-04-24 13:19:18,Signal Acquired,15.383532,73.923094,1.14,2.25,8.95,0.14,-0.06,0.01,NO
,,,,,,,,,,,,,,,,,,,,,,,,,,,,,,,,,,,,,,,,,,,,,,,,,,,,,,,,,,,,,,,,,,,,,,,,,,,,,,,,,,,,,,,,,,,,,,,,,,,,,,,,,2025-04-24 13:19:20,Signal Acquired,15.383532,73.923094,2.33,-0.23,9.23,0.09,0.01,0.02,DETECTED
,,,,,,,,,,,,,,,,,,,,,,,,,,,,,,,,,,,,,,,,,,,,,,,,,,,,,,,,,,,,,,,,,,,,,,,,,,,,,,,,,,,,,,,,,,,,,,,,,,,,,,,,,2025-04-24 13:19:20,Signal Acquired,15.383594,73.922973,3.42,2.56,9.54,-0.01,0.08,-0.01,DETECTED
,,,,,,,,,,,,,,,,,,,,,,,,,,,,,,,,,,,,,,,,,,,,,,,,,,,,,,,,,,,,,,,,,,,,,,,,,,,,,,,,,,,,,,,,,,,,,,,,,,,,,,,,,2025-04-24 13:19:20,Signal Acquired,15.383594,73.922973,3.59,-0.04,9.29,-0.01,-0.2,-0.01,NO
,,,,,,,,,,,,,,,,,,,,,,,,,,,,,,,,,,,,,,,,,,,,,,,,,,,,,,,,,,,,,,,,,,,,,,,,,,,,,,,,,,,,,,,,,,,,,,,,,,,,,,,,,2025-04-24 13:19:22,Signal Acquired,15.383661,73.922853,2.58,-0.38,5.71,-0.15,-0.02,0.0,DETECTED
,,,,,,,,,,,,,,,,,,,,,,,,,,,,,,,,,,,,,,,,,,,,,,,,,,,,,,,,,,,,,,,,,,,,,,,,,,,,,,,,,,,,,,,,,,,,,,,,,,,,,,,,,2025-04-24 13:19:22,Signal Acquired,15.383661,73.922853,3.45,-1.17,8.44,-0.0,-0.08,0.04,NO
,,,,,,,,,,,,,,,,,,,,,,,,,,,,,,,,,,,,,,,,,,,,,,,,,,,,,,,,,,,,,,,,,,,,,,,,,,,,,,,,,,,,,,,,,,,,,,,,,,,,,,,,,2025-04-24 13:19:22,Signal Acquired,15.383727,73.922731,1.56,0.26,8.59,-0.19,-0.05,-0.01,DETECTED
,,,,,,,,,,,,,,,,,,,,,,,,,,,,,,,,,,,,,,,,,,,,,,,,,,,,,,,,,,,,,,,,,,,,,,,,,,,,,,,,,,,,,,,,,,,,,,,,,,,,,,,,,2025-04-24 13:19:25,Signal Acquired,15.383727,73.922731,-2.32,2.2,11.06,0.28,0.11,-0.0,NO
,,,,,,,,,,,,,,,,,,,,,,,,,,,,,,,,,,,,,,,,,,,,,,,,,,,,,,,,,,,,,,,,,,,,,,,,,,,,,,,,,,,,,,,,,,,,,,,,,,,,,,,,,2025-04-24 13:19:25,Signal Acquired,15.383797,73.922609,2.19,-1.05,9.17,0.03,-0.01,0.05,NO
,,,,,,,,,,,,,,,,,,,,,,,,,,,,,,,,,,,,,,,,,,,,,,,,,,,,,,,,,,,,,,,,,,,,,,,,,,,,,,,,,,,,,,,,,,,,,,,,,,,,,,,,,2025-04-24 13:19:25,Signal Acquired,15.383797,73.922609,3.01,-0.52,7.72,0.12,0.18,0.05,DETECTED
,,,,,,,,,,,,,,,,,,,,,,,,,,,,,,,,,,,,,,,,,,,,,,,,,,,,,,,,,,,,,,,,,,,,,,,,,,,,,,,,,,,,,,,,,,,,,,,,,,,,,,,,,2025-04-24 13:19:27,Signal Acquired,15.383866,73.922486,0.59,0.81,9.42,0.16,-0.02,0.03,DETECTED
,,,,,,,,,,,,,,,,,,,,,,,,,,,,,,,,,,,,,,,,,,,,,,,,,,,,,,,,,,,,,,,,,,,,,,,,,,,,,,,,,,,,,,,,,,,,,,,,,,,,,,,,,2025-04-24 13:19:27,Signal Acquired,15.383866,73.922486,-4.23,-1.07,10.51,-0.09,0.3,-0.05,DETECTED
,,,,,,,,,,,,,,,,,,,,,,,,,,,,,,,,,,,,,,,,,,,,,,,,,,,,,,,,,,,,,,,,,,,,,,,,,,,,,,,,,,,,,,,,,,,,,,,,,,,,,,,,,2025-04-24 13:19:27,Signal Acquired,15.383934,73.922361,4.95,-1.61,10.74,-0.05,-0.07,-0.02,DETECTED
,,,,,,,,,,,,,,,,,,,,,,,,,,,,,,,,,,,,,,,,,,,,,,,,,,,,,,,,,,,,,,,,,,,,,,,,,,,,,,,,,,,,,,,,,,,,,,,,,,,,,,,,,2025-04-24 13:19:29,Signal Acquired,15.383934,73.922361,0.66,0.54,10.15,-0.02,0.04,-0.02,NO
,,,,,,,,,,,,,,,,,,,,,,,,,,,,,,,,,,,,,,,,,,,,,,,,,,,,,,,,,,,,,,,,,,,,,,,,,,,,,,,,,,,,,,,,,,,,,,,,,,,,,,,,,2025-04-24 13:19:29,Signal Acquired,15.384003,73.922237,3.81,-0.37,9.91,-0.01,-0.04,0.02,DETECTED
,,,,,,,,,,,,,,,,,,,,,,,,,,,,,,,,,,,,,,,,,,,,,,,,,,,,,,,,,,,,,,,,,,,,,,,,,,,,,,,,,,,,,,,,,,,,,,,,,,,,,,,,,2025-04-24 13:19:29,Signal Acquired,15.384003,73.922237,2.01,-0.26,7.2,-0.11,0.03,-0.02,NO
,,,,,,,,,,,,,,,,,,,,,,,,,,,,,,,,,,,,,,,,,,,,,,,,,,,,,,,,,,,,,,,,,,,,,,,,,,,,,,,,,,,,,,,,,,,,,,,,,,,,,,,,,2025-04-24 13:19:31,Signal Acquired,15.384074,73.922113,1.58,0.9,9.42,-0.02,-0.03,0.0,DETECTED
,,,,,,,,,,,,,,,,,,,,,,,,,,,,,,,,,,,,,,,,,,,,,,,,,,,,,,,,,,,,,,,,,,,,,,,,,,,,,,,,,,,,,,,,,,,,,,,,,,,,,,,,,2025-04-24 13:19:31,Signal Acquired,15.384074,73.922113,3.02,-0.14,9.07,0.02,0.03,-0.03,NO
,,,,,,,,,,,,,,,,,,,,,,,,,,,,,,,,,,,,,,,,,,,,,,,,,,,,,,,,,,,,,,,,,,,,,,,,,,,,,,,,,,,,,,,,,,,,,,,,,,,,,,,,,2025-04-24 13:19:31,Signal Acquired,15.384139,73.921986,-0.96,0.29,9.14,0.01,0.03,-0.05,NO
,,,,,,,,,,,,,,,,,,,,,,,,,,,,,,,,,,,,,,,,,,,,,,,,,,,,,,,,,,,,,,,,,,,,,,,,,,,,,,,,,,,,,,,,,,,,,,,,,,,,,,,,,2025-04-24 13:19:34,Signal Acquired,15.384139,73.921986,-0.35,0.59,8.15,-0.03,0.05,-0.06,NO
,,,,,,,,,,,,,,,,,,,,,,,,,,,,,,,,,,,,,,,,,,,,,,,,,,,,,,,,,,,,,,,,,,,,,,,,,,,,,,,,,,,,,,,,,,,,,,,,,,,,,,,,,2025-04-24 13:19:34,Signal Acquired,15.384215,73.921864,2.23,0.72,9.67,-0.02,-0.04,-0.02,NO
,,,,,,,,,,,,,,,,,,,,,,,,,,,,,,,,,,,,,,,,,,,,,,,,,,,,,,,,,,,,,,,,,,,,,,,,,,,,,,,,,,,,,,,,,,,,,,,,,,,,,,,,,2025-04-24 13:19:34,Signal Acquired,15.384215,73.921864,2.75,-0.97,8.62,-0.08,0.05,-0.08,NO
,,,,,,,,,,,,,,,,,,,,,,,,,,,,,,,,,,,,,,,,,,,,,,,,,,,,,,,,,,,,,,,,,,,,,,,,,,,,,,,,,,,,,,,,,,,,,,,,,,,,,,,,,2025-04-24 13:19:36,Signal Acquired,15.384301,73.921747,1.12,0.07,8.59,-0.05,0.11,-0.11,DETECTED
,,,,,,,,,,,,,,,,,,,,,,,,,,,,,,,,,,,,,,,,,,,,,,,,,,,,,,,,,,,,,,,,,,,,,,,,,,,,,,,,,,,,,,,,,,,,,,,,,,,,,,,,,2025-04-24 13:19:36,Signal Acquired,15.384301,73.921747,-0.52,-1.21,9.56,-0.04,0.12,-0.1,NO
,,,,,,,,,,,,,,,,,,,,,,,,,,,,,,,,,,,,,,,,,,,,,,,,,,,,,,,,,,,,,,,,,,,,,,,,,,,,,,,,,,,,,,,,,,,,,,,,,,,,,,,,,2025-04-24 13:19:36,Signal Acquired,15.384394,73.921634,2.85,0.89,10.07,-0.0,0.01,-0.07,DETECTED
,,,,,,,,,,,,,,,,,,,,,,,,,,,,,,,,,,,,,,,,,,,,,,,,,,,,,,,,,,,,,,,,,,,,,,,,,,,,,,,,,,,,,,,,,,,,,,,,,,,,,,,,,2025-04-24 13:19:38,Signal Acquired,15.384394,73.921634,1.93,-1.56,8.41,-0.01,-0.01,-0.05,NO
,,,,,,,,,,,,,,,,,,,,,,,,,,,,,,,,,,,,,,,,,,,,,,,,,,,,,,,,,,,,,,,,,,,,,,,,,,,,,,,,,,,,,,,,,,,,,,,,,,,,,,,,,2025-04-24 13:19:38,Signal Acquired,15.384492,73.921523,-0.86,-0.73,9.47,-0.1,0.01,-0.06,DETECTED
,,,,,,,,,,,,,,,,,,,,,,,,,,,,,,,,,,,,,,,,,,,,,,,,,,,,,,,,,,,,,,,,,,,,,,,,,,,,,,,,,,,,,,,,,,,,,,,,,,,,,,,,,2025-04-24 13:19:38,Signal Acquired,15.384492,73.921523,-0.74,0.8,10.81,0.02,0.03,-0.09,DETECTED
,,,,,,,,,,,,,,,,,,,,,,,,,,,,,,,,,,,,,,,,,,,,,,,,,,,,,,,,,,,,,,,,,,,,,,,,,,,,,,,,,,,,,,,,,,,,,,,,,,,,,,,,,2025-04-24 13:19:40,Signal Acquired,15.384606,73.921426,0.61,0.87,10.53,0.04,0.06,-0.09,NO
,,,,,,,,,,,,,,,,,,,,,,,,,,,,,,,,,,,,,,,,,,,,,,,,,,,,,,,,,,,,,,,,,,,,,,,,,,,,,,,,,,,,,,,,,,,,,,,,,,,,,,,,,2025-04-24 13:19:40,Signal Acquired,15.384606,73.921426,2.76,-0.33,8.09,-0.08,0.02,-0.08,DETECTED
,,,,,,,,,,,,,,,,,,,,,,,,,,,,,,,,,,,,,,,,,,,,,,,,,,,,,,,,,,,,,,,,,,,,,,,,,,,,,,,,,,,,,,,,,,,,,,,,,,,,,,,,,2025-04-24 13:19:40,Signal Acquired,15.384715,73.921323,4.11,0.61,8.69,0.01,0.02,-0.04,DETECTED
,,,,,,,,,,,,,,,,,,,,,,,,,,,,,,,,,,,,,,,,,,,,,,,,,,,,,,,,,,,,,,,,,,,,,,,,,,,,,,,,,,,,,,,,,,,,,,,,,,,,,,,,,2025-04-24 13:19:42,Signal Acquired,15.384715,73.921323,2.57,0.81,9.07,-0.09,-0.08,-0.06,DETECTED
,,,,,,,,,,,,,,,,,,,,,,,,,,,,,,,,,,,,,,,,,,,,,,,,,,,,,,,,,,,,,,,,,,,,,,,,,,,,,,,,,,,,,,,,,,,,,,,,,,,,,,,,,2025-04-24 13:19:42,Signal Acquired,15.384834,73.921226,0.74,0.65,9.58,-0.01,0.07,-0.06,NO
,,,,,,,,,,,,,,,,,,,,,,,,,,,,,,,,,,,,,,,,,,,,,,,,,,,,,,,,,,,,,,,,,,,,,,,,,,,,,,,,,,,,,,,,,,,,,,,,,,,,,,,,,2025-04-24 13:19:42,Signal Acquired,15.384834,73.921226,2.2,-0.65,9.45,-0.05,-0.01,-0.1,NO
,,,,,,,,,,,,,,,,,,,,,,,,,,,,,,,,,,,,,,,,,,,,,,,,,,,,,,,,,,,,,,,,,,,,,,,,,,,,,,,,,,,,,,,,,,,,,,,,,,,,,,,,,2025-04-24 13:19:45,Signal Acquired,15.384959,73.921138,-0.33,0.21,9.51,-0.13,0.08,0.08,DETECTED
,,,,,,,,,,,,,,,,,,,,,,,,,,,,,,,,,,,,,,,,,,,,,,,,,,,,,,,,,,,,,,,,,,,,,,,,,,,,,,,,,,,,,,,,,,,,,,,,,,,,,,,,,2025-04-24 13:19:45,Signal Acquired,15.384959,73.921138,-1.22,0.26,13.92,-0.07,0.03,-0.15,DETECTED
,,,,,,,,,,,,,,,,,,,,,,,,,,,,,,,,,,,,,,,,,,,,,,,,,,,,,,,,,,,,,,,,,,,,,,,,,,,,,,,,,,,,,,,,,,,,,,,,,,,,,,,,,2025-04-24 13:19:45,Signal Acquired,15.385092,73.921059,-2.28,1.61,8.71,-0.15,0.15,-0.09,DETECTED
,,,,,,,,,,,,,,,,,,,,,,,,,,,,,,,,,,,,,,,,,,,,,,,,,,,,,,,,,,,,,,,,,,,,,,,,,,,,,,,,,,,,,,,,,,,,,,,,,,,,,,,,,2025-04-24 13:19:47,Signal Acquired,15.385092,73.921059,1.27,0.87,8.17,-0.04,0.0,-0.06,DETECTED
,,,,,,,,,,,,,,,,,,,,,,,,,,,,,,,,,,,,,,,,,,,,,,,,,,,,,,,,,,,,,,,,,,,,,,,,,,,,,,,,,,,,,,,,,,,,,,,,,,,,,,,,,2025-04-24 13:19:47,Signal Acquired,15.38523,73.920988,2.26,0.1,9.06,-0.08,0.04,-0.09,NO
,,,,,,,,,,,,,,,,,,,,,,,,,,,,,,,,,,,,,,,,,,,,,,,,,,,,,,,,,,,,,,,,,,,,,,,,,,,,,,,,,,,,,,,,,,,,,,,,,,,,,,,,,2025-04-24 13:19:47,Signal Acquired,15.38523,73.920988,5.81,0.75,9.63,-0.05,-0.06,-0.05,DETECTED
,,,,,,,,,,,,,,,,,,,,,,,,,,,,,,,,,,,,,,,,,,,,,,,,,,,,,,,,,,,,,,,,,,,,,,,,,,,,,,,,,,,,,,,,,,,,,,,,,,,,,,,,,2025-04-24 13:19:49,Signal Acquired,15.385369,73.920922,2.26,0.35,10.12,0.15,-0.06,-0.05,NO
,,,,,,,,,,,,,,,,,,,,,,,,,,,,,,,,,,,,,,,,,,,,,,,,,,,,,,,,,,,,,,,,,,,,,,,,,,,,,,,,,,,,,,,,,,,,,,,,,,,,,,,,,2025-04-24 13:19:49,Signal Acquired,15.385369,73.920922,-2.57,-0.1,9.7,-0.04,-0.06,-0.06,NO
,,,,,,,,,,,,,,,,,,,,,,,,,,,,,,,,,,,,,,,,,,,,,,,,,,,,,,,,,,,,,,,,,,,,,,,,,,,,,,,,,,,,,,,,,,,,,,,,,,,,,,,,,2025-04-24 13:19:49,Signal Acquired,15.385508,73.920858,-3.97,0.15,9.1,-0.22,0.1,-0.01,DETECTED
,,,,,,,,,,,,,,,,,,,,,,,,,,,,,,,,,,,,,,,,,,,,,,,,,,,,,,,,,,,,,,,,,,,,,,,,,,,,,,,,,,,,,,,,,,,,,,,,,,,,,,,,,2025-04-24 13:19:51,Signal Acquired,15.385508,73.920858,5.2,0.91,7.02,-0.01,0.01,-0.05,DETECTED
,,,,,,,,,,,,,,,,,,,,,,,,,,,,,,,,,,,,,,,,,,,,,,,,,,,,,,,,,,,,,,,,,,,,,,,,,,,,,,,,,,,,,,,,,,,,,,,,,,,,,,,,,2025-04-24 13:19:51,Signal Acquired,15.385657,73.920802,0.07,0.35,9.44,-0.06,0.06,-0.02,NO
,,,,,,,,,,,,,,,,,,,,,,,,,,,,,,,,,,,,,,,,,,,,,,,,,,,,,,,,,,,,,,,,,,,,,,,,,,,,,,,,,,,,,,,,,,,,,,,,,,,,,,,,,2025-04-24 13:19:51,Signal Acquired,15.385657,73.920802,3.76,0.98,8.75,0.02,0.01,-0.02,NO
,,,,,,,,,,,,,,,,,,,,,,,,,,,,,,,,,,,,,,,,,,,,,,,,,,,,,,,,,,,,,,,,,,,,,,,,,,,,,,,,,,,,,,,,,,,,,,,,,,,,,,,,,2025-04-24 13:19:54,Signal Acquired,15.385812,73.920754,3.12,0.12,9.47,0.04,0.02,0.01,DETECTED
,,,,,,,,,,,,,,,,,,,,,,,,,,,,,,,,,,,,,,,,,,,,,,,,,,,,,,,,,,,,,,,,,,,,,,,,,,,,,,,,,,,,,,,,,,,,,,,,,,,,,,,,,2025-04-24 13:19:54,Signal Acquired,15.385812,73.920754,-1.52,1.37,9.09,-0.0,0.04,-0.07,DETECTED
,,,,,,,,,,,,,,,,,,,,,,,,,,,,,,,,,,,,,,,,,,,,,,,,,,,,,,,,,,,,,,,,,,,,,,,,,,,,,,,,,,,,,,,,,,,,,,,,,,,,,,,,,2025-04-24 13:19:54,Signal Acquired,15.38598,73.920718,0.55,0.09,8.15,-0.01,0.06,-0.04,DETECTED
,,,,,,,,,,,,,,,,,,,,,,,,,,,,,,,,,,,,,,,,,,,,,,,,,,,,,,,,,,,,,,,,,,,,,,,,,,,,,,,,,,,,,,,,,,,,,,,,,,,,,,,,,2025-04-24 13:19:56,Signal Acquired,15.38598,73.920718,-2.96,1.43,8.5,0.01,0.06,-0.02,DETECTED
,,,,,,,,,,,,,,,,,,,,,,,,,,,,,,,,,,,,,,,,,,,,,,,,,,,,,,,,,,,,,,,,,,,,,,,,,,,,,,,,,,,,,,,,,,,,,,,,,,,,,,,,,2025-04-24 13:19:56,Signal Acquired,15.386151,73.920678,-1.72,0.49,7.47,0.02,0.05,-0.02,DETECTED
,,,,,,,,,,,,,,,,,,,,,,,,,,,,,,,,,,,,,,,,,,,,,,,,,,,,,,,,,,,,,,,,,,,,,,,,,,,,,,,,,,,,,,,,,,,,,,,,,,,,,,,,,2025-04-24 13:19:56,Signal Acquired,15.386151,73.920678,-1.78,0.89,8.47,0.02,0.07,-0.02,DETECTED
,,,,,,,,,,,,,,,,,,,,,,,,,,,,,,,,,,,,,,,,,,,,,,,,,,,,,,,,,,,,,,,,,,,,,,,,,,,,,,,,,,,,,,,,,,,,,,,,,,,,,,,,,2025-04-24 13:19:58,Signal Acquired,15.386332,73.920644,1.49,-0.88,8.37,-0.06,0.01,0.04,DETECTED
,,,,,,,,,,,,,,,,,,,,,,,,,,,,,,,,,,,,,,,,,,,,,,,,,,,,,,,,,,,,,,,,,,,,,,,,,,,,,,,,,,,,,,,,,,,,,,,,,,,,,,,,,2025-04-24 13:19:58,Signal Acquired,15.386332,73.920644,-3.49,0.06,9.48,-0.17,0.1,0.06,DETECTED
,,,,,,,,,,,,,,,,,,,,,,,,,,,,,,,,,,,,,,,,,,,,,,,,,,,,,,,,,,,,,,,,,,,,,,,,,,,,,,,,,,,,,,,,,,,,,,,,,,,,,,,,,2025-04-24 13:19:58,Signal Acquired,15.386517,73.920606,1.01,0.74,8.85,0.07,0.05,0.03,DETECTED
,,,,,,,,,,,,,,,,,,,,,,,,,,,,,,,,,,,,,,,,,,,,,,,,,,,,,,,,,,,,,,,,,,,,,,,,,,,,,,,,,,,,,,,,,,,,,,,,,,,,,,,,,2025-04-24 13:20:00,Signal Acquired,15.386517,73.920606,0.96,-2.68,3.92,-0.36,0.2,0.08,DETECTED
,,,,,,,,,,,,,,,,,,,,,,,,,,,,,,,,,,,,,,,,,,,,,,,,,,,,,,,,,,,,,,,,,,,,,,,,,,,,,,,,,,,,,,,,,,,,,,,,,,,,,,,,,2025-04-24 13:20:00,Signal Acquired,15.386695,73.920546,-0.79,-0.5,10.99,0.06,0.07,0.09,NO
,,,,,,,,,,,,,,,,,,,,,,,,,,,,,,,,,,,,,,,,,,,,,,,,,,,,,,,,,,,,,,,,,,,,,,,,,,,,,,,,,,,,,,,,,,,,,,,,,,,,,,,,,2025-04-24 13:20:00,Signal Acquired,15.386695,73.920546,-0.38,-0.09,8.91,-0.02,0.02,0.08,NO
,,,,,,,,,,,,,,,,,,,,,,,,,,,,,,,,,,,,,,,,,,,,,,,,,,,,,,,,,,,,,,,,,,,,,,,,,,,,,,,,,,,,,,,,,,,,,,,,,,,,,,,,,2025-04-24 13:20:03,Signal Acquired,15.386876,73.92049,1.27,0.97,9.23,0.18,0.07,0.09,DETECTED
,,,,,,,,,,,,,,,,,,,,,,,,,,,,,,,,,,,,,,,,,,,,,,,,,,,,,,,,,,,,,,,,,,,,,,,,,,,,,,,,,,,,,,,,,,,,,,,,,,,,,,,,,2025-04-24 13:20:03,Signal Acquired,15.386876,73.92049,-2.08,0.03,9.04,0.05,0.22,0.07,DETECTED
,,,,,,,,,,,,,,,,,,,,,,,,,,,,,,,,,,,,,,,,,,,,,,,,,,,,,,,,,,,,,,,,,,,,,,,,,,,,,,,,,,,,,,,,,,,,,,,,,,,,,,,,,2025-04-24 13:20:03,Signal Acquired,15.387059,73.920438,1.07,-1.92,10.39,0.09,-0.04,0.08,DETECTED
,,,,,,,,,,,,,,,,,,,,,,,,,,,,,,,,,,,,,,,,,,,,,,,,,,,,,,,,,,,,,,,,,,,,,,,,,,,,,,,,,,,,,,,,,,,,,,,,,,,,,,,,,2025-04-24 13:20:05,Signal Acquired,15.387059,73.920438,-0.46,-1.82,9.99,-0.03,0.08,0.07,NO
,,,,,,,,,,,,,,,,,,,,,,,,,,,,,,,,,,,,,,,,,,,,,,,,,,,,,,,,,,,,,,,,,,,,,,,,,,,,,,,,,,,,,,,,,,,,,,,,,,,,,,,,,2025-04-24 13:20:05,Signal Acquired,15.387211,73.920353,-0.43,-0.23,10.99,0.04,0.04,0.04,DETECTED
,,,,,,,,,,,,,,,,,,,,,,,,,,,,,,,,,,,,,,,,,,,,,,,,,,,,,,,,,,,,,,,,,,,,,,,,,,,,,,,,,,,,,,,,,,,,,,,,,,,,,,,,,2025-04-24 13:20:05,Signal Acquired,15.387211,73.920353,-2.0,-0.76,9.11,-0.04,0.05,0.08,DETECTED
,,,,,,,,,,,,,,,,,,,,,,,,,,,,,,,,,,,,,,,,,,,,,,,,,,,,,,,,,,,,,,,,,,,,,,,,,,,,,,,,,,,,,,,,,,,,,,,,,,,,,,,,,2025-04-24 13:20:07,Signal Acquired,15.387366,73.920273,-1.53,-0.2,8.87,-0.06,-0.03,0.08,NO
,,,,,,,,,,,,,,,,,,,,,,,,,,,,,,,,,,,,,,,,,,,,,,,,,,,,,,,,,,,,,,,,,,,,,,,,,,,,,,,,,,,,,,,,,,,,,,,,,,,,,,,,,2025-04-24 13:20:07,Signal Acquired,15.387366,73.920273,2.25,-0.0,8.84,0.06,-0.11,0.02,DETECTED
,,,,,,,,,,,,,,,,,,,,,,,,,,,,,,,,,,,,,,,,,,,,,,,,,,,,,,,,,,,,,,,,,,,,,,,,,,,,,,,,,,,,,,,,,,,,,,,,,,,,,,,,,2025-04-24 13:20:07,Signal Acquired,15.387508,73.920171,-4.75,-1.06,9.39,0.02,-0.31,0.08,DETECTED
,,,,,,,,,,,,,,,,,,,,,,,,,,,,,,,,,,,,,,,,,,,,,,,,,,,,,,,,,,,,,,,,,,,,,,,,,,,,,,,,,,,,,,,,,,,,,,,,,,,,,,,,,2025-04-24 13:20:09,Signal Acquired,15.387508,73.920171,0.29,-1.05,7.95,-0.03,0.03,-0.0,NO
,,,,,,,,,,,,,,,,,,,,,,,,,,,,,,,,,,,,,,,,,,,,,,,,,,,,,,,,,,,,,,,,,,,,,,,,,,,,,,,,,,,,,,,,,,,,,,,,,,,,,,,,,2025-04-24 13:20:09,Signal Acquired,15.387663,73.920086,-3.81,0.02,9.83,-0.03,0.01,-0.01,DETECTED
,,,,,,,,,,,,,,,,,,,,,,,,,,,,,,,,,,,,,,,,,,,,,,,,,,,,,,,,,,,,,,,,,,,,,,,,,,,,,,,,,,,,,,,,,,,,,,,,,,,,,,,,,2025-04-24 13:20:09,Signal Acquired,15.387663,73.920086,-0.73,-0.09,9.44,-0.03,0.06,-0.0,NO
,,,,,,,,,,,,,,,,,,,,,,,,,,,,,,,,,,,,,,,,,,,,,,,,,,,,,,,,,,,,,,,,,,,,,,,,,,,,,,,,,,,,,,,,,,,,,,,,,,,,,,,,,2025-04-24 13:20:12,Signal Acquired,15.38773,73.919951,-1.84,-2.77,9.79,-0.21,-0.02,-0.04,DETECTED
,,,,,,,,,,,,,,,,,,,,,,,,,,,,,,,,,,,,,,,,,,,,,,,,,,,,,,,,,,,,,,,,,,,,,,,,,,,,,,,,,,,,,,,,,,,,,,,,,,,,,,,,,2025-04-24 13:20:12,Signal Acquired,15.38773,73.919951,1.86,0.03,7.82,-0.03,0.15,-0.01,DETECTED
,,,,,,,,,,,,,,,,,,,,,,,,,,,,,,,,,,,,,,,,,,,,,,,,,,,,,,,,,,,,,,,,,,,,,,,,,,,,,,,,,,,,,,,,,,,,,,,,,,,,,,,,,2025-04-24 13:20:12,Signal Acquired,15.38773,73.919951,0.85,0.09,9.0,-0.09,0.08,-0.02,NO
,,,,,,,,,,,,,,,,,,,,,,,,,,,,,,,,,,,,,,,,,,,,,,,,,,,,,,,,,,,,,,,,,,,,,,,,,,,,,,,,,,,,,,,,,,,,,,,,,,,,,,,,,2025-04-24 13:20:14,Signal Acquired,15.38773,73.919951,5.86,-1.57,10.37,0.14,-0.23,0.14,DETECTED
,,,,,,,,,,,,,,,,,,,,,,,,,,,,,,,,,,,,,,,,,,,,,,,,,,,,,,,,,,,,,,,,,,,,,,,,,,,,,,,,,,,,,,,,,,,,,,,,,,,,,,,,,2025-04-24 13:20:14,Signal Acquired,15.387876,73.91969,7.15,-1.7,7.12,0.04,0.09,0.09,DETECTED
,,,,,,,,,,,,,,,,,,,,,,,,,,,,,,,,,,,,,,,,,,,,,,,,,,,,,,,,,,,,,,,,,,,,,,,,,,,,,,,,,,,,,,,,,,,,,,,,,,,,,,,,,2025-04-24 13:20:14,Signal Acquired,15.387876,73.91969,-0.4,0.57,8.54,-0.01,0.04,-0.05,DETECTED
,,,,,,,,,,,,,,,,,,,,,,,,,,,,,,,,,,,,,,,,,,,,,,,,,,,,,,,,,,,,,,,,,,,,,,,,,,,,,,,,,,,,,,,,,,,,,,,,,,,,,,,,,2025-04-24 13:20:16,Signal Acquired,15.38796,73.919565,-6.22,0.66,10.11,-0.1,0.02,0.02,DETECTED
,,,,,,,,,,,,,,,,,,,,,,,,,,,,,,,,,,,,,,,,,,,,,,,,,,,,,,,,,,,,,,,,,,,,,,,,,,,,,,,,,,,,,,,,,,,,,,,,,,,,,,,,,2025-04-24 13:20:16,Signal Acquired,15.38796,73.919565,-8.15,-0.47,9.85,-0.24,0.1,-0.08,DETECTED
,,,,,,,,,,,,,,,,,,,,,,,,,,,,,,,,,,,,,,,,,,,,,,,,,,,,,,,,,,,,,,,,,,,,,,,,,,,,,,,,,,,,,,,,,,,,,,,,,,,,,,,,,2025-04-24 13:20:16,Signal Acquired,15.38796,73.919565,2.67,-0.59,10.67,-0.0,0.14,-0.04,DETECTED
,,,,,,,,,,,,,,,,,,,,,,,,,,,,,,,,,,,,,,,,,,,,,,,,,,,,,,,,,,,,,,,,,,,,,,,,,,,,,,,,,,,,,,,,,,,,,,,,,,,,,,,,,2025-04-24 13:20:18,Signal Acquired,15.38796,73.919565,9.28,-1.58,8.9,0.14,0.31,-0.05,DETECTED
,,,,,,,,,,,,,,,,,,,,,,,,,,,,,,,,,,,,,,,,,,,,,,,,,,,,,,,,,,,,,,,,,,,,,,,,,,,,,,,,,,,,,,,,,,,,,,,,,,,,,,,,,2025-04-24 13:20:18,Signal Acquired,15.388127,73.919321,1.59,-1.07,9.46,0.05,-0.27,0.09,DETECTED
,,,,,,,,,,,,,,,,,,,,,,,,,,,,,,,,,,,,,,,,,,,,,,,,,,,,,,,,,,,,,,,,,,,,,,,,,,,,,,,,,,,,,,,,,,,,,,,,,,,,,,,,,2025-04-24 13:20:18,Signal Acquired,15.388127,73.919321,-8.7,-2.04,10.08,-0.41,0.03,-0.07,DETECTED
,,,,,,,,,,,,,,,,,,,,,,,,,,,,,,,,,,,,,,,,,,,,,,,,,,,,,,,,,,,,,,,,,,,,,,,,,,,,,,,,,,,,,,,,,,,,,,,,,,,,,,,,,2025-04-24 13:20:21,Signal Acquired,15.388215,73.919198,6.49,-1.46,6.54,0.18,-0.23,0.18,DETECTED
,,,,,,,,,,,,,,,,,,,,,,,,,,,,,,,,,,,,,,,,,,,,,,,,,,,,,,,,,,,,,,,,,,,,,,,,,,,,,,,,,,,,,,,,,,,,,,,,,,,,,,,,,2025-04-24 13:20:21,Signal Acquired,15.388215,73.919198,2.6,-1.64,8.94,-0.01,-0.01,-0.0,NO
,,,,,,,,,,,,,,,,,,,,,,,,,,,,,,,,,,,,,,,,,,,,,,,,,,,,,,,,,,,,,,,,,,,,,,,,,,,,,,,,,,,,,,,,,,,,,,,,,,,,,,,,,2025-04-24 13:20:21,Signal Acquired,15.388296,73.919087,-2.6,-1.31,8.72,-0.06,0.07,-0.01,DETECTED
,,,,,,,,,,,,,,,,,,,,,,,,,,,,,,,,,,,,,,,,,,,,,,,,,,,,,,,,,,,,,,,,,,,,,,,,,,,,,,,,,,,,,,,,,,,,,,,,,,,,,,,,,2025-04-24 13:20:23,Signal Acquired,15.388296,73.919087,-4.49,-0.28,10.26,0.02,-0.02,0.04,DETECTED
,,,,,,,,,,,,,,,,,,,,,,,,,,,,,,,,,,,,,,,,,,,,,,,,,,,,,,,,,,,,,,,,,,,,,,,,,,,,,,,,,,,,,,,,,,,,,,,,,,,,,,,,,2025-04-24 13:20:23,Signal Acquired,15.38838,73.918976,-0.93,-1.2,10.16,-0.01,0.16,-0.1,DETECTED
,,,,,,,,,,,,,,,,,,,,,,,,,,,,,,,,,,,,,,,,,,,,,,,,,,,,,,,,,,,,,,,,,,,,,,,,,,,,,,,,,,,,,,,,,,,,,,,,,,,,,,,,,2025-04-24 13:20:23,Signal Acquired,15.38838,73.918976,4.18,-0.88,9.3,0.03,0.04,-0.05,DETECTED
,,,,,,,,,,,,,,,,,,,,,,,,,,,,,,,,,,,,,,,,,,,,,,,,,,,,,,,,,,,,,,,,,,,,,,,,,,,,,,,,,,,,,,,,,,,,,,,,,,,,,,,,,2025-04-24 13:20:25,Signal Acquired,15.388471,73.918867,-0.11,0.1,9.31,0.01,0.0,0.03,NO
,,,,,,,,,,,,,,,,,,,,,,,,,,,,,,,,,,,,,,,,,,,,,,,,,,,,,,,,,,,,,,,,,,,,,,,,,,,,,,,,,,,,,,,,,,,,,,,,,,,,,,,,,2025-04-24 13:20:25,Signal Acquired,15.388471,73.918867,-2.59,1.06,9.3,-0.03,0.04,-0.03,DETECTED
,,,,,,,,,,,,,,,,,,,,,,,,,,,,,,,,,,,,,,,,,,,,,,,,,,,,,,,,,,,,,,,,,,,,,,,,,,,,,,,,,,,,,,,,,,,,,,,,,,,,,,,,,2025-04-24 13:20:25,Signal Acquired,15.388557,73.918762,0.18,1.17,9.41,-0.0,-0.01,-0.0,NO
,,,,,,,,,,,,,,,,,,,,,,,,,,,,,,,,,,,,,,,,,,,,,,,,,,,,,,,,,,,,,,,,,,,,,,,,,,,,,,,,,,,,,,,,,,,,,,,,,,,,,,,,,2025-04-24 13:20:27,Signal Acquired,15.388557,73.918762,1.0,0.4,8.29,-0.03,0.0,0.03,NO
,,,,,,,,,,,,,,,,,,,,,,,,,,,,,,,,,,,,,,,,,,,,,,,,,,,,,,,,,,,,,,,,,,,,,,,,,,,,,,,,,,,,,,,,,,,,,,,,,,,,,,,,,2025-04-24 13:20:27,Signal Acquired,15.388643,73.918662,2.74,-0.04,7.91,-0.09,0.27,-0.17,DETECTED
,,,,,,,,,,,,,,,,,,,,,,,,,,,,,,,,,,,,,,,,,,,,,,,,,,,,,,,,,,,,,,,,,,,,,,,,,,,,,,,,,,,,,,,,,,,,,,,,,,,,,,,,,2025-04-24 13:20:27,Signal Acquired,15.388643,73.918662,2.64,-0.02,9.99,0.06,-0.06,0.01,DETECTED
,,,,,,,,,,,,,,,,,,,,,,,,,,,,,,,,,,,,,,,,,,,,,,,,,,,,,,,,,,,,,,,,,,,,,,,,,,,,,,,,,,,,,,,,,,,,,,,,,,,,,,,,,2025-04-24 13:20:30,Signal Acquired,15.388725,73.918527,1.95,-0.26,9.39,0.0,0.05,-0.03,DETECTED
,,,,,,,,,,,,,,,,,,,,,,,,,,,,,,,,,,,,,,,,,,,,,,,,,,,,,,,,,,,,,,,,,,,,,,,,,,,,,,,,,,,,,,,,,,,,,,,,,,,,,,,,,2025-04-24 13:20:30,Signal Acquired,15.388725,73.918527,0.41,0.79,9.68,-0.07,0.06,-0.03,NO
,,,,,,,,,,,,,,,,,,,,,,,,,,,,,,,,,,,,,,,,,,,,,,,,,,,,,,,,,,,,,,,,,,,,,,,,,,,,,,,,,,,,,,,,,,,,,,,,,,,,,,,,,2025-04-24 13:20:30,Signal Acquired,15.388814,73.91841,5.59,0.02,8.92,0.03,0.08,-0.01,DETECTED
,,,,,,,,,,,,,,,,,,,,,,,,,,,,,,,,,,,,,,,,,,,,,,,,,,,,,,,,,,,,,,,,,,,,,,,,,,,,,,,,,,,,,,,,,,,,,,,,,,,,,,,,,2025-04-24 13:20:32,Signal Acquired,15.388814,73.91841,-0.44,0.27,8.83,-0.02,-0.01,-0.01,DETECTED
,,,,,,,,,,,,,,,,,,,,,,,,,,,,,,,,,,,,,,,,,,,,,,,,,,,,,,,,,,,,,,,,,,,,,,,,,,,,,,,,,,,,,,,,,,,,,,,,,,,,,,,,,2025-04-24 13:20:32,Signal Acquired,15.388909,73.918296,-1.51,0.79,9.74,-0.01,0.07,-0.03,DETECTED
,,,,,,,,,,,,,,,,,,,,,,,,,,,,,,,,,,,,,,,,,,,,,,,,,,,,,,,,,,,,,,,,,,,,,,,,,,,,,,,,,,,,,,,,,,,,,,,,,,,,,,,,,2025-04-24 13:20:32,Signal Acquired,15.388909,73.918296,0.05,0.31,7.78,-0.11,0.07,-0.05,DETECTED
,,,,,,,,,,,,,,,,,,,,,,,,,,,,,,,,,,,,,,,,,,,,,,,,,,,,,,,,,,,,,,,,,,,,,,,,,,,,,,,,,,,,,,,,,,,,,,,,,,,,,,,,,2025-04-24 13:20:34,Signal Acquired,15.388981,73.918218,-4.08,-0.62,10.59,-0.12,0.03,0.01,DETECTED
,,,,,,,,,,,,,,,,,,,,,,,,,,,,,,,,,,,,,,,,,,,,,,,,,,,,,,,,,,,,,,,,,,,,,,,,,,,,,,,,,,,,,,,,,,,,,,,,,,,,,,,,,2025-04-24 13:20:34,Signal Acquired,15.388981,73.918218,1.43,0.04,9.58,0.01,0.02,0.01,NO
,,,,,,,,,,,,,,,,,,,,,,,,,,,,,,,,,,,,,,,,,,,,,,,,,,,,,,,,,,,,,,,,,,,,,,,,,,,,,,,,,,,,,,,,,,,,,,,,,,,,,,,,,2025-04-24 13:20:34,Signal Acquired,15.389067,73.918114,-0.62,-0.18,9.2,-0.0,-0.12,-0.02,DETECTED
,,,,,,,,,,,,,,,,,,,,,,,,,,,,,,,,,,,,,,,,,,,,,,,,,,,,,,,,,,,,,,,,,,,,,,,,,,,,,,,,,,,,,,,,,,,,,,,,,,,,,,,,,2025-04-24 13:20:36,Signal Acquired,15.389067,73.918114,1.08,0.06,10.63,0.04,-0.06,0.01,NO
,,,,,,,,,,,,,,,,,,,,,,,,,,,,,,,,,,,,,,,,,,,,,,,,,,,,,,,,,,,,,,,,,,,,,,,,,,,,,,,,,,,,,,,,,,,,,,,,,,,,,,,,,2025-04-24 13:20:36,Signal Acquired,15.389148,73.918029,0.77,0.87,7.91,-0.08,0.16,-0.01,DETECTED
,,,,,,,,,,,,,,,,,,,,,,,,,,,,,,,,,,,,,,,,,,,,,,,,,,,,,,,,,,,,,,,,,,,,,,,,,,,,,,,,,,,,,,,,,,,,,,,,,,,,,,,,,2025-04-24 13:20:36,Signal Acquired,15.389148,73.918029,2.11,1.52,9.78,0.08,-0.06,0.02,NO
,,,,,,,,,,,,,,,,,,,,,,,,,,,,,,,,,,,,,,,,,,,,,,,,,,,,,,,,,,,,,,,,,,,,,,,,,,,,,,,,,,,,,,,,,,,,,,,,,,,,,,,,,2025-04-24 13:20:39,Signal Acquired,15.389229,73.917944,-2.09,0.85,9.32,0.02,0.03,-0.0,DETECTED
,,,,,,,,,,,,,,,,,,,,,,,,,,,,,,,,,,,,,,,,,,,,,,,,,,,,,,,,,,,,,,,,,,,,,,,,,,,,,,,,,,,,,,,,,,,,,,,,,,,,,,,,,2025-04-24 13:20:39,Signal Acquired,15.389229,73.917944,-2.15,-0.31,9.88,-0.02,0.14,-0.0,DETECTED
,,,,,,,,,,,,,,,,,,,,,,,,,,,,,,,,,,,,,,,,,,,,,,,,,,,,,,,,,,,,,,,,,,,,,,,,,,,,,,,,,,,,,,,,,,,,,,,,,,,,,,,,,2025-04-24 13:20:39,Signal Acquired,15.389306,73.917871,-1.92,0.71,9.99,-0.01,-0.13,-0.02,DETECTED
,,,,,,,,,,,,,,,,,,,,,,,,,,,,,,,,,,,,,,,,,,,,,,,,,,,,,,,,,,,,,,,,,,,,,,,,,,,,,,,,,,,,,,,,,,,,,,,,,,,,,,,,,2025-04-24 13:20:41,Signal Acquired,15.389306,73.917871,2.45,0.3,8.67,0.0,0.06,-0.01,NO
,,,,,,,,,,,,,,,,,,,,,,,,,,,,,,,,,,,,,,,,,,,,,,,,,,,,,,,,,,,,,,,,,,,,,,,,,,,,,,,,,,,,,,,,,,,,,,,,,,,,,,,,,2025-04-24 13:20:41,Signal Acquired,15.389241,73.918045,1.16,0.2,8.46,0.01,-0.12,0.0,DETECTED
,,,,,,,,,,,,,,,,,,,,,,,,,,,,,,,,,,,,,,,,,,,,,,,,,,,,,,,,,,,,,,,,,,,,,,,,,,,,,,,,,,,,,,,,,,,,,,,,,,,,,,,,,2025-04-24 13:20:41,Signal Acquired,15.389241,73.918045,-1.26,0.51,10.98,-0.04,0.08,-0.01,NO
,,,,,,,,,,,,,,,,,,,,,,,,,,,,,,,,,,,,,,,,,,,,,,,,,,,,,,,,,,,,,,,,,,,,,,,,,,,,,,,,,,,,,,,,,,,,,,,,,,,,,,,,,2025-04-24 13:20:43,Signal Acquired,15.389234,73.918121,-5.24,-2.37,10.96,-0.08,-0.18,0.09,DETECTED
,,,,,,,,,,,,,,,,,,,,,,,,,,,,,,,,,,,,,,,,,,,,,,,,,,,,,,,,,,,,,,,,,,,,,,,,,,,,,,,,,,,,,,,,,,,,,,,,,,,,,,,,,2025-04-24 13:20:43,Signal Acquired,15.389234,73.918121,5.49,0.25,9.37,0.02,-0.13,-0.0,DETECTED
,,,,,,,,,,,,,,,,,,,,,,,,,,,,,,,,,,,,,,,,,,,,,,,,,,,,,,,,,,,,,,,,,,,,,,,,,,,,,,,,,,,,,,,,,,,,,,,,,,,,,,,,,2025-04-24 13:20:43,Signal Acquired,15.389303,73.918059,1.97,-0.39,9.16,-0.05,-0.01,-0.01,NO
,,,,,,,,,,,,,,,,,,,,,,,,,,,,,,,,,,,,,,,,,,,,,,,,,,,,,,,,,,,,,,,,,,,,,,,,,,,,,,,,,,,,,,,,,,,,,,,,,,,,,,,,,2025-04-24 13:20:45,Signal Acquired,15.389303,73.918059,3.34,0.76,9.7,-0.01,-0.1,0.0,DETECTED
,,,,,,,,,,,,,,,,,,,,,,,,,,,,,,,,,,,,,,,,,,,,,,,,,,,,,,,,,,,,,,,,,,,,,,,,,,,,,,,,,,,,,,,,,,,,,,,,,,,,,,,,,2025-04-24 13:20:45,Signal Acquired,15.389372,73.918003,-2.37,1.11,10.95,0.01,-0.04,-0.02,NO
,,,,,,,,,,,,,,,,,,,,,,,,,,,,,,,,,,,,,,,,,,,,,,,,,,,,,,,,,,,,,,,,,,,,,,,,,,,,,,,,,,,,,,,,,,,,,,,,,,,,,,,,,2025-04-24 13:20:45,Signal Acquired,15.389372,73.918003,-1.41,1.15,9.48,-0.09,0.18,-0.01,DETECTED
,,,,,,,,,,,,,,,,,,,,,,,,,,,,,,,,,,,,,,,,,,,,,,,,,,,,,,,,,,,,,,,,,,,,,,,,,,,,,,,,,,,,,,,,,,,,,,,,,,,,,,,,,2025-04-24 13:20:47,Signal Acquired,15.389434,73.917966,3.18,0.45,9.33,-0.03,-0.05,0.01,NO
,,,,,,,,,,,,,,,,,,,,,,,,,,,,,,,,,,,,,,,,,,,,,,,,,,,,,,,,,,,,,,,,,,,,,,,,,,,,,,,,,,,,,,,,,,,,,,,,,,,,,,,,,2025-04-24 13:20:47,Signal Acquired,15.389434,73.917966,-1.45,0.27,8.98,-0.1,0.19,-0.03,DETECTED
,,,,,,,,,,,,,,,,,,,,,,,,,,,,,,,,,,,,,,,,,,,,,,,,,,,,,,,,,,,,,,,,,,,,,,,,,,,,,,,,,,,,,,,,,,,,,,,,,,,,,,,,,2025-04-24 13:20:47,Signal Acquired,15.389504,73.917904,0.21,-0.12,10.28,-0.03,0.06,-0.02,DETECTED
,,,,,,,,,,,,,,,,,,,,,,,,,,,,,,,,,,,,,,,,,,,,,,,,,,,,,,,,,,,,,,,,,,,,,,,,,,,,,,,,,,,,,,,,,,,,,,,,,,,,,,,,,2025-04-24 13:20:50,Signal Acquired,15.389504,73.917904,1.83,-0.23,8.27,-0.11,0.03,-0.01,NO
,,,,,,,,,,,,,,,,,,,,,,,,,,,,,,,,,,,,,,,,,,,,,,,,,,,,,,,,,,,,,,,,,,,,,,,,,,,,,,,,,,,,,,,,,,,,,,,,,,,,,,,,,2025-04-24 13:20:50,Signal Acquired,15.38957,73.917867,-5.43,-0.3,10.3,-0.1,0.06,-0.0,NO
,,,,,,,,,,,,,,,,,,,,,,,,,,,,,,,,,,,,,,,,,,,,,,,,,,,,,,,,,,,,,,,,,,,,,,,,,,,,,,,,,,,,,,,,,,,,,,,,,,,,,,,,,2025-04-24 13:20:50,Signal Acquired,15.38957,73.917867,2.32,0.16,9.13,-0.07,0.06,-0.0,DETECTED
,,,,,,,,,,,,,,,,,,,,,,,,,,,,,,,,,,,,,,,,,,,,,,,,,,,,,,,,,,,,,,,,,,,,,,,,,,,,,,,,,,,,,,,,,,,,,,,,,,,,,,,,,2025-04-24 13:20:52,Signal Acquired,15.389645,73.917802,1.65,-0.2,9.0,-0.03,0.04,0.0,DETECTED
,,,,,,,,,,,,,,,,,,,,,,,,,,,,,,,,,,,,,,,,,,,,,,,,,,,,,,,,,,,,,,,,,,,,,,,,,,,,,,,,,,,,,,,,,,,,,,,,,,,,,,,,,2025-04-24 13:20:52,Signal Acquired,15.389645,73.917802,1.42,0.52,8.75,0.07,0.08,0.02,DETECTED
,,,,,,,,,,,,,,,,,,,,,,,,,,,,,,,,,,,,,,,,,,,,,,,,,,,,,,,,,,,,,,,,,,,,,,,,,,,,,,,,,,,,,,,,,,,,,,,,,,,,,,,,,2025-04-24 13:20:52,Signal Acquired,15.389713,73.917735,0.75,1.29,8.63,0.01,-0.02,0.01,DETECTED
,,,,,,,,,,,,,,,,,,,,,,,,,,,,,,,,,,,,,,,,,,,,,,,,,,,,,,,,,,,,,,,,,,,,,,,,,,,,,,,,,,,,,,,,,,,,,,,,,,,,,,,,,2025-04-24 13:20:54,Signal Acquired,15.389713,73.917735,0.89,0.88,9.57,-0.05,-0.07,0.0,DETECTED
,,,,,,,,,,,,,,,,,,,,,,,,,,,,,,,,,,,,,,,,,,,,,,,,,,,,,,,,,,,,,,,,,,,,,,,,,,,,,,,,,,,,,,,,,,,,,,,,,,,,,,,,,2025-04-24 13:20:54,Signal Acquired,15.389788,73.917701,1.75,0.8,7.98,-0.1,0.13,0.01,DETECTED
,,,,,,,,,,,,,,,,,,,,,,,,,,,,,,,,,,,,,,,,,,,,,,,,,,,,,,,,,,,,,,,,,,,,,,,,,,,,,,,,,,,,,,,,,,,,,,,,,,,,,,,,,2025-04-24 13:20:54,Signal Acquired,15.389788,73.917701,1.91,-0.19,9.1,0.06,-0.02,0.02,NO
,,,,,,,,,,,,,,,,,,,,,,,,,,,,,,,,,,,,,,,,,,,,,,,,,,,,,,,,,,,,,,,,,,,,,,,,,,,,,,,,,,,,,,,,,,,,,,,,,,,,,,,,,2025-04-24 13:20:56,Signal Acquired,15.389863,73.917645,-1.25,-1.9,9.49,0.6,-0.53,0.16,DETECTED
,,,,,,,,,,,,,,,,,,,,,,,,,,,,,,,,,,,,,,,,,,,,,,,,,,,,,,,,,,,,,,,,,,,,,,,,,,,,,,,,,,,,,,,,,,,,,,,,,,,,,,,,,2025-04-24 13:20:56,Signal Acquired,15.389863,73.917645,1.09,0.36,9.05,0.01,0.0,0.04,NO
,,,,,,,,,,,,,,,,,,,,,,,,,,,,,,,,,,,,,,,,,,,,,,,,,,,,,,,,,,,,,,,,,,,,,,,,,,,,,,,,,,,,,,,,,,,,,,,,,,,,,,,,,2025-04-24 13:20:56,Signal Acquired,15.389931,73.917589,-0.66,0.54,10.22,-0.08,0.06,0.01,NO
,,,,,,,,,,,,,,,,,,,,,,,,,,,,,,,,,,,,,,,,,,,,,,,,,,,,,,,,,,,,,,,,,,,,,,,,,,,,,,,,,,,,,,,,,,,,,,,,,,,,,,,,,2025-04-24 13:20:59,Signal Acquired,15.389931,73.917589,-0.72,1.19,8.44,0.01,-0.06,-0.01,DETECTED
,,,,,,,,,,,,,,,,,,,,,,,,,,,,,,,,,,,,,,,,,,,,,,,,,,,,,,,,,,,,,,,,,,,,,,,,,,,,,,,,,,,,,,,,,,,,,,,,,,,,,,,,,2025-04-24 13:20:59,Signal Acquired,15.389931,73.917589,-0.18,0.23,8.74,-0.01,-0.01,0.0,NO
,,,,,,,,,,,,,,,,,,,,,,,,,,,,,,,,,,,,,,,,,,,,,,,,,,,,,,,,,,,,,,,,,,,,,,,,,,,,,,,,,,,,,,,,,,,,,,,,,,,,,,,,,2025-04-24 13:20:59,Signal Acquired,15.389931,73.917589,2.06,1.22,8.14,-0.01,0.0,0.0,NO
,,,,,,,,,,,,,,,,,,,,,,,,,,,,,,,,,,,,,,,,,,,,,,,,,,,,,,,,,,,,,,,,,,,,,,,,,,,,,,,,,,,,,,,,,,,,,,,,,,,,,,,,,2025-04-24 13:21:01,Signal Acquired,15.389931,73.917589,4.55,0.23,8.08,0.1,-0.01,0.02,NO
,,,,,,,,,,,,,,,,,,,,,,,,,,,,,,,,,,,,,,,,,,,,,,,,,,,,,,,,,,,,,,,,,,,,,,,,,,,,,,,,,,,,,,,,,,,,,,,,,,,,,,,,,2025-04-24 13:21:01,Signal Acquired,15.389931,73.917589,-0.84,0.79,10.17,-0.03,0.03,0.01,NO
,,,,,,,,,,,,,,,,,,,,,,,,,,,,,,,,,,,,,,,,,,,,,,,,,,,,,,,,,,,,,,,,,,,,,,,,,,,,,,,,,,,,,,,,,,,,,,,,,,,,,,,,,2025-04-24 13:21:01,Signal Acquired,15.389931,73.917589,1.26,0.93,9.53,-0.0,0.03,-0.0,DETECTED
,,,,,,,,,,,,,,,,,,,,,,,,,,,,,,,,,,,,,,,,,,,,,,,,,,,,,,,,,,,,,,,,,,,,,,,,,,,,,,,,,,,,,,,,,,,,,,,,,,,,,,,,,2025-04-24 13:21:03,Signal Acquired,15.389931,73.917589,-0.47,1.19,10.32,0.01,0.03,0.01,NO
,,,,,,,,,,,,,,,,,,,,,,,,,,,,,,,,,,,,,,,,,,,,,,,,,,,,,,,,,,,,,,,,,,,,,,,,,,,,,,,,,,,,,,,,,,,,,,,,,,,,,,,,,2025-04-24 13:21:03,Signal Acquired,15.390313,73.917177,-1.81,0.43,10.15,-0.03,0.2,-0.0,DETECTED
,,,,,,,,,,,,,,,,,,,,,,,,,,,,,,,,,,,,,,,,,,,,,,,,,,,,,,,,,,,,,,,,,,,,,,,,,,,,,,,,,,,,,,,,,,,,,,,,,,,,,,,,,2025-04-24 13:21:03,Signal Acquired,15.390313,73.917177,-0.22,0.97,8.35,-0.07,-0.11,-0.02,DETECTED
,,,,,,,,,,,,,,,,,,,,,,,,,,,,,,,,,,,,,,,,,,,,,,,,,,,,,,,,,,,,,,,,,,,,,,,,,,,,,,,,,,,,,,,,,,,,,,,,,,,,,,,,,2025-04-24 13:21:05,Signal Acquired,15.390425,73.917028,-1.05,0.63,11.25,-0.04,0.16,0.0,DETECTED
,,,,,,,,,,,,,,,,,,,,,,,,,,,,,,,,,,,,,,,,,,,,,,,,,,,,,,,,,,,,,,,,,,,,,,,,,,,,,,,,,,,,,,,,,,,,,,,,,,,,,,,,,2025-04-24 13:21:05,Signal Acquired,15.390425,73.917028,-2.26,1.66,8.65,-0.09,-0.01,-0.02,DETECTED
,,,,,,,,,,,,,,,,,,,,,,,,,,,,,,,,,,,,,,,,,,,,,,,,,,,,,,,,,,,,,,,,,,,,,,,,,,,,,,,,,,,,,,,,,,,,,,,,,,,,,,,,,2025-04-24 13:21:05,Signal Acquired,15.390518,73.916917,0.66,0.79,10.33,0.07,-0.01,0.01,NO
,,,,,,,,,,,,,,,,,,,,,,,,,,,,,,,,,,,,,,,,,,,,,,,,,,,,,,,,,,,,,,,,,,,,,,,,,,,,,,,,,,,,,,,,,,,,,,,,,,,,,,,,,2025-04-24 13:21:08,Signal Acquired,15.390518,73.916917,1.12,0.06,9.2,-0.01,-0.03,-0.02,DETECTED
,,,,,,,,,,,,,,,,,,,,,,,,,,,,,,,,,,,,,,,,,,,,,,,,,,,,,,,,,,,,,,,,,,,,,,,,,,,,,,,,,,,,,,,,,,,,,,,,,,,,,,,,,2025-04-24 13:21:08,Signal Acquired,15.390605,73.916848,-1.39,0.91,9.74,-0.04,0.01,0.02,NO
,,,,,,,,,,,,,,,,,,,,,,,,,,,,,,,,,,,,,,,,,,,,,,,,,,,,,,,,,,,,,,,,,,,,,,,,,,,,,,,,,,,,,,,,,,,,,,,,,,,,,,,,,2025-04-24 13:21:08,Signal Acquired,15.390605,73.916848,1.05,0.61,8.38,0.01,0.06,-0.0,DETECTED
,,,,,,,,,,,,,,,,,,,,,,,,,,,,,,,,,,,,,,,,,,,,,,,,,,,,,,,,,,,,,,,,,,,,,,,,,,,,,,,,,,,,,,,,,,,,,,,,,,,,,,,,,2025-04-24 13:21:10,Signal Acquired,15.390688,73.916764,0.26,0.67,9.71,0.02,-0.04,0.01,NO
,,,,,,,,,,,,,,,,,,,,,,,,,,,,,,,,,,,,,,,,,,,,,,,,,,,,,,,,,,,,,,,,,,,,,,,,,,,,,,,,,,,,,,,,,,,,,,,,,,,,,,,,,2025-04-24 13:21:10,Signal Acquired,15.390688,73.916764,-2.65,1.13,9.54,-0.02,0.0,0.0,DETECTED
,,,,,,,,,,,,,,,,,,,,,,,,,,,,,,,,,,,,,,,,,,,,,,,,,,,,,,,,,,,,,,,,,,,,,,,,,,,,,,,,,,,,,,,,,,,,,,,,,,,,,,,,,2025-04-24 13:21:10,Signal Acquired,15.390768,73.916686,0.78,0.67,9.59,-0.02,-0.14,-0.01,DETECTED
,,,,,,,,,,,,,,,,,,,,,,,,,,,,,,,,,,,,,,,,,,,,,,,,,,,,,,,,,,,,,,,,,,,,,,,,,,,,,,,,,,,,,,,,,,,,,,,,,,,,,,,,,2025-04-24 13:21:12,Signal Acquired,15.390768,73.916686,-1.13,0.91,9.28,0.0,-0.01,0.01,DETECTED
,,,,,,,,,,,,,,,,,,,,,,,,,,,,,,,,,,,,,,,,,,,,,,,,,,,,,,,,,,,,,,,,,,,,,,,,,,,,,,,,,,,,,,,,,,,,,,,,,,,,,,,,,2025-04-24 13:21:12,Signal Acquired,15.390849,73.916619,3.52,0.96,8.78,0.02,-0.04,0.0,DETECTED
,,,,,,,,,,,,,,,,,,,,,,,,,,,,,,,,,,,,,,,,,,,,,,,,,,,,,,,,,,,,,,,,,,,,,,,,,,,,,,,,,,,,,,,,,,,,,,,,,,,,,,,,,2025-04-24 13:21:12,Signal Acquired,15.390849,73.916619,0.58,0.86,9.56,0.02,0.01,0.0,NO
,,,,,,,,,,,,,,,,,,,,,,,,,,,,,,,,,,,,,,,,,,,,,,,,,,,,,,,,,,,,,,,,,,,,,,,,,,,,,,,,,,,,,,,,,,,,,,,,,,,,,,,,,2025-04-24 13:21:14,Signal Acquired,15.390927,73.916546,-0.85,0.47,9.06,-0.03,0.1,0.01,NO
,,,,,,,,,,,,,,,,,,,,,,,,,,,,,,,,,,,,,,,,,,,,,,,,,,,,,,,,,,,,,,,,,,,,,,,,,,,,,,,,,,,,,,,,,,,,,,,,,,,,,,,,,2025-04-24 13:21:14,Signal Acquired,15.390927,73.916546,2.14,0.91,8.09,-0.02,-0.09,0.01,NO
,,,,,,,,,,,,,,,,,,,,,,,,,,,,,,,,,,,,,,,,,,,,,,,,,,,,,,,,,,,,,,,,,,,,,,,,,,,,,,,,,,,,,,,,,,,,,,,,,,,,,,,,,2025-04-24 13:21:14,Signal Acquired,15.391003,73.916461,-0.04,0.34,8.86,-0.09,0.17,-0.02,DETECTED
,,,,,,,,,,,,,,,,,,,,,,,,,,,,,,,,,,,,,,,,,,,,,,,,,,,,,,,,,,,,,,,,,,,,,,,,,,,,,,,,,,,,,,,,,,,,,,,,,,,,,,,,,2025-04-24 13:21:16,Signal Acquired,15.391003,73.916461,3.86,0.57,8.28,-0.02,0.04,0.0,NO
,,,,,,,,,,,,,,,,,,,,,,,,,,,,,,,,,,,,,,,,,,,,,,,,,,,,,,,,,,,,,,,,,,,,,,,,,,,,,,,,,,,,,,,,,,,,,,,,,,,,,,,,,2025-04-24 13:21:16,Signal Acquired,15.391081,73.916387,-0.54,0.49,9.58,-0.01,-0.0,0.01,NO
,,,,,,,,,,,,,,,,,,,,,,,,,,,,,,,,,,,,,,,,,,,,,,,,,,,,,,,,,,,,,,,,,,,,,,,,,,,,,,,,,,,,,,,,,,,,,,,,,,,,,,,,,2025-04-24 13:21:16,Signal Acquired,15.391081,73.916387,1.13,0.79,9.07,-0.02,0.05,-0.0,NO
,,,,,,,,,,,,,,,,,,,,,,,,,,,,,,,,,,,,,,,,,,,,,,,,,,,,,,,,,,,,,,,,,,,,,,,,,,,,,,,,,,,,,,,,,,,,,,,,,,,,,,,,,2025-04-24 13:21:19,Signal Acquired,15.391158,73.916318,1.84,0.54,9.91,-0.03,0.07,0.02,NO
,,,,,,,,,,,,,,,,,,,,,,,,,,,,,,,,,,,,,,,,,,,,,,,,,,,,,,,,,,,,,,,,,,,,,,,,,,,,,,,,,,,,,,,,,,,,,,,,,,,,,,,,,2025-04-24 13:21:19,Signal Acquired,15.391158,73.916318,2.77,1.05,8.38,-0.03,0.01,0.01,DETECTED
,,,,,,,,,,,,,,,,,,,,,,,,,,,,,,,,,,,,,,,,,,,,,,,,,,,,,,,,,,,,,,,,,,,,,,,,,,,,,,,,,,,,,,,,,,,,,,,,,,,,,,,,,2025-04-24 13:21:19,Signal Acquired,15.391235,73.916254,-0.26,-0.48,8.78,0.04,-0.04,0.01,NO
,,,,,,,,,,,,,,,,,,,,,,,,,,,,,,,,,,,,,,,,,,,,,,,,,,,,,,,,,,,,,,,,,,,,,,,,,,,,,,,,,,,,,,,,,,,,,,,,,,,,,,,,,2025-04-24 13:21:21,Signal Acquired,15.391235,73.916254,-0.16,-0.32,9.79,-0.04,-0.14,-0.01,DETECTED
,,,,,,,,,,,,,,,,,,,,,,,,,,,,,,,,,,,,,,,,,,,,,,,,,,,,,,,,,,,,,,,,,,,,,,,,,,,,,,,,,,,,,,,,,,,,,,,,,,,,,,,,,2025-04-24 13:21:21,Signal Acquired,15.39131,73.916177,0.13,0.76,9.57,-0.03,0.01,0.01,NO
,,,,,,,,,,,,,,,,,,,,,,,,,,,,,,,,,,,,,,,,,,,,,,,,,,,,,,,,,,,,,,,,,,,,,,,,,,,,,,,,,,,,,,,,,,,,,,,,,,,,,,,,,2025-04-24 13:21:21,Signal Acquired,15.39131,73.916177,0.69,0.28,8.07,-0.02,0.07,-0.01,DETECTED
,,,,,,,,,,,,,,,,,,,,,,,,,,,,,,,,,,,,,,,,,,,,,,,,,,,,,,,,,,,,,,,,,,,,,,,,,,,,,,,,,,,,,,,,,,,,,,,,,,,,,,,,,2025-04-24 13:21:23,Signal Acquired,15.39139,73.91613,-0.24,1.16,9.6,-0.01,0.07,0.01,NO
,,,,,,,,,,,,,,,,,,,,,,,,,,,,,,,,,,,,,,,,,,,,,,,,,,,,,,,,,,,,,,,,,,,,,,,,,,,,,,,,,,,,,,,,,,,,,,,,,,,,,,,,,2025-04-24 13:21:23,Signal Acquired,15.39139,73.91613,1.14,0.53,8.48,-0.04,0.06,-0.0,DETECTED
,,,,,,,,,,,,,,,,,,,,,,,,,,,,,,,,,,,,,,,,,,,,,,,,,,,,,,,,,,,,,,,,,,,,,,,,,,,,,,,,,,,,,,,,,,,,,,,,,,,,,,,,,2025-04-24 13:21:23,Signal Acquired,15.391467,73.916064,3.58,1.68,8.68,0.0,-0.04,0.01,DETECTED
,,,,,,,,,,,,,,,,,,,,,,,,,,,,,,,,,,,,,,,,,,,,,,,,,,,,,,,,,,,,,,,,,,,,,,,,,,,,,,,,,,,,,,,,,,,,,,,,,,,,,,,,,2025-04-24 13:21:25,Signal Acquired,15.391467,73.916064,0.42,0.33,8.84,-0.01,-0.01,0.0,NO
,,,,,,,,,,,,,,,,,,,,,,,,,,,,,,,,,,,,,,,,,,,,,,,,,,,,,,,,,,,,,,,,,,,,,,,,,,,,,,,,,,,,,,,,,,,,,,,,,,,,,,,,,2025-04-24 13:21:25,Signal Acquired,15.391544,73.916,0.63,0.85,9.07,-0.02,0.1,0.01,NO
,,,,,,,,,,,,,,,,,,,,,,,,,,,,,,,,,,,,,,,,,,,,,,,,,,,,,,,,,,,,,,,,,,,,,,,,,,,,,,,,,,,,,,,,,,,,,,,,,,,,,,,,,2025-04-24 13:21:25,Signal Acquired,15.391544,73.916,0.59,1.1,8.42,-0.01,0.09,0.0,NO
,,,,,,,,,,,,,,,,,,,,,,,,,,,,,,,,,,,,,,,,,,,,,,,,,,,,,,,,,,,,,,,,,,,,,,,,,,,,,,,,,,,,,,,,,,,,,,,,,,,,,,,,,2025-04-24 13:21:28,Signal Acquired,15.39162,73.915938,0.59,0.63,9.04,0.01,-0.01,0.0,NO
,,,,,,,,,,,,,,,,,,,,,,,,,,,,,,,,,,,,,,,,,,,,,,,,,,,,,,,,,,,,,,,,,,,,,,,,,,,,,,,,,,,,,,,,,,,,,,,,,,,,,,,,,2025-04-24 13:21:28,Signal Acquired,15.39162,73.915938,1.63,0.17,8.58,-0.04,-0.04,-0.0,NO
,,,,,,,,,,,,,,,,,,,,,,,,,,,,,,,,,,,,,,,,,,,,,,,,,,,,,,,,,,,,,,,,,,,,,,,,,,,,,,,,,,,,,,,,,,,,,,,,,,,,,,,,,2025-04-24 13:21:28,Signal Acquired,15.391691,73.915844,0.88,1.23,9.63,-0.03,0.1,0.01,DETECTED
,,,,,,,,,,,,,,,,,,,,,,,,,,,,,,,,,,,,,,,,,,,,,,,,,,,,,,,,,,,,,,,,,,,,,,,,,,,,,,,,,,,,,,,,,,,,,,,,,,,,,,,,,2025-04-24 13:21:30,Signal Acquired,15.391691,73.915844,2.07,1.09,8.3,-0.04,0.03,-0.0,NO
,,,,,,,,,,,,,,,,,,,,,,,,,,,,,,,,,,,,,,,,,,,,,,,,,,,,,,,,,,,,,,,,,,,,,,,,,,,,,,,,,,,,,,,,,,,,,,,,,,,,,,,,,2025-04-24 13:21:30,Signal Acquired,15.391768,73.915794,-1.91,1.52,7.86,0.02,0.06,-0.0,NO
,,,,,,,,,,,,,,,,,,,,,,,,,,,,,,,,,,,,,,,,,,,,,,,,,,,,,,,,,,,,,,,,,,,,,,,,,,,,,,,,,,,,,,,,,,,,,,,,,,,,,,,,,2025-04-24 13:21:30,Signal Acquired,15.391768,73.915794,0.29,-0.06,9.37,-0.04,0.03,-0.02,NO
,,,,,,,,,,,,,,,,,,,,,,,,,,,,,,,,,,,,,,,,,,,,,,,,,,,,,,,,,,,,,,,,,,,,,,,,,,,,,,,,,,,,,,,,,,,,,,,,,,,,,,,,,2025-04-24 13:21:32,Signal Acquired,15.391851,73.915771,1.4,1.06,8.72,-0.0,0.03,0.0,NO
,,,,,,,,,,,,,,,,,,,,,,,,,,,,,,,,,,,,,,,,,,,,,,,,,,,,,,,,,,,,,,,,,,,,,,,,,,,,,,,,,,,,,,,,,,,,,,,,,,,,,,,,,2025-04-24 13:21:32,Signal Acquired,15.391851,73.915771,0.34,0.29,9.73,-0.02,0.04,0.01,NO
,,,,,,,,,,,,,,,,,,,,,,,,,,,,,,,,,,,,,,,,,,,,,,,,,,,,,,,,,,,,,,,,,,,,,,,,,,,,,,,,,,,,,,,,,,,,,,,,,,,,,,,,,2025-04-24 13:21:32,Signal Acquired,15.391928,73.91571,-0.76,0.73,9.62,-0.06,0.09,-0.01,DETECTED
,,,,,,,,,,,,,,,,,,,,,,,,,,,,,,,,,,,,,,,,,,,,,,,,,,,,,,,,,,,,,,,,,,,,,,,,,,,,,,,,,,,,,,,,,,,,,,,,,,,,,,,,,2025-04-24 13:21:34,Signal Acquired,15.391928,73.91571,-0.26,0.67,9.9,0.02,-0.01,0.01,NO
,,,,,,,,,,,,,,,,,,,,,,,,,,,,,,,,,,,,,,,,,,,,,,,,,,,,,,,,,,,,,,,,,,,,,,,,,,,,,,,,,,,,,,,,,,,,,,,,,,,,,,,,,2025-04-24 13:21:34,Signal Acquired,15.392006,73.915656,2.6,0.81,8.1,0.01,0.01,-0.0,NO
,,,,,,,,,,,,,,,,,,,,,,,,,,,,,,,,,,,,,,,,,,,,,,,,,,,,,,,,,,,,,,,,,,,,,,,,,,,,,,,,,,,,,,,,,,,,,,,,,,,,,,,,,2025-04-24 13:21:34,Signal Acquired,15.392006,73.915656,0.57,1.07,9.97,0.0,0.05,-0.01,NO
,,,,,,,,,,,,,,,,,,,,,,,,,,,,,,,,,,,,,,,,,,,,,,,,,,,,,,,,,,,,,,,,,,,,,,,,,,,,,,,,,,,,,,,,,,,,,,,,,,,,,,,,,2025-04-24 13:21:37,Signal Acquired,15.392083,73.9156,-0.25,0.82,9.3,-0.03,0.02,-0.01,NO
,,,,,,,,,,,,,,,,,,,,,,,,,,,,,,,,,,,,,,,,,,,,,,,,,,,,,,,,,,,,,,,,,,,,,,,,,,,,,,,,,,,,,,,,,,,,,,,,,,,,,,,,,2025-04-24 13:21:37,Signal Acquired,15.392083,73.9156,-2.52,0.82,10.18,-0.02,0.15,-0.02,DETECTED
,,,,,,,,,,,,,,,,,,,,,,,,,,,,,,,,,,,,,,,,,,,,,,,,,,,,,,,,,,,,,,,,,,,,,,,,,,,,,,,,,,,,,,,,,,,,,,,,,,,,,,,,,2025-04-24 13:21:37,Signal Acquired,15.392157,73.915521,3.17,0.43,8.21,-0.05,0.09,-0.01,DETECTED
,,,,,,,,,,,,,,,,,,,,,,,,,,,,,,,,,,,,,,,,,,,,,,,,,,,,,,,,,,,,,,,,,,,,,,,,,,,,,,,,,,,,,,,,,,,,,,,,,,,,,,,,,2025-04-24 13:21:39,Signal Acquired,15.392157,73.915521,-0.0,-0.08,9.84,0.01,-0.06,-0.0,DETECTED
,,,,,,,,,,,,,,,,,,,,,,,,,,,,,,,,,,,,,,,,,,,,,,,,,,,,,,,,,,,,,,,,,,,,,,,,,,,,,,,,,,,,,,,,,,,,,,,,,,,,,,,,,2025-04-24 13:21:39,Signal Acquired,15.392236,73.915467,-0.15,0.32,9.79,-0.04,0.11,-0.0,NO
,,,,,,,,,,,,,,,,,,,,,,,,,,,,,,,,,,,,,,,,,,,,,,,,,,,,,,,,,,,,,,,,,,,,,,,,,,,,,,,,,,,,,,,,,,,,,,,,,,,,,,,,,2025-04-24 13:21:39,Signal Acquired,15.392236,73.915467,-2.51,0.44,9.3,0.0,-0.03,0.0,DETECTED
,,,,,,,,,,,,,,,,,,,,,,,,,,,,,,,,,,,,,,,,,,,,,,,,,,,,,,,,,,,,,,,,,,,,,,,,,,,,,,,,,,,,,,,,,,,,,,,,,,,,,,,,,2025-04-24 13:21:41,Signal Acquired,15.392315,73.915423,2.79,0.78,8.77,-0.05,0.02,0.01,DETECTED
,,,,,,,,,,,,,,,,,,,,,,,,,,,,,,,,,,,,,,,,,,,,,,,,,,,,,,,,,,,,,,,,,,,,,,,,,,,,,,,,,,,,,,,,,,,,,,,,,,,,,,,,,2025-04-24 13:21:41,Signal Acquired,15.392315,73.915423,0.13,0.4,9.87,-0.03,0.01,0.02,DETECTED
,,,,,,,,,,,,,,,,,,,,,,,,,,,,,,,,,,,,,,,,,,,,,,,,,,,,,,,,,,,,,,,,,,,,,,,,,,,,,,,,,,,,,,,,,,,,,,,,,,,,,,,,,2025-04-24 13:21:41,Signal Acquired,15.392395,73.915382,-0.67,0.36,8.96,-0.04,0.02,0.01,NO
,,,,,,,,,,,,,,,,,,,,,,,,,,,,,,,,,,,,,,,,,,,,,,,,,,,,,,,,,,,,,,,,,,,,,,,,,,,,,,,,,,,,,,,,,,,,,,,,,,,,,,,,,2025-04-24 13:21:43,Signal Acquired,15.392395,73.915382,3.24,0.99,8.44,0.01,0.02,0.01,NO
,,,,,,,,,,,,,,,,,,,,,,,,,,,,,,,,,,,,,,,,,,,,,,,,,,,,,,,,,,,,,,,,,,,,,,,,,,,,,,,,,,,,,,,,,,,,,,,,,,,,,,,,,2025-04-24 13:21:43,Signal Acquired,15.39248,73.915392,1.22,0.66,8.52,0.02,-0.08,0.0,DETECTED
,,,,,,,,,,,,,,,,,,,,,,,,,,,,,,,,,,,,,,,,,,,,,,,,,,,,,,,,,,,,,,,,,,,,,,,,,,,,,,,,,,,,,,,,,,,,,,,,,,,,,,,,,2025-04-24 13:21:43,Signal Acquired,15.39248,73.915392,6.32,1.27,8.19,0.03,0.13,-0.06,DETECTED
,,,,,,,,,,,,,,,,,,,,,,,,,,,,,,,,,,,,,,,,,,,,,,,,,,,,,,,,,,,,,,,,,,,,,,,,,,,,,,,,,,,,,,,,,,,,,,,,,,,,,,,,,2025-04-24 13:21:46,Signal Acquired,15.392562,73.915394,0.33,0.39,9.13,-0.05,-0.01,-0.01,DETECTED
,,,,,,,,,,,,,,,,,,,,,,,,,,,,,,,,,,,,,,,,,,,,,,,,,,,,,,,,,,,,,,,,,,,,,,,,,,,,,,,,,,,,,,,,,,,,,,,,,,,,,,,,,2025-04-24 13:21:46,Signal Acquired,15.392562,73.915394,-0.35,0.58,9.55,-0.02,0.03,-0.01,NO
,,,,,,,,,,,,,,,,,,,,,,,,,,,,,,,,,,,,,,,,,,,,,,,,,,,,,,,,,,,,,,,,,,,,,,,,,,,,,,,,,,,,,,,,,,,,,,,,,,,,,,,,,2025-04-24 13:21:46,Signal Acquired,15.392642,73.915356,-0.98,0.42,9.5,-0.03,0.03,-0.01,DETECTED
,,,,,,,,,,,,,,,,,,,,,,,,,,,,,,,,,,,,,,,,,,,,,,,,,,,,,,,,,,,,,,,,,,,,,,,,,,,,,,,,,,,,,,,,,,,,,,,,,,,,,,,,,2025-04-24 13:21:48,Signal Acquired,15.392642,73.915356,0.79,0.57,9.74,-0.0,-0.03,0.01,NO
,,,,,,,,,,,,,,,,,,,,,,,,,,,,,,,,,,,,,,,,,,,,,,,,,,,,,,,,,,,,,,,,,,,,,,,,,,,,,,,,,,,,,,,,,,,,,,,,,,,,,,,,,2025-04-24 13:21:48,Signal Acquired,15.39272,73.91531,1.48,0.63,8.41,-0.0,-0.12,0.01,NO
,,,,,,,,,,,,,,,,,,,,,,,,,,,,,,,,,,,,,,,,,,,,,,,,,,,,,,,,,,,,,,,,,,,,,,,,,,,,,,,,,,,,,,,,,,,,,,,,,,,,,,,,,2025-04-24 13:21:48,Signal Acquired,15.39272,73.91531,-0.18,0.38,9.72,-0.02,0.02,0.0,DETECTED
,,,,,,,,,,,,,,,,,,,,,,,,,,,,,,,,,,,,,,,,,,,,,,,,,,,,,,,,,,,,,,,,,,,,,,,,,,,,,,,,,,,,,,,,,,,,,,,,,,,,,,,,,2025-04-24 13:21:50,Signal Acquired,15.392801,73.915275,0.14,0.44,9.6,-0.0,0.06,-0.0,DETECTED
,,,,,,,,,,,,,,,,,,,,,,,,,,,,,,,,,,,,,,,,,,,,,,,,,,,,,,,,,,,,,,,,,,,,,,,,,,,,,,,,,,,,,,,,,,,,,,,,,,,,,,,,,2025-04-24 13:21:50,Signal Acquired,15.392801,73.915275,-0.71,0.6,8.89,0.01,-0.03,0.0,NO
,,,,,,,,,,,,,,,,,,,,,,,,,,,,,,,,,,,,,,,,,,,,,,,,,,,,,,,,,,,,,,,,,,,,,,,,,,,,,,,,,,,,,,,,,,,,,,,,,,,,,,,,,2025-04-24 13:21:50,Signal Acquired,15.392879,73.91523,-0.95,1.08,10.38,-0.03,0.08,-0.03,NO
,,,,,,,,,,,,,,,,,,,,,,,,,,,,,,,,,,,,,,,,,,,,,,,,,,,,,,,,,,,,,,,,,,,,,,,,,,,,,,,,,,,,,,,,,,,,,,,,,,,,,,,,,2025-04-24 13:21:52,Signal Acquired,15.392879,73.91523,0.35,0.06,9.23,-0.04,0.08,-0.0,NO
,,,,,,,,,,,,,,,,,,,,,,,,,,,,,,,,,,,,,,,,,,,,,,,,,,,,,,,,,,,,,,,,,,,,,,,,,,,,,,,,,,,,,,,,,,,,,,,,,,,,,,,,,2025-04-24 13:21:52,Signal Acquired,15.392957,73.915185,1.02,0.08,8.74,-0.03,-0.05,-0.0,NO
,,,,,,,,,,,,,,,,,,,,,,,,,,,,,,,,,,,,,,,,,,,,,,,,,,,,,,,,,,,,,,,,,,,,,,,,,,,,,,,,,,,,,,,,,,,,,,,,,,,,,,,,,2025-04-24 13:21:52,Signal Acquired,15.392957,73.915185,0.6,0.08,9.47,-0.01,-0.1,0.02,NO
,,,,,,,,,,,,,,,,,,,,,,,,,,,,,,,,,,,,,,,,,,,,,,,,,,,,,,,,,,,,,,,,,,,,,,,,,,,,,,,,,,,,,,,,,,,,,,,,,,,,,,,,,2025-04-24 13:21:55,Signal Acquired,15.393035,73.915134,-1.64,0.41,9.66,-0.03,0.11,0.0,NO
,,,,,,,,,,,,,,,,,,,,,,,,,,,,,,,,,,,,,,,,,,,,,,,,,,,,,,,,,,,,,,,,,,,,,,,,,,,,,,,,,,,,,,,,,,,,,,,,,,,,,,,,,2025-04-24 13:21:55,Signal Acquired,15.393035,73.915134,0.25,0.75,9.42,-0.01,-0.0,0.02,NO
,,,,,,,,,,,,,,,,,,,,,,,,,,,,,,,,,,,,,,,,,,,,,,,,,,,,,,,,,,,,,,,,,,,,,,,,,,,,,,,,,,,,,,,,,,,,,,,,,,,,,,,,,2025-04-24 13:21:55,Signal Acquired,15.393109,73.915068,-1.34,0.38,9.83,-0.03,-0.01,-0.0,NO
,,,,,,,,,,,,,,,,,,,,,,,,,,,,,,,,,,,,,,,,,,,,,,,,,,,,,,,,,,,,,,,,,,,,,,,,,,,,,,,,,,,,,,,,,,,,,,,,,,,,,,,,,2025-04-24 13:21:57,Signal Acquired,15.393109,73.915068,1.43,-0.02,9.38,-0.05,0.09,0.01,NO
,,,,,,,,,,,,,,,,,,,,,,,,,,,,,,,,,,,,,,,,,,,,,,,,,,,,,,,,,,,,,,,,,,,,,,,,,,,,,,,,,,,,,,,,,,,,,,,,,,,,,,,,,2025-04-24 13:21:57,Signal Acquired,15.393182,73.915003,1.08,0.01,9.32,-0.02,-0.01,0.0,DETECTED
,,,,,,,,,,,,,,,,,,,,,,,,,,,,,,,,,,,,,,,,,,,,,,,,,,,,,,,,,,,,,,,,,,,,,,,,,,,,,,,,,,,,,,,,,,,,,,,,,,,,,,,,,2025-04-24 13:21:57,Signal Acquired,15.393182,73.915003,1.34,-0.41,8.7,0.01,-0.04,0.01,NO
,,,,,,,,,,,,,,,,,,,,,,,,,,,,,,,,,,,,,,,,,,,,,,,,,,,,,,,,,,,,,,,,,,,,,,,,,,,,,,,,,,,,,,,,,,,,,,,,,,,,,,,,,2025-04-24 13:21:59,Signal Acquired,15.393257,73.914958,3.0,0.92,8.34,-0.04,0.15,-0.01,NO
,,,,,,,,,,,,,,,,,,,,,,,,,,,,,,,,,,,,,,,,,,,,,,,,,,,,,,,,,,,,,,,,,,,,,,,,,,,,,,,,,,,,,,,,,,,,,,,,,,,,,,,,,2025-04-24 13:21:59,Signal Acquired,15.393257,73.914958,0.81,1.11,8.34,0.06,0.02,0.01,NO
,,,,,,,,,,,,,,,,,,,,,,,,,,,,,,,,,,,,,,,,,,,,,,,,,,,,,,,,,,,,,,,,,,,,,,,,,,,,,,,,,,,,,,,,,,,,,,,,,,,,,,,,,2025-04-24 13:21:59,Signal Acquired,15.393332,73.914904,1.5,1.46,8.85,0.04,0.01,0.01,NO
,,,,,,,,,,,,,,,,,,,,,,,,,,,,,,,,,,,,,,,,,,,,,,,,,,,,,,,,,,,,,,,,,,,,,,,,,,,,,,,,,,,,,,,,,,,,,,,,,,,,,,,,,2025-04-24 13:22:01,Signal Acquired,15.393332,73.914904,0.18,0.79,9.22,0.03,0.01,-0.0,NO
,,,,,,,,,,,,,,,,,,,,,,,,,,,,,,,,,,,,,,,,,,,,,,,,,,,,,,,,,,,,,,,,,,,,,,,,,,,,,,,,,,,,,,,,,,,,,,,,,,,,,,,,,2025-04-24 13:22:01,Signal Acquired,15.393406,73.914849,-0.35,0.77,9.2,0.02,-0.07,0.0,NO
,,,,,,,,,,,,,,,,,,,,,,,,,,,,,,,,,,,,,,,,,,,,,,,,,,,,,,,,,,,,,,,,,,,,,,,,,,,,,,,,,,,,,,,,,,,,,,,,,,,,,,,,,2025-04-24 13:22:01,Signal Acquired,15.393406,73.914849,-0.28,0.58,11.06,-0.04,0.11,-0.03,DETECTED
,,,,,,,,,,,,,,,,,,,,,,,,,,,,,,,,,,,,,,,,,,,,,,,,,,,,,,,,,,,,,,,,,,,,,,,,,,,,,,,,,,,,,,,,,,,,,,,,,,,,,,,,,2025-04-24 13:22:04,Signal Acquired,15.39348,73.914791,2.62,0.62,7.65,0.05,-0.2,-0.02,DETECTED
,,,,,,,,,,,,,,,,,,,,,,,,,,,,,,,,,,,,,,,,,,,,,,,,,,,,,,,,,,,,,,,,,,,,,,,,,,,,,,,,,,,,,,,,,,,,,,,,,,,,,,,,,2025-04-24 13:22:04,Signal Acquired,15.39348,73.914791,-2.08,0.8,10.02,-0.04,0.1,0.0,NO
,,,,,,,,,,,,,,,,,,,,,,,,,,,,,,,,,,,,,,,,,,,,,,,,,,,,,,,,,,,,,,,,,,,,,,,,,,,,,,,,,,,,,,,,,,,,,,,,,,,,,,,,,2025-04-24 13:22:04,Signal Acquired,15.393554,73.914735,6.51,0.7,8.11,-0.09,0.16,0.0,DETECTED
,,,,,,,,,,,,,,,,,,,,,,,,,,,,,,,,,,,,,,,,,,,,,,,,,,,,,,,,,,,,,,,,,,,,,,,,,,,,,,,,,,,,,,,,,,,,,,,,,,,,,,,,,2025-04-24 13:22:06,Signal Acquired,15.393554,73.914735,-2.79,0.42,10.13,-0.07,0.1,-0.01,NO
,,,,,,,,,,,,,,,,,,,,,,,,,,,,,,,,,,,,,,,,,,,,,,,,,,,,,,,,,,,,,,,,,,,,,,,,,,,,,,,,,,,,,,,,,,,,,,,,,,,,,,,,,2025-04-24 13:22:06,Signal Acquired,15.39362,73.914655,1.96,0.62,8.9,-0.04,0.07,0.0,NO
,,,,,,,,,,,,,,,,,,,,,,,,,,,,,,,,,,,,,,,,,,,,,,,,,,,,,,,,,,,,,,,,,,,,,,,,,,,,,,,,,,,,,,,,,,,,,,,,,,,,,,,,,2025-04-24 13:22:06,Signal Acquired,15.39362,73.914655,-0.55,0.19,10.23,-0.02,-0.04,-0.02,DETECTED
,,,,,,,,,,,,,,,,,,,,,,,,,,,,,,,,,,,,,,,,,,,,,,,,,,,,,,,,,,,,,,,,,,,,,,,,,,,,,,,,,,,,,,,,,,,,,,,,,,,,,,,,,2025-04-24 13:22:08,Signal Acquired,15.393687,73.914579,2.76,0.88,9.04,-0.03,0.06,-0.01,NO
,,,,,,,,,,,,,,,,,,,,,,,,,,,,,,,,,,,,,,,,,,,,,,,,,,,,,,,,,,,,,,,,,,,,,,,,,,,,,,,,,,,,,,,,,,,,,,,,,,,,,,,,,2025-04-24 13:22:08,Signal Acquired,15.393687,73.914579,2.99,1.07,9.0,0.0,-0.04,-0.0,DETECTED
,,,,,,,,,,,,,,,,,,,,,,,,,,,,,,,,,,,,,,,,,,,,,,,,,,,,,,,,,,,,,,,,,,,,,,,,,,,,,,,,,,,,,,,,,,,,,,,,,,,,,,,,,2025-04-24 13:22:08,Signal Acquired,15.39375,73.914508,3.26,0.7,9.39,-0.0,-0.05,0.0,DETECTED
,,,,,,,,,,,,,,,,,,,,,,,,,,,,,,,,,,,,,,,,,,,,,,,,,,,,,,,,,,,,,,,,,,,,,,,,,,,,,,,,,,,,,,,,,,,,,,,,,,,,,,,,,2025-04-24 13:22:10,Signal Acquired,15.39375,73.914508,1.87,0.26,8.92,-0.05,0.02,-0.01,NO
,,,,,,,,,,,,,,,,,,,,,,,,,,,,,,,,,,,,,,,,,,,,,,,,,,,,,,,,,,,,,,,,,,,,,,,,,,,,,,,,,,,,,,,,,,,,,,,,,,,,,,,,,2025-04-24 13:22:10,Signal Acquired,15.393819,73.914448,-0.77,0.76,9.78,-0.01,0.11,-0.0,DETECTED
,,,,,,,,,,,,,,,,,,,,,,,,,,,,,,,,,,,,,,,,,,,,,,,,,,,,,,,,,,,,,,,,,,,,,,,,,,,,,,,,,,,,,,,,,,,,,,,,,,,,,,,,,2025-04-24 13:22:10,Signal Acquired,15.393819,73.914448,1.83,0.61,9.28,-0.03,0.03,0.02,DETECTED
,,,,,,,,,,,,,,,,,,,,,,,,,,,,,,,,,,,,,,,,,,,,,,,,,,,,,,,,,,,,,,,,,,,,,,,,,,,,,,,,,,,,,,,,,,,,,,,,,,,,,,,,,2025-04-24 13:22:12,Signal Acquired,15.393892,73.91439,-0.64,1.22,9.89,-0.01,0.1,0.01,NO
,,,,,,,,,,,,,,,,,,,,,,,,,,,,,,,,,,,,,,,,,,,,,,,,,,,,,,,,,,,,,,,,,,,,,,,,,,,,,,,,,,,,,,,,,,,,,,,,,,,,,,,,,2025-04-24 13:22:12,Signal Acquired,15.393892,73.91439,0.19,0.94,8.92,-0.05,0.18,0.01,DETECTED
,,,,,,,,,,,,,,,,,,,,,,,,,,,,,,,,,,,,,,,,,,,,,,,,,,,,,,,,,,,,,,,,,,,,,,,,,,,,,,,,,,,,,,,,,,,,,,,,,,,,,,,,,2025-04-24 13:22:13,Signal Acquired,15.393967,73.914332,-1.61,0.01,9.84,-0.05,0.12,-0.01,NO
,,,,,,,,,,,,,,,,,,,,,,,,,,,,,,,,,,,,,,,,,,,,,,,,,,,,,,,,,,,,,,,,,,,,,,,,,,,,,,,,,,,,,,,,,,,,,,,,,,,,,,,,,2025-04-24 13:22:15,Signal Acquired,15.393967,73.914332,2.31,1.04,8.5,0.02,-0.0,0.01,DETECTED
,,,,,,,,,,,,,,,,,,,,,,,,,,,,,,,,,,,,,,,,,,,,,,,,,,,,,,,,,,,,,,,,,,,,,,,,,,,,,,,,,,,,,,,,,,,,,,,,,,,,,,,,,2025-04-24 13:22:15,Signal Acquired,15.394031,73.914274,-1.09,0.76,9.44,0.0,-0.07,0.02,NO
,,,,,,,,,,,,,,,,,,,,,,,,,,,,,,,,,,,,,,,,,,,,,,,,,,,,,,,,,,,,,,,,,,,,,,,,,,,,,,,,,,,,,,,,,,,,,,,,,,,,,,,,,2025-04-24 13:22:15,Signal Acquired,15.394031,73.914274,0.63,0.51,9.82,-0.03,0.0,0.01,NO
,,,,,,,,,,,,,,,,,,,,,,,,,,,,,,,,,,,,,,,,,,,,,,,,,,,,,,,,,,,,,,,,,,,,,,,,,,,,,,,,,,,,,,,,,,,,,,,,,,,,,,,,,2025-04-24 13:22:17,Signal Acquired,15.394096,73.914206,-0.39,0.86,8.72,-0.04,0.02,-0.0,NO
,,,,,,,,,,,,,,,,,,,,,,,,,,,,,,,,,,,,,,,,,,,,,,,,,,,,,,,,,,,,,,,,,,,,,,,,,,,,,,,,,,,,,,,,,,,,,,,,,,,,,,,,,2025-04-24 13:22:17,Signal Acquired,15.394096,73.914206,-0.48,0.23,9.67,-0.03,0.03,0.01,NO
,,,,,,,,,,,,,,,,,,,,,,,,,,,,,,,,,,,,,,,,,,,,,,,,,,,,,,,,,,,,,,,,,,,,,,,,,,,,,,,,,,,,,,,,,,,,,,,,,,,,,,,,,2025-04-24 13:22:17,Signal Acquired,15.394169,73.914169,4.44,1.33,8.78,-0.05,0.11,-0.02,NO
,,,,,,,,,,,,,,,,,,,,,,,,,,,,,,,,,,,,,,,,,,,,,,,,,,,,,,,,,,,,,,,,,,,,,,,,,,,,,,,,,,,,,,,,,,,,,,,,,,,,,,,,,2025-04-24 13:22:19,Signal Acquired,15.394169,73.914169,2.34,0.61,8.74,0.01,0.02,-0.0,DETECTED
,,,,,,,,,,,,,,,,,,,,,,,,,,,,,,,,,,,,,,,,,,,,,,,,,,,,,,,,,,,,,,,,,,,,,,,,,,,,,,,,,,,,,,,,,,,,,,,,,,,,,,,,,2025-04-24 13:22:19,Signal Acquired,15.394238,73.914101,-1.06,-0.12,9.45,-0.06,0.18,-0.01,DETECTED
,,,,,,,,,,,,,,,,,,,,,,,,,,,,,,,,,,,,,,,,,,,,,,,,,,,,,,,,,,,,,,,,,,,,,,,,,,,,,,,,,,,,,,,,,,,,,,,,,,,,,,,,,2025-04-24 13:22:19,Signal Acquired,15.394238,73.914101,-2.01,1.48,9.8,-0.02,0.05,-0.01,NO
,,,,,,,,,,,,,,,,,,,,,,,,,,,,,,,,,,,,,,,,,,,,,,,,,,,,,,,,,,,,,,,,,,,,,,,,,,,,,,,,,,,,,,,,,,,,,,,,,,,,,,,,,2025-04-24 13:22:21,Signal Acquired,15.394314,73.91405,1.67,0.41,9.7,0.01,-0.02,-0.0,NO
,,,,,,,,,,,,,,,,,,,,,,,,,,,,,,,,,,,,,,,,,,,,,,,,,,,,,,,,,,,,,,,,,,,,,,,,,,,,,,,,,,,,,,,,,,,,,,,,,,,,,,,,,2025-04-24 13:22:21,Signal Acquired,15.394314,73.91405,1.45,1.0,8.52,0.0,-0.06,-0.01,NO
,,,,,,,,,,,,,,,,,,,,,,,,,,,,,,,,,,,,,,,,,,,,,,,,,,,,,,,,,,,,,,,,,,,,,,,,,,,,,,,,,,,,,,,,,,,,,,,,,,,,,,,,,2025-04-24 13:22:21,Signal Acquired,15.394387,73.913992,0.81,0.31,9.79,0.0,0.03,0.01,NO
,,,,,,,,,,,,,,,,,,,,,,,,,,,,,,,,,,,,,,,,,,,,,,,,,,,,,,,,,,,,,,,,,,,,,,,,,,,,,,,,,,,,,,,,,,,,,,,,,,,,,,,,,2025-04-24 13:22:24,Signal Acquired,15.394387,73.913992,0.73,0.09,9.1,-0.03,-0.07,0.0,NO
,,,,,,,,,,,,,,,,,,,,,,,,,,,,,,,,,,,,,,,,,,,,,,,,,,,,,,,,,,,,,,,,,,,,,,,,,,,,,,,,,,,,,,,,,,,,,,,,,,,,,,,,,2025-04-24 13:22:24,Signal Acquired,15.394462,73.913932,-0.97,0.58,10.09,-0.05,0.03,-0.0,DETECTED
,,,,,,,,,,,,,,,,,,,,,,,,,,,,,,,,,,,,,,,,,,,,,,,,,,,,,,,,,,,,,,,,,,,,,,,,,,,,,,,,,,,,,,,,,,,,,,,,,,,,,,,,,2025-04-24 13:22:24,Signal Acquired,15.394462,73.913932,0.35,1.0,9.61,-0.06,0.1,-0.0,NO
,,,,,,,,,,,,,,,,,,,,,,,,,,,,,,,,,,,,,,,,,,,,,,,,,,,,,,,,,,,,,,,,,,,,,,,,,,,,,,,,,,,,,,,,,,,,,,,,,,,,,,,,,2025-04-24 13:22:26,Signal Acquired,15.39454,73.913884,0.6,0.18,9.62,0.03,-0.0,0.01,DETECTED
,,,,,,,,,,,,,,,,,,,,,,,,,,,,,,,,,,,,,,,,,,,,,,,,,,,,,,,,,,,,,,,,,,,,,,,,,,,,,,,,,,,,,,,,,,,,,,,,,,,,,,,,,2025-04-24 13:22:26,Signal Acquired,15.39454,73.913884,-0.31,0.41,9.15,-0.05,0.07,-0.0,NO
,,,,,,,,,,,,,,,,,,,,,,,,,,,,,,,,,,,,,,,,,,,,,,,,,,,,,,,,,,,,,,,,,,,,,,,,,,,,,,,,,,,,,,,,,,,,,,,,,,,,,,,,,2025-04-24 13:22:26,Signal Acquired,15.394615,73.913832,4.84,1.56,9.35,0.05,0.01,0.02,DETECTED
,,,,,,,,,,,,,,,,,,,,,,,,,,,,,,,,,,,,,,,,,,,,,,,,,,,,,,,,,,,,,,,,,,,,,,,,,,,,,,,,,,,,,,,,,,,,,,,,,,,,,,,,,2025-04-24 13:22:28,Signal Acquired,15.394615,73.913832,-0.65,0.38,9.78,0.0,-0.03,0.01,NO
,,,,,,,,,,,,,,,,,,,,,,,,,,,,,,,,,,,,,,,,,,,,,,,,,,,,,,,,,,,,,,,,,,,,,,,,,,,,,,,,,,,,,,,,,,,,,,,,,,,,,,,,,2025-04-24 13:22:28,Signal Acquired,15.394679,73.913726,-0.28,0.82,9.68,-0.02,0.01,0.0,NO
,,,,,,,,,,,,,,,,,,,,,,,,,,,,,,,,,,,,,,,,,,,,,,,,,,,,,,,,,,,,,,,,,,,,,,,,,,,,,,,,,,,,,,,,,,,,,,,,,,,,,,,,,2025-04-24 13:22:28,Signal Acquired,15.394679,73.913726,-0.31,0.94,9.61,-0.02,0.1,-0.01,DETECTED
,,,,,,,,,,,,,,,,,,,,,,,,,,,,,,,,,,,,,,,,,,,,,,,,,,,,,,,,,,,,,,,,,,,,,,,,,,,,,,,,,,,,,,,,,,,,,,,,,,,,,,,,,2025-04-24 13:22:30,Signal Acquired,15.394746,73.913628,-2.02,1.49,9.12,-0.02,0.1,0.0,DETECTED
,,,,,,,,,,,,,,,,,,,,,,,,,,,,,,,,,,,,,,,,,,,,,,,,,,,,,,,,,,,,,,,,,,,,,,,,,,,,,,,,,,,,,,,,,,,,,,,,,,,,,,,,,2025-04-24 13:22:30,Signal Acquired,15.394746,73.913628,4.51,1.24,8.08,0.02,-0.13,0.02,DETECTED
,,,,,,,,,,,,,,,,,,,,,,,,,,,,,,,,,,,,,,,,,,,,,,,,,,,,,,,,,,,,,,,,,,,,,,,,,,,,,,,,,,,,,,,,,,,,,,,,,,,,,,,,,2025-04-24 13:22:30,Signal Acquired,15.394815,73.91354,0.72,0.8,10.37,-0.06,0.09,-0.0,DETECTED
,,,,,,,,,,,,,,,,,,,,,,,,,,,,,,,,,,,,,,,,,,,,,,,,,,,,,,,,,,,,,,,,,,,,,,,,,,,,,,,,,,,,,,,,,,,,,,,,,,,,,,,,,2025-04-24 13:22:33,Signal Acquired,15.394815,73.91354,-0.19,0.61,8.79,-0.04,0.07,0.01,DETECTED
,,,,,,,,,,,,,,,,,,,,,,,,,,,,,,,,,,,,,,,,,,,,,,,,,,,,,,,,,,,,,,,,,,,,,,,,,,,,,,,,,,,,,,,,,,,,,,,,,,,,,,,,,2025-04-24 13:22:33,Signal Acquired,15.394885,73.913463,-3.64,0.98,10.47,-0.03,0.13,-0.02,DETECTED
,,,,,,,,,,,,,,,,,,,,,,,,,,,,,,,,,,,,,,,,,,,,,,,,,,,,,,,,,,,,,,,,,,,,,,,,,,,,,,,,,,,,,,,,,,,,,,,,,,,,,,,,,2025-04-24 13:22:33,Signal Acquired,15.394885,73.913463,-0.95,0.94,8.54,0.01,-0.01,-0.0,NO
,,,,,,,,,,,,,,,,,,,,,,,,,,,,,,,,,,,,,,,,,,,,,,,,,,,,,,,,,,,,,,,,,,,,,,,,,,,,,,,,,,,,,,,,,,,,,,,,,,,,,,,,,2025-04-24 13:22:35,Signal Acquired,15.394956,73.913385,-3.29,1.36,8.75,-0.05,0.16,0.01,DETECTED
,,,,,,,,,,,,,,,,,,,,,,,,,,,,,,,,,,,,,,,,,,,,,,,,,,,,,,,,,,,,,,,,,,,,,,,,,,,,,,,,,,,,,,,,,,,,,,,,,,,,,,,,,2025-04-24 13:22:35,Signal Acquired,15.394956,73.913385,0.96,-0.34,8.25,-0.03,-0.05,-0.01,DETECTED
,,,,,,,,,,,,,,,,,,,,,,,,,,,,,,,,,,,,,,,,,,,,,,,,,,,,,,,,,,,,,,,,,,,,,,,,,,,,,,,,,,,,,,,,,,,,,,,,,,,,,,,,,2025-04-24 13:22:35,Signal Acquired,15.395026,73.913307,1.23,1.18,9.08,0.0,-0.0,-0.0,DETECTED
,,,,,,,,,,,,,,,,,,,,,,,,,,,,,,,,,,,,,,,,,,,,,,,,,,,,,,,,,,,,,,,,,,,,,,,,,,,,,,,,,,,,,,,,,,,,,,,,,,,,,,,,,2025-04-24 13:22:37,Signal Acquired,15.395026,73.913307,-0.1,0.62,9.09,-0.03,0.07,-0.0,DETECTED
,,,,,,,,,,,,,,,,,,,,,,,,,,,,,,,,,,,,,,,,,,,,,,,,,,,,,,,,,,,,,,,,,,,,,,,,,,,,,,,,,,,,,,,,,,,,,,,,,,,,,,,,,2025-04-24 13:22:37,Signal Acquired,15.395099,73.913239,0.15,1.57,8.99,0.0,-0.08,-0.01,DETECTED
,,,,,,,,,,,,,,,,,,,,,,,,,,,,,,,,,,,,,,,,,,,,,,,,,,,,,,,,,,,,,,,,,,,,,,,,,,,,,,,,,,,,,,,,,,,,,,,,,,,,,,,,,2025-04-24 13:22:37,Signal Acquired,15.395099,73.913239,1.18,-0.33,9.29,-0.03,0.22,0.0,DETECTED
,,,,,,,,,,,,,,,,,,,,,,,,,,,,,,,,,,,,,,,,,,,,,,,,,,,,,,,,,,,,,,,,,,,,,,,,,,,,,,,,,,,,,,,,,,,,,,,,,,,,,,,,,2025-04-24 13:22:40,Signal Acquired,15.395169,73.913147,2.29,0.47,8.88,-0.03,0.04,0.0,DETECTED
,,,,,,,,,,,,,,,,,,,,,,,,,,,,,,,,,,,,,,,,,,,,,,,,,,,,,,,,,,,,,,,,,,,,,,,,,,,,,,,,,,,,,,,,,,,,,,,,,,,,,,,,,2025-04-24 13:22:40,Signal Acquired,15.395169,73.913147,-1.07,0.35,9.31,-0.02,0.0,-0.01,DETECTED
,,,,,,,,,,,,,,,,,,,,,,,,,,,,,,,,,,,,,,,,,,,,,,,,,,,,,,,,,,,,,,,,,,,,,,,,,,,,,,,,,,,,,,,,,,,,,,,,,,,,,,,,,2025-04-24 13:22:40,Signal Acquired,15.39524,73.913068,-1.89,-0.03,9.3,-0.03,-0.01,-0.0,DETECTED
,,,,,,,,,,,,,,,,,,,,,,,,,,,,,,,,,,,,,,,,,,,,,,,,,,,,,,,,,,,,,,,,,,,,,,,,,,,,,,,,,,,,,,,,,,,,,,,,,,,,,,,,,2025-04-24 13:22:42,Signal Acquired,15.39524,73.913068,3.42,0.8,8.96,-0.01,-0.11,0.01,DETECTED
,,,,,,,,,,,,,,,,,,,,,,,,,,,,,,,,,,,,,,,,,,,,,,,,,,,,,,,,,,,,,,,,,,,,,,,,,,,,,,,,,,,,,,,,,,,,,,,,,,,,,,,,,2025-04-24 13:22:42,Signal Acquired,15.39531,73.912982,0.77,0.65,9.6,-0.06,-0.01,0.03,NO
,,,,,,,,,,,,,,,,,,,,,,,,,,,,,,,,,,,,,,,,,,,,,,,,,,,,,,,,,,,,,,,,,,,,,,,,,,,,,,,,,,,,,,,,,,,,,,,,,,,,,,,,,2025-04-24 13:22:42,Signal Acquired,15.39531,73.912982,0.73,1.24,8.57,0.03,0.06,0.0,NO
,,,,,,,,,,,,,,,,,,,,,,,,,,,,,,,,,,,,,,,,,,,,,,,,,,,,,,,,,,,,,,,,,,,,,,,,,,,,,,,,,,,,,,,,,,,,,,,,,,,,,,,,,2025-04-24 13:22:44,Signal Acquired,15.395381,73.912905,-1.35,1.03,9.63,-0.01,-0.08,0.02,NO
,,,,,,,,,,,,,,,,,,,,,,,,,,,,,,,,,,,,,,,,,,,,,,,,,,,,,,,,,,,,,,,,,,,,,,,,,,,,,,,,,,,,,,,,,,,,,,,,,,,,,,,,,2025-04-24 13:22:44,Signal Acquired,15.395381,73.912905,-0.06,0.09,9.88,-0.05,0.01,-0.01,DETECTED
,,,,,,,,,,,,,,,,,,,,,,,,,,,,,,,,,,,,,,,,,,,,,,,,,,,,,,,,,,,,,,,,,,,,,,,,,,,,,,,,,,,,,,,,,,,,,,,,,,,,,,,,,2025-04-24 13:22:44,Signal Acquired,15.395454,73.912844,-1.45,1.01,9.53,-0.03,0.14,0.01,NO
,,,,,,,,,,,,,,,,,,,,,,,,,,,,,,,,,,,,,,,,,,,,,,,,,,,,,,,,,,,,,,,,,,,,,,,,,,,,,,,,,,,,,,,,,,,,,,,,,,,,,,,,,2025-04-24 13:22:46,Signal Acquired,15.395454,73.912844,1.99,-0.06,8.83,-0.03,0.06,0.0,NO
,,,,,,,,,,,,,,,,,,,,,,,,,,,,,,,,,,,,,,,,,,,,,,,,,,,,,,,,,,,,,,,,,,,,,,,,,,,,,,,,,,,,,,,,,,,,,,,,,,,,,,,,,2025-04-24 13:22:46,Signal Acquired,15.395527,73.912787,-1.87,0.89,9.78,0.02,0.04,0.0,DETECTED
,,,,,,,,,,,,,,,,,,,,,,,,,,,,,,,,,,,,,,,,,,,,,,,,,,,,,,,,,,,,,,,,,,,,,,,,,,,,,,,,,,,,,,,,,,,,,,,,,,,,,,,,,2025-04-24 13:22:46,Signal Acquired,15.395527,73.912787,-0.03,0.46,9.17,0.04,0.12,-0.0,DETECTED
,,,,,,,,,,,,,,,,,,,,,,,,,,,,,,,,,,,,,,,,,,,,,,,,,,,,,,,,,,,,,,,,,,,,,,,,,,,,,,,,,,,,,,,,,,,,,,,,,,,,,,,,,2025-04-24 13:22:49,Signal Acquired,15.395601,73.91273,-0.15,1.34,9.8,-0.02,-0.05,-0.0,DETECTED
,,,,,,,,,,,,,,,,,,,,,,,,,,,,,,,,,,,,,,,,,,,,,,,,,,,,,,,,,,,,,,,,,,,,,,,,,,,,,,,,,,,,,,,,,,,,,,,,,,,,,,,,,2025-04-24 13:22:49,Signal Acquired,15.395601,73.91273,-1.23,0.68,9.57,-0.0,-0.0,-0.0,DETECTED
,,,,,,,,,,,,,,,,,,,,,,,,,,,,,,,,,,,,,,,,,,,,,,,,,,,,,,,,,,,,,,,,,,,,,,,,,,,,,,,,,,,,,,,,,,,,,,,,,,,,,,,,,2025-04-24 13:22:49,Signal Acquired,15.395676,73.912679,-0.36,0.52,9.13,-0.02,-0.01,-0.0,DETECTED
,,,,,,,,,,,,,,,,,,,,,,,,,,,,,,,,,,,,,,,,,,,,,,,,,,,,,,,,,,,,,,,,,,,,,,,,,,,,,,,,,,,,,,,,,,,,,,,,,,,,,,,,,2025-04-24 13:22:51,Signal Acquired,15.395676,73.912679,1.55,0.6,9.3,-0.02,0.02,-0.01,NO
,,,,,,,,,,,,,,,,,,,,,,,,,,,,,,,,,,,,,,,,,,,,,,,,,,,,,,,,,,,,,,,,,,,,,,,,,,,,,,,,,,,,,,,,,,,,,,,,,,,,,,,,,2025-04-24 13:22:51,Signal Acquired,15.395749,73.912618,-0.55,0.51,8.73,-0.01,-0.09,-0.01,DETECTED
,,,,,,,,,,,,,,,,,,,,,,,,,,,,,,,,,,,,,,,,,,,,,,,,,,,,,,,,,,,,,,,,,,,,,,,,,,,,,,,,,,,,,,,,,,,,,,,,,,,,,,,,,2025-04-24 13:22:51,Signal Acquired,15.395749,73.912618,1.59,0.94,9.87,-0.01,0.08,-0.02,DETECTED
,,,,,,,,,,,,,,,,,,,,,,,,,,,,,,,,,,,,,,,,,,,,,,,,,,,,,,,,,,,,,,,,,,,,,,,,,,,,,,,,,,,,,,,,,,,,,,,,,,,,,,,,,2025-04-24 13:22:53,Signal Acquired,15.395822,73.912557,-0.04,0.77,8.86,0.01,0.04,-0.01,NO
,,,,,,,,,,,,,,,,,,,,,,,,,,,,,,,,,,,,,,,,,,,,,,,,,,,,,,,,,,,,,,,,,,,,,,,,,,,,,,,,,,,,,,,,,,,,,,,,,,,,,,,,,2025-04-24 13:22:53,Signal Acquired,15.395822,73.912557,0.64,0.75,9.0,-0.04,0.01,-0.01,NO
,,,,,,,,,,,,,,,,,,,,,,,,,,,,,,,,,,,,,,,,,,,,,,,,,,,,,,,,,,,,,,,,,,,,,,,,,,,,,,,,,,,,,,,,,,,,,,,,,,,,,,,,,2025-04-24 13:22:53,Signal Acquired,15.395894,73.912492,0.19,0.67,9.18,0.0,-0.04,-0.01,NO
,,,,,,,,,,,,,,,,,,,,,,,,,,,,,,,,,,,,,,,,,,,,,,,,,,,,,,,,,,,,,,,,,,,,,,,,,,,,,,,,,,,,,,,,,,,,,,,,,,,,,,,,,2025-04-24 13:22:55,Signal Acquired,15.395894,73.912492,-0.59,1.56,9.57,0.02,0.12,-0.0,DETECTED
,,,,,,,,,,,,,,,,,,,,,,,,,,,,,,,,,,,,,,,,,,,,,,,,,,,,,,,,,,,,,,,,,,,,,,,,,,,,,,,,,,,,,,,,,,,,,,,,,,,,,,,,,2025-04-24 13:22:55,Signal Acquired,15.395972,73.91243,-1.9,0.62,9.92,-0.05,0.1,-0.02,DETECTED
,,,,,,,,,,,,,,,,,,,,,,,,,,,,,,,,,,,,,,,,,,,,,,,,,,,,,,,,,,,,,,,,,,,,,,,,,,,,,,,,,,,,,,,,,,,,,,,,,,,,,,,,,2025-04-24 13:22:55,Signal Acquired,15.395972,73.91243,-0.25,1.69,9.09,-0.05,-0.02,-0.01,DETECTED
,,,,,,,,,,,,,,,,,,,,,,,,,,,,,,,,,,,,,,,,,,,,,,,,,,,,,,,,,,,,,,,,,,,,,,,,,,,,,,,,,,,,,,,,,,,,,,,,,,,,,,,,,2025-04-24 13:22:58,Signal Acquired,15.396046,73.912362,0.66,1.44,9.05,-0.02,0.08,-0.01,NO
,,,,,,,,,,,,,,,,,,,,,,,,,,,,,,,,,,,,,,,,,,,,,,,,,,,,,,,,,,,,,,,,,,,,,,,,,,,,,,,,,,,,,,,,,,,,,,,,,,,,,,,,,2025-04-24 13:22:58,Signal Acquired,15.396046,73.912362,0.64,0.18,8.93,-0.01,-0.02,0.02,DETECTED
,,,,,,,,,,,,,,,,,,,,,,,,,,,,,,,,,,,,,,,,,,,,,,,,,,,,,,,,,,,,,,,,,,,,,,,,,,,,,,,,,,,,,,,,,,,,,,,,,,,,,,,,,2025-04-24 13:22:58,Signal Acquired,15.396125,73.912293,2.02,1.9,8.36,-0.01,0.08,-0.01,NO
,,,,,,,,,,,,,,,,,,,,,,,,,,,,,,,,,,,,,,,,,,,,,,,,,,,,,,,,,,,,,,,,,,,,,,,,,,,,,,,,,,,,,,,,,,,,,,,,,,,,,,,,,2025-04-24 13:23:00,Signal Acquired,15.396125,73.912293,-0.38,1.81,8.93,0.02,0.04,-0.0,NO
,,,,,,,,,,,,,,,,,,,,,,,,,,,,,,,,,,,,,,,,,,,,,,,,,,,,,,,,,,,,,,,,,,,,,,,,,,,,,,,,,,,,,,,,,,,,,,,,,,,,,,,,,2025-04-24 13:23:00,Signal Acquired,15.396206,73.912216,-1.09,1.25,9.38,0.0,0.18,-0.0,DETECTED
,,,,,,,,,,,,,,,,,,,,,,,,,,,,,,,,,,,,,,,,,,,,,,,,,,,,,,,,,,,,,,,,,,,,,,,,,,,,,,,,,,,,,,,,,,,,,,,,,,,,,,,,,2025-04-24 13:23:00,Signal Acquired,15.396206,73.912216,2.96,0.99,8.86,0.03,-0.13,0.01,DETECTED
,,,,,,,,,,,,,,,,,,,,,,,,,,,,,,,,,,,,,,,,,,,,,,,,,,,,,,,,,,,,,,,,,,,,,,,,,,,,,,,,,,,,,,,,,,,,,,,,,,,,,,,,,2025-04-24 13:23:02,Signal Acquired,15.396296,73.912149,-1.09,0.66,9.89,-0.06,0.05,-0.01,NO
,,,,,,,,,,,,,,,,,,,,,,,,,,,,,,,,,,,,,,,,,,,,,,,,,,,,,,,,,,,,,,,,,,,,,,,,,,,,,,,,,,,,,,,,,,,,,,,,,,,,,,,,,2025-04-24 13:23:02,Signal Acquired,15.396296,73.912149,1.59,1.44,9.31,-0.07,0.05,-0.0,DETECTED
,,,,,,,,,,,,,,,,,,,,,,,,,,,,,,,,,,,,,,,,,,,,,,,,,,,,,,,,,,,,,,,,,,,,,,,,,,,,,,,,,,,,,,,,,,,,,,,,,,,,,,,,,2025-04-24 13:23:02,Signal Acquired,15.396384,73.912058,1.26,0.56,9.46,-0.01,-0.05,-0.0,DETECTED
,,,,,,,,,,,,,,,,,,,,,,,,,,,,,,,,,,,,,,,,,,,,,,,,,,,,,,,,,,,,,,,,,,,,,,,,,,,,,,,,,,,,,,,,,,,,,,,,,,,,,,,,,2025-04-24 13:23:04,Signal Acquired,15.396384,73.912058,-0.0,0.33,9.39,-0.0,0.08,-0.0,NO
,,,,,,,,,,,,,,,,,,,,,,,,,,,,,,,,,,,,,,,,,,,,,,,,,,,,,,,,,,,,,,,,,,,,,,,,,,,,,,,,,,,,,,,,,,,,,,,,,,,,,,,,,2025-04-24 13:23:04,Signal Acquired,15.396469,73.911954,1.13,-0.31,8.29,-0.04,0.09,-0.0,NO
,,,,,,,,,,,,,,,,,,,,,,,,,,,,,,,,,,,,,,,,,,,,,,,,,,,,,,,,,,,,,,,,,,,,,,,,,,,,,,,,,,,,,,,,,,,,,,,,,,,,,,,,,2025-04-24 13:23:04,Signal Acquired,15.396469,73.911954,-0.11,1.26,10.41,-0.09,0.01,-0.01,NO
,,,,,,,,,,,,,,,,,,,,,,,,,,,,,,,,,,,,,,,,,,,,,,,,,,,,,,,,,,,,,,,,,,,,,,,,,,,,,,,,,,,,,,,,,,,,,,,,,,,,,,,,,2025-04-24 13:23:07,Signal Acquired,15.396555,73.911839,-1.19,0.43,10.0,-0.04,0.06,-0.02,NO
,,,,,,,,,,,,,,,,,,,,,,,,,,,,,,,,,,,,,,,,,,,,,,,,,,,,,,,,,,,,,,,,,,,,,,,,,,,,,,,,,,,,,,,,,,,,,,,,,,,,,,,,,2025-04-24 13:23:07,Signal Acquired,15.396555,73.911839,0.79,1.11,9.1,-0.01,0.05,-0.02,DETECTED
,,,,,,,,,,,,,,,,,,,,,,,,,,,,,,,,,,,,,,,,,,,,,,,,,,,,,,,,,,,,,,,,,,,,,,,,,,,,,,,,,,,,,,,,,,,,,,,,,,,,,,,,,2025-04-24 13:23:07,Signal Acquired,15.396645,73.911748,-0.2,0.43,8.88,-0.01,0.05,0.01,DETECTED
,,,,,,,,,,,,,,,,,,,,,,,,,,,,,,,,,,,,,,,,,,,,,,,,,,,,,,,,,,,,,,,,,,,,,,,,,,,,,,,,,,,,,,,,,,,,,,,,,,,,,,,,,2025-04-24 13:23:09,Signal Acquired,15.396645,73.911748,1.33,0.73,8.91,-0.02,-0.01,0.01,DETECTED
,,,,,,,,,,,,,,,,,,,,,,,,,,,,,,,,,,,,,,,,,,,,,,,,,,,,,,,,,,,,,,,,,,,,,,,,,,,,,,,,,,,,,,,,,,,,,,,,,,,,,,,,,2025-04-24 13:23:09,Signal Acquired,15.396734,73.911659,0.16,0.61,9.13,-0.0,0.12,-0.0,DETECTED
,,,,,,,,,,,,,,,,,,,,,,,,,,,,,,,,,,,,,,,,,,,,,,,,,,,,,,,,,,,,,,,,,,,,,,,,,,,,,,,,,,,,,,,,,,,,,,,,,,,,,,,,,2025-04-24 13:23:09,Signal Acquired,15.396734,73.911659,1.0,0.61,9.8,0.03,-0.09,0.01,NO
,,,,,,,,,,,,,,,,,,,,,,,,,,,,,,,,,,,,,,,,,,,,,,,,,,,,,,,,,,,,,,,,,,,,,,,,,,,,,,,,,,,,,,,,,,,,,,,,,,,,,,,,,2025-04-24 13:23:11,Signal Acquired,15.396825,73.911574,3.59,1.12,9.11,0.05,0.1,-0.0,DETECTED
,,,,,,,,,,,,,,,,,,,,,,,,,,,,,,,,,,,,,,,,,,,,,,,,,,,,,,,,,,,,,,,,,,,,,,,,,,,,,,,,,,,,,,,,,,,,,,,,,,,,,,,,,2025-04-24 13:23:11,Signal Acquired,15.396825,73.911574,1.13,0.75,9.06,-0.03,-0.05,0.02,DETECTED
,,,,,,,,,,,,,,,,,,,,,,,,,,,,,,,,,,,,,,,,,,,,,,,,,,,,,,,,,,,,,,,,,,,,,,,,,,,,,,,,,,,,,,,,,,,,,,,,,,,,,,,,,2025-04-24 13:23:11,Signal Acquired,15.396914,73.911478,0.57,0.98,8.93,-0.04,0.05,-0.02,DETECTED
,,,,,,,,,,,,,,,,,,,,,,,,,,,,,,,,,,,,,,,,,,,,,,,,,,,,,,,,,,,,,,,,,,,,,,,,,,,,,,,,,,,,,,,,,,,,,,,,,,,,,,,,,2025-04-24 13:23:13,Signal Acquired,15.396914,73.911478,1.31,0.3,9.34,0.04,0.02,-0.01,NO
,,,,,,,,,,,,,,,,,,,,,,,,,,,,,,,,,,,,,,,,,,,,,,,,,,,,,,,,,,,,,,,,,,,,,,,,,,,,,,,,,,,,,,,,,,,,,,,,,,,,,,,,,2025-04-24 13:23:13,Signal Acquired,15.397006,73.911393,-0.08,0.0,8.57,0.02,0.04,-0.01,DETECTED
,,,,,,,,,,,,,,,,,,,,,,,,,,,,,,,,,,,,,,,,,,,,,,,,,,,,,,,,,,,,,,,,,,,,,,,,,,,,,,,,,,,,,,,,,,,,,,,,,,,,,,,,,2025-04-24 13:23:13,Signal Acquired,15.397006,73.911393,0.46,0.6,9.31,-0.02,-0.07,-0.02,DETECTED
,,,,,,,,,,,,,,,,,,,,,,,,,,,,,,,,,,,,,,,,,,,,,,,,,,,,,,,,,,,,,,,,,,,,,,,,,,,,,,,,,,,,,,,,,,,,,,,,,,,,,,,,,2025-04-24 13:23:16,Signal Acquired,15.397099,73.911317,0.82,1.44,9.27,-0.05,0.11,0.01,DETECTED
,,,,,,,,,,,,,,,,,,,,,,,,,,,,,,,,,,,,,,,,,,,,,,,,,,,,,,,,,,,,,,,,,,,,,,,,,,,,,,,,,,,,,,,,,,,,,,,,,,,,,,,,,2025-04-24 13:23:16,Signal Acquired,15.397099,73.911317,-1.21,2.48,9.44,-0.03,0.06,0.02,DETECTED
,,,,,,,,,,,,,,,,,,,,,,,,,,,,,,,,,,,,,,,,,,,,,,,,,,,,,,,,,,,,,,,,,,,,,,,,,,,,,,,,,,,,,,,,,,,,,,,,,,,,,,,,,2025-04-24 13:23:16,Signal Acquired,15.397192,73.911234,5.04,1.18,9.9,0.22,-0.2,0.01,DETECTED
,,,,,,,,,,,,,,,,,,,,,,,,,,,,,,,,,,,,,,,,,,,,,,,,,,,,,,,,,,,,,,,,,,,,,,,,,,,,,,,,,,,,,,,,,,,,,,,,,,,,,,,,,2025-04-24 13:23:18,Signal Acquired,15.397192,73.911234,1.73,1.06,9.09,0.04,0.01,0.02,NO
,,,,,,,,,,,,,,,,,,,,,,,,,,,,,,,,,,,,,,,,,,,,,,,,,,,,,,,,,,,,,,,,,,,,,,,,,,,,,,,,,,,,,,,,,,,,,,,,,,,,,,,,,2025-04-24 13:23:18,Signal Acquired,15.397283,73.911145,-5.11,0.68,9.73,-0.09,0.15,0.0,DETECTED
,,,,,,,,,,,,,,,,,,,,,,,,,,,,,,,,,,,,,,,,,,,,,,,,,,,,,,,,,,,,,,,,,,,,,,,,,,,,,,,,,,,,,,,,,,,,,,,,,,,,,,,,,2025-04-24 13:23:18,Signal Acquired,15.397283,73.911145,0.74,2.11,-0.29,0.47,0.03,-0.03,DETECTED
,,,,,,,,,,,,,,,,,,,,,,,,,,,,,,,,,,,,,,,,,,,,,,,,,,,,,,,,,,,,,,,,,,,,,,,,,,,,,,,,,,,,,,,,,,,,,,,,,,,,,,,,,2025-04-24 13:23:20,Signal Acquired,15.397371,73.911061,-1.37,1.15,8.36,-0.17,0.16,0.03,DETECTED
,,,,,,,,,,,,,,,,,,,,,,,,,,,,,,,,,,,,,,,,,,,,,,,,,,,,,,,,,,,,,,,,,,,,,,,,,,,,,,,,,,,,,,,,,,,,,,,,,,,,,,,,,2025-04-24 13:23:20,Signal Acquired,15.397371,73.911061,-0.38,0.44,8.58,-0.13,-0.0,0.01,NO
,,,,,,,,,,,,,,,,,,,,,,,,,,,,,,,,,,,,,,,,,,,,,,,,,,,,,,,,,,,,,,,,,,,,,,,,,,,,,,,,,,,,,,,,,,,,,,,,,,,,,,,,,2025-04-24 13:23:20,Signal Acquired,15.397462,73.910977,-2.08,1.7,10.77,-0.05,0.05,-0.02,DETECTED
,,,,,,,,,,,,,,,,,,,,,,,,,,,,,,,,,,,,,,,,,,,,,,,,,,,,,,,,,,,,,,,,,,,,,,,,,,,,,,,,,,,,,,,,,,,,,,,,,,,,,,,,,2025-04-24 13:23:22,Signal Acquired,15.397462,73.910977,1.83,0.93,9.21,-0.01,-0.07,-0.01,DETECTED
,,,,,,,,,,,,,,,,,,,,,,,,,,,,,,,,,,,,,,,,,,,,,,,,,,,,,,,,,,,,,,,,,,,,,,,,,,,,,,,,,,,,,,,,,,,,,,,,,,,,,,,,,2025-04-24 13:23:22,Signal Acquired,15.397556,73.910901,0.77,0.38,9.22,-0.08,-0.08,-0.01,NO
,,,,,,,,,,,,,,,,,,,,,,,,,,,,,,,,,,,,,,,,,,,,,,,,,,,,,,,,,,,,,,,,,,,,,,,,,,,,,,,,,,,,,,,,,,,,,,,,,,,,,,,,,2025-04-24 13:23:22,Signal Acquired,15.397556,73.910901,1.28,1.35,10.58,-0.08,0.04,-0.08,DETECTED
,,,,,,,,,,,,,,,,,,,,,,,,,,,,,,,,,,,,,,,,,,,,,,,,,,,,,,,,,,,,,,,,,,,,,,,,,,,,,,,,,,,,,,,,,,,,,,,,,,,,,,,,,2025-04-24 13:23:25,Signal Acquired,15.397654,73.910849,-1.08,2.57,11.05,0.11,-0.06,-0.01,NO
,,,,,,,,,,,,,,,,,,,,,,,,,,,,,,,,,,,,,,,,,,,,,,,,,,,,,,,,,,,,,,,,,,,,,,,,,,,,,,,,,,,,,,,,,,,,,,,,,,,,,,,,,2025-04-24 13:23:25,Signal Acquired,15.397654,73.910849,4.52,0.5,8.07,0.05,-0.07,0.01,DETECTED
,,,,,,,,,,,,,,,,,,,,,,,,,,,,,,,,,,,,,,,,,,,,,,,,,,,,,,,,,,,,,,,,,,,,,,,,,,,,,,,,,,,,,,,,,,,,,,,,,,,,,,,,,2025-04-24 13:23:25,Signal Acquired,15.397746,73.910773,4.35,2.16,8.44,-0.03,0.03,-0.02,DETECTED
,,,,,,,,,,,,,,,,,,,,,,,,,,,,,,,,,,,,,,,,,,,,,,,,,,,,,,,,,,,,,,,,,,,,,,,,,,,,,,,,,,,,,,,,,,,,,,,,,,,,,,,,,2025-04-24 13:23:27,Signal Acquired,15.397746,73.910773,-0.49,0.32,10.23,0.14,0.03,-0.01,DETECTED
,,,,,,,,,,,,,,,,,,,,,,,,,,,,,,,,,,,,,,,,,,,,,,,,,,,,,,,,,,,,,,,,,,,,,,,,,,,,,,,,,,,,,,,,,,,,,,,,,,,,,,,,,2025-04-24 13:23:27,Signal Acquired,15.397842,73.9107,5.33,0.91,10.01,0.1,-0.04,0.02,DETECTED
,,,,,,,,,,,,,,,,,,,,,,,,,,,,,,,,,,,,,,,,,,,,,,,,,,,,,,,,,,,,,,,,,,,,,,,,,,,,,,,,,,,,,,,,,,,,,,,,,,,,,,,,,2025-04-24 13:23:27,Signal Acquired,15.397842,73.9107,-1.63,1.48,9.51,-0.03,0.01,0.03,DETECTED
,,,,,,,,,,,,,,,,,,,,,,,,,,,,,,,,,,,,,,,,,,,,,,,,,,,,,,,,,,,,,,,,,,,,,,,,,,,,,,,,,,,,,,,,,,,,,,,,,,,,,,,,,2025-04-24 13:23:29,Signal Acquired,15.397941,73.910634,0.91,0.32,9.59,-0.01,-0.11,0.01,DETECTED
,,,,,,,,,,,,,,,,,,,,,,,,,,,,,,,,,,,,,,,,,,,,,,,,,,,,,,,,,,,,,,,,,,,,,,,,,,,,,,,,,,,,,,,,,,,,,,,,,,,,,,,,,2025-04-24 13:23:29,Signal Acquired,15.397941,73.910634,0.72,1.57,9.09,-0.02,0.12,-0.02,NO
,,,,,,,,,,,,,,,,,,,,,,,,,,,,,,,,,,,,,,,,,,,,,,,,,,,,,,,,,,,,,,,,,,,,,,,,,,,,,,,,,,,,,,,,,,,,,,,,,,,,,,,,,2025-04-24 13:23:29,Signal Acquired,15.398031,73.910567,0.72,0.79,8.95,-0.02,0.07,-0.02,NO
,,,,,,,,,,,,,,,,,,,,,,,,,,,,,,,,,,,,,,,,,,,,,,,,,,,,,,,,,,,,,,,,,,,,,,,,,,,,,,,,,,,,,,,,,,,,,,,,,,,,,,,,,2025-04-24 13:23:31,Signal Acquired,15.398031,73.910567,1.21,0.51,9.58,-0.05,0.06,-0.02,NO
,,,,,,,,,,,,,,,,,,,,,,,,,,,,,,,,,,,,,,,,,,,,,,,,,,,,,,,,,,,,,,,,,,,,,,,,,,,,,,,,,,,,,,,,,,,,,,,,,,,,,,,,,2025-04-24 13:23:31,Signal Acquired,15.398129,73.910466,0.99,0.83,9.42,0.04,0.01,-0.01,DETECTED
,,,,,,,,,,,,,,,,,,,,,,,,,,,,,,,,,,,,,,,,,,,,,,,,,,,,,,,,,,,,,,,,,,,,,,,,,,,,,,,,,,,,,,,,,,,,,,,,,,,,,,,,,2025-04-24 13:23:31,Signal Acquired,15.398129,73.910466,-0.22,-0.02,9.12,-0.1,0.06,-0.02,NO
,,,,,,,,,,,,,,,,,,,,,,,,,,,,,,,,,,,,,,,,,,,,,,,,,,,,,,,,,,,,,,,,,,,,,,,,,,,,,,,,,,,,,,,,,,,,,,,,,,,,,,,,,2025-04-24 13:23:33,Signal Acquired,15.398224,73.910385,1.83,0.55,8.62,0.0,-0.12,0.01,DETECTED
,,,,,,,,,,,,,,,,,,,,,,,,,,,,,,,,,,,,,,,,,,,,,,,,,,,,,,,,,,,,,,,,,,,,,,,,,,,,,,,,,,,,,,,,,,,,,,,,,,,,,,,,,2025-04-24 13:23:33,Signal Acquired,15.398224,73.910385,4.24,1.01,8.31,-0.0,0.07,-0.0,NO
,,,,,,,,,,,,,,,,,,,,,,,,,,,,,,,,,,,,,,,,,,,,,,,,,,,,,,,,,,,,,,,,,,,,,,,,,,,,,,,,,,,,,,,,,,,,,,,,,,,,,,,,,2025-04-24 13:23:33,Signal Acquired,15.398322,73.910308,-1.25,0.68,8.53,-0.01,-0.05,0.01,NO
,,,,,,,,,,,,,,,,,,,,,,,,,,,,,,,,,,,,,,,,,,,,,,,,,,,,,,,,,,,,,,,,,,,,,,,,,,,,,,,,,,,,,,,,,,,,,,,,,,,,,,,,,2025-04-24 13:23:36,Signal Acquired,15.398322,73.910308,8.46,0.58,9.95,-0.02,-0.05,0.03,DETECTED
,,,,,,,,,,,,,,,,,,,,,,,,,,,,,,,,,,,,,,,,,,,,,,,,,,,,,,,,,,,,,,,,,,,,,,,,,,,,,,,,,,,,,,,,,,,,,,,,,,,,,,,,,2025-04-24 13:23:36,Signal Acquired,15.398421,73.910241,0.66,0.5,9.3,0.01,-0.03,-0.01,NO
,,,,,,,,,,,,,,,,,,,,,,,,,,,,,,,,,,,,,,,,,,,,,,,,,,,,,,,,,,,,,,,,,,,,,,,,,,,,,,,,,,,,,,,,,,,,,,,,,,,,,,,,,2025-04-24 13:23:36,Signal Acquired,15.398421,73.910241,3.3,0.29,8.91,-0.02,-0.0,-0.03,NO
,,,,,,,,,,,,,,,,,,,,,,,,,,,,,,,,,,,,,,,,,,,,,,,,,,,,,,,,,,,,,,,,,,,,,,,,,,,,,,,,,,,,,,,,,,,,,,,,,,,,,,,,,2025-04-24 13:23:38,Signal Acquired,15.398525,73.910169,0.58,0.53,9.24,0.02,-0.05,0.02,NO
,,,,,,,,,,,,,,,,,,,,,,,,,,,,,,,,,,,,,,,,,,,,,,,,,,,,,,,,,,,,,,,,,,,,,,,,,,,,,,,,,,,,,,,,,,,,,,,,,,,,,,,,,2025-04-24 13:23:38,Signal Acquired,15.398525,73.910169,-0.29,0.17,9.19,-0.02,0.05,-0.01,DETECTED
,,,,,,,,,,,,,,,,,,,,,,,,,,,,,,,,,,,,,,,,,,,,,,,,,,,,,,,,,,,,,,,,,,,,,,,,,,,,,,,,,,,,,,,,,,,,,,,,,,,,,,,,,2025-04-24 13:23:38,Signal Acquired,15.398626,73.9101,0.91,0.58,8.55,-0.05,0.03,-0.02,DETECTED
,,,,,,,,,,,,,,,,,,,,,,,,,,,,,,,,,,,,,,,,,,,,,,,,,,,,,,,,,,,,,,,,,,,,,,,,,,,,,,,,,,,,,,,,,,,,,,,,,,,,,,,,,2025-04-24 13:23:40,Signal Acquired,15.398626,73.9101,1.61,-0.02,9.67,-0.09,0.03,-0.02,NO
,,,,,,,,,,,,,,,,,,,,,,,,,,,,,,,,,,,,,,,,,,,,,,,,,,,,,,,,,,,,,,,,,,,,,,,,,,,,,,,,,,,,,,,,,,,,,,,,,,,,,,,,,2025-04-24 13:23:40,Signal Acquired,15.398729,73.910023,2.25,0.95,9.39,0.04,0.03,0.02,DETECTED
,,,,,,,,,,,,,,,,,,,,,,,,,,,,,,,,,,,,,,,,,,,,,,,,,,,,,,,,,,,,,,,,,,,,,,,,,,,,,,,,,,,,,,,,,,,,,,,,,,,,,,,,,2025-04-24 13:23:40,Signal Acquired,15.398729,73.910023,-1.36,0.41,9.05,-0.06,-0.01,0.01,NO
,,,,,,,,,,,,,,,,,,,,,,,,,,,,,,,,,,,,,,,,,,,,,,,,,,,,,,,,,,,,,,,,,,,,,,,,,,,,,,,,,,,,,,,,,,,,,,,,,,,,,,,,,2025-04-24 13:23:42,Signal Acquired,15.398832,73.909976,-0.59,1.29,9.19,0.0,0.05,0.01,DETECTED
,,,,,,,,,,,,,,,,,,,,,,,,,,,,,,,,,,,,,,,,,,,,,,,,,,,,,,,,,,,,,,,,,,,,,,,,,,,,,,,,,,,,,,,,,,,,,,,,,,,,,,,,,2025-04-24 13:23:42,Signal Acquired,15.398832,73.909976,0.62,0.44,9.69,0.02,0.02,0.01,NO
,,,,,,,,,,,,,,,,,,,,,,,,,,,,,,,,,,,,,,,,,,,,,,,,,,,,,,,,,,,,,,,,,,,,,,,,,,,,,,,,,,,,,,,,,,,,,,,,,,,,,,,,,2025-04-24 13:23:42,Signal Acquired,15.398937,73.909905,1.12,0.43,9.36,-0.0,0.02,0.01,NO
,,,,,,,,,,,,,,,,,,,,,,,,,,,,,,,,,,,,,,,,,,,,,,,,,,,,,,,,,,,,,,,,,,,,,,,,,,,,,,,,,,,,,,,,,,,,,,,,,,,,,,,,,2025-04-24 13:23:45,Signal Acquired,15.398937,73.909905,-2.27,1.14,9.51,-0.01,-0.01,0.02,DETECTED
,,,,,,,,,,,,,,,,,,,,,,,,,,,,,,,,,,,,,,,,,,,,,,,,,,,,,,,,,,,,,,,,,,,,,,,,,,,,,,,,,,,,,,,,,,,,,,,,,,,,,,,,,2025-04-24 13:23:45,Signal Acquired,15.399071,73.909833,-0.38,-0.16,9.88,0.07,0.01,-0.02,DETECTED
,,,,,,,,,,,,,,,,,,,,,,,,,,,,,,,,,,,,,,,,,,,,,,,,,,,,,,,,,,,,,,,,,,,,,,,,,,,,,,,,,,,,,,,,,,,,,,,,,,,,,,,,,2025-04-24 13:23:45,Signal Acquired,15.399071,73.909833,1.92,0.84,8.88,-0.03,-0.05,-0.09,NO
,,,,,,,,,,,,,,,,,,,,,,,,,,,,,,,,,,,,,,,,,,,,,,,,,,,,,,,,,,,,,,,,,,,,,,,,,,,,,,,,,,,,,,,,,,,,,,,,,,,,,,,,,2025-04-24 13:23:47,Signal Acquired,15.399178,73.909767,0.24,-0.33,9.17,-0.01,-0.05,0.04,NO
,,,,,,,,,,,,,,,,,,,,,,,,,,,,,,,,,,,,,,,,,,,,,,,,,,,,,,,,,,,,,,,,,,,,,,,,,,,,,,,,,,,,,,,,,,,,,,,,,,,,,,,,,2025-04-24 13:23:47,Signal Acquired,15.399178,73.909767,0.06,0.23,7.27,-0.16,-0.18,0.04,DETECTED
,,,,,,,,,,,,,,,,,,,,,,,,,,,,,,,,,,,,,,,,,,,,,,,,,,,,,,,,,,,,,,,,,,,,,,,,,,,,,,,,,,,,,,,,,,,,,,,,,,,,,,,,,2025-04-24 13:23:47,Signal Acquired,15.399278,73.909704,1.09,0.72,9.2,0.03,0.09,0.02,DETECTED
,,,,,,,,,,,,,,,,,,,,,,,,,,,,,,,,,,,,,,,,,,,,,,,,,,,,,,,,,,,,,,,,,,,,,,,,,,,,,,,,,,,,,,,,,,,,,,,,,,,,,,,,,2025-04-24 13:23:49,Signal Acquired,15.399278,73.909704,-2.9,1.03,9.32,-0.05,0.17,0.03,DETECTED
,,,,,,,,,,,,,,,,,,,,,,,,,,,,,,,,,,,,,,,,,,,,,,,,,,,,,,,,,,,,,,,,,,,,,,,,,,,,,,,,,,,,,,,,,,,,,,,,,,,,,,,,,2025-04-24 13:23:49,Signal Acquired,15.399381,73.909644,1.46,0.07,8.3,-0.04,0.14,0.02,DETECTED
,,,,,,,,,,,,,,,,,,,,,,,,,,,,,,,,,,,,,,,,,,,,,,,,,,,,,,,,,,,,,,,,,,,,,,,,,,,,,,,,,,,,,,,,,,,,,,,,,,,,,,,,,2025-04-24 13:23:49,Signal Acquired,15.399381,73.909644,-0.58,1.21,9.84,-0.06,0.09,0.01,DETECTED
,,,,,,,,,,,,,,,,,,,,,,,,,,,,,,,,,,,,,,,,,,,,,,,,,,,,,,,,,,,,,,,,,,,,,,,,,,,,,,,,,,,,,,,,,,,,,,,,,,,,,,,,,2025-04-24 13:23:51,Signal Acquired,15.399485,73.909579,2.43,0.26,8.44,-0.03,-0.13,0.01,DETECTED
,,,,,,,,,,,,,,,,,,,,,,,,,,,,,,,,,,,,,,,,,,,,,,,,,,,,,,,,,,,,,,,,,,,,,,,,,,,,,,,,,,,,,,,,,,,,,,,,,,,,,,,,,2025-04-24 13:23:51,Signal Acquired,15.399485,73.909579,-2.63,0.68,9.9,-0.12,0.0,-0.03,NO
,,,,,,,,,,,,,,,,,,,,,,,,,,,,,,,,,,,,,,,,,,,,,,,,,,,,,,,,,,,,,,,,,,,,,,,,,,,,,,,,,,,,,,,,,,,,,,,,,,,,,,,,,2025-04-24 13:23:51,Signal Acquired,15.399587,73.909515,-0.21,0.2,9.01,0.0,0.02,-0.0,DETECTED
,,,,,,,,,,,,,,,,,,,,,,,,,,,,,,,,,,,,,,,,,,,,,,,,,,,,,,,,,,,,,,,,,,,,,,,,,,,,,,,,,,,,,,,,,,,,,,,,,,,,,,,,,2025-04-24 13:23:54,Signal Acquired,15.399587,73.909515,3.28,0.85,8.57,-0.02,0.04,-0.01,NO
,,,,,,,,,,,,,,,,,,,,,,,,,,,,,,,,,,,,,,,,,,,,,,,,,,,,,,,,,,,,,,,,,,,,,,,,,,,,,,,,,,,,,,,,,,,,,,,,,,,,,,,,,2025-04-24 13:23:54,Signal Acquired,15.399688,73.909445,0.5,-0.19,10.14,0.06,0.03,0.1,DETECTED
,,,,,,,,,,,,,,,,,,,,,,,,,,,,,,,,,,,,,,,,,,,,,,,,,,,,,,,,,,,,,,,,,,,,,,,,,,,,,,,,,,,,,,,,,,,,,,,,,,,,,,,,,2025-04-24 13:23:54,Signal Acquired,15.399688,73.909445,-0.37,0.06,8.73,-0.0,0.08,-0.01,NO
,,,,,,,,,,,,,,,,,,,,,,,,,,,,,,,,,,,,,,,,,,,,,,,,,,,,,,,,,,,,,,,,,,,,,,,,,,,,,,,,,,,,,,,,,,,,,,,,,,,,,,,,,2025-04-24 13:23:56,Signal Acquired,15.399792,73.909396,1.98,-0.35,8.6,-0.02,0.12,-0.01,NO
,,,,,,,,,,,,,,,,,,,,,,,,,,,,,,,,,,,,,,,,,,,,,,,,,,,,,,,,,,,,,,,,,,,,,,,,,,,,,,,,,,,,,,,,,,,,,,,,,,,,,,,,,2025-04-24 13:23:56,Signal Acquired,15.399792,73.909396,-1.23,-0.46,7.6,-0.05,0.09,-0.02,NO
,,,,,,,,,,,,,,,,,,,,,,,,,,,,,,,,,,,,,,,,,,,,,,,,,,,,,,,,,,,,,,,,,,,,,,,,,,,,,,,,,,,,,,,,,,,,,,,,,,,,,,,,,2025-04-24 13:23:56,Signal Acquired,15.399897,73.909339,3.01,-0.75,8.7,-0.0,-0.03,0.01,NO
,,,,,,,,,,,,,,,,,,,,,,,,,,,,,,,,,,,,,,,,,,,,,,,,,,,,,,,,,,,,,,,,,,,,,,,,,,,,,,,,,,,,,,,,,,,,,,,,,,,,,,,,,2025-04-24 13:23:58,Signal Acquired,15.399897,73.909339,0.94,0.41,8.43,-0.04,0.08,-0.01,NO
,,,,,,,,,,,,,,,,,,,,,,,,,,,,,,,,,,,,,,,,,,,,,,,,,,,,,,,,,,,,,,,,,,,,,,,,,,,,,,,,,,,,,,,,,,,,,,,,,,,,,,,,,2025-04-24 13:23:58,Signal Acquired,15.399996,73.90926,1.08,0.37,9.74,0.04,0.04,0.01,DETECTED
,,,,,,,,,,,,,,,,,,,,,,,,,,,,,,,,,,,,,,,,,,,,,,,,,,,,,,,,,,,,,,,,,,,,,,,,,,,,,,,,,,,,,,,,,,,,,,,,,,,,,,,,,2025-04-24 13:23:58,Signal Acquired,15.399996,73.90926,0.04,0.6,8.91,-0.03,0.03,-0.0,NO
,,,,,,,,,,,,,,,,,,,,,,,,,,,,,,,,,,,,,,,,,,,,,,,,,,,,,,,,,,,,,,,,,,,,,,,,,,,,,,,,,,,,,,,,,,,,,,,,,,,,,,,,,2025-04-24 13:24:00,Signal Acquired,15.400096,73.90918,3.97,-0.05,8.27,-0.05,-0.0,-0.03,NO
,,,,,,,,,,,,,,,,,,,,,,,,,,,,,,,,,,,,,,,,,,,,,,,,,,,,,,,,,,,,,,,,,,,,,,,,,,,,,,,,,,,,,,,,,,,,,,,,,,,,,,,,,2025-04-24 13:24:00,Signal Acquired,15.400096,73.90918,0.03,0.3,9.53,-0.02,0.03,-0.01,DETECTED
,,,,,,,,,,,,,,,,,,,,,,,,,,,,,,,,,,,,,,,,,,,,,,,,,,,,,,,,,,,,,,,,,,,,,,,,,,,,,,,,,,,,,,,,,,,,,,,,,,,,,,,,,2025-04-24 13:24:00,Signal Acquired,15.400199,73.909116,-0.15,-0.16,8.95,0.01,0.0,0.0,NO
,,,,,,,,,,,,,,,,,,,,,,,,,,,,,,,,,,,,,,,,,,,,,,,,,,,,,,,,,,,,,,,,,,,,,,,,,,,,,,,,,,,,,,,,,,,,,,,,,,,,,,,,,2025-04-24 13:24:03,Signal Acquired,15.400199,73.909116,2.04,1.01,9.7,0.02,-0.08,0.03,NO
,,,,,,,,,,,,,,,,,,,,,,,,,,,,,,,,,,,,,,,,,,,,,,,,,,,,,,,,,,,,,,,,,,,,,,,,,,,,,,,,,,,,,,,,,,,,,,,,,,,,,,,,,2025-04-24 13:24:03,Signal Acquired,15.400302,73.909049,3.44,-0.56,8.91,-0.05,-0.06,-0.03,DETECTED
,,,,,,,,,,,,,,,,,,,,,,,,,,,,,,,,,,,,,,,,,,,,,,,,,,,,,,,,,,,,,,,,,,,,,,,,,,,,,,,,,,,,,,,,,,,,,,,,,,,,,,,,,2025-04-24 13:24:03,Signal Acquired,15.400302,73.909049,-0.84,0.4,9.58,-0.0,0.14,-0.01,NO
,,,,,,,,,,,,,,,,,,,,,,,,,,,,,,,,,,,,,,,,,,,,,,,,,,,,,,,,,,,,,,,,,,,,,,,,,,,,,,,,,,,,,,,,,,,,,,,,,,,,,,,,,2025-04-24 13:24:05,Signal Acquired,15.400406,73.908992,4.6,0.07,8.25,-0.01,-0.04,-0.01,DETECTED
,,,,,,,,,,,,,,,,,,,,,,,,,,,,,,,,,,,,,,,,,,,,,,,,,,,,,,,,,,,,,,,,,,,,,,,,,,,,,,,,,,,,,,,,,,,,,,,,,,,,,,,,,2025-04-24 13:24:05,Signal Acquired,15.400406,73.908992,-0.23,0.23,9.68,-0.03,0.05,-0.01,DETECTED
,,,,,,,,,,,,,,,,,,,,,,,,,,,,,,,,,,,,,,,,,,,,,,,,,,,,,,,,,,,,,,,,,,,,,,,,,,,,,,,,,,,,,,,,,,,,,,,,,,,,,,,,,2025-04-24 13:24:05,Signal Acquired,15.400508,73.908927,1.24,-0.28,8.6,-0.0,-0.13,0.01,DETECTED
,,,,,,,,,,,,,,,,,,,,,,,,,,,,,,,,,,,,,,,,,,,,,,,,,,,,,,,,,,,,,,,,,,,,,,,,,,,,,,,,,,,,,,,,,,,,,,,,,,,,,,,,,2025-04-24 13:24:07,Signal Acquired,15.400508,73.908927,1.27,0.15,9.2,-0.04,-0.02,-0.03,DETECTED
,,,,,,,,,,,,,,,,,,,,,,,,,,,,,,,,,,,,,,,,,,,,,,,,,,,,,,,,,,,,,,,,,,,,,,,,,,,,,,,,,,,,,,,,,,,,,,,,,,,,,,,,,2025-04-24 13:24:07,Signal Acquired,15.400612,73.908861,-0.03,1.77,9.12,-0.02,0.14,-0.04,NO
,,,,,,,,,,,,,,,,,,,,,,,,,,,,,,,,,,,,,,,,,,,,,,,,,,,,,,,,,,,,,,,,,,,,,,,,,,,,,,,,,,,,,,,,,,,,,,,,,,,,,,,,,2025-04-24 13:24:07,Signal Acquired,15.400612,73.908861,3.26,0.72,9.73,0.01,-0.03,0.01,NO
,,,,,,,,,,,,,,,,,,,,,,,,,,,,,,,,,,,,,,,,,,,,,,,,,,,,,,,,,,,,,,,,,,,,,,,,,,,,,,,,,,,,,,,,,,,,,,,,,,,,,,,,,2025-04-24 13:24:09,Signal Acquired,15.400716,73.908793,1.15,1.43,8.6,0.01,0.02,0.01,DETECTED
,,,,,,,,,,,,,,,,,,,,,,,,,,,,,,,,,,,,,,,,,,,,,,,,,,,,,,,,,,,,,,,,,,,,,,,,,,,,,,,,,,,,,,,,,,,,,,,,,,,,,,,,,2025-04-24 13:24:09,Signal Acquired,15.400716,73.908793,1.53,0.05,9.6,-0.05,0.06,-0.03,NO
,,,,,,,,,,,,,,,,,,,,,,,,,,,,,,,,,,,,,,,,,,,,,,,,,,,,,,,,,,,,,,,,,,,,,,,,,,,,,,,,,,,,,,,,,,,,,,,,,,,,,,,,,2025-04-24 13:24:09,Signal Acquired,15.400823,73.908736,4.63,1.17,8.38,0.08,-0.04,0.0,NO
,,,,,,,,,,,,,,,,,,,,,,,,,,,,,,,,,,,,,,,,,,,,,,,,,,,,,,,,,,,,,,,,,,,,,,,,,,,,,,,,,,,,,,,,,,,,,,,,,,,,,,,,,2025-04-24 13:24:12,Signal Acquired,15.400823,73.908736,-1.36,0.47,9.5,-0.0,-0.04,-0.02,DETECTED
,,,,,,,,,,,,,,,,,,,,,,,,,,,,,,,,,,,,,,,,,,,,,,,,,,,,,,,,,,,,,,,,,,,,,,,,,,,,,,,,,,,,,,,,,,,,,,,,,,,,,,,,,2025-04-24 13:24:12,Signal Acquired,15.400928,73.908669,0.7,0.23,9.65,0.05,0.02,-0.02,NO
,,,,,,,,,,,,,,,,,,,,,,,,,,,,,,,,,,,,,,,,,,,,,,,,,,,,,,,,,,,,,,,,,,,,,,,,,,,,,,,,,,,,,,,,,,,,,,,,,,,,,,,,,2025-04-24 13:24:12,Signal Acquired,15.400928,73.908669,-1.07,0.41,10.21,-0.08,0.1,-0.06,DETECTED
,,,,,,,,,,,,,,,,,,,,,,,,,,,,,,,,,,,,,,,,,,,,,,,,,,,,,,,,,,,,,,,,,,,,,,,,,,,,,,,,,,,,,,,,,,,,,,,,,,,,,,,,,2025-04-24 13:24:14,Signal Acquired,15.401038,73.90862,1.97,-0.23,9.46,-0.0,-0.06,-0.03,DETECTED
,,,,,,,,,,,,,,,,,,,,,,,,,,,,,,,,,,,,,,,,,,,,,,,,,,,,,,,,,,,,,,,,,,,,,,,,,,,,,,,,,,,,,,,,,,,,,,,,,,,,,,,,,2025-04-24 13:24:14,Signal Acquired,15.401038,73.90862,-4.07,0.26,10.03,-0.01,0.01,-0.02,DETECTED
,,,,,,,,,,,,,,,,,,,,,,,,,,,,,,,,,,,,,,,,,,,,,,,,,,,,,,,,,,,,,,,,,,,,,,,,,,,,,,,,,,,,,,,,,,,,,,,,,,,,,,,,,2025-04-24 13:24:14,Signal Acquired,15.401149,73.908564,2.18,-0.37,7.07,-0.09,0.09,-0.03,DETECTED
,,,,,,,,,,,,,,,,,,,,,,,,,,,,,,,,,,,,,,,,,,,,,,,,,,,,,,,,,,,,,,,,,,,,,,,,,,,,,,,,,,,,,,,,,,,,,,,,,,,,,,,,,2025-04-24 13:24:16,Signal Acquired,15.401149,73.908564,-1.93,-0.6,10.51,-0.04,0.02,-0.04,NO
,,,,,,,,,,,,,,,,,,,,,,,,,,,,,,,,,,,,,,,,,,,,,,,,,,,,,,,,,,,,,,,,,,,,,,,,,,,,,,,,,,,,,,,,,,,,,,,,,,,,,,,,,2025-04-24 13:24:16,Signal Acquired,15.401253,73.90854,1.7,1.13,9.5,0.03,0.09,-0.05,DETECTED
,,,,,,,,,,,,,,,,,,,,,,,,,,,,,,,,,,,,,,,,,,,,,,,,,,,,,,,,,,,,,,,,,,,,,,,,,,,,,,,,,,,,,,,,,,,,,,,,,,,,,,,,,2025-04-24 13:24:16,Signal Acquired,15.401253,73.90854,-0.28,0.31,10.26,0.06,0.12,-0.03,DETECTED
,,,,,,,,,,,,,,,,,,,,,,,,,,,,,,,,,,,,,,,,,,,,,,,,,,,,,,,,,,,,,,,,,,,,,,,,,,,,,,,,,,,,,,,,,,,,,,,,,,,,,,,,,2025-04-24 13:24:18,Signal Acquired,15.401372,73.908524,-0.2,-0.04,10.48,-0.06,0.19,-0.05,NO
,,,,,,,,,,,,,,,,,,,,,,,,,,,,,,,,,,,,,,,,,,,,,,,,,,,,,,,,,,,,,,,,,,,,,,,,,,,,,,,,,,,,,,,,,,,,,,,,,,,,,,,,,2025-04-24 13:24:18,Signal Acquired,15.401372,73.908524,0.97,1.02,9.7,0.01,0.11,-0.02,DETECTED
,,,,,,,,,,,,,,,,,,,,,,,,,,,,,,,,,,,,,,,,,,,,,,,,,,,,,,,,,,,,,,,,,,,,,,,,,,,,,,,,,,,,,,,,,,,,,,,,,,,,,,,,,2025-04-24 13:24:18,Signal Acquired,15.401485,73.908478,0.28,0.69,8.37,-0.01,0.09,-0.03,DETECTED
,,,,,,,,,,,,,,,,,,,,,,,,,,,,,,,,,,,,,,,,,,,,,,,,,,,,,,,,,,,,,,,,,,,,,,,,,,,,,,,,,,,,,,,,,,,,,,,,,,,,,,,,,2025-04-24 13:24:20,Signal Acquired,15.401485,73.908478,0.13,0.97,9.42,0.01,0.08,-0.03,DETECTED
,,,,,,,,,,,,,,,,,,,,,,,,,,,,,,,,,,,,,,,,,,,,,,,,,,,,,,,,,,,,,,,,,,,,,,,,,,,,,,,,,,,,,,,,,,,,,,,,,,,,,,,,,2025-04-24 13:24:20,Signal Acquired,15.401598,73.908427,0.02,0.55,9.52,0.05,0.02,-0.01,DETECTED
,,,,,,,,,,,,,,,,,,,,,,,,,,,,,,,,,,,,,,,,,,,,,,,,,,,,,,,,,,,,,,,,,,,,,,,,,,,,,,,,,,,,,,,,,,,,,,,,,,,,,,,,,2025-04-24 13:24:21,Signal Acquired,15.401598,73.908427,0.16,0.47,8.8,-0.0,0.02,0.0,DETECTED
,,,,,,,,,,,,,,,,,,,,,,,,,,,,,,,,,,,,,,,,,,,,,,,,,,,,,,,,,,,,,,,,,,,,,,,,,,,,,,,,,,,,,,,,,,,,,,,,,,,,,,,,,2025-04-24 13:24:23,Signal Acquired,15.401713,73.908366,0.02,-3.76,1.73,-0.08,0.08,0.41,DETECTED
,,,,,,,,,,,,,,,,,,,,,,,,,,,,,,,,,,,,,,,,,,,,,,,,,,,,,,,,,,,,,,,,,,,,,,,,,,,,,,,,,,,,,,,,,,,,,,,,,,,,,,,,,2025-04-24 13:24:23,Signal Acquired,15.401713,73.908366,-3.35,2.28,12.39,-0.86,0.03,-0.18,DETECTED
,,,,,,,,,,,,,,,,,,,,,,,,,,,,,,,,,,,,,,,,,,,,,,,,,,,,,,,,,,,,,,,,,,,,,,,,,,,,,,,,,,,,,,,,,,,,,,,,,,,,,,,,,2025-04-24 13:24:23,Signal Acquired,15.401832,73.908319,1.05,0.41,9.45,0.04,-0.02,0.01,NO
,,,,,,,,,,,,,,,,,,,,,,,,,,,,,,,,,,,,,,,,,,,,,,,,,,,,,,,,,,,,,,,,,,,,,,,,,,,,,,,,,,,,,,,,,,,,,,,,,,,,,,,,,2025-04-24 13:24:25,Signal Acquired,15.401832,73.908319,-0.25,0.1,9.27,-0.01,0.0,0.01,NO
,,,,,,,,,,,,,,,,,,,,,,,,,,,,,,,,,,,,,,,,,,,,,,,,,,,,,,,,,,,,,,,,,,,,,,,,,,,,,,,,,,,,,,,,,,,,,,,,,,,,,,,,,2025-04-24 13:24:25,Signal Acquired,15.401941,73.908269,-2.11,-0.39,9.62,-0.01,0.07,0.01,DETECTED
,,,,,,,,,,,,,,,,,,,,,,,,,,,,,,,,,,,,,,,,,,,,,,,,,,,,,,,,,,,,,,,,,,,,,,,,,,,,,,,,,,,,,,,,,,,,,,,,,,,,,,,,,2025-04-24 13:24:25,Signal Acquired,15.401941,73.908269,-3.0,-0.79,10.0,-0.03,0.16,0.04,DETECTED
,,,,,,,,,,,,,,,,,,,,,,,,,,,,,,,,,,,,,,,,,,,,,,,,,,,,,,,,,,,,,,,,,,,,,,,,,,,,,,,,,,,,,,,,,,,,,,,,,,,,,,,,,2025-04-24 13:24:27,Signal Acquired,15.40206,73.908194,-1.39,-0.65,9.64,-0.02,0.07,0.06,DETECTED
,,,,,,,,,,,,,,,,,,,,,,,,,,,,,,,,,,,,,,,,,,,,,,,,,,,,,,,,,,,,,,,,,,,,,,,,,,,,,,,,,,,,,,,,,,,,,,,,,,,,,,,,,2025-04-24 13:24:27,Signal Acquired,15.40206,73.908194,-0.75,-0.65,9.46,-0.09,-0.08,-0.0,NO
,,,,,,,,,,,,,,,,,,,,,,,,,,,,,,,,,,,,,,,,,,,,,,,,,,,,,,,,,,,,,,,,,,,,,,,,,,,,,,,,,,,,,,,,,,,,,,,,,,,,,,,,,2025-04-24 13:24:27,Signal Acquired,15.40216,73.908145,-2.78,0.43,9.98,-0.05,0.12,-0.02,DETECTED
,,,,,,,,,,,,,,,,,,,,,,,,,,,,,,,,,,,,,,,,,,,,,,,,,,,,,,,,,,,,,,,,,,,,,,,,,,,,,,,,,,,,,,,,,,,,,,,,,,,,,,,,,2025-04-24 13:24:29,Signal Acquired,15.40216,73.908145,-4.49,-0.11,10.41,0.01,0.05,-0.01,DETECTED
,,,,,,,,,,,,,,,,,,,,,,,,,,,,,,,,,,,,,,,,,,,,,,,,,,,,,,,,,,,,,,,,,,,,,,,,,,,,,,,,,,,,,,,,,,,,,,,,,,,,,,,,,2025-04-24 13:24:29,Signal Acquired,15.40225,73.908092,-1.02,0.9,9.93,0.02,-0.04,-0.05,DETECTED
,,,,,,,,,,,,,,,,,,,,,,,,,,,,,,,,,,,,,,,,,,,,,,,,,,,,,,,,,,,,,,,,,,,,,,,,,,,,,,,,,,,,,,,,,,,,,,,,,,,,,,,,,2025-04-24 13:24:29,Signal Acquired,15.40225,73.908092,-2.68,0.63,8.8,-0.03,0.12,-0.14,DETECTED
,,,,,,,,,,,,,,,,,,,,,,,,,,,,,,,,,,,,,,,,,,,,,,,,,,,,,,,,,,,,,,,,,,,,,,,,,,,,,,,,,,,,,,,,,,,,,,,,,,,,,,,,,2025-04-24 13:24:32,Signal Acquired,15.402336,73.908044,2.71,0.37,10.51,-0.06,0.03,-0.2,DETECTED
,,,,,,,,,,,,,,,,,,,,,,,,,,,,,,,,,,,,,,,,,,,,,,,,,,,,,,,,,,,,,,,,,,,,,,,,,,,,,,,,,,,,,,,,,,,,,,,,,,,,,,,,,2025-04-24 13:24:32,Signal Acquired,15.402336,73.908044,-0.57,0.73,9.5,-0.05,-0.11,-0.17,DETECTED
,,,,,,,,,,,,,,,,,,,,,,,,,,,,,,,,,,,,,,,,,,,,,,,,,,,,,,,,,,,,,,,,,,,,,,,,,,,,,,,,,,,,,,,,,,,,,,,,,,,,,,,,,2025-04-24 13:24:32,Signal Acquired,15.402415,73.908013,3.17,-1.37,8.74,-0.04,0.04,-0.18,DETECTED
,,,,,,,,,,,,,,,,,,,,,,,,,,,,,,,,,,,,,,,,,,,,,,,,,,,,,,,,,,,,,,,,,,,,,,,,,,,,,,,,,,,,,,,,,,,,,,,,,,,,,,,,,2025-04-24 13:24:34,Signal Acquired,15.402415,73.908013,-0.76,0.89,10.3,-0.0,-0.08,-0.16,DETECTED
,,,,,,,,,,,,,,,,,,,,,,,,,,,,,,,,,,,,,,,,,,,,,,,,,,,,,,,,,,,,,,,,,,,,,,,,,,,,,,,,,,,,,,,,,,,,,,,,,,,,,,,,,2025-04-24 13:24:34,Signal Acquired,15.402498,73.908,0.79,0.58,8.14,-0.11,0.05,-0.09,NO
,,,,,,,,,,,,,,,,,,,,,,,,,,,,,,,,,,,,,,,,,,,,,,,,,,,,,,,,,,,,,,,,,,,,,,,,,,,,,,,,,,,,,,,,,,,,,,,,,,,,,,,,,2025-04-24 13:24:34,Signal Acquired,15.402498,73.908,0.79,0.5,9.67,0.05,-0.02,0.05,DETECTED
,,,,,,,,,,,,,,,,,,,,,,,,,,,,,,,,,,,,,,,,,,,,,,,,,,,,,,,,,,,,,,,,,,,,,,,,,,,,,,,,,,,,,,,,,,,,,,,,,,,,,,,,,2025-04-24 13:24:36,Signal Acquired,15.40259,73.907987,-4.75,1.19,10.9,0.02,-0.02,-0.0,NO
,,,,,,,,,,,,,,,,,,,,,,,,,,,,,,,,,,,,,,,,,,,,,,,,,,,,,,,,,,,,,,,,,,,,,,,,,,,,,,,,,,,,,,,,,,,,,,,,,,,,,,,,,2025-04-24 13:24:36,Signal Acquired,15.40259,73.907987,0.04,0.86,9.45,0.1,0.02,0.07,DETECTED
,,,,,,,,,,,,,,,,,,,,,,,,,,,,,,,,,,,,,,,,,,,,,,,,,,,,,,,,,,,,,,,,,,,,,,,,,,,,,,,,,,,,,,,,,,,,,,,,,,,,,,,,,2025-04-24 13:24:36,Signal Acquired,15.402681,73.907966,2.43,1.58,7.93,0.02,0.15,0.06,DETECTED
,,,,,,,,,,,,,,,,,,,,,,,,,,,,,,,,,,,,,,,,,,,,,,,,,,,,,,,,,,,,,,,,,,,,,,,,,,,,,,,,,,,,,,,,,,,,,,,,,,,,,,,,,2025-04-24 13:24:38,Signal Acquired,15.402681,73.907966,0.04,1.53,9.28,0.02,0.01,0.09,NO
,,,,,,,,,,,,,,,,,,,,,,,,,,,,,,,,,,,,,,,,,,,,,,,,,,,,,,,,,,,,,,,,,,,,,,,,,,,,,,,,,,,,,,,,,,,,,,,,,,,,,,,,,2025-04-24 13:24:38,Signal Acquired,15.402776,73.907938,-0.81,1.36,9.05,-0.06,0.06,0.1,NO
,,,,,,,,,,,,,,,,,,,,,,,,,,,,,,,,,,,,,,,,,,,,,,,,,,,,,,,,,,,,,,,,,,,,,,,,,,,,,,,,,,,,,,,,,,,,,,,,,,,,,,,,,2025-04-24 13:24:38,Signal Acquired,15.402776,73.907938,-1.59,0.24,9.8,-0.06,0.03,0.1,DETECTED
,,,,,,,,,,,,,,,,,,,,,,,,,,,,,,,,,,,,,,,,,,,,,,,,,,,,,,,,,,,,,,,,,,,,,,,,,,,,,,,,,,,,,,,,,,,,,,,,,,,,,,,,,2025-04-24 13:24:41,Signal Acquired,15.402867,73.907894,-2.51,1.21,10.07,0.04,0.07,0.04,DETECTED
,,,,,,,,,,,,,,,,,,,,,,,,,,,,,,,,,,,,,,,,,,,,,,,,,,,,,,,,,,,,,,,,,,,,,,,,,,,,,,,,,,,,,,,,,,,,,,,,,,,,,,,,,2025-04-24 13:24:41,Signal Acquired,15.402867,73.907894,0.66,0.84,9.08,0.0,0.05,-0.01,NO
,,,,,,,,,,,,,,,,,,,,,,,,,,,,,,,,,,,,,,,,,,,,,,,,,,,,,,,,,,,,,,,,,,,,,,,,,,,,,,,,,,,,,,,,,,,,,,,,,,,,,,,,,2025-04-24 13:24:41,Signal Acquired,15.402963,73.907857,1.63,0.99,9.15,-0.01,0.03,-0.01,NO
,,,,,,,,,,,,,,,,,,,,,,,,,,,,,,,,,,,,,,,,,,,,,,,,,,,,,,,,,,,,,,,,,,,,,,,,,,,,,,,,,,,,,,,,,,,,,,,,,,,,,,,,,2025-04-24 13:24:43,Signal Acquired,15.402963,73.907857,0.3,0.96,9.79,-0.03,-0.01,0.0,NO
,,,,,,,,,,,,,,,,,,,,,,,,,,,,,,,,,,,,,,,,,,,,,,,,,,,,,,,,,,,,,,,,,,,,,,,,,,,,,,,,,,,,,,,,,,,,,,,,,,,,,,,,,2025-04-24 13:24:43,Signal Acquired,15.403061,73.907824,-0.37,0.05,9.45,-0.02,0.07,0.0,DETECTED
,,,,,,,,,,,,,,,,,,,,,,,,,,,,,,,,,,,,,,,,,,,,,,,,,,,,,,,,,,,,,,,,,,,,,,,,,,,,,,,,,,,,,,,,,,,,,,,,,,,,,,,,,2025-04-24 13:24:43,Signal Acquired,15.403061,73.907824,1.59,1.01,8.83,-0.05,-0.01,-0.0,NO
,,,,,,,,,,,,,,,,,,,,,,,,,,,,,,,,,,,,,,,,,,,,,,,,,,,,,,,,,,,,,,,,,,,,,,,,,,,,,,,,,,,,,,,,,,,,,,,,,,,,,,,,,2025-04-24 13:24:45,Signal Acquired,15.40316,73.9078,-0.08,0.72,9.76,-0.04,0.03,-0.0,DETECTED
,,,,,,,,,,,,,,,,,,,,,,,,,,,,,,,,,,,,,,,,,,,,,,,,,,,,,,,,,,,,,,,,,,,,,,,,,,,,,,,,,,,,,,,,,,,,,,,,,,,,,,,,,2025-04-24 13:24:45,Signal Acquired,15.40316,73.9078,-0.51,0.76,9.9,0.05,0.06,0.01,DETECTED
,,,,,,,,,,,,,,,,,,,,,,,,,,,,,,,,,,,,,,,,,,,,,,,,,,,,,,,,,,,,,,,,,,,,,,,,,,,,,,,,,,,,,,,,,,,,,,,,,,,,,,,,,2025-04-24 13:24:45,Signal Acquired,15.403265,73.907784,-0.09,0.41,9.07,-0.01,0.1,0.01,NO
,,,,,,,,,,,,,,,,,,,,,,,,,,,,,,,,,,,,,,,,,,,,,,,,,,,,,,,,,,,,,,,,,,,,,,,,,,,,,,,,,,,,,,,,,,,,,,,,,,,,,,,,,2025-04-24 13:24:47,Signal Acquired,15.403265,73.907784,-1.71,0.86,9.3,-0.04,0.01,0.02,NO
,,,,,,,,,,,,,,,,,,,,,,,,,,,,,,,,,,,,,,,,,,,,,,,,,,,,,,,,,,,,,,,,,,,,,,,,,,,,,,,,,,,,,,,,,,,,,,,,,,,,,,,,,2025-04-24 13:24:47,Signal Acquired,15.403369,73.907746,0.49,0.04,9.53,-0.01,-0.01,0.0,DETECTED
,,,,,,,,,,,,,,,,,,,,,,,,,,,,,,,,,,,,,,,,,,,,,,,,,,,,,,,,,,,,,,,,,,,,,,,,,,,,,,,,,,,,,,,,,,,,,,,,,,,,,,,,,2025-04-24 13:24:47,Signal Acquired,15.403369,73.907746,-0.3,0.84,9.23,0.04,0.14,-0.03,NO
,,,,,,,,,,,,,,,,,,,,,,,,,,,,,,,,,,,,,,,,,,,,,,,,,,,,,,,,,,,,,,,,,,,,,,,,,,,,,,,,,,,,,,,,,,,,,,,,,,,,,,,,,2025-04-24 13:24:50,Signal Acquired,15.403471,73.907722,0.62,1.21,8.62,0.08,0.13,0.01,NO
,,,,,,,,,,,,,,,,,,,,,,,,,,,,,,,,,,,,,,,,,,,,,,,,,,,,,,,,,,,,,,,,,,,,,,,,,,,,,,,,,,,,,,,,,,,,,,,,,,,,,,,,,2025-04-24 13:24:50,Signal Acquired,15.403471,73.907722,0.74,-0.15,9.71,-0.02,-0.05,-0.01,NO
,,,,,,,,,,,,,,,,,,,,,,,,,,,,,,,,,,,,,,,,,,,,,,,,,,,,,,,,,,,,,,,,,,,,,,,,,,,,,,,,,,,,,,,,,,,,,,,,,,,,,,,,,2025-04-24 13:24:50,Signal Acquired,15.403568,73.907704,-1.58,0.13,10.35,-0.01,0.02,0.02,DETECTED
,,,,,,,,,,,,,,,,,,,,,,,,,,,,,,,,,,,,,,,,,,,,,,,,,,,,,,,,,,,,,,,,,,,,,,,,,,,,,,,,,,,,,,,,,,,,,,,,,,,,,,,,,2025-04-24 13:24:52,Signal Acquired,15.403568,73.907704,2.11,0.63,8.75,-0.06,0.03,0.03,DETECTED
,,,,,,,,,,,,,,,,,,,,,,,,,,,,,,,,,,,,,,,,,,,,,,,,,,,,,,,,,,,,,,,,,,,,,,,,,,,,,,,,,,,,,,,,,,,,,,,,,,,,,,,,,2025-04-24 13:24:52,Signal Acquired,15.403673,73.907672,0.04,0.06,8.75,-0.05,0.06,0.01,NO
,,,,,,,,,,,,,,,,,,,,,,,,,,,,,,,,,,,,,,,,,,,,,,,,,,,,,,,,,,,,,,,,,,,,,,,,,,,,,,,,,,,,,,,,,,,,,,,,,,,,,,,,,2025-04-24 13:24:52,Signal Acquired,15.403673,73.907672,1.59,-0.0,9.65,-0.02,0.01,-0.01,DETECTED
,,,,,,,,,,,,,,,,,,,,,,,,,,,,,,,,,,,,,,,,,,,,,,,,,,,,,,,,,,,,,,,,,,,,,,,,,,,,,,,,,,,,,,,,,,,,,,,,,,,,,,,,,2025-04-24 13:24:54,Signal Acquired,15.403786,73.907648,-0.32,-0.14,8.81,-0.03,0.07,-0.01,NO
,,,,,,,,,,,,,,,,,,,,,,,,,,,,,,,,,,,,,,,,,,,,,,,,,,,,,,,,,,,,,,,,,,,,,,,,,,,,,,,,,,,,,,,,,,,,,,,,,,,,,,,,,2025-04-24 13:24:54,Signal Acquired,15.403786,73.907648,2.7,-0.05,10.33,0.11,-0.15,0.01,DETECTED
,,,,,,,,,,,,,,,,,,,,,,,,,,,,,,,,,,,,,,,,,,,,,,,,,,,,,,,,,,,,,,,,,,,,,,,,,,,,,,,,,,,,,,,,,,,,,,,,,,,,,,,,,2025-04-24 13:24:54,Signal Acquired,15.403899,73.907634,-5.18,1.83,9.34,0.06,0.01,0.04,NO
,,,,,,,,,,,,,,,,,,,,,,,,,,,,,,,,,,,,,,,,,,,,,,,,,,,,,,,,,,,,,,,,,,,,,,,,,,,,,,,,,,,,,,,,,,,,,,,,,,,,,,,,,2025-04-24 13:24:56,Signal Acquired,15.403899,73.907634,5.78,0.73,9.51,0.12,-0.01,0.04,DETECTED
,,,,,,,,,,,,,,,,,,,,,,,,,,,,,,,,,,,,,,,,,,,,,,,,,,,,,,,,,,,,,,,,,,,,,,,,,,,,,,,,,,,,,,,,,,,,,,,,,,,,,,,,,2025-04-24 13:24:56,Signal Acquired,15.404007,73.90761,3.34,0.83,8.52,-0.09,0.25,0.0,DETECTED
,,,,,,,,,,,,,,,,,,,,,,,,,,,,,,,,,,,,,,,,,,,,,,,,,,,,,,,,,,,,,,,,,,,,,,,,,,,,,,,,,,,,,,,,,,,,,,,,,,,,,,,,,2025-04-24 13:24:56,Signal Acquired,15.404007,73.90761,2.05,1.55,6.68,-0.0,-0.22,-0.01,DETECTED
,,,,,,,,,,,,,,,,,,,,,,,,,,,,,,,,,,,,,,,,,,,,,,,,,,,,,,,,,,,,,,,,,,,,,,,,,,,,,,,,,,,,,,,,,,,,,,,,,,,,,,,,,2025-04-24 13:24:59,Signal Acquired,15.404119,73.907567,-4.16,0.8,8.27,-0.14,0.09,0.1,DETECTED
,,,,,,,,,,,,,,,,,,,,,,,,,,,,,,,,,,,,,,,,,,,,,,,,,,,,,,,,,,,,,,,,,,,,,,,,,,,,,,,,,,,,,,,,,,,,,,,,,,,,,,,,,2025-04-24 13:24:59,Signal Acquired,15.404119,73.907567,5.6,-0.44,9.32,0.11,-0.13,-0.03,DETECTED
,,,,,,,,,,,,,,,,,,,,,,,,,,,,,,,,,,,,,,,,,,,,,,,,,,,,,,,,,,,,,,,,,,,,,,,,,,,,,,,,,,,,,,,,,,,,,,,,,,,,,,,,,2025-04-24 13:24:59,Signal Acquired,15.404236,73.907532,0.48,-0.5,8.17,-0.17,0.22,-0.03,DETECTED
,,,,,,,,,,,,,,,,,,,,,,,,,,,,,,,,,,,,,,,,,,,,,,,,,,,,,,,,,,,,,,,,,,,,,,,,,,,,,,,,,,,,,,,,,,,,,,,,,,,,,,,,,2025-04-24 13:25:01,Signal Acquired,15.404236,73.907532,2.13,-1.43,9.87,0.02,0.04,-0.05,DETECTED
,,,,,,,,,,,,,,,,,,,,,,,,,,,,,,,,,,,,,,,,,,,,,,,,,,,,,,,,,,,,,,,,,,,,,,,,,,,,,,,,,,,,,,,,,,,,,,,,,,,,,,,,,2025-04-24 13:25:01,Signal Acquired,15.404353,73.907498,3.9,-1.09,10.53,0.09,-0.01,0.01,DETECTED
,,,,,,,,,,,,,,,,,,,,,,,,,,,,,,,,,,,,,,,,,,,,,,,,,,,,,,,,,,,,,,,,,,,,,,,,,,,,,,,,,,,,,,,,,,,,,,,,,,,,,,,,,2025-04-24 13:25:01,Signal Acquired,15.404353,73.907498,-0.71,-1.11,12.22,-0.02,-0.17,-0.02,DETECTED
,,,,,,,,,,,,,,,,,,,,,,,,,,,,,,,,,,,,,,,,,,,,,,,,,,,,,,,,,,,,,,,,,,,,,,,,,,,,,,,,,,,,,,,,,,,,,,,,,,,,,,,,,2025-04-24 13:25:03,Signal Acquired,15.404464,73.907461,2.02,2.7,9.59,0.3,-0.12,0.12,DETECTED
,,,,,,,,,,,,,,,,,,,,,,,,,,,,,,,,,,,,,,,,,,,,,,,,,,,,,,,,,,,,,,,,,,,,,,,,,,,,,,,,,,,,,,,,,,,,,,,,,,,,,,,,,2025-04-24 13:25:03,Signal Acquired,15.404464,73.907461,-7.23,0.62,12.67,-0.17,0.28,0.15,DETECTED
,,,,,,,,,,,,,,,,,,,,,,,,,,,,,,,,,,,,,,,,,,,,,,,,,,,,,,,,,,,,,,,,,,,,,,,,,,,,,,,,,,,,,,,,,,,,,,,,,,,,,,,,,2025-04-24 13:25:03,Signal Acquired,15.404564,73.907428,-4.1,-0.51,7.92,-0.14,-0.07,0.41,DETECTED
,,,,,,,,,,,,,,,,,,,,,,,,,,,,,,,,,,,,,,,,,,,,,,,,,,,,,,,,,,,,,,,,,,,,,,,,,,,,,,,,,,,,,,,,,,,,,,,,,,,,,,,,,2025-04-24 13:25:05,Signal Acquired,15.404564,73.907428,-0.83,0.17,8.67,0.02,0.03,0.16,NO
,,,,,,,,,,,,,,,,,,,,,,,,,,,,,,,,,,,,,,,,,,,,,,,,,,,,,,,,,,,,,,,,,,,,,,,,,,,,,,,,,,,,,,,,,,,,,,,,,,,,,,,,,2025-04-24 13:25:05,Signal Acquired,15.404679,73.907374,-4.55,-2.01,8.84,-0.07,-0.04,0.18,DETECTED
,,,,,,,,,,,,,,,,,,,,,,,,,,,,,,,,,,,,,,,,,,,,,,,,,,,,,,,,,,,,,,,,,,,,,,,,,,,,,,,,,,,,,,,,,,,,,,,,,,,,,,,,,2025-04-24 13:25:05,Signal Acquired,15.404679,73.907374,-2.71,-0.62,8.91,-0.04,0.06,0.18,NO
,,,,,,,,,,,,,,,,,,,,,,,,,,,,,,,,,,,,,,,,,,,,,,,,,,,,,,,,,,,,,,,,,,,,,,,,,,,,,,,,,,,,,,,,,,,,,,,,,,,,,,,,,2025-04-24 13:25:08,Signal Acquired,15.404775,73.907299,-1.34,-0.17,9.41,0.09,0.05,0.16,NO
,,,,,,,,,,,,,,,,,,,,,,,,,,,,,,,,,,,,,,,,,,,,,,,,,,,,,,,,,,,,,,,,,,,,,,,,,,,,,,,,,,,,,,,,,,,,,,,,,,,,,,,,,2025-04-24 13:25:08,Signal Acquired,15.404775,73.907299,-1.55,-0.92,11.31,0.12,-0.08,0.12,DETECTED
,,,,,,,,,,,,,,,,,,,,,,,,,,,,,,,,,,,,,,,,,,,,,,,,,,,,,,,,,,,,,,,,,,,,,,,,,,,,,,,,,,,,,,,,,,,,,,,,,,,,,,,,,2025-04-24 13:25:08,Signal Acquired,15.404879,73.907214,4.51,1.05,8.0,0.16,0.07,0.04,DETECTED
,,,,,,,,,,,,,,,,,,,,,,,,,,,,,,,,,,,,,,,,,,,,,,,,,,,,,,,,,,,,,,,,,,,,,,,,,,,,,,,,,,,,,,,,,,,,,,,,,,,,,,,,,2025-04-24 13:25:10,Signal Acquired,15.404879,73.907214,2.63,-1.34,9.19,-0.01,-0.03,-0.02,DETECTED
,,,,,,,,,,,,,,,,,,,,,,,,,,,,,,,,,,,,,,,,,,,,,,,,,,,,,,,,,,,,,,,,,,,,,,,,,,,,,,,,,,,,,,,,,,,,,,,,,,,,,,,,,2025-04-24 13:25:10,Signal Acquired,15.404952,73.907152,4.97,-2.08,8.65,-0.12,0.17,-0.07,DETECTED
,,,,,,,,,,,,,,,,,,,,,,,,,,,,,,,,,,,,,,,,,,,,,,,,,,,,,,,,,,,,,,,,,,,,,,,,,,,,,,,,,,,,,,,,,,,,,,,,,,,,,,,,,2025-04-24 13:25:10,Signal Acquired,15.404952,73.907152,3.97,0.25,6.96,-0.09,-0.3,-0.15,DETECTED
,,,,,,,,,,,,,,,,,,,,,,,,,,,,,,,,,,,,,,,,,,,,,,,,,,,,,,,,,,,,,,,,,,,,,,,,,,,,,,,,,,,,,,,,,,,,,,,,,,,,,,,,,2025-04-24 13:25:12,Signal Acquired,15.405025,73.907093,2.6,2.3,11.41,-0.01,-0.57,-0.14,DETECTED
,,,,,,,,,,,,,,,,,,,,,,,,,,,,,,,,,,,,,,,,,,,,,,,,,,,,,,,,,,,,,,,,,,,,,,,,,,,,,,,,,,,,,,,,,,,,,,,,,,,,,,,,,2025-04-24 13:25:12,Signal Acquired,15.405025,73.907093,6.09,-1.78,5.83,0.14,0.21,-0.25,DETECTED
,,,,,,,,,,,,,,,,,,,,,,,,,,,,,,,,,,,,,,,,,,,,,,,,,,,,,,,,,,,,,,,,,,,,,,,,,,,,,,,,,,,,,,,,,,,,,,,,,,,,,,,,,2025-04-24 13:25:12,Signal Acquired,15.40512,73.907021,8.46,3.34,6.64,0.1,-0.11,-0.02,DETECTED
,,,,,,,,,,,,,,,,,,,,,,,,,,,,,,,,,,,,,,,,,,,,,,,,,,,,,,,,,,,,,,,,,,,,,,,,,,,,,,,,,,,,,,,,,,,,,,,,,,,,,,,,,2025-04-24 13:25:14,Signal Acquired,15.40512,73.907021,3.26,0.76,9.16,-0.03,0.25,-0.08,DETECTED
,,,,,,,,,,,,,,,,,,,,,,,,,,,,,,,,,,,,,,,,,,,,,,,,,,,,,,,,,,,,,,,,,,,,,,,,,,,,,,,,,,,,,,,,,,,,,,,,,,,,,,,,,2025-04-24 13:25:14,Signal Acquired,15.405218,73.906947,1.99,-1.35,7.55,-0.26,0.67,0.02,DETECTED
,,,,,,,,,,,,,,,,,,,,,,,,,,,,,,,,,,,,,,,,,,,,,,,,,,,,,,,,,,,,,,,,,,,,,,,,,,,,,,,,,,,,,,,,,,,,,,,,,,,,,,,,,2025-04-24 13:25:14,Signal Acquired,15.405218,73.906947,4.13,0.51,8.24,0.02,-0.02,-0.06,DETECTED
,,,,,,,,,,,,,,,,,,,,,,,,,,,,,,,,,,,,,,,,,,,,,,,,,,,,,,,,,,,,,,,,,,,,,,,,,,,,,,,,,,,,,,,,,,,,,,,,,,,,,,,,,2025-04-24 13:25:16,Signal Acquired,15.405318,73.906892,1.52,-0.25,7.96,0.02,0.14,-0.02,NO
,,,,,,,,,,,,,,,,,,,,,,,,,,,,,,,,,,,,,,,,,,,,,,,,,,,,,,,,,,,,,,,,,,,,,,,,,,,,,,,,,,,,,,,,,,,,,,,,,,,,,,,,,2025-04-24 13:25:16,Signal Acquired,15.405318,73.906892,1.29,1.13,10.31,-0.06,-0.01,-0.01,NO
,,,,,,,,,,,,,,,,,,,,,,,,,,,,,,,,,,,,,,,,,,,,,,,,,,,,,,,,,,,,,,,,,,,,,,,,,,,,,,,,,,,,,,,,,,,,,,,,,,,,,,,,,2025-04-24 13:25:16,Signal Acquired,15.405421,73.90684,-2.4,0.2,9.0,0.02,0.31,-0.04,DETECTED
,,,,,,,,,,,,,,,,,,,,,,,,,,,,,,,,,,,,,,,,,,,,,,,,,,,,,,,,,,,,,,,,,,,,,,,,,,,,,,,,,,,,,,,,,,,,,,,,,,,,,,,,,2025-04-24 13:25:19,Signal Acquired,15.405421,73.90684,1.11,-0.24,7.9,-0.0,0.31,-0.02,DETECTED
,,,,,,,,,,,,,,,,,,,,,,,,,,,,,,,,,,,,,,,,,,,,,,,,,,,,,,,,,,,,,,,,,,,,,,,,,,,,,,,,,,,,,,,,,,,,,,,,,,,,,,,,,2025-04-24 13:25:19,Signal Acquired,15.405522,73.906788,2.01,0.67,8.33,-0.01,-0.02,-0.0,NO
,,,,,,,,,,,,,,,,,,,,,,,,,,,,,,,,,,,,,,,,,,,,,,,,,,,,,,,,,,,,,,,,,,,,,,,,,,,,,,,,,,,,,,,,,,,,,,,,,,,,,,,,,2025-04-24 13:25:19,Signal Acquired,15.405522,73.906788,0.4,0.51,7.8,-0.02,0.14,-0.01,NO
,,,,,,,,,,,,,,,,,,,,,,,,,,,,,,,,,,,,,,,,,,,,,,,,,,,,,,,,,,,,,,,,,,,,,,,,,,,,,,,,,,,,,,,,,,,,,,,,,,,,,,,,,2025-04-24 13:25:21,Signal Acquired,15.405623,73.906741,0.29,0.26,9.79,0.02,0.02,-0.01,DETECTED
,,,,,,,,,,,,,,,,,,,,,,,,,,,,,,,,,,,,,,,,,,,,,,,,,,,,,,,,,,,,,,,,,,,,,,,,,,,,,,,,,,,,,,,,,,,,,,,,,,,,,,,,,2025-04-24 13:25:21,Signal Acquired,15.405623,73.906741,0.17,-0.4,8.62,-0.05,0.03,0.02,DETECTED
,,,,,,,,,,,,,,,,,,,,,,,,,,,,,,,,,,,,,,,,,,,,,,,,,,,,,,,,,,,,,,,,,,,,,,,,,,,,,,,,,,,,,,,,,,,,,,,,,,,,,,,,,2025-04-24 13:25:21,Signal Acquired,15.405725,73.906692,2.2,0.53,9.96,-0.02,-0.12,0.02,DETECTED
,,,,,,,,,,,,,,,,,,,,,,,,,,,,,,,,,,,,,,,,,,,,,,,,,,,,,,,,,,,,,,,,,,,,,,,,,,,,,,,,,,,,,,,,,,,,,,,,,,,,,,,,,2025-04-24 13:25:23,Signal Acquired,15.405725,73.906692,4.12,0.21,9.18,-0.11,-0.46,0.05,DETECTED
,,,,,,,,,,,,,,,,,,,,,,,,,,,,,,,,,,,,,,,,,,,,,,,,,,,,,,,,,,,,,,,,,,,,,,,,,,,,,,,,,,,,,,,,,,,,,,,,,,,,,,,,,2025-04-24 13:25:23,Signal Acquired,15.405826,73.906641,1.53,-0.36,6.52,-0.03,0.04,0.01,DETECTED
,,,,,,,,,,,,,,,,,,,,,,,,,,,,,,,,,,,,,,,,,,,,,,,,,,,,,,,,,,,,,,,,,,,,,,,,,,,,,,,,,,,,,,,,,,,,,,,,,,,,,,,,,2025-04-24 13:25:23,Signal Acquired,15.405826,73.906641,2.41,-3.41,11.26,0.03,-0.04,-0.0,NO
,,,,,,,,,,,,,,,,,,,,,,,,,,,,,,,,,,,,,,,,,,,,,,,,,,,,,,,,,,,,,,,,,,,,,,,,,,,,,,,,,,,,,,,,,,,,,,,,,,,,,,,,,2025-04-24 13:25:25,Signal Acquired,15.405927,73.906597,3.2,0.9,11.41,-0.1,-0.42,0.02,DETECTED
,,,,,,,,,,,,,,,,,,,,,,,,,,,,,,,,,,,,,,,,,,,,,,,,,,,,,,,,,,,,,,,,,,,,,,,,,,,,,,,,,,,,,,,,,,,,,,,,,,,,,,,,,2025-04-24 13:25:25,Signal Acquired,15.405927,73.906597,1.82,-0.82,6.44,-0.02,0.09,0.0,NO
,,,,,,,,,,,,,,,,,,,,,,,,,,,,,,,,,,,,,,,,,,,,,,,,,,,,,,,,,,,,,,,,,,,,,,,,,,,,,,,,,,,,,,,,,,,,,,,,,,,,,,,,,2025-04-24 13:25:25,Signal Acquired,15.406028,73.906556,2.71,-0.2,6.08,-0.04,-0.14,0.02,NO
,,,,,,,,,,,,,,,,,,,,,,,,,,,,,,,,,,,,,,,,,,,,,,,,,,,,,,,,,,,,,,,,,,,,,,,,,,,,,,,,,,,,,,,,,,,,,,,,,,,,,,,,,2025-04-24 13:25:28,Signal Acquired,15.406028,73.906556,0.88,0.13,8.83,-0.14,-0.39,0.01,NO
,,,,,,,,,,,,,,,,,,,,,,,,,,,,,,,,,,,,,,,,,,,,,,,,,,,,,,,,,,,,,,,,,,,,,,,,,,,,,,,,,,,,,,,,,,,,,,,,,,,,,,,,,2025-04-24 13:25:28,Signal Acquired,15.406126,73.906506,1.16,0.35,9.67,0.01,-0.01,-0.04,DETECTED
,,,,,,,,,,,,,,,,,,,,,,,,,,,,,,,,,,,,,,,,,,,,,,,,,,,,,,,,,,,,,,,,,,,,,,,,,,,,,,,,,,,,,,,,,,,,,,,,,,,,,,,,,2025-04-24 13:25:28,Signal Acquired,15.406126,73.906506,1.45,0.23,9.28,-0.05,-0.07,-0.06,NO
,,,,,,,,,,,,,,,,,,,,,,,,,,,,,,,,,,,,,,,,,,,,,,,,,,,,,,,,,,,,,,,,,,,,,,,,,,,,,,,,,,,,,,,,,,,,,,,,,,,,,,,,,2025-04-24 13:25:30,Signal Acquired,15.406222,73.906459,0.26,-0.41,8.35,0.16,-0.05,-0.11,NO
,,,,,,,,,,,,,,,,,,,,,,,,,,,,,,,,,,,,,,,,,,,,,,,,,,,,,,,,,,,,,,,,,,,,,,,,,,,,,,,,,,,,,,,,,,,,,,,,,,,,,,,,,2025-04-24 13:25:30,Signal Acquired,15.406222,73.906459,1.48,0.01,8.97,-0.02,0.03,-0.02,DETECTED
,,,,,,,,,,,,,,,,,,,,,,,,,,,,,,,,,,,,,,,,,,,,,,,,,,,,,,,,,,,,,,,,,,,,,,,,,,,,,,,,,,,,,,,,,,,,,,,,,,,,,,,,,2025-04-24 13:25:30,Signal Acquired,15.406316,73.906416,1.96,0.1,9.02,-0.02,-0.02,-0.02,NO
,,,,,,,,,,,,,,,,,,,,,,,,,,,,,,,,,,,,,,,,,,,,,,,,,,,,,,,,,,,,,,,,,,,,,,,,,,,,,,,,,,,,,,,,,,,,,,,,,,,,,,,,,2025-04-24 13:25:32,Signal Acquired,15.406316,73.906416,-0.36,0.2,9.16,-0.05,0.06,-0.03,DETECTED
,,,,,,,,,,,,,,,,,,,,,,,,,,,,,,,,,,,,,,,,,,,,,,,,,,,,,,,,,,,,,,,,,,,,,,,,,,,,,,,,,,,,,,,,,,,,,,,,,,,,,,,,,2025-04-24 13:25:32,Signal Acquired,15.406395,73.906358,-5.04,-0.2,9.83,-0.02,0.05,0.02,DETECTED
,,,,,,,,,,,,,,,,,,,,,,,,,,,,,,,,,,,,,,,,,,,,,,,,,,,,,,,,,,,,,,,,,,,,,,,,,,,,,,,,,,,,,,,,,,,,,,,,,,,,,,,,,2025-04-24 13:25:32,Signal Acquired,15.406395,73.906358,2.81,-0.85,8.88,-0.05,-0.1,-0.01,DETECTED
,,,,,,,,,,,,,,,,,,,,,,,,,,,,,,,,,,,,,,,,,,,,,,,,,,,,,,,,,,,,,,,,,,,,,,,,,,,,,,,,,,,,,,,,,,,,,,,,,,,,,,,,,2025-04-24 13:25:34,Signal Acquired,15.406485,73.906321,-2.34,-0.3,9.49,0.01,-0.0,-0.04,DETECTED
,,,,,,,,,,,,,,,,,,,,,,,,,,,,,,,,,,,,,,,,,,,,,,,,,,,,,,,,,,,,,,,,,,,,,,,,,,,,,,,,,,,,,,,,,,,,,,,,,,,,,,,,,2025-04-24 13:25:34,Signal Acquired,15.406485,73.906321,3.29,-0.04,8.99,-0.05,0.02,-0.04,DETECTED
,,,,,,,,,,,,,,,,,,,,,,,,,,,,,,,,,,,,,,,,,,,,,,,,,,,,,,,,,,,,,,,,,,,,,,,,,,,,,,,,,,,,,,,,,,,,,,,,,,,,,,,,,2025-04-24 13:25:34,Signal Acquired,15.406569,73.906278,-1.5,-0.1,9.08,-0.04,0.07,-0.03,DETECTED
,,,,,,,,,,,,,,,,,,,,,,,,,,,,,,,,,,,,,,,,,,,,,,,,,,,,,,,,,,,,,,,,,,,,,,,,,,,,,,,,,,,,,,,,,,,,,,,,,,,,,,,,,2025-04-24 13:25:37,Signal Acquired,15.406569,73.906278,0.14,0.28,8.94,-0.02,0.11,-0.02,DETECTED
,,,,,,,,,,,,,,,,,,,,,,,,,,,,,,,,,,,,,,,,,,,,,,,,,,,,,,,,,,,,,,,,,,,,,,,,,,,,,,,,,,,,,,,,,,,,,,,,,,,,,,,,,2025-04-24 13:25:37,Signal Acquired,15.40665,73.90624,-0.68,0.43,10.13,-0.04,0.07,-0.03,DETECTED
,,,,,,,,,,,,,,,,,,,,,,,,,,,,,,,,,,,,,,,,,,,,,,,,,,,,,,,,,,,,,,,,,,,,,,,,,,,,,,,,,,,,,,,,,,,,,,,,,,,,,,,,,2025-04-24 13:25:37,Signal Acquired,15.40665,73.90624,1.0,0.9,10.72,0.0,-0.03,-0.03,NO
,,,,,,,,,,,,,,,,,,,,,,,,,,,,,,,,,,,,,,,,,,,,,,,,,,,,,,,,,,,,,,,,,,,,,,,,,,,,,,,,,,,,,,,,,,,,,,,,,,,,,,,,,2025-04-24 13:25:39,Signal Acquired,15.40673,73.906205,0.16,-0.28,8.82,-0.04,0.1,-0.02,NO
,,,,,,,,,,,,,,,,,,,,,,,,,,,,,,,,,,,,,,,,,,,,,,,,,,,,,,,,,,,,,,,,,,,,,,,,,,,,,,,,,,,,,,,,,,,,,,,,,,,,,,,,,2025-04-24 13:25:39,Signal Acquired,15.40673,73.906205,0.96,-0.47,8.82,-0.04,-0.01,-0.03,NO
,,,,,,,,,,,,,,,,,,,,,,,,,,,,,,,,,,,,,,,,,,,,,,,,,,,,,,,,,,,,,,,,,,,,,,,,,,,,,,,,,,,,,,,,,,,,,,,,,,,,,,,,,2025-04-24 13:25:39,Signal Acquired,15.406807,73.906181,0.45,-1.24,8.8,-0.03,0.02,-0.02,NO
,,,,,,,,,,,,,,,,,,,,,,,,,,,,,,,,,,,,,,,,,,,,,,,,,,,,,,,,,,,,,,,,,,,,,,,,,,,,,,,,,,,,,,,,,,,,,,,,,,,,,,,,,2025-04-24 13:25:41,Signal Acquired,15.406807,73.906181,-2.68,-0.16,9.55,0.03,0.02,-0.03,DETECTED
,,,,,,,,,,,,,,,,,,,,,,,,,,,,,,,,,,,,,,,,,,,,,,,,,,,,,,,,,,,,,,,,,,,,,,,,,,,,,,,,,,,,,,,,,,,,,,,,,,,,,,,,,2025-04-24 13:25:41,Signal Acquired,15.406874,73.906157,0.02,0.09,9.4,-0.02,0.03,-0.03,NO
,,,,,,,,,,,,,,,,,,,,,,,,,,,,,,,,,,,,,,,,,,,,,,,,,,,,,,,,,,,,,,,,,,,,,,,,,,,,,,,,,,,,,,,,,,,,,,,,,,,,,,,,,2025-04-24 13:25:41,Signal Acquired,15.406874,73.906157,1.4,-0.37,8.99,-0.03,0.0,-0.02,NO
,,,,,,,,,,,,,,,,,,,,,,,,,,,,,,,,,,,,,,,,,,,,,,,,,,,,,,,,,,,,,,,,,,,,,,,,,,,,,,,,,,,,,,,,,,,,,,,,,,,,,,,,,2025-04-24 13:25:43,Signal Acquired,15.406933,73.906135,0.06,0.34,9.16,-0.02,0.02,-0.01,NO
,,,,,,,,,,,,,,,,,,,,,,,,,,,,,,,,,,,,,,,,,,,,,,,,,,,,,,,,,,,,,,,,,,,,,,,,,,,,,,,,,,,,,,,,,,,,,,,,,,,,,,,,,2025-04-24 13:25:43,Signal Acquired,15.406933,73.906135,1.62,1.43,8.47,0.07,0.13,0.01,DETECTED
,,,,,,,,,,,,,,,,,,,,,,,,,,,,,,,,,,,,,,,,,,,,,,,,,,,,,,,,,,,,,,,,,,,,,,,,,,,,,,,,,,,,,,,,,,,,,,,,,,,,,,,,,2025-04-24 13:25:43,Signal Acquired,15.406989,73.906108,-1.45,1.47,9.67,0.0,0.14,-0.02,DETECTED
,,,,,,,,,,,,,,,,,,,,,,,,,,,,,,,,,,,,,,,,,,,,,,,,,,,,,,,,,,,,,,,,,,,,,,,,,,,,,,,,,,,,,,,,,,,,,,,,,,,,,,,,,2025-04-24 13:25:46,Signal Acquired,15.406989,73.906108,0.16,1.13,9.59,-0.03,-0.07,-0.02,NO
,,,,,,,,,,,,,,,,,,,,,,,,,,,,,,,,,,,,,,,,,,,,,,,,,,,,,,,,,,,,,,,,,,,,,,,,,,,,,,,,,,,,,,,,,,,,,,,,,,,,,,,,,2025-04-24 13:25:46,Signal Acquired,15.407046,73.906083,1.39,0.23,8.38,0.0,0.04,-0.0,DETECTED
,,,,,,,,,,,,,,,,,,,,,,,,,,,,,,,,,,,,,,,,,,,,,,,,,,,,,,,,,,,,,,,,,,,,,,,,,,,,,,,,,,,,,,,,,,,,,,,,,,,,,,,,,2025-04-24 13:25:46,Signal Acquired,15.407046,73.906083,0.55,0.91,9.67,-0.08,-0.02,-0.01,NO
,,,,,,,,,,,,,,,,,,,,,,,,,,,,,,,,,,,,,,,,,,,,,,,,,,,,,,,,,,,,,,,,,,,,,,,,,,,,,,,,,,,,,,,,,,,,,,,,,,,,,,,,,2025-04-24 13:25:48,Signal Acquired,15.407105,73.906062,-0.9,0.99,10.16,-0.07,0.01,-0.01,NO
,,,,,,,,,,,,,,,,,,,,,,,,,,,,,,,,,,,,,,,,,,,,,,,,,,,,,,,,,,,,,,,,,,,,,,,,,,,,,,,,,,,,,,,,,,,,,,,,,,,,,,,,,2025-04-24 13:25:48,Signal Acquired,15.407105,73.906062,-1.31,0.67,9.64,0.03,0.03,-0.03,NO
,,,,,,,,,,,,,,,,,,,,,,,,,,,,,,,,,,,,,,,,,,,,,,,,,,,,,,,,,,,,,,,,,,,,,,,,,,,,,,,,,,,,,,,,,,,,,,,,,,,,,,,,,2025-04-24 13:25:48,Signal Acquired,15.407166,73.906043,1.06,-0.03,8.22,-0.03,0.05,-0.02,NO
,,,,,,,,,,,,,,,,,,,,,,,,,,,,,,,,,,,,,,,,,,,,,,,,,,,,,,,,,,,,,,,,,,,,,,,,,,,,,,,,,,,,,,,,,,,,,,,,,,,,,,,,,2025-04-24 13:25:50,Signal Acquired,15.407166,73.906043,-0.55,1.33,10.4,-0.01,0.04,-0.03,NO
,,,,,,,,,,,,,,,,,,,,,,,,,,,,,,,,,,,,,,,,,,,,,,,,,,,,,,,,,,,,,,,,,,,,,,,,,,,,,,,,,,,,,,,,,,,,,,,,,,,,,,,,,2025-04-24 13:25:50,Signal Acquired,15.407228,73.906025,-7.24,0.74,10.86,-0.05,0.09,0.02,DETECTED
,,,,,,,,,,,,,,,,,,,,,,,,,,,,,,,,,,,,,,,,,,,,,,,,,,,,,,,,,,,,,,,,,,,,,,,,,,,,,,,,,,,,,,,,,,,,,,,,,,,,,,,,,2025-04-24 13:25:50,Signal Acquired,15.407228,73.906025,-3.75,-1.07,8.93,-0.07,-0.11,0.09,DETECTED
,,,,,,,,,,,,,,,,,,,,,,,,,,,,,,,,,,,,,,,,,,,,,,,,,,,,,,,,,,,,,,,,,,,,,,,,,,,,,,,,,,,,,,,,,,,,,,,,,,,,,,,,,2025-04-24 13:25:52,Signal Acquired,15.407293,73.906008,0.57,0.88,8.54,-0.02,-0.02,-0.02,NO
,,,,,,,,,,,,,,,,,,,,,,,,,,,,,,,,,,,,,,,,,,,,,,,,,,,,,,,,,,,,,,,,,,,,,,,,,,,,,,,,,,,,,,,,,,,,,,,,,,,,,,,,,2025-04-24 13:25:52,Signal Acquired,15.407293,73.906008,-0.54,1.04,10.18,-0.0,-0.05,-0.04,DETECTED
,,,,,,,,,,,,,,,,,,,,,,,,,,,,,,,,,,,,,,,,,,,,,,,,,,,,,,,,,,,,,,,,,,,,,,,,,,,,,,,,,,,,,,,,,,,,,,,,,,,,,,,,,2025-04-24 13:25:52,Signal Acquired,15.40736,73.905987,0.34,1.0,9.62,0.0,0.04,-0.03,NO
,,,,,,,,,,,,,,,,,,,,,,,,,,,,,,,,,,,,,,,,,,,,,,,,,,,,,,,,,,,,,,,,,,,,,,,,,,,,,,,,,,,,,,,,,,,,,,,,,,,,,,,,,2025-04-24 13:25:54,Signal Acquired,15.40736,73.905987,-2.06,0.54,10.26,-0.01,-0.01,-0.03,NO
,,,,,,,,,,,,,,,,,,,,,,,,,,,,,,,,,,,,,,,,,,,,,,,,,,,,,,,,,,,,,,,,,,,,,,,,,,,,,,,,,,,,,,,,,,,,,,,,,,,,,,,,,2025-04-24 13:25:54,Signal Acquired,15.407437,73.905976,-0.32,0.65,9.78,-0.04,0.04,-0.02,NO
,,,,,,,,,,,,,,,,,,,,,,,,,,,,,,,,,,,,,,,,,,,,,,,,,,,,,,,,,,,,,,,,,,,,,,,,,,,,,,,,,,,,,,,,,,,,,,,,,,,,,,,,,2025-04-24 13:25:54,Signal Acquired,15.407437,73.905976,-0.98,0.45,9.77,-0.04,0.05,-0.03,NO
,,,,,,,,,,,,,,,,,,,,,,,,,,,,,,,,,,,,,,,,,,,,,,,,,,,,,,,,,,,,,,,,,,,,,,,,,,,,,,,,,,,,,,,,,,,,,,,,,,,,,,,,,2025-04-24 13:25:57,Signal Acquired,15.407513,73.905964,2.06,-0.01,7.63,-0.02,0.11,-0.01,DETECTED
,,,,,,,,,,,,,,,,,,,,,,,,,,,,,,,,,,,,,,,,,,,,,,,,,,,,,,,,,,,,,,,,,,,,,,,,,,,,,,,,,,,,,,,,,,,,,,,,,,,,,,,,,2025-04-24 13:25:57,Signal Acquired,15.407513,73.905964,-1.71,0.36,9.78,-0.05,0.11,-0.03,NO
,,,,,,,,,,,,,,,,,,,,,,,,,,,,,,,,,,,,,,,,,,,,,,,,,,,,,,,,,,,,,,,,,,,,,,,,,,,,,,,,,,,,,,,,,,,,,,,,,,,,,,,,,2025-04-24 13:25:57,Signal Acquired,15.407592,73.905954,-0.59,0.12,9.05,-0.0,0.02,-0.01,DETECTED
,,,,,,,,,,,,,,,,,,,,,,,,,,,,,,,,,,,,,,,,,,,,,,,,,,,,,,,,,,,,,,,,,,,,,,,,,,,,,,,,,,,,,,,,,,,,,,,,,,,,,,,,,2025-04-24 13:25:59,Signal Acquired,15.407592,73.905954,-0.15,0.03,9.47,-0.01,0.05,-0.03,NO
,,,,,,,,,,,,,,,,,,,,,,,,,,,,,,,,,,,,,,,,,,,,,,,,,,,,,,,,,,,,,,,,,,,,,,,,,,,,,,,,,,,,,,,,,,,,,,,,,,,,,,,,,2025-04-24 13:25:59,Signal Acquired,15.407673,73.905944,0.5,-0.02,8.76,-0.02,0.01,-0.01,NO
,,,,,,,,,,,,,,,,,,,,,,,,,,,,,,,,,,,,,,,,,,,,,,,,,,,,,,,,,,,,,,,,,,,,,,,,,,,,,,,,,,,,,,,,,,,,,,,,,,,,,,,,,2025-04-24 13:25:59,Signal Acquired,15.407673,73.905944,-2.16,0.28,9.05,-0.06,0.03,0.01,NO
,,,,,,,,,,,,,,,,,,,,,,,,,,,,,,,,,,,,,,,,,,,,,,,,,,,,,,,,,,,,,,,,,,,,,,,,,,,,,,,,,,,,,,,,,,,,,,,,,,,,,,,,,2025-04-24 13:26:01,Signal Acquired,15.407755,73.905934,1.16,-0.02,9.1,0.0,0.05,-0.0,NO
,,,,,,,,,,,,,,,,,,,,,,,,,,,,,,,,,,,,,,,,,,,,,,,,,,,,,,,,,,,,,,,,,,,,,,,,,,,,,,,,,,,,,,,,,,,,,,,,,,,,,,,,,2025-04-24 13:26:01,Signal Acquired,15.407755,73.905934,-0.37,-0.87,9.82,-0.05,0.01,-0.0,NO
,,,,,,,,,,,,,,,,,,,,,,,,,,,,,,,,,,,,,,,,,,,,,,,,,,,,,,,,,,,,,,,,,,,,,,,,,,,,,,,,,,,,,,,,,,,,,,,,,,,,,,,,,2025-04-24 13:26:01,Signal Acquired,15.407832,73.905921,3.43,2.7,5.84,0.07,0.17,-0.34,DETECTED
,,,,,,,,,,,,,,,,,,,,,,,,,,,,,,,,,,,,,,,,,,,,,,,,,,,,,,,,,,,,,,,,,,,,,,,,,,,,,,,,,,,,,,,,,,,,,,,,,,,,,,,,,2025-04-24 13:26:04,Signal Acquired,15.407832,73.905921,-7.06,-2.78,13.71,-1.18,0.2,-0.06,DETECTED
,,,,,,,,,,,,,,,,,,,,,,,,,,,,,,,,,,,,,,,,,,,,,,,,,,,,,,,,,,,,,,,,,,,,,,,,,,,,,,,,,,,,,,,,,,,,,,,,,,,,,,,,,2025-04-24 13:26:04,Signal Acquired,15.40791,73.905912,3.58,1.47,8.49,0.18,0.36,-0.26,DETECTED
,,,,,,,,,,,,,,,,,,,,,,,,,,,,,,,,,,,,,,,,,,,,,,,,,,,,,,,,,,,,,,,,,,,,,,,,,,,,,,,,,,,,,,,,,,,,,,,,,,,,,,,,,2025-04-24 13:26:04,Signal Acquired,15.40791,73.905912,0.42,0.2,9.7,-0.07,0.14,-0.23,NO
,,,,,,,,,,,,,,,,,,,,,,,,,,,,,,,,,,,,,,,,,,,,,,,,,,,,,,,,,,,,,,,,,,,,,,,,,,,,,,,,,,,,,,,,,,,,,,,,,,,,,,,,,2025-04-24 13:26:06,Signal Acquired,15.407989,73.9059,-0.77,0.77,10.11,0.01,0.03,0.0,DETECTED
,,,,,,,,,,,,,,,,,,,,,,,,,,,,,,,,,,,,,,,,,,,,,,,,,,,,,,,,,,,,,,,,,,,,,,,,,,,,,,,,,,,,,,,,,,,,,,,,,,,,,,,,,2025-04-24 13:26:06,Signal Acquired,15.407989,73.9059,-1.75,0.9,8.98,-0.02,0.1,0.01,DETECTED
,,,,,,,,,,,,,,,,,,,,,,,,,,,,,,,,,,,,,,,,,,,,,,,,,,,,,,,,,,,,,,,,,,,,,,,,,,,,,,,,,,,,,,,,,,,,,,,,,,,,,,,,,2025-04-24 13:26:06,Signal Acquired,15.408079,73.905885,3.54,0.62,8.29,0.06,-0.18,-0.02,DETECTED
,,,,,,,,,,,,,,,,,,,,,,,,,,,,,,,,,,,,,,,,,,,,,,,,,,,,,,,,,,,,,,,,,,,,,,,,,,,,,,,,,,,,,,,,,,,,,,,,,,,,,,,,,2025-04-24 13:26:08,Signal Acquired,15.408079,73.905885,-0.99,1.05,9.09,-0.0,0.0,-0.07,DETECTED
,,,,,,,,,,,,,,,,,,,,,,,,,,,,,,,,,,,,,,,,,,,,,,,,,,,,,,,,,,,,,,,,,,,,,,,,,,,,,,,,,,,,,,,,,,,,,,,,,,,,,,,,,2025-04-24 13:26:08,Signal Acquired,15.408175,73.90587,-1.53,-2.41,9.45,-0.11,0.16,-0.28,DETECTED
,,,,,,,,,,,,,,,,,,,,,,,,,,,,,,,,,,,,,,,,,,,,,,,,,,,,,,,,,,,,,,,,,,,,,,,,,,,,,,,,,,,,,,,,,,,,,,,,,,,,,,,,,2025-04-24 13:26:08,Signal Acquired,15.408175,73.90587,0.09,1.26,10.32,0.11,0.09,-0.07,NO
,,,,,,,,,,,,,,,,,,,,,,,,,,,,,,,,,,,,,,,,,,,,,,,,,,,,,,,,,,,,,,,,,,,,,,,,,,,,,,,,,,,,,,,,,,,,,,,,,,,,,,,,,2025-04-24 13:26:10,Signal Acquired,15.408283,73.905861,0.99,0.69,8.71,-0.03,0.07,-0.05,NO
,,,,,,,,,,,,,,,,,,,,,,,,,,,,,,,,,,,,,,,,,,,,,,,,,,,,,,,,,,,,,,,,,,,,,,,,,,,,,,,,,,,,,,,,,,,,,,,,,,,,,,,,,2025-04-24 13:26:10,Signal Acquired,15.408283,73.905861,1.92,1.51,8.44,-0.09,-0.08,-0.01,NO
,,,,,,,,,,,,,,,,,,,,,,,,,,,,,,,,,,,,,,,,,,,,,,,,,,,,,,,,,,,,,,,,,,,,,,,,,,,,,,,,,,,,,,,,,,,,,,,,,,,,,,,,,2025-04-24 13:26:10,Signal Acquired,15.408398,73.905859,5.36,1.24,7.47,-0.03,-0.03,0.01,DETECTED
,,,,,,,,,,,,,,,,,,,,,,,,,,,,,,,,,,,,,,,,,,,,,,,,,,,,,,,,,,,,,,,,,,,,,,,,,,,,,,,,,,,,,,,,,,,,,,,,,,,,,,,,,2025-04-24 13:26:12,Signal Acquired,15.408398,73.905859,0.79,0.69,10.12,-0.11,0.04,-0.07,NO
,,,,,,,,,,,,,,,,,,,,,,,,,,,,,,,,,,,,,,,,,,,,,,,,,,,,,,,,,,,,,,,,,,,,,,,,,,,,,,,,,,,,,,,,,,,,,,,,,,,,,,,,,2025-04-24 13:26:12,Signal Acquired,15.408523,73.905858,0.81,-1.02,9.35,-0.23,-0.03,-0.12,DETECTED
,,,,,,,,,,,,,,,,,,,,,,,,,,,,,,,,,,,,,,,,,,,,,,,,,,,,,,,,,,,,,,,,,,,,,,,,,,,,,,,,,,,,,,,,,,,,,,,,,,,,,,,,,2025-04-24 13:26:12,Signal Acquired,15.408523,73.905858,-2.17,0.68,10.32,0.05,0.21,-0.06,DETECTED
,,,,,,,,,,,,,,,,,,,,,,,,,,,,,,,,,,,,,,,,,,,,,,,,,,,,,,,,,,,,,,,,,,,,,,,,,,,,,,,,,,,,,,,,,,,,,,,,,,,,,,,,,2025-04-24 13:26:15,Signal Acquired,15.408651,73.905859,0.25,0.29,9.24,-0.01,0.03,0.04,NO
,,,,,,,,,,,,,,,,,,,,,,,,,,,,,,,,,,,,,,,,,,,,,,,,,,,,,,,,,,,,,,,,,,,,,,,,,,,,,,,,,,,,,,,,,,,,,,,,,,,,,,,,,2025-04-24 13:26:15,Signal Acquired,15.408651,73.905859,-2.31,0.54,10.09,-0.01,0.03,0.02,DETECTED
,,,,,,,,,,,,,,,,,,,,,,,,,,,,,,,,,,,,,,,,,,,,,,,,,,,,,,,,,,,,,,,,,,,,,,,,,,,,,,,,,,,,,,,,,,,,,,,,,,,,,,,,,2025-04-24 13:26:15,Signal Acquired,15.408779,73.905865,-1.01,-0.37,8.97,-0.02,-0.01,0.02,DETECTED
,,,,,,,,,,,,,,,,,,,,,,,,,,,,,,,,,,,,,,,,,,,,,,,,,,,,,,,,,,,,,,,,,,,,,,,,,,,,,,,,,,,,,,,,,,,,,,,,,,,,,,,,,2025-04-24 13:26:17,Signal Acquired,15.408779,73.905865,0.35,-0.67,8.36,-0.05,0.1,-0.01,DETECTED
,,,,,,,,,,,,,,,,,,,,,,,,,,,,,,,,,,,,,,,,,,,,,,,,,,,,,,,,,,,,,,,,,,,,,,,,,,,,,,,,,,,,,,,,,,,,,,,,,,,,,,,,,2025-04-24 13:26:17,Signal Acquired,15.40891,73.90587,-1.66,0.13,9.9,-0.02,0.03,0.01,DETECTED
,,,,,,,,,,,,,,,,,,,,,,,,,,,,,,,,,,,,,,,,,,,,,,,,,,,,,,,,,,,,,,,,,,,,,,,,,,,,,,,,,,,,,,,,,,,,,,,,,,,,,,,,,2025-04-24 13:26:17,Signal Acquired,15.40891,73.90587,-1.1,0.03,9.36,-0.0,0.07,0.01,DETECTED
,,,,,,,,,,,,,,,,,,,,,,,,,,,,,,,,,,,,,,,,,,,,,,,,,,,,,,,,,,,,,,,,,,,,,,,,,,,,,,,,,,,,,,,,,,,,,,,,,,,,,,,,,2025-04-24 13:26:19,Signal Acquired,15.409042,73.905874,0.67,-0.14,8.97,-0.03,0.01,0.01,NO
,,,,,,,,,,,,,,,,,,,,,,,,,,,,,,,,,,,,,,,,,,,,,,,,,,,,,,,,,,,,,,,,,,,,,,,,,,,,,,,,,,,,,,,,,,,,,,,,,,,,,,,,,2025-04-24 13:26:19,Signal Acquired,15.409042,73.905874,-0.61,-0.26,9.65,-0.06,0.1,-0.0,NO
,,,,,,,,,,,,,,,,,,,,,,,,,,,,,,,,,,,,,,,,,,,,,,,,,,,,,,,,,,,,,,,,,,,,,,,,,,,,,,,,,,,,,,,,,,,,,,,,,,,,,,,,,2025-04-24 13:26:19,Signal Acquired,15.409173,73.905879,-0.1,-0.05,9.19,0.02,0.05,0.01,DETECTED
,,,,,,,,,,,,,,,,,,,,,,,,,,,,,,,,,,,,,,,,,,,,,,,,,,,,,,,,,,,,,,,,,,,,,,,,,,,,,,,,,,,,,,,,,,,,,,,,,,,,,,,,,2025-04-24 13:26:21,Signal Acquired,15.409173,73.905879,1.18,-0.45,7.51,-0.04,0.16,0.01,NO
,,,,,,,,,,,,,,,,,,,,,,,,,,,,,,,,,,,,,,,,,,,,,,,,,,,,,,,,,,,,,,,,,,,,,,,,,,,,,,,,,,,,,,,,,,,,,,,,,,,,,,,,,2025-04-24 13:26:21,Signal Acquired,15.409301,73.905885,2.3,0.18,9.62,0.04,0.02,0.02,DETECTED
,,,,,,,,,,,,,,,,,,,,,,,,,,,,,,,,,,,,,,,,,,,,,,,,,,,,,,,,,,,,,,,,,,,,,,,,,,,,,,,,,,,,,,,,,,,,,,,,,,,,,,,,,2025-04-24 13:26:21,Signal Acquired,15.409301,73.905885,0.72,-0.11,9.56,-0.06,0.0,0.01,NO
,,,,,,,,,,,,,,,,,,,,,,,,,,,,,,,,,,,,,,,,,,,,,,,,,,,,,,,,,,,,,,,,,,,,,,,,,,,,,,,,,,,,,,,,,,,,,,,,,,,,,,,,,2025-04-24 13:26:24,Signal Acquired,15.409428,73.90589,1.46,-0.16,9.18,-0.0,0.02,-0.0,DETECTED
,,,,,,,,,,,,,,,,,,,,,,,,,,,,,,,,,,,,,,,,,,,,,,,,,,,,,,,,,,,,,,,,,,,,,,,,,,,,,,,,,,,,,,,,,,,,,,,,,,,,,,,,,2025-04-24 13:26:24,Signal Acquired,15.409428,73.90589,1.98,0.11,8.98,-0.04,0.01,-0.01,NO
,,,,,,,,,,,,,,,,,,,,,,,,,,,,,,,,,,,,,,,,,,,,,,,,,,,,,,,,,,,,,,,,,,,,,,,,,,,,,,,,,,,,,,,,,,,,,,,,,,,,,,,,,2025-04-24 13:26:24,Signal Acquired,15.409561,73.905899,0.1,0.35,8.96,-0.04,0.07,-0.01,NO
,,,,,,,,,,,,,,,,,,,,,,,,,,,,,,,,,,,,,,,,,,,,,,,,,,,,,,,,,,,,,,,,,,,,,,,,,,,,,,,,,,,,,,,,,,,,,,,,,,,,,,,,,2025-04-24 13:26:26,Signal Acquired,15.409561,73.905899,-0.99,0.4,9.92,0.06,0.0,0.01,DETECTED
,,,,,,,,,,,,,,,,,,,,,,,,,,,,,,,,,,,,,,,,,,,,,,,,,,,,,,,,,,,,,,,,,,,,,,,,,,,,,,,,,,,,,,,,,,,,,,,,,,,,,,,,,2025-04-24 13:26:26,Signal Acquired,15.409688,73.905903,-1.9,0.63,9.65,-0.01,-0.01,0.0,DETECTED
,,,,,,,,,,,,,,,,,,,,,,,,,,,,,,,,,,,,,,,,,,,,,,,,,,,,,,,,,,,,,,,,,,,,,,,,,,,,,,,,,,,,,,,,,,,,,,,,,,,,,,,,,2025-04-24 13:26:26,Signal Acquired,15.409688,73.905903,0.1,0.47,8.87,-0.06,0.07,0.01,DETECTED
,,,,,,,,,,,,,,,,,,,,,,,,,,,,,,,,,,,,,,,,,,,,,,,,,,,,,,,,,,,,,,,,,,,,,,,,,,,,,,,,,,,,,,,,,,,,,,,,,,,,,,,,,2025-04-24 13:26:28,Signal Acquired,15.409814,73.905905,4.8,0.6,7.79,-0.02,-0.05,-0.01,DETECTED
,,,,,,,,,,,,,,,,,,,,,,,,,,,,,,,,,,,,,,,,,,,,,,,,,,,,,,,,,,,,,,,,,,,,,,,,,,,,,,,,,,,,,,,,,,,,,,,,,,,,,,,,,2025-04-24 13:26:28,Signal Acquired,15.409814,73.905905,3.03,0.1,9.1,0.01,0.0,0.02,NO
,,,,,,,,,,,,,,,,,,,,,,,,,,,,,,,,,,,,,,,,,,,,,,,,,,,,,,,,,,,,,,,,,,,,,,,,,,,,,,,,,,,,,,,,,,,,,,,,,,,,,,,,,2025-04-24 13:26:28,Signal Acquired,15.409947,73.905906,1.0,0.5,9.14,-0.02,0.03,-0.01,DETECTED
,,,,,,,,,,,,,,,,,,,,,,,,,,,,,,,,,,,,,,,,,,,,,,,,,,,,,,,,,,,,,,,,,,,,,,,,,,,,,,,,,,,,,,,,,,,,,,,,,,,,,,,,,2025-04-24 13:26:30,Signal Acquired,15.409947,73.905906,2.67,0.58,9.87,0.04,-0.08,0.01,DETECTED
,,,,,,,,,,,,,,,,,,,,,,,,,,,,,,,,,,,,,,,,,,,,,,,,,,,,,,,,,,,,,,,,,,,,,,,,,,,,,,,,,,,,,,,,,,,,,,,,,,,,,,,,,2025-04-24 13:26:30,Signal Acquired,15.410084,73.905907,-0.14,0.95,8.94,0.0,0.03,-0.01,NO
,,,,,,,,,,,,,,,,,,,,,,,,,,,,,,,,,,,,,,,,,,,,,,,,,,,,,,,,,,,,,,,,,,,,,,,,,,,,,,,,,,,,,,,,,,,,,,,,,,,,,,,,,2025-04-24 13:26:30,Signal Acquired,15.410084,73.905907,-4.63,-0.33,9.63,-0.06,0.1,-0.07,DETECTED
,,,,,,,,,,,,,,,,,,,,,,,,,,,,,,,,,,,,,,,,,,,,,,,,,,,,,,,,,,,,,,,,,,,,,,,,,,,,,,,,,,,,,,,,,,,,,,,,,,,,,,,,,2025-04-24 13:26:33,Signal Acquired,15.410226,73.905909,1.28,0.39,9.7,-0.0,0.01,-0.02,NO
,,,,,,,,,,,,,,,,,,,,,,,,,,,,,,,,,,,,,,,,,,,,,,,,,,,,,,,,,,,,,,,,,,,,,,,,,,,,,,,,,,,,,,,,,,,,,,,,,,,,,,,,,2025-04-24 13:26:33,Signal Acquired,15.410226,73.905909,1.06,0.01,9.06,-0.03,-0.0,-0.01,NO
,,,,,,,,,,,,,,,,,,,,,,,,,,,,,,,,,,,,,,,,,,,,,,,,,,,,,,,,,,,,,,,,,,,,,,,,,,,,,,,,,,,,,,,,,,,,,,,,,,,,,,,,,2025-04-24 13:26:33,Signal Acquired,15.410369,73.905911,0.29,0.73,9.32,-0.05,0.0,-0.01,DETECTED
,,,,,,,,,,,,,,,,,,,,,,,,,,,,,,,,,,,,,,,,,,,,,,,,,,,,,,,,,,,,,,,,,,,,,,,,,,,,,,,,,,,,,,,,,,,,,,,,,,,,,,,,,2025-04-24 13:26:35,Signal Acquired,15.410369,73.905911,-1.21,0.58,9.43,-0.06,-0.01,-0.01,DETECTED
,,,,,,,,,,,,,,,,,,,,,,,,,,,,,,,,,,,,,,,,,,,,,,,,,,,,,,,,,,,,,,,,,,,,,,,,,,,,,,,,,,,,,,,,,,,,,,,,,,,,,,,,,2025-04-24 13:26:35,Signal Acquired,15.410514,73.905919,2.85,0.57,9.49,0.07,-0.0,0.02,NO
,,,,,,,,,,,,,,,,,,,,,,,,,,,,,,,,,,,,,,,,,,,,,,,,,,,,,,,,,,,,,,,,,,,,,,,,,,,,,,,,,,,,,,,,,,,,,,,,,,,,,,,,,2025-04-24 13:26:35,Signal Acquired,15.410514,73.905919,2.02,0.13,9.31,0.01,-0.05,0.0,NO
,,,,,,,,,,,,,,,,,,,,,,,,,,,,,,,,,,,,,,,,,,,,,,,,,,,,,,,,,,,,,,,,,,,,,,,,,,,,,,,,,,,,,,,,,,,,,,,,,,,,,,,,,2025-04-24 13:26:37,Signal Acquired,15.410659,73.905927,1.85,-0.11,8.67,-0.06,0.03,-0.0,NO
,,,,,,,,,,,,,,,,,,,,,,,,,,,,,,,,,,,,,,,,,,,,,,,,,,,,,,,,,,,,,,,,,,,,,,,,,,,,,,,,,,,,,,,,,,,,,,,,,,,,,,,,,2025-04-24 13:26:37,Signal Acquired,15.410659,73.905927,0.04,0.6,9.56,0.77,-0.44,0.12,NO
,,,,,,,,,,,,,,,,,,,,,,,,,,,,,,,,,,,,,,,,,,,,,,,,,,,,,,,,,,,,,,,,,,,,,,,,,,,,,,,,,,,,,,,,,,,,,,,,,,,,,,,,,2025-04-24 13:26:37,Signal Acquired,15.410803,73.905933,-1.05,-0.36,9.29,0.01,-0.04,-0.01,NO
,,,,,,,,,,,,,,,,,,,,,,,,,,,,,,,,,,,,,,,,,,,,,,,,,,,,,,,,,,,,,,,,,,,,,,,,,,,,,,,,,,,,,,,,,,,,,,,,,,,,,,,,,2025-04-24 13:26:39,Signal Acquired,15.410803,73.905933,1.61,0.43,9.09,-0.08,-0.07,0.19,NO
,,,,,,,,,,,,,,,,,,,,,,,,,,,,,,,,,,,,,,,,,,,,,,,,,,,,,,,,,,,,,,,,,,,,,,,,,,,,,,,,,,,,,,,,,,,,,,,,,,,,,,,,,2025-04-24 13:26:39,Signal Acquired,15.410944,73.905937,-0.41,0.23,9.45,-0.03,0.08,-0.01,NO
,,,,,,,,,,,,,,,,,,,,,,,,,,,,,,,,,,,,,,,,,,,,,,,,,,,,,,,,,,,,,,,,,,,,,,,,,,,,,,,,,,,,,,,,,,,,,,,,,,,,,,,,,2025-04-24 13:26:39,Signal Acquired,15.410944,73.905937,1.2,0.32,10.04,0.01,0.02,0.01,NO
,,,,,,,,,,,,,,,,,,,,,,,,,,,,,,,,,,,,,,,,,,,,,,,,,,,,,,,,,,,,,,,,,,,,,,,,,,,,,,,,,,,,,,,,,,,,,,,,,,,,,,,,,2025-04-24 13:26:42,Signal Acquired,15.411085,73.905941,0.41,0.21,9.21,0.01,-0.1,0.03,DETECTED
,,,,,,,,,,,,,,,,,,,,,,,,,,,,,,,,,,,,,,,,,,,,,,,,,,,,,,,,,,,,,,,,,,,,,,,,,,,,,,,,,,,,,,,,,,,,,,,,,,,,,,,,,2025-04-24 13:26:42,Signal Acquired,15.411085,73.905941,-0.93,0.71,9.29,-0.03,-0.0,0.01,DETECTED
,,,,,,,,,,,,,,,,,,,,,,,,,,,,,,,,,,,,,,,,,,,,,,,,,,,,,,,,,,,,,,,,,,,,,,,,,,,,,,,,,,,,,,,,,,,,,,,,,,,,,,,,,2025-04-24 13:26:42,Signal Acquired,15.411224,73.905947,-0.85,0.4,8.95,-0.03,0.02,0.02,NO
,,,,,,,,,,,,,,,,,,,,,,,,,,,,,,,,,,,,,,,,,,,,,,,,,,,,,,,,,,,,,,,,,,,,,,,,,,,,,,,,,,,,,,,,,,,,,,,,,,,,,,,,,2025-04-24 13:26:44,Signal Acquired,15.411224,73.905947,2.46,0.7,8.98,-0.06,-0.13,0.03,DETECTED
,,,,,,,,,,,,,,,,,,,,,,,,,,,,,,,,,,,,,,,,,,,,,,,,,,,,,,,,,,,,,,,,,,,,,,,,,,,,,,,,,,,,,,,,,,,,,,,,,,,,,,,,,2025-04-24 13:26:44,Signal Acquired,15.411367,73.90595,0.97,0.76,9.37,-0.03,-0.04,0.0,DETECTED
,,,,,,,,,,,,,,,,,,,,,,,,,,,,,,,,,,,,,,,,,,,,,,,,,,,,,,,,,,,,,,,,,,,,,,,,,,,,,,,,,,,,,,,,,,,,,,,,,,,,,,,,,2025-04-24 13:26:44,Signal Acquired,15.411367,73.90595,-0.32,1.13,9.1,-0.01,0.03,-0.01,DETECTED
,,,,,,,,,,,,,,,,,,,,,,,,,,,,,,,,,,,,,,,,,,,,,,,,,,,,,,,,,,,,,,,,,,,,,,,,,,,,,,,,,,,,,,,,,,,,,,,,,,,,,,,,,2025-04-24 13:26:46,Signal Acquired,15.411509,73.905955,0.61,0.54,9.9,0.03,-0.04,0.01,NO
,,,,,,,,,,,,,,,,,,,,,,,,,,,,,,,,,,,,,,,,,,,,,,,,,,,,,,,,,,,,,,,,,,,,,,,,,,,,,,,,,,,,,,,,,,,,,,,,,,,,,,,,,2025-04-24 13:26:46,Signal Acquired,15.411509,73.905955,-1.29,0.24,8.83,-0.06,0.04,-0.0,DETECTED
,,,,,,,,,,,,,,,,,,,,,,,,,,,,,,,,,,,,,,,,,,,,,,,,,,,,,,,,,,,,,,,,,,,,,,,,,,,,,,,,,,,,,,,,,,,,,,,,,,,,,,,,,2025-04-24 13:26:46,Signal Acquired,15.411657,73.905959,-1.29,-0.34,9.59,-0.04,0.05,-0.01,NO
,,,,,,,,,,,,,,,,,,,,,,,,,,,,,,,,,,,,,,,,,,,,,,,,,,,,,,,,,,,,,,,,,,,,,,,,,,,,,,,,,,,,,,,,,,,,,,,,,,,,,,,,,2025-04-24 13:26:48,Signal Acquired,15.411657,73.905959,1.3,0.05,10.37,-0.01,0.02,0.05,NO
,,,,,,,,,,,,,,,,,,,,,,,,,,,,,,,,,,,,,,,,,,,,,,,,,,,,,,,,,,,,,,,,,,,,,,,,,,,,,,,,,,,,,,,,,,,,,,,,,,,,,,,,,2025-04-24 13:26:48,Signal Acquired,15.4118,73.905966,1.07,0.17,9.21,-0.01,-0.02,-0.01,NO
,,,,,,,,,,,,,,,,,,,,,,,,,,,,,,,,,,,,,,,,,,,,,,,,,,,,,,,,,,,,,,,,,,,,,,,,,,,,,,,,,,,,,,,,,,,,,,,,,,,,,,,,,2025-04-24 13:26:48,Signal Acquired,15.4118,73.905966,0.56,0.16,8.79,-0.06,0.01,-0.02,NO
,,,,,,,,,,,,,,,,,,,,,,,,,,,,,,,,,,,,,,,,,,,,,,,,,,,,,,,,,,,,,,,,,,,,,,,,,,,,,,,,,,,,,,,,,,,,,,,,,,,,,,,,,2025-04-24 13:26:51,Signal Acquired,15.411943,73.905972,-1.09,1.19,9.71,-0.02,0.04,-0.01,NO
,,,,,,,,,,,,,,,,,,,,,,,,,,,,,,,,,,,,,,,,,,,,,,,,,,,,,,,,,,,,,,,,,,,,,,,,,,,,,,,,,,,,,,,,,,,,,,,,,,,,,,,,,2025-04-24 13:26:51,Signal Acquired,15.411943,73.905972,0.75,0.42,10.21,0.02,0.14,-0.02,DETECTED
,,,,,,,,,,,,,,,,,,,,,,,,,,,,,,,,,,,,,,,,,,,,,,,,,,,,,,,,,,,,,,,,,,,,,,,,,,,,,,,,,,,,,,,,,,,,,,,,,,,,,,,,,2025-04-24 13:26:51,Signal Acquired,15.412089,73.905974,3.51,0.41,9.43,-0.05,-0.04,0.14,DETECTED
,,,,,,,,,,,,,,,,,,,,,,,,,,,,,,,,,,,,,,,,,,,,,,,,,,,,,,,,,,,,,,,,,,,,,,,,,,,,,,,,,,,,,,,,,,,,,,,,,,,,,,,,,2025-04-24 13:26:53,Signal Acquired,15.412089,73.905974,-0.26,0.01,9.79,-0.01,-0.03,0.0,NO
,,,,,,,,,,,,,,,,,,,,,,,,,,,,,,,,,,,,,,,,,,,,,,,,,,,,,,,,,,,,,,,,,,,,,,,,,,,,,,,,,,,,,,,,,,,,,,,,,,,,,,,,,2025-04-24 13:26:53,Signal Acquired,15.41224,73.905974,1.17,0.52,8.13,-0.04,0.13,0.0,DETECTED
,,,,,,,,,,,,,,,,,,,,,,,,,,,,,,,,,,,,,,,,,,,,,,,,,,,,,,,,,,,,,,,,,,,,,,,,,,,,,,,,,,,,,,,,,,,,,,,,,,,,,,,,,2025-04-24 13:26:53,Signal Acquired,15.41224,73.905974,-1.37,0.57,9.93,-0.05,-0.03,0.03,DETECTED
,,,,,,,,,,,,,,,,,,,,,,,,,,,,,,,,,,,,,,,,,,,,,,,,,,,,,,,,,,,,,,,,,,,,,,,,,,,,,,,,,,,,,,,,,,,,,,,,,,,,,,,,,2025-04-24 13:26:55,Signal Acquired,15.412389,73.905972,0.29,0.21,9.42,0.03,-0.06,0.01,NO
,,,,,,,,,,,,,,,,,,,,,,,,,,,,,,,,,,,,,,,,,,,,,,,,,,,,,,,,,,,,,,,,,,,,,,,,,,,,,,,,,,,,,,,,,,,,,,,,,,,,,,,,,2025-04-24 13:26:55,Signal Acquired,15.412389,73.905972,2.62,0.3,8.46,0.02,-0.07,0.01,DETECTED
,,,,,,,,,,,,,,,,,,,,,,,,,,,,,,,,,,,,,,,,,,,,,,,,,,,,,,,,,,,,,,,,,,,,,,,,,,,,,,,,,,,,,,,,,,,,,,,,,,,,,,,,,2025-04-24 13:26:55,Signal Acquired,15.412534,73.905965,3.69,0.46,8.44,-0.04,0.01,0.0,NO
,,,,,,,,,,,,,,,,,,,,,,,,,,,,,,,,,,,,,,,,,,,,,,,,,,,,,,,,,,,,,,,,,,,,,,,,,,,,,,,,,,,,,,,,,,,,,,,,,,,,,,,,,2025-04-24 13:26:57,Signal Acquired,15.412534,73.905965,4.68,-0.17,9.07,-0.02,-0.12,0.01,NO
,,,,,,,,,,,,,,,,,,,,,,,,,,,,,,,,,,,,,,,,,,,,,,,,,,,,,,,,,,,,,,,,,,,,,,,,,,,,,,,,,,,,,,,,,,,,,,,,,,,,,,,,,2025-04-24 13:26:57,Signal Acquired,15.412683,73.905963,1.03,-0.43,8.96,0.03,0.12,-0.01,NO
,,,,,,,,,,,,,,,,,,,,,,,,,,,,,,,,,,,,,,,,,,,,,,,,,,,,,,,,,,,,,,,,,,,,,,,,,,,,,,,,,,,,,,,,,,,,,,,,,,,,,,,,,2025-04-24 13:26:57,Signal Acquired,15.412683,73.905963,-2.91,0.09,10.34,-0.04,-0.15,-0.05,NO
,,,,,,,,,,,,,,,,,,,,,,,,,,,,,,,,,,,,,,,,,,,,,,,,,,,,,,,,,,,,,,,,,,,,,,,,,,,,,,,,,,,,,,,,,,,,,,,,,,,,,,,,,2025-04-24 13:27:00,Signal Acquired,15.41283,73.905962,2.4,0.53,8.76,0.02,-0.1,-0.0,DETECTED
,,,,,,,,,,,,,,,,,,,,,,,,,,,,,,,,,,,,,,,,,,,,,,,,,,,,,,,,,,,,,,,,,,,,,,,,,,,,,,,,,,,,,,,,,,,,,,,,,,,,,,,,,2025-04-24 13:27:00,Signal Acquired,15.41283,73.905962,0.26,0.04,10.46,-0.05,0.13,-0.02,NO
,,,,,,,,,,,,,,,,,,,,,,,,,,,,,,,,,,,,,,,,,,,,,,,,,,,,,,,,,,,,,,,,,,,,,,,,,,,,,,,,,,,,,,,,,,,,,,,,,,,,,,,,,2025-04-24 13:27:00,Signal Acquired,15.412976,73.905964,2.59,0.52,8.49,0.03,-0.07,0.0,NO
,,,,,,,,,,,,,,,,,,,,,,,,,,,,,,,,,,,,,,,,,,,,,,,,,,,,,,,,,,,,,,,,,,,,,,,,,,,,,,,,,,,,,,,,,,,,,,,,,,,,,,,,,2025-04-24 13:27:02,Signal Acquired,15.412976,73.905964,-0.04,0.81,8.51,-0.02,0.12,-0.01,NO
,,,,,,,,,,,,,,,,,,,,,,,,,,,,,,,,,,,,,,,,,,,,,,,,,,,,,,,,,,,,,,,,,,,,,,,,,,,,,,,,,,,,,,,,,,,,,,,,,,,,,,,,,2025-04-24 13:27:02,Signal Acquired,15.413124,73.905967,2.38,0.32,9.77,0.13,0.12,-0.01,NO
,,,,,,,,,,,,,,,,,,,,,,,,,,,,,,,,,,,,,,,,,,,,,,,,,,,,,,,,,,,,,,,,,,,,,,,,,,,,,,,,,,,,,,,,,,,,,,,,,,,,,,,,,2025-04-24 13:27:02,Signal Acquired,15.413124,73.905967,4.76,-0.07,8.55,-0.08,0.04,-0.03,DETECTED
,,,,,,,,,,,,,,,,,,,,,,,,,,,,,,,,,,,,,,,,,,,,,,,,,,,,,,,,,,,,,,,,,,,,,,,,,,,,,,,,,,,,,,,,,,,,,,,,,,,,,,,,,2025-04-24 13:27:04,Signal Acquired,15.413269,73.90597,1.15,-0.05,9.93,0.02,0.05,-0.01,DETECTED
,,,,,,,,,,,,,,,,,,,,,,,,,,,,,,,,,,,,,,,,,,,,,,,,,,,,,,,,,,,,,,,,,,,,,,,,,,,,,,,,,,,,,,,,,,,,,,,,,,,,,,,,,2025-04-24 13:27:04,Signal Acquired,15.413269,73.90597,1.54,-0.41,9.0,0.01,-0.07,0.0,NO
,,,,,,,,,,,,,,,,,,,,,,,,,,,,,,,,,,,,,,,,,,,,,,,,,,,,,,,,,,,,,,,,,,,,,,,,,,,,,,,,,,,,,,,,,,,,,,,,,,,,,,,,,2025-04-24 13:27:04,Signal Acquired,15.413409,73.905974,-0.85,0.15,9.48,-0.0,0.02,-0.01,NO
,,,,,,,,,,,,,,,,,,,,,,,,,,,,,,,,,,,,,,,,,,,,,,,,,,,,,,,,,,,,,,,,,,,,,,,,,,,,,,,,,,,,,,,,,,,,,,,,,,,,,,,,,2025-04-24 13:27:06,Signal Acquired,15.413409,73.905974,1.13,0.25,8.27,-0.05,0.08,0.01,DETECTED
,,,,,,,,,,,,,,,,,,,,,,,,,,,,,,,,,,,,,,,,,,,,,,,,,,,,,,,,,,,,,,,,,,,,,,,,,,,,,,,,,,,,,,,,,,,,,,,,,,,,,,,,,2025-04-24 13:27:06,Signal Acquired,15.413555,73.905979,-0.35,0.09,9.69,0.0,-0.03,-0.0,NO
,,,,,,,,,,,,,,,,,,,,,,,,,,,,,,,,,,,,,,,,,,,,,,,,,,,,,,,,,,,,,,,,,,,,,,,,,,,,,,,,,,,,,,,,,,,,,,,,,,,,,,,,,2025-04-24 13:27:06,Signal Acquired,15.413555,73.905979,1.55,-0.25,8.55,-0.04,-0.03,0.01,NO
,,,,,,,,,,,,,,,,,,,,,,,,,,,,,,,,,,,,,,,,,,,,,,,,,,,,,,,,,,,,,,,,,,,,,,,,,,,,,,,,,,,,,,,,,,,,,,,,,,,,,,,,,2025-04-24 13:27:09,Signal Acquired,15.413698,73.905984,-3.33,0.28,9.66,-0.01,0.12,0.01,DETECTED
,,,,,,,,,,,,,,,,,,,,,,,,,,,,,,,,,,,,,,,,,,,,,,,,,,,,,,,,,,,,,,,,,,,,,,,,,,,,,,,,,,,,,,,,,,,,,,,,,,,,,,,,,2025-04-24 13:27:09,Signal Acquired,15.413698,73.905984,-0.46,0.53,9.73,0.06,0.09,-0.0,DETECTED
,,,,,,,,,,,,,,,,,,,,,,,,,,,,,,,,,,,,,,,,,,,,,,,,,,,,,,,,,,,,,,,,,,,,,,,,,,,,,,,,,,,,,,,,,,,,,,,,,,,,,,,,,2025-04-24 13:27:09,Signal Acquired,15.413841,73.90599,2.09,-0.53,8.61,-0.03,-0.06,-0.01,DETECTED
,,,,,,,,,,,,,,,,,,,,,,,,,,,,,,,,,,,,,,,,,,,,,,,,,,,,,,,,,,,,,,,,,,,,,,,,,,,,,,,,,,,,,,,,,,,,,,,,,,,,,,,,,2025-04-24 13:27:11,Signal Acquired,15.413841,73.90599,-2.67,0.1,9.53,-0.01,-0.04,0.0,NO
,,,,,,,,,,,,,,,,,,,,,,,,,,,,,,,,,,,,,,,,,,,,,,,,,,,,,,,,,,,,,,,,,,,,,,,,,,,,,,,,,,,,,,,,,,,,,,,,,,,,,,,,,2025-04-24 13:27:11,Signal Acquired,15.41399,73.905994,-0.24,0.13,8.91,-0.06,0.1,-0.01,NO
,,,,,,,,,,,,,,,,,,,,,,,,,,,,,,,,,,,,,,,,,,,,,,,,,,,,,,,,,,,,,,,,,,,,,,,,,,,,,,,,,,,,,,,,,,,,,,,,,,,,,,,,,2025-04-24 13:27:11,Signal Acquired,15.41399,73.905994,1.07,-0.05,10.01,-0.03,0.09,-0.03,NO
,,,,,,,,,,,,,,,,,,,,,,,,,,,,,,,,,,,,,,,,,,,,,,,,,,,,,,,,,,,,,,,,,,,,,,,,,,,,,,,,,,,,,,,,,,,,,,,,,,,,,,,,,2025-04-24 13:27:13,Signal Acquired,15.414138,73.906,-1.46,-0.3,9.52,0.02,-0.05,0.0,NO
,,,,,,,,,,,,,,,,,,,,,,,,,,,,,,,,,,,,,,,,,,,,,,,,,,,,,,,,,,,,,,,,,,,,,,,,,,,,,,,,,,,,,,,,,,,,,,,,,,,,,,,,,2025-04-24 13:27:13,Signal Acquired,15.414138,73.906,2.39,-0.16,9.74,0.04,0.11,-0.02,DETECTED
,,,,,,,,,,,,,,,,,,,,,,,,,,,,,,,,,,,,,,,,,,,,,,,,,,,,,,,,,,,,,,,,,,,,,,,,,,,,,,,,,,,,,,,,,,,,,,,,,,,,,,,,,2025-04-24 13:27:13,Signal Acquired,15.414283,73.906007,2.07,0.08,9.24,0.01,-0.07,-0.01,DETECTED
,,,,,,,,,,,,,,,,,,,,,,,,,,,,,,,,,,,,,,,,,,,,,,,,,,,,,,,,,,,,,,,,,,,,,,,,,,,,,,,,,,,,,,,,,,,,,,,,,,,,,,,,,2025-04-24 13:27:15,Signal Acquired,15.414283,73.906007,-1.07,0.68,10.24,0.02,0.1,-0.01,DETECTED
,,,,,,,,,,,,,,,,,,,,,,,,,,,,,,,,,,,,,,,,,,,,,,,,,,,,,,,,,,,,,,,,,,,,,,,,,,,,,,,,,,,,,,,,,,,,,,,,,,,,,,,,,2025-04-24 13:27:15,Signal Acquired,15.414427,73.906019,-0.38,0.0,8.36,-0.04,0.03,-0.02,DETECTED
,,,,,,,,,,,,,,,,,,,,,,,,,,,,,,,,,,,,,,,,,,,,,,,,,,,,,,,,,,,,,,,,,,,,,,,,,,,,,,,,,,,,,,,,,,,,,,,,,,,,,,,,,2025-04-24 13:27:15,Signal Acquired,15.414427,73.906019,3.85,0.38,8.89,-0.05,-0.06,-0.04,DETECTED
,,,,,,,,,,,,,,,,,,,,,,,,,,,,,,,,,,,,,,,,,,,,,,,,,,,,,,,,,,,,,,,,,,,,,,,,,,,,,,,,,,,,,,,,,,,,,,,,,,,,,,,,,2025-04-24 13:27:18,Signal Acquired,15.414574,73.906034,2.45,-0.14,9.0,-0.07,0.02,-0.0,DETECTED
,,,,,,,,,,,,,,,,,,,,,,,,,,,,,,,,,,,,,,,,,,,,,,,,,,,,,,,,,,,,,,,,,,,,,,,,,,,,,,,,,,,,,,,,,,,,,,,,,,,,,,,,,2025-04-24 13:27:18,Signal Acquired,15.414574,73.906034,-2.21,0.46,8.51,-0.1,0.06,-0.03,NO
,,,,,,,,,,,,,,,,,,,,,,,,,,,,,,,,,,,,,,,,,,,,,,,,,,,,,,,,,,,,,,,,,,,,,,,,,,,,,,,,,,,,,,,,,,,,,,,,,,,,,,,,,2025-04-24 13:27:18,Signal Acquired,15.414719,73.906051,0.81,-0.26,8.76,-0.06,0.09,-0.01,NO
,,,,,,,,,,,,,,,,,,,,,,,,,,,,,,,,,,,,,,,,,,,,,,,,,,,,,,,,,,,,,,,,,,,,,,,,,,,,,,,,,,,,,,,,,,,,,,,,,,,,,,,,,2025-04-24 13:27:20,Signal Acquired,15.414719,73.906051,-0.65,-0.49,8.92,-0.02,0.05,0.06,DETECTED
,,,,,,,,,,,,,,,,,,,,,,,,,,,,,,,,,,,,,,,,,,,,,,,,,,,,,,,,,,,,,,,,,,,,,,,,,,,,,,,,,,,,,,,,,,,,,,,,,,,,,,,,,2025-04-24 13:27:20,Signal Acquired,15.414863,73.906068,-1.86,-0.16,9.42,-0.01,0.06,0.08,NO
,,,,,,,,,,,,,,,,,,,,,,,,,,,,,,,,,,,,,,,,,,,,,,,,,,,,,,,,,,,,,,,,,,,,,,,,,,,,,,,,,,,,,,,,,,,,,,,,,,,,,,,,,2025-04-24 13:27:20,Signal Acquired,15.414863,73.906068,-0.44,0.72,7.77,-0.08,-0.1,0.05,NO
,,,,,,,,,,,,,,,,,,,,,,,,,,,,,,,,,,,,,,,,,,,,,,,,,,,,,,,,,,,,,,,,,,,,,,,,,,,,,,,,,,,,,,,,,,,,,,,,,,,,,,,,,2025-04-24 13:27:22,Signal Acquired,15.41501,73.906077,-1.62,-0.1,9.67,0.02,-0.01,0.04,NO
,,,,,,,,,,,,,,,,,,,,,,,,,,,,,,,,,,,,,,,,,,,,,,,,,,,,,,,,,,,,,,,,,,,,,,,,,,,,,,,,,,,,,,,,,,,,,,,,,,,,,,,,,2025-04-24 13:27:22,Signal Acquired,15.41501,73.906077,-2.31,-0.34,9.1,-0.01,-0.06,0.07,NO
,,,,,,,,,,,,,,,,,,,,,,,,,,,,,,,,,,,,,,,,,,,,,,,,,,,,,,,,,,,,,,,,,,,,,,,,,,,,,,,,,,,,,,,,,,,,,,,,,,,,,,,,,2025-04-24 13:27:22,Signal Acquired,15.415159,73.906079,-1.25,0.67,9.46,-0.07,0.1,0.04,DETECTED
,,,,,,,,,,,,,,,,,,,,,,,,,,,,,,,,,,,,,,,,,,,,,,,,,,,,,,,,,,,,,,,,,,,,,,,,,,,,,,,,,,,,,,,,,,,,,,,,,,,,,,,,,2025-04-24 13:27:24,Signal Acquired,15.415159,73.906079,-1.09,-0.19,8.8,-0.02,0.03,0.03,DETECTED
,,,,,,,,,,,,,,,,,,,,,,,,,,,,,,,,,,,,,,,,,,,,,,,,,,,,,,,,,,,,,,,,,,,,,,,,,,,,,,,,,,,,,,,,,,,,,,,,,,,,,,,,,2025-04-24 13:27:24,Signal Acquired,15.415304,73.906081,-1.81,-0.06,9.51,-0.03,0.11,0.04,NO
,,,,,,,,,,,,,,,,,,,,,,,,,,,,,,,,,,,,,,,,,,,,,,,,,,,,,,,,,,,,,,,,,,,,,,,,,,,,,,,,,,,,,,,,,,,,,,,,,,,,,,,,,2025-04-24 13:27:24,Signal Acquired,15.415304,73.906081,-1.07,-0.72,9.47,-0.04,-0.03,0.05,NO
,,,,,,,,,,,,,,,,,,,,,,,,,,,,,,,,,,,,,,,,,,,,,,,,,,,,,,,,,,,,,,,,,,,,,,,,,,,,,,,,,,,,,,,,,,,,,,,,,,,,,,,,,2025-04-24 13:27:26,Signal Acquired,15.415449,73.90607,-1.11,-0.19,9.28,0.0,-0.03,0.09,DETECTED
,,,,,,,,,,,,,,,,,,,,,,,,,,,,,,,,,,,,,,,,,,,,,,,,,,,,,,,,,,,,,,,,,,,,,,,,,,,,,,,,,,,,,,,,,,,,,,,,,,,,,,,,,2025-04-24 13:27:26,Signal Acquired,15.415449,73.90607,-3.04,0.12,8.87,-0.03,0.03,0.08,NO
,,,,,,,,,,,,,,,,,,,,,,,,,,,,,,,,,,,,,,,,,,,,,,,,,,,,,,,,,,,,,,,,,,,,,,,,,,,,,,,,,,,,,,,,,,,,,,,,,,,,,,,,,2025-04-24 13:27:26,Signal Acquired,15.415597,73.906047,0.55,1.67,9.83,0.01,-0.03,0.07,DETECTED
,,,,,,,,,,,,,,,,,,,,,,,,,,,,,,,,,,,,,,,,,,,,,,,,,,,,,,,,,,,,,,,,,,,,,,,,,,,,,,,,,,,,,,,,,,,,,,,,,,,,,,,,,2025-04-24 13:27:29,Signal Acquired,15.415597,73.906047,-0.45,-0.72,8.98,-0.04,-0.0,0.1,NO
,,,,,,,,,,,,,,,,,,,,,,,,,,,,,,,,,,,,,,,,,,,,,,,,,,,,,,,,,,,,,,,,,,,,,,,,,,,,,,,,,,,,,,,,,,,,,,,,,,,,,,,,,2025-04-24 13:27:29,Signal Acquired,15.415752,73.906003,-1.39,0.19,9.3,-0.04,0.01,0.08,NO
,,,,,,,,,,,,,,,,,,,,,,,,,,,,,,,,,,,,,,,,,,,,,,,,,,,,,,,,,,,,,,,,,,,,,,,,,,,,,,,,,,,,,,,,,,,,,,,,,,,,,,,,,2025-04-24 13:27:29,Signal Acquired,15.415752,73.906003,1.36,-0.18,11.09,0.03,-0.01,0.05,NO
,,,,,,,,,,,,,,,,,,,,,,,,,,,,,,,,,,,,,,,,,,,,,,,,,,,,,,,,,,,,,,,,,,,,,,,,,,,,,,,,,,,,,,,,,,,,,,,,,,,,,,,,,2025-04-24 13:27:31,Signal Acquired,15.415896,73.90594,-0.41,-0.32,9.17,0.05,-0.05,0.07,NO
,,,,,,,,,,,,,,,,,,,,,,,,,,,,,,,,,,,,,,,,,,,,,,,,,,,,,,,,,,,,,,,,,,,,,,,,,,,,,,,,,,,,,,,,,,,,,,,,,,,,,,,,,2025-04-24 13:27:31,Signal Acquired,15.415896,73.90594,-1.1,-1.13,9.08,-0.03,-0.08,0.06,NO
,,,,,,,,,,,,,,,,,,,,,,,,,,,,,,,,,,,,,,,,,,,,,,,,,,,,,,,,,,,,,,,,,,,,,,,,,,,,,,,,,,,,,,,,,,,,,,,,,,,,,,,,,2025-04-24 13:27:31,Signal Acquired,15.416033,73.905885,-1.04,-0.37,9.2,-0.01,0.11,0.05,NO
,,,,,,,,,,,,,,,,,,,,,,,,,,,,,,,,,,,,,,,,,,,,,,,,,,,,,,,,,,,,,,,,,,,,,,,,,,,,,,,,,,,,,,,,,,,,,,,,,,,,,,,,,2025-04-24 13:27:33,Signal Acquired,15.416033,73.905885,1.02,-0.58,4.59,-0.1,-0.16,-0.11,NO
,,,,,,,,,,,,,,,,,,,,,,,,,,,,,,,,,,,,,,,,,,,,,,,,,,,,,,,,,,,,,,,,,,,,,,,,,,,,,,,,,,,,,,,,,,,,,,,,,,,,,,,,,2025-04-24 13:27:33,Signal Acquired,15.416165,73.905824,2.96,0.05,9.2,0.02,0.04,0.03,NO
,,,,,,,,,,,,,,,,,,,,,,,,,,,,,,,,,,,,,,,,,,,,,,,,,,,,,,,,,,,,,,,,,,,,,,,,,,,,,,,,,,,,,,,,,,,,,,,,,,,,,,,,,2025-04-24 13:27:33,Signal Acquired,15.416165,73.905824,-0.31,-0.07,9.09,-0.03,0.07,0.02,NO
,,,,,,,,,,,,,,,,,,,,,,,,,,,,,,,,,,,,,,,,,,,,,,,,,,,,,,,,,,,,,,,,,,,,,,,,,,,,,,,,,,,,,,,,,,,,,,,,,,,,,,,,,2025-04-24 13:27:35,Signal Acquired,15.41629,73.905752,0.17,-0.25,9.24,-0.02,0.14,0.0,NO
,,,,,,,,,,,,,,,,,,,,,,,,,,,,,,,,,,,,,,,,,,,,,,,,,,,,,,,,,,,,,,,,,,,,,,,,,,,,,,,,,,,,,,,,,,,,,,,,,,,,,,,,,2025-04-24 13:27:35,Signal Acquired,15.41629,73.905752,1.08,0.32,9.22,-0.05,-0.05,0.01,DETECTED
,,,,,,,,,,,,,,,,,,,,,,,,,,,,,,,,,,,,,,,,,,,,,,,,,,,,,,,,,,,,,,,,,,,,,,,,,,,,,,,,,,,,,,,,,,,,,,,,,,,,,,,,,2025-04-24 13:27:35,Signal Acquired,15.416415,73.905677,-0.31,-0.33,10.31,0.0,-0.0,0.02,NO
,,,,,,,,,,,,,,,,,,,,,,,,,,,,,,,,,,,,,,,,,,,,,,,,,,,,,,,,,,,,,,,,,,,,,,,,,,,,,,,,,,,,,,,,,,,,,,,,,,,,,,,,,2025-04-24 13:27:38,Signal Acquired,15.416415,73.905677,-0.16,0.14,8.48,-0.1,0.19,-0.0,DETECTED
,,,,,,,,,,,,,,,,,,,,,,,,,,,,,,,,,,,,,,,,,,,,,,,,,,,,,,,,,,,,,,,,,,,,,,,,,,,,,,,,,,,,,,,,,,,,,,,,,,,,,,,,,2025-04-24 13:27:38,Signal Acquired,15.416542,73.905602,-1.31,-0.03,10.75,-0.01,-0.03,-0.02,NO
,,,,,,,,,,,,,,,,,,,,,,,,,,,,,,,,,,,,,,,,,,,,,,,,,,,,,,,,,,,,,,,,,,,,,,,,,,,,,,,,,,,,,,,,,,,,,,,,,,,,,,,,,2025-04-24 13:27:38,Signal Acquired,15.416542,73.905602,-1.64,-0.0,8.43,-0.03,0.09,-0.01,NO
,,,,,,,,,,,,,,,,,,,,,,,,,,,,,,,,,,,,,,,,,,,,,,,,,,,,,,,,,,,,,,,,,,,,,,,,,,,,,,,,,,,,,,,,,,,,,,,,,,,,,,,,,2025-04-24 13:27:40,Signal Acquired,15.416666,73.905523,0.82,0.38,9.47,-0.0,-0.02,-0.0,NO
,,,,,,,,,,,,,,,,,,,,,,,,,,,,,,,,,,,,,,,,,,,,,,,,,,,,,,,,,,,,,,,,,,,,,,,,,,,,,,,,,,,,,,,,,,,,,,,,,,,,,,,,,2025-04-24 13:27:40,Signal Acquired,15.416666,73.905523,-4.79,1.88,10.18,0.03,0.05,0.0,DETECTED
,,,,,,,,,,,,,,,,,,,,,,,,,,,,,,,,,,,,,,,,,,,,,,,,,,,,,,,,,,,,,,,,,,,,,,,,,,,,,,,,,,,,,,,,,,,,,,,,,,,,,,,,,2025-04-24 13:27:40,Signal Acquired,15.41679,73.905444,-0.64,0.33,9.42,0.01,0.11,-0.0,DETECTED
,,,,,,,,,,,,,,,,,,,,,,,,,,,,,,,,,,,,,,,,,,,,,,,,,,,,,,,,,,,,,,,,,,,,,,,,,,,,,,,,,,,,,,,,,,,,,,,,,,,,,,,,,2025-04-24 13:27:42,Signal Acquired,15.41679,73.905444,-0.07,-0.07,8.77,-0.02,0.1,-0.01,DETECTED
,,,,,,,,,,,,,,,,,,,,,,,,,,,,,,,,,,,,,,,,,,,,,,,,,,,,,,,,,,,,,,,,,,,,,,,,,,,,,,,,,,,,,,,,,,,,,,,,,,,,,,,,,2025-04-24 13:27:42,Signal Acquired,15.416913,73.905362,1.13,-0.31,9.12,-0.06,0.07,0.02,DETECTED
,,,,,,,,,,,,,,,,,,,,,,,,,,,,,,,,,,,,,,,,,,,,,,,,,,,,,,,,,,,,,,,,,,,,,,,,,,,,,,,,,,,,,,,,,,,,,,,,,,,,,,,,,2025-04-24 13:27:42,Signal Acquired,15.416913,73.905362,-1.2,0.64,9.45,-0.07,0.01,0.0,DETECTED
,,,,,,,,,,,,,,,,,,,,,,,,,,,,,,,,,,,,,,,,,,,,,,,,,,,,,,,,,,,,,,,,,,,,,,,,,,,,,,,,,,,,,,,,,,,,,,,,,,,,,,,,,2025-04-24 13:27:44,Signal Acquired,15.417037,73.905278,-2.06,0.27,9.45,-0.02,0.03,0.05,NO
,,,,,,,,,,,,,,,,,,,,,,,,,,,,,,,,,,,,,,,,,,,,,,,,,,,,,,,,,,,,,,,,,,,,,,,,,,,,,,,,,,,,,,,,,,,,,,,,,,,,,,,,,2025-04-24 13:27:44,Signal Acquired,15.417037,73.905278,-0.6,0.06,9.63,-0.04,-0.03,0.03,NO
,,,,,,,,,,,,,,,,,,,,,,,,,,,,,,,,,,,,,,,,,,,,,,,,,,,,,,,,,,,,,,,,,,,,,,,,,,,,,,,,,,,,,,,,,,,,,,,,,,,,,,,,,2025-04-24 13:27:44,Signal Acquired,15.417158,73.90519,0.44,0.1,9.27,-0.03,-0.02,0.02,NO
,,,,,,,,,,,,,,,,,,,,,,,,,,,,,,,,,,,,,,,,,,,,,,,,,,,,,,,,,,,,,,,,,,,,,,,,,,,,,,,,,,,,,,,,,,,,,,,,,,,,,,,,,2025-04-24 13:27:47,Signal Acquired,15.417158,73.90519,2.23,-0.1,8.61,-0.05,0.08,0.03,NO
,,,,,,,,,,,,,,,,,,,,,,,,,,,,,,,,,,,,,,,,,,,,,,,,,,,,,,,,,,,,,,,,,,,,,,,,,,,,,,,,,,,,,,,,,,,,,,,,,,,,,,,,,2025-04-24 13:27:47,Signal Acquired,15.417277,73.9051,-1.47,-0.6,9.28,-0.1,-0.05,0.04,DETECTED
,,,,,,,,,,,,,,,,,,,,,,,,,,,,,,,,,,,,,,,,,,,,,,,,,,,,,,,,,,,,,,,,,,,,,,,,,,,,,,,,,,,,,,,,,,,,,,,,,,,,,,,,,2025-04-24 13:27:47,Signal Acquired,15.417277,73.9051,-1.08,-0.36,9.98,-0.01,-0.01,0.05,NO
,,,,,,,,,,,,,,,,,,,,,,,,,,,,,,,,,,,,,,,,,,,,,,,,,,,,,,,,,,,,,,,,,,,,,,,,,,,,,,,,,,,,,,,,,,,,,,,,,,,,,,,,,2025-04-24 13:27:49,Signal Acquired,15.417393,73.905004,-0.32,-0.18,9.33,-0.01,-0.02,0.04,NO
,,,,,,,,,,,,,,,,,,,,,,,,,,,,,,,,,,,,,,,,,,,,,,,,,,,,,,,,,,,,,,,,,,,,,,,,,,,,,,,,,,,,,,,,,,,,,,,,,,,,,,,,,2025-04-24 13:27:49,Signal Acquired,15.417393,73.905004,0.04,0.09,9.64,0.06,0.03,0.06,DETECTED
,,,,,,,,,,,,,,,,,,,,,,,,,,,,,,,,,,,,,,,,,,,,,,,,,,,,,,,,,,,,,,,,,,,,,,,,,,,,,,,,,,,,,,,,,,,,,,,,,,,,,,,,,2025-04-24 13:27:49,Signal Acquired,15.417505,73.904903,0.16,-0.23,7.79,-0.15,0.03,0.07,DETECTED
,,,,,,,,,,,,,,,,,,,,,,,,,,,,,,,,,,,,,,,,,,,,,,,,,,,,,,,,,,,,,,,,,,,,,,,,,,,,,,,,,,,,,,,,,,,,,,,,,,,,,,,,,2025-04-24 13:27:51,Signal Acquired,15.417505,73.904903,-0.39,-0.2,8.75,-0.08,-0.02,0.06,NO
,,,,,,,,,,,,,,,,,,,,,,,,,,,,,,,,,,,,,,,,,,,,,,,,,,,,,,,,,,,,,,,,,,,,,,,,,,,,,,,,,,,,,,,,,,,,,,,,,,,,,,,,,2025-04-24 13:27:51,Signal Acquired,15.417612,73.904798,-0.09,0.07,10.18,0.03,0.02,0.03,NO
,,,,,,,,,,,,,,,,,,,,,,,,,,,,,,,,,,,,,,,,,,,,,,,,,,,,,,,,,,,,,,,,,,,,,,,,,,,,,,,,,,,,,,,,,,,,,,,,,,,,,,,,,2025-04-24 13:27:51,Signal Acquired,15.417612,73.904798,-0.12,0.11,9.56,0.03,0.01,0.03,NO
,,,,,,,,,,,,,,,,,,,,,,,,,,,,,,,,,,,,,,,,,,,,,,,,,,,,,,,,,,,,,,,,,,,,,,,,,,,,,,,,,,,,,,,,,,,,,,,,,,,,,,,,,2025-04-24 13:27:53,Signal Acquired,15.417715,73.904687,1.93,-0.52,7.2,-0.12,-0.02,0.0,NO
,,,,,,,,,,,,,,,,,,,,,,,,,,,,,,,,,,,,,,,,,,,,,,,,,,,,,,,,,,,,,,,,,,,,,,,,,,,,,,,,,,,,,,,,,,,,,,,,,,,,,,,,,2025-04-24 13:27:53,Signal Acquired,15.417715,73.904687,-1.75,0.11,10.22,0.01,0.04,0.02,DETECTED
,,,,,,,,,,,,,,,,,,,,,,,,,,,,,,,,,,,,,,,,,,,,,,,,,,,,,,,,,,,,,,,,,,,,,,,,,,,,,,,,,,,,,,,,,,,,,,,,,,,,,,,,,2025-04-24 13:27:53,Signal Acquired,15.417813,73.904576,0.46,-0.06,8.4,-0.02,0.1,0.01,NO
,,,,,,,,,,,,,,,,,,,,,,,,,,,,,,,,,,,,,,,,,,,,,,,,,,,,,,,,,,,,,,,,,,,,,,,,,,,,,,,,,,,,,,,,,,,,,,,,,,,,,,,,,2025-04-24 13:27:56,Signal Acquired,15.417813,73.904576,0.89,0.28,8.82,-0.04,0.02,0.03,NO
,,,,,,,,,,,,,,,,,,,,,,,,,,,,,,,,,,,,,,,,,,,,,,,,,,,,,,,,,,,,,,,,,,,,,,,,,,,,,,,,,,,,,,,,,,,,,,,,,,,,,,,,,2025-04-24 13:27:56,Signal Acquired,15.41791,73.904463,-0.61,-3.06,9.93,0.0,0.1,-0.08,NO
,,,,,,,,,,,,,,,,,,,,,,,,,,,,,,,,,,,,,,,,,,,,,,,,,,,,,,,,,,,,,,,,,,,,,,,,,,,,,,,,,,,,,,,,,,,,,,,,,,,,,,,,,2025-04-24 13:27:56,Signal Acquired,15.41791,73.904463,1.02,0.2,10.43,0.11,0.02,0.01,NO
,,,,,,,,,,,,,,,,,,,,,,,,,,,,,,,,,,,,,,,,,,,,,,,,,,,,,,,,,,,,,,,,,,,,,,,,,,,,,,,,,,,,,,,,,,,,,,,,,,,,,,,,,2025-04-24 13:27:58,Signal Acquired,15.418006,73.904346,0.3,0.03,7.89,-0.02,0.1,-0.0,NO
,,,,,,,,,,,,,,,,,,,,,,,,,,,,,,,,,,,,,,,,,,,,,,,,,,,,,,,,,,,,,,,,,,,,,,,,,,,,,,,,,,,,,,,,,,,,,,,,,,,,,,,,,2025-04-24 13:27:58,Signal Acquired,15.418006,73.904346,0.69,-0.28,10.09,-0.01,0.01,0.02,NO
,,,,,,,,,,,,,,,,,,,,,,,,,,,,,,,,,,,,,,,,,,,,,,,,,,,,,,,,,,,,,,,,,,,,,,,,,,,,,,,,,,,,,,,,,,,,,,,,,,,,,,,,,2025-04-24 13:27:58,Signal Acquired,15.418099,73.90423,1.2,0.09,8.57,-0.04,0.01,-0.0,DETECTED
,,,,,,,,,,,,,,,,,,,,,,,,,,,,,,,,,,,,,,,,,,,,,,,,,,,,,,,,,,,,,,,,,,,,,,,,,,,,,,,,,,,,,,,,,,,,,,,,,,,,,,,,,2025-04-24 13:28:00,Signal Acquired,15.418099,73.90423,1.65,-0.22,8.67,-0.01,-0.0,0.0,DETECTED
,,,,,,,,,,,,,,,,,,,,,,,,,,,,,,,,,,,,,,,,,,,,,,,,,,,,,,,,,,,,,,,,,,,,,,,,,,,,,,,,,,,,,,,,,,,,,,,,,,,,,,,,,2025-04-24 13:28:00,Signal Acquired,15.418192,73.904113,-0.06,0.49,9.25,-0.02,0.08,-0.01,NO
,,,,,,,,,,,,,,,,,,,,,,,,,,,,,,,,,,,,,,,,,,,,,,,,,,,,,,,,,,,,,,,,,,,,,,,,,,,,,,,,,,,,,,,,,,,,,,,,,,,,,,,,,2025-04-24 13:28:00,Signal Acquired,15.418192,73.904113,0.95,0.68,9.43,0.0,0.01,0.01,NO
,,,,,,,,,,,,,,,,,,,,,,,,,,,,,,,,,,,,,,,,,,,,,,,,,,,,,,,,,,,,,,,,,,,,,,,,,,,,,,,,,,,,,,,,,,,,,,,,,,,,,,,,,2025-04-24 13:28:02,Signal Acquired,15.418283,73.903996,1.57,-0.15,8.0,-0.08,0.01,-0.02,NO
,,,,,,,,,,,,,,,,,,,,,,,,,,,,,,,,,,,,,,,,,,,,,,,,,,,,,,,,,,,,,,,,,,,,,,,,,,,,,,,,,,,,,,,,,,,,,,,,,,,,,,,,,2025-04-24 13:28:02,Signal Acquired,15.418283,73.903996,5.0,-0.08,8.19,-0.04,0.08,-0.0,DETECTED
,,,,,,,,,,,,,,,,,,,,,,,,,,,,,,,,,,,,,,,,,,,,,,,,,,,,,,,,,,,,,,,,,,,,,,,,,,,,,,,,,,,,,,,,,,,,,,,,,,,,,,,,,2025-04-24 13:28:02,Signal Acquired,15.418375,73.90388,2.17,-0.84,8.62,-0.05,-0.08,-0.01,DETECTED
,,,,,,,,,,,,,,,,,,,,,,,,,,,,,,,,,,,,,,,,,,,,,,,,,,,,,,,,,,,,,,,,,,,,,,,,,,,,,,,,,,,,,,,,,,,,,,,,,,,,,,,,,2025-04-24 13:28:04,Signal Acquired,15.418375,73.90388,-1.34,-0.34,10.14,-0.09,-0.05,-0.03,NO
,,,,,,,,,,,,,,,,,,,,,,,,,,,,,,,,,,,,,,,,,,,,,,,,,,,,,,,,,,,,,,,,,,,,,,,,,,,,,,,,,,,,,,,,,,,,,,,,,,,,,,,,,2025-04-24 13:28:04,Signal Acquired,15.418468,73.903764,0.11,0.01,10.02,0.04,0.03,-0.02,NO
,,,,,,,,,,,,,,,,,,,,,,,,,,,,,,,,,,,,,,,,,,,,,,,,,,,,,,,,,,,,,,,,,,,,,,,,,,,,,,,,,,,,,,,,,,,,,,,,,,,,,,,,,2025-04-24 13:28:05,Signal Acquired,15.418468,73.903764,0.7,-2.07,9.7,0.08,-0.07,-0.03,DETECTED
,,,,,,,,,,,,,,,,,,,,,,,,,,,,,,,,,,,,,,,,,,,,,,,,,,,,,,,,,,,,,,,,,,,,,,,,,,,,,,,,,,,,,,,,,,,,,,,,,,,,,,,,,2025-04-24 13:28:07,Signal Acquired,15.418563,73.903651,-1.7,0.36,9.52,-0.01,0.12,-0.02,NO
,,,,,,,,,,,,,,,,,,,,,,,,,,,,,,,,,,,,,,,,,,,,,,,,,,,,,,,,,,,,,,,,,,,,,,,,,,,,,,,,,,,,,,,,,,,,,,,,,,,,,,,,,2025-04-24 13:28:07,Signal Acquired,15.418563,73.903651,0.64,-0.74,9.37,-0.02,-0.04,-0.02,NO
,,,,,,,,,,,,,,,,,,,,,,,,,,,,,,,,,,,,,,,,,,,,,,,,,,,,,,,,,,,,,,,,,,,,,,,,,,,,,,,,,,,,,,,,,,,,,,,,,,,,,,,,,2025-04-24 13:28:07,Signal Acquired,15.418661,73.903539,-0.57,-0.06,8.83,-0.06,-0.04,0.0,NO
,,,,,,,,,,,,,,,,,,,,,,,,,,,,,,,,,,,,,,,,,,,,,,,,,,,,,,,,,,,,,,,,,,,,,,,,,,,,,,,,,,,,,,,,,,,,,,,,,,,,,,,,,2025-04-24 13:28:09,Signal Acquired,15.418661,73.903539,2.32,0.45,11.08,0.09,-0.05,0.02,NO
,,,,,,,,,,,,,,,,,,,,,,,,,,,,,,,,,,,,,,,,,,,,,,,,,,,,,,,,,,,,,,,,,,,,,,,,,,,,,,,,,,,,,,,,,,,,,,,,,,,,,,,,,2025-04-24 13:28:09,Signal Acquired,15.41876,73.903427,-0.96,0.1,9.08,0.04,0.1,-0.03,DETECTED
,,,,,,,,,,,,,,,,,,,,,,,,,,,,,,,,,,,,,,,,,,,,,,,,,,,,,,,,,,,,,,,,,,,,,,,,,,,,,,,,,,,,,,,,,,,,,,,,,,,,,,,,,2025-04-24 13:28:09,Signal Acquired,15.41876,73.903427,-1.1,0.29,8.59,-0.05,0.04,-0.02,NO
,,,,,,,,,,,,,,,,,,,,,,,,,,,,,,,,,,,,,,,,,,,,,,,,,,,,,,,,,,,,,,,,,,,,,,,,,,,,,,,,,,,,,,,,,,,,,,,,,,,,,,,,,2025-04-24 13:28:11,Signal Acquired,15.418861,73.903313,-0.75,0.0,9.17,-0.05,0.01,-0.02,NO
,,,,,,,,,,,,,,,,,,,,,,,,,,,,,,,,,,,,,,,,,,,,,,,,,,,,,,,,,,,,,,,,,,,,,,,,,,,,,,,,,,,,,,,,,,,,,,,,,,,,,,,,,2025-04-24 13:28:11,Signal Acquired,15.418861,73.903313,-1.6,1.09,9.4,-0.07,0.08,-0.05,NO
,,,,,,,,,,,,,,,,,,,,,,,,,,,,,,,,,,,,,,,,,,,,,,,,,,,,,,,,,,,,,,,,,,,,,,,,,,,,,,,,,,,,,,,,,,,,,,,,,,,,,,,,,2025-04-24 13:28:11,Signal Acquired,15.418963,73.903205,-2.1,0.95,9.72,-0.03,-0.02,-0.01,NO
,,,,,,,,,,,,,,,,,,,,,,,,,,,,,,,,,,,,,,,,,,,,,,,,,,,,,,,,,,,,,,,,,,,,,,,,,,,,,,,,,,,,,,,,,,,,,,,,,,,,,,,,,2025-04-24 13:28:13,Signal Acquired,15.418963,73.903205,-1.02,0.82,9.06,0.03,-0.05,-0.01,DETECTED
,,,,,,,,,,,,,,,,,,,,,,,,,,,,,,,,,,,,,,,,,,,,,,,,,,,,,,,,,,,,,,,,,,,,,,,,,,,,,,,,,,,,,,,,,,,,,,,,,,,,,,,,,2025-04-24 13:28:13,Signal Acquired,15.419066,73.903101,-2.51,-0.43,9.9,-0.02,-0.02,-0.03,DETECTED
,,,,,,,,,,,,,,,,,,,,,,,,,,,,,,,,,,,,,,,,,,,,,,,,,,,,,,,,,,,,,,,,,,,,,,,,,,,,,,,,,,,,,,,,,,,,,,,,,,,,,,,,,2025-04-24 13:28:13,Signal Acquired,15.419066,73.903101,-1.02,-0.1,10.24,0.13,0.08,-0.02,DETECTED
,,,,,,,,,,,,,,,,,,,,,,,,,,,,,,,,,,,,,,,,,,,,,,,,,,,,,,,,,,,,,,,,,,,,,,,,,,,,,,,,,,,,,,,,,,,,,,,,,,,,,,,,,2025-04-24 13:28:16,Signal Acquired,15.41917,73.902996,-3.17,0.77,8.68,-0.1,0.1,-0.03,DETECTED
,,,,,,,,,,,,,,,,,,,,,,,,,,,,,,,,,,,,,,,,,,,,,,,,,,,,,,,,,,,,,,,,,,,,,,,,,,,,,,,,,,,,,,,,,,,,,,,,,,,,,,,,,2025-04-24 13:28:16,Signal Acquired,15.41917,73.902996,-1.06,-0.63,7.5,-0.16,0.11,-0.02,DETECTED
,,,,,,,,,,,,,,,,,,,,,,,,,,,,,,,,,,,,,,,,,,,,,,,,,,,,,,,,,,,,,,,,,,,,,,,,,,,,,,,,,,,,,,,,,,,,,,,,,,,,,,,,,2025-04-24 13:28:16,Signal Acquired,15.419275,73.90289,2.07,0.41,8.86,-0.02,-0.03,-0.01,NO
,,,,,,,,,,,,,,,,,,,,,,,,,,,,,,,,,,,,,,,,,,,,,,,,,,,,,,,,,,,,,,,,,,,,,,,,,,,,,,,,,,,,,,,,,,,,,,,,,,,,,,,,,2025-04-24 13:28:18,Signal Acquired,15.419275,73.90289,-0.86,-0.19,10.37,0.03,0.07,0.0,NO
,,,,,,,,,,,,,,,,,,,,,,,,,,,,,,,,,,,,,,,,,,,,,,,,,,,,,,,,,,,,,,,,,,,,,,,,,,,,,,,,,,,,,,,,,,,,,,,,,,,,,,,,,2025-04-24 13:28:18,Signal Acquired,15.419379,73.902787,-4.12,-0.48,13.53,0.16,-0.19,0.04,DETECTED
,,,,,,,,,,,,,,,,,,,,,,,,,,,,,,,,,,,,,,,,,,,,,,,,,,,,,,,,,,,,,,,,,,,,,,,,,,,,,,,,,,,,,,,,,,,,,,,,,,,,,,,,,2025-04-24 13:28:18,Signal Acquired,15.419379,73.902787,-1.87,-1.19,7.52,-0.07,0.06,-0.04,DETECTED
,,,,,,,,,,,,,,,,,,,,,,,,,,,,,,,,,,,,,,,,,,,,,,,,,,,,,,,,,,,,,,,,,,,,,,,,,,,,,,,,,,,,,,,,,,,,,,,,,,,,,,,,,2025-04-24 13:28:20,Signal Acquired,15.419484,73.902683,0.39,0.06,8.08,-0.09,0.19,-0.01,NO
,,,,,,,,,,,,,,,,,,,,,,,,,,,,,,,,,,,,,,,,,,,,,,,,,,,,,,,,,,,,,,,,,,,,,,,,,,,,,,,,,,,,,,,,,,,,,,,,,,,,,,,,,2025-04-24 13:28:20,Signal Acquired,15.419484,73.902683,0.93,-0.22,9.72,0.01,-0.03,0.01,NO
,,,,,,,,,,,,,,,,,,,,,,,,,,,,,,,,,,,,,,,,,,,,,,,,,,,,,,,,,,,,,,,,,,,,,,,,,,,,,,,,,,,,,,,,,,,,,,,,,,,,,,,,,2025-04-24 13:28:20,Signal Acquired,15.41959,73.902579,-0.15,0.41,8.73,-0.12,0.05,-0.02,NO
,,,,,,,,,,,,,,,,,,,,,,,,,,,,,,,,,,,,,,,,,,,,,,,,,,,,,,,,,,,,,,,,,,,,,,,,,,,,,,,,,,,,,,,,,,,,,,,,,,,,,,,,,2025-04-24 13:28:22,Signal Acquired,15.41959,73.902579,0.72,-0.72,9.2,0.05,0.17,-0.04,DETECTED
,,,,,,,,,,,,,,,,,,,,,,,,,,,,,,,,,,,,,,,,,,,,,,,,,,,,,,,,,,,,,,,,,,,,,,,,,,,,,,,,,,,,,,,,,,,,,,,,,,,,,,,,,2025-04-24 13:28:22,Signal Acquired,15.419696,73.902475,-1.19,-0.09,9.98,-0.02,0.04,-0.01,NO
,,,,,,,,,,,,,,,,,,,,,,,,,,,,,,,,,,,,,,,,,,,,,,,,,,,,,,,,,,,,,,,,,,,,,,,,,,,,,,,,,,,,,,,,,,,,,,,,,,,,,,,,,2025-04-24 13:28:22,Signal Acquired,15.419696,73.902475,-0.53,-0.18,9.09,-0.05,0.06,-0.01,NO
,,,,,,,,,,,,,,,,,,,,,,,,,,,,,,,,,,,,,,,,,,,,,,,,,,,,,,,,,,,,,,,,,,,,,,,,,,,,,,,,,,,,,,,,,,,,,,,,,,,,,,,,,2025-04-24 13:28:25,Signal Acquired,15.419804,73.902372,1.87,-0.21,8.44,-0.09,-0.08,-0.03,NO
,,,,,,,,,,,,,,,,,,,,,,,,,,,,,,,,,,,,,,,,,,,,,,,,,,,,,,,,,,,,,,,,,,,,,,,,,,,,,,,,,,,,,,,,,,,,,,,,,,,,,,,,,2025-04-24 13:28:25,Signal Acquired,15.419804,73.902372,-2.09,-1.09,9.0,-0.07,0.1,-0.02,DETECTED
,,,,,,,,,,,,,,,,,,,,,,,,,,,,,,,,,,,,,,,,,,,,,,,,,,,,,,,,,,,,,,,,,,,,,,,,,,,,,,,,,,,,,,,,,,,,,,,,,,,,,,,,,2025-04-24 13:28:25,Signal Acquired,15.419912,73.902271,-1.25,-0.2,9.75,-0.06,0.03,-0.05,NO
,,,,,,,,,,,,,,,,,,,,,,,,,,,,,,,,,,,,,,,,,,,,,,,,,,,,,,,,,,,,,,,,,,,,,,,,,,,,,,,,,,,,,,,,,,,,,,,,,,,,,,,,,2025-04-24 13:28:27,Signal Acquired,15.419912,73.902271,-0.51,0.36,10.46,0.05,0.04,-0.03,NO
,,,,,,,,,,,,,,,,,,,,,,,,,,,,,,,,,,,,,,,,,,,,,,,,,,,,,,,,,,,,,,,,,,,,,,,,,,,,,,,,,,,,,,,,,,,,,,,,,,,,,,,,,2025-04-24 13:28:27,Signal Acquired,15.420022,73.902171,-0.36,0.7,9.05,-0.04,0.15,-0.07,NO
,,,,,,,,,,,,,,,,,,,,,,,,,,,,,,,,,,,,,,,,,,,,,,,,,,,,,,,,,,,,,,,,,,,,,,,,,,,,,,,,,,,,,,,,,,,,,,,,,,,,,,,,,2025-04-24 13:28:27,Signal Acquired,15.420022,73.902171,-1.27,-0.96,9.61,-0.06,-0.07,-0.06,NO
,,,,,,,,,,,,,,,,,,,,,,,,,,,,,,,,,,,,,,,,,,,,,,,,,,,,,,,,,,,,,,,,,,,,,,,,,,,,,,,,,,,,,,,,,,,,,,,,,,,,,,,,,2025-04-24 13:28:29,Signal Acquired,15.420135,73.902073,-0.42,-0.79,9.42,-0.0,0.02,-0.05,NO
,,,,,,,,,,,,,,,,,,,,,,,,,,,,,,,,,,,,,,,,,,,,,,,,,,,,,,,,,,,,,,,,,,,,,,,,,,,,,,,,,,,,,,,,,,,,,,,,,,,,,,,,,2025-04-24 13:28:29,Signal Acquired,15.420135,73.902073,2.6,0.74,8.79,0.01,-0.0,-0.04,DETECTED
,,,,,,,,,,,,,,,,,,,,,,,,,,,,,,,,,,,,,,,,,,,,,,,,,,,,,,,,,,,,,,,,,,,,,,,,,,,,,,,,,,,,,,,,,,,,,,,,,,,,,,,,,2025-04-24 13:28:29,Signal Acquired,15.420251,73.901978,-1.61,-0.06,9.21,-0.03,0.09,-0.05,NO
,,,,,,,,,,,,,,,,,,,,,,,,,,,,,,,,,,,,,,,,,,,,,,,,,,,,,,,,,,,,,,,,,,,,,,,,,,,,,,,,,,,,,,,,,,,,,,,,,,,,,,,,,2025-04-24 13:28:31,Signal Acquired,15.420251,73.901978,0.29,0.99,8.96,-0.03,-0.07,-0.04,DETECTED
,,,,,,,,,,,,,,,,,,,,,,,,,,,,,,,,,,,,,,,,,,,,,,,,,,,,,,,,,,,,,,,,,,,,,,,,,,,,,,,,,,,,,,,,,,,,,,,,,,,,,,,,,2025-04-24 13:28:31,Signal Acquired,15.420373,73.901889,1.09,0.47,9.26,-0.01,0.04,-0.06,NO
,,,,,,,,,,,,,,,,,,,,,,,,,,,,,,,,,,,,,,,,,,,,,,,,,,,,,,,,,,,,,,,,,,,,,,,,,,,,,,,,,,,,,,,,,,,,,,,,,,,,,,,,,2025-04-24 13:28:31,Signal Acquired,15.420373,73.901889,0.6,0.51,10.02,0.03,0.13,-0.05,DETECTED
,,,,,,,,,,,,,,,,,,,,,,,,,,,,,,,,,,,,,,,,,,,,,,,,,,,,,,,,,,,,,,,,,,,,,,,,,,,,,,,,,,,,,,,,,,,,,,,,,,,,,,,,,2025-04-24 13:28:34,Signal Acquired,15.420502,73.901805,-4.58,0.78,9.53,0.02,0.05,-0.06,DETECTED
,,,,,,,,,,,,,,,,,,,,,,,,,,,,,,,,,,,,,,,,,,,,,,,,,,,,,,,,,,,,,,,,,,,,,,,,,,,,,,,,,,,,,,,,,,,,,,,,,,,,,,,,,2025-04-24 13:28:34,Signal Acquired,15.420502,73.901805,0.0,0.72,9.97,0.03,0.03,-0.04,NO
,,,,,,,,,,,,,,,,,,,,,,,,,,,,,,,,,,,,,,,,,,,,,,,,,,,,,,,,,,,,,,,,,,,,,,,,,,,,,,,,,,,,,,,,,,,,,,,,,,,,,,,,,2025-04-24 13:28:34,Signal Acquired,15.420639,73.901725,-0.92,0.72,9.23,0.0,0.08,-0.03,NO
,,,,,,,,,,,,,,,,,,,,,,,,,,,,,,,,,,,,,,,,,,,,,,,,,,,,,,,,,,,,,,,,,,,,,,,,,,,,,,,,,,,,,,,,,,,,,,,,,,,,,,,,,2025-04-24 13:28:36,Signal Acquired,15.420639,73.901725,1.26,0.03,8.07,-0.06,0.07,-0.02,NO
,,,,,,,,,,,,,,,,,,,,,,,,,,,,,,,,,,,,,,,,,,,,,,,,,,,,,,,,,,,,,,,,,,,,,,,,,,,,,,,,,,,,,,,,,,,,,,,,,,,,,,,,,2025-04-24 13:28:36,Signal Acquired,15.42078,73.901648,-0.34,0.28,8.75,-0.1,-0.04,-0.01,DETECTED
,,,,,,,,,,,,,,,,,,,,,,,,,,,,,,,,,,,,,,,,,,,,,,,,,,,,,,,,,,,,,,,,,,,,,,,,,,,,,,,,,,,,,,,,,,,,,,,,,,,,,,,,,2025-04-24 13:28:36,Signal Acquired,15.42078,73.901648,2.25,1.71,8.52,-0.21,-0.34,-0.09,DETECTED
,,,,,,,,,,,,,,,,,,,,,,,,,,,,,,,,,,,,,,,,,,,,,,,,,,,,,,,,,,,,,,,,,,,,,,,,,,,,,,,,,,,,,,,,,,,,,,,,,,,,,,,,,2025-04-24 13:28:38,Signal Acquired,15.420927,73.901571,-2.74,0.57,12.1,0.03,-0.13,0.01,DETECTED
,,,,,,,,,,,,,,,,,,,,,,,,,,,,,,,,,,,,,,,,,,,,,,,,,,,,,,,,,,,,,,,,,,,,,,,,,,,,,,,,,,,,,,,,,,,,,,,,,,,,,,,,,2025-04-24 13:28:38,Signal Acquired,15.420927,73.901571,0.75,0.48,10.07,0.09,-0.01,-0.0,DETECTED
,,,,,,,,,,,,,,,,,,,,,,,,,,,,,,,,,,,,,,,,,,,,,,,,,,,,,,,,,,,,,,,,,,,,,,,,,,,,,,,,,,,,,,,,,,,,,,,,,,,,,,,,,2025-04-24 13:28:38,Signal Acquired,15.421078,73.901496,-0.16,0.17,9.16,0.0,0.03,-0.01,NO
,,,,,,,,,,,,,,,,,,,,,,,,,,,,,,,,,,,,,,,,,,,,,,,,,,,,,,,,,,,,,,,,,,,,,,,,,,,,,,,,,,,,,,,,,,,,,,,,,,,,,,,,,2025-04-24 13:28:40,Signal Acquired,15.421078,73.901496,-1.25,-0.73,8.82,-0.05,-0.04,0.0,NO
,,,,,,,,,,,,,,,,,,,,,,,,,,,,,,,,,,,,,,,,,,,,,,,,,,,,,,,,,,,,,,,,,,,,,,,,,,,,,,,,,,,,,,,,,,,,,,,,,,,,,,,,,2025-04-24 13:28:40,Signal Acquired,15.42123,73.901421,2.97,0.2,8.23,-0.03,-0.03,0.02,NO
,,,,,,,,,,,,,,,,,,,,,,,,,,,,,,,,,,,,,,,,,,,,,,,,,,,,,,,,,,,,,,,,,,,,,,,,,,,,,,,,,,,,,,,,,,,,,,,,,,,,,,,,,2025-04-24 13:28:40,Signal Acquired,15.42123,73.901421,2.09,0.23,7.8,-0.16,0.03,-0.01,NO
,,,,,,,,,,,,,,,,,,,,,,,,,,,,,,,,,,,,,,,,,,,,,,,,,,,,,,,,,,,,,,,,,,,,,,,,,,,,,,,,,,,,,,,,,,,,,,,,,,,,,,,,,2025-04-24 13:28:42,Signal Acquired,15.421383,73.901346,-1.55,0.76,11.21,0.09,0.08,-0.01,NO
,,,,,,,,,,,,,,,,,,,,,,,,,,,,,,,,,,,,,,,,,,,,,,,,,,,,,,,,,,,,,,,,,,,,,,,,,,,,,,,,,,,,,,,,,,,,,,,,,,,,,,,,,2025-04-24 13:28:42,Signal Acquired,15.421383,73.901346,0.01,0.6,9.73,0.03,0.01,-0.01,NO
,,,,,,,,,,,,,,,,,,,,,,,,,,,,,,,,,,,,,,,,,,,,,,,,,,,,,,,,,,,,,,,,,,,,,,,,,,,,,,,,,,,,,,,,,,,,,,,,,,,,,,,,,2025-04-24 13:28:42,Signal Acquired,15.421536,73.90127,0.56,0.44,9.12,-0.0,-0.0,0.01,NO
,,,,,,,,,,,,,,,,,,,,,,,,,,,,,,,,,,,,,,,,,,,,,,,,,,,,,,,,,,,,,,,,,,,,,,,,,,,,,,,,,,,,,,,,,,,,,,,,,,,,,,,,,2025-04-24 13:28:45,Signal Acquired,15.421536,73.90127,-0.98,1.09,8.32,-0.04,-0.01,0.0,DETECTED
,,,,,,,,,,,,,,,,,,,,,,,,,,,,,,,,,,,,,,,,,,,,,,,,,,,,,,,,,,,,,,,,,,,,,,,,,,,,,,,,,,,,,,,,,,,,,,,,,,,,,,,,,2025-04-24 13:28:45,Signal Acquired,15.42169,73.901193,2.15,0.33,8.9,-0.07,0.09,-0.0,DETECTED
,,,,,,,,,,,,,,,,,,,,,,,,,,,,,,,,,,,,,,,,,,,,,,,,,,,,,,,,,,,,,,,,,,,,,,,,,,,,,,,,,,,,,,,,,,,,,,,,,,,,,,,,,2025-04-24 13:28:45,Signal Acquired,15.42169,73.901193,2.03,0.66,8.6,-0.1,0.03,-0.0,NO
,,,,,,,,,,,,,,,,,,,,,,,,,,,,,,,,,,,,,,,,,,,,,,,,,,,,,,,,,,,,,,,,,,,,,,,,,,,,,,,,,,,,,,,,,,,,,,,,,,,,,,,,,2025-04-24 13:28:47,Signal Acquired,15.421843,73.901117,-0.55,0.35,10.13,-0.04,0.04,0.01,DETECTED
,,,,,,,,,,,,,,,,,,,,,,,,,,,,,,,,,,,,,,,,,,,,,,,,,,,,,,,,,,,,,,,,,,,,,,,,,,,,,,,,,,,,,,,,,,,,,,,,,,,,,,,,,2025-04-24 13:28:47,Signal Acquired,15.421843,73.901117,0.68,0.85,8.56,0.01,0.02,0.05,NO
,,,,,,,,,,,,,,,,,,,,,,,,,,,,,,,,,,,,,,,,,,,,,,,,,,,,,,,,,,,,,,,,,,,,,,,,,,,,,,,,,,,,,,,,,,,,,,,,,,,,,,,,,2025-04-24 13:28:47,Signal Acquired,15.421996,73.901037,-1.43,1.52,10.51,-0.0,0.01,0.06,DETECTED
,,,,,,,,,,,,,,,,,,,,,,,,,,,,,,,,,,,,,,,,,,,,,,,,,,,,,,,,,,,,,,,,,,,,,,,,,,,,,,,,,,,,,,,,,,,,,,,,,,,,,,,,,2025-04-24 13:28:49,Signal Acquired,15.421996,73.901037,-1.71,8.71,9.01,0.17,-0.0,0.2,DETECTED
,,,,,,,,,,,,,,,,,,,,,,,,,,,,,,,,,,,,,,,,,,,,,,,,,,,,,,,,,,,,,,,,,,,,,,,,,,,,,,,,,,,,,,,,,,,,,,,,,,,,,,,,,2025-04-24 13:28:49,Signal Acquired,15.422147,73.900952,-1.67,0.71,9.9,0.01,0.08,0.08,NO
,,,,,,,,,,,,,,,,,,,,,,,,,,,,,,,,,,,,,,,,,,,,,,,,,,,,,,,,,,,,,,,,,,,,,,,,,,,,,,,,,,,,,,,,,,,,,,,,,,,,,,,,,2025-04-24 13:28:49,Signal Acquired,15.422147,73.900952,-1.19,0.04,9.96,0.01,0.03,0.08,NO
,,,,,,,,,,,,,,,,,,,,,,,,,,,,,,,,,,,,,,,,,,,,,,,,,,,,,,,,,,,,,,,,,,,,,,,,,,,,,,,,,,,,,,,,,,,,,,,,,,,,,,,,,2025-04-24 13:28:51,Signal Acquired,15.422292,73.900857,-3.8,-0.55,8.09,-0.1,0.02,0.09,DETECTED
,,,,,,,,,,,,,,,,,,,,,,,,,,,,,,,,,,,,,,,,,,,,,,,,,,,,,,,,,,,,,,,,,,,,,,,,,,,,,,,,,,,,,,,,,,,,,,,,,,,,,,,,,2025-04-24 13:28:51,Signal Acquired,15.422292,73.900857,-0.58,0.24,10.41,0.07,-0.0,0.09,NO
,,,,,,,,,,,,,,,,,,,,,,,,,,,,,,,,,,,,,,,,,,,,,,,,,,,,,,,,,,,,,,,,,,,,,,,,,,,,,,,,,,,,,,,,,,,,,,,,,,,,,,,,,2025-04-24 13:28:51,Signal Acquired,15.422427,73.900749,-0.66,-0.13,9.58,0.06,0.02,0.07,NO
,,,,,,,,,,,,,,,,,,,,,,,,,,,,,,,,,,,,,,,,,,,,,,,,,,,,,,,,,,,,,,,,,,,,,,,,,,,,,,,,,,,,,,,,,,,,,,,,,,,,,,,,,2025-04-24 13:28:54,Signal Acquired,15.422427,73.900749,-1.98,-0.11,9.1,0.01,-0.02,0.08,NO
,,,,,,,,,,,,,,,,,,,,,,,,,,,,,,,,,,,,,,,,,,,,,,,,,,,,,,,,,,,,,,,,,,,,,,,,,,,,,,,,,,,,,,,,,,,,,,,,,,,,,,,,,2025-04-24 13:28:54,Signal Acquired,15.422556,73.900632,-0.82,0.55,10.53,0.09,0.01,0.05,NO
,,,,,,,,,,,,,,,,,,,,,,,,,,,,,,,,,,,,,,,,,,,,,,,,,,,,,,,,,,,,,,,,,,,,,,,,,,,,,,,,,,,,,,,,,,,,,,,,,,,,,,,,,2025-04-24 13:28:54,Signal Acquired,15.422556,73.900632,-1.58,-0.25,9.04,-0.01,0.01,0.06,NO
,,,,,,,,,,,,,,,,,,,,,,,,,,,,,,,,,,,,,,,,,,,,,,,,,,,,,,,,,,,,,,,,,,,,,,,,,,,,,,,,,,,,,,,,,,,,,,,,,,,,,,,,,2025-04-24 13:28:56,Signal Acquired,15.422676,73.900508,-1.07,-0.08,8.76,-0.03,0.03,0.07,NO
,,,,,,,,,,,,,,,,,,,,,,,,,,,,,,,,,,,,,,,,,,,,,,,,,,,,,,,,,,,,,,,,,,,,,,,,,,,,,,,,,,,,,,,,,,,,,,,,,,,,,,,,,2025-04-24 13:28:56,Signal Acquired,15.422676,73.900508,-0.74,-0.73,8.81,-0.05,0.02,0.07,NO
,,,,,,,,,,,,,,,,,,,,,,,,,,,,,,,,,,,,,,,,,,,,,,,,,,,,,,,,,,,,,,,,,,,,,,,,,,,,,,,,,,,,,,,,,,,,,,,,,,,,,,,,,2025-04-24 13:28:56,Signal Acquired,15.422789,73.900376,-2.34,0.26,9.16,-0.01,0.08,0.04,DETECTED
,,,,,,,,,,,,,,,,,,,,,,,,,,,,,,,,,,,,,,,,,,,,,,,,,,,,,,,,,,,,,,,,,,,,,,,,,,,,,,,,,,,,,,,,,,,,,,,,,,,,,,,,,2025-04-24 13:28:58,Signal Acquired,15.422789,73.900376,-0.24,0.03,10.33,0.02,0.04,0.05,NO
,,,,,,,,,,,,,,,,,,,,,,,,,,,,,,,,,,,,,,,,,,,,,,,,,,,,,,,,,,,,,,,,,,,,,,,,,,,,,,,,,,,,,,,,,,,,,,,,,,,,,,,,,2025-04-24 13:28:58,Signal Acquired,15.422894,73.900236,-0.94,-0.29,9.69,0.02,0.03,0.06,NO
,,,,,,,,,,,,,,,,,,,,,,,,,,,,,,,,,,,,,,,,,,,,,,,,,,,,,,,,,,,,,,,,,,,,,,,,,,,,,,,,,,,,,,,,,,,,,,,,,,,,,,,,,2025-04-24 13:28:58,Signal Acquired,15.422894,73.900236,-0.78,-0.03,9.24,-0.01,-0.01,0.07,NO
,,,,,,,,,,,,,,,,,,,,,,,,,,,,,,,,,,,,,,,,,,,,,,,,,,,,,,,,,,,,,,,,,,,,,,,,,,,,,,,,,,,,,,,,,,,,,,,,,,,,,,,,,2025-04-24 13:29:00,Signal Acquired,15.422992,73.900094,-0.62,0.03,10.01,0.02,0.1,0.07,NO
,,,,,,,,,,,,,,,,,,,,,,,,,,,,,,,,,,,,,,,,,,,,,,,,,,,,,,,,,,,,,,,,,,,,,,,,,,,,,,,,,,,,,,,,,,,,,,,,,,,,,,,,,2025-04-24 13:29:00,Signal Acquired,15.422992,73.900094,-0.02,-0.53,9.45,0.06,-0.02,0.07,NO
,,,,,,,,,,,,,,,,,,,,,,,,,,,,,,,,,,,,,,,,,,,,,,,,,,,,,,,,,,,,,,,,,,,,,,,,,,,,,,,,,,,,,,,,,,,,,,,,,,,,,,,,,2025-04-24 13:29:00,Signal Acquired,15.423082,73.899945,2.88,-1.58,8.96,0.01,0.0,0.1,DETECTED
,,,,,,,,,,,,,,,,,,,,,,,,,,,,,,,,,,,,,,,,,,,,,,,,,,,,,,,,,,,,,,,,,,,,,,,,,,,,,,,,,,,,,,,,,,,,,,,,,,,,,,,,,2025-04-24 13:29:03,Signal Acquired,15.423082,73.899945,0.58,-0.47,8.5,-0.04,0.07,0.02,NO
,,,,,,,,,,,,,,,,,,,,,,,,,,,,,,,,,,,,,,,,,,,,,,,,,,,,,,,,,,,,,,,,,,,,,,,,,,,,,,,,,,,,,,,,,,,,,,,,,,,,,,,,,2025-04-24 13:29:03,Signal Acquired,15.423157,73.899785,0.92,1.32,10.24,0.07,0.09,0.04,DETECTED
,,,,,,,,,,,,,,,,,,,,,,,,,,,,,,,,,,,,,,,,,,,,,,,,,,,,,,,,,,,,,,,,,,,,,,,,,,,,,,,,,,,,,,,,,,,,,,,,,,,,,,,,,2025-04-24 13:29:03,Signal Acquired,15.423157,73.899785,-1.34,0.73,8.11,-0.1,0.08,0.01,NO
,,,,,,,,,,,,,,,,,,,,,,,,,,,,,,,,,,,,,,,,,,,,,,,,,,,,,,,,,,,,,,,,,,,,,,,,,,,,,,,,,,,,,,,,,,,,,,,,,,,,,,,,,2025-04-24 13:29:05,Signal Acquired,15.423228,73.899624,1.59,-0.5,12.6,0.35,-0.03,0.13,DETECTED
,,,,,,,,,,,,,,,,,,,,,,,,,,,,,,,,,,,,,,,,,,,,,,,,,,,,,,,,,,,,,,,,,,,,,,,,,,,,,,,,,,,,,,,,,,,,,,,,,,,,,,,,,2025-04-24 13:29:05,Signal Acquired,15.423228,73.899624,-3.03,0.5,8.16,0.09,0.1,0.03,DETECTED
,,,,,,,,,,,,,,,,,,,,,,,,,,,,,,,,,,,,,,,,,,,,,,,,,,,,,,,,,,,,,,,,,,,,,,,,,,,,,,,,,,,,,,,,,,,,,,,,,,,,,,,,,2025-04-24 13:29:05,Signal Acquired,15.423292,73.899461,0.47,0.57,9.67,0.01,-0.02,0.02,NO
,,,,,,,,,,,,,,,,,,,,,,,,,,,,,,,,,,,,,,,,,,,,,,,,,,,,,,,,,,,,,,,,,,,,,,,,,,,,,,,,,,,,,,,,,,,,,,,,,,,,,,,,,2025-04-24 13:29:07,Signal Acquired,15.423292,73.899461,-0.4,0.94,11.42,-0.04,0.08,0.01,DETECTED
,,,,,,,,,,,,,,,,,,,,,,,,,,,,,,,,,,,,,,,,,,,,,,,,,,,,,,,,,,,,,,,,,,,,,,,,,,,,,,,,,,,,,,,,,,,,,,,,,,,,,,,,,2025-04-24 13:29:07,Signal Acquired,15.423353,73.899294,-1.27,-0.55,11.27,0.02,0.01,0.02,NO
,,,,,,,,,,,,,,,,,,,,,,,,,,,,,,,,,,,,,,,,,,,,,,,,,,,,,,,,,,,,,,,,,,,,,,,,,,,,,,,,,,,,,,,,,,,,,,,,,,,,,,,,,2025-04-24 13:29:07,Signal Acquired,15.423353,73.899294,0.68,-0.14,10.24,0.01,-0.04,0.02,NO
,,,,,,,,,,,,,,,,,,,,,,,,,,,,,,,,,,,,,,,,,,,,,,,,,,,,,,,,,,,,,,,,,,,,,,,,,,,,,,,,,,,,,,,,,,,,,,,,,,,,,,,,,2025-04-24 13:29:09,Signal Acquired,15.423411,73.899127,-1.58,-1.06,9.5,0.03,0.16,-0.05,DETECTED
,,,,,,,,,,,,,,,,,,,,,,,,,,,,,,,,,,,,,,,,,,,,,,,,,,,,,,,,,,,,,,,,,,,,,,,,,,,,,,,,,,,,,,,,,,,,,,,,,,,,,,,,,2025-04-24 13:29:09,Signal Acquired,15.423411,73.899127,-0.72,0.01,9.4,-0.03,0.01,0.01,NO
,,,,,,,,,,,,,,,,,,,,,,,,,,,,,,,,,,,,,,,,,,,,,,,,,,,,,,,,,,,,,,,,,,,,,,,,,,,,,,,,,,,,,,,,,,,,,,,,,,,,,,,,,2025-04-24 13:29:09,Signal Acquired,15.423471,73.898957,0.81,0.22,9.57,-0.0,0.05,0.01,NO
,,,,,,,,,,,,,,,,,,,,,,,,,,,,,,,,,,,,,,,,,,,,,,,,,,,,,,,,,,,,,,,,,,,,,,,,,,,,,,,,,,,,,,,,,,,,,,,,,,,,,,,,,2025-04-24 13:29:11,Signal Acquired,15.423471,73.898957,0.55,-0.49,9.67,0.01,0.05,0.01,NO
,,,,,,,,,,,,,,,,,,,,,,,,,,,,,,,,,,,,,,,,,,,,,,,,,,,,,,,,,,,,,,,,,,,,,,,,,,,,,,,,,,,,,,,,,,,,,,,,,,,,,,,,,2025-04-24 13:29:11,Signal Acquired,15.423529,73.89879,0.65,-0.3,9.44,-0.01,0.0,0.01,NO
,,,,,,,,,,,,,,,,,,,,,,,,,,,,,,,,,,,,,,,,,,,,,,,,,,,,,,,,,,,,,,,,,,,,,,,,,,,,,,,,,,,,,,,,,,,,,,,,,,,,,,,,,2025-04-24 13:29:11,Signal Acquired,15.423529,73.89879,-0.26,0.06,9.75,-0.02,0.02,-0.01,NO
,,,,,,,,,,,,,,,,,,,,,,,,,,,,,,,,,,,,,,,,,,,,,,,,,,,,,,,,,,,,,,,,,,,,,,,,,,,,,,,,,,,,,,,,,,,,,,,,,,,,,,,,,2025-04-24 13:29:14,Signal Acquired,15.423587,73.898622,0.81,-0.22,9.03,-0.03,0.01,-0.01,NO
,,,,,,,,,,,,,,,,,,,,,,,,,,,,,,,,,,,,,,,,,,,,,,,,,,,,,,,,,,,,,,,,,,,,,,,,,,,,,,,,,,,,,,,,,,,,,,,,,,,,,,,,,2025-04-24 13:29:14,Signal Acquired,15.423587,73.898622,-1.8,0.44,9.38,-0.03,-0.02,-0.02,DETECTED
,,,,,,,,,,,,,,,,,,,,,,,,,,,,,,,,,,,,,,,,,,,,,,,,,,,,,,,,,,,,,,,,,,,,,,,,,,,,,,,,,,,,,,,,,,,,,,,,,,,,,,,,,2025-04-24 13:29:14,Signal Acquired,15.423644,73.898458,0.62,0.36,9.25,-0.05,-0.04,-0.0,NO
,,,,,,,,,,,,,,,,,,,,,,,,,,,,,,,,,,,,,,,,,,,,,,,,,,,,,,,,,,,,,,,,,,,,,,,,,,,,,,,,,,,,,,,,,,,,,,,,,,,,,,,,,2025-04-24 13:29:16,Signal Acquired,15.423644,73.898458,0.71,-0.84,6.96,-0.11,0.0,0.02,NO
,,,,,,,,,,,,,,,,,,,,,,,,,,,,,,,,,,,,,,,,,,,,,,,,,,,,,,,,,,,,,,,,,,,,,,,,,,,,,,,,,,,,,,,,,,,,,,,,,,,,,,,,,2025-04-24 13:29:16,Signal Acquired,15.423704,73.898293,-1.03,-0.13,9.33,-0.05,0.01,-0.03,NO
,,,,,,,,,,,,,,,,,,,,,,,,,,,,,,,,,,,,,,,,,,,,,,,,,,,,,,,,,,,,,,,,,,,,,,,,,,,,,,,,,,,,,,,,,,,,,,,,,,,,,,,,,2025-04-24 13:29:16,Signal Acquired,15.423704,73.898293,-1.14,1.21,9.84,-0.07,-0.02,-0.03,NO
,,,,,,,,,,,,,,,,,,,,,,,,,,,,,,,,,,,,,,,,,,,,,,,,,,,,,,,,,,,,,,,,,,,,,,,,,,,,,,,,,,,,,,,,,,,,,,,,,,,,,,,,,2025-04-24 13:29:18,Signal Acquired,15.423762,73.898128,4.75,0.06,8.87,-0.1,-0.03,-0.01,DETECTED
,,,,,,,,,,,,,,,,,,,,,,,,,,,,,,,,,,,,,,,,,,,,,,,,,,,,,,,,,,,,,,,,,,,,,,,,,,,,,,,,,,,,,,,,,,,,,,,,,,,,,,,,,2025-04-24 13:29:18,Signal Acquired,15.423762,73.898128,2.46,1.19,10.59,0.12,0.01,-0.0,NO
,,,,,,,,,,,,,,,,,,,,,,,,,,,,,,,,,,,,,,,,,,,,,,,,,,,,,,,,,,,,,,,,,,,,,,,,,,,,,,,,,,,,,,,,,,,,,,,,,,,,,,,,,2025-04-24 13:29:18,Signal Acquired,15.423821,73.897964,-0.28,0.59,9.61,0.09,0.03,-0.03,DETECTED
,,,,,,,,,,,,,,,,,,,,,,,,,,,,,,,,,,,,,,,,,,,,,,,,,,,,,,,,,,,,,,,,,,,,,,,,,,,,,,,,,,,,,,,,,,,,,,,,,,,,,,,,,2025-04-24 13:29:20,Signal Acquired,15.423821,73.897964,2.11,0.35,8.75,-0.0,0.01,-0.0,NO
,,,,,,,,,,,,,,,,,,,,,,,,,,,,,,,,,,,,,,,,,,,,,,,,,,,,,,,,,,,,,,,,,,,,,,,,,,,,,,,,,,,,,,,,,,,,,,,,,,,,,,,,,2025-04-24 13:29:20,Signal Acquired,15.423881,73.897801,2.22,0.36,9.4,0.02,-0.06,-0.01,NO
,,,,,,,,,,,,,,,,,,,,,,,,,,,,,,,,,,,,,,,,,,,,,,,,,,,,,,,,,,,,,,,,,,,,,,,,,,,,,,,,,,,,,,,,,,,,,,,,,,,,,,,,,2025-04-24 13:29:20,Signal Acquired,15.423881,73.897801,2.41,0.24,7.57,-0.13,0.0,-0.05,NO
,,,,,,,,,,,,,,,,,,,,,,,,,,,,,,,,,,,,,,,,,,,,,,,,,,,,,,,,,,,,,,,,,,,,,,,,,,,,,,,,,,,,,,,,,,,,,,,,,,,,,,,,,2025-04-24 13:29:23,Signal Acquired,15.423941,73.897638,-0.67,-0.15,9.2,-0.04,0.04,-0.05,NO
,,,,,,,,,,,,,,,,,,,,,,,,,,,,,,,,,,,,,,,,,,,,,,,,,,,,,,,,,,,,,,,,,,,,,,,,,,,,,,,,,,,,,,,,,,,,,,,,,,,,,,,,,2025-04-24 13:29:23,Signal Acquired,15.423941,73.897638,2.35,-0.38,9.97,-0.01,-0.05,0.0,DETECTED
,,,,,,,,,,,,,,,,,,,,,,,,,,,,,,,,,,,,,,,,,,,,,,,,,,,,,,,,,,,,,,,,,,,,,,,,,,,,,,,,,,,,,,,,,,,,,,,,,,,,,,,,,2025-04-24 13:29:23,Signal Acquired,15.424006,73.897477,2.3,0.2,8.06,-0.06,0.05,-0.05,NO
,,,,,,,,,,,,,,,,,,,,,,,,,,,,,,,,,,,,,,,,,,,,,,,,,,,,,,,,,,,,,,,,,,,,,,,,,,,,,,,,,,,,,,,,,,,,,,,,,,,,,,,,,2025-04-24 13:29:25,Signal Acquired,15.424006,73.897477,0.83,-0.07,9.57,-0.06,0.04,-0.03,NO
,,,,,,,,,,,,,,,,,,,,,,,,,,,,,,,,,,,,,,,,,,,,,,,,,,,,,,,,,,,,,,,,,,,,,,,,,,,,,,,,,,,,,,,,,,,,,,,,,,,,,,,,,2025-04-24 13:29:25,Signal Acquired,15.424076,73.897315,1.16,0.21,9.42,-0.06,0.03,-0.03,NO
,,,,,,,,,,,,,,,,,,,,,,,,,,,,,,,,,,,,,,,,,,,,,,,,,,,,,,,,,,,,,,,,,,,,,,,,,,,,,,,,,,,,,,,,,,,,,,,,,,,,,,,,,2025-04-24 13:29:25,Signal Acquired,15.424076,73.897315,2.55,-0.73,8.66,-0.03,0.04,-0.03,NO
,,,,,,,,,,,,,,,,,,,,,,,,,,,,,,,,,,,,,,,,,,,,,,,,,,,,,,,,,,,,,,,,,,,,,,,,,,,,,,,,,,,,,,,,,,,,,,,,,,,,,,,,,2025-04-24 13:29:27,Signal Acquired,15.424151,73.897155,-0.67,0.51,9.84,0.01,-0.04,0.01,DETECTED
,,,,,,,,,,,,,,,,,,,,,,,,,,,,,,,,,,,,,,,,,,,,,,,,,,,,,,,,,,,,,,,,,,,,,,,,,,,,,,,,,,,,,,,,,,,,,,,,,,,,,,,,,2025-04-24 13:29:27,Signal Acquired,15.424151,73.897155,2.85,0.47,9.74,-0.02,-0.04,-0.02,DETECTED
,,,,,,,,,,,,,,,,,,,,,,,,,,,,,,,,,,,,,,,,,,,,,,,,,,,,,,,,,,,,,,,,,,,,,,,,,,,,,,,,,,,,,,,,,,,,,,,,,,,,,,,,,2025-04-24 13:29:27,Signal Acquired,15.42423,73.896994,-2.58,1.41,10.69,0.15,-0.07,0.01,DETECTED
,,,,,,,,,,,,,,,,,,,,,,,,,,,,,,,,,,,,,,,,,,,,,,,,,,,,,,,,,,,,,,,,,,,,,,,,,,,,,,,,,,,,,,,,,,,,,,,,,,,,,,,,,2025-04-24 13:29:29,Signal Acquired,15.42423,73.896994,0.04,-0.4,10.59,-0.01,-0.09,-0.01,NO
,,,,,,,,,,,,,,,,,,,,,,,,,,,,,,,,,,,,,,,,,,,,,,,,,,,,,,,,,,,,,,,,,,,,,,,,,,,,,,,,,,,,,,,,,,,,,,,,,,,,,,,,,2025-04-24 13:29:29,Signal Acquired,15.424315,73.896839,-2.08,0.22,11.38,0.2,0.12,-0.05,NO
,,,,,,,,,,,,,,,,,,,,,,,,,,,,,,,,,,,,,,,,,,,,,,,,,,,,,,,,,,,,,,,,,,,,,,,,,,,,,,,,,,,,,,,,,,,,,,,,,,,,,,,,,2025-04-24 13:29:29,Signal Acquired,15.424315,73.896839,9.36,-1.02,10.55,0.04,0.26,0.05,DETECTED
,,,,,,,,,,,,,,,,,,,,,,,,,,,,,,,,,,,,,,,,,,,,,,,,,,,,,,,,,,,,,,,,,,,,,,,,,,,,,,,,,,,,,,,,,,,,,,,,,,,,,,,,,2025-04-24 13:29:31,Signal Acquired,15.424406,73.8967,6.33,0.74,9.86,0.03,0.22,0.01,DETECTED
,,,,,,,,,,,,,,,,,,,,,,,,,,,,,,,,,,,,,,,,,,,,,,,,,,,,,,,,,,,,,,,,,,,,,,,,,,,,,,,,,,,,,,,,,,,,,,,,,,,,,,,,,2025-04-24 13:29:31,Signal Acquired,15.424406,73.8967,1.85,0.43,9.02,0.04,0.01,-0.02,DETECTED
,,,,,,,,,,,,,,,,,,,,,,,,,,,,,,,,,,,,,,,,,,,,,,,,,,,,,,,,,,,,,,,,,,,,,,,,,,,,,,,,,,,,,,,,,,,,,,,,,,,,,,,,,2025-04-24 13:29:31,Signal Acquired,15.4245,73.896553,-2.25,-0.17,9.77,-0.01,0.15,-0.08,DETECTED
,,,,,,,,,,,,,,,,,,,,,,,,,,,,,,,,,,,,,,,,,,,,,,,,,,,,,,,,,,,,,,,,,,,,,,,,,,,,,,,,,,,,,,,,,,,,,,,,,,,,,,,,,2025-04-24 13:29:34,Signal Acquired,15.4245,73.896553,1.03,-0.1,10.01,-0.04,-0.04,-0.02,NO
,,,,,,,,,,,,,,,,,,,,,,,,,,,,,,,,,,,,,,,,,,,,,,,,,,,,,,,,,,,,,,,,,,,,,,,,,,,,,,,,,,,,,,,,,,,,,,,,,,,,,,,,,2025-04-24 13:29:34,Signal Acquired,15.424594,73.896405,1.61,0.74,8.89,0.01,0.08,-0.05,NO
,,,,,,,,,,,,,,,,,,,,,,,,,,,,,,,,,,,,,,,,,,,,,,,,,,,,,,,,,,,,,,,,,,,,,,,,,,,,,,,,,,,,,,,,,,,,,,,,,,,,,,,,,2025-04-24 13:29:34,Signal Acquired,15.424594,73.896405,-0.68,0.05,8.78,-0.02,0.06,-0.04,DETECTED
,,,,,,,,,,,,,,,,,,,,,,,,,,,,,,,,,,,,,,,,,,,,,,,,,,,,,,,,,,,,,,,,,,,,,,,,,,,,,,,,,,,,,,,,,,,,,,,,,,,,,,,,,2025-04-24 13:29:36,Signal Acquired,15.424692,73.89626,-1.48,-0.2,9.57,-0.03,0.1,-0.04,DETECTED
,,,,,,,,,,,,,,,,,,,,,,,,,,,,,,,,,,,,,,,,,,,,,,,,,,,,,,,,,,,,,,,,,,,,,,,,,,,,,,,,,,,,,,,,,,,,,,,,,,,,,,,,,2025-04-24 13:29:36,Signal Acquired,15.424692,73.89626,-2.89,-0.21,8.24,-0.03,-0.01,-0.0,DETECTED
,,,,,,,,,,,,,,,,,,,,,,,,,,,,,,,,,,,,,,,,,,,,,,,,,,,,,,,,,,,,,,,,,,,,,,,,,,,,,,,,,,,,,,,,,,,,,,,,,,,,,,,,,2025-04-24 13:29:36,Signal Acquired,15.424793,73.896118,0.3,0.28,9.33,-0.02,0.06,-0.0,NO
,,,,,,,,,,,,,,,,,,,,,,,,,,,,,,,,,,,,,,,,,,,,,,,,,,,,,,,,,,,,,,,,,,,,,,,,,,,,,,,,,,,,,,,,,,,,,,,,,,,,,,,,,2025-04-24 13:29:39,Signal Acquired,15.424793,73.896118,-1.2,0.13,8.68,-0.07,0.02,-0.01,NO
,,,,,,,,,,,,,,,,,,,,,,,,,,,,,,,,,,,,,,,,,,,,,,,,,,,,,,,,,,,,,,,,,,,,,,,,,,,,,,,,,,,,,,,,,,,,,,,,,,,,,,,,,2025-04-24 13:29:39,Signal Acquired,15.424897,73.895978,0.12,-0.6,9.45,-0.02,0.09,-0.02,NO
,,,,,,,,,,,,,,,,,,,,,,,,,,,,,,,,,,,,,,,,,,,,,,,,,,,,,,,,,,,,,,,,,,,,,,,,,,,,,,,,,,,,,,,,,,,,,,,,,,,,,,,,,2025-04-24 13:29:39,Signal Acquired,15.424897,73.895978,1.37,-0.46,9.3,-0.08,0.1,-0.02,DETECTED
,,,,,,,,,,,,,,,,,,,,,,,,,,,,,,,,,,,,,,,,,,,,,,,,,,,,,,,,,,,,,,,,,,,,,,,,,,,,,,,,,,,,,,,,,,,,,,,,,,,,,,,,,2025-04-24 13:29:41,Signal Acquired,15.425003,73.895833,1.79,-0.36,9.9,-0.06,0.01,-0.02,NO
,,,,,,,,,,,,,,,,,,,,,,,,,,,,,,,,,,,,,,,,,,,,,,,,,,,,,,,,,,,,,,,,,,,,,,,,,,,,,,,,,,,,,,,,,,,,,,,,,,,,,,,,,2025-04-24 13:29:41,Signal Acquired,15.425003,73.895833,2.55,0.43,9.05,-0.03,0.03,-0.02,DETECTED
,,,,,,,,,,,,,,,,,,,,,,,,,,,,,,,,,,,,,,,,,,,,,,,,,,,,,,,,,,,,,,,,,,,,,,,,,,,,,,,,,,,,,,,,,,,,,,,,,,,,,,,,,2025-04-24 13:29:41,Signal Acquired,15.425112,73.895698,-0.12,-0.13,9.84,-0.02,-0.03,-0.02,NO
,,,,,,,,,,,,,,,,,,,,,,,,,,,,,,,,,,,,,,,,,,,,,,,,,,,,,,,,,,,,,,,,,,,,,,,,,,,,,,,,,,,,,,,,,,,,,,,,,,,,,,,,,2025-04-24 13:29:43,Signal Acquired,15.425112,73.895698,2.22,-0.36,8.77,-0.04,-0.01,-0.0,DETECTED
,,,,,,,,,,,,,,,,,,,,,,,,,,,,,,,,,,,,,,,,,,,,,,,,,,,,,,,,,,,,,,,,,,,,,,,,,,,,,,,,,,,,,,,,,,,,,,,,,,,,,,,,,2025-04-24 13:29:43,Signal Acquired,15.425221,73.89556,-0.27,-1.22,8.88,-0.04,0.06,0.02,DETECTED
,,,,,,,,,,,,,,,,,,,,,,,,,,,,,,,,,,,,,,,,,,,,,,,,,,,,,,,,,,,,,,,,,,,,,,,,,,,,,,,,,,,,,,,,,,,,,,,,,,,,,,,,,2025-04-24 13:29:43,Signal Acquired,15.425221,73.89556,0.56,-0.39,9.93,-0.01,-0.05,-0.0,DETECTED
,,,,,,,,,,,,,,,,,,,,,,,,,,,,,,,,,,,,,,,,,,,,,,,,,,,,,,,,,,,,,,,,,,,,,,,,,,,,,,,,,,,,,,,,,,,,,,,,,,,,,,,,,2025-04-24 13:29:45,Signal Acquired,15.425329,73.895425,-3.43,-0.23,10.5,0.04,0.03,0.01,NO
,,,,,,,,,,,,,,,,,,,,,,,,,,,,,,,,,,,,,,,,,,,,,,,,,,,,,,,,,,,,,,,,,,,,,,,,,,,,,,,,,,,,,,,,,,,,,,,,,,,,,,,,,2025-04-24 13:29:45,Signal Acquired,15.425329,73.895425,1.89,0.5,6.84,-0.02,-0.02,0.04,DETECTED
,,,,,,,,,,,,,,,,,,,,,,,,,,,,,,,,,,,,,,,,,,,,,,,,,,,,,,,,,,,,,,,,,,,,,,,,,,,,,,,,,,,,,,,,,,,,,,,,,,,,,,,,,2025-04-24 13:29:45,Signal Acquired,15.425434,73.895285,-0.68,0.17,8.52,-0.07,0.0,0.0,NO
,,,,,,,,,,,,,,,,,,,,,,,,,,,,,,,,,,,,,,,,,,,,,,,,,,,,,,,,,,,,,,,,,,,,,,,,,,,,,,,,,,,,,,,,,,,,,,,,,,,,,,,,,2025-04-24 13:29:47,Signal Acquired,15.425434,73.895285,-0.4,-0.63,10.24,-0.03,0.01,0.03,NO
,,,,,,,,,,,,,,,,,,,,,,,,,,,,,,,,,,,,,,,,,,,,,,,,,,,,,,,,,,,,,,,,,,,,,,,,,,,,,,,,,,,,,,,,,,,,,,,,,,,,,,,,,2025-04-24 13:29:47,Signal Acquired,15.425543,73.895146,2.09,-0.36,9.53,0.0,0.04,0.01,NO
,,,,,,,,,,,,,,,,,,,,,,,,,,,,,,,,,,,,,,,,,,,,,,,,,,,,,,,,,,,,,,,,,,,,,,,,,,,,,,,,,,,,,,,,,,,,,,,,,,,,,,,,,2025-04-24 13:29:47,Signal Acquired,15.425543,73.895146,-0.48,0.74,9.32,-0.01,0.04,-0.01,NO
,,,,,,,,,,,,,,,,,,,,,,,,,,,,,,,,,,,,,,,,,,,,,,,,,,,,,,,,,,,,,,,,,,,,,,,,,,,,,,,,,,,,,,,,,,,,,,,,,,,,,,,,,2025-04-24 13:29:50,Signal Acquired,15.425651,73.895008,0.0,-0.25,9.54,-0.04,0.01,-0.01,NO
,,,,,,,,,,,,,,,,,,,,,,,,,,,,,,,,,,,,,,,,,,,,,,,,,,,,,,,,,,,,,,,,,,,,,,,,,,,,,,,,,,,,,,,,,,,,,,,,,,,,,,,,,2025-04-24 13:29:50,Signal Acquired,15.425651,73.895008,-0.34,0.18,9.46,-0.0,-0.03,0.01,NO
,,,,,,,,,,,,,,,,,,,,,,,,,,,,,,,,,,,,,,,,,,,,,,,,,,,,,,,,,,,,,,,,,,,,,,,,,,,,,,,,,,,,,,,,,,,,,,,,,,,,,,,,,2025-04-24 13:29:50,Signal Acquired,15.425755,73.894872,-0.7,0.48,9.08,-0.02,0.13,-0.02,NO
,,,,,,,,,,,,,,,,,,,,,,,,,,,,,,,,,,,,,,,,,,,,,,,,,,,,,,,,,,,,,,,,,,,,,,,,,,,,,,,,,,,,,,,,,,,,,,,,,,,,,,,,,2025-04-24 13:29:52,Signal Acquired,15.425755,73.894872,2.82,-0.25,9.24,-0.05,-0.06,-0.0,NO
,,,,,,,,,,,,,,,,,,,,,,,,,,,,,,,,,,,,,,,,,,,,,,,,,,,,,,,,,,,,,,,,,,,,,,,,,,,,,,,,,,,,,,,,,,,,,,,,,,,,,,,,,2025-04-24 13:29:52,Signal Acquired,15.425856,73.894736,0.08,-0.07,9.99,-0.0,0.09,-0.02,DETECTED
,,,,,,,,,,,,,,,,,,,,,,,,,,,,,,,,,,,,,,,,,,,,,,,,,,,,,,,,,,,,,,,,,,,,,,,,,,,,,,,,,,,,,,,,,,,,,,,,,,,,,,,,,2025-04-24 13:29:52,Signal Acquired,15.425856,73.894736,0.24,0.38,9.35,0.03,-0.1,0.02,DETECTED
,,,,,,,,,,,,,,,,,,,,,,,,,,,,,,,,,,,,,,,,,,,,,,,,,,,,,,,,,,,,,,,,,,,,,,,,,,,,,,,,,,,,,,,,,,,,,,,,,,,,,,,,,2025-04-24 13:29:54,Signal Acquired,15.425973,73.894595,-0.11,0.02,8.67,-0.03,-0.06,0.01,DETECTED
,,,,,,,,,,,,,,,,,,,,,,,,,,,,,,,,,,,,,,,,,,,,,,,,,,,,,,,,,,,,,,,,,,,,,,,,,,,,,,,,,,,,,,,,,,,,,,,,,,,,,,,,,2025-04-24 13:29:54,Signal Acquired,15.425973,73.894595,-1.45,0.48,9.32,0.0,-0.01,0.01,NO
,,,,,,,,,,,,,,,,,,,,,,,,,,,,,,,,,,,,,,,,,,,,,,,,,,,,,,,,,,,,,,,,,,,,,,,,,,,,,,,,,,,,,,,,,,,,,,,,,,,,,,,,,2025-04-24 13:29:54,Signal Acquired,15.426081,73.894458,0.2,1.01,9.78,-0.02,0.09,0.02,DETECTED
,,,,,,,,,,,,,,,,,,,,,,,,,,,,,,,,,,,,,,,,,,,,,,,,,,,,,,,,,,,,,,,,,,,,,,,,,,,,,,,,,,,,,,,,,,,,,,,,,,,,,,,,,2025-04-24 13:29:56,Signal Acquired,15.426081,73.894458,-0.29,0.27,9.32,0.02,0.1,0.0,NO
,,,,,,,,,,,,,,,,,,,,,,,,,,,,,,,,,,,,,,,,,,,,,,,,,,,,,,,,,,,,,,,,,,,,,,,,,,,,,,,,,,,,,,,,,,,,,,,,,,,,,,,,,2025-04-24 13:29:56,Signal Acquired,15.426189,73.894321,0.89,0.13,9.77,-0.03,-0.02,0.02,NO
,,,,,,,,,,,,,,,,,,,,,,,,,,,,,,,,,,,,,,,,,,,,,,,,,,,,,,,,,,,,,,,,,,,,,,,,,,,,,,,,,,,,,,,,,,,,,,,,,,,,,,,,,2025-04-24 13:29:56,Signal Acquired,15.426189,73.894321,-0.87,-0.06,11.05,-0.08,0.02,0.02,DETECTED
,,,,,,,,,,,,,,,,,,,,,,,,,,,,,,,,,,,,,,,,,,,,,,,,,,,,,,,,,,,,,,,,,,,,,,,,,,,,,,,,,,,,,,,,,,,,,,,,,,,,,,,,,2025-04-24 13:29:59,Signal Acquired,15.426302,73.894181,0.76,0.22,9.96,0.0,-0.01,-0.01,NO
,,,,,,,,,,,,,,,,,,,,,,,,,,,,,,,,,,,,,,,,,,,,,,,,,,,,,,,,,,,,,,,,,,,,,,,,,,,,,,,,,,,,,,,,,,,,,,,,,,,,,,,,,2025-04-24 13:29:59,Signal Acquired,15.426302,73.894181,-0.01,-0.89,9.99,-0.05,0.01,-0.01,NO
,,,,,,,,,,,,,,,,,,,,,,,,,,,,,,,,,,,,,,,,,,,,,,,,,,,,,,,,,,,,,,,,,,,,,,,,,,,,,,,,,,,,,,,,,,,,,,,,,,,,,,,,,2025-04-24 13:29:59,Signal Acquired,15.426411,73.894042,0.15,-0.54,9.06,-0.02,-0.02,0.0,NO
,,,,,,,,,,,,,,,,,,,,,,,,,,,,,,,,,,,,,,,,,,,,,,,,,,,,,,,,,,,,,,,,,,,,,,,,,,,,,,,,,,,,,,,,,,,,,,,,,,,,,,,,,2025-04-24 13:30:01,Signal Acquired,15.426411,73.894042,1.24,0.08,9.71,-0.01,-0.01,0.03,NO
,,,,,,,,,,,,,,,,,,,,,,,,,,,,,,,,,,,,,,,,,,,,,,,,,,,,,,,,,,,,,,,,,,,,,,,,,,,,,,,,,,,,,,,,,,,,,,,,,,,,,,,,,2025-04-24 13:30:01,Signal Acquired,15.426519,73.893902,-1.64,0.01,9.22,-0.02,0.05,-0.02,NO
,,,,,,,,,,,,,,,,,,,,,,,,,,,,,,,,,,,,,,,,,,,,,,,,,,,,,,,,,,,,,,,,,,,,,,,,,,,,,,,,,,,,,,,,,,,,,,,,,,,,,,,,,2025-04-24 13:30:01,Signal Acquired,15.426519,73.893902,1.02,-0.05,9.32,-0.03,-0.04,-0.02,NO
,,,,,,,,,,,,,,,,,,,,,,,,,,,,,,,,,,,,,,,,,,,,,,,,,,,,,,,,,,,,,,,,,,,,,,,,,,,,,,,,,,,,,,,,,,,,,,,,,,,,,,,,,2025-04-24 13:30:03,Signal Acquired,15.426626,73.893763,1.18,0.89,8.03,-0.03,-0.05,-0.01,NO
,,,,,,,,,,,,,,,,,,,,,,,,,,,,,,,,,,,,,,,,,,,,,,,,,,,,,,,,,,,,,,,,,,,,,,,,,,,,,,,,,,,,,,,,,,,,,,,,,,,,,,,,,2025-04-24 13:30:03,Signal Acquired,15.426626,73.893763,-3.25,0.27,9.0,-0.07,0.08,0.01,NO
,,,,,,,,,,,,,,,,,,,,,,,,,,,,,,,,,,,,,,,,,,,,,,,,,,,,,,,,,,,,,,,,,,,,,,,,,,,,,,,,,,,,,,,,,,,,,,,,,,,,,,,,,2025-04-24 13:30:03,Signal Acquired,15.426733,73.893624,-0.45,0.15,9.5,-0.03,-0.01,-0.01,NO
,,,,,,,,,,,,,,,,,,,,,,,,,,,,,,,,,,,,,,,,,,,,,,,,,,,,,,,,,,,,,,,,,,,,,,,,,,,,,,,,,,,,,,,,,,,,,,,,,,,,,,,,,2025-04-24 13:30:05,Signal Acquired,15.426733,73.893624,-0.55,0.47,9.56,-0.02,0.04,-0.01,NO
,,,,,,,,,,,,,,,,,,,,,,,,,,,,,,,,,,,,,,,,,,,,,,,,,,,,,,,,,,,,,,,,,,,,,,,,,,,,,,,,,,,,,,,,,,,,,,,,,,,,,,,,,2025-04-24 13:30:05,Signal Acquired,15.42684,73.893485,-0.42,0.48,9.23,0.03,0.05,-0.0,DETECTED
,,,,,,,,,,,,,,,,,,,,,,,,,,,,,,,,,,,,,,,,,,,,,,,,,,,,,,,,,,,,,,,,,,,,,,,,,,,,,,,,,,,,,,,,,,,,,,,,,,,,,,,,,2025-04-24 13:30:05,Signal Acquired,15.42684,73.893485,0.33,-0.25,9.86,-0.02,0.02,-0.02,NO
,,,,,,,,,,,,,,,,,,,,,,,,,,,,,,,,,,,,,,,,,,,,,,,,,,,,,,,,,,,,,,,,,,,,,,,,,,,,,,,,,,,,,,,,,,,,,,,,,,,,,,,,,2025-04-24 13:30:08,Signal Acquired,15.426949,73.893345,2.86,-0.09,9.29,-0.05,0.04,-0.01,NO
,,,,,,,,,,,,,,,,,,,,,,,,,,,,,,,,,,,,,,,,,,,,,,,,,,,,,,,,,,,,,,,,,,,,,,,,,,,,,,,,,,,,,,,,,,,,,,,,,,,,,,,,,2025-04-24 13:30:08,Signal Acquired,15.426949,73.893345,0.19,-0.11,9.54,-0.02,-0.03,-0.0,NO
,,,,,,,,,,,,,,,,,,,,,,,,,,,,,,,,,,,,,,,,,,,,,,,,,,,,,,,,,,,,,,,,,,,,,,,,,,,,,,,,,,,,,,,,,,,,,,,,,,,,,,,,,2025-04-24 13:30:08,Signal Acquired,15.427058,73.893207,1.42,-0.96,9.05,-0.07,-0.13,-0.0,DETECTED
,,,,,,,,,,,,,,,,,,,,,,,,,,,,,,,,,,,,,,,,,,,,,,,,,,,,,,,,,,,,,,,,,,,,,,,,,,,,,,,,,,,,,,,,,,,,,,,,,,,,,,,,,2025-04-24 13:30:10,Signal Acquired,15.427058,73.893207,-0.76,-0.84,9.74,-0.06,0.05,-0.0,NO
,,,,,,,,,,,,,,,,,,,,,,,,,,,,,,,,,,,,,,,,,,,,,,,,,,,,,,,,,,,,,,,,,,,,,,,,,,,,,,,,,,,,,,,,,,,,,,,,,,,,,,,,,2025-04-24 13:30:10,Signal Acquired,15.427167,73.89307,-1.51,-1.02,9.91,-0.01,-0.01,-0.01,NO
,,,,,,,,,,,,,,,,,,,,,,,,,,,,,,,,,,,,,,,,,,,,,,,,,,,,,,,,,,,,,,,,,,,,,,,,,,,,,,,,,,,,,,,,,,,,,,,,,,,,,,,,,2025-04-24 13:30:10,Signal Acquired,15.427167,73.89307,-1.39,0.0,10.12,0.04,-0.12,0.0,DETECTED
,,,,,,,,,,,,,,,,,,,,,,,,,,,,,,,,,,,,,,,,,,,,,,,,,,,,,,,,,,,,,,,,,,,,,,,,,,,,,,,,,,,,,,,,,,,,,,,,,,,,,,,,,2025-04-24 13:30:12,Signal Acquired,15.427277,73.892934,1.57,0.65,10.68,0.06,0.02,-0.03,NO
,,,,,,,,,,,,,,,,,,,,,,,,,,,,,,,,,,,,,,,,,,,,,,,,,,,,,,,,,,,,,,,,,,,,,,,,,,,,,,,,,,,,,,,,,,,,,,,,,,,,,,,,,2025-04-24 13:30:12,Signal Acquired,15.427277,73.892934,-2.21,0.57,9.76,0.0,0.18,-0.02,DETECTED
,,,,,,,,,,,,,,,,,,,,,,,,,,,,,,,,,,,,,,,,,,,,,,,,,,,,,,,,,,,,,,,,,,,,,,,,,,,,,,,,,,,,,,,,,,,,,,,,,,,,,,,,,2025-04-24 13:30:12,Signal Acquired,15.427388,73.892798,0.83,1.05,8.86,-0.04,-0.08,-0.03,NO
,,,,,,,,,,,,,,,,,,,,,,,,,,,,,,,,,,,,,,,,,,,,,,,,,,,,,,,,,,,,,,,,,,,,,,,,,,,,,,,,,,,,,,,,,,,,,,,,,,,,,,,,,2025-04-24 13:30:14,Signal Acquired,15.427388,73.892798,1.14,0.87,8.99,0.04,0.02,-0.0,NO
,,,,,,,,,,,,,,,,,,,,,,,,,,,,,,,,,,,,,,,,,,,,,,,,,,,,,,,,,,,,,,,,,,,,,,,,,,,,,,,,,,,,,,,,,,,,,,,,,,,,,,,,,2025-04-24 13:30:14,Signal Acquired,15.427501,73.892663,0.98,0.95,9.41,-0.0,0.01,-0.01,DETECTED
,,,,,,,,,,,,,,,,,,,,,,,,,,,,,,,,,,,,,,,,,,,,,,,,,,,,,,,,,,,,,,,,,,,,,,,,,,,,,,,,,,,,,,,,,,,,,,,,,,,,,,,,,2025-04-24 13:30:14,Signal Acquired,15.427501,73.892663,-0.24,-0.07,9.1,-0.04,0.05,0.0,DETECTED
,,,,,,,,,,,,,,,,,,,,,,,,,,,,,,,,,,,,,,,,,,,,,,,,,,,,,,,,,,,,,,,,,,,,,,,,,,,,,,,,,,,,,,,,,,,,,,,,,,,,,,,,,2025-04-24 13:30:16,Signal Acquired,15.427614,73.89253,0.55,0.33,9.31,-0.08,0.16,-0.04,DETECTED
,,,,,,,,,,,,,,,,,,,,,,,,,,,,,,,,,,,,,,,,,,,,,,,,,,,,,,,,,,,,,,,,,,,,,,,,,,,,,,,,,,,,,,,,,,,,,,,,,,,,,,,,,2025-04-24 13:30:16,Signal Acquired,15.427614,73.89253,0.8,-0.14,10.46,-0.01,0.1,-0.02,NO
,,,,,,,,,,,,,,,,,,,,,,,,,,,,,,,,,,,,,,,,,,,,,,,,,,,,,,,,,,,,,,,,,,,,,,,,,,,,,,,,,,,,,,,,,,,,,,,,,,,,,,,,,2025-04-24 13:30:16,Signal Acquired,15.427728,73.892398,0.52,0.32,7.95,-0.09,-0.0,-0.0,NO
,,,,,,,,,,,,,,,,,,,,,,,,,,,,,,,,,,,,,,,,,,,,,,,,,,,,,,,,,,,,,,,,,,,,,,,,,,,,,,,,,,,,,,,,,,,,,,,,,,,,,,,,,2025-04-24 13:30:19,Signal Acquired,15.427728,73.892398,-0.69,-0.61,10.07,0.01,-0.06,0.0,NO
,,,,,,,,,,,,,,,,,,,,,,,,,,,,,,,,,,,,,,,,,,,,,,,,,,,,,,,,,,,,,,,,,,,,,,,,,,,,,,,,,,,,,,,,,,,,,,,,,,,,,,,,,2025-04-24 13:30:19,Signal Acquired,15.427842,73.892265,7.26,3.75,11.12,0.31,-0.14,-0.03,NO
,,,,,,,,,,,,,,,,,,,,,,,,,,,,,,,,,,,,,,,,,,,,,,,,,,,,,,,,,,,,,,,,,,,,,,,,,,,,,,,,,,,,,,,,,,,,,,,,,,,,,,,,,2025-04-24 13:30:19,Signal Acquired,15.427842,73.892265,-1.18,0.14,9.9,-0.0,0.02,-0.01,NO
,,,,,,,,,,,,,,,,,,,,,,,,,,,,,,,,,,,,,,,,,,,,,,,,,,,,,,,,,,,,,,,,,,,,,,,,,,,,,,,,,,,,,,,,,,,,,,,,,,,,,,,,,2025-04-24 13:30:21,Signal Acquired,15.427956,73.892133,1.05,-0.26,9.27,-0.0,0.02,0.01,NO
,,,,,,,,,,,,,,,,,,,,,,,,,,,,,,,,,,,,,,,,,,,,,,,,,,,,,,,,,,,,,,,,,,,,,,,,,,,,,,,,,,,,,,,,,,,,,,,,,,,,,,,,,2025-04-24 13:30:21,Signal Acquired,15.427956,73.892133,0.48,-0.61,8.79,-0.06,-0.01,-0.03,NO
,,,,,,,,,,,,,,,,,,,,,,,,,,,,,,,,,,,,,,,,,,,,,,,,,,,,,,,,,,,,,,,,,,,,,,,,,,,,,,,,,,,,,,,,,,,,,,,,,,,,,,,,,2025-04-24 13:30:21,Signal Acquired,15.42807,73.892003,1.19,0.58,9.54,0.09,-0.02,-0.0,NO
,,,,,,,,,,,,,,,,,,,,,,,,,,,,,,,,,,,,,,,,,,,,,,,,,,,,,,,,,,,,,,,,,,,,,,,,,,,,,,,,,,,,,,,,,,,,,,,,,,,,,,,,,2025-04-24 13:30:23,Signal Acquired,15.42807,73.892003,1.16,0.18,9.81,0.02,0.04,-0.01,NO
,,,,,,,,,,,,,,,,,,,,,,,,,,,,,,,,,,,,,,,,,,,,,,,,,,,,,,,,,,,,,,,,,,,,,,,,,,,,,,,,,,,,,,,,,,,,,,,,,,,,,,,,,2025-04-24 13:30:23,Signal Acquired,15.428185,73.891874,-0.96,0.39,9.33,-0.01,-0.09,0.01,NO
,,,,,,,,,,,,,,,,,,,,,,,,,,,,,,,,,,,,,,,,,,,,,,,,,,,,,,,,,,,,,,,,,,,,,,,,,,,,,,,,,,,,,,,,,,,,,,,,,,,,,,,,,2025-04-24 13:30:23,Signal Acquired,15.428185,73.891874,2.04,-0.24,9.33,-0.09,-0.07,-0.03,DETECTED
,,,,,,,,,,,,,,,,,,,,,,,,,,,,,,,,,,,,,,,,,,,,,,,,,,,,,,,,,,,,,,,,,,,,,,,,,,,,,,,,,,,,,,,,,,,,,,,,,,,,,,,,,2025-04-24 13:30:25,Signal Acquired,15.428302,73.891749,-1.51,-0.36,10.3,-0.08,0.02,-0.03,DETECTED
,,,,,,,,,,,,,,,,,,,,,,,,,,,,,,,,,,,,,,,,,,,,,,,,,,,,,,,,,,,,,,,,,,,,,,,,,,,,,,,,,,,,,,,,,,,,,,,,,,,,,,,,,2025-04-24 13:30:25,Signal Acquired,15.428302,73.891749,0.88,-0.17,9.87,0.01,0.14,0.0,DETECTED
,,,,,,,,,,,,,,,,,,,,,,,,,,,,,,,,,,,,,,,,,,,,,,,,,,,,,,,,,,,,,,,,,,,,,,,,,,,,,,,,,,,,,,,,,,,,,,,,,,,,,,,,,2025-04-24 13:30:25,Signal Acquired,15.428421,73.891626,2.51,-0.39,9.5,0.02,0.0,-0.0,NO
,,,,,,,,,,,,,,,,,,,,,,,,,,,,,,,,,,,,,,,,,,,,,,,,,,,,,,,,,,,,,,,,,,,,,,,,,,,,,,,,,,,,,,,,,,,,,,,,,,,,,,,,,2025-04-24 13:30:28,Signal Acquired,15.428421,73.891626,-2.46,0.21,9.7,-0.05,0.1,-0.03,NO
,,,,,,,,,,,,,,,,,,,,,,,,,,,,,,,,,,,,,,,,,,,,,,,,,,,,,,,,,,,,,,,,,,,,,,,,,,,,,,,,,,,,,,,,,,,,,,,,,,,,,,,,,2025-04-24 13:30:28,Signal Acquired,15.42854,73.891502,0.33,-0.38,8.79,-0.01,-0.0,0.03,NO
,,,,,,,,,,,,,,,,,,,,,,,,,,,,,,,,,,,,,,,,,,,,,,,,,,,,,,,,,,,,,,,,,,,,,,,,,,,,,,,,,,,,,,,,,,,,,,,,,,,,,,,,,2025-04-24 13:30:28,Signal Acquired,15.42854,73.891502,-0.36,-0.0,8.45,-0.07,0.07,-0.01,NO
,,,,,,,,,,,,,,,,,,,,,,,,,,,,,,,,,,,,,,,,,,,,,,,,,,,,,,,,,,,,,,,,,,,,,,,,,,,,,,,,,,,,,,,,,,,,,,,,,,,,,,,,,2025-04-24 13:30:30,Signal Acquired,15.42866,73.891378,-0.42,-0.13,7.48,-0.17,-0.06,-0.0,DETECTED
,,,,,,,,,,,,,,,,,,,,,,,,,,,,,,,,,,,,,,,,,,,,,,,,,,,,,,,,,,,,,,,,,,,,,,,,,,,,,,,,,,,,,,,,,,,,,,,,,,,,,,,,,2025-04-24 13:30:30,Signal Acquired,15.42866,73.891378,-0.75,-0.36,8.94,-0.19,0.01,-0.01,NO
,,,,,,,,,,,,,,,,,,,,,,,,,,,,,,,,,,,,,,,,,,,,,,,,,,,,,,,,,,,,,,,,,,,,,,,,,,,,,,,,,,,,,,,,,,,,,,,,,,,,,,,,,2025-04-24 13:30:30,Signal Acquired,15.428779,73.891253,-5.75,-0.27,10.66,-0.24,0.16,-0.05,DETECTED
,,,,,,,,,,,,,,,,,,,,,,,,,,,,,,,,,,,,,,,,,,,,,,,,,,,,,,,,,,,,,,,,,,,,,,,,,,,,,,,,,,,,,,,,,,,,,,,,,,,,,,,,,2025-04-24 13:30:32,Signal Acquired,15.428779,73.891253,-0.35,0.97,9.6,-0.07,0.03,-0.03,NO
,,,,,,,,,,,,,,,,,,,,,,,,,,,,,,,,,,,,,,,,,,,,,,,,,,,,,,,,,,,,,,,,,,,,,,,,,,,,,,,,,,,,,,,,,,,,,,,,,,,,,,,,,2025-04-24 13:30:32,Signal Acquired,15.428897,73.891132,-0.31,0.27,9.62,-0.07,0.08,-0.02,NO
,,,,,,,,,,,,,,,,,,,,,,,,,,,,,,,,,,,,,,,,,,,,,,,,,,,,,,,,,,,,,,,,,,,,,,,,,,,,,,,,,,,,,,,,,,,,,,,,,,,,,,,,,2025-04-24 13:30:32,Signal Acquired,15.428897,73.891132,-0.52,0.66,9.91,-0.04,0.14,-0.01,DETECTED
,,,,,,,,,,,,,,,,,,,,,,,,,,,,,,,,,,,,,,,,,,,,,,,,,,,,,,,,,,,,,,,,,,,,,,,,,,,,,,,,,,,,,,,,,,,,,,,,,,,,,,,,,2025-04-24 13:30:34,Signal Acquired,15.429015,73.891008,-0.62,0.94,9.97,0.06,-0.04,0.01,NO
,,,,,,,,,,,,,,,,,,,,,,,,,,,,,,,,,,,,,,,,,,,,,,,,,,,,,,,,,,,,,,,,,,,,,,,,,,,,,,,,,,,,,,,,,,,,,,,,,,,,,,,,,2025-04-24 13:30:34,Signal Acquired,15.429015,73.891008,0.49,0.82,10.34,0.14,0.04,-0.01,NO
,,,,,,,,,,,,,,,,,,,,,,,,,,,,,,,,,,,,,,,,,,,,,,,,,,,,,,,,,,,,,,,,,,,,,,,,,,,,,,,,,,,,,,,,,,,,,,,,,,,,,,,,,2025-04-24 13:30:34,Signal Acquired,15.429134,73.890883,2.17,0.04,10.16,0.08,0.03,0.01,NO
,,,,,,,,,,,,,,,,,,,,,,,,,,,,,,,,,,,,,,,,,,,,,,,,,,,,,,,,,,,,,,,,,,,,,,,,,,,,,,,,,,,,,,,,,,,,,,,,,,,,,,,,,2025-04-24 13:30:37,Signal Acquired,15.429134,73.890883,-0.82,0.18,9.63,-0.01,-0.01,0.01,NO
,,,,,,,,,,,,,,,,,,,,,,,,,,,,,,,,,,,,,,,,,,,,,,,,,,,,,,,,,,,,,,,,,,,,,,,,,,,,,,,,,,,,,,,,,,,,,,,,,,,,,,,,,2025-04-24 13:30:37,Signal Acquired,15.429252,73.890757,3.22,0.13,9.24,0.07,-0.01,0.01,NO
,,,,,,,,,,,,,,,,,,,,,,,,,,,,,,,,,,,,,,,,,,,,,,,,,,,,,,,,,,,,,,,,,,,,,,,,,,,,,,,,,,,,,,,,,,,,,,,,,,,,,,,,,2025-04-24 13:30:37,Signal Acquired,15.429252,73.890757,1.01,0.33,10.83,0.0,0.09,-0.0,NO
,,,,,,,,,,,,,,,,,,,,,,,,,,,,,,,,,,,,,,,,,,,,,,,,,,,,,,,,,,,,,,,,,,,,,,,,,,,,,,,,,,,,,,,,,,,,,,,,,,,,,,,,,2025-04-24 13:30:39,Signal Acquired,15.42937,73.89063,-0.23,1.0,9.74,0.04,0.02,0.01,NO
,,,,,,,,,,,,,,,,,,,,,,,,,,,,,,,,,,,,,,,,,,,,,,,,,,,,,,,,,,,,,,,,,,,,,,,,,,,,,,,,,,,,,,,,,,,,,,,,,,,,,,,,,2025-04-24 13:30:39,Signal Acquired,15.42937,73.89063,1.73,0.47,8.87,0.01,0.05,-0.02,DETECTED
,,,,,,,,,,,,,,,,,,,,,,,,,,,,,,,,,,,,,,,,,,,,,,,,,,,,,,,,,,,,,,,,,,,,,,,,,,,,,,,,,,,,,,,,,,,,,,,,,,,,,,,,,2025-04-24 13:30:39,Signal Acquired,15.429488,73.890504,2.76,-0.55,8.97,-0.02,0.01,-0.01,DETECTED
,,,,,,,,,,,,,,,,,,,,,,,,,,,,,,,,,,,,,,,,,,,,,,,,,,,,,,,,,,,,,,,,,,,,,,,,,,,,,,,,,,,,,,,,,,,,,,,,,,,,,,,,,2025-04-24 13:30:41,Signal Acquired,15.429488,73.890504,-0.42,-0.05,9.19,-0.06,-0.01,0.01,NO
,,,,,,,,,,,,,,,,,,,,,,,,,,,,,,,,,,,,,,,,,,,,,,,,,,,,,,,,,,,,,,,,,,,,,,,,,,,,,,,,,,,,,,,,,,,,,,,,,,,,,,,,,2025-04-24 13:30:41,Signal Acquired,15.429607,73.890378,0.08,1.0,9.5,-0.03,0.08,-0.01,NO
,,,,,,,,,,,,,,,,,,,,,,,,,,,,,,,,,,,,,,,,,,,,,,,,,,,,,,,,,,,,,,,,,,,,,,,,,,,,,,,,,,,,,,,,,,,,,,,,,,,,,,,,,2025-04-24 13:30:41,Signal Acquired,15.429607,73.890378,-0.5,0.95,8.42,-0.02,0.1,-0.01,NO
,,,,,,,,,,,,,,,,,,,,,,,,,,,,,,,,,,,,,,,,,,,,,,,,,,,,,,,,,,,,,,,,,,,,,,,,,,,,,,,,,,,,,,,,,,,,,,,,,,,,,,,,,2025-04-24 13:30:43,Signal Acquired,15.429724,73.89025,0.75,-0.4,9.38,-0.06,0.02,0.02,NO
,,,,,,,,,,,,,,,,,,,,,,,,,,,,,,,,,,,,,,,,,,,,,,,,,,,,,,,,,,,,,,,,,,,,,,,,,,,,,,,,,,,,,,,,,,,,,,,,,,,,,,,,,2025-04-24 13:30:43,Signal Acquired,15.429724,73.89025,0.78,-0.21,9.22,-0.1,-0.01,-0.02,NO
,,,,,,,,,,,,,,,,,,,,,,,,,,,,,,,,,,,,,,,,,,,,,,,,,,,,,,,,,,,,,,,,,,,,,,,,,,,,,,,,,,,,,,,,,,,,,,,,,,,,,,,,,2025-04-24 13:30:43,Signal Acquired,15.42984,73.89012,-0.44,0.54,8.17,-0.08,0.04,-0.02,NO
,,,,,,,,,,,,,,,,,,,,,,,,,,,,,,,,,,,,,,,,,,,,,,,,,,,,,,,,,,,,,,,,,,,,,,,,,,,,,,,,,,,,,,,,,,,,,,,,,,,,,,,,,2025-04-24 13:30:46,Signal Acquired,15.42984,73.89012,1.43,0.78,8.6,-0.03,-0.04,-0.01,DETECTED
,,,,,,,,,,,,,,,,,,,,,,,,,,,,,,,,,,,,,,,,,,,,,,,,,,,,,,,,,,,,,,,,,,,,,,,,,,,,,,,,,,,,,,,,,,,,,,,,,,,,,,,,,2025-04-24 13:30:46,Signal Acquired,15.429956,73.889988,0.07,-0.17,9.43,-0.11,0.03,-0.02,NO
,,,,,,,,,,,,,,,,,,,,,,,,,,,,,,,,,,,,,,,,,,,,,,,,,,,,,,,,,,,,,,,,,,,,,,,,,,,,,,,,,,,,,,,,,,,,,,,,,,,,,,,,,2025-04-24 13:30:46,Signal Acquired,15.429956,73.889988,1.09,0.2,8.96,-0.14,-0.07,-0.01,DETECTED
,,,,,,,,,,,,,,,,,,,,,,,,,,,,,,,,,,,,,,,,,,,,,,,,,,,,,,,,,,,,,,,,,,,,,,,,,,,,,,,,,,,,,,,,,,,,,,,,,,,,,,,,,2025-04-24 13:30:48,Signal Acquired,15.430072,73.889856,0.44,-0.15,9.6,0.01,0.09,0.0,NO
,,,,,,,,,,,,,,,,,,,,,,,,,,,,,,,,,,,,,,,,,,,,,,,,,,,,,,,,,,,,,,,,,,,,,,,,,,,,,,,,,,,,,,,,,,,,,,,,,,,,,,,,,2025-04-24 13:30:48,Signal Acquired,15.430072,73.889856,2.34,-0.01,10.23,0.07,-0.01,0.0,NO
,,,,,,,,,,,,,,,,,,,,,,,,,,,,,,,,,,,,,,,,,,,,,,,,,,,,,,,,,,,,,,,,,,,,,,,,,,,,,,,,,,,,,,,,,,,,,,,,,,,,,,,,,2025-04-24 13:30:48,Signal Acquired,15.430189,73.889731,0.4,0.18,9.3,0.02,-0.05,0.01,DETECTED
,,,,,,,,,,,,,,,,,,,,,,,,,,,,,,,,,,,,,,,,,,,,,,,,,,,,,,,,,,,,,,,,,,,,,,,,,,,,,,,,,,,,,,,,,,,,,,,,,,,,,,,,,2025-04-24 13:30:50,Signal Acquired,15.430189,73.889731,2.6,0.1,9.43,0.06,-0.04,0.0,DETECTED
,,,,,,,,,,,,,,,,,,,,,,,,,,,,,,,,,,,,,,,,,,,,,,,,,,,,,,,,,,,,,,,,,,,,,,,,,,,,,,,,,,,,,,,,,,,,,,,,,,,,,,,,,2025-04-24 13:30:50,Signal Acquired,15.430306,73.889609,-0.24,0.7,9.25,0.04,-0.02,0.03,NO
,,,,,,,,,,,,,,,,,,,,,,,,,,,,,,,,,,,,,,,,,,,,,,,,,,,,,,,,,,,,,,,,,,,,,,,,,,,,,,,,,,,,,,,,,,,,,,,,,,,,,,,,,2025-04-24 13:30:50,Signal Acquired,15.430306,73.889609,3.98,0.3,8.48,0.06,-0.07,0.02,NO
,,,,,,,,,,,,,,,,,,,,,,,,,,,,,,,,,,,,,,,,,,,,,,,,,,,,,,,,,,,,,,,,,,,,,,,,,,,,,,,,,,,,,,,,,,,,,,,,,,,,,,,,,2025-04-24 13:30:52,Signal Acquired,15.430425,73.889479,-0.27,-0.41,9.8,-0.05,0.04,-0.04,NO
,,,,,,,,,,,,,,,,,,,,,,,,,,,,,,,,,,,,,,,,,,,,,,,,,,,,,,,,,,,,,,,,,,,,,,,,,,,,,,,,,,,,,,,,,,,,,,,,,,,,,,,,,2025-04-24 13:30:52,Signal Acquired,15.430425,73.889479,1.1,0.61,9.26,0.02,0.01,-0.0,NO
,,,,,,,,,,,,,,,,,,,,,,,,,,,,,,,,,,,,,,,,,,,,,,,,,,,,,,,,,,,,,,,,,,,,,,,,,,,,,,,,,,,,,,,,,,,,,,,,,,,,,,,,,2025-04-24 13:30:52,Signal Acquired,15.430544,73.889353,-1.65,0.61,9.2,0.02,0.07,-0.03,NO
,,,,,,,,,,,,,,,,,,,,,,,,,,,,,,,,,,,,,,,,,,,,,,,,,,,,,,,,,,,,,,,,,,,,,,,,,,,,,,,,,,,,,,,,,,,,,,,,,,,,,,,,,2025-04-24 13:30:55,Signal Acquired,15.430544,73.889353,1.38,0.06,9.26,0.03,0.03,0.01,NO
,,,,,,,,,,,,,,,,,,,,,,,,,,,,,,,,,,,,,,,,,,,,,,,,,,,,,,,,,,,,,,,,,,,,,,,,,,,,,,,,,,,,,,,,,,,,,,,,,,,,,,,,,2025-04-24 13:30:55,Signal Acquired,15.430663,73.889228,2.03,0.25,8.89,-0.0,-0.07,0.02,NO
,,,,,,,,,,,,,,,,,,,,,,,,,,,,,,,,,,,,,,,,,,,,,,,,,,,,,,,,,,,,,,,,,,,,,,,,,,,,,,,,,,,,,,,,,,,,,,,,,,,,,,,,,2025-04-24 13:30:55,Signal Acquired,15.430663,73.889228,-0.19,0.19,8.93,-0.1,0.12,-0.0,NO
,,,,,,,,,,,,,,,,,,,,,,,,,,,,,,,,,,,,,,,,,,,,,,,,,,,,,,,,,,,,,,,,,,,,,,,,,,,,,,,,,,,,,,,,,,,,,,,,,,,,,,,,,2025-04-24 13:30:57,Signal Acquired,15.430782,73.889103,1.49,-0.3,8.34,-0.07,-0.02,0.0,NO
,,,,,,,,,,,,,,,,,,,,,,,,,,,,,,,,,,,,,,,,,,,,,,,,,,,,,,,,,,,,,,,,,,,,,,,,,,,,,,,,,,,,,,,,,,,,,,,,,,,,,,,,,2025-04-24 13:30:57,Signal Acquired,15.430782,73.889103,0.29,-0.39,9.22,-0.07,0.1,-0.02,NO
,,,,,,,,,,,,,,,,,,,,,,,,,,,,,,,,,,,,,,,,,,,,,,,,,,,,,,,,,,,,,,,,,,,,,,,,,,,,,,,,,,,,,,,,,,,,,,,,,,,,,,,,,2025-04-24 13:30:57,Signal Acquired,15.430901,73.888978,1.11,-0.18,8.12,-0.08,0.03,0.0,NO
,,,,,,,,,,,,,,,,,,,,,,,,,,,,,,,,,,,,,,,,,,,,,,,,,,,,,,,,,,,,,,,,,,,,,,,,,,,,,,,,,,,,,,,,,,,,,,,,,,,,,,,,,2025-04-24 13:30:59,Signal Acquired,15.430901,73.888978,-0.5,0.06,7.86,-0.1,0.04,-0.01,NO
,,,,,,,,,,,,,,,,,,,,,,,,,,,,,,,,,,,,,,,,,,,,,,,,,,,,,,,,,,,,,,,,,,,,,,,,,,,,,,,,,,,,,,,,,,,,,,,,,,,,,,,,,2025-04-24 13:30:59,Signal Acquired,15.43102,73.888852,0.56,0.02,9.31,-0.01,-0.03,0.02,NO
,,,,,,,,,,,,,,,,,,,,,,,,,,,,,,,,,,,,,,,,,,,,,,,,,,,,,,,,,,,,,,,,,,,,,,,,,,,,,,,,,,,,,,,,,,,,,,,,,,,,,,,,,2025-04-24 13:30:59,Signal Acquired,15.43102,73.888852,4.1,0.44,9.12,-0.07,-0.03,-0.01,DETECTED
,,,,,,,,,,,,,,,,,,,,,,,,,,,,,,,,,,,,,,,,,,,,,,,,,,,,,,,,,,,,,,,,,,,,,,,,,,,,,,,,,,,,,,,,,,,,,,,,,,,,,,,,,2025-04-24 13:31:01,Signal Acquired,15.431138,73.888726,1.22,-0.4,9.85,-0.04,-0.06,0.01,NO
,,,,,,,,,,,,,,,,,,,,,,,,,,,,,,,,,,,,,,,,,,,,,,,,,,,,,,,,,,,,,,,,,,,,,,,,,,,,,,,,,,,,,,,,,,,,,,,,,,,,,,,,,2025-04-24 13:31:01,Signal Acquired,15.431138,73.888726,0.45,0.26,8.88,-0.06,0.01,-0.01,DETECTED
,,,,,,,,,,,,,,,,,,,,,,,,,,,,,,,,,,,,,,,,,,,,,,,,,,,,,,,,,,,,,,,,,,,,,,,,,,,,,,,,,,,,,,,,,,,,,,,,,,,,,,,,,2025-04-24 13:31:01,Signal Acquired,15.431258,73.888603,-1.68,0.17,9.45,0.02,0.1,-0.0,DETECTED
,,,,,,,,,,,,,,,,,,,,,,,,,,,,,,,,,,,,,,,,,,,,,,,,,,,,,,,,,,,,,,,,,,,,,,,,,,,,,,,,,,,,,,,,,,,,,,,,,,,,,,,,,2025-04-24 13:31:03,Signal Acquired,15.431258,73.888603,1.07,0.04,9.93,0.11,-0.05,0.04,DETECTED
,,,,,,,,,,,,,,,,,,,,,,,,,,,,,,,,,,,,,,,,,,,,,,,,,,,,,,,,,,,,,,,,,,,,,,,,,,,,,,,,,,,,,,,,,,,,,,,,,,,,,,,,,2025-04-24 13:31:03,Signal Acquired,15.431377,73.888478,1.37,0.59,9.68,-0.03,-0.08,-0.03,DETECTED
,,,,,,,,,,,,,,,,,,,,,,,,,,,,,,,,,,,,,,,,,,,,,,,,,,,,,,,,,,,,,,,,,,,,,,,,,,,,,,,,,,,,,,,,,,,,,,,,,,,,,,,,,2025-04-24 13:31:03,Signal Acquired,15.431377,73.888478,-0.64,-0.27,9.86,-0.05,0.03,-0.02,NO
,,,,,,,,,,,,,,,,,,,,,,,,,,,,,,,,,,,,,,,,,,,,,,,,,,,,,,,,,,,,,,,,,,,,,,,,,,,,,,,,,,,,,,,,,,,,,,,,,,,,,,,,,2025-04-24 13:31:06,Signal Acquired,15.431495,73.88835,-0.32,0.24,10.96,0.12,-0.04,0.02,NO
,,,,,,,,,,,,,,,,,,,,,,,,,,,,,,,,,,,,,,,,,,,,,,,,,,,,,,,,,,,,,,,,,,,,,,,,,,,,,,,,,,,,,,,,,,,,,,,,,,,,,,,,,2025-04-24 13:31:06,Signal Acquired,15.431495,73.88835,1.13,-0.59,9.96,0.09,-0.0,0.05,DETECTED
,,,,,,,,,,,,,,,,,,,,,,,,,,,,,,,,,,,,,,,,,,,,,,,,,,,,,,,,,,,,,,,,,,,,,,,,,,,,,,,,,,,,,,,,,,,,,,,,,,,,,,,,,2025-04-24 13:31:06,Signal Acquired,15.431613,73.888223,-1.19,-0.17,9.0,-0.01,0.04,-0.01,NO
,,,,,,,,,,,,,,,,,,,,,,,,,,,,,,,,,,,,,,,,,,,,,,,,,,,,,,,,,,,,,,,,,,,,,,,,,,,,,,,,,,,,,,,,,,,,,,,,,,,,,,,,,2025-04-24 13:31:08,Signal Acquired,15.431613,73.888223,3.36,0.76,9.52,-0.13,-0.03,-0.01,DETECTED
,,,,,,,,,,,,,,,,,,,,,,,,,,,,,,,,,,,,,,,,,,,,,,,,,,,,,,,,,,,,,,,,,,,,,,,,,,,,,,,,,,,,,,,,,,,,,,,,,,,,,,,,,2025-04-24 13:31:08,Signal Acquired,15.431732,73.888098,0.91,0.26,10.26,0.05,0.14,-0.01,DETECTED
,,,,,,,,,,,,,,,,,,,,,,,,,,,,,,,,,,,,,,,,,,,,,,,,,,,,,,,,,,,,,,,,,,,,,,,,,,,,,,,,,,,,,,,,,,,,,,,,,,,,,,,,,2025-04-24 13:31:08,Signal Acquired,15.431732,73.888098,0.37,-0.38,9.52,-0.03,-0.05,-0.0,NO
,,,,,,,,,,,,,,,,,,,,,,,,,,,,,,,,,,,,,,,,,,,,,,,,,,,,,,,,,,,,,,,,,,,,,,,,,,,,,,,,,,,,,,,,,,,,,,,,,,,,,,,,,2025-04-24 13:31:10,Signal Acquired,15.431851,73.887972,-0.74,0.65,8.61,-0.02,0.04,-0.02,NO
,,,,,,,,,,,,,,,,,,,,,,,,,,,,,,,,,,,,,,,,,,,,,,,,,,,,,,,,,,,,,,,,,,,,,,,,,,,,,,,,,,,,,,,,,,,,,,,,,,,,,,,,,2025-04-24 13:31:10,Signal Acquired,15.431851,73.887972,0.37,-0.13,9.97,-0.04,0.04,0.02,NO
,,,,,,,,,,,,,,,,,,,,,,,,,,,,,,,,,,,,,,,,,,,,,,,,,,,,,,,,,,,,,,,,,,,,,,,,,,,,,,,,,,,,,,,,,,,,,,,,,,,,,,,,,2025-04-24 13:31:10,Signal Acquired,15.431971,73.88785,0.23,0.52,9.71,-0.02,0.02,0.01,NO
,,,,,,,,,,,,,,,,,,,,,,,,,,,,,,,,,,,,,,,,,,,,,,,,,,,,,,,,,,,,,,,,,,,,,,,,,,,,,,,,,,,,,,,,,,,,,,,,,,,,,,,,,2025-04-24 13:31:12,Signal Acquired,15.431971,73.88785,0.88,-0.55,9.14,-0.07,0.05,0.02,NO
,,,,,,,,,,,,,,,,,,,,,,,,,,,,,,,,,,,,,,,,,,,,,,,,,,,,,,,,,,,,,,,,,,,,,,,,,,,,,,,,,,,,,,,,,,,,,,,,,,,,,,,,,2025-04-24 13:31:12,Signal Acquired,15.432089,73.887726,-0.51,0.3,8.81,-0.04,-0.0,0.03,DETECTED
,,,,,,,,,,,,,,,,,,,,,,,,,,,,,,,,,,,,,,,,,,,,,,,,,,,,,,,,,,,,,,,,,,,,,,,,,,,,,,,,,,,,,,,,,,,,,,,,,,,,,,,,,2025-04-24 13:31:12,Signal Acquired,15.432089,73.887726,1.58,-0.13,9.05,-0.02,0.02,0.04,DETECTED
,,,,,,,,,,,,,,,,,,,,,,,,,,,,,,,,,,,,,,,,,,,,,,,,,,,,,,,,,,,,,,,,,,,,,,,,,,,,,,,,,,,,,,,,,,,,,,,,,,,,,,,,,2025-04-24 13:31:15,Signal Acquired,15.432203,73.887598,-0.29,-0.08,7.79,-0.03,0.0,0.02,NO
,,,,,,,,,,,,,,,,,,,,,,,,,,,,,,,,,,,,,,,,,,,,,,,,,,,,,,,,,,,,,,,,,,,,,,,,,,,,,,,,,,,,,,,,,,,,,,,,,,,,,,,,,2025-04-24 13:31:15,Signal Acquired,15.432203,73.887598,0.14,0.19,9.28,-0.03,0.03,0.02,NO
,,,,,,,,,,,,,,,,,,,,,,,,,,,,,,,,,,,,,,,,,,,,,,,,,,,,,,,,,,,,,,,,,,,,,,,,,,,,,,,,,,,,,,,,,,,,,,,,,,,,,,,,,2025-04-24 13:31:15,Signal Acquired,15.432313,73.887462,2.39,-0.28,9.42,0.01,0.05,0.03,DETECTED
,,,,,,,,,,,,,,,,,,,,,,,,,,,,,,,,,,,,,,,,,,,,,,,,,,,,,,,,,,,,,,,,,,,,,,,,,,,,,,,,,,,,,,,,,,,,,,,,,,,,,,,,,2025-04-24 13:31:17,Signal Acquired,15.432313,73.887462,0.87,-0.31,9.24,-0.05,0.02,0.03,NO
,,,,,,,,,,,,,,,,,,,,,,,,,,,,,,,,,,,,,,,,,,,,,,,,,,,,,,,,,,,,,,,,,,,,,,,,,,,,,,,,,,,,,,,,,,,,,,,,,,,,,,,,,2025-04-24 13:31:17,Signal Acquired,15.43242,73.887322,-0.04,0.55,9.07,-0.01,-0.02,0.03,NO
,,,,,,,,,,,,,,,,,,,,,,,,,,,,,,,,,,,,,,,,,,,,,,,,,,,,,,,,,,,,,,,,,,,,,,,,,,,,,,,,,,,,,,,,,,,,,,,,,,,,,,,,,2025-04-24 13:31:17,Signal Acquired,15.43242,73.887322,0.57,0.25,9.5,0.01,-0.02,0.01,NO
,,,,,,,,,,,,,,,,,,,,,,,,,,,,,,,,,,,,,,,,,,,,,,,,,,,,,,,,,,,,,,,,,,,,,,,,,,,,,,,,,,,,,,,,,,,,,,,,,,,,,,,,,2025-04-24 13:31:19,Signal Acquired,15.432526,73.88718,0.62,0.22,9.04,0.02,0.04,-0.04,NO
,,,,,,,,,,,,,,,,,,,,,,,,,,,,,,,,,,,,,,,,,,,,,,,,,,,,,,,,,,,,,,,,,,,,,,,,,,,,,,,,,,,,,,,,,,,,,,,,,,,,,,,,,2025-04-24 13:31:19,Signal Acquired,15.432526,73.88718,0.62,0.67,10.03,0.02,-0.06,0.01,DETECTED
,,,,,,,,,,,,,,,,,,,,,,,,,,,,,,,,,,,,,,,,,,,,,,,,,,,,,,,,,,,,,,,,,,,,,,,,,,,,,,,,,,,,,,,,,,,,,,,,,,,,,,,,,2025-04-24 13:31:19,Signal Acquired,15.432631,73.887038,3.96,-0.33,9.04,0.0,0.12,-0.04,DETECTED
,,,,,,,,,,,,,,,,,,,,,,,,,,,,,,,,,,,,,,,,,,,,,,,,,,,,,,,,,,,,,,,,,,,,,,,,,,,,,,,,,,,,,,,,,,,,,,,,,,,,,,,,,2025-04-24 13:31:21,Signal Acquired,15.432631,73.887038,3.25,1.01,11.59,0.05,0.03,0.05,NO
,,,,,,,,,,,,,,,,,,,,,,,,,,,,,,,,,,,,,,,,,,,,,,,,,,,,,,,,,,,,,,,,,,,,,,,,,,,,,,,,,,,,,,,,,,,,,,,,,,,,,,,,,2025-04-24 13:31:21,Signal Acquired,15.432734,73.886898,0.94,-0.13,10.42,0.06,0.11,-0.01,DETECTED
,,,,,,,,,,,,,,,,,,,,,,,,,,,,,,,,,,,,,,,,,,,,,,,,,,,,,,,,,,,,,,,,,,,,,,,,,,,,,,,,,,,,,,,,,,,,,,,,,,,,,,,,,2025-04-24 13:31:21,Signal Acquired,15.432734,73.886898,0.02,0.66,9.11,0.02,0.03,-0.0,NO
,,,,,,,,,,,,,,,,,,,,,,,,,,,,,,,,,,,,,,,,,,,,,,,,,,,,,,,,,,,,,,,,,,,,,,,,,,,,,,,,,,,,,,,,,,,,,,,,,,,,,,,,,2025-04-24 13:31:24,Signal Acquired,15.43284,73.88676,-0.63,0.19,9.82,0.07,0.07,-0.01,NO
,,,,,,,,,,,,,,,,,,,,,,,,,,,,,,,,,,,,,,,,,,,,,,,,,,,,,,,,,,,,,,,,,,,,,,,,,,,,,,,,,,,,,,,,,,,,,,,,,,,,,,,,,2025-04-24 13:31:24,Signal Acquired,15.43284,73.88676,1.44,0.11,9.23,0.06,-0.1,0.03,NO
,,,,,,,,,,,,,,,,,,,,,,,,,,,,,,,,,,,,,,,,,,,,,,,,,,,,,,,,,,,,,,,,,,,,,,,,,,,,,,,,,,,,,,,,,,,,,,,,,,,,,,,,,2025-04-24 13:31:24,Signal Acquired,15.432946,73.88662,-0.75,0.13,9.32,-0.01,0.07,0.02,NO
,,,,,,,,,,,,,,,,,,,,,,,,,,,,,,,,,,,,,,,,,,,,,,,,,,,,,,,,,,,,,,,,,,,,,,,,,,,,,,,,,,,,,,,,,,,,,,,,,,,,,,,,,2025-04-24 13:31:26,Signal Acquired,15.432946,73.88662,-0.19,0.17,8.74,-0.01,-0.01,0.02,DETECTED
,,,,,,,,,,,,,,,,,,,,,,,,,,,,,,,,,,,,,,,,,,,,,,,,,,,,,,,,,,,,,,,,,,,,,,,,,,,,,,,,,,,,,,,,,,,,,,,,,,,,,,,,,2025-04-24 13:31:26,Signal Acquired,15.433051,73.88648,-1.96,1.26,10.01,0.0,-0.05,0.03,DETECTED
,,,,,,,,,,,,,,,,,,,,,,,,,,,,,,,,,,,,,,,,,,,,,,,,,,,,,,,,,,,,,,,,,,,,,,,,,,,,,,,,,,,,,,,,,,,,,,,,,,,,,,,,,2025-04-24 13:31:26,Signal Acquired,15.433051,73.88648,0.02,0.28,9.19,0.02,0.01,0.04,DETECTED
,,,,,,,,,,,,,,,,,,,,,,,,,,,,,,,,,,,,,,,,,,,,,,,,,,,,,,,,,,,,,,,,,,,,,,,,,,,,,,,,,,,,,,,,,,,,,,,,,,,,,,,,,2025-04-24 13:31:28,Signal Acquired,15.433155,73.886339,-1.46,-0.51,9.45,-0.05,0.04,0.02,NO
,,,,,,,,,,,,,,,,,,,,,,,,,,,,,,,,,,,,,,,,,,,,,,,,,,,,,,,,,,,,,,,,,,,,,,,,,,,,,,,,,,,,,,,,,,,,,,,,,,,,,,,,,2025-04-24 13:31:28,Signal Acquired,15.433155,73.886339,1.32,0.23,9.91,0.0,0.02,-0.0,NO
,,,,,,,,,,,,,,,,,,,,,,,,,,,,,,,,,,,,,,,,,,,,,,,,,,,,,,,,,,,,,,,,,,,,,,,,,,,,,,,,,,,,,,,,,,,,,,,,,,,,,,,,,2025-04-24 13:31:28,Signal Acquired,15.433257,73.886199,0.41,0.21,9.11,-0.01,-0.07,-0.0,NO
,,,,,,,,,,,,,,,,,,,,,,,,,,,,,,,,,,,,,,,,,,,,,,,,,,,,,,,,,,,,,,,,,,,,,,,,,,,,,,,,,,,,,,,,,,,,,,,,,,,,,,,,,2025-04-24 13:31:30,Signal Acquired,15.433257,73.886199,-0.26,0.22,9.44,-0.04,-0.02,0.0,NO
,,,,,,,,,,,,,,,,,,,,,,,,,,,,,,,,,,,,,,,,,,,,,,,,,,,,,,,,,,,,,,,,,,,,,,,,,,,,,,,,,,,,,,,,,,,,,,,,,,,,,,,,,2025-04-24 13:31:30,Signal Acquired,15.433358,73.886058,-1.5,1.43,10.1,-0.02,-0.01,-0.03,NO
,,,,,,,,,,,,,,,,,,,,,,,,,,,,,,,,,,,,,,,,,,,,,,,,,,,,,,,,,,,,,,,,,,,,,,,,,,,,,,,,,,,,,,,,,,,,,,,,,,,,,,,,,2025-04-24 13:31:30,Signal Acquired,15.433358,73.886058,-1.62,1.01,10.14,0.02,0.07,-0.01,DETECTED
,,,,,,,,,,,,,,,,,,,,,,,,,,,,,,,,,,,,,,,,,,,,,,,,,,,,,,,,,,,,,,,,,,,,,,,,,,,,,,,,,,,,,,,,,,,,,,,,,,,,,,,,,2025-04-24 13:31:33,Signal Acquired,15.433458,73.885917,-1.41,0.55,9.37,0.01,0.0,0.0,NO
,,,,,,,,,,,,,,,,,,,,,,,,,,,,,,,,,,,,,,,,,,,,,,,,,,,,,,,,,,,,,,,,,,,,,,,,,,,,,,,,,,,,,,,,,,,,,,,,,,,,,,,,,2025-04-24 13:31:33,Signal Acquired,15.433458,73.885917,-1.66,0.62,10.04,0.06,0.12,-0.03,DETECTED
,,,,,,,,,,,,,,,,,,,,,,,,,,,,,,,,,,,,,,,,,,,,,,,,,,,,,,,,,,,,,,,,,,,,,,,,,,,,,,,,,,,,,,,,,,,,,,,,,,,,,,,,,2025-04-24 13:31:33,Signal Acquired,15.433559,73.885776,1.61,-0.15,9.76,-0.01,-0.02,-0.02,NO
,,,,,,,,,,,,,,,,,,,,,,,,,,,,,,,,,,,,,,,,,,,,,,,,,,,,,,,,,,,,,,,,,,,,,,,,,,,,,,,,,,,,,,,,,,,,,,,,,,,,,,,,,2025-04-24 13:31:35,Signal Acquired,15.433559,73.885776,2.55,0.1,8.74,-0.04,0.03,-0.03,NO
,,,,,,,,,,,,,,,,,,,,,,,,,,,,,,,,,,,,,,,,,,,,,,,,,,,,,,,,,,,,,,,,,,,,,,,,,,,,,,,,,,,,,,,,,,,,,,,,,,,,,,,,,2025-04-24 13:31:35,Signal Acquired,15.433666,73.885634,-0.5,-0.35,11.22,0.06,-0.0,-0.01,DETECTED
,,,,,,,,,,,,,,,,,,,,,,,,,,,,,,,,,,,,,,,,,,,,,,,,,,,,,,,,,,,,,,,,,,,,,,,,,,,,,,,,,,,,,,,,,,,,,,,,,,,,,,,,,2025-04-24 13:31:35,Signal Acquired,15.433666,73.885634,3.64,0.52,8.73,0.02,-0.01,-0.03,NO
,,,,,,,,,,,,,,,,,,,,,,,,,,,,,,,,,,,,,,,,,,,,,,,,,,,,,,,,,,,,,,,,,,,,,,,,,,,,,,,,,,,,,,,,,,,,,,,,,,,,,,,,,2025-04-24 13:31:37,Signal Acquired,15.433776,73.885493,1.62,0.43,9.21,0.01,-0.06,-0.02,DETECTED
,,,,,,,,,,,,,,,,,,,,,,,,,,,,,,,,,,,,,,,,,,,,,,,,,,,,,,,,,,,,,,,,,,,,,,,,,,,,,,,,,,,,,,,,,,,,,,,,,,,,,,,,,2025-04-24 13:31:37,Signal Acquired,15.433776,73.885493,1.3,-0.06,9.31,-0.01,0.05,-0.03,NO
,,,,,,,,,,,,,,,,,,,,,,,,,,,,,,,,,,,,,,,,,,,,,,,,,,,,,,,,,,,,,,,,,,,,,,,,,,,,,,,,,,,,,,,,,,,,,,,,,,,,,,,,,2025-04-24 13:31:37,Signal Acquired,15.43389,73.885355,0.82,0.28,9.59,-0.01,0.03,-0.0,NO
,,,,,,,,,,,,,,,,,,,,,,,,,,,,,,,,,,,,,,,,,,,,,,,,,,,,,,,,,,,,,,,,,,,,,,,,,,,,,,,,,,,,,,,,,,,,,,,,,,,,,,,,,2025-04-24 13:31:39,Signal Acquired,15.43389,73.885355,0.44,0.82,9.11,-0.02,0.05,-0.02,NO
,,,,,,,,,,,,,,,,,,,,,,,,,,,,,,,,,,,,,,,,,,,,,,,,,,,,,,,,,,,,,,,,,,,,,,,,,,,,,,,,,,,,,,,,,,,,,,,,,,,,,,,,,2025-04-24 13:31:39,Signal Acquired,15.434005,73.885216,-1.07,0.43,8.35,-0.01,0.03,0.0,NO
,,,,,,,,,,,,,,,,,,,,,,,,,,,,,,,,,,,,,,,,,,,,,,,,,,,,,,,,,,,,,,,,,,,,,,,,,,,,,,,,,,,,,,,,,,,,,,,,,,,,,,,,,2025-04-24 13:31:39,Signal Acquired,15.434005,73.885216,2.27,0.07,8.2,-0.09,0.1,-0.02,NO
,,,,,,,,,,,,,,,,,,,,,,,,,,,,,,,,,,,,,,,,,,,,,,,,,,,,,,,,,,,,,,,,,,,,,,,,,,,,,,,,,,,,,,,,,,,,,,,,,,,,,,,,,2025-04-24 13:31:41,Signal Acquired,15.434123,73.885086,-0.01,-0.05,8.17,-0.04,-0.01,-0.0,NO
,,,,,,,,,,,,,,,,,,,,,,,,,,,,,,,,,,,,,,,,,,,,,,,,,,,,,,,,,,,,,,,,,,,,,,,,,,,,,,,,,,,,,,,,,,,,,,,,,,,,,,,,,2025-04-24 13:31:41,Signal Acquired,15.434123,73.885086,3.54,0.13,10.02,0.11,0.08,-0.01,DETECTED
,,,,,,,,,,,,,,,,,,,,,,,,,,,,,,,,,,,,,,,,,,,,,,,,,,,,,,,,,,,,,,,,,,,,,,,,,,,,,,,,,,,,,,,,,,,,,,,,,,,,,,,,,2025-04-24 13:31:41,Signal Acquired,15.434239,73.884959,2.97,0.14,9.24,-0.02,0.09,-0.01,DETECTED
,,,,,,,,,,,,,,,,,,,,,,,,,,,,,,,,,,,,,,,,,,,,,,,,,,,,,,,,,,,,,,,,,,,,,,,,,,,,,,,,,,,,,,,,,,,,,,,,,,,,,,,,,2025-04-24 13:31:44,Signal Acquired,15.434239,73.884959,-1.34,-0.18,9.33,-0.08,0.06,0.0,NO
,,,,,,,,,,,,,,,,,,,,,,,,,,,,,,,,,,,,,,,,,,,,,,,,,,,,,,,,,,,,,,,,,,,,,,,,,,,,,,,,,,,,,,,,,,,,,,,,,,,,,,,,,2025-04-24 13:31:44,Signal Acquired,15.434356,73.884831,2.8,0.06,10.03,0.05,-0.1,0.05,NO
,,,,,,,,,,,,,,,,,,,,,,,,,,,,,,,,,,,,,,,,,,,,,,,,,,,,,,,,,,,,,,,,,,,,,,,,,,,,,,,,,,,,,,,,,,,,,,,,,,,,,,,,,2025-04-24 13:31:44,Signal Acquired,15.434356,73.884831,0.06,-0.66,10.47,0.03,0.05,0.01,DETECTED
,,,,,,,,,,,,,,,,,,,,,,,,,,,,,,,,,,,,,,,,,,,,,,,,,,,,,,,,,,,,,,,,,,,,,,,,,,,,,,,,,,,,,,,,,,,,,,,,,,,,,,,,,2025-04-24 13:31:46,Signal Acquired,15.434474,73.884704,-0.96,0.81,10.07,0.04,0.02,0.01,NO
,,,,,,,,,,,,,,,,,,,,,,,,,,,,,,,,,,,,,,,,,,,,,,,,,,,,,,,,,,,,,,,,,,,,,,,,,,,,,,,,,,,,,,,,,,,,,,,,,,,,,,,,,2025-04-24 13:31:46,Signal Acquired,15.434474,73.884704,3.4,0.29,8.92,0.0,-0.03,-0.01,DETECTED
,,,,,,,,,,,,,,,,,,,,,,,,,,,,,,,,,,,,,,,,,,,,,,,,,,,,,,,,,,,,,,,,,,,,,,,,,,,,,,,,,,,,,,,,,,,,,,,,,,,,,,,,,2025-04-24 13:31:46,Signal Acquired,15.434592,73.884579,1.88,-0.54,9.23,0.0,0.08,-0.0,DETECTED
,,,,,,,,,,,,,,,,,,,,,,,,,,,,,,,,,,,,,,,,,,,,,,,,,,,,,,,,,,,,,,,,,,,,,,,,,,,,,,,,,,,,,,,,,,,,,,,,,,,,,,,,,2025-04-24 13:31:48,Signal Acquired,15.434592,73.884579,5.29,-0.05,10.76,0.04,-0.02,0.03,DETECTED
,,,,,,,,,,,,,,,,,,,,,,,,,,,,,,,,,,,,,,,,,,,,,,,,,,,,,,,,,,,,,,,,,,,,,,,,,,,,,,,,,,,,,,,,,,,,,,,,,,,,,,,,,2025-04-24 13:31:48,Signal Acquired,15.434711,73.88445,-1.71,-0.17,9.81,0.02,0.02,-0.01,DETECTED
,,,,,,,,,,,,,,,,,,,,,,,,,,,,,,,,,,,,,,,,,,,,,,,,,,,,,,,,,,,,,,,,,,,,,,,,,,,,,,,,,,,,,,,,,,,,,,,,,,,,,,,,,2025-04-24 13:31:48,Signal Acquired,15.434711,73.88445,-0.08,0.0,9.38,-0.01,-0.03,0.01,NO
,,,,,,,,,,,,,,,,,,,,,,,,,,,,,,,,,,,,,,,,,,,,,,,,,,,,,,,,,,,,,,,,,,,,,,,,,,,,,,,,,,,,,,,,,,,,,,,,,,,,,,,,,2025-04-24 13:31:50,Signal Acquired,15.434829,73.884317,1.4,0.64,9.56,0.0,0.06,-0.02,DETECTED
,,,,,,,,,,,,,,,,,,,,,,,,,,,,,,,,,,,,,,,,,,,,,,,,,,,,,,,,,,,,,,,,,,,,,,,,,,,,,,,,,,,,,,,,,,,,,,,,,,,,,,,,,2025-04-24 13:31:50,Signal Acquired,15.434829,73.884317,1.48,0.57,8.72,-0.02,-0.12,0.0,NO
,,,,,,,,,,,,,,,,,,,,,,,,,,,,,,,,,,,,,,,,,,,,,,,,,,,,,,,,,,,,,,,,,,,,,,,,,,,,,,,,,,,,,,,,,,,,,,,,,,,,,,,,,2025-04-24 13:31:50,Signal Acquired,15.434947,73.884193,-0.01,-0.16,9.35,-0.02,-0.01,0.01,NO
,,,,,,,,,,,,,,,,,,,,,,,,,,,,,,,,,,,,,,,,,,,,,,,,,,,,,,,,,,,,,,,,,,,,,,,,,,,,,,,,,,,,,,,,,,,,,,,,,,,,,,,,,2025-04-24 13:31:53,Signal Acquired,15.434947,73.884193,0.29,4.08,10.2,0.03,-0.16,0.1,DETECTED
,,,,,,,,,,,,,,,,,,,,,,,,,,,,,,,,,,,,,,,,,,,,,,,,,,,,,,,,,,,,,,,,,,,,,,,,,,,,,,,,,,,,,,,,,,,,,,,,,,,,,,,,,2025-04-24 13:31:53,Signal Acquired,15.435064,73.884053,2.01,-3.56,4.52,-0.17,0.11,0.04,DETECTED
,,,,,,,,,,,,,,,,,,,,,,,,,,,,,,,,,,,,,,,,,,,,,,,,,,,,,,,,,,,,,,,,,,,,,,,,,,,,,,,,,,,,,,,,,,,,,,,,,,,,,,,,,2025-04-24 13:31:53,Signal Acquired,15.435064,73.884053,-1.02,-0.18,9.71,-0.02,0.06,-0.02,DETECTED
,,,,,,,,,,,,,,,,,,,,,,,,,,,,,,,,,,,,,,,,,,,,,,,,,,,,,,,,,,,,,,,,,,,,,,,,,,,,,,,,,,,,,,,,,,,,,,,,,,,,,,,,,2025-04-24 13:31:55,Signal Acquired,15.43518,73.883923,3.0,-0.61,8.63,-0.05,-0.0,-0.01,DETECTED
,,,,,,,,,,,,,,,,,,,,,,,,,,,,,,,,,,,,,,,,,,,,,,,,,,,,,,,,,,,,,,,,,,,,,,,,,,,,,,,,,,,,,,,,,,,,,,,,,,,,,,,,,2025-04-24 13:31:55,Signal Acquired,15.43518,73.883923,0.01,-0.74,9.25,-0.01,-0.07,0.03,NO
,,,,,,,,,,,,,,,,,,,,,,,,,,,,,,,,,,,,,,,,,,,,,,,,,,,,,,,,,,,,,,,,,,,,,,,,,,,,,,,,,,,,,,,,,,,,,,,,,,,,,,,,,2025-04-24 13:31:55,Signal Acquired,15.435297,73.883794,0.41,1.55,9.43,-0.02,-0.01,0.01,NO
,,,,,,,,,,,,,,,,,,,,,,,,,,,,,,,,,,,,,,,,,,,,,,,,,,,,,,,,,,,,,,,,,,,,,,,,,,,,,,,,,,,,,,,,,,,,,,,,,,,,,,,,,2025-04-24 13:31:57,Signal Acquired,15.435297,73.883794,-2.67,0.83,10.06,-0.0,0.02,0.04,DETECTED
,,,,,,,,,,,,,,,,,,,,,,,,,,,,,,,,,,,,,,,,,,,,,,,,,,,,,,,,,,,,,,,,,,,,,,,,,,,,,,,,,,,,,,,,,,,,,,,,,,,,,,,,,2025-04-24 13:31:57,Signal Acquired,15.435413,73.883667,-0.9,-0.47,9.14,-0.03,-0.03,-0.01,NO
,,,,,,,,,,,,,,,,,,,,,,,,,,,,,,,,,,,,,,,,,,,,,,,,,,,,,,,,,,,,,,,,,,,,,,,,,,,,,,,,,,,,,,,,,,,,,,,,,,,,,,,,,2025-04-24 13:31:57,Signal Acquired,15.435413,73.883667,-2.79,-0.23,9.71,-0.02,0.03,-0.03,DETECTED
,,,,,,,,,,,,,,,,,,,,,,,,,,,,,,,,,,,,,,,,,,,,,,,,,,,,,,,,,,,,,,,,,,,,,,,,,,,,,,,,,,,,,,,,,,,,,,,,,,,,,,,,,2025-04-24 13:31:59,Signal Acquired,15.435528,73.883535,1.37,0.84,9.26,-0.06,0.11,-0.04,NO
,,,,,,,,,,,,,,,,,,,,,,,,,,,,,,,,,,,,,,,,,,,,,,,,,,,,,,,,,,,,,,,,,,,,,,,,,,,,,,,,,,,,,,,,,,,,,,,,,,,,,,,,,2025-04-24 13:31:59,Signal Acquired,15.435528,73.883535,-1.71,-0.28,9.24,-0.04,0.08,-0.03,NO
,,,,,,,,,,,,,,,,,,,,,,,,,,,,,,,,,,,,,,,,,,,,,,,,,,,,,,,,,,,,,,,,,,,,,,,,,,,,,,,,,,,,,,,,,,,,,,,,,,,,,,,,,2025-04-24 13:31:59,Signal Acquired,15.435644,73.883406,0.83,0.17,9.1,-0.04,-0.0,0.01,NO
,,,,,,,,,,,,,,,,,,,,,,,,,,,,,,,,,,,,,,,,,,,,,,,,,,,,,,,,,,,,,,,,,,,,,,,,,,,,,,,,,,,,,,,,,,,,,,,,,,,,,,,,,2025-04-24 13:32:02,Signal Acquired,15.435644,73.883406,3.11,-0.06,9.51,0.0,-0.04,0.02,DETECTED
,,,,,,,,,,,,,,,,,,,,,,,,,,,,,,,,,,,,,,,,,,,,,,,,,,,,,,,,,,,,,,,,,,,,,,,,,,,,,,,,,,,,,,,,,,,,,,,,,,,,,,,,,2025-04-24 13:32:02,Signal Acquired,15.435762,73.883279,-0.91,-0.15,8.9,-0.01,0.09,-0.02,DETECTED
,,,,,,,,,,,,,,,,,,,,,,,,,,,,,,,,,,,,,,,,,,,,,,,,,,,,,,,,,,,,,,,,,,,,,,,,,,,,,,,,,,,,,,,,,,,,,,,,,,,,,,,,,2025-04-24 13:32:02,Signal Acquired,15.435762,73.883279,2.83,0.33,9.24,0.04,0.02,-0.04,DETECTED
,,,,,,,,,,,,,,,,,,,,,,,,,,,,,,,,,,,,,,,,,,,,,,,,,,,,,,,,,,,,,,,,,,,,,,,,,,,,,,,,,,,,,,,,,,,,,,,,,,,,,,,,,2025-04-24 13:32:04,Signal Acquired,15.43588,73.88315,-0.34,0.48,9.38,0.03,-0.01,0.02,NO
,,,,,,,,,,,,,,,,,,,,,,,,,,,,,,,,,,,,,,,,,,,,,,,,,,,,,,,,,,,,,,,,,,,,,,,,,,,,,,,,,,,,,,,,,,,,,,,,,,,,,,,,,2025-04-24 13:32:04,Signal Acquired,15.43588,73.88315,3.77,0.53,9.24,0.02,0.0,-0.0,DETECTED
,,,,,,,,,,,,,,,,,,,,,,,,,,,,,,,,,,,,,,,,,,,,,,,,,,,,,,,,,,,,,,,,,,,,,,,,,,,,,,,,,,,,,,,,,,,,,,,,,,,,,,,,,2025-04-24 13:32:04,Signal Acquired,15.435998,73.883025,0.28,1.04,9.9,0.06,0.02,0.02,NO
,,,,,,,,,,,,,,,,,,,,,,,,,,,,,,,,,,,,,,,,,,,,,,,,,,,,,,,,,,,,,,,,,,,,,,,,,,,,,,,,,,,,,,,,,,,,,,,,,,,,,,,,,2025-04-24 13:32:06,Signal Acquired,15.435998,73.883025,-3.25,0.95,9.47,0.04,0.1,0.01,DETECTED
,,,,,,,,,,,,,,,,,,,,,,,,,,,,,,,,,,,,,,,,,,,,,,,,,,,,,,,,,,,,,,,,,,,,,,,,,,,,,,,,,,,,,,,,,,,,,,,,,,,,,,,,,2025-04-24 13:32:06,Signal Acquired,15.436115,73.882898,1.34,-0.06,9.44,0.03,0.08,0.01,NO
,,,,,,,,,,,,,,,,,,,,,,,,,,,,,,,,,,,,,,,,,,,,,,,,,,,,,,,,,,,,,,,,,,,,,,,,,,,,,,,,,,,,,,,,,,,,,,,,,,,,,,,,,2025-04-24 13:32:06,Signal Acquired,15.436115,73.882898,-0.12,0.4,9.72,0.03,-0.01,0.03,NO
,,,,,,,,,,,,,,,,,,,,,,,,,,,,,,,,,,,,,,,,,,,,,,,,,,,,,,,,,,,,,,,,,,,,,,,,,,,,,,,,,,,,,,,,,,,,,,,,,,,,,,,,,2025-04-24 13:32:08,Signal Acquired,15.436233,73.882771,0.68,0.96,9.52,-0.0,0.03,-0.02,NO
,,,,,,,,,,,,,,,,,,,,,,,,,,,,,,,,,,,,,,,,,,,,,,,,,,,,,,,,,,,,,,,,,,,,,,,,,,,,,,,,,,,,,,,,,,,,,,,,,,,,,,,,,2025-04-24 13:32:08,Signal Acquired,15.436233,73.882771,1.29,0.55,9.03,-0.04,-0.04,-0.0,NO
,,,,,,,,,,,,,,,,,,,,,,,,,,,,,,,,,,,,,,,,,,,,,,,,,,,,,,,,,,,,,,,,,,,,,,,,,,,,,,,,,,,,,,,,,,,,,,,,,,,,,,,,,2025-04-24 13:32:08,Signal Acquired,15.43635,73.882642,0.94,0.26,8.35,-0.03,0.07,-0.01,NO
,,,,,,,,,,,,,,,,,,,,,,,,,,,,,,,,,,,,,,,,,,,,,,,,,,,,,,,,,,,,,,,,,,,,,,,,,,,,,,,,,,,,,,,,,,,,,,,,,,,,,,,,,2025-04-24 13:32:11,Signal Acquired,15.43635,73.882642,0.3,0.14,9.3,-0.03,0.07,-0.0,DETECTED
,,,,,,,,,,,,,,,,,,,,,,,,,,,,,,,,,,,,,,,,,,,,,,,,,,,,,,,,,,,,,,,,,,,,,,,,,,,,,,,,,,,,,,,,,,,,,,,,,,,,,,,,,2025-04-24 13:32:11,Signal Acquired,15.436467,73.882513,2.7,-0.68,9.33,-0.0,0.03,0.0,DETECTED
,,,,,,,,,,,,,,,,,,,,,,,,,,,,,,,,,,,,,,,,,,,,,,,,,,,,,,,,,,,,,,,,,,,,,,,,,,,,,,,,,,,,,,,,,,,,,,,,,,,,,,,,,2025-04-24 13:32:11,Signal Acquired,15.436467,73.882513,0.73,0.39,9.62,-0.02,0.11,-0.01,NO
,,,,,,,,,,,,,,,,,,,,,,,,,,,,,,,,,,,,,,,,,,,,,,,,,,,,,,,,,,,,,,,,,,,,,,,,,,,,,,,,,,,,,,,,,,,,,,,,,,,,,,,,,2025-04-24 13:32:13,Signal Acquired,15.436583,73.882384,0.98,-0.22,8.87,-0.07,-0.04,-0.01,DETECTED
,,,,,,,,,,,,,,,,,,,,,,,,,,,,,,,,,,,,,,,,,,,,,,,,,,,,,,,,,,,,,,,,,,,,,,,,,,,,,,,,,,,,,,,,,,,,,,,,,,,,,,,,,2025-04-24 13:32:13,Signal Acquired,15.436583,73.882384,-0.76,-0.04,10.1,0.03,0.03,0.02,DETECTED
,,,,,,,,,,,,,,,,,,,,,,,,,,,,,,,,,,,,,,,,,,,,,,,,,,,,,,,,,,,,,,,,,,,,,,,,,,,,,,,,,,,,,,,,,,,,,,,,,,,,,,,,,2025-04-24 13:32:13,Signal Acquired,15.4367,73.882256,-2.4,0.21,9.39,-0.03,0.06,-0.0,DETECTED
,,,,,,,,,,,,,,,,,,,,,,,,,,,,,,,,,,,,,,,,,,,,,,,,,,,,,,,,,,,,,,,,,,,,,,,,,,,,,,,,,,,,,,,,,,,,,,,,,,,,,,,,,2025-04-24 13:32:15,Signal Acquired,15.4367,73.882256,1.34,-0.13,9.88,-0.04,0.05,-0.01,NO
,,,,,,,,,,,,,,,,,,,,,,,,,,,,,,,,,,,,,,,,,,,,,,,,,,,,,,,,,,,,,,,,,,,,,,,,,,,,,,,,,,,,,,,,,,,,,,,,,,,,,,,,,2025-04-24 13:32:15,Signal Acquired,15.436816,73.88213,-1.39,-0.28,8.9,-0.05,0.04,-0.0,NO
,,,,,,,,,,,,,,,,,,,,,,,,,,,,,,,,,,,,,,,,,,,,,,,,,,,,,,,,,,,,,,,,,,,,,,,,,,,,,,,,,,,,,,,,,,,,,,,,,,,,,,,,,2025-04-24 13:32:15,Signal Acquired,15.436816,73.88213,-0.45,0.8,9.83,-0.02,0.06,0.01,NO
,,,,,,,,,,,,,,,,,,,,,,,,,,,,,,,,,,,,,,,,,,,,,,,,,,,,,,,,,,,,,,,,,,,,,,,,,,,,,,,,,,,,,,,,,,,,,,,,,,,,,,,,,2025-04-24 13:32:17,Signal Acquired,15.43693,73.881996,2.45,-0.45,9.61,0.03,0.06,-0.02,NO
,,,,,,,,,,,,,,,,,,,,,,,,,,,,,,,,,,,,,,,,,,,,,,,,,,,,,,,,,,,,,,,,,,,,,,,,,,,,,,,,,,,,,,,,,,,,,,,,,,,,,,,,,2025-04-24 13:32:17,Signal Acquired,15.43693,73.881996,2.46,0.07,9.59,-0.02,0.16,-0.03,NO
,,,,,,,,,,,,,,,,,,,,,,,,,,,,,,,,,,,,,,,,,,,,,,,,,,,,,,,,,,,,,,,,,,,,,,,,,,,,,,,,,,,,,,,,,,,,,,,,,,,,,,,,,2025-04-24 13:32:17,Signal Acquired,15.437046,73.88187,0.39,0.48,9.54,-0.03,-0.06,-0.01,NO
,,,,,,,,,,,,,,,,,,,,,,,,,,,,,,,,,,,,,,,,,,,,,,,,,,,,,,,,,,,,,,,,,,,,,,,,,,,,,,,,,,,,,,,,,,,,,,,,,,,,,,,,,2025-04-24 13:32:20,Signal Acquired,15.437046,73.88187,0.04,0.34,10.53,-0.03,0.08,-0.03,NO
,,,,,,,,,,,,,,,,,,,,,,,,,,,,,,,,,,,,,,,,,,,,,,,,,,,,,,,,,,,,,,,,,,,,,,,,,,,,,,,,,,,,,,,,,,,,,,,,,,,,,,,,,2025-04-24 13:32:20,Signal Acquired,15.437165,73.881741,-0.85,-0.57,9.68,0.03,0.04,0.01,NO
,,,,,,,,,,,,,,,,,,,,,,,,,,,,,,,,,,,,,,,,,,,,,,,,,,,,,,,,,,,,,,,,,,,,,,,,,,,,,,,,,,,,,,,,,,,,,,,,,,,,,,,,,2025-04-24 13:32:20,Signal Acquired,15.437165,73.881741,0.86,0.11,9.48,0.01,0.04,-0.01,NO
,,,,,,,,,,,,,,,,,,,,,,,,,,,,,,,,,,,,,,,,,,,,,,,,,,,,,,,,,,,,,,,,,,,,,,,,,,,,,,,,,,,,,,,,,,,,,,,,,,,,,,,,,2025-04-24 13:32:22,Signal Acquired,15.43728,73.881612,0.59,0.28,10.33,0.04,-0.01,0.01,NO
,,,,,,,,,,,,,,,,,,,,,,,,,,,,,,,,,,,,,,,,,,,,,,,,,,,,,,,,,,,,,,,,,,,,,,,,,,,,,,,,,,,,,,,,,,,,,,,,,,,,,,,,,2025-04-24 13:32:22,Signal Acquired,15.43728,73.881612,0.95,0.29,10.0,0.05,0.05,-0.01,NO
,,,,,,,,,,,,,,,,,,,,,,,,,,,,,,,,,,,,,,,,,,,,,,,,,,,,,,,,,,,,,,,,,,,,,,,,,,,,,,,,,,,,,,,,,,,,,,,,,,,,,,,,,2025-04-24 13:32:22,Signal Acquired,15.437396,73.881483,-0.57,0.67,9.04,0.01,0.03,-0.03,NO
,,,,,,,,,,,,,,,,,,,,,,,,,,,,,,,,,,,,,,,,,,,,,,,,,,,,,,,,,,,,,,,,,,,,,,,,,,,,,,,,,,,,,,,,,,,,,,,,,,,,,,,,,2025-04-24 13:32:24,Signal Acquired,15.437396,73.881483,-0.22,-0.01,9.91,0.0,-0.02,-0.01,NO
,,,,,,,,,,,,,,,,,,,,,,,,,,,,,,,,,,,,,,,,,,,,,,,,,,,,,,,,,,,,,,,,,,,,,,,,,,,,,,,,,,,,,,,,,,,,,,,,,,,,,,,,,2025-04-24 13:32:24,Signal Acquired,15.437512,73.881358,1.02,-0.37,9.64,-0.04,0.06,-0.03,NO
,,,,,,,,,,,,,,,,,,,,,,,,,,,,,,,,,,,,,,,,,,,,,,,,,,,,,,,,,,,,,,,,,,,,,,,,,,,,,,,,,,,,,,,,,,,,,,,,,,,,,,,,,2025-04-24 13:32:24,Signal Acquired,15.437512,73.881358,1.89,-0.54,9.57,-0.01,0.02,-0.01,NO
,,,,,,,,,,,,,,,,,,,,,,,,,,,,,,,,,,,,,,,,,,,,,,,,,,,,,,,,,,,,,,,,,,,,,,,,,,,,,,,,,,,,,,,,,,,,,,,,,,,,,,,,,2025-04-24 13:32:26,Signal Acquired,15.43763,73.881238,0.88,0.07,9.51,-0.07,0.15,-0.05,DETECTED
,,,,,,,,,,,,,,,,,,,,,,,,,,,,,,,,,,,,,,,,,,,,,,,,,,,,,,,,,,,,,,,,,,,,,,,,,,,,,,,,,,,,,,,,,,,,,,,,,,,,,,,,,2025-04-24 13:32:26,Signal Acquired,15.43763,73.881238,-1.92,0.32,9.19,-0.04,0.11,-0.0,DETECTED
,,,,,,,,,,,,,,,,,,,,,,,,,,,,,,,,,,,,,,,,,,,,,,,,,,,,,,,,,,,,,,,,,,,,,,,,,,,,,,,,,,,,,,,,,,,,,,,,,,,,,,,,,2025-04-24 13:32:26,Signal Acquired,15.43775,73.881112,-0.61,-0.05,8.81,-0.03,0.03,0.03,NO
,,,,,,,,,,,,,,,,,,,,,,,,,,,,,,,,,,,,,,,,,,,,,,,,,,,,,,,,,,,,,,,,,,,,,,,,,,,,,,,,,,,,,,,,,,,,,,,,,,,,,,,,,2025-04-24 13:32:29,Signal Acquired,15.43775,73.881112,-0.72,-0.26,7.58,-0.1,0.02,0.01,NO
,,,,,,,,,,,,,,,,,,,,,,,,,,,,,,,,,,,,,,,,,,,,,,,,,,,,,,,,,,,,,,,,,,,,,,,,,,,,,,,,,,,,,,,,,,,,,,,,,,,,,,,,,2025-04-24 13:32:29,Signal Acquired,15.437871,73.880996,-1.39,-0.25,9.13,-0.04,0.03,0.05,NO
,,,,,,,,,,,,,,,,,,,,,,,,,,,,,,,,,,,,,,,,,,,,,,,,,,,,,,,,,,,,,,,,,,,,,,,,,,,,,,,,,,,,,,,,,,,,,,,,,,,,,,,,,2025-04-24 13:32:29,Signal Acquired,15.437871,73.880996,-0.52,1.08,10.14,-0.04,0.03,0.02,NO
,,,,,,,,,,,,,,,,,,,,,,,,,,,,,,,,,,,,,,,,,,,,,,,,,,,,,,,,,,,,,,,,,,,,,,,,,,,,,,,,,,,,,,,,,,,,,,,,,,,,,,,,,2025-04-24 13:32:31,Signal Acquired,15.437988,73.880869,-0.6,0.18,8.85,-0.02,-0.03,0.01,NO
,,,,,,,,,,,,,,,,,,,,,,,,,,,,,,,,,,,,,,,,,,,,,,,,,,,,,,,,,,,,,,,,,,,,,,,,,,,,,,,,,,,,,,,,,,,,,,,,,,,,,,,,,2025-04-24 13:32:31,Signal Acquired,15.437988,73.880869,-0.84,-0.06,9.47,-0.03,0.07,0.02,NO
,,,,,,,,,,,,,,,,,,,,,,,,,,,,,,,,,,,,,,,,,,,,,,,,,,,,,,,,,,,,,,,,,,,,,,,,,,,,,,,,,,,,,,,,,,,,,,,,,,,,,,,,,2025-04-24 13:32:31,Signal Acquired,15.438102,73.880736,0.62,0.34,9.18,-0.03,-0.0,0.02,NO
,,,,,,,,,,,,,,,,,,,,,,,,,,,,,,,,,,,,,,,,,,,,,,,,,,,,,,,,,,,,,,,,,,,,,,,,,,,,,,,,,,,,,,,,,,,,,,,,,,,,,,,,,2025-04-24 13:32:33,Signal Acquired,15.438102,73.880736,-0.93,-0.23,9.14,-0.0,0.03,0.01,DETECTED
,,,,,,,,,,,,,,,,,,,,,,,,,,,,,,,,,,,,,,,,,,,,,,,,,,,,,,,,,,,,,,,,,,,,,,,,,,,,,,,,,,,,,,,,,,,,,,,,,,,,,,,,,2025-04-24 13:32:33,Signal Acquired,15.438212,73.880598,2.14,0.53,8.81,0.0,0.03,0.03,DETECTED
,,,,,,,,,,,,,,,,,,,,,,,,,,,,,,,,,,,,,,,,,,,,,,,,,,,,,,,,,,,,,,,,,,,,,,,,,,,,,,,,,,,,,,,,,,,,,,,,,,,,,,,,,2025-04-24 13:32:33,Signal Acquired,15.438212,73.880598,-0.4,1.05,9.17,0.07,-0.07,0.06,DETECTED
,,,,,,,,,,,,,,,,,,,,,,,,,,,,,,,,,,,,,,,,,,,,,,,,,,,,,,,,,,,,,,,,,,,,,,,,,,,,,,,,,,,,,,,,,,,,,,,,,,,,,,,,,2025-04-24 13:32:35,Signal Acquired,15.438319,73.880464,-2.43,0.25,9.27,-0.08,0.11,-0.03,DETECTED
,,,,,,,,,,,,,,,,,,,,,,,,,,,,,,,,,,,,,,,,,,,,,,,,,,,,,,,,,,,,,,,,,,,,,,,,,,,,,,,,,,,,,,,,,,,,,,,,,,,,,,,,,2025-04-24 13:32:35,Signal Acquired,15.438319,73.880464,-0.34,-0.17,7.43,-0.06,-0.02,0.0,NO
,,,,,,,,,,,,,,,,,,,,,,,,,,,,,,,,,,,,,,,,,,,,,,,,,,,,,,,,,,,,,,,,,,,,,,,,,,,,,,,,,,,,,,,,,,,,,,,,,,,,,,,,,2025-04-24 13:32:35,Signal Acquired,15.438424,73.880326,0.84,0.77,8.79,0.05,0.08,0.0,NO
,,,,,,,,,,,,,,,,,,,,,,,,,,,,,,,,,,,,,,,,,,,,,,,,,,,,,,,,,,,,,,,,,,,,,,,,,,,,,,,,,,,,,,,,,,,,,,,,,,,,,,,,,2025-04-24 13:32:38,Signal Acquired,15.438424,73.880326,-2.46,0.41,9.28,-0.04,0.06,0.02,DETECTED
,,,,,,,,,,,,,,,,,,,,,,,,,,,,,,,,,,,,,,,,,,,,,,,,,,,,,,,,,,,,,,,,,,,,,,,,,,,,,,,,,,,,,,,,,,,,,,,,,,,,,,,,,2025-04-24 13:32:38,Signal Acquired,15.438526,73.880187,-0.41,-0.42,8.83,0.01,0.0,0.06,NO
,,,,,,,,,,,,,,,,,,,,,,,,,,,,,,,,,,,,,,,,,,,,,,,,,,,,,,,,,,,,,,,,,,,,,,,,,,,,,,,,,,,,,,,,,,,,,,,,,,,,,,,,,2025-04-24 13:32:38,Signal Acquired,15.438526,73.880187,-0.61,0.76,8.22,-0.08,-0.02,-0.01,NO
,,,,,,,,,,,,,,,,,,,,,,,,,,,,,,,,,,,,,,,,,,,,,,,,,,,,,,,,,,,,,,,,,,,,,,,,,,,,,,,,,,,,,,,,,,,,,,,,,,,,,,,,,2025-04-24 13:32:40,Signal Acquired,15.438631,73.880045,1.15,0.69,9.39,-0.09,-0.03,-0.02,DETECTED
,,,,,,,,,,,,,,,,,,,,,,,,,,,,,,,,,,,,,,,,,,,,,,,,,,,,,,,,,,,,,,,,,,,,,,,,,,,,,,,,,,,,,,,,,,,,,,,,,,,,,,,,,2025-04-24 13:32:40,Signal Acquired,15.438631,73.880045,1.74,0.73,10.59,0.09,0.07,0.03,NO
,,,,,,,,,,,,,,,,,,,,,,,,,,,,,,,,,,,,,,,,,,,,,,,,,,,,,,,,,,,,,,,,,,,,,,,,,,,,,,,,,,,,,,,,,,,,,,,,,,,,,,,,,2025-04-24 13:32:40,Signal Acquired,15.438733,73.879905,1.66,-0.17,9.71,0.03,0.01,0.02,NO
,,,,,,,,,,,,,,,,,,,,,,,,,,,,,,,,,,,,,,,,,,,,,,,,,,,,,,,,,,,,,,,,,,,,,,,,,,,,,,,,,,,,,,,,,,,,,,,,,,,,,,,,,2025-04-24 13:32:42,Signal Acquired,15.438733,73.879905,1.88,1.36,8.8,-0.01,0.07,-0.0,NO
,,,,,,,,,,,,,,,,,,,,,,,,,,,,,,,,,,,,,,,,,,,,,,,,,,,,,,,,,,,,,,,,,,,,,,,,,,,,,,,,,,,,,,,,,,,,,,,,,,,,,,,,,2025-04-24 13:32:42,Signal Acquired,15.438835,73.879764,2.61,1.12,10.45,0.01,0.11,-0.01,DETECTED
,,,,,,,,,,,,,,,,,,,,,,,,,,,,,,,,,,,,,,,,,,,,,,,,,,,,,,,,,,,,,,,,,,,,,,,,,,,,,,,,,,,,,,,,,,,,,,,,,,,,,,,,,2025-04-24 13:32:42,Signal Acquired,15.438835,73.879764,1.52,0.04,8.59,-0.05,0.03,-0.01,NO
,,,,,,,,,,,,,,,,,,,,,,,,,,,,,,,,,,,,,,,,,,,,,,,,,,,,,,,,,,,,,,,,,,,,,,,,,,,,,,,,,,,,,,,,,,,,,,,,,,,,,,,,,2025-04-24 13:32:44,Signal Acquired,15.438936,73.879621,-0.87,-0.23,10.14,-0.03,0.02,0.05,NO
,,,,,,,,,,,,,,,,,,,,,,,,,,,,,,,,,,,,,,,,,,,,,,,,,,,,,,,,,,,,,,,,,,,,,,,,,,,,,,,,,,,,,,,,,,,,,,,,,,,,,,,,,2025-04-24 13:32:44,Signal Acquired,15.438936,73.879621,-2.67,1.07,10.01,0.01,0.11,-0.02,DETECTED
,,,,,,,,,,,,,,,,,,,,,,,,,,,,,,,,,,,,,,,,,,,,,,,,,,,,,,,,,,,,,,,,,,,,,,,,,,,,,,,,,,,,,,,,,,,,,,,,,,,,,,,,,2025-04-24 13:32:44,Signal Acquired,15.439034,73.879474,0.32,-1.18,9.42,0.03,0.04,0.02,NO
,,,,,,,,,,,,,,,,,,,,,,,,,,,,,,,,,,,,,,,,,,,,,,,,,,,,,,,,,,,,,,,,,,,,,,,,,,,,,,,,,,,,,,,,,,,,,,,,,,,,,,,,,2025-04-24 13:32:46,Signal Acquired,15.439034,73.879474,1.91,0.06,10.35,0.01,-0.01,0.02,DETECTED
,,,,,,,,,,,,,,,,,,,,,,,,,,,,,,,,,,,,,,,,,,,,,,,,,,,,,,,,,,,,,,,,,,,,,,,,,,,,,,,,,,,,,,,,,,,,,,,,,,,,,,,,,2025-04-24 13:32:46,Signal Acquired,15.43913,73.879326,1.62,0.55,9.06,0.0,-0.03,0.02,NO
,,,,,,,,,,,,,,,,,,,,,,,,,,,,,,,,,,,,,,,,,,,,,,,,,,,,,,,,,,,,,,,,,,,,,,,,,,,,,,,,,,,,,,,,,,,,,,,,,,,,,,,,,2025-04-24 13:32:47,Signal Acquired,15.43913,73.879326,1.28,-0.18,9.52,-0.04,0.0,0.0,DETECTED
,,,,,,,,,,,,,,,,,,,,,,,,,,,,,,,,,,,,,,,,,,,,,,,,,,,,,,,,,,,,,,,,,,,,,,,,,,,,,,,,,,,,,,,,,,,,,,,,,,,,,,,,,2025-04-24 13:32:49,Signal Acquired,15.439224,73.879177,-0.11,0.44,9.19,-0.0,-0.05,0.02,DETECTED
,,,,,,,,,,,,,,,,,,,,,,,,,,,,,,,,,,,,,,,,,,,,,,,,,,,,,,,,,,,,,,,,,,,,,,,,,,,,,,,,,,,,,,,,,,,,,,,,,,,,,,,,,2025-04-24 13:32:49,Signal Acquired,15.439224,73.879177,1.96,1.09,8.24,-0.02,0.04,-0.02,NO
,,,,,,,,,,,,,,,,,,,,,,,,,,,,,,,,,,,,,,,,,,,,,,,,,,,,,,,,,,,,,,,,,,,,,,,,,,,,,,,,,,,,,,,,,,,,,,,,,,,,,,,,,2025-04-24 13:32:49,Signal Acquired,15.439318,73.879025,-0.89,1.57,8.62,-0.0,0.02,0.01,DETECTED
,,,,,,,,,,,,,,,,,,,,,,,,,,,,,,,,,,,,,,,,,,,,,,,,,,,,,,,,,,,,,,,,,,,,,,,,,,,,,,,,,,,,,,,,,,,,,,,,,,,,,,,,,2025-04-24 13:32:51,Signal Acquired,15.439318,73.879025,-2.28,0.27,9.94,0.02,0.01,0.05,DETECTED
,,,,,,,,,,,,,,,,,,,,,,,,,,,,,,,,,,,,,,,,,,,,,,,,,,,,,,,,,,,,,,,,,,,,,,,,,,,,,,,,,,,,,,,,,,,,,,,,,,,,,,,,,2025-04-24 13:32:51,Signal Acquired,15.439409,73.878874,0.68,0.04,8.81,0.01,0.07,0.01,NO
,,,,,,,,,,,,,,,,,,,,,,,,,,,,,,,,,,,,,,,,,,,,,,,,,,,,,,,,,,,,,,,,,,,,,,,,,,,,,,,,,,,,,,,,,,,,,,,,,,,,,,,,,2025-04-24 13:32:51,Signal Acquired,15.439409,73.878874,-1.26,-0.36,8.16,-0.07,0.03,0.02,NO
,,,,,,,,,,,,,,,,,,,,,,,,,,,,,,,,,,,,,,,,,,,,,,,,,,,,,,,,,,,,,,,,,,,,,,,,,,,,,,,,,,,,,,,,,,,,,,,,,,,,,,,,,2025-04-24 13:32:53,Signal Acquired,15.439499,73.878722,-1.52,0.64,9.22,-0.11,0.05,0.0,NO
,,,,,,,,,,,,,,,,,,,,,,,,,,,,,,,,,,,,,,,,,,,,,,,,,,,,,,,,,,,,,,,,,,,,,,,,,,,,,,,,,,,,,,,,,,,,,,,,,,,,,,,,,2025-04-24 13:32:53,Signal Acquired,15.439499,73.878722,-1.16,0.5,8.14,-0.1,0.01,0.0,DETECTED
,,,,,,,,,,,,,,,,,,,,,,,,,,,,,,,,,,,,,,,,,,,,,,,,,,,,,,,,,,,,,,,,,,,,,,,,,,,,,,,,,,,,,,,,,,,,,,,,,,,,,,,,,2025-04-24 13:32:53,Signal Acquired,15.439587,73.878567,3.67,0.51,4.82,-0.24,-0.6,0.47,DETECTED
,,,,,,,,,,,,,,,,,,,,,,,,,,,,,,,,,,,,,,,,,,,,,,,,,,,,,,,,,,,,,,,,,,,,,,,,,,,,,,,,,,,,,,,,,,,,,,,,,,,,,,,,,2025-04-24 13:32:55,Signal Acquired,15.439587,73.878567,-1.01,-0.3,10.02,-0.09,0.04,0.01,NO
,,,,,,,,,,,,,,,,,,,,,,,,,,,,,,,,,,,,,,,,,,,,,,,,,,,,,,,,,,,,,,,,,,,,,,,,,,,,,,,,,,,,,,,,,,,,,,,,,,,,,,,,,2025-04-24 13:32:55,Signal Acquired,15.439674,73.878414,1.31,-0.01,8.53,-0.07,-0.01,0.01,NO
,,,,,,,,,,,,,,,,,,,,,,,,,,,,,,,,,,,,,,,,,,,,,,,,,,,,,,,,,,,,,,,,,,,,,,,,,,,,,,,,,,,,,,,,,,,,,,,,,,,,,,,,,2025-04-24 13:32:55,Signal Acquired,15.439674,73.878414,2.62,1.25,9.43,0.01,0.02,0.0,NO
,,,,,,,,,,,,,,,,,,,,,,,,,,,,,,,,,,,,,,,,,,,,,,,,,,,,,,,,,,,,,,,,,,,,,,,,,,,,,,,,,,,,,,,,,,,,,,,,,,,,,,,,,2025-04-24 13:32:58,Signal Acquired,15.43976,73.87826,-1.51,0.15,9.59,0.02,0.08,0.01,NO
,,,,,,,,,,,,,,,,,,,,,,,,,,,,,,,,,,,,,,,,,,,,,,,,,,,,,,,,,,,,,,,,,,,,,,,,,,,,,,,,,,,,,,,,,,,,,,,,,,,,,,,,,2025-04-24 13:32:58,Signal Acquired,15.43976,73.87826,-3.16,0.4,8.18,-0.04,0.04,0.06,DETECTED
,,,,,,,,,,,,,,,,,,,,,,,,,,,,,,,,,,,,,,,,,,,,,,,,,,,,,,,,,,,,,,,,,,,,,,,,,,,,,,,,,,,,,,,,,,,,,,,,,,,,,,,,,2025-04-24 13:32:58,Signal Acquired,15.439844,73.878103,1.01,1.49,9.94,-0.05,0.14,-0.01,DETECTED
,,,,,,,,,,,,,,,,,,,,,,,,,,,,,,,,,,,,,,,,,,,,,,,,,,,,,,,,,,,,,,,,,,,,,,,,,,,,,,,,,,,,,,,,,,,,,,,,,,,,,,,,,2025-04-24 13:33:00,Signal Acquired,15.439844,73.878103,0.85,0.69,11.04,0.02,0.05,0.03,NO
,,,,,,,,,,,,,,,,,,,,,,,,,,,,,,,,,,,,,,,,,,,,,,,,,,,,,,,,,,,,,,,,,,,,,,,,,,,,,,,,,,,,,,,,,,,,,,,,,,,,,,,,,2025-04-24 13:33:00,Signal Acquired,15.439929,73.877946,1.54,0.16,9.3,0.03,-0.06,0.03,DETECTED
,,,,,,,,,,,,,,,,,,,,,,,,,,,,,,,,,,,,,,,,,,,,,,,,,,,,,,,,,,,,,,,,,,,,,,,,,,,,,,,,,,,,,,,,,,,,,,,,,,,,,,,,,2025-04-24 13:33:00,Signal Acquired,15.439929,73.877946,0.23,0.38,9.87,0.02,0.06,0.02,NO
,,,,,,,,,,,,,,,,,,,,,,,,,,,,,,,,,,,,,,,,,,,,,,,,,,,,,,,,,,,,,,,,,,,,,,,,,,,,,,,,,,,,,,,,,,,,,,,,,,,,,,,,,2025-04-24 13:33:02,Signal Acquired,15.440011,73.877789,1.45,-0.33,8.29,-0.07,-0.0,0.02,DETECTED
,,,,,,,,,,,,,,,,,,,,,,,,,,,,,,,,,,,,,,,,,,,,,,,,,,,,,,,,,,,,,,,,,,,,,,,,,,,,,,,,,,,,,,,,,,,,,,,,,,,,,,,,,2025-04-24 13:33:02,Signal Acquired,15.440011,73.877789,1.38,-0.35,7.01,-0.05,0.01,0.03,NO
,,,,,,,,,,,,,,,,,,,,,,,,,,,,,,,,,,,,,,,,,,,,,,,,,,,,,,,,,,,,,,,,,,,,,,,,,,,,,,,,,,,,,,,,,,,,,,,,,,,,,,,,,2025-04-24 13:33:02,Signal Acquired,15.440089,73.87763,5.59,0.19,9.99,0.06,-0.2,-0.07,DETECTED
,,,,,,,,,,,,,,,,,,,,,,,,,,,,,,,,,,,,,,,,,,,,,,,,,,,,,,,,,,,,,,,,,,,,,,,,,,,,,,,,,,,,,,,,,,,,,,,,,,,,,,,,,2025-04-24 13:33:04,Signal Acquired,15.440089,73.87763,-0.55,0.59,9.57,-0.02,0.03,0.01,DETECTED
,,,,,,,,,,,,,,,,,,,,,,,,,,,,,,,,,,,,,,,,,,,,,,,,,,,,,,,,,,,,,,,,,,,,,,,,,,,,,,,,,,,,,,,,,,,,,,,,,,,,,,,,,2025-04-24 13:33:04,Signal Acquired,15.440164,73.877471,-0.11,0.34,9.42,0.0,0.01,0.0,NO
,,,,,,,,,,,,,,,,,,,,,,,,,,,,,,,,,,,,,,,,,,,,,,,,,,,,,,,,,,,,,,,,,,,,,,,,,,,,,,,,,,,,,,,,,,,,,,,,,,,,,,,,,2025-04-24 13:33:04,Signal Acquired,15.440164,73.877471,1.76,0.09,10.21,-0.02,0.05,-0.0,NO
,,,,,,,,,,,,,,,,,,,,,,,,,,,,,,,,,,,,,,,,,,,,,,,,,,,,,,,,,,,,,,,,,,,,,,,,,,,,,,,,,,,,,,,,,,,,,,,,,,,,,,,,,2025-04-24 13:33:07,Signal Acquired,15.440238,73.877311,1.2,-1.42,9.06,-0.06,0.05,-0.03,NO
,,,,,,,,,,,,,,,,,,,,,,,,,,,,,,,,,,,,,,,,,,,,,,,,,,,,,,,,,,,,,,,,,,,,,,,,,,,,,,,,,,,,,,,,,,,,,,,,,,,,,,,,,2025-04-24 13:33:07,Signal Acquired,15.440238,73.877311,-1.11,0.04,9.61,0.01,-0.01,-0.01,NO
,,,,,,,,,,,,,,,,,,,,,,,,,,,,,,,,,,,,,,,,,,,,,,,,,,,,,,,,,,,,,,,,,,,,,,,,,,,,,,,,,,,,,,,,,,,,,,,,,,,,,,,,,2025-04-24 13:33:07,Signal Acquired,15.440312,73.87715,1.96,-0.36,8.73,-0.0,-0.0,0.01,NO
,,,,,,,,,,,,,,,,,,,,,,,,,,,,,,,,,,,,,,,,,,,,,,,,,,,,,,,,,,,,,,,,,,,,,,,,,,,,,,,,,,,,,,,,,,,,,,,,,,,,,,,,,2025-04-24 13:33:09,Signal Acquired,15.440312,73.87715,-0.24,-0.01,8.26,-0.09,0.03,0.02,NO
,,,,,,,,,,,,,,,,,,,,,,,,,,,,,,,,,,,,,,,,,,,,,,,,,,,,,,,,,,,,,,,,,,,,,,,,,,,,,,,,,,,,,,,,,,,,,,,,,,,,,,,,,2025-04-24 13:33:09,Signal Acquired,15.440386,73.876989,1.13,0.11,7.58,-0.12,-0.08,0.02,NO
,,,,,,,,,,,,,,,,,,,,,,,,,,,,,,,,,,,,,,,,,,,,,,,,,,,,,,,,,,,,,,,,,,,,,,,,,,,,,,,,,,,,,,,,,,,,,,,,,,,,,,,,,2025-04-24 13:33:09,Signal Acquired,15.440386,73.876989,-2.52,0.21,10.92,0.1,0.04,0.01,DETECTED
,,,,,,,,,,,,,,,,,,,,,,,,,,,,,,,,,,,,,,,,,,,,,,,,,,,,,,,,,,,,,,,,,,,,,,,,,,,,,,,,,,,,,,,,,,,,,,,,,,,,,,,,,2025-04-24 13:33:11,Signal Acquired,15.44046,73.876831,0.86,0.09,9.92,0.01,0.02,0.02,NO
,,,,,,,,,,,,,,,,,,,,,,,,,,,,,,,,,,,,,,,,,,,,,,,,,,,,,,,,,,,,,,,,,,,,,,,,,,,,,,,,,,,,,,,,,,,,,,,,,,,,,,,,,2025-04-24 13:33:11,Signal Acquired,15.44046,73.876831,0.1,-0.21,8.64,-0.07,0.01,0.02,NO
,,,,,,,,,,,,,,,,,,,,,,,,,,,,,,,,,,,,,,,,,,,,,,,,,,,,,,,,,,,,,,,,,,,,,,,,,,,,,,,,,,,,,,,,,,,,,,,,,,,,,,,,,2025-04-24 13:33:11,Signal Acquired,15.440531,73.87667,1.85,-0.52,8.2,-0.02,-0.02,0.01,NO
,,,,,,,,,,,,,,,,,,,,,,,,,,,,,,,,,,,,,,,,,,,,,,,,,,,,,,,,,,,,,,,,,,,,,,,,,,,,,,,,,,,,,,,,,,,,,,,,,,,,,,,,,2025-04-24 13:33:13,Signal Acquired,15.440531,73.87667,1.07,-0.28,8.56,-0.03,-0.02,0.02,DETECTED
,,,,,,,,,,,,,,,,,,,,,,,,,,,,,,,,,,,,,,,,,,,,,,,,,,,,,,,,,,,,,,,,,,,,,,,,,,,,,,,,,,,,,,,,,,,,,,,,,,,,,,,,,2025-04-24 13:33:13,Signal Acquired,15.4406,73.876508,0.25,-0.07,9.46,0.02,0.11,-0.01,DETECTED
,,,,,,,,,,,,,,,,,,,,,,,,,,,,,,,,,,,,,,,,,,,,,,,,,,,,,,,,,,,,,,,,,,,,,,,,,,,,,,,,,,,,,,,,,,,,,,,,,,,,,,,,,2025-04-24 13:33:13,Signal Acquired,15.4406,73.876508,3.17,-0.63,9.16,-0.02,-0.01,0.04,DETECTED
,,,,,,,,,,,,,,,,,,,,,,,,,,,,,,,,,,,,,,,,,,,,,,,,,,,,,,,,,,,,,,,,,,,,,,,,,,,,,,,,,,,,,,,,,,,,,,,,,,,,,,,,,2025-04-24 13:33:16,Signal Acquired,15.440668,73.876346,0.53,-0.25,9.49,-0.04,-0.0,0.02,NO
,,,,,,,,,,,,,,,,,,,,,,,,,,,,,,,,,,,,,,,,,,,,,,,,,,,,,,,,,,,,,,,,,,,,,,,,,,,,,,,,,,,,,,,,,,,,,,,,,,,,,,,,,2025-04-24 13:33:16,Signal Acquired,15.440668,73.876346,-0.05,0.29,10.94,0.02,0.03,0.01,NO
,,,,,,,,,,,,,,,,,,,,,,,,,,,,,,,,,,,,,,,,,,,,,,,,,,,,,,,,,,,,,,,,,,,,,,,,,,,,,,,,,,,,,,,,,,,,,,,,,,,,,,,,,2025-04-24 13:33:16,Signal Acquired,15.440735,73.876183,-1.38,0.72,9.8,0.03,0.1,-0.03,DETECTED
,,,,,,,,,,,,,,,,,,,,,,,,,,,,,,,,,,,,,,,,,,,,,,,,,,,,,,,,,,,,,,,,,,,,,,,,,,,,,,,,,,,,,,,,,,,,,,,,,,,,,,,,,2025-04-24 13:33:18,Signal Acquired,15.440735,73.876183,-1.44,0.21,10.13,0.01,0.02,0.0,NO
,,,,,,,,,,,,,,,,,,,,,,,,,,,,,,,,,,,,,,,,,,,,,,,,,,,,,,,,,,,,,,,,,,,,,,,,,,,,,,,,,,,,,,,,,,,,,,,,,,,,,,,,,2025-04-24 13:33:18,Signal Acquired,15.440799,73.87602,0.02,-0.61,9.56,-0.02,-0.03,0.05,NO
,,,,,,,,,,,,,,,,,,,,,,,,,,,,,,,,,,,,,,,,,,,,,,,,,,,,,,,,,,,,,,,,,,,,,,,,,,,,,,,,,,,,,,,,,,,,,,,,,,,,,,,,,2025-04-24 13:33:18,Signal Acquired,15.440799,73.87602,1.05,0.11,9.09,-0.06,0.0,-0.03,DETECTED
,,,,,,,,,,,,,,,,,,,,,,,,,,,,,,,,,,,,,,,,,,,,,,,,,,,,,,,,,,,,,,,,,,,,,,,,,,,,,,,,,,,,,,,,,,,,,,,,,,,,,,,,,2025-04-24 13:33:20,Signal Acquired,15.440861,73.875859,-0.9,0.7,10.17,-0.04,0.05,0.0,NO
,,,,,,,,,,,,,,,,,,,,,,,,,,,,,,,,,,,,,,,,,,,,,,,,,,,,,,,,,,,,,,,,,,,,,,,,,,,,,,,,,,,,,,,,,,,,,,,,,,,,,,,,,2025-04-24 13:33:20,Signal Acquired,15.440861,73.875859,-0.67,1.35,8.51,0.05,0.06,0.02,NO
,,,,,,,,,,,,,,,,,,,,,,,,,,,,,,,,,,,,,,,,,,,,,,,,,,,,,,,,,,,,,,,,,,,,,,,,,,,,,,,,,,,,,,,,,,,,,,,,,,,,,,,,,2025-04-24 13:33:20,Signal Acquired,15.440919,73.875699,-1.51,1.7,10.87,-0.03,0.05,0.02,DETECTED
,,,,,,,,,,,,,,,,,,,,,,,,,,,,,,,,,,,,,,,,,,,,,,,,,,,,,,,,,,,,,,,,,,,,,,,,,,,,,,,,,,,,,,,,,,,,,,,,,,,,,,,,,2025-04-24 13:33:22,Signal Acquired,15.440919,73.875699,-0.86,-0.22,10.0,0.04,-0.02,0.03,NO
,,,,,,,,,,,,,,,,,,,,,,,,,,,,,,,,,,,,,,,,,,,,,,,,,,,,,,,,,,,,,,,,,,,,,,,,,,,,,,,,,,,,,,,,,,,,,,,,,,,,,,,,,2025-04-24 13:33:22,Signal Acquired,15.44098,73.875532,-0.43,-0.1,10.29,0.01,0.06,0.01,DETECTED
,,,,,,,,,,,,,,,,,,,,,,,,,,,,,,,,,,,,,,,,,,,,,,,,,,,,,,,,,,,,,,,,,,,,,,,,,,,,,,,,,,,,,,,,,,,,,,,,,,,,,,,,,2025-04-24 13:33:22,Signal Acquired,15.44098,73.875532,2.16,0.57,8.73,0.02,0.01,0.01,NO
,,,,,,,,,,,,,,,,,,,,,,,,,,,,,,,,,,,,,,,,,,,,,,,,,,,,,,,,,,,,,,,,,,,,,,,,,,,,,,,,,,,,,,,,,,,,,,,,,,,,,,,,,2025-04-24 13:33:25,Signal Acquired,15.44104,73.875365,-1.27,0.64,10.5,0.04,0.04,0.03,NO
,,,,,,,,,,,,,,,,,,,,,,,,,,,,,,,,,,,,,,,,,,,,,,,,,,,,,,,,,,,,,,,,,,,,,,,,,,,,,,,,,,,,,,,,,,,,,,,,,,,,,,,,,2025-04-24 13:33:25,Signal Acquired,15.44104,73.875365,0.04,0.4,9.38,-0.02,0.01,0.02,NO
,,,,,,,,,,,,,,,,,,,,,,,,,,,,,,,,,,,,,,,,,,,,,,,,,,,,,,,,,,,,,,,,,,,,,,,,,,,,,,,,,,,,,,,,,,,,,,,,,,,,,,,,,2025-04-24 13:33:25,Signal Acquired,15.441099,73.875191,-0.39,1.21,7.61,-0.05,-0.05,0.09,DETECTED
,,,,,,,,,,,,,,,,,,,,,,,,,,,,,,,,,,,,,,,,,,,,,,,,,,,,,,,,,,,,,,,,,,,,,,,,,,,,,,,,,,,,,,,,,,,,,,,,,,,,,,,,,2025-04-24 13:33:27,Signal Acquired,15.441099,73.875191,-0.53,0.08,9.5,-0.08,0.04,0.01,DETECTED
,,,,,,,,,,,,,,,,,,,,,,,,,,,,,,,,,,,,,,,,,,,,,,,,,,,,,,,,,,,,,,,,,,,,,,,,,,,,,,,,,,,,,,,,,,,,,,,,,,,,,,,,,2025-04-24 13:33:27,Signal Acquired,15.441161,73.875014,0.69,0.31,9.92,0.03,0.05,0.03,NO
,,,,,,,,,,,,,,,,,,,,,,,,,,,,,,,,,,,,,,,,,,,,,,,,,,,,,,,,,,,,,,,,,,,,,,,,,,,,,,,,,,,,,,,,,,,,,,,,,,,,,,,,,2025-04-24 13:33:27,Signal Acquired,15.441161,73.875014,-0.47,0.36,9.75,0.04,0.05,0.02,NO
,,,,,,,,,,,,,,,,,,,,,,,,,,,,,,,,,,,,,,,,,,,,,,,,,,,,,,,,,,,,,,,,,,,,,,,,,,,,,,,,,,,,,,,,,,,,,,,,,,,,,,,,,2025-04-24 13:33:29,Signal Acquired,15.441222,73.87483,-0.5,1.09,9.07,-0.01,0.05,0.01,NO
,,,,,,,,,,,,,,,,,,,,,,,,,,,,,,,,,,,,,,,,,,,,,,,,,,,,,,,,,,,,,,,,,,,,,,,,,,,,,,,,,,,,,,,,,,,,,,,,,,,,,,,,,2025-04-24 13:33:29,Signal Acquired,15.441222,73.87483,-4.37,1.17,9.7,-0.04,0.14,-0.01,DETECTED
,,,,,,,,,,,,,,,,,,,,,,,,,,,,,,,,,,,,,,,,,,,,,,,,,,,,,,,,,,,,,,,,,,,,,,,,,,,,,,,,,,,,,,,,,,,,,,,,,,,,,,,,,2025-04-24 13:33:29,Signal Acquired,15.441281,73.874646,-1.51,0.6,8.52,-0.1,-0.03,-0.13,DETECTED
,,,,,,,,,,,,,,,,,,,,,,,,,,,,,,,,,,,,,,,,,,,,,,,,,,,,,,,,,,,,,,,,,,,,,,,,,,,,,,,,,,,,,,,,,,,,,,,,,,,,,,,,,2025-04-24 13:33:31,Signal Acquired,15.441281,73.874646,-1.59,0.47,11.11,-0.01,0.1,-0.02,DETECTED
,,,,,,,,,,,,,,,,,,,,,,,,,,,,,,,,,,,,,,,,,,,,,,,,,,,,,,,,,,,,,,,,,,,,,,,,,,,,,,,,,,,,,,,,,,,,,,,,,,,,,,,,,2025-04-24 13:33:31,Signal Acquired,15.441339,73.874456,3.62,-0.47,9.48,0.1,-0.05,0.07,DETECTED
,,,,,,,,,,,,,,,,,,,,,,,,,,,,,,,,,,,,,,,,,,,,,,,,,,,,,,,,,,,,,,,,,,,,,,,,,,,,,,,,,,,,,,,,,,,,,,,,,,,,,,,,,2025-04-24 13:33:31,Signal Acquired,15.441339,73.874456,1.96,1.85,7.39,0.08,-0.07,0.02,NO
,,,,,,,,,,,,,,,,,,,,,,,,,,,,,,,,,,,,,,,,,,,,,,,,,,,,,,,,,,,,,,,,,,,,,,,,,,,,,,,,,,,,,,,,,,,,,,,,,,,,,,,,,2025-04-24 13:33:34,Signal Acquired,15.4414,73.874261,3.54,1.64,9.63,-0.02,0.04,-0.0,NO
,,,,,,,,,,,,,,,,,,,,,,,,,,,,,,,,,,,,,,,,,,,,,,,,,,,,,,,,,,,,,,,,,,,,,,,,,,,,,,,,,,,,,,,,,,,,,,,,,,,,,,,,,2025-04-24 13:33:34,Signal Acquired,15.4414,73.874261,1.75,0.31,8.35,0.01,0.01,-0.09,NO
,,,,,,,,,,,,,,,,,,,,,,,,,,,,,,,,,,,,,,,,,,,,,,,,,,,,,,,,,,,,,,,,,,,,,,,,,,,,,,,,,,,,,,,,,,,,,,,,,,,,,,,,,2025-04-24 13:33:34,Signal Acquired,15.441458,73.874063,-0.62,0.69,10.07,0.0,-0.03,-0.01,NO
,,,,,,,,,,,,,,,,,,,,,,,,,,,,,,,,,,,,,,,,,,,,,,,,,,,,,,,,,,,,,,,,,,,,,,,,,,,,,,,,,,,,,,,,,,,,,,,,,,,,,,,,,2025-04-24 13:33:36,Signal Acquired,15.441458,73.874063,-1.1,0.84,9.84,0.0,0.01,-0.01,NO
,,,,,,,,,,,,,,,,,,,,,,,,,,,,,,,,,,,,,,,,,,,,,,,,,,,,,,,,,,,,,,,,,,,,,,,,,,,,,,,,,,,,,,,,,,,,,,,,,,,,,,,,,2025-04-24 13:33:36,Signal Acquired,15.441517,73.873859,2.3,2.24,10.66,0.06,-0.14,0.02,DETECTED
,,,,,,,,,,,,,,,,,,,,,,,,,,,,,,,,,,,,,,,,,,,,,,,,,,,,,,,,,,,,,,,,,,,,,,,,,,,,,,,,,,,,,,,,,,,,,,,,,,,,,,,,,2025-04-24 13:33:36,Signal Acquired,15.441517,73.873859,1.78,1.11,10.17,0.07,-0.03,-0.01,NO
,,,,,,,,,,,,,,,,,,,,,,,,,,,,,,,,,,,,,,,,,,,,,,,,,,,,,,,,,,,,,,,,,,,,,,,,,,,,,,,,,,,,,,,,,,,,,,,,,,,,,,,,,2025-04-24 13:33:38,Signal Acquired,15.441581,73.873648,-0.49,1.19,7.74,-0.12,0.01,-0.01,NO
,,,,,,,,,,,,,,,,,,,,,,,,,,,,,,,,,,,,,,,,,,,,,,,,,,,,,,,,,,,,,,,,,,,,,,,,,,,,,,,,,,,,,,,,,,,,,,,,,,,,,,,,,2025-04-24 13:33:38,Signal Acquired,15.441581,73.873648,-0.93,1.41,9.01,-0.08,0.15,-0.02,DETECTED
,,,,,,,,,,,,,,,,,,,,,,,,,,,,,,,,,,,,,,,,,,,,,,,,,,,,,,,,,,,,,,,,,,,,,,,,,,,,,,,,,,,,,,,,,,,,,,,,,,,,,,,,,2025-04-24 13:33:38,Signal Acquired,15.441647,73.873433,-0.5,1.57,11.88,0.07,-0.05,0.01,NO
,,,,,,,,,,,,,,,,,,,,,,,,,,,,,,,,,,,,,,,,,,,,,,,,,,,,,,,,,,,,,,,,,,,,,,,,,,,,,,,,,,,,,,,,,,,,,,,,,,,,,,,,,2025-04-24 13:33:40,Signal Acquired,15.441647,73.873433,-3.48,1.02,10.82,0.02,0.09,0.0,NO
,,,,,,,,,,,,,,,,,,,,,,,,,,,,,,,,,,,,,,,,,,,,,,,,,,,,,,,,,,,,,,,,,,,,,,,,,,,,,,,,,,,,,,,,,,,,,,,,,,,,,,,,,2025-04-24 13:33:40,Signal Acquired,15.441713,73.873208,0.07,0.78,7.65,-0.15,-0.01,-0.09,NO
,,,,,,,,,,,,,,,,,,,,,,,,,,,,,,,,,,,,,,,,,,,,,,,,,,,,,,,,,,,,,,,,,,,,,,,,,,,,,,,,,,,,,,,,,,,,,,,,,,,,,,,,,2025-04-24 13:33:40,Signal Acquired,15.441713,73.873208,1.02,0.43,8.11,-0.07,0.08,-0.01,NO
,,,,,,,,,,,,,,,,,,,,,,,,,,,,,,,,,,,,,,,,,,,,,,,,,,,,,,,,,,,,,,,,,,,,,,,,,,,,,,,,,,,,,,,,,,,,,,,,,,,,,,,,,2025-04-24 13:33:42,Signal Acquired,15.441782,73.872975,-0.2,0.96,9.79,-0.04,-0.03,0.01,NO
,,,,,,,,,,,,,,,,,,,,,,,,,,,,,,,,,,,,,,,,,,,,,,,,,,,,,,,,,,,,,,,,,,,,,,,,,,,,,,,,,,,,,,,,,,,,,,,,,,,,,,,,,2025-04-24 13:33:42,Signal Acquired,15.441782,73.872975,0.39,0.49,8.37,-0.11,-0.02,-0.03,DETECTED
,,,,,,,,,,,,,,,,,,,,,,,,,,,,,,,,,,,,,,,,,,,,,,,,,,,,,,,,,,,,,,,,,,,,,,,,,,,,,,,,,,,,,,,,,,,,,,,,,,,,,,,,,2025-04-24 13:33:43,Signal Acquired,15.441852,73.872737,0.33,0.97,8.26,-0.04,0.07,-0.02,NO
,,,,,,,,,,,,,,,,,,,,,,,,,,,,,,,,,,,,,,,,,,,,,,,,,,,,,,,,,,,,,,,,,,,,,,,,,,,,,,,,,,,,,,,,,,,,,,,,,,,,,,,,,2025-04-24 13:33:45,Signal Acquired,15.441852,73.872737,6.6,-0.32,12.41,-0.02,0.05,0.12,DETECTED
,,,,,,,,,,,,,,,,,,,,,,,,,,,,,,,,,,,,,,,,,,,,,,,,,,,,,,,,,,,,,,,,,,,,,,,,,,,,,,,,,,,,,,,,,,,,,,,,,,,,,,,,,2025-04-24 13:33:45,Signal Acquired,15.441925,73.872493,-1.02,0.21,10.57,0.1,0.06,0.01,NO
,,,,,,,,,,,,,,,,,,,,,,,,,,,,,,,,,,,,,,,,,,,,,,,,,,,,,,,,,,,,,,,,,,,,,,,,,,,,,,,,,,,,,,,,,,,,,,,,,,,,,,,,,2025-04-24 13:33:45,Signal Acquired,15.441925,73.872493,-1.54,0.23,8.37,-0.05,0.1,0.0,NO
,,,,,,,,,,,,,,,,,,,,,,,,,,,,,,,,,,,,,,,,,,,,,,,,,,,,,,,,,,,,,,,,,,,,,,,,,,,,,,,,,,,,,,,,,,,,,,,,,,,,,,,,,2025-04-24 13:33:47,Signal Acquired,15.441999,73.872244,1.04,0.08,8.66,-0.07,0.11,0.0,DETECTED
,,,,,,,,,,,,,,,,,,,,,,,,,,,,,,,,,,,,,,,,,,,,,,,,,,,,,,,,,,,,,,,,,,,,,,,,,,,,,,,,,,,,,,,,,,,,,,,,,,,,,,,,,2025-04-24 13:33:47,Signal Acquired,15.441999,73.872244,-3.64,0.24,7.53,-0.08,-0.03,-0.05,NO
,,,,,,,,,,,,,,,,,,,,,,,,,,,,,,,,,,,,,,,,,,,,,,,,,,,,,,,,,,,,,,,,,,,,,,,,,,,,,,,,,,,,,,,,,,,,,,,,,,,,,,,,,2025-04-24 13:33:47,Signal Acquired,15.442074,73.87199,-2.3,0.53,10.06,-0.0,0.13,-0.04,NO
,,,,,,,,,,,,,,,,,,,,,,,,,,,,,,,,,,,,,,,,,,,,,,,,,,,,,,,,,,,,,,,,,,,,,,,,,,,,,,,,,,,,,,,,,,,,,,,,,,,,,,,,,2025-04-24 13:33:49,Signal Acquired,15.442074,73.87199,0.92,1.47,10.26,-0.01,0.04,-0.02,NO
,,,,,,,,,,,,,,,,,,,,,,,,,,,,,,,,,,,,,,,,,,,,,,,,,,,,,,,,,,,,,,,,,,,,,,,,,,,,,,,,,,,,,,,,,,,,,,,,,,,,,,,,,2025-04-24 13:33:49,Signal Acquired,15.442148,73.87173,-1.54,1.35,8.55,-0.04,0.07,-0.05,DETECTED
,,,,,,,,,,,,,,,,,,,,,,,,,,,,,,,,,,,,,,,,,,,,,,,,,,,,,,,,,,,,,,,,,,,,,,,,,,,,,,,,,,,,,,,,,,,,,,,,,,,,,,,,,2025-04-24 13:33:49,Signal Acquired,15.442148,73.87173,3.1,0.46,10.85,-0.04,0.12,0.03,NO
,,,,,,,,,,,,,,,,,,,,,,,,,,,,,,,,,,,,,,,,,,,,,,,,,,,,,,,,,,,,,,,,,,,,,,,,,,,,,,,,,,,,,,,,,,,,,,,,,,,,,,,,,2025-04-24 13:33:51,Signal Acquired,15.442226,73.871467,-0.45,1.33,12.25,0.04,0.14,-0.0,DETECTED
,,,,,,,,,,,,,,,,,,,,,,,,,,,,,,,,,,,,,,,,,,,,,,,,,,,,,,,,,,,,,,,,,,,,,,,,,,,,,,,,,,,,,,,,,,,,,,,,,,,,,,,,,2025-04-24 13:33:51,Signal Acquired,15.442226,73.871467,2.88,0.77,9.69,0.01,0.05,-0.01,DETECTED
,,,,,,,,,,,,,,,,,,,,,,,,,,,,,,,,,,,,,,,,,,,,,,,,,,,,,,,,,,,,,,,,,,,,,,,,,,,,,,,,,,,,,,,,,,,,,,,,,,,,,,,,,2025-04-24 13:33:51,Signal Acquired,15.442307,73.871199,-0.49,2.28,11.45,0.11,-0.13,0.07,DETECTED
,,,,,,,,,,,,,,,,,,,,,,,,,,,,,,,,,,,,,,,,,,,,,,,,,,,,,,,,,,,,,,,,,,,,,,,,,,,,,,,,,,,,,,,,,,,,,,,,,,,,,,,,,2025-04-24 13:33:54,Signal Acquired,15.442307,73.871199,0.12,1.34,8.88,0.02,0.07,-0.02,NO
,,,,,,,,,,,,,,,,,,,,,,,,,,,,,,,,,,,,,,,,,,,,,,,,,,,,,,,,,,,,,,,,,,,,,,,,,,,,,,,,,,,,,,,,,,,,,,,,,,,,,,,,,2025-04-24 13:33:54,Signal Acquired,15.442389,73.870927,3.9,0.59,9.07,-0.15,0.12,-0.03,DETECTED
,,,,,,,,,,,,,,,,,,,,,,,,,,,,,,,,,,,,,,,,,,,,,,,,,,,,,,,,,,,,,,,,,,,,,,,,,,,,,,,,,,,,,,,,,,,,,,,,,,,,,,,,,2025-04-24 13:33:54,Signal Acquired,15.442389,73.870927,1.6,-1.72,15.0,0.07,-0.26,0.03,NO
,,,,,,,,,,,,,,,,,,,,,,,,,,,,,,,,,,,,,,,,,,,,,,,,,,,,,,,,,,,,,,,,,,,,,,,,,,,,,,,,,,,,,,,,,,,,,,,,,,,,,,,,,2025-04-24 13:33:56,Signal Acquired,15.442473,73.870651,2.47,0.32,8.53,0.03,0.01,0.01,NO
,,,,,,,,,,,,,,,,,,,,,,,,,,,,,,,,,,,,,,,,,,,,,,,,,,,,,,,,,,,,,,,,,,,,,,,,,,,,,,,,,,,,,,,,,,,,,,,,,,,,,,,,,2025-04-24 13:33:56,Signal Acquired,15.442473,73.870651,0.75,1.46,8.32,0.0,0.08,-0.02,DETECTED
,,,,,,,,,,,,,,,,,,,,,,,,,,,,,,,,,,,,,,,,,,,,,,,,,,,,,,,,,,,,,,,,,,,,,,,,,,,,,,,,,,,,,,,,,,,,,,,,,,,,,,,,,2025-04-24 13:33:56,Signal Acquired,15.442559,73.870369,-1.3,0.53,9.81,-0.12,0.24,-0.07,DETECTED
,,,,,,,,,,,,,,,,,,,,,,,,,,,,,,,,,,,,,,,,,,,,,,,,,,,,,,,,,,,,,,,,,,,,,,,,,,,,,,,,,,,,,,,,,,,,,,,,,,,,,,,,,2025-04-24 13:33:58,Signal Acquired,15.442559,73.870369,1.6,0.95,10.64,-0.01,0.11,-0.02,NO
,,,,,,,,,,,,,,,,,,,,,,,,,,,,,,,,,,,,,,,,,,,,,,,,,,,,,,,,,,,,,,,,,,,,,,,,,,,,,,,,,,,,,,,,,,,,,,,,,,,,,,,,,2025-04-24 13:33:58,Signal Acquired,15.442646,73.870084,2.29,-0.25,10.98,0.12,-0.02,0.0,DETECTED
,,,,,,,,,,,,,,,,,,,,,,,,,,,,,,,,,,,,,,,,,,,,,,,,,,,,,,,,,,,,,,,,,,,,,,,,,,,,,,,,,,,,,,,,,,,,,,,,,,,,,,,,,2025-04-24 13:33:58,Signal Acquired,15.442646,73.870084,3.58,1.73,7.99,0.02,0.02,-0.01,DETECTED
,,,,,,,,,,,,,,,,,,,,,,,,,,,,,,,,,,,,,,,,,,,,,,,,,,,,,,,,,,,,,,,,,,,,,,,,,,,,,,,,,,,,,,,,,,,,,,,,,,,,,,,,,2025-04-24 13:34:00,Signal Acquired,15.442734,73.869794,2.55,-0.13,11.46,0.06,-0.01,0.0,NO
,,,,,,,,,,,,,,,,,,,,,,,,,,,,,,,,,,,,,,,,,,,,,,,,,,,,,,,,,,,,,,,,,,,,,,,,,,,,,,,,,,,,,,,,,,,,,,,,,,,,,,,,,2025-04-24 13:34:00,Signal Acquired,15.442734,73.869794,-0.03,0.84,8.24,-0.05,0.08,-0.02,NO
,,,,,,,,,,,,,,,,,,,,,,,,,,,,,,,,,,,,,,,,,,,,,,,,,,,,,,,,,,,,,,,,,,,,,,,,,,,,,,,,,,,,,,,,,,,,,,,,,,,,,,,,,2025-04-24 13:34:00,Signal Acquired,15.442823,73.869499,-5.89,-1.05,10.94,-0.02,0.04,-0.07,DETECTED
,,,,,,,,,,,,,,,,,,,,,,,,,,,,,,,,,,,,,,,,,,,,,,,,,,,,,,,,,,,,,,,,,,,,,,,,,,,,,,,,,,,,,,,,,,,,,,,,,,,,,,,,,2025-04-24 13:34:03,Signal Acquired,15.442823,73.869499,0.94,1.35,12.0,0.04,-0.01,0.0,NO
,,,,,,,,,,,,,,,,,,,,,,,,,,,,,,,,,,,,,,,,,,,,,,,,,,,,,,,,,,,,,,,,,,,,,,,,,,,,,,,,,,,,,,,,,,,,,,,,,,,,,,,,,2025-04-24 13:34:03,Signal Acquired,15.442913,73.869199,-1.0,1.25,10.45,-0.02,0.07,-0.02,DETECTED
,,,,,,,,,,,,,,,,,,,,,,,,,,,,,,,,,,,,,,,,,,,,,,,,,,,,,,,,,,,,,,,,,,,,,,,,,,,,,,,,,,,,,,,,,,,,,,,,,,,,,,,,,2025-04-24 13:34:03,Signal Acquired,15.442913,73.869199,3.15,0.59,5.9,-0.02,-0.02,0.02,DETECTED
,,,,,,,,,,,,,,,,,,,,,,,,,,,,,,,,,,,,,,,,,,,,,,,,,,,,,,,,,,,,,,,,,,,,,,,,,,,,,,,,,,,,,,,,,,,,,,,,,,,,,,,,,2025-04-24 13:34:05,Signal Acquired,15.443004,73.868897,5.43,1.01,8.81,0.04,-0.21,0.06,DETECTED
,,,,,,,,,,,,,,,,,,,,,,,,,,,,,,,,,,,,,,,,,,,,,,,,,,,,,,,,,,,,,,,,,,,,,,,,,,,,,,,,,,,,,,,,,,,,,,,,,,,,,,,,,2025-04-24 13:34:05,Signal Acquired,15.443004,73.868897,1.01,1.16,10.12,0.06,-0.05,0.03,DETECTED
,,,,,,,,,,,,,,,,,,,,,,,,,,,,,,,,,,,,,,,,,,,,,,,,,,,,,,,,,,,,,,,,,,,,,,,,,,,,,,,,,,,,,,,,,,,,,,,,,,,,,,,,,2025-04-24 13:34:05,Signal Acquired,15.443095,73.868591,-1.5,1.07,13.67,0.01,0.02,-0.03,DETECTED
,,,,,,,,,,,,,,,,,,,,,,,,,,,,,,,,,,,,,,,,,,,,,,,,,,,,,,,,,,,,,,,,,,,,,,,,,,,,,,,,,,,,,,,,,,,,,,,,,,,,,,,,,2025-04-24 13:34:07,Signal Acquired,15.443095,73.868591,0.67,1.35,8.34,-0.05,-0.08,0.0,NO
,,,,,,,,,,,,,,,,,,,,,,,,,,,,,,,,,,,,,,,,,,,,,,,,,,,,,,,,,,,,,,,,,,,,,,,,,,,,,,,,,,,,,,,,,,,,,,,,,,,,,,,,,2025-04-24 13:34:07,Signal Acquired,15.443189,73.86828,0.12,0.5,5.88,-0.08,-0.03,0.02,DETECTED
,,,,,,,,,,,,,,,,,,,,,,,,,,,,,,,,,,,,,,,,,,,,,,,,,,,,,,,,,,,,,,,,,,,,,,,,,,,,,,,,,,,,,,,,,,,,,,,,,,,,,,,,,2025-04-24 13:34:07,Signal Acquired,15.443189,73.86828,0.16,0.92,12.78,-0.13,0.12,-0.06,DETECTED
,,,,,,,,,,,,,,,,,,,,,,,,,,,,,,,,,,,,,,,,,,,,,,,,,,,,,,,,,,,,,,,,,,,,,,,,,,,,,,,,,,,,,,,,,,,,,,,,,,,,,,,,,2025-04-24 13:34:09,Signal Acquired,15.443281,73.867968,1.15,-0.34,11.73,-0.2,0.1,0.2,NO
,,,,,,,,,,,,,,,,,,,,,,,,,,,,,,,,,,,,,,,,,,,,,,,,,,,,,,,,,,,,,,,,,,,,,,,,,,,,,,,,,,,,,,,,,,,,,,,,,,,,,,,,,2025-04-24 13:34:09,Signal Acquired,15.443281,73.867968,1.27,0.36,6.17,0.02,0.12,0.01,DETECTED
,,,,,,,,,,,,,,,,,,,,,,,,,,,,,,,,,,,,,,,,,,,,,,,,,,,,,,,,,,,,,,,,,,,,,,,,,,,,,,,,,,,,,,,,,,,,,,,,,,,,,,,,,2025-04-24 13:34:09,Signal Acquired,15.443374,73.867653,6.0,1.12,6.82,-0.12,-0.18,0.3,DETECTED
,,,,,,,,,,,,,,,,,,,,,,,,,,,,,,,,,,,,,,,,,,,,,,,,,,,,,,,,,,,,,,,,,,,,,,,,,,,,,,,,,,,,,,,,,,,,,,,,,,,,,,,,,2025-04-24 13:34:12,Signal Acquired,15.443374,73.867653,1.87,0.03,9.93,-0.08,-0.04,0.01,DETECTED
,,,,,,,,,,,,,,,,,,,,,,,,,,,,,,,,,,,,,,,,,,,,,,,,,,,,,,,,,,,,,,,,,,,,,,,,,,,,,,,,,,,,,,,,,,,,,,,,,,,,,,,,,2025-04-24 13:34:12,Signal Acquired,15.443482,73.867336,-2.54,0.53,7.55,-0.1,0.04,-0.06,NO
,,,,,,,,,,,,,,,,,,,,,,,,,,,,,,,,,,,,,,,,,,,,,,,,,,,,,,,,,,,,,,,,,,,,,,,,,,,,,,,,,,,,,,,,,,,,,,,,,,,,,,,,,2025-04-24 13:34:12,Signal Acquired,15.443482,73.867336,2.15,1.0,11.72,0.08,-0.01,0.03,NO
,,,,,,,,,,,,,,,,,,,,,,,,,,,,,,,,,,,,,,,,,,,,,,,,,,,,,,,,,,,,,,,,,,,,,,,,,,,,,,,,,,,,,,,,,,,,,,,,,,,,,,,,,2025-04-24 13:34:14,Signal Acquired,15.443575,73.867026,-0.79,-0.47,11.41,0.02,0.06,-0.0,NO
,,,,,,,,,,,,,,,,,,,,,,,,,,,,,,,,,,,,,,,,,,,,,,,,,,,,,,,,,,,,,,,,,,,,,,,,,,,,,,,,,,,,,,,,,,,,,,,,,,,,,,,,,2025-04-24 13:34:14,Signal Acquired,15.443575,73.867026,1.15,-1.33,9.68,-0.09,0.01,-0.01,DETECTED
,,,,,,,,,,,,,,,,,,,,,,,,,,,,,,,,,,,,,,,,,,,,,,,,,,,,,,,,,,,,,,,,,,,,,,,,,,,,,,,,,,,,,,,,,,,,,,,,,,,,,,,,,2025-04-24 13:34:14,Signal Acquired,15.443668,73.866724,3.23,-0.21,10.1,-0.01,0.04,-0.01,NO
,,,,,,,,,,,,,,,,,,,,,,,,,,,,,,,,,,,,,,,,,,,,,,,,,,,,,,,,,,,,,,,,,,,,,,,,,,,,,,,,,,,,,,,,,,,,,,,,,,,,,,,,,2025-04-24 13:34:16,Signal Acquired,15.443668,73.866724,2.04,-0.66,11.46,0.1,0.05,-0.01,NO
,,,,,,,,,,,,,,,,,,,,,,,,,,,,,,,,,,,,,,,,,,,,,,,,,,,,,,,,,,,,,,,,,,,,,,,,,,,,,,,,,,,,,,,,,,,,,,,,,,,,,,,,,2025-04-24 13:34:16,Signal Acquired,15.443756,73.866428,0.69,0.04,7.66,0.01,0.09,0.0,NO
,,,,,,,,,,,,,,,,,,,,,,,,,,,,,,,,,,,,,,,,,,,,,,,,,,,,,,,,,,,,,,,,,,,,,,,,,,,,,,,,,,,,,,,,,,,,,,,,,,,,,,,,,2025-04-24 13:34:16,Signal Acquired,15.443756,73.866428,2.15,-0.26,10.72,0.05,0.02,0.05,NO
,,,,,,,,,,,,,,,,,,,,,,,,,,,,,,,,,,,,,,,,,,,,,,,,,,,,,,,,,,,,,,,,,,,,,,,,,,,,,,,,,,,,,,,,,,,,,,,,,,,,,,,,,2025-04-24 13:34:18,Signal Acquired,15.443843,73.86614,2.94,0.3,10.53,0.06,-0.07,0.03,NO
,,,,,,,,,,,,,,,,,,,,,,,,,,,,,,,,,,,,,,,,,,,,,,,,,,,,,,,,,,,,,,,,,,,,,,,,,,,,,,,,,,,,,,,,,,,,,,,,,,,,,,,,,2025-04-24 13:34:18,Signal Acquired,15.443843,73.86614,0.04,-0.45,8.19,0.01,0.1,0.08,NO
,,,,,,,,,,,,,,,,,,,,,,,,,,,,,,,,,,,,,,,,,,,,,,,,,,,,,,,,,,,,,,,,,,,,,,,,,,,,,,,,,,,,,,,,,,,,,,,,,,,,,,,,,2025-04-24 13:34:18,Signal Acquired,15.443926,73.865858,3.53,-0.15,10.21,-0.05,-0.03,0.02,DETECTED
,,,,,,,,,,,,,,,,,,,,,,,,,,,,,,,,,,,,,,,,,,,,,,,,,,,,,,,,,,,,,,,,,,,,,,,,,,,,,,,,,,,,,,,,,,,,,,,,,,,,,,,,,2025-04-24 13:34:21,Signal Acquired,15.443926,73.865858,7.52,0.41,7.02,-0.31,-0.02,0.2,DETECTED
,,,,,,,,,,,,,,,,,,,,,,,,,,,,,,,,,,,,,,,,,,,,,,,,,,,,,,,,,,,,,,,,,,,,,,,,,,,,,,,,,,,,,,,,,,,,,,,,,,,,,,,,,2025-04-24 13:34:21,Signal Acquired,15.444008,73.865583,2.45,-0.75,9.1,-0.16,0.16,-0.06,DETECTED
,,,,,,,,,,,,,,,,,,,,,,,,,,,,,,,,,,,,,,,,,,,,,,,,,,,,,,,,,,,,,,,,,,,,,,,,,,,,,,,,,,,,,,,,,,,,,,,,,,,,,,,,,2025-04-24 13:34:21,Signal Acquired,15.444008,73.865583,0.11,0.42,11.31,0.01,0.02,0.02,DETECTED
,,,,,,,,,,,,,,,,,,,,,,,,,,,,,,,,,,,,,,,,,,,,,,,,,,,,,,,,,,,,,,,,,,,,,,,,,,,,,,,,,,,,,,,,,,,,,,,,,,,,,,,,,2025-04-24 13:34:23,Signal Acquired,15.444088,73.865316,1.17,0.19,10.02,0.06,-0.04,0.01,NO
,,,,,,,,,,,,,,,,,,,,,,,,,,,,,,,,,,,,,,,,,,,,,,,,,,,,,,,,,,,,,,,,,,,,,,,,,,,,,,,,,,,,,,,,,,,,,,,,,,,,,,,,,2025-04-24 13:34:23,Signal Acquired,15.444088,73.865316,4.98,0.8,7.05,-0.64,-0.1,0.31,DETECTED
,,,,,,,,,,,,,,,,,,,,,,,,,,,,,,,,,,,,,,,,,,,,,,,,,,,,,,,,,,,,,,,,,,,,,,,,,,,,,,,,,,,,,,,,,,,,,,,,,,,,,,,,,2025-04-24 13:34:23,Signal Acquired,15.444171,73.865056,-4.05,-0.74,9.2,-0.21,0.11,-0.11,DETECTED
,,,,,,,,,,,,,,,,,,,,,,,,,,,,,,,,,,,,,,,,,,,,,,,,,,,,,,,,,,,,,,,,,,,,,,,,,,,,,,,,,,,,,,,,,,,,,,,,,,,,,,,,,2025-04-24 13:34:25,Signal Acquired,15.444171,73.865056,0.36,0.19,9.87,-0.05,0.08,-0.04,NO
,,,,,,,,,,,,,,,,,,,,,,,,,,,,,,,,,,,,,,,,,,,,,,,,,,,,,,,,,,,,,,,,,,,,,,,,,,,,,,,,,,,,,,,,,,,,,,,,,,,,,,,,,2025-04-24 13:34:25,Signal Acquired,15.444259,73.864805,1.18,0.79,9.45,-0.03,-0.06,0.05,NO
,,,,,,,,,,,,,,,,,,,,,,,,,,,,,,,,,,,,,,,,,,,,,,,,,,,,,,,,,,,,,,,,,,,,,,,,,,,,,,,,,,,,,,,,,,,,,,,,,,,,,,,,,2025-04-24 13:34:25,Signal Acquired,15.444259,73.864805,1.27,0.32,10.48,0.08,0.02,-0.0,NO
,,,,,,,,,,,,,,,,,,,,,,,,,,,,,,,,,,,,,,,,,,,,,,,,,,,,,,,,,,,,,,,,,,,,,,,,,,,,,,,,,,,,,,,,,,,,,,,,,,,,,,,,,2025-04-24 13:34:27,Signal Acquired,15.44435,73.864563,-1.11,0.21,9.77,0.05,0.01,-0.02,DETECTED
,,,,,,,,,,,,,,,,,,,,,,,,,,,,,,,,,,,,,,,,,,,,,,,,,,,,,,,,,,,,,,,,,,,,,,,,,,,,,,,,,,,,,,,,,,,,,,,,,,,,,,,,,2025-04-24 13:34:27,Signal Acquired,15.44435,73.864563,0.51,0.0,9.17,-0.01,-0.01,-0.02,NO
,,,,,,,,,,,,,,,,,,,,,,,,,,,,,,,,,,,,,,,,,,,,,,,,,,,,,,,,,,,,,,,,,,,,,,,,,,,,,,,,,,,,,,,,,,,,,,,,,,,,,,,,,2025-04-24 13:34:27,Signal Acquired,15.444444,73.86433,-0.58,-0.26,9.84,-0.0,0.03,-0.02,NO
,,,,,,,,,,,,,,,,,,,,,,,,,,,,,,,,,,,,,,,,,,,,,,,,,,,,,,,,,,,,,,,,,,,,,,,,,,,,,,,,,,,,,,,,,,,,,,,,,,,,,,,,,2025-04-24 13:34:30,Signal Acquired,15.444444,73.86433,0.24,-0.17,9.91,0.04,0.07,-0.13,DETECTED
,,,,,,,,,,,,,,,,,,,,,,,,,,,,,,,,,,,,,,,,,,,,,,,,,,,,,,,,,,,,,,,,,,,,,,,,,,,,,,,,,,,,,,,,,,,,,,,,,,,,,,,,,2025-04-24 13:34:30,Signal Acquired,15.444541,73.864107,5.04,-0.22,8.82,-0.05,0.01,0.02,DETECTED
,,,,,,,,,,,,,,,,,,,,,,,,,,,,,,,,,,,,,,,,,,,,,,,,,,,,,,,,,,,,,,,,,,,,,,,,,,,,,,,,,,,,,,,,,,,,,,,,,,,,,,,,,2025-04-24 13:34:30,Signal Acquired,15.444541,73.864107,0.59,-0.04,9.15,0.01,0.03,-0.04,NO
,,,,,,,,,,,,,,,,,,,,,,,,,,,,,,,,,,,,,,,,,,,,,,,,,,,,,,,,,,,,,,,,,,,,,,,,,,,,,,,,,,,,,,,,,,,,,,,,,,,,,,,,,2025-04-24 13:34:32,Signal Acquired,15.444642,73.863891,1.33,-0.36,10.46,-0.12,0.14,-0.1,DETECTED
,,,,,,,,,,,,,,,,,,,,,,,,,,,,,,,,,,,,,,,,,,,,,,,,,,,,,,,,,,,,,,,,,,,,,,,,,,,,,,,,,,,,,,,,,,,,,,,,,,,,,,,,,2025-04-24 13:34:32,Signal Acquired,15.444642,73.863891,2.31,-0.22,7.32,-0.07,-0.03,0.01,NO
,,,,,,,,,,,,,,,,,,,,,,,,,,,,,,,,,,,,,,,,,,,,,,,,,,,,,,,,,,,,,,,,,,,,,,,,,,,,,,,,,,,,,,,,,,,,,,,,,,,,,,,,,2025-04-24 13:34:32,Signal Acquired,15.444748,73.863684,-0.66,0.67,10.55,0.14,-0.02,-0.05,DETECTED
,,,,,,,,,,,,,,,,,,,,,,,,,,,,,,,,,,,,,,,,,,,,,,,,,,,,,,,,,,,,,,,,,,,,,,,,,,,,,,,,,,,,,,,,,,,,,,,,,,,,,,,,,2025-04-24 13:34:34,Signal Acquired,15.444748,73.863684,0.08,-1.49,8.79,0.03,0.02,-0.01,NO
,,,,,,,,,,,,,,,,,,,,,,,,,,,,,,,,,,,,,,,,,,,,,,,,,,,,,,,,,,,,,,,,,,,,,,,,,,,,,,,,,,,,,,,,,,,,,,,,,,,,,,,,,2025-04-24 13:34:34,Signal Acquired,15.444853,73.863489,0.72,-0.29,8.81,0.04,0.05,-0.04,NO
,,,,,,,,,,,,,,,,,,,,,,,,,,,,,,,,,,,,,,,,,,,,,,,,,,,,,,,,,,,,,,,,,,,,,,,,,,,,,,,,,,,,,,,,,,,,,,,,,,,,,,,,,2025-04-24 13:34:34,Signal Acquired,15.444853,73.863489,0.47,-0.48,10.05,-0.04,0.01,-0.01,NO
,,,,,,,,,,,,,,,,,,,,,,,,,,,,,,,,,,,,,,,,,,,,,,,,,,,,,,,,,,,,,,,,,,,,,,,,,,,,,,,,,,,,,,,,,,,,,,,,,,,,,,,,,2025-04-24 13:34:36,Signal Acquired,15.444958,73.863302,0.21,-0.95,9.45,0.05,0.05,-0.01,DETECTED
,,,,,,,,,,,,,,,,,,,,,,,,,,,,,,,,,,,,,,,,,,,,,,,,,,,,,,,,,,,,,,,,,,,,,,,,,,,,,,,,,,,,,,,,,,,,,,,,,,,,,,,,,2025-04-24 13:34:36,Signal Acquired,15.444958,73.863302,-0.05,1.16,8.76,-0.01,-0.0,0.07,DETECTED
,,,,,,,,,,,,,,,,,,,,,,,,,,,,,,,,,,,,,,,,,,,,,,,,,,,,,,,,,,,,,,,,,,,,,,,,,,,,,,,,,,,,,,,,,,,,,,,,,,,,,,,,,2025-04-24 13:34:36,Signal Acquired,15.44506,73.863127,-1.13,0.22,8.82,-0.0,0.03,-0.01,NO
,,,,,,,,,,,,,,,,,,,,,,,,,,,,,,,,,,,,,,,,,,,,,,,,,,,,,,,,,,,,,,,,,,,,,,,,,,,,,,,,,,,,,,,,,,,,,,,,,,,,,,,,,2025-04-24 13:34:39,Signal Acquired,15.44506,73.863127,-0.69,0.15,9.63,-0.01,-0.08,0.04,DETECTED
,,,,,,,,,,,,,,,,,,,,,,,,,,,,,,,,,,,,,,,,,,,,,,,,,,,,,,,,,,,,,,,,,,,,,,,,,,,,,,,,,,,,,,,,,,,,,,,,,,,,,,,,,2025-04-24 13:34:39,Signal Acquired,15.445159,73.862957,1.75,0.16,8.39,0.02,-0.07,0.07,DETECTED
,,,,,,,,,,,,,,,,,,,,,,,,,,,,,,,,,,,,,,,,,,,,,,,,,,,,,,,,,,,,,,,,,,,,,,,,,,,,,,,,,,,,,,,,,,,,,,,,,,,,,,,,,2025-04-24 13:34:39,Signal Acquired,15.445159,73.862957,0.71,0.23,7.87,-0.02,0.01,0.02,NO
,,,,,,,,,,,,,,,,,,,,,,,,,,,,,,,,,,,,,,,,,,,,,,,,,,,,,,,,,,,,,,,,,,,,,,,,,,,,,,,,,,,,,,,,,,,,,,,,,,,,,,,,,2025-04-24 13:34:41,Signal Acquired,15.445256,73.862795,0.54,-0.46,9.85,-0.07,0.08,-0.05,NO
,,,,,,,,,,,,,,,,,,,,,,,,,,,,,,,,,,,,,,,,,,,,,,,,,,,,,,,,,,,,,,,,,,,,,,,,,,,,,,,,,,,,,,,,,,,,,,,,,,,,,,,,,2025-04-24 13:34:41,Signal Acquired,15.445256,73.862795,-0.64,0.91,9.23,0.06,-0.05,-0.01,NO
,,,,,,,,,,,,,,,,,,,,,,,,,,,,,,,,,,,,,,,,,,,,,,,,,,,,,,,,,,,,,,,,,,,,,,,,,,,,,,,,,,,,,,,,,,,,,,,,,,,,,,,,,2025-04-24 13:34:41,Signal Acquired,15.445351,73.862642,2.32,0.12,8.08,0.01,-0.09,-0.04,DETECTED
,,,,,,,,,,,,,,,,,,,,,,,,,,,,,,,,,,,,,,,,,,,,,,,,,,,,,,,,,,,,,,,,,,,,,,,,,,,,,,,,,,,,,,,,,,,,,,,,,,,,,,,,,2025-04-24 13:34:43,Signal Acquired,15.445351,73.862642,-5.76,0.43,8.51,0.39,0.05,-0.39,DETECTED
,,,,,,,,,,,,,,,,,,,,,,,,,,,,,,,,,,,,,,,,,,,,,,,,,,,,,,,,,,,,,,,,,,,,,,,,,,,,,,,,,,,,,,,,,,,,,,,,,,,,,,,,,2025-04-24 13:34:43,Signal Acquired,15.445447,73.862495,0.84,0.48,8.45,-0.01,-0.01,-0.14,DETECTED
,,,,,,,,,,,,,,,,,,,,,,,,,,,,,,,,,,,,,,,,,,,,,,,,,,,,,,,,,,,,,,,,,,,,,,,,,,,,,,,,,,,,,,,,,,,,,,,,,,,,,,,,,2025-04-24 13:34:43,Signal Acquired,15.445447,73.862495,4.06,0.12,8.89,-0.1,0.0,-0.11,NO
,,,,,,,,,,,,,,,,,,,,,,,,,,,,,,,,,,,,,,,,,,,,,,,,,,,,,,,,,,,,,,,,,,,,,,,,,,,,,,,,,,,,,,,,,,,,,,,,,,,,,,,,,2025-04-24 13:34:45,Signal Acquired,15.44555,73.862365,4.87,-0.38,9.18,-0.2,-0.04,-0.13,DETECTED
,,,,,,,,,,,,,,,,,,,,,,,,,,,,,,,,,,,,,,,,,,,,,,,,,,,,,,,,,,,,,,,,,,,,,,,,,,,,,,,,,,,,,,,,,,,,,,,,,,,,,,,,,2025-04-24 13:34:45,Signal Acquired,15.44555,73.862365,-4.7,2.83,10.96,0.22,-0.01,-0.22,DETECTED
,,,,,,,,,,,,,,,,,,,,,,,,,,,,,,,,,,,,,,,,,,,,,,,,,,,,,,,,,,,,,,,,,,,,,,,,,,,,,,,,,,,,,,,,,,,,,,,,,,,,,,,,,2025-04-24 13:34:45,Signal Acquired,15.445667,73.862253,-1.3,1.06,9.5,0.05,-0.03,-0.11,NO
,,,,,,,,,,,,,,,,,,,,,,,,,,,,,,,,,,,,,,,,,,,,,,,,,,,,,,,,,,,,,,,,,,,,,,,,,,,,,,,,,,,,,,,,,,,,,,,,,,,,,,,,,2025-04-24 13:34:47,Signal Acquired,15.445667,73.862253,0.55,0.97,9.96,0.03,0.06,-0.09,NO
,,,,,,,,,,,,,,,,,,,,,,,,,,,,,,,,,,,,,,,,,,,,,,,,,,,,,,,,,,,,,,,,,,,,,,,,,,,,,,,,,,,,,,,,,,,,,,,,,,,,,,,,,2025-04-24 13:34:47,Signal Acquired,15.445789,73.862154,3.94,0.03,9.12,-0.04,-0.01,-0.04,NO
,,,,,,,,,,,,,,,,,,,,,,,,,,,,,,,,,,,,,,,,,,,,,,,,,,,,,,,,,,,,,,,,,,,,,,,,,,,,,,,,,,,,,,,,,,,,,,,,,,,,,,,,,2025-04-24 13:34:47,Signal Acquired,15.445789,73.862154,11.67,-0.52,7.66,-0.04,0.06,0.22,DETECTED
,,,,,,,,,,,,,,,,,,,,,,,,,,,,,,,,,,,,,,,,,,,,,,,,,,,,,,,,,,,,,,,,,,,,,,,,,,,,,,,,,,,,,,,,,,,,,,,,,,,,,,,,,2025-04-24 13:34:50,Signal Acquired,15.44592,73.862075,-6.01,3.51,9.32,0.32,-0.03,-0.44,DETECTED
,,,,,,,,,,,,,,,,,,,,,,,,,,,,,,,,,,,,,,,,,,,,,,,,,,,,,,,,,,,,,,,,,,,,,,,,,,,,,,,,,,,,,,,,,,,,,,,,,,,,,,,,,2025-04-24 13:34:50,Signal Acquired,15.44592,73.862075,4.63,0.92,6.43,-0.12,-0.05,-0.04,DETECTED
,,,,,,,,,,,,,,,,,,,,,,,,,,,,,,,,,,,,,,,,,,,,,,,,,,,,,,,,,,,,,,,,,,,,,,,,,,,,,,,,,,,,,,,,,,,,,,,,,,,,,,,,,2025-04-24 13:34:50,Signal Acquired,15.446056,73.862006,-0.82,1.29,9.33,-0.05,0.02,-0.09,DETECTED
,,,,,,,,,,,,,,,,,,,,,,,,,,,,,,,,,,,,,,,,,,,,,,,,,,,,,,,,,,,,,,,,,,,,,,,,,,,,,,,,,,,,,,,,,,,,,,,,,,,,,,,,,2025-04-24 13:34:52,Signal Acquired,15.446056,73.862006,1.22,0.53,10.54,0.03,0.24,-0.16,DETECTED
,,,,,,,,,,,,,,,,,,,,,,,,,,,,,,,,,,,,,,,,,,,,,,,,,,,,,,,,,,,,,,,,,,,,,,,,,,,,,,,,,,,,,,,,,,,,,,,,,,,,,,,,,2025-04-24 13:34:52,Signal Acquired,15.446196,73.86195,2.12,1.64,9.98,-0.01,-0.06,-0.03,NO
,,,,,,,,,,,,,,,,,,,,,,,,,,,,,,,,,,,,,,,,,,,,,,,,,,,,,,,,,,,,,,,,,,,,,,,,,,,,,,,,,,,,,,,,,,,,,,,,,,,,,,,,,2025-04-24 13:34:52,Signal Acquired,15.446196,73.86195,0.98,0.0,10.58,-0.06,-0.11,-0.04,DETECTED
,,,,,,,,,,,,,,,,,,,,,,,,,,,,,,,,,,,,,,,,,,,,,,,,,,,,,,,,,,,,,,,,,,,,,,,,,,,,,,,,,,,,,,,,,,,,,,,,,,,,,,,,,2025-04-24 13:34:54,Signal Acquired,15.44634,73.861907,1.81,1.62,9.49,0.04,0.0,-0.11,DETECTED
,,,,,,,,,,,,,,,,,,,,,,,,,,,,,,,,,,,,,,,,,,,,,,,,,,,,,,,,,,,,,,,,,,,,,,,,,,,,,,,,,,,,,,,,,,,,,,,,,,,,,,,,,2025-04-24 13:34:54,Signal Acquired,15.44634,73.861907,0.68,-0.28,6.45,-0.01,0.16,-0.21,DETECTED
,,,,,,,,,,,,,,,,,,,,,,,,,,,,,,,,,,,,,,,,,,,,,,,,,,,,,,,,,,,,,,,,,,,,,,,,,,,,,,,,,,,,,,,,,,,,,,,,,,,,,,,,,2025-04-24 13:34:54,Signal Acquired,15.446486,73.861874,-1.13,-0.62,9.2,-0.08,0.03,-0.12,DETECTED
,,,,,,,,,,,,,,,,,,,,,,,,,,,,,,,,,,,,,,,,,,,,,,,,,,,,,,,,,,,,,,,,,,,,,,,,,,,,,,,,,,,,,,,,,,,,,,,,,,,,,,,,,2025-04-24 13:34:56,Signal Acquired,15.446486,73.861874,2.11,0.52,9.0,-0.01,0.09,-0.12,DETECTED
,,,,,,,,,,,,,,,,,,,,,,,,,,,,,,,,,,,,,,,,,,,,,,,,,,,,,,,,,,,,,,,,,,,,,,,,,,,,,,,,,,,,,,,,,,,,,,,,,,,,,,,,,2025-04-24 13:34:56,Signal Acquired,15.446629,73.861857,1.67,1.15,10.88,-0.11,-0.1,-0.05,DETECTED
,,,,,,,,,,,,,,,,,,,,,,,,,,,,,,,,,,,,,,,,,,,,,,,,,,,,,,,,,,,,,,,,,,,,,,,,,,,,,,,,,,,,,,,,,,,,,,,,,,,,,,,,,2025-04-24 13:34:56,Signal Acquired,15.446629,73.861857,2.8,1.81,10.61,-0.0,-0.09,-0.04,NO
,,,,,,,,,,,,,,,,,,,,,,,,,,,,,,,,,,,,,,,,,,,,,,,,,,,,,,,,,,,,,,,,,,,,,,,,,,,,,,,,,,,,,,,,,,,,,,,,,,,,,,,,,2025-04-24 13:34:59,Signal Acquired,15.446776,73.861849,4.96,1.48,9.22,-0.0,-0.0,-0.08,DETECTED
,,,,,,,,,,,,,,,,,,,,,,,,,,,,,,,,,,,,,,,,,,,,,,,,,,,,,,,,,,,,,,,,,,,,,,,,,,,,,,,,,,,,,,,,,,,,,,,,,,,,,,,,,2025-04-24 13:34:59,Signal Acquired,15.446776,73.861849,2.15,0.61,9.78,-0.04,-0.1,0.0,NO
,,,,,,,,,,,,,,,,,,,,,,,,,,,,,,,,,,,,,,,,,,,,,,,,,,,,,,,,,,,,,,,,,,,,,,,,,,,,,,,,,,,,,,,,,,,,,,,,,,,,,,,,,2025-04-24 13:34:59,Signal Acquired,15.446917,73.861858,0.18,1.89,9.33,0.05,0.05,-0.13,NO
,,,,,,,,,,,,,,,,,,,,,,,,,,,,,,,,,,,,,,,,,,,,,,,,,,,,,,,,,,,,,,,,,,,,,,,,,,,,,,,,,,,,,,,,,,,,,,,,,,,,,,,,,2025-04-24 13:35:01,Signal Acquired,15.446917,73.861858,-0.34,1.07,9.16,0.05,-0.11,-0.04,DETECTED
,,,,,,,,,,,,,,,,,,,,,,,,,,,,,,,,,,,,,,,,,,,,,,,,,,,,,,,,,,,,,,,,,,,,,,,,,,,,,,,,,,,,,,,,,,,,,,,,,,,,,,,,,2025-04-24 13:35:01,Signal Acquired,15.447062,73.861875,3.22,1.57,8.69,-0.03,-0.0,-0.08,NO
,,,,,,,,,,,,,,,,,,,,,,,,,,,,,,,,,,,,,,,,,,,,,,,,,,,,,,,,,,,,,,,,,,,,,,,,,,,,,,,,,,,,,,,,,,,,,,,,,,,,,,,,,2025-04-24 13:35:01,Signal Acquired,15.447062,73.861875,3.45,2.42,8.79,-0.04,-0.02,-0.04,DETECTED
,,,,,,,,,,,,,,,,,,,,,,,,,,,,,,,,,,,,,,,,,,,,,,,,,,,,,,,,,,,,,,,,,,,,,,,,,,,,,,,,,,,,,,,,,,,,,,,,,,,,,,,,,2025-04-24 13:35:03,Signal Acquired,15.447203,73.861905,1.06,-1.15,10.49,0.05,0.23,-0.22,DETECTED
,,,,,,,,,,,,,,,,,,,,,,,,,,,,,,,,,,,,,,,,,,,,,,,,,,,,,,,,,,,,,,,,,,,,,,,,,,,,,,,,,,,,,,,,,,,,,,,,,,,,,,,,,2025-04-24 13:35:03,Signal Acquired,15.447203,73.861905,3.19,0.77,9.46,-0.01,-0.05,-0.05,DETECTED
,,,,,,,,,,,,,,,,,,,,,,,,,,,,,,,,,,,,,,,,,,,,,,,,,,,,,,,,,,,,,,,,,,,,,,,,,,,,,,,,,,,,,,,,,,,,,,,,,,,,,,,,,2025-04-24 13:35:03,Signal Acquired,15.447343,73.861955,1.82,1.61,9.89,0.03,-0.04,-0.05,DETECTED
,,,,,,,,,,,,,,,,,,,,,,,,,,,,,,,,,,,,,,,,,,,,,,,,,,,,,,,,,,,,,,,,,,,,,,,,,,,,,,,,,,,,,,,,,,,,,,,,,,,,,,,,,2025-04-24 13:35:05,Signal Acquired,15.447343,73.861955,3.55,2.17,8.77,-0.06,-0.26,0.11,DETECTED
,,,,,,,,,,,,,,,,,,,,,,,,,,,,,,,,,,,,,,,,,,,,,,,,,,,,,,,,,,,,,,,,,,,,,,,,,,,,,,,,,,,,,,,,,,,,,,,,,,,,,,,,,2025-04-24 13:35:05,Signal Acquired,15.447476,73.862017,1.08,0.2,9.31,0.0,-0.01,-0.01,NO
,,,,,,,,,,,,,,,,,,,,,,,,,,,,,,,,,,,,,,,,,,,,,,,,,,,,,,,,,,,,,,,,,,,,,,,,,,,,,,,,,,,,,,,,,,,,,,,,,,,,,,,,,2025-04-24 13:35:05,Signal Acquired,15.447476,73.862017,-0.12,1.74,9.31,0.03,-0.03,-0.03,DETECTED
,,,,,,,,,,,,,,,,,,,,,,,,,,,,,,,,,,,,,,,,,,,,,,,,,,,,,,,,,,,,,,,,,,,,,,,,,,,,,,,,,,,,,,,,,,,,,,,,,,,,,,,,,2025-04-24 13:35:08,Signal Acquired,15.447607,73.862086,-1.13,-0.29,8.47,-0.1,-0.02,0.0,DETECTED
,,,,,,,,,,,,,,,,,,,,,,,,,,,,,,,,,,,,,,,,,,,,,,,,,,,,,,,,,,,,,,,,,,,,,,,,,,,,,,,,,,,,,,,,,,,,,,,,,,,,,,,,,2025-04-24 13:35:08,Signal Acquired,15.447607,73.862086,3.99,0.92,8.87,-0.06,-0.03,-0.0,DETECTED
,,,,,,,,,,,,,,,,,,,,,,,,,,,,,,,,,,,,,,,,,,,,,,,,,,,,,,,,,,,,,,,,,,,,,,,,,,,,,,,,,,,,,,,,,,,,,,,,,,,,,,,,,2025-04-24 13:35:08,Signal Acquired,15.447735,73.862157,1.77,-0.32,8.67,-0.11,-0.04,0.04,NO
,,,,,,,,,,,,,,,,,,,,,,,,,,,,,,,,,,,,,,,,,,,,,,,,,,,,,,,,,,,,,,,,,,,,,,,,,,,,,,,,,,,,,,,,,,,,,,,,,,,,,,,,,2025-04-24 13:35:10,Signal Acquired,15.447735,73.862157,-1.28,0.73,9.58,-0.04,0.02,-0.05,NO
,,,,,,,,,,,,,,,,,,,,,,,,,,,,,,,,,,,,,,,,,,,,,,,,,,,,,,,,,,,,,,,,,,,,,,,,,,,,,,,,,,,,,,,,,,,,,,,,,,,,,,,,,2025-04-24 13:35:10,Signal Acquired,15.447863,73.862231,-1.88,1.32,9.84,0.05,0.08,0.05,DETECTED
,,,,,,,,,,,,,,,,,,,,,,,,,,,,,,,,,,,,,,,,,,,,,,,,,,,,,,,,,,,,,,,,,,,,,,,,,,,,,,,,,,,,,,,,,,,,,,,,,,,,,,,,,2025-04-24 13:35:10,Signal Acquired,15.447863,73.862231,1.04,0.39,9.75,-0.05,-0.05,0.14,DETECTED
,,,,,,,,,,,,,,,,,,,,,,,,,,,,,,,,,,,,,,,,,,,,,,,,,,,,,,,,,,,,,,,,,,,,,,,,,,,,,,,,,,,,,,,,,,,,,,,,,,,,,,,,,2025-04-24 13:35:12,Signal Acquired,15.447993,73.862305,-0.47,-0.28,7.76,-0.14,0.06,0.11,NO
,,,,,,,,,,,,,,,,,,,,,,,,,,,,,,,,,,,,,,,,,,,,,,,,,,,,,,,,,,,,,,,,,,,,,,,,,,,,,,,,,,,,,,,,,,,,,,,,,,,,,,,,,2025-04-24 13:35:12,Signal Acquired,15.447993,73.862305,0.35,0.13,9.49,0.03,0.06,0.15,DETECTED
,,,,,,,,,,,,,,,,,,,,,,,,,,,,,,,,,,,,,,,,,,,,,,,,,,,,,,,,,,,,,,,,,,,,,,,,,,,,,,,,,,,,,,,,,,,,,,,,,,,,,,,,,2025-04-24 13:35:12,Signal Acquired,15.448128,73.862371,-2.26,1.0,10.15,-0.01,0.01,0.19,DETECTED
,,,,,,,,,,,,,,,,,,,,,,,,,,,,,,,,,,,,,,,,,,,,,,,,,,,,,,,,,,,,,,,,,,,,,,,,,,,,,,,,,,,,,,,,,,,,,,,,,,,,,,,,,2025-04-24 13:35:14,Signal Acquired,15.448128,73.862371,-3.59,1.45,9.45,0.01,-0.08,0.23,DETECTED
,,,,,,,,,,,,,,,,,,,,,,,,,,,,,,,,,,,,,,,,,,,,,,,,,,,,,,,,,,,,,,,,,,,,,,,,,,,,,,,,,,,,,,,,,,,,,,,,,,,,,,,,,2025-04-24 13:35:14,Signal Acquired,15.448258,73.862436,-1.44,0.02,8.63,-0.11,0.11,0.2,NO
,,,,,,,,,,,,,,,,,,,,,,,,,,,,,,,,,,,,,,,,,,,,,,,,,,,,,,,,,,,,,,,,,,,,,,,,,,,,,,,,,,,,,,,,,,,,,,,,,,,,,,,,,2025-04-24 13:35:14,Signal Acquired,15.448258,73.862436,-2.63,-0.31,10.24,-0.1,0.12,0.05,DETECTED
,,,,,,,,,,,,,,,,,,,,,,,,,,,,,,,,,,,,,,,,,,,,,,,,,,,,,,,,,,,,,,,,,,,,,,,,,,,,,,,,,,,,,,,,,,,,,,,,,,,,,,,,,2025-04-24 13:35:17,Signal Acquired,15.448405,73.862436,1.52,1.07,10.95,-0.07,-0.15,0.35,DETECTED
,,,,,,,,,,,,,,,,,,,,,,,,,,,,,,,,,,,,,,,,,,,,,,,,,,,,,,,,,,,,,,,,,,,,,,,,,,,,,,,,,,,,,,,,,,,,,,,,,,,,,,,,,2025-04-24 13:35:17,Signal Acquired,15.448405,73.862436,-0.02,0.96,9.49,0.11,0.27,0.06,DETECTED
,,,,,,,,,,,,,,,,,,,,,,,,,,,,,,,,,,,,,,,,,,,,,,,,,,,,,,,,,,,,,,,,,,,,,,,,,,,,,,,,,,,,,,,,,,,,,,,,,,,,,,,,,2025-04-24 13:35:17,Signal Acquired,15.448546,73.862423,1.24,1.55,7.75,0.01,-0.06,0.13,DETECTED
,,,,,,,,,,,,,,,,,,,,,,,,,,,,,,,,,,,,,,,,,,,,,,,,,,,,,,,,,,,,,,,,,,,,,,,,,,,,,,,,,,,,,,,,,,,,,,,,,,,,,,,,,2025-04-24 13:35:19,Signal Acquired,15.448546,73.862423,0.67,-0.61,8.94,0.06,-0.09,0.09,DETECTED
,,,,,,,,,,,,,,,,,,,,,,,,,,,,,,,,,,,,,,,,,,,,,,,,,,,,,,,,,,,,,,,,,,,,,,,,,,,,,,,,,,,,,,,,,,,,,,,,,,,,,,,,,2025-04-24 13:35:19,Signal Acquired,15.448687,73.862384,-2.68,0.83,9.59,-0.04,-0.02,0.01,NO
,,,,,,,,,,,,,,,,,,,,,,,,,,,,,,,,,,,,,,,,,,,,,,,,,,,,,,,,,,,,,,,,,,,,,,,,,,,,,,,,,,,,,,,,,,,,,,,,,,,,,,,,,2025-04-24 13:35:19,Signal Acquired,15.448687,73.862384,-0.91,0.7,9.29,0.01,0.14,-0.02,NO
,,,,,,,,,,,,,,,,,,,,,,,,,,,,,,,,,,,,,,,,,,,,,,,,,,,,,,,,,,,,,,,,,,,,,,,,,,,,,,,,,,,,,,,,,,,,,,,,,,,,,,,,,2025-04-24 13:35:21,Signal Acquired,15.448819,73.862337,1.44,0.79,8.71,0.01,-0.06,-0.02,DETECTED
,,,,,,,,,,,,,,,,,,,,,,,,,,,,,,,,,,,,,,,,,,,,,,,,,,,,,,,,,,,,,,,,,,,,,,,,,,,,,,,,,,,,,,,,,,,,,,,,,,,,,,,,,2025-04-24 13:35:21,Signal Acquired,15.448819,73.862337,2.03,1.53,9.77,-0.03,-0.01,-0.06,NO
,,,,,,,,,,,,,,,,,,,,,,,,,,,,,,,,,,,,,,,,,,,,,,,,,,,,,,,,,,,,,,,,,,,,,,,,,,,,,,,,,,,,,,,,,,,,,,,,,,,,,,,,,2025-04-24 13:35:21,Signal Acquired,15.448951,73.862287,1.74,1.19,9.96,0.07,0.09,-0.11,DETECTED
,,,,,,,,,,,,,,,,,,,,,,,,,,,,,,,,,,,,,,,,,,,,,,,,,,,,,,,,,,,,,,,,,,,,,,,,,,,,,,,,,,,,,,,,,,,,,,,,,,,,,,,,,2025-04-24 13:35:23,Signal Acquired,15.448951,73.862287,1.03,0.5,7.74,-0.04,-0.02,-0.13,NO
,,,,,,,,,,,,,,,,,,,,,,,,,,,,,,,,,,,,,,,,,,,,,,,,,,,,,,,,,,,,,,,,,,,,,,,,,,,,,,,,,,,,,,,,,,,,,,,,,,,,,,,,,2025-04-24 13:35:23,Signal Acquired,15.449084,73.862242,2.41,-0.22,9.11,-0.08,0.04,-0.11,NO
,,,,,,,,,,,,,,,,,,,,,,,,,,,,,,,,,,,,,,,,,,,,,,,,,,,,,,,,,,,,,,,,,,,,,,,,,,,,,,,,,,,,,,,,,,,,,,,,,,,,,,,,,2025-04-24 13:35:23,Signal Acquired,15.449084,73.862242,6.71,0.31,9.91,-0.04,0.05,-0.12,NO
,,,,,,,,,,,,,,,,,,,,,,,,,,,,,,,,,,,,,,,,,,,,,,,,,,,,,,,,,,,,,,,,,,,,,,,,,,,,,,,,,,,,,,,,,,,,,,,,,,,,,,,,,2025-04-24 13:35:26,Signal Acquired,15.449221,73.86221,0.71,1.31,9.69,0.02,-0.05,-0.13,DETECTED
,,,,,,,,,,,,,,,,,,,,,,,,,,,,,,,,,,,,,,,,,,,,,,,,,,,,,,,,,,,,,,,,,,,,,,,,,,,,,,,,,,,,,,,,,,,,,,,,,,,,,,,,,2025-04-24 13:35:26,Signal Acquired,15.449221,73.86221,-1.49,1.41,8.98,0.0,-0.12,-0.09,DETECTED
,,,,,,,,,,,,,,,,,,,,,,,,,,,,,,,,,,,,,,,,,,,,,,,,,,,,,,,,,,,,,,,,,,,,,,,,,,,,,,,,,,,,,,,,,,,,,,,,,,,,,,,,,2025-04-24 13:35:26,Signal Acquired,15.449362,73.862203,-0.57,1.56,9.84,0.07,-0.08,-0.12,DETECTED
,,,,,,,,,,,,,,,,,,,,,,,,,,,,,,,,,,,,,,,,,,,,,,,,,,,,,,,,,,,,,,,,,,,,,,,,,,,,,,,,,,,,,,,,,,,,,,,,,,,,,,,,,2025-04-24 13:35:28,Signal Acquired,15.449362,73.862203,2.86,0.51,10.34,0.02,0.06,-0.1,DETECTED
,,,,,,,,,,,,,,,,,,,,,,,,,,,,,,,,,,,,,,,,,,,,,,,,,,,,,,,,,,,,,,,,,,,,,,,,,,,,,,,,,,,,,,,,,,,,,,,,,,,,,,,,,2025-04-24 13:35:28,Signal Acquired,15.449503,73.862215,1.38,1.43,8.23,0.03,0.08,-0.16,DETECTED
,,,,,,,,,,,,,,,,,,,,,,,,,,,,,,,,,,,,,,,,,,,,,,,,,,,,,,,,,,,,,,,,,,,,,,,,,,,,,,,,,,,,,,,,,,,,,,,,,,,,,,,,,2025-04-24 13:35:28,Signal Acquired,15.449503,73.862215,1.13,-0.24,9.18,-0.0,0.03,-0.04,NO
,,,,,,,,,,,,,,,,,,,,,,,,,,,,,,,,,,,,,,,,,,,,,,,,,,,,,,,,,,,,,,,,,,,,,,,,,,,,,,,,,,,,,,,,,,,,,,,,,,,,,,,,,2025-04-24 13:35:30,Signal Acquired,15.449653,73.862237,-0.3,1.36,8.87,0.02,0.04,-0.04,DETECTED
,,,,,,,,,,,,,,,,,,,,,,,,,,,,,,,,,,,,,,,,,,,,,,,,,,,,,,,,,,,,,,,,,,,,,,,,,,,,,,,,,,,,,,,,,,,,,,,,,,,,,,,,,2025-04-24 13:35:30,Signal Acquired,15.449653,73.862237,0.33,0.15,7.57,-0.09,0.05,-0.01,NO
,,,,,,,,,,,,,,,,,,,,,,,,,,,,,,,,,,,,,,,,,,,,,,,,,,,,,,,,,,,,,,,,,,,,,,,,,,,,,,,,,,,,,,,,,,,,,,,,,,,,,,,,,2025-04-24 13:35:30,Signal Acquired,15.449803,73.862272,-1.83,1.1,8.44,-0.04,0.03,0.02,NO
,,,,,,,,,,,,,,,,,,,,,,,,,,,,,,,,,,,,,,,,,,,,,,,,,,,,,,,,,,,,,,,,,,,,,,,,,,,,,,,,,,,,,,,,,,,,,,,,,,,,,,,,,2025-04-24 13:35:32,Signal Acquired,15.449803,73.862272,2.76,-0.02,9.24,-0.04,0.04,-0.0,NO
,,,,,,,,,,,,,,,,,,,,,,,,,,,,,,,,,,,,,,,,,,,,,,,,,,,,,,,,,,,,,,,,,,,,,,,,,,,,,,,,,,,,,,,,,,,,,,,,,,,,,,,,,2025-04-24 13:35:32,Signal Acquired,15.449956,73.862306,-1.45,0.87,10.72,-0.01,0.01,-0.03,NO
,,,,,,,,,,,,,,,,,,,,,,,,,,,,,,,,,,,,,,,,,,,,,,,,,,,,,,,,,,,,,,,,,,,,,,,,,,,,,,,,,,,,,,,,,,,,,,,,,,,,,,,,,2025-04-24 13:35:32,Signal Acquired,15.449956,73.862306,-2.44,0.95,9.0,-0.01,-0.04,-0.07,DETECTED
,,,,,,,,,,,,,,,,,,,,,,,,,,,,,,,,,,,,,,,,,,,,,,,,,,,,,,,,,,,,,,,,,,,,,,,,,,,,,,,,,,,,,,,,,,,,,,,,,,,,,,,,,2025-04-24 13:35:35,Signal Acquired,15.450111,73.862342,-0.25,1.14,10.05,0.06,0.06,-0.06,DETECTED
,,,,,,,,,,,,,,,,,,,,,,,,,,,,,,,,,,,,,,,,,,,,,,,,,,,,,,,,,,,,,,,,,,,,,,,,,,,,,,,,,,,,,,,,,,,,,,,,,,,,,,,,,2025-04-24 13:35:35,Signal Acquired,15.450111,73.862342,-2.43,0.38,8.53,-0.0,0.03,-0.05,DETECTED
,,,,,,,,,,,,,,,,,,,,,,,,,,,,,,,,,,,,,,,,,,,,,,,,,,,,,,,,,,,,,,,,,,,,,,,,,,,,,,,,,,,,,,,,,,,,,,,,,,,,,,,,,2025-04-24 13:35:35,Signal Acquired,15.450269,73.862382,-2.18,1.42,9.82,-0.03,0.04,-0.06,NO
,,,,,,,,,,,,,,,,,,,,,,,,,,,,,,,,,,,,,,,,,,,,,,,,,,,,,,,,,,,,,,,,,,,,,,,,,,,,,,,,,,,,,,,,,,,,,,,,,,,,,,,,,2025-04-24 13:35:37,Signal Acquired,15.450269,73.862382,1.19,1.69,9.02,-0.04,-0.1,0.02,DETECTED
,,,,,,,,,,,,,,,,,,,,,,,,,,,,,,,,,,,,,,,,,,,,,,,,,,,,,,,,,,,,,,,,,,,,,,,,,,,,,,,,,,,,,,,,,,,,,,,,,,,,,,,,,2025-04-24 13:35:37,Signal Acquired,15.45043,73.862429,2.27,1.98,9.13,-0.02,0.06,-0.09,DETECTED
,,,,,,,,,,,,,,,,,,,,,,,,,,,,,,,,,,,,,,,,,,,,,,,,,,,,,,,,,,,,,,,,,,,,,,,,,,,,,,,,,,,,,,,,,,,,,,,,,,,,,,,,,2025-04-24 13:35:37,Signal Acquired,15.45043,73.862429,2.63,0.88,9.75,0.02,-0.04,-0.04,DETECTED
,,,,,,,,,,,,,,,,,,,,,,,,,,,,,,,,,,,,,,,,,,,,,,,,,,,,,,,,,,,,,,,,,,,,,,,,,,,,,,,,,,,,,,,,,,,,,,,,,,,,,,,,,2025-04-24 13:35:39,Signal Acquired,15.450596,73.862481,0.47,-0.17,7.42,0.0,0.15,-0.1,NO
,,,,,,,,,,,,,,,,,,,,,,,,,,,,,,,,,,,,,,,,,,,,,,,,,,,,,,,,,,,,,,,,,,,,,,,,,,,,,,,,,,,,,,,,,,,,,,,,,,,,,,,,,2025-04-24 13:35:39,Signal Acquired,15.450596,73.862481,1.9,1.77,12.09,0.12,-0.06,-0.05,DETECTED
,,,,,,,,,,,,,,,,,,,,,,,,,,,,,,,,,,,,,,,,,,,,,,,,,,,,,,,,,,,,,,,,,,,,,,,,,,,,,,,,,,,,,,,,,,,,,,,,,,,,,,,,,2025-04-24 13:35:39,Signal Acquired,15.450762,73.862545,0.55,0.73,10.42,0.04,0.11,-0.08,DETECTED
,,,,,,,,,,,,,,,,,,,,,,,,,,,,,,,,,,,,,,,,,,,,,,,,,,,,,,,,,,,,,,,,,,,,,,,,,,,,,,,,,,,,,,,,,,,,,,,,,,,,,,,,,2025-04-24 13:35:41,Signal Acquired,15.450762,73.862545,0.9,0.38,9.16,0.02,-0.08,-0.04,DETECTED
,,,,,,,,,,,,,,,,,,,,,,,,,,,,,,,,,,,,,,,,,,,,,,,,,,,,,,,,,,,,,,,,,,,,,,,,,,,,,,,,,,,,,,,,,,,,,,,,,,,,,,,,,2025-04-24 13:35:41,Signal Acquired,15.450929,73.862618,0.62,0.99,10.43,0.01,0.07,-0.09,DETECTED
,,,,,,,,,,,,,,,,,,,,,,,,,,,,,,,,,,,,,,,,,,,,,,,,,,,,,,,,,,,,,,,,,,,,,,,,,,,,,,,,,,,,,,,,,,,,,,,,,,,,,,,,,2025-04-24 13:35:41,Signal Acquired,15.450929,73.862618,3.61,1.78,9.36,-0.07,-0.12,-0.04,DETECTED
,,,,,,,,,,,,,,,,,,,,,,,,,,,,,,,,,,,,,,,,,,,,,,,,,,,,,,,,,,,,,,,,,,,,,,,,,,,,,,,,,,,,,,,,,,,,,,,,,,,,,,,,,2025-04-24 13:35:44,Signal Acquired,15.451091,73.86271,2.77,0.07,9.04,0.01,0.02,-0.08,NO
,,,,,,,,,,,,,,,,,,,,,,,,,,,,,,,,,,,,,,,,,,,,,,,,,,,,,,,,,,,,,,,,,,,,,,,,,,,,,,,,,,,,,,,,,,,,,,,,,,,,,,,,,2025-04-24 13:35:44,Signal Acquired,15.451091,73.86271,-2.34,1.52,9.84,0.09,0.05,-0.05,DETECTED
,,,,,,,,,,,,,,,,,,,,,,,,,,,,,,,,,,,,,,,,,,,,,,,,,,,,,,,,,,,,,,,,,,,,,,,,,,,,,,,,,,,,,,,,,,,,,,,,,,,,,,,,,2025-04-24 13:35:44,Signal Acquired,15.451252,73.862815,0.4,1.2,10.22,0.13,0.02,-0.04,NO
,,,,,,,,,,,,,,,,,,,,,,,,,,,,,,,,,,,,,,,,,,,,,,,,,,,,,,,,,,,,,,,,,,,,,,,,,,,,,,,,,,,,,,,,,,,,,,,,,,,,,,,,,2025-04-24 13:35:46,Signal Acquired,15.451252,73.862815,1.92,0.52,10.58,-0.09,-0.04,-0.03,DETECTED
,,,,,,,,,,,,,,,,,,,,,,,,,,,,,,,,,,,,,,,,,,,,,,,,,,,,,,,,,,,,,,,,,,,,,,,,,,,,,,,,,,,,,,,,,,,,,,,,,,,,,,,,,2025-04-24 13:35:46,Signal Acquired,15.451406,73.862933,1.98,1.41,6.54,0.13,0.14,-0.08,DETECTED
,,,,,,,,,,,,,,,,,,,,,,,,,,,,,,,,,,,,,,,,,,,,,,,,,,,,,,,,,,,,,,,,,,,,,,,,,,,,,,,,,,,,,,,,,,,,,,,,,,,,,,,,,2025-04-24 13:35:46,Signal Acquired,15.451406,73.862933,0.81,0.92,8.73,-0.0,-0.02,-0.04,DETECTED
,,,,,,,,,,,,,,,,,,,,,,,,,,,,,,,,,,,,,,,,,,,,,,,,,,,,,,,,,,,,,,,,,,,,,,,,,,,,,,,,,,,,,,,,,,,,,,,,,,,,,,,,,2025-04-24 13:35:48,Signal Acquired,15.451558,73.863062,3.35,0.8,7.6,-0.03,0.02,-0.05,DETECTED
,,,,,,,,,,,,,,,,,,,,,,,,,,,,,,,,,,,,,,,,,,,,,,,,,,,,,,,,,,,,,,,,,,,,,,,,,,,,,,,,,,,,,,,,,,,,,,,,,,,,,,,,,2025-04-24 13:35:48,Signal Acquired,15.451558,73.863062,-0.04,0.23,10.09,-0.02,0.04,-0.03,DETECTED
,,,,,,,,,,,,,,,,,,,,,,,,,,,,,,,,,,,,,,,,,,,,,,,,,,,,,,,,,,,,,,,,,,,,,,,,,,,,,,,,,,,,,,,,,,,,,,,,,,,,,,,,,2025-04-24 13:35:48,Signal Acquired,15.451702,73.863196,2.07,1.4,8.36,0.02,0.07,-0.01,DETECTED
,,,,,,,,,,,,,,,,,,,,,,,,,,,,,,,,,,,,,,,,,,,,,,,,,,,,,,,,,,,,,,,,,,,,,,,,,,,,,,,,,,,,,,,,,,,,,,,,,,,,,,,,,2025-04-24 13:35:50,Signal Acquired,15.451702,73.863196,1.27,-0.96,10.94,0.01,0.03,-0.01,NO
,,,,,,,,,,,,,,,,,,,,,,,,,,,,,,,,,,,,,,,,,,,,,,,,,,,,,,,,,,,,,,,,,,,,,,,,,,,,,,,,,,,,,,,,,,,,,,,,,,,,,,,,,2025-04-24 13:35:50,Signal Acquired,15.451838,73.863338,-0.42,-0.83,10.18,-0.0,0.08,0.0,DETECTED
,,,,,,,,,,,,,,,,,,,,,,,,,,,,,,,,,,,,,,,,,,,,,,,,,,,,,,,,,,,,,,,,,,,,,,,,,,,,,,,,,,,,,,,,,,,,,,,,,,,,,,,,,2025-04-24 13:35:50,Signal Acquired,15.451838,73.863338,1.21,0.45,9.19,0.07,0.07,0.01,DETECTED
,,,,,,,,,,,,,,,,,,,,,,,,,,,,,,,,,,,,,,,,,,,,,,,,,,,,,,,,,,,,,,,,,,,,,,,,,,,,,,,,,,,,,,,,,,,,,,,,,,,,,,,,,2025-04-24 13:35:53,Signal Acquired,15.45197,73.86348,0.69,0.15,9.48,0.03,-0.03,0.03,NO
,,,,,,,,,,,,,,,,,,,,,,,,,,,,,,,,,,,,,,,,,,,,,,,,,,,,,,,,,,,,,,,,,,,,,,,,,,,,,,,,,,,,,,,,,,,,,,,,,,,,,,,,,2025-04-24 13:35:53,Signal Acquired,15.45197,73.86348,1.01,0.09,8.86,0.02,-0.1,0.04,DETECTED
,,,,,,,,,,,,,,,,,,,,,,,,,,,,,,,,,,,,,,,,,,,,,,,,,,,,,,,,,,,,,,,,,,,,,,,,,,,,,,,,,,,,,,,,,,,,,,,,,,,,,,,,,2025-04-24 13:35:53,Signal Acquired,15.452099,73.863619,0.84,0.23,8.72,-0.05,-0.05,0.03,DETECTED
,,,,,,,,,,,,,,,,,,,,,,,,,,,,,,,,,,,,,,,,,,,,,,,,,,,,,,,,,,,,,,,,,,,,,,,,,,,,,,,,,,,,,,,,,,,,,,,,,,,,,,,,,2025-04-24 13:35:55,Signal Acquired,15.452099,73.863619,-0.05,0.39,8.78,-0.08,-0.03,0.03,NO
,,,,,,,,,,,,,,,,,,,,,,,,,,,,,,,,,,,,,,,,,,,,,,,,,,,,,,,,,,,,,,,,,,,,,,,,,,,,,,,,,,,,,,,,,,,,,,,,,,,,,,,,,2025-04-24 13:35:55,Signal Acquired,15.452232,73.86375,-0.83,0.54,10.24,0.25,0.02,0.04,DETECTED
,,,,,,,,,,,,,,,,,,,,,,,,,,,,,,,,,,,,,,,,,,,,,,,,,,,,,,,,,,,,,,,,,,,,,,,,,,,,,,,,,,,,,,,,,,,,,,,,,,,,,,,,,2025-04-24 13:35:55,Signal Acquired,15.452232,73.86375,1.78,0.92,7.95,-0.06,-0.0,0.02,DETECTED
,,,,,,,,,,,,,,,,,,,,,,,,,,,,,,,,,,,,,,,,,,,,,,,,,,,,,,,,,,,,,,,,,,,,,,,,,,,,,,,,,,,,,,,,,,,,,,,,,,,,,,,,,2025-04-24 13:35:57,Signal Acquired,15.452361,73.863879,-1.14,0.25,11.35,0.04,0.05,0.04,NO
,,,,,,,,,,,,,,,,,,,,,,,,,,,,,,,,,,,,,,,,,,,,,,,,,,,,,,,,,,,,,,,,,,,,,,,,,,,,,,,,,,,,,,,,,,,,,,,,,,,,,,,,,2025-04-24 13:35:57,Signal Acquired,15.452361,73.863879,1.92,1.1,8.49,-0.06,-0.03,0.01,DETECTED
,,,,,,,,,,,,,,,,,,,,,,,,,,,,,,,,,,,,,,,,,,,,,,,,,,,,,,,,,,,,,,,,,,,,,,,,,,,,,,,,,,,,,,,,,,,,,,,,,,,,,,,,,2025-04-24 13:35:57,Signal Acquired,15.452495,73.864003,-0.99,0.66,9.9,0.01,0.08,0.08,NO
,,,,,,,,,,,,,,,,,,,,,,,,,,,,,,,,,,,,,,,,,,,,,,,,,,,,,,,,,,,,,,,,,,,,,,,,,,,,,,,,,,,,,,,,,,,,,,,,,,,,,,,,,2025-04-24 13:35:59,Signal Acquired,15.452495,73.864003,-1.29,1.02,8.63,-0.03,0.03,0.05,DETECTED
,,,,,,,,,,,,,,,,,,,,,,,,,,,,,,,,,,,,,,,,,,,,,,,,,,,,,,,,,,,,,,,,,,,,,,,,,,,,,,,,,,,,,,,,,,,,,,,,,,,,,,,,,2025-04-24 13:35:59,Signal Acquired,15.452634,73.864122,-1.37,2.3,9.1,-0.11,0.07,0.05,NO
,,,,,,,,,,,,,,,,,,,,,,,,,,,,,,,,,,,,,,,,,,,,,,,,,,,,,,,,,,,,,,,,,,,,,,,,,,,,,,,,,,,,,,,,,,,,,,,,,,,,,,,,,2025-04-24 13:35:59,Signal Acquired,15.452634,73.864122,0.23,1.24,10.59,0.02,-0.07,0.05,NO
,,,,,,,,,,,,,,,,,,,,,,,,,,,,,,,,,,,,,,,,,,,,,,,,,,,,,,,,,,,,,,,,,,,,,,,,,,,,,,,,,,,,,,,,,,,,,,,,,,,,,,,,,2025-04-24 13:36:02,Signal Acquired,15.452778,73.864233,-1.02,1.34,9.66,0.03,0.02,0.06,DETECTED
,,,,,,,,,,,,,,,,,,,,,,,,,,,,,,,,,,,,,,,,,,,,,,,,,,,,,,,,,,,,,,,,,,,,,,,,,,,,,,,,,,,,,,,,,,,,,,,,,,,,,,,,,2025-04-24 13:36:02,Signal Acquired,15.452778,73.864233,2.34,-0.02,8.83,-0.01,-0.04,0.03,NO
,,,,,,,,,,,,,,,,,,,,,,,,,,,,,,,,,,,,,,,,,,,,,,,,,,,,,,,,,,,,,,,,,,,,,,,,,,,,,,,,,,,,,,,,,,,,,,,,,,,,,,,,,2025-04-24 13:36:02,Signal Acquired,15.452932,73.864336,0.19,1.46,8.88,-0.01,0.17,0.07,DETECTED
,,,,,,,,,,,,,,,,,,,,,,,,,,,,,,,,,,,,,,,,,,,,,,,,,,,,,,,,,,,,,,,,,,,,,,,,,,,,,,,,,,,,,,,,,,,,,,,,,,,,,,,,,2025-04-24 13:36:04,Signal Acquired,15.452932,73.864336,-1.06,-0.54,8.25,-0.03,0.0,0.05,NO
,,,,,,,,,,,,,,,,,,,,,,,,,,,,,,,,,,,,,,,,,,,,,,,,,,,,,,,,,,,,,,,,,,,,,,,,,,,,,,,,,,,,,,,,,,,,,,,,,,,,,,,,,2025-04-24 13:36:04,Signal Acquired,15.453089,73.864424,1.62,0.42,8.09,-0.01,-0.06,0.06,NO
,,,,,,,,,,,,,,,,,,,,,,,,,,,,,,,,,,,,,,,,,,,,,,,,,,,,,,,,,,,,,,,,,,,,,,,,,,,,,,,,,,,,,,,,,,,,,,,,,,,,,,,,,2025-04-24 13:36:04,Signal Acquired,15.453089,73.864424,0.52,1.88,9.6,0.07,0.05,0.05,NO
,,,,,,,,,,,,,,,,,,,,,,,,,,,,,,,,,,,,,,,,,,,,,,,,,,,,,,,,,,,,,,,,,,,,,,,,,,,,,,,,,,,,,,,,,,,,,,,,,,,,,,,,,2025-04-24 13:36:06,Signal Acquired,15.453253,73.864508,2.31,0.92,8.3,-0.05,0.08,0.0,DETECTED
,,,,,,,,,,,,,,,,,,,,,,,,,,,,,,,,,,,,,,,,,,,,,,,,,,,,,,,,,,,,,,,,,,,,,,,,,,,,,,,,,,,,,,,,,,,,,,,,,,,,,,,,,2025-04-24 13:36:06,Signal Acquired,15.453253,73.864508,3.09,-0.39,9.02,-0.02,0.13,-0.0,NO
,,,,,,,,,,,,,,,,,,,,,,,,,,,,,,,,,,,,,,,,,,,,,,,,,,,,,,,,,,,,,,,,,,,,,,,,,,,,,,,,,,,,,,,,,,,,,,,,,,,,,,,,,2025-04-24 13:36:06,Signal Acquired,15.453413,73.864592,1.21,0.77,9.7,0.07,-0.0,0.03,NO
,,,,,,,,,,,,,,,,,,,,,,,,,,,,,,,,,,,,,,,,,,,,,,,,,,,,,,,,,,,,,,,,,,,,,,,,,,,,,,,,,,,,,,,,,,,,,,,,,,,,,,,,,2025-04-24 13:36:08,Signal Acquired,15.453413,73.864592,0.08,-0.11,8.9,-0.08,0.06,0.01,DETECTED
,,,,,,,,,,,,,,,,,,,,,,,,,,,,,,,,,,,,,,,,,,,,,,,,,,,,,,,,,,,,,,,,,,,,,,,,,,,,,,,,,,,,,,,,,,,,,,,,,,,,,,,,,2025-04-24 13:36:08,Signal Acquired,15.453576,73.86467,-2.02,0.15,10.81,-0.01,-0.08,0.02,NO
,,,,,,,,,,,,,,,,,,,,,,,,,,,,,,,,,,,,,,,,,,,,,,,,,,,,,,,,,,,,,,,,,,,,,,,,,,,,,,,,,,,,,,,,,,,,,,,,,,,,,,,,,2025-04-24 13:36:08,Signal Acquired,15.453576,73.86467,2.78,-0.16,9.25,0.01,0.03,0.03,DETECTED
,,,,,,,,,,,,,,,,,,,,,,,,,,,,,,,,,,,,,,,,,,,,,,,,,,,,,,,,,,,,,,,,,,,,,,,,,,,,,,,,,,,,,,,,,,,,,,,,,,,,,,,,,2025-04-24 13:36:11,Signal Acquired,15.453741,73.864747,1.37,-0.33,8.59,-0.02,0.03,0.02,NO
,,,,,,,,,,,,,,,,,,,,,,,,,,,,,,,,,,,,,,,,,,,,,,,,,,,,,,,,,,,,,,,,,,,,,,,,,,,,,,,,,,,,,,,,,,,,,,,,,,,,,,,,,2025-04-24 13:36:11,Signal Acquired,15.453741,73.864747,2.89,-0.05,8.65,0.04,-0.08,0.04,NO
,,,,,,,,,,,,,,,,,,,,,,,,,,,,,,,,,,,,,,,,,,,,,,,,,,,,,,,,,,,,,,,,,,,,,,,,,,,,,,,,,,,,,,,,,,,,,,,,,,,,,,,,,2025-04-24 13:36:11,Signal Acquired,15.453897,73.864826,1.0,0.79,10.0,-0.03,-0.06,0.01,DETECTED
,,,,,,,,,,,,,,,,,,,,,,,,,,,,,,,,,,,,,,,,,,,,,,,,,,,,,,,,,,,,,,,,,,,,,,,,,,,,,,,,,,,,,,,,,,,,,,,,,,,,,,,,,2025-04-24 13:36:13,Signal Acquired,15.453897,73.864826,4.57,0.96,8.86,-0.08,-0.19,0.07,DETECTED
,,,,,,,,,,,,,,,,,,,,,,,,,,,,,,,,,,,,,,,,,,,,,,,,,,,,,,,,,,,,,,,,,,,,,,,,,,,,,,,,,,,,,,,,,,,,,,,,,,,,,,,,,2025-04-24 13:36:13,Signal Acquired,15.454057,73.8649,-0.57,0.35,9.06,-0.0,0.09,-0.05,DETECTED
,,,,,,,,,,,,,,,,,,,,,,,,,,,,,,,,,,,,,,,,,,,,,,,,,,,,,,,,,,,,,,,,,,,,,,,,,,,,,,,,,,,,,,,,,,,,,,,,,,,,,,,,,2025-04-24 13:36:13,Signal Acquired,15.454057,73.8649,-0.23,0.48,9.62,-0.01,-0.09,0.01,DETECTED
,,,,,,,,,,,,,,,,,,,,,,,,,,,,,,,,,,,,,,,,,,,,,,,,,,,,,,,,,,,,,,,,,,,,,,,,,,,,,,,,,,,,,,,,,,,,,,,,,,,,,,,,,2025-04-24 13:36:15,Signal Acquired,15.454216,73.864971,1.04,-0.19,9.62,-0.02,0.13,-0.04,NO
,,,,,,,,,,,,,,,,,,,,,,,,,,,,,,,,,,,,,,,,,,,,,,,,,,,,,,,,,,,,,,,,,,,,,,,,,,,,,,,,,,,,,,,,,,,,,,,,,,,,,,,,,2025-04-24 13:36:15,Signal Acquired,15.454216,73.864971,5.29,1.19,8.91,0.02,0.08,-0.01,NO
,,,,,,,,,,,,,,,,,,,,,,,,,,,,,,,,,,,,,,,,,,,,,,,,,,,,,,,,,,,,,,,,,,,,,,,,,,,,,,,,,,,,,,,,,,,,,,,,,,,,,,,,,2025-04-24 13:36:15,Signal Acquired,15.454374,73.865042,5.0,0.42,9.47,-0.09,0.06,-0.05,NO
,,,,,,,,,,,,,,,,,,,,,,,,,,,,,,,,,,,,,,,,,,,,,,,,,,,,,,,,,,,,,,,,,,,,,,,,,,,,,,,,,,,,,,,,,,,,,,,,,,,,,,,,,2025-04-24 13:36:17,Signal Acquired,15.454374,73.865042,0.38,0.19,9.49,-0.02,0.03,-0.03,NO
,,,,,,,,,,,,,,,,,,,,,,,,,,,,,,,,,,,,,,,,,,,,,,,,,,,,,,,,,,,,,,,,,,,,,,,,,,,,,,,,,,,,,,,,,,,,,,,,,,,,,,,,,2025-04-24 13:36:17,Signal Acquired,15.454531,73.865117,-0.38,1.34,8.32,-0.05,-0.03,-0.0,NO
,,,,,,,,,,,,,,,,,,,,,,,,,,,,,,,,,,,,,,,,,,,,,,,,,,,,,,,,,,,,,,,,,,,,,,,,,,,,,,,,,,,,,,,,,,,,,,,,,,,,,,,,,2025-04-24 13:36:17,Signal Acquired,15.454531,73.865117,-1.57,0.7,9.27,0.06,0.06,0.04,NO
,,,,,,,,,,,,,,,,,,,,,,,,,,,,,,,,,,,,,,,,,,,,,,,,,,,,,,,,,,,,,,,,,,,,,,,,,,,,,,,,,,,,,,,,,,,,,,,,,,,,,,,,,2025-04-24 13:36:20,Signal Acquired,15.454685,73.8652,-0.1,0.84,9.29,0.02,0.06,0.02,NO
,,,,,,,,,,,,,,,,,,,,,,,,,,,,,,,,,,,,,,,,,,,,,,,,,,,,,,,,,,,,,,,,,,,,,,,,,,,,,,,,,,,,,,,,,,,,,,,,,,,,,,,,,2025-04-24 13:36:20,Signal Acquired,15.454685,73.8652,0.28,0.51,8.37,0.01,-0.03,0.04,DETECTED
,,,,,,,,,,,,,,,,,,,,,,,,,,,,,,,,,,,,,,,,,,,,,,,,,,,,,,,,,,,,,,,,,,,,,,,,,,,,,,,,,,,,,,,,,,,,,,,,,,,,,,,,,2025-04-24 13:36:20,Signal Acquired,15.454841,73.865284,0.15,1.03,8.73,-0.05,0.01,0.03,NO
,,,,,,,,,,,,,,,,,,,,,,,,,,,,,,,,,,,,,,,,,,,,,,,,,,,,,,,,,,,,,,,,,,,,,,,,,,,,,,,,,,,,,,,,,,,,,,,,,,,,,,,,,2025-04-24 13:36:22,Signal Acquired,15.454841,73.865284,-1.08,1.12,9.17,-0.06,0.1,0.02,DETECTED
,,,,,,,,,,,,,,,,,,,,,,,,,,,,,,,,,,,,,,,,,,,,,,,,,,,,,,,,,,,,,,,,,,,,,,,,,,,,,,,,,,,,,,,,,,,,,,,,,,,,,,,,,2025-04-24 13:36:22,Signal Acquired,15.455006,73.865361,-1.79,1.2,10.3,-0.02,0.03,0.0,NO
,,,,,,,,,,,,,,,,,,,,,,,,,,,,,,,,,,,,,,,,,,,,,,,,,,,,,,,,,,,,,,,,,,,,,,,,,,,,,,,,,,,,,,,,,,,,,,,,,,,,,,,,,2025-04-24 13:36:22,Signal Acquired,15.455006,73.865361,-2.33,0.09,9.45,-0.03,0.12,0.01,DETECTED
,,,,,,,,,,,,,,,,,,,,,,,,,,,,,,,,,,,,,,,,,,,,,,,,,,,,,,,,,,,,,,,,,,,,,,,,,,,,,,,,,,,,,,,,,,,,,,,,,,,,,,,,,2025-04-24 13:36:24,Signal Acquired,15.455177,73.865434,0.85,0.55,9.12,0.01,0.13,0.01,DETECTED
,,,,,,,,,,,,,,,,,,,,,,,,,,,,,,,,,,,,,,,,,,,,,,,,,,,,,,,,,,,,,,,,,,,,,,,,,,,,,,,,,,,,,,,,,,,,,,,,,,,,,,,,,2025-04-24 13:36:24,Signal Acquired,15.455177,73.865434,2.27,0.1,8.83,-0.0,0.01,0.03,DETECTED
,,,,,,,,,,,,,,,,,,,,,,,,,,,,,,,,,,,,,,,,,,,,,,,,,,,,,,,,,,,,,,,,,,,,,,,,,,,,,,,,,,,,,,,,,,,,,,,,,,,,,,,,,2025-04-24 13:36:24,Signal Acquired,15.455353,73.86551,0.27,0.73,9.75,-0.03,0.04,0.03,NO
,,,,,,,,,,,,,,,,,,,,,,,,,,,,,,,,,,,,,,,,,,,,,,,,,,,,,,,,,,,,,,,,,,,,,,,,,,,,,,,,,,,,,,,,,,,,,,,,,,,,,,,,,2025-04-24 13:36:26,Signal Acquired,15.455353,73.86551,-2.04,3.29,10.02,0.02,0.11,-0.0,DETECTED
,,,,,,,,,,,,,,,,,,,,,,,,,,,,,,,,,,,,,,,,,,,,,,,,,,,,,,,,,,,,,,,,,,,,,,,,,,,,,,,,,,,,,,,,,,,,,,,,,,,,,,,,,2025-04-24 13:36:26,Signal Acquired,15.455534,73.865585,0.54,1.49,9.05,0.0,0.09,0.17,DETECTED
,,,,,,,,,,,,,,,,,,,,,,,,,,,,,,,,,,,,,,,,,,,,,,,,,,,,,,,,,,,,,,,,,,,,,,,,,,,,,,,,,,,,,,,,,,,,,,,,,,,,,,,,,2025-04-24 13:36:26,Signal Acquired,15.455534,73.865585,0.38,0.43,9.31,-0.14,0.09,0.1,NO
,,,,,,,,,,,,,,,,,,,,,,,,,,,,,,,,,,,,,,,,,,,,,,,,,,,,,,,,,,,,,,,,,,,,,,,,,,,,,,,,,,,,,,,,,,,,,,,,,,,,,,,,,2025-04-24 13:36:29,Signal Acquired,15.455722,73.865656,-0.09,1.71,10.39,0.07,0.03,-0.02,NO
,,,,,,,,,,,,,,,,,,,,,,,,,,,,,,,,,,,,,,,,,,,,,,,,,,,,,,,,,,,,,,,,,,,,,,,,,,,,,,,,,,,,,,,,,,,,,,,,,,,,,,,,,2025-04-24 13:36:29,Signal Acquired,15.455722,73.865656,1.17,1.22,8.58,0.02,-0.13,0.06,DETECTED
,,,,,,,,,,,,,,,,,,,,,,,,,,,,,,,,,,,,,,,,,,,,,,,,,,,,,,,,,,,,,,,,,,,,,,,,,,,,,,,,,,,,,,,,,,,,,,,,,,,,,,,,,2025-04-24 13:36:29,Signal Acquired,15.45592,73.865724,-0.11,-0.02,9.85,0.01,-0.02,0.0,NO
,,,,,,,,,,,,,,,,,,,,,,,,,,,,,,,,,,,,,,,,,,,,,,,,,,,,,,,,,,,,,,,,,,,,,,,,,,,,,,,,,,,,,,,,,,,,,,,,,,,,,,,,,2025-04-24 13:36:31,Signal Acquired,15.45592,73.865724,1.13,0.56,8.52,-0.0,0.0,0.02,DETECTED
,,,,,,,,,,,,,,,,,,,,,,,,,,,,,,,,,,,,,,,,,,,,,,,,,,,,,,,,,,,,,,,,,,,,,,,,,,,,,,,,,,,,,,,,,,,,,,,,,,,,,,,,,2025-04-24 13:36:31,Signal Acquired,15.456127,73.86579,1.51,0.29,9.27,0.02,0.03,0.0,NO
,,,,,,,,,,,,,,,,,,,,,,,,,,,,,,,,,,,,,,,,,,,,,,,,,,,,,,,,,,,,,,,,,,,,,,,,,,,,,,,,,,,,,,,,,,,,,,,,,,,,,,,,,2025-04-24 13:36:31,Signal Acquired,15.456127,73.86579,0.57,0.53,10.32,-0.03,0.05,0.02,NO
,,,,,,,,,,,,,,,,,,,,,,,,,,,,,,,,,,,,,,,,,,,,,,,,,,,,,,,,,,,,,,,,,,,,,,,,,,,,,,,,,,,,,,,,,,,,,,,,,,,,,,,,,2025-04-24 13:36:33,Signal Acquired,15.456343,73.86585,-0.21,0.45,10.31,-0.02,0.03,0.01,NO
,,,,,,,,,,,,,,,,,,,,,,,,,,,,,,,,,,,,,,,,,,,,,,,,,,,,,,,,,,,,,,,,,,,,,,,,,,,,,,,,,,,,,,,,,,,,,,,,,,,,,,,,,2025-04-24 13:36:33,Signal Acquired,15.456343,73.86585,-2.41,0.16,9.66,-0.01,0.04,0.02,NO
,,,,,,,,,,,,,,,,,,,,,,,,,,,,,,,,,,,,,,,,,,,,,,,,,,,,,,,,,,,,,,,,,,,,,,,,,,,,,,,,,,,,,,,,,,,,,,,,,,,,,,,,,2025-04-24 13:36:33,Signal Acquired,15.456565,73.865905,0.55,0.48,8.73,-0.01,-0.05,0.02,NO
,,,,,,,,,,,,,,,,,,,,,,,,,,,,,,,,,,,,,,,,,,,,,,,,,,,,,,,,,,,,,,,,,,,,,,,,,,,,,,,,,,,,,,,,,,,,,,,,,,,,,,,,,2025-04-24 13:36:35,Signal Acquired,15.456565,73.865905,2.73,1.36,9.41,-0.02,0.02,0.02,DETECTED
,,,,,,,,,,,,,,,,,,,,,,,,,,,,,,,,,,,,,,,,,,,,,,,,,,,,,,,,,,,,,,,,,,,,,,,,,,,,,,,,,,,,,,,,,,,,,,,,,,,,,,,,,2025-04-24 13:36:35,Signal Acquired,15.456791,73.865956,-1.06,0.84,9.99,-0.02,0.08,0.04,DETECTED
,,,,,,,,,,,,,,,,,,,,,,,,,,,,,,,,,,,,,,,,,,,,,,,,,,,,,,,,,,,,,,,,,,,,,,,,,,,,,,,,,,,,,,,,,,,,,,,,,,,,,,,,,2025-04-24 13:36:35,Signal Acquired,15.456791,73.865956,0.39,0.61,9.09,-0.02,-0.02,0.07,NO
,,,,,,,,,,,,,,,,,,,,,,,,,,,,,,,,,,,,,,,,,,,,,,,,,,,,,,,,,,,,,,,,,,,,,,,,,,,,,,,,,,,,,,,,,,,,,,,,,,,,,,,,,2025-04-24 13:36:38,Signal Acquired,15.457025,73.866001,-0.16,-0.0,8.51,-0.03,-0.0,0.02,NO
,,,,,,,,,,,,,,,,,,,,,,,,,,,,,,,,,,,,,,,,,,,,,,,,,,,,,,,,,,,,,,,,,,,,,,,,,,,,,,,,,,,,,,,,,,,,,,,,,,,,,,,,,2025-04-24 13:36:38,Signal Acquired,15.457025,73.866001,-1.87,-0.24,9.0,0.0,-0.08,0.03,DETECTED
,,,,,,,,,,,,,,,,,,,,,,,,,,,,,,,,,,,,,,,,,,,,,,,,,,,,,,,,,,,,,,,,,,,,,,,,,,,,,,,,,,,,,,,,,,,,,,,,,,,,,,,,,2025-04-24 13:36:38,Signal Acquired,15.457264,73.866038,0.95,0.15,8.65,-0.02,-0.01,0.02,DETECTED
,,,,,,,,,,,,,,,,,,,,,,,,,,,,,,,,,,,,,,,,,,,,,,,,,,,,,,,,,,,,,,,,,,,,,,,,,,,,,,,,,,,,,,,,,,,,,,,,,,,,,,,,,2025-04-24 13:36:40,Signal Acquired,15.457264,73.866038,0.21,1.38,8.62,0.0,-0.03,0.03,NO
,,,,,,,,,,,,,,,,,,,,,,,,,,,,,,,,,,,,,,,,,,,,,,,,,,,,,,,,,,,,,,,,,,,,,,,,,,,,,,,,,,,,,,,,,,,,,,,,,,,,,,,,,2025-04-24 13:36:40,Signal Acquired,15.457509,73.866065,-1.99,-0.23,7.57,-0.07,0.01,0.05,NO
,,,,,,,,,,,,,,,,,,,,,,,,,,,,,,,,,,,,,,,,,,,,,,,,,,,,,,,,,,,,,,,,,,,,,,,,,,,,,,,,,,,,,,,,,,,,,,,,,,,,,,,,,2025-04-24 13:36:40,Signal Acquired,15.457509,73.866065,-0.62,0.35,9.1,-0.01,-0.0,-0.02,NO
,,,,,,,,,,,,,,,,,,,,,,,,,,,,,,,,,,,,,,,,,,,,,,,,,,,,,,,,,,,,,,,,,,,,,,,,,,,,,,,,,,,,,,,,,,,,,,,,,,,,,,,,,2025-04-24 13:36:42,Signal Acquired,15.45776,73.866077,0.11,0.31,9.97,0.0,0.01,0.05,NO
,,,,,,,,,,,,,,,,,,,,,,,,,,,,,,,,,,,,,,,,,,,,,,,,,,,,,,,,,,,,,,,,,,,,,,,,,,,,,,,,,,,,,,,,,,,,,,,,,,,,,,,,,2025-04-24 13:36:42,Signal Acquired,15.45776,73.866077,0.62,-0.04,8.82,0.0,-0.01,0.02,NO
,,,,,,,,,,,,,,,,,,,,,,,,,,,,,,,,,,,,,,,,,,,,,,,,,,,,,,,,,,,,,,,,,,,,,,,,,,,,,,,,,,,,,,,,,,,,,,,,,,,,,,,,,2025-04-24 13:36:42,Signal Acquired,15.458015,73.866077,1.74,-0.6,8.54,-0.02,-0.01,-0.01,DETECTED
,,,,,,,,,,,,,,,,,,,,,,,,,,,,,,,,,,,,,,,,,,,,,,,,,,,,,,,,,,,,,,,,,,,,,,,,,,,,,,,,,,,,,,,,,,,,,,,,,,,,,,,,,2025-04-24 13:36:44,Signal Acquired,15.458015,73.866077,1.24,-0.26,9.68,-0.01,0.01,-0.02,NO
,,,,,,,,,,,,,,,,,,,,,,,,,,,,,,,,,,,,,,,,,,,,,,,,,,,,,,,,,,,,,,,,,,,,,,,,,,,,,,,,,,,,,,,,,,,,,,,,,,,,,,,,,2025-04-24 13:36:44,Signal Acquired,15.458274,73.866071,3.48,-0.33,9.5,0.0,-0.1,-0.01,DETECTED
,,,,,,,,,,,,,,,,,,,,,,,,,,,,,,,,,,,,,,,,,,,,,,,,,,,,,,,,,,,,,,,,,,,,,,,,,,,,,,,,,,,,,,,,,,,,,,,,,,,,,,,,,2025-04-24 13:36:44,Signal Acquired,15.458274,73.866071,-0.27,-2.21,9.22,-0.09,-0.02,-0.0,DETECTED
,,,,,,,,,,,,,,,,,,,,,,,,,,,,,,,,,,,,,,,,,,,,,,,,,,,,,,,,,,,,,,,,,,,,,,,,,,,,,,,,,,,,,,,,,,,,,,,,,,,,,,,,,2025-04-24 13:36:47,Signal Acquired,15.458529,73.866065,-0.23,-4.3,10.72,-0.05,0.04,0.0,DETECTED
,,,,,,,,,,,,,,,,,,,,,,,,,,,,,,,,,,,,,,,,,,,,,,,,,,,,,,,,,,,,,,,,,,,,,,,,,,,,,,,,,,,,,,,,,,,,,,,,,,,,,,,,,2025-04-24 13:36:47,Signal Acquired,15.458529,73.866065,0.49,-3.85,9.13,-0.03,0.11,0.0,NO
,,,,,,,,,,,,,,,,,,,,,,,,,,,,,,,,,,,,,,,,,,,,,,,,,,,,,,,,,,,,,,,,,,,,,,,,,,,,,,,,,,,,,,,,,,,,,,,,,,,,,,,,,2025-04-24 13:36:47,Signal Acquired,15.458765,73.866063,-1.28,-3.19,9.26,-0.03,-0.01,0.02,DETECTED
,,,,,,,,,,,,,,,,,,,,,,,,,,,,,,,,,,,,,,,,,,,,,,,,,,,,,,,,,,,,,,,,,,,,,,,,,,,,,,,,,,,,,,,,,,,,,,,,,,,,,,,,,2025-04-24 13:36:49,Signal Acquired,15.458974,73.866058,2.99,-3.79,9.29,0.01,0.03,0.01,NO
,,,,,,,,,,,,,,,,,,,,,,,,,,,,,,,,,,,,,,,,,,,,,,,,,,,,,,,,,,,,,,,,,,,,,,,,,,,,,,,,,,,,,,,,,,,,,,,,,,,,,,,,,2025-04-24 13:36:49,Signal Acquired,15.458974,73.866058,2.59,-1.57,9.19,0.01,0.03,-0.02,DETECTED
,,,,,,,,,,,,,,,,,,,,,,,,,,,,,,,,,,,,,,,,,,,,,,,,,,,,,,,,,,,,,,,,,,,,,,,,,,,,,,,,,,,,,,,,,,,,,,,,,,,,,,,,,2025-04-24 13:36:49,Signal Acquired,15.459152,73.866062,1.29,-0.6,9.12,-0.0,-0.01,-0.01,NO
,,,,,,,,,,,,,,,,,,,,,,,,,,,,,,,,,,,,,,,,,,,,,,,,,,,,,,,,,,,,,,,,,,,,,,,,,,,,,,,,,,,,,,,,,,,,,,,,,,,,,,,,,2025-04-24 13:36:51,Signal Acquired,15.459152,73.866062,1.61,-0.13,8.93,0.01,-0.0,-0.01,NO
,,,,,,,,,,,,,,,,,,,,,,,,,,,,,,,,,,,,,,,,,,,,,,,,,,,,,,,,,,,,,,,,,,,,,,,,,,,,,,,,,,,,,,,,,,,,,,,,,,,,,,,,,2025-04-24 13:36:51,Signal Acquired,15.45932,73.866067,1.17,0.18,9.38,0.0,0.03,-0.02,DETECTED
,,,,,,,,,,,,,,,,,,,,,,,,,,,,,,,,,,,,,,,,,,,,,,,,,,,,,,,,,,,,,,,,,,,,,,,,,,,,,,,,,,,,,,,,,,,,,,,,,,,,,,,,,2025-04-24 13:36:51,Signal Acquired,15.45932,73.866067,1.79,-0.82,8.46,-0.08,-0.22,-0.01,DETECTED
,,,,,,,,,,,,,,,,,,,,,,,,,,,,,,,,,,,,,,,,,,,,,,,,,,,,,,,,,,,,,,,,,,,,,,,,,,,,,,,,,,,,,,,,,,,,,,,,,,,,,,,,,2025-04-24 13:36:53,Signal Acquired,15.459485,73.866074,-0.88,-0.4,9.07,-0.09,0.1,-0.03,DETECTED
,,,,,,,,,,,,,,,,,,,,,,,,,,,,,,,,,,,,,,,,,,,,,,,,,,,,,,,,,,,,,,,,,,,,,,,,,,,,,,,,,,,,,,,,,,,,,,,,,,,,,,,,,2025-04-24 13:36:53,Signal Acquired,15.459485,73.866074,0.27,0.32,9.18,-0.02,0.07,-0.05,NO
,,,,,,,,,,,,,,,,,,,,,,,,,,,,,,,,,,,,,,,,,,,,,,,,,,,,,,,,,,,,,,,,,,,,,,,,,,,,,,,,,,,,,,,,,,,,,,,,,,,,,,,,,2025-04-24 13:36:53,Signal Acquired,15.459644,73.866086,-0.73,-0.38,9.85,-0.02,0.02,-0.03,NO
,,,,,,,,,,,,,,,,,,,,,,,,,,,,,,,,,,,,,,,,,,,,,,,,,,,,,,,,,,,,,,,,,,,,,,,,,,,,,,,,,,,,,,,,,,,,,,,,,,,,,,,,,2025-04-24 13:36:56,Signal Acquired,15.459644,73.866086,0.78,-0.28,9.42,-0.01,0.18,-0.07,NO
,,,,,,,,,,,,,,,,,,,,,,,,,,,,,,,,,,,,,,,,,,,,,,,,,,,,,,,,,,,,,,,,,,,,,,,,,,,,,,,,,,,,,,,,,,,,,,,,,,,,,,,,,2025-04-24 13:36:56,Signal Acquired,15.459644,73.866086,-1.1,-1.37,9.58,-0.08,0.03,-0.03,NO
,,,,,,,,,,,,,,,,,,,,,,,,,,,,,,,,,,,,,,,,,,,,,,,,,,,,,,,,,,,,,,,,,,,,,,,,,,,,,,,,,,,,,,,,,,,,,,,,,,,,,,,,,2025-04-24 13:36:56,Signal Acquired,15.459807,73.866102,1.11,-2.04,10.39,-0.29,-0.16,-0.09,DETECTED
,,,,,,,,,,,,,,,,,,,,,,,,,,,,,,,,,,,,,,,,,,,,,,,,,,,,,,,,,,,,,,,,,,,,,,,,,,,,,,,,,,,,,,,,,,,,,,,,,,,,,,,,,2025-04-24 13:36:58,Signal Acquired,15.45997,73.866121,-1.12,-0.75,10.81,-0.07,-0.04,-0.04,NO
,,,,,,,,,,,,,,,,,,,,,,,,,,,,,,,,,,,,,,,,,,,,,,,,,,,,,,,,,,,,,,,,,,,,,,,,,,,,,,,,,,,,,,,,,,,,,,,,,,,,,,,,,2025-04-24 13:36:58,Signal Acquired,15.45997,73.866121,-4.62,0.8,10.17,-0.05,0.06,0.01,DETECTED
,,,,,,,,,,,,,,,,,,,,,,,,,,,,,,,,,,,,,,,,,,,,,,,,,,,,,,,,,,,,,,,,,,,,,,,,,,,,,,,,,,,,,,,,,,,,,,,,,,,,,,,,,2025-04-24 13:36:58,Signal Acquired,15.45997,73.866121,-1.41,-1.33,9.37,-0.01,-0.09,-0.04,NO
,,,,,,,,,,,,,,,,,,,,,,,,,,,,,,,,,,,,,,,,,,,,,,,,,,,,,,,,,,,,,,,,,,,,,,,,,,,,,,,,,,,,,,,,,,,,,,,,,,,,,,,,,2025-04-24 13:37:00,Signal Acquired,15.460125,73.866147,-0.83,0.37,10.04,0.02,0.1,-0.01,NO
,,,,,,,,,,,,,,,,,,,,,,,,,,,,,,,,,,,,,,,,,,,,,,,,,,,,,,,,,,,,,,,,,,,,,,,,,,,,,,,,,,,,,,,,,,,,,,,,,,,,,,,,,2025-04-24 13:37:00,Signal Acquired,15.460278,73.866175,-2.11,-0.9,10.56,-0.13,0.08,-0.01,NO
,,,,,,,,,,,,,,,,,,,,,,,,,,,,,,,,,,,,,,,,,,,,,,,,,,,,,,,,,,,,,,,,,,,,,,,,,,,,,,,,,,,,,,,,,,,,,,,,,,,,,,,,,2025-04-24 13:37:00,Signal Acquired,15.460278,73.866175,-0.05,-0.19,8.28,-0.03,-0.04,-0.52,DETECTED
,,,,,,,,,,,,,,,,,,,,,,,,,,,,,,,,,,,,,,,,,,,,,,,,,,,,,,,,,,,,,,,,,,,,,,,,,,,,,,,,,,,,,,,,,,,,,,,,,,,,,,,,,2025-04-24 13:37:02,Signal Acquired,15.460434,73.8662,-0.1,0.15,7.35,-0.07,0.12,-0.01,NO
,,,,,,,,,,,,,,,,,,,,,,,,,,,,,,,,,,,,,,,,,,,,,,,,,,,,,,,,,,,,,,,,,,,,,,,,,,,,,,,,,,,,,,,,,,,,,,,,,,,,,,,,,2025-04-24 13:37:02,Signal Acquired,15.460434,73.8662,3.22,0.25,8.52,-0.02,0.17,0.02,DETECTED
,,,,,,,,,,,,,,,,,,,,,,,,,,,,,,,,,,,,,,,,,,,,,,,,,,,,,,,,,,,,,,,,,,,,,,,,,,,,,,,,,,,,,,,,,,,,,,,,,,,,,,,,,2025-04-24 13:37:02,Signal Acquired,15.460591,73.866223,-3.23,-1.63,9.83,-0.08,0.03,-0.01,DETECTED
,,,,,,,,,,,,,,,,,,,,,,,,,,,,,,,,,,,,,,,,,,,,,,,,,,,,,,,,,,,,,,,,,,,,,,,,,,,,,,,,,,,,,,,,,,,,,,,,,,,,,,,,,2025-04-24 13:37:05,Signal Acquired,15.460591,73.866223,2.1,-0.15,8.46,-0.03,0.19,-0.01,NO
,,,,,,,,,,,,,,,,,,,,,,,,,,,,,,,,,,,,,,,,,,,,,,,,,,,,,,,,,,,,,,,,,,,,,,,,,,,,,,,,,,,,,,,,,,,,,,,,,,,,,,,,,2025-04-24 13:37:05,Signal Acquired,15.460591,73.866223,0.42,-0.26,10.16,0.0,-0.09,0.08,NO
,,,,,,,,,,,,,,,,,,,,,,,,,,,,,,,,,,,,,,,,,,,,,,,,,,,,,,,,,,,,,,,,,,,,,,,,,,,,,,,,,,,,,,,,,,,,,,,,,,,,,,,,,2025-04-24 13:37:05,Signal Acquired,15.46074,73.866247,3.46,0.22,10.19,0.08,0.13,0.01,DETECTED
,,,,,,,,,,,,,,,,,,,,,,,,,,,,,,,,,,,,,,,,,,,,,,,,,,,,,,,,,,,,,,,,,,,,,,,,,,,,,,,,,,,,,,,,,,,,,,,,,,,,,,,,,2025-04-24 13:37:07,Signal Acquired,15.46074,73.866247,2.11,0.14,9.01,-0.03,-0.11,0.06,DETECTED
,,,,,,,,,,,,,,,,,,,,,,,,,,,,,,,,,,,,,,,,,,,,,,,,,,,,,,,,,,,,,,,,,,,,,,,,,,,,,,,,,,,,,,,,,,,,,,,,,,,,,,,,,2025-04-24 13:37:07,Signal Acquired,15.46089,73.866268,1.72,1.87,10.84,0.05,0.08,0.01,NO
,,,,,,,,,,,,,,,,,,,,,,,,,,,,,,,,,,,,,,,,,,,,,,,,,,,,,,,,,,,,,,,,,,,,,,,,,,,,,,,,,,,,,,,,,,,,,,,,,,,,,,,,,2025-04-24 13:37:07,Signal Acquired,15.46089,73.866268,-1.41,0.28,9.11,0.05,0.11,0.05,DETECTED
,,,,,,,,,,,,,,,,,,,,,,,,,,,,,,,,,,,,,,,,,,,,,,,,,,,,,,,,,,,,,,,,,,,,,,,,,,,,,,,,,,,,,,,,,,,,,,,,,,,,,,,,,2025-04-24 13:37:09,Signal Acquired,15.46103,73.86629,0.05,-0.27,9.65,0.07,0.03,0.04,NO
,,,,,,,,,,,,,,,,,,,,,,,,,,,,,,,,,,,,,,,,,,,,,,,,,,,,,,,,,,,,,,,,,,,,,,,,,,,,,,,,,,,,,,,,,,,,,,,,,,,,,,,,,2025-04-24 13:37:09,Signal Acquired,15.46103,73.86629,-0.29,0.54,10.6,0.07,0.05,0.05,NO
,,,,,,,,,,,,,,,,,,,,,,,,,,,,,,,,,,,,,,,,,,,,,,,,,,,,,,,,,,,,,,,,,,,,,,,,,,,,,,,,,,,,,,,,,,,,,,,,,,,,,,,,,2025-04-24 13:37:09,Signal Acquired,15.461176,73.866304,-1.22,-0.19,9.65,-0.01,0.01,0.03,NO
,,,,,,,,,,,,,,,,,,,,,,,,,,,,,,,,,,,,,,,,,,,,,,,,,,,,,,,,,,,,,,,,,,,,,,,,,,,,,,,,,,,,,,,,,,,,,,,,,,,,,,,,,2025-04-24 13:37:11,Signal Acquired,15.461318,73.866313,-1.25,-0.58,9.49,-0.02,0.04,0.05,NO
,,,,,,,,,,,,,,,,,,,,,,,,,,,,,,,,,,,,,,,,,,,,,,,,,,,,,,,,,,,,,,,,,,,,,,,,,,,,,,,,,,,,,,,,,,,,,,,,,,,,,,,,,2025-04-24 13:37:11,Signal Acquired,15.461318,73.866313,2.68,-0.1,8.53,-0.01,-0.11,0.05,NO
,,,,,,,,,,,,,,,,,,,,,,,,,,,,,,,,,,,,,,,,,,,,,,,,,,,,,,,,,,,,,,,,,,,,,,,,,,,,,,,,,,,,,,,,,,,,,,,,,,,,,,,,,2025-04-24 13:37:11,Signal Acquired,15.461459,73.866315,1.65,0.09,8.52,-0.02,-0.05,0.04,DETECTED
,,,,,,,,,,,,,,,,,,,,,,,,,,,,,,,,,,,,,,,,,,,,,,,,,,,,,,,,,,,,,,,,,,,,,,,,,,,,,,,,,,,,,,,,,,,,,,,,,,,,,,,,,2025-04-24 13:37:14,Signal Acquired,15.461459,73.866315,1.55,-0.09,9.96,0.08,0.08,0.03,NO
,,,,,,,,,,,,,,,,,,,,,,,,,,,,,,,,,,,,,,,,,,,,,,,,,,,,,,,,,,,,,,,,,,,,,,,,,,,,,,,,,,,,,,,,,,,,,,,,,,,,,,,,,2025-04-24 13:37:14,Signal Acquired,15.461459,73.866315,-0.74,-0.0,9.24,-0.05,0.1,-0.01,DETECTED
,,,,,,,,,,,,,,,,,,,,,,,,,,,,,,,,,,,,,,,,,,,,,,,,,,,,,,,,,,,,,,,,,,,,,,,,,,,,,,,,,,,,,,,,,,,,,,,,,,,,,,,,,2025-04-24 13:37:14,Signal Acquired,15.461598,73.866312,0.41,0.41,10.13,-0.0,0.05,-0.02,DETECTED
,,,,,,,,,,,,,,,,,,,,,,,,,,,,,,,,,,,,,,,,,,,,,,,,,,,,,,,,,,,,,,,,,,,,,,,,,,,,,,,,,,,,,,,,,,,,,,,,,,,,,,,,,2025-04-24 13:37:16,Signal Acquired,15.461746,73.866303,1.94,0.43,9.15,-0.04,0.11,-0.04,NO
,,,,,,,,,,,,,,,,,,,,,,,,,,,,,,,,,,,,,,,,,,,,,,,,,,,,,,,,,,,,,,,,,,,,,,,,,,,,,,,,,,,,,,,,,,,,,,,,,,,,,,,,,2025-04-24 13:37:16,Signal Acquired,15.461746,73.866303,-0.4,6.34,9.55,0.54,-0.01,0.28,DETECTED
,,,,,,,,,,,,,,,,,,,,,,,,,,,,,,,,,,,,,,,,,,,,,,,,,,,,,,,,,,,,,,,,,,,,,,,,,,,,,,,,,,,,,,,,,,,,,,,,,,,,,,,,,2025-04-24 13:37:16,Signal Acquired,15.461885,73.866298,-1.9,-0.52,9.2,-0.03,0.13,-0.17,DETECTED
,,,,,,,,,,,,,,,,,,,,,,,,,,,,,,,,,,,,,,,,,,,,,,,,,,,,,,,,,,,,,,,,,,,,,,,,,,,,,,,,,,,,,,,,,,,,,,,,,,,,,,,,,2025-04-24 13:37:18,Signal Acquired,15.461885,73.866298,0.44,0.42,9.65,-0.04,-0.01,0.01,DETECTED
,,,,,,,,,,,,,,,,,,,,,,,,,,,,,,,,,,,,,,,,,,,,,,,,,,,,,,,,,,,,,,,,,,,,,,,,,,,,,,,,,,,,,,,,,,,,,,,,,,,,,,,,,2025-04-24 13:37:18,Signal Acquired,15.462023,73.86629,-1.7,0.01,8.71,-0.02,0.12,0.01,DETECTED
,,,,,,,,,,,,,,,,,,,,,,,,,,,,,,,,,,,,,,,,,,,,,,,,,,,,,,,,,,,,,,,,,,,,,,,,,,,,,,,,,,,,,,,,,,,,,,,,,,,,,,,,,2025-04-24 13:37:18,Signal Acquired,15.462023,73.86629,3.87,0.89,9.01,-0.06,0.05,-0.04,DETECTED
,,,,,,,,,,,,,,,,,,,,,,,,,,,,,,,,,,,,,,,,,,,,,,,,,,,,,,,,,,,,,,,,,,,,,,,,,,,,,,,,,,,,,,,,,,,,,,,,,,,,,,,,,2025-04-24 13:37:20,Signal Acquired,15.462171,73.866276,1.14,-0.14,8.5,0.07,0.1,0.02,NO
,,,,,,,,,,,,,,,,,,,,,,,,,,,,,,,,,,,,,,,,,,,,,,,,,,,,,,,,,,,,,,,,,,,,,,,,,,,,,,,,,,,,,,,,,,,,,,,,,,,,,,,,,2025-04-24 13:37:20,Signal Acquired,15.462171,73.866276,0.85,0.9,9.45,-0.04,-0.01,-0.0,NO
,,,,,,,,,,,,,,,,,,,,,,,,,,,,,,,,,,,,,,,,,,,,,,,,,,,,,,,,,,,,,,,,,,,,,,,,,,,,,,,,,,,,,,,,,,,,,,,,,,,,,,,,,2025-04-24 13:37:20,Signal Acquired,15.462318,73.866264,1.58,0.49,10.18,0.01,0.05,0.01,NO
,,,,,,,,,,,,,,,,,,,,,,,,,,,,,,,,,,,,,,,,,,,,,,,,,,,,,,,,,,,,,,,,,,,,,,,,,,,,,,,,,,,,,,,,,,,,,,,,,,,,,,,,,2025-04-24 13:37:22,Signal Acquired,15.462318,73.866264,0.86,-0.15,9.33,-0.1,0.21,-0.03,NO
,,,,,,,,,,,,,,,,,,,,,,,,,,,,,,,,,,,,,,,,,,,,,,,,,,,,,,,,,,,,,,,,,,,,,,,,,,,,,,,,,,,,,,,,,,,,,,,,,,,,,,,,,2025-04-24 13:37:22,Signal Acquired,15.462464,73.866251,4.31,0.44,8.84,0.01,0.01,0.01,DETECTED
,,,,,,,,,,,,,,,,,,,,,,,,,,,,,,,,,,,,,,,,,,,,,,,,,,,,,,,,,,,,,,,,,,,,,,,,,,,,,,,,,,,,,,,,,,,,,,,,,,,,,,,,,2025-04-24 13:37:22,Signal Acquired,15.462464,73.866251,0.49,0.15,9.64,0.03,-0.05,0.04,NO
,,,,,,,,,,,,,,,,,,,,,,,,,,,,,,,,,,,,,,,,,,,,,,,,,,,,,,,,,,,,,,,,,,,,,,,,,,,,,,,,,,,,,,,,,,,,,,,,,,,,,,,,,2025-04-24 13:37:25,Signal Acquired,15.462612,73.866237,1.67,1.36,8.71,-0.04,0.06,0.03,NO
,,,,,,,,,,,,,,,,,,,,,,,,,,,,,,,,,,,,,,,,,,,,,,,,,,,,,,,,,,,,,,,,,,,,,,,,,,,,,,,,,,,,,,,,,,,,,,,,,,,,,,,,,2025-04-24 13:37:25,Signal Acquired,15.462612,73.866237,-0.48,0.3,9.35,-0.05,0.07,0.02,DETECTED
,,,,,,,,,,,,,,,,,,,,,,,,,,,,,,,,,,,,,,,,,,,,,,,,,,,,,,,,,,,,,,,,,,,,,,,,,,,,,,,,,,,,,,,,,,,,,,,,,,,,,,,,,2025-04-24 13:37:25,Signal Acquired,15.462762,73.86622,-1.03,0.71,9.6,0.01,0.01,0.04,NO
,,,,,,,,,,,,,,,,,,,,,,,,,,,,,,,,,,,,,,,,,,,,,,,,,,,,,,,,,,,,,,,,,,,,,,,,,,,,,,,,,,,,,,,,,,,,,,,,,,,,,,,,,2025-04-24 13:37:27,Signal Acquired,15.462762,73.86622,0.53,0.72,9.6,0.02,-0.05,0.05,NO
,,,,,,,,,,,,,,,,,,,,,,,,,,,,,,,,,,,,,,,,,,,,,,,,,,,,,,,,,,,,,,,,,,,,,,,,,,,,,,,,,,,,,,,,,,,,,,,,,,,,,,,,,2025-04-24 13:37:27,Signal Acquired,15.462914,73.866196,-0.5,0.82,9.5,-0.02,0.14,-0.01,NO
,,,,,,,,,,,,,,,,,,,,,,,,,,,,,,,,,,,,,,,,,,,,,,,,,,,,,,,,,,,,,,,,,,,,,,,,,,,,,,,,,,,,,,,,,,,,,,,,,,,,,,,,,2025-04-24 13:37:27,Signal Acquired,15.462914,73.866196,-1.28,-1.39,9.71,-0.14,-0.04,0.04,DETECTED
,,,,,,,,,,,,,,,,,,,,,,,,,,,,,,,,,,,,,,,,,,,,,,,,,,,,,,,,,,,,,,,,,,,,,,,,,,,,,,,,,,,,,,,,,,,,,,,,,,,,,,,,,2025-04-24 13:37:29,Signal Acquired,15.463066,73.866169,-1.8,-0.61,9.97,0.02,0.01,0.02,DETECTED
,,,,,,,,,,,,,,,,,,,,,,,,,,,,,,,,,,,,,,,,,,,,,,,,,,,,,,,,,,,,,,,,,,,,,,,,,,,,,,,,,,,,,,,,,,,,,,,,,,,,,,,,,2025-04-24 13:37:29,Signal Acquired,15.463066,73.866169,0.66,0.57,9.93,0.06,0.08,0.02,DETECTED
,,,,,,,,,,,,,,,,,,,,,,,,,,,,,,,,,,,,,,,,,,,,,,,,,,,,,,,,,,,,,,,,,,,,,,,,,,,,,,,,,,,,,,,,,,,,,,,,,,,,,,,,,2025-04-24 13:37:29,Signal Acquired,15.463219,73.866143,0.02,0.15,9.58,-0.01,0.11,-0.01,DETECTED
,,,,,,,,,,,,,,,,,,,,,,,,,,,,,,,,,,,,,,,,,,,,,,,,,,,,,,,,,,,,,,,,,,,,,,,,,,,,,,,,,,,,,,,,,,,,,,,,,,,,,,,,,2025-04-24 13:37:31,Signal Acquired,15.463219,73.866143,2.19,0.54,8.77,-0.1,0.21,-0.04,DETECTED
,,,,,,,,,,,,,,,,,,,,,,,,,,,,,,,,,,,,,,,,,,,,,,,,,,,,,,,,,,,,,,,,,,,,,,,,,,,,,,,,,,,,,,,,,,,,,,,,,,,,,,,,,2025-04-24 13:37:31,Signal Acquired,15.463367,73.866114,1.27,-0.22,9.62,-0.01,0.05,0.04,DETECTED
,,,,,,,,,,,,,,,,,,,,,,,,,,,,,,,,,,,,,,,,,,,,,,,,,,,,,,,,,,,,,,,,,,,,,,,,,,,,,,,,,,,,,,,,,,,,,,,,,,,,,,,,,2025-04-24 13:37:31,Signal Acquired,15.463367,73.866114,0.26,0.9,10.37,-0.01,0.12,0.05,NO
,,,,,,,,,,,,,,,,,,,,,,,,,,,,,,,,,,,,,,,,,,,,,,,,,,,,,,,,,,,,,,,,,,,,,,,,,,,,,,,,,,,,,,,,,,,,,,,,,,,,,,,,,2025-04-24 13:37:34,Signal Acquired,15.463515,73.866072,0.6,-1.64,9.79,-0.03,-0.0,0.04,NO
,,,,,,,,,,,,,,,,,,,,,,,,,,,,,,,,,,,,,,,,,,,,,,,,,,,,,,,,,,,,,,,,,,,,,,,,,,,,,,,,,,,,,,,,,,,,,,,,,,,,,,,,,2025-04-24 13:37:34,Signal Acquired,15.463515,73.866072,-4.0,0.43,10.32,-0.02,0.14,0.11,DETECTED
,,,,,,,,,,,,,,,,,,,,,,,,,,,,,,,,,,,,,,,,,,,,,,,,,,,,,,,,,,,,,,,,,,,,,,,,,,,,,,,,,,,,,,,,,,,,,,,,,,,,,,,,,2025-04-24 13:37:34,Signal Acquired,15.463662,73.866017,-0.83,-0.12,8.62,-0.06,0.07,0.13,DETECTED
,,,,,,,,,,,,,,,,,,,,,,,,,,,,,,,,,,,,,,,,,,,,,,,,,,,,,,,,,,,,,,,,,,,,,,,,,,,,,,,,,,,,,,,,,,,,,,,,,,,,,,,,,2025-04-24 13:37:36,Signal Acquired,15.463662,73.866017,-0.97,-0.34,9.21,0.03,-0.02,0.13,DETECTED
,,,,,,,,,,,,,,,,,,,,,,,,,,,,,,,,,,,,,,,,,,,,,,,,,,,,,,,,,,,,,,,,,,,,,,,,,,,,,,,,,,,,,,,,,,,,,,,,,,,,,,,,,2025-04-24 13:37:36,Signal Acquired,15.463798,73.865959,-1.51,0.57,8.75,-0.03,0.06,0.11,NO
,,,,,,,,,,,,,,,,,,,,,,,,,,,,,,,,,,,,,,,,,,,,,,,,,,,,,,,,,,,,,,,,,,,,,,,,,,,,,,,,,,,,,,,,,,,,,,,,,,,,,,,,,2025-04-24 13:37:36,Signal Acquired,15.463798,73.865959,-1.89,-0.3,10.03,0.0,0.01,0.05,NO
,,,,,,,,,,,,,,,,,,,,,,,,,,,,,,,,,,,,,,,,,,,,,,,,,,,,,,,,,,,,,,,,,,,,,,,,,,,,,,,,,,,,,,,,,,,,,,,,,,,,,,,,,2025-04-24 13:37:38,Signal Acquired,15.463928,73.865889,-0.96,0.55,9.38,-0.03,-0.0,0.02,NO
,,,,,,,,,,,,,,,,,,,,,,,,,,,,,,,,,,,,,,,,,,,,,,,,,,,,,,,,,,,,,,,,,,,,,,,,,,,,,,,,,,,,,,,,,,,,,,,,,,,,,,,,,2025-04-24 13:37:38,Signal Acquired,15.463928,73.865889,1.06,0.14,9.62,-0.0,-0.04,0.01,DETECTED
,,,,,,,,,,,,,,,,,,,,,,,,,,,,,,,,,,,,,,,,,,,,,,,,,,,,,,,,,,,,,,,,,,,,,,,,,,,,,,,,,,,,,,,,,,,,,,,,,,,,,,,,,2025-04-24 13:37:38,Signal Acquired,15.46405,73.865818,0.75,-0.01,9.37,-0.03,0.01,0.0,NO
,,,,,,,,,,,,,,,,,,,,,,,,,,,,,,,,,,,,,,,,,,,,,,,,,,,,,,,,,,,,,,,,,,,,,,,,,,,,,,,,,,,,,,,,,,,,,,,,,,,,,,,,,2025-04-24 13:37:40,Signal Acquired,15.46405,73.865818,-3.76,0.34,9.68,-0.08,0.17,-0.03,NO
,,,,,,,,,,,,,,,,,,,,,,,,,,,,,,,,,,,,,,,,,,,,,,,,,,,,,,,,,,,,,,,,,,,,,,,,,,,,,,,,,,,,,,,,,,,,,,,,,,,,,,,,,2025-04-24 13:37:40,Signal Acquired,15.464173,73.865746,-1.64,-0.35,10.21,-0.0,0.02,-0.01,DETECTED
,,,,,,,,,,,,,,,,,,,,,,,,,,,,,,,,,,,,,,,,,,,,,,,,,,,,,,,,,,,,,,,,,,,,,,,,,,,,,,,,,,,,,,,,,,,,,,,,,,,,,,,,,2025-04-24 13:37:40,Signal Acquired,15.464173,73.865746,0.32,0.28,9.0,-0.02,0.07,0.0,DETECTED
,,,,,,,,,,,,,,,,,,,,,,,,,,,,,,,,,,,,,,,,,,,,,,,,,,,,,,,,,,,,,,,,,,,,,,,,,,,,,,,,,,,,,,,,,,,,,,,,,,,,,,,,,2025-04-24 13:37:43,Signal Acquired,15.464292,73.865676,-0.42,0.38,9.07,-0.08,0.14,-0.01,DETECTED
,,,,,,,,,,,,,,,,,,,,,,,,,,,,,,,,,,,,,,,,,,,,,,,,,,,,,,,,,,,,,,,,,,,,,,,,,,,,,,,,,,,,,,,,,,,,,,,,,,,,,,,,,2025-04-24 13:37:43,Signal Acquired,15.464292,73.865676,-0.93,0.44,10.34,0.03,0.02,0.04,NO
,,,,,,,,,,,,,,,,,,,,,,,,,,,,,,,,,,,,,,,,,,,,,,,,,,,,,,,,,,,,,,,,,,,,,,,,,,,,,,,,,,,,,,,,,,,,,,,,,,,,,,,,,2025-04-24 13:37:43,Signal Acquired,15.4644,73.865607,1.72,0.69,9.39,0.02,0.09,0.03,DETECTED
,,,,,,,,,,,,,,,,,,,,,,,,,,,,,,,,,,,,,,,,,,,,,,,,,,,,,,,,,,,,,,,,,,,,,,,,,,,,,,,,,,,,,,,,,,,,,,,,,,,,,,,,,2025-04-24 13:37:45,Signal Acquired,15.4644,73.865607,-0.55,-0.1,9.54,-0.01,-0.07,0.03,DETECTED
,,,,,,,,,,,,,,,,,,,,,,,,,,,,,,,,,,,,,,,,,,,,,,,,,,,,,,,,,,,,,,,,,,,,,,,,,,,,,,,,,,,,,,,,,,,,,,,,,,,,,,,,,2025-04-24 13:37:45,Signal Acquired,15.464508,73.865537,0.39,0.23,9.96,0.04,-0.06,0.04,NO
,,,,,,,,,,,,,,,,,,,,,,,,,,,,,,,,,,,,,,,,,,,,,,,,,,,,,,,,,,,,,,,,,,,,,,,,,,,,,,,,,,,,,,,,,,,,,,,,,,,,,,,,,2025-04-24 13:37:45,Signal Acquired,15.464508,73.865537,-1.04,0.09,9.11,-0.01,-0.04,0.05,NO
,,,,,,,,,,,,,,,,,,,,,,,,,,,,,,,,,,,,,,,,,,,,,,,,,,,,,,,,,,,,,,,,,,,,,,,,,,,,,,,,,,,,,,,,,,,,,,,,,,,,,,,,,2025-04-24 13:37:47,Signal Acquired,15.464614,73.865464,0.93,0.05,8.99,-0.01,-0.1,0.02,NO
,,,,,,,,,,,,,,,,,,,,,,,,,,,,,,,,,,,,,,,,,,,,,,,,,,,,,,,,,,,,,,,,,,,,,,,,,,,,,,,,,,,,,,,,,,,,,,,,,,,,,,,,,2025-04-24 13:37:47,Signal Acquired,15.464614,73.865464,1.49,0.26,8.82,-0.05,0.05,-0.02,DETECTED
,,,,,,,,,,,,,,,,,,,,,,,,,,,,,,,,,,,,,,,,,,,,,,,,,,,,,,,,,,,,,,,,,,,,,,,,,,,,,,,,,,,,,,,,,,,,,,,,,,,,,,,,,2025-04-24 13:37:47,Signal Acquired,15.464725,73.865392,0.04,0.0,10.28,0.02,0.01,0.01,NO
,,,,,,,,,,,,,,,,,,,,,,,,,,,,,,,,,,,,,,,,,,,,,,,,,,,,,,,,,,,,,,,,,,,,,,,,,,,,,,,,,,,,,,,,,,,,,,,,,,,,,,,,,2025-04-24 13:37:49,Signal Acquired,15.464725,73.865392,-1.87,-0.11,9.39,-0.07,0.04,0.0,NO
,,,,,,,,,,,,,,,,,,,,,,,,,,,,,,,,,,,,,,,,,,,,,,,,,,,,,,,,,,,,,,,,,,,,,,,,,,,,,,,,,,,,,,,,,,,,,,,,,,,,,,,,,2025-04-24 13:37:49,Signal Acquired,15.464842,73.865318,-2.32,0.07,9.42,-0.04,0.09,-0.01,DETECTED
,,,,,,,,,,,,,,,,,,,,,,,,,,,,,,,,,,,,,,,,,,,,,,,,,,,,,,,,,,,,,,,,,,,,,,,,,,,,,,,,,,,,,,,,,,,,,,,,,,,,,,,,,2025-04-24 13:37:49,Signal Acquired,15.464842,73.865318,2.91,0.28,9.35,-0.01,0.1,-0.03,DETECTED
,,,,,,,,,,,,,,,,,,,,,,,,,,,,,,,,,,,,,,,,,,,,,,,,,,,,,,,,,,,,,,,,,,,,,,,,,,,,,,,,,,,,,,,,,,,,,,,,,,,,,,,,,2025-04-24 13:37:52,Signal Acquired,15.46496,73.865243,-0.03,-0.36,9.46,-0.04,0.07,-0.01,NO
,,,,,,,,,,,,,,,,,,,,,,,,,,,,,,,,,,,,,,,,,,,,,,,,,,,,,,,,,,,,,,,,,,,,,,,,,,,,,,,,,,,,,,,,,,,,,,,,,,,,,,,,,2025-04-24 13:37:52,Signal Acquired,15.46496,73.865243,1.01,0.21,8.97,-0.03,0.07,0.01,NO
,,,,,,,,,,,,,,,,,,,,,,,,,,,,,,,,,,,,,,,,,,,,,,,,,,,,,,,,,,,,,,,,,,,,,,,,,,,,,,,,,,,,,,,,,,,,,,,,,,,,,,,,,2025-04-24 13:37:52,Signal Acquired,15.46508,73.865165,-1.6,-0.09,10.21,-0.04,0.03,0.03,DETECTED
,,,,,,,,,,,,,,,,,,,,,,,,,,,,,,,,,,,,,,,,,,,,,,,,,,,,,,,,,,,,,,,,,,,,,,,,,,,,,,,,,,,,,,,,,,,,,,,,,,,,,,,,,2025-04-24 13:37:54,Signal Acquired,15.46508,73.865165,-1.46,-0.35,9.83,-0.06,0.09,0.01,NO
,,,,,,,,,,,,,,,,,,,,,,,,,,,,,,,,,,,,,,,,,,,,,,,,,,,,,,,,,,,,,,,,,,,,,,,,,,,,,,,,,,,,,,,,,,,,,,,,,,,,,,,,,2025-04-24 13:37:54,Signal Acquired,15.465202,73.865087,1.17,-0.39,9.43,0.01,0.03,0.01,NO
,,,,,,,,,,,,,,,,,,,,,,,,,,,,,,,,,,,,,,,,,,,,,,,,,,,,,,,,,,,,,,,,,,,,,,,,,,,,,,,,,,,,,,,,,,,,,,,,,,,,,,,,,2025-04-24 13:37:54,Signal Acquired,15.465202,73.865087,-1.91,-0.49,10.2,-0.02,0.09,-0.0,NO
,,,,,,,,,,,,,,,,,,,,,,,,,,,,,,,,,,,,,,,,,,,,,,,,,,,,,,,,,,,,,,,,,,,,,,,,,,,,,,,,,,,,,,,,,,,,,,,,,,,,,,,,,2025-04-24 13:37:56,Signal Acquired,15.465312,73.86501,-1.1,-0.9,9.2,-0.02,0.04,0.03,DETECTED
,,,,,,,,,,,,,,,,,,,,,,,,,,,,,,,,,,,,,,,,,,,,,,,,,,,,,,,,,,,,,,,,,,,,,,,,,,,,,,,,,,,,,,,,,,,,,,,,,,,,,,,,,2025-04-24 13:37:56,Signal Acquired,15.465312,73.86501,1.52,-0.77,9.77,-0.02,-0.02,0.01,NO
,,,,,,,,,,,,,,,,,,,,,,,,,,,,,,,,,,,,,,,,,,,,,,,,,,,,,,,,,,,,,,,,,,,,,,,,,,,,,,,,,,,,,,,,,,,,,,,,,,,,,,,,,2025-04-24 13:37:56,Signal Acquired,15.465417,73.864935,-0.33,-1.46,9.19,-0.03,0.04,0.01,NO
,,,,,,,,,,,,,,,,,,,,,,,,,,,,,,,,,,,,,,,,,,,,,,,,,,,,,,,,,,,,,,,,,,,,,,,,,,,,,,,,,,,,,,,,,,,,,,,,,,,,,,,,,2025-04-24 13:37:58,Signal Acquired,15.465417,73.864935,0.79,-1.29,9.72,-0.02,0.0,0.03,NO
,,,,,,,,,,,,,,,,,,,,,,,,,,,,,,,,,,,,,,,,,,,,,,,,,,,,,,,,,,,,,,,,,,,,,,,,,,,,,,,,,,,,,,,,,,,,,,,,,,,,,,,,,2025-04-24 13:37:58,Signal Acquired,15.465514,73.864867,-0.03,-1.94,9.63,0.0,-0.06,0.04,DETECTED
,,,,,,,,,,,,,,,,,,,,,,,,,,,,,,,,,,,,,,,,,,,,,,,,,,,,,,,,,,,,,,,,,,,,,,,,,,,,,,,,,,,,,,,,,,,,,,,,,,,,,,,,,2025-04-24 13:37:58,Signal Acquired,15.465514,73.864867,-0.37,-1.17,9.18,-0.01,-0.04,0.06,NO
,,,,,,,,,,,,,,,,,,,,,,,,,,,,,,,,,,,,,,,,,,,,,,,,,,,,,,,,,,,,,,,,,,,,,,,,,,,,,,,,,,,,,,,,,,,,,,,,,,,,,,,,,2025-04-24 13:38:01,Signal Acquired,15.465602,73.864802,0.79,-0.92,9.5,-0.03,0.03,0.03,DETECTED
,,,,,,,,,,,,,,,,,,,,,,,,,,,,,,,,,,,,,,,,,,,,,,,,,,,,,,,,,,,,,,,,,,,,,,,,,,,,,,,,,,,,,,,,,,,,,,,,,,,,,,,,,2025-04-24 13:38:01,Signal Acquired,15.465602,73.864802,1.17,-0.18,9.24,0.01,-0.03,0.05,NO
,,,,,,,,,,,,,,,,,,,,,,,,,,,,,,,,,,,,,,,,,,,,,,,,,,,,,,,,,,,,,,,,,,,,,,,,,,,,,,,,,,,,,,,,,,,,,,,,,,,,,,,,,2025-04-24 13:38:01,Signal Acquired,15.465685,73.864744,0.16,-0.58,9.91,-0.0,0.05,0.05,DETECTED
,,,,,,,,,,,,,,,,,,,,,,,,,,,,,,,,,,,,,,,,,,,,,,,,,,,,,,,,,,,,,,,,,,,,,,,,,,,,,,,,,,,,,,,,,,,,,,,,,,,,,,,,,2025-04-24 13:38:03,Signal Acquired,15.465685,73.864744,0.29,-1.44,9.47,0.04,-0.02,0.06,NO
,,,,,,,,,,,,,,,,,,,,,,,,,,,,,,,,,,,,,,,,,,,,,,,,,,,,,,,,,,,,,,,,,,,,,,,,,,,,,,,,,,,,,,,,,,,,,,,,,,,,,,,,,2025-04-24 13:38:03,Signal Acquired,15.465758,73.864687,1.36,-1.0,9.31,-0.0,-0.01,0.03,DETECTED
,,,,,,,,,,,,,,,,,,,,,,,,,,,,,,,,,,,,,,,,,,,,,,,,,,,,,,,,,,,,,,,,,,,,,,,,,,,,,,,,,,,,,,,,,,,,,,,,,,,,,,,,,2025-04-24 13:38:03,Signal Acquired,15.465758,73.864687,-0.14,-1.58,9.35,-0.04,0.03,0.0,NO
,,,,,,,,,,,,,,,,,,,,,,,,,,,,,,,,,,,,,,,,,,,,,,,,,,,,,,,,,,,,,,,,,,,,,,,,,,,,,,,,,,,,,,,,,,,,,,,,,,,,,,,,,2025-04-24 13:38:05,Signal Acquired,15.465818,73.864624,-0.3,-1.4,9.39,-0.03,-0.0,0.05,NO
,,,,,,,,,,,,,,,,,,,,,,,,,,,,,,,,,,,,,,,,,,,,,,,,,,,,,,,,,,,,,,,,,,,,,,,,,,,,,,,,,,,,,,,,,,,,,,,,,,,,,,,,,2025-04-24 13:38:05,Signal Acquired,15.465818,73.864624,-0.42,-1.51,9.3,-0.04,0.03,0.01,NO
,,,,,,,,,,,,,,,,,,,,,,,,,,,,,,,,,,,,,,,,,,,,,,,,,,,,,,,,,,,,,,,,,,,,,,,,,,,,,,,,,,,,,,,,,,,,,,,,,,,,,,,,,2025-04-24 13:38:05,Signal Acquired,15.465868,73.864572,1.4,-1.81,9.03,-0.01,0.06,0.01,DETECTED
,,,,,,,,,,,,,,,,,,,,,,,,,,,,,,,,,,,,,,,,,,,,,,,,,,,,,,,,,,,,,,,,,,,,,,,,,,,,,,,,,,,,,,,,,,,,,,,,,,,,,,,,,2025-04-24 13:38:07,Signal Acquired,15.465868,73.864572,-0.56,-1.63,9.38,-0.01,0.05,0.03,NO
,,,,,,,,,,,,,,,,,,,,,,,,,,,,,,,,,,,,,,,,,,,,,,,,,,,,,,,,,,,,,,,,,,,,,,,,,,,,,,,,,,,,,,,,,,,,,,,,,,,,,,,,,2025-04-24 13:38:07,Signal Acquired,15.465914,73.864533,11.44,-3.99,10.57,0.04,-0.36,0.81,DETECTED
,,,,,,,,,,,,,,,,,,,,,,,,,,,,,,,,,,,,,,,,,,,,,,,,,,,,,,,,,,,,,,,,,,,,,,,,,,,,,,,,,,,,,,,,,,,,,,,,,,,,,,,,,2025-04-24 13:38:07,Signal Acquired,15.465914,73.864533,-6.88,-0.03,8.72,-0.37,-0.05,-0.34,DETECTED
,,,,,,,,,,,,,,,,,,,,,,,,,,,,,,,,,,,,,,,,,,,,,,,,,,,,,,,,,,,,,,,,,,,,,,,,,,,,,,,,,,,,,,,,,,,,,,,,,,,,,,,,,2025-04-24 13:38:10,Signal Acquired,15.46594,73.864498,8.82,-0.15,10.13,0.11,-0.16,0.5,DETECTED
,,,,,,,,,,,,,,,,,,,,,,,,,,,,,,,,,,,,,,,,,,,,,,,,,,,,,,,,,,,,,,,,,,,,,,,,,,,,,,,,,,,,,,,,,,,,,,,,,,,,,,,,,2025-04-24 13:38:10,Signal Acquired,15.46594,73.864498,-0.85,-1.33,9.07,-0.04,0.01,-0.01,NO
,,,,,,,,,,,,,,,,,,,,,,,,,,,,,,,,,,,,,,,,,,,,,,,,,,,,,,,,,,,,,,,,,,,,,,,,,,,,,,,,,,,,,,,,,,,,,,,,,,,,,,,,,2025-04-24 13:38:10,Signal Acquired,15.465964,73.864473,0.22,0.23,9.37,-0.05,-0.01,-0.01,NO
,,,,,,,,,,,,,,,,,,,,,,,,,,,,,,,,,,,,,,,,,,,,,,,,,,,,,,,,,,,,,,,,,,,,,,,,,,,,,,,,,,,,,,,,,,,,,,,,,,,,,,,,,2025-04-24 13:38:12,Signal Acquired,15.465964,73.864473,0.45,0.44,9.43,-0.04,0.07,-0.04,NO
,,,,,,,,,,,,,,,,,,,,,,,,,,,,,,,,,,,,,,,,,,,,,,,,,,,,,,,,,,,,,,,,,,,,,,,,,,,,,,,,,,,,,,,,,,,,,,,,,,,,,,,,,2025-04-24 13:38:12,Signal Acquired,15.465989,73.864463,0.18,0.3,9.28,-0.03,0.02,-0.04,NO
,,,,,,,,,,,,,,,,,,,,,,,,,,,,,,,,,,,,,,,,,,,,,,,,,,,,,,,,,,,,,,,,,,,,,,,,,,,,,,,,,,,,,,,,,,,,,,,,,,,,,,,,,2025-04-24 13:38:12,Signal Acquired,15.465989,73.864463,0.98,0.27,9.3,-0.01,0.01,-0.05,NO
,,,,,,,,,,,,,,,,,,,,,,,,,,,,,,,,,,,,,,,,,,,,,,,,,,,,,,,,,,,,,,,,,,,,,,,,,,,,,,,,,,,,,,,,,,,,,,,,,,,,,,,,,2025-04-24 13:38:14,Signal Acquired,15.466007,73.864449,1.58,1.19,9.08,0.1,-0.05,-0.17,DETECTED
,,,,,,,,,,,,,,,,,,,,,,,,,,,,,,,,,,,,,,,,,,,,,,,,,,,,,,,,,,,,,,,,,,,,,,,,,,,,,,,,,,,,,,,,,,,,,,,,,,,,,,,,,2025-04-24 13:38:14,Signal Acquired,15.466007,73.864449,0.93,1.17,9.11,0.03,0.0,-0.14,NO
,,,,,,,,,,,,,,,,,,,,,,,,,,,,,,,,,,,,,,,,,,,,,,,,,,,,,,,,,,,,,,,,,,,,,,,,,,,,,,,,,,,,,,,,,,,,,,,,,,,,,,,,,2025-04-24 13:38:14,Signal Acquired,15.466028,73.864438,1.27,0.96,9.14,-0.01,0.06,-0.19,NO
,,,,,,,,,,,,,,,,,,,,,,,,,,,,,,,,,,,,,,,,,,,,,,,,,,,,,,,,,,,,,,,,,,,,,,,,,,,,,,,,,,,,,,,,,,,,,,,,,,,,,,,,,2025-04-24 13:38:16,Signal Acquired,15.466028,73.864438,1.15,0.92,9.53,-0.01,0.03,-0.25,NO
,,,,,,,,,,,,,,,,,,,,,,,,,,,,,,,,,,,,,,,,,,,,,,,,,,,,,,,,,,,,,,,,,,,,,,,,,,,,,,,,,,,,,,,,,,,,,,,,,,,,,,,,,2025-04-24 13:38:16,Signal Acquired,15.466055,73.864429,1.55,0.8,9.14,0.01,0.03,-0.33,DETECTED
,,,,,,,,,,,,,,,,,,,,,,,,,,,,,,,,,,,,,,,,,,,,,,,,,,,,,,,,,,,,,,,,,,,,,,,,,,,,,,,,,,,,,,,,,,,,,,,,,,,,,,,,,2025-04-24 13:38:16,Signal Acquired,15.466055,73.864429,3.13,0.59,9.63,-0.05,-0.05,-0.42,NO
,,,,,,,,,,,,,,,,,,,,,,,,,,,,,,,,,,,,,,,,,,,,,,,,,,,,,,,,,,,,,,,,,,,,,,,,,,,,,,,,,,,,,,,,,,,,,,,,,,,,,,,,,2025-04-24 13:38:19,Signal Acquired,15.466092,73.864438,2.38,-0.37,9.4,-0.05,0.0,-0.44,NO
,,,,,,,,,,,,,,,,,,,,,,,,,,,,,,,,,,,,,,,,,,,,,,,,,,,,,,,,,,,,,,,,,,,,,,,,,,,,,,,,,,,,,,,,,,,,,,,,,,,,,,,,,2025-04-24 13:38:19,Signal Acquired,15.466092,73.864438,1.78,0.39,9.32,-0.04,-0.01,-0.41,NO
,,,,,,,,,,,,,,,,,,,,,,,,,,,,,,,,,,,,,,,,,,,,,,,,,,,,,,,,,,,,,,,,,,,,,,,,,,,,,,,,,,,,,,,,,,,,,,,,,,,,,,,,,2025-04-24 13:38:19,Signal Acquired,15.466126,73.864461,0.47,-0.08,9.55,-0.08,0.06,-0.1,NO
,,,,,,,,,,,,,,,,,,,,,,,,,,,,,,,,,,,,,,,,,,,,,,,,,,,,,,,,,,,,,,,,,,,,,,,,,,,,,,,,,,,,,,,,,,,,,,,,,,,,,,,,,2025-04-24 13:38:21,Signal Acquired,15.466126,73.864461,0.05,0.33,9.6,-0.0,0.01,-0.12,NO
,,,,,,,,,,,,,,,,,,,,,,,,,,,,,,,,,,,,,,,,,,,,,,,,,,,,,,,,,,,,,,,,,,,,,,,,,,,,,,,,,,,,,,,,,,,,,,,,,,,,,,,,,2025-04-24 13:38:21,Signal Acquired,15.466158,73.864501,0.73,0.15,9.55,-0.01,0.02,-0.05,NO
,,,,,,,,,,,,,,,,,,,,,,,,,,,,,,,,,,,,,,,,,,,,,,,,,,,,,,,,,,,,,,,,,,,,,,,,,,,,,,,,,,,,,,,,,,,,,,,,,,,,,,,,,2025-04-24 13:38:21,Signal Acquired,15.466158,73.864501,0.48,0.34,9.19,-0.02,0.04,-0.06,NO
,,,,,,,,,,,,,,,,,,,,,,,,,,,,,,,,,,,,,,,,,,,,,,,,,,,,,,,,,,,,,,,,,,,,,,,,,,,,,,,,,,,,,,,,,,,,,,,,,,,,,,,,,2025-04-24 13:38:23,Signal Acquired,15.466183,73.864514,1.16,0.72,9.42,0.03,0.02,-0.03,NO
,,,,,,,,,,,,,,,,,,,,,,,,,,,,,,,,,,,,,,,,,,,,,,,,,,,,,,,,,,,,,,,,,,,,,,,,,,,,,,,,,,,,,,,,,,,,,,,,,,,,,,,,,2025-04-24 13:38:23,Signal Acquired,15.466183,73.864514,1.14,1.81,9.28,-0.0,0.0,-0.08,NO
,,,,,,,,,,,,,,,,,,,,,,,,,,,,,,,,,,,,,,,,,,,,,,,,,,,,,,,,,,,,,,,,,,,,,,,,,,,,,,,,,,,,,,,,,,,,,,,,,,,,,,,,,2025-04-24 13:38:23,Signal Acquired,15.466201,73.864523,0.69,0.99,9.34,-0.0,0.0,-0.02,NO
,,,,,,,,,,,,,,,,,,,,,,,,,,,,,,,,,,,,,,,,,,,,,,,,,,,,,,,,,,,,,,,,,,,,,,,,,,,,,,,,,,,,,,,,,,,,,,,,,,,,,,,,,2025-04-24 13:38:25,Signal Acquired,15.466201,73.864523,0.34,1.23,9.38,-0.01,0.01,-0.04,NO
,,,,,,,,,,,,,,,,,,,,,,,,,,,,,,,,,,,,,,,,,,,,,,,,,,,,,,,,,,,,,,,,,,,,,,,,,,,,,,,,,,,,,,,,,,,,,,,,,,,,,,,,,2025-04-24 13:38:25,Signal Acquired,15.466209,73.864537,-0.26,0.41,9.53,0.0,0.04,-0.1,NO
,,,,,,,,,,,,,,,,,,,,,,,,,,,,,,,,,,,,,,,,,,,,,,,,,,,,,,,,,,,,,,,,,,,,,,,,,,,,,,,,,,,,,,,,,,,,,,,,,,,,,,,,,2025-04-24 13:38:25,Signal Acquired,15.466209,73.864537,0.2,0.6,9.39,-0.01,0.03,-0.15,DETECTED
,,,,,,,,,,,,,,,,,,,,,,,,,,,,,,,,,,,,,,,,,,,,,,,,,,,,,,,,,,,,,,,,,,,,,,,,,,,,,,,,,,,,,,,,,,,,,,,,,,,,,,,,,2025-04-24 13:38:27,Signal Acquired,15.466216,73.864564,2.4,0.44,9.22,-0.05,-0.03,-0.22,DETECTED
,,,,,,,,,,,,,,,,,,,,,,,,,,,,,,,,,,,,,,,,,,,,,,,,,,,,,,,,,,,,,,,,,,,,,,,,,,,,,,,,,,,,,,,,,,,,,,,,,,,,,,,,,2025-04-24 13:38:27,Signal Acquired,15.466216,73.864564,0.96,0.86,9.1,0.01,-0.03,-0.29,NO
,,,,,,,,,,,,,,,,,,,,,,,,,,,,,,,,,,,,,,,,,,,,,,,,,,,,,,,,,,,,,,,,,,,,,,,,,,,,,,,,,,,,,,,,,,,,,,,,,,,,,,,,,2025-04-24 13:38:27,Signal Acquired,15.466228,73.864591,1.2,0.75,9.63,-0.02,0.02,-0.32,NO
,,,,,,,,,,,,,,,,,,,,,,,,,,,,,,,,,,,,,,,,,,,,,,,,,,,,,,,,,,,,,,,,,,,,,,,,,,,,,,,,,,,,,,,,,,,,,,,,,,,,,,,,,2025-04-24 13:38:30,Signal Acquired,15.466228,73.864591,-0.59,1.32,9.49,0.05,0.07,-0.36,NO
,,,,,,,,,,,,,,,,,,,,,,,,,,,,,,,,,,,,,,,,,,,,,,,,,,,,,,,,,,,,,,,,,,,,,,,,,,,,,,,,,,,,,,,,,,,,,,,,,,,,,,,,,2025-04-24 13:38:30,Signal Acquired,15.466228,73.864627,2.28,0.84,9.49,-0.03,0.06,-0.38,NO
,,,,,,,,,,,,,,,,,,,,,,,,,,,,,,,,,,,,,,,,,,,,,,,,,,,,,,,,,,,,,,,,,,,,,,,,,,,,,,,,,,,,,,,,,,,,,,,,,,,,,,,,,2025-04-24 13:38:30,Signal Acquired,15.466228,73.864627,1.62,1.39,9.36,-0.01,-0.04,-0.34,NO
,,,,,,,,,,,,,,,,,,,,,,,,,,,,,,,,,,,,,,,,,,,,,,,,,,,,,,,,,,,,,,,,,,,,,,,,,,,,,,,,,,,,,,,,,,,,,,,,,,,,,,,,,2025-04-24 13:38:32,Signal Acquired,15.466222,73.864666,1.73,0.78,9.24,-0.05,0.01,-0.32,NO
,,,,,,,,,,,,,,,,,,,,,,,,,,,,,,,,,,,,,,,,,,,,,,,,,,,,,,,,,,,,,,,,,,,,,,,,,,,,,,,,,,,,,,,,,,,,,,,,,,,,,,,,,2025-04-24 13:38:32,Signal Acquired,15.466222,73.864666,1.07,1.02,9.79,-0.02,0.07,-0.27,NO
,,,,,,,,,,,,,,,,,,,,,,,,,,,,,,,,,,,,,,,,,,,,,,,,,,,,,,,,,,,,,,,,,,,,,,,,,,,,,,,,,,,,,,,,,,,,,,,,,,,,,,,,,2025-04-24 13:38:32,Signal Acquired,15.4662,73.864698,-8.97,1.0,9.53,0.02,-0.01,-0.16,DETECTED
,,,,,,,,,,,,,,,,,,,,,,,,,,,,,,,,,,,,,,,,,,,,,,,,,,,,,,,,,,,,,,,,,,,,,,,,,,,,,,,,,,,,,,,,,,,,,,,,,,,,,,,,,2025-04-24 13:38:34,Signal Acquired,15.4662,73.864698,2.0,-2.62,8.16,-0.16,-0.34,-0.36,DETECTED
,,,,,,,,,,,,,,,,,,,,,,,,,,,,,,,,,,,,,,,,,,,,,,,,,,,,,,,,,,,,,,,,,,,,,,,,,,,,,,,,,,,,,,,,,,,,,,,,,,,,,,,,,2025-04-24 13:38:34,Signal Acquired,15.466161,73.864736,5.62,1.36,11.5,0.27,-0.28,0.22,DETECTED
,,,,,,,,,,,,,,,,,,,,,,,,,,,,,,,,,,,,,,,,,,,,,,,,,,,,,,,,,,,,,,,,,,,,,,,,,,,,,,,,,,,,,,,,,,,,,,,,,,,,,,,,,2025-04-24 13:38:34,Signal Acquired,15.466161,73.864736,-2.03,3.08,8.56,-0.09,0.03,-0.01,DETECTED
,,,,,,,,,,,,,,,,,,,,,,,,,,,,,,,,,,,,,,,,,,,,,,,,,,,,,,,,,,,,,,,,,,,,,,,,,,,,,,,,,,,,,,,,,,,,,,,,,,,,,,,,,2025-04-24 13:38:36,Signal Acquired,15.466117,73.864778,-0.32,1.47,9.17,0.01,-0.03,-0.01,NO
,,,,,,,,,,,,,,,,,,,,,,,,,,,,,,,,,,,,,,,,,,,,,,,,,,,,,,,,,,,,,,,,,,,,,,,,,,,,,,,,,,,,,,,,,,,,,,,,,,,,,,,,,2025-04-24 13:38:36,Signal Acquired,15.466117,73.864778,0.66,1.73,9.46,-0.01,0.03,-0.02,NO
,,,,,,,,,,,,,,,,,,,,,,,,,,,,,,,,,,,,,,,,,,,,,,,,,,,,,,,,,,,,,,,,,,,,,,,,,,,,,,,,,,,,,,,,,,,,,,,,,,,,,,,,,2025-04-24 13:38:36,Signal Acquired,15.466072,73.864823,0.53,-0.15,9.19,-0.08,0.02,0.0,NO
,,,,,,,,,,,,,,,,,,,,,,,,,,,,,,,,,,,,,,,,,,,,,,,,,,,,,,,,,,,,,,,,,,,,,,,,,,,,,,,,,,,,,,,,,,,,,,,,,,,,,,,,,2025-04-24 13:38:39,Signal Acquired,15.466072,73.864823,-0.44,-0.1,9.45,-0.01,0.03,-0.0,NO
,,,,,,,,,,,,,,,,,,,,,,,,,,,,,,,,,,,,,,,,,,,,,,,,,,,,,,,,,,,,,,,,,,,,,,,,,,,,,,,,,,,,,,,,,,,,,,,,,,,,,,,,,2025-04-24 13:38:39,Signal Acquired,15.466018,73.864867,0.09,0.79,9.57,-0.0,-0.01,-0.01,NO
,,,,,,,,,,,,,,,,,,,,,,,,,,,,,,,,,,,,,,,,,,,,,,,,,,,,,,,,,,,,,,,,,,,,,,,,,,,,,,,,,,,,,,,,,,,,,,,,,,,,,,,,,2025-04-24 13:38:39,Signal Acquired,15.466018,73.864867,-0.46,1.46,9.5,-0.01,0.05,-0.0,DETECTED
,,,,,,,,,,,,,,,,,,,,,,,,,,,,,,,,,,,,,,,,,,,,,,,,,,,,,,,,,,,,,,,,,,,,,,,,,,,,,,,,,,,,,,,,,,,,,,,,,,,,,,,,,2025-04-24 13:38:41,Signal Acquired,15.465962,73.864914,0.62,1.37,9.35,-0.0,-0.03,-0.0,NO
,,,,,,,,,,,,,,,,,,,,,,,,,,,,,,,,,,,,,,,,,,,,,,,,,,,,,,,,,,,,,,,,,,,,,,,,,,,,,,,,,,,,,,,,,,,,,,,,,,,,,,,,,2025-04-24 13:38:41,Signal Acquired,15.465962,73.864914,0.56,1.7,9.35,-0.05,0.03,-0.03,NO
,,,,,,,,,,,,,,,,,,,,,,,,,,,,,,,,,,,,,,,,,,,,,,,,,,,,,,,,,,,,,,,,,,,,,,,,,,,,,,,,,,,,,,,,,,,,,,,,,,,,,,,,,2025-04-24 13:38:41,Signal Acquired,15.465911,73.864958,1.13,1.58,9.33,0.01,-0.01,-0.05,NO
,,,,,,,,,,,,,,,,,,,,,,,,,,,,,,,,,,,,,,,,,,,,,,,,,,,,,,,,,,,,,,,,,,,,,,,,,,,,,,,,,,,,,,,,,,,,,,,,,,,,,,,,,2025-04-24 13:38:43,Signal Acquired,15.465911,73.864958,1.57,1.42,9.45,0.03,0.03,0.01,DETECTED
,,,,,,,,,,,,,,,,,,,,,,,,,,,,,,,,,,,,,,,,,,,,,,,,,,,,,,,,,,,,,,,,,,,,,,,,,,,,,,,,,,,,,,,,,,,,,,,,,,,,,,,,,2025-04-24 13:38:43,Signal Acquired,15.465855,73.865017,-0.85,1.91,9.27,0.02,-0.07,-0.01,NO
,,,,,,,,,,,,,,,,,,,,,,,,,,,,,,,,,,,,,,,,,,,,,,,,,,,,,,,,,,,,,,,,,,,,,,,,,,,,,,,,,,,,,,,,,,,,,,,,,,,,,,,,,2025-04-24 13:38:43,Signal Acquired,15.465855,73.865017,-0.64,1.45,8.91,-0.05,0.11,-0.05,NO
,,,,,,,,,,,,,,,,,,,,,,,,,,,,,,,,,,,,,,,,,,,,,,,,,,,,,,,,,,,,,,,,,,,,,,,,,,,,,,,,,,,,,,,,,,,,,,,,,,,,,,,,,2025-04-24 13:38:45,Signal Acquired,15.465791,73.865073,0.23,-0.18,9.72,-0.1,0.04,0.16,NO
,,,,,,,,,,,,,,,,,,,,,,,,,,,,,,,,,,,,,,,,,,,,,,,,,,,,,,,,,,,,,,,,,,,,,,,,,,,,,,,,,,,,,,,,,,,,,,,,,,,,,,,,,2025-04-24 13:38:45,Signal Acquired,15.465791,73.865073,0.4,0.22,9.3,-0.03,0.03,-0.04,NO
,,,,,,,,,,,,,,,,,,,,,,,,,,,,,,,,,,,,,,,,,,,,,,,,,,,,,,,,,,,,,,,,,,,,,,,,,,,,,,,,,,,,,,,,,,,,,,,,,,,,,,,,,2025-04-24 13:38:45,Signal Acquired,15.465722,73.865137,0.95,1.58,9.35,0.08,-0.0,0.01,NO
,,,,,,,,,,,,,,,,,,,,,,,,,,,,,,,,,,,,,,,,,,,,,,,,,,,,,,,,,,,,,,,,,,,,,,,,,,,,,,,,,,,,,,,,,,,,,,,,,,,,,,,,,2025-04-24 13:38:48,Signal Acquired,15.465722,73.865137,1.97,0.81,8.72,-0.03,-0.04,-0.02,NO
,,,,,,,,,,,,,,,,,,,,,,,,,,,,,,,,,,,,,,,,,,,,,,,,,,,,,,,,,,,,,,,,,,,,,,,,,,,,,,,,,,,,,,,,,,,,,,,,,,,,,,,,,2025-04-24 13:38:48,Signal Acquired,15.465653,73.865195,0.41,0.8,8.83,-0.0,0.01,-0.02,NO
,,,,,,,,,,,,,,,,,,,,,,,,,,,,,,,,,,,,,,,,,,,,,,,,,,,,,,,,,,,,,,,,,,,,,,,,,,,,,,,,,,,,,,,,,,,,,,,,,,,,,,,,,2025-04-24 13:38:48,Signal Acquired,15.465653,73.865195,1.38,1.28,10.07,0.01,0.01,-0.02,DETECTED
,,,,,,,,,,,,,,,,,,,,,,,,,,,,,,,,,,,,,,,,,,,,,,,,,,,,,,,,,,,,,,,,,,,,,,,,,,,,,,,,,,,,,,,,,,,,,,,,,,,,,,,,,2025-04-24 13:38:50,Signal Acquired,15.4656,73.865266,0.41,0.92,9.8,0.02,-0.06,0.01,NO
,,,,,,,,,,,,,,,,,,,,,,,,,,,,,,,,,,,,,,,,,,,,,,,,,,,,,,,,,,,,,,,,,,,,,,,,,,,,,,,,,,,,,,,,,,,,,,,,,,,,,,,,,2025-04-24 13:38:50,Signal Acquired,15.4656,73.865266,0.89,0.9,8.89,-0.01,0.08,-0.03,NO
,,,,,,,,,,,,,,,,,,,,,,,,,,,,,,,,,,,,,,,,,,,,,,,,,,,,,,,,,,,,,,,,,,,,,,,,,,,,,,,,,,,,,,,,,,,,,,,,,,,,,,,,,2025-04-24 13:38:50,Signal Acquired,15.465532,73.865322,-0.45,0.67,9.73,0.02,-0.03,-0.02,DETECTED
,,,,,,,,,,,,,,,,,,,,,,,,,,,,,,,,,,,,,,,,,,,,,,,,,,,,,,,,,,,,,,,,,,,,,,,,,,,,,,,,,,,,,,,,,,,,,,,,,,,,,,,,,2025-04-24 13:38:52,Signal Acquired,15.465532,73.865322,-0.94,1.42,9.39,-0.02,0.12,-0.01,NO
,,,,,,,,,,,,,,,,,,,,,,,,,,,,,,,,,,,,,,,,,,,,,,,,,,,,,,,,,,,,,,,,,,,,,,,,,,,,,,,,,,,,,,,,,,,,,,,,,,,,,,,,,2025-04-24 13:38:52,Signal Acquired,15.465452,73.865376,0.1,1.53,9.37,-0.06,0.08,0.01,NO
,,,,,,,,,,,,,,,,,,,,,,,,,,,,,,,,,,,,,,,,,,,,,,,,,,,,,,,,,,,,,,,,,,,,,,,,,,,,,,,,,,,,,,,,,,,,,,,,,,,,,,,,,2025-04-24 13:38:52,Signal Acquired,15.465452,73.865376,0.09,0.89,9.5,-0.03,0.07,-0.01,DETECTED
,,,,,,,,,,,,,,,,,,,,,,,,,,,,,,,,,,,,,,,,,,,,,,,,,,,,,,,,,,,,,,,,,,,,,,,,,,,,,,,,,,,,,,,,,,,,,,,,,,,,,,,,,2025-04-24 13:38:54,Signal Acquired,15.465381,73.865434,-0.49,1.01,9.56,-0.0,0.06,0.01,DETECTED
,,,,,,,,,,,,,,,,,,,,,,,,,,,,,,,,,,,,,,,,,,,,,,,,,,,,,,,,,,,,,,,,,,,,,,,,,,,,,,,,,,,,,,,,,,,,,,,,,,,,,,,,,2025-04-24 13:38:54,Signal Acquired,15.465381,73.865434,-1.34,1.61,9.52,-0.02,0.03,0.01,NO
,,,,,,,,,,,,,,,,,,,,,,,,,,,,,,,,,,,,,,,,,,,,,,,,,,,,,,,,,,,,,,,,,,,,,,,,,,,,,,,,,,,,,,,,,,,,,,,,,,,,,,,,,2025-04-24 13:38:54,Signal Acquired,15.465307,73.865492,-1.29,1.81,9.24,-0.03,0.1,-0.04,NO
,,,,,,,,,,,,,,,,,,,,,,,,,,,,,,,,,,,,,,,,,,,,,,,,,,,,,,,,,,,,,,,,,,,,,,,,,,,,,,,,,,,,,,,,,,,,,,,,,,,,,,,,,2025-04-24 13:38:57,Signal Acquired,15.465307,73.865492,-1.12,1.47,9.67,-0.04,0.07,-0.04,NO
,,,,,,,,,,,,,,,,,,,,,,,,,,,,,,,,,,,,,,,,,,,,,,,,,,,,,,,,,,,,,,,,,,,,,,,,,,,,,,,,,,,,,,,,,,,,,,,,,,,,,,,,,2025-04-24 13:38:57,Signal Acquired,15.465231,73.865554,0.75,1.73,9.36,-0.0,0.01,-0.04,NO
,,,,,,,,,,,,,,,,,,,,,,,,,,,,,,,,,,,,,,,,,,,,,,,,,,,,,,,,,,,,,,,,,,,,,,,,,,,,,,,,,,,,,,,,,,,,,,,,,,,,,,,,,2025-04-24 13:38:57,Signal Acquired,15.465231,73.865554,-0.03,1.44,9.39,-0.05,0.06,-0.03,NO
,,,,,,,,,,,,,,,,,,,,,,,,,,,,,,,,,,,,,,,,,,,,,,,,,,,,,,,,,,,,,,,,,,,,,,,,,,,,,,,,,,,,,,,,,,,,,,,,,,,,,,,,,2025-04-24 13:38:59,Signal Acquired,15.465142,73.865615,0.04,0.76,9.45,-0.0,-0.09,-0.02,NO
,,,,,,,,,,,,,,,,,,,,,,,,,,,,,,,,,,,,,,,,,,,,,,,,,,,,,,,,,,,,,,,,,,,,,,,,,,,,,,,,,,,,,,,,,,,,,,,,,,,,,,,,,2025-04-24 13:38:59,Signal Acquired,15.465142,73.865615,0.19,1.13,9.37,-0.0,0.02,-0.02,NO
,,,,,,,,,,,,,,,,,,,,,,,,,,,,,,,,,,,,,,,,,,,,,,,,,,,,,,,,,,,,,,,,,,,,,,,,,,,,,,,,,,,,,,,,,,,,,,,,,,,,,,,,,2025-04-24 13:38:59,Signal Acquired,15.465048,73.865675,1.29,1.27,9.26,0.01,-0.01,-0.03,NO
,,,,,,,,,,,,,,,,,,,,,,,,,,,,,,,,,,,,,,,,,,,,,,,,,,,,,,,,,,,,,,,,,,,,,,,,,,,,,,,,,,,,,,,,,,,,,,,,,,,,,,,,,2025-04-24 13:39:01,Signal Acquired,15.465048,73.865675,0.69,1.26,9.15,-0.0,0.04,-0.03,NO
,,,,,,,,,,,,,,,,,,,,,,,,,,,,,,,,,,,,,,,,,,,,,,,,,,,,,,,,,,,,,,,,,,,,,,,,,,,,,,,,,,,,,,,,,,,,,,,,,,,,,,,,,2025-04-24 13:39:01,Signal Acquired,15.464949,73.865736,0.77,1.13,9.5,0.0,-0.01,-0.02,NO
,,,,,,,,,,,,,,,,,,,,,,,,,,,,,,,,,,,,,,,,,,,,,,,,,,,,,,,,,,,,,,,,,,,,,,,,,,,,,,,,,,,,,,,,,,,,,,,,,,,,,,,,,2025-04-24 13:39:01,Signal Acquired,15.464949,73.865736,-1.06,1.28,9.64,-0.01,0.02,0.02,NO
,,,,,,,,,,,,,,,,,,,,,,,,,,,,,,,,,,,,,,,,,,,,,,,,,,,,,,,,,,,,,,,,,,,,,,,,,,,,,,,,,,,,,,,,,,,,,,,,,,,,,,,,,2025-04-24 13:39:03,Signal Acquired,15.464847,73.8658,-0.61,0.83,9.74,0.01,-0.01,0.02,NO
,,,,,,,,,,,,,,,,,,,,,,,,,,,,,,,,,,,,,,,,,,,,,,,,,,,,,,,,,,,,,,,,,,,,,,,,,,,,,,,,,,,,,,,,,,,,,,,,,,,,,,,,,2025-04-24 13:39:03,Signal Acquired,15.464847,73.8658,-0.67,1.93,9.95,-0.02,0.08,-0.01,NO
,,,,,,,,,,,,,,,,,,,,,,,,,,,,,,,,,,,,,,,,,,,,,,,,,,,,,,,,,,,,,,,,,,,,,,,,,,,,,,,,,,,,,,,,,,,,,,,,,,,,,,,,,2025-04-24 13:39:03,Signal Acquired,15.464742,73.865865,-1.12,1.03,9.58,-0.01,0.03,-0.03,NO
,,,,,,,,,,,,,,,,,,,,,,,,,,,,,,,,,,,,,,,,,,,,,,,,,,,,,,,,,,,,,,,,,,,,,,,,,,,,,,,,,,,,,,,,,,,,,,,,,,,,,,,,,2025-04-24 13:39:05,Signal Acquired,15.464742,73.865865,-0.08,1.1,8.98,-0.03,0.06,-0.01,NO
,,,,,,,,,,,,,,,,,,,,,,,,,,,,,,,,,,,,,,,,,,,,,,,,,,,,,,,,,,,,,,,,,,,,,,,,,,,,,,,,,,,,,,,,,,,,,,,,,,,,,,,,,2025-04-24 13:39:05,Signal Acquired,15.464633,73.86593,-1.78,1.15,9.14,-0.01,-0.04,0.01,DETECTED
,,,,,,,,,,,,,,,,,,,,,,,,,,,,,,,,,,,,,,,,,,,,,,,,,,,,,,,,,,,,,,,,,,,,,,,,,,,,,,,,,,,,,,,,,,,,,,,,,,,,,,,,,2025-04-24 13:39:06,Signal Acquired,15.464633,73.86593,0.61,0.18,8.86,-0.03,0.03,-0.01,DETECTED
,,,,,,,,,,,,,,,,,,,,,,,,,,,,,,,,,,,,,,,,,,,,,,,,,,,,,,,,,,,,,,,,,,,,,,,,,,,,,,,,,,,,,,,,,,,,,,,,,,,,,,,,,2025-04-24 13:39:08,Signal Acquired,15.464524,73.865999,-1.07,1.03,10.1,-0.06,0.04,0.04,DETECTED
,,,,,,,,,,,,,,,,,,,,,,,,,,,,,,,,,,,,,,,,,,,,,,,,,,,,,,,,,,,,,,,,,,,,,,,,,,,,,,,,,,,,,,,,,,,,,,,,,,,,,,,,,2025-04-24 13:39:08,Signal Acquired,15.464524,73.865999,-0.01,0.84,9.27,-0.02,-0.04,-0.0,DETECTED
,,,,,,,,,,,,,,,,,,,,,,,,,,,,,,,,,,,,,,,,,,,,,,,,,,,,,,,,,,,,,,,,,,,,,,,,,,,,,,,,,,,,,,,,,,,,,,,,,,,,,,,,,2025-04-24 13:39:08,Signal Acquired,15.464413,73.866065,1.81,0.72,9.11,-0.01,0.1,-0.05,DETECTED
,,,,,,,,,,,,,,,,,,,,,,,,,,,,,,,,,,,,,,,,,,,,,,,,,,,,,,,,,,,,,,,,,,,,,,,,,,,,,,,,,,,,,,,,,,,,,,,,,,,,,,,,,2025-04-24 13:39:10,Signal Acquired,15.464413,73.866065,-0.62,1.0,9.46,-0.02,0.01,-0.01,DETECTED
,,,,,,,,,,,,,,,,,,,,,,,,,,,,,,,,,,,,,,,,,,,,,,,,,,,,,,,,,,,,,,,,,,,,,,,,,,,,,,,,,,,,,,,,,,,,,,,,,,,,,,,,,2025-04-24 13:39:10,Signal Acquired,15.464299,73.866131,0.8,0.96,9.64,-0.01,0.01,-0.01,DETECTED
,,,,,,,,,,,,,,,,,,,,,,,,,,,,,,,,,,,,,,,,,,,,,,,,,,,,,,,,,,,,,,,,,,,,,,,,,,,,,,,,,,,,,,,,,,,,,,,,,,,,,,,,,2025-04-24 13:39:10,Signal Acquired,15.464299,73.866131,-0.57,0.5,9.1,-0.0,-0.02,-0.0,NO
,,,,,,,,,,,,,,,,,,,,,,,,,,,,,,,,,,,,,,,,,,,,,,,,,,,,,,,,,,,,,,,,,,,,,,,,,,,,,,,,,,,,,,,,,,,,,,,,,,,,,,,,,2025-04-24 13:39:12,Signal Acquired,15.464181,73.866199,-0.25,1.54,9.17,-0.01,0.02,-0.02,NO
,,,,,,,,,,,,,,,,,,,,,,,,,,,,,,,,,,,,,,,,,,,,,,,,,,,,,,,,,,,,,,,,,,,,,,,,,,,,,,,,,,,,,,,,,,,,,,,,,,,,,,,,,2025-04-24 13:39:12,Signal Acquired,15.464181,73.866199,0.78,0.72,9.22,0.0,0.07,-0.06,NO
,,,,,,,,,,,,,,,,,,,,,,,,,,,,,,,,,,,,,,,,,,,,,,,,,,,,,,,,,,,,,,,,,,,,,,,,,,,,,,,,,,,,,,,,,,,,,,,,,,,,,,,,,2025-04-24 13:39:12,Signal Acquired,15.464055,73.866264,0.82,0.41,9.06,-0.04,0.11,-0.07,NO
,,,,,,,,,,,,,,,,,,,,,,,,,,,,,,,,,,,,,,,,,,,,,,,,,,,,,,,,,,,,,,,,,,,,,,,,,,,,,,,,,,,,,,,,,,,,,,,,,,,,,,,,,2025-04-24 13:39:14,Signal Acquired,15.464055,73.866264,0.5,0.91,8.74,-0.04,0.03,-0.06,DETECTED
,,,,,,,,,,,,,,,,,,,,,,,,,,,,,,,,,,,,,,,,,,,,,,,,,,,,,,,,,,,,,,,,,,,,,,,,,,,,,,,,,,,,,,,,,,,,,,,,,,,,,,,,,2025-04-24 13:39:14,Signal Acquired,15.463918,73.866327,2.6,0.38,8.47,-0.06,-0.04,-0.09,NO
,,,,,,,,,,,,,,,,,,,,,,,,,,,,,,,,,,,,,,,,,,,,,,,,,,,,,,,,,,,,,,,,,,,,,,,,,,,,,,,,,,,,,,,,,,,,,,,,,,,,,,,,,2025-04-24 13:39:14,Signal Acquired,15.463918,73.866327,-0.32,0.03,10.41,0.02,0.02,-0.07,DETECTED
,,,,,,,,,,,,,,,,,,,,,,,,,,,,,,,,,,,,,,,,,,,,,,,,,,,,,,,,,,,,,,,,,,,,,,,,,,,,,,,,,,,,,,,,,,,,,,,,,,,,,,,,,2025-04-24 13:39:17,Signal Acquired,15.463773,73.866383,0.19,1.37,9.97,0.05,0.0,-0.06,NO
,,,,,,,,,,,,,,,,,,,,,,,,,,,,,,,,,,,,,,,,,,,,,,,,,,,,,,,,,,,,,,,,,,,,,,,,,,,,,,,,,,,,,,,,,,,,,,,,,,,,,,,,,2025-04-24 13:39:17,Signal Acquired,15.463773,73.866383,-5.96,1.81,10.81,0.0,0.03,-0.06,DETECTED
,,,,,,,,,,,,,,,,,,,,,,,,,,,,,,,,,,,,,,,,,,,,,,,,,,,,,,,,,,,,,,,,,,,,,,,,,,,,,,,,,,,,,,,,,,,,,,,,,,,,,,,,,2025-04-24 13:39:17,Signal Acquired,15.463619,73.866431,-0.01,1.85,10.29,0.07,-0.01,0.05,NO
,,,,,,,,,,,,,,,,,,,,,,,,,,,,,,,,,,,,,,,,,,,,,,,,,,,,,,,,,,,,,,,,,,,,,,,,,,,,,,,,,,,,,,,,,,,,,,,,,,,,,,,,,2025-04-24 13:39:19,Signal Acquired,15.463619,73.866431,2.9,1.37,9.62,0.01,0.03,-0.04,NO
,,,,,,,,,,,,,,,,,,,,,,,,,,,,,,,,,,,,,,,,,,,,,,,,,,,,,,,,,,,,,,,,,,,,,,,,,,,,,,,,,,,,,,,,,,,,,,,,,,,,,,,,,2025-04-24 13:39:19,Signal Acquired,15.463452,73.866474,-1.08,0.31,9.47,0.02,0.07,-0.05,DETECTED
,,,,,,,,,,,,,,,,,,,,,,,,,,,,,,,,,,,,,,,,,,,,,,,,,,,,,,,,,,,,,,,,,,,,,,,,,,,,,,,,,,,,,,,,,,,,,,,,,,,,,,,,,2025-04-24 13:39:19,Signal Acquired,15.463452,73.866474,-1.78,1.7,10.08,0.04,0.05,0.07,NO
,,,,,,,,,,,,,,,,,,,,,,,,,,,,,,,,,,,,,,,,,,,,,,,,,,,,,,,,,,,,,,,,,,,,,,,,,,,,,,,,,,,,,,,,,,,,,,,,,,,,,,,,,2025-04-24 13:39:21,Signal Acquired,15.463287,73.86651,-0.91,0.53,9.28,-0.06,0.13,0.01,NO
,,,,,,,,,,,,,,,,,,,,,,,,,,,,,,,,,,,,,,,,,,,,,,,,,,,,,,,,,,,,,,,,,,,,,,,,,,,,,,,,,,,,,,,,,,,,,,,,,,,,,,,,,2025-04-24 13:39:21,Signal Acquired,15.463287,73.86651,1.38,1.41,8.58,-0.05,-0.01,0.01,NO
,,,,,,,,,,,,,,,,,,,,,,,,,,,,,,,,,,,,,,,,,,,,,,,,,,,,,,,,,,,,,,,,,,,,,,,,,,,,,,,,,,,,,,,,,,,,,,,,,,,,,,,,,2025-04-24 13:39:21,Signal Acquired,15.463123,73.866544,-0.3,0.91,10.01,-0.03,0.1,-0.03,DETECTED
,,,,,,,,,,,,,,,,,,,,,,,,,,,,,,,,,,,,,,,,,,,,,,,,,,,,,,,,,,,,,,,,,,,,,,,,,,,,,,,,,,,,,,,,,,,,,,,,,,,,,,,,,2025-04-24 13:39:23,Signal Acquired,15.463123,73.866544,3.11,0.07,9.18,-0.03,-0.02,-0.0,NO
,,,,,,,,,,,,,,,,,,,,,,,,,,,,,,,,,,,,,,,,,,,,,,,,,,,,,,,,,,,,,,,,,,,,,,,,,,,,,,,,,,,,,,,,,,,,,,,,,,,,,,,,,2025-04-24 13:39:23,Signal Acquired,15.462956,73.866578,-2.81,1.44,10.0,-0.0,0.11,-0.05,DETECTED
,,,,,,,,,,,,,,,,,,,,,,,,,,,,,,,,,,,,,,,,,,,,,,,,,,,,,,,,,,,,,,,,,,,,,,,,,,,,,,,,,,,,,,,,,,,,,,,,,,,,,,,,,2025-04-24 13:39:23,Signal Acquired,15.462956,73.866578,2.74,1.44,9.57,-0.01,-0.01,-0.06,DETECTED
,,,,,,,,,,,,,,,,,,,,,,,,,,,,,,,,,,,,,,,,,,,,,,,,,,,,,,,,,,,,,,,,,,,,,,,,,,,,,,,,,,,,,,,,,,,,,,,,,,,,,,,,,2025-04-24 13:39:26,Signal Acquired,15.462789,73.866603,0.87,0.69,9.48,0.01,0.07,-0.04,DETECTED
,,,,,,,,,,,,,,,,,,,,,,,,,,,,,,,,,,,,,,,,,,,,,,,,,,,,,,,,,,,,,,,,,,,,,,,,,,,,,,,,,,,,,,,,,,,,,,,,,,,,,,,,,2025-04-24 13:39:26,Signal Acquired,15.462789,73.866603,1.6,1.08,9.33,-0.02,0.06,-0.03,NO
,,,,,,,,,,,,,,,,,,,,,,,,,,,,,,,,,,,,,,,,,,,,,,,,,,,,,,,,,,,,,,,,,,,,,,,,,,,,,,,,,,,,,,,,,,,,,,,,,,,,,,,,,2025-04-24 13:39:26,Signal Acquired,15.462622,73.866623,-0.47,1.38,10.66,-0.0,0.03,-0.02,NO
,,,,,,,,,,,,,,,,,,,,,,,,,,,,,,,,,,,,,,,,,,,,,,,,,,,,,,,,,,,,,,,,,,,,,,,,,,,,,,,,,,,,,,,,,,,,,,,,,,,,,,,,,2025-04-24 13:39:28,Signal Acquired,15.462622,73.866623,5.18,0.49,8.89,-0.05,0.04,-0.05,DETECTED
,,,,,,,,,,,,,,,,,,,,,,,,,,,,,,,,,,,,,,,,,,,,,,,,,,,,,,,,,,,,,,,,,,,,,,,,,,,,,,,,,,,,,,,,,,,,,,,,,,,,,,,,,2025-04-24 13:39:28,Signal Acquired,15.462453,73.866639,-1.71,0.44,10.09,-0.03,0.08,-0.06,DETECTED
,,,,,,,,,,,,,,,,,,,,,,,,,,,,,,,,,,,,,,,,,,,,,,,,,,,,,,,,,,,,,,,,,,,,,,,,,,,,,,,,,,,,,,,,,,,,,,,,,,,,,,,,,2025-04-24 13:39:28,Signal Acquired,15.462453,73.866639,1.99,0.13,10.24,-0.01,0.07,-0.01,DETECTED
,,,,,,,,,,,,,,,,,,,,,,,,,,,,,,,,,,,,,,,,,,,,,,,,,,,,,,,,,,,,,,,,,,,,,,,,,,,,,,,,,,,,,,,,,,,,,,,,,,,,,,,,,2025-04-24 13:39:30,Signal Acquired,15.462282,73.866649,3.26,0.7,8.08,-0.02,0.02,-0.04,DETECTED
,,,,,,,,,,,,,,,,,,,,,,,,,,,,,,,,,,,,,,,,,,,,,,,,,,,,,,,,,,,,,,,,,,,,,,,,,,,,,,,,,,,,,,,,,,,,,,,,,,,,,,,,,2025-04-24 13:39:30,Signal Acquired,15.462282,73.866649,1.41,-0.11,9.18,0.01,0.05,-0.05,DETECTED
,,,,,,,,,,,,,,,,,,,,,,,,,,,,,,,,,,,,,,,,,,,,,,,,,,,,,,,,,,,,,,,,,,,,,,,,,,,,,,,,,,,,,,,,,,,,,,,,,,,,,,,,,2025-04-24 13:39:30,Signal Acquired,15.462113,73.866654,3.4,0.35,8.83,-0.02,-0.05,-0.02,DETECTED
,,,,,,,,,,,,,,,,,,,,,,,,,,,,,,,,,,,,,,,,,,,,,,,,,,,,,,,,,,,,,,,,,,,,,,,,,,,,,,,,,,,,,,,,,,,,,,,,,,,,,,,,,2025-04-24 13:39:32,Signal Acquired,15.462113,73.866654,-2.33,0.93,9.17,-0.02,0.15,-0.04,NO
,,,,,,,,,,,,,,,,,,,,,,,,,,,,,,,,,,,,,,,,,,,,,,,,,,,,,,,,,,,,,,,,,,,,,,,,,,,,,,,,,,,,,,,,,,,,,,,,,,,,,,,,,2025-04-24 13:39:32,Signal Acquired,15.461945,73.866653,0.22,0.11,9.81,0.01,0.04,-0.02,NO
,,,,,,,,,,,,,,,,,,,,,,,,,,,,,,,,,,,,,,,,,,,,,,,,,,,,,,,,,,,,,,,,,,,,,,,,,,,,,,,,,,,,,,,,,,,,,,,,,,,,,,,,,2025-04-24 13:39:32,Signal Acquired,15.461945,73.866653,0.14,0.29,8.9,-0.03,0.02,-0.04,NO
,,,,,,,,,,,,,,,,,,,,,,,,,,,,,,,,,,,,,,,,,,,,,,,,,,,,,,,,,,,,,,,,,,,,,,,,,,,,,,,,,,,,,,,,,,,,,,,,,,,,,,,,,2025-04-24 13:39:35,Signal Acquired,15.461782,73.866646,-0.78,0.11,9.04,-0.02,-0.01,-0.03,NO
,,,,,,,,,,,,,,,,,,,,,,,,,,,,,,,,,,,,,,,,,,,,,,,,,,,,,,,,,,,,,,,,,,,,,,,,,,,,,,,,,,,,,,,,,,,,,,,,,,,,,,,,,2025-04-24 13:39:35,Signal Acquired,15.461782,73.866646,-0.07,0.2,8.7,-0.01,0.02,-0.04,NO
,,,,,,,,,,,,,,,,,,,,,,,,,,,,,,,,,,,,,,,,,,,,,,,,,,,,,,,,,,,,,,,,,,,,,,,,,,,,,,,,,,,,,,,,,,,,,,,,,,,,,,,,,2025-04-24 13:39:35,Signal Acquired,15.461623,73.866634,2.75,0.36,6.36,-0.11,0.03,-0.11,NO
,,,,,,,,,,,,,,,,,,,,,,,,,,,,,,,,,,,,,,,,,,,,,,,,,,,,,,,,,,,,,,,,,,,,,,,,,,,,,,,,,,,,,,,,,,,,,,,,,,,,,,,,,2025-04-24 13:39:37,Signal Acquired,15.461623,73.866634,-2.44,12.74,11.56,0.22,-0.36,0.03,DETECTED
,,,,,,,,,,,,,,,,,,,,,,,,,,,,,,,,,,,,,,,,,,,,,,,,,,,,,,,,,,,,,,,,,,,,,,,,,,,,,,,,,,,,,,,,,,,,,,,,,,,,,,,,,2025-04-24 13:39:37,Signal Acquired,15.461466,73.866615,0.86,0.11,9.23,-0.03,-0.0,-0.07,NO
,,,,,,,,,,,,,,,,,,,,,,,,,,,,,,,,,,,,,,,,,,,,,,,,,,,,,,,,,,,,,,,,,,,,,,,,,,,,,,,,,,,,,,,,,,,,,,,,,,,,,,,,,2025-04-24 13:39:37,Signal Acquired,15.461466,73.866615,1.04,-0.08,9.68,-0.01,0.02,-0.02,NO
,,,,,,,,,,,,,,,,,,,,,,,,,,,,,,,,,,,,,,,,,,,,,,,,,,,,,,,,,,,,,,,,,,,,,,,,,,,,,,,,,,,,,,,,,,,,,,,,,,,,,,,,,2025-04-24 13:39:39,Signal Acquired,15.46131,73.866595,-1.47,0.16,9.53,-0.03,0.05,-0.0,NO
,,,,,,,,,,,,,,,,,,,,,,,,,,,,,,,,,,,,,,,,,,,,,,,,,,,,,,,,,,,,,,,,,,,,,,,,,,,,,,,,,,,,,,,,,,,,,,,,,,,,,,,,,2025-04-24 13:39:39,Signal Acquired,15.46131,73.866595,-0.74,1.2,9.68,0.02,0.02,-0.01,DETECTED
,,,,,,,,,,,,,,,,,,,,,,,,,,,,,,,,,,,,,,,,,,,,,,,,,,,,,,,,,,,,,,,,,,,,,,,,,,,,,,,,,,,,,,,,,,,,,,,,,,,,,,,,,2025-04-24 13:39:39,Signal Acquired,15.461153,73.866572,-0.37,1.03,9.23,-0.02,0.03,0.0,DETECTED
,,,,,,,,,,,,,,,,,,,,,,,,,,,,,,,,,,,,,,,,,,,,,,,,,,,,,,,,,,,,,,,,,,,,,,,,,,,,,,,,,,,,,,,,,,,,,,,,,,,,,,,,,2025-04-24 13:39:41,Signal Acquired,15.461153,73.866572,2.25,0.07,8.84,-0.0,0.01,0.03,NO
,,,,,,,,,,,,,,,,,,,,,,,,,,,,,,,,,,,,,,,,,,,,,,,,,,,,,,,,,,,,,,,,,,,,,,,,,,,,,,,,,,,,,,,,,,,,,,,,,,,,,,,,,2025-04-24 13:39:41,Signal Acquired,15.460992,73.866549,1.67,1.84,6.28,0.11,0.11,-0.03,DETECTED
,,,,,,,,,,,,,,,,,,,,,,,,,,,,,,,,,,,,,,,,,,,,,,,,,,,,,,,,,,,,,,,,,,,,,,,,,,,,,,,,,,,,,,,,,,,,,,,,,,,,,,,,,2025-04-24 13:39:41,Signal Acquired,15.460992,73.866549,-0.48,2.28,10.53,0.07,-0.16,0.06,NO
,,,,,,,,,,,,,,,,,,,,,,,,,,,,,,,,,,,,,,,,,,,,,,,,,,,,,,,,,,,,,,,,,,,,,,,,,,,,,,,,,,,,,,,,,,,,,,,,,,,,,,,,,2025-04-24 13:39:44,Signal Acquired,15.460828,73.866527,1.81,0.19,9.19,-0.01,-0.05,0.01,NO
,,,,,,,,,,,,,,,,,,,,,,,,,,,,,,,,,,,,,,,,,,,,,,,,,,,,,,,,,,,,,,,,,,,,,,,,,,,,,,,,,,,,,,,,,,,,,,,,,,,,,,,,,2025-04-24 13:39:44,Signal Acquired,15.460828,73.866527,2.24,0.02,9.51,-0.04,-0.01,-0.03,NO
,,,,,,,,,,,,,,,,,,,,,,,,,,,,,,,,,,,,,,,,,,,,,,,,,,,,,,,,,,,,,,,,,,,,,,,,,,,,,,,,,,,,,,,,,,,,,,,,,,,,,,,,,2025-04-24 13:39:44,Signal Acquired,15.460663,73.866503,2.85,-0.16,9.65,0.05,-0.02,0.01,DETECTED
,,,,,,,,,,,,,,,,,,,,,,,,,,,,,,,,,,,,,,,,,,,,,,,,,,,,,,,,,,,,,,,,,,,,,,,,,,,,,,,,,,,,,,,,,,,,,,,,,,,,,,,,,2025-04-24 13:39:46,Signal Acquired,15.460663,73.866503,0.83,0.85,8.6,0.0,0.01,0.01,DETECTED
,,,,,,,,,,,,,,,,,,,,,,,,,,,,,,,,,,,,,,,,,,,,,,,,,,,,,,,,,,,,,,,,,,,,,,,,,,,,,,,,,,,,,,,,,,,,,,,,,,,,,,,,,2025-04-24 13:39:46,Signal Acquired,15.460497,73.866474,2.06,0.03,9.62,-0.01,-0.05,-0.0,DETECTED
,,,,,,,,,,,,,,,,,,,,,,,,,,,,,,,,,,,,,,,,,,,,,,,,,,,,,,,,,,,,,,,,,,,,,,,,,,,,,,,,,,,,,,,,,,,,,,,,,,,,,,,,,2025-04-24 13:39:46,Signal Acquired,15.460497,73.866474,0.74,0.66,9.29,0.03,-0.01,0.03,DETECTED
,,,,,,,,,,,,,,,,,,,,,,,,,,,,,,,,,,,,,,,,,,,,,,,,,,,,,,,,,,,,,,,,,,,,,,,,,,,,,,,,,,,,,,,,,,,,,,,,,,,,,,,,,2025-04-24 13:39:48,Signal Acquired,15.460328,73.866445,1.52,0.39,8.5,-0.02,-0.05,0.09,DETECTED
,,,,,,,,,,,,,,,,,,,,,,,,,,,,,,,,,,,,,,,,,,,,,,,,,,,,,,,,,,,,,,,,,,,,,,,,,,,,,,,,,,,,,,,,,,,,,,,,,,,,,,,,,2025-04-24 13:39:48,Signal Acquired,15.460328,73.866445,0.82,-1.01,8.88,-0.09,-0.06,0.04,DETECTED
,,,,,,,,,,,,,,,,,,,,,,,,,,,,,,,,,,,,,,,,,,,,,,,,,,,,,,,,,,,,,,,,,,,,,,,,,,,,,,,,,,,,,,,,,,,,,,,,,,,,,,,,,2025-04-24 13:39:48,Signal Acquired,15.460161,73.866421,1.87,-2.5,9.61,-0.05,0.02,0.01,NO
,,,,,,,,,,,,,,,,,,,,,,,,,,,,,,,,,,,,,,,,,,,,,,,,,,,,,,,,,,,,,,,,,,,,,,,,,,,,,,,,,,,,,,,,,,,,,,,,,,,,,,,,,2025-04-24 13:39:50,Signal Acquired,15.460161,73.866421,-0.83,-1.01,9.45,0.01,0.06,0.03,NO
,,,,,,,,,,,,,,,,,,,,,,,,,,,,,,,,,,,,,,,,,,,,,,,,,,,,,,,,,,,,,,,,,,,,,,,,,,,,,,,,,,,,,,,,,,,,,,,,,,,,,,,,,2025-04-24 13:39:50,Signal Acquired,15.460008,73.8664,-0.15,-2.41,9.98,0.06,0.01,0.03,DETECTED
,,,,,,,,,,,,,,,,,,,,,,,,,,,,,,,,,,,,,,,,,,,,,,,,,,,,,,,,,,,,,,,,,,,,,,,,,,,,,,,,,,,,,,,,,,,,,,,,,,,,,,,,,2025-04-24 13:39:50,Signal Acquired,15.460008,73.8664,-2.04,-1.81,9.92,0.05,0.14,0.01,DETECTED
,,,,,,,,,,,,,,,,,,,,,,,,,,,,,,,,,,,,,,,,,,,,,,,,,,,,,,,,,,,,,,,,,,,,,,,,,,,,,,,,,,,,,,,,,,,,,,,,,,,,,,,,,2025-04-24 13:39:53,Signal Acquired,15.459874,73.866383,1.88,-2.86,9.01,-0.05,-0.06,0.01,DETECTED
,,,,,,,,,,,,,,,,,,,,,,,,,,,,,,,,,,,,,,,,,,,,,,,,,,,,,,,,,,,,,,,,,,,,,,,,,,,,,,,,,,,,,,,,,,,,,,,,,,,,,,,,,2025-04-24 13:39:53,Signal Acquired,15.459874,73.866383,2.59,-2.1,9.75,0.01,-0.03,0.01,NO
,,,,,,,,,,,,,,,,,,,,,,,,,,,,,,,,,,,,,,,,,,,,,,,,,,,,,,,,,,,,,,,,,,,,,,,,,,,,,,,,,,,,,,,,,,,,,,,,,,,,,,,,,2025-04-24 13:39:53,Signal Acquired,15.459759,73.866372,4.02,-1.59,9.76,0.01,-0.09,0.01,DETECTED
,,,,,,,,,,,,,,,,,,,,,,,,,,,,,,,,,,,,,,,,,,,,,,,,,,,,,,,,,,,,,,,,,,,,,,,,,,,,,,,,,,,,,,,,,,,,,,,,,,,,,,,,,2025-04-24 13:39:55,Signal Acquired,15.459759,73.866372,-0.11,-0.88,9.7,-0.01,0.01,0.03,DETECTED
,,,,,,,,,,,,,,,,,,,,,,,,,,,,,,,,,,,,,,,,,,,,,,,,,,,,,,,,,,,,,,,,,,,,,,,,,,,,,,,,,,,,,,,,,,,,,,,,,,,,,,,,,2025-04-24 13:39:55,Signal Acquired,15.459654,73.866362,0.24,-0.68,9.03,0.0,0.13,-0.01,DETECTED
,,,,,,,,,,,,,,,,,,,,,,,,,,,,,,,,,,,,,,,,,,,,,,,,,,,,,,,,,,,,,,,,,,,,,,,,,,,,,,,,,,,,,,,,,,,,,,,,,,,,,,,,,2025-04-24 13:39:55,Signal Acquired,15.459654,73.866362,2.96,0.38,9.45,0.01,-0.05,0.03,NO
,,,,,,,,,,,,,,,,,,,,,,,,,,,,,,,,,,,,,,,,,,,,,,,,,,,,,,,,,,,,,,,,,,,,,,,,,,,,,,,,,,,,,,,,,,,,,,,,,,,,,,,,,2025-04-24 13:39:57,Signal Acquired,15.459554,73.866354,2.81,0.33,9.86,0.03,-0.03,0.03,NO
,,,,,,,,,,,,,,,,,,,,,,,,,,,,,,,,,,,,,,,,,,,,,,,,,,,,,,,,,,,,,,,,,,,,,,,,,,,,,,,,,,,,,,,,,,,,,,,,,,,,,,,,,2025-04-24 13:39:57,Signal Acquired,15.459554,73.866354,-0.76,1.06,9.0,-0.03,0.03,0.0,NO
,,,,,,,,,,,,,,,,,,,,,,,,,,,,,,,,,,,,,,,,,,,,,,,,,,,,,,,,,,,,,,,,,,,,,,,,,,,,,,,,,,,,,,,,,,,,,,,,,,,,,,,,,2025-04-24 13:39:57,Signal Acquired,15.459457,73.866348,-1.49,0.59,9.12,0.04,0.1,0.02,NO
,,,,,,,,,,,,,,,,,,,,,,,,,,,,,,,,,,,,,,,,,,,,,,,,,,,,,,,,,,,,,,,,,,,,,,,,,,,,,,,,,,,,,,,,,,,,,,,,,,,,,,,,,2025-04-24 13:39:59,Signal Acquired,15.459457,73.866348,-1.15,0.05,9.91,0.03,0.0,0.04,NO
,,,,,,,,,,,,,,,,,,,,,,,,,,,,,,,,,,,,,,,,,,,,,,,,,,,,,,,,,,,,,,,,,,,,,,,,,,,,,,,,,,,,,,,,,,,,,,,,,,,,,,,,,2025-04-24 13:39:59,Signal Acquired,15.45936,73.866345,0.56,-0.06,9.26,-0.0,0.06,0.02,NO
,,,,,,,,,,,,,,,,,,,,,,,,,,,,,,,,,,,,,,,,,,,,,,,,,,,,,,,,,,,,,,,,,,,,,,,,,,,,,,,,,,,,,,,,,,,,,,,,,,,,,,,,,2025-04-24 13:39:59,Signal Acquired,15.45936,73.866345,3.06,0.17,9.66,-0.06,-0.05,0.02,DETECTED
,,,,,,,,,,,,,,,,,,,,,,,,,,,,,,,,,,,,,,,,,,,,,,,,,,,,,,,,,,,,,,,,,,,,,,,,,,,,,,,,,,,,,,,,,,,,,,,,,,,,,,,,,2025-04-24 13:40:02,Signal Acquired,15.459264,73.866342,-0.62,0.33,9.22,0.02,-0.05,-0.02,DETECTED
,,,,,,,,,,,,,,,,,,,,,,,,,,,,,,,,,,,,,,,,,,,,,,,,,,,,,,,,,,,,,,,,,,,,,,,,,,,,,,,,,,,,,,,,,,,,,,,,,,,,,,,,,2025-04-24 13:40:02,Signal Acquired,15.459264,73.866342,0.71,-0.05,9.43,-0.01,0.05,0.01,NO
,,,,,,,,,,,,,,,,,,,,,,,,,,,,,,,,,,,,,,,,,,,,,,,,,,,,,,,,,,,,,,,,,,,,,,,,,,,,,,,,,,,,,,,,,,,,,,,,,,,,,,,,,2025-04-24 13:40:02,Signal Acquired,15.459167,73.86634,1.1,1.39,9.43,-0.02,0.03,-0.02,DETECTED
,,,,,,,,,,,,,,,,,,,,,,,,,,,,,,,,,,,,,,,,,,,,,,,,,,,,,,,,,,,,,,,,,,,,,,,,,,,,,,,,,,,,,,,,,,,,,,,,,,,,,,,,,2025-04-24 13:40:04,Signal Acquired,15.459167,73.86634,0.55,2.26,9.34,-0.0,0.06,-0.03,NO
,,,,,,,,,,,,,,,,,,,,,,,,,,,,,,,,,,,,,,,,,,,,,,,,,,,,,,,,,,,,,,,,,,,,,,,,,,,,,,,,,,,,,,,,,,,,,,,,,,,,,,,,,2025-04-24 13:40:04,Signal Acquired,15.459066,73.866339,2.02,0.28,9.36,-0.01,-0.01,0.02,NO
,,,,,,,,,,,,,,,,,,,,,,,,,,,,,,,,,,,,,,,,,,,,,,,,,,,,,,,,,,,,,,,,,,,,,,,,,,,,,,,,,,,,,,,,,,,,,,,,,,,,,,,,,2025-04-24 13:40:04,Signal Acquired,15.459066,73.866339,1.65,0.49,9.24,-0.04,0.04,0.01,DETECTED
,,,,,,,,,,,,,,,,,,,,,,,,,,,,,,,,,,,,,,,,,,,,,,,,,,,,,,,,,,,,,,,,,,,,,,,,,,,,,,,,,,,,,,,,,,,,,,,,,,,,,,,,,2025-04-24 13:40:06,Signal Acquired,15.45896,73.866338,1.89,0.39,9.1,-0.04,0.09,-0.02,NO
,,,,,,,,,,,,,,,,,,,,,,,,,,,,,,,,,,,,,,,,,,,,,,,,,,,,,,,,,,,,,,,,,,,,,,,,,,,,,,,,,,,,,,,,,,,,,,,,,,,,,,,,,2025-04-24 13:40:06,Signal Acquired,15.45896,73.866338,2.62,1.5,9.32,0.01,0.04,0.02,DETECTED
,,,,,,,,,,,,,,,,,,,,,,,,,,,,,,,,,,,,,,,,,,,,,,,,,,,,,,,,,,,,,,,,,,,,,,,,,,,,,,,,,,,,,,,,,,,,,,,,,,,,,,,,,2025-04-24 13:40:06,Signal Acquired,15.458845,73.866335,1.49,1.36,9.4,-0.01,-0.03,-0.0,DETECTED
,,,,,,,,,,,,,,,,,,,,,,,,,,,,,,,,,,,,,,,,,,,,,,,,,,,,,,,,,,,,,,,,,,,,,,,,,,,,,,,,,,,,,,,,,,,,,,,,,,,,,,,,,2025-04-24 13:40:08,Signal Acquired,15.458845,73.866335,1.5,1.65,9.14,0.02,0.02,0.01,NO
,,,,,,,,,,,,,,,,,,,,,,,,,,,,,,,,,,,,,,,,,,,,,,,,,,,,,,,,,,,,,,,,,,,,,,,,,,,,,,,,,,,,,,,,,,,,,,,,,,,,,,,,,2025-04-24 13:40:08,Signal Acquired,15.458724,73.866334,1.51,1.97,9.36,0.04,-0.03,0.02,DETECTED
,,,,,,,,,,,,,,,,,,,,,,,,,,,,,,,,,,,,,,,,,,,,,,,,,,,,,,,,,,,,,,,,,,,,,,,,,,,,,,,,,,,,,,,,,,,,,,,,,,,,,,,,,2025-04-24 13:40:08,Signal Acquired,15.458724,73.866334,4.06,1.71,8.75,-0.03,-0.06,0.06,DETECTED
,,,,,,,,,,,,,,,,,,,,,,,,,,,,,,,,,,,,,,,,,,,,,,,,,,,,,,,,,,,,,,,,,,,,,,,,,,,,,,,,,,,,,,,,,,,,,,,,,,,,,,,,,2025-04-24 13:40:11,Signal Acquired,15.458594,73.866329,1.46,1.46,9.21,-0.03,-0.02,-0.0,NO
,,,,,,,,,,,,,,,,,,,,,,,,,,,,,,,,,,,,,,,,,,,,,,,,,,,,,,,,,,,,,,,,,,,,,,,,,,,,,,,,,,,,,,,,,,,,,,,,,,,,,,,,,2025-04-24 13:40:11,Signal Acquired,15.458594,73.866329,0.86,1.56,9.14,-0.03,0.13,-0.02,NO
,,,,,,,,,,,,,,,,,,,,,,,,,,,,,,,,,,,,,,,,,,,,,,,,,,,,,,,,,,,,,,,,,,,,,,,,,,,,,,,,,,,,,,,,,,,,,,,,,,,,,,,,,2025-04-24 13:40:11,Signal Acquired,15.458454,73.866328,2.29,1.95,9.54,-0.01,-0.02,0.01,DETECTED
,,,,,,,,,,,,,,,,,,,,,,,,,,,,,,,,,,,,,,,,,,,,,,,,,,,,,,,,,,,,,,,,,,,,,,,,,,,,,,,,,,,,,,,,,,,,,,,,,,,,,,,,,2025-04-24 13:40:13,Signal Acquired,15.458454,73.866328,0.67,0.48,9.77,-0.02,0.02,-0.0,DETECTED
,,,,,,,,,,,,,,,,,,,,,,,,,,,,,,,,,,,,,,,,,,,,,,,,,,,,,,,,,,,,,,,,,,,,,,,,,,,,,,,,,,,,,,,,,,,,,,,,,,,,,,,,,2025-04-24 13:40:13,Signal Acquired,15.458305,73.866326,0.19,1.98,9.37,0.01,0.11,-0.01,DETECTED
,,,,,,,,,,,,,,,,,,,,,,,,,,,,,,,,,,,,,,,,,,,,,,,,,,,,,,,,,,,,,,,,,,,,,,,,,,,,,,,,,,,,,,,,,,,,,,,,,,,,,,,,,2025-04-24 13:40:13,Signal Acquired,15.458305,73.866326,2.95,1.78,8.52,0.03,0.06,-0.01,NO
,,,,,,,,,,,,,,,,,,,,,,,,,,,,,,,,,,,,,,,,,,,,,,,,,,,,,,,,,,,,,,,,,,,,,,,,,,,,,,,,,,,,,,,,,,,,,,,,,,,,,,,,,2025-04-24 13:40:15,Signal Acquired,15.45815,73.86632,-1.35,1.53,9.97,0.0,-0.07,0.04,DETECTED
,,,,,,,,,,,,,,,,,,,,,,,,,,,,,,,,,,,,,,,,,,,,,,,,,,,,,,,,,,,,,,,,,,,,,,,,,,,,,,,,,,,,,,,,,,,,,,,,,,,,,,,,,2025-04-24 13:40:15,Signal Acquired,15.45815,73.86632,1.76,0.42,8.22,0.21,0.03,0.1,NO
,,,,,,,,,,,,,,,,,,,,,,,,,,,,,,,,,,,,,,,,,,,,,,,,,,,,,,,,,,,,,,,,,,,,,,,,,,,,,,,,,,,,,,,,,,,,,,,,,,,,,,,,,2025-04-24 13:40:15,Signal Acquired,15.457989,73.866319,-0.72,0.68,9.27,-0.01,0.03,-0.07,DETECTED
,,,,,,,,,,,,,,,,,,,,,,,,,,,,,,,,,,,,,,,,,,,,,,,,,,,,,,,,,,,,,,,,,,,,,,,,,,,,,,,,,,,,,,,,,,,,,,,,,,,,,,,,,2025-04-24 13:40:17,Signal Acquired,15.457989,73.866319,0.37,-0.0,9.95,0.01,0.01,-0.03,NO
,,,,,,,,,,,,,,,,,,,,,,,,,,,,,,,,,,,,,,,,,,,,,,,,,,,,,,,,,,,,,,,,,,,,,,,,,,,,,,,,,,,,,,,,,,,,,,,,,,,,,,,,,2025-04-24 13:40:17,Signal Acquired,15.457828,73.866314,-2.21,2.1,8.54,-0.06,0.02,0.02,DETECTED
,,,,,,,,,,,,,,,,,,,,,,,,,,,,,,,,,,,,,,,,,,,,,,,,,,,,,,,,,,,,,,,,,,,,,,,,,,,,,,,,,,,,,,,,,,,,,,,,,,,,,,,,,2025-04-24 13:40:17,Signal Acquired,15.457828,73.866314,0.18,0.41,10.22,-0.03,0.02,-0.04,DETECTED
,,,,,,,,,,,,,,,,,,,,,,,,,,,,,,,,,,,,,,,,,,,,,,,,,,,,,,,,,,,,,,,,,,,,,,,,,,,,,,,,,,,,,,,,,,,,,,,,,,,,,,,,,2025-04-24 13:40:19,Signal Acquired,15.457663,73.866304,2.81,2.08,8.83,-0.01,0.06,-0.03,DETECTED
,,,,,,,,,,,,,,,,,,,,,,,,,,,,,,,,,,,,,,,,,,,,,,,,,,,,,,,,,,,,,,,,,,,,,,,,,,,,,,,,,,,,,,,,,,,,,,,,,,,,,,,,,2025-04-24 13:40:19,Signal Acquired,15.457663,73.866304,-2.37,1.95,9.7,-0.01,0.05,-0.04,DETECTED
,,,,,,,,,,,,,,,,,,,,,,,,,,,,,,,,,,,,,,,,,,,,,,,,,,,,,,,,,,,,,,,,,,,,,,,,,,,,,,,,,,,,,,,,,,,,,,,,,,,,,,,,,2025-04-24 13:40:19,Signal Acquired,15.457493,73.866291,-2.69,1.22,9.12,-0.03,0.04,0.01,DETECTED
,,,,,,,,,,,,,,,,,,,,,,,,,,,,,,,,,,,,,,,,,,,,,,,,,,,,,,,,,,,,,,,,,,,,,,,,,,,,,,,,,,,,,,,,,,,,,,,,,,,,,,,,,2025-04-24 13:40:22,Signal Acquired,15.457493,73.866291,-0.62,1.33,9.39,-0.04,-0.05,0.03,NO
,,,,,,,,,,,,,,,,,,,,,,,,,,,,,,,,,,,,,,,,,,,,,,,,,,,,,,,,,,,,,,,,,,,,,,,,,,,,,,,,,,,,,,,,,,,,,,,,,,,,,,,,,2025-04-24 13:40:22,Signal Acquired,15.457318,73.866275,1.88,1.6,9.01,-0.01,-0.02,-0.01,NO
,,,,,,,,,,,,,,,,,,,,,,,,,,,,,,,,,,,,,,,,,,,,,,,,,,,,,,,,,,,,,,,,,,,,,,,,,,,,,,,,,,,,,,,,,,,,,,,,,,,,,,,,,2025-04-24 13:40:22,Signal Acquired,15.457318,73.866275,4.25,1.87,8.77,-0.02,0.07,-0.03,DETECTED
,,,,,,,,,,,,,,,,,,,,,,,,,,,,,,,,,,,,,,,,,,,,,,,,,,,,,,,,,,,,,,,,,,,,,,,,,,,,,,,,,,,,,,,,,,,,,,,,,,,,,,,,,2025-04-24 13:40:24,Signal Acquired,15.457138,73.866252,0.98,-0.59,9.32,-0.04,-0.01,0.0,NO
,,,,,,,,,,,,,,,,,,,,,,,,,,,,,,,,,,,,,,,,,,,,,,,,,,,,,,,,,,,,,,,,,,,,,,,,,,,,,,,,,,,,,,,,,,,,,,,,,,,,,,,,,2025-04-24 13:40:24,Signal Acquired,15.457138,73.866252,2.56,-0.01,9.57,0.03,0.02,-0.04,NO
,,,,,,,,,,,,,,,,,,,,,,,,,,,,,,,,,,,,,,,,,,,,,,,,,,,,,,,,,,,,,,,,,,,,,,,,,,,,,,,,,,,,,,,,,,,,,,,,,,,,,,,,,2025-04-24 13:40:24,Signal Acquired,15.456956,73.866226,3.02,1.95,8.8,0.16,0.04,-0.27,DETECTED
,,,,,,,,,,,,,,,,,,,,,,,,,,,,,,,,,,,,,,,,,,,,,,,,,,,,,,,,,,,,,,,,,,,,,,,,,,,,,,,,,,,,,,,,,,,,,,,,,,,,,,,,,2025-04-24 13:40:26,Signal Acquired,15.456956,73.866226,0.74,0.44,8.25,-0.06,-0.03,-0.01,NO
,,,,,,,,,,,,,,,,,,,,,,,,,,,,,,,,,,,,,,,,,,,,,,,,,,,,,,,,,,,,,,,,,,,,,,,,,,,,,,,,,,,,,,,,,,,,,,,,,,,,,,,,,2025-04-24 13:40:26,Signal Acquired,15.456773,73.866192,0.97,0.4,9.15,-0.06,0.03,-0.04,DETECTED
,,,,,,,,,,,,,,,,,,,,,,,,,,,,,,,,,,,,,,,,,,,,,,,,,,,,,,,,,,,,,,,,,,,,,,,,,,,,,,,,,,,,,,,,,,,,,,,,,,,,,,,,,2025-04-24 13:40:26,Signal Acquired,15.456773,73.866192,0.81,0.04,9.36,-0.05,0.13,-0.02,NO
,,,,,,,,,,,,,,,,,,,,,,,,,,,,,,,,,,,,,,,,,,,,,,,,,,,,,,,,,,,,,,,,,,,,,,,,,,,,,,,,,,,,,,,,,,,,,,,,,,,,,,,,,2025-04-24 13:40:28,Signal Acquired,15.456588,73.866149,-0.95,0.83,9.33,-0.02,0.1,-0.01,NO
,,,,,,,,,,,,,,,,,,,,,,,,,,,,,,,,,,,,,,,,,,,,,,,,,,,,,,,,,,,,,,,,,,,,,,,,,,,,,,,,,,,,,,,,,,,,,,,,,,,,,,,,,2025-04-24 13:40:28,Signal Acquired,15.456588,73.866149,1.76,0.67,10.01,0.0,-0.08,-0.06,DETECTED
,,,,,,,,,,,,,,,,,,,,,,,,,,,,,,,,,,,,,,,,,,,,,,,,,,,,,,,,,,,,,,,,,,,,,,,,,,,,,,,,,,,,,,,,,,,,,,,,,,,,,,,,,2025-04-24 13:40:28,Signal Acquired,15.456404,73.866102,2.95,1.25,9.62,0.0,0.03,-0.03,DETECTED
,,,,,,,,,,,,,,,,,,,,,,,,,,,,,,,,,,,,,,,,,,,,,,,,,,,,,,,,,,,,,,,,,,,,,,,,,,,,,,,,,,,,,,,,,,,,,,,,,,,,,,,,,2025-04-24 13:40:31,Signal Acquired,15.456404,73.866102,1.6,0.95,9.65,0.05,0.03,-0.02,NO
,,,,,,,,,,,,,,,,,,,,,,,,,,,,,,,,,,,,,,,,,,,,,,,,,,,,,,,,,,,,,,,,,,,,,,,,,,,,,,,,,,,,,,,,,,,,,,,,,,,,,,,,,2025-04-24 13:40:31,Signal Acquired,15.456217,73.866031,-0.86,0.72,9.0,0.02,0.05,-0.04,DETECTED
,,,,,,,,,,,,,,,,,,,,,,,,,,,,,,,,,,,,,,,,,,,,,,,,,,,,,,,,,,,,,,,,,,,,,,,,,,,,,,,,,,,,,,,,,,,,,,,,,,,,,,,,,2025-04-24 13:40:31,Signal Acquired,15.456217,73.866031,2.56,0.52,8.74,0.05,-0.08,0.0,DETECTED
,,,,,,,,,,,,,,,,,,,,,,,,,,,,,,,,,,,,,,,,,,,,,,,,,,,,,,,,,,,,,,,,,,,,,,,,,,,,,,,,,,,,,,,,,,,,,,,,,,,,,,,,,2025-04-24 13:40:33,Signal Acquired,15.456037,73.865974,2.64,0.45,8.94,-0.05,0.03,-0.04,DETECTED
,,,,,,,,,,,,,,,,,,,,,,,,,,,,,,,,,,,,,,,,,,,,,,,,,,,,,,,,,,,,,,,,,,,,,,,,,,,,,,,,,,,,,,,,,,,,,,,,,,,,,,,,,2025-04-24 13:40:33,Signal Acquired,15.456037,73.865974,-0.56,0.38,9.84,-0.04,-0.02,-0.0,NO
,,,,,,,,,,,,,,,,,,,,,,,,,,,,,,,,,,,,,,,,,,,,,,,,,,,,,,,,,,,,,,,,,,,,,,,,,,,,,,,,,,,,,,,,,,,,,,,,,,,,,,,,,2025-04-24 13:40:33,Signal Acquired,15.455861,73.865916,0.29,0.41,9.79,0.01,0.05,-0.02,DETECTED
,,,,,,,,,,,,,,,,,,,,,,,,,,,,,,,,,,,,,,,,,,,,,,,,,,,,,,,,,,,,,,,,,,,,,,,,,,,,,,,,,,,,,,,,,,,,,,,,,,,,,,,,,2025-04-24 13:40:35,Signal Acquired,15.455861,73.865916,0.91,0.17,8.96,-0.05,0.07,-0.04,NO
,,,,,,,,,,,,,,,,,,,,,,,,,,,,,,,,,,,,,,,,,,,,,,,,,,,,,,,,,,,,,,,,,,,,,,,,,,,,,,,,,,,,,,,,,,,,,,,,,,,,,,,,,2025-04-24 13:40:35,Signal Acquired,15.455688,73.865855,1.77,0.21,8.81,0.03,0.02,-0.01,NO
,,,,,,,,,,,,,,,,,,,,,,,,,,,,,,,,,,,,,,,,,,,,,,,,,,,,,,,,,,,,,,,,,,,,,,,,,,,,,,,,,,,,,,,,,,,,,,,,,,,,,,,,,2025-04-24 13:40:35,Signal Acquired,15.455688,73.865855,-0.16,0.8,9.69,-0.01,0.02,-0.02,NO
,,,,,,,,,,,,,,,,,,,,,,,,,,,,,,,,,,,,,,,,,,,,,,,,,,,,,,,,,,,,,,,,,,,,,,,,,,,,,,,,,,,,,,,,,,,,,,,,,,,,,,,,,2025-04-24 13:40:37,Signal Acquired,15.455519,73.865792,1.11,0.14,8.47,-0.04,0.09,-0.02,NO
,,,,,,,,,,,,,,,,,,,,,,,,,,,,,,,,,,,,,,,,,,,,,,,,,,,,,,,,,,,,,,,,,,,,,,,,,,,,,,,,,,,,,,,,,,,,,,,,,,,,,,,,,2025-04-24 13:40:37,Signal Acquired,15.455519,73.865792,-0.11,1.12,9.35,-0.03,-0.06,-0.0,NO
,,,,,,,,,,,,,,,,,,,,,,,,,,,,,,,,,,,,,,,,,,,,,,,,,,,,,,,,,,,,,,,,,,,,,,,,,,,,,,,,,,,,,,,,,,,,,,,,,,,,,,,,,2025-04-24 13:40:37,Signal Acquired,15.455352,73.865722,2.48,-0.04,8.96,-0.07,0.03,0.01,DETECTED
,,,,,,,,,,,,,,,,,,,,,,,,,,,,,,,,,,,,,,,,,,,,,,,,,,,,,,,,,,,,,,,,,,,,,,,,,,,,,,,,,,,,,,,,,,,,,,,,,,,,,,,,,2025-04-24 13:40:40,Signal Acquired,15.455352,73.865722,0.65,0.41,8.95,-0.05,-0.0,-0.03,NO
,,,,,,,,,,,,,,,,,,,,,,,,,,,,,,,,,,,,,,,,,,,,,,,,,,,,,,,,,,,,,,,,,,,,,,,,,,,,,,,,,,,,,,,,,,,,,,,,,,,,,,,,,2025-04-24 13:40:40,Signal Acquired,15.455188,73.865652,-1.26,0.91,8.55,-0.06,0.01,-0.06,DETECTED
,,,,,,,,,,,,,,,,,,,,,,,,,,,,,,,,,,,,,,,,,,,,,,,,,,,,,,,,,,,,,,,,,,,,,,,,,,,,,,,,,,,,,,,,,,,,,,,,,,,,,,,,,2025-04-24 13:40:40,Signal Acquired,15.455188,73.865652,0.79,-0.93,9.54,-0.09,0.01,0.08,NO
,,,,,,,,,,,,,,,,,,,,,,,,,,,,,,,,,,,,,,,,,,,,,,,,,,,,,,,,,,,,,,,,,,,,,,,,,,,,,,,,,,,,,,,,,,,,,,,,,,,,,,,,,2025-04-24 13:40:42,Signal Acquired,15.455031,73.865586,0.89,-0.77,10.39,0.14,-0.03,0.29,DETECTED
,,,,,,,,,,,,,,,,,,,,,,,,,,,,,,,,,,,,,,,,,,,,,,,,,,,,,,,,,,,,,,,,,,,,,,,,,,,,,,,,,,,,,,,,,,,,,,,,,,,,,,,,,2025-04-24 13:40:42,Signal Acquired,15.455031,73.865586,3.41,-2.51,8.47,-0.01,-0.04,0.01,NO
,,,,,,,,,,,,,,,,,,,,,,,,,,,,,,,,,,,,,,,,,,,,,,,,,,,,,,,,,,,,,,,,,,,,,,,,,,,,,,,,,,,,,,,,,,,,,,,,,,,,,,,,,2025-04-24 13:40:42,Signal Acquired,15.454888,73.865525,5.98,-2.8,9.03,-0.11,0.11,0.06,DETECTED
,,,,,,,,,,,,,,,,,,,,,,,,,,,,,,,,,,,,,,,,,,,,,,,,,,,,,,,,,,,,,,,,,,,,,,,,,,,,,,,,,,,,,,,,,,,,,,,,,,,,,,,,,2025-04-24 13:40:44,Signal Acquired,15.454888,73.865525,-0.17,-0.78,10.81,0.02,-0.08,-0.03,NO
,,,,,,,,,,,,,,,,,,,,,,,,,,,,,,,,,,,,,,,,,,,,,,,,,,,,,,,,,,,,,,,,,,,,,,,,,,,,,,,,,,,,,,,,,,,,,,,,,,,,,,,,,2025-04-24 13:40:44,Signal Acquired,15.454764,73.86547,-2.7,-0.4,9.5,-0.03,0.04,-0.04,DETECTED
,,,,,,,,,,,,,,,,,,,,,,,,,,,,,,,,,,,,,,,,,,,,,,,,,,,,,,,,,,,,,,,,,,,,,,,,,,,,,,,,,,,,,,,,,,,,,,,,,,,,,,,,,2025-04-24 13:40:44,Signal Acquired,15.454764,73.86547,-4.47,0.93,8.59,-0.02,0.07,-0.28,DETECTED
,,,,,,,,,,,,,,,,,,,,,,,,,,,,,,,,,,,,,,,,,,,,,,,,,,,,,,,,,,,,,,,,,,,,,,,,,,,,,,,,,,,,,,,,,,,,,,,,,,,,,,,,,2025-04-24 13:40:46,Signal Acquired,15.454657,73.865423,1.45,5.59,10.19,0.47,-0.55,0.21,DETECTED
,,,,,,,,,,,,,,,,,,,,,,,,,,,,,,,,,,,,,,,,,,,,,,,,,,,,,,,,,,,,,,,,,,,,,,,,,,,,,,,,,,,,,,,,,,,,,,,,,,,,,,,,,2025-04-24 13:40:46,Signal Acquired,15.454657,73.865423,-1.62,-0.37,9.61,-0.04,-0.02,-0.03,DETECTED
,,,,,,,,,,,,,,,,,,,,,,,,,,,,,,,,,,,,,,,,,,,,,,,,,,,,,,,,,,,,,,,,,,,,,,,,,,,,,,,,,,,,,,,,,,,,,,,,,,,,,,,,,2025-04-24 13:40:46,Signal Acquired,15.454565,73.865377,3.21,-1.29,8.97,-0.02,0.05,-0.06,NO
,,,,,,,,,,,,,,,,,,,,,,,,,,,,,,,,,,,,,,,,,,,,,,,,,,,,,,,,,,,,,,,,,,,,,,,,,,,,,,,,,,,,,,,,,,,,,,,,,,,,,,,,,2025-04-24 13:40:49,Signal Acquired,15.454565,73.865377,3.41,-2.07,9.36,-0.05,-0.02,-0.03,DETECTED
,,,,,,,,,,,,,,,,,,,,,,,,,,,,,,,,,,,,,,,,,,,,,,,,,,,,,,,,,,,,,,,,,,,,,,,,,,,,,,,,,,,,,,,,,,,,,,,,,,,,,,,,,2025-04-24 13:40:49,Signal Acquired,15.454487,73.865334,0.73,-1.53,9.28,0.01,0.06,-0.01,DETECTED
,,,,,,,,,,,,,,,,,,,,,,,,,,,,,,,,,,,,,,,,,,,,,,,,,,,,,,,,,,,,,,,,,,,,,,,,,,,,,,,,,,,,,,,,,,,,,,,,,,,,,,,,,2025-04-24 13:40:49,Signal Acquired,15.454487,73.865334,2.39,-1.96,10.02,0.01,-0.05,-0.05,NO
,,,,,,,,,,,,,,,,,,,,,,,,,,,,,,,,,,,,,,,,,,,,,,,,,,,,,,,,,,,,,,,,,,,,,,,,,,,,,,,,,,,,,,,,,,,,,,,,,,,,,,,,,2025-04-24 13:40:51,Signal Acquired,15.454425,73.865298,-1.11,-1.38,9.99,-0.05,0.09,-0.04,DETECTED
,,,,,,,,,,,,,,,,,,,,,,,,,,,,,,,,,,,,,,,,,,,,,,,,,,,,,,,,,,,,,,,,,,,,,,,,,,,,,,,,,,,,,,,,,,,,,,,,,,,,,,,,,2025-04-24 13:40:51,Signal Acquired,15.454425,73.865298,2.45,-1.71,9.18,-0.06,-0.04,-0.02,DETECTED
,,,,,,,,,,,,,,,,,,,,,,,,,,,,,,,,,,,,,,,,,,,,,,,,,,,,,,,,,,,,,,,,,,,,,,,,,,,,,,,,,,,,,,,,,,,,,,,,,,,,,,,,,2025-04-24 13:40:51,Signal Acquired,15.454378,73.865265,-0.36,-1.12,9.53,0.01,-0.02,-0.06,DETECTED
,,,,,,,,,,,,,,,,,,,,,,,,,,,,,,,,,,,,,,,,,,,,,,,,,,,,,,,,,,,,,,,,,,,,,,,,,,,,,,,,,,,,,,,,,,,,,,,,,,,,,,,,,2025-04-24 13:40:53,Signal Acquired,15.454378,73.865265,2.26,-1.01,8.86,-0.02,-0.08,-0.03,NO
,,,,,,,,,,,,,,,,,,,,,,,,,,,,,,,,,,,,,,,,,,,,,,,,,,,,,,,,,,,,,,,,,,,,,,,,,,,,,,,,,,,,,,,,,,,,,,,,,,,,,,,,,2025-04-24 13:40:53,Signal Acquired,15.454343,73.865236,0.38,0.01,9.49,-0.04,0.04,-0.04,NO
,,,,,,,,,,,,,,,,,,,,,,,,,,,,,,,,,,,,,,,,,,,,,,,,,,,,,,,,,,,,,,,,,,,,,,,,,,,,,,,,,,,,,,,,,,,,,,,,,,,,,,,,,2025-04-24 13:40:53,Signal Acquired,15.454343,73.865236,1.83,-0.33,9.23,0.01,-0.04,-0.01,DETECTED
,,,,,,,,,,,,,,,,,,,,,,,,,,,,,,,,,,,,,,,,,,,,,,,,,,,,,,,,,,,,,,,,,,,,,,,,,,,,,,,,,,,,,,,,,,,,,,,,,,,,,,,,,2025-04-24 13:40:55,Signal Acquired,15.454317,73.865215,0.21,-0.33,9.38,0.01,0.03,-0.04,NO
,,,,,,,,,,,,,,,,,,,,,,,,,,,,,,,,,,,,,,,,,,,,,,,,,,,,,,,,,,,,,,,,,,,,,,,,,,,,,,,,,,,,,,,,,,,,,,,,,,,,,,,,,2025-04-24 13:40:55,Signal Acquired,15.454317,73.865215,0.92,0.98,9.05,-0.02,0.09,-0.07,NO
,,,,,,,,,,,,,,,,,,,,,,,,,,,,,,,,,,,,,,,,,,,,,,,,,,,,,,,,,,,,,,,,,,,,,,,,,,,,,,,,,,,,,,,,,,,,,,,,,,,,,,,,,2025-04-24 13:40:55,Signal Acquired,15.454296,73.865198,0.93,1.33,9.18,0.0,0.03,-0.02,DETECTED
,,,,,,,,,,,,,,,,,,,,,,,,,,,,,,,,,,,,,,,,,,,,,,,,,,,,,,,,,,,,,,,,,,,,,,,,,,,,,,,,,,,,,,,,,,,,,,,,,,,,,,,,,2025-04-24 13:40:58,Signal Acquired,15.454296,73.865198,1.86,1.21,9.14,0.02,-0.08,-0.02,NO
,,,,,,,,,,,,,,,,,,,,,,,,,,,,,,,,,,,,,,,,,,,,,,,,,,,,,,,,,,,,,,,,,,,,,,,,,,,,,,,,,,,,,,,,,,,,,,,,,,,,,,,,,2025-04-24 13:40:58,Signal Acquired,15.454275,73.865181,3.9,2.3,8.52,0.04,-0.03,-0.07,NO
,,,,,,,,,,,,,,,,,,,,,,,,,,,,,,,,,,,,,,,,,,,,,,,,,,,,,,,,,,,,,,,,,,,,,,,,,,,,,,,,,,,,,,,,,,,,,,,,,,,,,,,,,2025-04-24 13:40:58,Signal Acquired,15.454275,73.865181,2.42,1.74,8.21,0.02,-0.0,-0.1,NO
,,,,,,,,,,,,,,,,,,,,,,,,,,,,,,,,,,,,,,,,,,,,,,,,,,,,,,,,,,,,,,,,,,,,,,,,,,,,,,,,,,,,,,,,,,,,,,,,,,,,,,,,,2025-04-24 13:41:00,Signal Acquired,15.454248,73.865154,0.09,2.66,10.5,-0.17,0.04,0.22,NO
,,,,,,,,,,,,,,,,,,,,,,,,,,,,,,,,,,,,,,,,,,,,,,,,,,,,,,,,,,,,,,,,,,,,,,,,,,,,,,,,,,,,,,,,,,,,,,,,,,,,,,,,,2025-04-24 13:41:00,Signal Acquired,15.454248,73.865154,1.13,2.44,9.64,0.01,-0.06,0.35,NO
,,,,,,,,,,,,,,,,,,,,,,,,,,,,,,,,,,,,,,,,,,,,,,,,,,,,,,,,,,,,,,,,,,,,,,,,,,,,,,,,,,,,,,,,,,,,,,,,,,,,,,,,,2025-04-24 13:41:00,Signal Acquired,15.45421,73.865122,1.15,2.4,9.66,0.28,0.12,0.12,NO
,,,,,,,,,,,,,,,,,,,,,,,,,,,,,,,,,,,,,,,,,,,,,,,,,,,,,,,,,,,,,,,,,,,,,,,,,,,,,,,,,,,,,,,,,,,,,,,,,,,,,,,,,2025-04-24 13:41:02,Signal Acquired,15.45421,73.865122,0.48,2.13,8.74,0.02,0.18,0.28,DETECTED
,,,,,,,,,,,,,,,,,,,,,,,,,,,,,,,,,,,,,,,,,,,,,,,,,,,,,,,,,,,,,,,,,,,,,,,,,,,,,,,,,,,,,,,,,,,,,,,,,,,,,,,,,2025-04-24 13:41:02,Signal Acquired,15.454157,73.865089,1.32,0.78,9.63,0.11,-0.03,0.18,DETECTED
,,,,,,,,,,,,,,,,,,,,,,,,,,,,,,,,,,,,,,,,,,,,,,,,,,,,,,,,,,,,,,,,,,,,,,,,,,,,,,,,,,,,,,,,,,,,,,,,,,,,,,,,,2025-04-24 13:41:02,Signal Acquired,15.454157,73.865089,1.87,1.61,6.92,0.02,-0.0,0.02,NO
,,,,,,,,,,,,,,,,,,,,,,,,,,,,,,,,,,,,,,,,,,,,,,,,,,,,,,,,,,,,,,,,,,,,,,,,,,,,,,,,,,,,,,,,,,,,,,,,,,,,,,,,,2025-04-24 13:41:04,Signal Acquired,15.454095,73.865057,2.21,2.06,9.17,-0.0,-0.02,0.05,DETECTED
,,,,,,,,,,,,,,,,,,,,,,,,,,,,,,,,,,,,,,,,,,,,,,,,,,,,,,,,,,,,,,,,,,,,,,,,,,,,,,,,,,,,,,,,,,,,,,,,,,,,,,,,,2025-04-24 13:41:04,Signal Acquired,15.454095,73.865057,0.87,1.96,9.54,0.03,-0.09,0.0,DETECTED
,,,,,,,,,,,,,,,,,,,,,,,,,,,,,,,,,,,,,,,,,,,,,,,,,,,,,,,,,,,,,,,,,,,,,,,,,,,,,,,,,,,,,,,,,,,,,,,,,,,,,,,,,2025-04-24 13:41:04,Signal Acquired,15.454026,73.865024,2.66,0.56,9.81,-0.04,0.01,0.01,NO
,,,,,,,,,,,,,,,,,,,,,,,,,,,,,,,,,,,,,,,,,,,,,,,,,,,,,,,,,,,,,,,,,,,,,,,,,,,,,,,,,,,,,,,,,,,,,,,,,,,,,,,,,2025-04-24 13:41:07,Signal Acquired,15.454026,73.865024,-3.11,0.75,10.0,0.0,0.1,-0.0,NO
,,,,,,,,,,,,,,,,,,,,,,,,,,,,,,,,,,,,,,,,,,,,,,,,,,,,,,,,,,,,,,,,,,,,,,,,,,,,,,,,,,,,,,,,,,,,,,,,,,,,,,,,,2025-04-24 13:41:07,Signal Acquired,15.453947,73.864987,-1.07,0.97,9.31,-0.0,0.11,-0.02,DETECTED
,,,,,,,,,,,,,,,,,,,,,,,,,,,,,,,,,,,,,,,,,,,,,,,,,,,,,,,,,,,,,,,,,,,,,,,,,,,,,,,,,,,,,,,,,,,,,,,,,,,,,,,,,2025-04-24 13:41:07,Signal Acquired,15.453947,73.864987,0.17,1.38,9.66,-0.04,0.03,0.0,NO
,,,,,,,,,,,,,,,,,,,,,,,,,,,,,,,,,,,,,,,,,,,,,,,,,,,,,,,,,,,,,,,,,,,,,,,,,,,,,,,,,,,,,,,,,,,,,,,,,,,,,,,,,2025-04-24 13:41:09,Signal Acquired,15.453857,73.864946,2.6,1.54,9.34,-0.04,-0.04,0.01,DETECTED
,,,,,,,,,,,,,,,,,,,,,,,,,,,,,,,,,,,,,,,,,,,,,,,,,,,,,,,,,,,,,,,,,,,,,,,,,,,,,,,,,,,,,,,,,,,,,,,,,,,,,,,,,2025-04-24 13:41:09,Signal Acquired,15.453857,73.864946,-0.72,1.75,10.3,-0.09,0.12,0.01,DETECTED
,,,,,,,,,,,,,,,,,,,,,,,,,,,,,,,,,,,,,,,,,,,,,,,,,,,,,,,,,,,,,,,,,,,,,,,,,,,,,,,,,,,,,,,,,,,,,,,,,,,,,,,,,2025-04-24 13:41:09,Signal Acquired,15.453755,73.864897,-3.01,2.76,9.05,-0.07,0.0,-0.06,DETECTED
,,,,,,,,,,,,,,,,,,,,,,,,,,,,,,,,,,,,,,,,,,,,,,,,,,,,,,,,,,,,,,,,,,,,,,,,,,,,,,,,,,,,,,,,,,,,,,,,,,,,,,,,,2025-04-24 13:41:11,Signal Acquired,15.453755,73.864897,2.37,-0.06,9.18,-0.04,0.06,-0.03,NO
,,,,,,,,,,,,,,,,,,,,,,,,,,,,,,,,,,,,,,,,,,,,,,,,,,,,,,,,,,,,,,,,,,,,,,,,,,,,,,,,,,,,,,,,,,,,,,,,,,,,,,,,,2025-04-24 13:41:11,Signal Acquired,15.453644,73.864843,-1.75,-0.28,9.31,0.03,-0.02,0.01,NO
,,,,,,,,,,,,,,,,,,,,,,,,,,,,,,,,,,,,,,,,,,,,,,,,,,,,,,,,,,,,,,,,,,,,,,,,,,,,,,,,,,,,,,,,,,,,,,,,,,,,,,,,,2025-04-24 13:41:11,Signal Acquired,15.453644,73.864843,1.17,1.65,9.78,0.01,0.01,0.0,NO
,,,,,,,,,,,,,,,,,,,,,,,,,,,,,,,,,,,,,,,,,,,,,,,,,,,,,,,,,,,,,,,,,,,,,,,,,,,,,,,,,,,,,,,,,,,,,,,,,,,,,,,,,2025-04-24 13:41:13,Signal Acquired,15.45353,73.864786,3.63,0.63,9.13,-0.04,0.05,-0.01,DETECTED
,,,,,,,,,,,,,,,,,,,,,,,,,,,,,,,,,,,,,,,,,,,,,,,,,,,,,,,,,,,,,,,,,,,,,,,,,,,,,,,,,,,,,,,,,,,,,,,,,,,,,,,,,2025-04-24 13:41:13,Signal Acquired,15.45353,73.864786,4.39,1.0,8.74,-0.01,-0.02,0.03,DETECTED
,,,,,,,,,,,,,,,,,,,,,,,,,,,,,,,,,,,,,,,,,,,,,,,,,,,,,,,,,,,,,,,,,,,,,,,,,,,,,,,,,,,,,,,,,,,,,,,,,,,,,,,,,2025-04-24 13:41:13,Signal Acquired,15.453414,73.864725,-0.38,0.5,8.5,-0.03,0.03,-0.01,NO
,,,,,,,,,,,,,,,,,,,,,,,,,,,,,,,,,,,,,,,,,,,,,,,,,,,,,,,,,,,,,,,,,,,,,,,,,,,,,,,,,,,,,,,,,,,,,,,,,,,,,,,,,2025-04-24 13:41:16,Signal Acquired,15.453414,73.864725,-0.81,1.15,8.84,-0.02,0.04,-0.02,NO
,,,,,,,,,,,,,,,,,,,,,,,,,,,,,,,,,,,,,,,,,,,,,,,,,,,,,,,,,,,,,,,,,,,,,,,,,,,,,,,,,,,,,,,,,,,,,,,,,,,,,,,,,2025-04-24 13:41:16,Signal Acquired,15.45329,73.864658,0.55,0.22,9.33,-0.06,-0.0,-0.03,NO
,,,,,,,,,,,,,,,,,,,,,,,,,,,,,,,,,,,,,,,,,,,,,,,,,,,,,,,,,,,,,,,,,,,,,,,,,,,,,,,,,,,,,,,,,,,,,,,,,,,,,,,,,2025-04-24 13:41:16,Signal Acquired,15.45329,73.864658,1.73,1.26,9.21,-0.01,-0.0,-0.01,NO
,,,,,,,,,,,,,,,,,,,,,,,,,,,,,,,,,,,,,,,,,,,,,,,,,,,,,,,,,,,,,,,,,,,,,,,,,,,,,,,,,,,,,,,,,,,,,,,,,,,,,,,,,2025-04-24 13:41:18,Signal Acquired,15.453161,73.864586,2.64,1.51,9.76,0.06,0.02,-0.03,NO
,,,,,,,,,,,,,,,,,,,,,,,,,,,,,,,,,,,,,,,,,,,,,,,,,,,,,,,,,,,,,,,,,,,,,,,,,,,,,,,,,,,,,,,,,,,,,,,,,,,,,,,,,2025-04-24 13:41:18,Signal Acquired,15.453161,73.864586,1.21,0.63,9.29,0.02,-0.01,-0.03,NO
,,,,,,,,,,,,,,,,,,,,,,,,,,,,,,,,,,,,,,,,,,,,,,,,,,,,,,,,,,,,,,,,,,,,,,,,,,,,,,,,,,,,,,,,,,,,,,,,,,,,,,,,,2025-04-24 13:41:18,Signal Acquired,15.453027,73.864509,-0.36,-0.2,10.34,-0.05,0.06,-0.02,NO
,,,,,,,,,,,,,,,,,,,,,,,,,,,,,,,,,,,,,,,,,,,,,,,,,,,,,,,,,,,,,,,,,,,,,,,,,,,,,,,,,,,,,,,,,,,,,,,,,,,,,,,,,2025-04-24 13:41:20,Signal Acquired,15.453027,73.864509,0.39,0.64,9.81,0.05,0.03,-0.03,NO
,,,,,,,,,,,,,,,,,,,,,,,,,,,,,,,,,,,,,,,,,,,,,,,,,,,,,,,,,,,,,,,,,,,,,,,,,,,,,,,,,,,,,,,,,,,,,,,,,,,,,,,,,2025-04-24 13:41:20,Signal Acquired,15.452894,73.864426,2.87,0.32,8.74,-0.11,0.0,-0.04,DETECTED
,,,,,,,,,,,,,,,,,,,,,,,,,,,,,,,,,,,,,,,,,,,,,,,,,,,,,,,,,,,,,,,,,,,,,,,,,,,,,,,,,,,,,,,,,,,,,,,,,,,,,,,,,2025-04-24 13:41:20,Signal Acquired,15.452894,73.864426,1.07,0.95,10.01,-0.0,-0.01,-0.02,DETECTED
,,,,,,,,,,,,,,,,,,,,,,,,,,,,,,,,,,,,,,,,,,,,,,,,,,,,,,,,,,,,,,,,,,,,,,,,,,,,,,,,,,,,,,,,,,,,,,,,,,,,,,,,,2025-04-24 13:41:22,Signal Acquired,15.452763,73.864337,-0.83,-0.09,8.03,-0.11,0.05,-0.06,NO
,,,,,,,,,,,,,,,,,,,,,,,,,,,,,,,,,,,,,,,,,,,,,,,,,,,,,,,,,,,,,,,,,,,,,,,,,,,,,,,,,,,,,,,,,,,,,,,,,,,,,,,,,2025-04-24 13:41:22,Signal Acquired,15.452763,73.864337,-0.72,0.96,8.97,0.04,0.07,-0.05,DETECTED
,,,,,,,,,,,,,,,,,,,,,,,,,,,,,,,,,,,,,,,,,,,,,,,,,,,,,,,,,,,,,,,,,,,,,,,,,,,,,,,,,,,,,,,,,,,,,,,,,,,,,,,,,2025-04-24 13:41:22,Signal Acquired,15.452632,73.86424,0.95,0.88,9.98,-0.01,0.1,-0.06,NO
,,,,,,,,,,,,,,,,,,,,,,,,,,,,,,,,,,,,,,,,,,,,,,,,,,,,,,,,,,,,,,,,,,,,,,,,,,,,,,,,,,,,,,,,,,,,,,,,,,,,,,,,,2025-04-24 13:41:25,Signal Acquired,15.452632,73.86424,-2.81,0.45,11.13,0.1,0.05,-0.01,DETECTED
,,,,,,,,,,,,,,,,,,,,,,,,,,,,,,,,,,,,,,,,,,,,,,,,,,,,,,,,,,,,,,,,,,,,,,,,,,,,,,,,,,,,,,,,,,,,,,,,,,,,,,,,,2025-04-24 13:41:25,Signal Acquired,15.452503,73.864136,-3.65,0.64,10.75,-0.25,0.08,-0.11,DETECTED
,,,,,,,,,,,,,,,,,,,,,,,,,,,,,,,,,,,,,,,,,,,,,,,,,,,,,,,,,,,,,,,,,,,,,,,,,,,,,,,,,,,,,,,,,,,,,,,,,,,,,,,,,2025-04-24 13:41:25,Signal Acquired,15.452503,73.864136,1.22,0.38,9.32,0.04,-0.01,-0.08,NO
,,,,,,,,,,,,,,,,,,,,,,,,,,,,,,,,,,,,,,,,,,,,,,,,,,,,,,,,,,,,,,,,,,,,,,,,,,,,,,,,,,,,,,,,,,,,,,,,,,,,,,,,,2025-04-24 13:41:27,Signal Acquired,15.452379,73.864023,0.44,0.27,10.13,-0.01,0.14,-0.1,DETECTED
,,,,,,,,,,,,,,,,,,,,,,,,,,,,,,,,,,,,,,,,,,,,,,,,,,,,,,,,,,,,,,,,,,,,,,,,,,,,,,,,,,,,,,,,,,,,,,,,,,,,,,,,,2025-04-24 13:41:27,Signal Acquired,15.452379,73.864023,0.92,0.14,10.63,0.06,0.21,-0.05,DETECTED
,,,,,,,,,,,,,,,,,,,,,,,,,,,,,,,,,,,,,,,,,,,,,,,,,,,,,,,,,,,,,,,,,,,,,,,,,,,,,,,,,,,,,,,,,,,,,,,,,,,,,,,,,2025-04-24 13:41:27,Signal Acquired,15.452257,73.863901,-5.16,0.22,11.54,0.24,0.04,0.02,NO
,,,,,,,,,,,,,,,,,,,,,,,,,,,,,,,,,,,,,,,,,,,,,,,,,,,,,,,,,,,,,,,,,,,,,,,,,,,,,,,,,,,,,,,,,,,,,,,,,,,,,,,,,2025-04-24 13:41:29,Signal Acquired,15.452257,73.863901,1.63,2.84,9.45,0.05,-0.04,0.05,DETECTED
,,,,,,,,,,,,,,,,,,,,,,,,,,,,,,,,,,,,,,,,,,,,,,,,,,,,,,,,,,,,,,,,,,,,,,,,,,,,,,,,,,,,,,,,,,,,,,,,,,,,,,,,,2025-04-24 13:41:29,Signal Acquired,15.452134,73.863773,2.58,0.46,9.67,0.02,0.04,-0.01,NO
,,,,,,,,,,,,,,,,,,,,,,,,,,,,,,,,,,,,,,,,,,,,,,,,,,,,,,,,,,,,,,,,,,,,,,,,,,,,,,,,,,,,,,,,,,,,,,,,,,,,,,,,,2025-04-24 13:41:29,Signal Acquired,15.452134,73.863773,1.13,0.87,8.91,-0.06,-0.01,0.0,NO
,,,,,,,,,,,,,,,,,,,,,,,,,,,,,,,,,,,,,,,,,,,,,,,,,,,,,,,,,,,,,,,,,,,,,,,,,,,,,,,,,,,,,,,,,,,,,,,,,,,,,,,,,2025-04-24 13:41:31,Signal Acquired,15.452009,73.863642,0.59,-0.5,8.41,-0.02,-0.04,-0.0,NO
,,,,,,,,,,,,,,,,,,,,,,,,,,,,,,,,,,,,,,,,,,,,,,,,,,,,,,,,,,,,,,,,,,,,,,,,,,,,,,,,,,,,,,,,,,,,,,,,,,,,,,,,,2025-04-24 13:41:31,Signal Acquired,15.452009,73.863642,1.79,0.87,9.58,-0.01,-0.04,-0.01,NO
,,,,,,,,,,,,,,,,,,,,,,,,,,,,,,,,,,,,,,,,,,,,,,,,,,,,,,,,,,,,,,,,,,,,,,,,,,,,,,,,,,,,,,,,,,,,,,,,,,,,,,,,,2025-04-24 13:41:31,Signal Acquired,15.451886,73.86351,1.17,0.97,9.19,-0.02,-0.02,0.03,DETECTED
,,,,,,,,,,,,,,,,,,,,,,,,,,,,,,,,,,,,,,,,,,,,,,,,,,,,,,,,,,,,,,,,,,,,,,,,,,,,,,,,,,,,,,,,,,,,,,,,,,,,,,,,,2025-04-24 13:41:34,Signal Acquired,15.451886,73.86351,-0.17,0.73,8.82,-0.06,0.03,-0.02,DETECTED
,,,,,,,,,,,,,,,,,,,,,,,,,,,,,,,,,,,,,,,,,,,,,,,,,,,,,,,,,,,,,,,,,,,,,,,,,,,,,,,,,,,,,,,,,,,,,,,,,,,,,,,,,2025-04-24 13:41:34,Signal Acquired,15.451762,73.863376,-0.22,0.97,9.69,0.01,0.04,0.03,NO
,,,,,,,,,,,,,,,,,,,,,,,,,,,,,,,,,,,,,,,,,,,,,,,,,,,,,,,,,,,,,,,,,,,,,,,,,,,,,,,,,,,,,,,,,,,,,,,,,,,,,,,,,2025-04-24 13:41:34,Signal Acquired,15.451762,73.863376,2.66,-0.05,8.25,-0.02,0.07,-0.01,NO
,,,,,,,,,,,,,,,,,,,,,,,,,,,,,,,,,,,,,,,,,,,,,,,,,,,,,,,,,,,,,,,,,,,,,,,,,,,,,,,,,,,,,,,,,,,,,,,,,,,,,,,,,2025-04-24 13:41:36,Signal Acquired,15.451635,73.863244,-1.67,0.98,10.05,0.01,-0.05,0.07,DETECTED
,,,,,,,,,,,,,,,,,,,,,,,,,,,,,,,,,,,,,,,,,,,,,,,,,,,,,,,,,,,,,,,,,,,,,,,,,,,,,,,,,,,,,,,,,,,,,,,,,,,,,,,,,2025-04-24 13:41:36,Signal Acquired,15.451635,73.863244,-2.42,0.25,8.74,-0.07,0.05,0.02,NO
,,,,,,,,,,,,,,,,,,,,,,,,,,,,,,,,,,,,,,,,,,,,,,,,,,,,,,,,,,,,,,,,,,,,,,,,,,,,,,,,,,,,,,,,,,,,,,,,,,,,,,,,,2025-04-24 13:41:36,Signal Acquired,15.451502,73.863118,-0.66,-0.07,9.24,-0.03,0.1,0.03,DETECTED
,,,,,,,,,,,,,,,,,,,,,,,,,,,,,,,,,,,,,,,,,,,,,,,,,,,,,,,,,,,,,,,,,,,,,,,,,,,,,,,,,,,,,,,,,,,,,,,,,,,,,,,,,2025-04-24 13:41:38,Signal Acquired,15.451502,73.863118,0.88,0.42,9.47,-0.01,0.07,0.11,NO
,,,,,,,,,,,,,,,,,,,,,,,,,,,,,,,,,,,,,,,,,,,,,,,,,,,,,,,,,,,,,,,,,,,,,,,,,,,,,,,,,,,,,,,,,,,,,,,,,,,,,,,,,2025-04-24 13:41:38,Signal Acquired,15.451364,73.862997,-3.0,1.05,10.48,0.05,-0.02,0.07,NO
,,,,,,,,,,,,,,,,,,,,,,,,,,,,,,,,,,,,,,,,,,,,,,,,,,,,,,,,,,,,,,,,,,,,,,,,,,,,,,,,,,,,,,,,,,,,,,,,,,,,,,,,,2025-04-24 13:41:38,Signal Acquired,15.451364,73.862997,0.41,1.05,9.57,0.04,-0.07,0.06,NO
,,,,,,,,,,,,,,,,,,,,,,,,,,,,,,,,,,,,,,,,,,,,,,,,,,,,,,,,,,,,,,,,,,,,,,,,,,,,,,,,,,,,,,,,,,,,,,,,,,,,,,,,,2025-04-24 13:41:40,Signal Acquired,15.451215,73.862889,0.31,0.11,9.45,-0.01,0.06,0.04,DETECTED
,,,,,,,,,,,,,,,,,,,,,,,,,,,,,,,,,,,,,,,,,,,,,,,,,,,,,,,,,,,,,,,,,,,,,,,,,,,,,,,,,,,,,,,,,,,,,,,,,,,,,,,,,2025-04-24 13:41:40,Signal Acquired,15.451215,73.862889,-1.17,0.35,8.25,-0.09,0.06,0.06,NO
,,,,,,,,,,,,,,,,,,,,,,,,,,,,,,,,,,,,,,,,,,,,,,,,,,,,,,,,,,,,,,,,,,,,,,,,,,,,,,,,,,,,,,,,,,,,,,,,,,,,,,,,,2025-04-24 13:41:40,Signal Acquired,15.451063,73.862789,-0.45,-1.05,8.51,-0.08,0.08,0.08,DETECTED
,,,,,,,,,,,,,,,,,,,,,,,,,,,,,,,,,,,,,,,,,,,,,,,,,,,,,,,,,,,,,,,,,,,,,,,,,,,,,,,,,,,,,,,,,,,,,,,,,,,,,,,,,2025-04-24 13:41:43,Signal Acquired,15.451063,73.862789,-0.65,1.02,9.75,0.07,0.08,0.07,NO
,,,,,,,,,,,,,,,,,,,,,,,,,,,,,,,,,,,,,,,,,,,,,,,,,,,,,,,,,,,,,,,,,,,,,,,,,,,,,,,,,,,,,,,,,,,,,,,,,,,,,,,,,2025-04-24 13:41:43,Signal Acquired,15.450904,73.8627,0.55,0.29,9.27,0.01,0.09,0.07,DETECTED
,,,,,,,,,,,,,,,,,,,,,,,,,,,,,,,,,,,,,,,,,,,,,,,,,,,,,,,,,,,,,,,,,,,,,,,,,,,,,,,,,,,,,,,,,,,,,,,,,,,,,,,,,2025-04-24 13:41:43,Signal Acquired,15.450904,73.8627,0.89,1.33,9.15,0.03,0.04,0.06,NO
,,,,,,,,,,,,,,,,,,,,,,,,,,,,,,,,,,,,,,,,,,,,,,,,,,,,,,,,,,,,,,,,,,,,,,,,,,,,,,,,,,,,,,,,,,,,,,,,,,,,,,,,,2025-04-24 13:41:45,Signal Acquired,15.450742,73.862621,1.77,-0.79,9.55,0.01,-0.06,0.07,DETECTED
,,,,,,,,,,,,,,,,,,,,,,,,,,,,,,,,,,,,,,,,,,,,,,,,,,,,,,,,,,,,,,,,,,,,,,,,,,,,,,,,,,,,,,,,,,,,,,,,,,,,,,,,,2025-04-24 13:41:45,Signal Acquired,15.450742,73.862621,-0.47,1.27,8.38,0.01,-0.08,0.06,DETECTED
,,,,,,,,,,,,,,,,,,,,,,,,,,,,,,,,,,,,,,,,,,,,,,,,,,,,,,,,,,,,,,,,,,,,,,,,,,,,,,,,,,,,,,,,,,,,,,,,,,,,,,,,,2025-04-24 13:41:45,Signal Acquired,15.450574,73.862554,0.39,0.49,10.26,-0.01,0.06,0.08,NO
,,,,,,,,,,,,,,,,,,,,,,,,,,,,,,,,,,,,,,,,,,,,,,,,,,,,,,,,,,,,,,,,,,,,,,,,,,,,,,,,,,,,,,,,,,,,,,,,,,,,,,,,,2025-04-24 13:41:47,Signal Acquired,15.450574,73.862554,-2.92,1.35,10.16,0.0,-0.01,0.07,DETECTED
,,,,,,,,,,,,,,,,,,,,,,,,,,,,,,,,,,,,,,,,,,,,,,,,,,,,,,,,,,,,,,,,,,,,,,,,,,,,,,,,,,,,,,,,,,,,,,,,,,,,,,,,,2025-04-24 13:41:47,Signal Acquired,15.450407,73.862497,-1.77,-1.29,8.64,-0.07,0.02,0.01,DETECTED
,,,,,,,,,,,,,,,,,,,,,,,,,,,,,,,,,,,,,,,,,,,,,,,,,,,,,,,,,,,,,,,,,,,,,,,,,,,,,,,,,,,,,,,,,,,,,,,,,,,,,,,,,2025-04-24 13:41:47,Signal Acquired,15.450407,73.862497,-0.49,-0.9,8.4,-0.18,-0.02,0.02,DETECTED
,,,,,,,,,,,,,,,,,,,,,,,,,,,,,,,,,,,,,,,,,,,,,,,,,,,,,,,,,,,,,,,,,,,,,,,,,,,,,,,,,,,,,,,,,,,,,,,,,,,,,,,,,2025-04-24 13:41:49,Signal Acquired,15.450237,73.862448,1.7,3.67,10.73,0.01,-0.0,-0.04,DETECTED
,,,,,,,,,,,,,,,,,,,,,,,,,,,,,,,,,,,,,,,,,,,,,,,,,,,,,,,,,,,,,,,,,,,,,,,,,,,,,,,,,,,,,,,,,,,,,,,,,,,,,,,,,2025-04-24 13:41:49,Signal Acquired,15.450237,73.862448,-1.44,0.99,8.83,-0.03,0.05,-0.05,DETECTED
,,,,,,,,,,,,,,,,,,,,,,,,,,,,,,,,,,,,,,,,,,,,,,,,,,,,,,,,,,,,,,,,,,,,,,,,,,,,,,,,,,,,,,,,,,,,,,,,,,,,,,,,,2025-04-24 13:41:49,Signal Acquired,15.450067,73.8624,2.45,-0.97,9.4,-0.06,-0.06,0.01,DETECTED
,,,,,,,,,,,,,,,,,,,,,,,,,,,,,,,,,,,,,,,,,,,,,,,,,,,,,,,,,,,,,,,,,,,,,,,,,,,,,,,,,,,,,,,,,,,,,,,,,,,,,,,,,2025-04-24 13:41:52,Signal Acquired,15.450067,73.8624,-0.16,1.3,10.04,0.05,-0.05,0.01,DETECTED
,,,,,,,,,,,,,,,,,,,,,,,,,,,,,,,,,,,,,,,,,,,,,,,,,,,,,,,,,,,,,,,,,,,,,,,,,,,,,,,,,,,,,,,,,,,,,,,,,,,,,,,,,2025-04-24 13:41:52,Signal Acquired,15.4499,73.862354,1.49,0.19,8.49,-0.06,-0.04,0.01,NO
,,,,,,,,,,,,,,,,,,,,,,,,,,,,,,,,,,,,,,,,,,,,,,,,,,,,,,,,,,,,,,,,,,,,,,,,,,,,,,,,,,,,,,,,,,,,,,,,,,,,,,,,,2025-04-24 13:41:52,Signal Acquired,15.4499,73.862354,0.21,0.03,11.02,-0.03,0.06,0.05,DETECTED
,,,,,,,,,,,,,,,,,,,,,,,,,,,,,,,,,,,,,,,,,,,,,,,,,,,,,,,,,,,,,,,,,,,,,,,,,,,,,,,,,,,,,,,,,,,,,,,,,,,,,,,,,2025-04-24 13:41:54,Signal Acquired,15.449734,73.862313,-1.91,1.1,8.74,-0.04,0.0,0.06,NO
,,,,,,,,,,,,,,,,,,,,,,,,,,,,,,,,,,,,,,,,,,,,,,,,,,,,,,,,,,,,,,,,,,,,,,,,,,,,,,,,,,,,,,,,,,,,,,,,,,,,,,,,,2025-04-24 13:41:54,Signal Acquired,15.449734,73.862313,1.13,-0.3,10.02,0.08,-0.0,0.11,NO
,,,,,,,,,,,,,,,,,,,,,,,,,,,,,,,,,,,,,,,,,,,,,,,,,,,,,,,,,,,,,,,,,,,,,,,,,,,,,,,,,,,,,,,,,,,,,,,,,,,,,,,,,2025-04-24 13:41:54,Signal Acquired,15.449569,73.862283,-3.19,0.27,11.33,0.15,0.01,0.12,DETECTED
,,,,,,,,,,,,,,,,,,,,,,,,,,,,,,,,,,,,,,,,,,,,,,,,,,,,,,,,,,,,,,,,,,,,,,,,,,,,,,,,,,,,,,,,,,,,,,,,,,,,,,,,,2025-04-24 13:41:56,Signal Acquired,15.449569,73.862283,-2.04,0.03,9.69,0.09,0.06,0.18,NO
,,,,,,,,,,,,,,,,,,,,,,,,,,,,,,,,,,,,,,,,,,,,,,,,,,,,,,,,,,,,,,,,,,,,,,,,,,,,,,,,,,,,,,,,,,,,,,,,,,,,,,,,,2025-04-24 13:41:56,Signal Acquired,15.449404,73.862261,-3.52,0.28,8.81,-0.07,0.04,0.19,DETECTED
,,,,,,,,,,,,,,,,,,,,,,,,,,,,,,,,,,,,,,,,,,,,,,,,,,,,,,,,,,,,,,,,,,,,,,,,,,,,,,,,,,,,,,,,,,,,,,,,,,,,,,,,,2025-04-24 13:41:56,Signal Acquired,15.449404,73.862261,-2.75,0.57,9.64,0.02,-0.03,0.14,NO
,,,,,,,,,,,,,,,,,,,,,,,,,,,,,,,,,,,,,,,,,,,,,,,,,,,,,,,,,,,,,,,,,,,,,,,,,,,,,,,,,,,,,,,,,,,,,,,,,,,,,,,,,2025-04-24 13:41:58,Signal Acquired,15.449241,73.862266,-3.18,1.41,9.49,0.02,0.07,0.13,NO
,,,,,,,,,,,,,,,,,,,,,,,,,,,,,,,,,,,,,,,,,,,,,,,,,,,,,,,,,,,,,,,,,,,,,,,,,,,,,,,,,,,,,,,,,,,,,,,,,,,,,,,,,2025-04-24 13:41:58,Signal Acquired,15.449241,73.862266,-1.5,1.46,8.88,-0.02,0.06,0.09,NO
,,,,,,,,,,,,,,,,,,,,,,,,,,,,,,,,,,,,,,,,,,,,,,,,,,,,,,,,,,,,,,,,,,,,,,,,,,,,,,,,,,,,,,,,,,,,,,,,,,,,,,,,,2025-04-24 13:41:58,Signal Acquired,15.449084,73.862306,-1.96,1.1,10.28,0.04,0.09,0.1,NO
,,,,,,,,,,,,,,,,,,,,,,,,,,,,,,,,,,,,,,,,,,,,,,,,,,,,,,,,,,,,,,,,,,,,,,,,,,,,,,,,,,,,,,,,,,,,,,,,,,,,,,,,,2025-04-24 13:42:01,Signal Acquired,15.449084,73.862306,-1.03,0.12,7.64,-0.07,0.1,0.07,NO
,,,,,,,,,,,,,,,,,,,,,,,,,,,,,,,,,,,,,,,,,,,,,,,,,,,,,,,,,,,,,,,,,,,,,,,,,,,,,,,,,,,,,,,,,,,,,,,,,,,,,,,,,2025-04-24 13:42:01,Signal Acquired,15.448929,73.862365,0.37,-0.29,8.15,-0.07,0.02,-0.1,NO
,,,,,,,,,,,,,,,,,,,,,,,,,,,,,,,,,,,,,,,,,,,,,,,,,,,,,,,,,,,,,,,,,,,,,,,,,,,,,,,,,,,,,,,,,,,,,,,,,,,,,,,,,2025-04-24 13:42:01,Signal Acquired,15.448929,73.862365,2.75,1.01,8.49,-0.1,0.06,-0.02,DETECTED
,,,,,,,,,,,,,,,,,,,,,,,,,,,,,,,,,,,,,,,,,,,,,,,,,,,,,,,,,,,,,,,,,,,,,,,,,,,,,,,,,,,,,,,,,,,,,,,,,,,,,,,,,2025-04-24 13:42:03,Signal Acquired,15.448772,73.862427,-0.11,-0.53,7.83,-0.11,0.1,-0.09,NO
,,,,,,,,,,,,,,,,,,,,,,,,,,,,,,,,,,,,,,,,,,,,,,,,,,,,,,,,,,,,,,,,,,,,,,,,,,,,,,,,,,,,,,,,,,,,,,,,,,,,,,,,,2025-04-24 13:42:03,Signal Acquired,15.448772,73.862427,2.06,0.45,9.45,-0.01,0.01,-0.08,NO
,,,,,,,,,,,,,,,,,,,,,,,,,,,,,,,,,,,,,,,,,,,,,,,,,,,,,,,,,,,,,,,,,,,,,,,,,,,,,,,,,,,,,,,,,,,,,,,,,,,,,,,,,2025-04-24 13:42:03,Signal Acquired,15.448608,73.86248,8.02,-0.04,9.53,0.09,0.06,-0.04,DETECTED
,,,,,,,,,,,,,,,,,,,,,,,,,,,,,,,,,,,,,,,,,,,,,,,,,,,,,,,,,,,,,,,,,,,,,,,,,,,,,,,,,,,,,,,,,,,,,,,,,,,,,,,,,2025-04-24 13:42:05,Signal Acquired,15.448608,73.86248,6.05,-1.22,10.98,0.12,0.11,-0.16,DETECTED
,,,,,,,,,,,,,,,,,,,,,,,,,,,,,,,,,,,,,,,,,,,,,,,,,,,,,,,,,,,,,,,,,,,,,,,,,,,,,,,,,,,,,,,,,,,,,,,,,,,,,,,,,2025-04-24 13:42:05,Signal Acquired,15.448443,73.862501,9.12,-1.77,9.63,-0.07,-0.0,-0.13,DETECTED
,,,,,,,,,,,,,,,,,,,,,,,,,,,,,,,,,,,,,,,,,,,,,,,,,,,,,,,,,,,,,,,,,,,,,,,,,,,,,,,,,,,,,,,,,,,,,,,,,,,,,,,,,2025-04-24 13:42:05,Signal Acquired,15.448443,73.862501,3.95,-0.12,10.98,0.04,0.17,-0.35,DETECTED
,,,,,,,,,,,,,,,,,,,,,,,,,,,,,,,,,,,,,,,,,,,,,,,,,,,,,,,,,,,,,,,,,,,,,,,,,,,,,,,,,,,,,,,,,,,,,,,,,,,,,,,,,2025-04-24 13:42:07,Signal Acquired,15.448276,73.862494,4.73,0.54,9.13,-0.09,-0.13,-0.17,DETECTED
,,,,,,,,,,,,,,,,,,,,,,,,,,,,,,,,,,,,,,,,,,,,,,,,,,,,,,,,,,,,,,,,,,,,,,,,,,,,,,,,,,,,,,,,,,,,,,,,,,,,,,,,,2025-04-24 13:42:07,Signal Acquired,15.448276,73.862494,0.51,1.73,8.3,0.1,-0.1,-0.31,DETECTED
,,,,,,,,,,,,,,,,,,,,,,,,,,,,,,,,,,,,,,,,,,,,,,,,,,,,,,,,,,,,,,,,,,,,,,,,,,,,,,,,,,,,,,,,,,,,,,,,,,,,,,,,,2025-04-24 13:42:07,Signal Acquired,15.448114,73.862457,3.36,-0.4,8.96,0.07,0.02,-0.22,DETECTED
,,,,,,,,,,,,,,,,,,,,,,,,,,,,,,,,,,,,,,,,,,,,,,,,,,,,,,,,,,,,,,,,,,,,,,,,,,,,,,,,,,,,,,,,,,,,,,,,,,,,,,,,,2025-04-24 13:42:10,Signal Acquired,15.448114,73.862457,7.15,-0.18,10.09,-0.34,0.08,-0.17,DETECTED
,,,,,,,,,,,,,,,,,,,,,,,,,,,,,,,,,,,,,,,,,,,,,,,,,,,,,,,,,,,,,,,,,,,,,,,,,,,,,,,,,,,,,,,,,,,,,,,,,,,,,,,,,2025-04-24 13:42:10,Signal Acquired,15.447959,73.862387,2.53,1.03,7.76,0.1,-0.03,-0.15,DETECTED
,,,,,,,,,,,,,,,,,,,,,,,,,,,,,,,,,,,,,,,,,,,,,,,,,,,,,,,,,,,,,,,,,,,,,,,,,,,,,,,,,,,,,,,,,,,,,,,,,,,,,,,,,2025-04-24 13:42:10,Signal Acquired,15.447959,73.862387,2.17,0.23,10.32,-0.01,-0.09,0.04,NO
,,,,,,,,,,,,,,,,,,,,,,,,,,,,,,,,,,,,,,,,,,,,,,,,,,,,,,,,,,,,,,,,,,,,,,,,,,,,,,,,,,,,,,,,,,,,,,,,,,,,,,,,,2025-04-24 13:42:12,Signal Acquired,15.44781,73.862297,0.41,-0.26,10.29,-0.11,0.01,0.03,DETECTED
,,,,,,,,,,,,,,,,,,,,,,,,,,,,,,,,,,,,,,,,,,,,,,,,,,,,,,,,,,,,,,,,,,,,,,,,,,,,,,,,,,,,,,,,,,,,,,,,,,,,,,,,,2025-04-24 13:42:12,Signal Acquired,15.44781,73.862297,-0.68,0.62,7.85,-0.06,-0.02,0.02,NO
,,,,,,,,,,,,,,,,,,,,,,,,,,,,,,,,,,,,,,,,,,,,,,,,,,,,,,,,,,,,,,,,,,,,,,,,,,,,,,,,,,,,,,,,,,,,,,,,,,,,,,,,,2025-04-24 13:42:12,Signal Acquired,15.44766,73.862206,-1.88,0.53,9.87,-0.04,-0.01,0.07,DETECTED
,,,,,,,,,,,,,,,,,,,,,,,,,,,,,,,,,,,,,,,,,,,,,,,,,,,,,,,,,,,,,,,,,,,,,,,,,,,,,,,,,,,,,,,,,,,,,,,,,,,,,,,,,2025-04-24 13:42:14,Signal Acquired,15.44766,73.862206,-1.13,0.51,10.02,0.03,0.07,-0.01,DETECTED
,,,,,,,,,,,,,,,,,,,,,,,,,,,,,,,,,,,,,,,,,,,,,,,,,,,,,,,,,,,,,,,,,,,,,,,,,,,,,,,,,,,,,,,,,,,,,,,,,,,,,,,,,2025-04-24 13:42:14,Signal Acquired,15.4475,73.862119,-0.49,1.22,8.81,-0.0,-0.06,0.06,NO
,,,,,,,,,,,,,,,,,,,,,,,,,,,,,,,,,,,,,,,,,,,,,,,,,,,,,,,,,,,,,,,,,,,,,,,,,,,,,,,,,,,,,,,,,,,,,,,,,,,,,,,,,2025-04-24 13:42:14,Signal Acquired,15.4475,73.862119,-0.44,0.04,9.63,-0.03,-0.01,0.05,DETECTED
,,,,,,,,,,,,,,,,,,,,,,,,,,,,,,,,,,,,,,,,,,,,,,,,,,,,,,,,,,,,,,,,,,,,,,,,,,,,,,,,,,,,,,,,,,,,,,,,,,,,,,,,,2025-04-24 13:42:16,Signal Acquired,15.447334,73.862044,-2.59,0.22,8.28,-0.03,0.01,0.11,DETECTED
,,,,,,,,,,,,,,,,,,,,,,,,,,,,,,,,,,,,,,,,,,,,,,,,,,,,,,,,,,,,,,,,,,,,,,,,,,,,,,,,,,,,,,,,,,,,,,,,,,,,,,,,,2025-04-24 13:42:16,Signal Acquired,15.447334,73.862044,2.03,1.26,11.94,0.14,0.03,0.31,DETECTED
,,,,,,,,,,,,,,,,,,,,,,,,,,,,,,,,,,,,,,,,,,,,,,,,,,,,,,,,,,,,,,,,,,,,,,,,,,,,,,,,,,,,,,,,,,,,,,,,,,,,,,,,,2025-04-24 13:42:16,Signal Acquired,15.44716,73.861981,-2.73,1.65,8.84,0.0,0.03,0.1,DETECTED
,,,,,,,,,,,,,,,,,,,,,,,,,,,,,,,,,,,,,,,,,,,,,,,,,,,,,,,,,,,,,,,,,,,,,,,,,,,,,,,,,,,,,,,,,,,,,,,,,,,,,,,,,2025-04-24 13:42:19,Signal Acquired,15.44716,73.861981,-3.51,0.07,8.22,0.05,0.08,0.04,NO
,,,,,,,,,,,,,,,,,,,,,,,,,,,,,,,,,,,,,,,,,,,,,,,,,,,,,,,,,,,,,,,,,,,,,,,,,,,,,,,,,,,,,,,,,,,,,,,,,,,,,,,,,2025-04-24 13:42:19,Signal Acquired,15.44698,73.861942,-0.42,0.7,8.45,0.02,-0.02,0.12,DETECTED
,,,,,,,,,,,,,,,,,,,,,,,,,,,,,,,,,,,,,,,,,,,,,,,,,,,,,,,,,,,,,,,,,,,,,,,,,,,,,,,,,,,,,,,,,,,,,,,,,,,,,,,,,2025-04-24 13:42:19,Signal Acquired,15.44698,73.861942,-0.16,2.08,9.62,-0.09,-0.05,0.12,DETECTED
,,,,,,,,,,,,,,,,,,,,,,,,,,,,,,,,,,,,,,,,,,,,,,,,,,,,,,,,,,,,,,,,,,,,,,,,,,,,,,,,,,,,,,,,,,,,,,,,,,,,,,,,,2025-04-24 13:42:21,Signal Acquired,15.446795,73.861922,-3.41,-1.61,8.92,-0.11,-0.02,0.1,DETECTED
,,,,,,,,,,,,,,,,,,,,,,,,,,,,,,,,,,,,,,,,,,,,,,,,,,,,,,,,,,,,,,,,,,,,,,,,,,,,,,,,,,,,,,,,,,,,,,,,,,,,,,,,,2025-04-24 13:42:21,Signal Acquired,15.446795,73.861922,-0.51,0.06,8.38,-0.01,-0.0,0.11,DETECTED
,,,,,,,,,,,,,,,,,,,,,,,,,,,,,,,,,,,,,,,,,,,,,,,,,,,,,,,,,,,,,,,,,,,,,,,,,,,,,,,,,,,,,,,,,,,,,,,,,,,,,,,,,2025-04-24 13:42:21,Signal Acquired,15.446608,73.86193,-2.41,0.71,9.85,0.06,0.09,0.12,NO
,,,,,,,,,,,,,,,,,,,,,,,,,,,,,,,,,,,,,,,,,,,,,,,,,,,,,,,,,,,,,,,,,,,,,,,,,,,,,,,,,,,,,,,,,,,,,,,,,,,,,,,,,2025-04-24 13:42:23,Signal Acquired,15.446608,73.86193,-2.67,-0.68,10.02,-0.01,0.02,0.13,NO
,,,,,,,,,,,,,,,,,,,,,,,,,,,,,,,,,,,,,,,,,,,,,,,,,,,,,,,,,,,,,,,,,,,,,,,,,,,,,,,,,,,,,,,,,,,,,,,,,,,,,,,,,2025-04-24 13:42:23,Signal Acquired,15.446429,73.861954,-3.44,-0.89,8.33,-0.07,0.02,0.14,DETECTED
,,,,,,,,,,,,,,,,,,,,,,,,,,,,,,,,,,,,,,,,,,,,,,,,,,,,,,,,,,,,,,,,,,,,,,,,,,,,,,,,,,,,,,,,,,,,,,,,,,,,,,,,,2025-04-24 13:42:23,Signal Acquired,15.446429,73.861954,-2.16,0.26,8.31,0.02,0.05,0.11,NO
,,,,,,,,,,,,,,,,,,,,,,,,,,,,,,,,,,,,,,,,,,,,,,,,,,,,,,,,,,,,,,,,,,,,,,,,,,,,,,,,,,,,,,,,,,,,,,,,,,,,,,,,,2025-04-24 13:42:25,Signal Acquired,15.446252,73.861997,-2.18,0.71,9.97,-0.01,0.09,0.11,NO
,,,,,,,,,,,,,,,,,,,,,,,,,,,,,,,,,,,,,,,,,,,,,,,,,,,,,,,,,,,,,,,,,,,,,,,,,,,,,,,,,,,,,,,,,,,,,,,,,,,,,,,,,2025-04-24 13:42:25,Signal Acquired,15.446252,73.861997,-0.09,0.82,8.24,-0.08,-0.03,0.04,NO
,,,,,,,,,,,,,,,,,,,,,,,,,,,,,,,,,,,,,,,,,,,,,,,,,,,,,,,,,,,,,,,,,,,,,,,,,,,,,,,,,,,,,,,,,,,,,,,,,,,,,,,,,2025-04-24 13:42:25,Signal Acquired,15.446077,73.862074,-3.65,-1.98,6.15,-0.27,0.03,-0.71,DETECTED
,,,,,,,,,,,,,,,,,,,,,,,,,,,,,,,,,,,,,,,,,,,,,,,,,,,,,,,,,,,,,,,,,,,,,,,,,,,,,,,,,,,,,,,,,,,,,,,,,,,,,,,,,2025-04-24 13:42:28,Signal Acquired,15.446077,73.862074,-4.05,1.76,12.82,0.2,0.15,0.19,DETECTED
,,,,,,,,,,,,,,,,,,,,,,,,,,,,,,,,,,,,,,,,,,,,,,,,,,,,,,,,,,,,,,,,,,,,,,,,,,,,,,,,,,,,,,,,,,,,,,,,,,,,,,,,,2025-04-24 13:42:28,Signal Acquired,15.445907,73.862181,-6.96,0.54,8.36,-0.09,-0.01,0.16,NO
,,,,,,,,,,,,,,,,,,,,,,,,,,,,,,,,,,,,,,,,,,,,,,,,,,,,,,,,,,,,,,,,,,,,,,,,,,,,,,,,,,,,,,,,,,,,,,,,,,,,,,,,,2025-04-24 13:42:28,Signal Acquired,15.445907,73.862181,-2.38,1.5,9.16,0.0,0.18,0.15,DETECTED
,,,,,,,,,,,,,,,,,,,,,,,,,,,,,,,,,,,,,,,,,,,,,,,,,,,,,,,,,,,,,,,,,,,,,,,,,,,,,,,,,,,,,,,,,,,,,,,,,,,,,,,,,2025-04-24 13:42:30,Signal Acquired,15.445752,73.862301,-1.88,0.64,10.68,0.07,-0.02,0.2,NO
,,,,,,,,,,,,,,,,,,,,,,,,,,,,,,,,,,,,,,,,,,,,,,,,,,,,,,,,,,,,,,,,,,,,,,,,,,,,,,,,,,,,,,,,,,,,,,,,,,,,,,,,,2025-04-24 13:42:30,Signal Acquired,15.445752,73.862301,-3.58,1.03,9.99,0.01,-0.01,0.11,NO
,,,,,,,,,,,,,,,,,,,,,,,,,,,,,,,,,,,,,,,,,,,,,,,,,,,,,,,,,,,,,,,,,,,,,,,,,,,,,,,,,,,,,,,,,,,,,,,,,,,,,,,,,2025-04-24 13:42:30,Signal Acquired,15.445607,73.862447,-0.65,1.22,9.64,0.04,-0.02,0.1,NO
,,,,,,,,,,,,,,,,,,,,,,,,,,,,,,,,,,,,,,,,,,,,,,,,,,,,,,,,,,,,,,,,,,,,,,,,,,,,,,,,,,,,,,,,,,,,,,,,,,,,,,,,,2025-04-24 13:42:32,Signal Acquired,15.445607,73.862447,-1.87,0.47,9.49,-0.03,0.05,0.09,NO
,,,,,,,,,,,,,,,,,,,,,,,,,,,,,,,,,,,,,,,,,,,,,,,,,,,,,,,,,,,,,,,,,,,,,,,,,,,,,,,,,,,,,,,,,,,,,,,,,,,,,,,,,2025-04-24 13:42:32,Signal Acquired,15.445474,73.862615,-0.01,0.52,10.03,0.07,-0.07,0.17,NO
,,,,,,,,,,,,,,,,,,,,,,,,,,,,,,,,,,,,,,,,,,,,,,,,,,,,,,,,,,,,,,,,,,,,,,,,,,,,,,,,,,,,,,,,,,,,,,,,,,,,,,,,,2025-04-24 13:42:32,Signal Acquired,15.445474,73.862615,0.51,1.51,8.67,-0.06,0.01,0.04,DETECTED
,,,,,,,,,,,,,,,,,,,,,,,,,,,,,,,,,,,,,,,,,,,,,,,,,,,,,,,,,,,,,,,,,,,,,,,,,,,,,,,,,,,,,,,,,,,,,,,,,,,,,,,,,2025-04-24 13:42:34,Signal Acquired,15.445355,73.862794,-0.74,0.59,8.68,-0.11,-0.05,0.03,DETECTED
,,,,,,,,,,,,,,,,,,,,,,,,,,,,,,,,,,,,,,,,,,,,,,,,,,,,,,,,,,,,,,,,,,,,,,,,,,,,,,,,,,,,,,,,,,,,,,,,,,,,,,,,,2025-04-24 13:42:34,Signal Acquired,15.445355,73.862794,-0.01,1.2,10.13,-0.02,0.01,0.01,NO
,,,,,,,,,,,,,,,,,,,,,,,,,,,,,,,,,,,,,,,,,,,,,,,,,,,,,,,,,,,,,,,,,,,,,,,,,,,,,,,,,,,,,,,,,,,,,,,,,,,,,,,,,2025-04-24 13:42:34,Signal Acquired,15.445237,73.862993,0.03,0.7,9.11,-0.02,-0.08,0.02,NO
,,,,,,,,,,,,,,,,,,,,,,,,,,,,,,,,,,,,,,,,,,,,,,,,,,,,,,,,,,,,,,,,,,,,,,,,,,,,,,,,,,,,,,,,,,,,,,,,,,,,,,,,,2025-04-24 13:42:37,Signal Acquired,15.445237,73.862993,2.35,-0.18,9.16,-0.0,0.06,-0.0,DETECTED
,,,,,,,,,,,,,,,,,,,,,,,,,,,,,,,,,,,,,,,,,,,,,,,,,,,,,,,,,,,,,,,,,,,,,,,,,,,,,,,,,,,,,,,,,,,,,,,,,,,,,,,,,2025-04-24 13:42:37,Signal Acquired,15.445119,73.863193,-0.98,0.7,9.51,-0.03,0.02,-0.01,DETECTED
,,,,,,,,,,,,,,,,,,,,,,,,,,,,,,,,,,,,,,,,,,,,,,,,,,,,,,,,,,,,,,,,,,,,,,,,,,,,,,,,,,,,,,,,,,,,,,,,,,,,,,,,,2025-04-24 13:42:37,Signal Acquired,15.445119,73.863193,2.44,0.96,10.35,0.07,0.13,-0.01,NO
,,,,,,,,,,,,,,,,,,,,,,,,,,,,,,,,,,,,,,,,,,,,,,,,,,,,,,,,,,,,,,,,,,,,,,,,,,,,,,,,,,,,,,,,,,,,,,,,,,,,,,,,,2025-04-24 13:42:39,Signal Acquired,15.444999,73.8634,0.41,0.33,9.71,-0.02,-0.11,0.03,NO
,,,,,,,,,,,,,,,,,,,,,,,,,,,,,,,,,,,,,,,,,,,,,,,,,,,,,,,,,,,,,,,,,,,,,,,,,,,,,,,,,,,,,,,,,,,,,,,,,,,,,,,,,2025-04-24 13:42:39,Signal Acquired,15.444999,73.8634,-0.48,0.65,9.49,-0.01,-0.02,0.02,DETECTED
,,,,,,,,,,,,,,,,,,,,,,,,,,,,,,,,,,,,,,,,,,,,,,,,,,,,,,,,,,,,,,,,,,,,,,,,,,,,,,,,,,,,,,,,,,,,,,,,,,,,,,,,,2025-04-24 13:42:39,Signal Acquired,15.444879,73.863614,-1.19,1.97,9.61,-0.05,0.12,0.03,NO
,,,,,,,,,,,,,,,,,,,,,,,,,,,,,,,,,,,,,,,,,,,,,,,,,,,,,,,,,,,,,,,,,,,,,,,,,,,,,,,,,,,,,,,,,,,,,,,,,,,,,,,,,2025-04-24 13:42:41,Signal Acquired,15.444879,73.863614,-0.01,-0.06,7.55,-0.08,0.11,-0.05,DETECTED
,,,,,,,,,,,,,,,,,,,,,,,,,,,,,,,,,,,,,,,,,,,,,,,,,,,,,,,,,,,,,,,,,,,,,,,,,,,,,,,,,,,,,,,,,,,,,,,,,,,,,,,,,2025-04-24 13:42:41,Signal Acquired,15.444761,73.863832,0.56,2.96,9.78,0.07,0.09,0.01,DETECTED
,,,,,,,,,,,,,,,,,,,,,,,,,,,,,,,,,,,,,,,,,,,,,,,,,,,,,,,,,,,,,,,,,,,,,,,,,,,,,,,,,,,,,,,,,,,,,,,,,,,,,,,,,2025-04-24 13:42:41,Signal Acquired,15.444761,73.863832,-0.84,0.91,10.27,0.01,0.0,0.05,DETECTED
,,,,,,,,,,,,,,,,,,,,,,,,,,,,,,,,,,,,,,,,,,,,,,,,,,,,,,,,,,,,,,,,,,,,,,,,,,,,,,,,,,,,,,,,,,,,,,,,,,,,,,,,,2025-04-24 13:42:43,Signal Acquired,15.44465,73.864064,-2.41,3.3,8.06,-0.09,-0.04,0.03,DETECTED
,,,,,,,,,,,,,,,,,,,,,,,,,,,,,,,,,,,,,,,,,,,,,,,,,,,,,,,,,,,,,,,,,,,,,,,,,,,,,,,,,,,,,,,,,,,,,,,,,,,,,,,,,2025-04-24 13:42:43,Signal Acquired,15.44465,73.864064,-0.88,1.6,9.39,-0.02,0.0,0.02,DETECTED
,,,,,,,,,,,,,,,,,,,,,,,,,,,,,,,,,,,,,,,,,,,,,,,,,,,,,,,,,,,,,,,,,,,,,,,,,,,,,,,,,,,,,,,,,,,,,,,,,,,,,,,,,2025-04-24 13:42:43,Signal Acquired,15.444546,73.864305,1.01,0.2,9.65,0.02,0.02,0.04,DETECTED
,,,,,,,,,,,,,,,,,,,,,,,,,,,,,,,,,,,,,,,,,,,,,,,,,,,,,,,,,,,,,,,,,,,,,,,,,,,,,,,,,,,,,,,,,,,,,,,,,,,,,,,,,2025-04-24 13:42:46,Signal Acquired,15.444546,73.864305,0.93,0.83,9.73,0.01,0.02,0.04,NO
,,,,,,,,,,,,,,,,,,,,,,,,,,,,,,,,,,,,,,,,,,,,,,,,,,,,,,,,,,,,,,,,,,,,,,,,,,,,,,,,,,,,,,,,,,,,,,,,,,,,,,,,,2025-04-24 13:42:46,Signal Acquired,15.444449,73.864556,-1.27,1.13,9.52,-0.03,-0.01,0.03,NO
,,,,,,,,,,,,,,,,,,,,,,,,,,,,,,,,,,,,,,,,,,,,,,,,,,,,,,,,,,,,,,,,,,,,,,,,,,,,,,,,,,,,,,,,,,,,,,,,,,,,,,,,,2025-04-24 13:42:46,Signal Acquired,15.444449,73.864556,1.64,1.23,7.94,-0.05,0.01,0.02,NO
,,,,,,,,,,,,,,,,,,,,,,,,,,,,,,,,,,,,,,,,,,,,,,,,,,,,,,,,,,,,,,,,,,,,,,,,,,,,,,,,,,,,,,,,,,,,,,,,,,,,,,,,,2025-04-24 13:42:48,Signal Acquired,15.444361,73.864814,-1.2,0.85,9.43,0.0,0.02,0.01,NO
,,,,,,,,,,,,,,,,,,,,,,,,,,,,,,,,,,,,,,,,,,,,,,,,,,,,,,,,,,,,,,,,,,,,,,,,,,,,,,,,,,,,,,,,,,,,,,,,,,,,,,,,,2025-04-24 13:42:48,Signal Acquired,15.444361,73.864814,-0.18,1.17,7.69,-0.02,0.08,0.01,DETECTED
,,,,,,,,,,,,,,,,,,,,,,,,,,,,,,,,,,,,,,,,,,,,,,,,,,,,,,,,,,,,,,,,,,,,,,,,,,,,,,,,,,,,,,,,,,,,,,,,,,,,,,,,,2025-04-24 13:42:48,Signal Acquired,15.444278,73.865077,0.74,-0.19,8.59,-0.01,0.0,0.01,DETECTED
,,,,,,,,,,,,,,,,,,,,,,,,,,,,,,,,,,,,,,,,,,,,,,,,,,,,,,,,,,,,,,,,,,,,,,,,,,,,,,,,,,,,,,,,,,,,,,,,,,,,,,,,,2025-04-24 13:42:50,Signal Acquired,15.444278,73.865077,0.82,0.4,9.33,-0.0,0.01,0.01,NO
,,,,,,,,,,,,,,,,,,,,,,,,,,,,,,,,,,,,,,,,,,,,,,,,,,,,,,,,,,,,,,,,,,,,,,,,,,,,,,,,,,,,,,,,,,,,,,,,,,,,,,,,,2025-04-24 13:42:50,Signal Acquired,15.444198,73.865345,-0.9,2.22,10.99,0.07,0.07,-0.02,DETECTED
,,,,,,,,,,,,,,,,,,,,,,,,,,,,,,,,,,,,,,,,,,,,,,,,,,,,,,,,,,,,,,,,,,,,,,,,,,,,,,,,,,,,,,,,,,,,,,,,,,,,,,,,,2025-04-24 13:42:50,Signal Acquired,15.444198,73.865345,1.22,1.14,9.61,0.02,0.04,-0.01,NO
,,,,,,,,,,,,,,,,,,,,,,,,,,,,,,,,,,,,,,,,,,,,,,,,,,,,,,,,,,,,,,,,,,,,,,,,,,,,,,,,,,,,,,,,,,,,,,,,,,,,,,,,,2025-04-24 13:42:52,Signal Acquired,15.444116,73.865619,1.96,0.03,8.26,-0.02,0.06,0.01,NO
,,,,,,,,,,,,,,,,,,,,,,,,,,,,,,,,,,,,,,,,,,,,,,,,,,,,,,,,,,,,,,,,,,,,,,,,,,,,,,,,,,,,,,,,,,,,,,,,,,,,,,,,,2025-04-24 13:42:52,Signal Acquired,15.444116,73.865619,-0.04,1.88,8.77,0.05,0.03,0.0,NO
,,,,,,,,,,,,,,,,,,,,,,,,,,,,,,,,,,,,,,,,,,,,,,,,,,,,,,,,,,,,,,,,,,,,,,,,,,,,,,,,,,,,,,,,,,,,,,,,,,,,,,,,,2025-04-24 13:42:52,Signal Acquired,15.444036,73.865894,1.77,1.59,10.25,0.04,0.0,-0.02,NO
,,,,,,,,,,,,,,,,,,,,,,,,,,,,,,,,,,,,,,,,,,,,,,,,,,,,,,,,,,,,,,,,,,,,,,,,,,,,,,,,,,,,,,,,,,,,,,,,,,,,,,,,,2025-04-24 13:42:55,Signal Acquired,15.444036,73.865894,-0.58,0.33,9.68,-0.0,0.01,0.02,DETECTED
,,,,,,,,,,,,,,,,,,,,,,,,,,,,,,,,,,,,,,,,,,,,,,,,,,,,,,,,,,,,,,,,,,,,,,,,,,,,,,,,,,,,,,,,,,,,,,,,,,,,,,,,,2025-04-24 13:42:55,Signal Acquired,15.443955,73.866174,-0.13,1.23,7.16,-0.05,0.01,-0.0,NO
,,,,,,,,,,,,,,,,,,,,,,,,,,,,,,,,,,,,,,,,,,,,,,,,,,,,,,,,,,,,,,,,,,,,,,,,,,,,,,,,,,,,,,,,,,,,,,,,,,,,,,,,,2025-04-24 13:42:55,Signal Acquired,15.443955,73.866174,-0.16,0.5,8.17,-0.04,0.11,-0.0,DETECTED
,,,,,,,,,,,,,,,,,,,,,,,,,,,,,,,,,,,,,,,,,,,,,,,,,,,,,,,,,,,,,,,,,,,,,,,,,,,,,,,,,,,,,,,,,,,,,,,,,,,,,,,,,2025-04-24 13:42:57,Signal Acquired,15.443868,73.866464,-1.3,0.21,10.43,-0.03,0.03,0.01,DETECTED
,,,,,,,,,,,,,,,,,,,,,,,,,,,,,,,,,,,,,,,,,,,,,,,,,,,,,,,,,,,,,,,,,,,,,,,,,,,,,,,,,,,,,,,,,,,,,,,,,,,,,,,,,2025-04-24 13:42:57,Signal Acquired,15.443868,73.866464,-0.97,0.31,10.1,0.02,0.02,0.0,DETECTED
,,,,,,,,,,,,,,,,,,,,,,,,,,,,,,,,,,,,,,,,,,,,,,,,,,,,,,,,,,,,,,,,,,,,,,,,,,,,,,,,,,,,,,,,,,,,,,,,,,,,,,,,,2025-04-24 13:42:57,Signal Acquired,15.443787,73.866751,-1.0,1.02,8.04,-0.06,-0.06,0.03,NO
,,,,,,,,,,,,,,,,,,,,,,,,,,,,,,,,,,,,,,,,,,,,,,,,,,,,,,,,,,,,,,,,,,,,,,,,,,,,,,,,,,,,,,,,,,,,,,,,,,,,,,,,,2025-04-24 13:42:59,Signal Acquired,15.443787,73.866751,-0.77,0.99,8.62,-0.01,0.06,-0.02,NO
,,,,,,,,,,,,,,,,,,,,,,,,,,,,,,,,,,,,,,,,,,,,,,,,,,,,,,,,,,,,,,,,,,,,,,,,,,,,,,,,,,,,,,,,,,,,,,,,,,,,,,,,,2025-04-24 13:42:59,Signal Acquired,15.443701,73.867044,2.29,0.87,9.04,-0.04,-0.01,-0.01,DETECTED
,,,,,,,,,,,,,,,,,,,,,,,,,,,,,,,,,,,,,,,,,,,,,,,,,,,,,,,,,,,,,,,,,,,,,,,,,,,,,,,,,,,,,,,,,,,,,,,,,,,,,,,,,2025-04-24 13:42:59,Signal Acquired,15.443701,73.867044,0.38,-0.1,8.48,-0.04,-0.1,0.0,NO
,,,,,,,,,,,,,,,,,,,,,,,,,,,,,,,,,,,,,,,,,,,,,,,,,,,,,,,,,,,,,,,,,,,,,,,,,,,,,,,,,,,,,,,,,,,,,,,,,,,,,,,,,2025-04-24 13:43:01,Signal Acquired,15.443612,73.867338,1.42,0.85,8.33,-0.05,0.05,-0.03,NO
,,,,,,,,,,,,,,,,,,,,,,,,,,,,,,,,,,,,,,,,,,,,,,,,,,,,,,,,,,,,,,,,,,,,,,,,,,,,,,,,,,,,,,,,,,,,,,,,,,,,,,,,,2025-04-24 13:43:01,Signal Acquired,15.443612,73.867338,1.13,0.91,9.51,-0.02,0.01,0.02,DETECTED
,,,,,,,,,,,,,,,,,,,,,,,,,,,,,,,,,,,,,,,,,,,,,,,,,,,,,,,,,,,,,,,,,,,,,,,,,,,,,,,,,,,,,,,,,,,,,,,,,,,,,,,,,2025-04-24 13:43:01,Signal Acquired,15.443522,73.867637,0.0,1.07,9.66,-0.05,0.01,0.03,DETECTED
,,,,,,,,,,,,,,,,,,,,,,,,,,,,,,,,,,,,,,,,,,,,,,,,,,,,,,,,,,,,,,,,,,,,,,,,,,,,,,,,,,,,,,,,,,,,,,,,,,,,,,,,,2025-04-24 13:43:04,Signal Acquired,15.443522,73.867637,-0.08,1.23,9.09,0.0,0.02,-0.0,NO
,,,,,,,,,,,,,,,,,,,,,,,,,,,,,,,,,,,,,,,,,,,,,,,,,,,,,,,,,,,,,,,,,,,,,,,,,,,,,,,,,,,,,,,,,,,,,,,,,,,,,,,,,2025-04-24 13:43:04,Signal Acquired,15.443429,73.867941,0.42,0.9,9.44,0.02,0.1,-0.01,DETECTED
,,,,,,,,,,,,,,,,,,,,,,,,,,,,,,,,,,,,,,,,,,,,,,,,,,,,,,,,,,,,,,,,,,,,,,,,,,,,,,,,,,,,,,,,,,,,,,,,,,,,,,,,,2025-04-24 13:43:04,Signal Acquired,15.443429,73.867941,2.77,1.2,7.98,-0.05,0.05,-0.03,NO
,,,,,,,,,,,,,,,,,,,,,,,,,,,,,,,,,,,,,,,,,,,,,,,,,,,,,,,,,,,,,,,,,,,,,,,,,,,,,,,,,,,,,,,,,,,,,,,,,,,,,,,,,2025-04-24 13:43:06,Signal Acquired,15.443337,73.868247,0.31,0.69,9.82,-0.04,-0.03,0.02,NO
,,,,,,,,,,,,,,,,,,,,,,,,,,,,,,,,,,,,,,,,,,,,,,,,,,,,,,,,,,,,,,,,,,,,,,,,,,,,,,,,,,,,,,,,,,,,,,,,,,,,,,,,,2025-04-24 13:43:06,Signal Acquired,15.443337,73.868247,0.54,0.89,10.64,0.04,-0.0,0.05,DETECTED
,,,,,,,,,,,,,,,,,,,,,,,,,,,,,,,,,,,,,,,,,,,,,,,,,,,,,,,,,,,,,,,,,,,,,,,,,,,,,,,,,,,,,,,,,,,,,,,,,,,,,,,,,2025-04-24 13:43:06,Signal Acquired,15.443239,73.868562,1.2,0.48,8.35,-0.06,-0.08,0.03,DETECTED
,,,,,,,,,,,,,,,,,,,,,,,,,,,,,,,,,,,,,,,,,,,,,,,,,,,,,,,,,,,,,,,,,,,,,,,,,,,,,,,,,,,,,,,,,,,,,,,,,,,,,,,,,2025-04-24 13:43:08,Signal Acquired,15.443239,73.868562,1.55,0.43,8.82,-0.0,0.1,0.02,NO
,,,,,,,,,,,,,,,,,,,,,,,,,,,,,,,,,,,,,,,,,,,,,,,,,,,,,,,,,,,,,,,,,,,,,,,,,,,,,,,,,,,,,,,,,,,,,,,,,,,,,,,,,2025-04-24 13:43:08,Signal Acquired,15.443147,73.868877,-0.54,-1.28,10.64,-0.07,-0.01,0.06,DETECTED
,,,,,,,,,,,,,,,,,,,,,,,,,,,,,,,,,,,,,,,,,,,,,,,,,,,,,,,,,,,,,,,,,,,,,,,,,,,,,,,,,,,,,,,,,,,,,,,,,,,,,,,,,2025-04-24 13:43:08,Signal Acquired,15.443147,73.868877,-0.95,1.04,10.29,0.05,0.05,0.02,DETECTED
,,,,,,,,,,,,,,,,,,,,,,,,,,,,,,,,,,,,,,,,,,,,,,,,,,,,,,,,,,,,,,,,,,,,,,,,,,,,,,,,,,,,,,,,,,,,,,,,,,,,,,,,,2025-04-24 13:43:10,Signal Acquired,15.443067,73.869188,0.52,0.67,9.63,0.02,-0.03,-0.02,NO
,,,,,,,,,,,,,,,,,,,,,,,,,,,,,,,,,,,,,,,,,,,,,,,,,,,,,,,,,,,,,,,,,,,,,,,,,,,,,,,,,,,,,,,,,,,,,,,,,,,,,,,,,2025-04-24 13:43:10,Signal Acquired,15.443067,73.869188,-3.23,1.95,7.16,-0.18,-0.1,-0.22,DETECTED
,,,,,,,,,,,,,,,,,,,,,,,,,,,,,,,,,,,,,,,,,,,,,,,,,,,,,,,,,,,,,,,,,,,,,,,,,,,,,,,,,,,,,,,,,,,,,,,,,,,,,,,,,2025-04-24 13:43:10,Signal Acquired,15.44299,73.869502,-0.81,1.3,9.26,-0.02,0.12,-0.04,NO
,,,,,,,,,,,,,,,,,,,,,,,,,,,,,,,,,,,,,,,,,,,,,,,,,,,,,,,,,,,,,,,,,,,,,,,,,,,,,,,,,,,,,,,,,,,,,,,,,,,,,,,,,2025-04-24 13:43:12,Signal Acquired,15.44299,73.869502,0.21,0.76,11.97,0.02,-0.01,0.02,NO
,,,,,,,,,,,,,,,,,,,,,,,,,,,,,,,,,,,,,,,,,,,,,,,,,,,,,,,,,,,,,,,,,,,,,,,,,,,,,,,,,,,,,,,,,,,,,,,,,,,,,,,,,2025-04-24 13:43:12,Signal Acquired,15.442909,73.86982,4.46,-0.4,9.17,-0.3,-0.31,-0.01,DETECTED
,,,,,,,,,,,,,,,,,,,,,,,,,,,,,,,,,,,,,,,,,,,,,,,,,,,,,,,,,,,,,,,,,,,,,,,,,,,,,,,,,,,,,,,,,,,,,,,,,,,,,,,,,2025-04-24 13:43:12,Signal Acquired,15.442909,73.86982,0.09,0.95,9.08,-0.04,0.06,-0.01,NO
,,,,,,,,,,,,,,,,,,,,,,,,,,,,,,,,,,,,,,,,,,,,,,,,,,,,,,,,,,,,,,,,,,,,,,,,,,,,,,,,,,,,,,,,,,,,,,,,,,,,,,,,,2025-04-24 13:43:15,Signal Acquired,15.442821,73.870143,0.79,0.72,10.94,0.04,0.03,-0.01,NO
,,,,,,,,,,,,,,,,,,,,,,,,,,,,,,,,,,,,,,,,,,,,,,,,,,,,,,,,,,,,,,,,,,,,,,,,,,,,,,,,,,,,,,,,,,,,,,,,,,,,,,,,,2025-04-24 13:43:15,Signal Acquired,15.442821,73.870143,0.03,1.03,7.45,-0.02,0.08,-0.02,DETECTED
,,,,,,,,,,,,,,,,,,,,,,,,,,,,,,,,,,,,,,,,,,,,,,,,,,,,,,,,,,,,,,,,,,,,,,,,,,,,,,,,,,,,,,,,,,,,,,,,,,,,,,,,,2025-04-24 13:43:15,Signal Acquired,15.442731,73.870465,0.13,0.17,9.34,0.0,0.1,-0.02,NO
,,,,,,,,,,,,,,,,,,,,,,,,,,,,,,,,,,,,,,,,,,,,,,,,,,,,,,,,,,,,,,,,,,,,,,,,,,,,,,,,,,,,,,,,,,,,,,,,,,,,,,,,,2025-04-24 13:43:17,Signal Acquired,15.442731,73.870465,1.24,1.78,10.04,0.0,0.07,-0.02,DETECTED
,,,,,,,,,,,,,,,,,,,,,,,,,,,,,,,,,,,,,,,,,,,,,,,,,,,,,,,,,,,,,,,,,,,,,,,,,,,,,,,,,,,,,,,,,,,,,,,,,,,,,,,,,2025-04-24 13:43:17,Signal Acquired,15.442639,73.870785,0.82,0.51,7.71,-0.06,-0.01,0.0,NO
,,,,,,,,,,,,,,,,,,,,,,,,,,,,,,,,,,,,,,,,,,,,,,,,,,,,,,,,,,,,,,,,,,,,,,,,,,,,,,,,,,,,,,,,,,,,,,,,,,,,,,,,,2025-04-24 13:43:17,Signal Acquired,15.442639,73.870785,0.89,0.96,10.25,0.01,0.02,0.01,DETECTED
,,,,,,,,,,,,,,,,,,,,,,,,,,,,,,,,,,,,,,,,,,,,,,,,,,,,,,,,,,,,,,,,,,,,,,,,,,,,,,,,,,,,,,,,,,,,,,,,,,,,,,,,,2025-04-24 13:43:19,Signal Acquired,15.442543,73.871102,-2.38,0.76,10.49,0.03,0.09,-0.02,DETECTED
,,,,,,,,,,,,,,,,,,,,,,,,,,,,,,,,,,,,,,,,,,,,,,,,,,,,,,,,,,,,,,,,,,,,,,,,,,,,,,,,,,,,,,,,,,,,,,,,,,,,,,,,,2025-04-24 13:43:19,Signal Acquired,15.442543,73.871102,0.22,1.34,10.52,0.03,0.08,-0.0,DETECTED
,,,,,,,,,,,,,,,,,,,,,,,,,,,,,,,,,,,,,,,,,,,,,,,,,,,,,,,,,,,,,,,,,,,,,,,,,,,,,,,,,,,,,,,,,,,,,,,,,,,,,,,,,2025-04-24 13:43:19,Signal Acquired,15.442449,73.871416,2.35,0.56,8.58,-0.01,0.06,0.0,NO
,,,,,,,,,,,,,,,,,,,,,,,,,,,,,,,,,,,,,,,,,,,,,,,,,,,,,,,,,,,,,,,,,,,,,,,,,,,,,,,,,,,,,,,,,,,,,,,,,,,,,,,,,2025-04-24 13:43:21,Signal Acquired,15.442449,73.871416,-1.08,0.84,9.06,-0.02,0.02,0.02,DETECTED
,,,,,,,,,,,,,,,,,,,,,,,,,,,,,,,,,,,,,,,,,,,,,,,,,,,,,,,,,,,,,,,,,,,,,,,,,,,,,,,,,,,,,,,,,,,,,,,,,,,,,,,,,2025-04-24 13:43:21,Signal Acquired,15.44235,73.871736,-0.05,0.81,9.94,0.03,0.01,-0.01,NO
,,,,,,,,,,,,,,,,,,,,,,,,,,,,,,,,,,,,,,,,,,,,,,,,,,,,,,,,,,,,,,,,,,,,,,,,,,,,,,,,,,,,,,,,,,,,,,,,,,,,,,,,,2025-04-24 13:43:22,Signal Acquired,15.44235,73.871736,1.32,0.96,7.52,0.02,0.04,0.01,NO
,,,,,,,,,,,,,,,,,,,,,,,,,,,,,,,,,,,,,,,,,,,,,,,,,,,,,,,,,,,,,,,,,,,,,,,,,,,,,,,,,,,,,,,,,,,,,,,,,,,,,,,,,2025-04-24 13:43:24,Signal Acquired,15.442255,73.872055,2.28,2.66,6.55,0.15,0.06,-0.0,DETECTED
,,,,,,,,,,,,,,,,,,,,,,,,,,,,,,,,,,,,,,,,,,,,,,,,,,,,,,,,,,,,,,,,,,,,,,,,,,,,,,,,,,,,,,,,,,,,,,,,,,,,,,,,,2025-04-24 13:43:24,Signal Acquired,15.442255,73.872055,1.43,1.05,10.86,0.07,0.04,0.03,DETECTED
,,,,,,,,,,,,,,,,,,,,,,,,,,,,,,,,,,,,,,,,,,,,,,,,,,,,,,,,,,,,,,,,,,,,,,,,,,,,,,,,,,,,,,,,,,,,,,,,,,,,,,,,,2025-04-24 13:43:24,Signal Acquired,15.442163,73.872375,0.61,1.12,9.35,0.03,-0.03,0.01,NO
,,,,,,,,,,,,,,,,,,,,,,,,,,,,,,,,,,,,,,,,,,,,,,,,,,,,,,,,,,,,,,,,,,,,,,,,,,,,,,,,,,,,,,,,,,,,,,,,,,,,,,,,,2025-04-24 13:43:26,Signal Acquired,15.442163,73.872375,-1.27,0.54,10.85,0.04,0.07,-0.01,NO
,,,,,,,,,,,,,,,,,,,,,,,,,,,,,,,,,,,,,,,,,,,,,,,,,,,,,,,,,,,,,,,,,,,,,,,,,,,,,,,,,,,,,,,,,,,,,,,,,,,,,,,,,2025-04-24 13:43:26,Signal Acquired,15.442071,73.872696,-1.94,1.42,10.54,0.02,0.12,0.01,NO
,,,,,,,,,,,,,,,,,,,,,,,,,,,,,,,,,,,,,,,,,,,,,,,,,,,,,,,,,,,,,,,,,,,,,,,,,,,,,,,,,,,,,,,,,,,,,,,,,,,,,,,,,2025-04-24 13:43:26,Signal Acquired,15.442071,73.872696,-2.3,0.8,9.16,-0.01,0.09,0.01,DETECTED
,,,,,,,,,,,,,,,,,,,,,,,,,,,,,,,,,,,,,,,,,,,,,,,,,,,,,,,,,,,,,,,,,,,,,,,,,,,,,,,,,,,,,,,,,,,,,,,,,,,,,,,,,2025-04-24 13:43:28,Signal Acquired,15.441972,73.873025,-0.31,0.81,9.61,-0.02,0.03,0.0,DETECTED
,,,,,,,,,,,,,,,,,,,,,,,,,,,,,,,,,,,,,,,,,,,,,,,,,,,,,,,,,,,,,,,,,,,,,,,,,,,,,,,,,,,,,,,,,,,,,,,,,,,,,,,,,2025-04-24 13:43:28,Signal Acquired,15.441972,73.873025,-0.87,0.28,9.76,-0.01,-0.0,0.0,NO
,,,,,,,,,,,,,,,,,,,,,,,,,,,,,,,,,,,,,,,,,,,,,,,,,,,,,,,,,,,,,,,,,,,,,,,,,,,,,,,,,,,,,,,,,,,,,,,,,,,,,,,,,2025-04-24 13:43:28,Signal Acquired,15.441873,73.873357,-1.45,0.64,7.6,-0.05,-0.0,0.04,DETECTED
,,,,,,,,,,,,,,,,,,,,,,,,,,,,,,,,,,,,,,,,,,,,,,,,,,,,,,,,,,,,,,,,,,,,,,,,,,,,,,,,,,,,,,,,,,,,,,,,,,,,,,,,,2025-04-24 13:43:30,Signal Acquired,15.441873,73.873357,-1.93,0.56,8.57,-0.0,0.04,-0.0,DETECTED
,,,,,,,,,,,,,,,,,,,,,,,,,,,,,,,,,,,,,,,,,,,,,,,,,,,,,,,,,,,,,,,,,,,,,,,,,,,,,,,,,,,,,,,,,,,,,,,,,,,,,,,,,2025-04-24 13:43:30,Signal Acquired,15.441774,73.873689,2.05,0.69,8.28,-0.03,0.03,-0.02,DETECTED
,,,,,,,,,,,,,,,,,,,,,,,,,,,,,,,,,,,,,,,,,,,,,,,,,,,,,,,,,,,,,,,,,,,,,,,,,,,,,,,,,,,,,,,,,,,,,,,,,,,,,,,,,2025-04-24 13:43:30,Signal Acquired,15.441774,73.873689,4.23,1.63,5.88,-0.05,0.06,0.09,DETECTED
,,,,,,,,,,,,,,,,,,,,,,,,,,,,,,,,,,,,,,,,,,,,,,,,,,,,,,,,,,,,,,,,,,,,,,,,,,,,,,,,,,,,,,,,,,,,,,,,,,,,,,,,,2025-04-24 13:43:33,Signal Acquired,15.441674,73.874022,0.43,0.86,9.54,-0.07,0.01,-0.01,NO
,,,,,,,,,,,,,,,,,,,,,,,,,,,,,,,,,,,,,,,,,,,,,,,,,,,,,,,,,,,,,,,,,,,,,,,,,,,,,,,,,,,,,,,,,,,,,,,,,,,,,,,,,2025-04-24 13:43:33,Signal Acquired,15.441674,73.874022,2.35,0.79,10.32,0.07,-0.06,0.01,DETECTED
,,,,,,,,,,,,,,,,,,,,,,,,,,,,,,,,,,,,,,,,,,,,,,,,,,,,,,,,,,,,,,,,,,,,,,,,,,,,,,,,,,,,,,,,,,,,,,,,,,,,,,,,,2025-04-24 13:43:33,Signal Acquired,15.441573,73.874356,0.48,-0.47,6.99,-0.1,0.02,-0.03,DETECTED
,,,,,,,,,,,,,,,,,,,,,,,,,,,,,,,,,,,,,,,,,,,,,,,,,,,,,,,,,,,,,,,,,,,,,,,,,,,,,,,,,,,,,,,,,,,,,,,,,,,,,,,,,2025-04-24 13:43:35,Signal Acquired,15.441573,73.874356,-1.19,1.23,8.34,-0.01,0.03,0.02,NO
,,,,,,,,,,,,,,,,,,,,,,,,,,,,,,,,,,,,,,,,,,,,,,,,,,,,,,,,,,,,,,,,,,,,,,,,,,,,,,,,,,,,,,,,,,,,,,,,,,,,,,,,,2025-04-24 13:43:35,Signal Acquired,15.441471,73.874689,-1.72,0.96,8.16,-0.02,0.1,-0.04,DETECTED
,,,,,,,,,,,,,,,,,,,,,,,,,,,,,,,,,,,,,,,,,,,,,,,,,,,,,,,,,,,,,,,,,,,,,,,,,,,,,,,,,,,,,,,,,,,,,,,,,,,,,,,,,2025-04-24 13:43:35,Signal Acquired,15.441471,73.874689,3.73,0.7,8.95,0.01,0.09,-0.01,DETECTED
,,,,,,,,,,,,,,,,,,,,,,,,,,,,,,,,,,,,,,,,,,,,,,,,,,,,,,,,,,,,,,,,,,,,,,,,,,,,,,,,,,,,,,,,,,,,,,,,,,,,,,,,,2025-04-24 13:43:37,Signal Acquired,15.441365,73.875023,-3.1,0.16,10.45,-0.01,-0.08,0.02,DETECTED
,,,,,,,,,,,,,,,,,,,,,,,,,,,,,,,,,,,,,,,,,,,,,,,,,,,,,,,,,,,,,,,,,,,,,,,,,,,,,,,,,,,,,,,,,,,,,,,,,,,,,,,,,2025-04-24 13:43:37,Signal Acquired,15.441365,73.875023,4.78,0.86,10.4,0.01,0.11,-0.03,NO
,,,,,,,,,,,,,,,,,,,,,,,,,,,,,,,,,,,,,,,,,,,,,,,,,,,,,,,,,,,,,,,,,,,,,,,,,,,,,,,,,,,,,,,,,,,,,,,,,,,,,,,,,2025-04-24 13:43:37,Signal Acquired,15.441252,73.875359,-0.12,0.64,9.71,0.01,-0.02,-0.02,NO
,,,,,,,,,,,,,,,,,,,,,,,,,,,,,,,,,,,,,,,,,,,,,,,,,,,,,,,,,,,,,,,,,,,,,,,,,,,,,,,,,,,,,,,,,,,,,,,,,,,,,,,,,2025-04-24 13:43:39,Signal Acquired,15.441252,73.875359,3.34,1.62,9.94,0.01,-0.01,-0.04,DETECTED
,,,,,,,,,,,,,,,,,,,,,,,,,,,,,,,,,,,,,,,,,,,,,,,,,,,,,,,,,,,,,,,,,,,,,,,,,,,,,,,,,,,,,,,,,,,,,,,,,,,,,,,,,2025-04-24 13:43:39,Signal Acquired,15.441128,73.875695,-1.24,0.83,9.43,0.0,0.18,-0.01,DETECTED
,,,,,,,,,,,,,,,,,,,,,,,,,,,,,,,,,,,,,,,,,,,,,,,,,,,,,,,,,,,,,,,,,,,,,,,,,,,,,,,,,,,,,,,,,,,,,,,,,,,,,,,,,2025-04-24 13:43:39,Signal Acquired,15.441128,73.875695,-0.26,0.29,8.17,-0.01,0.04,-0.01,DETECTED
,,,,,,,,,,,,,,,,,,,,,,,,,,,,,,,,,,,,,,,,,,,,,,,,,,,,,,,,,,,,,,,,,,,,,,,,,,,,,,,,,,,,,,,,,,,,,,,,,,,,,,,,,2025-04-24 13:43:42,Signal Acquired,15.440999,73.876028,4.13,-2.08,8.23,-0.15,0.21,-0.08,DETECTED
,,,,,,,,,,,,,,,,,,,,,,,,,,,,,,,,,,,,,,,,,,,,,,,,,,,,,,,,,,,,,,,,,,,,,,,,,,,,,,,,,,,,,,,,,,,,,,,,,,,,,,,,,2025-04-24 13:43:42,Signal Acquired,15.440999,73.876028,-0.92,-0.06,9.39,-0.0,0.02,-0.01,NO
,,,,,,,,,,,,,,,,,,,,,,,,,,,,,,,,,,,,,,,,,,,,,,,,,,,,,,,,,,,,,,,,,,,,,,,,,,,,,,,,,,,,,,,,,,,,,,,,,,,,,,,,,2025-04-24 13:43:42,Signal Acquired,15.440864,73.876355,-1.02,-1.19,9.95,-0.03,0.05,-0.02,NO
,,,,,,,,,,,,,,,,,,,,,,,,,,,,,,,,,,,,,,,,,,,,,,,,,,,,,,,,,,,,,,,,,,,,,,,,,,,,,,,,,,,,,,,,,,,,,,,,,,,,,,,,,2025-04-24 13:43:44,Signal Acquired,15.440864,73.876355,0.23,-1.13,9.4,-0.02,-0.05,-0.02,DETECTED
,,,,,,,,,,,,,,,,,,,,,,,,,,,,,,,,,,,,,,,,,,,,,,,,,,,,,,,,,,,,,,,,,,,,,,,,,,,,,,,,,,,,,,,,,,,,,,,,,,,,,,,,,2025-04-24 13:43:44,Signal Acquired,15.440728,73.876672,-2.11,-1.81,11.29,0.04,0.01,0.01,DETECTED
,,,,,,,,,,,,,,,,,,,,,,,,,,,,,,,,,,,,,,,,,,,,,,,,,,,,,,,,,,,,,,,,,,,,,,,,,,,,,,,,,,,,,,,,,,,,,,,,,,,,,,,,,2025-04-24 13:43:44,Signal Acquired,15.440728,73.876672,-0.49,-0.42,9.82,-0.0,0.08,-0.0,DETECTED
,,,,,,,,,,,,,,,,,,,,,,,,,,,,,,,,,,,,,,,,,,,,,,,,,,,,,,,,,,,,,,,,,,,,,,,,,,,,,,,,,,,,,,,,,,,,,,,,,,,,,,,,,2025-04-24 13:43:46,Signal Acquired,15.440593,73.876975,0.83,-0.72,8.04,-0.05,0.05,-0.01,DETECTED
,,,,,,,,,,,,,,,,,,,,,,,,,,,,,,,,,,,,,,,,,,,,,,,,,,,,,,,,,,,,,,,,,,,,,,,,,,,,,,,,,,,,,,,,,,,,,,,,,,,,,,,,,2025-04-24 13:43:46,Signal Acquired,15.440593,73.876975,1.73,0.14,9.8,-0.01,0.04,-0.05,NO
,,,,,,,,,,,,,,,,,,,,,,,,,,,,,,,,,,,,,,,,,,,,,,,,,,,,,,,,,,,,,,,,,,,,,,,,,,,,,,,,,,,,,,,,,,,,,,,,,,,,,,,,,2025-04-24 13:43:46,Signal Acquired,15.440458,73.877267,3.57,-0.17,11.43,0.02,0.06,-0.01,DETECTED
,,,,,,,,,,,,,,,,,,,,,,,,,,,,,,,,,,,,,,,,,,,,,,,,,,,,,,,,,,,,,,,,,,,,,,,,,,,,,,,,,,,,,,,,,,,,,,,,,,,,,,,,,2025-04-24 13:43:48,Signal Acquired,15.440458,73.877267,2.07,-0.77,10.53,0.04,-0.01,-0.01,DETECTED
,,,,,,,,,,,,,,,,,,,,,,,,,,,,,,,,,,,,,,,,,,,,,,,,,,,,,,,,,,,,,,,,,,,,,,,,,,,,,,,,,,,,,,,,,,,,,,,,,,,,,,,,,2025-04-24 13:43:48,Signal Acquired,15.440321,73.877549,-1.36,-0.51,8.54,-0.08,0.03,-0.03,NO
,,,,,,,,,,,,,,,,,,,,,,,,,,,,,,,,,,,,,,,,,,,,,,,,,,,,,,,,,,,,,,,,,,,,,,,,,,,,,,,,,,,,,,,,,,,,,,,,,,,,,,,,,2025-04-24 13:43:48,Signal Acquired,15.440321,73.877549,3.35,-0.9,8.57,-0.02,-0.09,-0.03,NO
,,,,,,,,,,,,,,,,,,,,,,,,,,,,,,,,,,,,,,,,,,,,,,,,,,,,,,,,,,,,,,,,,,,,,,,,,,,,,,,,,,,,,,,,,,,,,,,,,,,,,,,,,2025-04-24 13:43:51,Signal Acquired,15.440183,73.877823,-0.21,-1.71,10.72,0.01,-0.06,0.01,DETECTED
,,,,,,,,,,,,,,,,,,,,,,,,,,,,,,,,,,,,,,,,,,,,,,,,,,,,,,,,,,,,,,,,,,,,,,,,,,,,,,,,,,,,,,,,,,,,,,,,,,,,,,,,,2025-04-24 13:43:51,Signal Acquired,15.440183,73.877823,0.16,-2.33,8.71,-0.04,-0.08,-0.02,NO
,,,,,,,,,,,,,,,,,,,,,,,,,,,,,,,,,,,,,,,,,,,,,,,,,,,,,,,,,,,,,,,,,,,,,,,,,,,,,,,,,,,,,,,,,,,,,,,,,,,,,,,,,2025-04-24 13:43:51,Signal Acquired,15.440045,73.878085,-1.76,-0.66,9.56,-0.02,-0.04,-0.03,DETECTED
,,,,,,,,,,,,,,,,,,,,,,,,,,,,,,,,,,,,,,,,,,,,,,,,,,,,,,,,,,,,,,,,,,,,,,,,,,,,,,,,,,,,,,,,,,,,,,,,,,,,,,,,,2025-04-24 13:43:53,Signal Acquired,15.440045,73.878085,0.52,-1.59,10.19,0.08,0.1,-0.07,DETECTED
,,,,,,,,,,,,,,,,,,,,,,,,,,,,,,,,,,,,,,,,,,,,,,,,,,,,,,,,,,,,,,,,,,,,,,,,,,,,,,,,,,,,,,,,,,,,,,,,,,,,,,,,,2025-04-24 13:43:53,Signal Acquired,15.439909,73.87833,4.06,-1.64,9.66,0.05,0.1,-0.02,DETECTED
,,,,,,,,,,,,,,,,,,,,,,,,,,,,,,,,,,,,,,,,,,,,,,,,,,,,,,,,,,,,,,,,,,,,,,,,,,,,,,,,,,,,,,,,,,,,,,,,,,,,,,,,,2025-04-24 13:43:53,Signal Acquired,15.439909,73.87833,1.34,-0.62,8.87,-0.01,0.03,0.01,DETECTED
,,,,,,,,,,,,,,,,,,,,,,,,,,,,,,,,,,,,,,,,,,,,,,,,,,,,,,,,,,,,,,,,,,,,,,,,,,,,,,,,,,,,,,,,,,,,,,,,,,,,,,,,,2025-04-24 13:43:55,Signal Acquired,15.439773,73.878565,-0.11,0.82,4.78,-0.31,0.06,0.06,DETECTED
,,,,,,,,,,,,,,,,,,,,,,,,,,,,,,,,,,,,,,,,,,,,,,,,,,,,,,,,,,,,,,,,,,,,,,,,,,,,,,,,,,,,,,,,,,,,,,,,,,,,,,,,,2025-04-24 13:43:55,Signal Acquired,15.439773,73.878565,-0.86,0.74,10.95,-0.02,0.07,0.05,NO
,,,,,,,,,,,,,,,,,,,,,,,,,,,,,,,,,,,,,,,,,,,,,,,,,,,,,,,,,,,,,,,,,,,,,,,,,,,,,,,,,,,,,,,,,,,,,,,,,,,,,,,,,2025-04-24 13:43:55,Signal Acquired,15.439636,73.878795,0.02,0.92,13.2,0.22,0.14,0.04,NO
,,,,,,,,,,,,,,,,,,,,,,,,,,,,,,,,,,,,,,,,,,,,,,,,,,,,,,,,,,,,,,,,,,,,,,,,,,,,,,,,,,,,,,,,,,,,,,,,,,,,,,,,,2025-04-24 13:43:57,Signal Acquired,15.439636,73.878795,0.32,-0.69,8.46,-0.04,0.01,-0.03,DETECTED
,,,,,,,,,,,,,,,,,,,,,,,,,,,,,,,,,,,,,,,,,,,,,,,,,,,,,,,,,,,,,,,,,,,,,,,,,,,,,,,,,,,,,,,,,,,,,,,,,,,,,,,,,2025-04-24 13:43:57,Signal Acquired,15.439495,73.879022,1.71,-0.86,9.66,0.09,-0.07,0.09,DETECTED
,,,,,,,,,,,,,,,,,,,,,,,,,,,,,,,,,,,,,,,,,,,,,,,,,,,,,,,,,,,,,,,,,,,,,,,,,,,,,,,,,,,,,,,,,,,,,,,,,,,,,,,,,2025-04-24 13:43:57,Signal Acquired,15.439495,73.879022,2.73,-1.71,10.85,0.12,0.02,-0.03,NO
,,,,,,,,,,,,,,,,,,,,,,,,,,,,,,,,,,,,,,,,,,,,,,,,,,,,,,,,,,,,,,,,,,,,,,,,,,,,,,,,,,,,,,,,,,,,,,,,,,,,,,,,,2025-04-24 13:44:00,Signal Acquired,15.439358,73.879239,2.3,-2.23,9.19,0.08,-0.08,0.07,NO
,,,,,,,,,,,,,,,,,,,,,,,,,,,,,,,,,,,,,,,,,,,,,,,,,,,,,,,,,,,,,,,,,,,,,,,,,,,,,,,,,,,,,,,,,,,,,,,,,,,,,,,,,2025-04-24 13:44:00,Signal Acquired,15.439358,73.879239,4.9,0.34,8.4,0.13,0.02,0.04,DETECTED
,,,,,,,,,,,,,,,,,,,,,,,,,,,,,,,,,,,,,,,,,,,,,,,,,,,,,,,,,,,,,,,,,,,,,,,,,,,,,,,,,,,,,,,,,,,,,,,,,,,,,,,,,2025-04-24 13:44:00,Signal Acquired,15.439222,73.879445,-3.72,-1.42,8.57,-0.09,0.02,-0.1,DETECTED
,,,,,,,,,,,,,,,,,,,,,,,,,,,,,,,,,,,,,,,,,,,,,,,,,,,,,,,,,,,,,,,,,,,,,,,,,,,,,,,,,,,,,,,,,,,,,,,,,,,,,,,,,2025-04-24 13:44:02,Signal Acquired,15.439222,73.879445,1.44,0.09,9.78,0.04,-0.03,-0.05,DETECTED
,,,,,,,,,,,,,,,,,,,,,,,,,,,,,,,,,,,,,,,,,,,,,,,,,,,,,,,,,,,,,,,,,,,,,,,,,,,,,,,,,,,,,,,,,,,,,,,,,,,,,,,,,2025-04-24 13:44:02,Signal Acquired,15.439087,73.879643,-1.0,0.54,10.3,0.08,0.05,0.03,NO
,,,,,,,,,,,,,,,,,,,,,,,,,,,,,,,,,,,,,,,,,,,,,,,,,,,,,,,,,,,,,,,,,,,,,,,,,,,,,,,,,,,,,,,,,,,,,,,,,,,,,,,,,2025-04-24 13:44:02,Signal Acquired,15.439087,73.879643,0.47,-0.49,7.33,-0.09,0.02,-0.05,DETECTED
,,,,,,,,,,,,,,,,,,,,,,,,,,,,,,,,,,,,,,,,,,,,,,,,,,,,,,,,,,,,,,,,,,,,,,,,,,,,,,,,,,,,,,,,,,,,,,,,,,,,,,,,,2025-04-24 13:44:04,Signal Acquired,15.438952,73.879834,4.66,-0.08,8.71,0.0,-0.01,-0.0,DETECTED
,,,,,,,,,,,,,,,,,,,,,,,,,,,,,,,,,,,,,,,,,,,,,,,,,,,,,,,,,,,,,,,,,,,,,,,,,,,,,,,,,,,,,,,,,,,,,,,,,,,,,,,,,2025-04-24 13:44:04,Signal Acquired,15.438952,73.879834,2.02,-0.96,9.88,0.15,0.09,0.0,DETECTED
,,,,,,,,,,,,,,,,,,,,,,,,,,,,,,,,,,,,,,,,,,,,,,,,,,,,,,,,,,,,,,,,,,,,,,,,,,,,,,,,,,,,,,,,,,,,,,,,,,,,,,,,,2025-04-24 13:44:04,Signal Acquired,15.438816,73.880019,1.29,-0.41,9.4,0.01,0.09,-0.03,DETECTED
,,,,,,,,,,,,,,,,,,,,,,,,,,,,,,,,,,,,,,,,,,,,,,,,,,,,,,,,,,,,,,,,,,,,,,,,,,,,,,,,,,,,,,,,,,,,,,,,,,,,,,,,,2025-04-24 13:44:06,Signal Acquired,15.438816,73.880019,-1.79,0.49,9.25,-0.03,0.16,-0.08,DETECTED
,,,,,,,,,,,,,,,,,,,,,,,,,,,,,,,,,,,,,,,,,,,,,,,,,,,,,,,,,,,,,,,,,,,,,,,,,,,,,,,,,,,,,,,,,,,,,,,,,,,,,,,,,2025-04-24 13:44:06,Signal Acquired,15.438681,73.880196,5.02,-0.26,9.4,0.01,-0.05,0.05,NO
,,,,,,,,,,,,,,,,,,,,,,,,,,,,,,,,,,,,,,,,,,,,,,,,,,,,,,,,,,,,,,,,,,,,,,,,,,,,,,,,,,,,,,,,,,,,,,,,,,,,,,,,,2025-04-24 13:44:06,Signal Acquired,15.438681,73.880196,0.42,-0.85,9.77,0.01,-0.02,0.02,DETECTED
,,,,,,,,,,,,,,,,,,,,,,,,,,,,,,,,,,,,,,,,,,,,,,,,,,,,,,,,,,,,,,,,,,,,,,,,,,,,,,,,,,,,,,,,,,,,,,,,,,,,,,,,,2025-04-24 13:44:09,Signal Acquired,15.438552,73.880369,-3.23,-1.64,10.13,-0.09,0.09,-0.03,DETECTED
,,,,,,,,,,,,,,,,,,,,,,,,,,,,,,,,,,,,,,,,,,,,,,,,,,,,,,,,,,,,,,,,,,,,,,,,,,,,,,,,,,,,,,,,,,,,,,,,,,,,,,,,,2025-04-24 13:44:09,Signal Acquired,15.438552,73.880369,5.68,-2.99,7.97,-0.1,-0.17,0.12,DETECTED
,,,,,,,,,,,,,,,,,,,,,,,,,,,,,,,,,,,,,,,,,,,,,,,,,,,,,,,,,,,,,,,,,,,,,,,,,,,,,,,,,,,,,,,,,,,,,,,,,,,,,,,,,2025-04-24 13:44:09,Signal Acquired,15.43843,73.880527,-0.4,-3.05,9.4,-0.03,0.22,-0.15,DETECTED
,,,,,,,,,,,,,,,,,,,,,,,,,,,,,,,,,,,,,,,,,,,,,,,,,,,,,,,,,,,,,,,,,,,,,,,,,,,,,,,,,,,,,,,,,,,,,,,,,,,,,,,,,2025-04-24 13:44:11,Signal Acquired,15.43843,73.880527,2.42,-1.84,9.98,0.07,-0.06,0.02,DETECTED
,,,,,,,,,,,,,,,,,,,,,,,,,,,,,,,,,,,,,,,,,,,,,,,,,,,,,,,,,,,,,,,,,,,,,,,,,,,,,,,,,,,,,,,,,,,,,,,,,,,,,,,,,2025-04-24 13:44:11,Signal Acquired,15.438322,73.880667,5.58,-2.51,8.91,-0.0,-0.15,0.18,NO
,,,,,,,,,,,,,,,,,,,,,,,,,,,,,,,,,,,,,,,,,,,,,,,,,,,,,,,,,,,,,,,,,,,,,,,,,,,,,,,,,,,,,,,,,,,,,,,,,,,,,,,,,2025-04-24 13:44:11,Signal Acquired,15.438322,73.880667,0.26,-2.31,10.12,-0.0,0.08,-0.02,DETECTED
,,,,,,,,,,,,,,,,,,,,,,,,,,,,,,,,,,,,,,,,,,,,,,,,,,,,,,,,,,,,,,,,,,,,,,,,,,,,,,,,,,,,,,,,,,,,,,,,,,,,,,,,,2025-04-24 13:44:13,Signal Acquired,15.438226,73.880788,2.91,-1.06,10.64,-0.04,0.06,0.06,NO
,,,,,,,,,,,,,,,,,,,,,,,,,,,,,,,,,,,,,,,,,,,,,,,,,,,,,,,,,,,,,,,,,,,,,,,,,,,,,,,,,,,,,,,,,,,,,,,,,,,,,,,,,2025-04-24 13:44:13,Signal Acquired,15.438226,73.880788,-0.01,0.21,10.2,0.02,0.05,-0.01,DETECTED
,,,,,,,,,,,,,,,,,,,,,,,,,,,,,,,,,,,,,,,,,,,,,,,,,,,,,,,,,,,,,,,,,,,,,,,,,,,,,,,,,,,,,,,,,,,,,,,,,,,,,,,,,2025-04-24 13:44:13,Signal Acquired,15.438135,73.880899,1.75,-0.36,10.7,-0.27,0.03,0.01,DETECTED
,,,,,,,,,,,,,,,,,,,,,,,,,,,,,,,,,,,,,,,,,,,,,,,,,,,,,,,,,,,,,,,,,,,,,,,,,,,,,,,,,,,,,,,,,,,,,,,,,,,,,,,,,2025-04-24 13:44:15,Signal Acquired,15.438135,73.880899,-0.5,0.8,10.29,0.06,0.04,-0.01,NO
,,,,,,,,,,,,,,,,,,,,,,,,,,,,,,,,,,,,,,,,,,,,,,,,,,,,,,,,,,,,,,,,,,,,,,,,,,,,,,,,,,,,,,,,,,,,,,,,,,,,,,,,,2025-04-24 13:44:15,Signal Acquired,15.438048,73.881004,-3.27,0.79,10.35,-0.05,0.06,0.04,DETECTED
,,,,,,,,,,,,,,,,,,,,,,,,,,,,,,,,,,,,,,,,,,,,,,,,,,,,,,,,,,,,,,,,,,,,,,,,,,,,,,,,,,,,,,,,,,,,,,,,,,,,,,,,,2025-04-24 13:44:15,Signal Acquired,15.438048,73.881004,1.82,0.54,9.65,-0.03,-0.02,0.04,DETECTED
,,,,,,,,,,,,,,,,,,,,,,,,,,,,,,,,,,,,,,,,,,,,,,,,,,,,,,,,,,,,,,,,,,,,,,,,,,,,,,,,,,,,,,,,,,,,,,,,,,,,,,,,,2025-04-24 13:44:18,Signal Acquired,15.437969,73.881106,0.94,-0.2,9.73,-0.02,-0.07,0.04,DETECTED
,,,,,,,,,,,,,,,,,,,,,,,,,,,,,,,,,,,,,,,,,,,,,,,,,,,,,,,,,,,,,,,,,,,,,,,,,,,,,,,,,,,,,,,,,,,,,,,,,,,,,,,,,2025-04-24 13:44:18,Signal Acquired,15.437969,73.881106,-0.34,-0.28,9.16,0.0,0.05,-0.06,NO
,,,,,,,,,,,,,,,,,,,,,,,,,,,,,,,,,,,,,,,,,,,,,,,,,,,,,,,,,,,,,,,,,,,,,,,,,,,,,,,,,,,,,,,,,,,,,,,,,,,,,,,,,2025-04-24 13:44:18,Signal Acquired,15.437891,73.881208,0.7,0.59,8.91,-0.06,0.04,-0.04,DETECTED
,,,,,,,,,,,,,,,,,,,,,,,,,,,,,,,,,,,,,,,,,,,,,,,,,,,,,,,,,,,,,,,,,,,,,,,,,,,,,,,,,,,,,,,,,,,,,,,,,,,,,,,,,2025-04-24 13:44:20,Signal Acquired,15.437891,73.881208,1.47,1.6,9.28,0.01,0.03,-0.02,DETECTED
,,,,,,,,,,,,,,,,,,,,,,,,,,,,,,,,,,,,,,,,,,,,,,,,,,,,,,,,,,,,,,,,,,,,,,,,,,,,,,,,,,,,,,,,,,,,,,,,,,,,,,,,,2025-04-24 13:44:20,Signal Acquired,15.437808,73.88131,0.39,1.45,9.25,-0.04,0.09,-0.04,NO
,,,,,,,,,,,,,,,,,,,,,,,,,,,,,,,,,,,,,,,,,,,,,,,,,,,,,,,,,,,,,,,,,,,,,,,,,,,,,,,,,,,,,,,,,,,,,,,,,,,,,,,,,2025-04-24 13:44:20,Signal Acquired,15.437808,73.88131,-0.87,1.68,9.36,-0.01,0.05,-0.01,NO
,,,,,,,,,,,,,,,,,,,,,,,,,,,,,,,,,,,,,,,,,,,,,,,,,,,,,,,,,,,,,,,,,,,,,,,,,,,,,,,,,,,,,,,,,,,,,,,,,,,,,,,,,2025-04-24 13:44:22,Signal Acquired,15.43772,73.881415,-0.22,1.84,9.32,0.02,0.01,0.04,DETECTED
,,,,,,,,,,,,,,,,,,,,,,,,,,,,,,,,,,,,,,,,,,,,,,,,,,,,,,,,,,,,,,,,,,,,,,,,,,,,,,,,,,,,,,,,,,,,,,,,,,,,,,,,,2025-04-24 13:44:22,Signal Acquired,15.43772,73.881415,-0.84,1.37,10.33,-0.01,-0.04,0.04,NO
,,,,,,,,,,,,,,,,,,,,,,,,,,,,,,,,,,,,,,,,,,,,,,,,,,,,,,,,,,,,,,,,,,,,,,,,,,,,,,,,,,,,,,,,,,,,,,,,,,,,,,,,,2025-04-24 13:44:22,Signal Acquired,15.437628,73.881526,-0.72,1.37,8.88,-0.01,-0.01,0.02,DETECTED
,,,,,,,,,,,,,,,,,,,,,,,,,,,,,,,,,,,,,,,,,,,,,,,,,,,,,,,,,,,,,,,,,,,,,,,,,,,,,,,,,,,,,,,,,,,,,,,,,,,,,,,,,2025-04-24 13:44:24,Signal Acquired,15.437628,73.881526,1.94,2.41,9.19,0.05,-0.03,0.0,DETECTED
,,,,,,,,,,,,,,,,,,,,,,,,,,,,,,,,,,,,,,,,,,,,,,,,,,,,,,,,,,,,,,,,,,,,,,,,,,,,,,,,,,,,,,,,,,,,,,,,,,,,,,,,,2025-04-24 13:44:24,Signal Acquired,15.43753,73.881647,1.07,1.94,10.5,0.15,0.0,0.02,DETECTED
,,,,,,,,,,,,,,,,,,,,,,,,,,,,,,,,,,,,,,,,,,,,,,,,,,,,,,,,,,,,,,,,,,,,,,,,,,,,,,,,,,,,,,,,,,,,,,,,,,,,,,,,,2025-04-24 13:44:24,Signal Acquired,15.43753,73.881647,1.03,1.97,8.93,-0.04,0.06,-0.05,DETECTED
,,,,,,,,,,,,,,,,,,,,,,,,,,,,,,,,,,,,,,,,,,,,,,,,,,,,,,,,,,,,,,,,,,,,,,,,,,,,,,,,,,,,,,,,,,,,,,,,,,,,,,,,,2025-04-24 13:44:27,Signal Acquired,15.437426,73.881774,0.33,1.25,9.69,-0.02,0.03,-0.02,NO
,,,,,,,,,,,,,,,,,,,,,,,,,,,,,,,,,,,,,,,,,,,,,,,,,,,,,,,,,,,,,,,,,,,,,,,,,,,,,,,,,,,,,,,,,,,,,,,,,,,,,,,,,2025-04-24 13:44:27,Signal Acquired,15.437426,73.881774,0.39,0.77,9.16,-0.04,0.11,-0.17,NO
,,,,,,,,,,,,,,,,,,,,,,,,,,,,,,,,,,,,,,,,,,,,,,,,,,,,,,,,,,,,,,,,,,,,,,,,,,,,,,,,,,,,,,,,,,,,,,,,,,,,,,,,,2025-04-24 13:44:27,Signal Acquired,15.437316,73.881906,-1.32,0.13,8.44,0.0,-0.05,-0.08,DETECTED
,,,,,,,,,,,,,,,,,,,,,,,,,,,,,,,,,,,,,,,,,,,,,,,,,,,,,,,,,,,,,,,,,,,,,,,,,,,,,,,,,,,,,,,,,,,,,,,,,,,,,,,,,2025-04-24 13:44:29,Signal Acquired,15.437316,73.881906,-0.83,1.19,9.71,0.06,0.08,-0.02,DETECTED
,,,,,,,,,,,,,,,,,,,,,,,,,,,,,,,,,,,,,,,,,,,,,,,,,,,,,,,,,,,,,,,,,,,,,,,,,,,,,,,,,,,,,,,,,,,,,,,,,,,,,,,,,2025-04-24 13:44:29,Signal Acquired,15.437204,73.882037,2.66,0.03,8.79,-0.02,-0.03,0.03,DETECTED
,,,,,,,,,,,,,,,,,,,,,,,,,,,,,,,,,,,,,,,,,,,,,,,,,,,,,,,,,,,,,,,,,,,,,,,,,,,,,,,,,,,,,,,,,,,,,,,,,,,,,,,,,2025-04-24 13:44:29,Signal Acquired,15.437204,73.882037,-0.1,0.27,8.84,-0.05,0.08,-0.04,NO
,,,,,,,,,,,,,,,,,,,,,,,,,,,,,,,,,,,,,,,,,,,,,,,,,,,,,,,,,,,,,,,,,,,,,,,,,,,,,,,,,,,,,,,,,,,,,,,,,,,,,,,,,2025-04-24 13:44:31,Signal Acquired,15.437092,73.882165,-0.65,0.76,9.41,-0.05,-0.04,0.11,NO
,,,,,,,,,,,,,,,,,,,,,,,,,,,,,,,,,,,,,,,,,,,,,,,,,,,,,,,,,,,,,,,,,,,,,,,,,,,,,,,,,,,,,,,,,,,,,,,,,,,,,,,,,2025-04-24 13:44:31,Signal Acquired,15.437092,73.882165,1.64,-0.23,10.25,0.11,0.04,-0.25,NO
,,,,,,,,,,,,,,,,,,,,,,,,,,,,,,,,,,,,,,,,,,,,,,,,,,,,,,,,,,,,,,,,,,,,,,,,,,,,,,,,,,,,,,,,,,,,,,,,,,,,,,,,,2025-04-24 13:44:31,Signal Acquired,15.436981,73.882293,1.23,0.64,9.85,-0.0,0.03,0.01,NO
,,,,,,,,,,,,,,,,,,,,,,,,,,,,,,,,,,,,,,,,,,,,,,,,,,,,,,,,,,,,,,,,,,,,,,,,,,,,,,,,,,,,,,,,,,,,,,,,,,,,,,,,,2025-04-24 13:44:33,Signal Acquired,15.436981,73.882293,-0.98,0.18,9.01,-0.08,-0.06,0.02,DETECTED
,,,,,,,,,,,,,,,,,,,,,,,,,,,,,,,,,,,,,,,,,,,,,,,,,,,,,,,,,,,,,,,,,,,,,,,,,,,,,,,,,,,,,,,,,,,,,,,,,,,,,,,,,2025-04-24 13:44:33,Signal Acquired,15.43687,73.882422,-0.76,1.29,10.62,0.04,-0.14,-0.02,DETECTED
,,,,,,,,,,,,,,,,,,,,,,,,,,,,,,,,,,,,,,,,,,,,,,,,,,,,,,,,,,,,,,,,,,,,,,,,,,,,,,,,,,,,,,,,,,,,,,,,,,,,,,,,,2025-04-24 13:44:33,Signal Acquired,15.43687,73.882422,2.32,0.12,9.39,-0.01,0.07,-0.06,NO
,,,,,,,,,,,,,,,,,,,,,,,,,,,,,,,,,,,,,,,,,,,,,,,,,,,,,,,,,,,,,,,,,,,,,,,,,,,,,,,,,,,,,,,,,,,,,,,,,,,,,,,,,2025-04-24 13:44:36,Signal Acquired,15.43676,73.882552,1.71,0.72,8.77,-0.03,-0.04,-0.0,NO
,,,,,,,,,,,,,,,,,,,,,,,,,,,,,,,,,,,,,,,,,,,,,,,,,,,,,,,,,,,,,,,,,,,,,,,,,,,,,,,,,,,,,,,,,,,,,,,,,,,,,,,,,2025-04-24 13:44:36,Signal Acquired,15.43676,73.882552,-0.64,2.31,8.83,-0.04,-0.02,0.15,DETECTED
,,,,,,,,,,,,,,,,,,,,,,,,,,,,,,,,,,,,,,,,,,,,,,,,,,,,,,,,,,,,,,,,,,,,,,,,,,,,,,,,,,,,,,,,,,,,,,,,,,,,,,,,,2025-04-24 13:44:36,Signal Acquired,15.436647,73.882682,-0.66,1.0,9.52,-0.0,0.1,-0.02,DETECTED
,,,,,,,,,,,,,,,,,,,,,,,,,,,,,,,,,,,,,,,,,,,,,,,,,,,,,,,,,,,,,,,,,,,,,,,,,,,,,,,,,,,,,,,,,,,,,,,,,,,,,,,,,2025-04-24 13:44:38,Signal Acquired,15.436647,73.882682,1.81,0.69,9.48,-0.01,0.13,-0.02,NO
,,,,,,,,,,,,,,,,,,,,,,,,,,,,,,,,,,,,,,,,,,,,,,,,,,,,,,,,,,,,,,,,,,,,,,,,,,,,,,,,,,,,,,,,,,,,,,,,,,,,,,,,,2025-04-24 13:44:38,Signal Acquired,15.436533,73.882812,1.07,0.14,9.35,-0.02,0.04,0.01,DETECTED
,,,,,,,,,,,,,,,,,,,,,,,,,,,,,,,,,,,,,,,,,,,,,,,,,,,,,,,,,,,,,,,,,,,,,,,,,,,,,,,,,,,,,,,,,,,,,,,,,,,,,,,,,2025-04-24 13:44:38,Signal Acquired,15.436533,73.882812,1.04,0.34,9.39,-0.02,0.11,-0.0,DETECTED
,,,,,,,,,,,,,,,,,,,,,,,,,,,,,,,,,,,,,,,,,,,,,,,,,,,,,,,,,,,,,,,,,,,,,,,,,,,,,,,,,,,,,,,,,,,,,,,,,,,,,,,,,2025-04-24 13:44:40,Signal Acquired,15.436418,73.882942,1.75,0.62,8.45,-0.0,-0.13,0.01,DETECTED
,,,,,,,,,,,,,,,,,,,,,,,,,,,,,,,,,,,,,,,,,,,,,,,,,,,,,,,,,,,,,,,,,,,,,,,,,,,,,,,,,,,,,,,,,,,,,,,,,,,,,,,,,2025-04-24 13:44:40,Signal Acquired,15.436418,73.882942,2.31,-0.04,9.34,0.02,0.03,0.03,NO
,,,,,,,,,,,,,,,,,,,,,,,,,,,,,,,,,,,,,,,,,,,,,,,,,,,,,,,,,,,,,,,,,,,,,,,,,,,,,,,,,,,,,,,,,,,,,,,,,,,,,,,,,2025-04-24 13:44:40,Signal Acquired,15.436303,73.883073,-1.63,1.0,9.54,-0.05,0.06,-0.02,DETECTED
,,,,,,,,,,,,,,,,,,,,,,,,,,,,,,,,,,,,,,,,,,,,,,,,,,,,,,,,,,,,,,,,,,,,,,,,,,,,,,,,,,,,,,,,,,,,,,,,,,,,,,,,,2025-04-24 13:44:42,Signal Acquired,15.436303,73.883073,-1.17,0.66,11.45,0.11,-0.05,-0.01,DETECTED
,,,,,,,,,,,,,,,,,,,,,,,,,,,,,,,,,,,,,,,,,,,,,,,,,,,,,,,,,,,,,,,,,,,,,,,,,,,,,,,,,,,,,,,,,,,,,,,,,,,,,,,,,2025-04-24 13:44:42,Signal Acquired,15.436186,73.883203,-0.73,0.71,8.6,-0.04,0.2,-0.01,DETECTED
,,,,,,,,,,,,,,,,,,,,,,,,,,,,,,,,,,,,,,,,,,,,,,,,,,,,,,,,,,,,,,,,,,,,,,,,,,,,,,,,,,,,,,,,,,,,,,,,,,,,,,,,,2025-04-24 13:44:42,Signal Acquired,15.436186,73.883203,2.37,0.54,9.29,0.07,-0.1,0.02,DETECTED
,,,,,,,,,,,,,,,,,,,,,,,,,,,,,,,,,,,,,,,,,,,,,,,,,,,,,,,,,,,,,,,,,,,,,,,,,,,,,,,,,,,,,,,,,,,,,,,,,,,,,,,,,2025-04-24 13:44:45,Signal Acquired,15.436068,73.883335,-0.51,-0.71,8.29,-0.0,-0.03,-0.01,NO
,,,,,,,,,,,,,,,,,,,,,,,,,,,,,,,,,,,,,,,,,,,,,,,,,,,,,,,,,,,,,,,,,,,,,,,,,,,,,,,,,,,,,,,,,,,,,,,,,,,,,,,,,2025-04-24 13:44:45,Signal Acquired,15.436068,73.883335,0.49,0.8,9.34,-0.03,0.14,-0.02,DETECTED
,,,,,,,,,,,,,,,,,,,,,,,,,,,,,,,,,,,,,,,,,,,,,,,,,,,,,,,,,,,,,,,,,,,,,,,,,,,,,,,,,,,,,,,,,,,,,,,,,,,,,,,,,2025-04-24 13:44:45,Signal Acquired,15.435946,73.883469,3.51,0.37,9.49,-0.03,-0.05,-0.02,DETECTED
,,,,,,,,,,,,,,,,,,,,,,,,,,,,,,,,,,,,,,,,,,,,,,,,,,,,,,,,,,,,,,,,,,,,,,,,,,,,,,,,,,,,,,,,,,,,,,,,,,,,,,,,,2025-04-24 13:44:47,Signal Acquired,15.435946,73.883469,0.66,0.79,9.44,-0.0,-0.03,-0.0,NO
,,,,,,,,,,,,,,,,,,,,,,,,,,,,,,,,,,,,,,,,,,,,,,,,,,,,,,,,,,,,,,,,,,,,,,,,,,,,,,,,,,,,,,,,,,,,,,,,,,,,,,,,,2025-04-24 13:44:47,Signal Acquired,15.435823,73.883607,1.73,1.39,10.5,-0.02,-0.03,-0.01,DETECTED
,,,,,,,,,,,,,,,,,,,,,,,,,,,,,,,,,,,,,,,,,,,,,,,,,,,,,,,,,,,,,,,,,,,,,,,,,,,,,,,,,,,,,,,,,,,,,,,,,,,,,,,,,2025-04-24 13:44:47,Signal Acquired,15.435823,73.883607,3.91,1.48,8.06,-0.01,0.02,0.0,DETECTED
,,,,,,,,,,,,,,,,,,,,,,,,,,,,,,,,,,,,,,,,,,,,,,,,,,,,,,,,,,,,,,,,,,,,,,,,,,,,,,,,,,,,,,,,,,,,,,,,,,,,,,,,,2025-04-24 13:44:49,Signal Acquired,15.435695,73.883746,0.01,0.34,8.94,-0.08,0.08,-0.03,NO
,,,,,,,,,,,,,,,,,,,,,,,,,,,,,,,,,,,,,,,,,,,,,,,,,,,,,,,,,,,,,,,,,,,,,,,,,,,,,,,,,,,,,,,,,,,,,,,,,,,,,,,,,2025-04-24 13:44:49,Signal Acquired,15.435695,73.883746,0.7,3.01,4.48,0.34,-0.17,0.07,DETECTED
,,,,,,,,,,,,,,,,,,,,,,,,,,,,,,,,,,,,,,,,,,,,,,,,,,,,,,,,,,,,,,,,,,,,,,,,,,,,,,,,,,,,,,,,,,,,,,,,,,,,,,,,,2025-04-24 13:44:49,Signal Acquired,15.435565,73.883889,-0.37,0.82,8.64,-0.05,-0.02,0.01,DETECTED
,,,,,,,,,,,,,,,,,,,,,,,,,,,,,,,,,,,,,,,,,,,,,,,,,,,,,,,,,,,,,,,,,,,,,,,,,,,,,,,,,,,,,,,,,,,,,,,,,,,,,,,,,2025-04-24 13:44:51,Signal Acquired,15.435565,73.883889,1.03,1.16,8.5,0.05,-0.02,0.03,NO
,,,,,,,,,,,,,,,,,,,,,,,,,,,,,,,,,,,,,,,,,,,,,,,,,,,,,,,,,,,,,,,,,,,,,,,,,,,,,,,,,,,,,,,,,,,,,,,,,,,,,,,,,2025-04-24 13:44:51,Signal Acquired,15.435433,73.884033,-0.77,0.56,10.1,-0.0,-0.05,-0.0,DETECTED
,,,,,,,,,,,,,,,,,,,,,,,,,,,,,,,,,,,,,,,,,,,,,,,,,,,,,,,,,,,,,,,,,,,,,,,,,,,,,,,,,,,,,,,,,,,,,,,,,,,,,,,,,2025-04-24 13:44:51,Signal Acquired,15.435433,73.884033,-1.0,-0.17,10.08,-0.03,0.17,0.0,DETECTED
,,,,,,,,,,,,,,,,,,,,,,,,,,,,,,,,,,,,,,,,,,,,,,,,,,,,,,,,,,,,,,,,,,,,,,,,,,,,,,,,,,,,,,,,,,,,,,,,,,,,,,,,,2025-04-24 13:44:54,Signal Acquired,15.435299,73.884185,4.86,0.27,9.63,0.02,-0.05,-0.01,DETECTED
,,,,,,,,,,,,,,,,,,,,,,,,,,,,,,,,,,,,,,,,,,,,,,,,,,,,,,,,,,,,,,,,,,,,,,,,,,,,,,,,,,,,,,,,,,,,,,,,,,,,,,,,,2025-04-24 13:44:54,Signal Acquired,15.435299,73.884185,0.79,0.68,8.59,0.09,-0.04,-0.0,DETECTED
,,,,,,,,,,,,,,,,,,,,,,,,,,,,,,,,,,,,,,,,,,,,,,,,,,,,,,,,,,,,,,,,,,,,,,,,,,,,,,,,,,,,,,,,,,,,,,,,,,,,,,,,,2025-04-24 13:44:54,Signal Acquired,15.435161,73.884334,-0.42,0.68,8.69,-0.03,0.14,-0.0,DETECTED
,,,,,,,,,,,,,,,,,,,,,,,,,,,,,,,,,,,,,,,,,,,,,,,,,,,,,,,,,,,,,,,,,,,,,,,,,,,,,,,,,,,,,,,,,,,,,,,,,,,,,,,,,2025-04-24 13:44:56,Signal Acquired,15.435161,73.884334,2.53,-1.54,10.35,0.01,0.08,-0.02,NO
,,,,,,,,,,,,,,,,,,,,,,,,,,,,,,,,,,,,,,,,,,,,,,,,,,,,,,,,,,,,,,,,,,,,,,,,,,,,,,,,,,,,,,,,,,,,,,,,,,,,,,,,,2025-04-24 13:44:56,Signal Acquired,15.435023,73.884481,-1.25,3.38,11.38,0.12,0.11,-0.0,NO
,,,,,,,,,,,,,,,,,,,,,,,,,,,,,,,,,,,,,,,,,,,,,,,,,,,,,,,,,,,,,,,,,,,,,,,,,,,,,,,,,,,,,,,,,,,,,,,,,,,,,,,,,2025-04-24 13:44:56,Signal Acquired,15.435023,73.884481,-2.06,0.61,9.94,-0.03,-0.03,-0.01,DETECTED
,,,,,,,,,,,,,,,,,,,,,,,,,,,,,,,,,,,,,,,,,,,,,,,,,,,,,,,,,,,,,,,,,,,,,,,,,,,,,,,,,,,,,,,,,,,,,,,,,,,,,,,,,2025-04-24 13:44:58,Signal Acquired,15.434884,73.884633,0.85,1.03,8.91,0.0,-0.05,0.01,NO
,,,,,,,,,,,,,,,,,,,,,,,,,,,,,,,,,,,,,,,,,,,,,,,,,,,,,,,,,,,,,,,,,,,,,,,,,,,,,,,,,,,,,,,,,,,,,,,,,,,,,,,,,2025-04-24 13:44:58,Signal Acquired,15.434884,73.884633,-0.78,1.67,10.98,-0.06,0.07,-0.03,NO
,,,,,,,,,,,,,,,,,,,,,,,,,,,,,,,,,,,,,,,,,,,,,,,,,,,,,,,,,,,,,,,,,,,,,,,,,,,,,,,,,,,,,,,,,,,,,,,,,,,,,,,,,2025-04-24 13:44:58,Signal Acquired,15.434743,73.884785,2.03,0.94,8.83,-0.06,0.02,-0.02,DETECTED
,,,,,,,,,,,,,,,,,,,,,,,,,,,,,,,,,,,,,,,,,,,,,,,,,,,,,,,,,,,,,,,,,,,,,,,,,,,,,,,,,,,,,,,,,,,,,,,,,,,,,,,,,2025-04-24 13:45:00,Signal Acquired,15.434743,73.884785,-1.22,-0.79,9.32,-0.09,0.06,0.02,NO
,,,,,,,,,,,,,,,,,,,,,,,,,,,,,,,,,,,,,,,,,,,,,,,,,,,,,,,,,,,,,,,,,,,,,,,,,,,,,,,,,,,,,,,,,,,,,,,,,,,,,,,,,2025-04-24 13:45:00,Signal Acquired,15.4346,73.88494,0.32,0.49,9.52,0.01,-0.01,0.01,NO
,,,,,,,,,,,,,,,,,,,,,,,,,,,,,,,,,,,,,,,,,,,,,,,,,,,,,,,,,,,,,,,,,,,,,,,,,,,,,,,,,,,,,,,,,,,,,,,,,,,,,,,,,2025-04-24 13:45:00,Signal Acquired,15.4346,73.88494,-0.12,0.98,10.09,-0.0,0.06,0.0,NO
,,,,,,,,,,,,,,,,,,,,,,,,,,,,,,,,,,,,,,,,,,,,,,,,,,,,,,,,,,,,,,,,,,,,,,,,,,,,,,,,,,,,,,,,,,,,,,,,,,,,,,,,,2025-04-24 13:45:03,Signal Acquired,15.434455,73.885096,1.06,0.29,10.21,0.02,-0.02,-0.0,NO
,,,,,,,,,,,,,,,,,,,,,,,,,,,,,,,,,,,,,,,,,,,,,,,,,,,,,,,,,,,,,,,,,,,,,,,,,,,,,,,,,,,,,,,,,,,,,,,,,,,,,,,,,2025-04-24 13:45:03,Signal Acquired,15.434455,73.885096,0.09,0.06,9.49,-0.03,-0.01,-0.0,NO
,,,,,,,,,,,,,,,,,,,,,,,,,,,,,,,,,,,,,,,,,,,,,,,,,,,,,,,,,,,,,,,,,,,,,,,,,,,,,,,,,,,,,,,,,,,,,,,,,,,,,,,,,2025-04-24 13:45:03,Signal Acquired,15.434308,73.885256,1.86,1.27,8.9,0.03,-0.06,-0.09,DETECTED
,,,,,,,,,,,,,,,,,,,,,,,,,,,,,,,,,,,,,,,,,,,,,,,,,,,,,,,,,,,,,,,,,,,,,,,,,,,,,,,,,,,,,,,,,,,,,,,,,,,,,,,,,2025-04-24 13:45:05,Signal Acquired,15.434308,73.885256,2.75,1.09,10.61,0.01,0.01,-0.01,DETECTED
,,,,,,,,,,,,,,,,,,,,,,,,,,,,,,,,,,,,,,,,,,,,,,,,,,,,,,,,,,,,,,,,,,,,,,,,,,,,,,,,,,,,,,,,,,,,,,,,,,,,,,,,,2025-04-24 13:45:05,Signal Acquired,15.434157,73.885414,0.49,1.17,9.65,0.04,0.1,-0.01,NO
,,,,,,,,,,,,,,,,,,,,,,,,,,,,,,,,,,,,,,,,,,,,,,,,,,,,,,,,,,,,,,,,,,,,,,,,,,,,,,,,,,,,,,,,,,,,,,,,,,,,,,,,,2025-04-24 13:45:05,Signal Acquired,15.434157,73.885414,3.27,0.98,8.85,0.04,0.0,-0.03,DETECTED
,,,,,,,,,,,,,,,,,,,,,,,,,,,,,,,,,,,,,,,,,,,,,,,,,,,,,,,,,,,,,,,,,,,,,,,,,,,,,,,,,,,,,,,,,,,,,,,,,,,,,,,,,2025-04-24 13:45:07,Signal Acquired,15.434001,73.885571,0.88,0.16,9.33,0.04,-0.05,-0.03,NO
,,,,,,,,,,,,,,,,,,,,,,,,,,,,,,,,,,,,,,,,,,,,,,,,,,,,,,,,,,,,,,,,,,,,,,,,,,,,,,,,,,,,,,,,,,,,,,,,,,,,,,,,,2025-04-24 13:45:07,Signal Acquired,15.434001,73.885571,0.63,-0.74,9.69,-0.04,-0.04,-0.01,DETECTED
,,,,,,,,,,,,,,,,,,,,,,,,,,,,,,,,,,,,,,,,,,,,,,,,,,,,,,,,,,,,,,,,,,,,,,,,,,,,,,,,,,,,,,,,,,,,,,,,,,,,,,,,,2025-04-24 13:45:07,Signal Acquired,15.433842,73.88572,-0.97,0.24,10.17,-0.04,0.08,0.0,NO
,,,,,,,,,,,,,,,,,,,,,,,,,,,,,,,,,,,,,,,,,,,,,,,,,,,,,,,,,,,,,,,,,,,,,,,,,,,,,,,,,,,,,,,,,,,,,,,,,,,,,,,,,2025-04-24 13:45:09,Signal Acquired,15.433842,73.88572,-1.47,-1.27,8.87,-0.11,0.02,0.02,NO
,,,,,,,,,,,,,,,,,,,,,,,,,,,,,,,,,,,,,,,,,,,,,,,,,,,,,,,,,,,,,,,,,,,,,,,,,,,,,,,,,,,,,,,,,,,,,,,,,,,,,,,,,2025-04-24 13:45:09,Signal Acquired,15.433682,73.885869,-0.66,-0.6,9.28,-0.05,-0.03,0.04,DETECTED
,,,,,,,,,,,,,,,,,,,,,,,,,,,,,,,,,,,,,,,,,,,,,,,,,,,,,,,,,,,,,,,,,,,,,,,,,,,,,,,,,,,,,,,,,,,,,,,,,,,,,,,,,2025-04-24 13:45:09,Signal Acquired,15.433682,73.885869,-1.5,0.85,9.69,0.08,-0.01,0.1,NO
,,,,,,,,,,,,,,,,,,,,,,,,,,,,,,,,,,,,,,,,,,,,,,,,,,,,,,,,,,,,,,,,,,,,,,,,,,,,,,,,,,,,,,,,,,,,,,,,,,,,,,,,,2025-04-24 13:45:12,Signal Acquired,15.433531,73.886024,-2.26,0.44,10.12,0.04,-0.05,0.05,DETECTED
,,,,,,,,,,,,,,,,,,,,,,,,,,,,,,,,,,,,,,,,,,,,,,,,,,,,,,,,,,,,,,,,,,,,,,,,,,,,,,,,,,,,,,,,,,,,,,,,,,,,,,,,,2025-04-24 13:45:12,Signal Acquired,15.433531,73.886024,-0.79,0.78,9.4,0.03,-0.01,0.08,NO
,,,,,,,,,,,,,,,,,,,,,,,,,,,,,,,,,,,,,,,,,,,,,,,,,,,,,,,,,,,,,,,,,,,,,,,,,,,,,,,,,,,,,,,,,,,,,,,,,,,,,,,,,2025-04-24 13:45:12,Signal Acquired,15.433389,73.886188,-0.37,0.05,9.17,-0.03,0.03,0.07,NO
,,,,,,,,,,,,,,,,,,,,,,,,,,,,,,,,,,,,,,,,,,,,,,,,,,,,,,,,,,,,,,,,,,,,,,,,,,,,,,,,,,,,,,,,,,,,,,,,,,,,,,,,,2025-04-24 13:45:14,Signal Acquired,15.433389,73.886188,0.08,0.53,9.66,0.01,0.0,0.06,NO
,,,,,,,,,,,,,,,,,,,,,,,,,,,,,,,,,,,,,,,,,,,,,,,,,,,,,,,,,,,,,,,,,,,,,,,,,,,,,,,,,,,,,,,,,,,,,,,,,,,,,,,,,2025-04-24 13:45:14,Signal Acquired,15.433254,73.88636,-2.43,-0.43,10.4,-0.08,-0.03,-0.03,NO
,,,,,,,,,,,,,,,,,,,,,,,,,,,,,,,,,,,,,,,,,,,,,,,,,,,,,,,,,,,,,,,,,,,,,,,,,,,,,,,,,,,,,,,,,,,,,,,,,,,,,,,,,2025-04-24 13:45:14,Signal Acquired,15.433254,73.88636,-0.35,-0.1,9.46,0.03,0.01,0.02,NO
,,,,,,,,,,,,,,,,,,,,,,,,,,,,,,,,,,,,,,,,,,,,,,,,,,,,,,,,,,,,,,,,,,,,,,,,,,,,,,,,,,,,,,,,,,,,,,,,,,,,,,,,,2025-04-24 13:45:16,Signal Acquired,15.433124,73.886535,0.2,0.98,9.46,0.02,0.03,0.02,NO
,,,,,,,,,,,,,,,,,,,,,,,,,,,,,,,,,,,,,,,,,,,,,,,,,,,,,,,,,,,,,,,,,,,,,,,,,,,,,,,,,,,,,,,,,,,,,,,,,,,,,,,,,2025-04-24 13:45:16,Signal Acquired,15.433124,73.886535,-1.14,-0.19,8.94,-0.08,0.03,0.01,NO
,,,,,,,,,,,,,,,,,,,,,,,,,,,,,,,,,,,,,,,,,,,,,,,,,,,,,,,,,,,,,,,,,,,,,,,,,,,,,,,,,,,,,,,,,,,,,,,,,,,,,,,,,2025-04-24 13:45:16,Signal Acquired,15.432999,73.88671,-2.32,0.44,10.24,0.04,-0.09,0.03,DETECTED
,,,,,,,,,,,,,,,,,,,,,,,,,,,,,,,,,,,,,,,,,,,,,,,,,,,,,,,,,,,,,,,,,,,,,,,,,,,,,,,,,,,,,,,,,,,,,,,,,,,,,,,,,2025-04-24 13:45:18,Signal Acquired,15.432999,73.88671,2.29,-0.11,9.1,0.04,0.02,0.0,DETECTED
,,,,,,,,,,,,,,,,,,,,,,,,,,,,,,,,,,,,,,,,,,,,,,,,,,,,,,,,,,,,,,,,,,,,,,,,,,,,,,,,,,,,,,,,,,,,,,,,,,,,,,,,,2025-04-24 13:45:18,Signal Acquired,15.432876,73.886883,-0.79,0.46,9.3,-0.02,0.07,-0.01,DETECTED
,,,,,,,,,,,,,,,,,,,,,,,,,,,,,,,,,,,,,,,,,,,,,,,,,,,,,,,,,,,,,,,,,,,,,,,,,,,,,,,,,,,,,,,,,,,,,,,,,,,,,,,,,2025-04-24 13:45:18,Signal Acquired,15.432876,73.886883,-2.03,0.64,10.33,0.12,-0.08,0.03,DETECTED
,,,,,,,,,,,,,,,,,,,,,,,,,,,,,,,,,,,,,,,,,,,,,,,,,,,,,,,,,,,,,,,,,,,,,,,,,,,,,,,,,,,,,,,,,,,,,,,,,,,,,,,,,2025-04-24 13:45:21,Signal Acquired,15.432757,73.887052,2.95,1.27,9.24,-0.01,-0.11,0.0,DETECTED
,,,,,,,,,,,,,,,,,,,,,,,,,,,,,,,,,,,,,,,,,,,,,,,,,,,,,,,,,,,,,,,,,,,,,,,,,,,,,,,,,,,,,,,,,,,,,,,,,,,,,,,,,2025-04-24 13:45:21,Signal Acquired,15.432757,73.887052,-0.05,0.8,10.16,-0.01,0.07,-0.01,NO
,,,,,,,,,,,,,,,,,,,,,,,,,,,,,,,,,,,,,,,,,,,,,,,,,,,,,,,,,,,,,,,,,,,,,,,,,,,,,,,,,,,,,,,,,,,,,,,,,,,,,,,,,2025-04-24 13:45:21,Signal Acquired,15.432635,73.887219,-0.07,0.13,8.04,-0.09,0.14,-0.02,DETECTED
,,,,,,,,,,,,,,,,,,,,,,,,,,,,,,,,,,,,,,,,,,,,,,,,,,,,,,,,,,,,,,,,,,,,,,,,,,,,,,,,,,,,,,,,,,,,,,,,,,,,,,,,,2025-04-24 13:45:23,Signal Acquired,15.432635,73.887219,0.59,1.2,9.9,0.05,-0.05,0.0,NO
,,,,,,,,,,,,,,,,,,,,,,,,,,,,,,,,,,,,,,,,,,,,,,,,,,,,,,,,,,,,,,,,,,,,,,,,,,,,,,,,,,,,,,,,,,,,,,,,,,,,,,,,,2025-04-24 13:45:23,Signal Acquired,15.432512,73.887383,-0.67,-0.1,10.02,0.02,0.11,-0.01,DETECTED
,,,,,,,,,,,,,,,,,,,,,,,,,,,,,,,,,,,,,,,,,,,,,,,,,,,,,,,,,,,,,,,,,,,,,,,,,,,,,,,,,,,,,,,,,,,,,,,,,,,,,,,,,2025-04-24 13:45:23,Signal Acquired,15.432512,73.887383,-0.84,0.45,9.8,-0.06,0.09,-0.06,DETECTED
,,,,,,,,,,,,,,,,,,,,,,,,,,,,,,,,,,,,,,,,,,,,,,,,,,,,,,,,,,,,,,,,,,,,,,,,,,,,,,,,,,,,,,,,,,,,,,,,,,,,,,,,,2025-04-24 13:45:25,Signal Acquired,15.432383,73.887548,2.29,1.65,7.05,-0.09,0.02,-0.02,DETECTED
,,,,,,,,,,,,,,,,,,,,,,,,,,,,,,,,,,,,,,,,,,,,,,,,,,,,,,,,,,,,,,,,,,,,,,,,,,,,,,,,,,,,,,,,,,,,,,,,,,,,,,,,,2025-04-24 13:45:25,Signal Acquired,15.432383,73.887548,0.8,-1.03,11.61,-0.0,0.11,-0.03,NO
,,,,,,,,,,,,,,,,,,,,,,,,,,,,,,,,,,,,,,,,,,,,,,,,,,,,,,,,,,,,,,,,,,,,,,,,,,,,,,,,,,,,,,,,,,,,,,,,,,,,,,,,,2025-04-24 13:45:25,Signal Acquired,15.43225,73.88771,1.19,-0.1,7.78,-0.1,0.03,-0.02,NO
,,,,,,,,,,,,,,,,,,,,,,,,,,,,,,,,,,,,,,,,,,,,,,,,,,,,,,,,,,,,,,,,,,,,,,,,,,,,,,,,,,,,,,,,,,,,,,,,,,,,,,,,,2025-04-24 13:45:27,Signal Acquired,15.43225,73.88771,-4.02,0.32,9.92,-0.05,0.05,-0.04,DETECTED
,,,,,,,,,,,,,,,,,,,,,,,,,,,,,,,,,,,,,,,,,,,,,,,,,,,,,,,,,,,,,,,,,,,,,,,,,,,,,,,,,,,,,,,,,,,,,,,,,,,,,,,,,2025-04-24 13:45:27,Signal Acquired,15.43211,73.887868,3.52,0.64,8.98,0.0,-0.03,0.02,NO
,,,,,,,,,,,,,,,,,,,,,,,,,,,,,,,,,,,,,,,,,,,,,,,,,,,,,,,,,,,,,,,,,,,,,,,,,,,,,,,,,,,,,,,,,,,,,,,,,,,,,,,,,2025-04-24 13:45:27,Signal Acquired,15.43211,73.887868,-2.32,0.79,9.98,-0.02,0.09,0.01,NO
,,,,,,,,,,,,,,,,,,,,,,,,,,,,,,,,,,,,,,,,,,,,,,,,,,,,,,,,,,,,,,,,,,,,,,,,,,,,,,,,,,,,,,,,,,,,,,,,,,,,,,,,,2025-04-24 13:45:30,Signal Acquired,15.431968,73.888028,1.18,0.79,10.65,0.01,0.06,0.01,DETECTED
,,,,,,,,,,,,,,,,,,,,,,,,,,,,,,,,,,,,,,,,,,,,,,,,,,,,,,,,,,,,,,,,,,,,,,,,,,,,,,,,,,,,,,,,,,,,,,,,,,,,,,,,,2025-04-24 13:45:30,Signal Acquired,15.431968,73.888028,-0.21,1.7,8.38,0.03,0.04,-0.01,NO
,,,,,,,,,,,,,,,,,,,,,,,,,,,,,,,,,,,,,,,,,,,,,,,,,,,,,,,,,,,,,,,,,,,,,,,,,,,,,,,,,,,,,,,,,,,,,,,,,,,,,,,,,2025-04-24 13:45:30,Signal Acquired,15.431826,73.888191,1.68,-0.09,10.69,0.06,-0.08,-0.01,NO
,,,,,,,,,,,,,,,,,,,,,,,,,,,,,,,,,,,,,,,,,,,,,,,,,,,,,,,,,,,,,,,,,,,,,,,,,,,,,,,,,,,,,,,,,,,,,,,,,,,,,,,,,2025-04-24 13:45:32,Signal Acquired,15.431826,73.888191,0.9,0.92,8.49,-0.05,0.04,-0.02,NO
,,,,,,,,,,,,,,,,,,,,,,,,,,,,,,,,,,,,,,,,,,,,,,,,,,,,,,,,,,,,,,,,,,,,,,,,,,,,,,,,,,,,,,,,,,,,,,,,,,,,,,,,,2025-04-24 13:45:32,Signal Acquired,15.431682,73.888355,2.26,2.12,9.17,0.03,0.02,-0.0,NO
,,,,,,,,,,,,,,,,,,,,,,,,,,,,,,,,,,,,,,,,,,,,,,,,,,,,,,,,,,,,,,,,,,,,,,,,,,,,,,,,,,,,,,,,,,,,,,,,,,,,,,,,,2025-04-24 13:45:32,Signal Acquired,15.431682,73.888355,2.06,0.13,7.53,-0.04,-0.11,0.01,NO
,,,,,,,,,,,,,,,,,,,,,,,,,,,,,,,,,,,,,,,,,,,,,,,,,,,,,,,,,,,,,,,,,,,,,,,,,,,,,,,,,,,,,,,,,,,,,,,,,,,,,,,,,2025-04-24 13:45:34,Signal Acquired,15.431535,73.88852,2.64,-0.09,7.92,-0.04,-0.04,-0.01,NO
,,,,,,,,,,,,,,,,,,,,,,,,,,,,,,,,,,,,,,,,,,,,,,,,,,,,,,,,,,,,,,,,,,,,,,,,,,,,,,,,,,,,,,,,,,,,,,,,,,,,,,,,,2025-04-24 13:45:34,Signal Acquired,15.431535,73.88852,1.71,1.47,9.78,-0.0,0.04,-0.01,NO
,,,,,,,,,,,,,,,,,,,,,,,,,,,,,,,,,,,,,,,,,,,,,,,,,,,,,,,,,,,,,,,,,,,,,,,,,,,,,,,,,,,,,,,,,,,,,,,,,,,,,,,,,2025-04-24 13:45:34,Signal Acquired,15.431382,73.888686,-0.3,1.23,9.57,-0.01,-0.0,-0.0,NO
,,,,,,,,,,,,,,,,,,,,,,,,,,,,,,,,,,,,,,,,,,,,,,,,,,,,,,,,,,,,,,,,,,,,,,,,,,,,,,,,,,,,,,,,,,,,,,,,,,,,,,,,,2025-04-24 13:45:36,Signal Acquired,15.431382,73.888686,1.77,0.96,9.44,0.05,0.05,0.01,NO
,,,,,,,,,,,,,,,,,,,,,,,,,,,,,,,,,,,,,,,,,,,,,,,,,,,,,,,,,,,,,,,,,,,,,,,,,,,,,,,,,,,,,,,,,,,,,,,,,,,,,,,,,2025-04-24 13:45:36,Signal Acquired,15.431225,73.888854,-0.17,0.23,8.59,-0.02,0.07,-0.01,NO
,,,,,,,,,,,,,,,,,,,,,,,,,,,,,,,,,,,,,,,,,,,,,,,,,,,,,,,,,,,,,,,,,,,,,,,,,,,,,,,,,,,,,,,,,,,,,,,,,,,,,,,,,2025-04-24 13:45:36,Signal Acquired,15.431225,73.888854,0.13,0.33,8.02,-0.06,-0.01,-0.01,NO
,,,,,,,,,,,,,,,,,,,,,,,,,,,,,,,,,,,,,,,,,,,,,,,,,,,,,,,,,,,,,,,,,,,,,,,,,,,,,,,,,,,,,,,,,,,,,,,,,,,,,,,,,2025-04-24 13:45:39,Signal Acquired,15.431067,73.889022,0.63,0.17,9.44,-0.03,0.14,-0.02,DETECTED
,,,,,,,,,,,,,,,,,,,,,,,,,,,,,,,,,,,,,,,,,,,,,,,,,,,,,,,,,,,,,,,,,,,,,,,,,,,,,,,,,,,,,,,,,,,,,,,,,,,,,,,,,2025-04-24 13:45:39,Signal Acquired,15.431067,73.889022,-0.68,-0.22,10.91,0.03,0.02,-0.01,DETECTED
,,,,,,,,,,,,,,,,,,,,,,,,,,,,,,,,,,,,,,,,,,,,,,,,,,,,,,,,,,,,,,,,,,,,,,,,,,,,,,,,,,,,,,,,,,,,,,,,,,,,,,,,,2025-04-24 13:45:39,Signal Acquired,15.430907,73.889185,0.61,0.56,9.67,0.01,-0.01,-0.02,NO
,,,,,,,,,,,,,,,,,,,,,,,,,,,,,,,,,,,,,,,,,,,,,,,,,,,,,,,,,,,,,,,,,,,,,,,,,,,,,,,,,,,,,,,,,,,,,,,,,,,,,,,,,2025-04-24 13:45:41,Signal Acquired,15.430907,73.889185,-1.55,0.04,8.82,-0.11,0.04,-0.03,DETECTED
,,,,,,,,,,,,,,,,,,,,,,,,,,,,,,,,,,,,,,,,,,,,,,,,,,,,,,,,,,,,,,,,,,,,,,,,,,,,,,,,,,,,,,,,,,,,,,,,,,,,,,,,,2025-04-24 13:45:41,Signal Acquired,15.430746,73.889344,-1.21,-0.68,12.05,0.03,0.07,0.01,NO
,,,,,,,,,,,,,,,,,,,,,,,,,,,,,,,,,,,,,,,,,,,,,,,,,,,,,,,,,,,,,,,,,,,,,,,,,,,,,,,,,,,,,,,,,,,,,,,,,,,,,,,,,2025-04-24 13:45:41,Signal Acquired,15.430746,73.889344,-0.68,-0.99,9.23,-0.01,0.02,0.03,NO
,,,,,,,,,,,,,,,,,,,,,,,,,,,,,,,,,,,,,,,,,,,,,,,,,,,,,,,,,,,,,,,,,,,,,,,,,,,,,,,,,,,,,,,,,,,,,,,,,,,,,,,,,2025-04-24 13:45:43,Signal Acquired,15.43059,73.889499,0.29,-0.48,9.02,-0.0,0.04,0.03,NO
,,,,,,,,,,,,,,,,,,,,,,,,,,,,,,,,,,,,,,,,,,,,,,,,,,,,,,,,,,,,,,,,,,,,,,,,,,,,,,,,,,,,,,,,,,,,,,,,,,,,,,,,,2025-04-24 13:45:43,Signal Acquired,15.43059,73.889499,1.63,-0.16,8.2,-0.04,0.01,0.02,DETECTED
,,,,,,,,,,,,,,,,,,,,,,,,,,,,,,,,,,,,,,,,,,,,,,,,,,,,,,,,,,,,,,,,,,,,,,,,,,,,,,,,,,,,,,,,,,,,,,,,,,,,,,,,,2025-04-24 13:45:43,Signal Acquired,15.430438,73.889652,-3.09,1.3,12.09,0.06,0.1,-0.0,DETECTED
,,,,,,,,,,,,,,,,,,,,,,,,,,,,,,,,,,,,,,,,,,,,,,,,,,,,,,,,,,,,,,,,,,,,,,,,,,,,,,,,,,,,,,,,,,,,,,,,,,,,,,,,,2025-04-24 13:45:45,Signal Acquired,15.430438,73.889652,0.51,-0.05,9.56,-0.01,0.04,-0.0,NO
,,,,,,,,,,,,,,,,,,,,,,,,,,,,,,,,,,,,,,,,,,,,,,,,,,,,,,,,,,,,,,,,,,,,,,,,,,,,,,,,,,,,,,,,,,,,,,,,,,,,,,,,,2025-04-24 13:45:45,Signal Acquired,15.430288,73.889807,1.6,1.25,11.18,-0.02,-0.01,0.0,NO
,,,,,,,,,,,,,,,,,,,,,,,,,,,,,,,,,,,,,,,,,,,,,,,,,,,,,,,,,,,,,,,,,,,,,,,,,,,,,,,,,,,,,,,,,,,,,,,,,,,,,,,,,2025-04-24 13:45:45,Signal Acquired,15.430288,73.889807,-0.96,-0.36,9.05,-0.02,0.01,-0.0,DETECTED
,,,,,,,,,,,,,,,,,,,,,,,,,,,,,,,,,,,,,,,,,,,,,,,,,,,,,,,,,,,,,,,,,,,,,,,,,,,,,,,,,,,,,,,,,,,,,,,,,,,,,,,,,2025-04-24 13:45:48,Signal Acquired,15.43014,73.889965,-3.84,1.31,10.09,-0.05,-0.14,-0.01,DETECTED
,,,,,,,,,,,,,,,,,,,,,,,,,,,,,,,,,,,,,,,,,,,,,,,,,,,,,,,,,,,,,,,,,,,,,,,,,,,,,,,,,,,,,,,,,,,,,,,,,,,,,,,,,2025-04-24 13:45:48,Signal Acquired,15.43014,73.889965,-0.32,-0.03,10.79,0.04,-0.05,0.01,NO
,,,,,,,,,,,,,,,,,,,,,,,,,,,,,,,,,,,,,,,,,,,,,,,,,,,,,,,,,,,,,,,,,,,,,,,,,,,,,,,,,,,,,,,,,,,,,,,,,,,,,,,,,2025-04-24 13:45:48,Signal Acquired,15.429992,73.890126,-0.68,0.32,9.89,-0.0,0.03,0.0,NO
,,,,,,,,,,,,,,,,,,,,,,,,,,,,,,,,,,,,,,,,,,,,,,,,,,,,,,,,,,,,,,,,,,,,,,,,,,,,,,,,,,,,,,,,,,,,,,,,,,,,,,,,,2025-04-24 13:45:50,Signal Acquired,15.429992,73.890126,1.17,-0.4,8.55,-0.07,0.1,0.0,NO
,,,,,,,,,,,,,,,,,,,,,,,,,,,,,,,,,,,,,,,,,,,,,,,,,,,,,,,,,,,,,,,,,,,,,,,,,,,,,,,,,,,,,,,,,,,,,,,,,,,,,,,,,2025-04-24 13:45:50,Signal Acquired,15.429844,73.890289,1.87,-0.07,9.59,0.01,0.01,0.0,NO
,,,,,,,,,,,,,,,,,,,,,,,,,,,,,,,,,,,,,,,,,,,,,,,,,,,,,,,,,,,,,,,,,,,,,,,,,,,,,,,,,,,,,,,,,,,,,,,,,,,,,,,,,2025-04-24 13:45:50,Signal Acquired,15.429844,73.890289,0.64,-0.52,9.48,0.0,-0.02,-0.0,NO
,,,,,,,,,,,,,,,,,,,,,,,,,,,,,,,,,,,,,,,,,,,,,,,,,,,,,,,,,,,,,,,,,,,,,,,,,,,,,,,,,,,,,,,,,,,,,,,,,,,,,,,,,2025-04-24 13:45:52,Signal Acquired,15.429695,73.89045,-0.61,0.91,9.39,-0.03,0.04,-0.0,NO
,,,,,,,,,,,,,,,,,,,,,,,,,,,,,,,,,,,,,,,,,,,,,,,,,,,,,,,,,,,,,,,,,,,,,,,,,,,,,,,,,,,,,,,,,,,,,,,,,,,,,,,,,2025-04-24 13:45:52,Signal Acquired,15.429695,73.89045,-0.15,0.11,10.35,0.03,0.01,-0.0,NO
,,,,,,,,,,,,,,,,,,,,,,,,,,,,,,,,,,,,,,,,,,,,,,,,,,,,,,,,,,,,,,,,,,,,,,,,,,,,,,,,,,,,,,,,,,,,,,,,,,,,,,,,,2025-04-24 13:45:52,Signal Acquired,15.429547,73.89061,1.78,0.52,9.22,-0.04,0.08,-0.02,NO
,,,,,,,,,,,,,,,,,,,,,,,,,,,,,,,,,,,,,,,,,,,,,,,,,,,,,,,,,,,,,,,,,,,,,,,,,,,,,,,,,,,,,,,,,,,,,,,,,,,,,,,,,2025-04-24 13:45:54,Signal Acquired,15.429547,73.89061,0.12,-0.38,9.06,-0.05,0.06,-0.02,NO
,,,,,,,,,,,,,,,,,,,,,,,,,,,,,,,,,,,,,,,,,,,,,,,,,,,,,,,,,,,,,,,,,,,,,,,,,,,,,,,,,,,,,,,,,,,,,,,,,,,,,,,,,2025-04-24 13:45:54,Signal Acquired,15.429399,73.890771,-0.37,0.59,8.5,-0.0,0.15,-0.03,DETECTED
,,,,,,,,,,,,,,,,,,,,,,,,,,,,,,,,,,,,,,,,,,,,,,,,,,,,,,,,,,,,,,,,,,,,,,,,,,,,,,,,,,,,,,,,,,,,,,,,,,,,,,,,,2025-04-24 13:45:54,Signal Acquired,15.429399,73.890771,4.02,0.03,8.63,0.04,-0.0,0.0,DETECTED
,,,,,,,,,,,,,,,,,,,,,,,,,,,,,,,,,,,,,,,,,,,,,,,,,,,,,,,,,,,,,,,,,,,,,,,,,,,,,,,,,,,,,,,,,,,,,,,,,,,,,,,,,2025-04-24 13:45:57,Signal Acquired,15.429251,73.890931,1.53,0.26,11.08,0.08,-0.09,0.0,NO
,,,,,,,,,,,,,,,,,,,,,,,,,,,,,,,,,,,,,,,,,,,,,,,,,,,,,,,,,,,,,,,,,,,,,,,,,,,,,,,,,,,,,,,,,,,,,,,,,,,,,,,,,2025-04-24 13:45:57,Signal Acquired,15.429251,73.890931,0.69,0.12,8.82,-0.06,-0.03,0.01,DETECTED
,,,,,,,,,,,,,,,,,,,,,,,,,,,,,,,,,,,,,,,,,,,,,,,,,,,,,,,,,,,,,,,,,,,,,,,,,,,,,,,,,,,,,,,,,,,,,,,,,,,,,,,,,2025-04-24 13:45:57,Signal Acquired,15.429101,73.89109,-1.03,0.79,9.53,-0.08,0.1,-0.02,NO
,,,,,,,,,,,,,,,,,,,,,,,,,,,,,,,,,,,,,,,,,,,,,,,,,,,,,,,,,,,,,,,,,,,,,,,,,,,,,,,,,,,,,,,,,,,,,,,,,,,,,,,,,2025-04-24 13:45:59,Signal Acquired,15.429101,73.89109,1.98,0.19,8.74,-0.0,-0.01,0.02,NO
,,,,,,,,,,,,,,,,,,,,,,,,,,,,,,,,,,,,,,,,,,,,,,,,,,,,,,,,,,,,,,,,,,,,,,,,,,,,,,,,,,,,,,,,,,,,,,,,,,,,,,,,,2025-04-24 13:45:59,Signal Acquired,15.428952,73.891248,-1.08,0.54,8.55,0.0,0.06,0.01,NO
,,,,,,,,,,,,,,,,,,,,,,,,,,,,,,,,,,,,,,,,,,,,,,,,,,,,,,,,,,,,,,,,,,,,,,,,,,,,,,,,,,,,,,,,,,,,,,,,,,,,,,,,,2025-04-24 13:45:59,Signal Acquired,15.428952,73.891248,-0.29,-0.94,10.31,-0.12,-0.17,0.01,NO
,,,,,,,,,,,,,,,,,,,,,,,,,,,,,,,,,,,,,,,,,,,,,,,,,,,,,,,,,,,,,,,,,,,,,,,,,,,,,,,,,,,,,,,,,,,,,,,,,,,,,,,,,2025-04-24 13:46:01,Signal Acquired,15.428804,73.891406,2.08,-0.27,8.78,-0.11,0.07,0.0,NO
,,,,,,,,,,,,,,,,,,,,,,,,,,,,,,,,,,,,,,,,,,,,,,,,,,,,,,,,,,,,,,,,,,,,,,,,,,,,,,,,,,,,,,,,,,,,,,,,,,,,,,,,,2025-04-24 13:46:01,Signal Acquired,15.428804,73.891406,3.06,1.17,7.69,-0.03,0.16,0.0,DETECTED
,,,,,,,,,,,,,,,,,,,,,,,,,,,,,,,,,,,,,,,,,,,,,,,,,,,,,,,,,,,,,,,,,,,,,,,,,,,,,,,,,,,,,,,,,,,,,,,,,,,,,,,,,2025-04-24 13:46:01,Signal Acquired,15.428657,73.891566,2.33,0.18,8.89,-0.07,-0.0,-0.01,NO
,,,,,,,,,,,,,,,,,,,,,,,,,,,,,,,,,,,,,,,,,,,,,,,,,,,,,,,,,,,,,,,,,,,,,,,,,,,,,,,,,,,,,,,,,,,,,,,,,,,,,,,,,2025-04-24 13:46:03,Signal Acquired,15.428657,73.891566,-2.83,-1.0,11.08,-0.07,0.11,-0.02,NO
,,,,,,,,,,,,,,,,,,,,,,,,,,,,,,,,,,,,,,,,,,,,,,,,,,,,,,,,,,,,,,,,,,,,,,,,,,,,,,,,,,,,,,,,,,,,,,,,,,,,,,,,,2025-04-24 13:46:03,Signal Acquired,15.42851,73.891724,-0.96,0.87,12.35,0.03,-0.03,0.01,NO
,,,,,,,,,,,,,,,,,,,,,,,,,,,,,,,,,,,,,,,,,,,,,,,,,,,,,,,,,,,,,,,,,,,,,,,,,,,,,,,,,,,,,,,,,,,,,,,,,,,,,,,,,2025-04-24 13:46:03,Signal Acquired,15.42851,73.891724,4.52,0.87,10.57,0.0,0.04,-0.01,DETECTED
,,,,,,,,,,,,,,,,,,,,,,,,,,,,,,,,,,,,,,,,,,,,,,,,,,,,,,,,,,,,,,,,,,,,,,,,,,,,,,,,,,,,,,,,,,,,,,,,,,,,,,,,,2025-04-24 13:46:06,Signal Acquired,15.428362,73.891883,1.32,0.88,-3.29,0.84,-1.12,0.11,DETECTED
,,,,,,,,,,,,,,,,,,,,,,,,,,,,,,,,,,,,,,,,,,,,,,,,,,,,,,,,,,,,,,,,,,,,,,,,,,,,,,,,,,,,,,,,,,,,,,,,,,,,,,,,,2025-04-24 13:46:06,Signal Acquired,15.428362,73.891883,0.18,-1.92,8.61,-0.19,0.3,0.02,NO
,,,,,,,,,,,,,,,,,,,,,,,,,,,,,,,,,,,,,,,,,,,,,,,,,,,,,,,,,,,,,,,,,,,,,,,,,,,,,,,,,,,,,,,,,,,,,,,,,,,,,,,,,2025-04-24 13:46:06,Signal Acquired,15.428215,73.892042,2.4,-1.38,10.85,0.13,0.26,0.36,NO
,,,,,,,,,,,,,,,,,,,,,,,,,,,,,,,,,,,,,,,,,,,,,,,,,,,,,,,,,,,,,,,,,,,,,,,,,,,,,,,,,,,,,,,,,,,,,,,,,,,,,,,,,2025-04-24 13:46:08,Signal Acquired,15.428215,73.892042,1.23,0.81,8.76,0.02,0.09,0.12,NO
,,,,,,,,,,,,,,,,,,,,,,,,,,,,,,,,,,,,,,,,,,,,,,,,,,,,,,,,,,,,,,,,,,,,,,,,,,,,,,,,,,,,,,,,,,,,,,,,,,,,,,,,,2025-04-24 13:46:08,Signal Acquired,15.428072,73.892201,0.44,0.24,9.83,-0.04,0.02,-0.04,NO
,,,,,,,,,,,,,,,,,,,,,,,,,,,,,,,,,,,,,,,,,,,,,,,,,,,,,,,,,,,,,,,,,,,,,,,,,,,,,,,,,,,,,,,,,,,,,,,,,,,,,,,,,2025-04-24 13:46:08,Signal Acquired,15.428072,73.892201,1.86,-1.24,8.93,-0.04,0.08,0.01,NO
,,,,,,,,,,,,,,,,,,,,,,,,,,,,,,,,,,,,,,,,,,,,,,,,,,,,,,,,,,,,,,,,,,,,,,,,,,,,,,,,,,,,,,,,,,,,,,,,,,,,,,,,,2025-04-24 13:46:10,Signal Acquired,15.427931,73.892362,0.56,0.21,9.39,0.1,0.12,0.02,DETECTED
,,,,,,,,,,,,,,,,,,,,,,,,,,,,,,,,,,,,,,,,,,,,,,,,,,,,,,,,,,,,,,,,,,,,,,,,,,,,,,,,,,,,,,,,,,,,,,,,,,,,,,,,,2025-04-24 13:46:10,Signal Acquired,15.427931,73.892362,0.53,0.79,10.09,0.02,-0.06,0.02,NO
,,,,,,,,,,,,,,,,,,,,,,,,,,,,,,,,,,,,,,,,,,,,,,,,,,,,,,,,,,,,,,,,,,,,,,,,,,,,,,,,,,,,,,,,,,,,,,,,,,,,,,,,,2025-04-24 13:46:10,Signal Acquired,15.427791,73.892526,1.03,-0.24,10.05,-0.02,-0.09,-0.01,NO
,,,,,,,,,,,,,,,,,,,,,,,,,,,,,,,,,,,,,,,,,,,,,,,,,,,,,,,,,,,,,,,,,,,,,,,,,,,,,,,,,,,,,,,,,,,,,,,,,,,,,,,,,2025-04-24 13:46:12,Signal Acquired,15.427791,73.892526,-0.95,1.14,11.08,0.06,0.05,-0.02,DETECTED
,,,,,,,,,,,,,,,,,,,,,,,,,,,,,,,,,,,,,,,,,,,,,,,,,,,,,,,,,,,,,,,,,,,,,,,,,,,,,,,,,,,,,,,,,,,,,,,,,,,,,,,,,2025-04-24 13:46:12,Signal Acquired,15.427651,73.892691,-1.57,0.25,11.0,0.03,-0.03,0.03,NO
,,,,,,,,,,,,,,,,,,,,,,,,,,,,,,,,,,,,,,,,,,,,,,,,,,,,,,,,,,,,,,,,,,,,,,,,,,,,,,,,,,,,,,,,,,,,,,,,,,,,,,,,,2025-04-24 13:46:12,Signal Acquired,15.427651,73.892691,-1.95,0.13,11.63,0.07,0.07,0.03,NO
,,,,,,,,,,,,,,,,,,,,,,,,,,,,,,,,,,,,,,,,,,,,,,,,,,,,,,,,,,,,,,,,,,,,,,,,,,,,,,,,,,,,,,,,,,,,,,,,,,,,,,,,,2025-04-24 13:46:14,Signal Acquired,15.427511,73.892858,-1.01,-0.26,8.92,-0.06,0.2,0.01,DETECTED
,,,,,,,,,,,,,,,,,,,,,,,,,,,,,,,,,,,,,,,,,,,,,,,,,,,,,,,,,,,,,,,,,,,,,,,,,,,,,,,,,,,,,,,,,,,,,,,,,,,,,,,,,2025-04-24 13:46:14,Signal Acquired,15.427511,73.892858,1.59,0.36,9.05,-0.15,-0.1,-0.03,DETECTED
,,,,,,,,,,,,,,,,,,,,,,,,,,,,,,,,,,,,,,,,,,,,,,,,,,,,,,,,,,,,,,,,,,,,,,,,,,,,,,,,,,,,,,,,,,,,,,,,,,,,,,,,,2025-04-24 13:46:14,Signal Acquired,15.427374,73.893024,-0.73,0.03,9.76,-0.09,-0.04,0.01,NO
,,,,,,,,,,,,,,,,,,,,,,,,,,,,,,,,,,,,,,,,,,,,,,,,,,,,,,,,,,,,,,,,,,,,,,,,,,,,,,,,,,,,,,,,,,,,,,,,,,,,,,,,,2025-04-24 13:46:17,Signal Acquired,15.427374,73.893024,3.01,-0.35,8.33,0.14,0.17,0.05,DETECTED
,,,,,,,,,,,,,,,,,,,,,,,,,,,,,,,,,,,,,,,,,,,,,,,,,,,,,,,,,,,,,,,,,,,,,,,,,,,,,,,,,,,,,,,,,,,,,,,,,,,,,,,,,2025-04-24 13:46:17,Signal Acquired,15.42724,73.893189,-3.21,-0.63,12.23,-0.0,-0.04,-0.04,DETECTED
,,,,,,,,,,,,,,,,,,,,,,,,,,,,,,,,,,,,,,,,,,,,,,,,,,,,,,,,,,,,,,,,,,,,,,,,,,,,,,,,,,,,,,,,,,,,,,,,,,,,,,,,,2025-04-24 13:46:17,Signal Acquired,15.42724,73.893189,1.91,4.01,11.08,0.16,-0.14,0.07,DETECTED
,,,,,,,,,,,,,,,,,,,,,,,,,,,,,,,,,,,,,,,,,,,,,,,,,,,,,,,,,,,,,,,,,,,,,,,,,,,,,,,,,,,,,,,,,,,,,,,,,,,,,,,,,2025-04-24 13:46:19,Signal Acquired,15.427106,73.893353,-0.83,0.08,10.07,0.02,0.01,0.02,NO
,,,,,,,,,,,,,,,,,,,,,,,,,,,,,,,,,,,,,,,,,,,,,,,,,,,,,,,,,,,,,,,,,,,,,,,,,,,,,,,,,,,,,,,,,,,,,,,,,,,,,,,,,2025-04-24 13:46:19,Signal Acquired,15.427106,73.893353,0.63,-0.73,8.34,-0.05,0.02,0.02,NO
,,,,,,,,,,,,,,,,,,,,,,,,,,,,,,,,,,,,,,,,,,,,,,,,,,,,,,,,,,,,,,,,,,,,,,,,,,,,,,,,,,,,,,,,,,,,,,,,,,,,,,,,,2025-04-24 13:46:19,Signal Acquired,15.426975,73.893517,-1.5,-0.13,9.93,0.01,0.14,-0.0,DETECTED
,,,,,,,,,,,,,,,,,,,,,,,,,,,,,,,,,,,,,,,,,,,,,,,,,,,,,,,,,,,,,,,,,,,,,,,,,,,,,,,,,,,,,,,,,,,,,,,,,,,,,,,,,2025-04-24 13:46:21,Signal Acquired,15.426975,73.893517,0.95,0.27,9.36,0.04,0.1,0.01,DETECTED
,,,,,,,,,,,,,,,,,,,,,,,,,,,,,,,,,,,,,,,,,,,,,,,,,,,,,,,,,,,,,,,,,,,,,,,,,,,,,,,,,,,,,,,,,,,,,,,,,,,,,,,,,2025-04-24 13:46:21,Signal Acquired,15.426843,73.893681,-1.07,0.34,9.49,-0.0,0.02,-0.01,DETECTED
,,,,,,,,,,,,,,,,,,,,,,,,,,,,,,,,,,,,,,,,,,,,,,,,,,,,,,,,,,,,,,,,,,,,,,,,,,,,,,,,,,,,,,,,,,,,,,,,,,,,,,,,,2025-04-24 13:46:21,Signal Acquired,15.426843,73.893681,5.25,-0.6,8.11,-0.14,0.06,-0.04,DETECTED
,,,,,,,,,,,,,,,,,,,,,,,,,,,,,,,,,,,,,,,,,,,,,,,,,,,,,,,,,,,,,,,,,,,,,,,,,,,,,,,,,,,,,,,,,,,,,,,,,,,,,,,,,2025-04-24 13:46:23,Signal Acquired,15.426712,73.893843,-1.7,-0.43,8.62,-0.09,0.08,0.01,NO
,,,,,,,,,,,,,,,,,,,,,,,,,,,,,,,,,,,,,,,,,,,,,,,,,,,,,,,,,,,,,,,,,,,,,,,,,,,,,,,,,,,,,,,,,,,,,,,,,,,,,,,,,2025-04-24 13:46:23,Signal Acquired,15.426712,73.893843,0.26,6.55,14.92,0.46,0.08,0.15,DETECTED
,,,,,,,,,,,,,,,,,,,,,,,,,,,,,,,,,,,,,,,,,,,,,,,,,,,,,,,,,,,,,,,,,,,,,,,,,,,,,,,,,,,,,,,,,,,,,,,,,,,,,,,,,2025-04-24 13:46:23,Signal Acquired,15.426581,73.894005,1.3,0.25,8.92,-0.05,-0.02,0.0,NO
,,,,,,,,,,,,,,,,,,,,,,,,,,,,,,,,,,,,,,,,,,,,,,,,,,,,,,,,,,,,,,,,,,,,,,,,,,,,,,,,,,,,,,,,,,,,,,,,,,,,,,,,,2025-04-24 13:46:26,Signal Acquired,15.426581,73.894005,1.71,0.03,9.18,-0.02,0.02,0.02,NO
,,,,,,,,,,,,,,,,,,,,,,,,,,,,,,,,,,,,,,,,,,,,,,,,,,,,,,,,,,,,,,,,,,,,,,,,,,,,,,,,,,,,,,,,,,,,,,,,,,,,,,,,,2025-04-24 13:46:26,Signal Acquired,15.42645,73.89417,0.84,0.17,9.6,0.01,0.06,0.0,NO
,,,,,,,,,,,,,,,,,,,,,,,,,,,,,,,,,,,,,,,,,,,,,,,,,,,,,,,,,,,,,,,,,,,,,,,,,,,,,,,,,,,,,,,,,,,,,,,,,,,,,,,,,2025-04-24 13:46:26,Signal Acquired,15.42645,73.89417,-1.01,-2.36,8.95,-0.33,0.1,-0.1,DETECTED
,,,,,,,,,,,,,,,,,,,,,,,,,,,,,,,,,,,,,,,,,,,,,,,,,,,,,,,,,,,,,,,,,,,,,,,,,,,,,,,,,,,,,,,,,,,,,,,,,,,,,,,,,2025-04-24 13:46:28,Signal Acquired,15.42632,73.894334,-0.95,0.41,10.76,0.01,0.01,0.0,NO
,,,,,,,,,,,,,,,,,,,,,,,,,,,,,,,,,,,,,,,,,,,,,,,,,,,,,,,,,,,,,,,,,,,,,,,,,,,,,,,,,,,,,,,,,,,,,,,,,,,,,,,,,2025-04-24 13:46:28,Signal Acquired,15.42632,73.894334,-0.25,0.39,11.27,0.02,0.07,-0.03,NO
,,,,,,,,,,,,,,,,,,,,,,,,,,,,,,,,,,,,,,,,,,,,,,,,,,,,,,,,,,,,,,,,,,,,,,,,,,,,,,,,,,,,,,,,,,,,,,,,,,,,,,,,,2025-04-24 13:46:28,Signal Acquired,15.426188,73.894496,3.04,0.58,7.85,-0.06,0.1,-0.01,NO
,,,,,,,,,,,,,,,,,,,,,,,,,,,,,,,,,,,,,,,,,,,,,,,,,,,,,,,,,,,,,,,,,,,,,,,,,,,,,,,,,,,,,,,,,,,,,,,,,,,,,,,,,2025-04-24 13:46:30,Signal Acquired,15.426188,73.894496,1.03,-0.11,10.12,-0.06,0.05,0.01,NO
,,,,,,,,,,,,,,,,,,,,,,,,,,,,,,,,,,,,,,,,,,,,,,,,,,,,,,,,,,,,,,,,,,,,,,,,,,,,,,,,,,,,,,,,,,,,,,,,,,,,,,,,,2025-04-24 13:46:30,Signal Acquired,15.426055,73.894659,-0.93,0.38,10.7,0.03,-0.02,0.01,DETECTED
,,,,,,,,,,,,,,,,,,,,,,,,,,,,,,,,,,,,,,,,,,,,,,,,,,,,,,,,,,,,,,,,,,,,,,,,,,,,,,,,,,,,,,,,,,,,,,,,,,,,,,,,,2025-04-24 13:46:30,Signal Acquired,15.426055,73.894659,0.75,-0.38,9.08,-0.02,-0.01,-0.0,NO
,,,,,,,,,,,,,,,,,,,,,,,,,,,,,,,,,,,,,,,,,,,,,,,,,,,,,,,,,,,,,,,,,,,,,,,,,,,,,,,,,,,,,,,,,,,,,,,,,,,,,,,,,2025-04-24 13:46:32,Signal Acquired,15.425923,73.894823,-0.78,-0.14,9.27,0.04,0.1,-0.01,NO
,,,,,,,,,,,,,,,,,,,,,,,,,,,,,,,,,,,,,,,,,,,,,,,,,,,,,,,,,,,,,,,,,,,,,,,,,,,,,,,,,,,,,,,,,,,,,,,,,,,,,,,,,2025-04-24 13:46:32,Signal Acquired,15.425923,73.894823,-0.79,1.27,10.13,0.03,0.1,0.17,DETECTED
,,,,,,,,,,,,,,,,,,,,,,,,,,,,,,,,,,,,,,,,,,,,,,,,,,,,,,,,,,,,,,,,,,,,,,,,,,,,,,,,,,,,,,,,,,,,,,,,,,,,,,,,,2025-04-24 13:46:32,Signal Acquired,15.42579,73.894988,-2.29,-0.39,9.26,-0.04,0.01,0.01,DETECTED
,,,,,,,,,,,,,,,,,,,,,,,,,,,,,,,,,,,,,,,,,,,,,,,,,,,,,,,,,,,,,,,,,,,,,,,,,,,,,,,,,,,,,,,,,,,,,,,,,,,,,,,,,2025-04-24 13:46:35,Signal Acquired,15.42579,73.894988,0.06,-0.01,9.4,-0.04,-0.01,-0.06,DETECTED
,,,,,,,,,,,,,,,,,,,,,,,,,,,,,,,,,,,,,,,,,,,,,,,,,,,,,,,,,,,,,,,,,,,,,,,,,,,,,,,,,,,,,,,,,,,,,,,,,,,,,,,,,2025-04-24 13:46:35,Signal Acquired,15.425658,73.895154,-1.19,1.06,9.32,-0.01,0.12,0.0,DETECTED
,,,,,,,,,,,,,,,,,,,,,,,,,,,,,,,,,,,,,,,,,,,,,,,,,,,,,,,,,,,,,,,,,,,,,,,,,,,,,,,,,,,,,,,,,,,,,,,,,,,,,,,,,2025-04-24 13:46:35,Signal Acquired,15.425658,73.895154,-2.12,1.27,10.62,-0.04,0.05,-0.0,DETECTED
,,,,,,,,,,,,,,,,,,,,,,,,,,,,,,,,,,,,,,,,,,,,,,,,,,,,,,,,,,,,,,,,,,,,,,,,,,,,,,,,,,,,,,,,,,,,,,,,,,,,,,,,,2025-04-24 13:46:37,Signal Acquired,15.425528,73.895318,1.25,-0.07,10.32,0.05,-0.02,0.01,NO
,,,,,,,,,,,,,,,,,,,,,,,,,,,,,,,,,,,,,,,,,,,,,,,,,,,,,,,,,,,,,,,,,,,,,,,,,,,,,,,,,,,,,,,,,,,,,,,,,,,,,,,,,2025-04-24 13:46:37,Signal Acquired,15.425528,73.895318,-0.51,-0.33,10.63,0.07,-0.01,0.0,NO
,,,,,,,,,,,,,,,,,,,,,,,,,,,,,,,,,,,,,,,,,,,,,,,,,,,,,,,,,,,,,,,,,,,,,,,,,,,,,,,,,,,,,,,,,,,,,,,,,,,,,,,,,2025-04-24 13:46:37,Signal Acquired,15.425401,73.895479,-0.13,-0.46,8.54,0.01,0.02,0.01,NO
,,,,,,,,,,,,,,,,,,,,,,,,,,,,,,,,,,,,,,,,,,,,,,,,,,,,,,,,,,,,,,,,,,,,,,,,,,,,,,,,,,,,,,,,,,,,,,,,,,,,,,,,,2025-04-24 13:46:39,Signal Acquired,15.425401,73.895479,-0.76,1.36,12.32,0.23,0.14,-0.0,DETECTED
,,,,,,,,,,,,,,,,,,,,,,,,,,,,,,,,,,,,,,,,,,,,,,,,,,,,,,,,,,,,,,,,,,,,,,,,,,,,,,,,,,,,,,,,,,,,,,,,,,,,,,,,,2025-04-24 13:46:39,Signal Acquired,15.425276,73.895639,2.54,-0.34,8.87,-0.01,-0.0,-0.01,NO
,,,,,,,,,,,,,,,,,,,,,,,,,,,,,,,,,,,,,,,,,,,,,,,,,,,,,,,,,,,,,,,,,,,,,,,,,,,,,,,,,,,,,,,,,,,,,,,,,,,,,,,,,2025-04-24 13:46:39,Signal Acquired,15.425276,73.895639,1.06,-0.44,9.67,-0.0,-0.16,0.04,DETECTED
,,,,,,,,,,,,,,,,,,,,,,,,,,,,,,,,,,,,,,,,,,,,,,,,,,,,,,,,,,,,,,,,,,,,,,,,,,,,,,,,,,,,,,,,,,,,,,,,,,,,,,,,,2025-04-24 13:46:41,Signal Acquired,15.425157,73.895801,0.61,-0.15,9.22,-0.09,-0.02,0.02,NO
,,,,,,,,,,,,,,,,,,,,,,,,,,,,,,,,,,,,,,,,,,,,,,,,,,,,,,,,,,,,,,,,,,,,,,,,,,,,,,,,,,,,,,,,,,,,,,,,,,,,,,,,,2025-04-24 13:46:41,Signal Acquired,15.425157,73.895801,0.86,1.09,10.09,0.08,-0.02,0.04,DETECTED
,,,,,,,,,,,,,,,,,,,,,,,,,,,,,,,,,,,,,,,,,,,,,,,,,,,,,,,,,,,,,,,,,,,,,,,,,,,,,,,,,,,,,,,,,,,,,,,,,,,,,,,,,2025-04-24 13:46:41,Signal Acquired,15.425038,73.895956,1.92,-0.02,8.67,0.06,0.05,0.06,NO
,,,,,,,,,,,,,,,,,,,,,,,,,,,,,,,,,,,,,,,,,,,,,,,,,,,,,,,,,,,,,,,,,,,,,,,,,,,,,,,,,,,,,,,,,,,,,,,,,,,,,,,,,2025-04-24 13:46:44,Signal Acquired,15.425038,73.895956,-0.16,0.92,9.03,0.01,-0.09,0.04,DETECTED
,,,,,,,,,,,,,,,,,,,,,,,,,,,,,,,,,,,,,,,,,,,,,,,,,,,,,,,,,,,,,,,,,,,,,,,,,,,,,,,,,,,,,,,,,,,,,,,,,,,,,,,,,2025-04-24 13:46:44,Signal Acquired,15.424923,73.896115,0.18,-0.44,9.12,-0.05,-0.05,0.02,DETECTED
,,,,,,,,,,,,,,,,,,,,,,,,,,,,,,,,,,,,,,,,,,,,,,,,,,,,,,,,,,,,,,,,,,,,,,,,,,,,,,,,,,,,,,,,,,,,,,,,,,,,,,,,,2025-04-24 13:46:44,Signal Acquired,15.424923,73.896115,-2.1,0.06,9.77,0.03,0.09,0.06,DETECTED
,,,,,,,,,,,,,,,,,,,,,,,,,,,,,,,,,,,,,,,,,,,,,,,,,,,,,,,,,,,,,,,,,,,,,,,,,,,,,,,,,,,,,,,,,,,,,,,,,,,,,,,,,2025-04-24 13:46:46,Signal Acquired,15.424817,73.896271,-0.77,0.13,7.18,-0.08,0.08,-0.01,NO
,,,,,,,,,,,,,,,,,,,,,,,,,,,,,,,,,,,,,,,,,,,,,,,,,,,,,,,,,,,,,,,,,,,,,,,,,,,,,,,,,,,,,,,,,,,,,,,,,,,,,,,,,2025-04-24 13:46:46,Signal Acquired,15.424817,73.896271,-0.04,0.07,9.97,0.02,0.08,0.02,NO
,,,,,,,,,,,,,,,,,,,,,,,,,,,,,,,,,,,,,,,,,,,,,,,,,,,,,,,,,,,,,,,,,,,,,,,,,,,,,,,,,,,,,,,,,,,,,,,,,,,,,,,,,2025-04-24 13:46:46,Signal Acquired,15.424714,73.896431,0.45,0.03,7.76,0.02,0.11,0.01,DETECTED
,,,,,,,,,,,,,,,,,,,,,,,,,,,,,,,,,,,,,,,,,,,,,,,,,,,,,,,,,,,,,,,,,,,,,,,,,,,,,,,,,,,,,,,,,,,,,,,,,,,,,,,,,2025-04-24 13:46:48,Signal Acquired,15.424714,73.896431,2.2,-0.45,8.54,-0.04,-0.05,0.04,DETECTED
,,,,,,,,,,,,,,,,,,,,,,,,,,,,,,,,,,,,,,,,,,,,,,,,,,,,,,,,,,,,,,,,,,,,,,,,,,,,,,,,,,,,,,,,,,,,,,,,,,,,,,,,,2025-04-24 13:46:48,Signal Acquired,15.424613,73.896594,1.62,-0.28,9.57,-0.04,0.09,0.0,NO
,,,,,,,,,,,,,,,,,,,,,,,,,,,,,,,,,,,,,,,,,,,,,,,,,,,,,,,,,,,,,,,,,,,,,,,,,,,,,,,,,,,,,,,,,,,,,,,,,,,,,,,,,2025-04-24 13:46:48,Signal Acquired,15.424613,73.896594,0.87,0.32,11.39,0.08,0.23,-0.03,DETECTED
,,,,,,,,,,,,,,,,,,,,,,,,,,,,,,,,,,,,,,,,,,,,,,,,,,,,,,,,,,,,,,,,,,,,,,,,,,,,,,,,,,,,,,,,,,,,,,,,,,,,,,,,,2025-04-24 13:46:50,Signal Acquired,15.424512,73.896758,-3.8,0.18,7.75,-0.1,0.15,0.01,NO
,,,,,,,,,,,,,,,,,,,,,,,,,,,,,,,,,,,,,,,,,,,,,,,,,,,,,,,,,,,,,,,,,,,,,,,,,,,,,,,,,,,,,,,,,,,,,,,,,,,,,,,,,2025-04-24 13:46:50,Signal Acquired,15.424512,73.896758,-0.23,-0.81,12.01,0.01,0.07,0.05,DETECTED
,,,,,,,,,,,,,,,,,,,,,,,,,,,,,,,,,,,,,,,,,,,,,,,,,,,,,,,,,,,,,,,,,,,,,,,,,,,,,,,,,,,,,,,,,,,,,,,,,,,,,,,,,2025-04-24 13:46:50,Signal Acquired,15.424416,73.896924,-0.96,-0.91,10.19,-0.02,-0.23,0.03,DETECTED
,,,,,,,,,,,,,,,,,,,,,,,,,,,,,,,,,,,,,,,,,,,,,,,,,,,,,,,,,,,,,,,,,,,,,,,,,,,,,,,,,,,,,,,,,,,,,,,,,,,,,,,,,2025-04-24 13:46:53,Signal Acquired,15.424416,73.896924,0.84,0.39,7.51,-0.01,0.04,0.04,DETECTED
,,,,,,,,,,,,,,,,,,,,,,,,,,,,,,,,,,,,,,,,,,,,,,,,,,,,,,,,,,,,,,,,,,,,,,,,,,,,,,,,,,,,,,,,,,,,,,,,,,,,,,,,,2025-04-24 13:46:53,Signal Acquired,15.424325,73.897092,-2.34,0.07,7.77,-0.01,-0.01,0.01,DETECTED
,,,,,,,,,,,,,,,,,,,,,,,,,,,,,,,,,,,,,,,,,,,,,,,,,,,,,,,,,,,,,,,,,,,,,,,,,,,,,,,,,,,,,,,,,,,,,,,,,,,,,,,,,2025-04-24 13:46:53,Signal Acquired,15.424325,73.897092,-0.97,-0.59,10.35,-0.0,0.06,0.01,NO
,,,,,,,,,,,,,,,,,,,,,,,,,,,,,,,,,,,,,,,,,,,,,,,,,,,,,,,,,,,,,,,,,,,,,,,,,,,,,,,,,,,,,,,,,,,,,,,,,,,,,,,,,2025-04-24 13:46:55,Signal Acquired,15.424242,73.897263,-0.35,-0.45,10.24,-0.01,0.08,-0.0,NO
,,,,,,,,,,,,,,,,,,,,,,,,,,,,,,,,,,,,,,,,,,,,,,,,,,,,,,,,,,,,,,,,,,,,,,,,,,,,,,,,,,,,,,,,,,,,,,,,,,,,,,,,,2025-04-24 13:46:55,Signal Acquired,15.424242,73.897263,-3.06,1.1,7.94,-0.09,0.06,-0.02,DETECTED
,,,,,,,,,,,,,,,,,,,,,,,,,,,,,,,,,,,,,,,,,,,,,,,,,,,,,,,,,,,,,,,,,,,,,,,,,,,,,,,,,,,,,,,,,,,,,,,,,,,,,,,,,2025-04-24 13:46:55,Signal Acquired,15.424162,73.897435,-1.93,-0.63,10.03,-0.06,0.03,0.02,NO
,,,,,,,,,,,,,,,,,,,,,,,,,,,,,,,,,,,,,,,,,,,,,,,,,,,,,,,,,,,,,,,,,,,,,,,,,,,,,,,,,,,,,,,,,,,,,,,,,,,,,,,,,2025-04-24 13:46:57,Signal Acquired,15.424162,73.897435,-1.35,0.01,9.37,-0.01,0.09,0.02,NO
,,,,,,,,,,,,,,,,,,,,,,,,,,,,,,,,,,,,,,,,,,,,,,,,,,,,,,,,,,,,,,,,,,,,,,,,,,,,,,,,,,,,,,,,,,,,,,,,,,,,,,,,,2025-04-24 13:46:57,Signal Acquired,15.424087,73.897611,1.43,-0.89,8.54,-0.04,-0.1,0.02,DETECTED
,,,,,,,,,,,,,,,,,,,,,,,,,,,,,,,,,,,,,,,,,,,,,,,,,,,,,,,,,,,,,,,,,,,,,,,,,,,,,,,,,,,,,,,,,,,,,,,,,,,,,,,,,2025-04-24 13:46:57,Signal Acquired,15.424087,73.897611,0.25,0.29,9.47,0.01,0.09,0.04,NO
,,,,,,,,,,,,,,,,,,,,,,,,,,,,,,,,,,,,,,,,,,,,,,,,,,,,,,,,,,,,,,,,,,,,,,,,,,,,,,,,,,,,,,,,,,,,,,,,,,,,,,,,,2025-04-24 13:47:00,Signal Acquired,15.424017,73.897787,-1.19,0.11,9.63,-0.01,-0.0,0.02,NO
,,,,,,,,,,,,,,,,,,,,,,,,,,,,,,,,,,,,,,,,,,,,,,,,,,,,,,,,,,,,,,,,,,,,,,,,,,,,,,,,,,,,,,,,,,,,,,,,,,,,,,,,,2025-04-24 13:47:00,Signal Acquired,15.424017,73.897787,-0.96,-0.51,9.07,-0.08,0.09,-0.03,NO
,,,,,,,,,,,,,,,,,,,,,,,,,,,,,,,,,,,,,,,,,,,,,,,,,,,,,,,,,,,,,,,,,,,,,,,,,,,,,,,,,,,,,,,,,,,,,,,,,,,,,,,,,2025-04-24 13:47:00,Signal Acquired,15.42395,73.897963,0.22,0.13,10.46,-0.06,-0.1,0.06,DETECTED
,,,,,,,,,,,,,,,,,,,,,,,,,,,,,,,,,,,,,,,,,,,,,,,,,,,,,,,,,,,,,,,,,,,,,,,,,,,,,,,,,,,,,,,,,,,,,,,,,,,,,,,,,2025-04-24 13:47:02,Signal Acquired,15.42395,73.897963,0.34,-0.45,8.68,-0.1,0.04,0.01,NO
,,,,,,,,,,,,,,,,,,,,,,,,,,,,,,,,,,,,,,,,,,,,,,,,,,,,,,,,,,,,,,,,,,,,,,,,,,,,,,,,,,,,,,,,,,,,,,,,,,,,,,,,,2025-04-24 13:47:02,Signal Acquired,15.423886,73.898138,1.07,-0.64,9.08,-0.08,-0.03,-0.0,NO
,,,,,,,,,,,,,,,,,,,,,,,,,,,,,,,,,,,,,,,,,,,,,,,,,,,,,,,,,,,,,,,,,,,,,,,,,,,,,,,,,,,,,,,,,,,,,,,,,,,,,,,,,2025-04-24 13:47:02,Signal Acquired,15.423886,73.898138,1.15,-0.06,9.67,-0.01,-0.05,0.02,NO
,,,,,,,,,,,,,,,,,,,,,,,,,,,,,,,,,,,,,,,,,,,,,,,,,,,,,,,,,,,,,,,,,,,,,,,,,,,,,,,,,,,,,,,,,,,,,,,,,,,,,,,,,2025-04-24 13:47:04,Signal Acquired,15.423825,73.898312,0.34,-0.16,8.4,-0.05,0.03,0.01,NO
,,,,,,,,,,,,,,,,,,,,,,,,,,,,,,,,,,,,,,,,,,,,,,,,,,,,,,,,,,,,,,,,,,,,,,,,,,,,,,,,,,,,,,,,,,,,,,,,,,,,,,,,,2025-04-24 13:47:04,Signal Acquired,15.423825,73.898312,0.79,-0.21,9.6,-0.0,0.01,0.01,NO
,,,,,,,,,,,,,,,,,,,,,,,,,,,,,,,,,,,,,,,,,,,,,,,,,,,,,,,,,,,,,,,,,,,,,,,,,,,,,,,,,,,,,,,,,,,,,,,,,,,,,,,,,2025-04-24 13:47:04,Signal Acquired,15.423765,73.898485,-0.03,-0.65,9.45,-0.03,0.09,-0.03,DETECTED
,,,,,,,,,,,,,,,,,,,,,,,,,,,,,,,,,,,,,,,,,,,,,,,,,,,,,,,,,,,,,,,,,,,,,,,,,,,,,,,,,,,,,,,,,,,,,,,,,,,,,,,,,2025-04-24 13:47:06,Signal Acquired,15.423765,73.898485,0.31,-0.57,10.05,0.02,0.14,-0.01,NO
,,,,,,,,,,,,,,,,,,,,,,,,,,,,,,,,,,,,,,,,,,,,,,,,,,,,,,,,,,,,,,,,,,,,,,,,,,,,,,,,,,,,,,,,,,,,,,,,,,,,,,,,,2025-04-24 13:47:06,Signal Acquired,15.423706,73.898655,-0.31,0.42,9.44,0.01,0.01,0.01,NO
,,,,,,,,,,,,,,,,,,,,,,,,,,,,,,,,,,,,,,,,,,,,,,,,,,,,,,,,,,,,,,,,,,,,,,,,,,,,,,,,,,,,,,,,,,,,,,,,,,,,,,,,,2025-04-24 13:47:06,Signal Acquired,15.423706,73.898655,-2.58,-0.47,9.48,-0.02,0.14,-0.03,DETECTED
,,,,,,,,,,,,,,,,,,,,,,,,,,,,,,,,,,,,,,,,,,,,,,,,,,,,,,,,,,,,,,,,,,,,,,,,,,,,,,,,,,,,,,,,,,,,,,,,,,,,,,,,,2025-04-24 13:47:09,Signal Acquired,15.423648,73.898821,-1.6,0.67,9.32,0.0,0.09,0.0,NO
,,,,,,,,,,,,,,,,,,,,,,,,,,,,,,,,,,,,,,,,,,,,,,,,,,,,,,,,,,,,,,,,,,,,,,,,,,,,,,,,,,,,,,,,,,,,,,,,,,,,,,,,,2025-04-24 13:47:09,Signal Acquired,15.423648,73.898821,1.26,0.03,9.22,-0.03,0.07,-0.0,DETECTED
,,,,,,,,,,,,,,,,,,,,,,,,,,,,,,,,,,,,,,,,,,,,,,,,,,,,,,,,,,,,,,,,,,,,,,,,,,,,,,,,,,,,,,,,,,,,,,,,,,,,,,,,,2025-04-24 13:47:09,Signal Acquired,15.423591,73.898983,-1.11,0.09,9.48,-0.04,0.02,-0.01,NO
,,,,,,,,,,,,,,,,,,,,,,,,,,,,,,,,,,,,,,,,,,,,,,,,,,,,,,,,,,,,,,,,,,,,,,,,,,,,,,,,,,,,,,,,,,,,,,,,,,,,,,,,,2025-04-24 13:47:11,Signal Acquired,15.423591,73.898983,1.02,0.53,9.11,0.06,0.01,0.02,NO
,,,,,,,,,,,,,,,,,,,,,,,,,,,,,,,,,,,,,,,,,,,,,,,,,,,,,,,,,,,,,,,,,,,,,,,,,,,,,,,,,,,,,,,,,,,,,,,,,,,,,,,,,2025-04-24 13:47:11,Signal Acquired,15.423534,73.899142,0.14,-0.85,9.14,-0.08,-0.0,-0.01,NO
,,,,,,,,,,,,,,,,,,,,,,,,,,,,,,,,,,,,,,,,,,,,,,,,,,,,,,,,,,,,,,,,,,,,,,,,,,,,,,,,,,,,,,,,,,,,,,,,,,,,,,,,,2025-04-24 13:47:11,Signal Acquired,15.423534,73.899142,-1.21,0.17,9.92,0.02,0.08,0.01,DETECTED
,,,,,,,,,,,,,,,,,,,,,,,,,,,,,,,,,,,,,,,,,,,,,,,,,,,,,,,,,,,,,,,,,,,,,,,,,,,,,,,,,,,,,,,,,,,,,,,,,,,,,,,,,2025-04-24 13:47:13,Signal Acquired,15.423478,73.899295,2.89,0.38,9.18,0.02,-0.01,0.01,DETECTED
,,,,,,,,,,,,,,,,,,,,,,,,,,,,,,,,,,,,,,,,,,,,,,,,,,,,,,,,,,,,,,,,,,,,,,,,,,,,,,,,,,,,,,,,,,,,,,,,,,,,,,,,,2025-04-24 13:47:13,Signal Acquired,15.423478,73.899295,2.85,0.59,9.14,0.13,-0.16,-0.01,DETECTED
,,,,,,,,,,,,,,,,,,,,,,,,,,,,,,,,,,,,,,,,,,,,,,,,,,,,,,,,,,,,,,,,,,,,,,,,,,,,,,,,,,,,,,,,,,,,,,,,,,,,,,,,,2025-04-24 13:47:13,Signal Acquired,15.423423,73.899444,-0.05,-0.26,9.22,-0.06,0.03,-0.01,NO
,,,,,,,,,,,,,,,,,,,,,,,,,,,,,,,,,,,,,,,,,,,,,,,,,,,,,,,,,,,,,,,,,,,,,,,,,,,,,,,,,,,,,,,,,,,,,,,,,,,,,,,,,2025-04-24 13:47:15,Signal Acquired,15.423423,73.899444,-1.01,-0.45,10.34,0.05,0.04,-0.02,NO
,,,,,,,,,,,,,,,,,,,,,,,,,,,,,,,,,,,,,,,,,,,,,,,,,,,,,,,,,,,,,,,,,,,,,,,,,,,,,,,,,,,,,,,,,,,,,,,,,,,,,,,,,2025-04-24 13:47:15,Signal Acquired,15.423369,73.899584,1.93,-0.53,7.19,-0.18,0.22,-0.07,DETECTED
,,,,,,,,,,,,,,,,,,,,,,,,,,,,,,,,,,,,,,,,,,,,,,,,,,,,,,,,,,,,,,,,,,,,,,,,,,,,,,,,,,,,,,,,,,,,,,,,,,,,,,,,,2025-04-24 13:47:15,Signal Acquired,15.423369,73.899584,1.2,0.97,10.04,0.12,-0.15,-0.05,DETECTED
,,,,,,,,,,,,,,,,,,,,,,,,,,,,,,,,,,,,,,,,,,,,,,,,,,,,,,,,,,,,,,,,,,,,,,,,,,,,,,,,,,,,,,,,,,,,,,,,,,,,,,,,,2025-04-24 13:47:18,Signal Acquired,15.423315,73.89972,1.0,-0.27,8.8,0.01,-0.0,-0.03,DETECTED
,,,,,,,,,,,,,,,,,,,,,,,,,,,,,,,,,,,,,,,,,,,,,,,,,,,,,,,,,,,,,,,,,,,,,,,,,,,,,,,,,,,,,,,,,,,,,,,,,,,,,,,,,2025-04-24 13:47:18,Signal Acquired,15.423315,73.89972,0.37,-0.11,9.15,-0.03,0.11,-0.07,DETECTED
,,,,,,,,,,,,,,,,,,,,,,,,,,,,,,,,,,,,,,,,,,,,,,,,,,,,,,,,,,,,,,,,,,,,,,,,,,,,,,,,,,,,,,,,,,,,,,,,,,,,,,,,,2025-04-24 13:47:18,Signal Acquired,15.423257,73.899851,1.85,-2.82,9.56,-0.08,0.05,-0.14,NO
,,,,,,,,,,,,,,,,,,,,,,,,,,,,,,,,,,,,,,,,,,,,,,,,,,,,,,,,,,,,,,,,,,,,,,,,,,,,,,,,,,,,,,,,,,,,,,,,,,,,,,,,,2025-04-24 13:47:20,Signal Acquired,15.423257,73.899851,1.62,0.16,9.59,-0.0,0.0,-0.06,NO
,,,,,,,,,,,,,,,,,,,,,,,,,,,,,,,,,,,,,,,,,,,,,,,,,,,,,,,,,,,,,,,,,,,,,,,,,,,,,,,,,,,,,,,,,,,,,,,,,,,,,,,,,2025-04-24 13:47:20,Signal Acquired,15.423194,73.899978,0.0,-0.03,9.41,-0.01,0.0,-0.06,NO
,,,,,,,,,,,,,,,,,,,,,,,,,,,,,,,,,,,,,,,,,,,,,,,,,,,,,,,,,,,,,,,,,,,,,,,,,,,,,,,,,,,,,,,,,,,,,,,,,,,,,,,,,2025-04-24 13:47:20,Signal Acquired,15.423194,73.899978,0.05,-0.09,9.09,-0.13,-0.13,-0.04,DETECTED
,,,,,,,,,,,,,,,,,,,,,,,,,,,,,,,,,,,,,,,,,,,,,,,,,,,,,,,,,,,,,,,,,,,,,,,,,,,,,,,,,,,,,,,,,,,,,,,,,,,,,,,,,2025-04-24 13:47:22,Signal Acquired,15.423127,73.900099,0.95,-0.4,9.54,0.0,0.17,-0.06,DETECTED
,,,,,,,,,,,,,,,,,,,,,,,,,,,,,,,,,,,,,,,,,,,,,,,,,,,,,,,,,,,,,,,,,,,,,,,,,,,,,,,,,,,,,,,,,,,,,,,,,,,,,,,,,2025-04-24 13:47:22,Signal Acquired,15.423127,73.900099,1.6,-0.03,9.28,-0.0,0.04,-0.05,NO
,,,,,,,,,,,,,,,,,,,,,,,,,,,,,,,,,,,,,,,,,,,,,,,,,,,,,,,,,,,,,,,,,,,,,,,,,,,,,,,,,,,,,,,,,,,,,,,,,,,,,,,,,2025-04-24 13:47:22,Signal Acquired,15.423051,73.900221,-0.17,0.45,9.6,0.01,0.03,-0.04,NO
,,,,,,,,,,,,,,,,,,,,,,,,,,,,,,,,,,,,,,,,,,,,,,,,,,,,,,,,,,,,,,,,,,,,,,,,,,,,,,,,,,,,,,,,,,,,,,,,,,,,,,,,,2025-04-24 13:47:24,Signal Acquired,15.423051,73.900221,1.56,0.5,9.34,-0.02,-0.01,-0.06,NO
,,,,,,,,,,,,,,,,,,,,,,,,,,,,,,,,,,,,,,,,,,,,,,,,,,,,,,,,,,,,,,,,,,,,,,,,,,,,,,,,,,,,,,,,,,,,,,,,,,,,,,,,,2025-04-24 13:47:24,Signal Acquired,15.42297,73.900339,7.09,0.62,8.26,0.05,-0.29,0.2,DETECTED
,,,,,,,,,,,,,,,,,,,,,,,,,,,,,,,,,,,,,,,,,,,,,,,,,,,,,,,,,,,,,,,,,,,,,,,,,,,,,,,,,,,,,,,,,,,,,,,,,,,,,,,,,2025-04-24 13:47:24,Signal Acquired,15.42297,73.900339,1.65,0.8,9.15,0.0,0.01,-0.03,NO
,,,,,,,,,,,,,,,,,,,,,,,,,,,,,,,,,,,,,,,,,,,,,,,,,,,,,,,,,,,,,,,,,,,,,,,,,,,,,,,,,,,,,,,,,,,,,,,,,,,,,,,,,2025-04-24 13:47:27,Signal Acquired,15.422884,73.900452,1.37,0.85,8.53,-0.0,-0.05,-0.32,DETECTED
,,,,,,,,,,,,,,,,,,,,,,,,,,,,,,,,,,,,,,,,,,,,,,,,,,,,,,,,,,,,,,,,,,,,,,,,,,,,,,,,,,,,,,,,,,,,,,,,,,,,,,,,,2025-04-24 13:47:27,Signal Acquired,15.422884,73.900452,0.61,0.19,9.83,0.08,-0.03,-0.18,NO
,,,,,,,,,,,,,,,,,,,,,,,,,,,,,,,,,,,,,,,,,,,,,,,,,,,,,,,,,,,,,,,,,,,,,,,,,,,,,,,,,,,,,,,,,,,,,,,,,,,,,,,,,2025-04-24 13:47:27,Signal Acquired,15.422796,73.90056,0.42,0.23,9.5,-0.01,0.05,-0.06,NO
,,,,,,,,,,,,,,,,,,,,,,,,,,,,,,,,,,,,,,,,,,,,,,,,,,,,,,,,,,,,,,,,,,,,,,,,,,,,,,,,,,,,,,,,,,,,,,,,,,,,,,,,,2025-04-24 13:47:29,Signal Acquired,15.422796,73.90056,1.11,0.54,9.08,-0.0,0.03,-0.06,DETECTED
,,,,,,,,,,,,,,,,,,,,,,,,,,,,,,,,,,,,,,,,,,,,,,,,,,,,,,,,,,,,,,,,,,,,,,,,,,,,,,,,,,,,,,,,,,,,,,,,,,,,,,,,,2025-04-24 13:47:29,Signal Acquired,15.4227,73.900664,-1.71,0.02,10.26,0.01,0.05,-0.04,DETECTED
,,,,,,,,,,,,,,,,,,,,,,,,,,,,,,,,,,,,,,,,,,,,,,,,,,,,,,,,,,,,,,,,,,,,,,,,,,,,,,,,,,,,,,,,,,,,,,,,,,,,,,,,,2025-04-24 13:47:29,Signal Acquired,15.4227,73.900664,-4.96,-0.83,9.15,-0.05,-0.06,-0.08,DETECTED
,,,,,,,,,,,,,,,,,,,,,,,,,,,,,,,,,,,,,,,,,,,,,,,,,,,,,,,,,,,,,,,,,,,,,,,,,,,,,,,,,,,,,,,,,,,,,,,,,,,,,,,,,2025-04-24 13:47:31,Signal Acquired,15.422601,73.900762,0.8,0.48,10.83,0.01,0.14,-0.07,NO
,,,,,,,,,,,,,,,,,,,,,,,,,,,,,,,,,,,,,,,,,,,,,,,,,,,,,,,,,,,,,,,,,,,,,,,,,,,,,,,,,,,,,,,,,,,,,,,,,,,,,,,,,2025-04-24 13:47:31,Signal Acquired,15.422601,73.900762,0.51,0.68,9.04,-0.04,0.05,-0.06,NO
,,,,,,,,,,,,,,,,,,,,,,,,,,,,,,,,,,,,,,,,,,,,,,,,,,,,,,,,,,,,,,,,,,,,,,,,,,,,,,,,,,,,,,,,,,,,,,,,,,,,,,,,,2025-04-24 13:47:31,Signal Acquired,15.422497,73.900855,0.94,0.08,9.62,-0.01,0.05,-0.06,NO
,,,,,,,,,,,,,,,,,,,,,,,,,,,,,,,,,,,,,,,,,,,,,,,,,,,,,,,,,,,,,,,,,,,,,,,,,,,,,,,,,,,,,,,,,,,,,,,,,,,,,,,,,2025-04-24 13:47:33,Signal Acquired,15.422497,73.900855,0.4,-0.66,8.65,-0.07,0.04,-0.06,DETECTED
,,,,,,,,,,,,,,,,,,,,,,,,,,,,,,,,,,,,,,,,,,,,,,,,,,,,,,,,,,,,,,,,,,,,,,,,,,,,,,,,,,,,,,,,,,,,,,,,,,,,,,,,,2025-04-24 13:47:33,Signal Acquired,15.422387,73.900941,1.05,-0.05,9.94,0.03,0.01,-0.05,NO
,,,,,,,,,,,,,,,,,,,,,,,,,,,,,,,,,,,,,,,,,,,,,,,,,,,,,,,,,,,,,,,,,,,,,,,,,,,,,,,,,,,,,,,,,,,,,,,,,,,,,,,,,2025-04-24 13:47:33,Signal Acquired,15.422387,73.900941,1.54,-0.16,9.22,0.0,-0.06,-0.04,NO
,,,,,,,,,,,,,,,,,,,,,,,,,,,,,,,,,,,,,,,,,,,,,,,,,,,,,,,,,,,,,,,,,,,,,,,,,,,,,,,,,,,,,,,,,,,,,,,,,,,,,,,,,2025-04-24 13:47:36,Signal Acquired,15.422275,73.90102,1.22,-0.11,9.57,-0.0,0.03,-0.04,NO
,,,,,,,,,,,,,,,,,,,,,,,,,,,,,,,,,,,,,,,,,,,,,,,,,,,,,,,,,,,,,,,,,,,,,,,,,,,,,,,,,,,,,,,,,,,,,,,,,,,,,,,,,2025-04-24 13:47:36,Signal Acquired,15.422275,73.90102,1.47,-1.06,8.64,-0.13,-0.13,-0.17,DETECTED
,,,,,,,,,,,,,,,,,,,,,,,,,,,,,,,,,,,,,,,,,,,,,,,,,,,,,,,,,,,,,,,,,,,,,,,,,,,,,,,,,,,,,,,,,,,,,,,,,,,,,,,,,2025-04-24 13:47:36,Signal Acquired,15.42216,73.901093,0.19,-0.18,10.05,0.03,-0.0,-0.03,NO
,,,,,,,,,,,,,,,,,,,,,,,,,,,,,,,,,,,,,,,,,,,,,,,,,,,,,,,,,,,,,,,,,,,,,,,,,,,,,,,,,,,,,,,,,,,,,,,,,,,,,,,,,2025-04-24 13:47:38,Signal Acquired,15.42216,73.901093,0.23,-0.06,9.53,0.0,0.02,-0.04,NO
,,,,,,,,,,,,,,,,,,,,,,,,,,,,,,,,,,,,,,,,,,,,,,,,,,,,,,,,,,,,,,,,,,,,,,,,,,,,,,,,,,,,,,,,,,,,,,,,,,,,,,,,,2025-04-24 13:47:38,Signal Acquired,15.422042,73.901162,0.14,-0.03,9.9,0.01,0.05,-0.04,NO
,,,,,,,,,,,,,,,,,,,,,,,,,,,,,,,,,,,,,,,,,,,,,,,,,,,,,,,,,,,,,,,,,,,,,,,,,,,,,,,,,,,,,,,,,,,,,,,,,,,,,,,,,2025-04-24 13:47:38,Signal Acquired,15.422042,73.901162,0.69,-0.45,9.41,-0.01,0.04,-0.03,NO
,,,,,,,,,,,,,,,,,,,,,,,,,,,,,,,,,,,,,,,,,,,,,,,,,,,,,,,,,,,,,,,,,,,,,,,,,,,,,,,,,,,,,,,,,,,,,,,,,,,,,,,,,2025-04-24 13:47:40,Signal Acquired,15.421925,73.901225,0.37,0.06,9.53,-0.03,0.03,-0.03,NO
,,,,,,,,,,,,,,,,,,,,,,,,,,,,,,,,,,,,,,,,,,,,,,,,,,,,,,,,,,,,,,,,,,,,,,,,,,,,,,,,,,,,,,,,,,,,,,,,,,,,,,,,,2025-04-24 13:47:40,Signal Acquired,15.421925,73.901225,-0.19,-0.33,9.56,-0.03,0.03,-0.02,NO
,,,,,,,,,,,,,,,,,,,,,,,,,,,,,,,,,,,,,,,,,,,,,,,,,,,,,,,,,,,,,,,,,,,,,,,,,,,,,,,,,,,,,,,,,,,,,,,,,,,,,,,,,2025-04-24 13:47:40,Signal Acquired,15.421808,73.901285,-0.37,-0.19,9.07,-0.1,0.04,-0.02,NO
,,,,,,,,,,,,,,,,,,,,,,,,,,,,,,,,,,,,,,,,,,,,,,,,,,,,,,,,,,,,,,,,,,,,,,,,,,,,,,,,,,,,,,,,,,,,,,,,,,,,,,,,,2025-04-24 13:47:42,Signal Acquired,15.421808,73.901285,-0.22,-0.51,9.8,-0.02,0.0,0.0,NO
,,,,,,,,,,,,,,,,,,,,,,,,,,,,,,,,,,,,,,,,,,,,,,,,,,,,,,,,,,,,,,,,,,,,,,,,,,,,,,,,,,,,,,,,,,,,,,,,,,,,,,,,,2025-04-24 13:47:42,Signal Acquired,15.421692,73.901342,0.91,-0.39,9.52,0.0,-0.02,0.02,NO
,,,,,,,,,,,,,,,,,,,,,,,,,,,,,,,,,,,,,,,,,,,,,,,,,,,,,,,,,,,,,,,,,,,,,,,,,,,,,,,,,,,,,,,,,,,,,,,,,,,,,,,,,2025-04-24 13:47:42,Signal Acquired,15.421692,73.901342,0.78,-0.18,9.61,0.01,-0.04,0.01,DETECTED
,,,,,,,,,,,,,,,,,,,,,,,,,,,,,,,,,,,,,,,,,,,,,,,,,,,,,,,,,,,,,,,,,,,,,,,,,,,,,,,,,,,,,,,,,,,,,,,,,,,,,,,,,2025-04-24 13:47:45,Signal Acquired,15.421576,73.901397,1.15,-0.47,9.53,0.0,-0.01,0.01,NO
,,,,,,,,,,,,,,,,,,,,,,,,,,,,,,,,,,,,,,,,,,,,,,,,,,,,,,,,,,,,,,,,,,,,,,,,,,,,,,,,,,,,,,,,,,,,,,,,,,,,,,,,,2025-04-24 13:47:45,Signal Acquired,15.421576,73.901397,-1.09,-0.47,9.84,-0.01,0.03,0.01,NO
,,,,,,,,,,,,,,,,,,,,,,,,,,,,,,,,,,,,,,,,,,,,,,,,,,,,,,,,,,,,,,,,,,,,,,,,,,,,,,,,,,,,,,,,,,,,,,,,,,,,,,,,,2025-04-24 13:47:45,Signal Acquired,15.421462,73.901452,-0.11,-0.03,8.83,-0.03,-0.0,0.0,NO
,,,,,,,,,,,,,,,,,,,,,,,,,,,,,,,,,,,,,,,,,,,,,,,,,,,,,,,,,,,,,,,,,,,,,,,,,,,,,,,,,,,,,,,,,,,,,,,,,,,,,,,,,2025-04-24 13:47:47,Signal Acquired,15.421462,73.901452,-2.24,-1.91,9.95,-0.06,0.09,0.0,NO
,,,,,,,,,,,,,,,,,,,,,,,,,,,,,,,,,,,,,,,,,,,,,,,,,,,,,,,,,,,,,,,,,,,,,,,,,,,,,,,,,,,,,,,,,,,,,,,,,,,,,,,,,2025-04-24 13:47:47,Signal Acquired,15.421349,73.901508,0.34,-0.2,9.89,0.01,-0.04,0.01,NO
,,,,,,,,,,,,,,,,,,,,,,,,,,,,,,,,,,,,,,,,,,,,,,,,,,,,,,,,,,,,,,,,,,,,,,,,,,,,,,,,,,,,,,,,,,,,,,,,,,,,,,,,,2025-04-24 13:47:47,Signal Acquired,15.421349,73.901508,-0.3,-0.12,9.22,0.0,-0.02,0.02,DETECTED
,,,,,,,,,,,,,,,,,,,,,,,,,,,,,,,,,,,,,,,,,,,,,,,,,,,,,,,,,,,,,,,,,,,,,,,,,,,,,,,,,,,,,,,,,,,,,,,,,,,,,,,,,2025-04-24 13:47:49,Signal Acquired,15.421237,73.901564,-0.85,-0.0,9.46,-0.01,0.02,0.01,NO
,,,,,,,,,,,,,,,,,,,,,,,,,,,,,,,,,,,,,,,,,,,,,,,,,,,,,,,,,,,,,,,,,,,,,,,,,,,,,,,,,,,,,,,,,,,,,,,,,,,,,,,,,2025-04-24 13:47:49,Signal Acquired,15.421237,73.901564,1.38,0.18,9.34,-0.03,0.02,-0.01,DETECTED
,,,,,,,,,,,,,,,,,,,,,,,,,,,,,,,,,,,,,,,,,,,,,,,,,,,,,,,,,,,,,,,,,,,,,,,,,,,,,,,,,,,,,,,,,,,,,,,,,,,,,,,,,2025-04-24 13:47:49,Signal Acquired,15.421126,73.90162,-0.08,-0.23,9.15,-0.02,0.03,-0.01,NO
,,,,,,,,,,,,,,,,,,,,,,,,,,,,,,,,,,,,,,,,,,,,,,,,,,,,,,,,,,,,,,,,,,,,,,,,,,,,,,,,,,,,,,,,,,,,,,,,,,,,,,,,,2025-04-24 13:47:51,Signal Acquired,15.421126,73.90162,0.33,0.0,9.28,-0.02,0.02,-0.01,NO
,,,,,,,,,,,,,,,,,,,,,,,,,,,,,,,,,,,,,,,,,,,,,,,,,,,,,,,,,,,,,,,,,,,,,,,,,,,,,,,,,,,,,,,,,,,,,,,,,,,,,,,,,2025-04-24 13:47:51,Signal Acquired,15.421016,73.901676,-1.23,-1.0,10.49,-0.06,-0.11,0.08,DETECTED
,,,,,,,,,,,,,,,,,,,,,,,,,,,,,,,,,,,,,,,,,,,,,,,,,,,,,,,,,,,,,,,,,,,,,,,,,,,,,,,,,,,,,,,,,,,,,,,,,,,,,,,,,2025-04-24 13:47:51,Signal Acquired,15.421016,73.901676,0.84,-0.23,9.51,0.01,-0.01,0.03,NO
,,,,,,,,,,,,,,,,,,,,,,,,,,,,,,,,,,,,,,,,,,,,,,,,,,,,,,,,,,,,,,,,,,,,,,,,,,,,,,,,,,,,,,,,,,,,,,,,,,,,,,,,,2025-04-24 13:47:54,Signal Acquired,15.420906,73.901732,-1.19,0.57,9.84,-0.02,0.05,-0.01,NO
,,,,,,,,,,,,,,,,,,,,,,,,,,,,,,,,,,,,,,,,,,,,,,,,,,,,,,,,,,,,,,,,,,,,,,,,,,,,,,,,,,,,,,,,,,,,,,,,,,,,,,,,,2025-04-24 13:47:54,Signal Acquired,15.420906,73.901732,0.67,0.29,9.34,-0.04,0.02,0.01,NO
,,,,,,,,,,,,,,,,,,,,,,,,,,,,,,,,,,,,,,,,,,,,,,,,,,,,,,,,,,,,,,,,,,,,,,,,,,,,,,,,,,,,,,,,,,,,,,,,,,,,,,,,,2025-04-24 13:47:54,Signal Acquired,15.420796,73.90179,-0.73,0.81,9.48,-0.01,0.06,0.01,NO
,,,,,,,,,,,,,,,,,,,,,,,,,,,,,,,,,,,,,,,,,,,,,,,,,,,,,,,,,,,,,,,,,,,,,,,,,,,,,,,,,,,,,,,,,,,,,,,,,,,,,,,,,2025-04-24 13:47:56,Signal Acquired,15.420796,73.90179,0.83,-0.24,9.22,0.0,0.03,0.02,DETECTED
,,,,,,,,,,,,,,,,,,,,,,,,,,,,,,,,,,,,,,,,,,,,,,,,,,,,,,,,,,,,,,,,,,,,,,,,,,,,,,,,,,,,,,,,,,,,,,,,,,,,,,,,,2025-04-24 13:47:56,Signal Acquired,15.420686,73.901851,-0.83,0.78,9.86,-0.04,0.02,0.06,NO
,,,,,,,,,,,,,,,,,,,,,,,,,,,,,,,,,,,,,,,,,,,,,,,,,,,,,,,,,,,,,,,,,,,,,,,,,,,,,,,,,,,,,,,,,,,,,,,,,,,,,,,,,2025-04-24 13:47:56,Signal Acquired,15.420686,73.901851,-3.01,-0.53,9.1,-0.09,0.08,0.03,NO
,,,,,,,,,,,,,,,,,,,,,,,,,,,,,,,,,,,,,,,,,,,,,,,,,,,,,,,,,,,,,,,,,,,,,,,,,,,,,,,,,,,,,,,,,,,,,,,,,,,,,,,,,2025-04-24 13:47:58,Signal Acquired,15.420578,73.901917,-1.26,-0.07,9.58,-0.02,-0.06,0.06,DETECTED
,,,,,,,,,,,,,,,,,,,,,,,,,,,,,,,,,,,,,,,,,,,,,,,,,,,,,,,,,,,,,,,,,,,,,,,,,,,,,,,,,,,,,,,,,,,,,,,,,,,,,,,,,2025-04-24 13:47:58,Signal Acquired,15.420578,73.901917,0.21,0.19,9.3,-0.03,-0.02,0.03,NO
,,,,,,,,,,,,,,,,,,,,,,,,,,,,,,,,,,,,,,,,,,,,,,,,,,,,,,,,,,,,,,,,,,,,,,,,,,,,,,,,,,,,,,,,,,,,,,,,,,,,,,,,,2025-04-24 13:47:58,Signal Acquired,15.42047,73.901988,2.44,0.72,9.23,0.02,-0.01,0.04,DETECTED
,,,,,,,,,,,,,,,,,,,,,,,,,,,,,,,,,,,,,,,,,,,,,,,,,,,,,,,,,,,,,,,,,,,,,,,,,,,,,,,,,,,,,,,,,,,,,,,,,,,,,,,,,2025-04-24 13:48:00,Signal Acquired,15.42047,73.901988,-0.22,-0.13,9.19,-0.05,0.06,0.01,DETECTED
,,,,,,,,,,,,,,,,,,,,,,,,,,,,,,,,,,,,,,,,,,,,,,,,,,,,,,,,,,,,,,,,,,,,,,,,,,,,,,,,,,,,,,,,,,,,,,,,,,,,,,,,,2025-04-24 13:48:00,Signal Acquired,15.420366,73.902063,1.25,0.66,9.32,0.01,-0.04,0.04,NO
,,,,,,,,,,,,,,,,,,,,,,,,,,,,,,,,,,,,,,,,,,,,,,,,,,,,,,,,,,,,,,,,,,,,,,,,,,,,,,,,,,,,,,,,,,,,,,,,,,,,,,,,,2025-04-24 13:48:00,Signal Acquired,15.420366,73.902063,-0.82,-0.38,9.56,0.04,0.02,0.05,NO
,,,,,,,,,,,,,,,,,,,,,,,,,,,,,,,,,,,,,,,,,,,,,,,,,,,,,,,,,,,,,,,,,,,,,,,,,,,,,,,,,,,,,,,,,,,,,,,,,,,,,,,,,2025-04-24 13:48:03,Signal Acquired,15.420264,73.902141,6.74,0.28,10.6,0.07,-0.03,0.16,DETECTED
,,,,,,,,,,,,,,,,,,,,,,,,,,,,,,,,,,,,,,,,,,,,,,,,,,,,,,,,,,,,,,,,,,,,,,,,,,,,,,,,,,,,,,,,,,,,,,,,,,,,,,,,,2025-04-24 13:48:03,Signal Acquired,15.420264,73.902141,-0.05,0.31,9.49,-0.0,0.03,0.03,NO
,,,,,,,,,,,,,,,,,,,,,,,,,,,,,,,,,,,,,,,,,,,,,,,,,,,,,,,,,,,,,,,,,,,,,,,,,,,,,,,,,,,,,,,,,,,,,,,,,,,,,,,,,2025-04-24 13:48:03,Signal Acquired,15.420164,73.902223,-0.33,0.48,9.3,0.04,0.0,0.05,NO
,,,,,,,,,,,,,,,,,,,,,,,,,,,,,,,,,,,,,,,,,,,,,,,,,,,,,,,,,,,,,,,,,,,,,,,,,,,,,,,,,,,,,,,,,,,,,,,,,,,,,,,,,2025-04-24 13:48:05,Signal Acquired,15.420164,73.902223,1.96,0.28,9.02,0.01,0.03,0.07,DETECTED
,,,,,,,,,,,,,,,,,,,,,,,,,,,,,,,,,,,,,,,,,,,,,,,,,,,,,,,,,,,,,,,,,,,,,,,,,,,,,,,,,,,,,,,,,,,,,,,,,,,,,,,,,2025-04-24 13:48:05,Signal Acquired,15.420066,73.90231,-0.94,1.0,9.96,-0.0,0.06,0.02,NO
,,,,,,,,,,,,,,,,,,,,,,,,,,,,,,,,,,,,,,,,,,,,,,,,,,,,,,,,,,,,,,,,,,,,,,,,,,,,,,,,,,,,,,,,,,,,,,,,,,,,,,,,,2025-04-24 13:48:05,Signal Acquired,15.420066,73.90231,-1.37,0.2,9.68,0.06,-0.1,0.04,DETECTED
,,,,,,,,,,,,,,,,,,,,,,,,,,,,,,,,,,,,,,,,,,,,,,,,,,,,,,,,,,,,,,,,,,,,,,,,,,,,,,,,,,,,,,,,,,,,,,,,,,,,,,,,,2025-04-24 13:48:07,Signal Acquired,15.41997,73.9024,1.31,-0.05,8.96,0.04,0.03,0.01,NO
,,,,,,,,,,,,,,,,,,,,,,,,,,,,,,,,,,,,,,,,,,,,,,,,,,,,,,,,,,,,,,,,,,,,,,,,,,,,,,,,,,,,,,,,,,,,,,,,,,,,,,,,,2025-04-24 13:48:07,Signal Acquired,15.41997,73.9024,-1.51,0.14,10.09,0.01,0.04,0.0,DETECTED
,,,,,,,,,,,,,,,,,,,,,,,,,,,,,,,,,,,,,,,,,,,,,,,,,,,,,,,,,,,,,,,,,,,,,,,,,,,,,,,,,,,,,,,,,,,,,,,,,,,,,,,,,2025-04-24 13:48:07,Signal Acquired,15.419875,73.902491,0.14,1.08,9.57,0.01,0.03,-0.01,DETECTED
,,,,,,,,,,,,,,,,,,,,,,,,,,,,,,,,,,,,,,,,,,,,,,,,,,,,,,,,,,,,,,,,,,,,,,,,,,,,,,,,,,,,,,,,,,,,,,,,,,,,,,,,,2025-04-24 13:48:09,Signal Acquired,15.419875,73.902491,1.24,-0.1,9.17,-0.04,-0.01,0.0,DETECTED
,,,,,,,,,,,,,,,,,,,,,,,,,,,,,,,,,,,,,,,,,,,,,,,,,,,,,,,,,,,,,,,,,,,,,,,,,,,,,,,,,,,,,,,,,,,,,,,,,,,,,,,,,2025-04-24 13:48:09,Signal Acquired,15.41978,73.902583,-2.73,0.63,9.32,0.01,0.06,-0.05,DETECTED
,,,,,,,,,,,,,,,,,,,,,,,,,,,,,,,,,,,,,,,,,,,,,,,,,,,,,,,,,,,,,,,,,,,,,,,,,,,,,,,,,,,,,,,,,,,,,,,,,,,,,,,,,2025-04-24 13:48:09,Signal Acquired,15.41978,73.902583,0.29,-0.17,10.16,0.01,0.01,0.03,NO
,,,,,,,,,,,,,,,,,,,,,,,,,,,,,,,,,,,,,,,,,,,,,,,,,,,,,,,,,,,,,,,,,,,,,,,,,,,,,,,,,,,,,,,,,,,,,,,,,,,,,,,,,2025-04-24 13:48:12,Signal Acquired,15.419682,73.902675,-0.09,0.9,9.28,-0.0,-0.03,0.02,DETECTED
,,,,,,,,,,,,,,,,,,,,,,,,,,,,,,,,,,,,,,,,,,,,,,,,,,,,,,,,,,,,,,,,,,,,,,,,,,,,,,,,,,,,,,,,,,,,,,,,,,,,,,,,,2025-04-24 13:48:12,Signal Acquired,15.419682,73.902675,0.46,0.23,9.26,-0.0,0.02,0.02,NO
,,,,,,,,,,,,,,,,,,,,,,,,,,,,,,,,,,,,,,,,,,,,,,,,,,,,,,,,,,,,,,,,,,,,,,,,,,,,,,,,,,,,,,,,,,,,,,,,,,,,,,,,,2025-04-24 13:48:12,Signal Acquired,15.419585,73.902768,1.1,-0.28,9.19,-0.02,0.09,0.0,NO
,,,,,,,,,,,,,,,,,,,,,,,,,,,,,,,,,,,,,,,,,,,,,,,,,,,,,,,,,,,,,,,,,,,,,,,,,,,,,,,,,,,,,,,,,,,,,,,,,,,,,,,,,2025-04-24 13:48:14,Signal Acquired,15.419585,73.902768,2.78,1.72,7.67,0.03,-0.0,-0.01,DETECTED
,,,,,,,,,,,,,,,,,,,,,,,,,,,,,,,,,,,,,,,,,,,,,,,,,,,,,,,,,,,,,,,,,,,,,,,,,,,,,,,,,,,,,,,,,,,,,,,,,,,,,,,,,2025-04-24 13:48:14,Signal Acquired,15.419489,73.902864,0.29,0.74,9.96,0.0,-0.03,-0.0,NO
,,,,,,,,,,,,,,,,,,,,,,,,,,,,,,,,,,,,,,,,,,,,,,,,,,,,,,,,,,,,,,,,,,,,,,,,,,,,,,,,,,,,,,,,,,,,,,,,,,,,,,,,,2025-04-24 13:48:14,Signal Acquired,15.419489,73.902864,0.37,0.46,8.83,-0.01,-0.01,0.01,NO
,,,,,,,,,,,,,,,,,,,,,,,,,,,,,,,,,,,,,,,,,,,,,,,,,,,,,,,,,,,,,,,,,,,,,,,,,,,,,,,,,,,,,,,,,,,,,,,,,,,,,,,,,2025-04-24 13:48:16,Signal Acquired,15.419392,73.90296,0.2,-0.24,9.67,-0.0,0.05,-0.01,NO
,,,,,,,,,,,,,,,,,,,,,,,,,,,,,,,,,,,,,,,,,,,,,,,,,,,,,,,,,,,,,,,,,,,,,,,,,,,,,,,,,,,,,,,,,,,,,,,,,,,,,,,,,2025-04-24 13:48:16,Signal Acquired,15.419392,73.90296,-0.18,0.04,9.14,0.0,0.08,0.0,NO
,,,,,,,,,,,,,,,,,,,,,,,,,,,,,,,,,,,,,,,,,,,,,,,,,,,,,,,,,,,,,,,,,,,,,,,,,,,,,,,,,,,,,,,,,,,,,,,,,,,,,,,,,2025-04-24 13:48:16,Signal Acquired,15.419295,73.903056,0.23,0.25,9.43,-0.05,-0.03,0.03,NO
,,,,,,,,,,,,,,,,,,,,,,,,,,,,,,,,,,,,,,,,,,,,,,,,,,,,,,,,,,,,,,,,,,,,,,,,,,,,,,,,,,,,,,,,,,,,,,,,,,,,,,,,,2025-04-24 13:48:18,Signal Acquired,15.419295,73.903056,0.19,0.16,9.56,-0.02,0.04,0.02,NO
,,,,,,,,,,,,,,,,,,,,,,,,,,,,,,,,,,,,,,,,,,,,,,,,,,,,,,,,,,,,,,,,,,,,,,,,,,,,,,,,,,,,,,,,,,,,,,,,,,,,,,,,,2025-04-24 13:48:18,Signal Acquired,15.419201,73.903153,-0.52,0.13,9.41,0.0,0.04,0.01,NO
,,,,,,,,,,,,,,,,,,,,,,,,,,,,,,,,,,,,,,,,,,,,,,,,,,,,,,,,,,,,,,,,,,,,,,,,,,,,,,,,,,,,,,,,,,,,,,,,,,,,,,,,,2025-04-24 13:48:18,Signal Acquired,15.419201,73.903153,1.45,-0.14,9.36,0.02,-0.06,0.03,NO
,,,,,,,,,,,,,,,,,,,,,,,,,,,,,,,,,,,,,,,,,,,,,,,,,,,,,,,,,,,,,,,,,,,,,,,,,,,,,,,,,,,,,,,,,,,,,,,,,,,,,,,,,2025-04-24 13:48:21,Signal Acquired,15.419108,73.903251,-0.76,0.36,8.73,0.02,0.07,0.02,DETECTED
,,,,,,,,,,,,,,,,,,,,,,,,,,,,,,,,,,,,,,,,,,,,,,,,,,,,,,,,,,,,,,,,,,,,,,,,,,,,,,,,,,,,,,,,,,,,,,,,,,,,,,,,,2025-04-24 13:48:21,Signal Acquired,15.419108,73.903251,-0.8,-0.31,8.9,-0.07,0.05,-0.01,NO
,,,,,,,,,,,,,,,,,,,,,,,,,,,,,,,,,,,,,,,,,,,,,,,,,,,,,,,,,,,,,,,,,,,,,,,,,,,,,,,,,,,,,,,,,,,,,,,,,,,,,,,,,2025-04-24 13:48:21,Signal Acquired,15.419017,73.903348,1.08,0.88,10.15,0.05,-0.05,0.03,NO
,,,,,,,,,,,,,,,,,,,,,,,,,,,,,,,,,,,,,,,,,,,,,,,,,,,,,,,,,,,,,,,,,,,,,,,,,,,,,,,,,,,,,,,,,,,,,,,,,,,,,,,,,2025-04-24 13:48:23,Signal Acquired,15.419017,73.903348,-0.16,-0.28,9.84,0.02,-0.02,0.04,NO
,,,,,,,,,,,,,,,,,,,,,,,,,,,,,,,,,,,,,,,,,,,,,,,,,,,,,,,,,,,,,,,,,,,,,,,,,,,,,,,,,,,,,,,,,,,,,,,,,,,,,,,,,2025-04-24 13:48:23,Signal Acquired,15.418927,73.903445,-0.68,-0.04,9.0,-0.03,-0.03,0.03,NO
,,,,,,,,,,,,,,,,,,,,,,,,,,,,,,,,,,,,,,,,,,,,,,,,,,,,,,,,,,,,,,,,,,,,,,,,,,,,,,,,,,,,,,,,,,,,,,,,,,,,,,,,,2025-04-24 13:48:23,Signal Acquired,15.418927,73.903445,0.5,0.44,6.72,0.01,0.13,0.0,DETECTED
