Timestamp_OBD,STATUS,FUEL_STATUS,ENGINE_LOAD,COOLANT_TEMP,SHORT_FUEL_TRIM_1,LONG_FUEL_TRIM_1,INTAKE_PRESSURE,RPM,SPEED,TIMING_ADVANCE,INTAKE_TEMP,THROTTLE_POS,O2_SENSORS,O2_B1S1,O2_B1S2,OBD_COMPLIANCE,RUN_TIME,PIDS_B,DISTANCE_W_MIL,EVAPORATIVE_PURGE,WARMUPS_SINCE_DTC_CLEAR,DISTANCE_SINCE_DTC_CLEAR,BAROMETRIC_PRESSURE,PIDS_C,CONTROL_MODULE_VOLTAGE,ABSOLUTE_LOAD,RELATIVE_THROTTLE_POS,THROTTLE_POS_B,ACCELERATOR_POS_D,ACCELERATOR_POS_E,THROTTLE_ACTUATOR
1738911663.9363036,<obd.OBDResponse.Status object at 0x7f06affb6290>,"('Closed loop, using oxygen sensor feedback to determine fuel mix', '')",22.745098039215687,89,-1.5625,10.15625,29,1730.0,31.0,3.0,46,17.647058823529413,"((), (False, False, False, False), (False, False, True, True))",0.73,0.745,India OBD II (IOBD II),291.0,10000000000001011010000000000001,0.0,0.0,255.0,32780.0,100,01101010110100000000000000000000,13.805,16.862745098039216,7.0588235294117645,17.254901960784313,18.823529411764707,9.019607843137255,8.235294117647058
1738911666.515877,<obd.OBDResponse.Status object at 0x7f06afec5d90>,"('Closed loop, using oxygen sensor feedback to determine fuel mix', '')",16.862745098039216,88,1.5625,11.71875,24,1418.0,26.0,34.5,46,15.686274509803921,"((), (False, False, False, False), (False, False, True, True))",0.06,0.06,India OBD II (IOBD II),294.0,10000000000001011010000000000001,0.0,0.0,255.0,32780.0,100,01101010110100000000000000000000,13.829,16.862745098039216,5.882352941176471,16.07843137254902,14.901960784313726,7.450980392156863,8.235294117647058
1738911669.0660703,<obd.OBDResponse.Status object at 0x7f06aff20790>,"('Closed loop, using oxygen sensor feedback to determine fuel mix', '')",37.64705882352941,87,2.34375,9.375,45,1306.0,23.0,22.5,46,18.823529411764707,"((), (False, False, False, False), (False, False, True, True))",0.65,0.12,India OBD II (IOBD II),296.0,10000000000001011010000000000001,0.0,0.0,255.0,32780.0,100,01101010110100000000000000000000,13.735,18.431372549019606,6.2745098039215685,16.470588235294116,17.647058823529413,8.627450980392156,7.8431372549019605
1738911671.6158428,<obd.OBDResponse.Status object at 0x7f06aff22b90>,"('Closed loop, using oxygen sensor feedback to determine fuel mix', '')",19.607843137254903,87,-2.34375,12.5,27,1107.0,19.0,-1.5,46,16.07843137254902,"((), (False, False, False, False), (False, False, True, True))",0.84,0.135,India OBD II (IOBD II),299.0,10000000000001011010000000000001,0.0,0.0,255.0,32780.0,100,01101010110100000000000000000000,13.593,18.431372549019606,5.490196078431373,15.686274509803921,18.03921568627451,8.627450980392156,7.450980392156863
1738911674.15955,<obd.OBDResponse.Status object at 0x7f06aff24890>,"('Closed loop, using oxygen sensor feedback to determine fuel mix', '')",29.41176470588235,87,-2.34375,11.71875,39,888.5,15.0,21.0,46,16.470588235294116,"((), (False, False, False, False), (False, False, True, True))",0.09,0.14,India OBD II (IOBD II),301.0,10000000000001011010000000000001,0.0,0.0,255.0,32780.0,100,01101010110100000000000000000000,13.428,31.372549019607842,8.235294117647058,18.431372549019606,23.529411764705884,11.372549019607844,13.72549019607843
1738911676.7093093,<obd.OBDResponse.Status object at 0x7f06aff225d0>,"('Closed loop, using oxygen sensor feedback to determine fuel mix', '')",40.3921568627451,87,0.78125,10.9375,45,905.5,16.0,2.0,45,15.686274509803921,"((), (False, False, False, False), (False, False, True, True))",0.875,0.16,India OBD II (IOBD II),304.0,10000000000001011010000000000001,0.0,0.0,255.0,32780.0,100,01101010110100000000000000000000,13.57,34.90196078431372,9.411764705882353,20.0,21.96078431372549,10.588235294117647,11.372549019607844
1738911679.2598426,<obd.OBDResponse.Status object at 0x7f06aff26490>,"('Closed loop, using oxygen sensor feedback to determine fuel mix', '')",55.68627450980392,87,0.78125,9.375,65,861.5,16.0,14.0,45,18.823529411764707,"((), (False, False, False, False), (False, False, True, True))",0.825,0.165,India OBD II (IOBD II),306.0,10000000000001011010000000000001,0.0,7.450980392156863,255.0,32780.0,100,01101010110100000000000000000000,13.664,43.13725490196078,9.019607843137255,19.215686274509803,21.96078431372549,10.588235294117647,11.372549019607844
1738911681.809104,<obd.OBDResponse.Status object at 0x7f06aff29fd0>,"('Closed loop, using oxygen sensor feedback to determine fuel mix', '')",38.431372549019606,87,-1.5625,10.15625,60,758.5,13.0,0.5,45,18.431372549019606,"((), (False, False, False, False), (False, False, True, True))",0.825,0.17,India OBD II (IOBD II),309.0,10000000000001011010000000000001,0.0,4.705882352941177,255.0,32780.0,100,01101010110100000000000000000000,13.405000000000001,45.88235294117647,9.019607843137255,19.215686274509803,23.529411764705884,11.372549019607844,12.941176470588236
1738911684.359096,<obd.OBDResponse.Status object at 0x7f06aff2dc10>,"('Closed loop, using oxygen sensor feedback to determine fuel mix', '')",27.45098039215686,87,2.34375,12.5,32,937.5,14.0,-4.5,45,14.509803921568627,"((), (False, False, False, False), (False, False, True, True))",0.88,0.175,India OBD II (IOBD II),311.0,10000000000001011010000000000001,0.0,0.0,255.0,32780.0,100,01101010110100000000000000000000,13.664,16.07843137254902,4.705882352941177,14.901960784313726,14.901960784313726,7.450980392156863,5.882352941176471
1738911686.9149888,<obd.OBDResponse.Status object at 0x7f06aff3a0d0>,"('Closed loop, using oxygen sensor feedback to determine fuel mix', '')",28.627450980392158,88,-3.90625,10.9375,45,917.5,11.0,19.5,45,18.823529411764707,"((), (False, False, False, False), (False, False, True, True))",0.78,0.165,India OBD II (IOBD II),314.0,10000000000001011010000000000001,0.0,3.9215686274509802,255.0,32781.0,100,01101010110100000000000000000000,13.711,37.254901960784316,8.627450980392156,18.823529411764707,22.745098039215687,10.980392156862745,10.980392156862745
1738911689.4653378,<obd.OBDResponse.Status object at 0x7f06aff0c4d0>,"('Closed loop, using oxygen sensor feedback to determine fuel mix', '')",50.588235294117645,88,0.0,9.375,45,1163.5,15.0,-4.5,45,16.07843137254902,"((), (False, False, False, False), (False, False, True, True))",0.87,0.175,India OBD II (IOBD II),316.0,10000000000001011010000000000001,0.0,4.313725490196078,255.0,32781.0,100,01101010110100000000000000000000,13.64,19.215686274509803,5.882352941176471,16.07843137254902,17.254901960784313,8.235294117647058,7.8431372549019605
1738911692.0148795,<obd.OBDResponse.Status object at 0x7f06aff21a90>,"('Closed loop, using oxygen sensor feedback to determine fuel mix', '')",24.313725490196077,89,-5.46875,12.5,32,962.0,11.0,5.0,45,15.686274509803921,"((), (False, False, False, False), (False, False, True, True))",0.405,0.17,India OBD II (IOBD II),319.0,10000000000001011010000000000001,0.0,0.0,255.0,32781.0,100,01101010110100000000000000000000,13.688,19.607843137254903,5.490196078431373,15.686274509803921,14.901960784313726,7.450980392156863,7.0588235294117645
1738911694.5645514,<obd.OBDResponse.Status object at 0x7f06aff33a50>,"('Closed loop, using oxygen sensor feedback to determine fuel mix', '')",27.84313725490196,90,-0.78125,11.71875,36,797.0,5.0,4.5,45,15.294117647058824,"((), (False, False, False, False), (False, False, True, True))",0.795,0.17,India OBD II (IOBD II),322.0,10000000000001011010000000000001,0.0,0.0,255.0,32781.0,100,01101010110100000000000000000000,13.64,20.784313725490197,5.098039215686274,15.294117647058824,14.901960784313726,7.450980392156863,6.666666666666667
1738911697.1083925,<obd.OBDResponse.Status object at 0x7f06aff41d50>,"('Closed loop, using oxygen sensor feedback to determine fuel mix', '')",27.45098039215686,90,-3.90625,11.71875,36,780.5,0.0,7.5,45,15.294117647058824,"((), (False, False, False, False), (False, False, True, True))",0.19,0.165,India OBD II (IOBD II),324.0,10000000000001011010000000000001,0.0,0.0,255.0,32781.0,100,01101010110100000000000000000000,13.57,20.784313725490197,5.098039215686274,15.294117647058824,14.901960784313726,7.450980392156863,6.666666666666667
1738911699.6586041,<obd.OBDResponse.Status object at 0x7f06aff3dd50>,"('Closed loop, using oxygen sensor feedback to determine fuel mix', '')",27.058823529411764,90,0.0,12.5,36,797.5,0.0,7.5,45,15.294117647058824,"((), (False, False, False, False), (False, False, True, True))",0.845,0.17,India OBD II (IOBD II),327.0,10000000000001011010000000000001,0.0,0.0,255.0,32781.0,100,01101010110100000000000000000000,13.523,20.784313725490197,5.098039215686274,15.294117647058824,14.901960784313726,7.450980392156863,6.666666666666667
1738911702.196382,<obd.OBDResponse.Status object at 0x7f06aff3aa90>,"('Closed loop, using oxygen sensor feedback to determine fuel mix', '')",27.45098039215686,90,-0.78125,11.71875,35,800.5,0.0,6.5,45,15.294117647058824,"((), (False, False, False, False), (False, False, True, True))",0.09,0.165,India OBD II (IOBD II),329.0,10000000000001011010000000000001,0.0,0.0,255.0,32781.0,100,01101010110100000000000000000000,13.546000000000001,20.392156862745097,5.098039215686274,15.294117647058824,14.901960784313726,7.450980392156863,6.666666666666667
1738911704.7344131,<obd.OBDResponse.Status object at 0x7f06aff27410>,"('Closed loop, using oxygen sensor feedback to determine fuel mix', '')",27.058823529411764,90,-0.78125,12.5,35,796.0,0.0,9.0,45,15.294117647058824,"((), (False, False, False, False), (False, False, True, True))",0.825,0.165,India OBD II (IOBD II),332.0,10000000000001011010000000000001,0.0,0.0,255.0,32781.0,100,01101010110100000000000000000000,13.64,20.392156862745097,5.098039215686274,15.294117647058824,14.901960784313726,7.450980392156863,6.666666666666667
1738911707.2844384,<obd.OBDResponse.Status object at 0x7f06affc8210>,"('Closed loop, using oxygen sensor feedback to determine fuel mix', '')",27.058823529411764,90,0.78125,12.5,35,806.5,0.0,6.5,45,15.294117647058824,"((), (False, False, False, False), (False, False, True, True))",0.83,0.17,India OBD II (IOBD II),334.0,10000000000001011010000000000001,0.0,0.0,255.0,32781.0,100,01101010110100000000000000000000,13.593,20.392156862745097,5.098039215686274,15.294117647058824,14.901960784313726,7.450980392156863,6.666666666666667
1738911709.8339012,<obd.OBDResponse.Status object at 0x7f06aff2b9d0>,"('Closed loop, using oxygen sensor feedback to determine fuel mix', '')",27.45098039215686,90,-0.78125,11.71875,36,794.5,0.0,7.5,45,15.294117647058824,"((), (False, False, False, False), (False, False, True, True))",0.09,0.165,India OBD II (IOBD II),337.0,10000000000001011010000000000001,0.0,0.0,255.0,32781.0,100,01101010110100000000000000000000,13.664,20.784313725490197,5.098039215686274,15.294117647058824,14.901960784313726,7.450980392156863,6.666666666666667
1738911712.3839395,<obd.OBDResponse.Status object at 0x7f06aff3d550>,"('Closed loop, using oxygen sensor feedback to determine fuel mix', '')",27.058823529411764,90,1.5625,12.5,35,813.0,0.0,8.0,45,15.294117647058824,"((), (False, False, False, False), (False, False, True, True))",0.85,0.165,India OBD II (IOBD II),339.0,10000000000001011010000000000001,0.0,0.0,255.0,32781.0,100,01101010110100000000000000000000,13.64,20.392156862745097,5.098039215686274,15.294117647058824,14.901960784313726,7.450980392156863,6.666666666666667
1738911714.9341154,<obd.OBDResponse.Status object at 0x7f06aff0c5d0>,"('Closed loop, using oxygen sensor feedback to determine fuel mix', '')",27.058823529411764,90,-0.78125,12.5,35,811.5,0.0,8.0,45,15.294117647058824,"((), (False, False, False, False), (False, False, True, True))",0.075,0.17,India OBD II (IOBD II),342.0,10000000000001011010000000000001,0.0,0.0,255.0,32781.0,100,01101010110100000000000000000000,13.593,20.392156862745097,5.098039215686274,15.294117647058824,14.901960784313726,7.450980392156863,6.666666666666667
1738911717.4839902,<obd.OBDResponse.Status object at 0x7f06aff2c810>,"('Closed loop, using oxygen sensor feedback to determine fuel mix', '')",26.666666666666668,90,2.34375,12.5,35,816.5,0.0,7.5,46,15.294117647058824,"((), (False, False, False, False), (False, False, True, True))",0.855,0.17,India OBD II (IOBD II),344.0,10000000000001011010000000000001,0.0,0.0,255.0,32781.0,100,01101010110100000000000000000000,13.664,21.176470588235293,5.098039215686274,15.294117647058824,14.901960784313726,7.450980392156863,6.666666666666667
1738911720.0339084,<obd.OBDResponse.Status object at 0x7f06afee6890>,"('Closed loop, using oxygen sensor feedback to determine fuel mix', '')",27.84313725490196,90,-3.90625,11.71875,35,733.5,0.0,9.0,46,14.901960784313726,"((), (False, False, False, False), (False, False, True, True))",0.565,0.175,India OBD II (IOBD II),347.0,10000000000001011010000000000001,0.0,0.0,255.0,32781.0,100,01101010110100000000000000000000,13.688,20.392156862745097,4.705882352941177,14.901960784313726,14.901960784313726,7.450980392156863,6.2745098039215685
1738911722.5837765,<obd.OBDResponse.Status object at 0x7f06aff3aad0>,"('Closed loop, using oxygen sensor feedback to determine fuel mix', '')",27.058823529411764,90,0.0,12.5,35,770.5,0.0,9.0,46,14.901960784313726,"((), (False, False, False, False), (False, False, True, True))",0.09,0.17,India OBD II (IOBD II),350.0,10000000000001011010000000000001,0.0,0.0,255.0,32781.0,100,01101010110100000000000000000000,13.546000000000001,22.352941176470587,5.490196078431373,15.686274509803921,14.901960784313726,7.450980392156863,9.803921568627452
1738911725.1334844,<obd.OBDResponse.Status object at 0x7f06aff43d50>,"('Closed loop, using oxygen sensor feedback to determine fuel mix', '')",36.86274509803921,89,0.0,10.9375,47,651.0,1.0,11.0,46,15.686274509803921,"((), (False, False, False, False), (False, False, True, True))",0.81,0.175,India OBD II (IOBD II),352.0,10000000000001011010000000000001,0.0,0.0,255.0,32781.0,100,01101010110100000000000000000000,12.792,29.41176470588235,5.882352941176471,16.07843137254902,14.901960784313726,7.450980392156863,7.450980392156863
1738911727.6534336,<obd.OBDResponse.Status object at 0x7f06aff3f350>,"('Closed loop, using oxygen sensor feedback to determine fuel mix', '')",38.03921568627451,89,1.5625,10.9375,45,786.0,0.0,0.5,46,16.07843137254902,"((), (False, False, False, False), (False, False, True, True))",0.845,0.2,India OBD II (IOBD II),355.0,10000000000001011010000000000001,0.0,0.0,255.0,32781.0,100,01101010110100000000000000000000,13.57,26.666666666666668,6.2745098039215685,16.470588235294116,14.901960784313726,7.450980392156863,7.8431372549019605
1738911730.2033362,<obd.OBDResponse.Status object at 0x7f06aff38d90>,"('Closed loop, using oxygen sensor feedback to determine fuel mix', '')",36.470588235294116,89,1.5625,10.9375,45,795.5,0.0,3.0,46,16.470588235294116,"((), (False, False, False, False), (False, False, True, True))",0.1,0.32,India OBD II (IOBD II),357.0,10000000000001011010000000000001,0.0,0.0,255.0,32781.0,100,01101010110100000000000000000000,13.735,27.058823529411764,6.2745098039215685,16.470588235294116,14.901960784313726,7.450980392156863,8.235294117647058
1738911732.8128834,<obd.OBDResponse.Status object at 0x7f06b0750390>,"('Closed loop, using oxygen sensor feedback to determine fuel mix', '')",36.86274509803921,88,-0.78125,10.9375,45,782.5,0.0,3.5,46,16.470588235294116,"((), (False, False, False, False), (False, False, True, True))",0.1,0.675,India OBD II (IOBD II),360.0,10000000000001011010000000000001,0.0,0.0,255.0,32781.0,100,01101010110100000000000000000000,13.57,28.235294117647058,6.666666666666667,16.862745098039216,14.901960784313726,7.450980392156863,8.627450980392156
1738911735.374897,<obd.OBDResponse.Status object at 0x7f06b07859d0>,"('Closed loop, using oxygen sensor feedback to determine fuel mix', '')",37.254901960784316,88,0.0,10.9375,46,806.0,0.0,3.0,46,16.470588235294116,"((), (False, False, False, False), (False, False, True, True))",0.68,0.695,India OBD II (IOBD II),362.0,10000000000001011010000000000001,0.0,0.0,255.0,32781.0,100,01101010110100000000000000000000,13.64,28.235294117647058,6.666666666666667,16.862745098039216,14.901960784313726,7.450980392156863,8.627450980392156
1738911737.9130328,<obd.OBDResponse.Status object at 0x7f06b00489d0>,"('Closed loop, using oxygen sensor feedback to determine fuel mix', '')",37.64705882352941,88,1.5625,10.9375,46,832.0,0.0,0.5,46,16.470588235294116,"((), (False, False, False, False), (False, False, True, True))",0.84,0.7,India OBD II (IOBD II),365.0,10000000000001011010000000000001,0.0,0.0,255.0,32781.0,100,01101010110100000000000000000000,13.57,28.235294117647058,6.666666666666667,16.862745098039216,14.901960784313726,7.450980392156863,8.627450980392156
1738911740.4866314,<obd.OBDResponse.Status object at 0x7f06b02cb190>,"('Closed loop, using oxygen sensor feedback to determine fuel mix', '')",37.64705882352941,88,0.78125,10.9375,46,810.5,0.0,1.5,46,16.470588235294116,"((), (False, False, False, False), (False, False, True, True))",0.08,0.72,India OBD II (IOBD II),368.0,10000000000001011010000000000001,0.0,0.0,255.0,32781.0,100,01101010110100000000000000000000,13.758000000000001,28.627450980392158,6.666666666666667,16.862745098039216,14.901960784313726,7.450980392156863,8.627450980392156
1738911743.0425618,<obd.OBDResponse.Status object at 0x7f06b0762c50>,"('Closed loop, using oxygen sensor feedback to determine fuel mix', '')",37.64705882352941,88,-1.5625,10.9375,46,808.5,0.0,3.0,46,16.470588235294116,"((), (False, False, False, False), (False, False, True, True))",0.115,0.73,India OBD II (IOBD II),370.0,10000000000001011010000000000001,0.0,0.0,255.0,32781.0,100,01101010110100000000000000000000,13.593,28.627450980392158,6.666666666666667,16.862745098039216,14.901960784313726,7.450980392156863,8.627450980392156
1738911745.6042998,<obd.OBDResponse.Status object at 0x7f06b0792590>,"('Closed loop, using oxygen sensor feedback to determine fuel mix', '')",38.03921568627451,88,1.5625,10.9375,47,831.0,0.0,0.5,46,16.862745098039216,"((), (False, False, False, False), (False, False, True, True))",0.805,0.735,India OBD II (IOBD II),373.0,10000000000001011010000000000001,0.0,0.0,255.0,32781.0,100,01101010110100000000000000000000,13.593,29.019607843137255,6.666666666666667,16.862745098039216,14.901960784313726,7.450980392156863,8.627450980392156
1738911748.136706,<obd.OBDResponse.Status object at 0x7f06b073b710>,"('Closed loop, using oxygen sensor feedback to determine fuel mix', '')",38.431372549019606,88,0.0,10.9375,47,818.5,0.0,2.0,47,16.862745098039216,"((), (False, False, False, False), (False, False, True, True))",0.08,0.735,India OBD II (IOBD II),375.0,10000000000001011010000000000001,0.0,0.0,255.0,32781.0,100,01101010110100000000000000000000,13.64,29.019607843137255,6.666666666666667,16.862745098039216,14.901960784313726,7.450980392156863,8.627450980392156
1738911750.6923153,<obd.OBDResponse.Status object at 0x7f06b07995d0>,"('Closed loop, using oxygen sensor feedback to determine fuel mix', '')",38.431372549019606,88,-1.5625,10.9375,47,829.5,0.0,2.0,47,16.862745098039216,"((), (False, False, False, False), (False, False, True, True))",0.105,0.74,India OBD II (IOBD II),378.0,10000000000001011010000000000001,0.0,0.0,255.0,32781.0,100,01101010110100000000000000000000,13.735,29.019607843137255,6.666666666666667,16.862745098039216,14.901960784313726,7.450980392156863,8.627450980392156
1738911753.235972,<obd.OBDResponse.Status object at 0x7f06b0098550>,"('Closed loop, using oxygen sensor feedback to determine fuel mix', '')",29.41176470588235,87,-0.78125,11.71875,36,846.0,0.0,0.5,47,15.686274509803921,"((), (False, False, False, False), (False, False, True, True))",0.785,0.735,India OBD II (IOBD II),380.0,10000000000001011010000000000001,0.0,0.0,255.0,32781.0,100,01101010110100000000000000000000,13.664,21.176470588235293,5.490196078431373,15.686274509803921,14.901960784313726,7.450980392156863,7.0588235294117645
1738911755.7860932,<obd.OBDResponse.Status object at 0x7f06afeb5950>,"('Closed loop, using oxygen sensor feedback to determine fuel mix', '')",27.45098039215686,88,-0.78125,11.71875,35,798.0,0.0,6.0,47,15.294117647058824,"((), (False, False, False, False), (False, False, True, True))",0.09,0.735,India OBD II (IOBD II),383.0,10000000000001011010000000000001,0.0,0.0,255.0,32781.0,100,01101010110100000000000000000000,13.688,20.392156862745097,5.098039215686274,15.294117647058824,14.901960784313726,7.450980392156863,6.666666666666667
1738911758.3417616,<obd.OBDResponse.Status object at 0x7f06aff0ed90>,"('Closed loop, using oxygen sensor feedback to determine fuel mix', '')",35.68627450980392,88,-3.125,10.9375,44,776.5,0.0,11.0,47,16.07843137254902,"((), (False, False, False, False), (False, False, True, True))",0.11,0.745,India OBD II (IOBD II),385.0,10000000000001011010000000000001,0.0,0.0,255.0,32781.0,100,01101010110100000000000000000000,13.499,30.980392156862745,6.666666666666667,16.862745098039216,14.901960784313726,7.450980392156863,8.627450980392156
1738911760.8921263,<obd.OBDResponse.Status object at 0x7f06b004eb90>,"('Closed loop, using oxygen sensor feedback to determine fuel mix', '')",39.21568627450981,88,1.5625,10.15625,48,822.5,0.0,2.0,47,16.862745098039216,"((), (False, False, False, False), (False, False, True, True))",0.11,0.75,India OBD II (IOBD II),388.0,10000000000001011010000000000001,0.0,0.0,255.0,32781.0,100,01101010110100000000000000000000,13.64,29.019607843137255,6.666666666666667,16.862745098039216,14.901960784313726,7.450980392156863,8.627450980392156
1738911763.4420338,<obd.OBDResponse.Status object at 0x7f06aff30a50>,"('Closed loop, using oxygen sensor feedback to determine fuel mix', '')",38.431372549019606,88,-0.78125,10.9375,47,812.5,0.0,3.5,47,16.862745098039216,"((), (False, False, False, False), (False, False, True, True))",0.09,0.75,India OBD II (IOBD II),390.0,10000000000001011010000000000001,0.0,0.0,255.0,32781.0,100,01101010110100000000000000000000,13.664,29.41176470588235,6.666666666666667,16.862745098039216,14.901960784313726,7.450980392156863,8.627450980392156
1738911765.9739397,<obd.OBDResponse.Status object at 0x7f06aff2d110>,"('Closed loop, using oxygen sensor feedback to determine fuel mix', '')",38.8235294117647,88,0.0,10.9375,48,815.5,0.0,2.0,48,16.862745098039216,"((), (False, False, False, False), (False, False, True, True))",0.815,0.75,India OBD II (IOBD II),393.0,10000000000001011010000000000001,0.0,0.0,255.0,32781.0,100,01101010110100000000000000000000,13.499,30.19607843137255,7.0588235294117645,17.254901960784313,14.901960784313726,7.450980392156863,8.235294117647058
1738911768.517836,<obd.OBDResponse.Status object at 0x7f06aff0fd10>,"('Closed loop, using oxygen sensor feedback to determine fuel mix', '')",42.35294117647059,88,1.5625,10.15625,52,497.5,2.0,7.5,48,14.901960784313726,"((), (False, False, False, False), (False, False, True, True))",0.65,0.745,India OBD II (IOBD II),396.0,10000000000001011010000000000001,0.0,0.0,255.0,32781.0,100,01101010110100000000000000000000,12.604000000000001,27.058823529411764,4.313725490196078,14.509803921568627,14.901960784313726,7.450980392156863,5.490196078431373
1738911771.0615149,<obd.OBDResponse.Status object at 0x7f06b8b92f10>,"('Closed loop, using oxygen sensor feedback to determine fuel mix', '')",31.764705882352942,88,-3.125,11.71875,41,689.0,4.0,6.0,48,17.647058823529413,"((), (False, False, False, False), (False, False, True, True))",0.82,0.75,India OBD II (IOBD II),398.0,10000000000001011010000000000001,0.0,4.313725490196078,255.0,32781.0,100,01101010110100000000000000000000,13.758000000000001,41.96078431372549,9.411764705882353,19.607843137254903,21.96078431372549,10.588235294117647,11.372549019607844
1738911773.6175222,<obd.OBDResponse.Status object at 0x7f06b072de50>,"('Closed loop, using oxygen sensor feedback to determine fuel mix', '')",28.235294117647058,88,-3.90625,10.9375,34,1223.0,8.0,6.5,48,16.862745098039216,"((), (False, False, False, False), (False, False, True, True))",0.07,0.745,India OBD II (IOBD II),401.0,10000000000001011010000000000001,0.0,4.313725490196078,255.0,32781.0,100,01101010110100000000000000000000,13.664,20.0,6.2745098039215685,16.470588235294116,15.686274509803921,7.450980392156863,8.235294117647058
1738911776.191495,<obd.OBDResponse.Status object at 0x7f06afeb5990>,"('Closed loop, using oxygen sensor feedback to determine fuel mix', '')",30.19607843137255,88,-2.34375,10.15625,36,1255.5,8.0,27.5,48,17.647058823529413,"((), (False, False, False, False), (False, False, True, True))",0.2,0.745,India OBD II (IOBD II),403.0,10000000000001011010000000000001,0.0,7.450980392156863,255.0,32781.0,100,01101010110100000000000000000000,13.758000000000001,35.68627450980392,10.588235294117647,20.784313725490197,23.137254901960784,11.372549019607844,13.72549019607843
1738911778.7833226,<obd.OBDResponse.Status object at 0x7f06aff3b250>,"('Closed loop, using oxygen sensor feedback to determine fuel mix', '')",36.470588235294116,88,-0.78125,8.59375,41,2192.0,14.0,24.0,48,21.96078431372549,"((), (False, False, False, False), (False, False, True, True))",0.07,0.745,India OBD II (IOBD II),406.0,10000000000001011010000000000001,0.0,8.627450980392156,255.0,32781.0,100,01101010110100000000000000000000,13.664,31.764705882352942,13.72549019607843,23.92156862745098,14.901960784313726,7.450980392156863,13.72549019607843
1738911781.320815,<obd.OBDResponse.Status object at 0x7f06aff20b50>,"('Open loop due to engine load OR fuel cut due to deceleration', '')",30.19607843137255,88,0.0,8.59375,54,1431.5,17.0,14.0,48,22.352941176470587,"((), (False, False, False, False), (False, False, True, True))",0.095,0.19,India OBD II (IOBD II),408.0,10000000000001011010000000000001,0.0,0.0,255.0,32781.0,100,01101010110100000000000000000000,13.57,54.509803921568626,15.294117647058824,25.49019607843137,28.627450980392158,14.117647058823529,20.392156862745097
1738911783.8532038,<obd.OBDResponse.Status object at 0x7f06aff0f8d0>,"('Closed loop, using oxygen sensor feedback to determine fuel mix', '')",56.07843137254902,88,0.0,7.8125,59,2266.0,28.0,17.0,48,25.49019607843137,"((), (False, False, False, False), (False, False, True, True))",0.69,0.305,India OBD II (IOBD II),411.0,10000000000001011010000000000001,0.0,0.0,255.0,32781.0,100,01101010110100000000000000000000,13.829,43.13725490196078,10.980392156862745,21.176470588235293,14.901960784313726,7.450980392156863,9.019607843137255
1738911786.4150581,<obd.OBDResponse.Status object at 0x7f06aff299d0>,"('Open loop due to engine load OR fuel cut due to deceleration', '')",20.392156862745097,88,0.0,10.9375,37,1893.0,32.0,21.0,48,21.176470588235293,"((), (False, False, False, False), (False, False, True, True))",0.485,0.09,India OBD II (IOBD II),413.0,10000000000001011010000000000001,0.0,0.0,255.0,32781.0,100,01101010110100000000000000000000,13.805,45.490196078431374,14.117647058823529,25.098039215686274,30.19607843137255,14.901960784313726,19.215686274509803
1738911788.9709382,<obd.OBDResponse.Status object at 0x7f06b004fb10>,"('Open loop due to engine load OR fuel cut due to deceleration', '')",65.88235294117646,88,0.0,7.8125,69,2197.5,41.0,16.5,48,27.058823529411764,"((), (False, False, False, False), (False, False, True, True))",0.875,0.195,India OBD II (IOBD II),416.0,10000000000001011010000000000001,0.0,0.0,255.0,32781.0,100,01101010110100000000000000000000,13.758000000000001,52.94117647058823,17.647058823529413,27.84313725490196,31.764705882352942,15.686274509803921,22.745098039215687
1738911791.520797,<obd.OBDResponse.Status object at 0x7f06aff220d0>,"('Open loop due to engine load OR fuel cut due to deceleration', '')",20.392156862745097,89,0.0,10.9375,29,1358.5,45.0,6.5,48,16.470588235294116,"((), (False, False, False, False), (False, False, True, True))",0.175,0.095,India OBD II (IOBD II),419.0,10000000000001011010000000000001,0.0,0.0,255.0,32781.0,100,01101010110100000000000000000000,13.758000000000001,20.784313725490197,9.019607843137255,19.215686274509803,25.49019607843137,12.941176470588236,17.647058823529413
1738911794.0707295,<obd.OBDResponse.Status object at 0x7f06aff22a50>,"('Closed loop, using oxygen sensor feedback to determine fuel mix', '')",80.7843137254902,90,6.25,7.8125,86,2036.5,49.0,9.0,48,31.764705882352942,"((), (False, False, False, False), (False, False, True, True))",0.845,0.21,India OBD II (IOBD II),421.0,10000000000001011010000000000001,0.0,0.0,255.0,32781.0,100,01101010110100000000000000000000,13.758000000000001,68.23529411764706,22.352941176470587,32.549019607843135,32.94117647058823,16.07843137254902,29.019607843137255
1738911796.620608,<obd.OBDResponse.Status object at 0x7f06aff2f590>,"('Closed loop, using oxygen sensor feedback to determine fuel mix', '')",20.0,90,0.0,9.375,26,2253.5,54.0,1.5,48,19.215686274509803,"((), (False, False, False, False), (False, False, True, True))",0.06,0.375,India OBD II (IOBD II),424.0,10000000000001011010000000000001,0.0,0.0,255.0,32781.0,100,01101010110100000000000000000000,13.805,16.07843137254902,9.019607843137255,18.823529411764707,20.392156862745097,9.803921568627452,11.372549019607844
1738911799.1704762,<obd.OBDResponse.Status object at 0x7f06b076d8d0>,"('Closed loop, using oxygen sensor feedback to determine fuel mix', '')",32.549019607843135,90,5.46875,8.59375,39,2257.5,54.0,26.0,48,21.176470588235293,"((), (False, False, False, False), (False, False, True, True))",0.625,0.11,India OBD II (IOBD II),426.0,10000000000001011010000000000001,0.0,0.0,255.0,32781.0,100,01101010110100000000000000000000,13.805,20.784313725490197,9.411764705882353,19.607843137254903,23.137254901960784,11.372549019607844,12.549019607843137
1738911801.7199514,<obd.OBDResponse.Status object at 0x7f06aff30550>,"('Closed loop, using oxygen sensor feedback to determine fuel mix', '')",26.274509803921568,90,3.125,8.59375,35,2333.5,56.0,28.5,48,21.176470588235293,"((), (False, False, False, False), (False, False, True, True))",0.12,0.14,India OBD II (IOBD II),429.0,10000000000001011010000000000001,0.0,0.0,255.0,32781.0,100,01101010110100000000000000000000,13.853,27.45098039215686,11.764705882352942,21.96078431372549,25.098039215686274,12.156862745098039,15.294117647058824
1738911804.2702768,<obd.OBDResponse.Status object at 0x7f06aff30e10>,"('Closed loop, using oxygen sensor feedback to determine fuel mix', '')",20.0,90,1.5625,9.375,27,2419.5,58.0,31.5,48,19.215686274509803,"((), (False, False, False, False), (False, False, True, True))",0.095,0.155,India OBD II (IOBD II),431.0,10000000000001011010000000000001,0.0,0.0,255.0,32781.0,100,01101010110100000000000000000000,13.853,16.862745098039216,9.019607843137255,19.215686274509803,21.568627450980394,10.196078431372548,11.764705882352942
1738911806.8202677,<obd.OBDResponse.Status object at 0x7f06aff21110>,"('Closed loop, using oxygen sensor feedback to determine fuel mix', '')",26.274509803921568,90,9.375,8.59375,36,2455.0,59.0,13.5,48,21.176470588235293,"((), (False, False, False, False), (False, False, True, True))",0.845,0.16,India OBD II (IOBD II),434.0,10000000000001011010000000000001,0.0,0.0,255.0,32781.0,100,01101010110100000000000000000000,13.735,20.784313725490197,10.196078431372548,20.392156862745097,21.568627450980394,10.196078431372548,13.333333333333334
1738911809.3700776,<obd.OBDResponse.Status object at 0x7f06b004fdd0>,"('Closed loop, using oxygen sensor feedback to determine fuel mix', '')",25.49019607843137,89,7.8125,8.59375,32,2463.5,60.0,30.0,48,20.392156862745097,"((), (False, False, False, False), (False, False, True, True))",0.795,0.16,India OBD II (IOBD II),436.0,10000000000001011010000000000001,0.0,0.0,255.0,32781.0,100,01101010110100000000000000000000,13.711,20.784313725490197,10.588235294117647,20.784313725490197,21.568627450980394,10.196078431372548,13.333333333333334
1738911811.9199712,<obd.OBDResponse.Status object at 0x7f06aff3a110>,"('Closed loop, using oxygen sensor feedback to determine fuel mix', '')",25.49019607843137,88,4.6875,8.59375,32,2489.5,60.0,30.0,48,20.392156862745097,"((), (False, False, False, False), (False, False, True, True))",0.13,0.16,India OBD II (IOBD II),439.0,10000000000001011010000000000001,0.0,0.0,255.0,32781.0,100,01101010110100000000000000000000,13.758000000000001,20.784313725490197,10.588235294117647,20.784313725490197,21.568627450980394,10.588235294117647,13.333333333333334
1738911814.4698231,<obd.OBDResponse.Status object at 0x7f06aff2dd10>,"('Closed loop, using oxygen sensor feedback to determine fuel mix', '')",20.0,88,6.25,9.375,27,2506.0,60.0,31.5,48,19.215686274509803,"((), (False, False, False, False), (False, False, True, True))",0.805,0.165,India OBD II (IOBD II),441.0,10000000000001011010000000000001,0.0,0.0,255.0,32781.0,100,01101010110100000000000000000000,13.829,16.470588235294116,9.411764705882353,19.607843137254903,21.176470588235293,10.196078431372548,11.764705882352942
1738911817.019671,<obd.OBDResponse.Status object at 0x7f06afeb5d50>,"('Open loop due to engine load OR fuel cut due to deceleration', '')",18.823529411764707,88,0.0,10.15625,26,1677.5,61.0,-21.0,48,16.862745098039216,"((), (False, False, False, False), (False, False, True, True))",0.005,0.0,India OBD II (IOBD II),444.0,10000000000001011010000000000001,0.0,0.0,255.0,32781.0,100,01101010110100000000000000000000,13.805,18.03921568627451,6.2745098039215685,15.686274509803921,14.901960784313726,7.450980392156863,7.450980392156863
1738911819.5695837,<obd.OBDResponse.Status object at 0x7f06aff3eb50>,"('Open loop due to engine load OR fuel cut due to deceleration', '')",20.784313725490197,88,0.0,13.28125,28,962.0,60.0,-12.0,48,14.901960784313726,"((), (False, False, False, False), (False, False, True, True))",0.94,0.08,India OBD II (IOBD II),447.0,10000000000001011010000000000001,0.0,0.0,255.0,32781.0,100,01101010110100000000000000000000,13.829,15.294117647058822,7.8431372549019605,18.03921568627451,14.901960784313726,7.450980392156863,10.196078431372548
1738911822.119107,<obd.OBDResponse.Status object at 0x7f06b0747b90>,"('Open loop due to engine load OR fuel cut due to deceleration', '')",20.392156862745097,88,0.0,10.15625,28,1882.0,59.0,0.0,48,18.03921568627451,"((), (False, False, False, False), (False, False, True, True))",0.86,0.13,India OBD II (IOBD II),449.0,10000000000001011010000000000001,0.0,0.0,255.0,32781.0,100,01101010110100000000000000000000,13.735,16.862745098039216,7.8431372549019605,18.431372549019606,17.647058823529413,8.627450980392156,10.196078431372548
1738911824.6694617,<obd.OBDResponse.Status object at 0x7f06aff2f590>,"('Open loop due to engine load OR fuel cut due to deceleration', '')",20.392156862745097,89,0.0,10.15625,30,1877.5,58.0,33.0,48,18.431372549019606,"((), (False, False, False, False), (False, False, True, True))",0.855,0.145,India OBD II (IOBD II),452.0,10000000000001011010000000000001,0.0,0.0,255.0,32781.0,100,01101010110100000000000000000000,13.711,16.470588235294116,7.8431372549019605,18.431372549019606,15.294117647058824,7.450980392156863,10.196078431372548
1738911827.2309635,<obd.OBDResponse.Status object at 0x7f06aff3e050>,"('Open loop due to engine load OR fuel cut due to deceleration', '')",17.647058823529413,89,0.0,9.375,25,1803.5,57.0,34.5,48,16.862745098039216,"((), (False, False, False, False), (False, False, True, True))",0.26,0.05,India OBD II (IOBD II),454.0,10000000000001011010000000000001,0.0,0.0,255.0,32781.0,100,01101010110100000000000000000000,13.735,14.901960784313726,7.0588235294117645,16.862745098039216,20.0,9.411764705882353,8.627450980392156
1738911829.7809722,<obd.OBDResponse.Status object at 0x7f06aff2e990>,"('Open loop due to engine load OR fuel cut due to deceleration', '')",16.470588235294116,90,0.0,10.9375,24,1837.5,57.0,19.5,48,17.254901960784313,"((), (False, False, False, False), (False, False, True, True))",0.855,0.11,India OBD II (IOBD II),457.0,10000000000001011010000000000001,0.0,0.0,255.0,32781.0,100,01101010110100000000000000000000,13.735,23.52941176470588,9.411764705882353,20.0,23.529411764705884,11.764705882352942,12.156862745098039
1738911832.3187492,<obd.OBDResponse.Status object at 0x7f06b0780d90>,"('Open loop due to engine load OR fuel cut due to deceleration', '')",37.64705882352941,90,0.0,8.59375,46,1868.5,58.0,21.5,48,21.176470588235293,"((), (False, False, False, False), (False, False, True, True))",0.85,0.14,India OBD II (IOBD II),459.0,10000000000001011010000000000001,0.0,0.0,255.0,32781.0,100,01101010110100000000000000000000,13.758000000000001,32.94117647058823,11.372549019607844,21.568627450980394,25.49019607843137,12.549019607843137,14.901960784313726
1738911834.868544,<obd.OBDResponse.Status object at 0x7f06b0607c50>,"('Open loop due to engine load OR fuel cut due to deceleration', '')",45.88235294117647,90,0.0,8.59375,57,1921.5,60.0,-4.0,48,23.92156862745098,"((), (False, False, False, False), (False, False, True, True))",0.875,0.17,India OBD II (IOBD II),462.0,10000000000001011010000000000001,0.0,0.0,255.0,32781.0,100,01101010110100000000000000000000,13.735,42.35294117647059,13.72549019607843,23.92156862745098,25.88235294117647,12.941176470588236,17.647058823529413
1738911837.4184866,<obd.OBDResponse.Status object at 0x7f06aff0db10>,"('Closed loop, using oxygen sensor feedback to determine fuel mix', '')",52.94117647058823,90,3.90625,7.8125,60,1975.0,62.0,18.0,48,23.92156862745098,"((), (False, False, False, False), (False, False, True, True))",0.845,0.195,India OBD II (IOBD II),464.0,10000000000001011010000000000001,0.0,0.0,255.0,32781.0,100,01101010110100000000000000000000,13.758000000000001,43.529411764705884,14.117647058823529,23.92156862745098,26.274509803921568,12.941176470588236,18.03921568627451
1738911839.9802732,<obd.OBDResponse.Status object at 0x7f06b07af0d0>,"('Closed loop, using oxygen sensor feedback to determine fuel mix', '')",38.8235294117647,90,2.34375,8.59375,46,1979.5,62.0,21.5,48,21.568627450980394,"((), (False, False, False, False), (False, False, True, True))",0.6,0.76,India OBD II (IOBD II),467.0,10000000000001011010000000000001,0.0,0.0,255.0,32781.0,100,01101010110100000000000000000000,13.735,31.764705882352942,11.372549019607844,21.568627450980394,23.529411764705884,11.372549019607844,14.509803921568627
1738911842.5304377,<obd.OBDResponse.Status object at 0x7f06aff20a50>,"('Closed loop, using oxygen sensor feedback to determine fuel mix', '')",43.92156862745098,90,-2.34375,8.59375,51,1919.5,60.0,19.5,47,21.96078431372549,"((), (False, False, False, False), (False, False, True, True))",0.085,0.78,India OBD II (IOBD II),470.0,10000000000001011010000000000001,0.0,0.0,255.0,32781.0,100,01101010110100000000000000000000,13.735,36.86274509803921,12.156862745098039,22.352941176470587,25.098039215686274,12.156862745098039,16.07843137254902
1738911845.0805175,<obd.OBDResponse.Status object at 0x7f06afeb4810>,"('Closed loop, using oxygen sensor feedback to determine fuel mix', '')",41.1764705882353,89,0.78125,8.59375,48,1860.0,58.0,20.0,47,21.568627450980394,"((), (False, False, False, False), (False, False, True, True))",0.3,0.795,India OBD II (IOBD II),472.0,10000000000001011010000000000001,0.0,0.0,255.0,32782.0,100,01101010110100000000000000000000,13.829,34.11764705882353,11.372549019607844,21.568627450980394,25.49019607843137,12.549019607843137,14.901960784313726
1738911847.6123817,<obd.OBDResponse.Status object at 0x7f06b077a810>,"('Closed loop, using oxygen sensor feedback to determine fuel mix', '')",43.529411764705884,90,-1.5625,8.59375,51,1815.5,57.0,20.0,47,21.568627450980394,"((), (False, False, False, False), (False, False, True, True))",0.09,0.785,India OBD II (IOBD II),475.0,10000000000001011010000000000001,0.0,0.0,255.0,32782.0,100,01101010110100000000000000000000,13.758000000000001,35.294117647058826,11.764705882352942,21.568627450980394,25.49019607843137,12.549019607843137,14.901960784313726
1738911850.1678212,<obd.OBDResponse.Status object at 0x7f06afeb5050>,"('Closed loop, using oxygen sensor feedback to determine fuel mix', '')",65.49019607843137,90,1.5625,7.8125,73,1812.0,57.0,15.0,47,25.88235294117647,"((), (False, False, False, False), (False, False, True, True))",0.82,0.78,India OBD II (IOBD II),477.0,10000000000001011010000000000001,0.0,0.0,255.0,32782.0,100,01101010110100000000000000000000,13.829,52.94117647058823,15.686274509803921,25.88235294117647,30.58823529411765,15.294117647058824,21.568627450980394
1738911852.7117698,<obd.OBDResponse.Status object at 0x7f06b0791e10>,"('Closed loop, using oxygen sensor feedback to determine fuel mix', '')",36.86274509803921,90,1.5625,8.59375,46,1773.5,56.0,21.0,47,20.784313725490197,"((), (False, False, False, False), (False, False, True, True))",0.14,0.765,India OBD II (IOBD II),480.0,10000000000001011010000000000001,0.0,0.0,255.0,32782.0,100,01101010110100000000000000000000,13.735,32.549019607843135,10.588235294117647,20.784313725490197,23.529411764705884,11.372549019607844,14.117647058823529
1738911855.2617695,<obd.OBDResponse.Status object at 0x7f06b075ccd0>,"('Closed loop, using oxygen sensor feedback to determine fuel mix', '')",41.1764705882353,90,0.78125,8.59375,48,1718.0,54.0,19.5,47,20.784313725490197,"((), (False, False, False, False), (False, False, True, True))",0.545,0.76,India OBD II (IOBD II),482.0,10000000000001011010000000000001,0.0,0.0,255.0,32782.0,100,01101010110100000000000000000000,13.735,33.333333333333336,10.588235294117647,21.176470588235293,21.568627450980394,7.8431372549019605,13.72549019607843
1738911857.8115304,<obd.OBDResponse.Status object at 0x7f06aff0c890>,"('Open loop due to engine load OR fuel cut due to deceleration', '')",19.607843137254903,90,0.0,10.9375,25,1590.0,49.0,-19.5,46,16.07843137254902,"((), (False, False, False, False), (False, False, True, True))",0.02,0.0,India OBD II (IOBD II),485.0,10000000000001011010000000000001,0.0,0.0,255.0,32782.0,100,01101010110100000000000000000000,13.688,13.72549019607843,5.882352941176471,16.07843137254902,14.901960784313726,7.450980392156863,7.8431372549019605
1738911860.361522,<obd.OBDResponse.Status object at 0x7f06afeb6b10>,"('Open loop due to engine load OR fuel cut due to deceleration', '')",17.254901960784313,90,0.0,12.5,24,1353.0,42.0,-23.5,46,15.686274509803921,"((), (False, False, False, False), (False, False, True, True))",0.02,0.0,India OBD II (IOBD II),487.0,10000000000001011010000000000001,0.0,0.0,255.0,32782.0,100,01101010110100000000000000000000,13.711,14.117647058823529,5.490196078431373,15.686274509803921,14.901960784313726,7.450980392156863,6.666666666666667
1738911862.9177399,<obd.OBDResponse.Status object at 0x7f06aff3ad50>,"('Open loop due to engine load OR fuel cut due to deceleration', '')",18.03921568627451,90,0.0,10.9375,25,1093.0,33.0,-12.0,46,15.294117647058824,"((), (False, False, False, False), (False, False, True, True))",0.025,0.005,India OBD II (IOBD II),490.0,10000000000001011010000000000001,0.0,0.0,255.0,32782.0,100,01101010110100000000000000000000,13.735,14.901960784313726,4.705882352941177,14.901960784313726,14.901960784313726,7.450980392156863,5.882352941176471
1738911865.4791286,<obd.OBDResponse.Status object at 0x7f06aff0ed10>,"('Open loop due to engine load OR fuel cut due to deceleration', '')",19.607843137254903,90,0.0,14.0625,27,824.5,19.0,0.5,46,14.117647058823529,"((), (False, False, False, False), (False, False, True, True))",0.945,0.08,India OBD II (IOBD II),492.0,10000000000001011010000000000001,0.0,0.0,255.0,32782.0,100,01101010110100000000000000000000,13.523,18.03921568627451,5.098039215686274,15.294117647058824,14.901960784313726,7.450980392156863,6.2745098039215685
1738911868.0291898,<obd.OBDResponse.Status object at 0x7f06aff23650>,"('Open loop due to engine load OR fuel cut due to deceleration', '')",28.627450980392158,89,0.0,11.71875,35,781.0,1.0,5.0,46,14.901960784313726,"((), (False, False, False, False), (False, False, True, True))",0.92,0.105,India OBD II (IOBD II),495.0,10000000000001011010000000000001,0.0,0.0,255.0,32782.0,100,01101010110100000000000000000000,13.64,19.607843137254903,5.098039215686274,15.294117647058824,14.901960784313726,7.450980392156863,6.2745098039215685
1738911870.5790982,<obd.OBDResponse.Status object at 0x7f06aff30d10>,"('Open loop due to engine load OR fuel cut due to deceleration', '')",26.274509803921568,89,0.0,12.5,35,798.0,0.0,6.5,46,15.294117647058824,"((), (False, False, False, False), (False, False, True, True))",0.89,0.12,India OBD II (IOBD II),498.0,10000000000001011010000000000001,0.0,0.0,255.0,32782.0,100,01101010110100000000000000000000,13.735,20.0,5.098039215686274,15.294117647058824,14.901960784313726,7.450980392156863,6.666666666666667
1738911873.1295257,<obd.OBDResponse.Status object at 0x7f06b077ab90>,"('Open loop due to engine load OR fuel cut due to deceleration', '')",26.274509803921568,89,0.0,12.5,34,800.5,0.0,6.5,46,15.294117647058824,"((), (False, False, False, False), (False, False, True, True))",0.875,0.13,India OBD II (IOBD II),500.0,10000000000001011010000000000001,0.0,0.0,255.0,32782.0,100,01101010110100000000000000000000,13.688,20.0,5.098039215686274,15.294117647058824,14.901960784313726,7.450980392156863,6.666666666666667
1738911875.6668735,<obd.OBDResponse.Status object at 0x7f06b002c890>,"('Open loop due to engine load OR fuel cut due to deceleration', '')",27.058823529411764,90,0.0,12.5,35,809.0,0.0,6.0,46,15.294117647058824,"((), (False, False, False, False), (False, False, True, True))",0.87,0.14,India OBD II (IOBD II),503.0,10000000000001011010000000000001,0.0,0.0,255.0,32782.0,100,01101010110100000000000000000000,13.57,20.392156862745097,5.098039215686274,15.294117647058824,14.901960784313726,7.450980392156863,6.666666666666667
1738911878.216671,<obd.OBDResponse.Status object at 0x7f06aff2ff10>,"('Open loop due to engine load OR fuel cut due to deceleration', '')",26.666666666666668,90,0.0,12.5,35,822.5,0.0,6.0,46,15.294117647058824,"((), (False, False, False, False), (False, False, True, True))",0.86,0.2,India OBD II (IOBD II),505.0,10000000000001011010000000000001,0.0,0.0,255.0,32782.0,100,01101010110100000000000000000000,13.523,20.392156862745097,5.490196078431373,15.686274509803921,14.901960784313726,7.450980392156863,6.666666666666667
1738911880.7667305,<obd.OBDResponse.Status object at 0x7f06aff22310>,"('Closed loop, using oxygen sensor feedback to determine fuel mix', '')",27.45098039215686,90,-3.125,12.5,35,814.0,0.0,7.5,46,15.294117647058824,"((), (False, False, False, False), (False, False, True, True))",0.59,0.81,India OBD II (IOBD II),508.0,10000000000001011010000000000001,0.0,0.0,255.0,32782.0,100,01101010110100000000000000000000,13.57,20.784313725490197,5.490196078431373,15.686274509803921,14.901960784313726,7.450980392156863,7.0588235294117645
1738911883.3164043,<obd.OBDResponse.Status object at 0x7f06b07825d0>,"('Closed loop, using oxygen sensor feedback to determine fuel mix', '')",27.058823529411764,89,0.78125,12.5,35,840.0,0.0,5.0,46,15.294117647058824,"((), (False, False, False, False), (False, False, True, True))",0.115,0.81,India OBD II (IOBD II),510.0,10000000000001011010000000000001,0.0,0.0,255.0,32782.0,100,01101010110100000000000000000000,13.57,20.392156862745097,5.490196078431373,15.686274509803921,14.901960784313726,7.450980392156863,7.0588235294117645
1738911885.8664043,<obd.OBDResponse.Status object at 0x7f06b075f6d0>,"('Closed loop, using oxygen sensor feedback to determine fuel mix', '')",27.058823529411764,89,-2.34375,12.5,35,819.0,0.0,9.5,46,15.294117647058824,"((), (False, False, False, False), (False, False, True, True))",0.09,0.825,India OBD II (IOBD II),513.0,10000000000001011010000000000001,0.0,0.0,255.0,32782.0,100,01101010110100000000000000000000,13.57,20.784313725490197,5.490196078431373,15.686274509803921,14.901960784313726,7.450980392156863,7.0588235294117645
1738911888.4284058,<obd.OBDResponse.Status object at 0x7f06b07918d0>,"('Closed loop, using oxygen sensor feedback to determine fuel mix', '')",27.058823529411764,89,1.5625,12.5,35,844.5,0.0,6.5,46,15.294117647058824,"((), (False, False, False, False), (False, False, True, True))",0.295,0.815,India OBD II (IOBD II),515.0,10000000000001011010000000000001,0.0,0.0,255.0,32782.0,100,01101010110100000000000000000000,13.57,20.392156862745097,5.490196078431373,15.686274509803921,14.901960784313726,7.450980392156863,7.0588235294117645
1738911890.9902697,<obd.OBDResponse.Status object at 0x7f06aff2c950>,"('Closed loop, using oxygen sensor feedback to determine fuel mix', '')",29.019607843137255,89,-1.5625,11.71875,36,865.5,0.0,-9.0,46,14.117647058823529,"((), (False, False, False, False), (False, False, True, True))",0.09,0.81,India OBD II (IOBD II),518.0,10000000000001011010000000000001,0.0,0.0,255.0,32782.0,100,01101010110100000000000000000000,13.735,16.07843137254902,4.313725490196078,14.509803921568627,14.901960784313726,7.450980392156863,5.490196078431373
1738911893.5401065,<obd.OBDResponse.Status object at 0x7f06aff23110>,"('Closed loop, using oxygen sensor feedback to determine fuel mix', '')",19.215686274509803,89,-2.34375,14.0625,27,796.0,0.0,3.0,46,14.117647058823529,"((), (False, False, False, False), (False, False, True, True))",0.87,0.8,India OBD II (IOBD II),521.0,10000000000001011010000000000001,0.0,0.0,255.0,32782.0,100,01101010110100000000000000000000,13.758000000000001,14.509803921568627,3.9215686274509802,14.117647058823529,14.901960784313726,7.450980392156863,5.098039215686274
1738911896.1019585,<obd.OBDResponse.Status object at 0x7f06b0744bd0>,"('Closed loop, using oxygen sensor feedback to determine fuel mix', '')",18.823529411764707,89,-6.25,14.84375,26,787.5,0.0,7.5,46,13.72549019607843,"((), (False, False, False, False), (False, False, True, True))",0.115,0.8,India OBD II (IOBD II),523.0,10000000000001011010000000000001,0.0,0.0,255.0,32782.0,100,01101010110100000000000000000000,13.711,14.117647058823529,3.9215686274509802,14.117647058823529,14.901960784313726,7.450980392156863,5.490196078431373
1738911898.6457536,<obd.OBDResponse.Status object at 0x7f06aff2ea50>,"('Closed loop, using oxygen sensor feedback to determine fuel mix', '')",27.84313725490196,89,-2.34375,12.5,37,767.5,0.0,12.5,46,15.294117647058824,"((), (False, False, False, False), (False, False, True, True))",0.06,0.795,India OBD II (IOBD II),526.0,10000000000001011010000000000001,0.0,0.0,255.0,32782.0,100,01101010110100000000000000000000,13.593,21.176470588235293,5.490196078431373,15.686274509803921,14.901960784313726,7.450980392156863,7.0588235294117645
1738911901.225782,<obd.OBDResponse.Status object at 0x7f06aff3b610>,"('Closed loop, using oxygen sensor feedback to determine fuel mix', '')",28.235294117647058,89,2.34375,11.71875,36,850.5,0.0,4.5,47,15.686274509803921,"((), (False, False, False, False), (False, False, True, True))",0.095,0.79,India OBD II (IOBD II),528.0,10000000000001011010000000000001,0.0,0.0,255.0,32782.0,100,01101010110100000000000000000000,13.664,20.784313725490197,5.490196078431373,15.686274509803921,14.901960784313726,7.450980392156863,7.0588235294117645
1738911903.806268,<obd.OBDResponse.Status object at 0x7f06b02d4950>,"('Closed loop, using oxygen sensor feedback to determine fuel mix', '')",27.84313725490196,88,-0.78125,12.5,36,816.0,0.0,7.5,47,15.686274509803921,"((), (False, False, False, False), (False, False, True, True))",0.5,0.785,India OBD II (IOBD II),531.0,10000000000001011010000000000001,0.0,0.0,255.0,32782.0,100,01101010110100000000000000000000,13.523,21.56862745098039,5.490196078431373,15.686274509803921,14.901960784313726,7.450980392156863,7.0588235294117645
1738911906.3675377,<obd.OBDResponse.Status object at 0x7f06aff2e350>,"('Closed loop, using oxygen sensor feedback to determine fuel mix', '')",27.84313725490196,88,1.5625,12.5,36,828.5,0.0,6.0,47,15.686274509803921,"((), (False, False, False, False), (False, False, True, True))",0.115,0.78,India OBD II (IOBD II),533.0,10000000000001011010000000000001,0.0,0.0,255.0,32782.0,100,01101010110100000000000000000000,13.593,21.176470588235293,5.490196078431373,15.686274509803921,14.901960784313726,7.450980392156863,7.0588235294117645
1738911908.9054358,<obd.OBDResponse.Status object at 0x7f06aff3e310>,"('Closed loop, using oxygen sensor feedback to determine fuel mix', '')",20.392156862745097,88,-2.34375,14.0625,28,822.5,0.0,0.0,47,14.117647058823529,"((), (False, False, False, False), (False, False, True, True))",0.275,0.775,India OBD II (IOBD II),536.0,10000000000001011010000000000001,0.0,0.0,255.0,32782.0,100,01101010110100000000000000000000,13.758000000000001,14.901960784313726,3.9215686274509802,14.117647058823529,14.901960784313726,7.450980392156863,5.098039215686274
1738911911.455625,<obd.OBDResponse.Status object at 0x7f06aff209d0>,"('Closed loop, using oxygen sensor feedback to determine fuel mix', '')",18.823529411764707,88,-5.46875,14.84375,26,786.5,0.0,6.0,47,13.72549019607843,"((), (False, False, False, False), (False, False, True, True))",0.51,0.775,India OBD II (IOBD II),538.0,10000000000001011010000000000001,0.0,0.0,255.0,32782.0,100,01101010110100000000000000000000,13.805,14.117647058823529,3.9215686274509802,14.117647058823529,14.901960784313726,7.450980392156863,5.098039215686274
1738911914.0110295,<obd.OBDResponse.Status object at 0x7f06b695a510>,"('Closed loop, using oxygen sensor feedback to determine fuel mix', '')",20.392156862745097,88,-2.34375,13.28125,32,799.5,0.0,-4.0,47,15.686274509803921,"((), (False, False, False, False), (False, False, True, True))",0.075,0.77,India OBD II (IOBD II),541.0,10000000000001011010000000000001,0.0,0.0,255.0,32782.0,100,01101010110100000000000000000000,13.593,20.0,5.098039215686274,15.294117647058824,14.901960784313726,7.450980392156863,6.666666666666667
1738911916.5550144,<obd.OBDResponse.Status object at 0x7f06aff0d510>,"('Closed loop, using oxygen sensor feedback to determine fuel mix', '')",26.666666666666668,88,1.5625,12.5,35,798.0,0.0,13.5,47,15.686274509803921,"((), (False, False, False, False), (False, False, True, True))",0.1,0.77,India OBD II (IOBD II),544.0,10000000000001011010000000000001,0.0,0.0,255.0,32782.0,100,01101010110100000000000000000000,13.57,21.56862745098039,5.490196078431373,15.686274509803921,14.901960784313726,7.450980392156863,7.0588235294117645
1738911919.1167912,<obd.OBDResponse.Status object at 0x7f06b061c890>,"('Closed loop, using oxygen sensor feedback to determine fuel mix', '')",27.45098039215686,88,0.0,12.5,35,811.5,0.0,7.5,47,15.294117647058824,"((), (False, False, False, False), (False, False, True, True))",0.775,0.765,India OBD II (IOBD II),546.0,10000000000001011010000000000001,0.0,0.0,255.0,32782.0,100,01101010110100000000000000000000,13.688,21.176470588235293,5.490196078431373,15.686274509803921,14.901960784313726,7.450980392156863,7.0588235294117645
1738911921.6670752,<obd.OBDResponse.Status object at 0x7f06aff2e990>,"('Closed loop, using oxygen sensor feedback to determine fuel mix', '')",28.235294117647058,88,1.5625,12.5,36,798.5,0.0,6.5,48,15.294117647058824,"((), (False, False, False, False), (False, False, True, True))",0.08,0.765,India OBD II (IOBD II),549.0,10000000000001011010000000000001,0.0,0.0,255.0,32782.0,100,01101010110100000000000000000000,13.57,21.176470588235293,5.490196078431373,15.686274509803921,14.901960784313726,7.450980392156863,7.0588235294117645
1738911924.2049434,<obd.OBDResponse.Status object at 0x7f06b05f2a10>,"('Closed loop, using oxygen sensor feedback to determine fuel mix', '')",27.45098039215686,88,0.0,12.5,36,798.5,0.0,6.5,48,15.294117647058824,"((), (False, False, False, False), (False, False, True, True))",0.675,0.76,India OBD II (IOBD II),551.0,10000000000001011010000000000001,0.0,0.0,255.0,32782.0,100,01101010110100000000000000000000,13.523,20.784313725490197,5.490196078431373,15.686274509803921,14.901960784313726,7.450980392156863,6.666666666666667
1738911926.7549682,<obd.OBDResponse.Status object at 0x7f06b004a0d0>,"('Closed loop, using oxygen sensor feedback to determine fuel mix', '')",27.45098039215686,88,2.34375,12.5,35,807.0,0.0,6.0,48,15.294117647058824,"((), (False, False, False, False), (False, False, True, True))",0.12,0.76,India OBD II (IOBD II),554.0,10000000000001011010000000000001,0.0,0.0,255.0,32782.0,100,01101010110100000000000000000000,13.546000000000001,20.784313725490197,5.490196078431373,15.686274509803921,14.901960784313726,7.450980392156863,6.666666666666667
1738911929.2864666,<obd.OBDResponse.Status object at 0x7f06aff0fa10>,"('Closed loop, using oxygen sensor feedback to determine fuel mix', '')",27.84313725490196,88,-0.78125,12.5,36,788.0,0.0,7.5,48,15.294117647058824,"((), (False, False, False, False), (False, False, True, True))",0.12,0.755,India OBD II (IOBD II),556.0,10000000000001011010000000000001,0.0,0.0,255.0,32782.0,100,01101010110100000000000000000000,13.688,21.176470588235293,5.490196078431373,15.686274509803921,14.901960784313726,7.450980392156863,7.0588235294117645
1738911931.8243487,<obd.OBDResponse.Status object at 0x7f06b0166e50>,"('Closed loop, using oxygen sensor feedback to determine fuel mix', '')",27.84313725490196,88,3.125,12.5,36,814.5,0.0,5.0,48,15.294117647058824,"((), (False, False, False, False), (False, False, True, True))",0.695,0.755,India OBD II (IOBD II),559.0,10000000000001011010000000000001,0.0,0.0,255.0,32782.0,100,01101010110100000000000000000000,13.688,21.176470588235293,5.490196078431373,15.686274509803921,14.901960784313726,7.450980392156863,7.0588235294117645
1738911934.374631,<obd.OBDResponse.Status object at 0x7f06afeb4110>,"('Closed loop, using oxygen sensor feedback to determine fuel mix', '')",27.84313725490196,88,-0.78125,12.5,36,795.5,0.0,7.5,48,15.294117647058824,"((), (False, False, False, False), (False, False, True, True))",0.085,0.75,India OBD II (IOBD II),561.0,10000000000001011010000000000001,0.0,0.0,255.0,32782.0,100,01101010110100000000000000000000,13.664,21.176470588235293,5.490196078431373,15.686274509803921,14.901960784313726,7.450980392156863,7.0588235294117645
1738911936.9242477,<obd.OBDResponse.Status object at 0x7f06b0728510>,"('Closed loop, using oxygen sensor feedback to determine fuel mix', '')",27.84313725490196,88,0.0,12.5,36,795.5,0.0,6.5,48,15.294117647058824,"((), (False, False, False, False), (False, False, True, True))",0.365,0.75,India OBD II (IOBD II),564.0,10000000000001011010000000000001,0.0,0.0,255.0,32782.0,100,01101010110100000000000000000000,13.546000000000001,21.176470588235293,5.490196078431373,15.686274509803921,14.901960784313726,7.450980392156863,7.0588235294117645
1738911939.4740832,<obd.OBDResponse.Status object at 0x7f06aff3d590>,"('Closed loop, using oxygen sensor feedback to determine fuel mix', '')",27.84313725490196,88,3.125,12.5,36,807.5,0.0,2.0,48,15.294117647058824,"((), (False, False, False, False), (False, False, True, True))",0.14,0.75,India OBD II (IOBD II),566.0,10000000000001011010000000000001,0.0,0.0,255.0,32782.0,100,01101010110100000000000000000000,13.758000000000001,15.686274509803921,4.313725490196078,14.509803921568627,14.901960784313726,7.450980392156863,5.490196078431373
1738911942.023955,<obd.OBDResponse.Status object at 0x7f06b0760210>,"('Closed loop, using oxygen sensor feedback to determine fuel mix', '')",19.215686274509803,88,-1.5625,14.84375,27,797.0,0.0,4.5,48,14.117647058823529,"((), (False, False, False, False), (False, False, True, True))",0.855,0.745,India OBD II (IOBD II),569.0,10000000000001011010000000000001,0.0,0.0,255.0,32782.0,100,01101010110100000000000000000000,13.664,14.117647058823529,3.9215686274509802,14.117647058823529,14.901960784313726,7.450980392156863,5.098039215686274
1738911944.5679128,<obd.OBDResponse.Status object at 0x7f06aff2ef90>,"('Closed loop, using oxygen sensor feedback to determine fuel mix', '')",18.431372549019606,88,-4.6875,14.84375,26,789.5,0.0,7.5,48,13.72549019607843,"((), (False, False, False, False), (False, False, True, True))",0.08,0.74,India OBD II (IOBD II),572.0,10000000000001011010000000000001,0.0,0.0,255.0,32782.0,100,01101010110100000000000000000000,13.711,14.117647058823529,3.9215686274509802,14.117647058823529,14.901960784313726,7.450980392156863,5.098039215686274
1738911947.1057608,<obd.OBDResponse.Status object at 0x7f06b077af50>,"('Closed loop, using oxygen sensor feedback to determine fuel mix', '')",25.098039215686274,88,-0.78125,12.5,33,798.5,0.0,15.5,48,14.901960784313726,"((), (False, False, False, False), (False, False, True, True))",0.075,0.74,India OBD II (IOBD II),574.0,10000000000001011010000000000001,0.0,0.0,255.0,32782.0,100,01101010110100000000000000000000,13.546000000000001,21.96078431372549,5.882352941176471,16.07843137254902,14.901960784313726,7.450980392156863,7.0588235294117645
1738911949.6436505,<obd.OBDResponse.Status object at 0x7f06aff0e190>,"('Closed loop, using oxygen sensor feedback to determine fuel mix', '')",26.666666666666668,88,0.78125,12.5,34,823.5,0.0,6.0,48,15.294117647058824,"((), (False, False, False, False), (False, False, True, True))",0.83,0.74,India OBD II (IOBD II),577.0,10000000000001011010000000000001,0.0,0.0,255.0,32782.0,100,01101010110100000000000000000000,13.57,20.0,5.098039215686274,15.294117647058824,14.901960784313726,7.450980392156863,6.666666666666667
1738911952.193549,<obd.OBDResponse.Status object at 0x7f06b0750410>,"('Closed loop, using oxygen sensor feedback to determine fuel mix', '')",26.666666666666668,88,0.78125,12.5,35,800.5,0.0,7.5,48,15.294117647058824,"((), (False, False, False, False), (False, False, True, True))",0.085,0.735,India OBD II (IOBD II),579.0,10000000000001011010000000000001,0.0,0.0,255.0,32782.0,100,01101010110100000000000000000000,13.64,20.0,5.098039215686274,15.294117647058824,14.901960784313726,7.450980392156863,7.0588235294117645
1738911954.7435076,<obd.OBDResponse.Status object at 0x7f06aff0f210>,"('Closed loop, using oxygen sensor feedback to determine fuel mix', '')",35.68627450980392,88,0.0,10.9375,45,729.5,0.0,10.5,48,18.431372549019606,"((), (False, False, False, False), (False, False, True, True))",0.825,0.735,India OBD II (IOBD II),582.0,10000000000001011010000000000001,0.0,3.9215686274509802,255.0,32782.0,100,01101010110100000000000000000000,13.428,30.19607843137255,6.666666666666667,16.862745098039216,14.901960784313726,7.450980392156863,8.235294117647058
1738911957.2935493,<obd.OBDResponse.Status object at 0x7f06b00fd910>,"('Closed loop, using oxygen sensor feedback to determine fuel mix', '')",42.35294117647059,88,-0.78125,10.9375,50,571.0,3.0,7.5,48,15.294117647058824,"((), (False, False, False, False), (False, False, True, True))",0.1,0.735,India OBD II (IOBD II),584.0,10000000000001011010000000000001,0.0,0.0,255.0,32782.0,100,01101010110100000000000000000000,12.934000000000001,29.019607843137255,5.098039215686274,15.686274509803921,15.294117647058824,7.450980392156863,7.0588235294117645
1738911959.8432508,<obd.OBDResponse.Status object at 0x7f06aff2c050>,"('Closed loop, using oxygen sensor feedback to determine fuel mix', '')",53.333333333333336,88,-1.5625,9.375,60,873.5,5.0,4.5,49,18.823529411764707,"((), (False, False, False, False), (False, False, True, True))",0.735,0.735,India OBD II (IOBD II),587.0,10000000000001011010000000000001,0.0,5.098039215686274,255.0,32782.0,100,01101010110100000000000000000000,13.593,34.90196078431372,8.627450980392156,19.607843137254903,21.176470588235293,10.196078431372548,12.156862745098039
1738911962.393405,<obd.OBDResponse.Status object at 0x7f06aff0eb50>,"('Closed loop, using oxygen sensor feedback to determine fuel mix', '')",34.509803921568626,88,2.34375,9.375,39,1844.5,12.0,27.0,49,20.392156862745097,"((), (False, False, False, False), (False, False, True, True))",0.095,0.735,India OBD II (IOBD II),589.0,10000000000001011010000000000001,0.0,6.2745098039215685,255.0,32782.0,100,01101010110100000000000000000000,13.711,29.41176470588235,11.372549019607844,21.568627450980394,25.49019607843137,12.549019607843137,14.901960784313726
1738911964.9430313,<obd.OBDResponse.Status object at 0x7f06aff3d650>,"('Open loop due to engine load OR fuel cut due to deceleration', '')",20.784313725490197,88,0.0,9.375,26,2191.5,16.0,-20.5,49,17.254901960784313,"((), (False, False, False, False), (False, False, True, True))",0.015,0.0,India OBD II (IOBD II),592.0,10000000000001011010000000000001,0.0,0.0,255.0,32782.0,100,01101010110100000000000000000000,13.664,15.294117647058822,5.882352941176471,16.470588235294116,16.470588235294116,7.8431372549019605,7.8431372549019605
1738911967.4928262,<obd.OBDResponse.Status object at 0x7f06aff0ddd0>,"('Open loop due to engine load OR fuel cut due to deceleration', '')",70.58823529411765,88,0.0,8.59375,81,1442.5,18.0,9.0,49,25.88235294117647,"((), (False, False, False, False), (False, False, True, True))",0.885,0.18,India OBD II (IOBD II),595.0,10000000000001011010000000000001,0.0,0.0,255.0,32782.0,100,01101010110100000000000000000000,13.735,52.549019607843135,14.509803921568627,24.705882352941178,27.058823529411764,13.333333333333334,18.823529411764707
1738911970.0429895,<obd.OBDResponse.Status object at 0x7f06aff2c890>,"('Closed loop, using oxygen sensor feedback to determine fuel mix', '')",57.254901960784316,88,-1.5625,7.8125,63,2076.0,26.0,17.0,49,25.098039215686274,"((), (False, False, False, False), (False, False, True, True))",0.67,0.67,India OBD II (IOBD II),597.0,10000000000001011010000000000001,0.0,0.0,255.0,32782.0,100,01101010110100000000000000000000,13.688,45.09803921568627,14.901960784313726,25.49019607843137,27.058823529411764,13.333333333333334,19.607843137254903
1738911972.5925236,<obd.OBDResponse.Status object at 0x7f06b075dad0>,"('Closed loop, using oxygen sensor feedback to determine fuel mix', '')",54.90196078431372,88,3.125,7.8125,59,2542.0,32.0,-2.5,50,25.49019607843137,"((), (False, False, False, False), (False, False, True, True))",0.895,0.69,India OBD II (IOBD II),600.0,10000000000001011010000000000001,0.0,0.0,255.0,32782.0,100,01101010110100000000000000000000,13.735,16.07843137254902,8.235294117647058,18.431372549019606,14.901960784313726,7.450980392156863,9.019607843137255
1738911975.124434,<obd.OBDResponse.Status object at 0x7f06aff3bb10>,"('Open loop due to engine load OR fuel cut due to deceleration', '')",25.88235294117647,88,0.0,12.5,34,998.5,30.0,-2.5,50,16.07843137254902,"((), (False, False, False, False), (False, False, True, True))",0.915,0.675,India OBD II (IOBD II),602.0,10000000000001011010000000000001,0.0,0.0,255.0,32782.0,100,01101010110100000000000000000000,13.711,16.07843137254902,7.0588235294117645,17.254901960784313,14.901960784313726,7.450980392156863,9.411764705882353
1738911977.6566975,<obd.OBDResponse.Status object at 0x7f06b077b710>,"('Closed loop, using oxygen sensor feedback to determine fuel mix', '')",19.607843137254903,89,3.125,10.9375,26,1510.5,27.0,-1.5,50,16.862745098039216,"((), (False, False, False, False), (False, False, True, True))",0.075,0.69,India OBD II (IOBD II),605.0,10000000000001011010000000000001,0.0,0.0,255.0,32782.0,100,01101010110100000000000000000000,13.735,15.686274509803921,6.666666666666667,17.254901960784313,24.705882352941178,12.941176470588236,9.019607843137255
1738911980.2126184,<obd.OBDResponse.Status object at 0x7f06aff2da10>,"('Closed loop, using oxygen sensor feedback to determine fuel mix', '')",69.80392156862744,90,3.125,7.8125,77,1750.0,32.0,12.5,50,26.666666666666668,"((), (False, False, False, False), (False, False, True, True))",0.8,0.67,India OBD II (IOBD II),607.0,10000000000001011010000000000001,0.0,5.098039215686274,255.0,32782.0,100,01101010110100000000000000000000,13.805,54.11764705882353,16.470588235294116,25.88235294117647,26.666666666666668,12.549019607843137,19.607843137254903
1738911982.762197,<obd.OBDResponse.Status object at 0x7f06aff316d0>,"('Closed loop, using oxygen sensor feedback to determine fuel mix', '')",19.607843137254903,90,0.78125,10.15625,25,1976.0,36.0,33.5,50,18.03921568627451,"((), (False, False, False, False), (False, False, True, True))",0.75,0.64,India OBD II (IOBD II),610.0,10000000000001011010000000000001,0.0,0.0,255.0,32782.0,100,01101010110100000000000000000000,13.853,26.666666666666668,10.588235294117647,20.784313725490197,24.705882352941178,12.156862745098039,14.117647058823529
1738911985.3241177,<obd.OBDResponse.Status object at 0x7f06b0780890>,"('Closed loop, using oxygen sensor feedback to determine fuel mix', '')",16.862745098039216,90,2.34375,10.9375,23,2110.0,38.0,6.5,50,17.647058823529413,"((), (False, False, False, False), (False, False, True, True))",0.075,0.6,India OBD II (IOBD II),612.0,10000000000001011010000000000001,0.0,0.0,255.0,32782.0,100,01101010110100000000000000000000,13.664,16.862745098039216,8.235294117647058,18.431372549019606,18.823529411764707,9.019607843137255,10.196078431372548
1738911987.8621864,<obd.OBDResponse.Status object at 0x7f06aff3d950>,"('Closed loop, using oxygen sensor feedback to determine fuel mix', '')",18.823529411764707,90,5.46875,10.15625,28,2056.0,37.0,9.5,50,18.823529411764707,"((), (False, False, False, False), (False, False, True, True))",0.135,0.585,India OBD II (IOBD II),615.0,10000000000001011010000000000001,0.0,0.0,255.0,32782.0,100,01101010110100000000000000000000,13.735,19.215686274509803,9.411764705882353,19.607843137254903,21.176470588235293,10.196078431372548,12.549019607843137
1738911990.412037,<obd.OBDResponse.Status object at 0x7f06aff0e190>,"('Closed loop, using oxygen sensor feedback to determine fuel mix', '')",36.470588235294116,90,0.78125,8.59375,43,2116.0,38.0,24.0,50,21.568627450980394,"((), (False, False, False, False), (False, False, True, True))",0.125,0.62,India OBD II (IOBD II),617.0,10000000000001011010000000000001,0.0,0.0,255.0,32782.0,100,01101010110100000000000000000000,13.758000000000001,30.19607843137255,11.764705882352942,22.352941176470587,23.92156862745098,11.764705882352942,15.294117647058824
1738911992.962306,<obd.OBDResponse.Status object at 0x7f06aff209d0>,"('Closed loop, using oxygen sensor feedback to determine fuel mix', '')",38.03921568627451,90,2.34375,8.59375,35,2267.5,41.0,7.5,49,19.215686274509803,"((), (False, False, False, False), (False, False, True, True))",0.85,0.62,India OBD II (IOBD II),620.0,10000000000001011010000000000001,0.0,0.0,255.0,32782.0,100,01101010110100000000000000000000,13.805,15.294117647058822,6.666666666666667,16.470588235294116,14.901960784313726,7.450980392156863,8.235294117647058
1738911995.5117865,<obd.OBDResponse.Status object at 0x7f06b0167690>,"('Open loop due to engine load OR fuel cut due to deceleration', '')",19.215686274509803,90,0.0,10.9375,25,1684.5,41.0,27.0,49,17.254901960784313,"((), (False, False, False, False), (False, False, True, True))",0.855,0.12,India OBD II (IOBD II),623.0,10000000000001011010000000000001,0.0,0.0,255.0,32782.0,100,01101010110100000000000000000000,13.829,18.431372549019606,9.411764705882353,19.607843137254903,23.92156862745098,11.764705882352942,12.941176470588236
1738911998.0615802,<obd.OBDResponse.Status object at 0x7f06aff21ad0>,"('Closed loop, using oxygen sensor feedback to determine fuel mix', '')",42.35294117647059,90,3.125,8.59375,38,1821.0,44.0,6.0,49,16.862745098039216,"((), (False, False, False, False), (False, False, True, True))",0.92,0.16,India OBD II (IOBD II),625.0,10000000000001011010000000000001,0.0,0.0,255.0,32782.0,100,01101010110100000000000000000000,13.805,19.215686274509803,9.019607843137255,19.215686274509803,22.745098039215687,10.980392156862745,11.764705882352942
1738912000.6114628,<obd.OBDResponse.Status object at 0x7f06b004e290>,"('Closed loop, using oxygen sensor feedback to determine fuel mix', '')",33.72549019607843,90,5.46875,9.375,42,1947.0,47.0,14.0,49,20.784313725490197,"((), (False, False, False, False), (False, False, True, True))",0.83,0.17,India OBD II (IOBD II),628.0,10000000000001011010000000000001,0.0,0.0,255.0,32782.0,100,01101010110100000000000000000000,13.711,36.86274509803921,12.941176470588236,22.352941176470587,24.705882352941178,12.156862745098039,16.07843137254902
1738912003.1557045,<obd.OBDResponse.Status object at 0x7f06aff3e250>,"('Open loop due to engine load OR fuel cut due to deceleration', '')",21.96078431372549,90,0.0,9.375,30,2024.5,48.0,-2.5,49,18.03921568627451,"((), (False, False, False, False), (False, False, True, True))",0.02,0.02,India OBD II (IOBD II),630.0,10000000000001011010000000000001,0.0,0.0,255.0,32782.0,100,01101010110100000000000000000000,13.664,14.117647058823529,7.0588235294117645,17.647058823529413,14.901960784313726,7.450980392156863,9.411764705882353
1738912005.7111835,<obd.OBDResponse.Status object at 0x7f06aff0f650>,"('Open loop due to engine load OR fuel cut due to deceleration', '')",18.823529411764707,90,0.0,10.15625,27,1970.0,47.0,7.5,49,18.431372549019606,"((), (False, False, False, False), (False, False, True, True))",0.075,0.075,India OBD II (IOBD II),633.0,10000000000001011010000000000001,0.0,0.0,255.0,32782.0,100,01101010110100000000000000000000,13.735,22.745098039215687,10.588235294117647,20.784313725490197,22.352941176470587,10.980392156862745,13.333333333333334
1738912008.2430332,<obd.OBDResponse.Status object at 0x7f06aff20090>,"('Open loop due to engine load OR fuel cut due to deceleration', '')",22.352941176470587,89,0.0,9.375,30,2020.0,48.0,-4.5,49,18.823529411764707,"((), (False, False, False, False), (False, False, True, True))",0.05,0.01,India OBD II (IOBD II),635.0,10000000000001011010000000000001,0.0,0.0,255.0,32782.0,100,01101010110100000000000000000000,13.829,14.509803921568627,7.450980392156863,17.647058823529413,14.901960784313726,7.450980392156863,9.411764705882353
1738912010.781049,<obd.OBDResponse.Status object at 0x7f06b0763710>,"('Open loop due to engine load OR fuel cut due to deceleration', '')",16.862745098039216,89,0.0,10.9375,24,1949.5,47.0,-20.5,49,16.862745098039216,"((), (False, False, False, False), (False, False, True, True))",0.035,0.0,India OBD II (IOBD II),638.0,10000000000001011010000000000001,0.0,0.0,255.0,32782.0,100,01101010110100000000000000000000,13.805,13.72549019607843,7.0588235294117645,17.254901960784313,14.901960784313726,7.450980392156863,9.019607843137255
1738912013.3309667,<obd.OBDResponse.Status object at 0x7f06aff0e190>,"('Open loop due to engine load OR fuel cut due to deceleration', '')",16.862745098039216,88,0.0,10.9375,24,1779.5,42.0,-19.0,49,16.470588235294116,"((), (False, False, False, False), (False, False, True, True))",0.03,0.0,India OBD II (IOBD II),640.0,10000000000001011010000000000001,0.0,0.0,255.0,32782.0,100,01101010110100000000000000000000,13.829,13.72549019607843,6.2745098039215685,16.470588235294116,14.901960784313726,7.450980392156863,8.235294117647058
1738912015.8809302,<obd.OBDResponse.Status object at 0x7f06afeb6c50>,"('Open loop due to engine load OR fuel cut due to deceleration', '')",36.07843137254902,88,0.0,9.375,52,1727.0,42.0,16.5,49,22.352941176470587,"((), (False, False, False, False), (False, False, True, True))",0.335,0.09,India OBD II (IOBD II),643.0,10000000000001011010000000000001,0.0,0.0,255.0,32782.0,100,01101010110100000000000000000000,13.64,39.6078431372549,12.549019607843137,22.745098039215687,25.88235294117647,12.549019607843137,16.862745098039216
1738912018.4310098,<obd.OBDResponse.Status object at 0x7f06b075dd90>,"('Open loop due to engine load OR fuel cut due to deceleration', '')",21.176470588235293,88,0.0,10.15625,29,1863.5,45.0,5.0,49,18.03921568627451,"((), (False, False, False, False), (False, False, True, True))",0.07,0.125,India OBD II (IOBD II),645.0,10000000000001011010000000000001,0.0,0.0,255.0,32782.0,100,01101010110100000000000000000000,13.688,14.509803921568627,7.0588235294117645,18.03921568627451,18.823529411764707,9.019607843137255,10.196078431372548
1738912020.986912,<obd.OBDResponse.Status object at 0x7f06b0762950>,"('Open loop due to engine load OR fuel cut due to deceleration', '')",19.215686274509803,87,0.0,10.15625,27,1844.5,44.0,34.5,49,17.647058823529413,"((), (False, False, False, False), (False, False, True, True))",0.805,0.1,India OBD II (IOBD II),648.0,10000000000001011010000000000001,0.0,0.0,255.0,32782.0,100,01101010110100000000000000000000,13.64,15.686274509803921,7.450980392156863,17.647058823529413,19.215686274509803,9.019607843137255,9.803921568627452
1738912023.5364945,<obd.OBDResponse.Status object at 0x7f06aff3b750>,"('Open loop due to engine load OR fuel cut due to deceleration', '')",16.470588235294116,87,0.0,10.9375,24,1816.0,44.0,12.0,48,16.862745098039216,"((), (False, False, False, False), (False, False, True, True))",0.855,0.12,India OBD II (IOBD II),651.0,10000000000001011010000000000001,0.0,0.0,255.0,32782.0,100,01101010110100000000000000000000,13.758000000000001,13.333333333333334,7.0588235294117645,17.254901960784313,19.215686274509803,9.411764705882353,9.019607843137255
1738912026.1226504,<obd.OBDResponse.Status object at 0x7f06b004de50>,"('Open loop due to engine load OR fuel cut due to deceleration', '')",18.03921568627451,88,0.0,10.9375,25,1770.0,42.0,-19.5,48,16.862745098039216,"((), (False, False, False, False), (False, False, True, True))",0.04,0.005,India OBD II (IOBD II),653.0,10000000000001011010000000000001,0.0,0.0,255.0,32782.0,100,01101010110100000000000000000000,13.758000000000001,14.509803921568627,6.666666666666667,16.862745098039216,15.686274509803921,7.450980392156863,8.627450980392156
1738912028.6902425,<obd.OBDResponse.Status object at 0x7f06affca010>,"('Open loop due to engine load OR fuel cut due to deceleration', '')",16.470588235294116,88,0.0,11.71875,23,1730.0,41.0,22.5,48,16.470588235294116,"((), (False, False, False, False), (False, False, True, True))",0.275,0.08,India OBD II (IOBD II),656.0,10000000000001011010000000000001,0.0,0.0,255.0,32783.0,100,01101010110100000000000000000000,13.829,13.333333333333334,6.666666666666667,16.862745098039216,20.0,9.411764705882353,10.588235294117647
1738912031.2223902,<obd.OBDResponse.Status object at 0x7f06aff23d90>,"('Open loop due to engine load OR fuel cut due to deceleration', '')",21.96078431372549,88,1.5625,10.15625,30,1802.0,43.0,11.0,48,17.254901960784313,"((), (False, False, False, False), (False, False, True, True))",0.91,0.11,India OBD II (IOBD II),658.0,10000000000001011010000000000001,0.0,0.0,255.0,32783.0,100,01101010110100000000000000000000,13.735,16.470588235294116,7.450980392156863,18.03921568627451,14.901960784313726,7.450980392156863,9.803921568627452
1738912033.7719984,<obd.OBDResponse.Status object at 0x7f06aff31510>,"('Open loop due to engine load OR fuel cut due to deceleration', '')",17.647058823529413,88,0.0,10.9375,24,1641.5,39.0,-18.0,48,16.470588235294116,"((), (False, False, False, False), (False, False, True, True))",0.05,0.0,India OBD II (IOBD II),661.0,10000000000001011010000000000001,0.0,0.0,255.0,32783.0,100,01101010110100000000000000000000,13.664,13.333333333333334,6.2745098039215685,16.470588235294116,14.901960784313726,7.450980392156863,7.8431372549019605
1738912036.3102324,<obd.OBDResponse.Status object at 0x7f06aff2e310>,"('Open loop due to engine load OR fuel cut due to deceleration', '')",20.392156862745097,88,0.0,11.71875,28,1304.0,31.0,6.0,48,16.470588235294116,"((), (False, False, False, False), (False, False, True, True))",0.725,0.075,India OBD II (IOBD II),663.0,10000000000001011010000000000001,0.0,0.0,255.0,32783.0,100,01101010110100000000000000000000,13.829,16.07843137254902,5.882352941176471,16.07843137254902,14.901960784313726,7.450980392156863,7.450980392156863
1738912038.8601344,<obd.OBDResponse.Status object at 0x7f06aff3c290>,"('Open loop due to engine load OR fuel cut due to deceleration', '')",20.392156862745097,88,0.0,12.5,27,1211.0,29.0,-8.5,48,16.07843137254902,"((), (False, False, False, False), (False, False, True, True))",0.885,0.105,India OBD II (IOBD II),666.0,10000000000001011010000000000001,0.0,0.0,255.0,32783.0,100,01101010110100000000000000000000,13.735,15.686274509803921,5.882352941176471,16.470588235294116,16.862745098039216,8.235294117647058,7.8431372549019605
1738912041.4100137,<obd.OBDResponse.Status object at 0x7f06b075c3d0>,"('Open loop due to engine load OR fuel cut due to deceleration', '')",22.745098039215687,88,0.0,10.9375,33,1294.5,31.0,12.0,48,18.03921568627451,"((), (False, False, False, False), (False, False, True, True))",0.875,0.12,India OBD II (IOBD II),668.0,10000000000001011010000000000001,0.0,0.0,255.0,32783.0,100,01101010110100000000000000000000,13.853,27.84313725490196,9.019607843137255,19.215686274509803,22.745098039215687,10.980392156862745,11.764705882352942
1738912043.959986,<obd.OBDResponse.Status object at 0x7f06aff32890>,"('Open loop due to engine load OR fuel cut due to deceleration', '')",37.64705882352941,89,0.0,9.375,44,1499.0,36.0,6.0,48,18.03921568627451,"((), (False, False, False, False), (False, False, True, True))",0.845,0.14,India OBD II (IOBD II),671.0,10000000000001011010000000000001,0.0,0.0,255.0,32783.0,100,01101010110100000000000000000000,13.688,17.254901960784313,7.0588235294117645,17.254901960784313,15.294117647058824,7.450980392156863,9.019607843137255
1738912046.5097635,<obd.OBDResponse.Status object at 0x7f06aff3cc50>,"('Open loop due to engine load OR fuel cut due to deceleration', '')",19.607843137254903,89,3.125,10.9375,26,1558.0,37.0,3.0,48,16.862745098039216,"((), (False, False, False, False), (False, False, True, True))",0.88,0.145,India OBD II (IOBD II),674.0,10000000000001011010000000000001,0.0,0.0,255.0,32783.0,100,01101010110100000000000000000000,13.711,17.647058823529413,7.8431372549019605,18.03921568627451,20.0,9.803921568627452,10.588235294117647
1738912049.0594044,<obd.OBDResponse.Status object at 0x7f06aff2c590>,"('Open loop due to engine load OR fuel cut due to deceleration', '')",26.274509803921568,89,3.125,10.15625,33,1618.0,39.0,30.5,48,18.431372549019606,"((), (False, False, False, False), (False, False, True, True))",0.845,0.155,India OBD II (IOBD II),676.0,10000000000001011010000000000001,0.0,0.0,255.0,32783.0,100,01101010110100000000000000000000,13.64,21.56862745098039,8.627450980392156,18.823529411764707,20.784313725490197,9.803921568627452,10.980392156862745
1738912051.5914285,<obd.OBDResponse.Status object at 0x7f06b00fdc10>,"('Closed loop, using oxygen sensor feedback to determine fuel mix', '')",23.92156862745098,90,5.46875,10.15625,27,1665.5,41.0,7.5,48,17.647058823529413,"((), (False, False, False, False), (False, False, True, True))",0.885,0.16,India OBD II (IOBD II),679.0,10000000000001011010000000000001,0.0,0.0,255.0,32783.0,100,01101010110100000000000000000000,13.805,16.470588235294116,7.450980392156863,17.647058823529413,14.901960784313726,7.450980392156863,8.627450980392156
1738912054.1293356,<obd.OBDResponse.Status object at 0x7f06aff20390>,"('Open loop due to engine load OR fuel cut due to deceleration', '')",17.647058823529413,89,0.0,10.9375,24,1673.0,40.0,-18.0,48,16.470588235294116,"((), (False, False, False, False), (False, False, True, True))",0.02,0.0,India OBD II (IOBD II),681.0,10000000000001011010000000000001,0.0,0.0,255.0,32783.0,100,01101010110100000000000000000000,13.758000000000001,13.72549019607843,6.2745098039215685,16.470588235294116,14.901960784313726,7.450980392156863,8.235294117647058
1738912056.6610684,<obd.OBDResponse.Status object at 0x7f06aff30910>,"('Open loop due to engine load OR fuel cut due to deceleration', '')",16.470588235294116,89,0.0,11.71875,23,1524.0,36.0,-18.0,48,16.07843137254902,"((), (False, False, False, False), (False, False, True, True))",0.02,0.0,India OBD II (IOBD II),684.0,10000000000001011010000000000001,0.0,0.0,255.0,32783.0,100,01101010110100000000000000000000,13.758000000000001,12.941176470588236,5.882352941176471,16.07843137254902,14.901960784313726,7.450980392156863,7.450980392156863
1738912059.1992404,<obd.OBDResponse.Status object at 0x7f06b077a890>,"('Open loop due to engine load OR fuel cut due to deceleration', '')",16.862745098039216,88,0.0,12.5,24,1350.0,32.0,-22.0,48,15.686274509803921,"((), (False, False, False, False), (False, False, True, True))",0.02,0.0,India OBD II (IOBD II),686.0,10000000000001011010000000000001,0.0,0.0,255.0,32783.0,100,01101010110100000000000000000000,13.735,13.333333333333334,5.490196078431373,16.07843137254902,14.901960784313726,7.450980392156863,7.8431372549019605
1738912061.7490032,<obd.OBDResponse.Status object at 0x7f06b07519d0>,"('Open loop due to engine load OR fuel cut due to deceleration', '')",21.176470588235293,88,0.0,11.71875,28,1185.5,28.0,6.5,48,16.07843137254902,"((), (False, False, False, False), (False, False, True, True))",0.805,0.09,India OBD II (IOBD II),689.0,10000000000001011010000000000001,0.0,0.0,255.0,32783.0,100,01101010110100000000000000000000,13.711,17.254901960784313,5.882352941176471,16.07843137254902,14.901960784313726,7.450980392156863,7.450980392156863
1738912064.2986915,<obd.OBDResponse.Status object at 0x7f06afeb68d0>,"('Open loop due to engine load OR fuel cut due to deceleration', '')",23.92156862745098,88,0.0,13.28125,32,905.5,21.0,5.0,48,15.686274509803921,"((), (False, False, False, False), (False, False, True, True))",0.885,0.11,India OBD II (IOBD II),691.0,10000000000001011010000000000001,0.0,0.0,255.0,32783.0,100,01101010110100000000000000000000,13.57,19.607843137254903,5.098039215686274,15.294117647058824,14.901960784313726,7.450980392156863,6.666666666666667
1738912066.8490653,<obd.OBDResponse.Status object at 0x7f06b0744bd0>,"('Open loop due to engine load OR fuel cut due to deceleration', '')",26.274509803921568,88,0.0,12.5,34,790.5,17.0,5.0,48,14.901960784313726,"((), (False, False, False, False), (False, False, True, True))",0.875,0.115,India OBD II (IOBD II),694.0,10000000000001011010000000000001,0.0,0.0,255.0,32783.0,100,01101010110100000000000000000000,13.593,19.607843137254903,5.098039215686274,15.294117647058824,14.901960784313726,7.450980392156863,6.666666666666667
1738912069.3926952,<obd.OBDResponse.Status object at 0x7f06aff2c890>,"('Open loop due to engine load OR fuel cut due to deceleration', '')",26.274509803921568,88,0.0,12.5,34,792.5,7.0,6.5,48,14.901960784313726,"((), (False, False, False, False), (False, False, True, True))",0.875,0.125,India OBD II (IOBD II),696.0,10000000000001011010000000000001,0.0,0.0,255.0,32783.0,100,01101010110100000000000000000000,13.758000000000001,19.607843137254903,5.098039215686274,14.117647058823529,14.901960784313726,7.450980392156863,5.098039215686274
1738912071.948426,<obd.OBDResponse.Status object at 0x7f06aff20550>,"('Open loop due to engine load OR fuel cut due to deceleration', '')",19.215686274509803,88,0.0,14.84375,26,807.0,0.0,1.5,48,14.117647058823529,"((), (False, False, False, False), (False, False, True, True))",0.89,0.13,India OBD II (IOBD II),699.0,10000000000001011010000000000001,0.0,0.0,255.0,32783.0,100,01101010110100000000000000000000,13.805,14.509803921568627,3.9215686274509802,14.117647058823529,14.901960784313726,7.450980392156863,5.098039215686274
1738912074.498327,<obd.OBDResponse.Status object at 0x7f06b07836d0>,"('Open loop due to engine load OR fuel cut due to deceleration', '')",18.431372549019606,88,0.0,14.84375,26,790.5,0.0,4.5,48,13.72549019607843,"((), (False, False, False, False), (False, False, True, True))",0.88,0.135,India OBD II (IOBD II),702.0,10000000000001011010000000000001,0.0,0.0,255.0,32783.0,100,01101010110100000000000000000000,13.711,13.72549019607843,3.9215686274509802,14.117647058823529,14.901960784313726,7.450980392156863,5.098039215686274
1738912077.0482833,<obd.OBDResponse.Status object at 0x7f06affb6350>,"('Open loop due to engine load OR fuel cut due to deceleration', '')",19.607843137254903,88,0.0,14.0625,32,785.0,0.0,12.0,48,14.901960784313726,"((), (False, False, False, False), (False, False, True, True))",0.87,0.14,India OBD II (IOBD II),704.0,10000000000001011010000000000001,0.0,0.0,255.0,32783.0,100,01101010110100000000000000000000,13.405000000000001,18.823529411764707,4.705882352941177,15.294117647058824,14.901960784313726,7.450980392156863,6.666666666666667
1738912079.5979757,<obd.OBDResponse.Status object at 0x7f06b01675d0>,"('Open loop due to engine load OR fuel cut due to deceleration', '')",26.666666666666668,88,0.0,12.5,34,813.0,0.0,6.0,48,15.294117647058824,"((), (False, False, False, False), (False, False, True, True))",0.845,0.145,India OBD II (IOBD II),707.0,10000000000001011010000000000001,0.0,0.0,255.0,32783.0,100,01101010110100000000000000000000,13.64,20.0,5.098039215686274,15.294117647058824,14.901960784313726,7.450980392156863,6.666666666666667
1738912082.1478226,<obd.OBDResponse.Status object at 0x7f06aff2ebd0>,"('Open loop due to engine load OR fuel cut due to deceleration', '')",25.88235294117647,88,0.0,12.5,34,798.5,0.0,8.0,48,15.294117647058824,"((), (False, False, False, False), (False, False, True, True))",0.83,0.175,India OBD II (IOBD II),709.0,10000000000001011010000000000001,0.0,0.0,255.0,32783.0,100,01101010110100000000000000000000,13.546000000000001,19.607843137254903,5.098039215686274,15.294117647058824,14.901960784313726,7.450980392156863,6.666666666666667
1738912084.6981068,<obd.OBDResponse.Status object at 0x7f06b0733f90>,"('Closed loop, using oxygen sensor feedback to determine fuel mix', '')",26.666666666666668,89,-1.5625,12.5,35,802.5,0.0,7.5,48,15.294117647058824,"((), (False, False, False, False), (False, False, True, True))",0.595,0.78,India OBD II (IOBD II),712.0,10000000000001011010000000000001,0.0,0.0,255.0,32783.0,100,01101010110100000000000000000000,13.711,20.392156862745097,5.098039215686274,15.294117647058824,14.901960784313726,7.450980392156863,6.666666666666667
1738912087.247694,<obd.OBDResponse.Status object at 0x7f06b076f390>,"('Closed loop, using oxygen sensor feedback to determine fuel mix', '')",27.058823529411764,89,0.0,12.5,35,821.5,0.0,6.0,48,15.294117647058824,"((), (False, False, False, False), (False, False, True, True))",0.065,0.79,India OBD II (IOBD II),714.0,10000000000001011010000000000001,0.0,0.0,255.0,32783.0,100,01101010110100000000000000000000,13.57,20.392156862745097,5.490196078431373,15.686274509803921,14.901960784313726,7.450980392156863,6.666666666666667
1738912089.7795422,<obd.OBDResponse.Status object at 0x7f06aff3d350>,"('Closed loop, using oxygen sensor feedback to determine fuel mix', '')",26.666666666666668,89,1.5625,12.5,34,824.0,0.0,8.0,48,15.294117647058824,"((), (False, False, False, False), (False, False, True, True))",0.835,0.79,India OBD II (IOBD II),717.0,10000000000001011010000000000001,0.0,0.0,255.0,32783.0,100,01101010110100000000000000000000,13.57,20.0,5.098039215686274,15.294117647058824,14.901960784313726,7.450980392156863,6.666666666666667
1738912092.3174653,<obd.OBDResponse.Status object at 0x7f06aff2d590>,"('Closed loop, using oxygen sensor feedback to determine fuel mix', '')",21.176470588235293,89,-0.78125,14.0625,28,837.0,0.0,-1.5,48,14.117647058823529,"((), (False, False, False, False), (False, False, True, True))",0.095,0.795,India OBD II (IOBD II),719.0,10000000000001011010000000000001,0.0,0.0,255.0,32783.0,100,01101010110100000000000000000000,13.688,14.901960784313726,3.9215686274509802,14.117647058823529,14.901960784313726,7.450980392156863,5.098039215686274
1738912094.867672,<obd.OBDResponse.Status object at 0x7f06aff3fcd0>,"('Closed loop, using oxygen sensor feedback to determine fuel mix', '')",18.823529411764707,90,-1.5625,14.84375,26,785.0,0.0,6.0,48,13.72549019607843,"((), (False, False, False, False), (False, False, True, True))",0.84,0.8,India OBD II (IOBD II),722.0,10000000000001011010000000000001,0.0,0.0,255.0,32783.0,100,01101010110100000000000000000000,13.735,14.117647058823529,3.9215686274509802,14.117647058823529,14.901960784313726,7.450980392156863,5.098039215686274
1738912097.4172983,<obd.OBDResponse.Status object at 0x7f06affc8210>,"('Closed loop, using oxygen sensor feedback to determine fuel mix', '')",27.058823529411764,90,-4.6875,12.5,35,760.0,0.0,20.0,48,15.294117647058824,"((), (False, False, False, False), (False, False, True, True))",0.055,0.8,India OBD II (IOBD II),724.0,10000000000001011010000000000001,0.0,0.0,255.0,32783.0,100,01101010110100000000000000000000,13.688,22.352941176470587,5.490196078431373,15.686274509803921,14.901960784313726,7.450980392156863,7.0588235294117645
1738912099.9672034,<obd.OBDResponse.Status object at 0x7f06aff2de10>,"('Closed loop, using oxygen sensor feedback to determine fuel mix', '')",27.45098039215686,90,0.78125,12.5,35,840.5,0.0,4.5,48,15.686274509803921,"((), (False, False, False, False), (False, False, True, True))",0.075,0.795,India OBD II (IOBD II),727.0,10000000000001011010000000000001,0.0,0.0,255.0,32783.0,100,01101010110100000000000000000000,13.57,20.784313725490197,5.490196078431373,15.686274509803921,14.901960784313726,7.450980392156863,7.0588235294117645
1738912102.5173216,<obd.OBDResponse.Status object at 0x7f06b0798590>,"('Closed loop, using oxygen sensor feedback to determine fuel mix', '')",26.666666666666668,90,2.34375,12.5,35,818.5,0.0,8.0,48,15.294117647058824,"((), (False, False, False, False), (False, False, True, True))",0.845,0.79,India OBD II (IOBD II),730.0,10000000000001011010000000000001,0.0,0.0,255.0,32783.0,100,01101010110100000000000000000000,13.593,20.392156862745097,5.490196078431373,15.686274509803921,14.901960784313726,7.450980392156863,7.0588235294117645
1738912105.0669315,<obd.OBDResponse.Status object at 0x7f06b02d0350>,"('Closed loop, using oxygen sensor feedback to determine fuel mix', '')",40.78431372549019,90,-2.34375,10.15625,56,854.0,3.0,-1.0,48,16.470588235294116,"((), (False, False, False, False), (False, False, True, True))",0.16,0.785,India OBD II (IOBD II),732.0,10000000000001011010000000000001,0.0,0.0,255.0,32783.0,100,01101010110100000000000000000000,13.57,30.588235294117645,6.666666666666667,16.862745098039216,15.294117647058824,7.450980392156863,8.627450980392156
1738912107.617265,<obd.OBDResponse.Status object at 0x7f06afeb60d0>,"('Closed loop, using oxygen sensor feedback to determine fuel mix', '')",43.92156862745098,90,0.78125,9.375,50,1317.5,8.0,19.5,49,19.215686274509803,"((), (False, False, False, False), (False, False, True, True))",0.1,0.78,India OBD II (IOBD II),735.0,10000000000001011010000000000001,0.0,5.098039215686274,255.0,32783.0,100,01101010110100000000000000000000,13.593,30.980392156862745,9.803921568627452,20.392156862745097,21.568627450980394,10.588235294117647,12.941176470588236
1738912110.166738,<obd.OBDResponse.Status object at 0x7f06b076d8d0>,"('Closed loop, using oxygen sensor feedback to determine fuel mix', '')",44.705882352941174,90,0.0,8.59375,36,2363.0,15.0,-9.0,49,18.823529411764707,"((), (False, False, False, False), (False, False, True, True))",0.22,0.77,India OBD II (IOBD II),737.0,10000000000001011010000000000001,0.0,0.0,255.0,32783.0,100,01101010110100000000000000000000,13.735,16.862745098039216,6.666666666666667,16.862745098039216,14.901960784313726,7.450980392156863,8.627450980392156
1738912112.716505,<obd.OBDResponse.Status object at 0x7f06b695a510>,"('Closed loop, using oxygen sensor feedback to determine fuel mix', '')",25.49019607843137,90,-0.78125,12.5,32,1021.0,14.0,9.0,49,18.431372549019606,"((), (False, False, False, False), (False, False, True, True))",0.86,0.745,India OBD II (IOBD II),740.0,10000000000001011010000000000001,0.0,0.0,255.0,32783.0,100,01101010110100000000000000000000,13.829,36.470588235294116,10.196078431372548,20.392156862745097,25.098039215686274,12.549019607843137,13.333333333333334
1738912115.2666776,<obd.OBDResponse.Status object at 0x7f06aff0f0d0>,"('Closed loop, using oxygen sensor feedback to determine fuel mix', '')",40.78431372549019,89,-1.5625,9.375,45,1679.0,21.0,21.5,49,20.392156862745097,"((), (False, False, False, False), (False, False, True, True))",0.065,0.725,India OBD II (IOBD II),742.0,10000000000001011010000000000001,0.0,0.0,255.0,32783.0,100,01101010110100000000000000000000,13.758000000000001,28.627450980392158,10.588235294117647,20.784313725490197,24.705882352941178,12.156862745098039,13.333333333333334
1738912117.8163772,<obd.OBDResponse.Status object at 0x7f06b076f890>,"('Closed loop, using oxygen sensor feedback to determine fuel mix', '')",39.21568627450981,89,3.125,8.59375,45,2097.0,26.0,22.5,49,21.96078431372549,"((), (False, False, False, False), (False, False, True, True))",0.8,0.72,India OBD II (IOBD II),745.0,10000000000001011010000000000001,0.0,0.0,255.0,32783.0,100,01101010110100000000000000000000,13.829,31.764705882352942,12.156862745098039,22.745098039215687,26.274509803921568,12.941176470588236,16.07843137254902
1738912120.3665147,<obd.OBDResponse.Status object at 0x7f06aff3b950>,"('Closed loop, using oxygen sensor feedback to determine fuel mix', '')",39.21568627450981,89,3.90625,8.59375,47,2531.0,32.0,10.5,49,18.03921568627451,"((), (False, False, False, False), (False, False, True, True))",0.885,0.705,India OBD II (IOBD II),747.0,10000000000001011010000000000001,0.0,0.0,255.0,32783.0,100,01101010110100000000000000000000,13.829,16.470588235294116,8.627450980392156,18.823529411764707,14.901960784313726,7.450980392156863,9.411764705882353
1738912122.9162283,<obd.OBDResponse.Status object at 0x7f06b07809d0>,"('Open loop due to engine load OR fuel cut due to deceleration', '')",25.098039215686274,88,0.0,12.5,33,997.0,31.0,2.0,49,15.686274509803921,"((), (False, False, False, False), (False, False, True, True))",0.885,0.08,India OBD II (IOBD II),750.0,10000000000001011010000000000001,0.0,0.0,255.0,32783.0,100,01101010110100000000000000000000,13.688,20.784313725490197,9.019607843137255,19.215686274509803,23.92156862745098,11.764705882352942,14.509803921568627
1738912125.4660168,<obd.OBDResponse.Status object at 0x7f06aff0e610>,"('Open loop due to engine load OR fuel cut due to deceleration', '')",20.392156862745097,89,0.0,10.9375,27,1679.5,30.0,18.0,50,17.647058823529413,"((), (False, False, False, False), (False, False, True, True))",0.885,0.145,India OBD II (IOBD II),752.0,10000000000001011010000000000001,0.0,0.0,255.0,32783.0,100,01101010110100000000000000000000,13.593,17.647058823529413,7.450980392156863,17.647058823529413,20.0,9.411764705882353,9.803921568627452
1738912128.015911,<obd.OBDResponse.Status object at 0x7f06b004dd10>,"('Open loop due to engine load OR fuel cut due to deceleration', '')",47.84313725490196,89,0.0,8.59375,55,1734.0,31.0,18.5,50,21.96078431372549,"((), (False, False, False, False), (False, False, True, True))",0.83,0.19,India OBD II (IOBD II),755.0,10000000000001011010000000000001,0.0,0.0,255.0,32783.0,100,01101010110100000000000000000000,13.735,31.372549019607842,10.196078431372548,20.0,21.568627450980394,10.196078431372548,12.941176470588236
1738912130.5658307,<obd.OBDResponse.Status object at 0x7f06b0167250>,"('Closed loop, using oxygen sensor feedback to determine fuel mix', '')",20.784313725490197,89,-2.34375,10.15625,28,1796.5,32.0,5.0,50,17.647058823529413,"((), (False, False, False, False), (False, False, True, True))",0.055,0.79,India OBD II (IOBD II),758.0,10000000000001011010000000000001,0.0,0.0,255.0,32783.0,100,01101010110100000000000000000000,13.829,14.117647058823529,6.666666666666667,16.862745098039216,19.607843137254903,9.411764705882353,8.627450980392156
1738912133.1156633,<obd.OBDResponse.Status object at 0x7f06b07836d0>,"('Closed loop, using oxygen sensor feedback to determine fuel mix', '')",23.529411764705884,90,3.125,10.15625,32,1752.5,32.0,32.0,50,18.431372549019606,"((), (False, False, False, False), (False, False, True, True))",0.12,0.755,India OBD II (IOBD II),760.0,10000000000001011010000000000001,0.0,0.0,255.0,32783.0,100,01101010110100000000000000000000,13.829,18.03921568627451,7.8431372549019605,18.03921568627451,21.568627450980394,10.196078431372548,10.196078431372548
1738912135.6656313,<obd.OBDResponse.Status object at 0x7f06afeb49d0>,"('Closed loop, using oxygen sensor feedback to determine fuel mix', '')",19.215686274509803,90,0.0,10.15625,28,1733.5,32.0,7.5,50,17.647058823529413,"((), (False, False, False, False), (False, False, True, True))",0.03,0.73,India OBD II (IOBD II),763.0,10000000000001011010000000000001,0.0,0.0,255.0,32783.0,100,01101010110100000000000000000000,13.829,14.901960784313726,6.666666666666667,16.862745098039216,20.392156862745097,10.196078431372548,8.627450980392156
1738912138.2158222,<obd.OBDResponse.Status object at 0x7f06b17b1ad0>,"('Open loop due to engine load OR fuel cut due to deceleration', '')",29.80392156862745,90,1.5625,9.375,37,1810.0,33.0,30.0,50,19.215686274509803,"((), (False, False, False, False), (False, False, True, True))",0.805,0.115,India OBD II (IOBD II),765.0,10000000000001011010000000000001,0.0,0.0,255.0,32783.0,100,01101010110100000000000000000000,13.829,23.137254901960784,9.411764705882353,19.607843137254903,23.137254901960784,11.372549019607844,12.156862745098039
1738912140.7653902,<obd.OBDResponse.Status object at 0x7f06aff22f50>,"('Open loop due to engine load OR fuel cut due to deceleration', '')",42.745098039215684,90,0.0,8.59375,49,1965.0,36.0,15.0,49,21.96078431372549,"((), (False, False, False, False), (False, False, True, True))",0.87,0.155,India OBD II (IOBD II),768.0,10000000000001011010000000000001,0.0,0.0,255.0,32783.0,100,01101010110100000000000000000000,13.735,34.90196078431372,12.156862745098039,22.745098039215687,25.098039215686274,12.156862745098039,16.07843137254902
1738912143.3152878,<obd.OBDResponse.Status object at 0x7f06b0799090>,"('Open loop due to engine load OR fuel cut due to deceleration', '')",24.313725490196077,90,1.5625,9.375,37,2115.0,38.0,12.0,49,20.784313725490197,"((), (False, False, False, False), (False, False, True, True))",0.865,0.16,India OBD II (IOBD II),770.0,10000000000001011010000000000001,0.0,0.0,255.0,32783.0,100,01101010110100000000000000000000,13.688,27.058823529411764,10.980392156862745,21.176470588235293,23.137254901960784,11.372549019607844,14.509803921568627
1738912145.8713615,<obd.OBDResponse.Status object at 0x7f06aff0f250>,"('Closed loop, using oxygen sensor feedback to determine fuel mix', '')",39.21568627450981,90,1.5625,8.59375,45,2219.0,40.0,21.5,49,22.352941176470587,"((), (False, False, False, False), (False, False, True, True))",0.155,0.185,India OBD II (IOBD II),773.0,10000000000001011010000000000001,0.0,0.0,255.0,32783.0,100,01101010110100000000000000000000,13.688,32.15686274509804,12.549019607843137,22.745098039215687,24.313725490196077,11.764705882352942,16.07843137254902
1738912148.4389665,<obd.OBDResponse.Status object at 0x7f06b061c890>,"('Closed loop, using oxygen sensor feedback to determine fuel mix', '')",33.333333333333336,90,0.78125,8.59375,31,2322.5,43.0,-1.5,49,19.607843137254903,"((), (False, False, False, False), (False, False, True, True))",0.785,0.755,India OBD II (IOBD II),775.0,10000000000001011010000000000001,0.0,0.0,255.0,32783.0,100,01101010110100000000000000000000,13.758000000000001,14.901960784313726,7.0588235294117645,17.254901960784313,14.901960784313726,7.450980392156863,9.019607843137255
1738912150.9948874,<obd.OBDResponse.Status object at 0x7f06afeb4790>,"('Open loop due to engine load OR fuel cut due to deceleration', '')",17.254901960784313,90,0.0,10.9375,28,1900.5,42.0,-1.5,49,17.647058823529413,"((), (False, False, False, False), (False, False, True, True))",0.895,0.1,India OBD II (IOBD II),778.0,10000000000001011010000000000001,0.0,0.0,255.0,32783.0,100,01101010110100000000000000000000,13.853,15.686274509803921,7.450980392156863,17.647058823529413,14.901960784313726,7.450980392156863,9.803921568627452
1738912153.544789,<obd.OBDResponse.Status object at 0x7f06aff2d610>,"('Open loop due to engine load OR fuel cut due to deceleration', '')",21.176470588235293,90,0.0,10.9375,27,1629.0,38.0,-1.0,49,17.254901960784313,"((), (False, False, False, False), (False, False, True, True))",0.875,0.14,India OBD II (IOBD II),781.0,10000000000001011010000000000001,0.0,0.0,255.0,32783.0,100,01101010110100000000000000000000,13.735,16.07843137254902,6.666666666666667,16.862745098039216,14.901960784313726,7.450980392156863,8.627450980392156
1738912156.0949419,<obd.OBDResponse.Status object at 0x7f06b89f0850>,"('Open loop due to engine load OR fuel cut due to deceleration', '')",21.96078431372549,90,0.0,13.28125,30,986.5,23.0,-1.5,49,14.901960784313726,"((), (False, False, False, False), (False, False, True, True))",0.89,0.14,India OBD II (IOBD II),783.0,10000000000001011010000000000001,0.0,0.0,255.0,32783.0,100,01101010110100000000000000000000,13.24,20.0,5.490196078431373,15.686274509803921,14.901960784313726,7.450980392156863,6.666666666666667
1738912158.6446915,<obd.OBDResponse.Status object at 0x7f06b02d7390>,"('Open loop due to engine load OR fuel cut due to deceleration', '')",30.980392156862745,90,0.0,11.71875,40,742.0,17.0,2.0,49,15.686274509803921,"((), (False, False, False, False), (False, False, True, True))",0.88,0.145,India OBD II (IOBD II),786.0,10000000000001011010000000000001,0.0,0.0,255.0,32783.0,100,01101010110100000000000000000000,13.476,23.92156862745098,5.490196078431373,15.686274509803921,14.901960784313726,7.450980392156863,7.0588235294117645
1738912161.194417,<obd.OBDResponse.Status object at 0x7f06aff33290>,"('Open loop due to engine load OR fuel cut due to deceleration', '')",31.764705882352942,90,0.0,11.71875,40,733.5,17.0,1.5,49,15.294117647058824,"((), (False, False, False, False), (False, False, True, True))",0.875,0.17,India OBD II (IOBD II),788.0,10000000000001011010000000000001,0.0,0.0,255.0,32783.0,100,01101010110100000000000000000000,13.711,22.745098039215687,5.098039215686274,15.294117647058824,14.901960784313726,7.450980392156863,6.666666666666667
1738912163.7449348,<obd.OBDResponse.Status object at 0x7f06aff3e750>,"('Closed loop, using oxygen sensor feedback to determine fuel mix', '')",23.529411764705884,90,-3.90625,10.15625,35,1486.5,18.0,19.5,48,20.784313725490197,"((), (False, False, False, False), (False, False, True, True))",0.085,0.835,India OBD II (IOBD II),791.0,10000000000001011010000000000001,0.0,0.0,255.0,32783.0,100,01101010110100000000000000000000,13.664,44.31372549019608,13.333333333333334,23.529411764705884,28.627450980392158,14.117647058823529,18.03921568627451
1738912166.294241,<obd.OBDResponse.Status object at 0x7f06aff0f590>,"('Closed loop, using oxygen sensor feedback to determine fuel mix', '')",67.84313725490196,90,2.34375,7.8125,70,2316.5,29.0,16.5,48,26.274509803921568,"((), (False, False, False, False), (False, False, True, True))",0.725,0.8,India OBD II (IOBD II),793.0,10000000000001011010000000000001,0.0,0.0,255.0,32783.0,100,01101010110100000000000000000000,13.853,17.254901960784313,8.235294117647058,18.431372549019606,14.901960784313726,7.450980392156863,9.803921568627452
1738912168.8442729,<obd.OBDResponse.Status object at 0x7f06b7d687d0>,"('Open loop due to engine load OR fuel cut due to deceleration', '')",19.215686274509803,90,0.0,10.15625,30,1861.0,33.0,5.0,48,20.392156862745097,"((), (False, False, False, False), (False, False, True, True))",0.555,0.085,India OBD II (IOBD II),796.0,10000000000001011010000000000001,0.0,0.0,255.0,32783.0,100,01101010110100000000000000000000,13.758000000000001,29.41176470588235,10.980392156862745,21.176470588235293,21.568627450980394,10.196078431372548,12.941176470588236
1738912171.3942964,<obd.OBDResponse.Status object at 0x7f06aff3b090>,"('Open loop due to engine load OR fuel cut due to deceleration', '')",21.568627450980394,90,0.0,10.15625,29,2084.5,37.0,-4.0,48,18.823529411764707,"((), (False, False, False, False), (False, False, True, True))",0.04,0.01,India OBD II (IOBD II),798.0,10000000000001011010000000000001,0.0,0.0,255.0,32783.0,100,01101010110100000000000000000000,13.758000000000001,14.117647058823529,7.0588235294117645,17.647058823529413,16.07843137254902,7.450980392156863,9.411764705882353
1738912173.9679117,<obd.OBDResponse.Status object at 0x7f06b1158490>,"('Open loop due to engine load OR fuel cut due to deceleration', '')",16.470588235294116,90,0.0,10.9375,23,2036.5,37.0,-20.5,48,17.254901960784313,"((), (False, False, False, False), (False, False, True, True))",0.03,0.0,India OBD II (IOBD II),801.0,10000000000001011010000000000001,0.0,0.0,255.0,32783.0,100,01101010110100000000000000000000,13.853,13.333333333333334,7.0588235294117645,17.254901960784313,16.07843137254902,7.8431372549019605,9.019607843137255
1738912176.5239067,<obd.OBDResponse.Status object at 0x7f06b076cb10>,"('Open loop due to engine load OR fuel cut due to deceleration', '')",16.470588235294116,89,0.0,10.9375,23,1983.5,36.0,-20.5,48,17.254901960784313,"((), (False, False, False, False), (False, False, True, True))",0.025,0.0,India OBD II (IOBD II),804.0,10000000000001011010000000000001,0.0,0.0,255.0,32783.0,100,01101010110100000000000000000000,13.711,13.333333333333334,7.0588235294117645,17.254901960784313,17.254901960784313,8.235294117647058,9.019607843137255
1738912179.074104,<obd.OBDResponse.Status object at 0x7f06aff2d590>,"('Open loop due to engine load OR fuel cut due to deceleration', '')",16.470588235294116,88,0.0,10.9375,24,1857.0,33.0,-19.5,48,16.862745098039216,"((), (False, False, False, False), (False, False, True, True))",0.025,0.0,India OBD II (IOBD II),806.0,10000000000001011010000000000001,0.0,0.0,255.0,32784.0,100,01101010110100000000000000000000,13.758000000000001,14.117647058823529,7.0588235294117645,17.254901960784313,20.0,9.803921568627452,10.588235294117647
1738912181.6237764,<obd.OBDResponse.Status object at 0x7f06afeb7590>,"('Open loop due to engine load OR fuel cut due to deceleration', '')",28.627450980392158,87,2.34375,9.375,35,1896.0,34.0,31.5,48,19.215686274509803,"((), (False, False, False, False), (False, False, True, True))",0.84,0.105,India OBD II (IOBD II),809.0,10000000000001011010000000000001,0.0,0.0,255.0,32784.0,100,01101010110100000000000000000000,13.735,21.56862745098039,9.411764705882353,19.607843137254903,23.137254901960784,11.372549019607844,12.549019607843137
1738912184.185436,<obd.OBDResponse.Status object at 0x7f06aff38ed0>,"('Open loop due to engine load OR fuel cut due to deceleration', '')",30.19607843137255,87,0.0,9.375,37,2044.5,37.0,27.5,49,20.0,"((), (False, False, False, False), (False, False, True, True))",0.78,0.125,India OBD II (IOBD II),811.0,10000000000001011010000000000001,0.0,0.0,255.0,32784.0,100,01101010110100000000000000000000,13.758000000000001,33.333333333333336,12.549019607843137,22.745098039215687,26.274509803921568,12.941176470588236,16.470588235294116
1738912186.7233396,<obd.OBDResponse.Status object at 0x7f06b072bad0>,"('Open loop due to engine load OR fuel cut due to deceleration', '')",43.13725490196079,87,-0.78125,8.59375,48,2317.0,42.0,21.0,48,23.137254901960784,"((), (False, False, False, False), (False, False, True, True))",0.105,0.155,India OBD II (IOBD II),814.0,10000000000001011010000000000001,0.0,0.0,255.0,32784.0,100,01101010110100000000000000000000,13.735,34.11764705882353,13.333333333333334,23.92156862745098,26.666666666666668,11.372549019607844,17.254901960784313
1738912189.2733715,<obd.OBDResponse.Status object at 0x7f06b076ed10>,"('Open loop due to engine load OR fuel cut due to deceleration', '')",21.568627450980394,87,0.0,10.9375,30,1305.5,42.0,2.0,48,16.470588235294116,"((), (False, False, False, False), (False, False, True, True))",0.57,0.08,India OBD II (IOBD II),816.0,10000000000001011010000000000001,0.0,0.0,255.0,32784.0,100,01101010110100000000000000000000,13.688,21.176470588235293,10.588235294117647,20.784313725490197,23.529411764705884,11.764705882352942,14.901960784313726
1738912191.8231854,<obd.OBDResponse.Status object at 0x7f06b0792890>,"('Open loop due to engine load OR fuel cut due to deceleration', '')",38.03921568627451,88,0.0,8.59375,36,1710.5,41.0,23.0,48,17.647058823529413,"((), (False, False, False, False), (False, False, True, True))",0.92,0.16,India OBD II (IOBD II),819.0,10000000000001011010000000000001,0.0,0.0,255.0,32784.0,100,01101010110100000000000000000000,13.688,21.56862745098039,9.019607843137255,19.215686274509803,21.96078431372549,10.588235294117647,11.764705882352942
1738912194.3731012,<obd.OBDResponse.Status object at 0x7f06aff21410>,"('Open loop due to engine load OR fuel cut due to deceleration', '')",20.784313725490197,90,0.0,10.9375,26,1613.0,38.0,3.5,48,17.254901960784313,"((), (False, False, False, False), (False, False, True, True))",0.89,0.165,India OBD II (IOBD II),821.0,10000000000001011010000000000001,0.0,0.0,255.0,32784.0,100,01101010110100000000000000000000,13.711,16.07843137254902,7.0588235294117645,17.254901960784313,14.901960784313726,7.450980392156863,9.019607843137255
1738912196.9232802,<obd.OBDResponse.Status object at 0x7f06aff3c850>,"('Open loop due to engine load OR fuel cut due to deceleration', '')",17.647058823529413,90,0.0,11.71875,24,1450.0,34.0,-20.5,48,16.07843137254902,"((), (False, False, False, False), (False, False, True, True))",0.01,0.0,India OBD II (IOBD II),824.0,10000000000001011010000000000001,0.0,0.0,255.0,32784.0,100,01101010110100000000000000000000,13.853,13.72549019607843,5.882352941176471,16.07843137254902,18.03921568627451,8.627450980392156,7.450980392156863
1738912199.4728417,<obd.OBDResponse.Status object at 0x7f06aff2ce50>,"('Open loop due to engine load OR fuel cut due to deceleration', '')",16.862745098039216,90,0.0,13.28125,24,1349.5,32.0,33.5,48,15.686274509803921,"((), (False, False, False, False), (False, False, True, True))",0.075,0.08,India OBD II (IOBD II),827.0,10000000000001011010000000000001,0.0,0.0,255.0,32784.0,100,01101010110100000000000000000000,13.853,14.509803921568627,6.2745098039215685,16.470588235294116,17.647058823529413,8.627450980392156,7.8431372549019605
1738912202.0227628,<obd.OBDResponse.Status object at 0x7f06afeb49d0>,"('Open loop due to engine load OR fuel cut due to deceleration', '')",17.647058823529413,91,0.0,13.28125,24,1267.5,30.0,-3.0,48,15.686274509803921,"((), (False, False, False, False), (False, False, True, True))",0.02,0.0,India OBD II (IOBD II),829.0,10000000000001011010000000000001,0.0,0.0,255.0,32784.0,100,01101010110100000000000000000000,13.805,15.686274509803921,6.2745098039215685,16.470588235294116,20.0,9.411764705882353,7.8431372549019605
1738912204.5727825,<obd.OBDResponse.Status object at 0x7f06b0167f10>,"('Open loop due to engine load OR fuel cut due to deceleration', '')",20.392156862745097,91,0.0,12.5,27,1314.5,31.0,5.0,48,16.07843137254902,"((), (False, False, False, False), (False, False, True, True))",0.87,0.105,India OBD II (IOBD II),832.0,10000000000001011010000000000001,0.0,0.0,255.0,32784.0,100,01101010110100000000000000000000,13.688,16.07843137254902,5.882352941176471,16.07843137254902,14.901960784313726,7.450980392156863,7.8431372549019605
1738912207.1224189,<obd.OBDResponse.Status object at 0x7f06aff2cfd0>,"('Open loop due to engine load OR fuel cut due to deceleration', '')",23.137254901960784,91,0.0,12.5,30,1072.5,25.0,3.5,48,15.686274509803921,"((), (False, False, False, False), (False, False, True, True))",0.895,0.11,India OBD II (IOBD II),834.0,10000000000001011010000000000001,0.0,0.0,255.0,32784.0,100,01101010110100000000000000000000,13.688,17.647058823529413,5.882352941176471,16.07843137254902,14.901960784313726,7.450980392156863,7.450980392156863
1738912209.6725116,<obd.OBDResponse.Status object at 0x7f06aff0f8d0>,"('Open loop due to engine load OR fuel cut due to deceleration', '')",23.529411764705884,90,0.0,13.28125,31,962.0,22.0,5.0,48,15.686274509803921,"((), (False, False, False, False), (False, False, True, True))",0.88,0.115,India OBD II (IOBD II),837.0,10000000000001011010000000000001,0.0,0.0,255.0,32784.0,100,01101010110100000000000000000000,13.593,18.431372549019606,5.490196078431373,15.686274509803921,14.901960784313726,7.450980392156863,7.0588235294117645
1738912212.2222412,<obd.OBDResponse.Status object at 0x7f06b076c3d0>,"('Open loop due to engine load OR fuel cut due to deceleration', '')",25.098039215686274,90,0.0,12.5,33,881.0,21.0,26.0,48,15.294117647058824,"((), (False, False, False, False), (False, False, True, True))",0.855,0.125,India OBD II (IOBD II),839.0,10000000000001011010000000000001,0.0,0.0,255.0,32784.0,100,01101010110100000000000000000000,13.805,56.86274509803921,13.333333333333334,23.92156862745098,25.098039215686274,10.196078431372548,18.03921568627451
1738912214.7722607,<obd.OBDResponse.Status object at 0x7f06afeb6850>,"('Open loop due to engine load OR fuel cut due to deceleration', '')",28.235294117647058,90,0.0,11.71875,35,963.0,23.0,0.0,48,16.07843137254902,"((), (False, False, False, False), (False, False, True, True))",0.87,0.145,India OBD II (IOBD II),842.0,10000000000001011010000000000001,0.0,0.0,255.0,32784.0,100,01101010110100000000000000000000,13.711,20.392156862745097,5.882352941176471,16.07843137254902,16.470588235294116,7.8431372549019605,7.450980392156863
1738912217.304275,<obd.OBDResponse.Status object at 0x7f06b6991190>,"('Open loop due to engine load OR fuel cut due to deceleration', '')",21.568627450980394,90,0.0,14.0625,29,940.0,23.0,-4.0,48,14.901960784313726,"((), (False, False, False, False), (False, False, True, True))",0.87,0.145,India OBD II (IOBD II),844.0,10000000000001011010000000000001,0.0,0.0,255.0,32784.0,100,01101010110100000000000000000000,13.876,14.117647058823529,5.882352941176471,16.07843137254902,15.294117647058824,7.450980392156863,7.0588235294117645
1738912219.842062,<obd.OBDResponse.Status object at 0x7f06aff39e10>,"('Open loop due to engine load OR fuel cut due to deceleration', '')",19.607843137254903,90,0.0,12.5,27,1239.0,22.0,-7.0,48,16.07843137254902,"((), (False, False, False, False), (False, False, True, True))",0.84,0.445,India OBD II (IOBD II),847.0,10000000000001011010000000000001,0.0,0.0,255.0,32784.0,100,01101010110100000000000000000000,13.735,16.07843137254902,5.490196078431373,15.686274509803921,14.901960784313726,7.450980392156863,7.0588235294117645
1738912222.391774,<obd.OBDResponse.Status object at 0x7f06b004da10>,"('Closed loop, using oxygen sensor feedback to determine fuel mix', '')",29.019607843137255,90,-0.78125,11.71875,37,835.0,12.0,1.5,48,15.294117647058824,"((), (False, False, False, False), (False, False, True, True))",0.85,0.735,India OBD II (IOBD II),849.0,10000000000001011010000000000001,0.0,0.0,255.0,32784.0,100,01101010110100000000000000000000,13.57,20.784313725490197,5.098039215686274,15.294117647058824,14.901960784313726,7.450980392156863,6.666666666666667
1738912224.9418073,<obd.OBDResponse.Status object at 0x7f06b075e550>,"('Closed loop, using oxygen sensor feedback to determine fuel mix', '')",33.333333333333336,90,0.78125,10.15625,54,1038.5,12.0,4.5,48,21.568627450980394,"((), (False, False, False, False), (False, False, True, True))",0.13,0.74,India OBD II (IOBD II),852.0,10000000000001011010000000000001,0.0,5.882352941176471,255.0,32784.0,100,01101010110100000000000000000000,13.758000000000001,50.588235294117645,12.549019607843137,22.745098039215687,26.274509803921568,12.941176470588236,16.07843137254902
1738912227.491674,<obd.OBDResponse.Status object at 0x7f06affb7dd0>,"('Closed loop, using oxygen sensor feedback to determine fuel mix', '')",29.019607843137255,90,-0.78125,9.375,42,1665.5,21.0,18.0,48,21.176470588235293,"((), (False, False, False, False), (False, False, True, True))",0.495,0.765,India OBD II (IOBD II),855.0,10000000000001011010000000000001,0.0,5.882352941176471,255.0,32784.0,100,01101010110100000000000000000000,13.735,35.68627450980392,11.764705882352942,21.96078431372549,24.705882352941178,12.156862745098039,16.07843137254902
1738912230.0416698,<obd.OBDResponse.Status object at 0x7f06b0760590>,"('Closed loop, using oxygen sensor feedback to determine fuel mix', '')",49.411764705882355,89,1.5625,8.59375,56,2168.5,27.0,18.0,48,24.313725490196077,"((), (False, False, False, False), (False, False, True, True))",0.8,0.78,India OBD II (IOBD II),857.0,10000000000001011010000000000001,0.0,4.313725490196078,255.0,32784.0,100,01101010110100000000000000000000,13.735,28.627450980392158,9.411764705882353,19.607843137254903,16.862745098039216,8.235294117647058,12.156862745098039
1738912232.5916827,<obd.OBDResponse.Status object at 0x7f06b7d687d0>,"('Closed loop, using oxygen sensor feedback to determine fuel mix', '')",54.509803921568626,88,3.125,7.8125,53,2512.0,32.0,18.5,48,25.098039215686274,"((), (False, False, False, False), (False, False, True, True))",0.715,0.775,India OBD II (IOBD II),860.0,10000000000001011010000000000001,0.0,0.0,255.0,32784.0,100,01101010110100000000000000000000,13.805,39.6078431372549,15.686274509803921,26.274509803921568,28.235294117647058,14.117647058823529,20.392156862745097
1738912235.123219,<obd.OBDResponse.Status object at 0x7f06aff3e690>,"('Open loop due to engine load OR fuel cut due to deceleration', '')",20.392156862745097,87,0.0,8.59375,29,2794.5,36.0,-23.5,48,18.823529411764707,"((), (False, False, False, False), (False, False, True, True))",0.01,0.74,India OBD II (IOBD II),862.0,10000000000001011010000000000001,0.0,0.0,255.0,32784.0,100,01101010110100000000000000000000,13.805,15.294117647058822,7.0588235294117645,17.254901960784313,14.901960784313726,7.450980392156863,8.235294117647058
1738912237.643313,<obd.OBDResponse.Status object at 0x7f06aff33c10>,"('Open loop due to engine load OR fuel cut due to deceleration', '')",18.03921568627451,87,0.0,10.9375,25,1933.0,34.0,15.5,48,21.176470588235293,"((), (False, False, False, False), (False, False, True, True))",0.565,0.09,India OBD II (IOBD II),865.0,10000000000001011010000000000001,0.0,0.0,255.0,32784.0,100,01101010110100000000000000000000,13.853,30.980392156862745,11.372549019607844,21.568627450980394,25.49019607843137,12.549019607843137,14.901960784313726
1738912240.1812027,<obd.OBDResponse.Status object at 0x7f06aff21110>,"('Open loop due to engine load OR fuel cut due to deceleration', '')",29.019607843137255,87,0.0,9.375,40,1955.0,36.0,12.5,48,21.568627450980394,"((), (False, False, False, False), (False, False, True, True))",0.795,0.14,India OBD II (IOBD II),867.0,10000000000001011010000000000001,0.0,0.0,255.0,32784.0,100,01101010110100000000000000000000,13.829,36.86274509803921,12.941176470588236,23.137254901960784,27.058823529411764,13.333333333333334,16.862745098039216
1738912242.731041,<obd.OBDResponse.Status object at 0x7f06aff2c150>,"('Open loop due to engine load OR fuel cut due to deceleration', '')",47.84313725490196,88,0.0,7.8125,60,2260.5,41.0,-4.5,48,25.88235294117647,"((), (False, False, False, False), (False, False, True, True))",0.875,0.505,India OBD II (IOBD II),870.0,10000000000001011010000000000001,0.0,0.0,255.0,32784.0,100,01101010110100000000000000000000,13.664,43.92156862745098,14.901960784313726,25.098039215686274,26.666666666666668,12.941176470588236,19.215686274509803
1738912245.2810369,<obd.OBDResponse.Status object at 0x7f06b076d8d0>,"('Closed loop, using oxygen sensor feedback to determine fuel mix', '')",45.09803921568628,89,3.90625,8.59375,33,2496.0,46.0,7.5,48,19.607843137254903,"((), (False, False, False, False), (False, False, True, True))",0.885,0.8,India OBD II (IOBD II),872.0,10000000000001011010000000000001,0.0,0.0,255.0,32784.0,100,01101010110100000000000000000000,13.688,15.686274509803921,7.450980392156863,17.647058823529413,14.901960784313726,7.450980392156863,8.627450980392156
1738912247.8306503,<obd.OBDResponse.Status object at 0x7f06b072fa90>,"('Open loop due to engine load OR fuel cut due to deceleration', '')",24.705882352941178,90,0.0,12.5,33,954.5,45.0,-10.0,48,15.686274509803921,"((), (False, False, False, False), (False, False, True, True))",0.915,0.755,India OBD II (IOBD II),875.0,10000000000001011010000000000001,0.0,0.0,255.0,32784.0,100,01101010110100000000000000000000,13.664,16.862745098039216,7.8431372549019605,19.215686274509803,23.137254901960784,11.372549019607844,11.764705882352942
1738912250.3930173,<obd.OBDResponse.Status object at 0x7f06b71413d0>,"('Closed loop, using oxygen sensor feedback to determine fuel mix', '')",49.80392156862745,90,0.78125,8.59375,55,1895.0,46.0,18.5,48,22.352941176470587,"((), (False, False, False, False), (False, False, True, True))",0.825,0.73,India OBD II (IOBD II),877.0,10000000000001011010000000000001,0.0,0.0,255.0,32784.0,100,01101010110100000000000000000000,13.805,37.64705882352941,12.941176470588236,23.137254901960784,25.49019607843137,12.549019607843137,15.294117647058824
1738912252.9306724,<obd.OBDResponse.Status object at 0x7f06b0728190>,"('Open loop due to engine load OR fuel cut due to deceleration', '')",18.431372549019606,91,0.0,9.375,26,1981.5,47.0,0.0,48,17.254901960784313,"((), (False, False, False, False), (False, False, True, True))",0.305,0.04,India OBD II (IOBD II),880.0,10000000000001011010000000000001,0.0,0.0,255.0,32784.0,100,01101010110100000000000000000000,13.829,19.607843137254903,9.411764705882353,19.607843137254903,23.137254901960784,11.372549019607844,12.156862745098039
1738912255.4806197,<obd.OBDResponse.Status object at 0x7f06b89f0850>,"('Open loop due to engine load OR fuel cut due to deceleration', '')",34.90196078431372,91,0.0,8.59375,43,2024.5,49.0,24.0,48,21.176470588235293,"((), (False, False, False, False), (False, False, True, True))",0.845,0.13,India OBD II (IOBD II),883.0,10000000000001011010000000000001,0.0,0.0,255.0,32784.0,100,01101010110100000000000000000000,13.805,14.901960784313726,7.450980392156863,17.647058823529413,18.03921568627451,8.627450980392156,10.980392156862745
1738912258.0306304,<obd.OBDResponse.Status object at 0x7f06aff30910>,"('Open loop due to engine load OR fuel cut due to deceleration', '')",16.07843137254902,90,0.0,10.9375,23,2061.0,49.0,10.5,48,17.254901960784313,"((), (False, False, False, False), (False, False, True, True))",0.34,0.085,India OBD II (IOBD II),885.0,10000000000001011010000000000001,0.0,0.0,255.0,32784.0,100,01101010110100000000000000000000,13.805,16.862745098039216,8.235294117647058,21.176470588235293,22.352941176470587,10.980392156862745,13.333333333333334
1738912260.5801563,<obd.OBDResponse.Status object at 0x7f06b0747b90>,"('Open loop due to engine load OR fuel cut due to deceleration', '')",47.450980392156865,90,0.0,8.59375,53,2151.0,52.0,18.5,48,23.529411764705884,"((), (False, False, False, False), (False, False, True, True))",0.895,0.155,India OBD II (IOBD II),888.0,10000000000001011010000000000001,0.0,0.0,255.0,32784.0,100,01101010110100000000000000000000,13.688,30.588235294117645,11.372549019607844,21.568627450980394,22.352941176470587,10.588235294117647,13.72549019607843
1738912263.130468,<obd.OBDResponse.Status object at 0x7f06aff0d990>,"('Open loop due to engine load OR fuel cut due to deceleration', '')",28.627450980392158,90,0.0,8.59375,35,2270.0,55.0,29.0,48,20.392156862745097,"((), (False, False, False, False), (False, False, True, True))",0.825,0.165,India OBD II (IOBD II),890.0,10000000000001011010000000000001,0.0,0.0,255.0,32784.0,100,01101010110100000000000000000000,13.735,18.03921568627451,9.411764705882353,19.607843137254903,14.901960784313726,7.450980392156863,11.764705882352942
1738912265.662154,<obd.OBDResponse.Status object at 0x7f06aff3ce10>,"('Open loop due to engine load OR fuel cut due to deceleration', '')",16.862745098039216,89,0.0,10.15625,23,2180.0,52.0,-19.0,48,17.647058823529413,"((), (False, False, False, False), (False, False, True, True))",0.03,0.0,India OBD II (IOBD II),893.0,10000000000001011010000000000001,0.0,0.0,255.0,32784.0,100,01101010110100000000000000000000,13.735,13.72549019607843,7.450980392156863,17.647058823529413,14.901960784313726,7.450980392156863,9.411764705882353
1738912268.2002163,<obd.OBDResponse.Status object at 0x7f06aff3a410>,"('Open loop due to engine load OR fuel cut due to deceleration', '')",16.862745098039216,88,0.0,10.9375,23,2028.5,48.0,-20.5,48,17.254901960784313,"((), (False, False, False, False), (False, False, True, True))",0.025,0.0,India OBD II (IOBD II),895.0,10000000000001011010000000000001,0.0,0.0,255.0,32784.0,100,01101010110100000000000000000000,13.829,13.72549019607843,7.0588235294117645,17.254901960784313,14.901960784313726,7.450980392156863,9.019607843137255
1738912270.755934,<obd.OBDResponse.Status object at 0x7f06b17b1410>,"('Open loop due to engine load OR fuel cut due to deceleration', '')",16.862745098039216,87,0.0,10.9375,24,1917.5,45.0,-19.5,48,16.862745098039216,"((), (False, False, False, False), (False, False, True, True))",0.025,0.0,India OBD II (IOBD II),898.0,10000000000001011010000000000001,0.0,0.0,255.0,32784.0,100,01101010110100000000000000000000,13.829,13.72549019607843,6.666666666666667,16.862745098039216,22.352941176470587,10.980392156862745,10.196078431372548
1738912273.311923,<obd.OBDResponse.Status object at 0x7f06b0048f90>,"('Open loop due to engine load OR fuel cut due to deceleration', '')",15.686274509803921,87,0.78125,10.9375,23,1915.5,46.0,18.5,48,16.862745098039216,"((), (False, False, False, False), (False, False, True, True))",0.255,0.09,India OBD II (IOBD II),900.0,10000000000001011010000000000001,0.0,0.0,255.0,32784.0,100,01101010110100000000000000000000,13.735,15.686274509803921,8.235294117647058,18.431372549019606,14.901960784313726,7.450980392156863,10.588235294117647
1738912275.8617494,<obd.OBDResponse.Status object at 0x7f06aff0c7d0>,"('Open loop due to engine load OR fuel cut due to deceleration', '')",17.254901960784313,87,0.0,10.9375,25,1780.5,41.0,-19.0,48,16.470588235294116,"((), (False, False, False, False), (False, False, True, True))",0.045,0.0,India OBD II (IOBD II),903.0,10000000000001011010000000000001,0.0,0.0,255.0,32784.0,100,01101010110100000000000000000000,13.735,14.509803921568627,6.2745098039215685,16.470588235294116,14.901960784313726,7.450980392156863,8.235294117647058
1738912278.3997355,<obd.OBDResponse.Status object at 0x7f06aff3a1d0>,"('Open loop due to engine load OR fuel cut due to deceleration', '')",16.470588235294116,87,0.0,11.71875,23,1497.5,35.0,-18.0,48,16.07843137254902,"((), (False, False, False, False), (False, False, True, True))",0.04,0.0,India OBD II (IOBD II),905.0,10000000000001011010000000000001,0.0,0.0,255.0,32785.0,100,01101010110100000000000000000000,13.664,13.333333333333334,5.882352941176471,16.470588235294116,18.431372549019606,10.196078431372548,8.235294117647058
1738912280.9494352,<obd.OBDResponse.Status object at 0x7f06aff21990>,"('Open loop due to engine load OR fuel cut due to deceleration', '')",72.15686274509804,87,0.0,7.8125,80,1619.5,39.0,9.0,48,27.058823529411764,"((), (False, False, False, False), (False, False, True, True))",0.835,0.155,India OBD II (IOBD II),908.0,10000000000001011010000000000001,0.0,0.0,255.0,32785.0,100,01101010110100000000000000000000,13.711,66.27450980392157,20.392156862745097,30.58823529411765,33.333333333333336,16.470588235294116,28.235294117647058
1738912283.4992783,<obd.OBDResponse.Status object at 0x7f06aff3d7d0>,"('Open loop due to engine load OR fuel cut due to deceleration', '')",19.607843137254903,87,0.0,10.15625,28,1818.0,43.0,33.5,48,18.431372549019606,"((), (False, False, False, False), (False, False, True, True))",0.81,0.155,India OBD II (IOBD II),911.0,10000000000001011010000000000001,0.0,0.0,255.0,32785.0,100,01101010110100000000000000000000,13.805,23.92156862745098,9.803921568627452,20.0,23.92156862745098,11.764705882352942,13.333333333333334
1738912286.0493157,<obd.OBDResponse.Status object at 0x7f06b8b20d90>,"('Open loop due to engine load OR fuel cut due to deceleration', '')",18.823529411764707,88,0.0,10.15625,25,1859.0,44.0,-14.5,48,17.647058823529413,"((), (False, False, False, False), (False, False, True, True))",0.035,0.005,India OBD II (IOBD II),913.0,10000000000001011010000000000001,0.0,0.0,255.0,32785.0,100,01101010110100000000000000000000,13.853,13.333333333333334,7.0588235294117645,17.254901960784313,19.607843137254903,9.411764705882353,9.019607843137255
1738912288.5989208,<obd.OBDResponse.Status object at 0x7f06b079ba50>,"('Open loop due to engine load OR fuel cut due to deceleration', '')",25.098039215686274,89,0.0,9.375,34,1845.0,44.0,30.0,48,19.607843137254903,"((), (False, False, False, False), (False, False, True, True))",0.78,0.115,India OBD II (IOBD II),916.0,10000000000001011010000000000001,0.0,0.0,255.0,32785.0,100,01101010110100000000000000000000,13.805,32.549019607843135,11.372549019607844,21.568627450980394,25.49019607843137,12.156862745098039,14.901960784313726
1738912291.1489072,<obd.OBDResponse.Status object at 0x7f06aff2ea90>,"('Open loop due to engine load OR fuel cut due to deceleration', '')",21.568627450980394,90,0.0,10.15625,29,1893.5,45.0,0.0,47,18.03921568627451,"((), (False, False, False, False), (False, False, True, True))",0.065,0.155,India OBD II (IOBD II),918.0,10000000000001011010000000000001,0.0,0.0,255.0,32785.0,100,01101010110100000000000000000000,13.688,25.098039215686274,10.588235294117647,20.784313725490197,23.137254901960784,11.764705882352942,13.333333333333334
1738912293.698737,<obd.OBDResponse.Status object at 0x7f06aff0dd50>,"('Open loop due to engine load OR fuel cut due to deceleration', '')",67.45098039215686,90,0.0,7.8125,77,1961.0,47.0,12.5,47,28.235294117647058,"((), (False, False, False, False), (False, False, True, True))",0.865,0.18,India OBD II (IOBD II),921.0,10000000000001011010000000000001,0.0,0.0,255.0,32785.0,100,01101010110100000000000000000000,13.664,64.31372549019608,20.392156862745097,30.58823529411765,32.549019607843135,16.07843137254902,27.45098039215686
1738912296.2486615,<obd.OBDResponse.Status object at 0x7f06b07468d0>,"('Closed loop, using oxygen sensor feedback to determine fuel mix', '')",88.62745098039215,91,5.46875,7.8125,76,2112.5,52.0,-16.0,47,18.431372549019606,"((), (False, False, False, False), (False, False, True, True))",0.935,0.245,India OBD II (IOBD II),923.0,10000000000001011010000000000001,0.0,0.0,255.0,32785.0,100,01101010110100000000000000000000,13.711,16.470588235294116,6.666666666666667,17.254901960784313,14.901960784313726,7.450980392156863,9.019607843137255
1738912298.7989264,<obd.OBDResponse.Status object at 0x7f06b075c690>,"('Open loop due to engine load OR fuel cut due to deceleration', '')",23.92156862745098,92,0.0,11.71875,25,1459.0,48.0,9.5,47,16.07843137254902,"((), (False, False, False, False), (False, False, True, True))",0.865,0.765,India OBD II (IOBD II),926.0,10000000000001011010000000000001,0.0,0.0,255.0,32785.0,100,01101010110100000000000000000000,13.853,32.94117647058823,10.588235294117647,21.568627450980394,25.88235294117647,12.941176470588236,14.117647058823529
1738912301.3485444,<obd.OBDResponse.Status object at 0x7f06afff4790>,"('Closed loop, using oxygen sensor feedback to determine fuel mix', '')",63.529411764705884,92,0.0,8.59375,59,1509.5,47.0,-13.0,47,16.07843137254902,"((), (False, False, False, False), (False, False, True, True))",0.915,0.765,India OBD II (IOBD II),928.0,10000000000001011010000000000001,0.0,0.0,255.0,32785.0,100,01101010110100000000000000000000,13.805,16.470588235294116,6.666666666666667,16.862745098039216,14.901960784313726,7.450980392156863,8.627450980392156
1738912303.8986442,<obd.OBDResponse.Status object at 0x7f06aff3bad0>,"('Open loop due to engine load OR fuel cut due to deceleration', '')",17.647058823529413,92,0.0,12.5,24,1371.5,43.0,-22.0,47,15.686274509803921,"((), (False, False, False, False), (False, False, True, True))",0.02,0.0,India OBD II (IOBD II),931.0,10000000000001011010000000000001,0.0,0.0,255.0,32785.0,100,01101010110100000000000000000000,13.805,14.117647058823529,5.490196078431373,16.07843137254902,18.431372549019606,8.627450980392156,7.8431372549019605
1738912306.4482558,<obd.OBDResponse.Status object at 0x7f06b07399d0>,"('Open loop due to engine load OR fuel cut due to deceleration', '')",29.019607843137255,92,0.0,10.9375,37,1247.5,39.0,26.0,47,18.431372549019606,"((), (False, False, False, False), (False, False, True, True))",0.78,0.09,India OBD II (IOBD II),933.0,10000000000001011010000000000001,0.0,0.0,255.0,32785.0,100,01101010110100000000000000000000,13.57,38.8235294117647,10.980392156862745,21.176470588235293,25.098039215686274,12.156862745098039,14.509803921568627
1738912308.9981742,<obd.OBDResponse.Status object at 0x7f06b0294150>,"('Open loop due to engine load OR fuel cut due to deceleration', '')",61.1764705882353,91,0.0,8.59375,71,1253.5,39.0,10.5,47,22.352941176470587,"((), (False, False, False, False), (False, False, True, True))",0.875,0.155,India OBD II (IOBD II),936.0,10000000000001011010000000000001,0.0,0.0,255.0,32785.0,100,01101010110100000000000000000000,13.688,57.64705882352941,15.294117647058824,25.88235294117647,29.019607843137255,14.117647058823529,20.0
1738912311.5480728,<obd.OBDResponse.Status object at 0x7f06b0165710>,"('Open loop due to engine load OR fuel cut due to deceleration', '')",80.7843137254902,90,-1.5625,8.59375,90,1326.0,42.0,3.0,46,28.235294117647058,"((), (False, False, False, False), (False, False, True, True))",0.155,0.79,India OBD II (IOBD II),939.0,10000000000001011010000000000001,0.0,0.0,255.0,32785.0,100,01101010110100000000000000000000,13.829,63.92156862745098,17.647058823529413,28.235294117647058,29.41176470588235,14.509803921568627,23.137254901960784
1738912314.0978127,<obd.OBDResponse.Status object at 0x7f06b004cd10>,"('Closed loop, using oxygen sensor feedback to determine fuel mix', '')",73.33333333333333,90,-3.90625,8.59375,80,1453.5,45.0,9.5,46,25.098039215686274,"((), (False, False, False, False), (False, False, True, True))",0.085,0.79,India OBD II (IOBD II),941.0,10000000000001011010000000000001,0.0,6.2745098039215685,255.0,32785.0,100,01101010110100000000000000000000,13.876,56.470588235294116,14.901960784313726,25.098039215686274,30.19607843137255,14.901960784313726,19.215686274509803
1738912316.648057,<obd.OBDResponse.Status object at 0x7f06b07536d0>,"('Closed loop, using oxygen sensor feedback to determine fuel mix', '')",54.11764705882353,90,-3.90625,8.59375,65,1520.5,48.0,15.0,46,23.92156862745098,"((), (False, False, False, False), (False, False, True, True))",0.105,0.79,India OBD II (IOBD II),944.0,10000000000001011010000000000001,0.0,10.980392156862745,255.0,32785.0,100,01101010110100000000000000000000,13.758000000000001,52.15686274509804,14.509803921568627,24.705882352941178,29.80392156862745,14.509803921568627,18.823529411764707
1738912319.2096393,<obd.OBDResponse.Status object at 0x7f06b076f390>,"('Closed loop, using oxygen sensor feedback to determine fuel mix', '')",27.45098039215686,90,-0.78125,10.15625,39,1546.5,49.0,24.0,46,19.607843137254903,"((), (False, False, False, False), (False, False, True, True))",0.1,0.78,India OBD II (IOBD II),946.0,10000000000001011010000000000001,0.0,4.313725490196078,255.0,32785.0,100,01101010110100000000000000000000,13.853,36.07843137254902,10.588235294117647,21.96078431372549,24.705882352941178,12.156862745098039,15.686274509803921
1738912321.747925,<obd.OBDResponse.Status object at 0x7f06aff2f810>,"('Closed loop, using oxygen sensor feedback to determine fuel mix', '')",57.254901960784316,90,0.78125,8.59375,63,1604.5,50.0,15.5,46,22.745098039215687,"((), (False, False, False, False), (False, False, True, True))",0.265,0.78,India OBD II (IOBD II),949.0,10000000000001011010000000000001,0.0,0.0,255.0,32785.0,100,01101010110100000000000000000000,13.735,45.09803921568627,12.941176470588236,23.137254901960784,25.49019607843137,12.549019607843137,16.470588235294116
1738912324.2973897,<obd.OBDResponse.Status object at 0x7f06aff0e490>,"('Closed loop, using oxygen sensor feedback to determine fuel mix', '')",56.07843137254902,90,0.78125,8.59375,63,1662.0,52.0,16.5,46,23.137254901960784,"((), (False, False, False, False), (False, False, True, True))",0.225,0.78,India OBD II (IOBD II),951.0,10000000000001011010000000000001,0.0,0.0,255.0,32785.0,100,01101010110100000000000000000000,13.64,46.27450980392157,13.333333333333334,23.529411764705884,25.88235294117647,12.549019607843137,17.254901960784313
1738912326.8413882,<obd.OBDResponse.Status object at 0x7f06b0098550>,"('Closed loop, using oxygen sensor feedback to determine fuel mix', '')",61.96078431372549,90,-1.5625,8.59375,70,1742.0,55.0,15.5,46,24.705882352941178,"((), (False, False, False, False), (False, False, True, True))",0.12,0.77,India OBD II (IOBD II),954.0,10000000000001011010000000000001,0.0,0.0,255.0,32785.0,100,01101010110100000000000000000000,13.688,50.588235294117645,14.901960784313726,25.098039215686274,27.45098039215686,13.72549019607843,19.215686274509803
1738912329.3972926,<obd.OBDResponse.Status object at 0x7f06b079b910>,"('Closed loop, using oxygen sensor feedback to determine fuel mix', '')",18.823529411764707,89,-1.5625,10.9375,25,1831.5,58.0,13.5,45,16.862745098039216,"((), (False, False, False, False), (False, False, True, True))",0.665,0.76,India OBD II (IOBD II),956.0,10000000000001011010000000000001,0.0,0.0,255.0,32785.0,100,01101010110100000000000000000000,13.829,14.509803921568627,6.666666666666667,18.823529411764707,22.352941176470587,10.980392156862745,10.980392156862745
1738912331.9470334,<obd.OBDResponse.Status object at 0x7f06b00fc3d0>,"('Open loop due to engine load OR fuel cut due to deceleration', '')",19.607843137254903,89,0.0,10.15625,29,1882.5,58.0,-2.5,45,18.03921568627451,"((), (False, False, False, False), (False, False, True, True))",0.03,0.755,India OBD II (IOBD II),959.0,10000000000001011010000000000001,0.0,0.0,255.0,32785.0,100,01101010110100000000000000000000,13.805,14.117647058823529,6.666666666666667,16.862745098039216,14.901960784313726,7.450980392156863,8.627450980392156
1738912334.4972763,<obd.OBDResponse.Status object at 0x7f06aff3d010>,"('Open loop due to engine load OR fuel cut due to deceleration', '')",17.254901960784313,88,0.0,10.9375,24,1769.0,55.0,-19.0,45,16.470588235294116,"((), (False, False, False, False), (False, False, True, True))",0.015,0.0,India OBD II (IOBD II),962.0,10000000000001011010000000000001,0.0,0.0,255.0,32785.0,100,01101010110100000000000000000000,13.711,13.72549019607843,6.2745098039215685,16.470588235294116,14.901960784313726,7.450980392156863,8.235294117647058
1738912337.0468419,<obd.OBDResponse.Status object at 0x7f06b0791690>,"('Open loop due to engine load OR fuel cut due to deceleration', '')",16.470588235294116,87,0.0,11.71875,23,1591.5,49.0,-16.5,45,16.07843137254902,"((), (False, False, False, False), (False, False, True, True))",0.01,0.0,India OBD II (IOBD II),964.0,10000000000001011010000000000001,0.0,0.0,255.0,32785.0,100,01101010110100000000000000000000,13.688,13.333333333333334,5.882352941176471,16.07843137254902,14.901960784313726,7.450980392156863,7.8431372549019605
1738912339.596931,<obd.OBDResponse.Status object at 0x7f06aff2c3d0>,"('Open loop due to engine load OR fuel cut due to deceleration', '')",16.07843137254902,87,0.0,12.5,23,1444.5,45.0,-19.5,45,15.686274509803921,"((), (False, False, False, False), (False, False, True, True))",0.01,0.0,India OBD II (IOBD II),967.0,10000000000001011010000000000001,0.0,0.0,255.0,32785.0,100,01101010110100000000000000000000,13.711,13.333333333333334,5.882352941176471,16.07843137254902,20.0,9.803921568627452,8.235294117647058
1738912342.152701,<obd.OBDResponse.Status object at 0x7f06aff222d0>,"('Open loop due to engine load OR fuel cut due to deceleration', '')",53.72549019607843,87,0.0,8.59375,64,1498.0,47.0,15.0,45,23.137254901960784,"((), (False, False, False, False), (False, False, True, True))",0.85,0.125,India OBD II (IOBD II),969.0,10000000000001011010000000000001,0.0,0.0,255.0,32785.0,100,01101010110100000000000000000000,13.758000000000001,54.11764705882353,14.901960784313726,25.098039215686274,31.372549019607842,15.686274509803921,19.607843137254903
1738912344.6966677,<obd.OBDResponse.Status object at 0x7f06b075f650>,"('Open loop due to engine load OR fuel cut due to deceleration', '')",27.84313725490196,87,0.0,10.15625,30,1673.5,54.0,-2.5,45,17.254901960784313,"((), (False, False, False, False), (False, False, True, True))",0.105,0.19,India OBD II (IOBD II),972.0,10000000000001011010000000000001,0.0,0.0,255.0,32785.0,100,01101010110100000000000000000000,13.805,14.509803921568627,6.666666666666667,16.862745098039216,20.0,9.803921568627452,8.627450980392156
1738912347.2464638,<obd.OBDResponse.Status object at 0x7f06b0753a90>,"('Open loop due to engine load OR fuel cut due to deceleration', '')",16.470588235294116,87,0.0,11.71875,23,1741.0,54.0,9.5,45,16.470588235294116,"((), (False, False, False, False), (False, False, True, True))",0.865,0.17,India OBD II (IOBD II),974.0,10000000000001011010000000000001,0.0,0.0,255.0,32785.0,100,01101010110100000000000000000000,13.853,13.333333333333334,6.666666666666667,16.862745098039216,20.0,9.411764705882353,8.627450980392156
1738912349.7962892,<obd.OBDResponse.Status object at 0x7f06aff2eb10>,"('Open loop due to engine load OR fuel cut due to deceleration', '')",36.07843137254902,87,0.0,8.59375,47,1769.0,55.0,12.0,45,21.176470588235293,"((), (False, False, False, False), (False, False, True, True))",0.815,0.175,India OBD II (IOBD II),977.0,10000000000001011010000000000001,0.0,0.0,255.0,32785.0,100,01101010110100000000000000000000,13.688,30.588235294117645,10.588235294117647,20.784313725490197,23.137254901960784,11.372549019607844,13.333333333333334
1738912352.3465834,<obd.OBDResponse.Status object at 0x7f06aff3aa10>,"('Open loop due to engine load OR fuel cut due to deceleration', '')",24.313725490196077,87,0.0,9.375,33,1803.5,57.0,31.5,45,19.215686274509803,"((), (False, False, False, False), (False, False, True, True))",0.795,0.18,India OBD II (IOBD II),979.0,10000000000001011010000000000001,0.0,0.0,255.0,32786.0,100,01101010110100000000000000000000,13.664,25.098039215686274,9.803921568627452,20.0,22.352941176470587,10.980392156862745,12.941176470588236
1738912354.89611,<obd.OBDResponse.Status object at 0x7f06b06e2a50>,"('Open loop due to engine load OR fuel cut due to deceleration', '')",19.607843137254903,88,0.0,10.15625,27,1834.5,56.0,33.5,45,17.647058823529413,"((), (False, False, False, False), (False, False, True, True))",0.055,0.115,India OBD II (IOBD II),982.0,10000000000001011010000000000001,0.0,0.0,255.0,32786.0,100,01101010110100000000000000000000,13.758000000000001,17.254901960784313,7.8431372549019605,18.03921568627451,20.0,9.411764705882353,10.196078431372548
1738912357.4459722,<obd.OBDResponse.Status object at 0x7f06b077a490>,"('Open loop due to engine load OR fuel cut due to deceleration', '')",26.274509803921568,90,0.0,9.375,35,1788.0,56.0,9.0,45,17.647058823529413,"((), (False, False, False, False), (False, False, True, True))",0.865,0.16,India OBD II (IOBD II),984.0,10000000000001011010000000000001,0.0,0.0,255.0,32786.0,100,01101010110100000000000000000000,13.829,18.431372549019606,8.235294117647058,18.431372549019606,22.352941176470587,10.980392156862745,10.980392156862745
1738912359.9961874,<obd.OBDResponse.Status object at 0x7f06aff22d50>,"('Open loop due to engine load OR fuel cut due to deceleration', '')",29.019607843137255,90,0.0,9.375,37,1790.0,56.0,28.5,45,19.215686274509803,"((), (False, False, False, False), (False, False, True, True))",0.82,0.17,India OBD II (IOBD II),987.0,10000000000001011010000000000001,0.0,0.0,255.0,32786.0,100,01101010110100000000000000000000,13.853,16.862745098039216,7.450980392156863,18.03921568627451,14.901960784313726,7.450980392156863,9.803921568627452
1738912362.545743,<obd.OBDResponse.Status object at 0x7f06aff31010>,"('Open loop due to engine load OR fuel cut due to deceleration', '')",17.647058823529413,90,0.0,10.9375,25,1739.0,55.0,-19.0,45,16.470588235294116,"((), (False, False, False, False), (False, False, True, True))",0.015,0.0,India OBD II (IOBD II),990.0,10000000000001011010000000000001,0.0,0.0,255.0,32786.0,100,01101010110100000000000000000000,13.735,14.117647058823529,7.0588235294117645,17.254901960784313,18.823529411764707,9.019607843137255,8.235294117647058
1738912365.0958173,<obd.OBDResponse.Status object at 0x7f06b072bd90>,"('Open loop due to engine load OR fuel cut due to deceleration', '')",21.176470588235293,91,0.0,10.15625,32,1722.5,54.0,4.5,45,18.823529411764707,"((), (False, False, False, False), (False, False, True, True))",0.815,0.1,India OBD II (IOBD II),992.0,10000000000001011010000000000001,0.0,0.0,255.0,32786.0,100,01101010110100000000000000000000,13.711,27.84313725490196,10.196078431372548,20.392156862745097,23.137254901960784,11.372549019607844,13.333333333333334
1738912367.6455278,<obd.OBDResponse.Status object at 0x7f06affb5cd0>,"('Open loop due to engine load OR fuel cut due to deceleration', '')",34.90196078431372,91,0.0,9.375,33,1727.0,55.0,-2.5,45,17.254901960784313,"((), (False, False, False, False), (False, False, True, True))",0.91,0.14,India OBD II (IOBD II),995.0,10000000000001011010000000000001,0.0,0.0,255.0,32786.0,100,01101010110100000000000000000000,13.735,16.470588235294116,7.450980392156863,17.647058823529413,15.294117647058824,7.450980392156863,9.803921568627452
1738912370.1954508,<obd.OBDResponse.Status object at 0x7f06aff2d050>,"('Open loop due to engine load OR fuel cut due to deceleration', '')",45.09803921568628,90,0.0,8.59375,56,1733.0,54.0,18.0,45,22.352941176470587,"((), (False, False, False, False), (False, False, True, True))",0.855,0.135,India OBD II (IOBD II),997.0,10000000000001011010000000000001,0.0,0.0,255.0,32786.0,100,01101010110100000000000000000000,13.688,39.6078431372549,12.941176470588236,19.215686274509803,17.647058823529413,7.8431372549019605,11.764705882352942
1738912372.7453964,<obd.OBDResponse.Status object at 0x7f06b0760c50>,"('Open loop due to engine load OR fuel cut due to deceleration', '')",19.215686274509803,90,0.0,10.9375,25,1718.0,54.0,33.5,45,16.862745098039216,"((), (False, False, False, False), (False, False, True, True))",0.285,0.07,India OBD II (IOBD II),1000.0,10000000000001011010000000000001,0.0,0.0,255.0,32786.0,100,01101010110100000000000000000000,13.829,16.07843137254902,7.450980392156863,17.647058823529413,15.294117647058824,7.450980392156863,9.803921568627452
1738912375.2952533,<obd.OBDResponse.Status object at 0x7f06aff32890>,"('Open loop due to engine load OR fuel cut due to deceleration', '')",20.0,89,0.0,10.15625,34,1676.5,52.0,29.0,45,19.215686274509803,"((), (False, False, False, False), (False, False, True, True))",0.245,0.08,India OBD II (IOBD II),1002.0,10000000000001011010000000000001,0.0,0.0,255.0,32786.0,100,01101010110100000000000000000000,13.758000000000001,27.45098039215686,9.803921568627452,20.0,24.313725490196077,11.764705882352942,12.941176470588236
1738912377.8450778,<obd.OBDResponse.Status object at 0x7f06b02d8cd0>,"('Open loop due to engine load OR fuel cut due to deceleration', '')",45.88235294117647,88,0.0,8.59375,54,1674.5,52.0,18.0,45,21.96078431372549,"((), (False, False, False, False), (False, False, True, True))",0.85,0.145,India OBD II (IOBD II),1005.0,10000000000001011010000000000001,0.0,0.0,255.0,32786.0,100,01101010110100000000000000000000,13.853,40.78431372549019,12.549019607843137,22.745098039215687,27.45098039215686,13.72549019607843,16.07843137254902
1738912380.3951192,<obd.OBDResponse.Status object at 0x7f06affb7090>,"('Open loop due to engine load OR fuel cut due to deceleration', '')",74.11764705882354,87,0.0,7.8125,82,1718.0,54.0,3.0,45,28.235294117647058,"((), (False, False, False, False), (False, False, True, True))",0.885,0.215,India OBD II (IOBD II),1007.0,10000000000001011010000000000001,0.0,0.0,255.0,32786.0,100,01101010110100000000000000000000,13.664,61.17647058823529,17.647058823529413,27.84313725490196,29.80392156862745,14.509803921568627,22.745098039215687
1738912382.944961,<obd.OBDResponse.Status object at 0x7f06aff3ed90>,"('Closed loop, using oxygen sensor feedback to determine fuel mix', '')",74.50980392156863,87,3.125,7.8125,80,1742.5,54.0,10.5,45,27.058823529411764,"((), (False, False, False, False), (False, False, True, True))",0.845,0.36,India OBD II (IOBD II),1010.0,10000000000001011010000000000001,0.0,0.0,255.0,32786.0,100,01101010110100000000000000000000,13.758000000000001,59.6078431372549,17.254901960784313,27.45098039215686,29.80392156862745,14.901960784313726,22.352941176470587
1738912385.494905,<obd.OBDResponse.Status object at 0x7f06aff22550>,"('Closed loop, using oxygen sensor feedback to determine fuel mix', '')",74.50980392156863,87,-2.34375,7.8125,81,1726.5,54.0,10.5,45,27.45098039215686,"((), (False, False, False, False), (False, False, True, True))",0.13,0.745,India OBD II (IOBD II),1013.0,10000000000001011010000000000001,0.0,0.0,255.0,32786.0,100,01101010110100000000000000000000,13.64,60.0,17.254901960784313,27.45098039215686,29.80392156862745,14.901960784313726,22.352941176470587
1738912388.039066,<obd.OBDResponse.Status object at 0x7f06b075eb50>,"('Closed loop, using oxygen sensor feedback to determine fuel mix', '')",74.50980392156863,88,0.78125,7.8125,80,1735.0,54.0,-1.0,45,18.823529411764707,"((), (False, False, False, False), (False, False, True, True))",0.86,0.76,India OBD II (IOBD II),1015.0,10000000000001011010000000000001,0.0,0.0,255.0,32786.0,100,01101010110100000000000000000000,13.735,17.647058823529413,7.450980392156863,17.647058823529413,15.294117647058824,7.450980392156863,9.411764705882353
1738912390.6065717,<obd.OBDResponse.Status object at 0x7f06b00fce50>,"('Open loop due to engine load OR fuel cut due to deceleration', '')",17.254901960784313,88,0.0,11.71875,23,1600.5,50.0,-17.5,45,16.07843137254902,"((), (False, False, False, False), (False, False, True, True))",0.01,0.0,India OBD II (IOBD II),1018.0,10000000000001011010000000000001,0.0,0.0,255.0,32786.0,100,01101010110100000000000000000000,13.805,13.333333333333334,5.882352941176471,16.862745098039216,20.0,9.803921568627452,8.627450980392156
1738912393.1505632,<obd.OBDResponse.Status object at 0x7f06b004c250>,"('Open loop due to engine load OR fuel cut due to deceleration', '')",22.745098039215687,89,0.0,10.9375,29,1533.5,48.0,32.0,45,17.647058823529413,"((), (False, False, False, False), (False, False, True, True))",0.16,0.1,India OBD II (IOBD II),1020.0,10000000000001011010000000000001,0.0,0.0,255.0,32786.0,100,01101010110100000000000000000000,13.829,16.07843137254902,6.666666666666667,16.862745098039216,14.901960784313726,7.450980392156863,8.627450980392156
1738912395.7005477,<obd.OBDResponse.Status object at 0x7f06aff3b410>,"('Open loop due to engine load OR fuel cut due to deceleration', '')",16.862745098039216,89,0.0,12.5,24,1466.0,46.0,-19.5,45,16.07843137254902,"((), (False, False, False, False), (False, False, True, True))",0.025,0.0,India OBD II (IOBD II),1023.0,10000000000001011010000000000001,0.0,0.0,255.0,32786.0,100,01101010110100000000000000000000,13.688,13.72549019607843,5.882352941176471,16.07843137254902,18.823529411764707,9.019607843137255,8.235294117647058
1738912398.256408,<obd.OBDResponse.Status object at 0x7f06aff23d90>,"('Open loop due to engine load OR fuel cut due to deceleration', '')",22.745098039215687,90,0.0,10.9375,30,1425.5,44.0,32.0,45,16.862745098039216,"((), (False, False, False, False), (False, False, True, True))",0.26,0.095,India OBD II (IOBD II),1025.0,10000000000001011010000000000001,0.0,0.0,255.0,32786.0,100,01101010110100000000000000000000,13.735,15.686274509803921,6.666666666666667,16.862745098039216,14.901960784313726,7.450980392156863,8.235294117647058
1738912400.7882926,<obd.OBDResponse.Status object at 0x7f06b07422d0>,"('Open loop due to engine load OR fuel cut due to deceleration', '')",20.392156862745097,89,0.0,11.71875,27,1364.5,43.0,5.0,45,16.470588235294116,"((), (False, False, False, False), (False, False, True, True))",0.875,0.115,India OBD II (IOBD II),1028.0,10000000000001011010000000000001,0.0,0.0,255.0,32786.0,100,01101010110100000000000000000000,13.688,16.07843137254902,6.2745098039215685,16.470588235294116,15.294117647058824,7.450980392156863,8.235294117647058
1738912403.3379705,<obd.OBDResponse.Status object at 0x7f06aff0db90>,"('Open loop due to engine load OR fuel cut due to deceleration', '')",20.392156862745097,89,0.0,11.71875,26,1325.5,41.0,-24.0,45,15.294117647058824,"((), (False, False, False, False), (False, False, True, True))",0.025,0.1,India OBD II (IOBD II),1030.0,10000000000001011010000000000001,0.0,0.0,255.0,32786.0,100,01101010110100000000000000000000,13.805,15.686274509803921,6.2745098039215685,16.470588235294116,20.784313725490197,9.803921568627452,8.627450980392156
1738912405.8938577,<obd.OBDResponse.Status object at 0x7f06b009a7d0>,"('Open loop due to engine load OR fuel cut due to deceleration', '')",41.96078431372549,89,0.0,9.375,50,1333.5,42.0,19.5,45,19.607843137254903,"((), (False, False, False, False), (False, False, True, True))",0.875,0.125,India OBD II (IOBD II),1033.0,10000000000001011010000000000001,0.0,0.0,255.0,32786.0,100,01101010110100000000000000000000,13.64,40.3921568627451,11.372549019607844,21.568627450980394,27.058823529411764,13.333333333333334,15.294117647058824
1738912408.4439971,<obd.OBDResponse.Status object at 0x7f06afeb69d0>,"('Open loop due to engine load OR fuel cut due to deceleration', '')",67.84313725490196,89,0.0,8.59375,75,1458.0,45.0,11.0,45,24.313725490196077,"((), (False, False, False, False), (False, False, True, True))",0.87,0.215,India OBD II (IOBD II),1035.0,10000000000001011010000000000001,0.0,0.0,255.0,32786.0,100,01101010110100000000000000000000,13.758000000000001,54.509803921568626,14.509803921568627,24.705882352941178,30.19607843137255,14.901960784313726,18.823529411764707
1738912410.9936647,<obd.OBDResponse.Status object at 0x7f06aff3e210>,"('Closed loop, using oxygen sensor feedback to determine fuel mix', '')",69.01960784313725,89,1.5625,8.59375,74,1602.5,50.0,12.5,45,25.098039215686274,"((), (False, False, False, False), (False, False, True, True))",0.78,0.79,India OBD II (IOBD II),1038.0,10000000000001011010000000000001,0.0,0.0,255.0,32786.0,100,01101010110100000000000000000000,13.735,54.11764705882353,16.862745098039216,18.03921568627451,16.07843137254902,7.450980392156863,9.803921568627452
1738912413.5555203,<obd.OBDResponse.Status object at 0x7f06aff311d0>,"('Closed loop, using oxygen sensor feedback to determine fuel mix', '')",49.80392156862745,89,3.90625,8.59375,57,1657.5,52.0,4.5,45,21.568627450980394,"((), (False, False, False, False), (False, False, True, True))",0.83,0.78,India OBD II (IOBD II),1041.0,10000000000001011010000000000001,0.0,0.0,255.0,32786.0,100,01101010110100000000000000000000,13.805,18.823529411764707,7.450980392156863,17.647058823529413,21.96078431372549,10.588235294117647,12.549019607843137
1738912416.0935247,<obd.OBDResponse.Status object at 0x7f06b89f0850>,"('Closed loop, using oxygen sensor feedback to determine fuel mix', '')",52.15686274509804,89,0.78125,8.59375,60,1696.0,53.0,17.0,45,22.745098039215687,"((), (False, False, False, False), (False, False, True, True))",0.135,0.775,India OBD II (IOBD II),1043.0,10000000000001011010000000000001,0.0,0.0,255.0,32786.0,100,01101010110100000000000000000000,13.758000000000001,29.80392156862745,9.803921568627452,20.0,22.352941176470587,10.980392156862745,12.941176470588236
1738912418.637672,<obd.OBDResponse.Status object at 0x7f06b0730f10>,"('Closed loop, using oxygen sensor feedback to determine fuel mix', '')",49.01960784313726,90,4.6875,8.59375,58,1737.5,54.0,17.0,45,22.745098039215687,"((), (False, False, False, False), (False, False, True, True))",0.815,0.765,India OBD II (IOBD II),1046.0,10000000000001011010000000000001,0.0,0.0,255.0,32786.0,100,01101010110100000000000000000000,13.664,43.13725490196078,12.941176470588236,23.137254901960784,25.88235294117647,12.549019607843137,16.862745098039216
1738912421.1936514,<obd.OBDResponse.Status object at 0x7f06b075ead0>,"('Closed loop, using oxygen sensor feedback to determine fuel mix', '')",47.84313725490196,90,-0.78125,8.59375,56,1822.0,57.0,18.5,45,22.352941176470587,"((), (False, False, False, False), (False, False, True, True))",0.13,0.755,India OBD II (IOBD II),1048.0,10000000000001011010000000000001,0.0,0.0,255.0,32786.0,100,01101010110100000000000000000000,13.735,18.03921568627451,7.8431372549019605,18.03921568627451,15.294117647058824,7.450980392156863,10.196078431372548
1738912423.743189,<obd.OBDResponse.Status object at 0x7f06aff3b810>,"('Open loop due to engine load OR fuel cut due to deceleration', '')",20.0,90,0.0,10.15625,29,1805.5,57.0,33.0,45,18.03921568627451,"((), (False, False, False, False), (False, False, True, True))",0.66,0.09,India OBD II (IOBD II),1051.0,10000000000001011010000000000001,0.0,0.0,255.0,32787.0,100,01101010110100000000000000000000,13.735,18.823529411764707,8.235294117647058,18.431372549019606,22.352941176470587,10.588235294117647,10.980392156862745
1738912426.2871952,<obd.OBDResponse.Status object at 0x7f06b077b750>,"('Open loop due to engine load OR fuel cut due to deceleration', '')",20.784313725490197,90,0.0,10.15625,29,1854.0,58.0,24.5,45,19.215686274509803,"((), (False, False, False, False), (False, False, True, True))",0.87,0.13,India OBD II (IOBD II),1053.0,10000000000001011010000000000001,0.0,0.0,255.0,32787.0,100,01101010110100000000000000000000,13.711,29.80392156862745,10.588235294117647,21.176470588235293,22.352941176470587,10.980392156862745,13.333333333333334
1738912428.837455,<obd.OBDResponse.Status object at 0x7f06aff2edd0>,"('Open loop due to engine load OR fuel cut due to deceleration', '')",35.294117647058826,89,0.0,8.59375,43,1964.0,61.0,1.5,45,18.823529411764707,"((), (False, False, False, False), (False, False, True, True))",0.875,0.16,India OBD II (IOBD II),1056.0,10000000000001011010000000000001,0.0,0.0,255.0,32787.0,100,01101010110100000000000000000000,13.758000000000001,17.647058823529413,8.235294117647058,18.431372549019606,15.686274509803921,7.450980392156863,10.588235294117647
1738912431.386988,<obd.OBDResponse.Status object at 0x7f06b076e350>,"('Open loop due to engine load OR fuel cut due to deceleration', '')",19.215686274509803,89,0.0,10.15625,26,2004.0,63.0,3.5,45,17.254901960784313,"((), (False, False, False, False), (False, False, True, True))",0.765,0.095,India OBD II (IOBD II),1058.0,10000000000001011010000000000001,0.0,0.0,255.0,32787.0,100,01101010110100000000000000000000,13.711,18.03921568627451,8.627450980392156,17.647058823529413,15.294117647058824,7.450980392156863,9.411764705882353
1738912433.9430442,<obd.OBDResponse.Status object at 0x7f06b0760410>,"('Open loop due to engine load OR fuel cut due to deceleration', '')",16.470588235294116,88,0.0,10.9375,24,1998.0,63.0,-20.5,45,17.254901960784313,"((), (False, False, False, False), (False, False, True, True))",0.03,0.0,India OBD II (IOBD II),1061.0,10000000000001011010000000000001,0.0,0.0,255.0,32787.0,100,01101010110100000000000000000000,13.829,13.72549019607843,7.0588235294117645,17.254901960784313,15.686274509803921,7.450980392156863,9.019607843137255
1738912436.4928763,<obd.OBDResponse.Status object at 0x7f06b077ac90>,"('Open loop due to engine load OR fuel cut due to deceleration', '')",16.07843137254902,88,0.0,10.9375,23,2032.5,63.0,-20.5,45,17.254901960784313,"((), (False, False, False, False), (False, False, True, True))",0.025,0.0,India OBD II (IOBD II),1064.0,10000000000001011010000000000001,0.0,0.0,255.0,32787.0,100,01101010110100000000000000000000,13.876,13.333333333333334,7.0588235294117645,17.254901960784313,16.862745098039216,7.8431372549019605,9.019607843137255
1738912439.042531,<obd.OBDResponse.Status object at 0x7f06b6991150>,"('Open loop due to engine load OR fuel cut due to deceleration', '')",16.07843137254902,87,0.0,10.9375,23,2047.0,64.0,-20.5,45,17.254901960784313,"((), (False, False, False, False), (False, False, True, True))",0.02,0.0,India OBD II (IOBD II),1066.0,10000000000001011010000000000001,0.0,0.0,255.0,32787.0,100,01101010110100000000000000000000,13.829,13.333333333333334,7.0588235294117645,17.254901960784313,18.03921568627451,8.627450980392156,9.019607843137255
1738912441.592293,<obd.OBDResponse.Status object at 0x7f06b05f2a10>,"('Open loop due to engine load OR fuel cut due to deceleration', '')",15.294117647058824,87,0.0,10.9375,22,2005.5,63.0,12.5,45,17.254901960784313,"((), (False, False, False, False), (False, False, True, True))",0.095,0.08,India OBD II (IOBD II),1069.0,10000000000001011010000000000001,0.0,0.0,255.0,32787.0,100,01101010110100000000000000000000,13.758000000000001,16.07843137254902,8.235294117647058,19.215686274509803,20.0,9.411764705882353,11.764705882352942
1738912444.1421978,<obd.OBDResponse.Status object at 0x7f06b8972550>,"('Open loop due to engine load OR fuel cut due to deceleration', '')",31.372549019607842,87,3.125,9.375,42,1929.5,60.0,24.5,45,20.784313725490197,"((), (False, False, False, False), (False, False, True, True))",0.855,0.12,India OBD II (IOBD II),1071.0,10000000000001011010000000000001,0.0,0.0,255.0,32787.0,100,01101010110100000000000000000000,13.711,32.15686274509804,11.372549019607844,21.568627450980394,23.92156862745098,11.764705882352942,14.509803921568627
1738912446.6925018,<obd.OBDResponse.Status object at 0x7f06b1158b90>,"('Open loop due to engine load OR fuel cut due to deceleration', '')",45.490196078431374,87,0.0,8.59375,53,1858.5,58.0,19.5,45,22.352941176470587,"((), (False, False, False, False), (False, False, True, True))",0.825,0.16,India OBD II (IOBD II),1074.0,10000000000001011010000000000001,0.0,0.0,255.0,32787.0,100,01101010110100000000000000000000,13.735,38.8235294117647,12.549019607843137,22.745098039215687,25.098039215686274,12.156862745098039,16.07843137254902
1738912449.2421052,<obd.OBDResponse.Status object at 0x7f06aff2f450>,"('Closed loop, using oxygen sensor feedback to determine fuel mix', '')",50.588235294117645,87,4.6875,8.59375,59,1806.0,56.0,18.0,45,23.137254901960784,"((), (False, False, False, False), (False, False, True, True))",0.83,0.18,India OBD II (IOBD II),1076.0,10000000000001011010000000000001,0.0,0.0,255.0,32787.0,100,01101010110100000000000000000000,13.758000000000001,38.8235294117647,12.156862745098039,22.352941176470587,26.274509803921568,12.941176470588236,15.686274509803921
1738912451.7922826,<obd.OBDResponse.Status object at 0x7f06aff21810>,"('Closed loop, using oxygen sensor feedback to determine fuel mix', '')",48.23529411764706,88,2.34375,8.59375,40,1763.5,55.0,-5.5,45,16.862745098039216,"((), (False, False, False, False), (False, False, True, True))",0.89,0.19,India OBD II (IOBD II),1079.0,10000000000001011010000000000001,0.0,0.0,255.0,32787.0,100,01101010110100000000000000000000,13.829,16.07843137254902,7.450980392156863,16.862745098039216,19.607843137254903,9.411764705882353,8.627450980392156
1738912454.3419075,<obd.OBDResponse.Status object at 0x7f06afeb58d0>,"('Open loop due to engine load OR fuel cut due to deceleration', '')",21.568627450980394,89,0.0,10.15625,29,1678.5,52.0,33.0,45,17.647058823529413,"((), (False, False, False, False), (False, False, True, True))",0.88,0.195,India OBD II (IOBD II),1081.0,10000000000001011010000000000001,0.0,0.0,255.0,32787.0,100,01101010110100000000000000000000,13.853,18.431372549019606,7.8431372549019605,18.03921568627451,21.568627450980394,10.196078431372548,9.803921568627452
1738912456.891796,<obd.OBDResponse.Status object at 0x7f06aff21210>,"('Open loop due to engine load OR fuel cut due to deceleration', '')",56.470588235294116,90,0.0,8.59375,64,1645.5,51.0,15.5,44,22.745098039215687,"((), (False, False, False, False), (False, False, True, True))",0.86,0.25,India OBD II (IOBD II),1084.0,10000000000001011010000000000001,0.0,0.0,255.0,32787.0,100,01101010110100000000000000000000,13.735,44.31372549019608,12.549019607843137,22.745098039215687,14.901960784313726,7.450980392156863,10.980392156862745
1738912459.4416072,<obd.OBDResponse.Status object at 0x7f06aff2d610>,"('Open loop due to engine load OR fuel cut due to deceleration', '')",18.431372549019606,90,0.0,11.71875,24,1551.5,48.0,-19.0,44,16.07843137254902,"((), (False, False, False, False), (False, False, True, True))",0.005,0.015,India OBD II (IOBD II),1086.0,10000000000001011010000000000001,0.0,0.0,255.0,32787.0,100,01101010110100000000000000000000,13.711,13.72549019607843,6.2745098039215685,16.07843137254902,14.901960784313726,7.450980392156863,7.8431372549019605
1738912461.9915645,<obd.OBDResponse.Status object at 0x7f06b0783a50>,"('Open loop due to engine load OR fuel cut due to deceleration', '')",18.823529411764707,91,0.0,10.9375,27,1335.5,42.0,4.5,44,16.470588235294116,"((), (False, False, False, False), (False, False, True, True))",0.375,0.065,India OBD II (IOBD II),1089.0,10000000000001011010000000000001,0.0,0.0,255.0,32787.0,100,01101010110100000000000000000000,13.664,16.07843137254902,6.2745098039215685,16.07843137254902,14.901960784313726,7.450980392156863,7.8431372549019605
1738912464.5414424,<obd.OBDResponse.Status object at 0x7f06aff3e790>,"('Open loop due to engine load OR fuel cut due to deceleration', '')",21.176470588235293,91,0.0,13.28125,29,1022.5,34.0,-3.0,44,14.901960784313726,"((), (False, False, False, False), (False, False, True, True))",0.91,0.1,India OBD II (IOBD II),1092.0,10000000000001011010000000000001,0.0,0.0,255.0,32787.0,100,01101010110100000000000000000000,13.711,15.686274509803921,4.705882352941177,14.901960784313726,14.901960784313726,7.450980392156863,5.882352941176471
1738912467.0912082,<obd.OBDResponse.Status object at 0x7f06afeb6310>,"('Open loop due to engine load OR fuel cut due to deceleration', '')",20.392156862745097,90,0.0,14.0625,28,801.0,32.0,0.5,44,13.72549019607843,"((), (False, False, False, False), (False, False, True, True))",0.905,0.115,India OBD II (IOBD II),1094.0,10000000000001011010000000000001,0.0,0.0,255.0,32787.0,100,01101010110100000000000000000000,13.664,14.901960784313726,3.9215686274509802,14.117647058823529,14.901960784313726,7.450980392156863,5.098039215686274
1738912469.6412075,<obd.OBDResponse.Status object at 0x7f06aff30d90>,"('Open loop due to engine load OR fuel cut due to deceleration', '')",18.823529411764707,90,0.0,14.84375,27,786.0,22.0,6.5,44,13.72549019607843,"((), (False, False, False, False), (False, False, True, True))",0.895,0.13,India OBD II (IOBD II),1097.0,10000000000001011010000000000001,0.0,0.0,255.0,32787.0,100,01101010110100000000000000000000,13.735,14.509803921568627,3.5294117647058822,13.72549019607843,14.901960784313726,7.450980392156863,4.705882352941177
1738912472.1972268,<obd.OBDResponse.Status object at 0x7f06aff0eb50>,"('Open loop due to engine load OR fuel cut due to deceleration', '')",18.03921568627451,90,0.0,14.84375,26,795.5,19.0,7.5,44,13.72549019607843,"((), (False, False, False, False), (False, False, True, True))",0.89,0.14,India OBD II (IOBD II),1099.0,10000000000001011010000000000001,0.0,0.0,255.0,32787.0,100,01101010110100000000000000000000,13.805,16.470588235294116,4.705882352941177,15.294117647058824,14.901960784313726,7.450980392156863,6.2745098039215685
1738912474.741072,<obd.OBDResponse.Status object at 0x7f06aff3ba10>,"('Open loop due to engine load OR fuel cut due to deceleration', '')",27.84313725490196,90,0.0,12.5,35,816.5,15.0,3.5,45,14.901960784313726,"((), (False, False, False, False), (False, False, True, True))",0.865,0.155,India OBD II (IOBD II),1102.0,10000000000001011010000000000001,0.0,0.0,255.0,32787.0,100,01101010110100000000000000000000,13.57,19.607843137254903,5.098039215686274,15.294117647058824,14.901960784313726,7.450980392156863,6.2745098039215685
1738912477.2852066,<obd.OBDResponse.Status object at 0x7f06affb7090>,"('Closed loop, using oxygen sensor feedback to determine fuel mix', '')",25.88235294117647,90,-1.5625,12.5,34,816.0,14.0,7.5,45,14.901960784313726,"((), (False, False, False, False), (False, False, True, True))",0.795,0.78,India OBD II (IOBD II),1104.0,10000000000001011010000000000001,0.0,0.0,255.0,32787.0,100,01101010110100000000000000000000,13.64,20.392156862745097,4.705882352941177,15.294117647058824,14.901960784313726,7.450980392156863,6.2745098039215685
1738912479.8407254,<obd.OBDResponse.Status object at 0x7f06b02b7a50>,"('Closed loop, using oxygen sensor feedback to determine fuel mix', '')",25.88235294117647,90,-1.5625,12.5,34,801.0,9.0,7.5,45,14.901960784313726,"((), (False, False, False, False), (False, False, True, True))",0.08,0.81,India OBD II (IOBD II),1107.0,10000000000001011010000000000001,0.0,0.0,255.0,32787.0,100,01101010110100000000000000000000,13.593,37.254901960784316,9.803921568627452,20.0,25.88235294117647,12.549019607843137,12.549019607843137
1738912482.402677,<obd.OBDResponse.Status object at 0x7f06afeb6950>,"('Closed loop, using oxygen sensor feedback to determine fuel mix', '')",77.6470588235294,90,1.5625,8.59375,86,1311.0,16.0,6.0,45,26.666666666666668,"((), (False, False, False, False), (False, False, True, True))",0.59,0.81,India OBD II (IOBD II),1109.0,10000000000001011010000000000001,0.0,12.549019607843137,255.0,32787.0,100,01101010110100000000000000000000,13.758000000000001,63.529411764705884,17.254901960784313,27.84313725490196,29.41176470588235,14.509803921568627,22.745098039215687
1738912484.9404175,<obd.OBDResponse.Status object at 0x7f06b004c810>,"('Closed loop, using oxygen sensor feedback to determine fuel mix', '')",70.58823529411765,90,-0.78125,7.8125,74,2083.0,27.0,15.0,44,28.235294117647058,"((), (False, False, False, False), (False, False, True, True))",0.115,0.785,India OBD II (IOBD II),1112.0,10000000000001011010000000000001,0.0,8.627450980392156,255.0,32787.0,100,01101010110100000000000000000000,13.711,29.80392156862745,8.627450980392156,18.823529411764707,14.901960784313726,7.450980392156863,11.372549019607844
1738912487.4907625,<obd.OBDResponse.Status object at 0x7f06aff3d5d0>,"('Open loop due to engine load OR fuel cut due to deceleration', '')",21.96078431372549,88,0.0,11.71875,26,1266.5,25.0,22.5,44,18.431372549019606,"((), (False, False, False, False), (False, False, True, True))",0.54,0.085,India OBD II (IOBD II),1115.0,10000000000001011010000000000001,0.0,0.0,255.0,32787.0,100,01101010110100000000000000000000,13.805,43.92156862745098,12.549019607843137,23.137254901960784,29.80392156862745,14.901960784313726,17.254901960784313
1738912490.0401704,<obd.OBDResponse.Status object at 0x7f06aff2f7d0>,"('Open loop due to engine load OR fuel cut due to deceleration', '')",65.49019607843137,88,0.0,8.59375,71,1600.0,29.0,13.5,44,23.529411764705884,"((), (False, False, False, False), (False, False, True, True))",0.89,0.27,India OBD II (IOBD II),1117.0,10000000000001011010000000000001,0.0,0.0,255.0,32787.0,100,01101010110100000000000000000000,13.853,40.3921568627451,11.764705882352942,21.96078431372549,25.49019607843137,12.549019607843137,15.294117647058824
1738912492.5901601,<obd.OBDResponse.Status object at 0x7f06affb6150>,"('Closed loop, using oxygen sensor feedback to determine fuel mix', '')",55.68627450980392,87,-1.5625,8.59375,65,1735.0,31.0,15.5,44,23.529411764705884,"((), (False, False, False, False), (False, False, True, True))",0.08,0.765,India OBD II (IOBD II),1120.0,10000000000001011010000000000001,0.0,0.0,255.0,32787.0,100,01101010110100000000000000000000,13.758000000000001,49.80392156862745,14.509803921568627,25.098039215686274,27.45098039215686,13.72549019607843,19.215686274509803
1738912495.1402173,<obd.OBDResponse.Status object at 0x7f06aff3c810>,"('Closed loop, using oxygen sensor feedback to determine fuel mix', '')",63.13725490196079,87,-3.125,7.8125,70,1872.5,34.0,15.5,44,25.098039215686274,"((), (False, False, False, False), (False, False, True, True))",0.08,0.775,India OBD II (IOBD II),1122.0,10000000000001011010000000000001,0.0,0.0,255.0,32787.0,100,01101010110100000000000000000000,13.735,50.98039215686274,15.294117647058824,25.49019607843137,28.235294117647058,13.72549019607843,20.0
1738912497.6903598,<obd.OBDResponse.Status object at 0x7f06aff3bad0>,"('Open loop due to engine load OR fuel cut due to deceleration', '')",21.176470588235293,87,0.0,10.9375,28,1428.0,34.0,-6.0,44,16.470588235294116,"((), (False, False, False, False), (False, False, True, True))",0.875,0.76,India OBD II (IOBD II),1125.0,10000000000001011010000000000001,0.0,0.0,255.0,32787.0,100,01101010110100000000000000000000,13.805,17.254901960784313,5.882352941176471,16.07843137254902,17.254901960784313,9.411764705882353,7.8431372549019605
1738912500.2220247,<obd.OBDResponse.Status object at 0x7f06b075eb10>,"('Closed loop, using oxygen sensor feedback to determine fuel mix', '')",78.82352941176471,87,0.78125,8.59375,88,1380.0,33.0,3.5,44,27.84313725490196,"((), (False, False, False, False), (False, False, True, True))",0.7,0.765,India OBD II (IOBD II),1127.0,10000000000001011010000000000001,0.0,0.0,255.0,32787.0,100,01101010110100000000000000000000,13.758000000000001,66.66666666666667,19.215686274509803,28.627450980392158,32.15686274509804,15.686274509803921,23.92156862745098
1738912502.7600782,<obd.OBDResponse.Status object at 0x7f06b004c250>,"('Closed loop, using oxygen sensor feedback to determine fuel mix', '')",77.6470588235294,88,0.78125,7.8125,82,1589.5,39.0,9.0,43,27.058823529411764,"((), (False, False, False, False), (False, False, True, True))",0.765,0.775,India OBD II (IOBD II),1130.0,10000000000001011010000000000001,0.0,0.0,255.0,32787.0,100,01101010110100000000000000000000,13.711,60.0,16.862745098039216,27.058823529411764,31.764705882352942,15.686274509803921,21.568627450980394
1738912505.3096664,<obd.OBDResponse.Status object at 0x7f06aff3da10>,"('Closed loop, using oxygen sensor feedback to determine fuel mix', '')",24.313725490196077,89,0.0,10.15625,29,1825.5,43.0,11.0,43,17.647058823529413,"((), (False, False, False, False), (False, False, True, True))",0.04,0.77,India OBD II (IOBD II),1132.0,10000000000001011010000000000001,0.0,0.0,255.0,32787.0,100,01101010110100000000000000000000,13.805,15.686274509803921,7.450980392156863,17.647058823529413,19.215686274509803,9.019607843137255,8.627450980392156
1738912507.8595903,<obd.OBDResponse.Status object at 0x7f06b072ed90>,"('Closed loop, using oxygen sensor feedback to determine fuel mix', '')",34.11764705882353,90,1.5625,8.59375,41,1781.5,43.0,24.5,43,20.0,"((), (False, False, False, False), (False, False, True, True))",0.14,0.745,India OBD II (IOBD II),1135.0,10000000000001011010000000000001,0.0,0.0,255.0,32788.0,100,01101010110100000000000000000000,13.735,29.019607843137255,10.196078431372548,20.392156862745097,22.745098039215687,10.980392156862745,12.549019607843137
1738912510.4094746,<obd.OBDResponse.Status object at 0x7f06b077af50>,"('Closed loop, using oxygen sensor feedback to determine fuel mix', '')",33.333333333333336,90,-0.78125,8.59375,44,1816.0,43.0,22.5,43,20.784313725490197,"((), (False, False, False, False), (False, False, True, True))",0.1,0.645,India OBD II (IOBD II),1137.0,10000000000001011010000000000001,0.0,0.0,255.0,32788.0,100,01101010110100000000000000000000,13.711,43.529411764705884,13.72549019607843,24.705882352941178,27.84313725490196,13.72549019607843,18.431372549019606
1738912512.9592402,<obd.OBDResponse.Status object at 0x7f06aff3bc10>,"('Closed loop, using oxygen sensor feedback to determine fuel mix', '')",63.92156862745098,90,-3.125,7.8125,71,1968.0,47.0,16.5,43,25.49019607843137,"((), (False, False, False, False), (False, False, True, True))",0.125,0.69,India OBD II (IOBD II),1140.0,10000000000001011010000000000001,0.0,0.0,255.0,32788.0,100,01101010110100000000000000000000,13.711,50.98039215686274,15.686274509803921,25.88235294117647,27.45098039215686,12.549019607843137,20.392156862745097
1738912515.4911244,<obd.OBDResponse.Status object at 0x7f06b075dc10>,"('Closed loop, using oxygen sensor feedback to determine fuel mix', '')",17.647058823529413,90,0.78125,10.15625,26,2099.0,50.0,33.0,43,18.823529411764707,"((), (False, False, False, False), (False, False, True, True))",0.065,0.665,India OBD II (IOBD II),1143.0,10000000000001011010000000000001,0.0,0.0,255.0,32788.0,100,01101010110100000000000000000000,13.853,17.254901960784313,8.627450980392156,18.823529411764707,14.901960784313726,7.450980392156863,11.372549019607844
1738912518.0110013,<obd.OBDResponse.Status object at 0x7f06aff3a410>,"('Open loop due to engine load OR fuel cut due to deceleration', '')",16.862745098039216,90,0.0,10.15625,24,1976.5,47.0,-20.5,43,17.254901960784313,"((), (False, False, False, False), (False, False, True, True))",0.01,0.0,India OBD II (IOBD II),1145.0,10000000000001011010000000000001,0.0,0.0,255.0,32788.0,100,01101010110100000000000000000000,13.758000000000001,14.117647058823529,7.0588235294117645,18.03921568627451,20.784313725490197,10.196078431372548,10.588235294117647
1738912520.5550818,<obd.OBDResponse.Status object at 0x7f06aff2cc10>,"('Open loop due to engine load OR fuel cut due to deceleration', '')",39.21568627450981,90,0.0,8.59375,47,2036.0,49.0,21.0,43,21.96078431372549,"((), (False, False, False, False), (False, False, True, True))",0.865,0.115,India OBD II (IOBD II),1148.0,10000000000001011010000000000001,0.0,0.0,255.0,32788.0,100,01101010110100000000000000000000,13.805,34.509803921568626,12.549019607843137,22.745098039215687,26.274509803921568,12.941176470588236,16.07843137254902
1738912523.1109123,<obd.OBDResponse.Status object at 0x7f06aff3c590>,"('Open loop due to engine load OR fuel cut due to deceleration', '')",47.450980392156865,88,0.0,7.8125,56,2262.0,54.0,-4.0,43,24.705882352941178,"((), (False, False, False, False), (False, False, True, True))",0.87,0.16,India OBD II (IOBD II),1150.0,10000000000001011010000000000001,0.0,0.0,255.0,32788.0,100,01101010110100000000000000000000,13.711,39.6078431372549,14.117647058823529,24.313725490196077,26.274509803921568,12.941176470588236,18.03921568627451
1738912525.6487925,<obd.OBDResponse.Status object at 0x7f06afeb7690>,"('Open loop due to engine load OR fuel cut due to deceleration', '')",19.215686274509803,88,-0.78125,9.375,27,2433.0,58.0,0.5,43,19.607843137254903,"((), (False, False, False, False), (False, False, True, True))",0.07,0.78,India OBD II (IOBD II),1153.0,10000000000001011010000000000001,0.0,0.0,255.0,32788.0,100,01101010110100000000000000000000,13.711,15.686274509803921,8.235294117647058,18.431372549019606,14.901960784313726,7.450980392156863,10.588235294117647
1738912528.1806614,<obd.OBDResponse.Status object at 0x7f06b004e110>,"('Open loop due to engine load OR fuel cut due to deceleration', '')",23.529411764705884,87,0.0,12.5,32,995.0,58.0,3.5,43,15.294117647058824,"((), (False, False, False, False), (False, False, True, True))",0.875,0.07,India OBD II (IOBD II),1155.0,10000000000001011010000000000001,0.0,0.0,255.0,32788.0,100,01101010110100000000000000000000,13.711,15.686274509803921,7.8431372549019605,17.647058823529413,14.901960784313726,7.450980392156863,9.803921568627452
1738912530.7245903,<obd.OBDResponse.Status object at 0x7f06b1158490>,"('Open loop due to engine load OR fuel cut due to deceleration', '')",20.392156862745097,87,0.0,10.15625,27,1826.0,57.0,18.5,43,16.862745098039216,"((), (False, False, False, False), (False, False, True, True))",0.885,0.135,India OBD II (IOBD II),1158.0,10000000000001011010000000000001,0.0,0.0,255.0,32788.0,100,01101010110100000000000000000000,13.829,17.647058823529413,8.235294117647058,18.431372549019606,21.96078431372549,10.588235294117647,10.980392156862745
1738912533.298681,<obd.OBDResponse.Status object at 0x7f06b077b750>,"('Open loop due to engine load OR fuel cut due to deceleration', '')",24.705882352941178,88,0.0,9.375,32,1868.5,58.0,32.0,43,18.431372549019606,"((), (False, False, False, False), (False, False, True, True))",0.845,0.155,India OBD II (IOBD II),1160.0,10000000000001011010000000000001,0.0,0.0,255.0,32788.0,100,01101010110100000000000000000000,13.758000000000001,19.607843137254903,8.627450980392156,18.823529411764707,16.862745098039216,7.450980392156863,8.627450980392156
1738912535.9023306,<obd.OBDResponse.Status object at 0x7f06b0739c50>,"('Open loop due to engine load OR fuel cut due to deceleration', '')",17.254901960784313,88,0.0,10.9375,25,1863.5,58.0,-19.5,43,16.862745098039216,"((), (False, False, False, False), (False, False, True, True))",0.01,0.0,India OBD II (IOBD II),1163.0,10000000000001011010000000000001,0.0,0.0,255.0,32788.0,100,01101010110100000000000000000000,13.829,13.72549019607843,6.666666666666667,16.862745098039216,15.294117647058824,7.450980392156863,8.627450980392156
1738912538.4583893,<obd.OBDResponse.Status object at 0x7f06afff7e10>,"('Open loop due to engine load OR fuel cut due to deceleration', '')",16.470588235294116,88,0.0,10.9375,24,1842.0,58.0,-19.0,43,16.470588235294116,"((), (False, False, False, False), (False, False, True, True))",0.01,0.0,India OBD II (IOBD II),1166.0,10000000000001011010000000000001,0.0,0.0,255.0,32788.0,100,01101010110100000000000000000000,13.853,13.333333333333334,6.666666666666667,16.862745098039216,15.686274509803921,7.450980392156863,8.627450980392156
1738912541.0081692,<obd.OBDResponse.Status object at 0x7f06aff0d8d0>,"('Open loop due to engine load OR fuel cut due to deceleration', '')",16.470588235294116,88,0.0,10.9375,24,1787.5,56.0,-19.0,43,16.470588235294116,"((), (False, False, False, False), (False, False, True, True))",0.01,0.0,India OBD II (IOBD II),1168.0,10000000000001011010000000000001,0.0,0.0,255.0,32788.0,100,01101010110100000000000000000000,13.711,13.333333333333334,6.2745098039215685,16.470588235294116,16.862745098039216,8.235294117647058,8.235294117647058
1738912543.5582445,<obd.OBDResponse.Status object at 0x7f06b88b7210>,"('Open loop due to engine load OR fuel cut due to deceleration', '')",16.470588235294116,87,0.0,11.71875,23,1724.5,54.0,-18.0,43,16.470588235294116,"((), (False, False, False, False), (False, False, True, True))",0.01,0.0,India OBD II (IOBD II),1171.0,10000000000001011010000000000001,0.0,0.0,255.0,32788.0,100,01101010110100000000000000000000,13.688,13.333333333333334,6.2745098039215685,16.470588235294116,18.823529411764707,9.019607843137255,9.019607843137255
1738912546.0901694,<obd.OBDResponse.Status object at 0x7f06b00fd590>,"('Open loop due to engine load OR fuel cut due to deceleration', '')",18.823529411764707,87,0.0,10.9375,27,1708.0,53.0,0.0,43,16.862745098039216,"((), (False, False, False, False), (False, False, True, True))",0.06,0.005,India OBD II (IOBD II),1173.0,10000000000001011010000000000001,0.0,0.0,255.0,32788.0,100,01101010110100000000000000000000,13.829,13.72549019607843,6.2745098039215685,16.470588235294116,16.470588235294116,7.8431372549019605,8.235294117647058
1738912548.628142,<obd.OBDResponse.Status object at 0x7f06b0728250>,"('Open loop due to engine load OR fuel cut due to deceleration', '')",16.07843137254902,87,0.0,11.71875,23,1691.0,53.0,11.0,43,16.470588235294116,"((), (False, False, False, False), (False, False, True, True))",0.17,0.07,India OBD II (IOBD II),1176.0,10000000000001011010000000000001,0.0,0.0,255.0,32788.0,100,01101010110100000000000000000000,13.853,15.294117647058822,7.0588235294117645,17.647058823529413,14.901960784313726,7.450980392156863,9.411764705882353
1738912551.1778862,<obd.OBDResponse.Status object at 0x7f06aff3b390>,"('Open loop due to engine load OR fuel cut due to deceleration', '')",16.862745098039216,87,0.0,11.71875,24,1686.0,53.0,-18.0,43,16.07843137254902,"((), (False, False, False, False), (False, False, True, True))",0.04,0.0,India OBD II (IOBD II),1178.0,10000000000001011010000000000001,0.0,0.0,255.0,32788.0,100,01101010110100000000000000000000,13.805,13.333333333333334,6.2745098039215685,17.254901960784313,20.784313725490197,10.196078431372548,9.411764705882353
1738912553.7275724,<obd.OBDResponse.Status object at 0x7f06aff2e2d0>,"('Open loop due to engine load OR fuel cut due to deceleration', '')",19.215686274509803,87,0.0,10.9375,25,1694.0,53.0,9.0,43,17.254901960784313,"((), (False, False, False, False), (False, False, True, True))",0.095,0.115,India OBD II (IOBD II),1181.0,10000000000001011010000000000001,0.0,0.0,255.0,32788.0,101,01101010110100000000000000000000,13.758000000000001,14.901960784313726,6.666666666666667,16.862745098039216,18.431372549019606,9.019607843137255,8.235294117647058
1738912556.277809,<obd.OBDResponse.Status object at 0x7f06aff22a90>,"('Open loop due to engine load OR fuel cut due to deceleration', '')",23.92156862745098,87,0.0,10.15625,32,1662.5,52.0,31.5,43,18.823529411764707,"((), (False, False, False, False), (False, False, True, True))",0.205,0.11,India OBD II (IOBD II),1183.0,10000000000001011010000000000001,0.0,0.0,255.0,32788.0,101,01101010110100000000000000000000,13.805,23.92156862745098,9.411764705882353,19.607843137254903,21.96078431372549,10.588235294117647,12.156862745098039
1738912558.8273957,<obd.OBDResponse.Status object at 0x7f06afeb5110>,"('Open loop due to engine load OR fuel cut due to deceleration', '')",36.07843137254902,87,0.0,9.375,43,1667.0,52.0,23.0,43,20.0,"((), (False, False, False, False), (False, False, True, True))",0.835,0.145,India OBD II (IOBD II),1186.0,10000000000001011010000000000001,0.0,0.0,255.0,32788.0,100,01101010110100000000000000000000,13.758000000000001,31.764705882352942,10.588235294117647,20.784313725490197,23.529411764705884,11.372549019607844,13.72549019607843
1738912561.347175,<obd.OBDResponse.Status object at 0x7f06aff3cd50>,"('Open loop due to engine load OR fuel cut due to deceleration', '')",41.96078431372549,87,0.0,8.59375,47,1666.5,52.0,19.5,43,20.392156862745097,"((), (False, False, False, False), (False, False, True, True))",0.87,0.17,India OBD II (IOBD II),1188.0,10000000000001011010000000000001,0.0,0.0,255.0,32788.0,101,01101010110100000000000000000000,13.853,32.15686274509804,10.588235294117647,20.784313725490197,24.313725490196077,11.764705882352942,13.333333333333334
1738912563.897195,<obd.OBDResponse.Status object at 0x7f06afeb7790>,"('Closed loop, using oxygen sensor feedback to determine fuel mix', '')",49.411764705882355,88,3.125,8.59375,58,1705.0,53.0,17.0,43,22.745098039215687,"((), (False, False, False, False), (False, False, True, True))",0.795,0.18,India OBD II (IOBD II),1191.0,10000000000001011010000000000001,0.0,0.0,255.0,32788.0,101,01101010110100000000000000000000,13.876,31.764705882352942,9.019607843137255,19.215686274509803,22.745098039215687,10.980392156862745,11.764705882352942
1738912566.4472208,<obd.OBDResponse.Status object at 0x7f06aff336d0>,"('Closed loop, using oxygen sensor feedback to determine fuel mix', '')",29.019607843137255,89,3.90625,9.375,39,1718.5,54.0,27.0,43,19.607843137254903,"((), (False, False, False, False), (False, False, True, True))",0.34,0.175,India OBD II (IOBD II),1193.0,10000000000001011010000000000001,0.0,0.0,255.0,32788.0,100,01101010110100000000000000000000,13.805,30.980392156862745,10.588235294117647,20.784313725490197,24.705882352941178,12.156862745098039,13.72549019607843
1738912568.9798303,<obd.OBDResponse.Status object at 0x7f06b002d090>,"('Closed loop, using oxygen sensor feedback to determine fuel mix', '')",42.745098039215684,90,2.34375,8.59375,50,1758.5,55.0,19.5,43,21.176470588235293,"((), (False, False, False, False), (False, False, True, True))",0.83,0.185,India OBD II (IOBD II),1196.0,10000000000001011010000000000001,0.0,4.313725490196078,255.0,32788.0,101,01101010110100000000000000000000,13.853,35.294117647058826,11.372549019607844,21.568627450980394,25.49019607843137,12.549019607843137,14.901960784313726
1738912571.5291567,<obd.OBDResponse.Status object at 0x7f06aff2c450>,"('Closed loop, using oxygen sensor feedback to determine fuel mix', '')",40.0,90,1.5625,8.59375,50,1780.5,56.0,18.5,43,21.568627450980394,"((), (False, False, False, False), (False, False, True, True))",0.85,0.19,India OBD II (IOBD II),1199.0,10000000000001011010000000000001,0.0,9.019607843137255,255.0,32788.0,101,01101010110100000000000000000000,13.758000000000001,39.21568627450981,12.549019607843137,22.745098039215687,25.49019607843137,12.549019607843137,16.07843137254902
1738912574.078916,<obd.OBDResponse.Status object at 0x7f06b002dd10>,"('Closed loop, using oxygen sensor feedback to determine fuel mix', '')",29.41176470588235,91,-0.78125,9.375,41,1767.0,55.0,22.5,42,20.784313725490197,"((), (False, False, False, False), (False, False, True, True))",0.095,0.71,India OBD II (IOBD II),1201.0,10000000000001011010000000000001,0.0,0.0,255.0,32788.0,101,01101010110100000000000000000000,13.758000000000001,33.333333333333336,10.980392156862745,21.176470588235293,23.92156862745098,11.764705882352942,14.509803921568627
1738912576.6166751,<obd.OBDResponse.Status object at 0x7f06aff0f0d0>,"('Closed loop, using oxygen sensor feedback to determine fuel mix', '')",32.549019607843135,91,0.78125,9.375,33,1737.0,55.0,4.5,42,17.647058823529413,"((), (False, False, False, False), (False, False, True, True))",0.885,0.76,India OBD II (IOBD II),1204.0,10000000000001011010000000000001,0.0,0.0,255.0,32789.0,101,01101010110100000000000000000000,13.829,16.862745098039216,7.450980392156863,17.647058823529413,20.392156862745097,9.803921568627452,10.196078431372548
1738912579.166688,<obd.OBDResponse.Status object at 0x7f06b004e490>,"('Open loop due to engine load OR fuel cut due to deceleration', '')",19.215686274509803,90,0.0,10.9375,25,1754.5,53.0,21.5,42,16.470588235294116,"((), (False, False, False, False), (False, False, True, True))",0.065,0.765,India OBD II (IOBD II),1206.0,10000000000001011010000000000001,0.0,0.0,255.0,32789.0,101,01101010110100000000000000000000,13.805,32.15686274509804,10.588235294117647,20.784313725490197,25.098039215686274,12.156862745098039,14.117647058823529
1738912581.7165372,<obd.OBDResponse.Status object at 0x7f06aff38a90>,"('Closed loop, using oxygen sensor feedback to determine fuel mix', '')",30.58823529411765,90,-0.78125,9.375,42,1693.0,53.0,18.5,42,21.176470588235293,"((), (False, False, False, False), (False, False, True, True))",0.115,0.745,India OBD II (IOBD II),1209.0,10000000000001011010000000000001,0.0,0.0,255.0,32789.0,101,01101010110100000000000000000000,13.853,38.431372549019606,12.156862745098039,22.352941176470587,26.666666666666668,13.333333333333334,16.07843137254902
1738912584.2663293,<obd.OBDResponse.Status object at 0x7f06aff3f290>,"('Closed loop, using oxygen sensor feedback to determine fuel mix', '')",50.588235294117645,89,2.34375,8.59375,59,1782.5,56.0,17.0,42,22.745098039215687,"((), (False, False, False, False), (False, False, True, True))",0.78,0.73,India OBD II (IOBD II),1211.0,10000000000001011010000000000001,0.0,4.705882352941177,255.0,32789.0,101,01101010110100000000000000000000,13.876,41.1764705882353,12.549019607843137,22.745098039215687,27.058823529411764,13.333333333333334,16.470588235294116
1738912586.8162143,<obd.OBDResponse.Status object at 0x7f06aff2fd90>,"('Closed loop, using oxygen sensor feedback to determine fuel mix', '')",62.35294117647059,88,1.5625,8.59375,68,1874.0,58.0,16.5,42,24.313725490196077,"((), (False, False, False, False), (False, False, True, True))",0.82,0.725,India OBD II (IOBD II),1214.0,10000000000001011010000000000001,0.0,7.8431372549019605,255.0,32789.0,101,01101010110100000000000000000000,13.688,36.470588235294116,11.372549019607844,21.568627450980394,23.92156862745098,11.372549019607844,14.901960784313726
1738912589.3663201,<obd.OBDResponse.Status object at 0x7f06b076f810>,"('Closed loop, using oxygen sensor feedback to determine fuel mix', '')",23.137254901960784,87,-3.90625,10.15625,35,1861.0,58.0,25.5,42,20.0,"((), (False, False, False, False), (False, False, True, True))",0.075,0.715,India OBD II (IOBD II),1216.0,10000000000001011010000000000001,0.0,7.0588235294117645,255.0,32789.0,101,01101010110100000000000000000000,13.711,34.11764705882353,11.764705882352942,21.96078431372549,24.705882352941178,12.156862745098039,15.294117647058824
1738912591.9158418,<obd.OBDResponse.Status object at 0x7f06aff30c90>,"('Closed loop, using oxygen sensor feedback to determine fuel mix', '')",48.627450980392155,87,-4.6875,8.59375,57,1880.0,59.0,18.5,42,22.745098039215687,"((), (False, False, False, False), (False, False, True, True))",0.09,0.715,India OBD II (IOBD II),1219.0,10000000000001011010000000000001,0.0,5.882352941176471,255.0,32789.0,101,01101010110100000000000000000000,13.758000000000001,38.8235294117647,12.549019607843137,22.745098039215687,24.705882352941178,12.156862745098039,16.07843137254902
1738912594.4657648,<obd.OBDResponse.Status object at 0x7f06aff30190>,"('Closed loop, using oxygen sensor feedback to determine fuel mix', '')",16.862745098039216,87,-0.78125,10.9375,24,1914.5,60.0,12.5,42,16.862745098039216,"((), (False, False, False, False), (False, False, True, True))",0.775,0.7,India OBD II (IOBD II),1222.0,10000000000001011010000000000001,0.0,2.7450980392156863,255.0,32789.0,101,01101010110100000000000000000000,13.758000000000001,13.333333333333334,6.666666666666667,16.862745098039216,19.607843137254903,9.411764705882353,9.019607843137255
1738912597.0156322,<obd.OBDResponse.Status object at 0x7f06b09c9350>,"('Closed loop, using oxygen sensor feedback to determine fuel mix', '')",16.07843137254902,87,-3.125,10.9375,24,1856.5,58.0,13.5,42,16.862745098039216,"((), (False, False, False, False), (False, False, True, True))",0.775,0.695,India OBD II (IOBD II),1224.0,10000000000001011010000000000001,0.0,3.9215686274509802,255.0,32789.0,101,01101010110100000000000000000000,13.853,13.333333333333334,6.666666666666667,16.862745098039216,19.607843137254903,9.411764705882353,8.627450980392156
1738912599.5658293,<obd.OBDResponse.Status object at 0x7f06b7d77b90>,"('Closed loop, using oxygen sensor feedback to determine fuel mix', '')",16.07843137254902,87,-4.6875,10.9375,24,1804.0,56.0,24.5,42,16.470588235294116,"((), (False, False, False, False), (False, False, True, True))",0.09,0.695,India OBD II (IOBD II),1227.0,10000000000001011010000000000001,0.0,4.705882352941177,255.0,32789.0,101,01101010110100000000000000000000,13.876,14.509803921568627,7.0588235294117645,17.254901960784313,20.784313725490197,9.803921568627452,9.019607843137255
1738912602.1397135,<obd.OBDResponse.Status object at 0x7f06aff32b90>,"('Closed loop, using oxygen sensor feedback to determine fuel mix', '')",19.215686274509803,88,0.0,10.9375,27,1763.5,55.0,0.0,42,17.647058823529413,"((), (False, False, False, False), (False, False, True, True))",0.04,0.695,India OBD II (IOBD II),1229.0,10000000000001011010000000000001,0.0,0.0,255.0,32789.0,101,01101010110100000000000000000000,13.711,14.901960784313726,6.666666666666667,16.862745098039216,15.294117647058824,7.450980392156863,8.235294117647058
1738912604.6953948,<obd.OBDResponse.Status object at 0x7f06afeb4890>,"('Open loop due to engine load OR fuel cut due to deceleration', '')",22.352941176470587,89,0.0,10.15625,31,1676.0,52.0,32.0,42,18.03921568627451,"((), (False, False, False, False), (False, False, True, True))",0.41,0.09,India OBD II (IOBD II),1232.0,10000000000001011010000000000001,0.0,0.0,255.0,32789.0,101,01101010110100000000000000000000,13.735,21.96078431372549,9.019607843137255,19.215686274509803,21.568627450980394,10.588235294117647,11.764705882352942
1738912607.2453976,<obd.OBDResponse.Status object at 0x7f06aff3d7d0>,"('Open loop due to engine load OR fuel cut due to deceleration', '')",32.549019607843135,90,0.0,9.375,40,1657.5,52.0,25.5,42,19.607843137254903,"((), (False, False, False, False), (False, False, True, True))",0.84,0.125,India OBD II (IOBD II),1234.0,10000000000001011010000000000001,0.0,0.0,255.0,32789.0,101,01101010110100000000000000000000,13.758000000000001,29.019607843137255,9.803921568627452,20.0,22.745098039215687,10.980392156862745,12.549019607843137
1738912609.795275,<obd.OBDResponse.Status object at 0x7f06b076d510>,"('Open loop due to engine load OR fuel cut due to deceleration', '')",30.58823529411765,90,0.0,9.375,37,1675.5,52.0,28.5,42,18.823529411764707,"((), (False, False, False, False), (False, False, True, True))",0.86,0.145,India OBD II (IOBD II),1237.0,10000000000001011010000000000001,0.0,0.0,255.0,32789.0,101,01101010110100000000000000000000,13.758000000000001,24.705882352941178,9.019607843137255,19.215686274509803,23.137254901960784,11.372549019607844,11.764705882352942
1738912612.3453689,<obd.OBDResponse.Status object at 0x7f06aff21610>,"('Open loop due to engine load OR fuel cut due to deceleration', '')",30.58823529411765,90,0.0,9.375,37,1673.0,52.0,27.5,42,19.215686274509803,"((), (False, False, False, False), (False, False, True, True))",0.85,0.165,India OBD II (IOBD II),1239.0,10000000000001011010000000000001,0.0,0.0,255.0,32789.0,101,01101010110100000000000000000000,13.758000000000001,16.470588235294116,7.0588235294117645,17.254901960784313,14.901960784313726,7.450980392156863,9.019607843137255
1738912614.8954175,<obd.OBDResponse.Status object at 0x7f06aff38210>,"('Open loop due to engine load OR fuel cut due to deceleration', '')",16.862745098039216,90,0.0,11.71875,23,1602.0,50.0,-17.5,42,16.07843137254902,"((), (False, False, False, False), (False, False, True, True))",0.02,0.0,India OBD II (IOBD II),1242.0,10000000000001011010000000000001,0.0,0.0,255.0,32789.0,101,01101010110100000000000000000000,13.853,13.72549019607843,5.882352941176471,16.07843137254902,17.647058823529413,8.627450980392156,7.8431372549019605
1738912617.444719,<obd.OBDResponse.Status object at 0x7f06afeb6510>,"('Open loop due to engine load OR fuel cut due to deceleration', '')",30.980392156862745,90,0.0,10.15625,43,1557.0,49.0,6.0,42,20.784313725490197,"((), (False, False, False, False), (False, False, True, True))",0.355,0.105,India OBD II (IOBD II),1244.0,10000000000001011010000000000001,0.0,0.0,255.0,32789.0,101,01101010110100000000000000000000,13.593,36.07843137254902,10.588235294117647,20.784313725490197,23.529411764705884,11.372549019607844,13.333333333333334
1738912619.9950004,<obd.OBDResponse.Status object at 0x7f06b0167610>,"('Open loop due to engine load OR fuel cut due to deceleration', '')",19.607843137254903,90,0.0,10.9375,26,1551.0,48.0,3.5,42,16.862745098039216,"((), (False, False, False, False), (False, False, True, True))",0.785,0.13,India OBD II (IOBD II),1247.0,10000000000001011010000000000001,0.0,0.0,255.0,32789.0,101,01101010110100000000000000000000,13.758000000000001,15.686274509803921,6.666666666666667,16.862745098039216,14.901960784313726,7.450980392156863,8.627450980392156
1738912622.5447278,<obd.OBDResponse.Status object at 0x7f06afeb4810>,"('Open loop due to engine load OR fuel cut due to deceleration', '')",20.0,89,3.125,10.9375,27,1483.5,46.0,4.5,42,16.862745098039216,"((), (False, False, False, False), (False, False, True, True))",0.865,0.14,India OBD II (IOBD II),1250.0,10000000000001011010000000000001,0.0,0.0,255.0,32789.0,101,01101010110100000000000000000000,13.735,16.07843137254902,6.666666666666667,16.862745098039216,16.07843137254902,7.450980392156863,8.627450980392156
1738912625.0944154,<obd.OBDResponse.Status object at 0x7f06b02d55d0>,"('Open loop due to engine load OR fuel cut due to deceleration', '')",45.490196078431374,88,0.0,8.59375,57,1451.5,45.0,17.0,42,21.176470588235293,"((), (False, False, False, False), (False, False, True, True))",0.85,0.16,India OBD II (IOBD II),1252.0,10000000000001011010000000000001,0.0,0.0,255.0,32789.0,101,01101010110100000000000000000000,13.758000000000001,43.92156862745098,12.156862745098039,22.352941176470587,27.058823529411764,13.333333333333334,15.686274509803921
1738912627.6444333,<obd.OBDResponse.Status object at 0x7f06aff21f10>,"('Closed loop, using oxygen sensor feedback to determine fuel mix', '')",72.54901960784314,88,0.78125,8.59375,79,1574.5,49.0,9.0,42,26.666666666666668,"((), (False, False, False, False), (False, False, True, True))",0.82,0.525,India OBD II (IOBD II),1255.0,10000000000001011010000000000001,0.0,0.0,255.0,32789.0,101,01101010110100000000000000000000,13.735,62.745098039215684,17.254901960784313,27.84313725490196,32.549019607843135,16.07843137254902,22.352941176470587
1738912630.1942303,<obd.OBDResponse.Status object at 0x7f06b70e9090>,"('Closed loop, using oxygen sensor feedback to determine fuel mix', '')",78.03921568627452,88,3.125,7.8125,83,1719.0,54.0,9.0,42,28.235294117647058,"((), (False, False, False, False), (False, False, True, True))",0.585,0.74,India OBD II (IOBD II),1257.0,10000000000001011010000000000001,0.0,7.8431372549019605,255.0,32789.0,101,01101010110100000000000000000000,13.829,26.666666666666668,7.8431372549019605,18.03921568627451,21.176470588235293,10.196078431372548,9.803921568627452
1738912632.744327,<obd.OBDResponse.Status object at 0x7f06b1cfb410>,"('Closed loop, using oxygen sensor feedback to determine fuel mix', '')",39.6078431372549,88,0.0,8.59375,50,1775.0,55.0,19.5,42,21.568627450980394,"((), (False, False, False, False), (False, False, True, True))",0.72,0.775,India OBD II (IOBD II),1260.0,10000000000001011010000000000001,0.0,12.156862745098039,255.0,32789.0,101,01101010110100000000000000000000,13.805,42.745098039215684,12.941176470588236,23.137254901960784,25.88235294117647,12.549019607843137,17.254901960784313
1738912635.2941244,<obd.OBDResponse.Status object at 0x7f06affc8890>,"('Closed loop, using oxygen sensor feedback to determine fuel mix', '')",50.98039215686274,88,-7.8125,8.59375,59,1812.0,57.0,18.0,42,22.745098039215687,"((), (False, False, False, False), (False, False, True, True))",0.065,0.8,India OBD II (IOBD II),1262.0,10000000000001011010000000000001,0.0,19.215686274509803,255.0,32789.0,101,01101010110100000000000000000000,13.711,41.96078431372549,12.941176470588236,23.137254901960784,25.49019607843137,12.549019607843137,16.470588235294116
1738912637.8440084,<obd.OBDResponse.Status object at 0x7f06b05ffa90>,"('Closed loop, using oxygen sensor feedback to determine fuel mix', '')",23.137254901960784,88,-0.78125,10.15625,29,1853.5,58.0,33.0,42,19.215686274509803,"((), (False, False, False, False), (False, False, True, True))",0.83,0.78,India OBD II (IOBD II),1265.0,10000000000001011010000000000001,0.0,0.0,255.0,32789.0,101,01101010110100000000000000000000,13.805,35.68627450980392,12.156862745098039,22.352941176470587,25.49019607843137,12.549019607843137,15.686274509803921
1738912640.3940651,<obd.OBDResponse.Status object at 0x7f06b88ea950>,"('Closed loop, using oxygen sensor feedback to determine fuel mix', '')",52.94117647058823,88,0.0,8.59375,59,1872.0,59.0,4.5,42,20.0,"((), (False, False, False, False), (False, False, True, True))",0.9,0.765,India OBD II (IOBD II),1267.0,10000000000001011010000000000001,0.0,0.0,255.0,32790.0,101,01101010110100000000000000000000,13.876,14.117647058823529,7.0588235294117645,17.254901960784313,19.607843137254903,9.411764705882353,8.627450980392156
1738912642.9377444,<obd.OBDResponse.Status object at 0x7f06aff22190>,"('Closed loop, using oxygen sensor feedback to determine fuel mix', '')",27.058823529411764,88,2.34375,9.375,38,1835.5,58.0,27.5,42,20.0,"((), (False, False, False, False), (False, False, True, True))",0.17,0.76,India OBD II (IOBD II),1270.0,10000000000001011010000000000001,0.0,3.5294117647058822,255.0,32790.0,101,01101010110100000000000000000000,13.829,26.666666666666668,9.803921568627452,20.0,23.92156862745098,11.372549019607844,12.549019607843137
1738912645.4936483,<obd.OBDResponse.Status object at 0x7f06aff3ebd0>,"('Closed loop, using oxygen sensor feedback to determine fuel mix', '')",33.333333333333336,89,0.0,9.375,41,1836.0,58.0,26.0,42,20.0,"((), (False, False, False, False), (False, False, True, True))",0.725,0.755,India OBD II (IOBD II),1273.0,10000000000001011010000000000001,0.0,9.411764705882353,255.0,32790.0,101,01101010110100000000000000000000,13.853,28.235294117647058,10.196078431372548,20.392156862745097,24.313725490196077,11.764705882352942,12.941176470588236
1738912648.049574,<obd.OBDResponse.Status object at 0x7f06aff20fd0>,"('Closed loop, using oxygen sensor feedback to determine fuel mix', '')",45.88235294117647,88,-3.90625,8.59375,56,1853.5,58.0,7.5,42,22.352941176470587,"((), (False, False, False, False), (False, False, True, True))",0.07,0.75,India OBD II (IOBD II),1275.0,10000000000001011010000000000001,0.0,14.901960784313726,255.0,32790.0,101,01101010110100000000000000000000,13.664,37.254901960784316,12.156862745098039,22.352941176470587,25.098039215686274,12.156862745098039,15.686274509803921
1738912650.5992863,<obd.OBDResponse.Status object at 0x7f06afeb4590>,"('Closed loop, using oxygen sensor feedback to determine fuel mix', '')",51.76470588235294,88,-3.125,8.59375,60,1869.5,59.0,18.0,41,23.529411764705884,"((), (False, False, False, False), (False, False, True, True))",0.085,0.74,India OBD II (IOBD II),1278.0,10000000000001011010000000000001,0.0,4.705882352941177,255.0,32790.0,100,01101010110100000000000000000000,13.805,29.80392156862745,10.588235294117647,18.03921568627451,19.607843137254903,9.411764705882353,9.803921568627452
1738912653.1674867,<obd.OBDResponse.Status object at 0x7f06b002d090>,"('Closed loop, using oxygen sensor feedback to determine fuel mix', '')",30.58823529411765,89,0.0,9.375,42,1788.5,55.0,23.0,41,20.392156862745097,"((), (False, False, False, False), (False, False, True, True))",0.125,0.735,India OBD II (IOBD II),1280.0,10000000000001011010000000000001,0.0,5.882352941176471,255.0,32790.0,100,01101010110100000000000000000000,13.711,34.90196078431372,11.372549019607844,21.568627450980394,24.313725490196077,11.764705882352942,14.509803921568627
1738912655.7053194,<obd.OBDResponse.Status object at 0x7f06aff0ce50>,"('Closed loop, using oxygen sensor feedback to determine fuel mix', '')",39.21568627450981,89,-2.34375,9.375,47,1714.5,53.0,2.0,41,17.254901960784313,"((), (False, False, False, False), (False, False, True, True))",0.22,0.73,India OBD II (IOBD II),1283.0,10000000000001011010000000000001,0.0,0.0,255.0,32790.0,100,01101010110100000000000000000000,13.829,16.470588235294116,7.0588235294117645,17.254901960784313,17.254901960784313,8.235294117647058,9.019607843137255
1738912658.2790866,<obd.OBDResponse.Status object at 0x7f06aff22bd0>,"('Open loop due to engine load OR fuel cut due to deceleration', '')",17.254901960784313,89,0.0,10.9375,23,1545.5,48.0,13.5,41,16.07843137254902,"((), (False, False, False, False), (False, False, True, True))",0.06,0.06,India OBD II (IOBD II),1285.0,10000000000001011010000000000001,0.0,0.0,255.0,32790.0,100,01101010110100000000000000000000,13.735,21.96078431372549,8.235294117647058,18.431372549019606,22.352941176470587,10.980392156862745,10.980392156862745
1738912660.8529196,<obd.OBDResponse.Status object at 0x7f06aff3d290>,"('Open loop due to engine load OR fuel cut due to deceleration', '')",41.96078431372549,89,0.78125,9.375,49,1470.5,46.0,19.5,41,20.0,"((), (False, False, False, False), (False, False, True, True))",0.9,0.125,India OBD II (IOBD II),1288.0,10000000000001011010000000000001,0.0,0.0,255.0,32790.0,100,01101010110100000000000000000000,13.735,35.294117647058826,10.196078431372548,20.392156862745097,24.705882352941178,11.764705882352942,13.333333333333334
1738912663.4027834,<obd.OBDResponse.Status object at 0x7f06b079bcd0>,"('Open loop due to engine load OR fuel cut due to deceleration', '')",17.254901960784313,89,0.0,12.5,28,1408.0,44.0,27.0,41,18.431372549019606,"((), (False, False, False, False), (False, False, True, True))",0.875,0.145,India OBD II (IOBD II),1290.0,10000000000001011010000000000001,0.0,0.0,255.0,32790.0,100,01101010110100000000000000000000,13.711,34.509803921568626,9.803921568627452,20.0,23.529411764705884,11.372549019607844,12.941176470588236
1738912665.9527094,<obd.OBDResponse.Status object at 0x7f06b076cc10>,"('Open loop due to engine load OR fuel cut due to deceleration', '')",63.529411764705884,89,-1.5625,8.59375,73,1362.5,43.0,12.0,41,23.137254901960784,"((), (False, False, False, False), (False, False, True, True))",0.795,0.825,India OBD II (IOBD II),1293.0,10000000000001011010000000000001,0.0,0.0,255.0,32790.0,100,01101010110100000000000000000000,13.805,52.549019607843135,13.72549019607843,23.92156862745098,27.45098039215686,13.333333333333334,17.647058823529413
1738912668.5147274,<obd.OBDResponse.Status object at 0x7f06aff3fe50>,"('Closed loop, using oxygen sensor feedback to determine fuel mix', '')",70.19607843137256,89,-3.90625,8.59375,79,1361.0,42.0,9.0,41,24.313725490196077,"((), (False, False, False, False), (False, False, True, True))",0.075,0.815,India OBD II (IOBD II),1296.0,10000000000001011010000000000001,0.0,5.882352941176471,255.0,32790.0,100,01101010110100000000000000000000,13.688,56.86274509803921,14.901960784313726,25.098039215686274,28.235294117647058,13.72549019607843,19.215686274509803
1738912671.0766516,<obd.OBDResponse.Status object at 0x7f06aff3b790>,"('Closed loop, using oxygen sensor feedback to determine fuel mix', '')",99.2156862745098,90,-3.125,7.8125,100,1407.5,44.0,-2.5,41,78.82352941176471,"((), (False, False, False, False), (False, False, True, True))",0.065,0.79,India OBD II (IOBD II),1298.0,10000000000001011010000000000001,0.0,85.49019607843137,255.0,32790.0,100,01101010110100000000000000000000,13.664,78.82352941176471,72.94117647058823,82.74509803921569,39.6078431372549,20.0,94.11764705882354
1738912673.6143975,<obd.OBDResponse.Status object at 0x7f06b004fe50>,"('Closed loop, using oxygen sensor feedback to determine fuel mix', '')",99.6078431372549,90,2.34375,7.8125,100,1492.5,47.0,-1.0,41,85.49019607843137,"((), (False, False, False, False), (False, False, True, True))",0.53,0.77,India OBD II (IOBD II),1301.0,10000000000001011010000000000001,0.0,100.0,255.0,32790.0,100,01101010110100000000000000000000,13.947000000000001,79.6078431372549,72.94117647058823,82.3529411764706,39.6078431372549,20.0,92.94117647058823
1738912676.1462274,<obd.OBDResponse.Status object at 0x7f06b1d20b50>,"('Closed loop, using oxygen sensor feedback to determine fuel mix', '')",99.6078431372549,90,4.6875,7.8125,100,1592.5,50.0,1.5,41,78.03921568627452,"((), (False, False, False, False), (False, False, True, True))",0.735,0.755,India OBD II (IOBD II),1303.0,10000000000001011010000000000001,0.0,22.352941176470587,255.0,32790.0,100,01101010110100000000000000000000,13.876,24.313725490196077,5.490196078431373,15.686274509803921,20.392156862745097,10.196078431372548,7.8431372549019605
1738912678.6840808,<obd.OBDResponse.Status object at 0x7f06b077b290>,"('Closed loop, using oxygen sensor feedback to determine fuel mix', '')",57.64705882352941,90,-3.125,8.59375,66,1571.5,49.0,15.5,40,20.392156862745097,"((), (False, False, False, False), (False, False, True, True))",0.68,0.745,India OBD II (IOBD II),1306.0,10000000000001011010000000000001,0.0,23.137254901960784,255.0,32790.0,100,01101010110100000000000000000000,13.805,38.03921568627451,11.372549019607844,21.568627450980394,23.92156862745098,11.764705882352942,14.901960784313726
1738912681.2220154,<obd.OBDResponse.Status object at 0x7f06b0164bd0>,"('Closed loop, using oxygen sensor feedback to determine fuel mix', '')",62.745098039215684,90,-0.78125,8.59375,71,1537.5,48.0,13.5,40,23.92156862745098,"((), (False, False, False, False), (False, False, True, True))",0.095,0.74,India OBD II (IOBD II),1308.0,10000000000001011010000000000001,0.0,60.0,255.0,32790.0,100,01101010110100000000000000000000,13.593,53.72549019607843,14.509803921568627,24.705882352941178,28.235294117647058,14.117647058823529,18.823529411764707
1738912683.7724242,<obd.OBDResponse.Status object at 0x7f06b079ba90>,"('Closed loop, using oxygen sensor feedback to determine fuel mix', '')",46.666666666666664,90,0.78125,8.59375,62,1496.5,47.0,12.0,40,23.137254901960784,"((), (False, False, False, False), (False, False, True, True))",0.77,0.74,India OBD II (IOBD II),1311.0,10000000000001011010000000000001,0.0,36.86274509803921,255.0,32790.0,100,01101010110100000000000000000000,13.829,56.86274509803921,14.901960784313726,25.49019607843137,28.627450980392158,14.117647058823529,19.607843137254903
1738912686.3217716,<obd.OBDResponse.Status object at 0x7f06aff3b3d0>,"('Closed loop, using oxygen sensor feedback to determine fuel mix', '')",76.47058823529412,90,0.78125,8.59375,83,1521.5,48.0,9.0,40,25.098039215686274,"((), (False, False, False, False), (False, False, True, True))",0.125,0.755,India OBD II (IOBD II),1313.0,10000000000001011010000000000001,0.0,88.23529411764706,255.0,32790.0,100,01101010110100000000000000000000,13.664,55.294117647058826,14.509803921568627,24.705882352941178,30.19607843137255,14.901960784313726,18.823529411764707
1738912688.8720746,<obd.OBDResponse.Status object at 0x7f06afff6c10>,"('Closed loop, using oxygen sensor feedback to determine fuel mix', '')",74.11764705882354,90,5.46875,8.59375,80,1592.5,50.0,9.5,40,26.274509803921568,"((), (False, False, False, False), (False, False, True, True))",0.77,0.755,India OBD II (IOBD II),1316.0,10000000000001011010000000000001,0.0,100.0,255.0,32790.0,100,01101010110100000000000000000000,13.9,62.35294117647059,17.254901960784313,27.45098039215686,32.94117647058823,16.470588235294116,22.352941176470587
1738912691.4217234,<obd.OBDResponse.Status object at 0x7f06afeb5ed0>,"('Closed loop, using oxygen sensor feedback to determine fuel mix', '')",82.74509803921569,90,0.0,7.8125,86,1668.0,52.0,6.0,40,29.019607843137255,"((), (False, False, False, False), (False, False, True, True))",0.09,0.755,India OBD II (IOBD II),1318.0,10000000000001011010000000000001,0.0,100.0,255.0,32790.0,100,01101010110100000000000000000000,13.9,65.88235294117646,18.431372549019606,29.019607843137255,34.11764705882353,16.862745098039216,23.92156862745098
1738912693.9715326,<obd.OBDResponse.Status object at 0x7f06aff3c5d0>,"('Closed loop, using oxygen sensor feedback to determine fuel mix', '')",77.6470588235294,90,5.46875,7.8125,87,1716.5,54.0,-1.5,40,30.19607843137255,"((), (False, False, False, False), (False, False, True, True))",0.785,0.755,India OBD II (IOBD II),1321.0,10000000000001011010000000000001,0.0,100.0,255.0,32790.0,100,01101010110100000000000000000000,13.805,71.76470588235294,22.745098039215687,32.94117647058823,32.549019607843135,16.07843137254902,29.41176470588235
1738912696.5218828,<obd.OBDResponse.Status object at 0x7f06b010d1d0>,"('Closed loop, using oxygen sensor feedback to determine fuel mix', '')",23.92156862745098,90,0.0,10.15625,28,1763.5,55.0,33.5,40,16.862745098039216,"((), (False, False, False, False), (False, False, True, True))",0.87,0.755,India OBD II (IOBD II),1324.0,10000000000001011010000000000001,0.0,20.784313725490197,255.0,32790.0,100,01101010110100000000000000000000,13.688,32.94117647058823,11.764705882352942,21.96078431372549,28.627450980392158,14.117647058823529,18.431372549019606
1738912699.0712287,<obd.OBDResponse.Status object at 0x7f06b0761790>,"('Closed loop, using oxygen sensor feedback to determine fuel mix', '')",77.25490196078431,90,1.5625,7.8125,83,1711.0,54.0,8.0,40,27.84313725490196,"((), (False, False, False, False), (False, False, True, True))",0.105,0.755,India OBD II (IOBD II),1326.0,10000000000001011010000000000001,0.0,100.0,255.0,32790.0,100,01101010110100000000000000000000,13.805,64.31372549019608,18.431372549019606,28.627450980392158,31.372549019607842,15.294117647058824,23.92156862745098
1738912701.6215765,<obd.OBDResponse.Status object at 0x7f06aff21710>,"('Closed loop, using oxygen sensor feedback to determine fuel mix', '')",60.0,90,0.0,8.59375,38,1729.0,54.0,-5.5,40,17.254901960784313,"((), (False, False, False, False), (False, False, True, True))",0.89,0.755,India OBD II (IOBD II),1329.0,10000000000001011010000000000001,0.0,0.0,255.0,32790.0,100,01101010110100000000000000000000,13.711,30.980392156862745,12.549019607843137,22.745098039215687,26.666666666666668,13.333333333333334,16.07843137254902
1738912704.171461,<obd.OBDResponse.Status object at 0x7f06b6993290>,"('Closed loop, using oxygen sensor feedback to determine fuel mix', '')",59.6078431372549,90,-0.78125,8.59375,69,1702.0,53.0,15.0,40,24.313725490196077,"((), (False, False, False, False), (False, False, True, True))",0.205,0.755,India OBD II (IOBD II),1331.0,10000000000001011010000000000001,0.0,0.0,255.0,32790.0,100,01101010110100000000000000000000,13.758000000000001,52.15686274509804,14.901960784313726,25.098039215686274,30.58823529411765,15.294117647058824,19.215686274509803
1738912706.72099,<obd.OBDResponse.Status object at 0x7f06aff0fb10>,"('Closed loop, using oxygen sensor feedback to determine fuel mix', '')",69.80392156862744,90,-3.125,8.59375,76,1747.0,55.0,12.5,40,25.88235294117647,"((), (False, False, False, False), (False, False, True, True))",0.085,0.76,India OBD II (IOBD II),1334.0,10000000000001011010000000000001,0.0,4.705882352941177,255.0,32790.0,100,01101010110100000000000000000000,13.853,34.509803921568626,8.627450980392156,18.823529411764707,21.96078431372549,10.588235294117647,10.588235294117647
1738912709.2708824,<obd.OBDResponse.Status object at 0x7f06aff33450>,"('Open loop due to engine load OR fuel cut due to deceleration', '')",20.392156862745097,90,0.0,10.9375,25,1648.0,51.0,-19.5,40,16.470588235294116,"((), (False, False, False, False), (False, False, True, True))",0.01,0.455,India OBD II (IOBD II),1336.0,10000000000001011010000000000001,0.0,0.0,255.0,32790.0,100,01101010110100000000000000000000,13.735,13.72549019607843,6.2745098039215685,16.470588235294116,14.901960784313726,7.450980392156863,7.8431372549019605
1738912711.8206983,<obd.OBDResponse.Status object at 0x7f06afeb5e50>,"('Open loop due to engine load OR fuel cut due to deceleration', '')",16.470588235294116,90,0.0,12.5,23,1458.5,45.0,-19.0,40,15.686274509803921,"((), (False, False, False, False), (False, False, True, True))",0.005,0.0,India OBD II (IOBD II),1339.0,10000000000001011010000000000001,0.0,0.0,255.0,32791.0,100,01101010110100000000000000000000,13.711,24.313725490196077,9.411764705882353,19.607843137254903,22.745098039215687,10.980392156862745,12.156862745098039
1738912714.3707542,<obd.OBDResponse.Status object at 0x7f06b1158b50>,"('Open loop due to engine load OR fuel cut due to deceleration', '')",50.19607843137255,90,0.0,9.375,60,1365.5,42.0,17.0,40,20.784313725490197,"((), (False, False, False, False), (False, False, True, True))",0.9,0.13,India OBD II (IOBD II),1341.0,10000000000001011010000000000001,0.0,0.0,255.0,32791.0,100,01101010110100000000000000000000,13.64,52.94117647058823,13.72549019607843,24.313725490196077,28.235294117647058,13.72549019607843,18.03921568627451
1738912716.9205008,<obd.OBDResponse.Status object at 0x7f06b0164cd0>,"('Closed loop, using oxygen sensor feedback to determine fuel mix', '')",76.07843137254902,89,-3.90625,8.59375,85,1368.0,43.0,6.0,40,26.274509803921568,"((), (False, False, False, False), (False, False, True, True))",0.095,0.815,India OBD II (IOBD II),1344.0,10000000000001011010000000000001,0.0,0.0,255.0,32791.0,100,01101010110100000000000000000000,14.017,60.3921568627451,16.470588235294116,26.666666666666668,33.333333333333336,16.470588235294116,21.96078431372549
1738912719.4704287,<obd.OBDResponse.Status object at 0x7f06b8972550>,"('Closed loop, using oxygen sensor feedback to determine fuel mix', '')",87.45098039215686,90,0.78125,7.8125,92,1451.0,46.0,2.0,40,30.58823529411765,"((), (False, False, False, False), (False, False, True, True))",0.805,0.81,India OBD II (IOBD II),1347.0,10000000000001011010000000000001,0.0,9.803921568627452,255.0,32791.0,100,01101010110100000000000000000000,14.017,71.37254901960785,21.176470588235293,31.372549019607842,34.509803921568626,17.254901960784313,27.058823529411764
1738912722.020565,<obd.OBDResponse.Status object at 0x7f06b0799090>,"('Closed loop, using oxygen sensor feedback to determine fuel mix', '')",86.66666666666667,90,-2.34375,7.8125,88,1556.5,48.0,3.5,40,29.80392156862745,"((), (False, False, False, False), (False, False, True, True))",0.28,0.79,India OBD II (IOBD II),1349.0,10000000000001011010000000000001,0.0,32.549019607843135,255.0,32791.0,100,01101010110100000000000000000000,13.853,56.07843137254902,6.2745098039215685,16.470588235294116,14.901960784313726,7.450980392156863,8.235294117647058
1738912724.5701869,<obd.OBDResponse.Status object at 0x7f06afeb6a90>,"('Closed loop, using oxygen sensor feedback to determine fuel mix', '')",65.09803921568627,90,-2.34375,8.59375,74,1512.5,47.0,11.0,40,24.705882352941178,"((), (False, False, False, False), (False, False, True, True))",0.08,0.775,India OBD II (IOBD II),1352.0,10000000000001011010000000000001,0.0,0.0,255.0,32791.0,100,01101010110100000000000000000000,13.64,55.294117647058826,14.901960784313726,25.88235294117647,29.80392156862745,14.901960784313726,20.0
1738912727.1203196,<obd.OBDResponse.Status object at 0x7f06b073aa10>,"('Closed loop, using oxygen sensor feedback to determine fuel mix', '')",79.6078431372549,90,-0.78125,8.59375,76,1518.0,47.0,-1.0,40,21.568627450980394,"((), (False, False, False, False), (False, False, True, True))",0.87,0.775,India OBD II (IOBD II),1354.0,10000000000001011010000000000001,0.0,0.0,255.0,32791.0,100,01101010110100000000000000000000,13.711,39.21568627450981,10.980392156862745,21.176470588235293,23.529411764705884,11.372549019607844,14.117647058823529
1738912729.669942,<obd.OBDResponse.Status object at 0x7f06aff3c350>,"('Closed loop, using oxygen sensor feedback to determine fuel mix', '')",20.784313725490197,90,-2.34375,10.9375,33,1435.5,45.0,20.0,40,20.784313725490197,"((), (False, False, False, False), (False, False, True, True))",0.78,0.76,India OBD II (IOBD II),1357.0,10000000000001011010000000000001,0.0,5.882352941176471,255.0,32791.0,100,01101010110100000000000000000000,13.57,50.98039215686274,13.333333333333334,23.529411764705884,27.84313725490196,13.72549019607843,18.03921568627451
1738912732.2199283,<obd.OBDResponse.Status object at 0x7f06aff32a50>,"('Closed loop, using oxygen sensor feedback to determine fuel mix', '')",66.66666666666667,90,-5.46875,8.59375,75,1426.0,44.0,11.0,40,23.529411764705884,"((), (False, False, False, False), (False, False, True, True))",0.065,0.765,India OBD II (IOBD II),1359.0,10000000000001011010000000000001,0.0,19.215686274509803,255.0,32791.0,100,01101010110100000000000000000000,13.735,53.333333333333336,13.72549019607843,23.92156862745098,29.019607843137255,14.509803921568627,17.647058823529413
1738912734.7637036,<obd.OBDResponse.Status object at 0x7f06afeb6f10>,"('Closed loop, using oxygen sensor feedback to determine fuel mix', '')",67.45098039215686,90,1.5625,8.59375,71,1442.5,45.0,-1.0,40,20.0,"((), (False, False, False, False), (False, False, True, True))",0.85,0.765,India OBD II (IOBD II),1362.0,10000000000001011010000000000001,0.0,0.0,255.0,32791.0,100,01101010110100000000000000000000,13.853,19.215686274509803,6.666666666666667,16.862745098039216,17.647058823529413,9.019607843137255,8.235294117647058
1738912737.3318398,<obd.OBDResponse.Status object at 0x7f06aff0ec50>,"('Closed loop, using oxygen sensor feedback to determine fuel mix', '')",37.254901960784316,90,-2.34375,9.375,47,1341.5,41.0,20.0,40,19.215686274509803,"((), (False, False, False, False), (False, False, True, True))",0.31,0.76,India OBD II (IOBD II),1364.0,10000000000001011010000000000001,0.0,0.0,255.0,32791.0,100,01101010110100000000000000000000,13.664,33.72549019607843,9.411764705882353,19.607843137254903,23.529411764705884,11.372549019607844,12.156862745098039
1738912739.869757,<obd.OBDResponse.Status object at 0x7f06b079ba50>,"('Open loop due to engine load OR fuel cut due to deceleration', '')",22.352941176470587,90,0.0,12.5,30,1101.0,39.0,7.5,40,16.07843137254902,"((), (False, False, False, False), (False, False, True, True))",0.09,0.75,India OBD II (IOBD II),1367.0,10000000000001011010000000000001,0.0,0.0,255.0,32791.0,100,01101010110100000000000000000000,13.711,19.215686274509803,5.490196078431373,15.686274509803921,14.901960784313726,7.450980392156863,7.0588235294117645
1738912742.4193697,<obd.OBDResponse.Status object at 0x7f06affc8990>,"('Closed loop, using oxygen sensor feedback to determine fuel mix', '')",27.058823529411764,90,-3.90625,12.5,35,782.5,34.0,7.5,40,14.901960784313726,"((), (False, False, False, False), (False, False, True, True))",0.875,0.745,India OBD II (IOBD II),1369.0,10000000000001011010000000000001,0.0,0.0,255.0,32791.0,100,01101010110100000000000000000000,13.735,20.784313725490197,5.098039215686274,15.294117647058824,14.901960784313726,7.450980392156863,6.666666666666667
1738912744.9693065,<obd.OBDResponse.Status object at 0x7f06b00fc910>,"('Closed loop, using oxygen sensor feedback to determine fuel mix', '')",27.058823529411764,90,-7.8125,12.5,36,783.5,28.0,6.5,40,14.901960784313726,"((), (False, False, False, False), (False, False, True, True))",0.21,0.74,India OBD II (IOBD II),1372.0,10000000000001011010000000000001,0.0,0.0,255.0,32791.0,100,01101010110100000000000000000000,13.664,20.784313725490197,5.098039215686274,15.294117647058824,14.901960784313726,7.450980392156863,6.666666666666667
1738912747.5191464,<obd.OBDResponse.Status object at 0x7f06aff3fb90>,"('Closed loop, using oxygen sensor feedback to determine fuel mix', '')",26.274509803921568,90,-5.46875,12.5,35,796.5,17.0,6.5,40,14.901960784313726,"((), (False, False, False, False), (False, False, True, True))",0.81,0.74,India OBD II (IOBD II),1375.0,10000000000001011010000000000001,0.0,0.0,255.0,32791.0,100,01101010110100000000000000000000,13.57,20.392156862745097,5.098039215686274,15.294117647058824,14.901960784313726,7.450980392156863,6.2745098039215685
1738912750.0694234,<obd.OBDResponse.Status object at 0x7f06aff2c250>,"('Closed loop, using oxygen sensor feedback to determine fuel mix', '')",27.45098039215686,90,-4.6875,12.5,36,798.0,10.0,9.0,40,15.294117647058824,"((), (False, False, False, False), (False, False, True, True))",0.07,0.735,India OBD II (IOBD II),1377.0,10000000000001011010000000000001,0.0,0.0,255.0,32791.0,100,01101010110100000000000000000000,13.711,18.431372549019606,3.9215686274509802,14.509803921568627,15.294117647058824,7.450980392156863,5.490196078431373
1738912752.6190286,<obd.OBDResponse.Status object at 0x7f06aff0eb50>,"('Closed loop, using oxygen sensor feedback to determine fuel mix', '')",31.372549019607842,90,-5.46875,10.9375,50,712.0,8.0,12.5,41,19.607843137254903,"((), (False, False, False, False), (False, False, True, True))",0.725,0.735,India OBD II (IOBD II),1380.0,10000000000001011010000000000001,0.0,4.313725490196078,255.0,32791.0,100,01101010110100000000000000000000,13.758000000000001,40.0,9.019607843137255,19.215686274509803,21.176470588235293,9.411764705882353,11.372549019607844
1738912755.169096,<obd.OBDResponse.Status object at 0x7f06aff20190>,"('Closed loop, using oxygen sensor feedback to determine fuel mix', '')",22.352941176470587,90,-3.125,12.5,36,1074.0,13.0,22.5,41,19.215686274509803,"((), (False, False, False, False), (False, False, True, True))",0.835,0.735,India OBD II (IOBD II),1382.0,10000000000001011010000000000001,0.0,5.490196078431373,255.0,32791.0,100,01101010110100000000000000000000,13.735,48.627450980392155,12.941176470588236,24.705882352941178,30.19607843137255,15.294117647058824,18.431372549019606
1738912757.7187734,<obd.OBDResponse.Status object at 0x7f06b077a890>,"('Closed loop, using oxygen sensor feedback to determine fuel mix', '')",50.19607843137255,90,0.0,8.59375,40,1987.0,26.0,-7.0,41,16.862745098039216,"((), (False, False, False, False), (False, False, True, True))",0.03,0.755,India OBD II (IOBD II),1385.0,10000000000001011010000000000001,0.0,0.0,255.0,32791.0,100,01101010110100000000000000000000,13.711,16.862745098039216,6.2745098039215685,16.470588235294116,15.294117647058824,7.8431372549019605,7.8431372549019605
1738912760.2687383,<obd.OBDResponse.Status object at 0x7f06aff33410>,"('Closed loop, using oxygen sensor feedback to determine fuel mix', '')",89.41176470588235,90,-1.5625,7.8125,93,1779.5,33.0,6.0,41,35.68627450980392,"((), (False, False, False, False), (False, False, True, True))",0.12,0.755,India OBD II (IOBD II),1387.0,10000000000001011010000000000001,0.0,0.0,255.0,32791.0,100,01101010110100000000000000000000,13.688,72.54901960784314,25.49019607843137,35.68627450980392,31.764705882352942,15.294117647058824,29.019607843137255
1738912762.8188686,<obd.OBDResponse.Status object at 0x7f06b02d18d0>,"('Open loop due to engine load OR fuel cut due to deceleration', '')",22.745098039215687,90,0.0,11.71875,30,1055.0,40.0,4.5,41,15.294117647058824,"((), (False, False, False, False), (False, False, True, True))",0.935,0.75,India OBD II (IOBD II),1390.0,10000000000001011010000000000001,0.0,0.0,255.0,32791.0,100,01101010110100000000000000000000,13.805,15.294117647058822,6.2745098039215685,16.470588235294116,22.745098039215687,10.980392156862745,9.019607843137255
1738912765.3686335,<obd.OBDResponse.Status object at 0x7f06aff38cd0>,"('Closed loop, using oxygen sensor feedback to determine fuel mix', '')",39.21568627450981,90,-0.78125,8.59375,47,1798.0,44.0,21.0,41,20.784313725490197,"((), (False, False, False, False), (False, False, True, True))",0.18,0.785,India OBD II (IOBD II),1392.0,10000000000001011010000000000001,0.0,0.0,255.0,32791.0,100,01101010110100000000000000000000,13.853,31.372549019607842,10.980392156862745,21.176470588235293,25.098039215686274,12.156862745098039,14.117647058823529
1738912767.9182794,<obd.OBDResponse.Status object at 0x7f06afeb68d0>,"('Open loop due to engine load OR fuel cut due to deceleration', '')",20.392156862745097,90,0.0,10.15625,32,1995.0,47.0,30.5,41,20.392156862745097,"((), (False, False, False, False), (False, False, True, True))",0.05,0.78,India OBD II (IOBD II),1395.0,10000000000001011010000000000001,0.0,0.0,255.0,32791.0,100,01101010110100000000000000000000,13.805,25.88235294117647,10.196078431372548,20.392156862745097,21.568627450980394,8.235294117647058,9.411764705882353
1738912770.4741414,<obd.OBDResponse.Status object at 0x7f06aff3d890>,"('Open loop due to engine load OR fuel cut due to deceleration', '')",19.215686274509803,88,0.0,9.375,31,2077.5,50.0,19.5,41,19.607843137254903,"((), (False, False, False, False), (False, False, True, True))",0.295,0.085,India OBD II (IOBD II),1398.0,10000000000001011010000000000001,0.0,0.0,255.0,32791.0,100,01101010110100000000000000000000,13.805,17.647058823529413,8.627450980392156,18.823529411764707,16.07843137254902,7.8431372549019605,11.372549019607844
1738912773.0241675,<obd.OBDResponse.Status object at 0x7f06affca1d0>,"('Open loop due to engine load OR fuel cut due to deceleration', '')",32.15686274509804,88,0.0,9.375,44,2171.5,52.0,21.5,41,22.352941176470587,"((), (False, False, False, False), (False, False, True, True))",0.84,0.145,India OBD II (IOBD II),1400.0,10000000000001011010000000000001,0.0,0.0,255.0,32791.0,100,01101010110100000000000000000000,13.735,33.72549019607843,12.156862745098039,22.352941176470587,21.96078431372549,10.196078431372548,16.07843137254902
1738912775.5800123,<obd.OBDResponse.Status object at 0x7f06afeb6c90>,"('Open loop due to engine load OR fuel cut due to deceleration', '')",23.137254901960784,87,0.0,9.375,29,2310.5,55.0,31.5,41,19.607843137254903,"((), (False, False, False, False), (False, False, True, True))",0.83,0.16,India OBD II (IOBD II),1403.0,10000000000001011010000000000001,0.0,0.0,255.0,32791.0,100,01101010110100000000000000000000,13.947000000000001,18.823529411764707,9.803921568627452,19.607843137254903,14.901960784313726,7.450980392156863,11.764705882352942
1738912778.1300926,<obd.OBDResponse.Status object at 0x7f06afff4090>,"('Open loop due to engine load OR fuel cut due to deceleration', '')",22.745098039215687,87,0.0,11.71875,30,1047.0,57.0,-5.5,41,15.294117647058824,"((), (False, False, False, False), (False, False, True, True))",0.335,0.045,India OBD II (IOBD II),1405.0,10000000000001011010000000000001,0.0,0.0,255.0,32791.0,100,01101010110100000000000000000000,13.829,14.901960784313726,7.450980392156863,17.647058823529413,16.470588235294116,7.8431372549019605,9.803921568627452
1738912780.6798315,<obd.OBDResponse.Status object at 0x7f06b077b6d0>,"('Open loop due to engine load OR fuel cut due to deceleration', '')",20.392156862745097,87,0.0,10.15625,28,1848.0,58.0,-1.5,41,17.647058823529413,"((), (False, False, False, False), (False, False, True, True))",0.89,0.135,India OBD II (IOBD II),1408.0,10000000000001011010000000000001,0.0,0.0,255.0,32791.0,100,01101010110100000000000000000000,13.805,16.862745098039216,7.8431372549019605,18.03921568627451,14.901960784313726,7.450980392156863,10.196078431372548
1738912783.229607,<obd.OBDResponse.Status object at 0x7f06b0753050>,"('Open loop due to engine load OR fuel cut due to deceleration', '')",21.568627450980394,87,0.0,10.15625,29,1815.5,57.0,-3.0,41,18.03921568627451,"((), (False, False, False, False), (False, False, True, True))",0.87,0.16,India OBD II (IOBD II),1410.0,10000000000001011010000000000001,0.0,0.0,255.0,32791.0,100,01101010110100000000000000000000,13.829,16.862745098039216,7.450980392156863,17.647058823529413,14.901960784313726,7.450980392156863,9.803921568627452
1738912785.767548,<obd.OBDResponse.Status object at 0x7f06aff3d0d0>,"('Open loop due to engine load OR fuel cut due to deceleration', '')",20.784313725490197,88,0.0,10.15625,28,1778.5,56.0,-1.5,41,17.647058823529413,"((), (False, False, False, False), (False, False, True, True))",0.87,0.18,India OBD II (IOBD II),1413.0,10000000000001011010000000000001,0.0,0.0,255.0,32791.0,100,01101010110100000000000000000000,13.735,16.862745098039216,7.450980392156863,18.03921568627451,14.901960784313726,7.450980392156863,9.803921568627452
1738912788.3178065,<obd.OBDResponse.Status object at 0x7f06afeb4310>,"('Closed loop, using oxygen sensor feedback to determine fuel mix', '')",20.784313725490197,88,-2.34375,10.15625,28,1799.5,55.0,-1.5,41,17.647058823529413,"((), (False, False, False, False), (False, False, True, True))",0.065,0.775,India OBD II (IOBD II),1415.0,10000000000001011010000000000001,0.0,0.0,255.0,32791.0,100,01101010110100000000000000000000,13.805,16.470588235294116,7.450980392156863,17.647058823529413,14.901960784313726,7.450980392156863,9.803921568627452
1738912790.8674998,<obd.OBDResponse.Status object at 0x7f06aff2fdd0>,"('Closed loop, using oxygen sensor feedback to determine fuel mix', '')",20.784313725490197,90,-2.34375,10.9375,28,1731.5,54.0,-1.0,42,17.254901960784313,"((), (False, False, False, False), (False, False, True, True))",0.105,0.78,India OBD II (IOBD II),1418.0,10000000000001011010000000000001,0.0,3.5294117647058822,255.0,32791.0,100,01101010110100000000000000000000,13.758000000000001,16.862745098039216,7.450980392156863,17.647058823529413,14.901960784313726,7.450980392156863,9.411764705882353
1738912793.4171734,<obd.OBDResponse.Status object at 0x7f06b004dd10>,"('Open loop due to engine load OR fuel cut due to deceleration', '')",19.607843137254903,90,0.0,10.9375,27,1728.5,54.0,-1.0,42,16.862745098039216,"((), (False, False, False, False), (False, False, True, True))",0.03,0.785,India OBD II (IOBD II),1420.0,10000000000001011010000000000001,0.0,0.0,255.0,32791.0,100,01101010110100000000000000000000,13.853,14.509803921568627,6.666666666666667,16.862745098039216,17.254901960784313,8.235294117647058,8.235294117647058
1738912795.9671307,<obd.OBDResponse.Status object at 0x7f06aff2dc50>,"('Open loop due to engine load OR fuel cut due to deceleration', '')",16.862745098039216,90,0.0,11.71875,24,1732.5,54.0,-18.0,42,16.470588235294116,"((), (False, False, False, False), (False, False, True, True))",0.01,0.0,India OBD II (IOBD II),1423.0,10000000000001011010000000000001,0.0,0.0,255.0,32792.0,100,01101010110100000000000000000000,13.805,13.72549019607843,6.2745098039215685,16.470588235294116,15.294117647058824,7.450980392156863,8.235294117647058
1738912798.5170655,<obd.OBDResponse.Status object at 0x7f06aff32010>,"('Open loop due to engine load OR fuel cut due to deceleration', '')",16.07843137254902,90,0.0,11.71875,23,1692.0,53.0,-17.5,42,16.470588235294116,"((), (False, False, False, False), (False, False, True, True))",0.01,0.0,India OBD II (IOBD II),1426.0,10000000000001011010000000000001,0.0,0.0,255.0,32792.0,100,01101010110100000000000000000000,13.805,13.333333333333334,6.2745098039215685,16.470588235294116,17.254901960784313,8.235294117647058,8.235294117647058
1738912801.0670078,<obd.OBDResponse.Status object at 0x7f06b075ebd0>,"('Open loop due to engine load OR fuel cut due to deceleration', '')",16.07843137254902,90,0.0,11.71875,23,1720.0,54.0,-17.5,42,16.470588235294116,"((), (False, False, False, False), (False, False, True, True))",0.005,0.0,India OBD II (IOBD II),1428.0,10000000000001011010000000000001,0.0,0.0,255.0,32792.0,100,01101010110100000000000000000000,13.735,13.333333333333334,6.2745098039215685,16.470588235294116,15.294117647058824,7.450980392156863,8.235294117647058
1738912803.616863,<obd.OBDResponse.Status object at 0x7f06aff38210>,"('Open loop due to engine load OR fuel cut due to deceleration', '')",16.07843137254902,90,0.0,10.9375,23,1706.0,53.0,34.5,42,17.254901960784313,"((), (False, False, False, False), (False, False, True, True))",0.46,0.06,India OBD II (IOBD II),1431.0,10000000000001011010000000000001,0.0,0.0,255.0,32792.0,100,01101010110100000000000000000000,13.711,16.07843137254902,7.450980392156863,17.647058823529413,19.607843137254903,9.411764705882353,9.803921568627452
1738912806.1667297,<obd.OBDResponse.Status object at 0x7f06afeb4150>,"('Open loop due to engine load OR fuel cut due to deceleration', '')",22.352941176470587,88,0.0,10.15625,30,1726.0,54.0,33.0,42,18.03921568627451,"((), (False, False, False, False), (False, False, True, True))",0.88,0.12,India OBD II (IOBD II),1433.0,10000000000001011010000000000001,0.0,0.0,255.0,32792.0,100,01101010110100000000000000000000,13.735,15.686274509803921,7.450980392156863,17.647058823529413,15.686274509803921,7.450980392156863,9.411764705882353
1738912808.7167234,<obd.OBDResponse.Status object at 0x7f06aff3b9d0>,"('Open loop due to engine load OR fuel cut due to deceleration', '')",17.254901960784313,87,0.0,11.71875,24,1732.0,54.0,-19.0,42,16.470588235294116,"((), (False, False, False, False), (False, False, True, True))",0.04,0.0,India OBD II (IOBD II),1436.0,10000000000001011010000000000001,0.0,0.0,255.0,32792.0,100,01101010110100000000000000000000,13.829,13.72549019607843,6.2745098039215685,16.470588235294116,20.0,9.411764705882353,8.235294117647058
1738912811.266824,<obd.OBDResponse.Status object at 0x7f06aff230d0>,"('Open loop due to engine load OR fuel cut due to deceleration', '')",16.07843137254902,87,0.0,11.71875,23,1713.5,55.0,1.5,42,17.647058823529413,"((), (False, False, False, False), (False, False, True, True))",0.675,0.1,India OBD II (IOBD II),1438.0,10000000000001011010000000000001,0.0,0.0,255.0,32792.0,100,01101010110100000000000000000000,13.805,15.294117647058822,6.666666666666667,16.862745098039216,15.294117647058824,7.450980392156863,8.627450980392156
1738912813.8165994,<obd.OBDResponse.Status object at 0x7f06aff0c090>,"('Open loop due to engine load OR fuel cut due to deceleration', '')",17.254901960784313,87,0.0,11.71875,24,1742.0,54.0,-19.0,42,16.470588235294116,"((), (False, False, False, False), (False, False, True, True))",0.04,0.0,India OBD II (IOBD II),1441.0,10000000000001011010000000000001,0.0,0.0,255.0,32792.0,100,01101010110100000000000000000000,13.805,13.72549019607843,6.2745098039215685,16.470588235294116,14.901960784313726,7.450980392156863,8.235294117647058
1738912816.366187,<obd.OBDResponse.Status object at 0x7f06b0781a10>,"('Open loop due to engine load OR fuel cut due to deceleration', '')",16.470588235294116,87,0.0,11.71875,23,1640.0,50.0,-16.5,42,16.07843137254902,"((), (False, False, False, False), (False, False, True, True))",0.04,0.0,India OBD II (IOBD II),1443.0,10000000000001011010000000000001,0.0,0.0,255.0,32792.0,100,01101010110100000000000000000000,13.758000000000001,13.333333333333334,5.882352941176471,16.07843137254902,14.901960784313726,7.450980392156863,7.8431372549019605
1738912818.916508,<obd.OBDResponse.Status object at 0x7f06aff2f2d0>,"('Open loop due to engine load OR fuel cut due to deceleration', '')",25.88235294117647,87,0.0,10.15625,33,1571.0,50.0,29.0,42,18.431372549019606,"((), (False, False, False, False), (False, False, True, True))",0.095,0.095,India OBD II (IOBD II),1446.0,10000000000001011010000000000001,0.0,0.0,255.0,32792.0,100,01101010110100000000000000000000,13.735,22.745098039215687,9.019607843137255,19.215686274509803,15.294117647058824,7.450980392156863,8.235294117647058
1738912821.4659622,<obd.OBDResponse.Status object at 0x7f06b0167250>,"('Open loop due to engine load OR fuel cut due to deceleration', '')",17.254901960784313,87,0.0,11.71875,24,1611.5,50.0,-18.0,42,16.470588235294116,"((), (False, False, False, False), (False, False, True, True))",0.03,0.0,India OBD II (IOBD II),1449.0,10000000000001011010000000000001,0.0,0.0,255.0,32792.0,100,01101010110100000000000000000000,13.735,13.72549019607843,6.2745098039215685,16.470588235294116,18.431372549019606,8.627450980392156,8.235294117647058
1738912824.0161855,<obd.OBDResponse.Status object at 0x7f06affc80d0>,"('Open loop due to engine load OR fuel cut due to deceleration', '')",16.470588235294116,87,0.0,11.71875,23,1597.0,50.0,-17.5,42,16.07843137254902,"((), (False, False, False, False), (False, False, True, True))",0.025,0.0,India OBD II (IOBD II),1451.0,10000000000001011010000000000001,0.0,0.0,255.0,32792.0,100,01101010110100000000000000000000,13.829,13.333333333333334,5.882352941176471,16.470588235294116,14.901960784313726,7.450980392156863,7.8431372549019605
1738912826.5657375,<obd.OBDResponse.Status object at 0x7f06b0782910>,"('Open loop due to engine load OR fuel cut due to deceleration', '')",16.470588235294116,87,0.0,11.71875,23,1591.5,50.0,-16.5,42,16.07843137254902,"((), (False, False, False, False), (False, False, True, True))",0.02,0.0,India OBD II (IOBD II),1454.0,10000000000001011010000000000001,0.0,0.0,255.0,32792.0,100,01101010110100000000000000000000,13.758000000000001,13.333333333333334,6.2745098039215685,16.470588235294116,15.294117647058824,7.450980392156863,7.8431372549019605
1738912829.1156886,<obd.OBDResponse.Status object at 0x7f06afeb6390>,"('Open loop due to engine load OR fuel cut due to deceleration', '')",16.07843137254902,87,0.0,11.71875,23,1590.0,50.0,-16.5,42,16.07843137254902,"((), (False, False, False, False), (False, False, True, True))",0.02,0.0,India OBD II (IOBD II),1456.0,10000000000001011010000000000001,0.0,0.0,255.0,32792.0,100,01101010110100000000000000000000,13.876,12.941176470588236,6.2745098039215685,16.470588235294116,19.215686274509803,9.411764705882353,7.8431372549019605
1738912831.666015,<obd.OBDResponse.Status object at 0x7f06aff0d950>,"('Open loop due to engine load OR fuel cut due to deceleration', '')",20.392156862745097,88,0.0,10.9375,30,1637.5,51.0,23.0,42,19.215686274509803,"((), (False, False, False, False), (False, False, True, True))",0.11,0.11,India OBD II (IOBD II),1459.0,10000000000001011010000000000001,0.0,0.0,255.0,32792.0,100,01101010110100000000000000000000,13.805,29.019607843137255,9.411764705882353,19.607843137254903,22.352941176470587,10.980392156862745,12.549019607843137
1738912834.2156255,<obd.OBDResponse.Status object at 0x7f06b073a9d0>,"('Open loop due to engine load OR fuel cut due to deceleration', '')",36.86274509803921,88,2.34375,9.375,44,1707.5,53.0,22.5,42,20.392156862745097,"((), (False, False, False, False), (False, False, True, True))",0.855,0.145,India OBD II (IOBD II),1461.0,10000000000001011010000000000001,0.0,0.0,255.0,32792.0,100,01101010110100000000000000000000,13.805,30.19607843137255,6.666666666666667,16.862745098039216,16.862745098039216,8.235294117647058,8.235294117647058
1738912836.7657049,<obd.OBDResponse.Status object at 0x7f06aff3ba90>,"('Open loop due to engine load OR fuel cut due to deceleration', '')",21.176470588235293,89,0.0,10.15625,30,1780.0,55.0,32.0,42,18.03921568627451,"((), (False, False, False, False), (False, False, True, True))",0.865,0.155,India OBD II (IOBD II),1464.0,10000000000001011010000000000001,0.0,0.0,255.0,32792.0,100,01101010110100000000000000000000,13.64,20.392156862745097,8.627450980392156,19.215686274509803,21.176470588235293,10.196078431372548,11.764705882352942
1738912839.315183,<obd.OBDResponse.Status object at 0x7f06b075d890>,"('Open loop due to engine load OR fuel cut due to deceleration', '')",24.313725490196077,90,0.0,10.15625,28,1803.5,57.0,33.5,42,17.647058823529413,"((), (False, False, False, False), (False, False, True, True))",0.865,0.16,India OBD II (IOBD II),1466.0,10000000000001011010000000000001,0.0,0.0,255.0,32792.0,100,01101010110100000000000000000000,13.829,17.254901960784313,7.8431372549019605,18.03921568627451,21.176470588235293,10.196078431372548,10.196078431372548
1738912841.8774025,<obd.OBDResponse.Status object at 0x7f06aff3db10>,"('Open loop due to engine load OR fuel cut due to deceleration', '')",23.529411764705884,90,0.0,10.15625,32,1859.5,59.0,32.0,42,19.215686274509803,"((), (False, False, False, False), (False, False, True, True))",0.8,0.165,India OBD II (IOBD II),1469.0,10000000000001011010000000000001,0.0,0.0,255.0,32792.0,100,01101010110100000000000000000000,13.758000000000001,22.745098039215687,9.411764705882353,19.607843137254903,23.137254901960784,11.372549019607844,12.156862745098039
1738912844.4154646,<obd.OBDResponse.Status object at 0x7f06affb6350>,"('Open loop due to engine load OR fuel cut due to deceleration', '')",30.58823529411765,90,0.0,9.375,38,1945.5,61.0,27.5,42,20.0,"((), (False, False, False, False), (False, False, True, True))",0.81,0.17,India OBD II (IOBD II),1471.0,10000000000001011010000000000001,0.0,0.0,255.0,32792.0,100,01101010110100000000000000000000,13.829,25.49019607843137,9.803921568627452,20.0,23.92156862745098,11.764705882352942,12.941176470588236
1738912846.964921,<obd.OBDResponse.Status object at 0x7f06b0744bd0>,"('Open loop due to engine load OR fuel cut due to deceleration', '')",31.764705882352942,91,0.0,9.375,40,1973.0,62.0,27.0,42,20.392156862745097,"((), (False, False, False, False), (False, False, True, True))",0.85,0.175,India OBD II (IOBD II),1474.0,10000000000001011010000000000001,0.0,0.0,255.0,32792.0,100,01101010110100000000000000000000,13.758000000000001,34.509803921568626,12.549019607843137,22.352941176470587,24.313725490196077,11.764705882352942,16.07843137254902
1738912849.515015,<obd.OBDResponse.Status object at 0x7f06b17b1410>,"('Open loop due to engine load OR fuel cut due to deceleration', '')",21.176470588235293,90,0.0,10.15625,29,1938.0,60.0,-3.0,42,18.431372549019606,"((), (False, False, False, False), (False, False, True, True))",0.02,0.82,India OBD II (IOBD II),1477.0,10000000000001011010000000000001,0.0,0.0,255.0,32792.0,100,01101010110100000000000000000000,13.735,14.509803921568627,7.0588235294117645,17.254901960784313,16.07843137254902,7.450980392156863,9.019607843137255
1738912852.0645792,<obd.OBDResponse.Status object at 0x7f06aff397d0>,"('Open loop due to engine load OR fuel cut due to deceleration', '')",16.862745098039216,90,0.0,10.9375,24,1804.5,56.0,-19.0,42,16.470588235294116,"((), (False, False, False, False), (False, False, True, True))",0.005,0.0,India OBD II (IOBD II),1479.0,10000000000001011010000000000001,0.0,0.0,255.0,32792.0,100,01101010110100000000000000000000,13.688,14.117647058823529,6.666666666666667,16.862745098039216,19.215686274509803,9.019607843137255,9.019607843137255
1738912854.614625,<obd.OBDResponse.Status object at 0x7f06b075f6d0>,"('Open loop due to engine load OR fuel cut due to deceleration', '')",21.96078431372549,89,0.0,10.15625,26,1732.0,54.0,34.5,42,17.254901960784313,"((), (False, False, False, False), (False, False, True, True))",0.895,0.115,India OBD II (IOBD II),1482.0,10000000000001011010000000000001,0.0,0.0,255.0,32792.0,101,01101010110100000000000000000000,13.853,15.294117647058822,7.0588235294117645,17.254901960784313,20.784313725490197,9.803921568627452,9.019607843137255
1738912857.1644711,<obd.OBDResponse.Status object at 0x7f06aff22810>,"('Open loop due to engine load OR fuel cut due to deceleration', '')",18.823529411764707,88,0.0,10.9375,26,1708.5,53.0,34.5,42,16.862745098039216,"((), (False, False, False, False), (False, False, True, True))",0.885,0.14,India OBD II (IOBD II),1484.0,10000000000001011010000000000001,0.0,0.0,255.0,32792.0,101,01101010110100000000000000000000,13.758000000000001,16.470588235294116,7.0588235294117645,17.254901960784313,20.784313725490197,10.196078431372548,9.411764705882353
1738912859.714423,<obd.OBDResponse.Status object at 0x7f06b0778110>,"('Open loop due to engine load OR fuel cut due to deceleration', '')",18.823529411764707,87,0.0,10.9375,26,1642.5,52.0,5.0,42,17.254901960784313,"((), (False, False, False, False), (False, False, True, True))",0.05,0.16,India OBD II (IOBD II),1487.0,10000000000001011010000000000001,0.0,0.0,255.0,32792.0,101,01101010110100000000000000000000,13.829,14.901960784313726,6.2745098039215685,16.470588235294116,14.901960784313726,7.450980392156863,8.235294117647058
1738912862.264606,<obd.OBDResponse.Status object at 0x7f06b0798590>,"('Open loop due to engine load OR fuel cut due to deceleration', '')",16.862745098039216,87,0.0,11.71875,23,1553.5,48.0,-18.0,42,16.07843137254902,"((), (False, False, False, False), (False, False, True, True))",0.015,0.0,India OBD II (IOBD II),1489.0,10000000000001011010000000000001,0.0,0.0,255.0,32793.0,101,01101010110100000000000000000000,13.758000000000001,13.333333333333334,6.2745098039215685,16.470588235294116,24.313725490196077,12.156862745098039,16.07843137254902
1738912864.8141038,<obd.OBDResponse.Status object at 0x7f06aff38a90>,"('Open loop due to engine load OR fuel cut due to deceleration', '')",60.78431372549019,87,0.0,8.59375,67,1584.5,49.0,14.0,42,23.529411764705884,"((), (False, False, False, False), (False, False, True, True))",0.865,0.16,India OBD II (IOBD II),1492.0,10000000000001011010000000000001,0.0,0.0,255.0,32793.0,101,01101010110100000000000000000000,13.664,49.80392156862745,13.72549019607843,23.92156862745098,21.96078431372549,9.803921568627452,17.647058823529413
1738912867.3644667,<obd.OBDResponse.Status object at 0x7f06b17dd750>,"('Open loop due to engine load OR fuel cut due to deceleration', '')",23.529411764705884,86,0.0,10.15625,34,1609.0,49.0,29.0,42,18.823529411764707,"((), (False, False, False, False), (False, False, True, True))",0.78,0.175,India OBD II (IOBD II),1494.0,10000000000001011010000000000001,0.0,0.0,255.0,32793.0,101,01101010110100000000000000000000,13.688,23.92156862745098,8.627450980392156,18.823529411764707,21.176470588235293,10.196078431372548,11.372549019607844
1738912869.9140391,<obd.OBDResponse.Status object at 0x7f06aff0f390>,"('Open loop due to engine load OR fuel cut due to deceleration', '')",43.13725490196079,87,0.0,9.375,50,1572.5,49.0,18.5,42,20.784313725490197,"((), (False, False, False, False), (False, False, True, True))",0.83,0.195,India OBD II (IOBD II),1497.0,10000000000001011010000000000001,0.0,0.0,255.0,32793.0,101,01101010110100000000000000000000,13.758000000000001,38.03921568627451,10.980392156862745,21.176470588235293,25.49019607843137,12.156862745098039,14.117647058823529
1738912872.4639816,<obd.OBDResponse.Status object at 0x7f06aff33410>,"('Closed loop, using oxygen sensor feedback to determine fuel mix', '')",58.03921568627451,87,2.34375,8.59375,66,1636.0,51.0,15.0,42,23.529411764705884,"((), (False, False, False, False), (False, False, True, True))",0.815,0.725,India OBD II (IOBD II),1500.0,10000000000001011010000000000001,0.0,0.0,255.0,32793.0,100,01101010110100000000000000000000,13.735,51.372549019607845,14.509803921568627,24.705882352941178,30.19607843137255,14.901960784313726,19.215686274509803
1738912875.0140378,<obd.OBDResponse.Status object at 0x7f06aff217d0>,"('Closed loop, using oxygen sensor feedback to determine fuel mix', '')",69.41176470588235,87,-2.34375,8.59375,77,1758.5,55.0,12.5,42,26.666666666666668,"((), (False, False, False, False), (False, False, True, True))",0.09,0.75,India OBD II (IOBD II),1502.0,10000000000001011010000000000001,0.0,12.549019607843137,255.0,32793.0,100,01101010110100000000000000000000,13.9,58.431372549019606,16.862745098039216,27.058823529411764,32.15686274509804,16.07843137254902,21.96078431372549
1738912877.5635521,<obd.OBDResponse.Status object at 0x7f06b0604b10>,"('Closed loop, using oxygen sensor feedback to determine fuel mix', '')",73.33333333333333,89,-3.125,7.8125,79,1887.0,59.0,12.0,42,27.84313725490196,"((), (False, False, False, False), (False, False, True, True))",0.105,0.765,India OBD II (IOBD II),1505.0,10000000000001011010000000000001,0.0,30.19607843137255,255.0,32793.0,100,01101010110100000000000000000000,13.735,59.2156862745098,17.647058823529413,27.84313725490196,32.94117647058823,16.07843137254902,22.745098039215687
1738912880.1075222,<obd.OBDResponse.Status object at 0x7f06b70e9090>,"('Closed loop, using oxygen sensor feedback to determine fuel mix', '')",83.52941176470588,90,-2.34375,7.8125,85,2015.0,63.0,-2.5,41,18.823529411764707,"((), (False, False, False, False), (False, False, True, True))",0.9,0.765,India OBD II (IOBD II),1507.0,10000000000001011010000000000001,0.0,3.1372549019607843,255.0,32793.0,100,01101010110100000000000000000000,13.735,16.862745098039216,8.235294117647058,18.431372549019606,19.607843137254903,9.411764705882353,10.588235294117647
1738912882.6754572,<obd.OBDResponse.Status object at 0x7f06aff0c350>,"('Closed loop, using oxygen sensor feedback to determine fuel mix', '')",50.19607843137255,91,-2.34375,8.59375,61,1978.5,62.0,17.0,41,23.92156862745098,"((), (False, False, False, False), (False, False, True, True))",0.08,0.755,India OBD II (IOBD II),1510.0,10000000000001011010000000000001,0.0,6.666666666666667,255.0,32793.0,100,01101010110100000000000000000000,13.688,47.05882352941176,14.509803921568627,24.705882352941178,27.45098039215686,13.333333333333334,18.823529411764707
1738912885.2132826,<obd.OBDResponse.Status object at 0x7f06aff3df50>,"('Closed loop, using oxygen sensor feedback to determine fuel mix', '')",59.21568627450981,92,-1.5625,7.8125,66,2039.5,64.0,17.0,41,25.49019607843137,"((), (False, False, False, False), (False, False, True, True))",0.25,0.755,India OBD II (IOBD II),1512.0,10000000000001011010000000000001,0.0,0.0,255.0,32793.0,101,01101010110100000000000000000000,13.711,50.98039215686274,15.686274509803921,26.274509803921568,29.019607843137255,14.117647058823529,20.392156862745097
1738912887.763195,<obd.OBDResponse.Status object at 0x7f06aff22c10>,"('Closed loop, using oxygen sensor feedback to determine fuel mix', '')",19.607843137254903,92,0.0,10.15625,31,2071.0,65.0,31.5,41,20.0,"((), (False, False, False, False), (False, False, True, True))",0.09,0.76,India OBD II (IOBD II),1515.0,10000000000001011010000000000001,0.0,3.9215686274509802,255.0,32793.0,100,01101010110100000000000000000000,13.829,31.372549019607842,11.372549019607844,22.745098039215687,26.666666666666668,12.941176470588236,15.686274509803921
1738912890.312969,<obd.OBDResponse.Status object at 0x7f06affb68d0>,"('Closed loop, using oxygen sensor feedback to determine fuel mix', '')",48.627450980392155,92,-3.125,8.59375,55,2084.0,66.0,18.5,41,23.529411764705884,"((), (False, False, False, False), (False, False, True, True))",0.085,0.765,India OBD II (IOBD II),1517.0,10000000000001011010000000000001,0.0,4.313725490196078,255.0,32793.0,100,01101010110100000000000000000000,13.805,40.78431372549019,13.72549019607843,23.92156862745098,27.84313725490196,13.72549019607843,17.647058823529413
1738912892.8632526,<obd.OBDResponse.Status object at 0x7f06aff3e950>,"('Closed loop, using oxygen sensor feedback to determine fuel mix', '')",52.94117647058823,90,-3.125,8.59375,59,2141.5,67.0,17.0,40,24.705882352941178,"((), (False, False, False, False), (False, False, True, True))",0.83,0.785,India OBD II (IOBD II),1520.0,10000000000001011010000000000001,0.0,0.0,255.0,32793.0,100,01101010110100000000000000000000,13.853,44.31372549019608,14.509803921568627,24.705882352941178,28.235294117647058,13.333333333333334,17.254901960784313
1738912895.4127228,<obd.OBDResponse.Status object at 0x7f06aff20110>,"('Closed loop, using oxygen sensor feedback to determine fuel mix', '')",34.90196078431372,90,3.90625,8.59375,40,2164.0,68.0,25.5,40,21.176470588235293,"((), (False, False, False, False), (False, False, True, True))",0.825,0.85,India OBD II (IOBD II),1522.0,10000000000001011010000000000001,0.0,0.0,255.0,32793.0,100,01101010110100000000000000000000,13.805,27.84313725490196,10.980392156862745,21.176470588235293,23.137254901960784,11.372549019607844,14.117647058823529
1738912897.9628284,<obd.OBDResponse.Status object at 0x7f06aff2f7d0>,"('Closed loop, using oxygen sensor feedback to determine fuel mix', '')",34.90196078431372,89,-1.5625,8.59375,45,2126.0,67.0,21.0,40,21.96078431372549,"((), (False, False, False, False), (False, False, True, True))",0.075,0.85,India OBD II (IOBD II),1525.0,10000000000001011010000000000001,0.0,0.0,255.0,32793.0,100,01101010110100000000000000000000,13.735,35.294117647058826,12.549019607843137,22.745098039215687,24.705882352941178,12.156862745098039,16.07843137254902
1738912900.5128102,<obd.OBDResponse.Status object at 0x7f06b0746650>,"('Closed loop, using oxygen sensor feedback to determine fuel mix', '')",42.745098039215684,88,3.90625,8.59375,49,2115.5,67.0,20.0,40,22.352941176470587,"((), (False, False, False, False), (False, False, True, True))",0.845,0.81,India OBD II (IOBD II),1528.0,10000000000001011010000000000001,0.0,0.0,255.0,32793.0,100,01101010110100000000000000000000,13.805,32.15686274509804,11.764705882352942,21.96078431372549,25.49019607843137,12.549019607843137,14.901960784313726
1738912903.0685225,<obd.OBDResponse.Status object at 0x7f06aff3d210>,"('Closed loop, using oxygen sensor feedback to determine fuel mix', '')",19.215686274509803,87,-0.78125,10.15625,23,2123.0,67.0,21.0,40,17.647058823529413,"((), (False, False, False, False), (False, False, True, True))",0.43,0.845,India OBD II (IOBD II),1530.0,10000000000001011010000000000001,0.0,2.7450980392156863,255.0,32793.0,100,01101010110100000000000000000000,13.876,13.333333333333334,7.450980392156863,17.647058823529413,20.0,9.803921568627452,9.411764705882353
1738912905.6244144,<obd.OBDResponse.Status object at 0x7f06aff2de90>,"('Closed loop, using oxygen sensor feedback to determine fuel mix', '')",16.07843137254902,87,-0.78125,10.9375,23,2054.5,64.0,35.0,40,17.647058823529413,"((), (False, False, False, False), (False, False, True, True))",0.175,0.835,India OBD II (IOBD II),1533.0,10000000000001011010000000000001,0.0,4.313725490196078,255.0,32793.0,100,01101010110100000000000000000000,13.853,16.07843137254902,8.235294117647058,18.431372549019606,21.96078431372549,10.588235294117647,10.980392156862745
1738912908.1746018,<obd.OBDResponse.Status object at 0x7f06aff32290>,"('Closed loop, using oxygen sensor feedback to determine fuel mix', '')",23.137254901960784,87,0.78125,9.375,31,2017.5,63.0,32.0,40,18.823529411764707,"((), (False, False, False, False), (False, False, True, True))",0.755,0.82,India OBD II (IOBD II),1535.0,10000000000001011010000000000001,0.0,8.627450980392156,255.0,32793.0,100,01101010110100000000000000000000,13.735,20.0,9.019607843137255,19.215686274509803,22.745098039215687,10.980392156862745,11.372549019607844
1738912910.7240984,<obd.OBDResponse.Status object at 0x7f06b02ca510>,"('Closed loop, using oxygen sensor feedback to determine fuel mix', '')",34.509803921568626,87,-0.78125,8.59375,39,1979.5,62.0,4.5,40,16.470588235294116,"((), (False, False, False, False), (False, False, True, True))",0.875,0.805,India OBD II (IOBD II),1538.0,10000000000001011010000000000001,0.0,0.0,255.0,32793.0,100,01101010110100000000000000000000,13.711,17.647058823529413,8.235294117647058,18.431372549019606,19.215686274509803,9.411764705882353,10.588235294117647
1738912913.2620173,<obd.OBDResponse.Status object at 0x7f06aff3ebd0>,"('Closed loop, using oxygen sensor feedback to determine fuel mix', '')",30.19607843137255,87,3.90625,9.375,40,1919.5,60.0,26.0,40,20.392156862745097,"((), (False, False, False, False), (False, False, True, True))",0.76,0.795,India OBD II (IOBD II),1540.0,10000000000001011010000000000001,0.0,0.0,255.0,32793.0,100,01101010110100000000000000000000,13.758000000000001,28.235294117647058,10.196078431372548,20.392156862745097,22.745098039215687,10.980392156862745,13.333333333333334
1738912915.8120291,<obd.OBDResponse.Status object at 0x7f06b001b290>,"('Open loop due to engine load OR fuel cut due to deceleration', '')",36.470588235294116,88,-0.78125,9.375,45,1881.5,59.0,4.5,40,17.254901960784313,"((), (False, False, False, False), (False, False, True, True))",0.855,0.78,India OBD II (IOBD II),1543.0,10000000000001011010000000000001,0.0,0.0,255.0,32793.0,100,01101010110100000000000000000000,13.758000000000001,17.254901960784313,7.8431372549019605,18.03921568627451,14.901960784313726,7.450980392156863,10.196078431372548
1738912918.3620265,<obd.OBDResponse.Status object at 0x7f06aff33f90>,"('Open loop due to engine load OR fuel cut due to deceleration', '')",17.254901960784313,90,0.0,10.9375,25,1783.5,56.0,-19.0,40,16.470588235294116,"((), (False, False, False, False), (False, False, True, True))",0.01,0.0,India OBD II (IOBD II),1545.0,10000000000001011010000000000001,0.0,0.0,255.0,32793.0,101,01101010110100000000000000000000,13.805,14.117647058823529,6.666666666666667,17.254901960784313,20.784313725490197,10.196078431372548,9.019607843137255
1738912920.9117253,<obd.OBDResponse.Status object at 0x7f06afeb6a90>,"('Open loop due to engine load OR fuel cut due to deceleration', '')",23.92156862745098,90,0.0,10.15625,33,1747.0,55.0,31.5,40,18.823529411764707,"((), (False, False, False, False), (False, False, True, True))",0.88,0.11,India OBD II (IOBD II),1548.0,10000000000001011010000000000001,0.0,0.0,255.0,32793.0,100,01101010110100000000000000000000,13.735,24.705882352941178,9.411764705882353,20.0,23.92156862745098,11.764705882352942,12.156862745098039
1738912923.455521,<obd.OBDResponse.Status object at 0x7f06b004d450>,"('Open loop due to engine load OR fuel cut due to deceleration', '')",38.03921568627451,90,0.0,9.375,45,1754.5,55.0,20.0,40,20.392156862745097,"((), (False, False, False, False), (False, False, True, True))",0.875,0.155,India OBD II (IOBD II),1551.0,10000000000001011010000000000001,0.0,0.0,255.0,32794.0,101,01101010110100000000000000000000,13.711,38.03921568627451,12.156862745098039,22.352941176470587,24.313725490196077,11.764705882352942,14.901960784313726
1738912926.0053482,<obd.OBDResponse.Status object at 0x7f06aff39290>,"('Open loop due to engine load OR fuel cut due to deceleration', '')",44.705882352941174,90,0.0,8.59375,53,1786.0,56.0,18.5,40,21.568627450980394,"((), (False, False, False, False), (False, False, True, True))",0.76,0.81,India OBD II (IOBD II),1553.0,10000000000001011010000000000001,0.0,0.0,255.0,32794.0,101,01101010110100000000000000000000,13.688,19.607843137254903,7.450980392156863,17.647058823529413,14.901960784313726,7.450980392156863,9.803921568627452
1738912928.5556285,<obd.OBDResponse.Status object at 0x7f06b0781410>,"('Open loop due to engine load OR fuel cut due to deceleration', '')",17.647058823529413,90,0.0,10.9375,25,1696.5,53.0,31.5,40,16.862745098039216,"((), (False, False, False, False), (False, False, True, True))",0.015,0.035,India OBD II (IOBD II),1556.0,10000000000001011010000000000001,0.0,0.0,255.0,32794.0,101,01101010110100000000000000000000,13.688,25.49019607843137,9.411764705882353,19.607843137254903,22.352941176470587,10.980392156862745,12.156862745098039
1738912931.1056752,<obd.OBDResponse.Status object at 0x7f06afeb5050>,"('Open loop due to engine load OR fuel cut due to deceleration', '')",65.88235294117646,90,0.0,8.59375,73,1716.5,54.0,14.0,40,25.49019607843137,"((), (False, False, False, False), (False, False, True, True))",0.905,0.17,India OBD II (IOBD II),1558.0,10000000000001011010000000000001,0.0,0.0,255.0,32794.0,101,01101010110100000000000000000000,13.805,52.15686274509804,14.509803921568627,24.705882352941178,29.019607843137255,14.509803921568627,18.431372549019606
1738912933.6615858,<obd.OBDResponse.Status object at 0x7f06aff2fe10>,"('Closed loop, using oxygen sensor feedback to determine fuel mix', '')",20.784313725490197,89,-1.5625,10.15625,32,1740.5,54.0,30.5,40,18.823529411764707,"((), (False, False, False, False), (False, False, True, True))",0.785,0.835,India OBD II (IOBD II),1561.0,10000000000001011010000000000001,0.0,0.0,255.0,32794.0,101,01101010110100000000000000000000,13.853,22.352941176470587,8.627450980392156,18.823529411764707,23.137254901960784,11.372549019607844,11.764705882352942
1738912936.2111866,<obd.OBDResponse.Status object at 0x7f06b0734c90>,"('Closed loop, using oxygen sensor feedback to determine fuel mix', '')",43.92156862745098,88,3.90625,8.59375,52,1677.5,52.0,18.5,39,20.0,"((), (False, False, False, False), (False, False, True, True))",0.84,0.825,India OBD II (IOBD II),1563.0,10000000000001011010000000000001,0.0,3.1372549019607843,255.0,32794.0,100,01101010110100000000000000000000,13.735,15.686274509803921,6.2745098039215685,16.470588235294116,19.215686274509803,9.019607843137255,8.235294117647058
1738912938.7608843,<obd.OBDResponse.Status object at 0x7f06aff2dd50>,"('Closed loop, using oxygen sensor feedback to determine fuel mix', '')",42.35294117647059,88,1.5625,9.375,50,1587.5,49.0,18.5,39,20.784313725490197,"((), (False, False, False, False), (False, False, True, True))",0.825,0.805,India OBD II (IOBD II),1566.0,10000000000001011010000000000001,0.0,7.450980392156863,255.0,32794.0,100,01101010110100000000000000000000,13.758000000000001,47.450980392156865,13.333333333333334,23.92156862745098,27.45098039215686,13.72549019607843,17.647058823529413
1738912941.3109148,<obd.OBDResponse.Status object at 0x7f06aff20350>,"('Closed loop, using oxygen sensor feedback to determine fuel mix', '')",74.90196078431373,88,0.78125,8.59375,83,1607.0,50.0,6.5,39,27.84313725490196,"((), (False, False, False, False), (False, False, True, True))",0.77,0.795,India OBD II (IOBD II),1568.0,10000000000001011010000000000001,0.0,42.745098039215684,255.0,32794.0,100,01101010110100000000000000000000,13.688,69.41176470588235,19.215686274509803,29.41176470588235,21.568627450980394,10.588235294117647,12.941176470588236
1738912943.860526,<obd.OBDResponse.Status object at 0x7f06b17b35d0>,"('Closed loop, using oxygen sensor feedback to determine fuel mix', '')",52.15686274509804,87,2.34375,8.59375,61,1601.0,50.0,15.5,39,22.745098039215687,"((), (False, False, False, False), (False, False, True, True))",0.72,0.78,India OBD II (IOBD II),1571.0,10000000000001011010000000000001,0.0,71.37254901960785,255.0,32794.0,100,01101010110100000000000000000000,13.805,51.76470588235294,14.117647058823529,24.313725490196077,28.235294117647058,14.117647058823529,18.823529411764707
1738912946.4107502,<obd.OBDResponse.Status object at 0x7f06aff0d910>,"('Closed loop, using oxygen sensor feedback to determine fuel mix', '')",76.86274509803921,88,1.5625,8.59375,79,1648.0,52.0,10.5,39,25.49019607843137,"((), (False, False, False, False), (False, False, True, True))",0.39,0.78,India OBD II (IOBD II),1573.0,10000000000001011010000000000001,0.0,100.0,255.0,32794.0,100,01101010110100000000000000000000,13.735,57.254901960784316,15.686274509803921,25.88235294117647,31.372549019607842,15.686274509803921,20.0
1738912948.9607818,<obd.OBDResponse.Status object at 0x7f06aff3b050>,"('Closed loop, using oxygen sensor feedback to determine fuel mix', '')",72.15686274509804,88,0.0,8.59375,79,1714.0,54.0,1.5,39,25.098039215686274,"((), (False, False, False, False), (False, False, True, True))",0.66,0.77,India OBD II (IOBD II),1576.0,10000000000001011010000000000001,0.0,51.76470588235294,255.0,32794.0,100,01101010110100000000000000000000,13.853,32.94117647058823,10.196078431372548,20.392156862745097,25.098039215686274,12.156862745098039,13.333333333333334
1738912951.5106604,<obd.OBDResponse.Status object at 0x7f06b07af0d0>,"('Closed loop, using oxygen sensor feedback to determine fuel mix', '')",63.529411764705884,88,0.0,8.59375,71,1731.5,54.0,15.0,39,24.313725490196077,"((), (False, False, False, False), (False, False, True, True))",0.11,0.765,India OBD II (IOBD II),1579.0,10000000000001011010000000000001,0.0,100.0,255.0,32794.0,100,01101010110100000000000000000000,13.829,55.68627450980392,16.07843137254902,26.274509803921568,29.41176470588235,14.509803921568627,21.568627450980394
1738912954.060351,<obd.OBDResponse.Status object at 0x7f06aff38210>,"('Closed loop, using oxygen sensor feedback to determine fuel mix', '')",26.666666666666668,89,-0.78125,10.15625,33,1744.0,54.0,28.5,39,18.431372549019606,"((), (False, False, False, False), (False, False, True, True))",0.78,0.755,India OBD II (IOBD II),1581.0,10000000000001011010000000000001,0.0,40.78431372549019,255.0,32794.0,100,01101010110100000000000000000000,13.758000000000001,40.78431372549019,12.549019607843137,22.745098039215687,26.274509803921568,12.941176470588236,16.862745098039216
1738912956.6101987,<obd.OBDResponse.Status object at 0x7f06b8a8b150>,"('Closed loop, using oxygen sensor feedback to determine fuel mix', '')",69.41176470588235,90,1.5625,8.59375,77,1734.5,54.0,12.0,39,25.88235294117647,"((), (False, False, False, False), (False, False, True, True))",0.495,0.755,India OBD II (IOBD II),1584.0,10000000000001011010000000000001,0.0,100.0,255.0,32794.0,100,01101010110100000000000000000000,13.711,58.03921568627451,16.470588235294116,26.666666666666668,29.41176470588235,14.509803921568627,20.784313725490197
1738912959.1602175,<obd.OBDResponse.Status object at 0x7f06aff2eed0>,"('Closed loop, using oxygen sensor feedback to determine fuel mix', '')",36.86274509803921,90,0.0,9.375,33,1754.5,55.0,32.0,39,16.862745098039216,"((), (False, False, False, False), (False, False, True, True))",0.89,0.75,India OBD II (IOBD II),1586.0,10000000000001011010000000000001,0.0,25.49019607843137,255.0,32794.0,100,01101010110100000000000000000000,13.758000000000001,14.509803921568627,6.2745098039215685,16.470588235294116,20.392156862745097,9.803921568627452,8.235294117647058
1738912961.7099802,<obd.OBDResponse.Status object at 0x7f06aff22f90>,"('Closed loop, using oxygen sensor feedback to determine fuel mix', '')",18.823529411764707,90,-1.5625,10.9375,25,1658.5,51.0,34.5,39,16.470588235294116,"((), (False, False, False, False), (False, False, True, True))",0.075,0.75,India OBD II (IOBD II),1589.0,10000000000001011010000000000001,0.0,24.313725490196077,255.0,32794.0,100,01101010110100000000000000000000,13.829,25.88235294117647,9.803921568627452,20.0,24.313725490196077,11.764705882352942,12.941176470588236
1738912964.2597868,<obd.OBDResponse.Status object at 0x7f06aff0e350>,"('Closed loop, using oxygen sensor feedback to determine fuel mix', '')",43.92156862745098,90,1.5625,9.375,50,1601.0,50.0,18.5,39,20.784313725490197,"((), (False, False, False, False), (False, False, True, True))",0.095,0.745,India OBD II (IOBD II),1591.0,10000000000001011010000000000001,0.0,0.0,255.0,32794.0,100,01101010110100000000000000000000,13.853,17.647058823529413,6.666666666666667,16.862745098039216,14.901960784313726,7.450980392156863,8.627450980392156
1738912966.8098764,<obd.OBDResponse.Status object at 0x7f06b076e0d0>,"('Open loop due to engine load OR fuel cut due to deceleration', '')",36.470588235294116,90,0.0,9.375,50,1474.0,46.0,18.0,39,21.568627450980394,"((), (False, False, False, False), (False, False, True, True))",0.84,0.095,India OBD II (IOBD II),1594.0,10000000000001011010000000000001,0.0,0.0,255.0,32794.0,100,01101010110100000000000000000000,13.735,49.80392156862745,14.117647058823529,24.313725490196077,28.235294117647058,13.72549019607843,18.03921568627451
1738912969.3596895,<obd.OBDResponse.Status object at 0x7f06b0607c50>,"('Open loop due to engine load OR fuel cut due to deceleration', '')",77.6470588235294,90,0.0,8.59375,84,1525.0,48.0,6.0,39,27.45098039215686,"((), (False, False, False, False), (False, False, True, True))",0.875,0.645,India OBD II (IOBD II),1596.0,10000000000001011010000000000001,0.0,0.0,255.0,32794.0,100,01101010110100000000000000000000,13.664,66.66666666666667,18.431372549019606,29.019607843137255,31.372549019607842,15.294117647058824,23.92156862745098
1738912971.9098823,<obd.OBDResponse.Status object at 0x7f06aff2d850>,"('Closed loop, using oxygen sensor feedback to determine fuel mix', '')",90.19607843137256,90,-1.5625,7.8125,92,1594.5,50.0,2.0,39,32.549019607843135,"((), (False, False, False, False), (False, False, True, True))",0.13,0.775,India OBD II (IOBD II),1599.0,10000000000001011010000000000001,0.0,6.2745098039215685,255.0,32794.0,100,01101010110100000000000000000000,13.829,74.90196078431373,23.92156862745098,34.11764705882353,33.333333333333336,16.470588235294116,30.980392156862745
1738912974.4593883,<obd.OBDResponse.Status object at 0x7f06aff0f210>,"('Closed loop, using oxygen sensor feedback to determine fuel mix', '')",53.333333333333336,90,0.0,9.375,38,1676.5,52.0,-4.5,39,16.862745098039216,"((), (False, False, False, False), (False, False, True, True))",0.9,0.775,India OBD II (IOBD II),1602.0,10000000000001011010000000000001,0.0,0.0,255.0,32794.0,100,01101010110100000000000000000000,13.876,35.294117647058826,11.764705882352942,21.96078431372549,26.666666666666668,13.333333333333334,15.294117647058824
1738912977.0093703,<obd.OBDResponse.Status object at 0x7f06aff3e7d0>,"('Closed loop, using oxygen sensor feedback to determine fuel mix', '')",56.86274509803921,90,0.0,8.59375,40,1674.5,52.0,-7.5,39,16.862745098039216,"((), (False, False, False, False), (False, False, True, True))",0.905,0.775,India OBD II (IOBD II),1604.0,10000000000001011010000000000001,0.0,0.0,255.0,32794.0,100,01101010110100000000000000000000,13.829,16.470588235294116,6.666666666666667,16.862745098039216,14.901960784313726,7.450980392156863,8.235294117647058
1738912979.5592709,<obd.OBDResponse.Status object at 0x7f06aff0d590>,"('Open loop due to engine load OR fuel cut due to deceleration', '')",16.470588235294116,90,0.0,11.71875,23,1580.0,49.0,-17.5,39,16.07843137254902,"((), (False, False, False, False), (False, False, True, True))",0.005,0.0,India OBD II (IOBD II),1607.0,10000000000001011010000000000001,0.0,0.0,255.0,32794.0,100,01101010110100000000000000000000,13.829,13.72549019607843,5.882352941176471,16.07843137254902,14.901960784313726,7.450980392156863,7.450980392156863
1738912982.1092758,<obd.OBDResponse.Status object at 0x7f06b0792450>,"('Open loop due to engine load OR fuel cut due to deceleration', '')",16.07843137254902,90,0.0,12.5,23,1438.0,45.0,-20.5,39,15.686274509803921,"((), (False, False, False, False), (False, False, True, True))",0.01,0.0,India OBD II (IOBD II),1609.0,10000000000001011010000000000001,0.0,0.0,255.0,32794.0,100,01101010110100000000000000000000,13.711,13.333333333333334,5.490196078431373,15.686274509803921,19.607843137254903,9.411764705882353,7.8431372549019605
1738912984.6593235,<obd.OBDResponse.Status object at 0x7f06aff3e8d0>,"('Open loop due to engine load OR fuel cut due to deceleration', '')",21.568627450980394,90,0.0,12.5,29,1087.5,42.0,9.0,39,15.686274509803921,"((), (False, False, False, False), (False, False, True, True))",0.925,0.09,India OBD II (IOBD II),1612.0,10000000000001011010000000000001,0.0,0.0,255.0,32794.0,100,01101010110100000000000000000000,13.593,18.03921568627451,5.490196078431373,15.686274509803921,14.901960784313726,7.450980392156863,6.666666666666667
1738912987.2088196,<obd.OBDResponse.Status object at 0x7f06b0762590>,"('Open loop due to engine load OR fuel cut due to deceleration', '')",25.88235294117647,89,0.0,12.5,35,771.5,38.0,6.0,39,14.901960784313726,"((), (False, False, False, False), (False, False, True, True))",0.91,0.115,India OBD II (IOBD II),1614.0,10000000000001011010000000000001,0.0,0.0,255.0,32794.0,100,01101010110100000000000000000000,13.688,20.392156862745097,5.098039215686274,15.294117647058824,14.901960784313726,7.450980392156863,6.2745098039215685
1738912989.7588181,<obd.OBDResponse.Status object at 0x7f06aff2e310>,"('Open loop due to engine load OR fuel cut due to deceleration', '')",20.0,89,0.0,14.0625,28,812.0,36.0,0.0,39,13.72549019607843,"((), (False, False, False, False), (False, False, True, True))",0.905,0.125,India OBD II (IOBD II),1617.0,10000000000001011010000000000001,0.0,0.0,255.0,32794.0,100,01101010110100000000000000000000,13.711,14.901960784313726,3.5294117647058822,13.72549019607843,14.901960784313726,7.450980392156863,4.705882352941177
1738912992.3085854,<obd.OBDResponse.Status object at 0x7f06aff336d0>,"('Open loop due to engine load OR fuel cut due to deceleration', '')",18.431372549019606,90,0.0,14.84375,26,790.0,38.0,4.5,39,13.72549019607843,"((), (False, False, False, False), (False, False, True, True))",0.895,0.135,India OBD II (IOBD II),1619.0,10000000000001011010000000000001,0.0,0.0,255.0,32794.0,100,01101010110100000000000000000000,13.735,14.117647058823529,3.5294117647058822,13.72549019607843,14.901960784313726,7.450980392156863,4.705882352941177
1738912994.8586314,<obd.OBDResponse.Status object at 0x7f06aff3da10>,"('Open loop due to engine load OR fuel cut due to deceleration', '')",19.607843137254903,90,0.0,13.28125,30,799.0,38.0,0.0,39,14.509803921568627,"((), (False, False, False, False), (False, False, True, True))",0.89,0.145,India OBD II (IOBD II),1622.0,10000000000001011010000000000001,0.0,0.0,255.0,32795.0,100,01101010110100000000000000000000,13.381,18.823529411764707,5.490196078431373,15.686274509803921,14.901960784313726,7.450980392156863,6.666666666666667
1738912997.4086914,<obd.OBDResponse.Status object at 0x7f06affb7dd0>,"('Closed loop, using oxygen sensor feedback to determine fuel mix', '')",25.49019607843137,90,-2.34375,12.5,34,810.5,33.0,10.5,39,14.901960784313726,"((), (False, False, False, False), (False, False, True, True))",0.81,0.835,India OBD II (IOBD II),1624.0,10000000000001011010000000000001,0.0,0.0,255.0,32795.0,100,01101010110100000000000000000000,13.688,19.607843137254903,4.705882352941177,15.294117647058824,14.901960784313726,7.450980392156863,6.2745098039215685
1738912999.9583554,<obd.OBDResponse.Status object at 0x7f06b0164cd0>,"('Closed loop, using oxygen sensor feedback to determine fuel mix', '')",25.88235294117647,90,-3.90625,12.5,34,802.5,22.0,9.0,39,14.901960784313726,"((), (False, False, False, False), (False, False, True, True))",0.095,0.86,India OBD II (IOBD II),1627.0,10000000000001011010000000000001,0.0,0.0,255.0,32795.0,100,01101010110100000000000000000000,13.57,20.0,5.098039215686274,15.294117647058824,14.901960784313726,7.450980392156863,6.666666666666667
1738913002.5084043,<obd.OBDResponse.Status object at 0x7f06affb6390>,"('Closed loop, using oxygen sensor feedback to determine fuel mix', '')",25.49019607843137,90,0.78125,12.5,34,805.0,14.0,9.0,39,14.901960784313726,"((), (False, False, False, False), (False, False, True, True))",0.77,0.84,India OBD II (IOBD II),1630.0,10000000000001011010000000000001,0.0,0.0,255.0,32795.0,100,01101010110100000000000000000000,13.57,19.607843137254903,5.098039215686274,15.294117647058824,14.901960784313726,7.450980392156863,6.2745098039215685
1738913005.0580914,<obd.OBDResponse.Status object at 0x7f06afeb5ed0>,"('Closed loop, using oxygen sensor feedback to determine fuel mix', '')",26.274509803921568,90,-3.125,12.5,34,796.5,9.0,8.0,39,14.901960784313726,"((), (False, False, False, False), (False, False, True, True))",0.08,0.83,India OBD II (IOBD II),1632.0,10000000000001011010000000000001,0.0,0.0,255.0,32795.0,100,01101010110100000000000000000000,13.688,20.0,5.098039215686274,15.294117647058824,14.901960784313726,7.450980392156863,6.666666666666667
1738913007.6082926,<obd.OBDResponse.Status object at 0x7f06aff3a910>,"('Closed loop, using oxygen sensor feedback to determine fuel mix', '')",27.058823529411764,90,-1.5625,12.5,38,848.0,3.0,22.5,39,15.294117647058824,"((), (False, False, False, False), (False, False, True, True))",0.755,0.82,India OBD II (IOBD II),1635.0,10000000000001011010000000000001,0.0,0.0,255.0,32795.0,100,01101010110100000000000000000000,13.57,23.137254901960784,8.627450980392156,18.823529411764707,20.0,9.803921568627452,8.627450980392156
1738913010.1577978,<obd.OBDResponse.Status object at 0x7f06aff2e890>,"('Closed loop, using oxygen sensor feedback to determine fuel mix', '')",52.15686274509804,90,-3.125,9.375,65,1105.0,12.0,9.0,39,20.0,"((), (False, False, False, False), (False, False, True, True))",0.1,0.8,India OBD II (IOBD II),1637.0,10000000000001011010000000000001,0.0,8.627450980392156,255.0,32795.0,100,01101010110100000000000000000000,13.664,48.627450980392155,11.372549019607844,21.96078431372549,25.098039215686274,12.156862745098039,14.901960784313726
1738913012.7077205,<obd.OBDResponse.Status object at 0x7f06b0778450>,"('Closed loop, using oxygen sensor feedback to determine fuel mix', '')",41.568627450980394,90,-3.90625,8.59375,49,1758.0,22.0,19.5,39,21.176470588235293,"((), (False, False, False, False), (False, False, True, True))",0.06,0.79,India OBD II (IOBD II),1640.0,10000000000001011010000000000001,0.0,20.0,255.0,32795.0,100,01101010110100000000000000000000,13.853,38.03921568627451,12.549019607843137,22.745098039215687,27.45098039215686,13.72549019607843,16.862745098039216
1738913015.2580314,<obd.OBDResponse.Status object at 0x7f06b07389d0>,"('Closed loop, using oxygen sensor feedback to determine fuel mix', '')",27.058823529411764,90,0.0,9.375,28,2178.5,28.0,-22.5,39,17.254901960784313,"((), (False, False, False, False), (False, False, True, True))",0.025,0.77,India OBD II (IOBD II),1642.0,10000000000001011010000000000001,0.0,0.0,255.0,32795.0,100,01101010110100000000000000000000,13.711,16.470588235294116,6.666666666666667,16.862745098039216,15.294117647058824,7.450980392156863,8.235294117647058
1738913017.8076632,<obd.OBDResponse.Status object at 0x7f06b88ea950>,"('Closed loop, using oxygen sensor feedback to determine fuel mix', '')",69.80392156862744,89,0.78125,8.59375,79,1628.0,29.0,9.5,40,27.84313725490196,"((), (False, False, False, False), (False, False, True, True))",0.81,0.19,India OBD II (IOBD II),1645.0,10000000000001011010000000000001,0.0,0.0,255.0,32795.0,100,01101010110100000000000000000000,13.735,68.62745098039215,21.568627450980394,31.764705882352942,32.94117647058823,16.470588235294116,27.84313725490196
1738913020.3576617,<obd.OBDResponse.Status object at 0x7f06affb76d0>,"('Open loop due to engine load OR fuel cut due to deceleration', '')",83.52941176470588,88,0.0,7.8125,48,2095.0,38.0,-7.5,40,17.254901960784313,"((), (False, False, False, False), (False, False, True, True))",0.935,0.315,India OBD II (IOBD II),1647.0,10000000000001011010000000000001,0.0,0.0,255.0,32795.0,100,01101010110100000000000000000000,13.711,16.862745098039216,6.666666666666667,16.470588235294116,14.901960784313726,7.450980392156863,8.235294117647058
1738913022.9073372,<obd.OBDResponse.Status object at 0x7f06b0fba090>,"('Open loop due to engine load OR fuel cut due to deceleration', '')",58.03921568627451,88,0.0,8.59375,70,1524.0,37.0,13.5,40,24.313725490196077,"((), (False, False, False, False), (False, False, True, True))",0.82,0.76,India OBD II (IOBD II),1650.0,10000000000001011010000000000001,0.0,0.0,255.0,32795.0,100,01101010110100000000000000000000,13.758000000000001,57.254901960784316,15.294117647058824,25.88235294117647,29.41176470588235,14.509803921568627,20.392156862745097
1738913025.4631758,<obd.OBDResponse.Status object at 0x7f06aff2d050>,"('Closed loop, using oxygen sensor feedback to determine fuel mix', '')",66.66666666666667,88,0.0,7.8125,74,1771.5,43.0,15.0,40,25.88235294117647,"((), (False, False, False, False), (False, False, True, True))",0.355,0.79,India OBD II (IOBD II),1653.0,10000000000001011010000000000001,0.0,0.0,255.0,32795.0,100,01101010110100000000000000000000,13.758000000000001,54.11764705882353,16.07843137254902,26.274509803921568,30.980392156862745,15.294117647058824,20.392156862745097
1738913028.007044,<obd.OBDResponse.Status object at 0x7f06aff20950>,"('Closed loop, using oxygen sensor feedback to determine fuel mix', '')",65.49019607843137,89,-1.5625,7.8125,71,2075.5,50.0,17.0,40,26.274509803921568,"((), (False, False, False, False), (False, False, True, True))",0.195,0.78,India OBD II (IOBD II),1655.0,10000000000001011010000000000001,0.0,4.705882352941177,255.0,32795.0,100,01101010110100000000000000000000,13.805,53.72549019607843,16.470588235294116,27.058823529411764,31.372549019607842,15.686274509803921,21.568627450980394
1738913030.5810158,<obd.OBDResponse.Status object at 0x7f06aff0dd90>,"('Closed loop, using oxygen sensor feedback to determine fuel mix', '')",32.15686274509804,89,0.0,8.59375,29,2321.5,56.0,-4.5,40,18.823529411764707,"((), (False, False, False, False), (False, False, True, True))",0.58,0.765,India OBD II (IOBD II),1658.0,10000000000001011010000000000001,0.0,0.0,255.0,32795.0,100,01101010110100000000000000000000,13.853,15.294117647058822,6.666666666666667,16.470588235294116,14.901960784313726,7.450980392156863,8.235294117647058
1738913033.1372209,<obd.OBDResponse.Status object at 0x7f06aff0cc90>,"('Open loop due to engine load OR fuel cut due to deceleration', '')",23.92156862745098,90,0.0,12.5,32,934.0,55.0,5.0,40,15.294117647058824,"((), (False, False, False, False), (False, False, True, True))",0.915,0.105,India OBD II (IOBD II),1660.0,10000000000001011010000000000001,0.0,0.0,255.0,32795.0,100,01101010110100000000000000000000,13.711,17.647058823529413,5.098039215686274,15.294117647058824,15.686274509803921,7.450980392156863,7.8431372549019605
1738913035.6870942,<obd.OBDResponse.Status object at 0x7f06aff223d0>,"('Closed loop, using oxygen sensor feedback to determine fuel mix', '')",19.215686274509803,90,1.5625,10.15625,28,1766.5,55.0,33.0,40,18.431372549019606,"((), (False, False, False, False), (False, False, True, True))",0.83,0.155,India OBD II (IOBD II),1663.0,10000000000001011010000000000001,0.0,0.0,255.0,32795.0,100,01101010110100000000000000000000,13.805,22.745098039215687,9.411764705882353,19.607843137254903,22.352941176470587,10.980392156862745,12.549019607843137
1738913038.2367053,<obd.OBDResponse.Status object at 0x7f06aff21550>,"('Closed loop, using oxygen sensor feedback to determine fuel mix', '')",38.8235294117647,90,0.0,8.59375,47,1829.5,57.0,21.0,41,20.784313725490197,"((), (False, False, False, False), (False, False, True, True))",0.74,0.175,India OBD II (IOBD II),1665.0,10000000000001011010000000000001,0.0,6.666666666666667,255.0,32795.0,100,01101010110100000000000000000000,13.758000000000001,32.94117647058823,10.980392156862745,21.176470588235293,23.92156862745098,11.372549019607844,14.509803921568627
1738913040.7867641,<obd.OBDResponse.Status object at 0x7f06aff2fdd0>,"('Closed loop, using oxygen sensor feedback to determine fuel mix', '')",32.15686274509804,90,-1.5625,9.375,39,1957.5,61.0,4.5,41,19.607843137254903,"((), (False, False, False, False), (False, False, True, True))",0.845,0.185,India OBD II (IOBD II),1668.0,10000000000001011010000000000001,0.0,0.0,255.0,32795.0,100,01101010110100000000000000000000,13.758000000000001,17.254901960784313,8.235294117647058,18.431372549019606,14.901960784313726,7.450980392156863,10.588235294117647
1738913043.3364666,<obd.OBDResponse.Status object at 0x7f06b073ac50>,"('Open loop due to engine load OR fuel cut due to deceleration', '')",16.862745098039216,90,0.0,10.9375,24,1838.0,57.0,-19.0,41,16.470588235294116,"((), (False, False, False, False), (False, False, True, True))",0.005,0.0,India OBD II (IOBD II),1670.0,10000000000001011010000000000001,0.0,0.0,255.0,32795.0,100,01101010110100000000000000000000,13.758000000000001,14.117647058823529,6.666666666666667,16.470588235294116,21.96078431372549,10.980392156862745,9.411764705882353
1738913045.8863678,<obd.OBDResponse.Status object at 0x7f06aff0e4d0>,"('Open loop due to engine load OR fuel cut due to deceleration', '')",48.627450980392155,89,0.0,8.59375,58,1790.5,56.0,17.0,41,22.745098039215687,"((), (False, False, False, False), (False, False, True, True))",0.86,0.125,India OBD II (IOBD II),1673.0,10000000000001011010000000000001,0.0,0.0,255.0,32795.0,100,01101010110100000000000000000000,13.758000000000001,44.31372549019608,13.333333333333334,23.529411764705884,28.627450980392158,14.117647058823529,17.647058823529413
1738913048.4363062,<obd.OBDResponse.Status object at 0x7f06affb6390>,"('Open loop due to engine load OR fuel cut due to deceleration', '')",67.45098039215686,89,0.0,7.8125,74,1844.0,58.0,15.5,41,26.274509803921568,"((), (False, False, False, False), (False, False, True, True))",0.875,0.23,India OBD II (IOBD II),1676.0,10000000000001011010000000000001,0.0,0.0,255.0,32795.0,100,01101010110100000000000000000000,13.688,54.90196078431372,16.07843137254902,26.274509803921568,29.019607843137255,14.509803921568627,20.784313725490197
1738913050.9863646,<obd.OBDResponse.Status object at 0x7f06aff2f4d0>,"('Closed loop, using oxygen sensor feedback to determine fuel mix', '')",70.58823529411765,89,-0.78125,7.8125,78,1846.0,58.0,12.5,41,27.058823529411764,"((), (False, False, False, False), (False, False, True, True))",0.095,0.795,India OBD II (IOBD II),1678.0,10000000000001011010000000000001,0.0,0.0,255.0,32795.0,100,01101010110100000000000000000000,13.829,58.8235294117647,17.254901960784313,26.666666666666668,19.607843137254903,8.627450980392156,20.0
1738913053.536299,<obd.OBDResponse.Status object at 0x7f06aff3e3d0>,"('Closed loop, using oxygen sensor feedback to determine fuel mix', '')",49.01960784313726,89,1.5625,8.59375,59,1748.5,54.0,16.5,41,23.137254901960784,"((), (False, False, False, False), (False, False, True, True))",0.165,0.785,India OBD II (IOBD II),1681.0,10000000000001011010000000000001,0.0,0.0,255.0,32795.0,100,01101010110100000000000000000000,13.758000000000001,51.76470588235294,14.901960784313726,25.098039215686274,28.627450980392158,14.117647058823529,19.607843137254903
1738913056.0859156,<obd.OBDResponse.Status object at 0x7f06aff31f90>,"('Closed loop, using oxygen sensor feedback to determine fuel mix', '')",67.45098039215686,89,-3.90625,8.59375,74,1712.0,54.0,14.0,41,25.49019607843137,"((), (False, False, False, False), (False, False, True, True))",0.08,0.79,India OBD II (IOBD II),1683.0,10000000000001011010000000000001,0.0,0.0,255.0,32795.0,100,01101010110100000000000000000000,13.829,54.90196078431372,15.686274509803921,25.88235294117647,30.980392156862745,15.294117647058824,20.0
1738913058.6362824,<obd.OBDResponse.Status object at 0x7f06b076f750>,"('Closed loop, using oxygen sensor feedback to determine fuel mix', '')",68.62745098039215,90,1.5625,8.59375,75,1726.0,54.0,11.0,41,25.88235294117647,"((), (False, False, False, False), (False, False, True, True))",0.805,0.775,India OBD II (IOBD II),1686.0,10000000000001011010000000000001,0.0,7.8431372549019605,255.0,32795.0,100,01101010110100000000000000000000,13.758000000000001,56.86274509803921,14.901960784313726,25.098039215686274,15.294117647058824,7.450980392156863,8.235294117647058
1738913061.185842,<obd.OBDResponse.Status object at 0x7f06afeb6950>,"('Open loop due to engine load OR fuel cut due to deceleration', '')",22.352941176470587,90,0.0,10.9375,32,1623.5,50.0,31.5,40,18.431372549019606,"((), (False, False, False, False), (False, False, True, True))",0.09,0.77,India OBD II (IOBD II),1688.0,10000000000001011010000000000001,0.0,0.0,255.0,32795.0,100,01101010110100000000000000000000,13.735,34.90196078431372,10.980392156862745,21.176470588235293,23.529411764705884,11.372549019607844,14.509803921568627
1738913063.73585,<obd.OBDResponse.Status object at 0x7f06affb76d0>,"('Closed loop, using oxygen sensor feedback to determine fuel mix', '')",47.84313725490196,90,2.34375,8.59375,57,1544.0,48.0,16.5,40,21.96078431372549,"((), (False, False, False, False), (False, False, True, True))",0.8,0.76,India OBD II (IOBD II),1691.0,10000000000001011010000000000001,0.0,0.0,255.0,32795.0,100,01101010110100000000000000000000,13.593,55.68627450980392,15.294117647058824,25.49019607843137,29.41176470588235,14.509803921568627,20.0
1738913066.2856867,<obd.OBDResponse.Status object at 0x7f06aff33290>,"('Closed loop, using oxygen sensor feedback to determine fuel mix', '')",78.03921568627452,90,-3.125,8.59375,83,1596.5,50.0,7.5,40,27.45098039215686,"((), (False, False, False, False), (False, False, True, True))",0.305,0.765,India OBD II (IOBD II),1693.0,10000000000001011010000000000001,0.0,9.019607843137255,255.0,32795.0,100,01101010110100000000000000000000,13.735,63.529411764705884,17.647058823529413,27.84313725490196,30.58823529411765,15.294117647058824,22.745098039215687
1738913068.835294,<obd.OBDResponse.Status object at 0x7f06aff39b50>,"('Closed loop, using oxygen sensor feedback to determine fuel mix', '')",65.88235294117646,90,-0.78125,8.59375,75,1645.0,52.0,11.0,40,26.666666666666668,"((), (False, False, False, False), (False, False, True, True))",0.13,0.765,India OBD II (IOBD II),1696.0,10000000000001011010000000000001,0.0,0.0,255.0,32795.0,100,01101010110100000000000000000000,13.711,62.35294117647059,17.254901960784313,27.45098039215686,31.764705882352942,15.686274509803921,21.96078431372549
1738913071.367345,<obd.OBDResponse.Status object at 0x7f06aff2db50>,"('Closed loop, using oxygen sensor feedback to determine fuel mix', '')",27.45098039215686,90,-2.34375,9.375,36,1691.5,53.0,29.0,40,18.823529411764707,"((), (False, False, False, False), (False, False, True, True))",0.255,0.755,India OBD II (IOBD II),1698.0,10000000000001011010000000000001,0.0,0.0,255.0,32795.0,100,01101010110100000000000000000000,13.853,26.274509803921568,9.411764705882353,19.607843137254903,23.529411764705884,11.372549019607844,12.156862745098039
1738913073.905134,<obd.OBDResponse.Status object at 0x7f06b0532010>,"('Closed loop, using oxygen sensor feedback to determine fuel mix', '')",36.470588235294116,90,0.78125,9.375,44,1695.5,53.0,21.5,40,20.392156862745097,"((), (False, False, False, False), (False, False, True, True))",0.17,0.75,India OBD II (IOBD II),1701.0,10000000000001011010000000000001,0.0,0.0,255.0,32795.0,100,01101010110100000000000000000000,13.829,31.372549019607842,10.196078431372548,20.392156862745097,24.313725490196077,11.764705882352942,13.333333333333334
1738913076.455277,<obd.OBDResponse.Status object at 0x7f06b7d77b90>,"('Closed loop, using oxygen sensor feedback to determine fuel mix', '')",22.745098039215687,90,0.0,10.9375,28,1674.5,53.0,10.5,40,17.254901960784313,"((), (False, False, False, False), (False, False, True, True))",0.045,0.745,India OBD II (IOBD II),1704.0,10000000000001011010000000000001,0.0,0.0,255.0,32796.0,100,01101010110100000000000000000000,13.829,14.901960784313726,6.2745098039215685,16.470588235294116,16.07843137254902,7.450980392156863,8.235294117647058
1738913079.0048778,<obd.OBDResponse.Status object at 0x7f06aff333d0>,"('Open loop due to engine load OR fuel cut due to deceleration', '')",18.03921568627451,90,0.0,10.9375,28,1584.5,49.0,32.0,40,17.647058823529413,"((), (False, False, False, False), (False, False, True, True))",0.26,0.075,India OBD II (IOBD II),1706.0,10000000000001011010000000000001,0.0,0.0,255.0,32796.0,100,01101010110100000000000000000000,13.735,20.784313725490197,8.235294117647058,18.431372549019606,14.901960784313726,7.450980392156863,10.196078431372548
1738913081.55515,<obd.OBDResponse.Status object at 0x7f06b96fad50>,"('Open loop due to engine load OR fuel cut due to deceleration', '')",20.0,90,0.0,10.9375,27,1484.5,45.0,6.0,40,16.862745098039216,"((), (False, False, False, False), (False, False, True, True))",0.89,0.125,India OBD II (IOBD II),1709.0,10000000000001011010000000000001,0.0,0.0,255.0,32796.0,100,01101010110100000000000000000000,13.711,16.862745098039216,6.666666666666667,16.470588235294116,14.901960784313726,7.450980392156863,8.235294117647058
1738913084.1047535,<obd.OBDResponse.Status object at 0x7f06aff3d050>,"('Open loop due to engine load OR fuel cut due to deceleration', '')",21.96078431372549,90,0.0,11.71875,29,1273.0,40.0,28.5,40,17.647058823529413,"((), (False, False, False, False), (False, False, True, True))",0.905,0.14,India OBD II (IOBD II),1711.0,10000000000001011010000000000001,0.0,0.0,255.0,32796.0,100,01101010110100000000000000000000,13.758000000000001,47.450980392156865,12.549019607843137,22.745098039215687,28.627450980392158,14.117647058823529,18.03921568627451
1738913086.6544771,<obd.OBDResponse.Status object at 0x7f06afeb4310>,"('Open loop due to engine load OR fuel cut due to deceleration', '')",26.666666666666668,89,0.0,10.9375,38,1278.0,41.0,8.0,40,18.823529411764707,"((), (False, False, False, False), (False, False, True, True))",0.89,0.18,India OBD II (IOBD II),1714.0,10000000000001011010000000000001,0.0,0.0,255.0,32796.0,100,01101010110100000000000000000000,13.805,39.6078431372549,11.372549019607844,21.568627450980394,25.88235294117647,12.941176470588236,14.901960784313726
1738913089.2046552,<obd.OBDResponse.Status object at 0x7f06b0fba090>,"('Closed loop, using oxygen sensor feedback to determine fuel mix', '')",67.84313725490196,90,-2.34375,8.59375,76,1388.0,43.0,10.5,40,23.92156862745098,"((), (False, False, False, False), (False, False, True, True))",0.34,0.84,India OBD II (IOBD II),1716.0,10000000000001011010000000000001,0.0,0.0,255.0,32796.0,100,01101010110100000000000000000000,13.876,53.72549019607843,13.333333333333334,23.529411764705884,27.058823529411764,13.333333333333334,17.254901960784313
1738913091.7545311,<obd.OBDResponse.Status object at 0x7f06afeb69d0>,"('Closed loop, using oxygen sensor feedback to determine fuel mix', '')",23.137254901960784,90,-0.78125,10.9375,27,1467.0,46.0,7.5,40,16.07843137254902,"((), (False, False, False, False), (False, False, True, True))",0.84,0.81,India OBD II (IOBD II),1719.0,10000000000001011010000000000001,0.0,3.5294117647058822,255.0,32796.0,100,01101010110100000000000000000000,13.853,14.117647058823529,5.882352941176471,18.431372549019606,20.392156862745097,9.803921568627452,10.980392156862745
1738913094.3042614,<obd.OBDResponse.Status object at 0x7f06aff2c290>,"('Closed loop, using oxygen sensor feedback to determine fuel mix', '')",20.784313725490197,90,-3.125,11.71875,28,1410.5,44.0,7.5,40,16.470588235294116,"((), (False, False, False, False), (False, False, True, True))",0.075,0.8,India OBD II (IOBD II),1721.0,10000000000001011010000000000001,0.0,3.5294117647058822,255.0,32796.0,100,01101010110100000000000000000000,13.735,17.254901960784313,6.666666666666667,16.862745098039216,14.901960784313726,7.450980392156863,8.235294117647058
1738913096.8541696,<obd.OBDResponse.Status object at 0x7f06aff31bd0>,"('Closed loop, using oxygen sensor feedback to determine fuel mix', '')",21.96078431372549,90,-1.5625,11.71875,30,1325.0,41.0,22.5,40,21.96078431372549,"((), (False, False, False, False), (False, False, True, True))",0.835,0.795,India OBD II (IOBD II),1724.0,10000000000001011010000000000001,0.0,7.450980392156863,255.0,32796.0,100,01101010110100000000000000000000,13.829,46.666666666666664,12.549019607843137,22.745098039215687,28.235294117647058,14.117647058823529,18.823529411764707
1738913099.4041512,<obd.OBDResponse.Status object at 0x7f06b02d5110>,"('Closed loop, using oxygen sensor feedback to determine fuel mix', '')",91.76470588235294,90,-1.5625,7.8125,95,1458.5,45.0,-1.5,40,79.6078431372549,"((), (False, False, False, False), (False, False, True, True))",0.075,0.79,India OBD II (IOBD II),1726.0,10000000000001011010000000000001,0.0,100.0,255.0,32796.0,100,01101010110100000000000000000000,13.593,79.2156862745098,72.54901960784314,82.74509803921569,35.294117647058826,17.647058823529413,93.33333333333333
1738913101.9538167,<obd.OBDResponse.Status object at 0x7f06b6993350>,"('Closed loop, using oxygen sensor feedback to determine fuel mix', '')",56.86274509803921,90,-2.34375,8.59375,68,1640.0,52.0,14.0,40,24.313725490196077,"((), (False, False, False, False), (False, False, True, True))",0.08,0.78,India OBD II (IOBD II),1729.0,10000000000001011010000000000001,0.0,35.294117647058826,255.0,32796.0,100,01101010110100000000000000000000,13.853,54.11764705882353,14.901960784313726,25.098039215686274,30.980392156862745,15.294117647058824,19.215686274509803
1738913104.5038161,<obd.OBDResponse.Status object at 0x7f06b053ca10>,"('Closed loop, using oxygen sensor feedback to determine fuel mix', '')",28.235294117647058,90,-3.125,9.375,43,1800.0,56.0,22.5,40,20.784313725490197,"((), (False, False, False, False), (False, False, True, True))",0.095,0.775,India OBD II (IOBD II),1732.0,10000000000001011010000000000001,0.0,34.90196078431372,255.0,32796.0,100,01101010110100000000000000000000,13.758000000000001,36.470588235294116,11.764705882352942,21.96078431372549,15.294117647058824,7.450980392156863,8.235294117647058
1738913107.0537515,<obd.OBDResponse.Status object at 0x7f06aff31a10>,"('Open loop due to engine load OR fuel cut due to deceleration', '')",17.254901960784313,90,0.0,10.9375,25,1874.5,59.0,-20.5,40,16.862745098039216,"((), (False, False, False, False), (False, False, True, True))",0.005,0.0,India OBD II (IOBD II),1734.0,10000000000001011010000000000001,0.0,0.0,255.0,32796.0,100,01101010110100000000000000000000,13.711,13.72549019607843,6.666666666666667,16.862745098039216,17.254901960784313,8.235294117647058,8.627450980392156
1738913109.6039102,<obd.OBDResponse.Status object at 0x7f06afff42d0>,"('Open loop due to engine load OR fuel cut due to deceleration', '')",41.568627450980394,89,0.0,8.59375,36,1927.0,61.0,-1.0,40,18.03921568627451,"((), (False, False, False, False), (False, False, True, True))",0.92,0.11,India OBD II (IOBD II),1737.0,10000000000001011010000000000001,0.0,0.0,255.0,32796.0,100,01101010110100000000000000000000,13.805,16.862745098039216,8.235294117647058,18.431372549019606,14.901960784313726,7.450980392156863,10.196078431372548
1738913112.1535969,<obd.OBDResponse.Status object at 0x7f06b0745d10>,"('Open loop due to engine load OR fuel cut due to deceleration', '')",36.07843137254902,88,0.0,8.59375,51,1918.5,60.0,17.0,41,23.137254901960784,"((), (False, False, False, False), (False, False, True, True))",0.795,0.1,India OBD II (IOBD II),1739.0,10000000000001011010000000000001,0.0,0.0,255.0,32796.0,100,01101010110100000000000000000000,13.711,35.294117647058826,11.764705882352942,20.784313725490197,22.745098039215687,10.980392156862745,13.72549019607843
1738913114.7034402,<obd.OBDResponse.Status object at 0x7f06b00fdc10>,"('Open loop due to engine load OR fuel cut due to deceleration', '')",44.31372549019608,88,0.0,8.59375,54,1971.0,62.0,18.5,41,22.745098039215687,"((), (False, False, False, False), (False, False, True, True))",0.875,0.16,India OBD II (IOBD II),1742.0,10000000000001011010000000000001,0.0,0.0,255.0,32796.0,100,01101010110100000000000000000000,13.758000000000001,40.3921568627451,13.333333333333334,23.529411764705884,24.705882352941178,11.764705882352942,16.470588235294116
1738913117.253471,<obd.OBDResponse.Status object at 0x7f06b002c890>,"('Closed loop, using oxygen sensor feedback to determine fuel mix', '')",28.627450980392158,88,-3.125,9.375,37,1988.0,62.0,29.0,41,18.823529411764707,"((), (False, False, False, False), (False, False, True, True))",0.1,0.82,India OBD II (IOBD II),1744.0,10000000000001011010000000000001,0.0,0.0,255.0,32796.0,100,01101010110100000000000000000000,13.853,16.862745098039216,8.235294117647058,18.431372549019606,15.294117647058824,7.450980392156863,10.588235294117647
1738913119.8031237,<obd.OBDResponse.Status object at 0x7f06b00fd350>,"('Open loop due to engine load OR fuel cut due to deceleration', '')",18.03921568627451,88,0.0,10.15625,24,1900.5,59.0,26.0,41,16.862745098039216,"((), (False, False, False, False), (False, False, True, True))",0.375,0.05,India OBD II (IOBD II),1747.0,10000000000001011010000000000001,0.0,0.0,255.0,32796.0,100,01101010110100000000000000000000,13.758000000000001,15.686274509803921,7.450980392156863,18.03921568627451,21.176470588235293,10.196078431372548,10.196078431372548
1738913122.3530464,<obd.OBDResponse.Status object at 0x7f06aff39410>,"('Open loop due to engine load OR fuel cut due to deceleration', '')",29.41176470588235,88,0.0,9.375,40,1837.5,57.0,25.5,41,20.392156862745097,"((), (False, False, False, False), (False, False, True, True))",0.865,0.13,India OBD II (IOBD II),1749.0,10000000000001011010000000000001,0.0,0.0,255.0,32796.0,100,01101010110100000000000000000000,13.758000000000001,30.19607843137255,10.588235294117647,20.784313725490197,24.705882352941178,12.156862745098039,13.72549019607843
1738913124.9033027,<obd.OBDResponse.Status object at 0x7f06afeb6910>,"('Open loop due to engine load OR fuel cut due to deceleration', '')",53.333333333333336,87,0.0,8.59375,62,1835.0,58.0,17.0,41,23.529411764705884,"((), (False, False, False, False), (False, False, True, True))",0.875,0.17,India OBD II (IOBD II),1752.0,10000000000001011010000000000001,0.0,0.0,255.0,32796.0,100,01101010110100000000000000000000,13.711,45.09803921568627,13.72549019607843,23.92156862745098,27.058823529411764,13.333333333333334,18.03921568627451
1738913127.45274,<obd.OBDResponse.Status object at 0x7f06b0783a50>,"('Closed loop, using oxygen sensor feedback to determine fuel mix', '')",33.72549019607843,88,0.0,9.375,33,1862.0,59.0,0.0,41,18.03921568627451,"((), (False, False, False, False), (False, False, True, True))",0.89,0.795,India OBD II (IOBD II),1755.0,10000000000001011010000000000001,0.0,0.0,255.0,32796.0,100,01101010110100000000000000000000,13.735,17.254901960784313,7.8431372549019605,18.431372549019606,21.568627450980394,10.588235294117647,12.549019607843137
1738913130.0028977,<obd.OBDResponse.Status object at 0x7f06b70e9090>,"('Closed loop, using oxygen sensor feedback to determine fuel mix', '')",47.450980392156865,88,0.0,8.59375,58,1845.0,57.0,18.0,41,23.529411764705884,"((), (False, False, False, False), (False, False, True, True))",0.115,0.815,India OBD II (IOBD II),1757.0,10000000000001011010000000000001,0.0,0.0,255.0,32796.0,100,01101010110100000000000000000000,13.735,46.27450980392157,14.117647058823529,24.313725490196077,26.666666666666668,12.941176470588236,18.03921568627451
1738913132.552542,<obd.OBDResponse.Status object at 0x7f06aff3a610>,"('Open loop due to engine load OR fuel cut due to deceleration', '')",50.19607843137255,88,0.0,8.59375,57,1873.0,59.0,18.5,41,22.745098039215687,"((), (False, False, False, False), (False, False, True, True))",0.87,0.785,India OBD II (IOBD II),1760.0,10000000000001011010000000000001,0.0,0.0,255.0,32796.0,100,01101010110100000000000000000000,13.829,39.6078431372549,12.549019607843137,22.745098039215687,26.666666666666668,12.941176470588236,16.470588235294116
1738913135.1025145,<obd.OBDResponse.Status object at 0x7f06b0778090>,"('Closed loop, using oxygen sensor feedback to determine fuel mix', '')",48.627450980392155,89,-4.6875,8.59375,56,1909.5,60.0,18.5,41,22.745098039215687,"((), (False, False, False, False), (False, False, True, True))",0.075,0.81,India OBD II (IOBD II),1762.0,10000000000001011010000000000001,0.0,0.0,255.0,32796.0,100,01101010110100000000000000000000,13.829,39.6078431372549,12.549019607843137,22.745098039215687,26.666666666666668,13.333333333333334,16.470588235294116
1738913137.6524527,<obd.OBDResponse.Status object at 0x7f06aff0da50>,"('Open loop due to engine load OR fuel cut due to deceleration', '')",18.03921568627451,90,0.0,10.9375,27,1856.0,58.0,33.5,41,18.03921568627451,"((), (False, False, False, False), (False, False, True, True))",0.07,0.8,India OBD II (IOBD II),1765.0,10000000000001011010000000000001,0.0,0.0,255.0,32796.0,100,01101010110100000000000000000000,13.711,18.431372549019606,8.235294117647058,18.431372549019606,21.568627450980394,10.588235294117647,10.588235294117647
1738913140.2023811,<obd.OBDResponse.Status object at 0x7f06aff32a50>,"('Closed loop, using oxygen sensor feedback to determine fuel mix', '')",23.92156862745098,90,-2.34375,10.15625,28,1789.5,56.0,0.5,41,17.647058823529413,"((), (False, False, False, False), (False, False, True, True))",0.775,0.78,India OBD II (IOBD II),1767.0,10000000000001011010000000000001,0.0,0.0,255.0,32796.0,100,01101010110100000000000000000000,13.758000000000001,17.254901960784313,7.450980392156863,17.647058823529413,20.784313725490197,10.196078431372548,9.803921568627452
1738913142.7525682,<obd.OBDResponse.Status object at 0x7f06aff33f50>,"('Closed loop, using oxygen sensor feedback to determine fuel mix', '')",50.19607843137255,90,4.6875,8.59375,58,1693.0,53.0,17.0,41,22.352941176470587,"((), (False, False, False, False), (False, False, True, True))",0.845,0.165,India OBD II (IOBD II),1770.0,10000000000001011010000000000001,0.0,0.0,255.0,32796.0,100,01101010110100000000000000000000,13.688,18.823529411764707,7.0588235294117645,17.254901960784313,14.901960784313726,7.450980392156863,9.019607843137255
1738913145.3022554,<obd.OBDResponse.Status object at 0x7f06aff224d0>,"('Open loop due to engine load OR fuel cut due to deceleration', '')",41.1764705882353,90,0.0,8.59375,57,1554.5,49.0,12.5,41,23.529411764705884,"((), (False, False, False, False), (False, False, True, True))",0.89,0.125,India OBD II (IOBD II),1772.0,10000000000001011010000000000001,0.0,0.0,255.0,32797.0,100,01101010110100000000000000000000,13.688,50.98039215686274,14.117647058823529,24.313725490196077,27.84313725490196,13.72549019607843,18.431372549019606
1738913147.8525429,<obd.OBDResponse.Status object at 0x7f06aff33690>,"('Open loop due to engine load OR fuel cut due to deceleration', '')",76.47058823529412,90,0.0,8.59375,83,1587.0,50.0,7.5,41,27.45098039215686,"((), (False, False, False, False), (False, False, True, True))",0.875,0.525,India OBD II (IOBD II),1775.0,10000000000001011010000000000001,0.0,0.0,255.0,32797.0,100,01101010110100000000000000000000,13.9,58.431372549019606,15.686274509803921,25.88235294117647,30.19607843137255,14.901960784313726,19.607843137254903
1738913150.4140196,<obd.OBDResponse.Status object at 0x7f06aff2c550>,"('Closed loop, using oxygen sensor feedback to determine fuel mix', '')",59.6078431372549,90,0.78125,8.59375,66,1625.5,51.0,15.0,41,23.529411764705884,"((), (False, False, False, False), (False, False, True, True))",0.71,0.735,India OBD II (IOBD II),1777.0,10000000000001011010000000000001,0.0,0.0,255.0,32797.0,100,01101010110100000000000000000000,13.711,48.23529411764706,13.72549019607843,23.529411764705884,27.84313725490196,13.72549019607843,17.647058823529413
1738913152.9518864,<obd.OBDResponse.Status object at 0x7f06aff22010>,"('Closed loop, using oxygen sensor feedback to determine fuel mix', '')",60.3921568627451,90,-0.78125,8.59375,66,1661.0,52.0,15.0,41,23.529411764705884,"((), (False, False, False, False), (False, False, True, True))",0.125,0.74,India OBD II (IOBD II),1780.0,10000000000001011010000000000001,0.0,10.196078431372548,255.0,32797.0,100,01101010110100000000000000000000,13.829,48.23529411764706,13.72549019607843,23.92156862745098,28.235294117647058,14.117647058823529,17.647058823529413
1738913155.5018928,<obd.OBDResponse.Status object at 0x7f06aff0cd50>,"('Closed loop, using oxygen sensor feedback to determine fuel mix', '')",40.3921568627451,90,0.0,9.375,35,1671.0,53.0,23.0,41,17.647058823529413,"((), (False, False, False, False), (False, False, True, True))",0.905,0.755,India OBD II (IOBD II),1783.0,10000000000001011010000000000001,0.0,0.0,255.0,32797.0,100,01101010110100000000000000000000,13.664,38.03921568627451,11.764705882352942,21.96078431372549,25.098039215686274,12.156862745098039,15.686274509803921
1738913158.0520005,<obd.OBDResponse.Status object at 0x7f06b073a9d0>,"('Closed loop, using oxygen sensor feedback to determine fuel mix', '')",59.6078431372549,90,0.0,8.59375,48,1673.5,52.0,-7.5,41,17.254901960784313,"((), (False, False, False, False), (False, False, True, True))",0.905,0.755,India OBD II (IOBD II),1785.0,10000000000001011010000000000001,0.0,0.0,255.0,32797.0,100,01101010110100000000000000000000,13.758000000000001,16.470588235294116,7.0588235294117645,17.254901960784313,18.03921568627451,9.019607843137255,9.019607843137255
1738913160.6015089,<obd.OBDResponse.Status object at 0x7f06b0752f90>,"('Closed loop, using oxygen sensor feedback to determine fuel mix', '')",44.31372549019608,90,3.125,9.375,53,1599.0,50.0,18.0,41,21.96078431372549,"((), (False, False, False, False), (False, False, True, True))",0.7,0.75,India OBD II (IOBD II),1788.0,10000000000001011010000000000001,0.0,0.0,255.0,32797.0,100,01101010110100000000000000000000,13.758000000000001,40.3921568627451,11.764705882352942,21.96078431372549,24.705882352941178,12.156862745098039,15.294117647058824
1738913163.1512973,<obd.OBDResponse.Status object at 0x7f06aff3d010>,"('Closed loop, using oxygen sensor feedback to determine fuel mix', '')",45.09803921568628,90,-2.34375,8.59375,51,1630.5,51.0,18.5,41,20.784313725490197,"((), (False, False, False, False), (False, False, True, True))",0.085,0.745,India OBD II (IOBD II),1790.0,10000000000001011010000000000001,0.0,0.0,255.0,32797.0,100,01101010110100000000000000000000,13.805,22.745098039215687,6.666666666666667,17.254901960784313,16.07843137254902,7.8431372549019605,9.019607843137255
1738913165.7013206,<obd.OBDResponse.Status object at 0x7f06aff32a50>,"('Closed loop, using oxygen sensor feedback to determine fuel mix', '')",21.568627450980394,90,0.78125,10.9375,29,1602.5,50.0,33.0,41,17.647058823529413,"((), (False, False, False, False), (False, False, True, True))",0.11,0.74,India OBD II (IOBD II),1793.0,10000000000001011010000000000001,0.0,0.0,255.0,32797.0,100,01101010110100000000000000000000,13.805,18.03921568627451,7.450980392156863,17.647058823529413,21.176470588235293,10.196078431372548,9.803921568627452
1738913168.251587,<obd.OBDResponse.Status object at 0x7f06aff0f250>,"('Closed loop, using oxygen sensor feedback to determine fuel mix', '')",23.529411764705884,90,0.0,10.15625,31,1589.5,49.0,30.5,41,18.03921568627451,"((), (False, False, False, False), (False, False, True, True))",0.09,0.735,India OBD II (IOBD II),1795.0,10000000000001011010000000000001,0.0,0.0,255.0,32797.0,100,01101010110100000000000000000000,13.853,20.392156862745097,7.8431372549019605,18.431372549019606,21.96078431372549,10.588235294117647,10.588235294117647
1738913170.8011875,<obd.OBDResponse.Status object at 0x7f06b1d21e90>,"('Closed loop, using oxygen sensor feedback to determine fuel mix', '')",35.68627450980392,90,-1.5625,9.375,42,1560.0,49.0,22.5,41,19.607843137254903,"((), (False, False, False, False), (False, False, True, True))",0.075,0.73,India OBD II (IOBD II),1798.0,10000000000001011010000000000001,0.0,5.882352941176471,255.0,32797.0,100,01101010110100000000000000000000,13.758000000000001,29.80392156862745,9.803921568627452,20.0,22.352941176470587,10.588235294117647,12.156862745098039
1738913173.3515186,<obd.OBDResponse.Status object at 0x7f06b077b310>,"('Closed loop, using oxygen sensor feedback to determine fuel mix', '')",20.0,90,-0.78125,10.9375,26,1547.0,48.0,9.0,41,16.862745098039216,"((), (False, False, False, False), (False, False, True, True))",0.085,0.72,India OBD II (IOBD II),1800.0,10000000000001011010000000000001,0.0,10.980392156862745,255.0,32797.0,100,01101010110100000000000000000000,13.758000000000001,15.686274509803921,6.666666666666667,16.862745098039216,14.901960784313726,7.450980392156863,8.627450980392156
1738913175.9006863,<obd.OBDResponse.Status object at 0x7f06b0532010>,"('Closed loop, using oxygen sensor feedback to determine fuel mix', '')",20.0,90,0.0,11.71875,27,1452.0,45.0,7.5,41,16.470588235294116,"((), (False, False, False, False), (False, False, True, True))",0.835,0.71,India OBD II (IOBD II),1803.0,10000000000001011010000000000001,0.0,20.0,255.0,32797.0,100,01101010110100000000000000000000,13.735,16.470588235294116,6.2745098039215685,16.470588235294116,14.901960784313726,7.450980392156863,8.235294117647058
1738913178.4509046,<obd.OBDResponse.Status object at 0x7f06affc8210>,"('Closed loop, using oxygen sensor feedback to determine fuel mix', '')",42.745098039215684,90,-4.6875,9.375,52,1365.5,43.0,18.5,41,19.607843137254903,"((), (False, False, False, False), (False, False, True, True))",0.08,0.71,India OBD II (IOBD II),1806.0,10000000000001011010000000000001,0.0,21.176470588235293,255.0,32797.0,100,01101010110100000000000000000000,13.829,19.215686274509803,6.2745098039215685,16.470588235294116,14.901960784313726,7.450980392156863,7.8431372549019605
1738913181.0004208,<obd.OBDResponse.Status object at 0x7f06b96fa7d0>,"('Open loop due to engine load OR fuel cut due to deceleration', '')",17.647058823529413,90,0.0,12.5,24,1423.5,45.0,11.0,41,15.686274509803921,"((), (False, False, False, False), (False, False, True, True))",0.015,0.0,India OBD II (IOBD II),1808.0,10000000000001011010000000000001,0.0,0.0,255.0,32797.0,100,01101010110100000000000000000000,13.829,15.294117647058822,6.666666666666667,16.862745098039216,20.784313725490197,9.803921568627452,8.627450980392156
1738913183.5503838,<obd.OBDResponse.Status object at 0x7f06aff0fa90>,"('Open loop due to engine load OR fuel cut due to deceleration', '')",24.705882352941178,89,0.0,10.15625,32,1562.0,49.0,30.5,41,18.03921568627451,"((), (False, False, False, False), (False, False, True, True))",0.7,0.115,India OBD II (IOBD II),1811.0,10000000000001011010000000000001,0.0,0.0,255.0,32797.0,100,01101010110100000000000000000000,13.829,25.098039215686274,9.411764705882353,18.431372549019606,19.215686274509803,8.627450980392156,9.019607843137255
1738913186.100392,<obd.OBDResponse.Status object at 0x7f06aff2f850>,"('Open loop due to engine load OR fuel cut due to deceleration', '')",21.96078431372549,89,0.0,10.9375,28,1624.5,51.0,33.0,41,17.254901960784313,"((), (False, False, False, False), (False, False, True, True))",0.885,0.125,India OBD II (IOBD II),1813.0,10000000000001011010000000000001,0.0,0.0,255.0,32797.0,100,01101010110100000000000000000000,13.711,17.254901960784313,7.450980392156863,17.647058823529413,19.607843137254903,9.411764705882353,9.411764705882353
1738913188.650246,<obd.OBDResponse.Status object at 0x7f06aff0c7d0>,"('Open loop due to engine load OR fuel cut due to deceleration', '')",18.823529411764707,88,0.0,11.71875,25,1625.5,50.0,-19.0,41,16.470588235294116,"((), (False, False, False, False), (False, False, True, True))",0.04,0.0,India OBD II (IOBD II),1816.0,10000000000001011010000000000001,0.0,0.0,255.0,32797.0,100,01101010110100000000000000000000,13.688,14.117647058823529,6.2745098039215685,16.470588235294116,14.901960784313726,7.450980392156863,7.8431372549019605
1738913191.2004027,<obd.OBDResponse.Status object at 0x7f06aff3c150>,"('Open loop due to engine load OR fuel cut due to deceleration', '')",19.215686274509803,88,0.0,10.9375,27,1301.0,41.0,6.5,41,16.07843137254902,"((), (False, False, False, False), (False, False, True, True))",0.335,0.06,India OBD II (IOBD II),1818.0,10000000000001011010000000000001,0.0,0.0,255.0,32797.0,100,01101010110100000000000000000000,13.735,16.862745098039216,5.882352941176471,16.07843137254902,14.901960784313726,7.450980392156863,7.8431372549019605
1738913193.7500718,<obd.OBDResponse.Status object at 0x7f06affb5990>,"('Open loop due to engine load OR fuel cut due to deceleration', '')",20.784313725490197,88,0.0,14.0625,28,883.0,26.0,5.0,41,14.509803921568627,"((), (False, False, False, False), (False, False, True, True))",0.925,0.1,India OBD II (IOBD II),1821.0,10000000000001011010000000000001,0.0,0.0,255.0,32797.0,100,01101010110100000000000000000000,13.593,16.07843137254902,3.9215686274509802,14.117647058823529,14.901960784313726,7.450980392156863,5.098039215686274
1738913196.31192,<obd.OBDResponse.Status object at 0x7f06aff39f50>,"('Open loop due to engine load OR fuel cut due to deceleration', '')",20.392156862745097,88,0.0,14.0625,28,826.5,21.0,0.0,41,14.117647058823529,"((), (False, False, False, False), (False, False, True, True))",0.91,0.12,India OBD II (IOBD II),1823.0,10000000000001011010000000000001,0.0,0.0,255.0,32797.0,100,01101010110100000000000000000000,13.758000000000001,14.509803921568627,3.9215686274509802,14.117647058823529,15.686274509803921,7.8431372549019605,5.098039215686274
1738913198.927695,<obd.OBDResponse.Status object at 0x7f06b07346d0>,"('Open loop due to engine load OR fuel cut due to deceleration', '')",69.41176470588235,88,0.0,8.59375,81,1317.0,24.0,6.5,41,25.88235294117647,"((), (False, False, False, False), (False, False, True, True))",0.805,0.475,India OBD II (IOBD II),1826.0,10000000000001011010000000000001,0.0,0.0,255.0,32797.0,100,01101010110100000000000000000000,13.9,68.23529411764706,18.823529411764707,29.019607843137255,35.68627450980392,17.647058823529413,26.274509803921568
1738913201.4838881,<obd.OBDResponse.Status object at 0x7f06b0785090>,"('Closed loop, using oxygen sensor feedback to determine fuel mix', '')",96.07843137254902,88,5.46875,7.8125,99,1983.5,36.0,6.0,41,72.15686274509804,"((), (False, False, False, False), (False, False, True, True))",0.805,0.77,India OBD II (IOBD II),1829.0,10000000000001011010000000000001,0.0,0.0,255.0,32797.0,100,01101010110100000000000000000000,13.711,64.70588235294117,19.607843137254903,29.80392156862745,30.58823529411765,15.294117647058824,22.745098039215687
1738913204.033736,<obd.OBDResponse.Status object at 0x7f06b072af10>,"('Open loop due to engine load OR fuel cut due to deceleration', '')",21.568627450980394,88,0.0,11.71875,29,1081.0,40.0,9.0,41,15.686274509803921,"((), (False, False, False, False), (False, False, True, True))",0.93,0.755,India OBD II (IOBD II),1831.0,10000000000001011010000000000001,0.0,0.0,255.0,32797.0,100,01101010110100000000000000000000,13.688,27.84313725490196,12.941176470588236,23.137254901960784,27.84313725490196,13.72549019607843,18.03921568627451
1738913206.589507,<obd.OBDResponse.Status object at 0x7f06aff0c2d0>,"('Closed loop, using oxygen sensor feedback to determine fuel mix', '')",69.80392156862744,88,0.0,8.59375,77,1757.0,42.0,12.0,42,26.666666666666668,"((), (False, False, False, False), (False, False, True, True))",0.145,0.8,India OBD II (IOBD II),1834.0,10000000000001011010000000000001,0.0,0.0,255.0,32797.0,100,01101010110100000000000000000000,13.805,20.0,7.450980392156863,17.647058823529413,16.862745098039216,7.8431372549019605,9.411764705882353
1738913209.1394773,<obd.OBDResponse.Status object at 0x7f06b01664d0>,"('Closed loop, using oxygen sensor feedback to determine fuel mix', '')",45.09803921568628,89,-0.78125,8.59375,52,1728.0,41.0,18.5,42,21.568627450980394,"((), (False, False, False, False), (False, False, True, True))",0.18,0.785,India OBD II (IOBD II),1836.0,10000000000001011010000000000001,0.0,0.0,255.0,32797.0,100,01101010110100000000000000000000,13.758000000000001,32.94117647058823,10.588235294117647,20.784313725490197,24.313725490196077,11.764705882352942,13.72549019607843
1738913211.6892207,<obd.OBDResponse.Status object at 0x7f06b0750a10>,"('Closed loop, using oxygen sensor feedback to determine fuel mix', '')",49.80392156862745,90,-0.78125,8.59375,58,1761.5,42.0,17.0,42,22.745098039215687,"((), (False, False, False, False), (False, False, True, True))",0.085,0.78,India OBD II (IOBD II),1839.0,10000000000001011010000000000001,0.0,0.0,255.0,32797.0,100,01101010110100000000000000000000,13.805,44.705882352941174,13.72549019607843,23.92156862745098,28.235294117647058,13.72549019607843,17.647058823529413
1738913214.2391655,<obd.OBDResponse.Status object at 0x7f06aff0fc50>,"('Closed loop, using oxygen sensor feedback to determine fuel mix', '')",19.607843137254903,90,-0.78125,10.9375,25,1805.5,43.0,13.5,42,16.862745098039216,"((), (False, False, False, False), (False, False, True, True))",0.875,0.77,India OBD II (IOBD II),1841.0,10000000000001011010000000000001,0.0,3.9215686274509802,255.0,32797.0,100,01101010110100000000000000000000,13.829,30.588235294117645,10.980392156862745,21.176470588235293,25.49019607843137,12.941176470588236,15.686274509803921
1738913216.782992,<obd.OBDResponse.Status object at 0x7f06b0167590>,"('Closed loop, using oxygen sensor feedback to determine fuel mix', '')",56.07843137254902,90,-3.125,8.59375,61,1815.5,43.0,18.0,42,23.137254901960784,"((), (False, False, False, False), (False, False, True, True))",0.28,0.76,India OBD II (IOBD II),1844.0,10000000000001011010000000000001,0.0,14.509803921568627,255.0,32797.0,100,01101010110100000000000000000000,13.758000000000001,43.529411764705884,13.333333333333334,23.529411764705884,27.058823529411764,13.333333333333334,17.254901960784313
1738913219.339221,<obd.OBDResponse.Status object at 0x7f06aff0e650>,"('Closed loop, using oxygen sensor feedback to determine fuel mix', '')",64.70588235294117,90,1.5625,8.59375,73,1880.0,45.0,15.5,42,25.49019607843137,"((), (False, False, False, False), (False, False, True, True))",0.795,0.755,India OBD II (IOBD II),1846.0,10000000000001011010000000000001,0.0,27.45098039215686,255.0,32797.0,100,01101010110100000000000000000000,13.711,52.94117647058823,15.686274509803921,25.88235294117647,28.235294117647058,14.117647058823529,20.0
1738913221.8887763,<obd.OBDResponse.Status object at 0x7f06b072ac90>,"('Closed loop, using oxygen sensor feedback to determine fuel mix', '')",30.58823529411765,90,0.0,9.375,32,1933.0,47.0,7.5,42,18.03921568627451,"((), (False, False, False, False), (False, False, True, True))",0.875,0.75,India OBD II (IOBD II),1849.0,10000000000001011010000000000001,0.0,0.0,255.0,32797.0,100,01101010110100000000000000000000,13.735,16.862745098039216,6.666666666666667,16.862745098039216,14.901960784313726,7.450980392156863,7.8431372549019605
1738913224.4386742,<obd.OBDResponse.Status object at 0x7f06b0778bd0>,"('Closed loop, using oxygen sensor feedback to determine fuel mix', '')",19.607843137254903,90,-0.78125,10.9375,29,1440.0,43.0,8.0,42,19.607843137254903,"((), (False, False, False, False), (False, False, True, True))",0.825,0.745,India OBD II (IOBD II),1852.0,10000000000001011010000000000001,0.0,0.0,255.0,32798.0,100,01101010110100000000000000000000,13.853,37.254901960784316,10.196078431372548,20.392156862745097,25.098039215686274,12.156862745098039,13.333333333333334
1738913226.9888668,<obd.OBDResponse.Status object at 0x7f06b00fc410>,"('Closed loop, using oxygen sensor feedback to determine fuel mix', '')",55.294117647058826,90,-3.125,8.59375,64,1360.0,43.0,15.0,42,21.568627450980394,"((), (False, False, False, False), (False, False, True, True))",0.105,0.745,India OBD II (IOBD II),1854.0,10000000000001011010000000000001,0.0,4.313725490196078,255.0,32798.0,100,01101010110100000000000000000000,13.758000000000001,51.372549019607845,14.117647058823529,24.313725490196077,30.58823529411765,15.294117647058824,17.647058823529413
1738913229.5385716,<obd.OBDResponse.Status object at 0x7f06aff3b150>,"('Closed loop, using oxygen sensor feedback to determine fuel mix', '')",85.88235294117646,90,-3.90625,8.59375,91,1435.0,45.0,2.0,42,29.80392156862745,"((), (False, False, False, False), (False, False, True, True))",0.115,0.76,India OBD II (IOBD II),1857.0,10000000000001011010000000000001,0.0,21.568627450980394,255.0,32798.0,100,01101010110100000000000000000000,13.97,68.62745098039215,20.0,30.19607843137255,31.764705882352942,15.686274509803921,24.313725490196077
1738913232.088427,<obd.OBDResponse.Status object at 0x7f06aff33c50>,"('Closed loop, using oxygen sensor feedback to determine fuel mix', '')",28.235294117647058,90,-1.5625,10.15625,40,1448.0,45.0,24.0,42,20.784313725490197,"((), (False, False, False, False), (False, False, True, True))",0.45,0.76,India OBD II (IOBD II),1859.0,10000000000001011010000000000001,0.0,17.647058823529413,255.0,32798.0,100,01101010110100000000000000000000,13.805,41.96078431372549,11.372549019607844,21.96078431372549,25.098039215686274,12.156862745098039,14.901960784313726
1738913234.6382613,<obd.OBDResponse.Status object at 0x7f06b0165e10>,"('Closed loop, using oxygen sensor feedback to determine fuel mix', '')",65.88235294117646,90,-2.34375,8.59375,75,1418.0,45.0,9.5,42,24.705882352941178,"((), (False, False, False, False), (False, False, True, True))",0.07,0.755,India OBD II (IOBD II),1862.0,10000000000001011010000000000001,0.0,72.54901960784314,255.0,32798.0,100,01101010110100000000000000000000,13.735,58.431372549019606,15.294117647058824,25.49019607843137,29.019607843137255,12.941176470588236,18.03921568627451
1738913237.1880443,<obd.OBDResponse.Status object at 0x7f06aff2e090>,"('Closed loop, using oxygen sensor feedback to determine fuel mix', '')",55.68627450980392,91,5.46875,8.59375,63,1454.0,45.0,3.5,42,21.568627450980394,"((), (False, False, False, False), (False, False, True, True))",0.825,0.755,India OBD II (IOBD II),1864.0,10000000000001011010000000000001,0.0,51.76470588235294,255.0,32798.0,100,01101010110100000000000000000000,13.805,40.78431372549019,10.980392156862745,21.176470588235293,23.92156862745098,11.764705882352942,14.117647058823529
1738913239.7383046,<obd.OBDResponse.Status object at 0x7f06b07808d0>,"('Closed loop, using oxygen sensor feedback to determine fuel mix', '')",21.96078431372549,91,0.0,10.9375,29,1422.0,44.0,-4.0,42,16.470588235294116,"((), (False, False, False, False), (False, False, True, True))",0.04,0.755,India OBD II (IOBD II),1867.0,10000000000001011010000000000001,0.0,0.0,255.0,32798.0,100,01101010110100000000000000000000,13.829,14.117647058823529,5.490196078431373,16.07843137254902,15.294117647058824,7.450980392156863,7.450980392156863
1738913242.2878268,<obd.OBDResponse.Status object at 0x7f06aff30950>,"('Open loop due to engine load OR fuel cut due to deceleration', '')",37.254901960784316,90,0.0,9.375,47,1342.5,42.0,21.0,42,19.215686274509803,"((), (False, False, False, False), (False, False, True, True))",0.615,0.085,India OBD II (IOBD II),1869.0,10000000000001011010000000000001,0.0,0.0,255.0,32798.0,100,01101010110100000000000000000000,13.829,34.509803921568626,9.411764705882353,20.0,23.92156862745098,11.764705882352942,12.549019607843137
1738913244.8384724,<obd.OBDResponse.Status object at 0x7f06aff3fad0>,"('Open loop due to engine load OR fuel cut due to deceleration', '')",26.666666666666668,90,0.0,10.9375,31,1324.5,42.0,-2.5,42,16.07843137254902,"((), (False, False, False, False), (False, False, True, True))",0.875,0.14,India OBD II (IOBD II),1872.0,10000000000001011010000000000001,0.0,0.0,255.0,32798.0,100,01101010110100000000000000000000,13.711,16.07843137254902,6.2745098039215685,16.470588235294116,14.901960784313726,7.450980392156863,8.235294117647058
1738913247.3875875,<obd.OBDResponse.Status object at 0x7f06b0784450>,"('Open loop due to engine load OR fuel cut due to deceleration', '')",21.568627450980394,90,0.0,11.71875,29,1269.0,40.0,4.5,42,16.07843137254902,"((), (False, False, False, False), (False, False, True, True))",0.915,0.155,India OBD II (IOBD II),1874.0,10000000000001011010000000000001,0.0,0.0,255.0,32798.0,100,01101010110100000000000000000000,13.664,16.862745098039216,5.882352941176471,16.07843137254902,15.686274509803921,7.450980392156863,7.8431372549019605
1738913249.9374566,<obd.OBDResponse.Status object at 0x7f06b0791190>,"('Open loop due to engine load OR fuel cut due to deceleration', '')",21.96078431372549,90,0.0,12.5,29,1200.5,38.0,4.5,42,16.07843137254902,"((), (False, False, False, False), (False, False, True, True))",0.89,0.16,India OBD II (IOBD II),1877.0,10000000000001011010000000000001,0.0,0.0,255.0,32798.0,100,01101010110100000000000000000000,13.735,17.647058823529413,5.882352941176471,16.07843137254902,14.901960784313726,7.450980392156863,7.8431372549019605
1738913252.4877696,<obd.OBDResponse.Status object at 0x7f06aff2ba90>,"('Closed loop, using oxygen sensor feedback to determine fuel mix', '')",23.92156862745098,90,-3.125,13.28125,32,976.0,29.0,8.0,42,15.294117647058824,"((), (False, False, False, False), (False, False, True, True))",0.825,0.83,India OBD II (IOBD II),1880.0,10000000000001011010000000000001,0.0,0.0,255.0,32798.0,100,01101010110100000000000000000000,13.593,19.607843137254903,5.490196078431373,15.686274509803921,14.901960784313726,7.450980392156863,6.2745098039215685
1738913255.037226,<obd.OBDResponse.Status object at 0x7f06b009b850>,"('Closed loop, using oxygen sensor feedback to determine fuel mix', '')",27.45098039215686,90,-7.03125,10.9375,44,628.0,13.0,-13.0,42,13.333333333333334,"((), (False, False, False, False), (False, False, True, True))",0.565,0.855,India OBD II (IOBD II),1882.0,10000000000001011010000000000001,0.0,0.0,255.0,32798.0,100,01101010110100000000000000000000,13.758000000000001,17.254901960784313,4.313725490196078,14.509803921568627,14.901960784313726,7.450980392156863,5.098039215686274
1738913257.5872958,<obd.OBDResponse.Status object at 0x7f06aff32dd0>,"('Closed loop, using oxygen sensor feedback to determine fuel mix', '')",20.0,90,-4.6875,14.0625,27,812.5,2.0,3.5,42,13.72549019607843,"((), (False, False, False, False), (False, False, True, True))",0.82,0.84,India OBD II (IOBD II),1885.0,10000000000001011010000000000001,0.0,0.0,255.0,32798.0,100,01101010110100000000000000000000,13.805,14.901960784313726,3.5294117647058822,13.72549019607843,14.901960784313726,7.450980392156863,4.705882352941177
1738913260.1373177,<obd.OBDResponse.Status object at 0x7f06aff2f590>,"('Closed loop, using oxygen sensor feedback to determine fuel mix', '')",32.549019607843135,90,-9.375,10.9375,47,750.0,0.0,-5.5,42,14.901960784313726,"((), (False, False, False, False), (False, False, True, True))",0.06,0.83,India OBD II (IOBD II),1887.0,10000000000001011010000000000001,0.0,0.0,255.0,32798.0,100,01101010110100000000000000000000,13.711,31.764705882352942,8.235294117647058,18.431372549019606,20.0,9.803921568627452,10.980392156862745
1738913262.6813557,<obd.OBDResponse.Status object at 0x7f06afeb6490>,"('Closed loop, using oxygen sensor feedback to determine fuel mix', '')",48.627450980392155,90,-2.34375,9.375,54,1193.5,8.0,11.0,42,19.607843137254903,"((), (False, False, False, False), (False, False, True, True))",0.095,0.815,India OBD II (IOBD II),1890.0,10000000000001011010000000000001,0.0,6.2745098039215685,255.0,32798.0,100,01101010110100000000000000000000,13.664,29.41176470588235,8.235294117647058,18.431372549019606,14.901960784313726,7.450980392156863,9.803921568627452
1738913265.2372682,<obd.OBDResponse.Status object at 0x7f06aff30bd0>,"('Closed loop, using oxygen sensor feedback to determine fuel mix', '')",46.666666666666664,90,1.5625,9.375,57,1411.0,9.0,4.5,42,21.568627450980394,"((), (False, False, False, False), (False, False, True, True))",0.32,0.795,India OBD II (IOBD II),1892.0,10000000000001011010000000000001,0.0,9.411764705882353,255.0,32798.0,100,01101010110100000000000000000000,13.758000000000001,39.21568627450981,12.156862745098039,22.352941176470587,25.098039215686274,12.156862745098039,16.07843137254902
1738913267.7866428,<obd.OBDResponse.Status object at 0x7f06b0729210>,"('Open loop due to engine load OR fuel cut due to deceleration', '')",32.15686274509804,90,0.0,9.375,43,1823.5,12.0,23.0,42,20.784313725490197,"((), (False, False, False, False), (False, False, True, True))",0.06,0.775,India OBD II (IOBD II),1895.0,10000000000001011010000000000001,0.0,0.0,255.0,32798.0,100,01101010110100000000000000000000,13.758000000000001,33.72549019607843,11.764705882352942,21.96078431372549,23.92156862745098,11.764705882352942,15.294117647058824
1738913270.3489237,<obd.OBDResponse.Status object at 0x7f06aff2a290>,"('Open loop due to engine load OR fuel cut due to deceleration', '')",25.88235294117647,90,0.0,10.15625,30,1897.0,12.0,-3.0,42,16.862745098039216,"((), (False, False, False, False), (False, False, True, True))",0.045,0.12,India OBD II (IOBD II),1897.0,10000000000001011010000000000001,0.0,0.0,255.0,32798.0,100,01101010110100000000000000000000,13.829,18.03921568627451,6.2745098039215685,16.470588235294116,14.901960784313726,7.450980392156863,7.8431372549019605
1738913272.8984497,<obd.OBDResponse.Status object at 0x7f06b00fd8d0>,"('Closed loop, using oxygen sensor feedback to determine fuel mix', '')",21.568627450980394,90,-1.5625,14.0625,29,940.0,9.0,-3.0,42,14.509803921568627,"((), (False, False, False, False), (False, False, True, True))",0.875,0.68,India OBD II (IOBD II),1900.0,10000000000001011010000000000001,0.0,0.0,255.0,32798.0,100,01101010110100000000000000000000,13.758000000000001,15.686274509803921,4.313725490196078,14.509803921568627,15.294117647058824,7.450980392156863,5.490196078431373
1738913275.4367418,<obd.OBDResponse.Status object at 0x7f06aff30610>,"('Closed loop, using oxygen sensor feedback to determine fuel mix', '')",19.607843137254903,89,-5.46875,14.84375,27,780.5,8.0,3.5,42,13.72549019607843,"((), (False, False, False, False), (False, False, True, True))",0.85,0.67,India OBD II (IOBD II),1903.0,10000000000001011010000000000001,0.0,0.0,255.0,32798.0,100,01101010110100000000000000000000,13.758000000000001,14.117647058823529,4.313725490196078,14.509803921568627,22.352941176470587,10.980392156862745,10.588235294117647
1738913277.986368,<obd.OBDResponse.Status object at 0x7f06aff293d0>,"('Closed loop, using oxygen sensor feedback to determine fuel mix', '')",23.92156862745098,90,0.0,10.15625,27,1372.0,9.0,-4.5,42,16.07843137254902,"((), (False, False, False, False), (False, False, True, True))",0.51,0.675,India OBD II (IOBD II),1905.0,10000000000001011010000000000001,0.0,0.0,255.0,32798.0,100,01101010110100000000000000000000,13.735,14.901960784313726,6.2745098039215685,16.07843137254902,20.392156862745097,9.803921568627452,7.8431372549019605
1738913280.5361888,<obd.OBDResponse.Status object at 0x7f06b07836d0>,"('Closed loop, using oxygen sensor feedback to determine fuel mix', '')",21.176470588235293,90,1.5625,12.5,29,1156.0,8.0,-4.5,42,16.07843137254902,"((), (False, False, False, False), (False, False, True, True))",0.075,0.665,India OBD II (IOBD II),1908.0,10000000000001011010000000000001,0.0,0.0,255.0,32798.0,100,01101010110100000000000000000000,13.688,19.607843137254903,5.882352941176471,16.07843137254902,14.901960784313726,7.450980392156863,7.450980392156863
1738913283.0861702,<obd.OBDResponse.Status object at 0x7f06b00fe750>,"('Closed loop, using oxygen sensor feedback to determine fuel mix', '')",27.058823529411764,90,-2.34375,12.5,36,803.5,4.0,8.0,42,15.686274509803921,"((), (False, False, False, False), (False, False, True, True))",0.715,0.66,India OBD II (IOBD II),1910.0,10000000000001011010000000000001,0.0,0.0,255.0,32798.0,100,01101010110100000000000000000000,13.664,22.352941176470587,5.490196078431373,15.686274509803921,14.901960784313726,7.450980392156863,7.0588235294117645
1738913285.6360528,<obd.OBDResponse.Status object at 0x7f06aff2a310>,"('Closed loop, using oxygen sensor feedback to determine fuel mix', '')",28.627450980392158,90,-1.5625,12.5,37,817.5,0.0,3.5,43,15.686274509803921,"((), (False, False, False, False), (False, False, True, True))",0.815,0.655,India OBD II (IOBD II),1913.0,10000000000001011010000000000001,0.0,0.0,255.0,32798.0,100,01101010110100000000000000000000,13.546000000000001,21.96078431372549,5.490196078431373,15.686274509803921,14.901960784313726,7.450980392156863,7.0588235294117645
1738913288.1861935,<obd.OBDResponse.Status object at 0x7f06b0778390>,"('Closed loop, using oxygen sensor feedback to determine fuel mix', '')",28.235294117647058,90,-0.78125,12.5,36,811.0,0.0,5.0,43,15.294117647058824,"((), (False, False, False, False), (False, False, True, True))",0.83,0.65,India OBD II (IOBD II),1915.0,10000000000001011010000000000001,0.0,0.0,255.0,32798.0,100,01101010110100000000000000000000,13.688,21.56862745098039,5.490196078431373,15.686274509803921,14.901960784313726,7.450980392156863,7.0588235294117645
1738913290.7358174,<obd.OBDResponse.Status object at 0x7f06b0799510>,"('Closed loop, using oxygen sensor feedback to determine fuel mix', '')",41.568627450980394,90,0.78125,10.15625,55,760.0,0.0,-8.5,43,15.686274509803921,"((), (False, False, False, False), (False, False, True, True))",0.875,0.66,India OBD II (IOBD II),1918.0,10000000000001011010000000000001,0.0,0.0,255.0,32798.0,100,01101010110100000000000000000000,13.64,25.88235294117647,6.666666666666667,16.862745098039216,14.901960784313726,7.450980392156863,9.803921568627452
1738913293.2979774,<obd.OBDResponse.Status object at 0x7f06aff0e890>,"('Closed loop, using oxygen sensor feedback to determine fuel mix', '')",43.13725490196079,90,-1.5625,10.9375,50,915.0,4.0,-1.5,43,17.254901960784313,"((), (False, False, False, False), (False, False, True, True))",0.105,0.66,India OBD II (IOBD II),1920.0,10000000000001011010000000000001,0.0,0.0,255.0,32798.0,100,01101010110100000000000000000000,13.688,23.52941176470588,6.2745098039215685,16.470588235294116,16.862745098039216,7.8431372549019605,7.8431372549019605
1738913295.8599403,<obd.OBDResponse.Status object at 0x7f06b001a910>,"('Closed loop, using oxygen sensor feedback to determine fuel mix', '')",30.980392156862745,90,-2.34375,10.15625,39,1293.0,8.0,25.5,43,18.03921568627451,"((), (False, False, False, False), (False, False, True, True))",0.095,0.66,India OBD II (IOBD II),1923.0,10000000000001011010000000000001,0.0,4.313725490196078,255.0,32798.0,100,01101010110100000000000000000000,13.876,23.137254901960784,8.235294117647058,18.431372549019606,20.784313725490197,10.196078431372548,10.196078431372548
1738913298.41584,<obd.OBDResponse.Status object at 0x7f06aff28610>,"('Open loop due to engine load OR fuel cut due to deceleration', '')",21.176470588235293,90,0.0,12.5,28,1056.0,9.0,-6.0,44,15.294117647058824,"((), (False, False, False, False), (False, False, True, True))",0.545,0.055,India OBD II (IOBD II),1925.0,10000000000001011010000000000001,0.0,0.0,255.0,32798.0,100,01101010110100000000000000000000,13.758000000000001,15.686274509803921,4.705882352941177,14.901960784313726,14.901960784313726,7.450980392156863,6.2745098039215685
1738913300.965369,<obd.OBDResponse.Status object at 0x7f06b0730f10>,"('Open loop due to engine load OR fuel cut due to deceleration', '')",25.098039215686274,90,0.0,12.5,34,788.5,7.0,9.0,44,14.901960784313726,"((), (False, False, False, False), (False, False, True, True))",0.9,0.11,India OBD II (IOBD II),1928.0,10000000000001011010000000000001,0.0,0.0,255.0,32798.0,100,01101010110100000000000000000000,13.735,20.784313725490197,5.098039215686274,15.294117647058824,14.901960784313726,7.450980392156863,6.666666666666667
1738913303.509365,<obd.OBDResponse.Status object at 0x7f06aff3e290>,"('Open loop due to engine load OR fuel cut due to deceleration', '')",26.666666666666668,90,0.0,12.5,34,812.5,5.0,22.5,44,16.07843137254902,"((), (False, False, False, False), (False, False, True, True))",0.875,0.135,India OBD II (IOBD II),1931.0,10000000000001011010000000000001,0.0,0.0,255.0,32798.0,100,01101010110100000000000000000000,13.829,31.764705882352942,8.235294117647058,18.431372549019606,21.568627450980394,10.588235294117647,10.588235294117647
1738913306.0650723,<obd.OBDResponse.Status object at 0x7f06b8abad50>,"('Open loop due to engine load OR fuel cut due to deceleration', '')",23.92156862745098,90,0.0,13.28125,32,883.5,6.0,6.5,44,15.294117647058824,"((), (False, False, False, False), (False, False, True, True))",0.87,0.145,India OBD II (IOBD II),1933.0,10000000000001011010000000000001,0.0,0.0,255.0,32798.0,100,01101010110100000000000000000000,13.711,18.823529411764707,5.098039215686274,15.294117647058824,18.823529411764707,9.019607843137255,7.450980392156863
1738913308.615316,<obd.OBDResponse.Status object at 0x7f06b0779d10>,"('Open loop due to engine load OR fuel cut due to deceleration', '')",41.96078431372549,90,0.0,10.15625,48,1097.5,7.0,20.0,45,18.03921568627451,"((), (False, False, False, False), (False, False, True, True))",0.855,0.52,India OBD II (IOBD II),1936.0,10000000000001011010000000000001,0.0,0.0,255.0,32798.0,100,01101010110100000000000000000000,13.735,22.352941176470587,5.882352941176471,16.07843137254902,15.294117647058824,7.450980392156863,7.450980392156863
1738913311.1653028,<obd.OBDResponse.Status object at 0x7f06aff32750>,"('Closed loop, using oxygen sensor feedback to determine fuel mix', '')",36.470588235294116,90,-3.125,10.15625,44,1349.0,8.0,23.0,45,18.823529411764707,"((), (False, False, False, False), (False, False, True, True))",0.065,0.8,India OBD II (IOBD II),1938.0,10000000000001011010000000000001,0.0,3.1372549019607843,255.0,32798.0,100,01101010110100000000000000000000,13.805,26.274509803921568,9.019607843137255,19.215686274509803,19.215686274509803,7.450980392156863,11.372549019607844
1738913313.7147365,<obd.OBDResponse.Status object at 0x7f06b0167010>,"('Closed loop, using oxygen sensor feedback to determine fuel mix', '')",23.137254901960784,90,0.78125,13.28125,31,977.5,8.0,10.5,45,15.686274509803921,"((), (False, False, False, False), (False, False, True, True))",0.88,0.8,India OBD II (IOBD II),1941.0,10000000000001011010000000000001,0.0,0.0,255.0,32798.0,100,01101010110100000000000000000000,13.664,19.215686274509803,5.490196078431373,15.686274509803921,14.901960784313726,7.450980392156863,7.0588235294117645
1738913316.264968,<obd.OBDResponse.Status object at 0x7f06b0745e10>,"('Closed loop, using oxygen sensor feedback to determine fuel mix', '')",27.45098039215686,90,-3.125,13.28125,32,850.5,5.0,-7.0,45,14.117647058823529,"((), (False, False, False, False), (False, False, True, True))",0.1,0.8,India OBD II (IOBD II),1943.0,10000000000001011010000000000001,0.0,0.0,255.0,32798.0,100,01101010110100000000000000000000,13.805,16.07843137254902,3.9215686274509802,14.117647058823529,14.901960784313726,7.450980392156863,5.098039215686274
1738913318.8145583,<obd.OBDResponse.Status object at 0x7f06aff292d0>,"('Closed loop, using oxygen sensor feedback to determine fuel mix', '')",19.215686274509803,90,-4.6875,14.84375,27,735.5,1.0,27.0,45,13.72549019607843,"((), (False, False, False, False), (False, False, True, True))",0.82,0.795,India OBD II (IOBD II),1946.0,10000000000001011010000000000001,0.0,0.0,255.0,32798.0,100,01101010110100000000000000000000,13.334,21.56862745098039,4.313725490196078,14.509803921568627,15.294117647058824,7.450980392156863,5.882352941176471
1738913321.3647225,<obd.OBDResponse.Status object at 0x7f06aff2f290>,"('Closed loop, using oxygen sensor feedback to determine fuel mix', '')",43.529411764705884,90,-3.125,10.15625,50,962.5,6.0,12.5,45,17.647058823529413,"((), (False, False, False, False), (False, False, True, True))",0.185,0.79,India OBD II (IOBD II),1948.0,10000000000001011010000000000001,0.0,3.9215686274509802,255.0,32798.0,100,01101010110100000000000000000000,13.758000000000001,36.07843137254902,10.196078431372548,21.176470588235293,22.745098039215687,10.980392156862745,14.117647058823529
1738913323.9143763,<obd.OBDResponse.Status object at 0x7f06b0798d50>,"('Closed loop, using oxygen sensor feedback to determine fuel mix', '')",20.784313725490197,90,1.5625,11.71875,28,1469.0,9.0,10.5,45,16.862745098039216,"((), (False, False, False, False), (False, False, True, True))",0.06,0.78,India OBD II (IOBD II),1951.0,10000000000001011010000000000001,0.0,5.098039215686274,255.0,32798.0,100,01101010110100000000000000000000,13.664,24.705882352941178,8.627450980392156,18.823529411764707,17.254901960784313,7.450980392156863,9.803921568627452
1738913326.464235,<obd.OBDResponse.Status object at 0x7f06aff0e050>,"('Closed loop, using oxygen sensor feedback to determine fuel mix', '')",34.90196078431372,90,-0.78125,10.15625,44,1286.0,8.0,-1.5,45,18.03921568627451,"((), (False, False, False, False), (False, False, True, True))",0.74,0.775,India OBD II (IOBD II),1954.0,10000000000001011010000000000001,0.0,7.8431372549019605,255.0,32798.0,100,01101010110100000000000000000000,13.688,21.176470588235293,6.666666666666667,16.862745098039216,14.901960784313726,7.450980392156863,8.627450980392156
1738913329.0081031,<obd.OBDResponse.Status object at 0x7f06aff2b4d0>,"('Closed loop, using oxygen sensor feedback to determine fuel mix', '')",25.88235294117647,90,-4.6875,12.5,34,1007.0,6.0,6.0,45,16.07843137254902,"((), (False, False, False, False), (False, False, True, True))",0.07,0.765,India OBD II (IOBD II),1956.0,10000000000001011010000000000001,0.0,0.0,255.0,32798.0,100,01101010110100000000000000000000,13.664,20.784313725490197,5.882352941176471,16.07843137254902,18.431372549019606,8.627450980392156,7.8431372549019605
1738913331.5639596,<obd.OBDResponse.Status object at 0x7f06b02d3b50>,"('Closed loop, using oxygen sensor feedback to determine fuel mix', '')",26.274509803921568,90,0.78125,12.5,32,1014.0,6.0,-1.5,46,15.294117647058824,"((), (False, False, False, False), (False, False, True, True))",0.775,0.765,India OBD II (IOBD II),1959.0,10000000000001011010000000000001,0.0,2.7450980392156863,255.0,32798.0,100,01101010110100000000000000000000,13.735,19.215686274509803,5.882352941176471,17.254901960784313,21.176470588235293,10.196078431372548,9.411764705882353
1738913334.1139224,<obd.OBDResponse.Status object at 0x7f06aff3f650>,"('Closed loop, using oxygen sensor feedback to determine fuel mix', '')",31.764705882352942,90,-3.125,9.375,39,1490.5,10.0,26.0,46,18.823529411764707,"((), (False, False, False, False), (False, False, True, True))",0.06,0.76,India OBD II (IOBD II),1961.0,10000000000001011010000000000001,0.0,5.098039215686274,255.0,32798.0,100,01101010110100000000000000000000,13.876,23.52941176470588,9.019607843137255,19.215686274509803,23.529411764705884,11.372549019607844,12.156862745098039
1738913336.6637282,<obd.OBDResponse.Status object at 0x7f06aff29a10>,"('Closed loop, using oxygen sensor feedback to determine fuel mix', '')",23.529411764705884,90,-0.78125,9.375,33,2038.5,13.0,11.0,46,21.176470588235293,"((), (False, False, False, False), (False, False, True, True))",0.07,0.755,India OBD II (IOBD II),1964.0,10000000000001011010000000000001,0.0,0.0,255.0,32798.0,100,01101010110100000000000000000000,13.711,17.647058823529413,7.450980392156863,17.647058823529413,14.901960784313726,7.450980392156863,9.803921568627452
1738913339.2259953,<obd.OBDResponse.Status object at 0x7f06b0725390>,"('Open loop due to engine load OR fuel cut due to deceleration', '')",24.705882352941178,90,0.0,12.5,32,1062.5,12.0,27.0,46,17.647058823529413,"((), (False, False, False, False), (False, False, True, True))",0.89,0.75,India OBD II (IOBD II),1966.0,10000000000001011010000000000001,0.0,0.0,255.0,32798.0,100,01101010110100000000000000000000,13.711,20.784313725490197,5.882352941176471,16.07843137254902,14.901960784313726,7.450980392156863,7.0588235294117645
1738913341.763814,<obd.OBDResponse.Status object at 0x7f06aff30f10>,"('Closed loop, using oxygen sensor feedback to determine fuel mix', '')",29.019607843137255,90,-1.5625,11.71875,40,662.5,8.0,13.5,47,15.294117647058824,"((), (False, False, False, False), (False, False, True, True))",0.1,0.75,India OBD II (IOBD II),1969.0,10000000000001011010000000000001,0.0,0.0,255.0,32798.0,100,01101010110100000000000000000000,13.24,23.92156862745098,5.098039215686274,15.294117647058824,14.901960784313726,7.450980392156863,6.2745098039215685
1738913344.3134346,<obd.OBDResponse.Status object at 0x7f06afeb74d0>,"('Closed loop, using oxygen sensor feedback to determine fuel mix', '')",65.88235294117646,90,-0.78125,9.375,67,908.5,8.0,-5.5,47,18.03921568627451,"((), (False, False, False, False), (False, False, True, True))",0.87,0.75,India OBD II (IOBD II),1971.0,10000000000001011010000000000001,0.0,0.0,255.0,32798.0,100,01101010110100000000000000000000,13.264000000000001,42.35294117647059,10.196078431372548,20.392156862745097,21.96078431372549,10.588235294117647,11.764705882352942
1738913346.8635616,<obd.OBDResponse.Status object at 0x7f06aff2f6d0>,"('Closed loop, using oxygen sensor feedback to determine fuel mix', '')",52.15686274509804,90,-3.125,8.59375,60,1548.5,13.0,-1.0,47,19.215686274509803,"((), (False, False, False, False), (False, False, True, True))",0.115,0.74,India OBD II (IOBD II),1974.0,10000000000001011010000000000001,0.0,7.0588235294117645,255.0,32798.0,100,01101010110100000000000000000000,13.688,27.45098039215686,7.0588235294117645,17.254901960784313,14.901960784313726,7.450980392156863,9.019607843137255
1738913349.4133952,<obd.OBDResponse.Status object at 0x7f06aff2b550>,"('Closed loop, using oxygen sensor feedback to determine fuel mix', '')",28.627450980392158,90,-3.90625,11.71875,36,1040.0,12.0,2.0,47,16.470588235294116,"((), (False, False, False, False), (False, False, True, True))",0.8,0.735,India OBD II (IOBD II),1976.0,10000000000001011010000000000001,0.0,9.411764705882353,255.0,32798.0,100,01101010110100000000000000000000,13.593,21.96078431372549,6.2745098039215685,16.470588235294116,14.901960784313726,7.450980392156863,8.235294117647058
1738913351.9510808,<obd.OBDResponse.Status object at 0x7f06b07808d0>,"('Closed loop, using oxygen sensor feedback to determine fuel mix', '')",30.19607843137255,90,-2.34375,11.71875,40,812.5,10.0,8.0,47,16.07843137254902,"((), (False, False, False, False), (False, False, True, True))",0.065,0.735,India OBD II (IOBD II),1979.0,10000000000001011010000000000001,0.0,0.0,255.0,32798.0,100,01101010110100000000000000000000,13.758000000000001,21.96078431372549,4.313725490196078,14.509803921568627,14.901960784313726,7.450980392156863,5.882352941176471
1738913354.4951417,<obd.OBDResponse.Status object at 0x7f06b0791210>,"('Closed loop, using oxygen sensor feedback to determine fuel mix', '')",21.568627450980394,90,-2.34375,14.0625,28,891.0,7.0,-1.0,48,14.117647058823529,"((), (False, False, False, False), (False, False, True, True))",0.845,0.73,India OBD II (IOBD II),1982.0,10000000000001011010000000000001,0.0,0.0,255.0,32798.0,100,01101010110100000000000000000000,13.758000000000001,15.294117647058822,3.9215686274509802,14.117647058823529,14.901960784313726,7.450980392156863,5.098039215686274
1738913357.032962,<obd.OBDResponse.Status object at 0x7f06aff0cb50>,"('Closed loop, using oxygen sensor feedback to determine fuel mix', '')",42.35294117647059,90,-2.34375,10.9375,48,976.0,9.0,19.5,48,17.254901960784313,"((), (False, False, False, False), (False, False, True, True))",0.725,0.73,India OBD II (IOBD II),1984.0,10000000000001011010000000000001,0.0,0.0,255.0,32798.0,100,01101010110100000000000000000000,13.546000000000001,35.294117647058826,8.235294117647058,18.431372549019606,21.96078431372549,10.588235294117647,10.588235294117647
1738913359.5829053,<obd.OBDResponse.Status object at 0x7f06b00fe750>,"('Closed loop, using oxygen sensor feedback to determine fuel mix', '')",51.76470588235294,90,-1.5625,8.59375,58,1724.0,15.0,17.0,48,22.745098039215687,"((), (False, False, False, False), (False, False, True, True))",0.07,0.725,India OBD II (IOBD II),1987.0,10000000000001011010000000000001,0.0,8.627450980392156,255.0,32798.0,100,01101010110100000000000000000000,13.57,45.09803921568627,11.764705882352942,22.745098039215687,25.098039215686274,12.156862745098039,16.470588235294116
1738913362.1330512,<obd.OBDResponse.Status object at 0x7f06aff29a10>,"('Closed loop, using oxygen sensor feedback to determine fuel mix', '')",65.88235294117646,90,0.78125,8.59375,73,1772.5,23.0,15.5,48,25.49019607843137,"((), (False, False, False, False), (False, False, True, True))",0.75,0.73,India OBD II (IOBD II),1989.0,10000000000001011010000000000001,0.0,0.0,255.0,32798.0,100,01101010110100000000000000000000,13.688,18.823529411764707,7.0588235294117645,17.254901960784313,14.901960784313726,7.450980392156863,8.627450980392156
1738913364.6768067,<obd.OBDResponse.Status object at 0x7f06aff0e350>,"('Closed loop, using oxygen sensor feedback to determine fuel mix', '')",83.13725490196079,90,1.5625,8.59375,89,1478.0,25.0,4.5,48,30.58823529411765,"((), (False, False, False, False), (False, False, True, True))",0.8,0.745,India OBD II (IOBD II),1992.0,10000000000001011010000000000001,0.0,0.0,255.0,32798.0,100,01101010110100000000000000000000,13.664,67.05882352941177,21.568627450980394,31.764705882352942,31.764705882352942,15.686274509803921,27.84313725490196
1738913367.2447014,<obd.OBDResponse.Status object at 0x7f06aff3c590>,"('Open loop due to engine load OR fuel cut due to deceleration', '')",68.23529411764706,90,-1.5625,7.8125,74,1859.0,34.0,9.5,48,26.666666666666668,"((), (False, False, False, False), (False, False, True, True))",0.09,0.84,India OBD II (IOBD II),1994.0,10000000000001011010000000000001,0.0,0.0,255.0,32798.0,100,01101010110100000000000000000000,13.688,54.90196078431372,16.862745098039216,27.058823529411764,32.15686274509804,15.686274509803921,21.96078431372549
1738913369.7943792,<obd.OBDResponse.Status object at 0x7f06aff2bf50>,"('Open loop due to engine load OR fuel cut due to deceleration', '')",19.607843137254903,90,0.0,10.9375,26,1330.0,39.0,-19.0,48,16.07843137254902,"((), (False, False, False, False), (False, False, True, True))",0.005,0.875,India OBD II (IOBD II),1997.0,10000000000001011010000000000001,0.0,0.0,255.0,32798.0,100,01101010110100000000000000000000,13.805,16.862745098039216,5.490196078431373,15.686274509803921,21.176470588235293,10.588235294117647,7.450980392156863
1738913372.3321557,<obd.OBDResponse.Status object at 0x7f06aff22d50>,"('Closed loop, using oxygen sensor feedback to determine fuel mix', '')",58.8235294117647,90,0.78125,8.59375,66,1658.0,40.0,15.5,48,22.745098039215687,"((), (False, False, False, False), (False, False, True, True))",0.83,0.775,India OBD II (IOBD II),1999.0,10000000000001011010000000000001,0.0,0.0,255.0,32798.0,100,01101010110100000000000000000000,13.688,19.215686274509803,7.8431372549019605,18.03921568627451,18.823529411764707,9.019607843137255,9.019607843137255
1738913374.8822546,<obd.OBDResponse.Status object at 0x7f06b88ca390>,"('Closed loop, using oxygen sensor feedback to determine fuel mix', '')",48.627450980392155,90,-0.78125,8.59375,55,1721.5,41.0,18.0,48,22.352941176470587,"((), (False, False, False, False), (False, False, True, True))",0.095,0.755,India OBD II (IOBD II),2002.0,10000000000001011010000000000001,0.0,0.0,255.0,32798.0,100,01101010110100000000000000000000,13.758000000000001,18.431372549019606,7.450980392156863,17.647058823529413,15.686274509803921,7.450980392156863,9.803921568627452
1738913377.426311,<obd.OBDResponse.Status object at 0x7f06aff31ad0>,"('Open loop due to engine load OR fuel cut due to deceleration', '')",29.019607843137255,90,0.0,9.375,37,1709.5,40.0,21.5,48,18.823529411764707,"((), (False, False, False, False), (False, False, True, True))",0.06,0.07,India OBD II (IOBD II),2005.0,10000000000001011010000000000001,0.0,0.0,255.0,32798.0,100,01101010110100000000000000000000,13.688,23.52941176470588,9.019607843137255,19.215686274509803,21.176470588235293,10.196078431372548,11.764705882352942
1738913379.9818623,<obd.OBDResponse.Status object at 0x7f06b0790510>,"('Closed loop, using oxygen sensor feedback to determine fuel mix', '')",26.274509803921568,90,3.90625,10.15625,29,1673.0,41.0,-2.5,48,17.254901960784313,"((), (False, False, False, False), (False, False, True, True))",0.895,0.135,India OBD II (IOBD II),2007.0,10000000000001011010000000000001,0.0,0.0,255.0,32798.0,100,01101010110100000000000000000000,13.758000000000001,16.470588235294116,7.450980392156863,17.647058823529413,17.254901960784313,8.235294117647058,9.411764705882353
1738913382.5321333,<obd.OBDResponse.Status object at 0x7f06aff23710>,"('Open loop due to engine load OR fuel cut due to deceleration', '')",18.431372549019606,90,0.0,11.71875,24,1590.0,38.0,-19.0,48,16.470588235294116,"((), (False, False, False, False), (False, False, True, True))",0.015,0.0,India OBD II (IOBD II),2010.0,10000000000001011010000000000001,0.0,0.0,255.0,32798.0,100,01101010110100000000000000000000,13.758000000000001,13.72549019607843,6.2745098039215685,16.470588235294116,14.901960784313726,7.450980392156863,7.8431372549019605
1738913385.0819523,<obd.OBDResponse.Status object at 0x7f06b07871d0>,"('Open loop due to engine load OR fuel cut due to deceleration', '')",17.647058823529413,90,0.0,12.5,25,1330.5,31.0,-23.5,48,15.294117647058824,"((), (False, False, False, False), (False, False, True, True))",0.005,0.0,India OBD II (IOBD II),2012.0,10000000000001011010000000000001,0.0,0.0,255.0,32798.0,100,01101010110100000000000000000000,13.735,14.117647058823529,5.098039215686274,15.294117647058824,14.901960784313726,7.450980392156863,6.2745098039215685
1738913387.631928,<obd.OBDResponse.Status object at 0x7f06afeb7450>,"('Open loop due to engine load OR fuel cut due to deceleration', '')",19.607843137254903,90,0.0,13.28125,27,899.0,21.0,3.5,48,14.117647058823529,"((), (False, False, False, False), (False, False, True, True))",0.045,0.045,India OBD II (IOBD II),2015.0,10000000000001011010000000000001,0.0,0.0,255.0,32798.0,100,01101010110100000000000000000000,13.428,18.431372549019606,5.490196078431373,15.686274509803921,14.901960784313726,7.450980392156863,6.666666666666667
1738913390.1755023,<obd.OBDResponse.Status object at 0x7f06b072aed0>,"('Open loop due to engine load OR fuel cut due to deceleration', '')",26.666666666666668,90,0.0,12.5,35,786.5,13.0,6.0,48,15.294117647058824,"((), (False, False, False, False), (False, False, True, True))",0.915,0.095,India OBD II (IOBD II),2017.0,10000000000001011010000000000001,0.0,0.0,255.0,32798.0,100,01101010110100000000000000000000,13.546000000000001,20.0,5.098039215686274,15.294117647058824,16.07843137254902,7.8431372549019605,6.666666666666667
1738913392.7314243,<obd.OBDResponse.Status object at 0x7f06aff3f410>,"('Open loop due to engine load OR fuel cut due to deceleration', '')",52.94117647058823,90,0.0,9.375,57,1236.5,14.0,3.0,48,17.647058823529413,"((), (False, False, False, False), (False, False, True, True))",0.89,0.135,India OBD II (IOBD II),2020.0,10000000000001011010000000000001,0.0,0.0,255.0,32798.0,100,01101010110100000000000000000000,13.664,26.666666666666668,5.882352941176471,16.07843137254902,15.294117647058824,7.450980392156863,7.450980392156863
1738913395.2812226,<obd.OBDResponse.Status object at 0x7f06aff30c50>,"('Open loop due to engine load OR fuel cut due to deceleration', '')",33.333333333333336,90,0.0,11.71875,43,774.0,13.0,4.5,48,16.07843137254902,"((), (False, False, False, False), (False, False, True, True))",0.85,0.14,India OBD II (IOBD II),2022.0,10000000000001011010000000000001,0.0,0.0,255.0,32798.0,100,01101010110100000000000000000000,13.523,26.666666666666668,5.882352941176471,16.470588235294116,14.901960784313726,7.450980392156863,7.8431372549019605
1738913397.825785,<obd.OBDResponse.Status object at 0x7f06b01653d0>,"('Open loop due to engine load OR fuel cut due to deceleration', '')",39.6078431372549,90,0.0,10.9375,50,719.0,13.0,8.0,48,16.470588235294116,"((), (False, False, False, False), (False, False, True, True))",0.85,0.17,India OBD II (IOBD II),2025.0,10000000000001011010000000000001,0.0,0.0,255.0,32798.0,100,01101010110100000000000000000000,13.711,25.098039215686274,5.882352941176471,16.07843137254902,14.901960784313726,7.450980392156863,7.450980392156863
1738913400.3930051,<obd.OBDResponse.Status object at 0x7f06aff23bd0>,"('Closed loop, using oxygen sensor feedback to determine fuel mix', '')",20.392156862745097,90,-3.90625,14.0625,28,884.0,11.0,-1.0,48,14.509803921568627,"((), (False, False, False, False), (False, False, True, True))",0.185,0.785,India OBD II (IOBD II),2027.0,10000000000001011010000000000001,0.0,0.0,255.0,32798.0,100,01101010110100000000000000000000,13.711,14.901960784313726,4.313725490196078,14.509803921568627,16.862745098039216,7.8431372549019605,5.490196078431373
1738913402.9309015,<obd.OBDResponse.Status object at 0x7f06b02d0310>,"('Closed loop, using oxygen sensor feedback to determine fuel mix', '')",23.529411764705884,90,-4.6875,11.71875,32,1127.0,9.0,19.5,48,17.647058823529413,"((), (False, False, False, False), (False, False, True, True))",0.475,0.79,India OBD II (IOBD II),2030.0,10000000000001011010000000000001,0.0,4.313725490196078,255.0,32798.0,100,01101010110100000000000000000000,13.829,43.13725490196078,9.411764705882353,19.607843137254903,24.705882352941178,12.156862745098039,12.549019607843137
1738913405.4810739,<obd.OBDResponse.Status object at 0x7f06aff207d0>,"('Closed loop, using oxygen sensor feedback to determine fuel mix', '')",63.92156862745098,90,-3.125,8.59375,70,1209.5,15.0,12.5,48,21.568627450980394,"((), (False, False, False, False), (False, False, True, True))",0.075,0.82,India OBD II (IOBD II),2033.0,10000000000001011010000000000001,0.0,10.196078431372548,255.0,32798.0,100,01101010110100000000000000000000,13.523,45.09803921568627,11.764705882352942,21.96078431372549,23.529411764705884,11.372549019607844,14.509803921568627
1738913408.0306416,<obd.OBDResponse.Status object at 0x7f06b02cb010>,"('Closed loop, using oxygen sensor feedback to determine fuel mix', '')",43.529411764705884,90,-2.34375,9.375,53,1446.5,18.0,18.5,48,20.784313725490197,"((), (False, False, False, False), (False, False, True, True))",0.075,0.81,India OBD II (IOBD II),2035.0,10000000000001011010000000000001,0.0,15.686274509803921,255.0,32798.0,100,01101010110100000000000000000000,13.688,41.1764705882353,11.764705882352942,22.352941176470587,25.49019607843137,12.549019607843137,16.07843137254902
1738913410.5806344,<obd.OBDResponse.Status object at 0x7f06b0762b90>,"('Closed loop, using oxygen sensor feedback to determine fuel mix', '')",45.09803921568628,90,-4.6875,8.59375,54,1738.0,22.0,18.5,49,21.96078431372549,"((), (False, False, False, False), (False, False, True, True))",0.06,0.805,India OBD II (IOBD II),2038.0,10000000000001011010000000000001,0.0,52.94117647058823,255.0,32798.0,100,01101010110100000000000000000000,13.688,47.05882352941176,14.117647058823529,25.098039215686274,14.901960784313726,7.450980392156863,18.823529411764707
1738913413.1424913,<obd.OBDResponse.Status object at 0x7f06b004e4d0>,"('Open loop due to engine load OR fuel cut due to deceleration', '')",23.92156862745098,90,0.0,12.5,32,1047.0,21.0,9.0,49,16.07843137254902,"((), (False, False, False, False), (False, False, True, True))",0.91,0.79,India OBD II (IOBD II),2040.0,10000000000001011010000000000001,0.0,0.0,255.0,32798.0,100,01101010110100000000000000000000,13.593,20.0,5.882352941176471,16.07843137254902,18.03921568627451,8.627450980392156,7.450980392156863
1738913415.6806965,<obd.OBDResponse.Status object at 0x7f06aff32b90>,"('Closed loop, using oxygen sensor feedback to determine fuel mix', '')",46.27450980392157,90,0.0,9.375,50,1443.5,18.0,19.5,49,20.0,"((), (False, False, False, False), (False, False, True, True))",0.365,0.785,India OBD II (IOBD II),2043.0,10000000000001011010000000000001,0.0,0.0,255.0,32798.0,100,01101010110100000000000000000000,13.829,17.647058823529413,6.666666666666667,16.862745098039216,19.215686274509803,9.411764705882353,8.235294117647058
1738913418.2303653,<obd.OBDResponse.Status object at 0x7f06b01676d0>,"('Closed loop, using oxygen sensor feedback to determine fuel mix', '')",32.94117647058823,90,0.78125,9.375,44,1439.0,18.0,22.5,49,19.215686274509803,"((), (False, False, False, False), (False, False, True, True))",0.085,0.78,India OBD II (IOBD II),2045.0,10000000000001011010000000000001,0.0,5.098039215686274,255.0,32798.0,100,01101010110100000000000000000000,13.711,30.980392156862745,9.803921568627452,20.0,23.92156862745098,11.764705882352942,12.941176470588236
1738913420.7801926,<obd.OBDResponse.Status object at 0x7f06aff208d0>,"('Closed loop, using oxygen sensor feedback to determine fuel mix', '')",38.8235294117647,90,0.0,9.375,32,1616.0,20.0,-1.0,49,16.470588235294116,"((), (False, False, False, False), (False, False, True, True))",0.875,0.77,India OBD II (IOBD II),2048.0,10000000000001011010000000000001,0.0,0.0,255.0,32798.0,100,01101010110100000000000000000000,13.758000000000001,21.96078431372549,9.019607843137255,19.215686274509803,24.313725490196077,11.764705882352942,12.549019607843137
1738913423.3540952,<obd.OBDResponse.Status object at 0x7f06aff2b690>,"('Open loop due to engine load OR fuel cut due to deceleration', '')",20.392156862745097,90,0.0,10.9375,27,1537.0,19.0,-2.5,49,16.862745098039216,"((), (False, False, False, False), (False, False, True, True))",0.02,0.765,India OBD II (IOBD II),2050.0,10000000000001011010000000000001,0.0,0.0,255.0,32798.0,100,01101010110100000000000000000000,13.664,16.07843137254902,6.666666666666667,17.647058823529413,21.176470588235293,10.588235294117647,10.196078431372548
1738913425.9219272,<obd.OBDResponse.Status object at 0x7f06b0751390>,"('Closed loop, using oxygen sensor feedback to determine fuel mix', '')",63.92156862745098,90,-1.5625,8.59375,69,1531.0,19.0,14.0,50,23.92156862745098,"((), (False, False, False, False), (False, False, True, True))",0.185,0.18,India OBD II (IOBD II),2053.0,10000000000001011010000000000001,0.0,0.0,255.0,32799.0,100,01101010110100000000000000000000,13.664,47.450980392156865,13.72549019607843,23.92156862745098,26.274509803921568,12.941176470588236,17.647058823529413
1738913428.4597077,<obd.OBDResponse.Status object at 0x7f06aff21190>,"('Closed loop, using oxygen sensor feedback to determine fuel mix', '')",31.372549019607842,90,-0.78125,10.15625,31,1869.5,23.0,9.5,50,18.03921568627451,"((), (False, False, False, False), (False, False, True, True))",0.845,0.195,India OBD II (IOBD II),2056.0,10000000000001011010000000000001,0.0,0.0,255.0,32799.0,100,01101010110100000000000000000000,13.758000000000001,17.254901960784313,8.235294117647058,18.431372549019606,23.529411764705884,11.764705882352942,14.117647058823529
1738913431.0100436,<obd.OBDResponse.Status object at 0x7f06aff3f890>,"('Closed loop, using oxygen sensor feedback to determine fuel mix', '')",49.01960784313726,90,3.125,8.59375,56,1776.0,22.0,18.5,50,22.352941176470587,"((), (False, False, False, False), (False, False, True, True))",0.815,0.2,India OBD II (IOBD II),2058.0,10000000000001011010000000000001,0.0,0.0,255.0,32799.0,100,01101010110100000000000000000000,13.735,40.3921568627451,12.941176470588236,23.137254901960784,25.88235294117647,12.941176470588236,16.07843137254902
1738913433.57192,<obd.OBDResponse.Status object at 0x7f06aff2a1d0>,"('Open loop due to engine load OR fuel cut due to deceleration', '')",40.0,90,0.0,8.59375,46,2118.0,26.0,21.5,50,21.96078431372549,"((), (False, False, False, False), (False, False, True, True))",0.84,0.2,India OBD II (IOBD II),2061.0,10000000000001011010000000000001,0.0,0.0,255.0,32799.0,100,01101010110100000000000000000000,13.735,32.549019607843135,12.549019607843137,22.745098039215687,26.274509803921568,12.941176470588236,16.07843137254902
1738913436.1093552,<obd.OBDResponse.Status object at 0x7f06aff330d0>,"('Open loop due to engine load OR fuel cut due to deceleration', '')",19.215686274509803,90,0.0,12.5,27,1355.0,27.0,-6.0,50,16.07843137254902,"((), (False, False, False, False), (False, False, True, True))",0.01,0.04,India OBD II (IOBD II),2063.0,10000000000001011010000000000001,0.0,0.0,255.0,32799.0,100,01101010110100000000000000000000,13.805,22.745098039215687,8.235294117647058,18.431372549019606,23.92156862745098,12.156862745098039,12.941176470588236
1738913438.6594818,<obd.OBDResponse.Status object at 0x7f06b7d97bd0>,"('Closed loop, using oxygen sensor feedback to determine fuel mix', '')",69.41176470588235,90,-0.78125,8.59375,77,1672.0,30.0,7.5,50,27.45098039215686,"((), (False, False, False, False), (False, False, True, True))",0.105,0.21,India OBD II (IOBD II),2066.0,10000000000001011010000000000001,0.0,0.0,255.0,32799.0,100,01101010110100000000000000000000,13.805,63.529411764705884,19.607843137254903,29.80392156862745,30.980392156862745,15.294117647058824,25.88235294117647
1738913441.2093174,<obd.OBDResponse.Status object at 0x7f06b0761350>,"('Open loop due to engine load OR fuel cut due to deceleration', '')",81.56862745098039,90,0.0,7.8125,85,2097.5,38.0,9.0,50,30.980392156862745,"((), (False, False, False, False), (False, False, True, True))",0.86,0.355,India OBD II (IOBD II),2068.0,10000000000001011010000000000001,0.0,0.0,255.0,32799.0,100,01101010110100000000000000000000,13.688,16.470588235294116,7.0588235294117645,17.254901960784313,14.901960784313726,7.450980392156863,9.803921568627452
1738913443.7594767,<obd.OBDResponse.Status object at 0x7f06aff30410>,"('Open loop due to engine load OR fuel cut due to deceleration', '')",24.313725490196077,90,0.0,11.71875,28,1513.5,37.0,30.0,50,17.254901960784313,"((), (False, False, False, False), (False, False, True, True))",0.91,0.35,India OBD II (IOBD II),2071.0,10000000000001011010000000000001,0.0,0.0,255.0,32799.0,100,01101010110100000000000000000000,13.805,51.372549019607845,14.901960784313726,25.098039215686274,29.80392156862745,14.901960784313726,19.215686274509803
1738913446.3030138,<obd.OBDResponse.Status object at 0x7f06b069c350>,"('Closed loop, using oxygen sensor feedback to determine fuel mix', '')",85.88235294117646,90,1.5625,7.8125,86,1962.0,41.0,10.5,50,30.58823529411765,"((), (False, False, False, False), (False, False, True, True))",0.595,0.81,India OBD II (IOBD II),2073.0,10000000000001011010000000000001,0.0,0.0,255.0,32799.0,100,01101010110100000000000000000000,13.805,49.01960784313725,15.686274509803921,25.88235294117647,27.058823529411764,12.549019607843137,18.03921568627451
1738913448.8590667,<obd.OBDResponse.Status object at 0x7f06afeb62d0>,"('Closed loop, using oxygen sensor feedback to determine fuel mix', '')",29.41176470588235,91,0.78125,9.375,39,1819.0,43.0,27.5,50,20.0,"((), (False, False, False, False), (False, False, True, True))",0.12,0.785,India OBD II (IOBD II),2076.0,10000000000001011010000000000001,0.0,5.882352941176471,255.0,32799.0,100,01101010110100000000000000000000,13.758000000000001,32.15686274509804,11.372549019607844,21.568627450980394,21.176470588235293,9.411764705882353,8.627450980392156
1738913451.4028788,<obd.OBDResponse.Status object at 0x7f06aff23bd0>,"('Open loop due to engine load OR fuel cut due to deceleration', '')",22.352941176470587,91,0.0,10.15625,34,1775.5,43.0,30.5,50,19.607843137254903,"((), (False, False, False, False), (False, False, True, True))",0.055,0.8,India OBD II (IOBD II),2078.0,10000000000001011010000000000001,0.0,0.0,255.0,32799.0,100,01101010110100000000000000000000,13.758000000000001,16.470588235294116,6.666666666666667,16.862745098039216,16.470588235294116,7.8431372549019605,8.627450980392156
1738913453.958692,<obd.OBDResponse.Status object at 0x7f06b0799bd0>,"('Open loop due to engine load OR fuel cut due to deceleration', '')",17.647058823529413,91,0.0,11.71875,24,1664.5,40.0,-18.0,49,16.470588235294116,"((), (False, False, False, False), (False, False, True, True))",0.015,0.0,India OBD II (IOBD II),2081.0,10000000000001011010000000000001,0.0,0.0,255.0,32799.0,100,01101010110100000000000000000000,13.711,17.647058823529413,7.450980392156863,19.215686274509803,21.568627450980394,10.196078431372548,11.372549019607844
1738913456.5089939,<obd.OBDResponse.Status object at 0x7f06b94a8310>,"('Open loop due to engine load OR fuel cut due to deceleration', '')",19.215686274509803,91,0.0,11.71875,24,1546.0,37.0,-19.0,49,16.07843137254902,"((), (False, False, False, False), (False, False, True, True))",0.055,0.0,India OBD II (IOBD II),2084.0,10000000000001011010000000000001,0.0,0.0,255.0,32799.0,100,01101010110100000000000000000000,13.711,16.07843137254902,6.2745098039215685,16.470588235294116,14.901960784313726,7.450980392156863,7.450980392156863
1738913459.0708597,<obd.OBDResponse.Status object at 0x7f06aff2e0d0>,"('Open loop due to engine load OR fuel cut due to deceleration', '')",25.88235294117647,91,0.0,12.5,35,841.0,33.0,2.0,49,15.294117647058824,"((), (False, False, False, False), (False, False, True, True))",0.935,0.085,India OBD II (IOBD II),2086.0,10000000000001011010000000000001,0.0,0.0,255.0,32799.0,100,01101010110100000000000000000000,13.57,20.0,5.098039215686274,15.294117647058824,14.901960784313726,7.450980392156863,6.666666666666667
1738913461.6084723,<obd.OBDResponse.Status object at 0x7f06b0728450>,"('Open loop due to engine load OR fuel cut due to deceleration', '')",27.058823529411764,90,0.0,12.5,35,787.0,22.0,6.0,49,14.901960784313726,"((), (False, False, False, False), (False, False, True, True))",0.91,0.115,India OBD II (IOBD II),2089.0,10000000000001011010000000000001,0.0,0.0,255.0,32799.0,100,01101010110100000000000000000000,13.735,16.862745098039216,3.9215686274509802,14.509803921568627,14.901960784313726,7.450980392156863,5.490196078431373
1738913464.1586082,<obd.OBDResponse.Status object at 0x7f06b001bc50>,"('Open loop due to engine load OR fuel cut due to deceleration', '')",20.0,91,0.0,14.0625,28,810.5,13.0,0.0,49,13.72549019607843,"((), (False, False, False, False), (False, False, True, True))",0.905,0.125,India OBD II (IOBD II),2091.0,10000000000001011010000000000001,0.0,0.0,255.0,32799.0,100,01101010110100000000000000000000,13.711,14.509803921568627,3.5294117647058822,14.117647058823529,14.901960784313726,7.450980392156863,4.705882352941177
1738913466.7086163,<obd.OBDResponse.Status object at 0x7f06aff2d690>,"('Open loop due to engine load OR fuel cut due to deceleration', '')",18.431372549019606,91,0.0,14.84375,27,796.0,5.0,3.0,49,13.72549019607843,"((), (False, False, False, False), (False, False, True, True))",0.895,0.135,India OBD II (IOBD II),2094.0,10000000000001011010000000000001,0.0,0.0,255.0,32799.0,100,01101010110100000000000000000000,13.476,16.07843137254902,5.490196078431373,15.686274509803921,14.901960784313726,7.450980392156863,6.2745098039215685
1738913469.2582302,<obd.OBDResponse.Status object at 0x7f06aff3cd90>,"('Open loop due to engine load OR fuel cut due to deceleration', '')",29.019607843137255,92,0.0,12.5,36,769.5,0.0,5.0,49,14.901960784313726,"((), (False, False, False, False), (False, False, True, True))",0.87,0.16,India OBD II (IOBD II),2096.0,10000000000001011010000000000001,0.0,0.0,255.0,32799.0,100,01101010110100000000000000000000,13.593,20.0,5.098039215686274,15.294117647058824,14.901960784313726,7.450980392156863,6.666666666666667
1738913471.8079076,<obd.OBDResponse.Status object at 0x7f06aff0e350>,"('Closed loop, using oxygen sensor feedback to determine fuel mix', '')",27.058823529411764,92,-2.34375,12.5,35,813.0,0.0,8.0,49,15.294117647058824,"((), (False, False, False, False), (False, False, True, True))",0.695,0.815,India OBD II (IOBD II),2099.0,10000000000001011010000000000001,0.0,0.0,255.0,32799.0,100,01101010110100000000000000000000,13.593,20.392156862745097,5.098039215686274,15.294117647058824,14.901960784313726,7.450980392156863,6.666666666666667
1738913474.3579082,<obd.OBDResponse.Status object at 0x7f06aff2f290>,"('Closed loop, using oxygen sensor feedback to determine fuel mix', '')",27.84313725490196,92,-2.34375,12.5,36,819.0,0.0,6.5,49,15.294117647058824,"((), (False, False, False, False), (False, False, True, True))",0.06,0.825,India OBD II (IOBD II),2101.0,10000000000001011010000000000001,0.0,0.0,255.0,32799.0,100,01101010110100000000000000000000,13.735,20.784313725490197,5.490196078431373,15.686274509803921,14.901960784313726,7.450980392156863,7.0588235294117645
1738913476.9078512,<obd.OBDResponse.Status object at 0x7f06aff3ee10>,"('Closed loop, using oxygen sensor feedback to determine fuel mix', '')",26.666666666666668,92,2.34375,12.5,35,839.5,0.0,7.5,49,15.294117647058824,"((), (False, False, False, False), (False, False, True, True))",0.615,0.835,India OBD II (IOBD II),2104.0,10000000000001011010000000000001,0.0,0.0,255.0,32799.0,100,01101010110100000000000000000000,13.57,20.392156862745097,5.490196078431373,15.686274509803921,14.901960784313726,7.450980392156863,6.666666666666667
1738913479.4579315,<obd.OBDResponse.Status object at 0x7f06aff3e750>,"('Closed loop, using oxygen sensor feedback to determine fuel mix', '')",27.058823529411764,92,-2.34375,12.5,35,820.5,0.0,9.0,49,15.294117647058824,"((), (False, False, False, False), (False, False, True, True))",0.085,0.825,India OBD II (IOBD II),2107.0,10000000000001011010000000000001,0.0,0.0,255.0,32799.0,100,01101010110100000000000000000000,13.405000000000001,30.588235294117645,8.235294117647058,18.431372549019606,14.901960784313726,7.450980392156863,8.627450980392156
1738913482.007784,<obd.OBDResponse.Status object at 0x7f06aff2b950>,"('Closed loop, using oxygen sensor feedback to determine fuel mix', '')",36.470588235294116,92,-2.34375,10.9375,45,789.0,2.0,0.5,49,16.07843137254902,"((), (False, False, False, False), (False, False, True, True))",0.075,0.815,India OBD II (IOBD II),2109.0,10000000000001011010000000000001,0.0,0.0,255.0,32799.0,100,01101010110100000000000000000000,13.546000000000001,24.313725490196077,5.882352941176471,16.07843137254902,14.901960784313726,7.450980392156863,7.8431372549019605
1738913484.557374,<obd.OBDResponse.Status object at 0x7f06aff32190>,"('Closed loop, using oxygen sensor feedback to determine fuel mix', '')",30.19607843137255,92,3.125,11.71875,38,851.0,0.0,4.5,49,16.07843137254902,"((), (False, False, False, False), (False, False, True, True))",0.145,0.805,India OBD II (IOBD II),2112.0,10000000000001011010000000000001,0.0,0.0,255.0,32799.0,100,01101010110100000000000000000000,13.711,22.745098039215687,5.882352941176471,16.07843137254902,14.901960784313726,7.450980392156863,7.450980392156863
1738913487.1075368,<obd.OBDResponse.Status object at 0x7f06aff22e10>,"('Closed loop, using oxygen sensor feedback to determine fuel mix', '')",22.745098039215687,92,-1.5625,13.28125,30,835.5,0.0,2.0,49,14.117647058823529,"((), (False, False, False, False), (False, False, True, True))",0.765,0.8,India OBD II (IOBD II),2114.0,10000000000001011010000000000001,0.0,0.0,255.0,32799.0,100,01101010110100000000000000000000,13.688,15.686274509803921,3.9215686274509802,14.117647058823529,14.901960784313726,7.450980392156863,5.098039215686274
1738913489.657182,<obd.OBDResponse.Status object at 0x7f06aff32250>,"('Closed loop, using oxygen sensor feedback to determine fuel mix', '')",20.784313725490197,92,-4.6875,14.0625,29,788.0,0.0,9.0,49,14.117647058823529,"((), (False, False, False, False), (False, False, True, True))",0.075,0.795,India OBD II (IOBD II),2117.0,10000000000001011010000000000001,0.0,0.0,255.0,32799.0,100,01101010110100000000000000000000,13.664,15.686274509803921,4.313725490196078,14.509803921568627,14.901960784313726,7.450980392156863,5.490196078431373
1738913492.2071385,<obd.OBDResponse.Status object at 0x7f06aff238d0>,"('Closed loop, using oxygen sensor feedback to determine fuel mix', '')",25.49019607843137,92,0.0,12.5,38,798.5,0.0,9.5,50,15.294117647058824,"((), (False, False, False, False), (False, False, True, True))",0.64,0.79,India OBD II (IOBD II),2119.0,10000000000001011010000000000001,0.0,0.0,255.0,32799.0,100,01101010110100000000000000000000,13.24,26.274509803921568,8.235294117647058,18.431372549019606,14.901960784313726,7.450980392156863,10.196078431372548
1738913494.7570093,<obd.OBDResponse.Status object at 0x7f06aff306d0>,"('Closed loop, using oxygen sensor feedback to determine fuel mix', '')",40.3921568627451,92,1.5625,10.9375,50,691.0,3.0,12.0,50,16.07843137254902,"((), (False, False, False, False), (False, False, True, True))",0.11,0.785,India OBD II (IOBD II),2122.0,10000000000001011010000000000001,0.0,0.0,255.0,32799.0,100,01101010110100000000000000000000,13.593,29.80392156862745,6.2745098039215685,16.470588235294116,14.901960784313726,7.450980392156863,7.8431372549019605
1738913497.3067713,<obd.OBDResponse.Status object at 0x7f06aff28e10>,"('Closed loop, using oxygen sensor feedback to determine fuel mix', '')",30.980392156862745,92,-1.5625,11.71875,37,905.0,1.0,-1.0,50,16.07843137254902,"((), (False, False, False, False), (False, False, True, True))",0.08,0.78,India OBD II (IOBD II),2124.0,10000000000001011010000000000001,0.0,0.0,255.0,32799.0,100,01101010110100000000000000000000,13.711,21.96078431372549,5.490196078431373,16.07843137254902,14.901960784313726,7.450980392156863,7.450980392156863
1738913499.85082,<obd.OBDResponse.Status object at 0x7f06b07788d0>,"('Closed loop, using oxygen sensor feedback to determine fuel mix', '')",37.254901960784316,92,0.0,10.9375,44,827.5,0.0,0.0,50,16.07843137254902,"((), (False, False, False, False), (False, False, True, True))",0.855,0.775,India OBD II (IOBD II),2127.0,10000000000001011010000000000001,0.0,0.0,255.0,32799.0,100,01101010110100000000000000000000,13.546000000000001,25.49019607843137,5.882352941176471,16.07843137254902,14.901960784313726,7.450980392156863,7.8431372549019605
1738913502.4009595,<obd.OBDResponse.Status object at 0x7f06aff30610>,"('Closed loop, using oxygen sensor feedback to determine fuel mix', '')",35.294117647058826,92,0.78125,10.9375,44,814.5,0.0,3.0,50,16.470588235294116,"((), (False, False, False, False), (False, False, True, True))",0.07,0.775,India OBD II (IOBD II),2129.0,10000000000001011010000000000001,0.0,0.0,255.0,32799.0,100,01101010110100000000000000000000,13.711,25.88235294117647,5.098039215686274,15.294117647058824,14.901960784313726,7.450980392156863,5.882352941176471
1738913504.9509099,<obd.OBDResponse.Status object at 0x7f06aff291d0>,"('Closed loop, using oxygen sensor feedback to determine fuel mix', '')",24.705882352941178,92,-0.78125,13.28125,32,809.0,0.0,3.5,50,14.509803921568627,"((), (False, False, False, False), (False, False, True, True))",0.815,0.765,India OBD II (IOBD II),2132.0,10000000000001011010000000000001,0.0,0.0,255.0,32799.0,100,01101010110100000000000000000000,13.64,17.647058823529413,4.705882352941177,14.509803921568627,14.901960784313726,7.450980392156863,5.882352941176471
1738913507.5063632,<obd.OBDResponse.Status object at 0x7f06affb6a50>,"('Closed loop, using oxygen sensor feedback to determine fuel mix', '')",23.92156862745098,92,-3.125,13.28125,32,786.5,0.0,11.0,50,14.509803921568627,"((), (False, False, False, False), (False, False, True, True))",0.07,0.765,India OBD II (IOBD II),2135.0,10000000000001011010000000000001,0.0,0.0,255.0,32799.0,100,01101010110100000000000000000000,13.664,17.647058823529413,4.705882352941177,14.901960784313726,14.901960784313726,7.450980392156863,5.882352941176471
1738913510.038416,<obd.OBDResponse.Status object at 0x7f06b0730c50>,"('Closed loop, using oxygen sensor feedback to determine fuel mix', '')",31.764705882352942,92,0.0,11.71875,40,781.0,0.0,17.0,50,16.07843137254902,"((), (False, False, False, False), (False, False, True, True))",0.695,0.76,India OBD II (IOBD II),2137.0,10000000000001011010000000000001,0.0,0.0,255.0,32799.0,100,01101010110100000000000000000000,13.593,26.666666666666668,6.2745098039215685,16.470588235294116,14.901960784313726,7.450980392156863,8.235294117647058
1738913512.5701616,<obd.OBDResponse.Status object at 0x7f06b0727210>,"('Closed loop, using oxygen sensor feedback to determine fuel mix', '')",27.84313725490196,92,2.34375,12.5,35,978.5,0.0,3.5,50,16.07843137254902,"((), (False, False, False, False), (False, False, True, True))",0.165,0.76,India OBD II (IOBD II),2140.0,10000000000001011010000000000001,0.0,3.5294117647058822,255.0,32799.0,100,01101010110100000000000000000000,13.664,20.784313725490197,5.882352941176471,16.07843137254902,14.901960784313726,7.450980392156863,7.8431372549019605
1738913515.1264691,<obd.OBDResponse.Status object at 0x7f06b00fe750>,"('Closed loop, using oxygen sensor feedback to determine fuel mix', '')",27.84313725490196,92,-0.78125,12.5,36,842.0,0.0,6.0,50,15.686274509803921,"((), (False, False, False, False), (False, False, True, True))",0.085,0.755,India OBD II (IOBD II),2142.0,10000000000001011010000000000001,0.0,0.0,255.0,32799.0,100,01101010110100000000000000000000,13.64,21.96078431372549,5.490196078431373,16.07843137254902,14.901960784313726,7.450980392156863,7.450980392156863
1738913517.657961,<obd.OBDResponse.Status object at 0x7f06aff2ff50>,"('Closed loop, using oxygen sensor feedback to determine fuel mix', '')",35.294117647058826,92,0.0,10.9375,44,781.5,0.0,5.0,51,16.07843137254902,"((), (False, False, False, False), (False, False, True, True))",0.79,0.755,India OBD II (IOBD II),2145.0,10000000000001011010000000000001,0.0,0.0,255.0,32799.0,100,01101010110100000000000000000000,13.711,27.058823529411764,6.2745098039215685,16.470588235294116,14.901960784313726,7.450980392156863,8.235294117647058
1738913520.178034,<obd.OBDResponse.Status object at 0x7f06aff2a090>,"('Closed loop, using oxygen sensor feedback to determine fuel mix', '')",40.78431372549019,92,1.5625,10.9375,52,656.5,2.0,9.5,51,16.470588235294116,"((), (False, False, False, False), (False, False, True, True))",0.075,0.75,India OBD II (IOBD II),2147.0,10000000000001011010000000000001,0.0,4.313725490196078,255.0,32799.0,100,01101010110100000000000000000000,13.664,36.07843137254902,6.666666666666667,16.862745098039216,14.901960784313726,7.450980392156863,8.627450980392156
1738913522.7158775,<obd.OBDResponse.Status object at 0x7f06b079b410>,"('Closed loop, using oxygen sensor feedback to determine fuel mix', '')",31.372549019607842,92,-1.5625,11.71875,39,944.5,6.0,1.5,51,16.470588235294116,"((), (False, False, False, False), (False, False, True, True))",0.12,0.745,India OBD II (IOBD II),2150.0,10000000000001011010000000000001,0.0,0.0,255.0,32799.0,100,01101010110100000000000000000000,13.57,22.745098039215687,6.2745098039215685,16.470588235294116,17.254901960784313,8.235294117647058,7.8431372549019605
1738913525.265752,<obd.OBDResponse.Status object at 0x7f06aff31490>,"('Closed loop, using oxygen sensor feedback to determine fuel mix', '')",43.92156862745098,92,0.0,9.375,49,1295.5,8.0,12.5,51,19.215686274509803,"((), (False, False, False, False), (False, False, True, True))",0.815,0.745,India OBD II (IOBD II),2152.0,10000000000001011010000000000001,0.0,5.098039215686274,255.0,32799.0,100,01101010110100000000000000000000,13.664,23.52941176470588,7.8431372549019605,18.03921568627451,18.03921568627451,9.019607843137255,9.019607843137255
1738913527.8158622,<obd.OBDResponse.Status object at 0x7f06b076c210>,"('Closed loop, using oxygen sensor feedback to determine fuel mix', '')",28.627450980392158,92,0.0,9.375,36,1856.0,12.0,31.5,51,18.823529411764707,"((), (False, False, False, False), (False, False, True, True))",0.83,0.74,India OBD II (IOBD II),2155.0,10000000000001011010000000000001,0.0,10.588235294117647,255.0,32799.0,100,01101010110100000000000000000000,13.758000000000001,16.470588235294116,7.0588235294117645,17.254901960784313,14.901960784313726,7.450980392156863,8.627450980392156
1738913530.3479166,<obd.OBDResponse.Status object at 0x7f06b0791150>,"('Open loop due to engine load OR fuel cut due to deceleration', '')",21.176470588235293,91,0.0,13.28125,28,1003.5,12.0,-4.0,51,14.901960784313726,"((), (False, False, False, False), (False, False, True, True))",0.8,0.085,India OBD II (IOBD II),2157.0,10000000000001011010000000000001,0.0,0.0,255.0,32799.0,100,01101010110100000000000000000000,13.735,15.686274509803921,5.098039215686274,15.686274509803921,20.0,9.411764705882353,7.0588235294117645
1738913532.915376,<obd.OBDResponse.Status object at 0x7f06aff30450>,"('Closed loop, using oxygen sensor feedback to determine fuel mix', '')",22.745098039215687,90,-3.125,12.5,31,1042.5,12.0,7.5,51,16.07843137254902,"((), (False, False, False, False), (False, False, True, True))",0.31,0.13,India OBD II (IOBD II),2160.0,10000000000001011010000000000001,0.0,0.0,255.0,32799.0,100,01101010110100000000000000000000,13.593,18.431372549019606,5.490196078431373,15.686274509803921,14.901960784313726,7.450980392156863,7.0588235294117645
1738913535.4475694,<obd.OBDResponse.Status object at 0x7f06b17b1410>,"('Closed loop, using oxygen sensor feedback to determine fuel mix', '')",29.019607843137255,90,1.5625,11.71875,38,827.5,6.0,4.5,51,15.686274509803921,"((), (False, False, False, False), (False, False, True, True))",0.36,0.145,India OBD II (IOBD II),2163.0,10000000000001011010000000000001,0.0,0.0,255.0,32799.0,100,01101010110100000000000000000000,13.523,21.96078431372549,5.490196078431373,15.686274509803921,14.901960784313726,7.450980392156863,7.450980392156863
1738913537.979233,<obd.OBDResponse.Status object at 0x7f06aff3ded0>,"('Closed loop, using oxygen sensor feedback to determine fuel mix', '')",34.509803921568626,90,0.0,11.71875,45,467.5,6.0,9.5,51,14.117647058823529,"((), (False, False, False, False), (False, False, True, True))",0.875,0.145,India OBD II (IOBD II),2165.0,10000000000001011010000000000001,0.0,0.0,255.0,32799.0,100,01101010110100000000000000000000,13.711,22.352941176470587,4.313725490196078,14.509803921568627,14.901960784313726,7.450980392156863,5.490196078431373
1738913540.5353084,<obd.OBDResponse.Status object at 0x7f06aff330d0>,"('Closed loop, using oxygen sensor feedback to determine fuel mix', '')",26.274509803921568,90,-3.125,12.5,34,772.5,1.0,14.0,52,14.901960784313726,"((), (False, False, False, False), (False, False, True, True))",0.09,0.155,India OBD II (IOBD II),2168.0,10000000000001011010000000000001,0.0,0.0,255.0,32799.0,100,01101010110100000000000000000000,13.546000000000001,21.176470588235293,5.490196078431373,15.686274509803921,14.901960784313726,7.450980392156863,6.666666666666667
1738913543.079278,<obd.OBDResponse.Status object at 0x7f06aff2ab10>,"('Closed loop, using oxygen sensor feedback to determine fuel mix', '')",28.627450980392158,90,1.5625,12.5,37,811.5,0.0,7.5,52,15.686274509803921,"((), (False, False, False, False), (False, False, True, True))",0.095,0.16,India OBD II (IOBD II),2170.0,10000000000001011010000000000001,0.0,0.0,255.0,32799.0,100,01101010110100000000000000000000,13.546000000000001,21.56862745098039,5.490196078431373,15.686274509803921,14.901960784313726,7.450980392156863,7.0588235294117645
1738913545.6292245,<obd.OBDResponse.Status object at 0x7f06affb6e50>,"('Closed loop, using oxygen sensor feedback to determine fuel mix', '')",27.84313725490196,90,1.5625,12.5,36,828.0,0.0,6.5,52,15.686274509803921,"((), (False, False, False, False), (False, False, True, True))",0.845,0.16,India OBD II (IOBD II),2173.0,10000000000001011010000000000001,0.0,0.0,255.0,32799.0,100,01101010110100000000000000000000,13.593,21.176470588235293,5.490196078431373,15.686274509803921,14.901960784313726,7.450980392156863,7.0588235294117645
1738913548.1847017,<obd.OBDResponse.Status object at 0x7f06b07790d0>,"('Closed loop, using oxygen sensor feedback to determine fuel mix', '')",22.352941176470587,90,2.34375,13.28125,29,846.0,0.0,-4.5,52,14.117647058823529,"((), (False, False, False, False), (False, False, True, True))",0.845,0.16,India OBD II (IOBD II),2175.0,10000000000001011010000000000001,0.0,0.0,255.0,32799.0,100,01101010110100000000000000000000,13.688,14.901960784313726,3.9215686274509802,14.117647058823529,14.901960784313726,7.450980392156863,5.098039215686274
1738913550.7286575,<obd.OBDResponse.Status object at 0x7f06afeb6e10>,"('Closed loop, using oxygen sensor feedback to determine fuel mix', '')",18.823529411764707,90,-1.5625,14.84375,26,782.5,0.0,5.0,52,13.72549019607843,"((), (False, False, False, False), (False, False, True, True))",0.845,0.165,India OBD II (IOBD II),2178.0,10000000000001011010000000000001,0.0,0.0,255.0,32799.0,100,01101010110100000000000000000000,13.664,14.117647058823529,3.9215686274509802,13.72549019607843,14.901960784313726,7.450980392156863,5.098039215686274
1738913553.2845442,<obd.OBDResponse.Status object at 0x7f06affc8990>,"('Closed loop, using oxygen sensor feedback to determine fuel mix', '')",18.823529411764707,90,-2.34375,14.84375,29,792.0,0.0,0.5,52,16.07843137254902,"((), (False, False, False, False), (False, False, True, True))",0.085,0.165,India OBD II (IOBD II),2180.0,10000000000001011010000000000001,0.0,0.0,255.0,32799.0,100,01101010110100000000000000000000,13.57,20.0,5.098039215686274,15.294117647058824,14.901960784313726,7.450980392156863,6.666666666666667
1738913555.8286626,<obd.OBDResponse.Status object at 0x7f06b077a490>,"('Closed loop, using oxygen sensor feedback to determine fuel mix', '')",27.84313725490196,90,1.5625,12.5,36,818.0,0.0,11.0,53,15.686274509803921,"((), (False, False, False, False), (False, False, True, True))",0.08,0.165,India OBD II (IOBD II),2183.0,10000000000001011010000000000001,0.0,0.0,255.0,32799.0,100,01101010110100000000000000000000,13.64,21.96078431372549,5.882352941176471,16.07843137254902,14.901960784313726,7.450980392156863,7.450980392156863
1738913558.3842964,<obd.OBDResponse.Status object at 0x7f06aff0e8d0>,"('Closed loop, using oxygen sensor feedback to determine fuel mix', '')",27.84313725490196,90,4.6875,12.5,36,836.5,0.0,6.5,53,15.686274509803921,"((), (False, False, False, False), (False, False, True, True))",0.86,0.165,India OBD II (IOBD II),2185.0,10000000000001011010000000000001,0.0,0.0,255.0,32799.0,100,01101010110100000000000000000000,13.593,20.784313725490197,5.490196078431373,15.686274509803921,14.901960784313726,7.450980392156863,7.0588235294117645
1738913560.9341516,<obd.OBDResponse.Status object at 0x7f06affb63d0>,"('Closed loop, using oxygen sensor feedback to determine fuel mix', '')",28.235294117647058,90,1.5625,12.5,36,821.0,0.0,6.0,53,15.686274509803921,"((), (False, False, False, False), (False, False, True, True))",0.09,0.165,India OBD II (IOBD II),2188.0,10000000000001011010000000000001,0.0,0.0,255.0,32799.0,100,01101010110100000000000000000000,13.499,21.56862745098039,5.490196078431373,15.686274509803921,14.901960784313726,7.450980392156863,7.0588235294117645
1738913563.4844723,<obd.OBDResponse.Status object at 0x7f06aff23450>,"('Closed loop, using oxygen sensor feedback to determine fuel mix', '')",28.235294117647058,90,3.90625,12.5,36,830.0,0.0,6.0,53,15.686274509803921,"((), (False, False, False, False), (False, False, True, True))",0.83,0.165,India OBD II (IOBD II),2191.0,10000000000001011010000000000001,0.0,0.0,255.0,32799.0,100,01101010110100000000000000000000,13.476,21.56862745098039,5.490196078431373,15.686274509803921,14.901960784313726,7.450980392156863,7.0588235294117645
1738913566.0280118,<obd.OBDResponse.Status object at 0x7f06b053ef50>,"('Closed loop, using oxygen sensor feedback to determine fuel mix', '')",28.627450980392158,90,3.125,12.5,37,819.5,0.0,5.0,53,15.686274509803921,"((), (False, False, False, False), (False, False, True, True))",0.11,0.165,India OBD II (IOBD II),2193.0,10000000000001011010000000000001,0.0,0.0,255.0,32799.0,100,01101010110100000000000000000000,13.499,21.176470588235293,5.490196078431373,15.686274509803921,14.901960784313726,7.450980392156863,7.0588235294117645
1738913568.5658233,<obd.OBDResponse.Status object at 0x7f06aff2cb50>,"('Closed loop, using oxygen sensor feedback to determine fuel mix', '')",27.84313725490196,90,2.34375,12.5,36,809.0,0.0,6.5,53,15.686274509803921,"((), (False, False, False, False), (False, False, True, True))",0.81,0.17,India OBD II (IOBD II),2196.0,10000000000001011010000000000001,0.0,0.0,255.0,32799.0,100,01101010110100000000000000000000,13.593,21.176470588235293,5.490196078431373,15.686274509803921,14.901960784313726,7.450980392156863,7.0588235294117645
1738913571.1037545,<obd.OBDResponse.Status object at 0x7f06b0790950>,"('Closed loop, using oxygen sensor feedback to determine fuel mix', '')",28.235294117647058,90,3.125,12.5,36,822.5,0.0,6.5,53,15.686274509803921,"((), (False, False, False, False), (False, False, True, True))",0.33,0.165,India OBD II (IOBD II),2198.0,10000000000001011010000000000001,0.0,0.0,255.0,32799.0,100,01101010110100000000000000000000,13.546000000000001,21.176470588235293,5.490196078431373,15.686274509803921,14.901960784313726,7.450980392156863,7.0588235294117645
1738913573.6475542,<obd.OBDResponse.Status object at 0x7f06afeb6290>,"('Closed loop, using oxygen sensor feedback to determine fuel mix', '')",28.235294117647058,90,0.78125,12.5,36,815.5,0.0,6.5,53,15.686274509803921,"((), (False, False, False, False), (False, False, True, True))",0.595,0.17,India OBD II (IOBD II),2201.0,10000000000001011010000000000001,0.0,0.0,255.0,32799.0,100,01101010110100000000000000000000,13.64,21.176470588235293,5.490196078431373,15.686274509803921,14.901960784313726,7.450980392156863,7.0588235294117645
1738913576.203448,<obd.OBDResponse.Status object at 0x7f06b0744b10>,"('Closed loop, using oxygen sensor feedback to determine fuel mix', '')",28.235294117647058,90,3.90625,12.5,36,825.5,0.0,5.0,53,15.686274509803921,"((), (False, False, False, False), (False, False, True, True))",0.835,0.17,India OBD II (IOBD II),2203.0,10000000000001011010000000000001,0.0,0.0,255.0,32799.0,100,01101010110100000000000000000000,13.735,16.862745098039216,4.313725490196078,14.509803921568627,14.901960784313726,7.450980392156863,5.490196078431373
1738913578.7354589,<obd.OBDResponse.Status object at 0x7f06b073af10>,"('Closed loop, using oxygen sensor feedback to determine fuel mix', '')",19.215686274509803,90,-0.78125,14.84375,27,800.5,0.0,4.5,53,14.117647058823529,"((), (False, False, False, False), (False, False, True, True))",0.835,0.165,India OBD II (IOBD II),2206.0,10000000000001011010000000000001,0.0,0.0,255.0,32799.0,100,01101010110100000000000000000000,13.64,14.509803921568627,3.9215686274509802,14.117647058823529,14.901960784313726,7.450980392156863,5.098039215686274
1738913581.2732534,<obd.OBDResponse.Status object at 0x7f06aff290d0>,"('Closed loop, using oxygen sensor feedback to determine fuel mix', '')",18.823529411764707,90,-2.34375,14.84375,26,781.5,0.0,8.0,53,13.72549019607843,"((), (False, False, False, False), (False, False, True, True))",0.07,0.17,India OBD II (IOBD II),2208.0,10000000000001011010000000000001,0.0,0.0,255.0,32799.0,100,01101010110100000000000000000000,13.64,14.117647058823529,3.9215686274509802,14.117647058823529,14.901960784313726,7.450980392156863,5.098039215686274
1738913583.8232872,<obd.OBDResponse.Status object at 0x7f06b7d77b90>,"('Closed loop, using oxygen sensor feedback to determine fuel mix', '')",25.49019607843137,90,0.78125,13.28125,33,813.0,0.0,13.5,54,14.901960784313726,"((), (False, False, False, False), (False, False, True, True))",0.825,0.165,India OBD II (IOBD II),2211.0,10000000000001011010000000000001,0.0,0.0,255.0,32799.0,100,01101010110100000000000000000000,13.334,20.784313725490197,5.882352941176471,16.07843137254902,14.901960784313726,7.450980392156863,7.0588235294117645
1738913586.3850718,<obd.OBDResponse.Status object at 0x7f06b0781390>,"('Closed loop, using oxygen sensor feedback to determine fuel mix', '')",28.235294117647058,90,3.90625,12.5,37,829.0,0.0,6.5,54,15.686274509803921,"((), (False, False, False, False), (False, False, True, True))",0.51,0.17,India OBD II (IOBD II),2213.0,10000000000001011010000000000001,0.0,0.0,255.0,32799.0,100,01101010110100000000000000000000,13.428,21.56862745098039,5.490196078431373,15.686274509803921,14.901960784313726,7.450980392156863,7.0588235294117645
1738913588.9230378,<obd.OBDResponse.Status object at 0x7f06aff2b010>,"('Closed loop, using oxygen sensor feedback to determine fuel mix', '')",27.84313725490196,90,0.78125,12.5,36,829.0,0.0,6.5,54,15.686274509803921,"((), (False, False, False, False), (False, False, True, True))",0.715,0.17,India OBD II (IOBD II),2216.0,10000000000001011010000000000001,0.0,0.0,255.0,32799.0,100,01101010110100000000000000000000,13.499,21.176470588235293,5.490196078431373,15.686274509803921,14.901960784313726,7.450980392156863,7.0588235294117645
1738913591.4729042,<obd.OBDResponse.Status object at 0x7f06aff21d10>,"('Closed loop, using oxygen sensor feedback to determine fuel mix', '')",28.235294117647058,90,4.6875,12.5,36,832.0,0.0,5.0,54,15.686274509803921,"((), (False, False, False, False), (False, False, True, True))",0.845,0.17,India OBD II (IOBD II),2219.0,10000000000001011010000000000001,0.0,0.0,255.0,32799.0,100,01101010110100000000000000000000,13.499,21.176470588235293,5.490196078431373,15.686274509803921,14.901960784313726,7.450980392156863,7.0588235294117645
1738913594.0226195,<obd.OBDResponse.Status object at 0x7f06b077bb50>,"('Closed loop, using oxygen sensor feedback to determine fuel mix', '')",27.84313725490196,90,0.78125,12.5,36,821.0,0.0,7.5,54,15.686274509803921,"((), (False, False, False, False), (False, False, True, True))",0.675,0.17,India OBD II (IOBD II),2221.0,10000000000001011010000000000001,0.0,0.0,255.0,32799.0,100,01101010110100000000000000000000,13.735,16.862745098039216,4.313725490196078,14.509803921568627,14.901960784313726,7.450980392156863,5.490196078431373
1738913596.572874,<obd.OBDResponse.Status object at 0x7f06afeb4810>,"('Closed loop, using oxygen sensor feedback to determine fuel mix', '')",19.607843137254903,90,0.78125,14.84375,27,811.5,0.0,3.0,54,14.117647058823529,"((), (False, False, False, False), (False, False, True, True))",0.86,0.165,India OBD II (IOBD II),2224.0,10000000000001011010000000000001,0.0,0.0,255.0,32799.0,100,01101010110100000000000000000000,13.735,14.117647058823529,3.9215686274509802,14.117647058823529,14.901960784313726,7.450980392156863,5.098039215686274
1738913599.122433,<obd.OBDResponse.Status object at 0x7f06aff229d0>,"('Closed loop, using oxygen sensor feedback to determine fuel mix', '')",18.823529411764707,90,-3.125,14.84375,26,772.0,0.0,9.5,54,13.72549019607843,"((), (False, False, False, False), (False, False, True, True))",0.4,0.175,India OBD II (IOBD II),2226.0,10000000000001011010000000000001,0.0,0.0,255.0,32799.0,100,01101010110100000000000000000000,13.711,14.117647058823529,3.9215686274509802,14.117647058823529,14.901960784313726,7.450980392156863,5.098039215686274
1738913601.6725976,<obd.OBDResponse.Status object at 0x7f06aff2a750>,"('Closed loop, using oxygen sensor feedback to determine fuel mix', '')",27.058823529411764,90,1.5625,12.5,37,755.5,0.0,9.5,54,15.294117647058824,"((), (False, False, False, False), (False, False, True, True))",0.07,0.175,India OBD II (IOBD II),2229.0,10000000000001011010000000000001,0.0,0.0,255.0,32799.0,100,01101010110100000000000000000000,13.593,21.176470588235293,5.490196078431373,15.686274509803921,14.901960784313726,7.450980392156863,7.0588235294117645
1738913604.2221522,<obd.OBDResponse.Status object at 0x7f06aff23a90>,"('Closed loop, using oxygen sensor feedback to determine fuel mix', '')",28.627450980392158,90,5.46875,12.5,36,842.0,0.0,6.0,54,15.686274509803921,"((), (False, False, False, False), (False, False, True, True))",0.85,0.175,India OBD II (IOBD II),2231.0,10000000000001011010000000000001,0.0,0.0,255.0,32799.0,100,01101010110100000000000000000000,13.523,21.176470588235293,5.490196078431373,15.686274509803921,14.901960784313726,7.450980392156863,7.0588235294117645
1738913606.7721148,<obd.OBDResponse.Status object at 0x7f06b00fc4d0>,"('Closed loop, using oxygen sensor feedback to determine fuel mix', '')",28.235294117647058,90,1.5625,12.5,36,824.0,0.0,6.0,54,15.686274509803921,"((), (False, False, False, False), (False, False, True, True))",0.695,0.18,India OBD II (IOBD II),2234.0,10000000000001011010000000000001,0.0,0.0,255.0,32799.0,100,01101010110100000000000000000000,13.523,21.56862745098039,5.490196078431373,15.686274509803921,14.901960784313726,7.450980392156863,7.0588235294117645
1738913609.3223586,<obd.OBDResponse.Status object at 0x7f06b0752d90>,"('Closed loop, using oxygen sensor feedback to determine fuel mix', '')",28.235294117647058,90,4.6875,12.5,36,823.0,0.0,5.0,54,15.686274509803921,"((), (False, False, False, False), (False, False, True, True))",0.855,0.18,India OBD II (IOBD II),2236.0,10000000000001011010000000000001,0.0,0.0,255.0,32799.0,100,01101010110100000000000000000000,13.499,21.176470588235293,5.490196078431373,15.686274509803921,14.901960784313726,7.450980392156863,7.0588235294117645
1738913611.8720887,<obd.OBDResponse.Status object at 0x7f06aff3f090>,"('Closed loop, using oxygen sensor feedback to determine fuel mix', '')",28.235294117647058,90,1.5625,12.5,37,803.5,0.0,6.5,54,15.686274509803921,"((), (False, False, False, False), (False, False, True, True))",0.11,0.215,India OBD II (IOBD II),2239.0,10000000000001011010000000000001,0.0,0.0,255.0,32799.0,100,01101010110100000000000000000000,13.546000000000001,21.56862745098039,5.490196078431373,15.686274509803921,14.901960784313726,7.450980392156863,7.450980392156863
1738913614.4218557,<obd.OBDResponse.Status object at 0x7f06aff22d90>,"('Closed loop, using oxygen sensor feedback to determine fuel mix', '')",28.235294117647058,90,2.34375,12.5,36,822.5,0.0,5.0,54,15.686274509803921,"((), (False, False, False, False), (False, False, True, True))",0.835,0.41,India OBD II (IOBD II),2242.0,10000000000001011010000000000001,0.0,0.0,255.0,32799.0,100,01101010110100000000000000000000,13.523,21.176470588235293,5.490196078431373,15.686274509803921,14.901960784313726,7.450980392156863,7.0588235294117645
1738913616.9720054,<obd.OBDResponse.Status object at 0x7f06aff29510>,"('Closed loop, using oxygen sensor feedback to determine fuel mix', '')",28.627450980392158,90,2.34375,12.5,37,821.5,0.0,5.0,54,15.686274509803921,"((), (False, False, False, False), (False, False, True, True))",0.08,0.71,India OBD II (IOBD II),2244.0,10000000000001011010000000000001,0.0,0.0,255.0,32799.0,100,01101010110100000000000000000000,13.499,21.56862745098039,5.490196078431373,16.07843137254902,14.901960784313726,7.450980392156863,7.450980392156863
1738913619.5218036,<obd.OBDResponse.Status object at 0x7f06b07781d0>,"('Closed loop, using oxygen sensor feedback to determine fuel mix', '')",28.235294117647058,90,1.5625,12.5,37,816.5,0.0,6.0,54,15.686274509803921,"((), (False, False, False, False), (False, False, True, True))",0.78,0.725,India OBD II (IOBD II),2247.0,10000000000001011010000000000001,0.0,0.0,255.0,32799.0,100,01101010110100000000000000000000,13.499,21.56862745098039,5.490196078431373,15.686274509803921,14.901960784313726,7.450980392156863,7.0588235294117645
1738913622.0715003,<obd.OBDResponse.Status object at 0x7f06aff33290>,"('Closed loop, using oxygen sensor feedback to determine fuel mix', '')",43.92156862745098,90,0.78125,10.9375,46,927.0,0.0,-1.0,54,16.470588235294116,"((), (False, False, False, False), (False, False, True, True))",0.865,0.76,India OBD II (IOBD II),2249.0,10000000000001011010000000000001,0.0,4.313725490196078,255.0,32799.0,100,01101010110100000000000000000000,13.193,40.0,7.8431372549019605,18.03921568627451,19.607843137254903,9.803921568627452,9.411764705882353
1738913624.6214461,<obd.OBDResponse.Status object at 0x7f06aff28b90>,"('Closed loop, using oxygen sensor feedback to determine fuel mix', '')",51.76470588235294,89,-1.5625,8.59375,58,1564.0,10.0,9.0,55,22.352941176470587,"((), (False, False, False, False), (False, False, True, True))",0.07,0.765,India OBD II (IOBD II),2252.0,10000000000001011010000000000001,0.0,7.8431372549019605,255.0,32799.0,100,01101010110100000000000000000000,13.735,29.019607843137255,7.450980392156863,17.647058823529413,14.901960784313726,7.450980392156863,9.411764705882353
1738913627.1773372,<obd.OBDResponse.Status object at 0x7f06aff3c7d0>,"('Open loop due to engine load OR fuel cut due to deceleration', '')",21.568627450980394,89,0.0,12.5,29,1118.0,13.0,24.0,55,20.392156862745097,"((), (False, False, False, False), (False, False, True, True))",0.405,0.11,India OBD II (IOBD II),2254.0,10000000000001011010000000000001,0.0,0.0,255.0,32799.0,100,01101010110100000000000000000000,13.64,40.3921568627451,11.764705882352942,21.96078431372549,27.058823529411764,13.333333333333334,14.901960784313726
1738913629.7031772,<obd.OBDResponse.Status object at 0x7f06b07814d0>,"('Closed loop, using oxygen sensor feedback to determine fuel mix', '')",58.431372549019606,88,1.5625,8.59375,70,1698.0,22.0,-1.0,55,25.49019607843137,"((), (False, False, False, False), (False, False, True, True))",0.105,0.22,India OBD II (IOBD II),2257.0,10000000000001011010000000000001,0.0,0.0,255.0,32799.0,100,01101010110100000000000000000000,13.64,29.41176470588235,9.019607843137255,19.215686274509803,18.823529411764707,9.019607843137255,9.019607843137255
1738913632.2410555,<obd.OBDResponse.Status object at 0x7f06b07468d0>,"('Open loop due to engine load OR fuel cut due to deceleration', '')",22.745098039215687,88,0.0,10.9375,27,1717.5,20.0,-20.5,55,16.470588235294116,"((), (False, False, False, False), (False, False, True, True))",0.03,0.0,India OBD II (IOBD II),2259.0,10000000000001011010000000000001,0.0,0.0,255.0,32799.0,100,01101010110100000000000000000000,13.664,14.901960784313726,6.666666666666667,16.862745098039216,14.901960784313726,7.450980392156863,8.235294117647058
1738913634.7729018,<obd.OBDResponse.Status object at 0x7f06affb6f50>,"('Open loop due to engine load OR fuel cut due to deceleration', '')",27.058823529411764,88,0.0,12.5,82,1078.0,12.0,-4.5,55,26.666666666666668,"((), (False, False, False, False), (False, False, True, True))",0.92,0.145,India OBD II (IOBD II),2262.0,10000000000001011010000000000001,0.0,0.0,255.0,32799.0,100,01101010110100000000000000000000,13.546000000000001,73.33333333333333,68.23529411764706,80.0,38.8235294117647,19.607843137254903,89.80392156862744
1738913637.310792,<obd.OBDResponse.Status object at 0x7f06aff3df50>,"('Closed loop, using oxygen sensor feedback to determine fuel mix', '')",96.07843137254902,88,3.90625,7.8125,99,1998.5,26.0,4.5,55,86.66666666666667,"((), (False, False, False, False), (False, False, True, True))",0.135,0.665,India OBD II (IOBD II),2264.0,10000000000001011010000000000001,0.0,0.0,255.0,32799.0,100,01101010110100000000000000000000,13.57,78.43137254901961,70.19607843137256,80.3921568627451,14.901960784313726,7.450980392156863,9.803921568627452
1738913639.860998,<obd.OBDResponse.Status object at 0x7f06aff31a50>,"('Open loop due to engine load OR fuel cut due to deceleration', '')",18.823529411764707,88,0.0,10.9375,27,1204.5,30.0,-4.0,56,16.07843137254902,"((), (False, False, False, False), (False, False, True, True))",0.04,0.02,India OBD II (IOBD II),2267.0,10000000000001011010000000000001,0.0,0.0,255.0,32799.0,100,01101010110100000000000000000000,13.758000000000001,16.470588235294116,7.0588235294117645,17.254901960784313,22.352941176470587,10.588235294117647,10.980392156862745
1738913642.4106185,<obd.OBDResponse.Status object at 0x7f06aff3f410>,"('Open loop due to engine load OR fuel cut due to deceleration', '')",37.64705882352941,88,0.0,9.375,43,1604.5,29.0,23.0,56,20.0,"((), (False, False, False, False), (False, False, True, True))",0.845,0.145,India OBD II (IOBD II),2270.0,10000000000001011010000000000001,0.0,0.0,255.0,32799.0,100,01101010110100000000000000000000,13.711,32.549019607843135,10.980392156862745,21.176470588235293,20.784313725490197,8.627450980392156,9.019607843137255
1738913644.9607615,<obd.OBDResponse.Status object at 0x7f06b0167ad0>,"('Open loop due to engine load OR fuel cut due to deceleration', '')",28.235294117647058,88,0.0,10.15625,41,1546.0,28.0,18.0,56,20.784313725490197,"((), (False, False, False, False), (False, False, True, True))",0.725,0.175,India OBD II (IOBD II),2272.0,10000000000001011010000000000001,0.0,0.0,255.0,32799.0,100,01101010110100000000000000000000,13.64,45.88235294117647,12.941176470588236,23.137254901960784,25.098039215686274,12.156862745098039,16.862745098039216
1738913647.5105546,<obd.OBDResponse.Status object at 0x7f06b07acd10>,"('Open loop due to engine load OR fuel cut due to deceleration', '')",63.529411764705884,88,0.0,8.59375,72,1685.5,30.0,12.5,56,25.49019607843137,"((), (False, False, False, False), (False, False, True, True))",0.865,0.32,India OBD II (IOBD II),2275.0,10000000000001011010000000000001,0.0,0.0,255.0,32799.0,100,01101010110100000000000000000000,13.735,52.94117647058823,15.686274509803921,26.274509803921568,27.84313725490196,13.72549019607843,20.784313725490197
1738913650.0603032,<obd.OBDResponse.Status object at 0x7f06b073bc50>,"('Closed loop, using oxygen sensor feedback to determine fuel mix', '')",66.66666666666667,89,0.0,8.59375,73,1948.0,36.0,15.0,55,26.274509803921568,"((), (False, False, False, False), (False, False, True, True))",0.825,0.725,India OBD II (IOBD II),2277.0,10000000000001011010000000000001,0.0,0.0,255.0,32799.0,100,01101010110100000000000000000000,13.711,30.588235294117645,9.411764705882353,19.607843137254903,14.901960784313726,7.450980392156863,10.980392156862745
1738913652.6101623,<obd.OBDResponse.Status object at 0x7f06aff21310>,"('Open loop due to engine load OR fuel cut due to deceleration', '')",22.352941176470587,90,0.0,12.5,29,1025.0,33.0,-11.5,55,15.294117647058824,"((), (False, False, False, False), (False, False, True, True))",0.855,0.73,India OBD II (IOBD II),2280.0,10000000000001011010000000000001,0.0,0.0,255.0,32799.0,100,01101010110100000000000000000000,13.829,14.509803921568627,5.882352941176471,16.07843137254902,20.0,9.803921568627452,7.8431372549019605
1738913655.1662464,<obd.OBDResponse.Status object at 0x7f06b0760410>,"('Closed loop, using oxygen sensor feedback to determine fuel mix', '')",24.313725490196077,90,-0.78125,11.71875,32,1284.0,31.0,30.0,55,16.862745098039216,"((), (False, False, False, False), (False, False, True, True))",0.785,0.715,India OBD II (IOBD II),2282.0,10000000000001011010000000000001,0.0,0.0,255.0,32799.0,100,01101010110100000000000000000000,13.805,21.176470588235293,7.0588235294117645,17.254901960784313,21.176470588235293,10.196078431372548,9.411764705882353
1738913657.746372,<obd.OBDResponse.Status object at 0x7f06afeb6290>,"('Closed loop, using oxygen sensor feedback to determine fuel mix', '')",45.88235294117647,90,3.90625,9.375,55,1250.5,30.0,18.5,55,19.607843137254903,"((), (False, False, False, False), (False, False, True, True))",0.84,0.68,India OBD II (IOBD II),2285.0,10000000000001011010000000000001,0.0,5.882352941176471,255.0,32799.0,100,01101010110100000000000000000000,13.735,45.09803921568627,12.156862745098039,22.745098039215687,25.88235294117647,12.549019607843137,16.07843137254902
1738913660.332482,<obd.OBDResponse.Status object at 0x7f06aff2ab50>,"('Closed loop, using oxygen sensor feedback to determine fuel mix', '')",62.745098039215684,90,-3.125,8.59375,72,1298.0,31.0,10.5,55,22.745098039215687,"((), (False, False, False, False), (False, False, True, True))",0.8,0.69,India OBD II (IOBD II),2287.0,10000000000001011010000000000001,0.0,19.215686274509803,255.0,32799.0,100,01101010110100000000000000000000,13.523,45.490196078431374,11.372549019607844,21.568627450980394,23.529411764705884,11.372549019607844,14.509803921568627
1738913662.8936713,<obd.OBDResponse.Status object at 0x7f06aff33ad0>,"('Closed loop, using oxygen sensor feedback to determine fuel mix', '')",23.529411764705884,90,-2.34375,11.71875,32,1253.5,29.0,22.5,55,19.607843137254903,"((), (False, False, False, False), (False, False, True, True))",0.905,0.67,India OBD II (IOBD II),2290.0,10000000000001011010000000000001,0.0,19.607843137254903,255.0,32799.0,100,01101010110100000000000000000000,13.664,49.80392156862745,12.941176470588236,23.137254901960784,28.235294117647058,14.117647058823529,18.431372549019606
1738913665.4498103,<obd.OBDResponse.Status object at 0x7f06b076f610>,"('Closed loop, using oxygen sensor feedback to determine fuel mix', '')",84.70588235294117,90,-3.90625,8.59375,92,1326.0,32.0,0.5,54,30.19607843137255,"((), (False, False, False, False), (False, False, True, True))",0.805,0.825,India OBD II (IOBD II),2293.0,10000000000001011010000000000001,0.0,100.0,255.0,32799.0,100,01101010110100000000000000000000,13.64,68.23529411764706,21.568627450980394,31.764705882352942,29.80392156862745,14.509803921568627,26.274509803921568
1738913667.9995623,<obd.OBDResponse.Status object at 0x7f06b072a990>,"('Closed loop, using oxygen sensor feedback to determine fuel mix', '')",57.254901960784316,90,-2.34375,8.59375,65,1449.5,35.0,14.0,54,22.352941176470587,"((), (False, False, False, False), (False, False, True, True))",0.075,0.795,India OBD II (IOBD II),2295.0,10000000000001011010000000000001,0.0,49.01960784313726,255.0,32799.0,100,01101010110100000000000000000000,13.805,45.88235294117647,12.549019607843137,22.745098039215687,26.666666666666668,13.333333333333334,16.07843137254902
1738913670.5495563,<obd.OBDResponse.Status object at 0x7f06afeb6a10>,"('Closed loop, using oxygen sensor feedback to determine fuel mix', '')",58.8235294117647,91,1.5625,8.59375,65,1528.5,37.0,15.0,54,22.745098039215687,"((), (False, False, False, False), (False, False, True, True))",0.08,0.79,India OBD II (IOBD II),2298.0,10000000000001011010000000000001,0.0,31.372549019607842,255.0,32799.0,100,01101010110100000000000000000000,13.758000000000001,30.19607843137255,9.019607843137255,19.215686274509803,24.705882352941178,12.156862745098039,12.156862745098039
1738913673.099251,<obd.OBDResponse.Status object at 0x7f06b0792b90>,"('Closed loop, using oxygen sensor feedback to determine fuel mix', '')",61.1764705882353,91,1.5625,8.59375,67,1596.5,38.0,-1.5,54,21.568627450980394,"((), (False, False, False, False), (False, False, True, True))",0.79,0.785,India OBD II (IOBD II),2300.0,10000000000001011010000000000001,0.0,12.941176470588236,255.0,32799.0,100,01101010110100000000000000000000,13.853,15.294117647058822,6.2745098039215685,16.470588235294116,19.607843137254903,9.411764705882353,8.235294117647058
1738913675.6492593,<obd.OBDResponse.Status object at 0x7f06aff2c710>,"('Closed loop, using oxygen sensor feedback to determine fuel mix', '')",56.86274509803921,91,0.0,8.59375,60,1577.5,37.0,0.0,54,18.03921568627451,"((), (False, False, False, False), (False, False, True, True))",0.89,0.78,India OBD II (IOBD II),2303.0,10000000000001011010000000000001,0.0,3.1372549019607843,255.0,32799.0,100,01101010110100000000000000000000,13.735,22.745098039215687,10.980392156862745,21.176470588235293,27.058823529411764,13.72549019607843,18.431372549019606
1738913678.1992972,<obd.OBDResponse.Status object at 0x7f06aff23050>,"('Closed loop, using oxygen sensor feedback to determine fuel mix', '')",81.56862745098039,91,-3.125,8.59375,86,1611.5,38.0,4.5,54,29.019607843137255,"((), (False, False, False, False), (False, False, True, True))",0.08,0.79,India OBD II (IOBD II),2305.0,10000000000001011010000000000001,0.0,19.607843137254903,255.0,32799.0,100,01101010110100000000000000000000,13.805,65.88235294117646,19.607843137254903,29.80392156862745,30.58823529411765,14.901960784313726,25.098039215686274
1738913680.7489707,<obd.OBDResponse.Status object at 0x7f06aff33f50>,"('Closed loop, using oxygen sensor feedback to determine fuel mix', '')",88.23529411764706,91,-2.34375,7.8125,92,1747.5,42.0,3.5,54,33.333333333333336,"((), (False, False, False, False), (False, False, True, True))",0.795,0.785,India OBD II (IOBD II),2308.0,10000000000001011010000000000001,0.0,98.43137254901961,255.0,32799.0,100,01101010110100000000000000000000,13.64,30.19607843137255,8.627450980392156,17.254901960784313,14.901960784313726,7.450980392156863,9.411764705882353
1738913683.2989137,<obd.OBDResponse.Status object at 0x7f06b0790dd0>,"('Open loop due to engine load OR fuel cut due to deceleration', '')",23.529411764705884,91,0.0,12.5,33,936.0,40.0,7.5,54,15.294117647058824,"((), (False, False, False, False), (False, False, True, True))",0.91,0.77,India OBD II (IOBD II),2310.0,10000000000001011010000000000001,0.0,0.0,255.0,32799.0,100,01101010110100000000000000000000,13.64,19.607843137254903,5.098039215686274,15.294117647058824,15.686274509803921,7.450980392156863,5.098039215686274
1738913685.8491206,<obd.OBDResponse.Status object at 0x7f06aff0e3d0>,"('Closed loop, using oxygen sensor feedback to determine fuel mix', '')",52.15686274509804,91,-0.78125,9.375,64,1223.5,38.0,13.5,53,21.568627450980394,"((), (False, False, False, False), (False, False, True, True))",0.085,0.77,India OBD II (IOBD II),2313.0,10000000000001011010000000000001,0.0,0.0,255.0,32799.0,100,01101010110100000000000000000000,13.805,49.411764705882355,12.941176470588236,23.137254901960784,29.41176470588235,14.509803921568627,17.254901960784313
1738913688.3987622,<obd.OBDResponse.Status object at 0x7f06aff20d10>,"('Closed loop, using oxygen sensor feedback to determine fuel mix', '')",72.15686274509804,91,0.0,8.59375,81,1315.5,41.0,7.5,53,24.705882352941178,"((), (False, False, False, False), (False, False, True, True))",0.29,0.77,India OBD II (IOBD II),2315.0,10000000000001011010000000000001,0.0,10.196078431372548,255.0,32799.0,100,01101010110100000000000000000000,13.853,56.470588235294116,15.294117647058824,25.49019607843137,29.80392156862745,13.72549019607843,19.607843137254903
1738913690.9487047,<obd.OBDResponse.Status object at 0x7f06afeb6d90>,"('Closed loop, using oxygen sensor feedback to determine fuel mix', '')",50.19607843137255,92,-1.5625,9.375,65,1340.5,42.0,3.0,53,22.745098039215687,"((), (False, False, False, False), (False, False, True, True))",0.33,0.77,India OBD II (IOBD II),2318.0,10000000000001011010000000000001,0.0,14.117647058823529,255.0,32800.0,100,01101010110100000000000000000000,13.735,57.64705882352941,15.686274509803921,26.274509803921568,29.019607843137255,14.509803921568627,20.784313725490197
1738913693.510331,<obd.OBDResponse.Status object at 0x7f06b076ed10>,"('Closed loop, using oxygen sensor feedback to determine fuel mix', '')",86.27450980392157,92,0.78125,8.59375,92,1380.5,43.0,0.5,53,30.19607843137255,"((), (False, False, False, False), (False, False, True, True))",0.8,0.785,India OBD II (IOBD II),2321.0,10000000000001011010000000000001,0.0,93.72549019607843,255.0,32800.0,100,01101010110100000000000000000000,13.688,56.07843137254902,14.117647058823529,24.313725490196077,20.392156862745097,9.803921568627452,10.588235294117647
1738913696.04847,<obd.OBDResponse.Status object at 0x7f06aff28250>,"('Closed loop, using oxygen sensor feedback to determine fuel mix', '')",70.58823529411765,92,3.125,8.59375,79,1398.0,44.0,8.0,53,24.705882352941178,"((), (False, False, False, False), (False, False, True, True))",0.785,0.78,India OBD II (IOBD II),2323.0,10000000000001011010000000000001,0.0,76.86274509803921,255.0,32800.0,100,01101010110100000000000000000000,13.711,56.07843137254902,14.901960784313726,25.098039215686274,27.84313725490196,13.72549019607843,19.215686274509803
1738913698.6104546,<obd.OBDResponse.Status object at 0x7f06b00fe1d0>,"('Closed loop, using oxygen sensor feedback to determine fuel mix', '')",77.6470588235294,92,6.25,8.59375,85,1437.5,45.0,6.0,52,25.49019607843137,"((), (False, False, False, False), (False, False, True, True))",0.83,0.785,India OBD II (IOBD II),2326.0,10000000000001011010000000000001,0.0,100.0,255.0,32800.0,100,01101010110100000000000000000000,13.735,52.549019607843135,9.019607843137255,19.215686274509803,20.0,9.411764705882353,10.980392156862745
1738913701.1482255,<obd.OBDResponse.Status object at 0x7f06b072a990>,"('Closed loop, using oxygen sensor feedback to determine fuel mix', '')",45.490196078431374,92,4.6875,9.375,55,1414.5,44.0,18.0,52,20.784313725490197,"((), (False, False, False, False), (False, False, True, True))",0.73,0.775,India OBD II (IOBD II),2328.0,10000000000001011010000000000001,0.0,39.21568627450981,255.0,32800.0,100,01101010110100000000000000000000,13.758000000000001,42.35294117647059,11.372549019607844,21.568627450980394,26.274509803921568,12.941176470588236,14.901960784313726
1738913703.698115,<obd.OBDResponse.Status object at 0x7f06b71413d0>,"('Closed loop, using oxygen sensor feedback to determine fuel mix', '')",61.96078431372549,92,1.5625,8.59375,70,1420.0,45.0,10.5,52,22.745098039215687,"((), (False, False, False, False), (False, False, True, True))",0.1,0.77,India OBD II (IOBD II),2331.0,10000000000001011010000000000001,0.0,100.0,255.0,32800.0,100,01101010110100000000000000000000,13.688,50.19607843137255,12.941176470588236,23.137254901960784,28.235294117647058,14.117647058823529,17.254901960784313
1738913706.2478864,<obd.OBDResponse.Status object at 0x7f06b07459d0>,"('Closed loop, using oxygen sensor feedback to determine fuel mix', '')",70.19607843137256,92,3.90625,8.59375,82,1460.0,46.0,1.5,52,27.058823529411764,"((), (False, False, False, False), (False, False, True, True))",0.53,0.775,India OBD II (IOBD II),2333.0,10000000000001011010000000000001,0.0,100.0,255.0,32800.0,100,01101010110100000000000000000000,13.64,64.70588235294117,18.823529411764707,29.019607843137255,29.019607843137255,14.509803921568627,24.313725490196077
1738913708.7980525,<obd.OBDResponse.Status object at 0x7f06b0781350>,"('Closed loop, using oxygen sensor feedback to determine fuel mix', '')",45.09803921568628,92,2.34375,9.375,52,1470.0,46.0,18.5,52,20.784313725490197,"((), (False, False, False, False), (False, False, True, True))",0.065,0.77,India OBD II (IOBD II),2336.0,10000000000001011010000000000001,0.0,64.31372549019608,255.0,32800.0,100,01101010110100000000000000000000,13.546000000000001,40.3921568627451,10.980392156862745,21.176470588235293,24.705882352941178,12.156862745098039,14.509803921568627
1738913711.3480022,<obd.OBDResponse.Status object at 0x7f06b0745d90>,"('Closed loop, using oxygen sensor feedback to determine fuel mix', '')",57.254901960784316,92,2.34375,8.59375,66,1456.5,46.0,12.0,51,21.96078431372549,"((), (False, False, False, False), (False, False, True, True))",0.38,0.765,India OBD II (IOBD II),2338.0,10000000000001011010000000000001,0.0,100.0,255.0,32800.0,100,01101010110100000000000000000000,13.64,46.27450980392157,12.156862745098039,22.352941176470587,25.49019607843137,12.549019607843137,15.686274509803921
1738913713.8796604,<obd.OBDResponse.Status object at 0x7f06b06e2c50>,"('Closed loop, using oxygen sensor feedback to determine fuel mix', '')",60.0,92,3.125,8.59375,67,1480.0,46.0,12.5,51,22.352941176470587,"((), (False, False, False, False), (False, False, True, True))",0.79,0.765,India OBD II (IOBD II),2341.0,10000000000001011010000000000001,0.0,100.0,255.0,32800.0,100,01101010110100000000000000000000,13.711,47.05882352941176,12.549019607843137,22.745098039215687,25.49019607843137,12.549019607843137,16.07843137254902
1738913716.417493,<obd.OBDResponse.Status object at 0x7f06b0166710>,"('Closed loop, using oxygen sensor feedback to determine fuel mix', '')",54.90196078431372,92,3.125,8.59375,61,1526.5,48.0,15.5,51,21.568627450980394,"((), (False, False, False, False), (False, False, True, True))",0.1,0.755,India OBD II (IOBD II),2344.0,10000000000001011010000000000001,0.0,72.94117647058823,255.0,32800.0,100,01101010110100000000000000000000,13.758000000000001,23.137254901960784,7.0588235294117645,17.254901960784313,15.294117647058824,7.450980392156863,9.019607843137255
1738913718.949287,<obd.OBDResponse.Status object at 0x7f06b0745090>,"('Open loop due to engine load OR fuel cut due to deceleration', '')",17.647058823529413,92,0.0,12.5,24,1454.0,45.0,-20.5,51,16.07843137254902,"((), (False, False, False, False), (False, False, True, True))",0.015,0.0,India OBD II (IOBD II),2346.0,10000000000001011010000000000001,0.0,0.0,255.0,32800.0,100,01101010110100000000000000000000,13.711,13.72549019607843,5.882352941176471,16.07843137254902,18.03921568627451,8.627450980392156,7.450980392156863
1738913721.4691958,<obd.OBDResponse.Status object at 0x7f06aff20ad0>,"('Open loop due to engine load OR fuel cut due to deceleration', '')",17.254901960784313,92,0.0,12.5,25,1384.0,43.0,9.0,51,17.254901960784313,"((), (False, False, False, False), (False, False, True, True))",0.075,0.08,India OBD II (IOBD II),2349.0,10000000000001011010000000000001,0.0,0.0,255.0,32800.0,100,01101010110100000000000000000000,13.664,18.03921568627451,6.666666666666667,16.862745098039216,19.607843137254903,9.411764705882353,8.627450980392156
1738913724.0071313,<obd.OBDResponse.Status object at 0x7f06b0752810>,"('Open loop due to engine load OR fuel cut due to deceleration', '')",20.784313725490197,91,0.0,11.71875,28,1327.0,41.0,5.0,51,16.07843137254902,"((), (False, False, False, False), (False, False, True, True))",0.91,0.115,India OBD II (IOBD II),2351.0,10000000000001011010000000000001,0.0,0.0,255.0,32800.0,100,01101010110100000000000000000000,13.593,16.07843137254902,6.2745098039215685,16.470588235294116,14.901960784313726,7.450980392156863,7.8431372549019605
1738913726.5574763,<obd.OBDResponse.Status object at 0x7f06aff20d10>,"('Open loop due to engine load OR fuel cut due to deceleration', '')",21.568627450980394,90,0.0,12.5,28,1190.5,37.0,5.0,51,16.07843137254902,"((), (False, False, False, False), (False, False, True, True))",0.885,0.125,India OBD II (IOBD II),2354.0,10000000000001011010000000000001,0.0,0.0,255.0,32800.0,100,01101010110100000000000000000000,13.664,16.862745098039216,5.882352941176471,16.07843137254902,14.901960784313726,7.450980392156863,7.450980392156863
1738913729.1069288,<obd.OBDResponse.Status object at 0x7f06aff2c6d0>,"('Open loop due to engine load OR fuel cut due to deceleration', '')",23.92156862745098,90,0.0,13.28125,32,960.5,29.0,3.0,51,15.294117647058824,"((), (False, False, False, False), (False, False, True, True))",0.88,0.135,India OBD II (IOBD II),2356.0,10000000000001011010000000000001,0.0,0.0,255.0,32800.0,100,01101010110100000000000000000000,13.711,16.07843137254902,4.705882352941177,14.901960784313726,14.901960784313726,7.450980392156863,5.882352941176471
1738913731.6570992,<obd.OBDResponse.Status object at 0x7f06aff232d0>,"('Open loop due to engine load OR fuel cut due to deceleration', '')",20.0,90,0.0,14.0625,28,807.0,20.0,2.0,51,14.117647058823529,"((), (False, False, False, False), (False, False, True, True))",0.89,0.14,India OBD II (IOBD II),2359.0,10000000000001011010000000000001,0.0,0.0,255.0,32800.0,100,01101010110100000000000000000000,13.688,14.901960784313726,3.9215686274509802,14.117647058823529,14.901960784313726,7.450980392156863,5.098039215686274
1738913734.2065535,<obd.OBDResponse.Status object at 0x7f06aff2bd90>,"('Open loop due to engine load OR fuel cut due to deceleration', '')",19.607843137254903,90,0.0,14.84375,27,796.0,10.0,3.0,51,13.72549019607843,"((), (False, False, False, False), (False, False, True, True))",0.885,0.145,India OBD II (IOBD II),2361.0,10000000000001011010000000000001,0.0,0.0,255.0,32800.0,100,01101010110100000000000000000000,13.758000000000001,14.117647058823529,3.5294117647058822,13.72549019607843,14.901960784313726,7.450980392156863,4.705882352941177
1738913736.750761,<obd.OBDResponse.Status object at 0x7f06b0751fd0>,"('Open loop due to engine load OR fuel cut due to deceleration', '')",18.431372549019606,90,0.0,14.84375,26,791.0,9.0,5.0,51,13.72549019607843,"((), (False, False, False, False), (False, False, True, True))",0.88,0.155,India OBD II (IOBD II),2364.0,10000000000001011010000000000001,0.0,0.0,255.0,32800.0,100,01101010110100000000000000000000,13.476,16.470588235294116,4.705882352941177,15.294117647058824,14.901960784313726,7.450980392156863,6.2745098039215685
1738913739.3184984,<obd.OBDResponse.Status object at 0x7f06b0791ad0>,"('Closed loop, using oxygen sensor feedback to determine fuel mix', '')",30.58823529411765,90,0.0,10.9375,59,756.0,9.0,11.0,51,20.0,"((), (False, False, False, False), (False, False, True, True))",0.825,0.855,India OBD II (IOBD II),2366.0,10000000000001011010000000000001,0.0,0.0,255.0,32800.0,100,01101010110100000000000000000000,13.664,48.23529411764706,12.549019607843137,22.745098039215687,27.45098039215686,13.333333333333334,17.254901960784313
1738913741.8563507,<obd.OBDResponse.Status object at 0x7f06aff33f10>,"('Closed loop, using oxygen sensor feedback to determine fuel mix', '')",27.45098039215686,90,0.0,10.9375,39,1182.5,14.0,25.5,51,19.215686274509803,"((), (False, False, False, False), (False, False, True, True))",0.26,0.835,India OBD II (IOBD II),2369.0,10000000000001011010000000000001,0.0,4.705882352941177,255.0,32800.0,100,01101010110100000000000000000000,13.735,41.568627450980394,11.372549019607844,21.568627450980394,24.313725490196077,11.764705882352942,14.509803921568627
1738913744.406381,<obd.OBDResponse.Status object at 0x7f06b076cc10>,"('Closed loop, using oxygen sensor feedback to determine fuel mix', '')",49.01960784313726,90,3.90625,8.59375,55,1721.0,21.0,18.0,51,22.352941176470587,"((), (False, False, False, False), (False, False, True, True))",0.115,0.815,India OBD II (IOBD II),2372.0,10000000000001011010000000000001,0.0,12.156862745098039,255.0,32800.0,100,01101010110100000000000000000000,13.664,38.03921568627451,12.156862745098039,22.352941176470587,23.92156862745098,11.372549019607844,15.294117647058824
1738913746.9560416,<obd.OBDResponse.Status object at 0x7f06b0745dd0>,"('Closed loop, using oxygen sensor feedback to determine fuel mix', '')",22.352941176470587,90,0.0,9.375,29,1548.5,26.0,-4.5,51,17.254901960784313,"((), (False, False, False, False), (False, False, True, True))",0.06,0.805,India OBD II (IOBD II),2374.0,10000000000001011010000000000001,0.0,0.0,255.0,32800.0,100,01101010110100000000000000000000,13.688,17.254901960784313,6.666666666666667,16.470588235294116,14.901960784313726,7.450980392156863,7.8431372549019605
1738913749.5059757,<obd.OBDResponse.Status object at 0x7f06aff2dc10>,"('Closed loop, using oxygen sensor feedback to determine fuel mix', '')",20.0,90,2.34375,10.9375,27,1481.0,26.0,-4.0,51,16.862745098039216,"((), (False, False, False, False), (False, False, True, True))",0.095,0.795,India OBD II (IOBD II),2377.0,10000000000001011010000000000001,0.0,0.0,255.0,32800.0,100,01101010110100000000000000000000,13.758000000000001,15.686274509803921,6.666666666666667,16.862745098039216,22.745098039215687,10.980392156862745,12.156862745098039
1738913752.0558639,<obd.OBDResponse.Status object at 0x7f06b0779010>,"('Closed loop, using oxygen sensor feedback to determine fuel mix', '')",60.0,90,4.6875,8.59375,69,1828.0,32.0,14.0,51,25.49019607843137,"((), (False, False, False, False), (False, False, True, True))",0.815,0.78,India OBD II (IOBD II),2379.0,10000000000001011010000000000001,0.0,5.098039215686274,255.0,32800.0,100,01101010110100000000000000000000,13.735,50.98039215686274,15.686274509803921,25.88235294117647,30.19607843137255,14.901960784313726,20.392156862745097
1738913754.6059375,<obd.OBDResponse.Status object at 0x7f06afeb6310>,"('Closed loop, using oxygen sensor feedback to determine fuel mix', '')",63.13725490196079,90,-2.34375,7.8125,69,2342.5,43.0,-1.0,51,29.019607843137255,"((), (False, False, False, False), (False, False, True, True))",0.115,0.765,India OBD II (IOBD II),2382.0,10000000000001011010000000000001,0.0,0.0,255.0,32800.0,100,01101010110100000000000000000000,13.593,15.686274509803921,7.450980392156863,17.647058823529413,14.901960784313726,7.450980392156863,9.411764705882353
1738913757.1557894,<obd.OBDResponse.Status object at 0x7f06aff2b910>,"('Open loop due to engine load OR fuel cut due to deceleration', '')",22.352941176470587,89,0.0,12.5,31,1712.0,44.0,23.0,51,19.607843137254903,"((), (False, False, False, False), (False, False, True, True))",0.225,0.76,India OBD II (IOBD II),2384.0,10000000000001011010000000000001,0.0,0.0,255.0,32800.0,100,01101010110100000000000000000000,13.711,43.529411764705884,13.72549019607843,24.705882352941178,27.84313725490196,13.72549019607843,18.823529411764707
1738913759.7056222,<obd.OBDResponse.Status object at 0x7f06b0782110>,"('Open loop due to engine load OR fuel cut due to deceleration', '')",65.49019607843137,89,-2.34375,7.8125,71,2095.0,50.0,16.5,51,26.666666666666668,"((), (False, False, False, False), (False, False, True, True))",0.17,0.745,India OBD II (IOBD II),2387.0,10000000000001011010000000000001,0.0,0.0,255.0,32800.0,100,01101010110100000000000000000000,13.664,54.11764705882353,16.862745098039216,27.45098039215686,29.41176470588235,14.509803921568627,21.96078431372549
1738913762.2553902,<obd.OBDResponse.Status object at 0x7f06aff2b050>,"('Closed loop, using oxygen sensor feedback to determine fuel mix', '')",22.745098039215687,89,0.0,10.15625,26,2239.0,56.0,-20.5,51,17.254901960784313,"((), (False, False, False, False), (False, False, True, True))",0.01,0.81,India OBD II (IOBD II),2389.0,10000000000001011010000000000001,0.0,0.0,255.0,32800.0,100,01101010110100000000000000000000,13.758000000000001,14.901960784313726,5.882352941176471,16.07843137254902,14.901960784313726,7.450980392156863,7.8431372549019605
1738913764.7994556,<obd.OBDResponse.Status object at 0x7f06b0792310>,"('Open loop due to engine load OR fuel cut due to deceleration', '')",18.03921568627451,89,0.0,10.9375,26,1864.5,57.0,4.5,51,17.254901960784313,"((), (False, False, False, False), (False, False, True, True))",0.1,0.11,India OBD II (IOBD II),2392.0,10000000000001011010000000000001,0.0,0.0,255.0,32800.0,100,01101010110100000000000000000000,13.735,15.686274509803921,7.450980392156863,17.647058823529413,14.901960784313726,7.450980392156863,9.803921568627452
1738913767.3496003,<obd.OBDResponse.Status object at 0x7f06b1075690>,"('Closed loop, using oxygen sensor feedback to determine fuel mix', '')",20.784313725490197,90,3.125,10.15625,28,1841.0,58.0,-1.5,51,18.03921568627451,"((), (False, False, False, False), (False, False, True, True))",0.81,0.14,India OBD II (IOBD II),2394.0,10000000000001011010000000000001,0.0,0.0,255.0,32800.0,100,01101010110100000000000000000000,13.758000000000001,16.862745098039216,7.8431372549019605,18.03921568627451,14.901960784313726,7.450980392156863,10.196078431372548
1738913769.8871596,<obd.OBDResponse.Status object at 0x7f06aff33e10>,"('Closed loop, using oxygen sensor feedback to determine fuel mix', '')",21.568627450980394,90,2.34375,10.15625,29,1859.5,58.0,-2.5,51,18.03921568627451,"((), (False, False, False, False), (False, False, True, True))",0.135,0.155,India OBD II (IOBD II),2397.0,10000000000001011010000000000001,0.0,4.313725490196078,255.0,32800.0,100,01101010110100000000000000000000,13.735,17.254901960784313,7.8431372549019605,18.431372549019606,14.901960784313726,7.450980392156863,10.196078431372548
1738913772.437053,<obd.OBDResponse.Status object at 0x7f06b71413d0>,"('Closed loop, using oxygen sensor feedback to determine fuel mix', '')",21.568627450980394,90,1.5625,10.15625,29,1801.0,56.0,-2.5,51,17.647058823529413,"((), (False, False, False, False), (False, False, True, True))",0.45,0.165,India OBD II (IOBD II),2400.0,10000000000001011010000000000001,0.0,6.2745098039215685,255.0,32800.0,100,01101010110100000000000000000000,13.64,17.254901960784313,7.8431372549019605,18.03921568627451,16.470588235294116,7.8431372549019605,9.803921568627452
1738913774.9747887,<obd.OBDResponse.Status object at 0x7f06b0799510>,"('Closed loop, using oxygen sensor feedback to determine fuel mix', '')",21.176470588235293,90,3.125,10.15625,29,1779.5,56.0,-2.5,51,17.647058823529413,"((), (False, False, False, False), (False, False, True, True))",0.335,0.165,India OBD II (IOBD II),2402.0,10000000000001011010000000000001,0.0,12.156862745098039,255.0,32800.0,100,01101010110100000000000000000000,13.664,16.862745098039216,7.450980392156863,18.03921568627451,18.03921568627451,8.627450980392156,9.803921568627452
1738913777.5249999,<obd.OBDResponse.Status object at 0x7f06aff2ced0>,"('Closed loop, using oxygen sensor feedback to determine fuel mix', '')",36.470588235294116,90,4.6875,9.375,45,1784.5,56.0,21.5,51,20.392156862745097,"((), (False, False, False, False), (False, False, True, True))",0.14,0.175,India OBD II (IOBD II),2405.0,10000000000001011010000000000001,0.0,26.274509803921568,255.0,32800.0,100,01101010110100000000000000000000,13.758000000000001,16.07843137254902,7.450980392156863,17.647058823529413,21.176470588235293,10.196078431372548,9.411764705882353
1738913780.0806835,<obd.OBDResponse.Status object at 0x7f06aff3de10>,"('Open loop due to engine load OR fuel cut due to deceleration', '')",19.607843137254903,90,0.0,10.15625,32,1786.5,56.0,31.5,51,18.823529411764707,"((), (False, False, False, False), (False, False, True, True))",0.84,0.175,India OBD II (IOBD II),2407.0,10000000000001011010000000000001,0.0,0.0,255.0,32801.0,100,01101010110100000000000000000000,13.688,25.098039215686274,9.411764705882353,19.607843137254903,21.568627450980394,9.019607843137255,12.156862745098039
1738913782.636844,<obd.OBDResponse.Status object at 0x7f06aff2c6d0>,"('Open loop due to engine load OR fuel cut due to deceleration', '')",20.784313725490197,89,0.0,10.9375,27,1718.0,54.0,0.5,51,16.470588235294116,"((), (False, False, False, False), (False, False, True, True))",0.015,0.005,India OBD II (IOBD II),2410.0,10000000000001011010000000000001,0.0,0.0,255.0,32801.0,100,01101010110100000000000000000000,13.711,14.509803921568627,6.666666666666667,16.862745098039216,21.176470588235293,10.196078431372548,10.196078431372548
1738913785.174737,<obd.OBDResponse.Status object at 0x7f06aff33a10>,"('Open loop due to engine load OR fuel cut due to deceleration', '')",42.745098039215684,89,2.34375,8.59375,55,1697.5,53.0,17.0,51,22.745098039215687,"((), (False, False, False, False), (False, False, True, True))",0.885,0.135,India OBD II (IOBD II),2412.0,10000000000001011010000000000001,0.0,0.0,255.0,32801.0,100,01101010110100000000000000000000,13.664,47.450980392156865,14.117647058823529,24.313725490196077,28.235294117647058,14.117647058823529,18.431372549019606
1738913787.70638,<obd.OBDResponse.Status object at 0x7f06b8bb0e90>,"('Open loop due to engine load OR fuel cut due to deceleration', '')",80.3921568627451,89,0.0,7.8125,86,1749.5,55.0,6.0,50,29.80392156862745,"((), (False, False, False, False), (False, False, True, True))",0.88,0.23,India OBD II (IOBD II),2415.0,10000000000001011010000000000001,0.0,0.0,255.0,32801.0,100,01101010110100000000000000000000,13.593,64.70588235294117,20.0,30.58823529411765,31.372549019607842,15.686274509803921,26.274509803921568
1738913790.244395,<obd.OBDResponse.Status object at 0x7f06b0779090>,"('Closed loop, using oxygen sensor feedback to determine fuel mix', '')",83.92156862745098,89,3.90625,7.8125,88,1862.5,58.0,6.5,50,30.980392156862745,"((), (False, False, False, False), (False, False, True, True))",0.24,0.74,India OBD II (IOBD II),2417.0,10000000000001011010000000000001,0.0,0.0,255.0,32801.0,100,01101010110100000000000000000000,13.546000000000001,64.31372549019608,20.392156862745097,30.58823529411765,31.764705882352942,15.686274509803921,25.88235294117647
1738913792.7944467,<obd.OBDResponse.Status object at 0x7f06b07422d0>,"('Closed loop, using oxygen sensor feedback to determine fuel mix', '')",69.01960784313725,89,-3.125,7.8125,74,1927.5,61.0,15.5,50,26.666666666666668,"((), (False, False, False, False), (False, False, True, True))",0.08,0.82,India OBD II (IOBD II),2420.0,10000000000001011010000000000001,0.0,0.0,255.0,32801.0,100,01101010110100000000000000000000,13.853,54.90196078431372,16.862745098039216,27.058823529411764,32.15686274509804,16.07843137254902,21.568627450980394
1738913795.3442214,<obd.OBDResponse.Status object at 0x7f06aff23750>,"('Closed loop, using oxygen sensor feedback to determine fuel mix', '')",70.58823529411765,90,3.90625,7.8125,76,2012.5,63.0,15.0,50,27.45098039215686,"((), (False, False, False, False), (False, False, True, True))",0.85,0.77,India OBD II (IOBD II),2422.0,10000000000001011010000000000001,0.0,0.0,255.0,32801.0,100,01101010110100000000000000000000,13.805,33.333333333333336,16.07843137254902,16.470588235294116,14.901960784313726,7.450980392156863,8.627450980392156
1738913797.893943,<obd.OBDResponse.Status object at 0x7f06aff3e0d0>,"('Closed loop, using oxygen sensor feedback to determine fuel mix', '')",24.313725490196077,90,0.78125,10.15625,33,1948.0,61.0,32.0,50,18.823529411764707,"((), (False, False, False, False), (False, False, True, True))",0.085,0.755,India OBD II (IOBD II),2425.0,10000000000001011010000000000001,0.0,0.0,255.0,32801.0,100,01101010110100000000000000000000,13.711,22.745098039215687,9.411764705882353,20.0,24.313725490196077,11.764705882352942,12.941176470588236
1738913800.4439745,<obd.OBDResponse.Status object at 0x7f06b009b550>,"('Closed loop, using oxygen sensor feedback to determine fuel mix', '')",62.745098039215684,90,0.0,7.8125,75,1922.5,60.0,-1.5,49,27.058823529411764,"((), (False, False, False, False), (False, False, True, True))",0.86,0.745,India OBD II (IOBD II),2428.0,10000000000001011010000000000001,0.0,0.0,255.0,32801.0,100,01101010110100000000000000000000,13.593,56.07843137254902,17.254901960784313,27.45098039215686,29.80392156862745,14.901960784313726,22.352941176470587
1738913802.993752,<obd.OBDResponse.Status object at 0x7f06aff309d0>,"('Closed loop, using oxygen sensor feedback to determine fuel mix', '')",41.568627450980394,90,3.90625,8.59375,50,1907.0,60.0,20.0,49,24.313725490196077,"((), (False, False, False, False), (False, False, True, True))",0.81,0.74,India OBD II (IOBD II),2430.0,10000000000001011010000000000001,0.0,5.098039215686274,255.0,32801.0,100,01101010110100000000000000000000,13.735,53.72549019607843,16.862745098039216,27.45098039215686,30.58823529411765,14.901960784313726,21.568627450980394
1738913805.5439827,<obd.OBDResponse.Status object at 0x7f06b0786210>,"('Closed loop, using oxygen sensor feedback to determine fuel mix', '')",95.68627450980392,90,4.6875,7.8125,99,1967.5,62.0,5.0,49,75.68627450980392,"((), (False, False, False, False), (False, False, True, True))",0.67,0.745,India OBD II (IOBD II),2433.0,10000000000001011010000000000001,0.0,9.411764705882353,255.0,32801.0,100,01101010110100000000000000000000,13.735,76.86274509803921,70.98039215686275,82.74509803921569,43.92156862745098,21.96078431372549,92.94117647058823
1738913808.075473,<obd.OBDResponse.Status object at 0x7f06b077be90>,"('Closed loop, using oxygen sensor feedback to determine fuel mix', '')",96.86274509803921,90,3.125,7.8125,99,2101.0,66.0,5.0,49,87.05882352941177,"((), (False, False, False, False), (False, False, True, True))",0.09,0.76,India OBD II (IOBD II),2435.0,10000000000001011010000000000001,0.0,55.294117647058826,255.0,32801.0,100,01101010110100000000000000000000,13.829,78.82352941176471,77.6470588235294,87.45098039215686,44.31372549019608,22.352941176470587,99.6078431372549
1738913810.6137946,<obd.OBDResponse.Status object at 0x7f06b0165050>,"('Closed loop, using oxygen sensor feedback to determine fuel mix', '')",99.2156862745098,90,1.5625,7.8125,99,2251.5,71.0,3.5,48,87.84313725490196,"((), (False, False, False, False), (False, False, True, True))",0.825,0.8,India OBD II (IOBD II),2438.0,10000000000001011010000000000001,0.0,100.0,255.0,32801.0,100,01101010110100000000000000000000,13.735,81.17647058823529,78.03921568627452,88.23529411764706,43.92156862745098,21.568627450980394,99.6078431372549
1738913813.1633227,<obd.OBDResponse.Status object at 0x7f06aff29110>,"('Open loop due to engine load OR fuel cut due to deceleration', '')",19.215686274509803,90,0.0,10.15625,25,2270.5,71.0,-19.0,48,18.03921568627451,"((), (False, False, False, False), (False, False, True, True))",0.01,0.835,India OBD II (IOBD II),2440.0,10000000000001011010000000000001,0.0,0.0,255.0,32801.0,100,01101010110100000000000000000000,13.853,13.333333333333334,7.450980392156863,17.647058823529413,14.901960784313726,7.450980392156863,9.411764705882353
1738913815.7255368,<obd.OBDResponse.Status object at 0x7f06aff32150>,"('Open loop due to engine load OR fuel cut due to deceleration', '')",16.07843137254902,90,0.0,10.9375,23,2122.5,66.0,-19.5,48,17.254901960784313,"((), (False, False, False, False), (False, False, True, True))",0.01,0.0,India OBD II (IOBD II),2443.0,10000000000001011010000000000001,0.0,0.0,255.0,32801.0,100,01101010110100000000000000000000,13.64,13.333333333333334,7.0588235294117645,17.254901960784313,14.901960784313726,7.450980392156863,9.019607843137255
1738913818.2632966,<obd.OBDResponse.Status object at 0x7f06b7112110>,"('Open loop due to engine load OR fuel cut due to deceleration', '')",24.313725490196077,90,0.0,12.5,33,911.5,62.0,4.5,48,15.294117647058824,"((), (False, False, False, False), (False, False, True, True))",0.925,0.075,India OBD II (IOBD II),2445.0,10000000000001011010000000000001,0.0,0.0,255.0,32801.0,100,01101010110100000000000000000000,13.593,19.607843137254903,5.098039215686274,15.294117647058824,14.901960784313726,7.450980392156863,6.2745098039215685
1738913820.8129725,<obd.OBDResponse.Status object at 0x7f06b0798d50>,"('Open loop due to engine load OR fuel cut due to deceleration', '')",27.058823529411764,90,0.0,12.5,35,770.0,52.0,6.5,48,14.901960784313726,"((), (False, False, False, False), (False, False, True, True))",0.915,0.12,India OBD II (IOBD II),2448.0,10000000000001011010000000000001,0.0,0.0,255.0,32801.0,100,01101010110100000000000000000000,13.593,20.392156862745097,5.098039215686274,15.294117647058824,14.901960784313726,7.450980392156863,6.2745098039215685
1738913823.362858,<obd.OBDResponse.Status object at 0x7f06aff291d0>,"('Open loop due to engine load OR fuel cut due to deceleration', '')",27.058823529411764,90,0.0,12.5,35,798.0,43.0,4.5,48,14.901960784313726,"((), (False, False, False, False), (False, False, True, True))",0.89,0.135,India OBD II (IOBD II),2450.0,10000000000001011010000000000001,0.0,0.0,255.0,32801.0,100,01101010110100000000000000000000,13.664,17.254901960784313,3.5294117647058822,14.117647058823529,14.901960784313726,7.450980392156863,5.098039215686274
1738913825.9128077,<obd.OBDResponse.Status object at 0x7f06b0760890>,"('Open loop due to engine load OR fuel cut due to deceleration', '')",20.0,90,0.0,14.0625,27,810.0,34.0,3.0,48,13.72549019607843,"((), (False, False, False, False), (False, False, True, True))",0.895,0.14,India OBD II (IOBD II),2453.0,10000000000001011010000000000001,0.0,0.0,255.0,32801.0,100,01101010110100000000000000000000,13.711,14.509803921568627,3.5294117647058822,13.72549019607843,14.901960784313726,7.450980392156863,4.705882352941177
1738913828.462763,<obd.OBDResponse.Status object at 0x7f06b0783d10>,"('Open loop due to engine load OR fuel cut due to deceleration', '')",18.431372549019606,90,0.0,14.84375,26,788.5,31.0,7.5,48,13.72549019607843,"((), (False, False, False, False), (False, False, True, True))",0.895,0.155,India OBD II (IOBD II),2456.0,10000000000001011010000000000001,0.0,0.0,255.0,32801.0,100,01101010110100000000000000000000,13.735,14.117647058823529,3.5294117647058822,13.72549019607843,14.901960784313726,7.450980392156863,4.705882352941177
1738913830.9948566,<obd.OBDResponse.Status object at 0x7f06aff2c590>,"('Closed loop, using oxygen sensor feedback to determine fuel mix', '')",18.823529411764707,90,-2.34375,14.84375,27,794.0,24.0,4.5,48,14.901960784313726,"((), (False, False, False, False), (False, False, True, True))",0.855,0.84,India OBD II (IOBD II),2458.0,10000000000001011010000000000001,0.0,0.0,255.0,32801.0,100,01101010110100000000000000000000,13.476,18.03921568627451,4.705882352941177,14.901960784313726,14.901960784313726,7.450980392156863,5.882352941176471
1738913833.532492,<obd.OBDResponse.Status object at 0x7f06aff28890>,"('Closed loop, using oxygen sensor feedback to determine fuel mix', '')",26.274509803921568,90,-3.90625,12.5,34,814.0,17.0,9.5,48,14.901960784313726,"((), (False, False, False, False), (False, False, True, True))",0.08,0.84,India OBD II (IOBD II),2461.0,10000000000001011010000000000001,0.0,0.0,255.0,32801.0,100,01101010110100000000000000000000,13.688,19.607843137254903,5.098039215686274,15.294117647058824,14.901960784313726,7.450980392156863,6.666666666666667
1738913836.076539,<obd.OBDResponse.Status object at 0x7f06aff211d0>,"('Closed loop, using oxygen sensor feedback to determine fuel mix', '')",26.666666666666668,90,0.78125,12.5,35,815.5,14.0,6.5,48,15.294117647058824,"((), (False, False, False, False), (False, False, True, True))",0.125,0.845,India OBD II (IOBD II),2463.0,10000000000001011010000000000001,0.0,0.0,255.0,32801.0,100,01101010110100000000000000000000,13.546000000000001,19.607843137254903,5.098039215686274,15.294117647058824,14.901960784313726,7.450980392156863,6.2745098039215685
1738913838.6322143,<obd.OBDResponse.Status object at 0x7f06affb7a90>,"('Closed loop, using oxygen sensor feedback to determine fuel mix', '')",25.88235294117647,90,-2.34375,12.5,34,783.5,13.0,11.0,48,14.901960784313726,"((), (False, False, False, False), (False, False, True, True))",0.12,0.835,India OBD II (IOBD II),2466.0,10000000000001011010000000000001,0.0,0.0,255.0,32801.0,100,01101010110100000000000000000000,13.57,20.0,5.098039215686274,15.294117647058824,14.901960784313726,7.450980392156863,6.666666666666667
1738913841.17621,<obd.OBDResponse.Status object at 0x7f06b0780c90>,"('Closed loop, using oxygen sensor feedback to determine fuel mix', '')",45.88235294117647,90,1.5625,10.15625,52,850.5,13.0,-11.5,48,16.07843137254902,"((), (False, False, False, False), (False, False, True, True))",0.845,0.825,India OBD II (IOBD II),2468.0,10000000000001011010000000000001,0.0,0.0,255.0,32801.0,100,01101010110100000000000000000000,13.546000000000001,22.745098039215687,5.882352941176471,16.07843137254902,14.901960784313726,7.450980392156863,7.450980392156863
1738913843.7262945,<obd.OBDResponse.Status object at 0x7f06aff225d0>,"('Closed loop, using oxygen sensor feedback to determine fuel mix', '')",27.45098039215686,90,0.78125,12.5,36,847.5,10.0,3.5,48,15.686274509803921,"((), (False, False, False, False), (False, False, True, True))",0.07,0.815,India OBD II (IOBD II),2471.0,10000000000001011010000000000001,0.0,0.0,255.0,32801.0,100,01101010110100000000000000000000,13.546000000000001,21.176470588235293,5.098039215686274,15.686274509803921,14.901960784313726,7.450980392156863,6.666666666666667
1738913846.2641551,<obd.OBDResponse.Status object at 0x7f06aff0f790>,"('Closed loop, using oxygen sensor feedback to determine fuel mix', '')",21.176470588235293,90,0.0,14.0625,28,824.0,5.0,0.0,48,14.117647058823529,"((), (False, False, False, False), (False, False, True, True))",0.86,0.81,India OBD II (IOBD II),2473.0,10000000000001011010000000000001,0.0,0.0,255.0,32801.0,100,01101010110100000000000000000000,13.688,14.901960784313726,3.9215686274509802,14.117647058823529,14.901960784313726,7.450980392156863,5.098039215686274
1738913848.801746,<obd.OBDResponse.Status object at 0x7f06aff2df50>,"('Closed loop, using oxygen sensor feedback to determine fuel mix', '')",18.823529411764707,90,-3.90625,14.84375,27,782.0,0.0,9.0,48,13.72549019607843,"((), (False, False, False, False), (False, False, True, True))",0.76,0.805,India OBD II (IOBD II),2476.0,10000000000001011010000000000001,0.0,0.0,255.0,32801.0,100,01101010110100000000000000000000,13.64,14.117647058823529,3.5294117647058822,13.72549019607843,14.901960784313726,7.450980392156863,5.098039215686274
1738913851.3518338,<obd.OBDResponse.Status object at 0x7f06aff31290>,"('Closed loop, using oxygen sensor feedback to determine fuel mix', '')",28.627450980392158,90,-2.34375,12.5,34,929.5,2.0,13.5,48,15.294117647058824,"((), (False, False, False, False), (False, False, True, True))",0.06,0.8,India OBD II (IOBD II),2478.0,10000000000001011010000000000001,0.0,0.0,255.0,32801.0,100,01101010110100000000000000000000,13.688,36.07843137254902,8.235294117647058,17.647058823529413,15.686274509803921,7.450980392156863,9.411764705882353
1738913853.9135795,<obd.OBDResponse.Status object at 0x7f06b0724150>,"('Closed loop, using oxygen sensor feedback to determine fuel mix', '')",44.31372549019608,90,3.90625,10.15625,53,1138.0,8.0,11.0,48,19.607843137254903,"((), (False, False, False, False), (False, False, True, True))",0.78,0.79,India OBD II (IOBD II),2481.0,10000000000001011010000000000001,0.0,4.705882352941177,255.0,32801.0,100,01101010110100000000000000000000,13.664,25.098039215686274,8.235294117647058,18.431372549019606,20.392156862745097,9.803921568627452,11.372549019607844
1738913856.4516203,<obd.OBDResponse.Status object at 0x7f06b712a210>,"('Closed loop, using oxygen sensor feedback to determine fuel mix', '')",37.64705882352941,90,3.125,8.59375,35,2172.0,14.0,-4.5,48,17.254901960784313,"((), (False, False, False, False), (False, False, True, True))",0.04,0.78,India OBD II (IOBD II),2484.0,10000000000001011010000000000001,0.0,0.0,255.0,32801.0,100,01101010110100000000000000000000,13.735,16.862745098039216,6.666666666666667,16.862745098039216,14.901960784313726,7.450980392156863,8.235294117647058
1738913859.0011997,<obd.OBDResponse.Status object at 0x7f06aff3ee10>,"('Closed loop, using oxygen sensor feedback to determine fuel mix', '')",29.019607843137255,90,-1.5625,10.9375,38,1237.0,16.0,7.5,49,19.215686274509803,"((), (False, False, False, False), (False, False, True, True))",0.135,0.77,India OBD II (IOBD II),2486.0,10000000000001011010000000000001,0.0,0.0,255.0,32801.0,100,01101010110100000000000000000000,13.64,34.11764705882353,10.196078431372548,20.392156862745097,22.745098039215687,10.980392156862745,13.333333333333334
1738913861.5515318,<obd.OBDResponse.Status object at 0x7f06b0745dd0>,"('Closed loop, using oxygen sensor feedback to determine fuel mix', '')",37.64705882352941,90,3.90625,9.375,42,1698.0,21.0,12.0,49,19.215686274509803,"((), (False, False, False, False), (False, False, True, True))",0.17,0.76,India OBD II (IOBD II),2489.0,10000000000001011010000000000001,0.0,3.1372549019607843,255.0,32801.0,100,01101010110100000000000000000000,13.829,20.784313725490197,9.019607843137255,19.215686274509803,22.745098039215687,10.980392156862745,11.372549019607844
1738913864.0831184,<obd.OBDResponse.Status object at 0x7f06b0729190>,"('Closed loop, using oxygen sensor feedback to determine fuel mix', '')",32.94117647058823,89,6.25,8.59375,32,2234.5,28.0,2.0,49,17.647058823529413,"((), (False, False, False, False), (False, False, True, True))",0.895,0.75,India OBD II (IOBD II),2491.0,10000000000001011010000000000001,0.0,0.0,255.0,32801.0,100,01101010110100000000000000000000,13.735,15.294117647058822,6.666666666666667,16.862745098039216,14.901960784313726,7.450980392156863,7.8431372549019605
1738913866.633329,<obd.OBDResponse.Status object at 0x7f06b0730f10>,"('Open loop due to engine load OR fuel cut due to deceleration', '')",21.176470588235293,88,0.0,13.28125,28,956.0,30.0,-5.5,49,14.901960784313726,"((), (False, False, False, False), (False, False, True, True))",0.885,0.075,India OBD II (IOBD II),2494.0,10000000000001011010000000000001,0.0,0.0,255.0,32801.0,100,01101010110100000000000000000000,13.688,15.294117647058822,4.705882352941177,14.901960784313726,15.294117647058824,7.450980392156863,5.882352941176471
1738913869.1768415,<obd.OBDResponse.Status object at 0x7f06aff30650>,"('Open loop due to engine load OR fuel cut due to deceleration', '')",19.215686274509803,88,0.0,14.84375,27,791.0,33.0,3.0,49,14.117647058823529,"((), (False, False, False, False), (False, False, True, True))",0.93,0.115,India OBD II (IOBD II),2496.0,10000000000001011010000000000001,0.0,0.0,255.0,32801.0,100,01101010110100000000000000000000,13.664,14.901960784313726,3.9215686274509802,14.117647058823529,14.901960784313726,7.450980392156863,5.098039215686274
1738913871.7028623,<obd.OBDResponse.Status object at 0x7f06aff2b0d0>,"('Open loop due to engine load OR fuel cut due to deceleration', '')",25.098039215686274,88,0.0,12.5,33,768.5,34.0,15.0,50,14.901960784313726,"((), (False, False, False, False), (False, False, True, True))",0.88,0.13,India OBD II (IOBD II),2499.0,10000000000001011010000000000001,0.0,0.0,255.0,32801.0,100,01101010110100000000000000000000,13.57,20.392156862745097,5.098039215686274,15.294117647058824,14.901960784313726,7.450980392156863,6.666666666666667
1738913874.2406952,<obd.OBDResponse.Status object at 0x7f06aff30650>,"('Open loop due to engine load OR fuel cut due to deceleration', '')",26.274509803921568,88,0.0,12.5,34,792.5,31.0,8.0,50,14.901960784313726,"((), (False, False, False, False), (False, False, True, True))",0.86,0.135,India OBD II (IOBD II),2501.0,10000000000001011010000000000001,0.0,0.0,255.0,32802.0,100,01101010110100000000000000000000,13.593,19.607843137254903,5.098039215686274,15.294117647058824,14.901960784313726,7.450980392156863,6.666666666666667
1738913876.790708,<obd.OBDResponse.Status object at 0x7f06afff6890>,"('Open loop due to engine load OR fuel cut due to deceleration', '')",26.274509803921568,89,0.0,12.5,34,800.5,24.0,6.0,50,14.901960784313726,"((), (False, False, False, False), (False, False, True, True))",0.855,0.14,India OBD II (IOBD II),2504.0,10000000000001011010000000000001,0.0,0.0,255.0,32802.0,100,01101010110100000000000000000000,13.546000000000001,19.607843137254903,5.098039215686274,15.294117647058824,14.901960784313726,7.450980392156863,6.666666666666667
1738913879.3224015,<obd.OBDResponse.Status object at 0x7f06aff21310>,"('Open loop due to engine load OR fuel cut due to deceleration', '')",25.88235294117647,89,0.0,12.5,34,799.0,12.0,6.0,50,14.901960784313726,"((), (False, False, False, False), (False, False, True, True))",0.85,0.145,India OBD II (IOBD II),2506.0,10000000000001011010000000000001,0.0,0.0,255.0,32802.0,100,01101010110100000000000000000000,13.546000000000001,19.607843137254903,5.098039215686274,15.294117647058824,14.901960784313726,7.450980392156863,6.666666666666667
1738913881.8423722,<obd.OBDResponse.Status object at 0x7f06b077b010>,"('Open loop due to engine load OR fuel cut due to deceleration', '')",26.274509803921568,89,0.0,12.5,34,801.5,9.0,6.5,50,14.901960784313726,"((), (False, False, False, False), (False, False, True, True))",0.845,0.155,India OBD II (IOBD II),2509.0,10000000000001011010000000000001,0.0,0.0,255.0,32802.0,100,01101010110100000000000000000000,13.57,22.745098039215687,5.098039215686274,15.294117647058824,15.686274509803921,7.450980392156863,4.705882352941177
1738913884.3742297,<obd.OBDResponse.Status object at 0x7f06aff2fb10>,"('Open loop due to engine load OR fuel cut due to deceleration', '')",28.627450980392158,89,0.0,12.5,38,872.5,11.0,23.0,50,16.07843137254902,"((), (False, False, False, False), (False, False, True, True))",0.835,0.225,India OBD II (IOBD II),2511.0,10000000000001011010000000000001,0.0,0.0,255.0,32802.0,100,01101010110100000000000000000000,13.688,22.745098039215687,6.2745098039215685,16.470588235294116,20.392156862745097,9.803921568627452,8.235294117647058
1738913886.9301383,<obd.OBDResponse.Status object at 0x7f06b0166210>,"('Closed loop, using oxygen sensor feedback to determine fuel mix', '')",30.980392156862745,90,1.5625,10.9375,38,1071.0,13.0,24.5,50,16.862745098039216,"((), (False, False, False, False), (False, False, True, True))",0.09,0.765,India OBD II (IOBD II),2514.0,10000000000001011010000000000001,0.0,0.0,255.0,32802.0,100,01101010110100000000000000000000,13.664,24.705882352941178,7.450980392156863,18.03921568627451,21.568627450980394,10.588235294117647,9.803921568627452
1738913889.48005,<obd.OBDResponse.Status object at 0x7f06aff23b50>,"('Closed loop, using oxygen sensor feedback to determine fuel mix', '')",47.05882352941177,90,2.34375,9.375,50,1514.0,19.0,19.5,50,20.392156862745097,"((), (False, False, False, False), (False, False, True, True))",0.8,0.805,India OBD II (IOBD II),2517.0,10000000000001011010000000000001,0.0,6.2745098039215685,255.0,32802.0,100,01101010110100000000000000000000,13.711,33.72549019607843,10.980392156862745,21.568627450980394,23.529411764705884,11.372549019607844,14.509803921568627
1738913892.029923,<obd.OBDResponse.Status object at 0x7f06b009ba10>,"('Open loop due to engine load OR fuel cut due to deceleration', '')",22.745098039215687,90,0.0,11.71875,30,1098.0,25.0,6.5,50,16.07843137254902,"((), (False, False, False, False), (False, False, True, True))",0.895,0.805,India OBD II (IOBD II),2519.0,10000000000001011010000000000001,0.0,0.0,255.0,32802.0,100,01101010110100000000000000000000,13.57,18.431372549019606,5.490196078431373,15.686274509803921,14.901960784313726,7.450980392156863,7.0588235294117645
1738913894.585754,<obd.OBDResponse.Status object at 0x7f06afeb4d50>,"('Closed loop, using oxygen sensor feedback to determine fuel mix', '')",27.058823529411764,89,-0.78125,12.5,35,776.5,29.0,6.0,50,15.294117647058824,"((), (False, False, False, False), (False, False, True, True))",0.095,0.805,India OBD II (IOBD II),2522.0,10000000000001011010000000000001,0.0,0.0,255.0,32802.0,100,01101010110100000000000000000000,13.57,20.392156862745097,5.098039215686274,15.294117647058824,14.901960784313726,7.450980392156863,6.666666666666667
1738913897.1299338,<obd.OBDResponse.Status object at 0x7f06b00fdc90>,"('Closed loop, using oxygen sensor feedback to determine fuel mix', '')",26.274509803921568,89,-0.78125,12.5,34,787.5,31.0,8.0,51,15.294117647058824,"((), (False, False, False, False), (False, False, True, True))",0.68,0.8,India OBD II (IOBD II),2524.0,10000000000001011010000000000001,0.0,0.0,255.0,32802.0,100,01101010110100000000000000000000,13.688,20.392156862745097,5.098039215686274,15.294117647058824,14.901960784313726,7.450980392156863,6.666666666666667
1738913899.6736019,<obd.OBDResponse.Status object at 0x7f06b077b710>,"('Closed loop, using oxygen sensor feedback to determine fuel mix', '')",26.666666666666668,90,0.78125,12.5,35,807.5,31.0,6.5,51,15.294117647058824,"((), (False, False, False, False), (False, False, True, True))",0.095,0.795,India OBD II (IOBD II),2527.0,10000000000001011010000000000001,0.0,0.0,255.0,32802.0,100,01101010110100000000000000000000,13.57,20.0,5.098039215686274,15.294117647058824,14.901960784313726,7.450980392156863,6.666666666666667
1738913902.1935782,<obd.OBDResponse.Status object at 0x7f06affb7a90>,"('Closed loop, using oxygen sensor feedback to determine fuel mix', '')",26.274509803921568,90,-0.78125,12.5,35,790.0,26.0,6.5,51,15.294117647058824,"((), (False, False, False, False), (False, False, True, True))",0.11,0.79,India OBD II (IOBD II),2529.0,10000000000001011010000000000001,0.0,0.0,255.0,32802.0,100,01101010110100000000000000000000,13.664,18.431372549019606,3.9215686274509802,14.117647058823529,14.901960784313726,7.450980392156863,5.098039215686274
1738913904.731569,<obd.OBDResponse.Status object at 0x7f06b0167610>,"('Closed loop, using oxygen sensor feedback to determine fuel mix', '')",19.607843137254903,90,-0.78125,14.0625,28,808.5,16.0,1.5,51,13.72549019607843,"((), (False, False, False, False), (False, False, True, True))",0.87,0.785,India OBD II (IOBD II),2532.0,10000000000001011010000000000001,0.0,0.0,255.0,32802.0,100,01101010110100000000000000000000,13.688,14.509803921568627,3.9215686274509802,14.117647058823529,14.901960784313726,7.450980392156863,4.705882352941177
1738913907.2811947,<obd.OBDResponse.Status object at 0x7f06b075d290>,"('Closed loop, using oxygen sensor feedback to determine fuel mix', '')",18.823529411764707,90,-3.90625,14.84375,26,779.0,18.0,11.0,51,13.72549019607843,"((), (False, False, False, False), (False, False, True, True))",0.075,0.78,India OBD II (IOBD II),2534.0,10000000000001011010000000000001,0.0,0.0,255.0,32802.0,100,01101010110100000000000000000000,13.334,19.607843137254903,5.098039215686274,15.294117647058824,14.901960784313726,7.450980392156863,6.2745098039215685
1738913909.8311415,<obd.OBDResponse.Status object at 0x7f06b0607c50>,"('Closed loop, using oxygen sensor feedback to determine fuel mix', '')",29.019607843137255,90,0.0,12.5,36,817.5,15.0,5.0,51,15.294117647058824,"((), (False, False, False, False), (False, False, True, True))",0.08,0.775,India OBD II (IOBD II),2537.0,10000000000001011010000000000001,0.0,0.0,255.0,32802.0,100,01101010110100000000000000000000,13.546000000000001,20.0,5.098039215686274,15.686274509803921,14.901960784313726,7.450980392156863,6.666666666666667
1738913912.3751066,<obd.OBDResponse.Status object at 0x7f06b079a650>,"('Closed loop, using oxygen sensor feedback to determine fuel mix', '')",26.274509803921568,90,1.5625,12.5,34,809.5,12.0,8.0,51,14.901960784313726,"((), (False, False, False, False), (False, False, True, True))",0.815,0.775,India OBD II (IOBD II),2539.0,10000000000001011010000000000001,0.0,0.0,255.0,32802.0,100,01101010110100000000000000000000,13.711,19.607843137254903,5.098039215686274,15.294117647058824,14.901960784313726,7.450980392156863,6.666666666666667
1738913914.9313302,<obd.OBDResponse.Status object at 0x7f06aff21450>,"('Closed loop, using oxygen sensor feedback to determine fuel mix', '')",26.274509803921568,90,1.5625,12.5,34,800.5,9.0,8.0,51,14.901960784313726,"((), (False, False, False, False), (False, False, True, True))",0.085,0.77,India OBD II (IOBD II),2542.0,10000000000001011010000000000001,0.0,0.0,255.0,32802.0,100,01101010110100000000000000000000,13.499,27.84313725490196,7.0588235294117645,18.03921568627451,20.392156862745097,10.196078431372548,10.196078431372548
1738913917.4747577,<obd.OBDResponse.Status object at 0x7f06b0752010>,"('Closed loop, using oxygen sensor feedback to determine fuel mix', '')",58.03921568627451,90,0.0,9.375,63,998.0,13.0,15.0,51,19.215686274509803,"((), (False, False, False, False), (False, False, True, True))",0.83,0.77,India OBD II (IOBD II),2545.0,10000000000001011010000000000001,0.0,6.666666666666667,255.0,32802.0,100,01101010110100000000000000000000,13.593,36.470588235294116,9.411764705882353,19.607843137254903,23.529411764705884,11.372549019607844,12.156862745098039
1738913920.0485697,<obd.OBDResponse.Status object at 0x7f06b8abad50>,"('Closed loop, using oxygen sensor feedback to determine fuel mix', '')",43.529411764705884,90,-0.78125,9.375,49,1516.5,19.0,19.5,51,20.392156862745097,"((), (False, False, False, False), (False, False, True, True))",0.76,0.76,India OBD II (IOBD II),2547.0,10000000000001011010000000000001,0.0,15.686274509803921,255.0,32802.0,100,01101010110100000000000000000000,13.758000000000001,31.764705882352942,10.196078431372548,20.392156862745097,23.92156862745098,11.372549019607844,13.333333333333334
1738913922.5984743,<obd.OBDResponse.Status object at 0x7f06b7d97bd0>,"('Closed loop, using oxygen sensor feedback to determine fuel mix', '')",25.098039215686274,90,-3.90625,10.15625,33,1732.0,21.0,30.5,51,18.431372549019606,"((), (False, False, False, False), (False, False, True, True))",0.855,0.77,India OBD II (IOBD II),2550.0,10000000000001011010000000000001,0.0,0.0,255.0,32802.0,100,01101010110100000000000000000000,13.829,16.07843137254902,7.450980392156863,17.647058823529413,14.901960784313726,7.450980392156863,9.411764705882353
1738913925.1545992,<obd.OBDResponse.Status object at 0x7f06b0778c10>,"('Open loop due to engine load OR fuel cut due to deceleration', '')",20.0,89,0.0,10.9375,27,1422.0,17.0,6.0,51,16.470588235294116,"((), (False, False, False, False), (False, False, True, True))",0.675,0.1,India OBD II (IOBD II),2552.0,10000000000001011010000000000001,0.0,0.0,255.0,32802.0,100,01101010110100000000000000000000,13.64,16.862745098039216,6.666666666666667,16.862745098039216,14.901960784313726,7.450980392156863,8.627450980392156
1738913927.7106032,<obd.OBDResponse.Status object at 0x7f06b0607c50>,"('Open loop due to engine load OR fuel cut due to deceleration', '')",24.705882352941178,88,0.0,12.5,33,1030.5,12.0,0.5,51,15.686274509803921,"((), (False, False, False, False), (False, False, True, True))",0.89,0.135,India OBD II (IOBD II),2555.0,10000000000001011010000000000001,0.0,0.0,255.0,32802.0,100,01101010110100000000000000000000,13.593,18.823529411764707,5.490196078431373,15.686274509803921,18.823529411764707,9.019607843137255,7.450980392156863
1738913930.2601714,<obd.OBDResponse.Status object at 0x7f06b0781390>,"('Open loop due to engine load OR fuel cut due to deceleration', '')",58.431372549019606,88,0.0,9.375,69,986.0,12.0,11.0,51,20.392156862745097,"((), (False, False, False, False), (False, False, True, True))",0.835,0.165,India OBD II (IOBD II),2557.0,10000000000001011010000000000001,0.0,0.0,255.0,32802.0,100,01101010110100000000000000000000,13.546000000000001,45.88235294117647,10.980392156862745,21.176470588235293,23.92156862745098,11.764705882352942,14.117647058823529
1738913932.7980692,<obd.OBDResponse.Status object at 0x7f06aff3e290>,"('Open loop due to engine load OR fuel cut due to deceleration', '')",23.92156862745098,88,0.0,10.9375,30,1446.5,17.0,27.0,51,18.03921568627451,"((), (False, False, False, False), (False, False, True, True))",0.835,0.765,India OBD II (IOBD II),2560.0,10000000000001011010000000000001,0.0,0.0,255.0,32802.0,100,01101010110100000000000000000000,13.711,24.313725490196077,8.627450980392156,19.215686274509803,23.137254901960784,11.372549019607844,12.941176470588236
1738913935.3480182,<obd.OBDResponse.Status object at 0x7f06b072bbd0>,"('Closed loop, using oxygen sensor feedback to determine fuel mix', '')",36.470588235294116,88,6.25,9.375,37,1717.5,21.0,12.0,51,16.470588235294116,"((), (False, False, False, False), (False, False, True, True))",0.87,0.755,India OBD II (IOBD II),2562.0,10000000000001011010000000000001,0.0,2.7450980392156863,255.0,32802.0,100,01101010110100000000000000000000,13.829,20.784313725490197,9.019607843137255,19.607843137254903,23.137254901960784,11.372549019607844,12.156862745098039
1738913937.8978324,<obd.OBDResponse.Status object at 0x7f06aff32750>,"('Closed loop, using oxygen sensor feedback to determine fuel mix', '')",21.176470588235293,88,0.0,10.15625,28,1892.0,24.0,2.0,51,18.03921568627451,"((), (False, False, False, False), (False, False, True, True))",0.05,0.735,India OBD II (IOBD II),2565.0,10000000000001011010000000000001,0.0,0.0,255.0,32802.0,100,01101010110100000000000000000000,13.711,14.117647058823529,7.0588235294117645,17.254901960784313,20.392156862745097,9.803921568627452,10.980392156862745
1738913940.4537332,<obd.OBDResponse.Status object at 0x7f06aff296d0>,"('Closed loop, using oxygen sensor feedback to determine fuel mix', '')",30.980392156862745,88,6.25,10.15625,30,1884.5,23.0,6.0,51,18.03921568627451,"((), (False, False, False, False), (False, False, True, True))",0.86,0.725,India OBD II (IOBD II),2568.0,10000000000001011010000000000001,0.0,0.0,255.0,32802.0,100,01101010110100000000000000000000,13.664,17.254901960784313,8.235294117647058,18.431372549019606,14.901960784313726,7.450980392156863,10.196078431372548
1738913943.009831,<obd.OBDResponse.Status object at 0x7f06b0165f50>,"('Open loop due to engine load OR fuel cut due to deceleration', '')",17.647058823529413,88,0.0,11.71875,24,1525.5,18.0,-19.0,51,16.07843137254902,"((), (False, False, False, False), (False, False, True, True))",0.005,0.0,India OBD II (IOBD II),2570.0,10000000000001011010000000000001,0.0,0.0,255.0,32802.0,100,01101010110100000000000000000000,13.688,15.686274509803921,7.0588235294117645,17.254901960784313,20.0,9.411764705882353,9.803921568627452
1738913945.5476446,<obd.OBDResponse.Status object at 0x7f06aff20650>,"('Open loop due to engine load OR fuel cut due to deceleration', '')",21.568627450980394,88,0.0,11.71875,29,1305.0,16.0,-7.0,51,16.470588235294116,"((), (False, False, False, False), (False, False, True, True))",0.86,0.11,India OBD II (IOBD II),2573.0,10000000000001011010000000000001,0.0,0.0,255.0,32802.0,100,01101010110100000000000000000000,13.758000000000001,15.686274509803921,6.2745098039215685,16.470588235294116,14.901960784313726,7.450980392156863,8.235294117647058
1738913948.0797584,<obd.OBDResponse.Status object at 0x7f06aff2e1d0>,"('Open loop due to engine load OR fuel cut due to deceleration', '')",20.784313725490197,88,0.0,12.5,28,1272.5,16.0,-7.0,51,16.07843137254902,"((), (False, False, False, False), (False, False, True, True))",0.875,0.125,India OBD II (IOBD II),2575.0,10000000000001011010000000000001,0.0,0.0,255.0,32802.0,100,01101010110100000000000000000000,13.758000000000001,16.07843137254902,6.2745098039215685,16.470588235294116,18.823529411764707,9.019607843137255,7.8431372549019605
1738913950.5994256,<obd.OBDResponse.Status object at 0x7f06aff33850>,"('Open loop due to engine load OR fuel cut due to deceleration', '')",33.333333333333336,88,0.0,10.15625,42,1497.0,19.0,24.0,51,19.607843137254903,"((), (False, False, False, False), (False, False, True, True))",0.37,0.14,India OBD II (IOBD II),2578.0,10000000000001011010000000000001,0.0,0.0,255.0,32802.0,100,01101010110100000000000000000000,13.711,27.058823529411764,9.411764705882353,19.607843137254903,23.529411764705884,11.372549019607844,12.156862745098039
1738913953.1494052,<obd.OBDResponse.Status object at 0x7f06b02d4610>,"('Open loop due to engine load OR fuel cut due to deceleration', '')",20.0,88,0.0,10.15625,26,1826.5,23.0,-19.5,51,16.862745098039216,"((), (False, False, False, False), (False, False, True, True))",0.02,0.0,India OBD II (IOBD II),2580.0,10000000000001011010000000000001,0.0,0.0,255.0,32802.0,100,01101010110100000000000000000000,13.64,15.686274509803921,7.0588235294117645,18.431372549019606,20.0,9.411764705882353,10.588235294117647
1738913955.6990776,<obd.OBDResponse.Status object at 0x7f06affb6110>,"('Open loop due to engine load OR fuel cut due to deceleration', '')",23.529411764705884,88,1.5625,10.15625,31,1931.5,24.0,32.0,51,18.823529411764707,"((), (False, False, False, False), (False, False, True, True))",0.855,0.115,India OBD II (IOBD II),2583.0,10000000000001011010000000000001,0.0,0.0,255.0,32802.0,100,01101010110100000000000000000000,13.664,21.96078431372549,9.803921568627452,20.0,21.568627450980394,10.196078431372548,12.549019607843137
1738913958.2190325,<obd.OBDResponse.Status object at 0x7f06aff2d290>,"('Open loop due to engine load OR fuel cut due to deceleration', '')",25.88235294117647,88,3.125,9.375,29,2210.5,27.0,9.0,51,18.823529411764707,"((), (False, False, False, False), (False, False, True, True))",0.875,0.125,India OBD II (IOBD II),2585.0,10000000000001011010000000000001,0.0,0.0,255.0,32802.0,100,01101010110100000000000000000000,13.711,18.03921568627451,9.019607843137255,19.215686274509803,16.07843137254902,7.450980392156863,11.764705882352942
1738913960.7570128,<obd.OBDResponse.Status object at 0x7f06aff2bcd0>,"('Open loop due to engine load OR fuel cut due to deceleration', '')",24.313725490196077,89,0.0,9.375,31,2142.5,27.0,18.0,51,19.215686274509803,"((), (False, False, False, False), (False, False, True, True))",0.115,0.105,India OBD II (IOBD II),2588.0,10000000000001011010000000000001,0.0,0.0,255.0,32802.0,100,01101010110100000000000000000000,13.735,17.254901960784313,8.627450980392156,18.823529411764707,21.96078431372549,10.588235294117647,11.372549019607844
1738913963.2887,<obd.OBDResponse.Status object at 0x7f06aff3e450>,"('Open loop due to engine load OR fuel cut due to deceleration', '')",18.03921568627451,89,0.0,10.15625,25,2217.5,28.0,0.5,51,18.823529411764707,"((), (False, False, False, False), (False, False, True, True))",0.4,0.045,India OBD II (IOBD II),2590.0,10000000000001011010000000000001,0.0,0.0,255.0,32802.0,100,01101010110100000000000000000000,13.829,13.333333333333334,7.8431372549019605,18.03921568627451,20.0,9.411764705882353,10.196078431372548
1738913965.8386016,<obd.OBDResponse.Status object at 0x7f06aff22250>,"('Open loop due to engine load OR fuel cut due to deceleration', '')",16.470588235294116,89,4.6875,10.15625,23,2385.0,30.0,12.5,51,18.431372549019606,"((), (False, False, False, False), (False, False, True, True))",0.57,0.11,India OBD II (IOBD II),2593.0,10000000000001011010000000000001,0.0,0.0,255.0,32802.0,100,01101010110100000000000000000000,13.758000000000001,14.509803921568627,8.627450980392156,18.823529411764707,20.0,9.803921568627452,10.980392156862745
1738913968.3889942,<obd.OBDResponse.Status object at 0x7f06b0781b50>,"('Open loop due to engine load OR fuel cut due to deceleration', '')",18.431372549019606,89,0.0,10.15625,26,1736.5,31.0,-20.5,51,16.470588235294116,"((), (False, False, False, False), (False, False, True, True))",0.025,0.0,India OBD II (IOBD II),2596.0,10000000000001011010000000000001,0.0,0.0,255.0,32802.0,100,01101010110100000000000000000000,13.711,17.254901960784313,5.882352941176471,16.07843137254902,14.901960784313726,7.450980392156863,7.450980392156863
1738913970.9385478,<obd.OBDResponse.Status object at 0x7f06b02b44d0>,"('Open loop due to engine load OR fuel cut due to deceleration', '')",20.392156862745097,89,0.0,14.0625,28,889.5,30.0,-3.0,51,14.509803921568627,"((), (False, False, False, False), (False, False, True, True))",0.935,0.085,India OBD II (IOBD II),2598.0,10000000000001011010000000000001,0.0,0.0,255.0,32802.0,100,01101010110100000000000000000000,13.688,15.294117647058822,4.313725490196078,14.509803921568627,14.901960784313726,7.450980392156863,5.490196078431373
1738913973.4762795,<obd.OBDResponse.Status object at 0x7f06b076c210>,"('Open loop due to engine load OR fuel cut due to deceleration', '')",19.607843137254903,89,0.0,14.0625,30,793.5,22.0,-4.0,51,15.294117647058824,"((), (False, False, False, False), (False, False, True, True))",0.925,0.115,India OBD II (IOBD II),2601.0,10000000000001011010000000000001,0.0,0.0,255.0,32802.0,100,01101010110100000000000000000000,13.405000000000001,18.431372549019606,4.705882352941177,14.901960784313726,14.901960784313726,7.450980392156863,6.2745098039215685
1738913976.0202408,<obd.OBDResponse.Status object at 0x7f06aff2b9d0>,"('Open loop due to engine load OR fuel cut due to deceleration', '')",26.666666666666668,90,0.0,12.5,34,808.0,16.0,6.5,51,14.901960784313726,"((), (False, False, False, False), (False, False, True, True))",0.885,0.125,India OBD II (IOBD II),2603.0,10000000000001011010000000000001,0.0,0.0,255.0,32802.0,100,01101010110100000000000000000000,13.64,19.607843137254903,5.098039215686274,15.294117647058824,14.901960784313726,7.450980392156863,6.666666666666667
1738913978.5582578,<obd.OBDResponse.Status object at 0x7f06aff28c10>,"('Open loop due to engine load OR fuel cut due to deceleration', '')",25.88235294117647,90,0.0,12.5,34,807.5,14.0,4.5,51,14.901960784313726,"((), (False, False, False, False), (False, False, True, True))",0.87,0.13,India OBD II (IOBD II),2606.0,10000000000001011010000000000001,0.0,0.0,255.0,32802.0,100,01101010110100000000000000000000,13.64,19.607843137254903,5.098039215686274,15.294117647058824,14.901960784313726,7.450980392156863,6.2745098039215685
1738913981.1081226,<obd.OBDResponse.Status object at 0x7f06aff32f10>,"('Open loop due to engine load OR fuel cut due to deceleration', '')",45.88235294117647,90,0.0,10.15625,55,1115.5,14.0,5.0,51,19.215686274509803,"((), (False, False, False, False), (False, False, True, True))",0.82,0.145,India OBD II (IOBD II),2608.0,10000000000001011010000000000001,0.0,0.0,255.0,32802.0,100,01101010110100000000000000000000,13.593,36.07843137254902,9.803921568627452,20.0,23.137254901960784,10.980392156862745,12.549019607843137
1738913983.6459644,<obd.OBDResponse.Status object at 0x7f06b0744b50>,"('Closed loop, using oxygen sensor feedback to determine fuel mix', '')",45.88235294117647,90,0.78125,9.375,53,1524.5,19.0,19.5,51,20.0,"((), (False, False, False, False), (False, False, True, True))",0.085,0.795,India OBD II (IOBD II),2611.0,10000000000001011010000000000001,0.0,0.0,255.0,32802.0,100,01101010110100000000000000000000,13.735,30.588235294117645,10.196078431372548,20.392156862745097,24.313725490196077,11.764705882352942,13.333333333333334
1738913986.1961265,<obd.OBDResponse.Status object at 0x7f06b076cf90>,"('Closed loop, using oxygen sensor feedback to determine fuel mix', '')",34.509803921568626,90,1.5625,9.375,32,1946.5,24.0,-2.5,51,18.03921568627451,"((), (False, False, False, False), (False, False, True, True))",0.8,0.79,India OBD II (IOBD II),2613.0,10000000000001011010000000000001,0.0,0.0,255.0,32802.0,100,01101010110100000000000000000000,13.735,15.294117647058822,5.882352941176471,16.07843137254902,14.901960784313726,7.450980392156863,7.8431372549019605
1738913988.7397733,<obd.OBDResponse.Status object at 0x7f06b0781d90>,"('Open loop due to engine load OR fuel cut due to deceleration', '')",20.784313725490197,90,0.0,13.28125,28,944.0,26.0,-2.5,51,14.901960784313726,"((), (False, False, False, False), (False, False, True, True))",0.89,0.75,India OBD II (IOBD II),2616.0,10000000000001011010000000000001,0.0,0.0,255.0,32802.0,100,01101010110100000000000000000000,13.688,15.294117647058822,4.705882352941177,14.509803921568627,16.07843137254902,7.450980392156863,5.882352941176471
1738913991.2779121,<obd.OBDResponse.Status object at 0x7f06affb6a50>,"('Closed loop, using oxygen sensor feedback to determine fuel mix', '')",19.607843137254903,90,-3.125,14.84375,27,784.0,26.0,3.5,51,13.72549019607843,"((), (False, False, False, False), (False, False, True, True))",0.87,0.745,India OBD II (IOBD II),2618.0,10000000000001011010000000000001,0.0,0.0,255.0,32802.0,100,01101010110100000000000000000000,13.735,15.294117647058822,4.313725490196078,14.509803921568627,14.901960784313726,7.450980392156863,6.2745098039215685
1738913993.8276758,<obd.OBDResponse.Status object at 0x7f06afeb4450>,"('Closed loop, using oxygen sensor feedback to determine fuel mix', '')",29.019607843137255,90,-2.34375,12.5,36,796.0,20.0,4.5,51,15.294117647058824,"((), (False, False, False, False), (False, False, True, True))",0.085,0.74,India OBD II (IOBD II),2621.0,10000000000001011010000000000001,0.0,0.0,255.0,32802.0,100,01101010110100000000000000000000,13.523,20.0,5.098039215686274,15.294117647058824,14.901960784313726,7.450980392156863,6.666666666666667
1738913996.3654706,<obd.OBDResponse.Status object at 0x7f06aff21250>,"('Closed loop, using oxygen sensor feedback to determine fuel mix', '')",26.274509803921568,90,2.34375,12.5,34,805.0,16.0,7.5,51,14.901960784313726,"((), (False, False, False, False), (False, False, True, True))",0.35,0.73,India OBD II (IOBD II),2623.0,10000000000001011010000000000001,0.0,0.0,255.0,32802.0,100,01101010110100000000000000000000,13.664,19.607843137254903,5.098039215686274,15.294117647058824,14.901960784313726,7.450980392156863,6.666666666666667
1738913998.90952,<obd.OBDResponse.Status object at 0x7f06aff2add0>,"('Closed loop, using oxygen sensor feedback to determine fuel mix', '')",26.666666666666668,90,-0.78125,12.5,34,796.5,13.0,8.0,51,14.901960784313726,"((), (False, False, False, False), (False, False, True, True))",0.09,0.725,India OBD II (IOBD II),2626.0,10000000000001011010000000000001,0.0,0.0,255.0,32802.0,100,01101010110100000000000000000000,13.64,20.0,5.098039215686274,15.294117647058824,14.901960784313726,7.450980392156863,6.666666666666667
1738914001.4592972,<obd.OBDResponse.Status object at 0x7f06aff2ed10>,"('Closed loop, using oxygen sensor feedback to determine fuel mix', '')",26.666666666666668,90,3.90625,12.5,35,806.5,9.0,9.5,51,15.294117647058824,"((), (False, False, False, False), (False, False, True, True))",0.805,0.72,India OBD II (IOBD II),2629.0,10000000000001011010000000000001,0.0,0.0,255.0,32802.0,100,01101010110100000000000000000000,13.57,20.784313725490197,5.098039215686274,15.686274509803921,14.901960784313726,7.450980392156863,6.666666666666667
1738914003.997257,<obd.OBDResponse.Status object at 0x7f06b0779910>,"('Closed loop, using oxygen sensor feedback to determine fuel mix', '')",26.274509803921568,90,2.34375,12.5,34,828.0,5.0,4.5,51,14.901960784313726,"((), (False, False, False, False), (False, False, True, True))",0.115,0.715,India OBD II (IOBD II),2631.0,10000000000001011010000000000001,0.0,0.0,255.0,32802.0,100,01101010110100000000000000000000,13.358,19.607843137254903,5.098039215686274,15.294117647058824,14.901960784313726,7.450980392156863,6.666666666666667
1738914006.5588841,<obd.OBDResponse.Status object at 0x7f06aff29610>,"('Closed loop, using oxygen sensor feedback to determine fuel mix', '')",34.90196078431372,90,0.0,10.9375,45,605.0,3.0,10.5,51,13.333333333333334,"((), (False, False, False, False), (False, False, True, True))",0.12,0.7,India OBD II (IOBD II),2634.0,10000000000001011010000000000001,0.0,0.0,255.0,32802.0,100,01101010110100000000000000000000,13.169,23.92156862745098,4.705882352941177,14.901960784313726,14.901960784313726,7.450980392156863,5.882352941176471
1738914009.1148832,<obd.OBDResponse.Status object at 0x7f06b0740850>,"('Closed loop, using oxygen sensor feedback to determine fuel mix', '')",25.49019607843137,90,-2.34375,12.5,33,789.0,2.0,21.0,51,14.901960784313726,"((), (False, False, False, False), (False, False, True, True))",0.1,0.705,India OBD II (IOBD II),2636.0,10000000000001011010000000000001,0.0,0.0,255.0,32802.0,100,01101010110100000000000000000000,13.476,22.352941176470587,5.098039215686274,15.294117647058824,14.901960784313726,7.450980392156863,6.666666666666667
1738914011.6587284,<obd.OBDResponse.Status object at 0x7f06b0730590>,"('Closed loop, using oxygen sensor feedback to determine fuel mix', '')",27.058823529411764,90,1.5625,12.5,36,776.0,1.0,12.0,51,15.686274509803921,"((), (False, False, False, False), (False, False, True, True))",0.085,0.71,India OBD II (IOBD II),2639.0,10000000000001011010000000000001,0.0,0.0,255.0,32802.0,100,01101010110100000000000000000000,13.523,20.784313725490197,5.098039215686274,15.294117647058824,14.901960784313726,7.450980392156863,7.0588235294117645
1738914014.2265248,<obd.OBDResponse.Status object at 0x7f06affb5910>,"('Closed loop, using oxygen sensor feedback to determine fuel mix', '')",27.45098039215686,90,1.5625,12.5,36,773.5,1.0,11.0,51,15.686274509803921,"((), (False, False, False, False), (False, False, True, True))",0.78,0.705,India OBD II (IOBD II),2641.0,10000000000001011010000000000001,0.0,0.0,255.0,32802.0,100,01101010110100000000000000000000,13.688,21.56862745098039,5.490196078431373,15.686274509803921,14.901960784313726,7.450980392156863,7.0588235294117645
1738914016.7705355,<obd.OBDResponse.Status object at 0x7f06b00fc710>,"('Closed loop, using oxygen sensor feedback to determine fuel mix', '')",21.96078431372549,90,1.5625,14.0625,29,835.5,0.0,-1.0,51,14.117647058823529,"((), (False, False, False, False), (False, False, True, True))",0.87,0.695,India OBD II (IOBD II),2644.0,10000000000001011010000000000001,0.0,0.0,255.0,32802.0,100,01101010110100000000000000000000,13.711,14.509803921568627,3.9215686274509802,14.117647058823529,14.901960784313726,7.450980392156863,5.098039215686274
